date,site,ET_mm_per_day,LE_Wm2
2018-01-01,Oran,0.6385000000000001,18.107860000000002
2018-01-02,Oran,0.5298,15.025128
2018-01-03,Oran,0.29635,8.404486
2018-01-04,Oran,0.42255,11.983517999999998
2018-01-05,Oran,0.4982,14.128951999999998
2018-01-06,Oran,0.13075,3.70807
2018-01-07,Oran,0.5944,16.857184
2018-01-08,Oran,0.61145,17.340722
2018-01-09,Oran,0.43405,12.309657999999999
2018-01-10,Oran,0.3118,8.842648
2018-01-11,Oran,0.45355,12.862678
2018-01-12,Oran,0.61345,17.397442
2018-01-13,Oran,0.4477,12.696772
2018-01-14,Oran,0.37585,10.659106
2018-01-15,Oran,0.5688500000000001,16.132586000000003
2018-01-16,Oran,0.6516500000000001,18.480794000000003
2018-01-17,Oran,0.5866,16.635976
2018-01-18,Oran,0.5920000000000001,16.78912
2018-01-19,Oran,0.63565,18.027034
2018-01-20,Oran,0.64735,18.358846
2018-01-21,Oran,0.5937,16.837332
2018-01-22,Oran,0.5702,16.170872
2018-01-23,Oran,0.5377000000000001,15.249172000000002
2018-01-24,Oran,0.63195,17.922102
2018-01-25,Oran,0.46005,13.047018
2018-01-26,Oran,0.31175,8.841230000000001
2018-01-27,Oran,0.5766,16.352376
2018-01-28,Oran,0.2136,6.057696
2018-01-29,Oran,0.66815,18.948734
2018-01-30,Oran,0.7071500000000001,20.054774000000002
2018-01-31,Oran,0.79725,22.61001
2018-02-01,Oran,0.5637,15.986531999999999
2018-02-02,Oran,0.7269,20.614884
2018-02-03,Oran,0.97585,27.675106
2018-02-04,Oran,0.45785,12.984625999999999
2018-02-05,Oran,0.15325,4.34617
2018-02-06,Oran,0.22385,6.348386
2018-02-07,Oran,0.88895,25.210622
2018-02-08,Oran,0.8876000000000001,25.172336
2018-02-09,Oran,0.93075,26.396069999999998
2018-02-10,Oran,0.77415,21.954894
2018-02-11,Oran,1.13675,32.238229999999994
2018-02-12,Oran,0.4012,11.378032
2018-02-13,Oran,1.1811,33.495996
2018-02-14,Oran,0.8686,24.633496
2018-02-15,Oran,1.2219,34.653084
2018-02-16,Oran,1.1766,33.368376000000005
2018-02-17,Oran,1.0519,29.831884000000002
2018-02-18,Oran,0.6917,19.616612
2018-02-19,Oran,1.3646,38.700056000000004
2018-02-20,Oran,1.12115,31.795814000000004
2018-02-21,Oran,1.04695,29.691502
2018-02-22,Oran,1.03235,29.277446
2018-02-23,Oran,1.15025,32.62109
2018-02-24,Oran,1.0822,30.691192
2018-02-25,Oran,1.1584,32.852224
2018-02-26,Oran,1.3438,38.110168
2018-02-27,Oran,0.10295,2.9196619999999998
2018-02-28,Oran,0.6389,18.119204
2018-03-01,Oran,0.7104,20.146944
2018-03-02,Oran,0.36735,10.418046
2018-03-03,Oran,1.13405,32.161658
2018-03-04,Oran,0.88815,25.187934
2018-03-05,Oran,0.86445,24.515802
2018-03-06,Oran,1.02055,28.942798
2018-03-07,Oran,1.6605500000000002,47.093198
2018-03-08,Oran,0.99945,28.344402
2018-03-09,Oran,1.9231,54.539116
2018-03-10,Oran,1.2541,35.566276
2018-03-11,Oran,0.9872,27.996992
2018-03-12,Oran,1.5229,43.189443999999995
2018-03-13,Oran,1.55055,43.973598
2018-03-14,Oran,0.8679,24.613644
2018-03-15,Oran,1.0836,30.730895999999998
2018-03-16,Oran,1.22845,34.838842
2018-03-17,Oran,0.7262500000000001,20.59645
2018-03-18,Oran,1.128,31.990079999999995
2018-03-19,Oran,0.9328,26.454207999999998
2018-03-20,Oran,0.7999,22.685164
2018-03-21,Oran,1.7029,48.294244
2018-03-22,Oran,1.58675,45.00023
2018-03-23,Oran,1.32,37.4352
2018-03-24,Oran,0.84785,24.045026
2018-03-25,Oran,0.98605,27.964378
2018-03-26,Oran,1.3686,38.813496
2018-03-27,Oran,2.18105,61.854578
2018-03-28,Oran,2.26525,64.24249
2018-03-29,Oran,1.89395,53.712422
2018-03-30,Oran,0.6434000000000001,18.246824000000004
2018-03-31,Oran,1.3572,38.490192
2018-04-01,Oran,2.0464,58.035904
2018-04-02,Oran,1.5617500000000002,44.291230000000006
2018-04-03,Oran,1.7593,49.893748
2018-04-04,Oran,0.9277,26.309572
2018-04-05,Oran,1.95055,55.317598
2018-04-06,Oran,1.21955,34.586437999999994
2018-04-07,Oran,0.3957,11.222052
2018-04-08,Oran,1.6386500000000002,46.472114000000005
2018-04-09,Oran,1.9248,54.587328
2018-04-10,Oran,0.48355,13.713477999999999
2018-04-11,Oran,0.79445,22.530602
2018-04-12,Oran,1.65005,46.795418
2018-04-13,Oran,2.1077,59.774372
2018-04-14,Oran,2.8404000000000003,80.55374400000001
2018-04-15,Oran,2.59025,73.45949
2018-04-16,Oran,2.0483,58.08978799999999
2018-04-17,Oran,3.1265500000000004,88.668958
2018-04-18,Oran,3.0719000000000003,87.119084
2018-04-19,Oran,2.33985,66.358146
2018-04-20,Oran,1.2495,35.43582
2018-04-21,Oran,1.6375000000000002,46.4395
2018-04-22,Oran,1.8064,51.229504
2018-04-23,Oran,2.03795,57.796262
2018-04-24,Oran,1.91335,54.262606000000005
2018-04-25,Oran,1.2868,36.493648
2018-04-26,Oran,1.69745,48.13968199999999
2018-04-27,Oran,1.45785,41.344626000000005
2018-04-28,Oran,1.149,32.58564
2018-04-29,Oran,0.8036000000000001,22.790096000000002
2018-04-30,Oran,0.65485,18.571546
2018-05-01,Oran,1.46455,41.534638
2018-05-02,Oran,1.39555,39.577798
2018-05-03,Oran,1.4391500000000002,40.814294000000004
2018-05-04,Oran,1.6953,48.078708
2018-05-05,Oran,1.3059500000000002,37.036742000000004
2018-05-06,Oran,1.5294500000000002,43.375202
2018-05-07,Oran,1.4099000000000002,39.984764000000006
2018-05-08,Oran,1.194,33.86184
2018-05-09,Oran,1.33395,37.830822
2018-05-10,Oran,0.9978,28.297608
2018-05-11,Oran,2.9733,84.322788
2018-05-12,Oran,2.59545,73.606962
2018-05-13,Oran,2.1174,60.049464
2018-05-14,Oran,1.64485,46.647946
2018-05-15,Oran,1.77035,50.207126
2018-05-16,Oran,1.4071,39.905356
2018-05-17,Oran,1.16845,33.137242
2018-05-18,Oran,0.99935,28.341565999999997
2018-05-19,Oran,1.02095,28.954142
2018-05-20,Oran,0.91665,25.996194
2018-05-21,Oran,0.8047500000000001,22.82271
2018-05-22,Oran,0.92105,26.120978
2018-05-23,Oran,0.81045,22.984362
2018-05-24,Oran,0.6356,18.025616
2018-05-25,Oran,0.55635,15.778086
2018-05-26,Oran,1.2802,36.306472
2018-05-27,Oran,0.5056,14.338816000000001
2018-05-28,Oran,2.52325,71.55937
2018-05-29,Oran,1.5082000000000002,42.772552000000005
2018-05-30,Oran,2.5605,72.61578
2018-05-31,Oran,3.3467,94.91241199999999
2018-06-01,Oran,2.91025,82.53469
2018-06-02,Oran,0.994,28.18984
2018-06-03,Oran,3.32295,94.238862
2018-06-04,Oran,3.61545,102.534162
2018-06-05,Oran,2.6261,74.476196
2018-06-06,Oran,1.30935,37.133166
2018-06-07,Oran,3.4515,97.88453999999999
2018-06-08,Oran,2.66765,75.654554
2018-06-09,Oran,2.1753500000000003,61.69292600000001
2018-06-10,Oran,3.4189000000000003,96.96000400000001
2018-06-11,Oran,3.1233500000000003,88.57820600000001
2018-06-12,Oran,4.03885,114.541786
2018-06-13,Oran,3.61115,102.41221399999999
2018-06-14,Oran,3.51195,99.598902
2018-06-15,Oran,3.5414000000000003,100.434104
2018-06-16,Oran,2.89245,82.029882
2018-06-17,Oran,3.1079000000000003,88.140044
2018-06-18,Oran,2.8286,80.219096
2018-06-19,Oran,2.2828500000000003,64.74162600000001
2018-06-20,Oran,2.19125,62.14385
2018-06-21,Oran,2.0383,57.806188
2018-06-22,Oran,1.98525,56.30169
2018-06-23,Oran,1.68285,47.725626
2018-06-24,Oran,1.52655,43.292958
2018-06-25,Oran,1.19385,33.857586000000005
2018-06-26,Oran,1.126,31.933359999999997
2018-06-27,Oran,1.26825,35.96757
2018-06-28,Oran,1.0444,29.619184
2018-06-29,Oran,0.7833,22.214388
2018-06-30,Oran,0.8069500000000001,22.885102
2018-07-01,Oran,0.66505,18.860818000000002
2018-07-02,Oran,0.5356000000000001,15.189616000000003
2018-07-03,Oran,0.42695,12.108302
2018-07-04,Oran,0.3548,10.062128
2018-07-05,Oran,0.32615,9.249614
2018-07-06,Oran,0.17305,4.907698
2018-07-07,Oran,0.1662,4.713431999999999
2018-07-08,Oran,0.21635,6.135686
2018-07-09,Oran,0.2606,7.390616
2018-07-10,Oran,0.239,6.77804
2018-07-11,Oran,0.1891,5.362876
2018-07-12,Oran,0.206,5.84216
2018-07-13,Oran,0.1706,4.838216
2018-07-14,Oran,0.2185,6.19666
2018-07-15,Oran,0.18495,5.245182
2018-07-16,Oran,0.1457,4.132052
2018-07-17,Oran,0.1692,4.798512
2018-07-18,Oran,0.2066,5.859176
2018-07-19,Oran,0.2184,6.193824
2018-07-20,Oran,0.1913,5.425268
2018-07-21,Oran,0.19925,5.65073
2018-07-22,Oran,0.17535,4.972926
2018-07-23,Oran,0.02135,0.605486
2018-07-24,Oran,0.02695,0.764302
2018-07-25,Oran,0.0279,0.7912440000000001
2018-07-26,Oran,0.0298,0.845128
2018-07-27,Oran,0.02815,0.798334
2018-07-28,Oran,0.0295,0.8366199999999999
2018-07-29,Oran,0.0278,0.7884079999999999
2018-07-30,Oran,0.0326,0.9245359999999999
2018-07-31,Oran,0.03075,0.87207
2018-08-01,Oran,0.027,0.76572
2018-08-02,Oran,0.0292,0.828112
2018-08-03,Oran,0.01585,0.44950599999999996
2018-08-04,Oran,0.0323,0.9160280000000001
2018-08-05,Oran,0.01465,0.415474
2018-08-06,Oran,0.01685,0.477866
2018-08-07,Oran,0.02515,0.7132539999999999
2018-08-08,Oran,0.11235,3.186246
2018-08-09,Oran,0.6526000000000001,18.507736
2018-08-10,Oran,0.2422,6.868792
2018-08-11,Oran,0.468,13.27248
2018-08-12,Oran,0.4936,13.998496
2018-08-13,Oran,0.9655,27.38158
2018-08-14,Oran,0.6431,18.238316
2018-08-15,Oran,0.14995,4.252582
2018-08-16,Oran,0.415,11.7694
2018-08-17,Oran,1.02725,29.13281
2018-08-18,Oran,1.37175,38.90283
2018-08-19,Oran,1.8942,53.719512
2018-08-20,Oran,2.09165,59.319193999999996
2018-08-21,Oran,1.4241,40.387476
2018-08-22,Oran,1.01325,28.73577
2018-08-23,Oran,0.7797000000000001,22.112292
2018-08-24,Oran,0.7982,22.636952
2018-08-25,Oran,0.4995,14.16582
2018-08-26,Oran,0.3576,10.141535999999999
2018-08-27,Oran,0.3263,9.253867999999999
2018-08-28,Oran,0.14045,3.9831619999999996
2018-08-29,Oran,0.59435,16.855766000000003
2018-08-30,Oran,0.49305,13.982897999999999
2018-08-31,Oran,0.6293500000000001,17.848366000000002
2018-09-01,Oran,0.43485,12.332346
2018-09-02,Oran,0.3868,10.969648
2018-09-03,Oran,0.1636,4.639696
2018-09-04,Oran,1.57245,44.594682
2018-09-05,Oran,1.4016,39.749376
2018-09-06,Oran,0.8615,24.43214
2018-09-07,Oran,0.4169,11.823284
2018-09-08,Oran,0.1137,3.224532
2018-09-09,Oran,0.4845,13.740419999999999
2018-09-10,Oran,1.7467,49.536412
2018-09-11,Oran,0.7942,22.523512
2018-09-12,Oran,1.78275,50.55879
2018-09-13,Oran,2.7235,77.23846
2018-09-14,Oran,1.96125,55.62105
2018-09-15,Oran,0.5514,15.637704
2018-09-16,Oran,2.6532,75.244752
2018-09-17,Oran,1.4468,41.031248000000005
2018-09-18,Oran,2.03385,57.67998600000001
2018-09-19,Oran,2.3815500000000003,67.54075800000001
2018-09-20,Oran,2.5115000000000003,71.22614
2018-09-21,Oran,2.6226000000000003,74.376936
2018-09-22,Oran,2.28945,64.928802
2018-09-23,Oran,1.96185,55.638066
2018-09-24,Oran,1.64405,46.625258
2018-09-25,Oran,0.9053,25.674308
2018-09-26,Oran,0.4902,13.902072
2018-09-27,Oran,0.83775,23.758589999999998
2018-09-28,Oran,1.0788,30.594768
2018-09-29,Oran,1.07295,30.428862000000002
2018-09-30,Oran,1.0161,28.816596
2018-10-01,Oran,0.8214,23.294904
2018-10-02,Oran,0.7856500000000001,22.281034000000002
2018-10-03,Oran,0.6748000000000001,19.137328
2018-10-04,Oran,0.60455,17.145038
2018-10-05,Oran,0.5095500000000001,14.450838000000001
2018-10-06,Oran,0.55095,15.624942
2018-10-07,Oran,0.4745,13.456819999999999
2018-10-08,Oran,0.38885,11.027785999999999
2018-10-09,Oran,0.10435,2.9593659999999997
2018-10-10,Oran,0.5108,14.486288
2018-10-11,Oran,0.33365,9.462314
2018-10-12,Oran,0.5856,16.607616
2018-10-13,Oran,0.49345,13.994242
2018-10-14,Oran,0.19735,5.596846
2018-10-15,Oran,0.6166,17.486776
2018-10-16,Oran,0.66115,18.750214
2018-10-17,Oran,0.8026000000000001,22.761736000000003
2018-10-18,Oran,0.22895,6.493022
2018-10-19,Oran,0.4584,13.000224
2018-10-20,Oran,0.5447500000000001,15.449110000000001
2018-10-21,Oran,0.76165,21.600394
2018-10-22,Oran,1.13305,32.133297999999996
2018-10-23,Oran,1.04585,29.660306
2018-10-24,Oran,1.24825,35.40037
2018-10-25,Oran,1.2135,34.41486
2018-10-26,Oran,0.685,19.4266
2018-10-27,Oran,0.29175,8.27403
2018-10-28,Oran,0.64845,18.390041999999998
2018-10-29,Oran,0.4823,13.678028
2018-10-30,Oran,0.10925,3.09833
2018-10-31,Oran,0.3964,11.241904
2018-11-01,Oran,0.92145,26.132322
2018-11-02,Oran,0.57855,16.407678
2018-11-03,Oran,1.13925,32.30913
2018-11-04,Oran,1.1368,32.239648
2018-11-05,Oran,0.21,5.9556
2018-11-06,Oran,0.61005,17.301018
2018-11-07,Oran,0.71165,20.182394
2018-11-08,Oran,0.67035,19.011126
2018-11-09,Oran,0.70175,19.90163
2018-11-10,Oran,0.882,25.01352
2018-11-11,Oran,1.04435,29.617765999999996
2018-11-12,Oran,0.8522000000000001,24.168392
2018-11-13,Oran,0.40365,11.447514
2018-11-14,Oran,0.3465,9.82674
2018-11-15,Oran,0.23435,6.646166
2018-11-16,Oran,0.4007,11.363852
2018-11-17,Oran,0.50255,14.252318
2018-11-18,Oran,0.2227,6.315772
2018-11-19,Oran,0.2788,7.906768
2018-11-20,Oran,0.48115,13.645414
2018-11-21,Oran,0.57225,16.229010000000002
2018-11-22,Oran,0.4727,13.405772
2018-11-23,Oran,0.39425,11.18093
2018-11-24,Oran,0.88515,25.102854
2018-11-25,Oran,0.8184,23.209824
2018-11-26,Oran,0.6875000000000001,19.497500000000002
2018-11-27,Oran,0.96495,27.365982
2018-11-28,Oran,1.1419,32.384283999999994
2018-11-29,Oran,1.07325,30.43737
2018-11-30,Oran,0.6878500000000001,19.507426000000002
2018-12-01,Oran,0.8205,23.269379999999998
2018-12-02,Oran,0.8852500000000001,25.105690000000003
2018-12-03,Oran,0.94445,26.784602
2018-12-04,Oran,1.00475,28.49471
2018-12-05,Oran,1.0113,28.680468
2018-12-06,Oran,0.8681000000000001,24.619316
2018-12-07,Oran,0.75445,21.396202
2018-12-08,Oran,0.6998,19.846328
2018-12-09,Oran,0.8552000000000001,24.253472000000002
2018-12-10,Oran,0.8396,23.811056
2018-12-11,Oran,0.755,21.4118
2018-12-12,Oran,0.6162000000000001,17.475432
2018-12-13,Oran,0.18285,5.185626
2018-12-14,Oran,0.61105,17.329378
2018-12-15,Oran,0.7259,20.586524
2018-12-16,Oran,0.5457500000000001,15.477470000000002
2018-12-17,Oran,0.7210500000000001,20.448978
2018-12-18,Oran,0.6441,18.266676
2018-12-19,Oran,0.55745,15.809282
2018-12-20,Oran,0.4717,13.377412
2018-12-21,Oran,0.3836,10.878896
2018-12-22,Oran,0.35825,10.15997
2018-12-23,Oran,0.6717500000000001,19.05083
2018-12-24,Oran,0.7465,21.170740000000002
2018-12-25,Oran,0.60585,17.181905999999998
2018-12-26,Oran,0.63265,17.941954000000003
2018-12-27,Oran,0.6475000000000001,18.363100000000003
2018-12-28,Oran,0.4895,13.88222
2018-12-29,Oran,0.4148,11.763728
2018-12-30,Oran,0.6072000000000001,17.220192
2018-12-31,Oran,0.7675000000000001,21.7663
2019-01-01,Oran,0.7165,20.31994
2019-01-02,Oran,0.65595,18.602742
2019-01-03,Oran,0.48865,13.858113999999999
2019-01-04,Oran,0.5155500000000001,14.620998000000002
2019-01-05,Oran,0.562,15.938320000000001
2019-01-06,Oran,0.69525,19.717290000000002
2019-01-07,Oran,0.62185,17.635666
2019-01-08,Oran,0.5366500000000001,15.219394000000001
2019-01-09,Oran,0.55425,15.71853
2019-01-10,Oran,0.4661,13.218596
2019-01-11,Oran,0.4475,12.6911
2019-01-12,Oran,0.46435,13.168966
2019-01-13,Oran,0.40215,11.404974
2019-01-14,Oran,0.5253,14.897508
2019-01-15,Oran,0.5563,15.776668
2019-01-16,Oran,0.4459,12.645724
2019-01-17,Oran,0.2515,7.13254
2019-01-18,Oran,0.37925,10.755529999999998
2019-01-19,Oran,0.35,9.925999999999998
2019-01-20,Oran,0.15845,4.493642
2019-01-21,Oran,0.4219,11.965084
2019-01-22,Oran,0.25105,7.119778
2019-01-23,Oran,0.279,7.91244
2019-01-24,Oran,0.2781,7.886916
2019-01-25,Oran,0.483,13.69788
2019-01-26,Oran,0.6185,17.540660000000003
2019-01-27,Oran,0.34195,9.697702
2019-01-28,Oran,0.3896,11.049056
2019-01-29,Oran,0.2401,6.809236
2019-01-30,Oran,0.27915,7.916694
2019-01-31,Oran,0.2591,7.348076
2019-02-01,Oran,0.33645,9.541722
2019-02-02,Oran,0.52695,14.944302
2019-02-03,Oran,0.6042000000000001,17.135112000000003
2019-02-04,Oran,0.75005,21.271418
2019-02-05,Oran,0.8208500000000001,23.279306000000002
2019-02-06,Oran,0.8677,24.607972
2019-02-07,Oran,0.7774500000000001,22.048482000000003
2019-02-08,Oran,0.8232,23.345952
2019-02-09,Oran,0.7626000000000001,21.627336
2019-02-10,Oran,0.3476,9.857936
2019-02-11,Oran,0.48925,13.87513
2019-02-12,Oran,0.5255,14.903179999999999
2019-02-13,Oran,0.5702,16.170872
2019-02-14,Oran,0.4339,12.305404
2019-02-15,Oran,0.43085,12.218906
2019-02-16,Oran,0.4921,13.955955999999999
2019-02-17,Oran,0.50725,14.38561
2019-02-18,Oran,0.4262,12.087032
2019-02-19,Oran,0.52685,14.941466
2019-02-20,Oran,0.5437500000000001,15.420750000000002
2019-02-21,Oran,0.5479,15.538444000000002
2019-02-22,Oran,0.7054,20.005144
2019-02-23,Oran,0.58985,16.728146
2019-02-24,Oran,0.4809,13.638323999999999
2019-02-25,Oran,0.60575,17.17907
2019-02-26,Oran,0.5890500000000001,16.705458
2019-02-27,Oran,0.6798000000000001,19.279128
2019-02-28,Oran,0.59125,16.767850000000003
2019-03-01,Oran,0.6031500000000001,17.105334000000003
2019-03-02,Oran,0.53895,15.284622
2019-03-03,Oran,0.64065,18.168834
2019-03-04,Oran,0.29455,8.353437999999999
2019-03-05,Oran,0.1746,4.951656
2019-03-06,Oran,0.24135,6.844686
2019-03-07,Oran,0.4258,12.075688
2019-03-08,Oran,0.38655,10.962558
2019-03-09,Oran,0.6787000000000001,19.247932000000002
2019-03-10,Oran,0.6866500000000001,19.473394000000003
2019-03-11,Oran,0.69745,19.779682
2019-03-12,Oran,0.5456,15.473215999999999
2019-03-13,Oran,0.32185,9.127666000000001
2019-03-14,Oran,0.4684,13.283824
2019-03-15,Oran,0.57675,16.35663
2019-03-16,Oran,0.5579500000000001,15.823462000000001
2019-03-17,Oran,0.45245,12.831482000000001
2019-03-18,Oran,0.3485,9.88346
2019-03-19,Oran,0.22865,6.484514
2019-03-20,Oran,0.1894,5.371384
2019-03-21,Oran,0.33855,9.601278
2019-03-22,Oran,0.337,9.55732
2019-03-23,Oran,0.19055,5.403998
2019-03-24,Oran,0.394,11.17384
2019-03-25,Oran,0.5518500000000001,15.650466000000002
2019-03-26,Oran,0.3048,8.644128
2019-03-27,Oran,0.3588,10.175568
2019-03-28,Oran,0.3707,10.513051999999998
2019-03-29,Oran,0.27005,7.658618000000001
2019-03-30,Oran,0.3095,8.77742
2019-03-31,Oran,0.041,1.16276
2019-04-01,Oran,1.0588,30.027568
2019-04-02,Oran,1.58975,45.08531
2019-04-03,Oran,2.1463,60.869068
2019-04-04,Oran,2.1507,60.993852
2019-04-05,Oran,0.5810000000000001,16.47716
2019-04-06,Oran,0.9613,27.262468000000002
2019-04-07,Oran,1.2389,35.135203999999995
2019-04-08,Oran,1.1161,31.652596000000003
2019-04-09,Oran,1.2193500000000002,34.580766000000004
2019-04-10,Oran,0.86155,24.433558
2019-04-11,Oran,2.00435,56.843366
2019-04-12,Oran,1.7867,50.670812
2019-04-13,Oran,2.0421,57.913956
2019-04-14,Oran,1.95215,55.362974
2019-04-15,Oran,1.6989500000000002,48.182222
2019-04-16,Oran,1.74485,49.483945999999996
2019-04-17,Oran,0.8403,23.830908
2019-04-18,Oran,0.11,3.1196
2019-04-19,Oran,0.27505,7.8004180000000005
2019-04-20,Oran,0.281,7.9691600000000005
2019-04-21,Oran,0.30595,8.676741999999999
2019-04-22,Oran,1.22605,34.770778
2019-04-23,Oran,1.18095,33.491741999999995
2019-04-24,Oran,3.03865,86.176114
2019-04-25,Oran,1.15575,32.77707
2019-04-26,Oran,3.1611,89.64879599999999
2019-04-27,Oran,3.71105,105.245378
2019-04-28,Oran,3.77285,106.998026
2019-04-29,Oran,3.5714,101.284904
2019-04-30,Oran,3.4241,97.107476
2019-05-01,Oran,1.86945,53.017602000000004
2019-05-02,Oran,3.1904000000000003,90.47974400000001
2019-05-03,Oran,2.26725,64.29921
2019-05-04,Oran,3.4560500000000003,98.01357800000001
2019-05-05,Oran,3.4524000000000004,97.910064
2019-05-06,Oran,3.28365,93.124314
2019-05-07,Oran,3.23135,91.641086
2019-05-08,Oran,1.9214,54.490904
2019-05-09,Oran,1.5656,44.400416
2019-05-10,Oran,2.5849,73.307764
2019-05-11,Oran,2.89915,82.219894
2019-05-12,Oran,2.70665,76.760594
2019-05-13,Oran,2.40615,68.23841399999999
2019-05-14,Oran,2.3215,65.83774
2019-05-15,Oran,2.60025,73.74309
2019-05-16,Oran,1.97875,56.11735
2019-05-17,Oran,1.2181,34.545316
2019-05-18,Oran,1.26415,35.851294
2019-05-19,Oran,1.44485,40.975946
2019-05-20,Oran,1.6168,45.852448
2019-05-21,Oran,1.32,37.4352
2019-05-22,Oran,2.141,60.718759999999996
2019-05-23,Oran,1.59985,45.371746
2019-05-24,Oran,0.7732000000000001,21.927952
2019-05-25,Oran,2.4158500000000003,68.513506
2019-05-26,Oran,2.95675,83.85343
2019-05-27,Oran,2.5274,71.677064
2019-05-28,Oran,2.25,63.81
2019-05-29,Oran,2.01295,57.087262
2019-05-30,Oran,1.7798500000000002,50.476546000000006
2019-05-31,Oran,1.68795,47.870262000000004
2019-06-01,Oran,1.2321,34.942356
2019-06-02,Oran,0.9908,28.099088
2019-06-03,Oran,0.7514000000000001,21.309704
2019-06-04,Oran,0.62805,17.811498
2019-06-05,Oran,0.1942,5.507512
2019-06-06,Oran,0.3325,9.4297
2019-06-07,Oran,0.2725,7.7281
2019-06-08,Oran,0.24615,6.9808140000000005
2019-06-09,Oran,0.43035,12.204726
2019-06-10,Oran,0.25925,7.352329999999999
2019-06-11,Oran,0.21115,5.988214
2019-06-12,Oran,0.198,5.61528
2019-06-13,Oran,0.1892,5.365712
2019-06-14,Oran,0.42215,11.972174
2019-06-15,Oran,1.06925,30.32393
2019-06-16,Oran,0.54535,15.466126
2019-06-17,Oran,0.6229,17.665444
2019-06-18,Oran,0.3195,9.06102
2019-06-19,Oran,0.22405,6.354058
2019-06-20,Oran,0.2328,6.602208
2019-06-21,Oran,0.2203,6.247707999999999
2019-06-22,Oran,0.1804,5.116144
2019-06-23,Oran,0.2017,5.720211999999999
2019-06-24,Oran,0.24065,6.824834
2019-06-25,Oran,0.2195,6.22502
2019-06-26,Oran,0.1877,5.3231720000000005
2019-06-27,Oran,0.16845,4.777241999999999
2019-06-28,Oran,0.21335,6.050606
2019-06-29,Oran,0.26855,7.616078
2019-06-30,Oran,0.23065,6.541233999999999
2019-07-01,Oran,0.18085,5.128906000000001
2019-07-02,Oran,0.14775,4.190189999999999
2019-07-03,Oran,0.1682,4.7701519999999995
2019-07-04,Oran,0.15155,4.2979579999999995
2019-07-05,Oran,0.02255,0.639518
2019-07-06,Oran,0.1485,4.21146
2019-07-07,Oran,0.26155,7.417558
2019-07-08,Oran,0.21955,6.226438
2019-07-09,Oran,1.28945,36.568802
2019-07-10,Oran,0.9789,27.761604
2019-07-11,Oran,0.5977,16.950772
2019-07-12,Oran,0.21055,5.971197999999999
2019-07-13,Oran,0.17165,4.8679939999999995
2019-07-14,Oran,0.01815,0.514734
2019-07-15,Oran,0.02275,0.6451899999999999
2019-07-16,Oran,0.01465,0.415474
2019-07-17,Oran,0.1644,4.662383999999999
2019-07-18,Oran,0.8106500000000001,22.990034
2019-07-19,Oran,0.4345,12.32242
2019-07-20,Oran,0.19,5.3884
2019-07-21,Oran,0.1571,4.455355999999999
2019-07-22,Oran,0.02125,0.60265
2019-07-23,Oran,0.022,0.6239199999999999
2019-07-24,Oran,0.02385,0.6763859999999999
2019-07-25,Oran,0.0238,0.674968
2019-07-26,Oran,0.02145,0.608322
2019-07-27,Oran,0.01595,0.45234199999999997
2019-07-28,Oran,0.0225,0.6381
2019-07-29,Oran,0.02605,0.738778
2019-07-30,Oran,0.0269,0.762884
2019-07-31,Oran,0.0135,0.38286
2019-08-01,Oran,0.025,0.7090000000000001
2019-08-02,Oran,0.2021,5.731556
2019-08-03,Oran,0.0218,0.618248
2019-08-04,Oran,0.03245,0.9202819999999999
2019-08-05,Oran,0.0301,0.853636
2019-08-06,Oran,0.03145,0.891922
2019-08-07,Oran,0.02655,0.752958
2019-08-08,Oran,0.03195,0.906102
2019-08-09,Oran,0.0141,0.399876
2019-08-10,Oran,0.0285,0.80826
2019-08-11,Oran,0.0258,0.731688
2019-08-12,Oran,0.02485,0.704746
2019-08-13,Oran,0.1101,3.122436
2019-08-14,Oran,0.42415,12.028894000000001
2019-08-15,Oran,0.17345,4.919042
2019-08-16,Oran,0.01285,0.364426
2019-08-17,Oran,0.0143,0.405548
2019-08-18,Oran,0.0153,0.43390799999999996
2019-08-19,Oran,0.0134,0.38002400000000003
2019-08-20,Oran,0.00745,0.211282
2019-08-21,Oran,0.0015,0.04254
2019-08-22,Oran,2.50685,71.094266
2019-08-23,Oran,2.24075,63.54766999999999
2019-08-24,Oran,1.8064,51.229504
2019-08-25,Oran,1.1386,32.290696000000004
2019-08-26,Oran,0.3221,9.134756
2019-08-27,Oran,0.84535,23.974126000000002
2019-08-28,Oran,1.31285,37.232426000000004
2019-08-29,Oran,0.7745000000000001,21.964820000000003
2019-08-30,Oran,0.50205,14.238138
2019-08-31,Oran,0.7126,20.209336
2019-09-01,Oran,0.4962,14.072232
2019-09-02,Oran,0.17585,4.987106
2019-09-03,Oran,0.3315,9.401340000000001
2019-09-04,Oran,0.3356,9.517616
2019-09-05,Oran,0.22555,6.396598
2019-09-06,Oran,0.3819,10.830684
2019-09-07,Oran,0.44005,12.479818
2019-09-08,Oran,0.50065,14.198434
2019-09-09,Oran,0.5489,15.566804000000001
2019-09-10,Oran,0.28965,8.214474000000001
2019-09-11,Oran,0.09265,2.627554
2019-09-12,Oran,0.06275,1.77959
2019-09-13,Oran,0.5658500000000001,16.047506000000002
2019-09-14,Oran,0.7974,22.614264
2019-09-15,Oran,1.7851,50.62543599999999
2019-09-16,Oran,2.05035,58.147926
2019-09-17,Oran,2.51135,71.221886
2019-09-18,Oran,2.7756000000000003,78.71601600000001
2019-09-19,Oran,2.47675,70.24063
2019-09-20,Oran,1.413,40.07268
2019-09-21,Oran,1.49455,42.385438
2019-09-22,Oran,1.9142,54.286711999999994
2019-09-23,Oran,2.2710000000000004,64.40556000000001
2019-09-24,Oran,2.6407000000000003,74.890252
2019-09-25,Oran,2.0919000000000003,59.32628400000001
2019-09-26,Oran,2.05355,58.238678
2019-09-27,Oran,2.0539,58.248604
2019-09-28,Oran,1.71815,48.726734
2019-09-29,Oran,1.71465,48.627474
2019-09-30,Oran,1.62745,46.154482
2019-10-01,Oran,1.19975,34.024910000000006
2019-10-02,Oran,1.0579,30.002044
2019-10-03,Oran,0.98515,27.938854
2019-10-04,Oran,1.2090500000000002,34.288658000000005
2019-10-05,Oran,1.0530000000000002,29.863080000000004
2019-10-06,Oran,0.8908,25.263088
2019-10-07,Oran,0.70525,20.000890000000002
2019-10-08,Oran,0.6274500000000001,17.794482000000002
2019-10-09,Oran,0.79825,22.63837
2019-10-10,Oran,0.42935,12.176366
2019-10-11,Oran,0.34585,9.808306
2019-10-12,Oran,0.24165,6.853194
2019-10-13,Oran,0.65235,18.500646
2019-10-14,Oran,0.17515,4.967254
2019-10-15,Oran,0.3144,8.916384
2019-10-16,Oran,0.489,13.868039999999999
2019-10-17,Oran,0.32465,9.207074
2019-10-18,Oran,0.31935,9.056766
2019-10-19,Oran,0.1809,5.130324
2019-10-20,Oran,0.0997,2.827492
2019-10-21,Oran,0.30555,8.665398
2019-10-22,Oran,0.03895,1.104622
2019-10-23,Oran,0.44965,12.752074
2019-10-24,Oran,0.8825000000000001,25.027700000000003
2019-10-25,Oran,1.50795,42.765462
2019-10-26,Oran,1.54345,43.772242
2019-10-27,Oran,1.1436,32.432496
2019-10-28,Oran,1.02945,29.195202
2019-10-29,Oran,1.1345,32.17442
2019-10-30,Oran,1.07055,30.360797999999996
2019-10-31,Oran,0.7305,20.71698
2019-11-01,Oran,0.63065,17.885234
2019-11-02,Oran,0.7008500000000001,19.876106000000004
2019-11-03,Oran,0.6873,19.491828
2019-11-04,Oran,0.63725,18.072409999999998
2019-11-05,Oran,0.40875,11.59215
2019-11-06,Oran,0.6225,17.6541
2019-11-07,Oran,0.3504,9.937344
2019-11-08,Oran,0.466,13.215760000000001
2019-11-09,Oran,0.48245,13.682281999999999
2019-11-10,Oran,0.31345,8.889442
2019-11-11,Oran,0.269,7.62884
2019-11-12,Oran,0.4889,13.865204
2019-11-13,Oran,0.3381,9.588516
2019-11-14,Oran,0.2278,6.460408
2019-11-15,Oran,0.40475,11.47871
2019-11-16,Oran,0.5235500000000001,14.847878000000001
2019-11-17,Oran,0.39475,11.19511
2019-11-18,Oran,0.5456000000000001,15.473216000000003
2019-11-19,Oran,0.7753500000000001,21.988926000000003
2019-11-20,Oran,0.7765500000000001,22.022958000000003
2019-11-21,Oran,0.44335,12.573406
2019-11-22,Oran,0.29955,8.495237999999999
2019-11-23,Oran,0.761,21.58196
2019-11-24,Oran,0.6715500000000001,19.045158
2019-11-25,Oran,0.60085,17.040105999999998
2019-11-26,Oran,0.8375,23.7515
2019-11-27,Oran,0.85875,24.35415
2019-11-28,Oran,0.7129000000000001,20.217844000000003
2019-11-29,Oran,0.5179,14.687644
2019-11-30,Oran,0.8497,24.097492
2019-12-01,Oran,0.7584000000000001,21.508224000000002
2019-12-02,Oran,0.1534,4.350424
2019-12-03,Oran,0.1561,4.426996
2019-12-04,Oran,0.19535,5.540126
2019-12-05,Oran,0.1944,5.513184
2019-12-06,Oran,0.47715,13.531974
2019-12-07,Oran,0.6775500000000001,19.215318000000003
2019-12-08,Oran,0.8592000000000001,24.366912000000003
2019-12-09,Oran,0.9489,26.910804
2019-12-10,Oran,0.8692500000000001,24.65193
2019-12-11,Oran,0.74815,21.217534
2019-12-12,Oran,0.5299,15.027964
2019-12-13,Oran,0.7432000000000001,21.077152
2019-12-14,Oran,0.5176000000000001,14.679136000000002
2019-12-15,Oran,0.8247,23.388492
2019-12-16,Oran,0.2906,8.241416000000001
2019-12-17,Oran,0.4049,11.482963999999999
2019-12-18,Oran,0.73075,20.72407
2019-12-19,Oran,0.2288,6.488768
2019-12-20,Oran,0.28425,8.06133
2019-12-21,Oran,0.94775,26.87819
2019-12-22,Oran,1.06925,30.32393
2019-12-23,Oran,1.06305,30.148098
2019-12-24,Oran,0.988,28.019679999999997
2019-12-25,Oran,1.0285,29.16826
2019-12-26,Oran,0.96665,27.414194
2019-12-27,Oran,0.87655,24.858958
2019-12-28,Oran,0.8256000000000001,23.414016000000004
2019-12-29,Oran,0.5608000000000001,15.904288000000001
2019-12-30,Oran,0.58955,16.719638
2019-12-31,Oran,0.70235,19.918646
2020-01-01,Oran,0.7009500000000001,19.878942000000002
2020-01-02,Oran,0.7363500000000001,20.882886000000003
2020-01-04,Oran,0.5372,15.234992
2020-01-05,Oran,0.7050500000000001,19.995218
2020-01-06,Oran,0.80855,22.930478
2020-01-07,Oran,0.8042,22.807112
2020-01-08,Oran,0.8108000000000001,22.994288
2020-01-09,Oran,0.6935,19.66766
2020-01-10,Oran,0.58925,16.71113
2020-01-11,Oran,0.72275,20.49719
2020-01-12,Oran,0.7003,19.860508
2020-01-13,Oran,0.6771,19.202556
2020-01-14,Oran,0.7130000000000001,20.22068
2020-01-15,Oran,0.77725,22.04281
2020-01-16,Oran,0.84125,23.857850000000003
2020-01-17,Oran,0.66705,18.917538
2020-01-18,Oran,0.37175,10.54283
2020-01-19,Oran,0.1427,4.046971999999999
2020-01-20,Oran,0.1179,3.3436440000000003
2020-01-21,Oran,0.07255,2.057518
2020-01-22,Oran,0.5785,16.40626
2020-01-23,Oran,0.4583,12.997387999999999
2020-01-24,Oran,0.26915,7.633094
2020-01-25,Oran,0.38775,10.99659
2020-01-26,Oran,0.5111,14.494796
2020-01-27,Oran,0.9472,26.862592
2020-01-28,Oran,0.6651,18.862236
2020-01-29,Oran,0.9131,25.895516
2020-01-30,Oran,1.18345,33.562642
2020-01-31,Oran,0.76995,21.835782000000002
2020-02-01,Oran,0.55395,15.710022
2020-02-02,Oran,1.04155,29.538358
2020-02-03,Oran,1.5457500000000002,43.83747
2020-02-04,Oran,1.4672,41.609792
2020-02-05,Oran,0.8726,24.746936
2020-02-06,Oran,0.965,27.3674
2020-02-07,Oran,1.0521,29.837556
2020-02-08,Oran,0.81635,23.151686
2020-02-09,Oran,1.2106,34.332615999999994
2020-02-10,Oran,1.346,38.172560000000004
2020-02-11,Oran,1.20025,34.03909
2020-02-12,Oran,0.6182500000000001,17.53357
2020-02-13,Oran,0.66335,18.812606
2020-02-14,Oran,1.3021,36.927556
2020-02-15,Oran,1.506,42.71016
2020-02-16,Oran,1.5800500000000002,44.810218000000006
2020-02-17,Oran,1.2871,36.502156
2020-02-18,Oran,0.32175,9.12483
2020-02-19,Oran,0.9909,28.101924
2020-02-20,Oran,1.4067,39.894012000000004
2020-02-21,Oran,1.4829,42.055044
2020-02-22,Oran,1.67915,47.620694
2020-02-23,Oran,1.63195,46.282102
2020-02-24,Oran,1.67125,47.396649999999994
2020-02-25,Oran,1.3179500000000002,37.377062
2020-02-26,Oran,1.0844,30.753584
2020-02-27,Oran,1.122,31.819920000000003
2020-02-28,Oran,1.24635,35.346486
2020-02-29,Oran,0.92495,26.231582
2020-03-01,Oran,0.6879000000000001,19.508844
2020-03-02,Oran,0.5446500000000001,15.446274000000003
2020-03-03,Oran,0.8073,22.895028
2020-03-04,Oran,0.6204500000000001,17.595962
2020-03-05,Oran,0.65905,18.690658
2020-03-06,Oran,0.5625,15.9525
2020-03-07,Oran,0.9627,27.302172
2020-03-08,Oran,1.28075,36.322070000000004
2020-03-09,Oran,1.12345,31.861042
2020-03-10,Oran,1.502,42.59672
2020-03-11,Oran,1.768,50.14048
2020-03-12,Oran,1.69995,48.210582
2020-03-13,Oran,1.29775,36.80419
2020-03-14,Oran,1.31055,37.167198
2020-03-15,Oran,1.12905,32.019858
2020-03-16,Oran,0.2579,7.314044
2020-03-17,Oran,0.69265,19.643553999999998
2020-03-18,Oran,1.0061,28.532996
2020-03-19,Oran,0.7302500000000001,20.70989
2020-03-20,Oran,0.6803,19.293308
2020-03-21,Oran,0.32165,9.121993999999999
2020-03-22,Oran,0.42945,12.179202
2020-03-23,Oran,0.8455,23.97838
2020-03-24,Oran,0.3249,9.214164
2020-03-25,Oran,2.01945,57.271602
2020-03-26,Oran,2.10285,59.636826
2020-03-27,Oran,0.16,4.5376
2020-03-28,Oran,1.73975,49.33931
2020-03-29,Oran,2.46905,70.02225800000001
2020-03-30,Oran,0.7663000000000001,21.732268
2020-03-31,Oran,0.7604,21.564943999999997
2020-04-01,Oran,1.25465,35.581874
2020-04-02,Oran,2.2342,63.361912
2020-04-03,Oran,2.65775,75.37379
2020-04-04,Oran,2.16275,61.335589999999996
2020-04-05,Oran,2.55485,72.455546
2020-04-06,Oran,2.05995,58.420182000000004
2020-04-07,Oran,2.3764000000000003,67.394704
2020-04-08,Oran,2.897,82.15892
2020-04-09,Oran,1.7776,50.412736
2020-04-10,Oran,1.7939500000000002,50.876422000000005
2020-04-11,Oran,2.8489,80.794804
2020-04-12,Oran,2.34995,66.644582
2020-04-13,Oran,1.5780500000000002,44.75349800000001
2020-04-14,Oran,1.11665,31.668193999999996
2020-04-15,Oran,1.30265,36.943154
2020-04-16,Oran,2.14825,60.924369999999996
2020-04-17,Oran,1.63115,46.259414
2020-04-18,Oran,1.8334,51.99522399999999
2020-04-19,Oran,1.5533,44.051587999999995
2020-04-20,Oran,2.12595,60.291942
2020-04-21,Oran,1.4309500000000002,40.581742000000006
2020-04-22,Oran,2.3287500000000003,66.04335
2020-04-23,Oran,2.5147500000000003,71.31831000000001
2020-04-24,Oran,3.0145,85.49122
2020-04-25,Oran,1.96455,55.714638
2020-04-26,Oran,1.86855,52.992078
2020-04-27,Oran,2.0173,57.210628
2020-04-28,Oran,1.84275,52.26039
2020-04-29,Oran,3.4679,98.349644
2020-04-30,Oran,2.7298,77.417128
2020-05-01,Oran,3.2768,92.930048
2020-05-02,Oran,3.8378,108.840008
2020-05-03,Oran,3.98695,113.069902
2020-05-04,Oran,3.2322,91.665192
2020-05-05,Oran,3.15865,89.579314
2020-05-06,Oran,2.90635,82.424086
2020-05-07,Oran,1.8166,51.518775999999995
2020-05-08,Oran,2.5172,71.38779199999999
2020-05-09,Oran,1.5495,43.94382
2020-05-10,Oran,1.61595,45.828342
2020-05-11,Oran,1.7018,48.263048
2020-05-12,Oran,0.5283,14.982588
2020-05-13,Oran,2.9131500000000004,82.61693400000001
2020-05-14,Oran,1.2675500000000002,35.947718
2020-05-15,Oran,0.93915,26.634294
2020-05-16,Oran,1.619,45.91484
2020-05-17,Oran,2.2672,64.297792
2020-05-18,Oran,4.6739500000000005,132.553222
2020-05-19,Oran,4.8598,137.823928
2020-05-20,Oran,4.9681500000000005,140.896734
2020-05-21,Oran,4.6862,132.900632
2020-05-22,Oran,4.55625,129.21525
2020-05-23,Oran,4.24435,120.369766
2020-05-24,Oran,3.22255,91.391518
2020-05-25,Oran,1.37105,38.882978
2020-05-26,Oran,2.5192,71.444512
2020-05-27,Oran,3.23945,91.870802
2020-05-28,Oran,2.9494,83.644984
2020-05-29,Oran,3.3296,94.427456
2020-05-30,Oran,3.2574,92.379864
2020-05-31,Oran,2.83875,80.50695
2020-06-01,Oran,2.7534,78.086424
2020-06-02,Oran,3.0824000000000003,87.416864
2020-06-03,Oran,2.56425,72.72212999999999
2020-06-04,Oran,0.7525000000000001,21.3409
2020-06-05,Oran,3.6114,102.419304
2020-06-06,Oran,3.6385,103.18786
2020-06-07,Oran,2.32675,65.98663
2020-06-08,Oran,1.87105,53.062978
2020-06-09,Oran,2.62515,74.449254
2020-06-10,Oran,2.5232,71.557952
2020-06-11,Oran,2.4738,70.156968
2020-06-12,Oran,1.924,54.56464
2020-06-13,Oran,1.5827,44.885372
2020-06-14,Oran,1.64,46.5104
2020-06-15,Oran,1.51675,43.01503
2020-06-16,Oran,0.8929,25.322644
2020-06-17,Oran,1.20685,34.226265999999995
2020-06-18,Oran,1.3315,37.76134
2020-06-19,Oran,1.1451,32.475036
2020-06-20,Oran,1.4229,40.353444
2020-06-21,Oran,1.33615,37.893214
2020-06-22,Oran,0.95125,26.97745
2020-06-23,Oran,0.7466,21.173576
2020-06-24,Oran,0.57635,16.345286
2020-06-25,Oran,0.7667,21.743612000000002
2020-06-26,Oran,0.9,25.524
2020-06-27,Oran,0.806,22.85816
2020-06-28,Oran,0.82225,23.319010000000002
2020-06-29,Oran,0.85485,24.243546
2020-06-30,Oran,0.4908,13.919088
2020-07-01,Oran,0.5331,15.118716000000001
2020-07-02,Oran,0.4757,13.490852
2020-07-03,Oran,0.56165,15.928393999999999
2020-07-04,Oran,0.5422,15.376792
2020-07-05,Oran,0.5371,15.232156
2020-07-06,Oran,0.6195,17.569020000000002
2020-07-07,Oran,0.61645,17.482522
2020-07-08,Oran,0.14465,4.1022739999999995
2020-07-09,Oran,0.2584,7.3282240000000005
2020-07-10,Oran,0.466,13.215760000000001
2020-07-11,Oran,0.27725,7.86281
2020-07-12,Oran,0.13715,3.8895739999999996
2020-07-13,Oran,0.4567,12.952012
2020-07-14,Oran,0.1348,3.822928
2020-07-15,Oran,0.919,26.06284
2020-07-16,Oran,0.7685000000000001,21.79466
2020-07-17,Oran,0.68155,19.328758
2020-07-18,Oran,0.4585,13.00306
2020-07-19,Oran,0.368,10.43648
2020-07-20,Oran,0.5319,15.084684000000001
2020-07-21,Oran,0.3858,10.941287999999998
2020-07-22,Oran,0.2502,7.0956719999999995
2020-07-23,Oran,0.5294,15.013784
2020-07-24,Oran,0.36435,10.332966
2020-07-25,Oran,0.35605,10.097577999999999
2020-07-26,Oran,0.4251,12.055836
2020-07-27,Oran,0.31165,8.838394
2020-07-28,Oran,0.41975,11.90411
2020-07-29,Oran,0.301,8.53636
2020-07-30,Oran,0.1312,3.720832
2020-07-31,Oran,0.4029,11.426243999999999
2020-08-01,Oran,0.18365,5.2083140000000006
2020-08-02,Oran,0.369,10.464839999999999
2020-08-03,Oran,0.3265,9.25954
2020-08-04,Oran,0.27735,7.865645999999999
2020-08-05,Oran,0.18505,5.248018
2020-08-06,Oran,0.1519,4.3078840000000005
2020-08-07,Oran,0.1819,5.158684
2020-08-08,Oran,0.2039,5.782604
2020-08-09,Oran,0.2055,5.827979999999999
2020-08-10,Oran,0.1698,4.8155280000000005
2020-08-11,Oran,0.09625,2.72965
2020-08-12,Oran,0.4835,13.71206
2020-08-13,Oran,0.4528,12.841408
2020-08-14,Oran,0.29125,8.25985
2020-08-15,Oran,0.1633,4.631188
2020-08-16,Oran,0.14645,4.153322
2020-08-17,Oran,0.15355,4.354678
2020-08-18,Oran,0.13905,3.943458
2020-08-19,Oran,0.1559,4.421324
2020-08-20,Oran,0.167,4.7361200000000006
2020-08-21,Oran,0.189,5.36004
2020-08-22,Oran,0.17605,4.992778
2020-08-23,Oran,0.14665,4.158994
2020-08-24,Oran,0.13195,3.742102
2020-08-25,Oran,0.182,5.161519999999999
2020-08-26,Oran,0.18365,5.2083140000000006
2020-08-27,Oran,0.1915,5.43094
2020-08-28,Oran,0.137,3.88532
2020-08-29,Oran,0.09045,2.565162
2020-08-30,Oran,0.1183,3.354988
2020-08-31,Oran,0.1131,3.207516
2020-09-01,Oran,0.07675,2.17663
2020-09-02,Oran,0.0949,2.691364
2020-09-03,Oran,0.1623,4.602828
2020-09-04,Oran,0.10875,3.0841499999999997
2020-09-05,Oran,0.1878,5.326008
2020-09-06,Oran,0.12825,3.63717
2020-09-07,Oran,0.1441,4.086676
2020-09-08,Oran,0.1142,3.238712
2020-09-09,Oran,0.31275,8.869589999999999
2020-09-10,Oran,0.16935,4.802766
2020-09-11,Oran,0.19225,5.45221
2020-09-12,Oran,0.156,4.42416
2020-09-13,Oran,0.13275,3.76479
2020-09-14,Oran,0.1101,3.122436
2020-09-15,Oran,0.1421,4.029956
2020-09-16,Oran,0.1401,3.973236
2020-09-17,Oran,0.0759,2.1525239999999997
2020-09-18,Oran,0.1448,4.106528
2020-09-19,Oran,1.2154,34.468744
2020-09-20,Oran,0.74715,21.189173999999998
2020-09-22,Oran,0.7229,20.501444
2020-09-23,Oran,0.47385,13.438386
2020-09-24,Oran,0.15485,4.391546
2020-09-25,Oran,0.1709,4.846724
2020-09-26,Oran,0.2792,7.918112
2020-09-27,Oran,0.2391,6.780876
2020-09-28,Oran,0.16745,4.748881999999999
2020-09-29,Oran,0.2185,6.19666
2020-09-30,Oran,0.2054,5.825144
2020-10-01,Oran,0.17225,4.885009999999999
2020-10-02,Oran,0.03635,1.030886
2020-10-03,Oran,0.6355500000000001,18.024198000000002
2020-10-04,Oran,0.4575,12.9747
2020-10-05,Oran,0.476,13.49936
2020-10-06,Oran,0.5155500000000001,14.620998000000002
2020-10-07,Oran,0.5165000000000001,14.647940000000002
2020-10-08,Oran,0.4127,11.704172
2020-10-09,Oran,0.42155,11.955157999999999
2020-10-10,Oran,0.3786,10.737096
2020-10-11,Oran,0.3307,9.378651999999999
2020-10-12,Oran,0.32445,9.201402
2020-10-13,Oran,0.29665,8.412994000000001
2020-10-14,Oran,0.25685,7.284266000000001
2020-10-15,Oran,0.246,6.97656
2020-10-16,Oran,0.22775,6.45899
2020-10-17,Oran,0.3165,8.97594
2020-10-18,Oran,0.29,8.2244
2020-10-19,Oran,0.21705,6.155538
2020-10-20,Oran,0.10685,3.030266
2020-10-21,Oran,0.18725,5.31041
2020-10-22,Oran,0.04165,1.1811939999999999
2020-10-23,Oran,0.5405,15.328579999999999
2020-10-24,Oran,0.5249,14.886164
2020-10-25,Oran,0.4136,11.729696
2020-10-26,Oran,0.2369,6.718484
2020-10-27,Oran,0.3678,10.430808
2020-10-28,Oran,0.35185,9.978466
2020-10-29,Oran,0.4123,11.692828
2020-10-30,Oran,0.4548,12.898128
2020-10-31,Oran,0.46535,13.197325999999999
2020-11-01,Oran,0.45525,12.91089
2020-11-02,Oran,0.49765,14.113354
2020-11-03,Oran,0.43835,12.431606
2020-11-04,Oran,0.0485,1.37546
2020-11-05,Oran,0.0678,1.9228079999999999
2020-11-07,Oran,0.7844000000000001,22.245584
2020-11-08,Oran,1.2631,35.821515999999995
2020-11-09,Oran,1.136,32.21695999999999
2020-11-10,Oran,1.0465,29.678739999999998
2020-11-11,Oran,0.9881,28.022516
2020-11-12,Oran,0.95695,27.139101999999998
2020-11-13,Oran,0.94545,26.812962
2020-11-14,Oran,0.39255,11.132718
2020-11-15,Oran,1.00485,28.497546
2020-11-16,Oran,0.5326000000000001,15.104536000000001
2020-11-17,Oran,1.02125,28.96265
2020-11-18,Oran,0.97235,27.575846000000002
2020-11-19,Oran,0.8772000000000001,24.877392
2020-11-20,Oran,0.9216,26.136575999999998
2020-11-21,Oran,0.6788000000000001,19.250768
2020-11-22,Oran,0.6549,18.572964000000002
2020-11-23,Oran,0.6516000000000001,18.479376000000002
2020-11-25,Oran,0.6041500000000001,17.133694000000002
2020-11-26,Oran,0.1986,5.632296
2020-11-27,Oran,0.08965,2.542474
2020-11-28,Oran,0.3121,8.851156
2020-11-29,Oran,0.79535,22.556126
2020-11-30,Oran,0.6898,19.562728
2020-12-01,Oran,0.7863,22.299468
2020-12-02,Oran,0.8407,23.842252
2020-12-03,Oran,0.8200500000000001,23.256618
2020-12-04,Oran,0.3377,9.577172
2020-12-05,Oran,0.5103,14.472107999999999
2020-12-06,Oran,0.5593,15.861748
2020-12-07,Oran,0.5663,16.060268
2020-12-08,Oran,0.4825,13.6837
2020-12-09,Oran,0.6968000000000001,19.761248000000002
2020-12-10,Oran,0.44915,12.737893999999999
2020-12-11,Oran,0.3323,9.424028
2020-12-12,Oran,0.8976000000000001,25.455936
2020-12-13,Oran,0.8361500000000001,23.713214
2020-12-14,Oran,0.5362,15.206632
2020-12-15,Oran,0.7151000000000001,20.280236000000002
2020-12-16,Oran,0.76105,21.583378
2020-12-17,Oran,0.6381,18.096516
2020-12-18,Oran,0.6835,19.384059999999998
2020-12-19,Oran,0.53395,15.142822
2020-12-20,Oran,0.59755,16.946518
2020-12-21,Oran,0.7332000000000001,20.793552000000002
2020-12-22,Oran,0.6548,18.570128
2020-12-23,Oran,0.76205,21.611738
2020-12-24,Oran,0.56505,16.024818
2020-12-25,Oran,0.6165,17.48394
2020-12-26,Oran,0.4966,14.083575999999999
2020-12-27,Oran,0.7254,20.572344
2020-12-28,Oran,0.519,14.71884
2020-12-29,Oran,0.19945,5.656402
2020-12-30,Oran,0.48845,13.852442
2020-12-31,Oran,0.5871500000000001,16.651574
2021-01-01,Oran,0.2527,7.1665719999999995
2021-01-02,Oran,0.29095,8.251342
2021-01-03,Oran,0.45,12.762
2021-01-04,Oran,0.22725,6.44481
2021-01-05,Oran,0.5135000000000001,14.562860000000002
2021-01-06,Oran,0.2826,8.014536
2021-01-07,Oran,0.0297,0.842292
2021-01-08,Oran,0.0602,1.707272
2021-01-09,Oran,0.067,1.90012
2021-01-10,Oran,0.0491,1.3924759999999998
2021-01-11,Oran,0.02045,0.579962
2021-01-16,Oran,0.1646,4.668056
2021-01-17,Oran,1.02455,29.056238
2021-01-19,Oran,1.2656,35.892416000000004
2021-01-20,Oran,0.18485,5.2423459999999995
2021-01-21,Oran,0.72675,20.61063
2021-01-22,Oran,0.4942,14.015512
2021-01-23,Oran,0.58115,16.481414
2021-01-24,Oran,1.0115500000000002,28.687558000000003
2021-01-25,Oran,0.6808500000000001,19.308906
2021-01-26,Oran,0.4653,13.195908
2021-01-27,Oran,0.6826500000000001,19.359954000000002
2021-01-28,Oran,1.39185,39.472866
2021-01-29,Oran,1.63825,46.46077
2021-01-30,Oran,0.9359,26.542123999999998
2021-01-31,Oran,0.6776500000000001,19.218154000000002
2021-02-01,Oran,0.9634,27.322024
2021-02-02,Oran,1.17555,33.338598000000005
2021-02-03,Oran,1.123,31.84828
2021-02-04,Oran,0.83145,23.579922
2021-02-05,Oran,0.9436,26.760496
2021-02-06,Oran,0.7067,20.042012
2021-02-07,Oran,0.37595,10.661942
2021-02-08,Oran,0.8346,23.669256
2021-02-09,Oran,0.42045,11.923962
2021-02-10,Oran,1.12385,31.872386
2021-02-11,Oran,0.9448,26.794528
2021-02-12,Oran,0.9962,28.252232
2021-02-13,Oran,1.25775,35.66979
2021-02-14,Oran,1.27075,36.038470000000004
2021-02-15,Oran,0.73055,20.718398
2021-02-16,Oran,1.49235,42.323046
2021-02-17,Oran,1.5023,42.605228
2021-02-18,Oran,1.52295,43.190862
2021-02-19,Oran,1.6021,45.435556
2021-02-20,Oran,1.25725,35.655609999999996
2021-02-21,Oran,0.27765,7.874154
2021-02-22,Oran,0.6437,18.255332000000003
2021-02-23,Oran,0.8802000000000001,24.962472
2021-02-24,Oran,0.9133,25.901188
2021-02-25,Oran,0.81125,23.00705
2021-02-26,Oran,1.1646,33.028056
2021-02-27,Oran,1.48565,42.133033999999995
2021-02-28,Oran,0.45545,12.916562
2021-03-01,Oran,0.24375,6.91275
2021-03-02,Oran,0.37955,10.764038
2021-03-03,Oran,0.8845500000000001,25.085838000000003
2021-03-04,Oran,1.3346,37.849256
2021-03-05,Oran,0.7411500000000001,21.019014000000002
2021-03-06,Oran,0.7177,20.353972
2021-03-07,Oran,0.4393,12.458548
2021-03-08,Oran,1.17385,33.290386
2021-03-09,Oran,1.0309,29.236323999999996
2021-03-10,Oran,2.1119000000000003,59.89348400000001
2021-03-11,Oran,2.2884,64.89902400000001
2021-03-12,Oran,1.4195000000000002,40.257020000000004
2021-03-13,Oran,2.24195,63.581702
2021-03-14,Oran,2.04135,57.892686
2021-03-15,Oran,2.18335,61.919805999999994
2021-03-16,Oran,2.0421,57.913956
2021-03-17,Oran,2.25985,64.089346
2021-03-18,Oran,0.9078,25.745208
2021-03-19,Oran,0.80735,22.896446
2021-03-20,Oran,1.0186,28.887496
2021-03-21,Oran,1.9236,54.553295999999996
2021-03-22,Oran,2.06435,58.544966
2021-03-23,Oran,2.58965,73.44247399999999
2021-03-24,Oran,2.59155,73.49635799999999
2021-03-25,Oran,2.5671,72.802956
2021-03-26,Oran,2.47215,70.110174
2021-03-27,Oran,1.80465,51.179874
2021-03-28,Oran,1.6579000000000002,47.018044
2021-03-29,Oran,1.37285,38.934025999999996
2021-03-30,Oran,1.45665,41.310594
2021-03-31,Oran,1.7789,50.449603999999994
2021-04-01,Oran,1.7313,49.099668
2021-04-02,Oran,1.93475,54.86951
2021-04-03,Oran,0.7433500000000001,21.081406
2021-04-04,Oran,1.7644000000000002,50.03838400000001
2021-04-05,Oran,2.2891000000000004,64.91887600000001
2021-04-06,Oran,2.436,69.08496
2021-04-07,Oran,1.0896,30.901055999999997
2021-04-08,Oran,0.7535000000000001,21.36926
2021-04-09,Oran,1.07485,30.482746000000002
2021-04-10,Oran,1.1748,33.317328
2021-04-11,Oran,1.4437,40.943332
2021-04-12,Oran,2.0516,58.183376
2021-04-13,Oran,1.65265,46.869153999999995
2021-04-14,Oran,1.13845,32.286442
2021-04-15,Oran,0.28525,8.08969
2021-04-16,Oran,1.824,51.72864
2021-04-17,Oran,2.09055,59.287997999999995
2021-04-18,Oran,2.1036,59.658096
2021-04-19,Oran,2.46545,69.920162
2021-04-20,Oran,1.44145,40.879521999999994
2021-04-21,Oran,1.2939,36.695004
2021-04-22,Oran,1.1104,31.490944000000002
2021-04-23,Oran,1.0775,30.557899999999997
2021-04-24,Oran,0.589,16.70404
2021-04-25,Oran,1.2492,35.427312
2021-04-26,Oran,1.9066,54.071176
2021-04-27,Oran,1.35405,38.400858
2021-04-28,Oran,1.94585,55.184306
2021-04-29,Oran,2.2739000000000003,64.48780400000001
2021-04-30,Oran,1.9725,55.940099999999994
2021-05-01,Oran,2.71855,77.098078
2021-05-02,Oran,2.7960000000000003,79.29456
2021-05-03,Oran,1.1988,33.997968
2021-05-04,Oran,3.1347,88.900092
2021-05-05,Oran,3.4416,97.60377600000001
2021-05-06,Oran,3.6765,104.26554
2021-05-07,Oran,3.59975,102.08891
2021-05-08,Oran,2.77355,78.657878
2021-05-09,Oran,1.9353,54.885108
2021-05-10,Oran,1.1036,31.298095999999997
2021-05-11,Oran,1.88755,53.530918
2021-05-12,Oran,1.863,52.83468
2021-05-13,Oran,2.0879000000000003,59.21284400000001
2021-05-14,Oran,2.06835,58.658406
2021-05-15,Oran,2.83625,80.43605000000001
2021-05-16,Oran,2.5014000000000003,70.939704
2021-05-17,Oran,2.2774,64.587064
2021-05-18,Oran,2.3311,66.10999600000001
2021-05-19,Oran,2.4126000000000003,68.42133600000001
2021-05-20,Oran,1.72005,48.780618000000004
2021-05-21,Oran,2.2003500000000003,62.401926
2021-05-22,Oran,1.6746,47.491656
2021-05-23,Oran,0.08125,2.30425
2021-05-24,Oran,3.4873000000000003,98.899828
2021-05-25,Oran,3.5863500000000004,101.708886
2021-05-26,Oran,3.12435,88.606566
2021-05-27,Oran,2.662,75.49432
2021-05-28,Oran,3.166,89.78775999999999
2021-05-29,Oran,3.8173,108.258628
2021-05-30,Oran,2.66475,75.57231
2021-05-31,Oran,1.4382,40.787352
2021-06-01,Oran,1.6388,46.476368
2021-06-02,Oran,3.1374,88.976664
2021-06-03,Oran,2.2965500000000003,65.13015800000001
2021-06-04,Oran,1.7377,49.281172
2021-06-05,Oran,0.6222500000000001,17.64701
2021-06-06,Oran,3.83105,108.64857799999999
2021-06-07,Oran,4.2099,119.392764
2021-06-08,Oran,3.2626500000000003,92.528754
2021-06-09,Oran,3.6596,103.78625600000001
2021-06-10,Oran,2.7821,78.90035599999999
2021-06-11,Oran,2.3114,65.551304
2021-06-12,Oran,1.92345,54.549042
2021-06-13,Oran,1.74875,49.59455
2021-06-14,Oran,1.95035,55.311926
2021-06-15,Oran,1.57375,44.63155
2021-06-16,Oran,1.0325,29.281699999999997
2021-06-17,Oran,1.2394,35.149384
2021-06-18,Oran,1.7839,50.591404
2021-06-19,Oran,1.5846,44.939256
2021-06-20,Oran,3.2,90.75200000000001
2021-06-21,Oran,3.5745,101.37282
2021-06-22,Oran,3.0789500000000003,87.319022
2021-06-23,Oran,2.3758,67.37768799999999
2021-06-24,Oran,2.48285,70.413626
2021-06-25,Oran,2.4542,69.601112
2021-06-26,Oran,2.4598,69.759928
2021-06-27,Oran,2.35995,66.92818199999999
2021-06-28,Oran,2.10255,59.62831799999999
2021-06-29,Oran,2.1788000000000003,61.79076800000001
2021-06-30,Oran,1.58385,44.917986
2021-07-01,Oran,1.6790500000000002,47.617858000000005
2021-07-02,Oran,1.9718,55.920248
2021-07-03,Oran,1.5932000000000002,45.18315200000001
2021-07-04,Oran,1.41605,40.159178
2021-07-05,Oran,1.49805,42.484698
2021-07-06,Oran,1.2239,34.709804
2021-07-07,Oran,0.7596,21.542256000000002
2021-07-08,Oran,1.0175,28.8563
2021-07-09,Oran,0.6811,19.315996000000002
2021-07-10,Oran,0.871,24.70156
2021-07-11,Oran,0.83365,23.642314
2021-07-12,Oran,0.7497,21.261492
2021-07-13,Oran,0.79225,22.46821
2021-07-14,Oran,0.7303000000000001,20.711308000000002
2021-07-15,Oran,0.672,19.05792
2021-07-16,Oran,0.84675,24.01383
2021-07-17,Oran,0.6914,19.608104
2021-07-18,Oran,0.7675000000000001,21.7663
2021-07-19,Oran,0.61265,17.374754
2021-07-20,Oran,0.6960000000000001,19.73856
2021-07-21,Oran,0.57965,16.438874
2021-07-22,Oran,0.69005,19.569818
2021-07-23,Oran,0.66095,18.744542
2021-07-24,Oran,0.66855,18.960078
2021-07-25,Oran,0.51315,14.552933999999999
2021-07-26,Oran,0.33975,9.63531
2021-07-27,Oran,0.5748,16.301327999999998
2021-07-28,Oran,0.56855,16.124078
2021-07-29,Oran,0.43255,12.267118
2021-07-30,Oran,0.516,14.63376
2021-07-31,Oran,0.3578,10.147208
2021-08-01,Oran,0.42805,12.139498
2021-08-02,Oran,0.2733,7.750787999999999
2021-08-03,Oran,0.5832,16.539552
2021-08-04,Oran,0.4149,11.766563999999999
2021-08-05,Oran,0.6262500000000001,17.760450000000002
2021-08-06,Oran,0.54085,15.338506
2021-08-07,Oran,0.4098,11.621928
2021-08-08,Oran,0.4052,11.491472
2021-08-09,Oran,0.3289,9.327604000000001
2021-08-10,Oran,0.2916,8.269776
2021-08-11,Oran,0.2552,7.2374719999999995
2021-08-12,Oran,0.3418,9.693448
2021-08-13,Oran,0.3696,10.481855999999999
2021-08-14,Oran,0.31305,8.878098
2021-08-15,Oran,0.29205,8.282537999999999
2021-08-16,Oran,0.3719,10.547084
2021-08-17,Oran,0.2294,6.505783999999999
2021-08-18,Oran,0.21855,6.198078
2021-08-19,Oran,0.2494,7.072984
2021-08-20,Oran,0.2871,8.142156
2021-08-21,Oran,0.3063,8.686668000000001
2021-08-22,Oran,0.1855,5.26078
2021-08-23,Oran,0.23505,6.666018
2021-08-24,Oran,0.2113,5.992468
2021-08-25,Oran,0.2234,6.335623999999999
2021-08-26,Oran,0.5227,14.823772000000002
2021-08-27,Oran,0.5239,14.857804
2021-08-28,Oran,0.4203,11.919708
2021-08-29,Oran,0.40145,11.385121999999999
2021-08-30,Oran,0.4133,11.721188
2021-08-31,Oran,0.3186,9.035496
2021-09-01,Oran,0.2845,8.06842
2021-09-02,Oran,2.41355,68.44827799999999
2021-09-03,Oran,2.5916,73.497776
2021-09-04,Oran,2.5214000000000003,71.506904
2021-09-05,Oran,2.2559,63.977323999999996
2021-09-06,Oran,1.3607,38.589452
2021-09-07,Oran,1.50485,42.677546
2021-09-08,Oran,1.3706,38.870216
2021-09-09,Oran,0.93355,26.475478
2021-09-10,Oran,1.01045,28.656362
2021-09-11,Oran,0.96105,27.255377999999997
2021-09-12,Oran,1.1309,32.072324
2021-09-13,Oran,0.48995,13.894981999999999
2021-09-14,Oran,0.32305,9.161698
2021-09-15,Oran,0.6279,17.807244
2021-09-16,Oran,0.5652,16.029072
2021-09-17,Oran,0.6776000000000001,19.216736
2021-09-18,Oran,0.7736000000000001,21.939296000000002
2021-09-19,Oran,0.8079000000000001,22.912044
2021-09-20,Oran,0.6425000000000001,18.221300000000003
2021-09-21,Oran,0.6786000000000001,19.245096000000004
2021-09-22,Oran,0.8794000000000001,24.939784000000003
2021-09-23,Oran,0.967,27.42412
2021-09-24,Oran,0.744,21.09984
2021-09-25,Oran,1.08095,30.655742
2021-09-26,Oran,1.92705,54.651137999999996
2021-09-27,Oran,1.93205,54.792938
2021-09-28,Oran,1.3084,37.106224
2021-09-29,Oran,1.2582,35.682552
2021-09-30,Oran,0.8427,23.898972
2021-10-01,Oran,0.8410000000000001,23.85076
2021-10-02,Oran,0.80515,22.834054000000002
2021-10-03,Oran,0.5501,15.600836000000001
2021-10-04,Oran,0.7853,22.271107999999998
2021-10-05,Oran,1.11715,31.682374000000003
2021-10-06,Oran,1.02635,29.107286000000002
2021-10-07,Oran,0.9571,27.143355999999997
2021-10-08,Oran,0.5850500000000001,16.592018000000003
2021-10-09,Oran,0.6466500000000001,18.338994
2021-10-10,Oran,0.4978,14.117608
2021-10-11,Oran,0.391,11.08876
2021-10-13,Oran,0.57035,16.175126
2021-10-14,Oran,0.4317,12.243011999999998
2021-10-15,Oran,0.57645,16.348122
2021-10-16,Oran,0.4976,14.111936
2021-10-17,Oran,0.46025,13.05269
2021-10-18,Oran,0.50915,14.439494
2021-10-19,Oran,0.3642,10.328712000000001
2021-10-20,Oran,0.5931,16.820316
2021-10-21,Oran,0.52855,14.989677999999998
2021-10-22,Oran,0.0746,2.115656
2021-10-23,Oran,0.3358,9.523287999999999
2021-10-24,Oran,0.51265,14.538754
2021-10-25,Oran,0.4893,13.876548
2021-10-26,Oran,0.30855,8.750478
2021-10-27,Oran,0.3696,10.481855999999999
2021-10-28,Oran,0.29725,8.430010000000001
2021-10-29,Oran,0.17995,5.103382
2021-10-30,Oran,0.12425,3.52373
2021-10-31,Oran,1.0151,28.788235999999998
2021-11-01,Oran,0.7321000000000001,20.762356
2021-11-02,Oran,0.8264,23.436704
2021-11-03,Oran,0.7079500000000001,20.077462
2021-11-04,Oran,0.7389,20.955204
2021-11-05,Oran,0.68955,19.555638
2021-11-06,Oran,0.73945,20.970802000000003
2021-11-07,Oran,0.79185,22.456866
2021-11-08,Oran,0.6819500000000001,19.340102
2021-11-09,Oran,0.68405,19.399658000000002
2021-11-10,Oran,0.6339,17.977404
2021-11-11,Oran,0.7230000000000001,20.50428
2021-11-12,Oran,0.6192,17.560512
2021-11-13,Oran,0.65945,18.702002
2021-11-14,Oran,0.5752,16.312672
2021-11-15,Oran,0.33,9.3588
2021-11-16,Oran,0.5155000000000001,14.619580000000001
2021-11-17,Oran,0.44105,12.508178
2021-11-18,Oran,0.12345,3.501042
2021-11-19,Oran,0.1063,3.014668
2021-11-20,Oran,0.0775,2.1978999999999997
2021-11-21,Oran,0.28365,8.044314
2021-11-22,Oran,0.21695,6.152702
2021-11-23,Oran,0.70945,20.120002
2021-11-24,Oran,0.30985,8.787346
2021-11-25,Oran,0.42665,12.099794
2021-11-26,Oran,0.5095500000000001,14.450838000000001
2021-11-27,Oran,0.42875,12.15935
2021-11-28,Oran,0.53545,15.185362
2021-11-29,Oran,0.49775,14.11619
2021-11-30,Oran,0.73945,20.970802000000003
2021-12-01,Oran,0.6923,19.633628
2021-12-02,Oran,0.45695,12.959102
2021-12-03,Oran,0.5486,15.558295999999999
2021-12-04,Oran,0.5396000000000001,15.303056000000002
2021-12-05,Oran,0.5128,14.543008
2021-12-06,Oran,0.6067,17.206012
2021-12-07,Oran,0.7772,22.041392
2021-12-08,Oran,0.36995,10.491782
2021-12-09,Oran,0.48415,13.730494
2021-12-10,Oran,0.3962,11.236232
2021-12-11,Oran,0.6465500000000001,18.336158
2021-12-12,Oran,0.6801,19.287636
2021-12-13,Oran,0.5394,15.297384
2021-12-14,Oran,0.68355,19.385478
2021-12-15,Oran,0.5467000000000001,15.504412000000002
2021-12-16,Oran,0.2842,8.059912
2021-12-17,Oran,0.32425,9.19573
2021-12-18,Oran,0.1288,3.652768
2021-12-19,Oran,0.19745,5.599682
2021-12-20,Oran,0.5527500000000001,15.675990000000002
2021-12-21,Oran,0.44365,12.581914
2021-12-22,Oran,0.45215,12.822974
2021-12-23,Oran,0.34355,9.743078
2021-12-24,Oran,0.3198,9.069527999999998
2021-12-25,Oran,0.31385,8.900786
2021-12-26,Oran,0.45765,12.978954
2021-12-27,Oran,0.7231500000000001,20.508534
2021-12-28,Oran,0.67755,19.215318
2021-12-29,Oran,0.80715,22.890774
2021-12-30,Oran,1.219,34.570840000000004
2021-12-31,Oran,1.21245,34.385082
2022-01-01,Oran,1.2213,34.636068
2022-01-02,Oran,1.0948,31.048528
2022-01-03,Oran,0.99935,28.341565999999997
2022-01-04,Oran,0.87675,24.864630000000002
2022-01-05,Oran,0.36605,10.381178
2022-01-06,Oran,0.46705,13.245538
2022-01-07,Oran,0.60035,17.025926000000002
2022-01-08,Oran,0.5291,15.005276
2022-01-09,Oran,0.6163500000000001,17.479686
2022-01-10,Oran,0.43185,12.247266
2022-01-11,Oran,0.4139,11.738204
2022-01-12,Oran,0.52995,15.029382
2022-01-13,Oran,0.4718,13.380248
2022-01-14,Oran,0.45695,12.959102
2022-01-15,Oran,0.53635,15.210886
2022-01-16,Oran,0.58955,16.719638
2022-01-17,Oran,0.57475,16.29991
2022-01-18,Oran,0.6824,19.352864
2022-01-19,Oran,0.606,17.186159999999997
2022-01-20,Oran,0.46485,13.183145999999999
2022-01-21,Oran,0.4323,12.260028
2022-01-22,Oran,0.16025,4.54469
2022-01-23,Oran,0.1555,4.40998
2022-01-24,Oran,0.3444,9.767183999999999
2022-01-25,Oran,0.28335,8.035806
2022-01-26,Oran,0.28685,8.135066
2022-01-27,Oran,0.53105,15.060578
2022-01-28,Oran,0.64315,18.239734
2022-01-29,Oran,0.79015,22.408654
2022-01-30,Oran,0.8358,23.703288
2022-01-31,Oran,0.7158500000000001,20.301506000000003
2022-02-01,Oran,0.5596,15.870256
2022-02-02,Oran,0.7944,22.529184
2022-02-03,Oran,0.9045,25.651619999999998
2022-02-04,Oran,0.52795,14.972662
2022-02-05,Oran,0.2232,6.3299520000000005
2022-02-06,Oran,0.5627500000000001,15.959590000000002
2022-02-07,Oran,0.8771500000000001,24.875974000000003
2022-02-08,Oran,0.64575,18.313470000000002
2022-02-09,Oran,0.5606,15.898615999999999
2022-02-10,Oran,0.754,21.38344
2022-02-11,Oran,0.7512,21.304032
2022-02-12,Oran,0.45265,12.837154
2022-02-13,Oran,0.46315,13.134934
2022-02-14,Oran,0.45685,12.956266
2022-02-15,Oran,0.685,19.4266
2022-02-16,Oran,0.6626500000000001,18.792754000000002
2022-02-17,Oran,0.8135,23.07086
2022-02-18,Oran,1.00615,28.534414
2022-02-19,Oran,0.16825,4.7715700000000005
2022-02-20,Oran,0.69365,19.671914
2022-02-21,Oran,0.70625,20.02925
2022-02-22,Oran,0.8557,24.267652
2022-02-23,Oran,0.5353,15.181108
2022-02-24,Oran,0.6505000000000001,18.44818
2022-02-25,Oran,0.12095,3.430142
2022-02-26,Oran,0.0734,2.081624
2022-02-27,Oran,0.4738,13.436968
2022-02-28,Oran,0.6965,19.75274
2022-03-01,Oran,0.9496,26.930656
2022-03-02,Oran,0.7013,19.888868000000002
2022-03-03,Oran,0.39615,11.234814
2022-03-04,Oran,0.4266,12.098376
2022-03-05,Oran,0.9228,26.170607999999998
2022-03-06,Oran,0.23775,6.74259
2022-03-07,Oran,0.3293,9.338947999999998
2022-03-08,Oran,0.8599,24.386764
2022-03-09,Oran,1.86195,52.804902
2022-03-10,Oran,1.5883,45.044188
2022-03-11,Oran,0.5134500000000001,14.561442000000001
2022-03-12,Oran,1.6228,46.022608
2022-03-13,Oran,1.73765,49.279754
2022-03-14,Oran,0.622,17.63992
2022-03-15,Oran,0.79905,22.661058
2022-03-16,Oran,0.155,4.3957999999999995
2022-03-17,Oran,0.3319,9.412683999999999
2022-03-18,Oran,0.5366000000000001,15.217976000000002
2022-03-19,Oran,0.4385,12.43586
2022-03-20,Oran,0.51515,14.609653999999999
2022-03-21,Oran,1.0091,28.618076000000002
2022-03-22,Oran,0.5521,15.657556000000001
2022-03-23,Oran,0.2593,7.3537479999999995
2022-03-24,Oran,0.40945,11.612001999999999
2022-03-25,Oran,0.25225,7.153809999999999
2022-03-26,Oran,0.4405,12.49258
2022-03-27,Oran,0.8791,24.931276
2022-03-28,Oran,0.9858,27.957288
2022-03-29,Oran,1.34275,38.08039
2022-03-30,Oran,0.66635,18.897686
2022-03-31,Oran,2.0094000000000003,56.98658400000001
2022-04-01,Oran,2.1359,60.574124
2022-04-02,Oran,2.26765,64.31055400000001
2022-04-03,Oran,2.3386,66.322696
2022-04-04,Oran,0.34445,9.768602
2022-04-05,Oran,0.1997,5.663492
2022-04-06,Oran,1.5568,44.150847999999996
2022-04-07,Oran,2.99675,84.98783
2022-04-08,Oran,2.80385,79.51718600000001
2022-04-09,Oran,2.6113500000000003,74.05788600000001
2022-04-10,Oran,2.548,72.26128
2022-04-11,Oran,2.54725,72.24001
2022-04-12,Oran,1.40915,39.963494
2022-04-13,Oran,1.13625,32.22405
2022-04-14,Oran,2.02175,57.33683
2022-04-15,Oran,2.3718000000000004,67.26424800000001
2022-04-16,Oran,3.82905,108.591858
2022-04-17,Oran,3.92335,111.266206
2022-04-18,Oran,2.98515,84.65885399999999
2022-04-19,Oran,2.3114,65.551304
2022-04-20,Oran,1.1919,33.802284
2022-04-21,Oran,2.35295,66.72966199999999
2022-04-22,Oran,1.6941000000000002,48.044676
2022-04-23,Oran,2.3017000000000003,65.276212
2022-04-24,Oran,3.29495,93.444782
2022-04-25,Oran,3.642,103.28712
2022-04-26,Oran,3.47885,98.660186
2022-04-27,Oran,0.4916,13.941775999999999
2022-04-28,Oran,0.58775,16.66859
2022-04-29,Oran,3.36635,95.46968600000001
2022-04-30,Oran,3.84125,108.93785
2022-05-01,Oran,3.21275,91.11359
2022-05-02,Oran,1.8406,52.199416
2022-05-03,Oran,2.17635,61.72128599999999
2022-05-04,Oran,1.03555,29.368198
2022-05-05,Oran,3.6749,104.220164
2022-05-06,Oran,4.10815,116.50713400000001
2022-05-07,Oran,4.2929,121.746644
2022-05-08,Oran,4.5974,130.38226400000002
2022-05-09,Oran,4.27595,121.265942
2022-05-10,Oran,4.42875,125.59935
2022-05-11,Oran,4.4903,127.344908
2022-05-12,Oran,4.243650000000001,120.34991400000001
2022-05-13,Oran,4.7354,134.295944
2022-05-14,Oran,4.4927,127.412972
2022-05-15,Oran,4.48825,127.28676999999999
2022-05-16,Oran,4.532150000000001,128.531774
2022-05-17,Oran,4.724200000000001,133.97831200000002
2022-05-18,Oran,4.4144000000000005,125.19238400000002
2022-05-19,Oran,4.03625,114.46804999999999
2022-05-20,Oran,3.86895,109.723422
2022-05-21,Oran,3.89925,110.58273
2022-05-22,Oran,3.5446500000000003,100.526274
2022-05-23,Oran,3.3411500000000003,94.755014
2022-05-24,Oran,2.5519000000000003,72.37188400000001
2022-05-25,Oran,2.35985,66.92534599999999
2022-05-26,Oran,2.9658,84.110088
2022-05-27,Oran,3.7372,105.986992
2022-05-28,Oran,4.04975,114.85091000000001
2022-05-29,Oran,4.0283,114.242588
2022-05-30,Oran,3.11695,88.396702
2022-05-31,Oran,3.53155,100.154758
2022-06-01,Oran,3.002,85.13672
2022-06-02,Oran,2.5495,72.30382
2022-06-03,Oran,2.5172000000000003,71.387792
2022-06-04,Oran,2.95725,83.86761
2022-06-05,Oran,2.7937000000000003,79.22933200000001
2022-06-06,Oran,2.6838,76.11256800000001
2022-06-07,Oran,2.70495,76.712382
2022-06-08,Oran,2.01975,57.28011
2022-06-09,Oran,2.3213,65.83206799999999
2022-06-10,Oran,2.7485,77.94745999999999
2022-06-11,Oran,2.4599,69.762764
2022-06-12,Oran,2.6432,74.961152
2022-06-13,Oran,3.0773,87.272228
2022-06-14,Oran,2.28915,64.920294
2022-06-15,Oran,2.0645,58.54921999999999
2022-06-16,Oran,1.8989,53.852804
2022-06-17,Oran,1.83555,52.056198
2022-06-18,Oran,1.74765,49.563354
2022-06-19,Oran,1.65505,46.937217999999994
2022-06-20,Oran,1.7253,48.929508
2022-06-21,Oran,0.62,17.583199999999998
2022-06-22,Oran,1.6207,45.963052
2022-06-23,Oran,1.47575,41.85227
2022-06-24,Oran,1.47005,41.690618
2022-06-25,Oran,1.64795,46.735862
2022-06-26,Oran,1.6347,46.360092
2022-06-27,Oran,1.487,42.17132
2022-06-28,Oran,1.33165,37.765594
2022-06-29,Oran,1.26985,36.012946
2022-06-30,Oran,1.4888,42.222367999999996
2022-07-01,Oran,0.8096,22.960255999999998
2022-07-02,Oran,0.8701,24.676036
2022-07-03,Oran,0.76565,21.713834000000002
2022-07-04,Oran,1.1948,33.884528
2022-07-05,Oran,0.7662500000000001,21.730850000000004
2022-07-06,Oran,0.73845,20.942442
2022-07-07,Oran,1.09825,31.146369999999997
2022-07-08,Oran,1.1565,32.79834
2022-07-09,Oran,1.1061,31.368996000000003
2022-07-10,Oran,0.94395,26.770422
2022-07-11,Oran,0.872,24.72992
2022-07-12,Oran,0.99655,28.262158
2022-07-13,Oran,1.005,28.501799999999996
2022-07-14,Oran,0.97265,27.584354
2022-07-15,Oran,0.8553000000000001,24.256308
2022-07-16,Oran,0.89105,25.270178
2022-07-17,Oran,0.8581500000000001,24.337134000000002
2022-07-18,Oran,0.81635,23.151686
2022-07-19,Oran,0.8958,25.404888
2022-07-20,Oran,0.7484000000000001,21.224624000000002
2022-07-21,Oran,0.62985,17.862546000000002
2022-07-22,Oran,0.8459500000000001,23.991142000000004
2022-07-23,Oran,0.79725,22.61001
2022-07-24,Oran,0.9189,26.060004
2022-07-25,Oran,0.7029000000000001,19.934244000000003
2022-07-26,Oran,0.79185,22.456866
2022-07-27,Oran,0.6128,17.379008
2022-07-28,Oran,0.7687,21.800332
2022-07-29,Oran,0.68305,19.371298
2022-07-30,Oran,0.34,9.6424
2022-07-31,Oran,0.5507000000000001,15.617852000000003
2022-08-01,Oran,0.43895,12.448622
2022-08-02,Oran,0.6042000000000001,17.135112000000003
2022-08-03,Oran,0.5970000000000001,16.93092
2022-08-04,Oran,0.48455,13.741838
2022-08-05,Oran,0.59665,16.920994
2022-08-06,Oran,0.5155500000000001,14.620998000000002
2022-08-07,Oran,0.5375,15.2435
2022-08-08,Oran,0.507,14.37852
2022-08-09,Oran,0.45305,12.848498
2022-08-10,Oran,0.30925,8.770330000000001
2022-08-11,Oran,0.3704,10.504544
2022-08-12,Oran,0.38715,10.979574
2022-08-13,Oran,0.2524,7.158064
2022-08-14,Oran,0.3661,10.382596
2022-08-15,Oran,0.4858,13.777288
2022-08-16,Oran,0.38945,11.044802
2022-08-17,Oran,0.33725,9.56441
2022-08-18,Oran,0.3121,8.851156
2022-08-19,Oran,0.3867,10.966812
2022-08-20,Oran,0.4459,12.645724
2022-08-21,Oran,0.5487000000000001,15.561132000000002
2022-08-22,Oran,0.43265,12.269953999999998
2022-08-23,Oran,2.38225,67.56061
2022-08-24,Oran,0.28425,8.06133
2022-08-25,Oran,0.32045,9.087962000000001
2022-08-26,Oran,0.2365,6.70714
2022-08-27,Oran,1.59335,45.187406
2022-08-28,Oran,1.15425,32.73453
2022-08-29,Oran,0.789,22.37604
2022-08-30,Oran,0.6863,19.463468
2022-08-31,Oran,0.97565,27.669434
2022-09-01,Oran,1.1127,31.556172
2022-09-02,Oran,0.7331000000000001,20.790716000000003
2022-09-03,Oran,0.5673,16.088628
2022-09-04,Oran,0.4752,13.476672
2022-09-05,Oran,0.39825,11.294369999999999
2022-09-06,Oran,0.3815,10.81934
2022-09-07,Oran,0.2524,7.158064
2022-09-08,Oran,0.2519,7.143884
2022-09-09,Oran,0.248,7.0332799999999995
2022-09-10,Oran,0.21405,6.0704579999999995
2022-09-11,Oran,0.24215,6.867374
2022-09-12,Oran,0.13875,3.93495
2022-09-13,Oran,0.0498,1.4123279999999998
2022-09-14,Oran,0.194,5.50184
2022-09-15,Oran,0.45865,13.007314
2022-09-16,Oran,0.45595,12.930742
2022-09-17,Oran,0.25455,7.219037999999999
2022-09-18,Oran,0.1362,3.8626319999999996
2022-09-19,Oran,0.3087,8.754731999999999
2022-09-20,Oran,0.2502,7.0956719999999995
2022-09-21,Oran,0.04995,1.416582
2022-09-22,Oran,0.35135,9.964286
2022-09-23,Oran,0.28635,8.120886
2022-09-24,Oran,0.2214,6.278904
2022-09-25,Oran,0.1254,3.556344
2022-09-26,Oran,0.401,11.37236
2022-09-27,Oran,0.5502,15.603672
2022-09-28,Oran,0.561,15.909960000000002
2022-09-29,Oran,0.21965,6.229274
2022-09-30,Oran,0.41675,11.81903
2022-10-01,Oran,0.5568,15.790847999999999
2022-10-02,Oran,0.4999,14.177164
2022-10-03,Oran,0.36015,10.213854000000001
2022-10-04,Oran,0.455,12.9038
2022-10-05,Oran,0.3913,11.097268
2022-10-06,Oran,0.171,4.84956
2022-10-07,Oran,0.5113500000000001,14.501886000000002
2022-10-08,Oran,0.43845,12.434442
2022-10-09,Oran,0.4239,12.021804
2022-10-10,Oran,0.1135,3.21886
2022-10-11,Oran,0.76785,21.776226
2022-10-12,Oran,1.1321,32.106356000000005
2022-10-13,Oran,1.3744500000000002,38.97940200000001
2022-10-14,Oran,1.4288500000000002,40.522186000000005
2022-10-15,Oran,1.2126,34.38933599999999
2022-10-16,Oran,0.8203,23.263708
2022-10-17,Oran,0.7056,20.010816
2022-10-18,Oran,0.7042,19.971112
2022-10-19,Oran,0.5672,16.085792
2022-10-20,Oran,0.2125,6.0264999999999995
2022-10-21,Oran,0.21995,6.237782
2022-10-22,Oran,0.5809000000000001,16.474324000000003
2022-10-23,Oran,0.3886,11.020696
2022-10-24,Oran,0.54645,15.497321999999999
2022-10-25,Oran,0.3776,10.708736
2022-10-26,Oran,0.4908,13.919088
2022-10-27,Oran,0.4969,14.092084
2022-10-28,Oran,0.4483,12.713788
2022-10-29,Oran,0.34815,9.873534
2022-10-30,Oran,0.1685,4.77866
2022-10-31,Oran,0.16565,4.697833999999999
2022-11-01,Oran,0.42705,12.111137999999999
2022-11-02,Oran,0.33915,9.618294
2022-11-03,Oran,0.16495,4.677982
2022-11-04,Oran,0.25505,7.233218
2022-11-05,Oran,0.36515,10.355654
2022-11-06,Oran,0.4178,11.848808
2022-11-07,Oran,0.35345,10.023842
2022-11-08,Oran,0.2617,7.421811999999999
2022-11-09,Oran,0.1091,3.094076
2022-11-10,Oran,0.36545,10.364162
2022-11-11,Oran,0.10345,2.933842
2022-11-12,Oran,0.27195,7.712502000000001
2022-11-13,Oran,0.6113500000000001,17.337886
2022-11-14,Oran,0.5333,15.124388
2022-11-15,Oran,0.2859,8.108124
2022-11-16,Oran,0.2448,6.942527999999999
2022-11-17,Oran,0.30425,8.62853
2022-11-18,Oran,0.13345,3.7846420000000003
2022-11-19,Oran,0.2822,8.003192
2022-11-20,Oran,0.3399,9.639564
2022-11-21,Oran,0.1489,4.222804
2022-11-22,Oran,0.60795,17.241462
2022-11-23,Oran,0.48595,13.781542
2022-11-24,Oran,0.66015,18.721854
2022-11-25,Oran,0.5226000000000001,14.820936000000001
2022-11-26,Oran,0.7956000000000001,22.563216
2022-11-27,Oran,0.8643500000000001,24.512966000000002
2022-11-28,Oran,0.34065,9.660834
2022-11-29,Oran,0.4419,12.532284
2022-11-30,Oran,0.5404,15.325744
2022-12-01,Oran,0.29795,8.449862
2022-12-02,Oran,0.07805,2.213498
2022-12-03,Oran,0.32755,9.289318
2022-12-04,Oran,0.16095,4.564542
2022-12-05,Oran,0.27345,7.755042
2022-12-06,Oran,0.25625,7.267249999999999
2022-12-07,Oran,0.4869,13.808484
2022-12-08,Oran,0.1118,3.170648
2022-12-09,Oran,0.31525,8.940489999999999
2022-12-10,Oran,0.4743,13.451148
2022-12-11,Oran,0.2193,6.219348
2022-12-12,Oran,0.3679,10.433644
2022-12-13,Oran,0.4569,12.957683999999999
2022-12-14,Oran,0.4998,14.174328000000001
2022-12-15,Oran,0.45115,12.794614
2022-12-16,Oran,0.6576500000000001,18.650954000000002
2022-12-17,Oran,0.4773,13.536228
2022-12-18,Oran,0.8239,23.365803999999997
2022-12-19,Oran,0.77615,22.011613999999998
2022-12-20,Oran,0.80125,22.72345
2022-12-21,Oran,0.66625,18.894849999999998
2022-12-22,Oran,0.5952000000000001,16.879872000000002
2022-12-23,Oran,1.0177,28.861972
2022-12-24,Oran,0.9997,28.351492
2022-12-25,Oran,1.14585,32.496306
2022-12-26,Oran,1.06515,30.207654
2022-12-27,Oran,0.96655,27.411358
2022-12-28,Oran,0.9843,27.914748
2022-12-29,Oran,0.78225,22.18461
2022-12-30,Oran,0.754,21.38344
2022-12-31,Oran,1.1143500000000002,31.602966000000006
2023-01-01,Oran,1.08485,30.766346000000002
2023-01-02,Oran,0.6879500000000001,19.510262
2023-01-03,Oran,0.35345,10.023842
2023-01-04,Oran,0.3983,11.295788
2023-01-05,Oran,0.6555,18.589979999999997
2023-01-06,Oran,0.7351500000000001,20.848854000000003
2023-01-07,Oran,0.5869500000000001,16.645902000000003
2023-01-08,Oran,0.5187,14.710332000000001
2023-01-09,Oran,0.4696,13.317856
2023-01-10,Oran,0.9359,26.542123999999998
2023-01-11,Oran,0.3906,11.077416
2023-01-12,Oran,0.69655,19.754158
2023-01-13,Oran,0.7058500000000001,20.017906000000004
2023-01-14,Oran,1.01485,28.781146
2023-01-15,Oran,0.63865,18.112114000000002
2023-01-16,Oran,0.4472,12.682592
2023-01-17,Oran,0.44935,12.743566000000001
2023-01-18,Oran,0.30695,8.705102
2023-01-19,Oran,0.58845,16.688442000000002
2023-01-20,Oran,0.47635,13.509286
2023-01-21,Oran,0.6933,19.661988
2023-01-22,Oran,0.62855,17.825678
2023-01-23,Oran,0.55875,15.846149999999998
2023-01-24,Oran,0.442,12.53512
2023-01-25,Oran,0.3476,9.857936
2023-01-26,Oran,0.20505,5.815218
2023-01-27,Oran,0.43645,12.377722
2023-01-28,Oran,0.4746,13.459656
2023-01-29,Oran,0.34105,9.672178
2023-01-30,Oran,0.6456500000000001,18.310634
2023-01-31,Oran,0.6966,19.755575999999998
2023-02-01,Oran,0.7128,20.215008
2023-02-02,Oran,0.7635000000000001,21.65286
2023-02-03,Oran,0.89065,25.258834
2023-02-04,Oran,1.02615,29.101613999999998
2023-02-05,Oran,0.90415,25.641694
2023-02-06,Oran,0.29055,8.239998
2023-02-07,Oran,0.1106,3.136616
2023-02-08,Oran,0.2674,7.583464
2023-02-09,Oran,0.18475,5.23951
2023-02-10,Oran,0.30555,8.665398
2023-02-11,Oran,0.21735,6.164046
2023-02-12,Oran,0.33595,9.527542
2023-02-13,Oran,0.2693,7.637347999999999
2023-02-14,Oran,0.14075,3.9916699999999996
2023-02-15,Oran,0.49315,13.985733999999999
2023-02-16,Oran,0.6818000000000001,19.335848000000002
2023-02-17,Oran,0.7151000000000001,20.280236000000002
2023-02-18,Oran,0.5469,15.510084
2023-02-19,Oran,0.7767000000000001,22.027212000000002
2023-02-20,Oran,0.8344,23.663584
2023-02-21,Oran,0.7279,20.643244
2023-02-22,Oran,0.90445,25.650202
2023-02-23,Oran,0.7473500000000001,21.194846000000002
2023-02-24,Oran,0.7655000000000001,21.709580000000003
2023-02-25,Oran,0.5109,14.489124
2023-02-26,Oran,0.52725,14.95281
2023-02-27,Oran,0.42645,12.094122
2023-02-28,Oran,0.5896,16.721056
2023-03-01,Oran,0.6541,18.550276
2023-03-02,Oran,0.629,17.83844
2023-03-03,Oran,0.71645,20.318522
2023-03-04,Oran,0.93785,26.597426
2023-03-05,Oran,0.6558,18.598488
2023-03-06,Oran,0.30955,8.778838
2023-03-07,Oran,0.748,21.21328
2023-03-08,Oran,0.71485,20.273146
2023-03-09,Oran,0.319,9.04684
2023-03-10,Oran,0.965,27.3674
2023-03-11,Oran,1.1264,31.944704
2023-03-12,Oran,1.4818,42.023848
2023-03-13,Oran,1.35795,38.511462
2023-03-14,Oran,1.03035,29.220726000000003
2023-03-15,Oran,1.344,38.11584
2023-03-16,Oran,1.1004,31.207344
2023-03-17,Oran,0.9971,28.277756
2023-03-18,Oran,0.6909000000000001,19.593924
2023-03-19,Oran,0.9372,26.578992
2023-03-20,Oran,1.28295,36.384462
2023-03-21,Oran,1.2616500000000002,35.780394
2023-03-22,Oran,1.37475,38.98791
2023-03-23,Oran,1.4051,39.848636
2023-03-24,Oran,0.96695,27.422701999999997
2023-03-25,Oran,1.19205,33.806538
2023-03-26,Oran,0.7210500000000001,20.448978
2023-03-27,Oran,0.92035,26.101126
2023-03-28,Oran,0.7347,20.836092
2023-03-29,Oran,0.79445,22.530602
2023-03-30,Oran,0.8525,24.1769
2023-03-31,Oran,0.61465,17.431474
2023-04-01,Oran,0.7345,20.83042
2023-04-02,Oran,0.6842,19.403912000000002
2023-04-03,Oran,0.98565,27.953034
2023-04-04,Oran,0.91735,26.016046
2023-04-05,Oran,0.8196,23.243856
2023-04-06,Oran,0.7674500000000001,21.764882
2023-04-07,Oran,0.95245,27.011482
2023-04-08,Oran,1.19045,33.761162
2023-04-09,Oran,1.1672,33.101792
2023-04-10,Oran,1.0173,28.850628
2023-04-11,Oran,1.1909,33.773924
2023-04-12,Oran,0.6539,18.544604
2023-04-13,Oran,0.5740500000000001,16.280058
2023-04-14,Oran,0.5618500000000001,15.934066000000001
2023-04-15,Oran,0.6315500000000001,17.910758
2023-04-16,Oran,0.8349,23.677764
2023-04-17,Oran,0.8982000000000001,25.472952000000003
2023-04-18,Oran,0.5799000000000001,16.445964000000004
2023-04-19,Oran,0.5917,16.780612
2023-04-20,Oran,0.9704,27.520544
2023-04-21,Oran,0.8396,23.811056
2023-04-22,Oran,0.4342,12.313911999999998
2023-04-23,Oran,1.7441,49.462676
2023-04-24,Oran,1.94985,55.297746000000004
2023-04-25,Oran,1.6122,45.721992
2023-04-26,Oran,1.6063,45.554668
2023-04-27,Oran,1.43945,40.822801999999996
2023-04-28,Oran,0.9095,25.793419999999998
2023-04-29,Oran,0.5592,15.858912
2023-04-30,Oran,1.1503,32.622508
2023-05-01,Oran,1.29005,36.585817999999996
2023-05-02,Oran,1.325,37.577
2023-05-03,Oran,0.71825,20.36957
2023-05-04,Oran,1.07925,30.60753
2023-05-05,Oran,0.93875,26.62295
2023-05-06,Oran,0.8447,23.955692
2023-05-07,Oran,0.92955,26.362038
2023-05-08,Oran,0.8707,24.693052
2023-05-09,Oran,0.7459,21.153724
2023-05-10,Oran,0.73575,20.86587
2023-05-11,Oran,0.39675,11.25183
2023-05-12,Oran,0.5811000000000001,16.479996
2023-05-13,Oran,1.1719000000000002,33.235084
2023-05-14,Oran,0.9046,25.654456
2023-05-15,Oran,1.0445,29.62202
2023-05-16,Oran,0.87195,24.728502
2023-05-17,Oran,0.6997,19.843491999999998
2023-05-18,Oran,0.44075,12.499669999999998
2023-05-19,Oran,0.8861,25.129796
2023-05-20,Oran,1.1797,33.456292
2023-05-21,Oran,1.1323,32.112028
2023-05-22,Oran,0.5013500000000001,14.218286000000003
2023-05-23,Oran,0.41605,11.799178
2023-05-24,Oran,1.8176,51.547136
2023-05-25,Oran,2.932,83.15151999999999
2023-05-26,Oran,2.6189,74.272004
2023-05-27,Oran,2.1886,62.068696
2023-05-28,Oran,2.53255,71.823118
2023-05-29,Oran,2.24105,63.556177999999996
2023-05-30,Oran,1.7354,49.215944
2023-05-31,Oran,3.0045,85.20762
2023-06-01,Oran,2.7589,78.24240400000001
2023-06-02,Oran,2.27225,64.44101
2023-06-03,Oran,3.19655,90.654158
2023-06-04,Oran,4.0304,114.302144
2023-06-05,Oran,2.8373500000000003,80.467246
2023-06-06,Oran,3.92675,111.36263000000001
2023-06-07,Oran,0.6398,18.144728
2023-06-08,Oran,2.17565,61.701434
2023-06-09,Oran,3.8218,108.386248
2023-06-10,Oran,4.05075,114.87926999999999
2023-06-11,Oran,3.72485,105.636746
2023-06-12,Oran,3.775,107.059
2023-06-13,Oran,3.0088,85.329568
2023-06-14,Oran,3.5380000000000003,100.33768
2023-06-15,Oran,4.0550500000000005,115.00121800000001
2023-06-16,Oran,3.8212,108.369232
2023-06-17,Oran,3.4187000000000003,96.95433200000001
2023-06-18,Oran,0.91955,26.078438
2023-06-19,Oran,2.22525,63.10809
2023-06-20,Oran,2.86235,81.176246
2023-06-21,Oran,1.5571000000000002,44.159356
2023-06-22,Oran,3.8103,108.06010799999999
2023-06-23,Oran,3.2651000000000003,92.59823600000001
2023-06-24,Oran,3.0648500000000003,86.91914600000001
2023-06-25,Oran,3.4498,97.83632800000001
2023-06-26,Oran,2.5157000000000003,71.345252
2023-06-27,Oran,2.59015,73.456654
2023-06-28,Oran,2.3833,67.590388
2023-06-29,Oran,2.29615,65.118814
2023-06-30,Oran,1.82105,51.644978
2023-07-01,Oran,2.02665,57.475794
2023-07-02,Oran,1.6854,47.797944
2023-07-03,Oran,2.18225,61.88860999999999
2023-07-04,Oran,2.2893,64.924548
2023-07-05,Oran,1.7721,50.256755999999996
2023-07-06,Oran,1.62145,45.984322
2023-07-07,Oran,1.29835,36.821206
2023-07-08,Oran,1.85505,52.609218
2023-07-09,Oran,1.79725,50.97001
2023-07-10,Oran,1.53475,43.525510000000004
2023-07-11,Oran,1.5902,45.098072
2023-07-12,Oran,1.58755,45.022918
2023-07-13,Oran,1.5052,42.687472
2023-07-14,Oran,1.1622,32.959992
2023-07-15,Oran,1.33015,37.723054
2023-07-16,Oran,0.995,28.2182
2023-07-17,Oran,1.0779,30.569244
2023-07-18,Oran,1.41335,40.082606000000006
2023-07-19,Oran,1.2157,34.477252
2023-07-20,Oran,0.81455,23.100638
2023-07-21,Oran,1.0788,30.594768
2023-07-22,Oran,0.91255,25.879918
2023-07-23,Oran,0.99285,28.157226
2023-07-24,Oran,0.967,27.42412
2023-07-25,Oran,0.9165,25.99194
2023-07-26,Oran,0.68755,19.498918
2023-07-27,Oran,0.6954,19.721544
2023-07-28,Oran,0.9495,26.92782
2023-07-29,Oran,1.12985,32.042546
2023-07-30,Oran,1.1009,31.221524
2023-07-31,Oran,0.8429000000000001,23.904644
2023-08-01,Oran,0.8716,24.718576000000002
2023-08-02,Oran,0.8236,23.357295999999998
2023-08-03,Oran,0.7249,20.558163999999998
2023-08-04,Oran,0.60035,17.025926000000002
2023-08-05,Oran,0.81215,23.032574
2023-08-06,Oran,0.8310000000000001,23.56716
2023-08-07,Oran,0.48075,13.63407
2023-08-08,Oran,0.59665,16.920994
2023-08-09,Oran,0.67235,19.067846
2023-08-10,Oran,0.66745,18.928881999999998
2023-08-11,Oran,0.6587500000000001,18.68215
2023-08-12,Oran,0.5204000000000001,14.758544000000002
2023-08-13,Oran,0.43065,12.213234
2023-08-14,Oran,0.52635,14.927285999999999
2023-08-15,Oran,0.48865,13.858113999999999
2023-08-16,Oran,0.4138,11.735368
2023-08-17,Oran,0.6568,18.626848000000003
2023-08-18,Oran,0.6339,17.977404
2023-08-19,Oran,0.51175,14.51323
2023-08-20,Oran,0.52315,14.836534
2023-08-21,Oran,0.43455,12.323838
2023-08-22,Oran,0.4136,11.729696
2023-08-23,Oran,0.3869,10.972484
2023-08-24,Oran,0.48565,13.773034
2023-08-25,Oran,0.4212,11.945232
2023-08-26,Oran,0.27585,7.823105999999999
2023-08-27,Oran,0.281,7.9691600000000005
2023-08-28,Oran,0.36355,10.310277999999998
2023-08-29,Oran,0.46425,13.166129999999999
2023-08-30,Oran,0.36075,10.23087
2023-08-31,Oran,0.33965,9.632474
2023-09-01,Oran,0.35135,9.964286
2023-09-02,Oran,0.12725,3.60881
2023-09-03,Oran,0.44195,12.533702
2023-09-04,Oran,2.1130500000000003,59.92609800000001
2023-09-05,Oran,2.6104000000000003,74.030944
2023-09-06,Oran,2.3004,65.23934399999999
2023-09-07,Oran,2.5537,72.422932
2023-09-08,Oran,2.2599,64.090764
2023-09-09,Oran,2.26535,64.245326
2023-09-10,Oran,2.24695,63.723501999999996
2023-09-11,Oran,1.80365,51.151514
2023-09-12,Oran,1.9297,54.726292
2023-09-13,Oran,1.251,35.478359999999995
2023-09-14,Oran,1.52255,43.179518
2023-09-15,Oran,0.91755,26.021718
2023-09-16,Oran,1.64825,46.744369999999996
2023-09-17,Oran,1.4280000000000002,40.49808
2023-09-18,Oran,2.10565,59.71623399999999
2023-09-19,Oran,0.9892,28.053711999999997
2023-09-20,Oran,2.55675,72.50943
2023-09-21,Oran,2.39,67.7804
2023-09-22,Oran,2.1188,60.089167999999994
2023-09-23,Oran,2.20315,62.481334
2023-09-24,Oran,1.66565,47.237834
2023-09-25,Oran,1.8194,51.598183999999996
2023-09-26,Oran,1.50195,42.595302
2023-09-27,Oran,1.30895,37.121822
2023-09-28,Oran,1.50385,42.64918599999999
2023-09-29,Oran,1.3532000000000002,38.376752
2023-09-30,Oran,1.16615,33.072014
2023-10-01,Oran,1.2144,34.440383999999995
2023-10-02,Oran,1.0747,30.478492
2023-10-03,Oran,1.14765,32.547354
2023-10-04,Oran,0.7344,20.827584
2023-10-05,Oran,0.8813000000000001,24.993668000000003
2023-10-06,Oran,0.7971,22.605756
2023-10-07,Oran,0.76565,21.713834000000002
2023-10-08,Oran,0.72465,20.551074
2023-10-09,Oran,0.614,17.41304
2023-10-10,Oran,0.5808,16.471488
2023-10-11,Oran,0.6112500000000001,17.335050000000003
2023-10-12,Oran,0.614,17.41304
2023-10-13,Oran,0.6435500000000001,18.251078000000003
2023-10-14,Oran,0.181,5.13316
2023-10-15,Oran,0.4957,14.058051999999998
2023-10-16,Oran,0.45525,12.91089
2023-10-17,Oran,0.4052,11.491472
2023-10-18,Oran,0.3004,8.519344
2023-10-19,Oran,0.26315,7.462934
2023-10-20,Oran,0.9008,25.546688
2023-10-21,Oran,1.08125,30.66425
2023-10-22,Oran,0.4073,11.551028
2023-10-23,Oran,0.77405,21.952058
2023-10-24,Oran,0.91345,25.905442
2023-10-25,Oran,0.8328500000000001,23.619626000000004
2023-10-26,Oran,0.4717,13.377412
2023-10-27,Oran,1.00235,28.426646
2023-10-28,Oran,0.94015,26.662654
2023-10-29,Oran,0.9164,25.989103999999998
2023-10-30,Oran,0.47675,13.52063
2023-10-31,Oran,0.5355000000000001,15.186780000000002
2023-11-01,Oran,0.6396000000000001,18.139056
2023-11-02,Oran,0.43785,12.417426
2023-11-03,Oran,0.3993,11.324148
2023-11-04,Oran,0.49485,14.033946
2023-11-05,Oran,0.5092,14.440911999999999
2023-11-06,Oran,0.44375,12.58475
2023-11-07,Oran,0.50415,14.297694
2023-11-08,Oran,0.4259,12.078524
2023-11-09,Oran,0.3786,10.737096
2023-11-10,Oran,0.3246,9.205656
2023-11-11,Oran,0.29245,8.293882
2023-11-12,Oran,0.31225,8.855410000000001
2023-11-13,Oran,0.38915,11.036294
2023-11-14,Oran,0.6396000000000001,18.139056
2023-11-15,Oran,0.60815,17.247134
2023-11-16,Oran,0.4361,12.367796
2023-11-17,Oran,0.46685,13.239866
2023-11-18,Oran,0.40765,11.560954
2023-11-19,Oran,0.4915,13.938939999999999
2023-11-20,Oran,0.4194,11.894184
2023-11-21,Oran,0.25175,7.1396299999999995
2023-11-22,Oran,0.2374,6.732664
2023-11-23,Oran,0.29305,8.310898
2023-11-24,Oran,0.3498,9.920328
2023-11-25,Oran,0.3508,9.948688
2023-11-26,Oran,0.31445,8.917802
2023-11-27,Oran,0.26755,7.587718
2023-11-28,Oran,0.1535,4.35326
2023-11-29,Oran,0.16795,4.763062
2023-11-30,Oran,0.0677,1.9199719999999998
2023-12-01,Oran,0.0922,2.614792
2023-12-02,Oran,0.1472,4.174592
2023-12-03,Oran,0.2566,7.277176
2023-12-04,Oran,0.10115,2.868614
2023-12-05,Oran,0.2427,6.882972
2023-12-06,Oran,0.2284,6.477424
2023-12-07,Oran,0.2492,7.067312
2023-12-08,Oran,0.2599,7.370764
2023-12-09,Oran,0.31865,9.036914
2023-12-10,Oran,0.34725,9.84801
2023-12-11,Oran,0.84265,23.897554
2023-12-12,Oran,0.5962000000000001,16.908232
2023-12-13,Oran,0.18595,5.273542
2023-12-14,Oran,0.3104,8.802944
2023-12-15,Oran,0.4076,11.559536
2023-12-16,Oran,0.4064,11.525504
2023-12-17,Oran,0.37005,10.494618
2023-12-18,Oran,0.34275,9.72039
2023-12-19,Oran,0.42865,12.156514
2023-12-20,Oran,0.1512,4.288032
2023-12-21,Oran,0.2586,7.333896
2023-12-22,Oran,0.2843,8.062748
2023-12-23,Oran,0.36305,10.296097999999999
2023-12-24,Oran,0.38965,11.050474
2023-12-25,Oran,0.3454,9.795544
2023-12-26,Oran,0.3421,9.701956000000001
2023-12-27,Oran,0.34925,9.90473
2023-12-28,Oran,0.26145,7.414722
2023-12-29,Oran,0.1807,5.124652
2023-12-30,Oran,0.34415,9.760094
2023-12-31,Oran,0.1345,3.81442
2024-01-01,Oran,0.1785,5.062259999999999
2024-01-02,Oran,0.2556,7.248816
2024-01-03,Oran,0.21375,6.0619499999999995
2024-01-04,Oran,0.14325,4.06257
2024-01-05,Oran,0.30905,8.764657999999999
2024-01-06,Oran,0.48495,13.753181999999999
2024-01-07,Oran,0.54155,15.358357999999999
2024-01-08,Oran,0.5602,15.887272000000001
2024-01-09,Oran,0.53595,15.199542000000001
2024-01-10,Oran,0.2657,7.535252
2024-01-11,Oran,0.54255,15.386717999999998
2024-01-12,Oran,0.3381,9.588516
2024-01-13,Oran,0.8313,23.575668
2024-01-14,Oran,1.0547,29.911292
2024-01-15,Oran,0.31235,8.858246000000001
2024-01-16,Oran,0.81265,23.046754
2024-01-17,Oran,0.6224000000000001,17.651264
2024-01-18,Oran,0.4681,13.275316
2024-01-19,Oran,0.23335,6.617806
2024-01-20,Oran,0.3038,8.615768000000001
2024-01-21,Oran,0.59595,16.901142
2024-01-22,Oran,1.1155,31.635579999999997
2024-01-23,Oran,1.05385,29.887186
2024-01-24,Oran,1.37695,39.050301999999995
2024-01-25,Oran,1.6647500000000002,47.21231
2024-01-26,Oran,1.54715,43.877174
2024-01-27,Oran,1.2197,34.590692
2024-01-28,Oran,1.0747,30.478492
2024-01-29,Oran,0.4503,12.770508
2024-01-30,Oran,0.5218,14.798248000000001
2024-01-31,Oran,0.5304,15.042143999999999
2024-02-01,Oran,0.9677,27.443972
2024-02-02,Oran,0.88065,24.975234
2024-02-03,Oran,0.77585,22.003106
2024-02-04,Oran,1.08965,30.902473999999998
2024-02-05,Oran,1.05525,29.92689
2024-02-06,Oran,0.6853,19.435108
2024-02-07,Oran,0.51835,14.700406
2024-02-08,Oran,0.60775,17.23579
2024-02-09,Oran,0.17855,5.0636779999999995
2024-02-10,Oran,0.54715,15.517174
2024-02-11,Oran,0.4357,12.356451999999999
2024-02-12,Oran,0.96095,27.252542
2024-02-13,Oran,1.18145,33.505922
2024-02-14,Oran,0.83645,23.721722
2024-02-15,Oran,0.7588,21.519568
2024-02-16,Oran,0.7269,20.614884
2024-02-17,Oran,1.1950500000000002,33.891618
2024-02-18,Oran,1.40815,39.935134
2024-02-19,Oran,1.30035,36.877925999999995
2024-02-20,Oran,1.57785,44.747825999999996
2024-02-21,Oran,1.39975,39.69691
2024-02-22,Oran,0.8791,24.931276
2024-02-23,Oran,0.48855,13.855277999999998
2024-02-24,Oran,0.44055,12.493998
2024-02-25,Oran,0.30515,8.654053999999999
2024-02-26,Oran,0.4342,12.313911999999998
2024-02-27,Oran,0.6523,18.499228
2024-02-28,Oran,1.18635,33.644886
2024-02-29,Oran,1.2549,35.588964
2024-03-01,Oran,1.3020500000000002,36.926138
2024-03-02,Oran,0.60595,17.184742
2024-03-03,Oran,0.95165,26.988794
2024-03-04,Oran,0.57085,16.189306
2024-03-05,Oran,1.6908500000000002,47.95250600000001
2024-03-06,Oran,1.93075,54.75607
2024-03-07,Oran,1.07155,30.389158
2024-03-08,Oran,1.0785,30.58626
2024-03-09,Oran,0.3219,9.129084
2024-03-10,Oran,1.1257,31.924851999999998
2024-03-11,Oran,1.2634,35.830024
2024-03-12,Oran,2.0204500000000003,57.29996200000001
2024-03-13,Oran,2.2394000000000003,63.509384000000004
2024-03-14,Oran,2.3919,67.834284
2024-03-15,Oran,2.1885,62.065859999999994
2024-03-16,Oran,2.3656,67.08841600000001
2024-03-17,Oran,2.7071,76.773356
2024-03-18,Oran,2.6603,75.446108
2024-03-19,Oran,2.0161,57.17659599999999
2024-03-20,Oran,1.64745,46.721682
2024-03-21,Oran,1.1444,32.455184
2024-03-22,Oran,2.42635,68.811286
2024-03-23,Oran,1.60405,45.490857999999996
2024-03-24,Oran,0.82965,23.528874
2024-03-25,Oran,0.4572,12.966192
2024-03-26,Oran,0.7931,22.492316
2024-03-27,Oran,1.1522,32.67639199999999
2024-03-28,Oran,1.07355,30.445878
2024-03-29,Oran,1.5185,43.064659999999996
2024-03-30,Oran,1.41735,40.196046
2024-03-31,Oran,0.59975,17.00891
2024-04-01,Oran,2.0231,57.375116
2024-04-02,Oran,2.51715,71.386374
2024-04-03,Oran,2.85665,81.014594
2024-04-04,Oran,3.47915,98.668694
2024-04-05,Oran,3.98555,113.030198
2024-04-06,Oran,2.98395,84.624822
2024-04-07,Oran,2.66815,75.66873399999999
2024-04-08,Oran,2.83665,80.447394
2024-04-09,Oran,2.6686,75.681496
2024-04-10,Oran,3.21525,91.18449
2024-04-11,Oran,2.9171,82.728956
2024-04-12,Oran,2.95445,83.788202
2024-04-13,Oran,3.1014,87.955704
2024-04-14,Oran,2.8417000000000003,80.59061200000001
2024-04-15,Oran,2.4344,69.039584
2024-04-16,Oran,2.6981,76.518116
2024-04-17,Oran,2.4727,70.125772
2024-04-18,Oran,2.4419,69.252284
2024-04-19,Oran,0.8851,25.101436
2024-04-20,Oran,2.07765,58.922154000000006
2024-04-21,Oran,1.818,51.55848
2024-04-22,Oran,1.8403,52.190908
2024-04-23,Oran,1.5092,42.800912000000004
2024-04-24,Oran,1.6227,46.019772
2024-04-25,Oran,1.35265,38.361154
2024-04-26,Oran,1.22795,34.824662000000004
2024-04-27,Oran,0.4821,13.672355999999999
2024-04-28,Oran,1.1654,33.050744
2024-04-29,Oran,0.46915,13.305094
2024-04-30,Oran,1.90785,54.106626
2024-05-01,Oran,1.73995,49.344982
2024-05-02,Oran,2.8775,81.60589999999999
2024-05-03,Oran,3.44735,97.766846
2024-05-04,Oran,3.9151,111.032236
2024-05-05,Oran,2.93845,83.334442
2024-05-06,Oran,1.8976,53.815936
2024-05-07,Oran,3.0909,87.657924
2024-05-08,Oran,2.8729,81.475444
2024-05-09,Oran,2.3924000000000003,67.848464
2024-05-10,Oran,2.4785500000000003,70.291678
2024-05-11,Oran,2.10975,59.83251
2024-05-12,Oran,2.49295,70.700062
2024-05-13,Oran,2.0001,56.72283600000001
2024-05-14,Oran,1.6444,46.635184
2024-05-15,Oran,1.6356000000000002,46.385616000000006
2024-05-16,Oran,1.47595,41.857942
2024-05-17,Oran,1.50455,42.669038
2024-05-18,Oran,1.9134,54.264024
2024-05-19,Oran,1.3046,36.998456
2024-05-20,Oran,1.32705,37.635138
2024-05-21,Oran,1.27025,36.02429
2024-05-22,Oran,1.61675,45.851029999999994
2024-05-23,Oran,1.2732,36.107952000000004
2024-05-24,Oran,1.6156,45.818416
2024-05-25,Oran,1.73555,49.220197999999996
2024-05-26,Oran,1.41515,40.133654
2024-05-27,Oran,1.42965,40.544874
2024-05-28,Oran,1.07565,30.505433999999997
2024-05-29,Oran,1.5062,42.715832
2024-05-30,Oran,1.46575,41.568670000000004
2024-05-31,Oran,0.8831500000000001,25.046134000000002
2024-06-01,Oran,0.6577000000000001,18.652372
2024-06-02,Oran,0.69755,19.782518
2024-06-03,Oran,0.59125,16.767850000000003
2024-06-04,Oran,0.96085,27.249706
2024-06-05,Oran,1.1585,32.85506
2024-06-06,Oran,0.73715,20.905573999999998
2024-06-07,Oran,0.67055,19.016797999999998
2024-06-08,Oran,0.57035,16.175126
2024-06-09,Oran,2.7903,79.13290799999999
2024-06-10,Oran,2.18045,61.837562
2024-06-11,Oran,2.3672500000000003,67.13521
2024-06-12,Oran,1.35415,38.403694
2024-06-13,Oran,3.84285,108.98322599999999
2024-06-14,Oran,4.7695,135.26301999999998
2024-06-15,Oran,4.2656,120.972416
2024-06-16,Oran,3.7816,107.246176
2024-06-17,Oran,3.0577,86.716372
2024-06-18,Oran,2.6677,75.65597199999999
2024-06-19,Oran,2.2491,63.784476
2024-06-20,Oran,1.50985,42.819345999999996
2024-06-21,Oran,1.95895,55.555822
2024-06-22,Oran,2.0724,58.773264
2024-06-23,Oran,1.69755,48.142517999999995
2024-06-24,Oran,1.333,37.80388
2024-06-25,Oran,1.3837000000000002,39.241732000000006
2024-06-26,Oran,0.94755,26.872518
2024-06-27,Oran,1.07845,30.584842
2024-06-28,Oran,0.52585,14.913106
2024-06-29,Oran,0.79195,22.459702
2024-06-30,Oran,3.2462,92.062232
2024-07-01,Oran,3.07795,87.290662
2024-07-02,Oran,3.15545,89.488562
2024-07-03,Oran,3.0047,85.213292
2024-07-04,Oran,2.4135500000000003,68.448278
2024-07-05,Oran,1.8125,51.402499999999996
2024-07-06,Oran,1.71545,48.650161999999995
2024-07-07,Oran,0.8399500000000001,23.820982
2024-07-08,Oran,1.266,35.90376
2024-07-09,Oran,1.4905000000000002,42.27058
2024-07-10,Oran,1.5389000000000002,43.643204000000004
2024-07-11,Oran,1.38795,39.362262
2024-07-12,Oran,1.0782500000000002,30.579170000000005
2024-07-13,Oran,0.7634000000000001,21.650024000000002
2024-07-14,Oran,0.9799,27.789963999999998
2024-07-15,Oran,0.9251,26.235836
2024-07-16,Oran,0.8595,24.375420000000002
2024-07-17,Oran,0.6156,17.458416
2024-07-18,Oran,0.6799000000000001,19.281964000000002
2024-07-19,Oran,0.77925,22.099529999999998
2024-07-20,Oran,0.6485500000000001,18.392878000000003
2024-07-21,Oran,0.6567000000000001,18.624012
2024-07-22,Oran,0.44495,12.618782
2024-07-23,Oran,0.53505,15.174018
2024-07-24,Oran,0.5866,16.635976
2024-07-25,Oran,0.5301,15.033636
2024-07-26,Oran,0.31365,8.895114
2024-07-27,Oran,0.3738,10.600968
2024-07-28,Oran,0.32365,9.178714
2024-07-29,Oran,0.272,7.713920000000001
2024-07-30,Oran,0.2901,8.227236000000001
2024-07-31,Oran,0.41575,11.79067
2024-08-01,Oran,0.42265,11.986354
2024-08-02,Oran,0.32795,9.300662
2024-08-03,Oran,0.2978,8.445608
2024-08-04,Oran,0.31,8.791599999999999
2024-08-05,Oran,0.2015,5.71454
2024-08-06,Oran,0.1807,5.124652
2024-08-07,Oran,0.1862,5.280632
2024-08-08,Oran,0.23805,6.751098
2024-08-09,Oran,0.22965,6.512874
2024-08-10,Oran,0.1993,5.652148
2024-08-11,Oran,0.1915,5.43094
2024-08-12,Oran,0.2873,8.147828
2024-08-13,Oran,0.2511,7.121195999999999
2024-08-14,Oran,0.164,4.65104
2024-08-15,Oran,0.19555,5.545798
2024-08-16,Oran,0.2241,6.3554759999999995
2024-08-17,Oran,0.1541,4.370276
2024-08-18,Oran,0.2408,6.829088
2024-08-19,Oran,0.187,5.30332
2024-08-20,Oran,0.2004,5.683344
2024-08-21,Oran,0.10235,2.902646
2024-08-22,Oran,0.1554,4.407144000000001
2024-08-23,Oran,2.0834,59.085224000000004
2024-08-24,Oran,0.55515,15.744054
2024-08-25,Oran,0.2836,8.042896
2024-08-26,Oran,0.4638,13.153367999999999
2024-08-27,Oran,0.383,10.86188
2024-08-28,Oran,0.32435,9.198566000000001
2024-08-29,Oran,0.2225,6.3101
2024-08-30,Oran,0.179,5.07644
2024-08-31,Oran,0.2628,7.453008
2024-09-01,Oran,0.32595,9.243942
2024-09-02,Oran,0.2304,6.5341439999999995
2024-09-03,Oran,1.2366,35.069976
2024-09-04,Oran,2.161,61.28596
2024-09-05,Oran,1.3487,38.249132
2024-09-06,Oran,1.48075,41.99407
2024-09-07,Oran,1.3509,38.311524
2024-09-08,Oran,1.5525,44.0289
2024-09-09,Oran,2.2199,62.956364
2024-09-10,Oran,1.9465,55.20274
2024-09-11,Oran,1.3160500000000002,37.323178000000006
2024-09-12,Oran,1.13605,32.218378
2024-09-13,Oran,0.54495,15.454782000000002
2024-09-14,Oran,0.55045,15.610762
2024-09-15,Oran,0.91955,26.078438
2024-09-16,Oran,0.8611500000000001,24.422214
2024-09-17,Oran,0.39245,11.129882
2024-09-18,Oran,0.31645,8.974522
2024-09-19,Oran,0.1458,4.134888
2024-09-20,Oran,1.00405,28.474858
2024-09-21,Oran,0.5951000000000001,16.877036
2024-09-22,Oran,1.7181000000000002,48.72531600000001
2024-09-23,Oran,1.8428,52.261808
2024-09-24,Oran,1.18355,33.565478
2024-09-25,Oran,1.2482,35.398952
2024-09-26,Oran,1.1013,31.232867999999996
2024-09-27,Oran,1.01545,28.798161999999998
2024-09-28,Oran,1.01605,28.815177999999996
2024-09-29,Oran,0.6075,17.2287
2024-09-30,Oran,0.7384000000000001,20.941024000000002
2024-10-01,Oran,0.69365,19.671914
2024-10-02,Oran,0.3899,11.057564000000001
2024-10-03,Oran,0.31795,9.017062
2024-10-04,Oran,0.4798,13.607128
2024-10-05,Oran,0.42845,12.150841999999999
2024-10-06,Oran,0.4573,12.969028
2024-10-07,Oran,0.24125,6.84185
2024-10-08,Oran,1.1215000000000002,31.805740000000004
2024-10-09,Oran,0.5609500000000001,15.908542
2024-10-10,Oran,0.8267,23.445211999999998
2024-10-11,Oran,0.8338,23.646568
2024-10-12,Oran,0.60285,17.096826
2024-10-13,Oran,0.7563500000000001,21.450086000000002
2024-10-14,Oran,0.69745,19.779682
2024-10-15,Oran,0.3032,8.598752000000001
2024-10-16,Oran,0.5283,14.982588
2024-10-17,Oran,0.6373500000000001,18.075246000000003
2024-10-18,Oran,1.18035,33.474726
2024-10-19,Oran,1.1702,33.186871999999994
2024-10-20,Oran,1.32525,37.58409
2024-10-21,Oran,1.21445,34.441802
2024-10-22,Oran,0.4986,14.140296
2024-10-23,Oran,0.3391,9.616876
2024-10-24,Oran,0.7804000000000001,22.132144000000004
2024-10-25,Oran,0.38145,10.817922
2024-10-26,Oran,1.05125,29.81345
2024-10-27,Oran,0.57325,16.25737
2024-10-28,Oran,1.03335,29.305806
2024-10-29,Oran,0.31225,8.855410000000001
2024-10-30,Oran,1.16,32.8976
2024-10-31,Oran,1.1967,33.938412
2024-11-01,Oran,1.1156,31.638415999999996
2024-11-02,Oran,1.2258,34.763688
2024-11-03,Oran,0.7362500000000001,20.88005
2024-11-04,Oran,1.0184,28.881823999999998
2024-11-05,Oran,1.4427,40.914972
2024-11-06,Oran,1.21255,34.387918
2024-11-07,Oran,0.9768,27.702047999999998
2024-11-08,Oran,0.6123000000000001,17.364828000000003
2024-11-09,Oran,0.8225,23.3261
2024-11-10,Oran,1.2098,34.309928
2024-11-11,Oran,1.04765,29.711354
2024-11-12,Oran,1.01395,28.755621999999995
2024-11-13,Oran,0.2098,5.949928
2024-11-14,Oran,0.29675,8.41583
2024-11-15,Oran,0.14705,4.170337999999999
2024-11-16,Oran,0.45025,12.769089999999998
2024-11-17,Oran,1.14555,32.487798
2024-11-18,Oran,1.2338,34.990567999999996
2024-11-19,Oran,1.1314,32.086504
2024-11-20,Oran,0.93465,26.506674
2024-11-21,Oran,0.75795,21.495462
2024-11-22,Oran,0.6115,17.34214
2024-11-23,Oran,0.69815,19.799534
2024-11-24,Oran,0.72185,20.471666
2024-11-25,Oran,1.0208,28.949887999999998
2024-11-26,Oran,0.8084,22.926224
2024-11-27,Oran,0.7736500000000001,21.940714
2024-11-28,Oran,0.8307,23.558652
2024-11-29,Oran,1.17945,33.449202
2024-11-30,Oran,1.1019,31.249884
2024-12-01,Oran,1.0196500000000002,28.917274000000003
2024-12-02,Oran,1.0345,29.33842
2024-12-03,Oran,0.8693500000000001,24.654766000000002
2024-12-04,Oran,0.46635,13.225686
2024-12-05,Oran,0.8418,23.873448
2024-12-06,Oran,0.8194,23.238184
2024-12-07,Oran,0.7027,19.928572
2024-12-08,Oran,0.50255,14.252318
2024-12-09,Oran,0.4003,11.352508
2024-12-10,Oran,0.39545,11.214962
2024-12-11,Oran,0.39105,11.090178
2024-12-12,Oran,0.2808,7.963488
2024-12-13,Oran,0.42175,11.96083
2024-12-14,Oran,0.51545,14.618161999999998
2024-12-15,Oran,0.49145,13.937522
2024-12-16,Oran,0.3753,10.643508
2024-12-17,Oran,0.52405,14.862058
2024-12-18,Oran,0.85785,24.328626
2024-12-19,Oran,0.4964,14.077904
2024-12-20,Oran,0.3839,10.887404
2024-12-21,Oran,0.47895,13.583022
2024-12-22,Oran,0.5992500000000001,16.99473
2024-12-23,Oran,0.37805,10.721498
2024-12-24,Oran,0.5848,16.584927999999998
2024-12-25,Oran,0.58585,16.614705999999998
2024-12-26,Oran,0.3683,10.444988
2024-12-27,Oran,0.3065,8.69234
2024-12-28,Oran,0.351,9.95436
2024-12-29,Oran,0.2903,8.232908
2024-12-30,Oran,0.4028,11.423408
2024-12-31,Oran,0.14405,4.0852580000000005
2018-01-01,Tarazona,0.6149,17.438564
2018-01-02,Tarazona,0.4365,12.37914
2018-01-03,Tarazona,0.20325,5.764169999999999
2018-01-04,Tarazona,0.2079,5.896044
2018-01-05,Tarazona,0.33125,9.39425
2018-01-06,Tarazona,0.1427,4.046971999999999
2018-01-07,Tarazona,0.46045,13.058362
2018-01-08,Tarazona,0.4324,12.262864
2018-01-09,Tarazona,0.39415,11.178094
2018-01-10,Tarazona,0.38185,10.829266
2018-01-11,Tarazona,0.4616,13.090976
2018-01-12,Tarazona,0.6194000000000001,17.566184
2018-01-13,Tarazona,0.51025,14.47069
2018-01-14,Tarazona,0.391,11.08876
2018-01-15,Tarazona,0.5827,16.525372
2018-01-16,Tarazona,0.5284500000000001,14.986842000000003
2018-01-17,Tarazona,0.57915,16.424694000000002
2018-01-18,Tarazona,0.55255,15.670318
2018-01-19,Tarazona,0.6223500000000001,17.649846
2018-01-20,Tarazona,0.6618,18.768648000000002
2018-01-21,Tarazona,0.56205,15.939738000000002
2018-01-22,Tarazona,0.41955,11.898437999999999
2018-01-23,Tarazona,0.3903,11.068907999999999
2018-01-24,Tarazona,0.4763,13.507868
2018-01-25,Tarazona,0.2857,8.102452
2018-01-26,Tarazona,0.55935,15.863166
2018-01-27,Tarazona,0.77775,22.056990000000003
2018-01-28,Tarazona,0.10395,2.948022
2018-01-29,Tarazona,0.7038000000000001,19.959768000000004
2018-01-30,Tarazona,0.5931500000000001,16.821734000000003
2018-01-31,Tarazona,0.6463000000000001,18.329068000000003
2018-02-01,Tarazona,0.43075,12.21607
2018-02-02,Tarazona,0.7337,20.807732
2018-02-03,Tarazona,0.89275,25.31839
2018-02-04,Tarazona,0.2946,8.354856
2018-02-05,Tarazona,0.36955,10.480438
2018-02-06,Tarazona,0.297,8.42292
2018-02-07,Tarazona,0.7625000000000001,21.6245
2018-02-08,Tarazona,0.7304,20.714144
2018-02-09,Tarazona,0.7416,21.031776
2018-02-10,Tarazona,0.76405,21.668458
2018-02-11,Tarazona,0.9166,25.994775999999998
2018-02-12,Tarazona,0.4734,13.425624
2018-02-13,Tarazona,0.9346,26.505256
2018-02-14,Tarazona,0.6716,19.046575999999998
2018-02-15,Tarazona,0.98355,27.893478
2018-02-16,Tarazona,0.89775,25.46019
2018-02-17,Tarazona,0.8571500000000001,24.308774000000003
2018-02-18,Tarazona,0.78115,22.153414
2018-02-19,Tarazona,1.1454,32.483544
2018-02-20,Tarazona,1.0804,30.640144
2018-02-21,Tarazona,0.96285,27.306426
2018-02-22,Tarazona,0.9067,25.714011999999997
2018-02-23,Tarazona,0.8653500000000001,24.541326
2018-02-24,Tarazona,0.6524500000000001,18.503482
2018-02-25,Tarazona,0.6444500000000001,18.276602
2018-02-26,Tarazona,0.80705,22.887938000000002
2018-02-27,Tarazona,0.03825,1.08477
2018-02-28,Tarazona,0.5135000000000001,14.562860000000002
2018-03-01,Tarazona,0.65885,18.684986000000002
2018-03-02,Tarazona,0.4791,13.587276000000001
2018-03-03,Tarazona,1.0017,28.408212
2018-03-04,Tarazona,0.8965,25.42474
2018-03-05,Tarazona,0.6715,19.04374
2018-03-06,Tarazona,0.9465,26.84274
2018-03-07,Tarazona,1.31155,37.195558
2018-03-08,Tarazona,0.5542,15.717112
2018-03-09,Tarazona,1.3120500000000002,37.209738
2018-03-10,Tarazona,1.00605,28.531578000000003
2018-03-11,Tarazona,0.9201,26.094036
2018-03-12,Tarazona,1.4544,41.246784
2018-03-13,Tarazona,1.184,33.57824
2018-03-14,Tarazona,0.8591000000000001,24.364076
2018-03-15,Tarazona,1.18825,33.69877
2018-03-16,Tarazona,1.08065,30.647234
2018-03-17,Tarazona,0.53795,15.256262000000001
2018-03-18,Tarazona,1.19795,33.973862000000004
2018-03-19,Tarazona,0.6122500000000001,17.363410000000002
2018-03-20,Tarazona,1.18185,33.517266
2018-03-21,Tarazona,1.66385,47.186786
2018-03-22,Tarazona,1.6684,47.315824
2018-03-23,Tarazona,1.2745,36.144819999999996
2018-03-24,Tarazona,1.16505,33.040817999999994
2018-03-25,Tarazona,1.3109,37.177124
2018-03-26,Tarazona,1.7148,48.631728
2018-03-27,Tarazona,1.9523,55.367228
2018-03-28,Tarazona,2.3213,65.83206799999999
2018-03-29,Tarazona,1.4699,41.686364
2018-03-30,Tarazona,0.8136000000000001,23.073696
2018-03-31,Tarazona,1.27535,36.168926
2018-04-01,Tarazona,1.8375,52.1115
2018-04-02,Tarazona,1.68595,47.813542
2018-04-03,Tarazona,1.35155,38.329958
2018-04-04,Tarazona,0.872,24.72992
2018-04-05,Tarazona,1.79015,50.768654
2018-04-06,Tarazona,1.0841,30.745076
2018-04-07,Tarazona,0.30135,8.546286
2018-04-08,Tarazona,1.34745,38.213682
2018-04-09,Tarazona,1.5156500000000002,42.983834
2018-04-10,Tarazona,0.5145000000000001,14.591220000000002
2018-04-11,Tarazona,0.5272,14.951392
2018-04-12,Tarazona,1.2906,36.601416
2018-04-13,Tarazona,2.12725,60.328810000000004
2018-04-14,Tarazona,3.18615,90.359214
2018-04-15,Tarazona,2.5829500000000003,73.25246200000001
2018-04-16,Tarazona,2.18835,62.06160599999999
2018-04-17,Tarazona,3.39935,96.40556600000001
2018-04-18,Tarazona,3.61785,102.60222599999999
2018-04-19,Tarazona,3.0259500000000004,85.815942
2018-04-20,Tarazona,2.0648,58.557728
2018-04-21,Tarazona,1.85465,52.597874
2018-04-22,Tarazona,2.32355,65.895878
2018-04-23,Tarazona,2.4345,69.04241999999999
2018-04-24,Tarazona,2.2378,63.464008
2018-04-25,Tarazona,2.51425,71.30413
2018-04-26,Tarazona,2.61195,74.07490200000001
2018-04-27,Tarazona,2.55215,72.378974
2018-04-28,Tarazona,2.3778,67.434408
2018-04-29,Tarazona,1.3538,38.393767999999994
2018-04-30,Tarazona,1.31765,37.368553999999996
2018-05-01,Tarazona,1.8117,51.379812
2018-05-02,Tarazona,2.0585,58.379059999999996
2018-05-03,Tarazona,2.18925,62.087129999999995
2018-05-04,Tarazona,2.2830000000000004,64.74588000000001
2018-05-05,Tarazona,1.8499,52.463164
2018-05-06,Tarazona,2.1028,59.63540799999999
2018-05-07,Tarazona,2.20695,62.589102
2018-05-08,Tarazona,1.35395,38.398022
2018-05-09,Tarazona,2.3240000000000003,65.90864
2018-05-10,Tarazona,1.62175,45.99283
2018-05-11,Tarazona,2.74115,77.739014
2018-05-12,Tarazona,2.5116,71.228976
2018-05-13,Tarazona,2.4200500000000003,68.63261800000001
2018-05-14,Tarazona,2.1553500000000003,61.12572600000001
2018-05-15,Tarazona,2.4408,69.221088
2018-05-16,Tarazona,2.09,59.2724
2018-05-17,Tarazona,1.94925,55.28073
2018-05-18,Tarazona,1.54245,43.743882
2018-05-19,Tarazona,1.7517,49.678212
2018-05-20,Tarazona,1.51205,42.881738
2018-05-21,Tarazona,1.6833,47.738388
2018-05-22,Tarazona,1.9587,55.548732
2018-05-23,Tarazona,1.82845,51.854842
2018-05-24,Tarazona,1.40345,39.801842
2018-05-25,Tarazona,0.8047500000000001,22.82271
2018-05-26,Tarazona,1.9932,56.527152
2018-05-27,Tarazona,1.09315,31.001734000000003
2018-05-28,Tarazona,2.9875000000000003,84.72550000000001
2018-05-29,Tarazona,1.42305,40.357698
2018-05-30,Tarazona,3.72565,105.65943399999999
2018-05-31,Tarazona,4.3408,123.105088
2018-06-01,Tarazona,3.88265,110.111954
2018-06-02,Tarazona,1.67685,47.555465999999996
2018-06-03,Tarazona,3.9438,111.84616799999999
2018-06-04,Tarazona,3.7911,107.515596
2018-06-05,Tarazona,3.2772,92.94139200000001
2018-06-06,Tarazona,1.95685,55.496266
2018-06-07,Tarazona,3.97605,112.76077799999999
2018-06-08,Tarazona,3.5732500000000003,101.33737
2018-06-09,Tarazona,2.44235,69.265046
2018-06-10,Tarazona,3.9627,112.382172
2018-06-11,Tarazona,4.121,116.87156000000002
2018-06-12,Tarazona,4.4081,125.013716
2018-06-13,Tarazona,4.40655,124.969758
2018-06-14,Tarazona,4.2024,119.180064
2018-06-15,Tarazona,4.20585,119.27790599999999
2018-06-16,Tarazona,3.61715,102.582374
2018-06-17,Tarazona,3.68645,104.547722
2018-06-18,Tarazona,3.55825,100.91197
2018-06-19,Tarazona,3.4276500000000003,97.20815400000001
2018-06-20,Tarazona,3.1461,89.22339600000001
2018-06-21,Tarazona,3.04145,86.255522
2018-06-22,Tarazona,3.0673,86.98862799999999
2018-06-23,Tarazona,2.8965,82.14474
2018-06-24,Tarazona,2.5752,73.032672
2018-06-25,Tarazona,2.2656,64.252416
2018-06-26,Tarazona,1.95525,55.450889999999994
2018-06-27,Tarazona,2.11785,60.062225999999995
2018-06-28,Tarazona,1.82585,51.781106
2018-06-29,Tarazona,1.33265,37.793954
2018-06-30,Tarazona,1.649,46.76564
2018-07-01,Tarazona,1.6131000000000002,45.747516000000005
2018-07-02,Tarazona,1.46565,41.565833999999995
2018-07-03,Tarazona,1.4979,42.480444
2018-07-04,Tarazona,1.15945,32.882002
2018-07-05,Tarazona,1.1875,33.6775
2018-07-06,Tarazona,1.23485,35.020345999999996
2018-07-07,Tarazona,1.12615,31.937614
2018-07-08,Tarazona,1.2204000000000002,34.610544000000004
2018-07-09,Tarazona,1.2832,36.391552
2018-07-10,Tarazona,1.2721,36.076755999999996
2018-07-11,Tarazona,1.18955,33.735638
2018-07-12,Tarazona,0.95955,27.212838
2018-07-13,Tarazona,0.83465,23.670673999999998
2018-07-14,Tarazona,1.059,30.03324
2018-07-15,Tarazona,0.8791000000000001,24.931276000000004
2018-07-16,Tarazona,0.74655,21.172158
2018-07-17,Tarazona,0.95285,27.022826
2018-07-18,Tarazona,1.0076,28.575536
2018-07-19,Tarazona,1.05385,29.887186
2018-07-20,Tarazona,0.9091,25.782076
2018-07-21,Tarazona,0.7223,20.484428
2018-07-22,Tarazona,0.67965,19.274874
2018-07-23,Tarazona,0.86445,24.515802
2018-07-24,Tarazona,0.80705,22.887938000000002
2018-07-25,Tarazona,0.8679,24.613644
2018-07-26,Tarazona,0.8521500000000001,24.166974000000003
2018-07-27,Tarazona,0.90415,25.641694
2018-07-28,Tarazona,0.7903,22.412907999999998
2018-07-29,Tarazona,0.72265,20.494354
2018-07-30,Tarazona,0.88775,25.17659
2018-07-31,Tarazona,0.9066,25.711176
2018-08-01,Tarazona,0.79925,22.66673
2018-08-02,Tarazona,0.85335,24.201006
2018-08-03,Tarazona,0.72465,20.551074
2018-08-04,Tarazona,0.69165,19.615194
2018-08-05,Tarazona,0.6768000000000001,19.194048000000002
2018-08-06,Tarazona,0.69135,19.606686
2018-08-07,Tarazona,0.498,14.12328
2018-08-08,Tarazona,0.4636,13.147696
2018-08-09,Tarazona,0.7149,20.274563999999998
2018-08-10,Tarazona,0.4581,12.991716
2018-08-11,Tarazona,0.55435,15.721366
2018-08-12,Tarazona,0.38305,10.863298
2018-08-13,Tarazona,1.13555,32.204198
2018-08-14,Tarazona,0.8561000000000001,24.278996000000003
2018-08-15,Tarazona,0.5638,15.989367999999999
2018-08-16,Tarazona,0.38295,10.860462
2018-08-17,Tarazona,0.94085,26.682506
2018-08-18,Tarazona,1.29095,36.611342
2018-08-19,Tarazona,2.12515,60.269254000000004
2018-08-20,Tarazona,1.9728,55.948608
2018-08-21,Tarazona,1.47365,41.792714
2018-08-22,Tarazona,1.11865,31.724914
2018-08-23,Tarazona,0.7799,22.117964
2018-08-24,Tarazona,0.72075,20.44047
2018-08-25,Tarazona,0.55375,15.704349999999998
2018-08-26,Tarazona,0.56935,16.146766
2018-08-27,Tarazona,0.5516,15.643376
2018-08-28,Tarazona,0.3642,10.328712000000001
2018-08-29,Tarazona,1.0517,29.826212
2018-08-30,Tarazona,0.62515,17.729253999999997
2018-08-31,Tarazona,0.62465,17.715074
2018-09-01,Tarazona,0.48475,13.74751
2018-09-02,Tarazona,0.5428000000000001,15.393808000000002
2018-09-03,Tarazona,0.2035,5.77126
2018-09-04,Tarazona,1.5074,42.749864
2018-09-05,Tarazona,1.0163,28.822267999999998
2018-09-06,Tarazona,0.73685,20.897066
2018-09-07,Tarazona,0.34745,9.853682
2018-09-08,Tarazona,0.16875,4.78575
2018-09-09,Tarazona,0.44395,12.590422
2018-09-10,Tarazona,1.9331,54.822716
2018-09-11,Tarazona,1.9893,56.416548
2018-09-12,Tarazona,2.1947,62.241692
2018-09-13,Tarazona,2.8199,79.972364
2018-09-14,Tarazona,2.12305,60.209698
2018-09-15,Tarazona,1.07075,30.366470000000003
2018-09-16,Tarazona,2.20485,62.529545999999996
2018-09-17,Tarazona,1.3399,37.999564
2018-09-18,Tarazona,1.9574,55.511864
2018-09-19,Tarazona,2.18545,61.979361999999995
2018-09-20,Tarazona,1.9571,55.503356000000004
2018-09-21,Tarazona,1.82645,51.798122
2018-09-22,Tarazona,1.626,46.11335999999999
2018-09-23,Tarazona,1.52495,43.247582
2018-09-24,Tarazona,1.3452,38.149871999999995
2018-09-25,Tarazona,0.7541500000000001,21.387694000000003
2018-09-26,Tarazona,0.4861,13.785796
2018-09-27,Tarazona,0.7354,20.855944
2018-09-28,Tarazona,0.8724500000000001,24.742682000000002
2018-09-29,Tarazona,0.95215,27.002974000000002
2018-09-30,Tarazona,0.8572500000000001,24.31161
2018-10-01,Tarazona,0.8310500000000001,23.568578000000002
2018-10-02,Tarazona,0.70565,20.012234
2018-10-03,Tarazona,0.66225,18.78141
2018-10-04,Tarazona,0.61555,17.456998000000002
2018-10-05,Tarazona,0.4869,13.808484
2018-10-06,Tarazona,0.46785,13.268225999999999
2018-10-07,Tarazona,0.4099,11.624763999999999
2018-10-08,Tarazona,0.38215,10.837774
2018-10-09,Tarazona,0.1772,5.025392
2018-10-10,Tarazona,0.4261,12.084195999999999
2018-10-11,Tarazona,0.38255,10.849117999999999
2018-10-12,Tarazona,0.5764,16.346704
2018-10-13,Tarazona,0.55625,15.77525
2018-10-14,Tarazona,0.14115,4.003014
2018-10-15,Tarazona,0.8522500000000001,24.169810000000002
2018-10-16,Tarazona,0.97475,27.643909999999998
2018-10-17,Tarazona,1.0285,29.16826
2018-10-18,Tarazona,0.2485,7.04746
2018-10-19,Tarazona,0.38255,10.849117999999999
2018-10-20,Tarazona,0.7504000000000001,21.281344
2018-10-21,Tarazona,0.93375,26.48115
2018-10-22,Tarazona,1.29435,36.707766
2018-10-23,Tarazona,1.35005,38.287417999999995
2018-10-24,Tarazona,1.3776000000000002,39.068736
2018-10-25,Tarazona,1.4533,41.215588
2018-10-26,Tarazona,0.78035,22.130726
2018-10-27,Tarazona,0.2783,7.892588
2018-10-28,Tarazona,1.00895,28.613822
2018-10-29,Tarazona,0.80445,22.814201999999998
2018-10-30,Tarazona,0.2655,7.52958
2018-10-31,Tarazona,0.25945,7.358002
2018-11-01,Tarazona,1.1317000000000002,32.095012000000004
2018-11-02,Tarazona,1.0706,30.362216
2018-11-03,Tarazona,1.30385,36.977185999999996
2018-11-04,Tarazona,1.1864,33.64630399999999
2018-11-05,Tarazona,0.33425,9.47933
2018-11-06,Tarazona,0.68735,19.493246
2018-11-07,Tarazona,0.5949,16.871364
2018-11-08,Tarazona,0.65815,18.665134
2018-11-09,Tarazona,0.90565,25.684233999999996
2018-11-10,Tarazona,0.81,22.971600000000002
2018-11-11,Tarazona,1.1213,31.800068
2018-11-12,Tarazona,1.0445,29.62202
2018-11-13,Tarazona,0.57515,16.311254
2018-11-14,Tarazona,0.62185,17.635666
2018-11-15,Tarazona,0.5352,15.178272
2018-11-16,Tarazona,0.5802,16.454472000000003
2018-11-17,Tarazona,0.71765,20.352554
2018-11-18,Tarazona,0.219,6.21084
2018-11-19,Tarazona,0.457,12.96052
2018-11-20,Tarazona,0.4047,11.477292
2018-11-21,Tarazona,0.8697,24.664692
2018-11-22,Tarazona,0.60345,17.113842
2018-11-23,Tarazona,0.52,14.7472
2018-11-24,Tarazona,0.7765000000000001,22.02154
2018-11-25,Tarazona,0.5325,15.1017
2018-11-26,Tarazona,0.86075,24.41087
2018-11-27,Tarazona,0.8557,24.267652
2018-11-28,Tarazona,0.93475,26.50951
2018-11-29,Tarazona,0.9242,26.210312000000002
2018-11-30,Tarazona,0.6851,19.429436
2018-12-01,Tarazona,0.7598,21.547928
2018-12-02,Tarazona,0.74855,21.228878
2018-12-03,Tarazona,0.75175,21.31963
2018-12-04,Tarazona,0.80255,22.760317999999998
2018-12-05,Tarazona,0.80935,22.953166
2018-12-06,Tarazona,0.7624500000000001,21.623082
2018-12-07,Tarazona,0.5974,16.942264
2018-12-08,Tarazona,0.71775,20.35539
2018-12-09,Tarazona,0.7733,21.930788
2018-12-10,Tarazona,0.7683500000000001,21.790406
2018-12-11,Tarazona,0.67195,19.056502000000002
2018-12-12,Tarazona,0.2502,7.0956719999999995
2018-12-13,Tarazona,0.274,7.77064
2018-12-14,Tarazona,0.73505,20.846017999999997
2018-12-15,Tarazona,0.60445,17.142202
2018-12-16,Tarazona,0.4859,13.780123999999999
2018-12-17,Tarazona,0.6375500000000001,18.080918
2018-12-18,Tarazona,0.5404,15.325744
2018-12-19,Tarazona,0.5966,16.919576
2018-12-20,Tarazona,0.3839,10.887404
2018-12-21,Tarazona,0.3835,10.87606
2018-12-22,Tarazona,0.433,12.27988
2018-12-23,Tarazona,0.4373,12.401828
2018-12-24,Tarazona,0.6121,17.359156
2018-12-25,Tarazona,0.5896,16.721056
2018-12-26,Tarazona,0.61255,17.371918
2018-12-27,Tarazona,0.5639500000000001,15.993622000000002
2018-12-28,Tarazona,0.40325,11.436169999999999
2018-12-29,Tarazona,0.51885,14.714586
2018-12-30,Tarazona,0.5720000000000001,16.22192
2018-12-31,Tarazona,0.6244500000000001,17.709402
2019-01-01,Tarazona,0.55565,15.758234
2019-01-02,Tarazona,0.5428000000000001,15.393808000000002
2019-01-03,Tarazona,0.4578,12.983208
2019-01-04,Tarazona,0.3493,9.906148
2019-01-05,Tarazona,0.3857,10.938452
2019-01-06,Tarazona,0.6085,17.25706
2019-01-07,Tarazona,0.51495,14.603982
2019-01-08,Tarazona,0.38255,10.849117999999999
2019-01-09,Tarazona,0.5748,16.301327999999998
2019-01-10,Tarazona,0.48145,13.653922
2019-01-11,Tarazona,0.35105,9.955777999999999
2019-01-12,Tarazona,0.29525,8.37329
2019-01-13,Tarazona,0.31795,9.017062
2019-01-14,Tarazona,0.48455,13.741838
2019-01-15,Tarazona,0.44075,12.499669999999998
2019-01-16,Tarazona,0.3115,8.83414
2019-01-17,Tarazona,0.2659,7.540924
2019-01-18,Tarazona,0.31395,8.903622
2019-01-19,Tarazona,0.282,7.997519999999999
2019-01-20,Tarazona,0.3254,9.228344
2019-01-21,Tarazona,0.4573,12.969028
2019-01-22,Tarazona,0.226,6.40936
2019-01-23,Tarazona,0.3057,8.669652000000001
2019-01-24,Tarazona,0.4489,12.730804000000001
2019-01-25,Tarazona,0.49095,13.923342
2019-01-26,Tarazona,0.4459,12.645724
2019-01-27,Tarazona,0.3541,10.042276000000001
2019-01-28,Tarazona,0.3262,9.251032
2019-01-29,Tarazona,0.16855,4.7800780000000005
2019-01-30,Tarazona,0.3213,9.112067999999999
2019-01-31,Tarazona,0.1998,5.666328
2019-02-01,Tarazona,0.3452,9.789872
2019-02-02,Tarazona,0.7090000000000001,20.10724
2019-02-03,Tarazona,0.7081000000000001,20.081716
2019-02-04,Tarazona,0.6435000000000001,18.249660000000002
2019-02-05,Tarazona,0.6588,18.683568
2019-02-06,Tarazona,0.6081500000000001,17.247134000000003
2019-02-07,Tarazona,0.52975,15.023710000000001
2019-02-08,Tarazona,0.53335,15.125805999999999
2019-02-09,Tarazona,0.4947,14.029691999999999
2019-02-10,Tarazona,0.2827,8.017372
2019-02-11,Tarazona,0.50865,14.425314
2019-02-12,Tarazona,0.4153,11.777908
2019-02-13,Tarazona,0.4457,12.640051999999999
2019-02-14,Tarazona,0.3117,8.839811999999998
2019-02-15,Tarazona,0.2891,8.198876
2019-02-16,Tarazona,0.3445,9.770019999999999
2019-02-17,Tarazona,0.3843,10.898748
2019-02-18,Tarazona,0.3139,8.902204
2019-02-19,Tarazona,0.35215,9.986974
2019-02-20,Tarazona,0.3285,9.31626
2019-02-21,Tarazona,0.37145,10.534322
2019-02-22,Tarazona,0.43975,12.471309999999999
2019-02-23,Tarazona,0.471,13.35756
2019-02-24,Tarazona,0.3429,9.724644
2019-02-25,Tarazona,0.442,12.53512
2019-02-26,Tarazona,0.44615,12.652814
2019-02-27,Tarazona,0.49885,14.147386000000001
2019-02-28,Tarazona,0.49155,13.940358
2019-03-01,Tarazona,0.5522,15.660392
2019-03-02,Tarazona,0.5508000000000001,15.620688000000001
2019-03-03,Tarazona,0.5889500000000001,16.702622
2019-03-04,Tarazona,0.3532,10.016752
2019-03-05,Tarazona,0.22855,6.481678
2019-03-06,Tarazona,0.1861,5.2777959999999995
2019-03-07,Tarazona,0.39185,11.112865999999999
2019-03-08,Tarazona,0.4814,13.652504
2019-03-09,Tarazona,0.6747000000000001,19.134492
2019-03-10,Tarazona,0.6732,19.091952
2019-03-11,Tarazona,0.6444,18.275184
2019-03-12,Tarazona,0.5414,15.354104
2019-03-13,Tarazona,0.4615,13.088140000000001
2019-03-14,Tarazona,0.5752,16.312672
2019-03-15,Tarazona,0.6849500000000001,19.425182
2019-03-16,Tarazona,0.6948500000000001,19.705946
2019-03-17,Tarazona,0.55605,15.769578000000001
2019-03-18,Tarazona,0.4623,13.110828
2019-03-19,Tarazona,0.37465,10.625074
2019-03-20,Tarazona,0.41915,11.887094000000001
2019-03-21,Tarazona,0.43735,12.403246000000001
2019-03-22,Tarazona,0.4316,12.240176
2019-03-23,Tarazona,0.33145,9.399922
2019-03-24,Tarazona,0.52805,14.975498
2019-03-25,Tarazona,0.6888000000000001,19.534368
2019-03-26,Tarazona,0.42995,12.193382
2019-03-27,Tarazona,0.48325,13.70497
2019-03-28,Tarazona,0.53035,15.040726
2019-03-29,Tarazona,0.39525,11.20929
2019-03-30,Tarazona,0.43365,12.298314
2019-03-31,Tarazona,0.05835,1.654806
2019-04-01,Tarazona,0.8928,25.319808000000002
2019-04-02,Tarazona,1.52705,43.307138
2019-04-03,Tarazona,2.19585,62.274306
2019-04-04,Tarazona,2.0121,57.063156000000006
2019-04-05,Tarazona,0.51595,14.632342
2019-04-06,Tarazona,1.0479,29.718444
2019-04-07,Tarazona,1.2987,36.831132
2019-04-08,Tarazona,1.11085,31.503705999999998
2019-04-09,Tarazona,1.0632,30.152351999999997
2019-04-10,Tarazona,1.3359,37.886124
2019-04-11,Tarazona,2.12895,60.377022000000004
2019-04-12,Tarazona,1.93475,54.86951
2019-04-13,Tarazona,2.2197500000000003,62.952110000000005
2019-04-14,Tarazona,2.0214,57.32690399999999
2019-04-15,Tarazona,1.7535500000000002,49.730678000000005
2019-04-16,Tarazona,2.0604,58.432944
2019-04-17,Tarazona,1.1741,33.297475999999996
2019-04-18,Tarazona,0.14035,3.980326
2019-04-19,Tarazona,0.2556,7.248816
2019-04-20,Tarazona,0.8112,23.005632000000002
2019-04-21,Tarazona,0.4986,14.140296
2019-04-22,Tarazona,1.51625,43.00085
2019-04-23,Tarazona,1.14505,32.473617999999995
2019-04-24,Tarazona,2.9584,83.90022400000001
2019-04-25,Tarazona,1.7704000000000002,50.208544
2019-04-26,Tarazona,3.17775,90.12099
2019-04-27,Tarazona,3.82,108.3352
2019-04-28,Tarazona,3.96965,112.579274
2019-04-29,Tarazona,3.78235,107.267446
2019-04-30,Tarazona,3.49425,99.09693
2019-05-01,Tarazona,2.7333000000000003,77.516388
2019-05-02,Tarazona,3.5846500000000003,101.66067400000001
2019-05-03,Tarazona,2.72575,77.30227000000001
2019-05-04,Tarazona,3.76805,106.861898
2019-05-05,Tarazona,3.81695,108.248702
2019-05-06,Tarazona,3.53535,100.26252600000001
2019-05-07,Tarazona,3.2521,92.229556
2019-05-08,Tarazona,1.64045,46.523162
2019-05-09,Tarazona,2.3369500000000003,66.275902
2019-05-10,Tarazona,2.8199,79.972364
2019-05-11,Tarazona,3.4228,97.070608
2019-05-12,Tarazona,3.3226500000000003,94.230354
2019-05-13,Tarazona,3.01805,85.591898
2019-05-14,Tarazona,3.051,86.52636
2019-05-15,Tarazona,3.2658500000000004,92.61950600000002
2019-05-16,Tarazona,2.6111,74.05079599999999
2019-05-17,Tarazona,1.414,40.10104
2019-05-18,Tarazona,1.7656500000000002,50.073834000000005
2019-05-19,Tarazona,1.8683,52.984988
2019-05-20,Tarazona,2.14905,60.947058
2019-05-21,Tarazona,1.7323000000000002,49.128028
2019-05-22,Tarazona,2.5940000000000003,73.56584000000001
2019-05-23,Tarazona,2.3113,65.548468
2019-05-24,Tarazona,1.06835,30.298405999999996
2019-05-25,Tarazona,2.42045,68.643962
2019-05-26,Tarazona,2.97045,84.241962
2019-05-27,Tarazona,2.69865,76.533714
2019-05-28,Tarazona,2.592,73.50912
2019-05-29,Tarazona,2.1898500000000003,62.10414600000001
2019-05-30,Tarazona,2.0406,57.871415999999996
2019-05-31,Tarazona,1.9382,54.967352
2019-06-01,Tarazona,2.0833,59.082387999999995
2019-06-02,Tarazona,2.128,60.350080000000005
2019-06-03,Tarazona,1.92685,54.645466
2019-06-04,Tarazona,1.6768,47.554048
2019-06-05,Tarazona,0.8111,23.002796
2019-06-06,Tarazona,1.2593,35.713748
2019-06-07,Tarazona,0.96295,27.309262
2019-06-08,Tarazona,0.77775,22.056990000000003
2019-06-09,Tarazona,1.11115,31.512214
2019-06-10,Tarazona,1.0718,30.396248000000003
2019-06-11,Tarazona,0.7995500000000001,22.675238000000004
2019-06-12,Tarazona,0.89485,25.377946
2019-06-13,Tarazona,0.7767000000000001,22.027212000000002
2019-06-14,Tarazona,0.9142,25.926712
2019-06-15,Tarazona,1.1299,32.043963999999995
2019-06-16,Tarazona,0.7071500000000001,20.054774000000002
2019-06-17,Tarazona,1.32405,37.550058
2019-06-18,Tarazona,1.4014,39.743704
2019-06-19,Tarazona,0.9271,26.292556
2019-06-20,Tarazona,1.0671,30.262956
2019-06-21,Tarazona,1.0589,30.030403999999997
2019-06-22,Tarazona,0.8877,25.175172
2019-06-23,Tarazona,1.04465,29.626274000000002
2019-06-24,Tarazona,1.0402,29.500072
2019-06-25,Tarazona,1.04845,29.734042000000002
2019-06-26,Tarazona,0.8217000000000001,23.303412
2019-06-27,Tarazona,0.6554000000000001,18.587144000000002
2019-06-28,Tarazona,0.979,27.76444
2019-06-29,Tarazona,1.1787500000000002,33.42935000000001
2019-06-30,Tarazona,1.0601,30.064436
2019-07-01,Tarazona,0.77525,21.98609
2019-07-02,Tarazona,0.6803,19.293308
2019-07-03,Tarazona,0.7599,21.550764
2019-07-04,Tarazona,0.70065,19.870434
2019-07-05,Tarazona,0.7110500000000001,20.165378
2019-07-06,Tarazona,0.8033,22.781588
2019-07-07,Tarazona,0.83455,23.667838
2019-07-08,Tarazona,0.799,22.65964
2019-07-09,Tarazona,1.2946,36.714856
2019-07-10,Tarazona,1.22195,34.654502
2019-07-11,Tarazona,1.1505,32.62818
2019-07-12,Tarazona,0.89145,25.281522
2019-07-13,Tarazona,0.61185,17.352066
2019-07-14,Tarazona,0.4973,14.103428000000001
2019-07-15,Tarazona,0.6059,17.183324
2019-07-16,Tarazona,0.5198,14.741528
2019-07-17,Tarazona,0.6705,19.01538
2019-07-18,Tarazona,1.0212,28.961232000000003
2019-07-19,Tarazona,0.75275,21.34799
2019-07-20,Tarazona,0.6414500000000001,18.191522000000003
2019-07-21,Tarazona,0.52,14.7472
2019-07-22,Tarazona,0.535,15.172600000000001
2019-07-23,Tarazona,0.549,15.569640000000001
2019-07-24,Tarazona,0.6195,17.569020000000002
2019-07-25,Tarazona,0.68345,19.382642
2019-07-26,Tarazona,0.5304,15.042143999999999
2019-07-27,Tarazona,0.3459,9.809724
2019-07-28,Tarazona,0.58755,16.662918
2019-07-29,Tarazona,0.64275,18.22839
2019-07-30,Tarazona,0.6598,18.711928
2019-07-31,Tarazona,0.37055,10.508797999999999
2019-08-01,Tarazona,0.6349,18.005764
2019-08-02,Tarazona,0.72035,20.429126
2019-08-03,Tarazona,0.47125,13.36465
2019-08-04,Tarazona,0.5325,15.1017
2019-08-05,Tarazona,0.52335,14.842206
2019-08-06,Tarazona,0.5122,14.525991999999999
2019-08-07,Tarazona,0.29805,8.452698
2019-08-08,Tarazona,0.45045,12.774762
2019-08-09,Tarazona,0.38375,10.883149999999999
2019-08-10,Tarazona,0.42555,12.068598
2019-08-11,Tarazona,0.36045,10.222362
2019-08-12,Tarazona,0.43115,12.227414
2019-08-13,Tarazona,0.29855,8.466878
2019-08-14,Tarazona,0.42005,11.912617999999998
2019-08-15,Tarazona,0.4454,12.631544
2019-08-16,Tarazona,0.4553,12.912308
2019-08-17,Tarazona,0.4772,13.533392000000001
2019-08-18,Tarazona,0.44385,12.587586
2019-08-19,Tarazona,0.43595,12.363542
2019-08-20,Tarazona,0.2781,7.886916
2019-08-21,Tarazona,0.0385,1.09186
2019-08-22,Tarazona,2.3929,67.862644
2019-08-23,Tarazona,1.81725,51.53721
2019-08-24,Tarazona,1.3177,37.369972000000004
2019-08-25,Tarazona,0.8290500000000001,23.511858
2019-08-26,Tarazona,0.3427,9.718971999999999
2019-08-27,Tarazona,2.4996,70.888656
2019-08-28,Tarazona,2.58895,73.422622
2019-08-29,Tarazona,1.7428500000000002,49.427226000000005
2019-08-30,Tarazona,1.41535,40.139326000000004
2019-08-31,Tarazona,1.5632,44.332352
2019-09-01,Tarazona,1.2268,34.792047999999994
2019-09-02,Tarazona,0.63315,17.956134
2019-09-03,Tarazona,0.95675,27.13343
2019-09-04,Tarazona,0.8284,23.493424
2019-09-05,Tarazona,0.6318,17.917848
2019-09-06,Tarazona,0.4287,12.157932
2019-09-07,Tarazona,0.5209,14.772724
2019-09-08,Tarazona,0.65385,18.543186000000002
2019-09-09,Tarazona,0.55035,15.607925999999999
2019-09-10,Tarazona,0.3373,9.565828
2019-09-11,Tarazona,0.1335,3.78606
2019-09-12,Tarazona,0.13855,3.929278
2019-09-13,Tarazona,0.436,12.36496
2019-09-14,Tarazona,1.3681,38.799316000000005
2019-09-15,Tarazona,1.4138000000000002,40.095368
2019-09-16,Tarazona,2.1073500000000003,59.76444600000001
2019-09-17,Tarazona,2.26795,64.319062
2019-09-18,Tarazona,2.5737,72.990132
2019-09-19,Tarazona,1.68315,47.734134
2019-09-20,Tarazona,1.042,29.55112
2019-09-21,Tarazona,1.8476,52.397935999999994
2019-09-22,Tarazona,1.3982,39.652952
2019-09-23,Tarazona,2.28,64.6608
2019-09-24,Tarazona,2.387,67.69532
2019-09-25,Tarazona,1.803,51.13308
2019-09-26,Tarazona,1.7435500000000002,49.447078000000005
2019-09-27,Tarazona,1.6238,46.050968
2019-09-28,Tarazona,1.55135,43.996286
2019-09-29,Tarazona,1.37285,38.934025999999996
2019-09-30,Tarazona,1.3597,38.561091999999995
2019-10-01,Tarazona,0.9774,27.719064
2019-10-02,Tarazona,0.8387,23.785532
2019-10-03,Tarazona,0.7468,21.179248
2019-10-04,Tarazona,0.8361000000000001,23.711796
2019-10-05,Tarazona,0.7493500000000001,21.251566
2019-10-06,Tarazona,0.6404000000000001,18.161744000000002
2019-10-07,Tarazona,0.61615,17.474014
2019-10-08,Tarazona,0.5324,15.098863999999999
2019-10-09,Tarazona,0.60665,17.204594
2019-10-10,Tarazona,0.3484,9.880624
2019-10-11,Tarazona,0.4297,12.186292
2019-10-12,Tarazona,0.3138,8.899368
2019-10-13,Tarazona,0.44725,12.684009999999999
2019-10-14,Tarazona,0.22695,6.436302
2019-10-15,Tarazona,0.371,10.52156
2019-10-16,Tarazona,0.4358,12.359288000000001
2019-10-17,Tarazona,0.3354,9.511944
2019-10-18,Tarazona,0.28125,7.97625
2019-10-19,Tarazona,0.22515,6.385254
2019-10-20,Tarazona,0.1635,4.63686
2019-10-21,Tarazona,0.33615,9.533214
2019-10-22,Tarazona,0.06175,1.7512299999999998
2019-10-23,Tarazona,0.46245,13.115082000000001
2019-10-24,Tarazona,1.14115,32.363014
2019-10-25,Tarazona,1.50215,42.600974
2019-10-26,Tarazona,1.50685,42.734266
2019-10-27,Tarazona,0.977,27.70772
2019-10-28,Tarazona,1.0470000000000002,29.692920000000004
2019-10-29,Tarazona,1.067,30.260119999999997
2019-10-30,Tarazona,1.0344,29.335584
2019-10-31,Tarazona,0.7863,22.299468
2019-11-01,Tarazona,0.60395,17.128021999999998
2019-11-02,Tarazona,0.6906,19.585416
2019-11-03,Tarazona,0.6919000000000001,19.622284
2019-11-04,Tarazona,0.7109000000000001,20.161124
2019-11-05,Tarazona,0.5156000000000001,14.622416000000001
2019-11-06,Tarazona,0.8061,22.860996
2019-11-07,Tarazona,0.4529,12.844244
2019-11-08,Tarazona,0.64595,18.319142
2019-11-09,Tarazona,0.6116,17.344976
2019-11-10,Tarazona,0.4801,13.615636
2019-11-11,Tarazona,0.29405,8.339258
2019-11-12,Tarazona,0.5858,16.613288
2019-11-13,Tarazona,0.4038,11.451768
2019-11-14,Tarazona,0.3374,9.568664
2019-11-15,Tarazona,0.6373,18.073828
2019-11-16,Tarazona,0.69975,19.84491
2019-11-17,Tarazona,0.4296,12.183456
2019-11-18,Tarazona,0.74055,21.001998
2019-11-19,Tarazona,0.7754000000000001,21.990344
2019-11-20,Tarazona,0.7397,20.977892
2019-11-21,Tarazona,0.49425,14.01693
2019-11-22,Tarazona,0.34065,9.660834
2019-11-23,Tarazona,0.8731500000000001,24.762534000000002
2019-11-24,Tarazona,0.77215,21.898174
2019-11-25,Tarazona,0.3366,9.545976
2019-11-26,Tarazona,0.5830500000000001,16.535298
2019-11-27,Tarazona,0.8437,23.927332
2019-11-28,Tarazona,0.41175,11.67723
2019-11-29,Tarazona,0.5578500000000001,15.820626
2019-11-30,Tarazona,0.77005,21.838618
2019-12-01,Tarazona,0.7189000000000001,20.388004000000002
2019-12-02,Tarazona,0.3064,8.689504
2019-12-03,Tarazona,0.2326,6.5965359999999995
2019-12-04,Tarazona,0.2459,6.973724
2019-12-05,Tarazona,0.31645,8.974522
2019-12-06,Tarazona,0.4901,13.899235999999998
2019-12-07,Tarazona,0.5626,15.955335999999999
2019-12-08,Tarazona,0.50105,14.209778
2019-12-09,Tarazona,0.62385,17.692386
2019-12-10,Tarazona,0.686,19.45496
2019-12-11,Tarazona,0.56655,16.067358
2019-12-12,Tarazona,0.4748,13.465328
2019-12-13,Tarazona,0.75055,21.285598
2019-12-14,Tarazona,0.4392,12.455711999999998
2019-12-15,Tarazona,0.71095,20.162542
2019-12-16,Tarazona,0.3451,9.787036
2019-12-17,Tarazona,0.3749,10.632164
2019-12-18,Tarazona,0.6486500000000001,18.395714
2019-12-19,Tarazona,0.4118,11.678647999999999
2019-12-20,Tarazona,0.4681,13.275316
2019-12-21,Tarazona,0.75355,21.370678
2019-12-22,Tarazona,1.04745,29.705682
2019-12-23,Tarazona,0.8249500000000001,23.395582
2019-12-24,Tarazona,0.75495,21.410382
2019-12-25,Tarazona,0.7200500000000001,20.420618
2019-12-26,Tarazona,0.676,19.17136
2019-12-27,Tarazona,0.6827000000000001,19.361372000000003
2019-12-28,Tarazona,0.6339,17.977404
2019-12-29,Tarazona,0.45305,12.848498
2019-12-30,Tarazona,0.44255,12.550718
2019-12-31,Tarazona,0.5246000000000001,14.877656000000002
2020-01-01,Tarazona,0.46215,13.106574
2020-01-02,Tarazona,0.5408000000000001,15.337088000000001
2020-01-04,Tarazona,0.47215,13.390174
2020-01-05,Tarazona,0.5437500000000001,15.420750000000002
2020-01-06,Tarazona,0.6325000000000001,17.937700000000003
2020-01-07,Tarazona,0.6025,17.0869
2020-01-08,Tarazona,0.5926,16.806136
2020-01-09,Tarazona,0.4329,12.277044
2020-01-10,Tarazona,0.6756,19.160016
2020-01-11,Tarazona,0.616,17.46976
2020-01-12,Tarazona,0.5732,16.255952
2020-01-13,Tarazona,0.53055,15.046397999999998
2020-01-14,Tarazona,0.49925,14.15873
2020-01-15,Tarazona,0.61195,17.354902
2020-01-16,Tarazona,0.7101500000000001,20.139854
2020-01-17,Tarazona,0.5982500000000001,16.96637
2020-01-18,Tarazona,0.42085,11.935306
2020-01-19,Tarazona,0.27725,7.86281
2020-01-20,Tarazona,0.3007,8.527852000000001
2020-01-21,Tarazona,0.13645,3.8697219999999994
2020-01-22,Tarazona,0.5921000000000001,16.791956000000003
2020-01-23,Tarazona,0.43985,12.474146000000001
2020-01-24,Tarazona,0.3166,8.978776
2020-01-25,Tarazona,0.2468,6.999248
2020-01-26,Tarazona,0.5920500000000001,16.790538
2020-01-27,Tarazona,0.6742,19.120312000000002
2020-01-28,Tarazona,0.456,12.93216
2020-01-29,Tarazona,0.6766500000000001,19.189794000000003
2020-01-30,Tarazona,0.8336,23.640896
2020-01-31,Tarazona,0.5834,16.545224
2020-02-01,Tarazona,0.65475,18.568710000000003
2020-02-02,Tarazona,0.6568,18.626848000000003
2020-02-03,Tarazona,1.1235000000000002,31.862460000000006
2020-02-04,Tarazona,1.11535,31.631326
2020-02-05,Tarazona,0.8581,24.335715999999998
2020-02-06,Tarazona,0.942,26.71512
2020-02-07,Tarazona,0.6916500000000001,19.615194000000002
2020-02-08,Tarazona,0.8813500000000001,24.995086
2020-02-09,Tarazona,0.7978500000000001,22.627026
2020-02-10,Tarazona,0.9984,28.314624
2020-02-11,Tarazona,0.89395,25.352422
2020-02-12,Tarazona,0.5375,15.2435
2020-02-13,Tarazona,0.74345,21.084242
2020-02-14,Tarazona,1.0706,30.362216
2020-02-15,Tarazona,1.2483,35.401787999999996
2020-02-16,Tarazona,1.23005,34.884218000000004
2020-02-17,Tarazona,0.9918,28.127448
2020-02-18,Tarazona,0.2564,7.271504
2020-02-19,Tarazona,1.06385,30.170786
2020-02-20,Tarazona,1.22815,34.830334
2020-02-21,Tarazona,1.4136,40.089695999999996
2020-02-22,Tarazona,1.54265,43.749554
2020-02-23,Tarazona,1.5214,43.146904
2020-02-24,Tarazona,1.50545,42.694562
2020-02-25,Tarazona,1.18055,33.480398
2020-02-26,Tarazona,1.04145,29.535522
2020-02-27,Tarazona,0.96835,27.462406
2020-02-28,Tarazona,1.0744,30.469984
2020-02-29,Tarazona,0.74005,20.987818
2020-03-01,Tarazona,0.5690000000000001,16.136840000000003
2020-03-02,Tarazona,0.5444,15.439184
2020-03-03,Tarazona,0.6579,18.658044
2020-03-04,Tarazona,0.54035,15.324326
2020-03-05,Tarazona,0.675,19.143
2020-03-06,Tarazona,0.7101000000000001,20.138436000000002
2020-03-07,Tarazona,1.06375,30.167949999999998
2020-03-08,Tarazona,1.1472,32.534591999999996
2020-03-09,Tarazona,1.07035,30.355126
2020-03-10,Tarazona,1.3545,38.41362
2020-03-11,Tarazona,1.5132,42.914352
2020-03-12,Tarazona,1.5415,43.71694
2020-03-13,Tarazona,1.08755,30.842918
2020-03-14,Tarazona,1.1747,33.314492
2020-03-15,Tarazona,0.78655,22.306558
2020-03-16,Tarazona,0.4187,11.874332
2020-03-17,Tarazona,0.61115,17.332214
2020-03-18,Tarazona,1.5304,43.402144
2020-03-19,Tarazona,1.18975,33.74131
2020-03-20,Tarazona,0.7689,21.806004
2020-03-21,Tarazona,0.39925,11.32273
2020-03-22,Tarazona,0.63905,18.123458
2020-03-23,Tarazona,0.81615,23.146014
2020-03-24,Tarazona,0.4794,13.595784
2020-03-25,Tarazona,1.90775,54.103790000000004
2020-03-26,Tarazona,2.0728,58.784608
2020-03-27,Tarazona,0.14765,4.187354
2020-03-28,Tarazona,1.8124,51.399664
2020-03-29,Tarazona,2.47745,70.260482
2020-03-30,Tarazona,1.02445,29.053402000000002
2020-03-31,Tarazona,0.52585,14.913106
2020-04-01,Tarazona,2.6340000000000003,74.70024000000001
2020-04-02,Tarazona,2.4358,69.07928799999999
2020-04-03,Tarazona,2.8672500000000003,81.31521000000001
2020-04-04,Tarazona,2.9681,84.17531600000001
2020-04-05,Tarazona,2.94855,83.620878
2020-04-06,Tarazona,2.1833,61.918388
2020-04-07,Tarazona,2.09085,59.296506
2020-04-08,Tarazona,3.0633000000000004,86.87518800000001
2020-04-09,Tarazona,1.7466000000000002,49.533576000000004
2020-04-10,Tarazona,1.81605,51.503178
2020-04-11,Tarazona,3.02105,85.67697799999999
2020-04-12,Tarazona,2.82835,80.212006
2020-04-13,Tarazona,2.5804,73.180144
2020-04-14,Tarazona,1.45345,41.219842
2020-04-15,Tarazona,1.5266000000000002,43.29437600000001
2020-04-16,Tarazona,2.5053,71.050308
2020-04-17,Tarazona,2.2041,62.508275999999995
2020-04-18,Tarazona,2.27295,64.46086199999999
2020-04-19,Tarazona,2.02405,57.402058
2020-04-20,Tarazona,2.49255,70.688718
2020-04-21,Tarazona,0.87105,24.702977999999998
2020-04-22,Tarazona,2.9037,82.348932
2020-04-23,Tarazona,2.29555,65.101798
2020-04-24,Tarazona,3.22175,91.36883
2020-04-25,Tarazona,3.2926,93.378136
2020-04-26,Tarazona,2.2233,63.052788
2020-04-27,Tarazona,1.7727,50.273771999999994
2020-04-28,Tarazona,2.7847500000000003,78.97551
2020-04-29,Tarazona,3.83755,108.83291799999999
2020-04-30,Tarazona,2.8857,81.83845199999999
2020-05-01,Tarazona,3.93165,111.501594
2020-05-02,Tarazona,4.33465,122.930674
2020-05-03,Tarazona,4.44165,125.965194
2020-05-04,Tarazona,3.9347,111.58809199999999
2020-05-05,Tarazona,3.11925,88.46193
2020-05-06,Tarazona,3.8266,108.522376
2020-05-07,Tarazona,2.79125,79.15984999999999
2020-05-08,Tarazona,3.0261500000000003,85.82161400000001
2020-05-09,Tarazona,2.65405,75.268858
2020-05-10,Tarazona,2.0128,57.083008
2020-05-11,Tarazona,1.91265,54.242754
2020-05-12,Tarazona,0.3985,11.30146
2020-05-13,Tarazona,3.0312,85.964832
2020-05-14,Tarazona,1.22785,34.821826
2020-05-15,Tarazona,1.08065,30.647234
2020-05-16,Tarazona,2.10995,59.838181999999996
2020-05-17,Tarazona,4.007750000000001,113.65979000000002
2020-05-18,Tarazona,5.0992,144.61331199999998
2020-05-19,Tarazona,5.1065000000000005,144.82034000000002
2020-05-20,Tarazona,5.2942,150.143512
2020-05-21,Tarazona,5.041650000000001,142.98119400000002
2020-05-22,Tarazona,4.8946,138.81085599999997
2020-05-23,Tarazona,4.6601,132.160436
2020-05-24,Tarazona,3.7219,105.553084
2020-05-25,Tarazona,1.8366,52.085976
2020-05-26,Tarazona,2.49595,70.78514200000001
2020-05-27,Tarazona,3.5656000000000003,101.120416
2020-05-28,Tarazona,3.1729000000000003,89.983444
2020-05-29,Tarazona,3.73685,105.977066
2020-05-30,Tarazona,3.6729,104.163444
2020-05-31,Tarazona,3.5620000000000003,101.01832
2020-06-01,Tarazona,3.4201,96.99403600000001
2020-06-02,Tarazona,3.17985,90.180546
2020-06-03,Tarazona,3.2496,92.158656
2020-06-04,Tarazona,0.81875,23.219749999999998
2020-06-05,Tarazona,4.562,129.37832
2020-06-06,Tarazona,4.2208000000000006,119.70188800000001
2020-06-07,Tarazona,3.1372500000000003,88.97241000000001
2020-06-08,Tarazona,2.7639,78.384204
2020-06-09,Tarazona,3.54055,100.409998
2020-06-10,Tarazona,3.2564,92.351504
2020-06-11,Tarazona,3.00525,85.22889
2020-06-12,Tarazona,2.3390500000000003,66.335458
2020-06-13,Tarazona,2.39,67.7804
2020-06-14,Tarazona,2.56935,72.866766
2020-06-15,Tarazona,2.5732500000000003,72.97737000000001
2020-06-16,Tarazona,1.6771,47.562556
2020-06-17,Tarazona,2.28105,64.690578
2020-06-18,Tarazona,2.3347,66.212092
2020-06-19,Tarazona,2.2047,62.52529199999999
2020-06-20,Tarazona,2.4376,69.130336
2020-06-21,Tarazona,2.40665,68.252594
2020-06-22,Tarazona,2.06965,58.695274000000005
2020-06-23,Tarazona,2.00685,56.914266
2020-06-24,Tarazona,1.1224,31.831264
2020-06-25,Tarazona,1.8858,53.481288
2020-06-26,Tarazona,1.9355,54.89078
2020-06-27,Tarazona,1.93915,54.994294
2020-06-28,Tarazona,2.08185,59.04126600000001
2020-06-29,Tarazona,2.119,60.094840000000005
2020-06-30,Tarazona,1.7652,50.061072
2020-07-01,Tarazona,1.65505,46.937217999999994
2020-07-02,Tarazona,1.62585,46.109106
2020-07-03,Tarazona,1.6648500000000002,47.215146000000004
2020-07-04,Tarazona,1.6527500000000002,46.871990000000004
2020-07-05,Tarazona,1.7188,48.745168
2020-07-06,Tarazona,1.7661,50.086596
2020-07-07,Tarazona,1.6284500000000002,46.182842
2020-07-08,Tarazona,0.59435,16.855766000000003
2020-07-09,Tarazona,0.9274,26.301064
2020-07-10,Tarazona,1.41365,40.091114000000005
2020-07-11,Tarazona,1.13635,32.226886
2020-07-12,Tarazona,0.5002,14.185671999999999
2020-07-13,Tarazona,1.31295,37.235262
2020-07-14,Tarazona,0.5292,15.008112
2020-07-15,Tarazona,2.03105,57.600578
2020-07-16,Tarazona,1.8874,53.526664
2020-07-17,Tarazona,1.6357000000000002,46.388452
2020-07-18,Tarazona,1.51455,42.952638
2020-07-19,Tarazona,1.18575,33.62787
2020-07-20,Tarazona,1.4585,41.36306
2020-07-21,Tarazona,1.1091,31.454075999999997
2020-07-22,Tarazona,0.9496,26.930656
2020-07-23,Tarazona,1.45635,41.302086
2020-07-24,Tarazona,1.34845,38.242042
2020-07-25,Tarazona,1.32695,37.632302
2020-07-26,Tarazona,1.4527,41.198572
2020-07-27,Tarazona,1.2381000000000002,35.11251600000001
2020-07-28,Tarazona,1.40925,39.96633
2020-07-29,Tarazona,0.9384,26.613024
2020-07-30,Tarazona,0.80335,22.783006
2020-07-31,Tarazona,1.3761,39.026196
2020-08-01,Tarazona,1.0713,30.382067999999997
2020-08-02,Tarazona,1.09235,30.979045999999997
2020-08-03,Tarazona,1.0285,29.16826
2020-08-04,Tarazona,1.0372,29.414991999999998
2020-08-05,Tarazona,1.0752000000000002,30.492672000000002
2020-08-06,Tarazona,0.96985,27.504946
2020-08-07,Tarazona,1.10775,31.41579
2020-08-08,Tarazona,1.11355,31.580278
2020-08-09,Tarazona,0.97355,27.609878000000002
2020-08-10,Tarazona,0.6965,19.75274
2020-08-11,Tarazona,0.4804,13.624144
2020-08-12,Tarazona,1.75605,49.801578
2020-08-13,Tarazona,1.6448,46.646528
2020-08-14,Tarazona,1.2934,36.680824
2020-08-15,Tarazona,1.0277,29.145572
2020-08-16,Tarazona,0.76925,21.815929999999998
2020-08-17,Tarazona,0.81515,23.117654
2020-08-18,Tarazona,0.8468,24.015248
2020-08-19,Tarazona,0.9004500000000001,25.536762000000003
2020-08-20,Tarazona,0.9156,25.966416
2020-08-21,Tarazona,0.8611500000000001,24.422214
2020-08-22,Tarazona,0.8310500000000001,23.568578000000002
2020-08-23,Tarazona,0.72275,20.49719
2020-08-24,Tarazona,0.76575,21.71667
2020-08-25,Tarazona,0.86345,24.487442
2020-08-26,Tarazona,0.9052,25.671471999999998
2020-08-27,Tarazona,0.8609,24.415124
2020-08-28,Tarazona,0.6694,18.984184
2020-08-29,Tarazona,0.503,14.26508
2020-08-30,Tarazona,0.5806,16.465816
2020-08-31,Tarazona,0.6251,17.727836
2020-09-01,Tarazona,0.39555,11.217798
2020-09-02,Tarazona,0.62185,17.635666
2020-09-03,Tarazona,0.6409,18.175924000000002
2020-09-04,Tarazona,0.42055,11.926798
2020-09-05,Tarazona,0.66355,18.818278
2020-09-06,Tarazona,0.62815,17.814334
2020-09-07,Tarazona,0.50225,14.24381
2020-09-08,Tarazona,0.4047,11.477292
2020-09-09,Tarazona,0.5245500000000001,14.876238000000003
2020-09-10,Tarazona,0.57355,16.265878
2020-09-11,Tarazona,0.6021500000000001,17.076974000000003
2020-09-12,Tarazona,0.5668000000000001,16.074448
2020-09-13,Tarazona,0.47495,13.469581999999999
2020-09-14,Tarazona,0.38175,10.826429999999998
2020-09-15,Tarazona,0.49245,13.965882
2020-09-16,Tarazona,0.4844,13.737584
2020-09-17,Tarazona,0.2318,6.573848
2020-09-18,Tarazona,0.182,5.161519999999999
2020-09-19,Tarazona,1.2619,35.787484
2020-09-20,Tarazona,1.08785,30.851426
2020-09-22,Tarazona,0.82165,23.301994
2020-09-23,Tarazona,0.5145000000000001,14.591220000000002
2020-09-24,Tarazona,0.3431,9.730316
2020-09-25,Tarazona,0.41725,11.83321
2020-09-26,Tarazona,0.40685,11.538266
2020-09-27,Tarazona,0.415,11.7694
2020-09-28,Tarazona,0.4496,12.750656
2020-09-29,Tarazona,0.43855,12.437278
2020-09-30,Tarazona,0.4208,11.933888
2020-10-01,Tarazona,0.28905,8.197458
2020-10-02,Tarazona,0.06195,1.756902
2020-10-03,Tarazona,0.8798,24.951128
2020-10-04,Tarazona,0.522,14.80392
2020-10-05,Tarazona,0.6746000000000001,19.131656000000003
2020-10-06,Tarazona,0.65585,18.599906
2020-10-07,Tarazona,0.67235,19.067846
2020-10-08,Tarazona,0.56815,16.112734
2020-10-09,Tarazona,0.4867,13.802812000000001
2020-10-10,Tarazona,0.4055,11.49998
2020-10-11,Tarazona,0.3813,10.813668
2020-10-12,Tarazona,0.38415,10.894494
2020-10-13,Tarazona,0.3482,9.874952
2020-10-14,Tarazona,0.31495,8.931982
2020-10-15,Tarazona,0.2763,7.835868
2020-10-16,Tarazona,0.28985,8.220146
2020-10-17,Tarazona,0.32425,9.19573
2020-10-18,Tarazona,0.3663,10.388268
2020-10-19,Tarazona,0.31475,8.926309999999999
2020-10-20,Tarazona,0.14525,4.1192899999999995
2020-10-21,Tarazona,0.2216,6.2845759999999995
2020-10-22,Tarazona,0.0955,2.70838
2020-10-23,Tarazona,0.4968,14.089248
2020-10-24,Tarazona,0.4612,13.079632
2020-10-25,Tarazona,0.32865,9.320514
2020-10-26,Tarazona,0.2971,8.425756
2020-10-27,Tarazona,0.4217,11.959412
2020-10-28,Tarazona,0.3496,9.914656
2020-10-29,Tarazona,0.3832,10.867552
2020-10-30,Tarazona,0.42665,12.099794
2020-10-31,Tarazona,0.39335,11.155406
2020-11-01,Tarazona,0.37245,10.562682
2020-11-02,Tarazona,0.3672,10.413792
2020-11-03,Tarazona,0.34565,9.802634
2020-11-04,Tarazona,0.0726,2.058936
2020-11-05,Tarazona,0.12595,3.571942
2020-11-07,Tarazona,0.65605,18.605578
2020-11-08,Tarazona,1.17775,33.40099
2020-11-09,Tarazona,0.9561,27.114995999999998
2020-11-10,Tarazona,0.923,26.176280000000002
2020-11-11,Tarazona,0.77995,22.119382
2020-11-12,Tarazona,0.8703000000000001,24.681708
2020-11-13,Tarazona,0.80605,22.859578
2020-11-14,Tarazona,0.34455,9.771438
2020-11-15,Tarazona,0.7872,22.324991999999998
2020-11-16,Tarazona,0.8310500000000001,23.568578000000002
2020-11-17,Tarazona,0.8763500000000001,24.853286
2020-11-18,Tarazona,0.84385,23.931586
2020-11-19,Tarazona,0.89485,25.377946
2020-11-20,Tarazona,1.0114,28.683304000000003
2020-11-21,Tarazona,0.7564500000000001,21.452922
2020-11-22,Tarazona,0.47915,13.588694
2020-11-23,Tarazona,0.6333000000000001,17.960388000000002
2020-11-25,Tarazona,0.5173500000000001,14.672046000000002
2020-11-26,Tarazona,0.21085,5.979706
2020-11-27,Tarazona,0.10315,2.925334
2020-11-28,Tarazona,0.5608000000000001,15.904288000000001
2020-11-29,Tarazona,0.62195,17.638502
2020-11-30,Tarazona,0.6981,19.798116
2020-12-01,Tarazona,0.675,19.143
2020-12-02,Tarazona,0.8299000000000001,23.535964000000003
2020-12-03,Tarazona,0.7297,20.694292
2020-12-04,Tarazona,0.37815,10.724333999999999
2020-12-05,Tarazona,0.4794,13.595784
2020-12-06,Tarazona,0.5872,16.652992
2020-12-07,Tarazona,0.47365,13.432714
2020-12-08,Tarazona,0.64425,18.27093
2020-12-09,Tarazona,0.632,17.92352
2020-12-10,Tarazona,0.40775,11.56379
2020-12-11,Tarazona,0.29195,8.279702
2020-12-12,Tarazona,0.91645,25.990522
2020-12-13,Tarazona,0.5975,16.9451
2020-12-14,Tarazona,0.4279,12.135244
2020-12-15,Tarazona,0.6136,17.401696
2020-12-16,Tarazona,0.6342,17.985912
2020-12-17,Tarazona,0.56315,15.970934000000002
2020-12-18,Tarazona,0.47975,13.60571
2020-12-19,Tarazona,0.3365,9.543140000000001
2020-12-20,Tarazona,0.63015,17.871054
2020-12-21,Tarazona,0.5632,15.972352
2020-12-22,Tarazona,0.35035,9.935926
2020-12-23,Tarazona,0.5449,15.453364
2020-12-24,Tarazona,0.52635,14.927285999999999
2020-12-25,Tarazona,0.64325,18.24257
2020-12-26,Tarazona,0.5143,14.585548
2020-12-27,Tarazona,0.6573,18.641028
2020-12-28,Tarazona,0.6868000000000001,19.477648000000002
2020-12-29,Tarazona,0.26945,7.641602000000001
2020-12-30,Tarazona,0.48175,13.66243
2020-12-31,Tarazona,0.5237,14.852132000000001
2021-01-01,Tarazona,0.3341,9.475076
2021-01-02,Tarazona,0.38835,11.013606
2021-01-03,Tarazona,0.3887,11.023532
2021-01-04,Tarazona,0.15995,4.536182
2021-01-05,Tarazona,0.2559,7.2573240000000006
2021-01-06,Tarazona,0.20045,5.684761999999999
2021-01-07,Tarazona,0.0437,1.239332
2021-01-08,Tarazona,0.06225,1.76541
2021-01-09,Tarazona,0.04635,1.314486
2021-01-10,Tarazona,0.0927,2.628972
2021-01-11,Tarazona,0.01,0.2836
2021-01-14,Tarazona,0.02145,0.608322
2021-01-20,Tarazona,0.15305,4.340497999999999
2021-01-21,Tarazona,0.37995,10.775382
2021-01-22,Tarazona,0.5678000000000001,16.102808000000003
2021-01-23,Tarazona,0.56735,16.090046
2021-01-24,Tarazona,0.7051000000000001,19.996636000000002
2021-01-25,Tarazona,0.4846,13.743255999999999
2021-01-26,Tarazona,0.3706,10.510216
2021-01-27,Tarazona,0.5896,16.721056
2021-01-28,Tarazona,0.6079,17.240044
2021-01-29,Tarazona,0.8223,23.320428
2021-01-30,Tarazona,0.77595,22.005942
2021-01-31,Tarazona,0.49065,13.914833999999999
2021-02-01,Tarazona,0.8168000000000001,23.164448
2021-02-02,Tarazona,0.75275,21.34799
2021-02-03,Tarazona,0.8674000000000001,24.599464
2021-02-04,Tarazona,0.73,20.7028
2021-02-05,Tarazona,0.8364,23.720304
2021-02-06,Tarazona,0.54055,15.329998
2021-02-07,Tarazona,0.76925,21.815929999999998
2021-02-08,Tarazona,0.5387500000000001,15.278950000000002
2021-02-09,Tarazona,0.56455,16.010638
2021-02-10,Tarazona,0.97935,27.774366
2021-02-11,Tarazona,0.8145500000000001,23.100638000000004
2021-02-12,Tarazona,0.88025,24.96389
2021-02-13,Tarazona,1.0762,30.521032
2021-02-14,Tarazona,1.04,29.4944
2021-02-15,Tarazona,0.7938500000000001,22.513586
2021-02-16,Tarazona,1.09755,31.126518
2021-02-17,Tarazona,1.01865,28.888914
2021-02-18,Tarazona,1.12915,32.022694
2021-02-19,Tarazona,1.2039,34.142604
2021-02-20,Tarazona,1.0448,29.630527999999998
2021-02-21,Tarazona,0.1605,4.55178
2021-02-22,Tarazona,0.44215,12.539373999999999
2021-02-23,Tarazona,0.9539,27.052604
2021-02-24,Tarazona,0.9038,25.631768
2021-02-25,Tarazona,1.0076,28.575536
2021-02-26,Tarazona,1.07435,30.468565999999996
2021-02-27,Tarazona,1.057,29.976519999999997
2021-02-28,Tarazona,0.6000500000000001,17.017418000000003
2021-03-01,Tarazona,0.2651,7.518236
2021-03-02,Tarazona,0.3742,10.612312
2021-03-03,Tarazona,0.69745,19.779682
2021-03-04,Tarazona,1.092,30.96912
2021-03-05,Tarazona,0.7411500000000001,21.019014000000002
2021-03-06,Tarazona,0.5669000000000001,16.077284000000002
2021-03-07,Tarazona,0.3666,10.396776
2021-03-08,Tarazona,0.9814,27.832504
2021-03-09,Tarazona,1.31305,37.238098
2021-03-10,Tarazona,1.91005,54.169018
2021-03-11,Tarazona,1.76785,50.13622599999999
2021-03-12,Tarazona,1.0,28.36
2021-03-13,Tarazona,1.807,51.24652
2021-03-14,Tarazona,1.66635,47.257686
2021-03-15,Tarazona,1.7421,49.405955999999996
2021-03-16,Tarazona,1.66505,47.220817999999994
2021-03-17,Tarazona,1.77515,50.343254
2021-03-18,Tarazona,1.00735,28.568445999999998
2021-03-19,Tarazona,0.64425,18.27093
2021-03-20,Tarazona,1.29725,36.79001
2021-03-21,Tarazona,1.6242,46.062312
2021-03-22,Tarazona,1.71265,48.570754
2021-03-23,Tarazona,1.65345,46.891842000000004
2021-03-24,Tarazona,1.7271,48.980556
2021-03-25,Tarazona,1.98095,56.179742
2021-03-26,Tarazona,1.7931,50.852315999999995
2021-03-27,Tarazona,1.0101,28.646435999999998
2021-03-28,Tarazona,1.28145,36.341922
2021-03-29,Tarazona,0.8778,24.894408
2021-03-30,Tarazona,1.0483,29.729788
2021-03-31,Tarazona,1.3856,39.295615999999995
2021-04-01,Tarazona,1.21605,34.487178
2021-04-02,Tarazona,1.22185,34.651666
2021-04-03,Tarazona,0.918,26.034480000000002
2021-04-04,Tarazona,1.36105,38.599378
2021-04-05,Tarazona,1.937,54.93332
2021-04-06,Tarazona,2.0637,58.526531999999996
2021-04-07,Tarazona,1.1609,32.923124
2021-04-08,Tarazona,1.08875,30.87695
2021-04-09,Tarazona,0.74975,21.26291
2021-04-10,Tarazona,0.8015500000000001,22.731958000000002
2021-04-11,Tarazona,1.3434,38.098824
2021-04-12,Tarazona,2.70285,76.652826
2021-04-13,Tarazona,1.6999,48.209164
2021-04-14,Tarazona,1.41645,40.170522
2021-04-15,Tarazona,0.32495,9.215582
2021-04-16,Tarazona,1.20715,34.234773999999994
2021-04-17,Tarazona,2.1926,62.182136
2021-04-18,Tarazona,2.0982,59.504951999999996
2021-04-19,Tarazona,2.147,60.88891999999999
2021-04-20,Tarazona,1.5057,42.701652
2021-04-21,Tarazona,1.12075,31.784469999999995
2021-04-22,Tarazona,0.95565,27.102234
2021-04-23,Tarazona,1.5638,44.349368
2021-04-24,Tarazona,0.7458,21.150888
2021-04-25,Tarazona,1.49065,42.274834
2021-04-26,Tarazona,2.2425,63.597300000000004
2021-04-27,Tarazona,1.77275,50.27519
2021-04-28,Tarazona,2.00565,56.880234
2021-04-29,Tarazona,2.0637,58.526531999999996
2021-04-30,Tarazona,2.4337500000000003,69.02115
2021-05-01,Tarazona,3.1114,88.239304
2021-05-02,Tarazona,3.13835,89.00360599999999
2021-05-03,Tarazona,1.58335,44.903806
2021-05-04,Tarazona,3.08625,87.52605
2021-05-05,Tarazona,3.3012,93.622032
2021-05-06,Tarazona,3.26445,92.579802
2021-05-07,Tarazona,3.2643500000000003,92.57696600000001
2021-05-08,Tarazona,3.01215,85.424574
2021-05-09,Tarazona,1.59805,45.320698
2021-05-10,Tarazona,1.59295,45.176062
2021-05-11,Tarazona,2.01355,57.104278
2021-05-12,Tarazona,1.3897000000000002,39.411892
2021-05-13,Tarazona,1.92655,54.636958
2021-05-14,Tarazona,2.1255,60.279180000000004
2021-05-15,Tarazona,2.5358,71.915288
2021-05-16,Tarazona,2.08255,59.06111799999999
2021-05-17,Tarazona,2.1875,62.0375
2021-05-18,Tarazona,1.8422,52.244792000000004
2021-05-19,Tarazona,2.03695,57.767902
2021-05-20,Tarazona,1.7667000000000002,50.103612000000005
2021-05-21,Tarazona,1.65775,47.01379
2021-05-22,Tarazona,1.4289500000000002,40.52502200000001
2021-05-23,Tarazona,0.0434,1.230824
2021-05-24,Tarazona,3.3187,94.11833200000001
2021-05-25,Tarazona,3.1113500000000003,88.237886
2021-05-26,Tarazona,2.87175,81.44283
2021-05-27,Tarazona,2.4840500000000003,70.447658
2021-05-28,Tarazona,2.1263,60.301868
2021-05-29,Tarazona,2.66705,75.637538
2021-05-30,Tarazona,1.86595,52.918341999999996
2021-05-31,Tarazona,0.97435,27.632566
2021-06-01,Tarazona,1.06395,30.173621999999998
2021-06-02,Tarazona,1.79105,50.794178
2021-06-03,Tarazona,1.2395,35.15222
2021-06-04,Tarazona,1.0882500000000002,30.862770000000005
2021-06-05,Tarazona,0.214,6.069039999999999
2021-06-06,Tarazona,4.4608,126.508288
2021-06-07,Tarazona,4.7614,135.033304
2021-06-08,Tarazona,4.37985,124.212546
2021-06-09,Tarazona,4.33265,122.873954
2021-06-10,Tarazona,3.61805,102.607898
2021-06-11,Tarazona,3.04125,86.24985
2021-06-12,Tarazona,2.37285,67.294026
2021-06-13,Tarazona,2.1614,61.297304
2021-06-14,Tarazona,2.0707,58.725052
2021-06-15,Tarazona,1.64345,46.608242000000004
2021-06-16,Tarazona,0.83945,23.806802
2021-06-17,Tarazona,0.9857,27.954452
2021-06-18,Tarazona,2.5806500000000003,73.187234
2021-06-19,Tarazona,1.7662,50.089432
2021-06-20,Tarazona,2.97065,84.247634
2021-06-21,Tarazona,2.8159,79.858924
2021-06-22,Tarazona,2.78445,78.96700200000001
2021-06-23,Tarazona,2.26615,64.26801400000001
2021-06-24,Tarazona,2.3160000000000003,65.68176000000001
2021-06-25,Tarazona,2.1738500000000003,61.650386000000005
2021-06-26,Tarazona,2.0649,58.56056400000001
2021-06-27,Tarazona,1.7541,49.746276
2021-06-28,Tarazona,1.24675,35.35783
2021-06-29,Tarazona,1.5394500000000002,43.65880200000001
2021-06-30,Tarazona,1.3186,37.395496
2021-07-01,Tarazona,1.1283,31.998588
2021-07-02,Tarazona,1.16905,33.154258
2021-07-03,Tarazona,0.7406,21.003416
2021-07-04,Tarazona,0.69245,19.637882
2021-07-05,Tarazona,0.6423000000000001,18.215628000000002
2021-07-06,Tarazona,0.4401,12.481235999999999
2021-07-07,Tarazona,0.40375,11.45035
2021-07-08,Tarazona,0.5552,15.745472000000001
2021-07-09,Tarazona,0.2225,6.3101
2021-07-10,Tarazona,0.3561,10.098996000000001
2021-07-11,Tarazona,0.2619,7.427484000000001
2021-07-12,Tarazona,0.21325,6.04777
2021-07-13,Tarazona,0.21915,6.215094000000001
2021-07-14,Tarazona,0.26515,7.519654
2021-07-15,Tarazona,0.2513,7.126868000000001
2021-07-16,Tarazona,0.3191,9.049676
2021-07-17,Tarazona,0.0188,0.533168
2021-07-18,Tarazona,0.01615,0.45801400000000003
2021-07-19,Tarazona,0.0174,0.49346399999999996
2021-07-20,Tarazona,0.0201,0.570036
2021-07-21,Tarazona,0.0163,0.46226799999999996
2021-07-22,Tarazona,0.0184,0.521824
2021-07-23,Tarazona,0.0171,0.484956
2021-07-24,Tarazona,0.01475,0.41830999999999996
2021-07-25,Tarazona,0.0141,0.399876
2021-07-26,Tarazona,0.0085,0.24106000000000002
2021-07-27,Tarazona,2.7636000000000003,78.375696
2021-07-28,Tarazona,1.8787,53.279932
2021-07-29,Tarazona,1.2715,36.05974
2021-07-30,Tarazona,0.72675,20.61063
2021-07-31,Tarazona,0.19005,5.389818
2021-08-01,Tarazona,0.2212,6.273232
2021-08-02,Tarazona,0.00675,0.19143
2021-08-03,Tarazona,0.27675,7.84863
2021-08-04,Tarazona,0.0124,0.351664
2021-08-05,Tarazona,0.01565,0.443834
2021-08-06,Tarazona,0.01695,0.48070199999999996
2021-08-07,Tarazona,0.0115,0.32614
2021-08-08,Tarazona,0.0069,0.195684
2021-08-09,Tarazona,0.0095,0.26942
2021-08-10,Tarazona,0.01265,0.35875399999999996
2021-08-11,Tarazona,0.01455,0.412638
2021-08-12,Tarazona,0.0219,0.621084
2021-08-13,Tarazona,0.0231,0.6551159999999999
2021-08-14,Tarazona,0.02515,0.7132539999999999
2021-08-15,Tarazona,0.02445,0.693402
2021-08-16,Tarazona,0.0222,0.629592
2021-08-17,Tarazona,0.0132,0.374352
2021-08-18,Tarazona,0.0122,0.345992
2021-08-19,Tarazona,0.01265,0.35875399999999996
2021-08-20,Tarazona,0.0161,0.456596
2021-08-21,Tarazona,0.01895,0.5374220000000001
2021-08-22,Tarazona,0.0133,0.37718799999999997
2021-08-23,Tarazona,0.01385,0.39278599999999997
2021-08-24,Tarazona,0.0089,0.252404
2021-08-25,Tarazona,0.00885,0.250986
2021-08-26,Tarazona,0.0152,0.431072
2021-08-27,Tarazona,0.01665,0.47219400000000006
2021-08-28,Tarazona,0.01545,0.438162
2021-08-29,Tarazona,0.0146,0.414056
2021-08-30,Tarazona,0.01435,0.406966
2021-08-31,Tarazona,0.0088,0.249568
2021-09-01,Tarazona,0.006,0.17016
2021-09-02,Tarazona,2.67875,75.96934999999999
2021-09-03,Tarazona,2.9385000000000003,83.33586000000001
2021-09-04,Tarazona,2.4129,68.429844
2021-09-05,Tarazona,2.3681,67.159316
2021-09-06,Tarazona,1.42785,40.493826
2021-09-07,Tarazona,1.4045,39.83162
2021-09-08,Tarazona,0.9497,26.933491999999998
2021-09-09,Tarazona,0.72965,20.692874
2021-09-10,Tarazona,0.6526500000000001,18.509154000000002
2021-09-11,Tarazona,0.6334000000000001,17.963224
2021-09-12,Tarazona,0.5838,16.556568
2021-09-13,Tarazona,0.2592,7.350911999999999
2021-09-14,Tarazona,0.12865,3.6485139999999996
2021-09-15,Tarazona,0.2936,8.326496
2021-09-16,Tarazona,0.2637,7.4785319999999995
2021-09-17,Tarazona,0.38835,11.013606
2021-09-18,Tarazona,0.3309,9.384324000000001
2021-09-19,Tarazona,0.2662,7.5494319999999995
2021-09-20,Tarazona,0.23925,6.78513
2021-09-21,Tarazona,0.309,8.76324
2021-09-22,Tarazona,0.522,14.80392
2021-09-23,Tarazona,0.44185,12.530866
2021-09-24,Tarazona,0.2941,8.340675999999998
2021-09-25,Tarazona,0.533,15.11588
2021-09-26,Tarazona,0.7163,20.314268000000002
2021-09-27,Tarazona,0.59545,16.886962
2021-09-28,Tarazona,0.4618,13.096648
2021-09-29,Tarazona,0.3773,10.700228000000001
2021-09-30,Tarazona,0.2093,5.935748
2021-10-01,Tarazona,0.18365,5.2083140000000006
2021-10-02,Tarazona,0.11895,3.373422
2021-10-03,Tarazona,0.04755,1.348518
2021-10-04,Tarazona,0.8035,22.78726
2021-10-05,Tarazona,0.74385,21.095586
2021-10-06,Tarazona,0.74705,21.186338
2021-10-07,Tarazona,0.52105,14.776978
2021-10-08,Tarazona,0.29205,8.282537999999999
2021-10-09,Tarazona,0.28505,8.084018
2021-10-10,Tarazona,0.16445,4.6638020000000004
2021-10-11,Tarazona,0.1061,3.008996
2021-10-13,Tarazona,0.1503,4.2625079999999995
2021-10-14,Tarazona,0.0642,1.8207119999999997
2021-10-15,Tarazona,0.0692,1.9625119999999998
2021-10-16,Tarazona,0.05425,1.53853
2021-10-17,Tarazona,0.0618,1.752648
2021-10-18,Tarazona,0.06355,1.8022779999999998
2021-10-19,Tarazona,0.04905,1.3910580000000001
2021-10-20,Tarazona,0.06885,1.9525859999999997
2021-10-21,Tarazona,0.0443,1.256348
2021-10-22,Tarazona,0.0032,0.090752
2021-10-23,Tarazona,0.3455,9.79838
2021-10-24,Tarazona,0.2735,7.756460000000001
2021-10-25,Tarazona,0.27715,7.859974
2021-10-26,Tarazona,0.14235,4.037046
2021-10-27,Tarazona,0.10495,2.976382
2021-10-28,Tarazona,0.08495,2.409182
2021-10-29,Tarazona,0.0415,1.17694
2021-10-30,Tarazona,0.1319,3.7406839999999995
2021-10-31,Tarazona,0.9261,26.264196000000002
2021-11-01,Tarazona,0.89425,25.36093
2021-11-02,Tarazona,0.8986000000000001,25.484296
2021-11-03,Tarazona,0.8688,24.639168
2021-11-04,Tarazona,0.8085,22.92906
2021-11-05,Tarazona,0.7673500000000001,21.762046
2021-11-06,Tarazona,0.89805,25.468698
2021-11-07,Tarazona,0.6686000000000001,18.961496
2021-11-08,Tarazona,0.7090000000000001,20.10724
2021-11-09,Tarazona,0.63885,18.117786
2021-11-10,Tarazona,0.5448000000000001,15.450528000000002
2021-11-11,Tarazona,0.531,15.05916
2021-11-12,Tarazona,0.4629,13.127844
2021-11-13,Tarazona,0.43675,12.386230000000001
2021-11-14,Tarazona,0.38875,11.024949999999999
2021-11-15,Tarazona,0.3188,9.041167999999999
2021-11-16,Tarazona,0.30015,8.512253999999999
2021-11-17,Tarazona,0.2761,7.830196
2021-11-18,Tarazona,0.1338,3.794568
2021-11-19,Tarazona,0.119,3.37484
2021-11-20,Tarazona,0.0577,1.636372
2021-11-21,Tarazona,0.27545,7.811761999999999
2021-11-22,Tarazona,0.0977,2.770772
2021-11-23,Tarazona,0.44735,12.686846000000001
2021-11-24,Tarazona,0.25885,7.340986000000001
2021-11-25,Tarazona,0.47025,13.33629
2021-11-26,Tarazona,0.64035,18.160325999999998
2021-11-27,Tarazona,0.41265,11.702754
2021-11-28,Tarazona,0.5690000000000001,16.136840000000003
2021-11-29,Tarazona,0.50865,14.425314
2021-11-30,Tarazona,0.6273500000000001,17.791646
2021-12-01,Tarazona,0.5218,14.798248000000001
2021-12-02,Tarazona,0.6072500000000001,17.221610000000002
2021-12-03,Tarazona,0.6122500000000001,17.363410000000002
2021-12-04,Tarazona,0.42935,12.176366
2021-12-05,Tarazona,0.4955,14.05238
2021-12-06,Tarazona,0.5572,15.802192
2021-12-07,Tarazona,0.3627,10.286172
2021-12-08,Tarazona,0.4576,12.977536
2021-12-09,Tarazona,0.47655,13.514957999999998
2021-12-10,Tarazona,0.45505,12.905218
2021-12-11,Tarazona,0.5724,16.233264000000002
2021-12-12,Tarazona,0.5466500000000001,15.502994000000003
2021-12-13,Tarazona,0.4798,13.607128
2021-12-14,Tarazona,0.55315,15.687334
2021-12-15,Tarazona,0.46645,13.228522
2021-12-16,Tarazona,0.2442,6.9255119999999994
2021-12-17,Tarazona,0.3155,8.94758
2021-12-18,Tarazona,0.19265,5.463553999999999
2021-12-19,Tarazona,0.2243,6.361148
2021-12-20,Tarazona,0.4216,11.956575999999998
2021-12-21,Tarazona,0.39,11.0604
2021-12-22,Tarazona,0.36125,10.24505
2021-12-23,Tarazona,0.23945,6.790801999999999
2021-12-24,Tarazona,0.23635,6.702886
2021-12-25,Tarazona,0.23965,6.796474
2021-12-26,Tarazona,0.3671,10.410955999999999
2021-12-27,Tarazona,0.75665,21.458594
2021-12-28,Tarazona,0.50785,14.402626
2021-12-29,Tarazona,0.45395,12.874022
2021-12-30,Tarazona,0.6219,17.637084
2021-12-31,Tarazona,0.7985,22.64546
2022-01-01,Tarazona,0.8750000000000001,24.815
2022-01-02,Tarazona,0.7082,20.084552000000002
2022-01-03,Tarazona,0.7225,20.4901
2022-01-04,Tarazona,0.7497,21.261492
2022-01-05,Tarazona,0.44465,12.610273999999999
2022-01-06,Tarazona,0.43,12.194799999999999
2022-01-07,Tarazona,0.5332,15.121552
2022-01-08,Tarazona,0.40475,11.47871
2022-01-09,Tarazona,0.4025,11.414900000000001
2022-01-10,Tarazona,0.36245,10.279081999999999
2022-01-11,Tarazona,0.3429,9.724644
2022-01-12,Tarazona,0.4013,11.380868
2022-01-13,Tarazona,0.31215,8.852573999999999
2022-01-14,Tarazona,0.26235,7.440246000000001
2022-01-15,Tarazona,0.31895,9.045422
2022-01-16,Tarazona,0.3529,10.008244
2022-01-17,Tarazona,0.30765,8.724953999999999
2022-01-18,Tarazona,0.2846,8.071256
2022-01-19,Tarazona,0.23505,6.666018
2022-01-20,Tarazona,0.18185,5.157266
2022-01-21,Tarazona,0.2582,7.322551999999999
2022-01-22,Tarazona,0.1144,3.244384
2022-01-23,Tarazona,0.1579,4.478044000000001
2022-01-24,Tarazona,0.1554,4.407144000000001
2022-01-25,Tarazona,0.17035,4.831126
2022-01-26,Tarazona,0.1848,5.240927999999999
2022-01-27,Tarazona,0.31275,8.869589999999999
2022-01-28,Tarazona,0.3505,9.94018
2022-01-29,Tarazona,0.39235,11.127046
2022-01-30,Tarazona,0.37995,10.775382
2022-01-31,Tarazona,0.2843,8.062748
2022-02-01,Tarazona,0.2492,7.067312
2022-02-02,Tarazona,0.2579,7.314044
2022-02-03,Tarazona,0.2874,8.150663999999999
2022-02-04,Tarazona,0.18605,5.276377999999999
2022-02-05,Tarazona,0.132,3.74352
2022-02-06,Tarazona,0.4986,14.140296
2022-02-07,Tarazona,0.6745,19.12882
2022-02-08,Tarazona,0.45555,12.919398
2022-02-09,Tarazona,0.29035,8.234326
2022-02-10,Tarazona,0.32185,9.127666000000001
2022-02-11,Tarazona,0.39595,11.229142000000001
2022-02-12,Tarazona,0.29665,8.412994000000001
2022-02-13,Tarazona,0.19405,5.503258
2022-02-14,Tarazona,0.2568,7.282847999999999
2022-02-15,Tarazona,0.30205,8.566137999999999
2022-02-16,Tarazona,0.26075,7.394869999999999
2022-02-17,Tarazona,0.33615,9.533214
2022-02-18,Tarazona,0.328,9.30208
2022-02-19,Tarazona,0.0624,1.769664
2022-02-20,Tarazona,0.30355,8.608678
2022-02-21,Tarazona,0.29075,8.24567
2022-02-22,Tarazona,0.31855,9.034078
2022-02-23,Tarazona,0.21155,5.9995579999999995
2022-02-24,Tarazona,0.2013,5.708868
2022-02-25,Tarazona,0.0426,1.2081359999999999
2022-02-26,Tarazona,0.04955,1.405238
2022-02-27,Tarazona,0.3119,8.845484
2022-02-28,Tarazona,0.2986,8.468295999999999
2022-03-01,Tarazona,0.55145,15.639122
2022-03-02,Tarazona,0.34005,9.643818
2022-03-03,Tarazona,0.22905,6.495858
2022-03-04,Tarazona,0.731,20.73116
2022-03-05,Tarazona,1.2948000000000002,36.720528
2022-03-06,Tarazona,0.50095,14.206942
2022-03-07,Tarazona,0.31825,9.025569999999998
2022-03-08,Tarazona,0.70625,20.02925
2022-03-09,Tarazona,1.5759500000000002,44.69394200000001
2022-03-10,Tarazona,1.3015,36.910540000000005
2022-03-11,Tarazona,0.4858,13.777288
2022-03-12,Tarazona,1.4308500000000002,40.578906
2022-03-13,Tarazona,1.6728500000000002,47.442026000000006
2022-03-14,Tarazona,0.3512,9.960032
2022-03-15,Tarazona,0.8656,24.548416
2022-03-16,Tarazona,0.28575,8.10387
2022-03-17,Tarazona,0.52075,14.76847
2022-03-18,Tarazona,0.7238,20.526968
2022-03-19,Tarazona,0.55755,15.812118
2022-03-20,Tarazona,0.76275,21.63159
2022-03-21,Tarazona,0.72185,20.471666
2022-03-22,Tarazona,0.5317000000000001,15.079012000000002
2022-03-23,Tarazona,0.4775,13.5419
2022-03-24,Tarazona,0.39135,11.098685999999999
2022-03-25,Tarazona,0.3296,9.347456
2022-03-26,Tarazona,0.6759000000000001,19.168524
2022-03-27,Tarazona,1.5094,42.806584
2022-03-28,Tarazona,1.2261,34.772196
2022-03-29,Tarazona,1.1836,33.566896
2022-03-30,Tarazona,0.5022,14.242391999999999
2022-03-31,Tarazona,2.235,63.38459999999999
2022-04-01,Tarazona,2.44075,69.21967
2022-04-02,Tarazona,2.3735500000000003,67.313878
2022-04-03,Tarazona,2.32125,65.83065
2022-04-04,Tarazona,0.52,14.7472
2022-04-05,Tarazona,0.3112,8.825631999999999
2022-04-06,Tarazona,2.1672,61.461791999999996
2022-04-07,Tarazona,3.1817,90.233012
2022-04-08,Tarazona,3.1088500000000003,88.16698600000001
2022-04-09,Tarazona,2.29725,65.15001
2022-04-10,Tarazona,2.99895,85.05022199999999
2022-04-11,Tarazona,2.5542,72.437112
2022-04-12,Tarazona,2.1553,61.124308
2022-04-13,Tarazona,1.7014,48.251704
2022-04-14,Tarazona,2.2863,64.83946800000001
2022-04-15,Tarazona,3.0736000000000003,87.16729600000001
2022-04-16,Tarazona,3.9256,111.330016
2022-04-17,Tarazona,3.7464,106.24790399999999
2022-04-18,Tarazona,3.10405,88.030858
2022-04-19,Tarazona,3.0884,87.587024
2022-04-20,Tarazona,1.3602500000000002,38.576690000000006
2022-04-21,Tarazona,3.0004500000000003,85.09276200000001
2022-04-22,Tarazona,1.66565,47.237834
2022-04-23,Tarazona,2.58065,73.18723399999999
2022-04-24,Tarazona,3.0589500000000003,86.751822
2022-04-25,Tarazona,3.66755,104.01171799999999
2022-04-26,Tarazona,3.55975,100.95451
2022-04-27,Tarazona,0.67,19.0012
2022-04-28,Tarazona,0.7121000000000001,20.195156
2022-04-29,Tarazona,3.5443,100.516348
2022-04-30,Tarazona,3.6863,104.543468
2022-05-01,Tarazona,4.0855500000000005,115.86619800000001
2022-05-02,Tarazona,3.22755,91.533318
2022-05-03,Tarazona,1.84825,52.41637
2022-05-04,Tarazona,1.83005,51.900217999999995
2022-05-05,Tarazona,4.01645,113.906522
2022-05-06,Tarazona,4.26335,120.90860599999999
2022-05-07,Tarazona,4.15855,117.936478
2022-05-08,Tarazona,4.6155,130.89558
2022-05-09,Tarazona,4.3973,124.70742800000001
2022-05-10,Tarazona,4.82205,136.75333799999999
2022-05-11,Tarazona,4.9761500000000005,141.123614
2022-05-12,Tarazona,4.22555,119.836598
2022-05-13,Tarazona,4.5686,129.565496
2022-05-14,Tarazona,4.377800000000001,124.15440800000002
2022-05-15,Tarazona,4.09795,116.217862
2022-05-16,Tarazona,4.06105,115.17137799999999
2022-05-17,Tarazona,4.07345,115.523042
2022-05-18,Tarazona,4.195600000000001,118.98721600000002
2022-05-19,Tarazona,3.9859,113.04012399999999
2022-05-20,Tarazona,3.4122000000000003,96.769992
2022-05-21,Tarazona,3.78805,107.429098
2022-05-22,Tarazona,2.97905,84.485858
2022-05-23,Tarazona,2.65625,75.33125
2022-05-24,Tarazona,2.3228500000000003,65.87602600000001
2022-05-25,Tarazona,1.91375,54.27395
2022-05-26,Tarazona,2.4905500000000003,70.63199800000001
2022-05-27,Tarazona,2.6869,76.200484
2022-05-28,Tarazona,2.8083,79.643388
2022-05-29,Tarazona,2.5806,73.185816
2022-05-30,Tarazona,1.8933,53.693988
2022-05-31,Tarazona,2.4916,70.661776
2022-06-01,Tarazona,2.21035,62.685526
2022-06-02,Tarazona,1.80575,51.21107
2022-06-03,Tarazona,1.91085,54.191705999999996
2022-06-04,Tarazona,1.8867,53.506812000000004
2022-06-05,Tarazona,1.7672,50.117792
2022-06-06,Tarazona,1.89195,53.655702
2022-06-07,Tarazona,1.7776500000000002,50.414154
2022-06-08,Tarazona,1.04295,29.578062
2022-06-09,Tarazona,1.64215,46.571374
2022-06-10,Tarazona,1.6932,48.019152
2022-06-11,Tarazona,1.22565,34.759434
2022-06-12,Tarazona,1.27155,36.061158
2022-06-13,Tarazona,1.6889,47.897204
2022-06-14,Tarazona,1.6712,47.395232
2022-06-15,Tarazona,1.4514,41.161704
2022-06-16,Tarazona,1.5065,42.72434
2022-06-17,Tarazona,1.41885,40.238586
2022-06-18,Tarazona,1.0895,30.89822
2022-06-19,Tarazona,0.959,27.197239999999997
2022-06-20,Tarazona,0.8913500000000001,25.278686
2022-06-21,Tarazona,0.36195,10.264902
2022-06-22,Tarazona,2.1005000000000003,59.57018000000001
2022-06-23,Tarazona,1.8089,51.300404
2022-06-24,Tarazona,1.41125,40.02305
2022-06-25,Tarazona,1.62515,46.089254000000004
2022-06-26,Tarazona,1.4651,41.550236
2022-06-27,Tarazona,1.02065,28.945634000000002
2022-06-28,Tarazona,1.17825,33.41517
2022-06-29,Tarazona,1.0316,29.256176
2022-06-30,Tarazona,1.0624,30.129664
2022-07-01,Tarazona,0.50815,14.411133999999999
2022-07-02,Tarazona,0.55255,15.670318
2022-07-03,Tarazona,0.50895,14.433822
2022-07-04,Tarazona,0.757,21.468519999999998
2022-07-05,Tarazona,0.5325000000000001,15.101700000000003
2022-07-06,Tarazona,0.49105,13.926178
2022-07-07,Tarazona,0.68915,19.544294
2022-07-08,Tarazona,0.5385,15.271859999999998
2022-07-09,Tarazona,0.53515,15.176854
2022-07-10,Tarazona,0.56515,16.027654000000002
2022-07-11,Tarazona,0.491,13.92476
2022-07-12,Tarazona,0.5202,14.752872
2022-07-13,Tarazona,0.3258,9.239688
2022-07-14,Tarazona,0.34895,9.896222
2022-07-15,Tarazona,0.27955,7.928038000000001
2022-07-16,Tarazona,0.30895,8.761822
2022-07-17,Tarazona,0.28845,8.180442
2022-07-18,Tarazona,0.27945,7.925201999999999
2022-07-19,Tarazona,0.28395,8.052821999999999
2022-07-20,Tarazona,0.26005,7.375018
2022-07-21,Tarazona,0.2363,6.701468
2022-07-22,Tarazona,0.32615,9.249614
2022-07-23,Tarazona,0.32815,9.306334
2022-07-24,Tarazona,0.3125,8.8625
2022-07-25,Tarazona,0.2449,6.945364
2022-07-26,Tarazona,0.0206,0.584216
2022-07-27,Tarazona,0.01905,0.540258
2022-07-28,Tarazona,0.02195,0.622502
2022-07-29,Tarazona,0.02395,0.679222
2022-07-30,Tarazona,0.01095,0.310542
2022-07-31,Tarazona,0.01745,0.494882
2022-08-01,Tarazona,0.01665,0.47219400000000006
2022-08-02,Tarazona,0.3063,8.686668000000001
2022-08-03,Tarazona,0.02565,0.7274339999999999
2022-08-04,Tarazona,0.0204,0.5785440000000001
2022-08-05,Tarazona,0.02385,0.6763859999999999
2022-08-06,Tarazona,0.02,0.5672
2022-08-07,Tarazona,0.02215,0.628174
2022-08-08,Tarazona,0.0202,0.5728719999999999
2022-08-09,Tarazona,0.01815,0.514734
2022-08-10,Tarazona,0.0161,0.456596
2022-08-11,Tarazona,0.02015,0.571454
2022-08-12,Tarazona,0.0246,0.6976559999999999
2022-08-13,Tarazona,0.0942,2.6715120000000003
2022-08-14,Tarazona,0.19135,5.426685999999999
2022-08-15,Tarazona,0.017,0.48212000000000005
2022-08-16,Tarazona,0.01645,0.466522
2022-08-17,Tarazona,0.0154,0.436744
2022-08-18,Tarazona,0.01435,0.406966
2022-08-19,Tarazona,0.0197,0.558692
2022-08-20,Tarazona,0.02,0.5672
2022-08-21,Tarazona,0.0223,0.632428
2022-08-22,Tarazona,0.0239,0.6778040000000001
2022-08-23,Tarazona,2.7414,77.746104
2022-08-24,Tarazona,0.01955,0.554438
2022-08-25,Tarazona,0.02375,0.67355
2022-08-26,Tarazona,0.0129,0.365844
2022-08-27,Tarazona,0.60305,17.102498
2022-08-28,Tarazona,0.4007,11.363852
2022-08-29,Tarazona,0.1465,4.154739999999999
2022-08-30,Tarazona,0.01845,0.523242
2022-08-31,Tarazona,0.40725,11.54961
2022-09-01,Tarazona,0.1754,4.974344
2022-09-02,Tarazona,0.01585,0.44950599999999996
2022-09-03,Tarazona,0.01655,0.46935799999999994
2022-09-04,Tarazona,0.018,0.5104799999999999
2022-09-05,Tarazona,0.01825,0.51757
2022-09-06,Tarazona,0.01595,0.45234199999999997
2022-09-07,Tarazona,0.0156,0.442416
2022-09-08,Tarazona,0.01505,0.426818
2022-09-09,Tarazona,0.01605,0.4551779999999999
2022-09-10,Tarazona,0.01905,0.540258
2022-09-11,Tarazona,0.0214,0.606904
2022-09-12,Tarazona,0.01675,0.47503
2022-09-13,Tarazona,0.00325,0.09216999999999999
2022-09-14,Tarazona,0.0111,0.314796
2022-09-15,Tarazona,0.00975,0.27651
2022-09-16,Tarazona,0.0148,0.419728
2022-09-17,Tarazona,0.0134,0.38002400000000003
2022-09-18,Tarazona,0.0087,0.24673199999999998
2022-09-19,Tarazona,0.01215,0.344574
2022-09-20,Tarazona,0.01395,0.39562200000000003
2022-09-21,Tarazona,0.0302,0.856472
2022-09-22,Tarazona,0.10965,3.109674
2022-09-23,Tarazona,0.0137,0.388532
2022-09-24,Tarazona,0.0113,0.320468
2022-09-25,Tarazona,0.00565,0.160234
2022-09-26,Tarazona,1.5479,43.898444
2022-09-27,Tarazona,1.8746,53.163656
2022-09-28,Tarazona,1.519,43.07884
2022-09-29,Tarazona,0.7202000000000001,20.424872
2022-09-30,Tarazona,1.09565,31.072634
2022-10-01,Tarazona,1.0418,29.545448
2022-10-02,Tarazona,1.11545,31.634162
2022-10-03,Tarazona,0.7306,20.719816
2022-10-04,Tarazona,0.6949000000000001,19.707364000000002
2022-10-05,Tarazona,0.50085,14.204106
2022-10-06,Tarazona,0.2675,7.5863000000000005
2022-10-07,Tarazona,0.3616,10.254976
2022-10-08,Tarazona,0.38275,10.85479
2022-10-09,Tarazona,0.33455,9.487838
2022-10-10,Tarazona,0.16165,4.584394
2022-10-11,Tarazona,0.5124500000000001,14.533082000000002
2022-10-12,Tarazona,0.6652,18.865072
2022-10-13,Tarazona,0.55395,15.710022
2022-10-14,Tarazona,0.5446000000000001,15.444856000000001
2022-10-15,Tarazona,0.45615,12.936414
2022-10-16,Tarazona,0.2819,7.9946839999999995
2022-10-17,Tarazona,0.22245,6.308682
2022-10-18,Tarazona,0.33,9.3588
2022-10-19,Tarazona,0.22715,6.441973999999999
2022-10-20,Tarazona,0.0532,1.5087519999999999
2022-10-21,Tarazona,0.12725,3.60881
2022-10-22,Tarazona,0.3173,8.998628
2022-10-23,Tarazona,0.2177,6.173972
2022-10-24,Tarazona,0.3191,9.049676
2022-10-25,Tarazona,0.28505,8.084018
2022-10-26,Tarazona,0.2435,6.90566
2022-10-27,Tarazona,0.23435,6.646166
2022-10-28,Tarazona,0.18015,5.109054
2022-10-29,Tarazona,0.10825,3.06997
2022-10-30,Tarazona,0.0616,1.746976
2022-10-31,Tarazona,0.0523,1.483228
2022-11-01,Tarazona,0.0619,1.7554839999999998
2022-11-02,Tarazona,0.0503,1.4265079999999999
2022-11-03,Tarazona,0.02655,0.752958
2022-11-04,Tarazona,0.04725,1.34001
2022-11-05,Tarazona,0.0512,1.452032
2022-11-06,Tarazona,0.05275,1.49599
2022-11-07,Tarazona,0.0577,1.636372
2022-11-08,Tarazona,0.0515,1.46054
2022-11-09,Tarazona,0.01325,0.37577
2022-11-10,Tarazona,0.2566,7.277176
2022-11-11,Tarazona,0.06655,1.8873579999999999
2022-11-12,Tarazona,0.23,6.5228
2022-11-13,Tarazona,0.48575,13.77587
2022-11-14,Tarazona,0.33115,9.391414
2022-11-15,Tarazona,0.1934,5.484824
2022-11-16,Tarazona,0.17345,4.919042
2022-11-17,Tarazona,0.14175,4.020029999999999
2022-11-18,Tarazona,0.1453,4.1207080000000005
2022-11-19,Tarazona,0.2917,8.272612
2022-11-20,Tarazona,0.1844,5.229584
2022-11-21,Tarazona,0.07375,2.09155
2022-11-22,Tarazona,0.5421,15.373956
2022-11-23,Tarazona,0.3883,11.012187999999998
2022-11-24,Tarazona,0.3436,9.744496
2022-11-25,Tarazona,0.5095,14.449419999999998
2022-11-26,Tarazona,0.47995,13.611381999999999
2022-11-27,Tarazona,0.48395,13.724822
2022-11-28,Tarazona,0.2084,5.910224
2022-11-29,Tarazona,0.46475,13.18031
2022-11-30,Tarazona,0.4367,12.384811999999998
2022-12-01,Tarazona,0.2307,6.5426519999999995
2022-12-02,Tarazona,0.1575,4.4667
2022-12-03,Tarazona,0.1819,5.158684
2022-12-04,Tarazona,0.13195,3.742102
2022-12-05,Tarazona,0.3168,8.984448
2022-12-06,Tarazona,0.26745,7.584882
2022-12-07,Tarazona,0.3802,10.782471999999999
2022-12-08,Tarazona,0.1278,3.624408
2022-12-09,Tarazona,0.35145,9.967122
2022-12-10,Tarazona,0.3522,9.988392000000001
2022-12-11,Tarazona,0.2201,6.242036
2022-12-12,Tarazona,0.37885,10.744186000000001
2022-12-13,Tarazona,0.3463,9.821068
2022-12-14,Tarazona,0.5194,14.730184
2022-12-15,Tarazona,0.36735,10.418046
2022-12-16,Tarazona,0.54945,15.582402
2022-12-17,Tarazona,0.4228,11.990608
2022-12-18,Tarazona,0.5177,14.681972000000002
2022-12-19,Tarazona,0.56115,15.914214000000001
2022-12-20,Tarazona,0.7052,19.999472
2022-12-21,Tarazona,0.4109,11.653124
2022-12-22,Tarazona,0.3708,10.515888
2022-12-23,Tarazona,0.61655,17.485358
2022-12-24,Tarazona,0.55615,15.772414000000001
2022-12-25,Tarazona,0.8733500000000001,24.768206000000003
2022-12-26,Tarazona,0.85865,24.351314
2022-12-27,Tarazona,0.66385,18.826786000000002
2022-12-28,Tarazona,0.66515,18.863654
2022-12-29,Tarazona,0.6142000000000001,17.418712000000003
2022-12-30,Tarazona,0.6930000000000001,19.653480000000002
2022-12-31,Tarazona,0.7638,21.661368
2023-01-01,Tarazona,0.8952500000000001,25.389290000000003
2023-01-02,Tarazona,0.4404,12.489744
2023-01-03,Tarazona,0.4732,13.419952
2023-01-04,Tarazona,0.4456,12.637216
2023-01-05,Tarazona,0.5673,16.088628
2023-01-06,Tarazona,0.5569000000000001,15.793684
2023-01-07,Tarazona,0.42345,12.009041999999999
2023-01-08,Tarazona,0.32835,9.312005999999998
2023-01-09,Tarazona,0.56265,15.956753999999998
2023-01-10,Tarazona,0.4511,12.793196
2023-01-11,Tarazona,0.2105,5.96978
2023-01-12,Tarazona,0.55215,15.658974
2023-01-13,Tarazona,0.41165,11.674394
2023-01-14,Tarazona,0.5689000000000001,16.134004
2023-01-15,Tarazona,0.2406,6.823416
2023-01-16,Tarazona,0.426,12.08136
2023-01-17,Tarazona,0.4148,11.763728
2023-01-18,Tarazona,0.4963,14.075068
2023-01-19,Tarazona,0.5693,16.145348000000002
2023-01-20,Tarazona,0.6314000000000001,17.906504
2023-01-21,Tarazona,0.66235,18.784246
2023-01-22,Tarazona,0.6618,18.768648000000002
2023-01-23,Tarazona,0.506,14.35016
2023-01-24,Tarazona,0.44605,12.649977999999999
2023-01-25,Tarazona,0.3474,9.852264
2023-01-26,Tarazona,0.2455,6.96238
2023-01-27,Tarazona,0.4421,12.537956
2023-01-28,Tarazona,0.44135,12.516686
2023-01-29,Tarazona,0.31175,8.841230000000001
2023-01-30,Tarazona,0.35115,9.958614
2023-01-31,Tarazona,0.27925,7.91953
2023-02-01,Tarazona,0.2828,8.020208
2023-02-02,Tarazona,0.35995,10.208181999999999
2023-02-03,Tarazona,0.41815,11.858734
2023-02-04,Tarazona,0.45015,12.766254
2023-02-05,Tarazona,0.3924,11.128464000000001
2023-02-06,Tarazona,0.0598,1.6959279999999999
2023-02-07,Tarazona,0.17675,5.01263
2023-02-08,Tarazona,0.1059,3.0033239999999997
2023-02-09,Tarazona,0.15495,4.394382
2023-02-10,Tarazona,0.20995,5.954181999999999
2023-02-11,Tarazona,0.22655,6.424958
2023-02-12,Tarazona,0.29525,8.37329
2023-02-13,Tarazona,0.22605,6.410778
2023-02-14,Tarazona,0.21805,6.183898
2023-02-15,Tarazona,0.30485,8.645546
2023-02-16,Tarazona,0.33695,9.555902000000001
2023-02-17,Tarazona,0.4746,13.459656
2023-02-18,Tarazona,0.2895,8.21022
2023-02-19,Tarazona,0.36925,10.47193
2023-02-20,Tarazona,0.42325,12.00337
2023-02-21,Tarazona,0.2809,7.966323999999999
2023-02-22,Tarazona,0.35375,10.03235
2023-02-23,Tarazona,0.2206,6.256215999999999
2023-02-24,Tarazona,0.2662,7.5494319999999995
2023-02-25,Tarazona,0.23255,6.595118
2023-02-26,Tarazona,0.14805,4.198697999999999
2023-02-27,Tarazona,0.12655,3.588958
2023-02-28,Tarazona,0.1716,4.866576
2023-03-01,Tarazona,0.1987,5.635132
2023-03-02,Tarazona,0.2001,5.674836
2023-03-03,Tarazona,0.2153,6.1059079999999994
2023-03-04,Tarazona,0.2638,7.481367999999999
2023-03-05,Tarazona,0.19375,5.49475
2023-03-06,Tarazona,0.12555,3.5605979999999997
2023-03-07,Tarazona,0.3143,8.913548
2023-03-08,Tarazona,0.2811,7.971996000000001
2023-03-09,Tarazona,0.2083,5.907388
2023-03-10,Tarazona,0.31365,8.895114
2023-03-11,Tarazona,0.26375,7.47995
2023-03-12,Tarazona,0.43415,12.312494
2023-03-13,Tarazona,0.38605,10.948378
2023-03-14,Tarazona,0.2688,7.623168
2023-03-15,Tarazona,0.3678,10.430808
2023-03-16,Tarazona,0.33225,9.422609999999999
2023-03-17,Tarazona,0.2173,6.162628
2023-03-18,Tarazona,0.19085,5.412506
2023-03-19,Tarazona,0.28595,8.109542
2023-03-20,Tarazona,0.32095,9.102142
2023-03-21,Tarazona,0.3298,9.353128
2023-03-22,Tarazona,0.3729,10.575444
2023-03-23,Tarazona,0.37345,10.591042
2023-03-24,Tarazona,0.2548,7.226128000000001
2023-03-25,Tarazona,0.29785,8.447026
2023-03-26,Tarazona,0.22845,6.478841999999999
2023-03-27,Tarazona,0.3221,9.134756
2023-03-28,Tarazona,0.35515,10.072054
2023-03-29,Tarazona,0.36345,10.307442
2023-03-30,Tarazona,0.31125,8.82705
2023-03-31,Tarazona,0.25765,7.306953999999999
2023-04-01,Tarazona,0.24105,6.836177999999999
2023-04-02,Tarazona,0.2346,6.653256
2023-04-03,Tarazona,0.35005,9.927418
2023-04-04,Tarazona,0.38145,10.817922
2023-04-05,Tarazona,0.378,10.72008
2023-04-06,Tarazona,0.2869,8.136484
2023-04-07,Tarazona,0.3719,10.547084
2023-04-08,Tarazona,0.42235,11.977846
2023-04-09,Tarazona,0.3816,10.822175999999999
2023-04-10,Tarazona,0.3803,10.785308
2023-04-11,Tarazona,0.34295,9.726061999999999
2023-04-12,Tarazona,0.19465,5.520274
2023-04-13,Tarazona,0.17925,5.08353
2023-04-14,Tarazona,0.1843,5.226748
2023-04-15,Tarazona,0.224,6.35264
2023-04-16,Tarazona,0.3298,9.353128
2023-04-17,Tarazona,0.326,9.24536
2023-04-18,Tarazona,0.26435,7.496965999999999
2023-04-19,Tarazona,0.1788,5.070767999999999
2023-04-20,Tarazona,0.28385,8.049985999999999
2023-04-21,Tarazona,0.2685,7.614660000000001
2023-04-22,Tarazona,0.1294,3.6697839999999995
2023-04-23,Tarazona,0.23025,6.52989
2023-04-24,Tarazona,0.2916,8.269776
2023-04-25,Tarazona,0.26985,7.652945999999999
2023-04-26,Tarazona,0.34165,9.689194
2023-04-27,Tarazona,0.36215,10.270574
2023-04-28,Tarazona,0.33385,9.467986
2023-04-29,Tarazona,0.1593,4.517748
2023-04-30,Tarazona,0.29195,8.279702
2023-05-01,Tarazona,0.33525,9.50769
2023-05-02,Tarazona,0.22215,6.300173999999999
2023-05-03,Tarazona,0.1408,3.993088
2023-05-04,Tarazona,0.1659,4.704924
2023-05-05,Tarazona,0.24425,6.92693
2023-05-06,Tarazona,0.248,7.0332799999999995
2023-05-07,Tarazona,0.1934,5.484824
2023-05-08,Tarazona,0.1977,5.606771999999999
2023-05-09,Tarazona,0.19465,5.520274
2023-05-10,Tarazona,0.1953,5.538708
2023-05-11,Tarazona,0.1532,4.344752
2023-05-12,Tarazona,0.15355,4.354678
2023-05-13,Tarazona,0.13935,3.951966
2023-05-14,Tarazona,0.2113,5.992468
2023-05-15,Tarazona,0.2421,6.865956
2023-05-16,Tarazona,0.2822,8.003192
2023-05-17,Tarazona,0.17365,4.924714
2023-05-18,Tarazona,0.17405,4.936058
2023-05-19,Tarazona,0.20845,5.911642
2023-05-20,Tarazona,0.275,7.799
2023-05-21,Tarazona,0.238,6.74968
2023-05-22,Tarazona,0.15175,4.30363
2023-05-23,Tarazona,0.05425,1.53853
2023-05-24,Tarazona,0.90925,25.78633
2023-05-25,Tarazona,1.38925,39.39913
2023-05-26,Tarazona,1.54335,43.769406
2023-05-27,Tarazona,2.01535,57.155326
2023-05-28,Tarazona,2.9309000000000003,83.12032400000001
2023-05-29,Tarazona,2.7995,79.39382
2023-05-30,Tarazona,2.47485,70.186746
2023-05-31,Tarazona,3.844,109.01584
2023-06-01,Tarazona,2.8159,79.858924
2023-06-02,Tarazona,2.6846,76.135256
2023-06-03,Tarazona,3.4253500000000003,97.142926
2023-06-04,Tarazona,3.09755,87.846518
2023-06-05,Tarazona,2.44255,69.270718
2023-06-06,Tarazona,4.2606,120.830616
2023-06-07,Tarazona,0.8812500000000001,24.992250000000002
2023-06-08,Tarazona,1.5344,43.515584
2023-06-09,Tarazona,3.8951,110.465036
2023-06-10,Tarazona,4.0673,115.348628
2023-06-11,Tarazona,3.67345,104.179042
2023-06-12,Tarazona,3.49725,99.18201
2023-06-13,Tarazona,2.3103,65.520108
2023-06-14,Tarazona,4.0241,114.123476
2023-06-15,Tarazona,4.5377,128.689172
2023-06-16,Tarazona,4.277950000000001,121.32266200000001
2023-06-17,Tarazona,4.0777,115.643572
2023-06-18,Tarazona,2.3392,66.33971199999999
2023-06-19,Tarazona,1.2092,34.292912
2023-06-20,Tarazona,3.18975,90.46131
2023-06-21,Tarazona,0.96745,27.436882
2023-06-22,Tarazona,4.4483500000000005,126.155206
2023-06-23,Tarazona,4.492900000000001,127.41864400000001
2023-06-24,Tarazona,3.93525,111.60369
2023-06-25,Tarazona,3.86475,109.60431
2023-06-26,Tarazona,2.54825,72.26836999999999
2023-06-27,Tarazona,2.6245000000000003,74.43082000000001
2023-06-28,Tarazona,2.34425,66.48293000000001
2023-06-29,Tarazona,1.87355,53.133878
2023-06-30,Tarazona,1.55705,44.157938
2023-07-01,Tarazona,1.48075,41.99407
2023-07-02,Tarazona,1.30825,37.101969999999994
2023-07-03,Tarazona,0.91185,25.860066
2023-07-04,Tarazona,0.7824,22.188864
2023-07-05,Tarazona,0.8556,24.264816
2023-07-06,Tarazona,0.72365,20.522714
2023-07-07,Tarazona,0.15315,4.3433340000000005
2023-07-08,Tarazona,0.35325,10.01817
2023-07-09,Tarazona,0.3557,10.087652
2023-07-10,Tarazona,0.31495,8.931982
2023-07-11,Tarazona,0.3508,9.948688
2023-07-12,Tarazona,0.31145,8.832722
2023-07-13,Tarazona,0.35045,9.938761999999999
2023-07-14,Tarazona,0.01955,0.554438
2023-07-15,Tarazona,0.0199,0.564364
2023-07-16,Tarazona,0.0174,0.49346399999999996
2023-07-17,Tarazona,0.0198,0.561528
2023-07-18,Tarazona,0.0306,0.8678159999999999
2023-07-19,Tarazona,0.02855,0.809678
2023-07-20,Tarazona,0.0237,0.672132
2023-07-21,Tarazona,0.02255,0.639518
2023-07-22,Tarazona,0.0194,0.550184
2023-07-23,Tarazona,0.02285,0.648026
2023-07-24,Tarazona,0.022,0.6239199999999999
2023-07-25,Tarazona,0.01875,0.53175
2023-07-26,Tarazona,0.01835,0.520406
2023-07-27,Tarazona,0.01865,0.528914
2023-07-28,Tarazona,0.02705,0.767138
2023-07-29,Tarazona,0.0248,0.703328
2023-07-30,Tarazona,0.02945,0.835202
2023-07-31,Tarazona,0.02765,0.784154
2023-08-01,Tarazona,0.0259,0.734524
2023-08-02,Tarazona,0.02455,0.6962379999999999
2023-08-03,Tarazona,0.0214,0.606904
2023-08-04,Tarazona,0.01935,0.548766
2023-08-05,Tarazona,0.0209,0.5927239999999999
2023-08-06,Tarazona,0.02735,0.775646
2023-08-07,Tarazona,0.0158,0.44808800000000004
2023-08-08,Tarazona,0.02265,0.642354
2023-08-09,Tarazona,0.0296,0.839456
2023-08-10,Tarazona,0.02915,0.8266939999999999
2023-08-11,Tarazona,0.0284,0.805424
2023-08-12,Tarazona,0.03,0.8508
2023-08-13,Tarazona,0.02075,0.58847
2023-08-14,Tarazona,0.02565,0.7274339999999999
2023-08-15,Tarazona,0.02625,0.74445
2023-08-16,Tarazona,0.0267,0.757212
2023-08-17,Tarazona,0.02975,0.84371
2023-08-18,Tarazona,0.0302,0.856472
2023-08-19,Tarazona,0.031,0.8791599999999999
2023-08-20,Tarazona,0.03435,0.974166
2023-08-21,Tarazona,0.0274,0.777064
2023-08-22,Tarazona,0.0286,0.811096
2023-08-23,Tarazona,0.0292,0.828112
2023-08-24,Tarazona,0.03395,0.962822
2023-08-25,Tarazona,0.02905,0.823858
2023-08-26,Tarazona,0.02515,0.7132539999999999
2023-08-27,Tarazona,0.0137,0.388532
2023-08-28,Tarazona,0.0135,0.38286
2023-08-29,Tarazona,0.0164,0.465104
2023-08-30,Tarazona,0.01755,0.497718
2023-08-31,Tarazona,0.01975,0.56011
2023-09-01,Tarazona,0.0191,0.5416759999999999
2023-09-02,Tarazona,0.007,0.19852
2023-09-03,Tarazona,0.2719,7.711083999999999
2023-09-04,Tarazona,1.9827,56.229372
2023-09-05,Tarazona,2.56495,72.74198200000001
2023-09-06,Tarazona,2.25035,63.819926
2023-09-07,Tarazona,2.2146,62.806056
2023-09-08,Tarazona,1.8314,51.938503999999995
2023-09-09,Tarazona,1.7082000000000002,48.444552
2023-09-10,Tarazona,1.54025,43.68149
2023-09-11,Tarazona,1.2275,34.8119
2023-09-12,Tarazona,1.0151,28.788235999999998
2023-09-13,Tarazona,0.6970000000000001,19.766920000000002
2023-09-14,Tarazona,0.88705,25.156738
2023-09-15,Tarazona,0.4959,14.063724
2023-09-16,Tarazona,1.9752,56.016672
2023-09-17,Tarazona,1.6766,47.548376000000005
2023-09-18,Tarazona,1.66655,47.263358
2023-09-19,Tarazona,0.8719,24.727084
2023-09-20,Tarazona,2.3983000000000003,68.01578800000001
2023-09-21,Tarazona,2.0631,58.509516
2023-09-22,Tarazona,2.1844,61.949584
2023-09-23,Tarazona,2.2505,63.824180000000005
2023-09-24,Tarazona,1.9632,55.676352
2023-09-25,Tarazona,1.79115,50.797014
2023-09-26,Tarazona,1.4852,42.120272
2023-09-27,Tarazona,1.2797,36.292292
2023-09-28,Tarazona,1.21275,34.393589999999996
2023-09-29,Tarazona,1.07775,30.564989999999998
2023-09-30,Tarazona,0.9923,28.141627999999997
2023-10-01,Tarazona,0.9231,26.179116
2023-10-02,Tarazona,0.73965,20.976474
2023-10-03,Tarazona,0.63515,18.012854
2023-10-04,Tarazona,0.4358,12.359288000000001
2023-10-05,Tarazona,0.4553,12.912308
2023-10-06,Tarazona,0.42335,12.006206
2023-10-07,Tarazona,0.36675,10.40103
2023-10-08,Tarazona,0.31755,9.005718
2023-10-09,Tarazona,0.29515,8.370454
2023-10-10,Tarazona,0.2298,6.517128
2023-10-11,Tarazona,0.2183,6.190988
2023-10-12,Tarazona,0.2214,6.278904
2023-10-13,Tarazona,0.16235,4.604246
2023-10-14,Tarazona,0.0471,1.3357560000000002
2023-10-15,Tarazona,0.129,3.65844
2023-10-16,Tarazona,0.0808,2.2914879999999997
2023-10-17,Tarazona,0.09545,2.706962
2023-10-18,Tarazona,0.07225,2.04901
2023-10-19,Tarazona,0.0297,0.842292
2023-10-20,Tarazona,0.8479500000000001,24.047862000000002
2023-10-21,Tarazona,0.8945000000000001,25.36802
2023-10-22,Tarazona,0.48175,13.66243
2023-10-23,Tarazona,0.74415,21.104094
2023-10-24,Tarazona,0.87365,24.776714000000002
2023-10-25,Tarazona,0.76765,21.770554
2023-10-26,Tarazona,0.343,9.72748
2023-10-27,Tarazona,0.4671,13.246956
2023-10-28,Tarazona,0.3828,10.856207999999999
2023-10-29,Tarazona,0.4042,11.463112
2023-10-30,Tarazona,0.2583,7.325387999999999
2023-10-31,Tarazona,0.3902,11.066072
2023-11-01,Tarazona,0.51205,14.521738
2023-11-02,Tarazona,0.227,6.43772
2023-11-03,Tarazona,0.54895,15.568222
2023-11-04,Tarazona,0.4645,13.17322
2023-11-05,Tarazona,0.5337000000000001,15.135732
2023-11-06,Tarazona,0.43655,12.380557999999999
2023-11-07,Tarazona,0.45985,13.041345999999999
2023-11-08,Tarazona,0.3254,9.228344
2023-11-09,Tarazona,0.277,7.855720000000001
2023-11-10,Tarazona,0.23945,6.790801999999999
2023-11-11,Tarazona,0.1446,4.100856
2023-11-12,Tarazona,0.19015,5.392654
2023-11-13,Tarazona,0.17705,5.0211380000000005
2023-11-14,Tarazona,0.3117,8.839811999999998
2023-11-15,Tarazona,0.29615,8.398814
2023-11-16,Tarazona,0.1926,5.462136
2023-11-17,Tarazona,0.1813,5.141667999999999
2023-11-18,Tarazona,0.1743,4.943148
2023-11-19,Tarazona,0.179,5.07644
2023-11-20,Tarazona,0.1455,4.126379999999999
2023-11-21,Tarazona,0.1006,2.8530159999999998
2023-11-22,Tarazona,0.1178,3.340808
2023-11-23,Tarazona,0.10885,3.086986
2023-11-24,Tarazona,0.08665,2.4573940000000003
2023-11-25,Tarazona,0.1041,2.952276
2023-11-26,Tarazona,0.07975,2.26171
2023-11-27,Tarazona,0.07755,2.199318
2023-11-28,Tarazona,0.02085,0.591306
2023-11-29,Tarazona,0.03735,1.059246
2023-11-30,Tarazona,0.04835,1.371206
2023-12-01,Tarazona,0.0278,0.7884079999999999
2023-12-02,Tarazona,0.1078,3.057208
2023-12-03,Tarazona,0.12975,3.67971
2023-12-04,Tarazona,0.0618,1.752648
2023-12-05,Tarazona,0.2059,5.8393239999999995
2023-12-06,Tarazona,0.1944,5.513184
2023-12-07,Tarazona,0.24375,6.91275
2023-12-08,Tarazona,0.2655,7.52958
2023-12-09,Tarazona,0.2161,6.128596
2023-12-10,Tarazona,0.14885,4.221386
2023-12-11,Tarazona,0.3203,9.083708
2023-12-12,Tarazona,0.49375,14.00275
2023-12-13,Tarazona,0.1938,5.496168
2023-12-14,Tarazona,0.19555,5.545798
2023-12-15,Tarazona,0.20315,5.761334
2023-12-16,Tarazona,0.16385,4.646786
2023-12-17,Tarazona,0.1335,3.78606
2023-12-18,Tarazona,0.1172,3.323792
2023-12-19,Tarazona,0.1386,3.9306959999999997
2023-12-20,Tarazona,0.07575,2.1482699999999997
2023-12-21,Tarazona,0.10435,2.9593659999999997
2023-12-22,Tarazona,0.10155,2.879958
2023-12-23,Tarazona,0.1115,3.16214
2023-12-24,Tarazona,0.09175,2.60203
2023-12-25,Tarazona,0.07675,2.17663
2023-12-26,Tarazona,0.07065,2.003634
2023-12-27,Tarazona,0.0595,1.68742
2023-12-28,Tarazona,0.05285,1.498826
2023-12-29,Tarazona,0.0459,1.301724
2023-12-30,Tarazona,0.0771,2.186556
2023-12-31,Tarazona,0.0267,0.757212
2024-01-01,Tarazona,0.0375,1.0635
2024-01-02,Tarazona,0.03915,1.110294
2024-01-03,Tarazona,0.0374,1.060664
2024-01-04,Tarazona,0.03165,0.8975939999999999
2024-01-05,Tarazona,0.43325,12.28697
2024-01-06,Tarazona,0.47825,13.56317
2024-01-07,Tarazona,0.40535,11.495726
2024-01-08,Tarazona,0.36595,10.378342
2024-01-09,Tarazona,0.39365,11.163914
2024-01-10,Tarazona,0.23585,6.688706
2024-01-11,Tarazona,0.4765,13.513539999999999
2024-01-12,Tarazona,0.37785,10.715826
2024-01-13,Tarazona,0.43025,12.20189
2024-01-14,Tarazona,0.69945,19.836402
2024-01-15,Tarazona,0.2231,6.327115999999999
2024-01-16,Tarazona,0.8909,25.265924000000002
2024-01-17,Tarazona,0.6977000000000001,19.786772000000003
2024-01-18,Tarazona,0.46235,13.112245999999999
2024-01-19,Tarazona,0.18775,5.32459
2024-01-20,Tarazona,0.37655,10.678958
2024-01-21,Tarazona,0.6052000000000001,17.163472000000002
2024-01-22,Tarazona,0.68805,19.513098
2024-01-23,Tarazona,0.7159000000000001,20.302924
2024-01-24,Tarazona,0.69515,19.714454
2024-01-25,Tarazona,0.924,26.20464
2024-01-26,Tarazona,0.95175,26.99163
2024-01-27,Tarazona,1.04425,29.614929999999998
2024-01-28,Tarazona,0.8846,25.087256
2024-01-29,Tarazona,0.4485,12.71946
2024-01-30,Tarazona,0.39605,11.231978
2024-01-31,Tarazona,0.4363,12.373468
2024-02-01,Tarazona,0.6869000000000001,19.480484
2024-02-02,Tarazona,0.57675,16.35663
2024-02-03,Tarazona,0.56875,16.129749999999998
2024-02-04,Tarazona,0.65635,18.614086
2024-02-05,Tarazona,0.6452,18.297871999999998
2024-02-06,Tarazona,0.4232,12.001952000000001
2024-02-07,Tarazona,0.2788,7.906768
2024-02-08,Tarazona,0.4019,11.397884
2024-02-09,Tarazona,0.16965,4.811274
2024-02-10,Tarazona,0.6458,18.314888
2024-02-11,Tarazona,0.3964,11.241904
2024-02-12,Tarazona,0.753,21.35508
2024-02-13,Tarazona,0.96235,27.292246000000002
2024-02-14,Tarazona,0.8702000000000001,24.678872000000002
2024-02-15,Tarazona,0.8045,22.81562
2024-02-16,Tarazona,0.90995,25.806182
2024-02-17,Tarazona,1.23185,34.935266
2024-02-18,Tarazona,1.22885,34.850186
2024-02-19,Tarazona,1.19585,33.914306
2024-02-20,Tarazona,1.2979,36.808444
2024-02-21,Tarazona,1.1387,32.293532
2024-02-22,Tarazona,0.92485,26.228745999999997
2024-02-23,Tarazona,0.49515,14.042454
2024-02-24,Tarazona,0.3647,10.342892
2024-02-25,Tarazona,0.26505,7.516818
2024-02-26,Tarazona,0.48735,13.821246
2024-02-27,Tarazona,0.7217,20.467412
2024-02-28,Tarazona,1.1203,31.771708
2024-02-29,Tarazona,0.9931,28.164316
2024-03-01,Tarazona,0.91075,25.82887
2024-03-02,Tarazona,0.426,12.08136
2024-03-03,Tarazona,0.83725,23.744410000000002
2024-03-04,Tarazona,0.7292500000000001,20.681530000000002
2024-03-05,Tarazona,1.21455,34.444638
2024-03-06,Tarazona,1.4696,41.677856
2024-03-07,Tarazona,1.04585,29.660306
2024-03-08,Tarazona,0.8388500000000001,23.789786000000003
2024-03-09,Tarazona,0.33635,9.538886
2024-03-10,Tarazona,0.9743,27.631148
2024-03-11,Tarazona,1.3783,39.088588
2024-03-12,Tarazona,1.94635,55.198486
2024-03-13,Tarazona,1.9939,56.547004
2024-03-14,Tarazona,1.8384,52.137024
2024-03-15,Tarazona,1.67925,47.623529999999995
2024-03-16,Tarazona,1.9115,54.210139999999996
2024-03-17,Tarazona,2.1842,61.943912000000005
2024-03-18,Tarazona,1.7647000000000002,50.04689200000001
2024-03-19,Tarazona,1.8717,53.08141199999999
2024-03-20,Tarazona,1.4853,42.123108
2024-03-21,Tarazona,1.1071,31.397356
2024-03-22,Tarazona,2.1012,59.590032
2024-03-23,Tarazona,1.5464,43.855904
2024-03-24,Tarazona,0.9285,26.332259999999998
2024-03-25,Tarazona,0.32685,9.269466
2024-03-26,Tarazona,0.9281,26.320916
2024-03-27,Tarazona,1.2006,34.049015999999995
2024-03-28,Tarazona,0.7582,21.502551999999998
2024-03-29,Tarazona,1.1328,32.126208
2024-03-30,Tarazona,1.30365,36.971514
2024-03-31,Tarazona,0.59835,16.969206
2024-04-01,Tarazona,2.1557500000000003,61.13707000000001
2024-04-02,Tarazona,2.8272,80.17939199999999
2024-04-03,Tarazona,2.96145,83.986722
2024-04-04,Tarazona,3.23585,91.768706
2024-04-05,Tarazona,3.74745,106.277682
2024-04-06,Tarazona,2.9501500000000003,83.66625400000001
2024-04-07,Tarazona,2.6122,74.081992
2024-04-08,Tarazona,3.01945,85.631602
2024-04-09,Tarazona,2.55525,72.46688999999999
2024-04-10,Tarazona,2.9088000000000003,82.49356800000001
2024-04-11,Tarazona,2.81535,79.843326
2024-04-12,Tarazona,2.8807500000000004,81.69807000000002
2024-04-13,Tarazona,2.8855500000000003,81.834198
2024-04-14,Tarazona,2.8383000000000003,80.49418800000001
2024-04-15,Tarazona,2.03065,57.589234
2024-04-16,Tarazona,2.608,73.96288
2024-04-17,Tarazona,2.2866,64.847976
2024-04-18,Tarazona,2.35,66.646
2024-04-19,Tarazona,1.2382000000000002,35.115352
2024-04-20,Tarazona,2.06125,58.457049999999995
2024-04-21,Tarazona,1.8011,51.079195999999996
2024-04-22,Tarazona,1.67855,47.603678
2024-04-23,Tarazona,1.42055,40.286798
2024-04-24,Tarazona,1.31735,37.360046
2024-04-25,Tarazona,0.9407,26.678252
2024-04-26,Tarazona,0.96355,27.326278
2024-04-27,Tarazona,0.4444,12.603184
2024-04-28,Tarazona,0.93005,26.376218
2024-04-29,Tarazona,0.32335,9.170206
2024-04-30,Tarazona,2.5547,72.451292
2024-05-01,Tarazona,2.47485,70.186746
2024-05-02,Tarazona,3.1444,89.175184
2024-05-03,Tarazona,3.27985,93.016546
2024-05-04,Tarazona,3.78785,107.423426
2024-05-05,Tarazona,2.773,78.64228
2024-05-06,Tarazona,2.40695,68.26110200000001
2024-05-07,Tarazona,3.10325,88.00817
2024-05-08,Tarazona,2.9716500000000003,84.27599400000001
2024-05-09,Tarazona,2.7028000000000003,76.651408
2024-05-10,Tarazona,2.70955,76.842838
2024-05-11,Tarazona,1.9994,56.702984
2024-05-12,Tarazona,2.3281,66.024916
2024-05-13,Tarazona,1.8987,53.847132
2024-05-14,Tarazona,1.33175,37.76843
2024-05-15,Tarazona,1.3987500000000002,39.66855
2024-05-16,Tarazona,1.2087,34.278732000000005
2024-05-17,Tarazona,1.04285,29.575226
2024-05-18,Tarazona,1.4814,42.012504
2024-05-19,Tarazona,1.3121,37.211156
2024-05-20,Tarazona,0.86965,24.663274
2024-05-21,Tarazona,0.8320000000000001,23.59552
2024-05-22,Tarazona,1.0583,30.013388
2024-05-23,Tarazona,1.127,31.96172
2024-05-24,Tarazona,1.3332,37.809552
2024-05-25,Tarazona,1.36025,38.57669
2024-05-26,Tarazona,1.22555,34.756598
2024-05-27,Tarazona,1.20995,34.314182
2024-05-28,Tarazona,0.7717,21.885412000000002
2024-05-29,Tarazona,1.06995,30.343781999999997
2024-05-30,Tarazona,1.088,30.855680000000003
2024-05-31,Tarazona,0.72935,20.684366
2024-06-01,Tarazona,0.3961,11.233396
2024-06-02,Tarazona,0.7804500000000001,22.133562
2024-06-03,Tarazona,0.6555,18.589979999999997
2024-06-04,Tarazona,1.05725,29.98361
2024-06-05,Tarazona,1.0256,29.086016
2024-06-06,Tarazona,0.7857500000000001,22.28387
2024-06-07,Tarazona,0.6095,17.285420000000002
2024-06-08,Tarazona,0.452,12.81872
2024-06-09,Tarazona,2.54875,72.28255
2024-06-10,Tarazona,1.7794,50.463784000000004
2024-06-11,Tarazona,2.72025,77.14629
2024-06-12,Tarazona,1.5018,42.591048
2024-06-13,Tarazona,4.1947,118.961692
2024-06-14,Tarazona,4.7676,135.209136
2024-06-15,Tarazona,4.12075,116.86447
2024-06-16,Tarazona,3.3272500000000003,94.36081
2024-06-17,Tarazona,3.0089,85.332404
2024-06-18,Tarazona,2.40095,68.090942
2024-06-19,Tarazona,2.0754,58.858344
2024-06-20,Tarazona,1.0282,29.159752
2024-06-21,Tarazona,1.48805,42.201098
2024-06-22,Tarazona,1.5314,43.430504
2024-06-23,Tarazona,1.35985,38.565346
2024-06-24,Tarazona,1.1328,32.126208
2024-06-25,Tarazona,1.0513,29.814867999999997
2024-06-26,Tarazona,0.6533,18.527587999999998
2024-06-27,Tarazona,0.4613,13.082467999999999
2024-06-28,Tarazona,0.33985,9.638145999999999
2024-06-29,Tarazona,0.29015,8.228654
2024-06-30,Tarazona,1.98625,56.33005
2024-07-01,Tarazona,1.2324,34.950863999999996
2024-07-02,Tarazona,1.7141000000000002,48.611876
2024-07-03,Tarazona,1.34895,38.256222
2024-07-04,Tarazona,0.883,25.04188
2024-07-05,Tarazona,0.4647,13.178892
2024-07-06,Tarazona,0.2267,6.429212000000001
2024-07-07,Tarazona,0.22175,6.28883
2024-07-08,Tarazona,0.23045,6.535562
2024-07-09,Tarazona,0.28025,7.94789
2024-07-10,Tarazona,0.28575,8.10387
2024-07-11,Tarazona,0.29475,8.35911
2024-07-12,Tarazona,0.2367,6.712812
2024-07-13,Tarazona,0.01895,0.5374220000000001
2024-07-14,Tarazona,0.02255,0.639518
2024-07-15,Tarazona,0.0203,0.575708
2024-07-16,Tarazona,0.0249,0.7061639999999999
2024-07-17,Tarazona,0.0174,0.49346399999999996
2024-07-18,Tarazona,0.02945,0.835202
2024-07-19,Tarazona,0.03095,0.8777419999999999
2024-07-20,Tarazona,0.02865,0.812514
2024-07-21,Tarazona,0.02405,0.6820579999999999
2024-07-22,Tarazona,0.02415,0.684894
2024-07-23,Tarazona,0.031,0.8791599999999999
2024-07-24,Tarazona,0.0358,1.015288
2024-07-25,Tarazona,0.0331,0.9387159999999999
2024-07-26,Tarazona,0.0232,0.657952
2024-07-27,Tarazona,0.02965,0.840874
2024-07-28,Tarazona,0.0213,0.6040679999999999
2024-07-29,Tarazona,0.02435,0.690566
2024-07-30,Tarazona,0.02685,0.761466
2024-07-31,Tarazona,0.03415,0.968494
2024-08-01,Tarazona,0.03535,1.002526
2024-08-02,Tarazona,0.0276,0.782736
2024-08-03,Tarazona,0.0288,0.8167679999999999
2024-08-04,Tarazona,0.03095,0.8777419999999999
2024-08-05,Tarazona,0.03545,1.005362
2024-08-06,Tarazona,0.0349,0.989764
2024-08-07,Tarazona,0.03395,0.962822
2024-08-08,Tarazona,0.0288,0.8167679999999999
2024-08-09,Tarazona,0.02905,0.823858
2024-08-10,Tarazona,0.0257,0.728852
2024-08-11,Tarazona,0.02415,0.684894
2024-08-12,Tarazona,0.03075,0.87207
2024-08-13,Tarazona,0.0262,0.743032
2024-08-14,Tarazona,0.01385,0.39278599999999997
2024-08-15,Tarazona,0.02025,0.57429
2024-08-16,Tarazona,0.0213,0.6040679999999999
2024-08-17,Tarazona,0.01495,0.42398199999999997
2024-08-18,Tarazona,0.02405,0.6820579999999999
2024-08-19,Tarazona,0.0254,0.720344
2024-08-20,Tarazona,0.027,0.76572
2024-08-21,Tarazona,0.0183,0.518988
2024-08-22,Tarazona,0.0265,0.75154
2024-08-23,Tarazona,1.6005,45.39018
2024-08-24,Tarazona,0.0621,1.761156
2024-08-25,Tarazona,0.0134,0.38002400000000003
2024-08-26,Tarazona,0.14365,4.073914
2024-08-27,Tarazona,0.02805,0.7954979999999999
2024-08-28,Tarazona,0.0208,0.589888
2024-08-29,Tarazona,0.0164,0.465104
2024-08-30,Tarazona,0.0123,0.34882799999999997
2024-08-31,Tarazona,0.0187,0.530332
2024-09-01,Tarazona,0.14395,4.082421999999999
2024-09-02,Tarazona,0.0162,0.45943199999999995
2024-09-03,Tarazona,2.1758,61.705688
2024-09-04,Tarazona,1.6582,47.026551999999995
2024-09-05,Tarazona,1.543,43.759479999999996
2024-09-06,Tarazona,1.1744,33.305984
2024-09-07,Tarazona,0.8611000000000001,24.420796000000003
2024-09-08,Tarazona,0.4877,13.831172
2024-09-09,Tarazona,0.5189,14.716004
2024-09-10,Tarazona,0.3621,10.269155999999999
2024-09-11,Tarazona,0.2334,6.619224
2024-09-12,Tarazona,0.1816,5.150176
2024-09-13,Tarazona,0.16485,4.675146
2024-09-14,Tarazona,0.0791,2.2432760000000003
2024-09-15,Tarazona,0.11895,3.373422
2024-09-16,Tarazona,0.12395,3.515222
2024-09-17,Tarazona,0.07835,2.222006
2024-09-18,Tarazona,0.05335,1.513006
2024-09-19,Tarazona,0.07255,2.057518
2024-09-20,Tarazona,1.1951,33.893036
2024-09-21,Tarazona,0.8433,23.915988000000002
2024-09-22,Tarazona,1.9808,56.175487999999994
2024-09-23,Tarazona,1.9601,55.588435999999994
2024-09-24,Tarazona,1.48095,41.999742
2024-09-25,Tarazona,1.11425,31.60013
2024-09-26,Tarazona,1.0937,31.017331999999996
2024-09-27,Tarazona,0.8027000000000001,22.764572
2024-09-28,Tarazona,0.9572,27.146192
2024-09-29,Tarazona,0.83665,23.727394
2024-09-30,Tarazona,0.79025,22.41149
2024-10-01,Tarazona,0.614,17.41304
2024-10-02,Tarazona,0.4795,13.598619999999999
2024-10-03,Tarazona,0.44615,12.652814
2024-10-04,Tarazona,0.42715,12.113973999999999
2024-10-05,Tarazona,0.4099,11.624763999999999
2024-10-06,Tarazona,0.39775,11.28019
2024-10-07,Tarazona,0.22945,6.5072019999999995
2024-10-08,Tarazona,0.91505,25.950818
2024-10-09,Tarazona,0.5945,16.860020000000002
2024-10-10,Tarazona,0.6061,17.188996
2024-10-11,Tarazona,0.75385,21.379186
2024-10-12,Tarazona,0.4487,12.725131999999999
2024-10-13,Tarazona,1.27505,36.160418
2024-10-14,Tarazona,1.0156,28.802416
2024-10-15,Tarazona,0.53425,15.15133
2024-10-16,Tarazona,0.83975,23.81531
2024-10-17,Tarazona,0.7165,20.31994
2024-10-18,Tarazona,1.1890500000000002,33.721458000000005
2024-10-19,Tarazona,1.13345,32.144642000000005
2024-10-20,Tarazona,1.16185,32.950066
2024-10-21,Tarazona,1.20945,34.300002
2024-10-22,Tarazona,0.5497000000000001,15.589492000000002
2024-10-23,Tarazona,0.4795,13.598619999999999
2024-10-24,Tarazona,0.7299,20.699963999999998
2024-10-25,Tarazona,0.3947,11.193692
2024-10-26,Tarazona,0.98525,27.941689999999998
2024-10-27,Tarazona,0.7393500000000001,20.967966
2024-10-28,Tarazona,0.9431,26.746316
2024-10-29,Tarazona,0.42495,12.051582
2024-10-30,Tarazona,1.4006500000000002,39.72243400000001
2024-10-31,Tarazona,1.26015,35.737854
2024-11-01,Tarazona,0.96795,27.451062
2024-11-02,Tarazona,1.1402,32.336072
2024-11-03,Tarazona,0.8632500000000001,24.48177
2024-11-04,Tarazona,0.7677,21.771972
2024-11-05,Tarazona,1.1233,31.856787999999998
2024-11-06,Tarazona,0.8725,24.7441
2024-11-07,Tarazona,0.8666,24.576776
2024-11-08,Tarazona,0.71365,20.239114
2024-11-09,Tarazona,0.8974000000000001,25.450264
2024-11-10,Tarazona,1.0957,31.074051999999995
2024-11-11,Tarazona,0.93785,26.597426
2024-11-12,Tarazona,0.9945,28.20402
2024-11-13,Tarazona,0.35785,10.148626
2024-11-14,Tarazona,0.38355,10.877478
2024-11-15,Tarazona,0.1504,4.265344
2024-11-16,Tarazona,0.472,13.385919999999999
2024-11-17,Tarazona,0.661,18.74596
2024-11-18,Tarazona,0.77025,21.84429
2024-11-19,Tarazona,0.7933,22.497988
2024-11-20,Tarazona,0.6592,18.694912
2024-11-21,Tarazona,0.57345,16.263042
2024-11-22,Tarazona,0.307,8.70652
2024-11-23,Tarazona,0.74595,21.155141999999998
2024-11-24,Tarazona,0.72035,20.429126
2024-11-25,Tarazona,1.15515,32.760054
2024-11-26,Tarazona,0.6611,18.748796
2024-11-27,Tarazona,0.676,19.17136
2024-11-28,Tarazona,0.4182,11.860152
2024-11-29,Tarazona,0.72465,20.551074
2024-11-30,Tarazona,0.6919000000000001,19.622284
2024-12-01,Tarazona,0.63905,18.123458
2024-12-02,Tarazona,0.6593,18.697748
2024-12-03,Tarazona,0.5953,16.882708
2024-12-04,Tarazona,0.5507500000000001,15.619270000000002
2024-12-05,Tarazona,0.57315,16.254534
2024-12-06,Tarazona,0.5628000000000001,15.961008000000001
2024-12-07,Tarazona,0.3752,10.640671999999999
2024-12-08,Tarazona,0.44515,12.624454
2024-12-09,Tarazona,0.37595,10.661942
2024-12-10,Tarazona,0.333,9.44388
2024-12-11,Tarazona,0.24575,6.969469999999999
2024-12-12,Tarazona,0.2632,7.464352
2024-12-13,Tarazona,0.24435,6.929766
2024-12-14,Tarazona,0.33245,9.428282000000001
2024-12-15,Tarazona,0.34065,9.660834
2024-12-16,Tarazona,0.28875,8.18895
2024-12-17,Tarazona,0.28365,8.044314
2024-12-18,Tarazona,0.36965,10.483274
2024-12-19,Tarazona,0.3035,8.60726
2024-12-20,Tarazona,0.26275,7.4515899999999995
2024-12-21,Tarazona,0.26805,7.601898
2024-12-22,Tarazona,0.28005,7.942218
2024-12-23,Tarazona,0.2312,6.556832
2024-12-24,Tarazona,0.28205,7.998938000000001
2024-12-25,Tarazona,0.2192,6.216512
2024-12-26,Tarazona,0.13305,3.773298
2024-12-27,Tarazona,0.1867,5.294812
2024-12-28,Tarazona,0.18525,5.25369
2024-12-29,Tarazona,0.174,4.93464
2024-12-30,Tarazona,0.18395,5.216822
2024-12-31,Tarazona,0.10535,2.987726
