date,SWC,LE,H,G,Rn,VPD,ET,EF,site,NDVI,GPP_proxy,phen
2020-06-18,10.45698924731183,177.0648379310345,49.50357236551724,34.5384903209876,306.7962621483376,3.3679,3.837875995,0.6503573313724125,Tarazona,0.39435,120.98510597819691,non_growing
2020-06-19,9.896874999999989,184.8817817241379,34.57329896551724,48.23721966790129,305.8360858541317,4.2399700000000005,3.60555744,0.7177119389589166,Tarazona,0.39435,120.60646045657683,non_growing
2020-06-20,9.7875,250.9446705263158,13.43192478947369,38.27815100000026,342.1300749956733,4.73548,5.3164213325,0.8258781686368041,Tarazona,0.391,133.77285932330827,non_growing
2020-06-21,10.359375,298.6804803448276,-19.10780274137931,38.58841492222224,337.0867025121893,5.27358,6.30339405,1.0006103644892959,Tarazona,0.391,131.80090068226602,non_growing
2020-06-22,9.60833333333333,235.2402033898305,0.5716387118644067,39.72039406222204,327.5409003238731,4.541600000000001,5.13982245,0.8173156473290997,Tarazona,0.391,128.06849202663437,non_growing
2020-06-23,8.915625,247.9965210526316,26.54074914736842,44.76264387654336,340.0460786236692,4.49176,5.231975225,0.8398592398690102,Tarazona,0.391,132.95801674185466,non_growing
2020-06-24,8.34062499999999,172.408025862069,-22.84344556896552,11.4073439755555,187.1602480251471,2.93584,3.6927774,0.9809682906486781,Tarazona,0.391,73.17965697783252,non_growing
2020-06-25,7.98645833333333,224.7515588421053,29.44314290561404,44.77005872839513,335.2287306501548,4.55546,4.7465584925,0.7737815412949565,Tarazona,0.391,131.07443368421053,non_growing
2020-06-26,8.26770833333333,216.7288830357143,-4.013480248214286,42.01832040740739,286.7534622827392,4.12691,4.492269675,0.8855650290962958,Tarazona,0.391,112.12060375255102,non_growing
2020-06-27,9.80104166666667,273.7148117543859,-3.496767543859649,33.35517559259279,325.4896077598087,4.60616,5.774272375,0.9369481362529469,Tarazona,0.391,127.2664366340852,non_growing
2020-06-28,11.40625,251.9005882758621,0.5986273637931034,48.51334966666668,338.1207307900672,4.84854,5.4316803675,0.869800304462987,Tarazona,0.391,132.20520573891628,non_growing
2020-06-29,10.55416666666667,267.9029846034483,-22.47236965517241,41.2261860246912,328.0834378252051,4.80393,5.768888424,0.9339243924352773,Tarazona,0.391,128.2806241896552,non_growing
2020-06-30,9.779166666666669,254.7991607142857,-19.5803375,41.16024864197536,328.0704899133567,4.48436,5.156337925,0.8880796990208427,Tarazona,0.391,128.27556155612248,non_growing
2020-07-01,9.13437499999999,319.1915717241379,-32.0181425862069,47.60808346913576,334.5742528378668,5.597060000000001,6.8737994875,1.1122968690919084,Tarazona,0.38745,129.63079426203151,non_growing
2020-07-02,8.53854166666667,292.8741030357143,-4.260001803571429,42.85267680246913,329.8606101634057,5.026,6.0842899125,1.0204390506077077,Tarazona,0.38745,127.80449340781153,non_growing
2020-07-03,8.04583333333334,219.6013841071428,46.54674628070175,43.96126381481495,326.137785698261,5.14245,4.563747385,0.7782411613885081,Tarazona,0.38745,126.36208506879122,non_growing
2020-07-04,7.676041666666671,203.0882254385965,43.94076561403509,40.63742577777793,324.6531032248139,5.73116,4.29741176,0.7150599124108878,Tarazona,0.38745,125.78684484445415,non_growing
2020-07-05,7.360416666666671,199.2039514285714,39.99676029824561,42.36274676543216,331.4268746097982,5.87587,4.4782093,0.6891341132989843,Tarazona,0.38745,128.41134256756632,non_growing
2020-07-06,7.103125,239.0842548214286,16.68273839285714,47.20895748148142,316.4066697113628,6.48623,4.9796528,0.8881362803605948,Tarazona,0.3839,121.46852050219218,non_growing
2020-07-07,6.816666666666659,247.8085840350877,17.60315028070175,42.9879716296294,330.3716261882328,6.158939999999999,5.25675163,0.8622918530829471,Tarazona,0.3839,126.82966729366258,non_growing
2020-07-08,6.503125,142.2384946296296,5.763172909090909,7.466660012345777,162.9703577573322,2.93398,2.83733715,0.9146952560760921,Tarazona,0.3839,62.56432034303984,non_growing
2020-07-09,7.1927083333333295,170.2574390566038,0.9880092452830188,30.45518768055541,217.9724679962223,2.92862,3.336678625,0.907955996215347,Tarazona,0.3839,83.67963046374975,non_growing
2020-07-10,7.26770833333333,209.412541754386,32.02229607017544,38.99605791358031,331.9597646481934,4.21066,4.3370049525,0.7148071141251857,Tarazona,0.3839,127.43935364844145,non_growing
2020-07-11,7.05729166666666,210.1922929824561,47.96876894736842,40.60598146913579,340.5103337627958,3.03473,4.4326973475,0.7008644301921975,Tarazona,0.3839,130.7219171315373,non_growing
2020-07-12,6.753125,128.1354205660377,14.8805266,9.114006296296257,171.7687832929219,1.90075,2.954500845,0.7877753296400015,Tarazona,0.3839,65.94203590615273,non_growing
2020-07-13,6.78854166666666,193.6132335087719,32.63075438596491,39.09548538271608,310.6572023216609,3.75254,4.08149745,0.7129621792467232,Tarazona,0.3839,119.26129997128564,non_growing
2020-07-14,8.971875,144.7966493877551,26.02385096153846,8.450897076543047,188.4045809139709,2.37266,2.643163525,0.8046328716369374,Tarazona,0.3839,72.32851861287344,non_growing
2020-07-15,9.32916666666666,163.6209633333333,72.10623512280702,53.68512034567915,328.5123706196438,3.70032,3.37494637,0.5953593145156671,Tarazona,0.3839,126.11589908088125,non_growing
2020-07-16,9.10520833333333,185.6410223214286,49.11065439285714,56.10404356790113,328.302693747064,4.7157,3.8427478175,0.6820056682839482,Tarazona,0.3839,126.03540412949786,non_growing
2020-07-17,8.78645833333333,215.3272277777778,40.50216961111111,49.27262872839496,326.2917684900047,4.66562,4.339026525,0.77730090405695,Tarazona,0.36835,120.18957292329324,non_growing
2020-07-18,8.31770833333333,184.72332375,61.85606482142857,54.73122165432089,334.7630145232006,5.36695,3.86055702,0.6596512555147397,Tarazona,0.36835,123.30995639962094,non_growing
2020-07-19,10.43333333333333,199.4899084615384,23.70559845454546,35.85705546913564,286.3970779552928,4.0104,3.8547467875,0.796239684510129,Tarazona,0.36835,105.49436366483211,non_growing
2020-07-20,9.703125,202.2070648214286,17.713373375,57.0859601358024,309.5392293700089,4.900510000000001,4.20200571,0.8009682957753127,Tarazona,0.36835,114.01877513844279,non_growing
2020-07-21,8.94270833333334,207.2915830357143,40.2315425,48.89897637037016,304.451042134245,4.51656,4.29357673,0.8111520539507112,Tarazona,0.36835,112.14454137014914,non_growing
2020-07-22,8.22395833333333,179.705587962963,94.67890196296295,41.17287560493831,308.8034040988376,2.28851,3.604800545,0.6714689425539861,Tarazona,0.3528,108.9458409660699,non_growing
2020-07-23,11.289583333333331,259.2010071428571,13.93098685535714,64.67425427160512,314.786870250274,4.71995,5.308365425,1.036337196061167,Tarazona,0.3528,111.05680782429665,non_growing
2020-07-24,10.284374999999999,276.0699369642857,-5.311891428571428,60.884623802469,322.1410047692991,5.58551,5.5971489,1.056701221775465,Tarazona,0.3528,113.65134648260873,non_growing
2020-07-25,12.68854166666666,217.6345563636364,10.93793218181818,61.92752182716015,310.203078413658,4.88009,4.4423,0.8765847083613877,Tarazona,0.3528,109.43964606433853,non_growing
2020-07-26,14.33958333333332,222.0310342857143,2.009218321428571,65.93834714814841,324.5901783952712,5.55198,4.623927675,0.8584166337240426,Tarazona,0.3528,114.51541493785169,non_growing
2020-07-27,12.34999999999999,264.2937607142857,-17.37379018181818,44.17284192592613,298.3408831097657,5.23041,5.50196975,1.0398386810681766,Tarazona,0.3528,105.25466356112534,non_growing
2020-07-28,11.262500000000001,222.1505946428572,4.032435714285715,62.46563681481452,312.4362813560207,5.54332,4.626996425,0.8887067321468501,Tarazona,0.3528,110.2275200624041,non_growing
2020-07-29,10.35833333333334,195.5005146428572,59.87927678571428,46.04761286419734,319.8928906062425,3.59394,3.954860995,0.7139086576727951,Tarazona,0.3528,112.85821180588235,non_growing
2020-07-30,13.508333333333331,248.2752566037736,-16.48039433962264,41.65641775308661,278.2356388002289,4.40883,4.8813939,1.0494381353732696,Tarazona,0.3528,98.16153336872075,non_growing
2020-07-31,13.31666666666666,302.8260872727272,-24.93874950909091,52.95833796296277,344.4888840535424,6.04755,6.197824,1.038745652329132,Tarazona,0.3528,121.53567829408976,non_growing
2020-08-01,14.95416666666666,397.9348443636364,-74.24827290740741,55.71636407407404,319.6333718005779,5.95794,8.14351923,1.5,Tarazona,0.3528,112.76665357124388,non_growing
2020-08-02,12.856249999999992,336.8761956727272,-41.43974976363636,60.34481427160467,315.9917153950909,5.8779,6.89683919675,1.3177401884875748,Tarazona,0.35905,113.45682541260739,non_growing
2020-08-03,11.80208333333334,207.4354711538462,27.65713198076923,42.32302806172849,300.6705111706519,4.927149999999999,3.9997136,0.8029320381123595,Tarazona,0.35905,107.95574703582255,non_growing
2020-08-04,14.844791666666652,210.6475867924528,38.4143416981132,50.80610833333343,306.3180151039907,4.16163,4.13606425,0.8244139752811056,Tarazona,0.35905,109.98348332308787,non_growing
2020-08-05,13.26354166666666,201.3184746296296,47.88727148148148,52.67328537037027,331.5995547368706,5.02256,4.033905775,0.7217623319842402,Tarazona,0.35905,119.06082012827338,non_growing
2020-08-06,12.009375,200.1667349056604,36.29783698113207,50.37877790123452,321.656350100992,4.43232,3.937344825,0.7378668766552732,Tarazona,0.35905,115.49071250376116,non_growing
2020-08-07,10.98020833333333,210.8209509433962,4.565836226415095,49.41223741975294,298.3102155093375,5.1638,4.152320675,0.8470175312855154,Tarazona,0.3653,108.972721725561,non_growing
2020-08-08,14.084375,296.4445062,-28.032721,44.92953612500021,307.6660848447205,5.25958,5.519736475,1.128295654504613,Tarazona,0.3653,112.3904207937764,non_growing
2020-08-09,12.31145833333333,257.2340490566038,-13.24761205660377,57.31969556790112,309.830234494454,5.37121,4.94691755,1.018706190047081,Tarazona,0.3653,113.18098466082404,non_growing
2020-08-10,10.941666666666661,200.3747703703704,-16.07420018518518,21.36322706172845,211.7783175550413,3.46121,4.00723065,1.0523050975175066,Tarazona,0.3653,77.3626194028566,non_growing
2020-08-11,12.00625,168.649481632653,51.85075622448979,28.2953313209876,272.2299325046789,3.16666,3.0575245,0.6913717070652639,Tarazona,0.3653,99.44559434395921,non_growing
2020-08-12,22.177083333333318,223.6368339622641,54.28543172222222,28.6380343580249,338.3300538572917,2.70742,4.425732225,0.7221265640743886,Tarazona,0.3653,123.59196867406867,non_growing
2020-08-13,16.80208333333332,251.8331492592592,22.44637618518518,49.62392577777788,327.6589945804409,4.0486,5.03595815,0.9057603788750807,Tarazona,0.3653,119.69383072023506,non_growing
2020-08-14,14.88020833333332,186.9031509433962,37.98662811320754,61.92430653086426,321.567977244056,4.44421,3.6608131,0.7198448182080034,Tarazona,0.3653,117.46878208725367,non_growing
2020-08-15,13.5780487804878,240.1534403846154,51.03098226415094,-8.115960555555821,319.9479720255617,3.9023,4.623699,0.7320324379920513,Tarazona,0.3653,116.87699418093769,non_growing
2020-08-16,12.58571428571428,199.7225509433962,81.00548526415095,,313.3105458393366,3.5318,3.910158575,,Tarazona,0.3653,114.45234239510967,non_growing
2020-08-17,,183.6544735849056,73.96898245283019,,307.7289720876045,3.65834,3.490943255,,Tarazona,0.3653,112.41339350360194,non_growing
2020-08-18,11.230303030303029,179.518185,73.415993775,-7.906620370370418,274.4560070522056,3.25335,2.657393225,0.6357717614354752,Tarazona,0.33340000000000003,91.50363275120536,non_growing
2020-08-19,14.38709677419355,,,56.83023761728374,314.4781815856778,,0.0,,Tarazona,0.33340000000000003,104.84702574066499,non_growing
2020-08-20,13.06458333333333,,,56.2484735802467,304.2761519498694,,0.0,,Tarazona,0.33340000000000003,101.44566906008647,non_growing
2020-08-21,11.91145833333334,,,55.86705012345683,298.7939068533768,,0.0,,Tarazona,0.33340000000000003,99.61788854491584,non_growing
2020-08-22,11.061458333333329,,,55.74049203703713,310.0072228717574,,0.0,,Tarazona,0.33340000000000003,103.35640810544392,non_growing
2020-08-23,10.383333333333331,,,47.04688464197505,298.1982170399933,,0.0,,Tarazona,0.3015,89.90676243755799,non_growing
2020-08-24,9.873958333333329,,,46.30022206172848,299.3210991540429,,0.0,,Tarazona,0.3015,90.24531139494393,non_growing
2020-08-25,9.397916666666669,,,44.94191122222204,294.847617688069,,0.0,,Tarazona,0.3015,88.8965567329528,non_growing
2020-08-26,9.33125,223.5628633333333,16.68497625,48.28040986419768,307.1629281021872,5.19466,2.00594955,0.8635687911835475,Tarazona,0.3015,92.60962282280944,non_growing
2020-08-27,8.845833333333331,220.5501874509804,18.44846490196078,41.94610728395066,292.4324145514984,5.6581,4.1575742525,0.8804879989524049,Tarazona,0.3015,88.16837298727677,non_growing
2020-08-28,8.37604166666667,184.6248850980392,82.53636098039216,37.5073156419755,288.3854503642889,4.05985,3.495214975,0.7359146116993928,Tarazona,0.3015,86.9482132848331,non_growing
2020-08-29,7.875,118.7346133333333,135.2647809803921,29.21246472469129,271.1199493147643,2.63854,2.2399587425,0.49082653864363207,Tarazona,0.3015,81.74266471840144,non_growing
2020-08-30,7.538541666666671,112.1445349019608,133.9825347647059,38.40974048518537,284.8835724673501,2.59084,2.10353965,0.45499570481817214,Tarazona,0.3015,85.89239709890606,non_growing
2020-08-31,7.351041666666661,99.41796529411764,106.6029362745098,48.57910062222197,271.7996418004542,3.32059,1.8573881575,0.44538000297533803,Tarazona,0.3015,81.94759200283694,non_growing
2020-09-01,7.233333333333331,66.9567768,54.370222498,23.30942715555559,169.5449202849836,2.9418200000000003,1.2333864275,0.45786953199343244,Tarazona,0.3015,51.11779346592255,non_growing
2020-09-02,7.27187499999999,82.59039090196079,108.7370239215686,51.84689824691373,278.7683999297929,3.50051,1.4494817875,0.36396018133786256,Tarazona,0.3015,84.04867257883255,non_growing
2020-09-03,7.19583333333333,86.06501176470589,118.150966372549,49.77125013580241,282.8712557616397,3.20677,1.6241536275,0.3692192607788005,Tarazona,0.3241,91.67857399234742,non_growing
2020-09-04,7.082291666666669,77.64207415686275,124.6020670784314,43.17676661728402,280.0936048342611,2.74908,1.464095035,0.3277186828137361,Tarazona,0.3241,90.77833732678403,non_growing
2020-09-05,10.973958333333329,122.65120376,88.252662,58.30412616049353,289.7000932846182,3.23997,2.273156308,0.5300490120219244,Tarazona,0.3241,93.89180023354477,non_growing
2020-09-06,11.37083333333333,131.1465672040816,77.9953906122449,54.58876814814813,284.3823468269295,3.51907,2.3418040275,0.5707146733956643,Tarazona,0.3241,92.16831860660785,non_growing
2020-09-07,10.20104166666667,112.8163585416667,90.80112479166668,53.04224169444437,264.0163193048959,2.50367,1.9962103925,0.5347403805218858,Tarazona,0.3241,85.56768908671675,non_growing
2020-09-08,9.41041666666666,92.0454612244898,105.1275023673469,48.38139702222221,257.8791363626196,1.95513,1.64632215,0.4393625511869221,Tarazona,0.3467,89.40669657692021,non_growing
2020-09-09,8.95520833333333,115.9726002244898,99.93695348979593,45.20918813888913,276.6081674185202,2.76312,2.096528215,0.5011802583811065,Tarazona,0.3467,95.90005164400097,non_growing
2020-09-10,8.665625,101.4640668297872,85.35036028297873,54.23060056944414,255.1927149791594,2.77787,1.75083118975,0.5048915171290715,Tarazona,0.3467,88.47531428327457,non_growing
2020-09-11,8.416666666666659,128.1839160416667,85.42282708333333,56.12666216666666,271.9737595298989,3.78209,2.27777584,0.5938644420404504,Tarazona,0.3467,94.29330242901597,non_growing
2020-09-12,8.17187499999999,100.4776808163265,84.65643040816326,48.86886695833341,268.1028041278623,3.78556,1.821339955,0.4583126230982626,Tarazona,0.3467,92.95124219112986,non_growing
2020-09-13,11.078125,129.6736324489796,60.21610173877551,51.02671301388896,257.9656290367079,2.9966500000000003,2.32217372,0.626627581419633,Tarazona,0.3467,89.43668358702664,non_growing
2020-09-14,14.523958333333331,122.0486912765957,42.69234638297872,62.92874838095253,226.4166151478168,2.78953,2.096014425,0.7465305755725509,Tarazona,0.3467,78.49864047174809,non_growing
2020-09-15,17.41875,128.6754442916667,60.07545333333334,56.93662049999966,265.986589673913,2.61247,2.2495028175,0.6155248183013065,Tarazona,0.3467,92.21755063994563,non_growing
2020-09-16,19.27187499999999,149.9942172083333,36.75328833333333,44.94030415277765,249.5716569769212,3.06728,2.66241055825,0.732997241811892,Tarazona,0.3467,86.52649347389858,non_growing
2020-09-17,17.404166666666658,95.09825170212764,13.19775910638298,25.49420445833314,143.7830411617006,1.83791,1.64698008,0.8039495048937308,Tarazona,0.3467,49.8495803707616,non_growing
2020-09-18,19.90210526315789,103.7349014285714,25.26947253333334,-9.006190965416723,136.5556264872679,0.8409220000000001,1.6523982425,0.712651870139577,Tarazona,0.3467,47.343835703135774,non_growing
2020-09-19,22.09479166666667,185.1049638297872,54.247805,,231.9848411049202,1.24915,2.9737769,,Tarazona,0.30895,71.6717166593651,non_growing
2020-09-20,18.84791666666666,151.447227375,58.34432979166667,-0.070774128518736,240.4132866200828,1.5093800000000002,2.672070853,0.6297599387816422,Tarazona,0.30895,74.27568490127459,non_growing
2020-09-21,16.984375,140.7582744319149,57.54347808510639,,254.9800677166334,2.02501,2.4222141065,,Tarazona,0.30895,78.77609192105389,non_growing
2020-09-22,15.947222222222221,154.4532487234042,60.90612180851064,46.63736197777737,265.6585223143837,2.13468,2.673571055,0.7051978378985398,Tarazona,0.30895,82.07520046902884,non_growing
2020-09-23,,131.2776118043478,43.25362315217392,,214.738418682785,1.83194,2.22315449725,,Tarazona,0.30895,66.34343445204642,non_growing
2020-09-24,,103.6901218133333,73.72735444444444,,198.5744280948674,1.21402,1.729068525,,Tarazona,0.2712,53.853384899328034,non_growing
2020-09-25,,123.022797826087,141.5429673478261,,269.5830648837985,1.66448,2.00462555,,Tarazona,0.2712,73.11092719648616,non_growing
2020-09-26,,105.07438,114.5360182222222,,253.5318764990054,1.42355,1.731404375,,Tarazona,0.2712,68.75784490653027,non_growing
2020-09-27,,128.7847643478261,95.34936065217391,,253.7378126002764,2.19784,2.17448938,,Tarazona,0.2712,68.81369477719497,non_growing
2020-09-28,,121.0014387234043,65.80325787234042,,243.1888777664628,3.28027,2.03894507,,Tarazona,0.2712,65.95282365026472,non_growing
2020-09-29,14.38157894736842,98.2128365,68.87791173913044,56.31016533333321,253.051446521898,3.28853,1.67057239375,0.49919791060966434,Tarazona,0.2712,68.62755229673873,non_growing
2020-09-30,13.828124999999991,125.8067856521739,33.75253217391305,47.48857606349205,198.7399059665454,2.69792,2.1328490025,0.8317730874354065,Tarazona,0.2712,53.89826249812711,non_growing
2020-10-01,13.004166666666661,125.7511086956522,54.07666021739131,42.06041160317464,217.5303468888501,2.26666,2.105974505,0.7166533029770711,Tarazona,0.2712,58.994230076256144,non_growing
2020-10-02,17.53125000000001,81.37173928571428,29.15529,-13.45167593650783,83.69865147566273,0.581398,0.8300042,0.8375858471427077,Tarazona,0.2712,22.69907428019973,non_growing
2020-10-03,20.49166666666665,145.1997391304348,107.4559030434783,75.59907264148146,259.3439021858271,1.12828,2.4353725,0.7902248977046277,Tarazona,0.2712,70.33406627279632,non_growing
2020-10-04,17.78780487804877,99.3105628888889,95.66030377777776,81.91820333333325,215.267784679089,0.787026,1.6135242375,0.7447384677675987,Tarazona,0.2712,58.380623204968934,non_growing
2020-10-05,16.075,111.741238,93.01031466666666,-22.90342666666659,243.3357281451711,1.58681,1.8394941325,0.41970249672318927,Tarazona,0.28105,68.38950639520034,non_growing
2020-10-06,,101.9177213333333,70.10971231111111,,245.6298009174685,1.7615,1.6842819675,,Tarazona,0.28105,69.03425554785453,non_growing
2020-10-07,,112.8093248222222,58.99417035555555,,242.305929338692,3.24111,1.8718796805,,Tarazona,0.28105,68.1000814406394,non_growing
2020-10-08,,80.48695836363636,56.10679911363636,14.31554666666667,236.5830484634434,2.91654,1.30242625,0.3621175282620807,Tarazona,0.28105,66.49166577065077,non_growing
2020-10-09,,84.60996,61.45304685714286,-7.320365666666667,229.1479859207586,2.87599,1.131058725,0.35780669773358087,Tarazona,0.28105,64.4020414430292,non_growing
2020-10-10,17.46363636363637,70.3839653125,75.02933534374999,69.07152065000015,237.1467511874315,1.52439,0.8737267375,0.41876465132573515,Tarazona,0.2909,68.98598992042382,non_growing
2021-05-01,25.607246376811588,203.9259541666667,107.6689672916667,45.56009207774884,351.8065596176359,1.71247,3.57653525,0.665888347398183,Tarazona,0.43445,152.8423598258819,growing
2021-05-02,24.071264367816088,169.6827636363636,137.1649663636364,59.84446524431522,395.2773176097451,2.26412,2.736501575,0.5058620896545533,Tarazona,0.43445,171.72823063555376,growing
2021-05-03,22.73382352941177,98.80698108108108,101.512372972973,22.01318933717948,254.7475758129339,0.47777,1.333772625,0.42454826971335624,Tarazona,0.43445,110.67508431192913,growing
2021-05-04,21.73709677419354,198.3506128205128,136.0074743589743,53.35039119894896,397.5433547331976,2.4914,2.840881,0.5762773613493004,Tarazona,0.4244,168.71739974876905,growing
2021-05-05,20.58541666666668,151.3424824038462,77.74299192307693,61.07347782714885,331.9244455270031,2.81381,2.89731292,0.5587666298152482,Tarazona,0.4244,140.86873468166013,growing
2021-05-06,19.65882352941176,143.7545384615385,24.11988384615385,11.10357854166662,144.7015416192052,2.9615,0.689855175,1.0760234299238918,Tarazona,0.4244,61.41133426319068,growing
2021-05-07,18.77285714285713,108.9442288461538,21.07333307692308,13.86918298044872,133.1568243384311,4.13377,1.042844965,0.9132901581917612,Tarazona,0.4244,56.51175624923016,growing
2021-05-08,18.26078431372549,114.07156,26.7818886,8.835122640624993,141.3966754712115,3.19785,0.632059425,0.8605176807621084,Tarazona,0.4244,60.00874906998216,growing
2021-05-09,17.66170212765957,155.7884523809524,98.09751142857142,0.8364909119565379,260.6184818688345,1.7858699999999998,1.202702275,0.5996891924922241,Tarazona,0.4244,110.60648370513337,growing
2021-05-10,16.92884615384615,145.4132852,83.29916968,11.27239250315844,249.2076360065766,1.37476,1.34002825,0.6111464743889906,Tarazona,0.4244,105.7637207211911,growing
2021-05-11,16.39166666666666,170.3566454545455,190.1414906818182,48.09039159169083,390.2276619065758,1.6885599999999998,2.7384877,0.497918994027626,Tarazona,0.4244,165.61261971315076,growing
2021-05-12,16.09607843137254,148.7287047619048,128.9265647619048,10.84498908571968,269.062620244317,1.4468,1.145061425,0.5759819888927554,Tarazona,0.4244,114.19017603168813,growing
2021-05-13,15.877049180327859,141.9528045454545,80.87784636363637,8.822230979939867,238.9044753988552,1.96728,1.147527025,0.6169654894664458,Tarazona,0.4244,101.39105935927415,growing
2021-05-14,15.661702127659572,144.4604466666667,32.92242,4.764355063725492,130.0752827507815,2.4451,0.797673375,1.1528160339490388,Tarazona,0.4244,55.203949999431664,growing
2021-05-15,15.49811320754716,171.1957,-22.317165,7.525404326797369,128.2029531522754,2.87732,0.8846646499999999,1.4186209586306773,Tarazona,0.3811,48.85814544633215,non_growing
2021-05-16,15.39318181818182,177.83665625,-28.63239875,6.390298833333358,114.4650612998823,2.6895100000000003,1.050422325,1.5,Tarazona,0.3811,43.622634861385144,non_growing
2021-05-17,15.11388888888888,167.8539,15.78499214285714,4.530055708333344,126.6372464484515,2.95365,0.86878835,1.374643859895565,Tarazona,0.3811,48.26145462150487,non_growing
2021-05-18,14.5025,85.292466,92.96163333333334,52.19928902957516,262.4438763244428,0.8761319999999999,0.491196625,0.40568210148676737,Tarazona,0.3811,100.01736126724515,non_growing
2021-05-19,14.511428571428569,200.5577126,75.70844818181818,33.36631434126986,304.4120700127878,3.39984,0.86817575,0.7399404285195934,Tarazona,0.3811,116.01143988187343,non_growing
2021-05-20,14.26979166666666,162.9547846666667,71.17689711111112,53.48655461172839,342.0074506826886,4.4351400000000005,2.7071235,0.5647937008575934,Tarazona,0.3378,115.53011684061221,non_growing
2021-05-21,14.061458333333329,224.0163017857143,50.63159603571429,51.83803968859127,329.1363236925205,3.99386,4.6362919675,0.8078531844882966,Tarazona,0.3378,111.18225014333342,non_growing
2021-05-22,13.76354166666666,197.6528428571428,45.6350245,37.61041388531746,283.9016504449606,3.4664,4.07338455,0.8025167505676889,Tarazona,0.3378,95.90197752030768,non_growing
2021-05-23,22.07291666666667,254.05694,-2.47979376,-34.02945206111112,55.70871948118378,0.8518450000000001,0.507966225,1.5,Tarazona,0.3378,18.81840544074388,non_growing
2021-05-24,31.41458333333333,276.190785,81.40845607142857,39.80322979387402,381.5375542173391,2.16897,5.509177325,0.8082032305825801,Tarazona,0.3378,128.88338581461716,non_growing
2021-05-25,27.040625000000002,203.0200058823529,82.57551156862745,41.45807508446502,355.5974034609891,1.58294,3.7991093925,0.6462737630832879,Tarazona,0.3378,120.1208028891221,non_growing
2021-05-26,23.81666666666667,169.3396333333333,62.65383518518519,46.11663294866254,314.2088589967388,2.84722,3.281789275,0.6316469366887426,Tarazona,0.3378,106.13975256909836,non_growing
2021-05-27,21.36979166666665,155.8163455357143,29.98852042857143,33.67983113955356,254.2584125476278,1.89694,3.1808798775,0.7063983481127359,Tarazona,0.3378,85.88849175858867,non_growing
2021-05-28,19.53854166666666,87.27065714285715,19.09207380952381,-3.163207838164257,68.88612687645947,2.52576,0.6873252,1.2112624979609141,Tarazona,0.3378,23.26973365886801,non_growing
2021-05-29,18.41770833333333,201.2712645454546,53.70441763636364,58.05763941955339,357.2413651310326,4.36672,4.0925317225,0.6727346685279016,Tarazona,0.3378,120.6761331412628,non_growing
2021-05-30,17.90520833333333,182.6234163636364,32.12198727272727,40.44311108889413,309.227726595144,3.19824,3.70579885,0.6794414777782918,Tarazona,0.3378,104.45712604383965,non_growing
2021-06-01,16.77017543859649,228.7221382352941,22.69681,38.69795915666668,308.799884227833,2.7663800000000003,2.930960875,0.8467993635181627,Tarazona,0.36975,114.17875719324125,non_growing
2021-06-02,16.571874999999988,200.7484253703704,62.94454539074074,48.79218322162038,337.8533434890865,3.71616,4.00000345,0.6944842578803025,Tarazona,0.36975,124.92127375508974,non_growing
2021-06-03,16.52291666666665,170.3066916071429,82.98311660714286,38.53243932812501,325.3177005323869,2.12891,3.5137637475,0.593847434460178,Tarazona,0.36975,120.28621977185006,non_growing
2021-06-04,16.233684210526313,137.9221843396226,44.52866758490566,37.09367486830709,263.8186938322499,3.21924,2.69727967,0.6083236202598225,Tarazona,0.36975,97.5469620444744,non_growing
2021-06-06,29.75116279069767,273.7866454545455,-2.2986725,18.5930826736111,263.1879297040555,3.5449,2.22858815,1.119347560991208,Tarazona,0.4017,105.72259136211909,non_growing
2021-06-07,27.32604166666668,256.8887946296296,3.718326688888889,57.35924808406709,359.2985727141098,4.43258,5.1360695,0.8507960827705626,Tarazona,0.4017,144.3302366592579,non_growing
2021-06-08,24.12604166666667,265.488955,-1.905611826923077,61.26056593970586,368.2387995840477,5.22968,5.1175359825,0.8648461874583252,Tarazona,0.4017,147.92152579291195,non_growing
2021-06-09,21.37263157894737,285.743960877193,-9.346294245614036,59.43212544895835,351.5310303251736,4.97628,6.04210109,0.978243862291386,Tarazona,0.4017,141.21001488162224,non_growing
2021-06-10,18.70645161290322,161.5853818181818,-42.70469090909091,-30.01313409884261,44.12204322531689,4.45728,0.659535,1.5,Tarazona,0.4017,17.723824763609795,non_growing
2021-06-11,17.97471264367816,252.7060482142857,14.06532482142857,46.8231422689484,334.4695584777389,3.95429,5.1288696,0.878530146646628,Tarazona,0.4017,134.3564216405077,non_growing
2021-06-12,16.86060606060606,150.6318416666667,1.067734166666667,-22.25928661309522,85.24036682499086,2.4744,0.667853475,1.4012309514413681,Tarazona,0.4017,34.241055353598824,non_growing
2021-06-13,16.63749999999998,235.9961927272727,30.66067472727273,47.143673154899,347.1335960341449,3.22618,4.80530615,0.7866804006688837,Tarazona,0.4017,139.443565526916,non_growing
2021-06-14,16.33421052631578,192.923518125,-31.75772058823529,-12.03254125767972,146.3816412941988,4.57475,1.4829003325,1.2178424621912884,Tarazona,0.4017,58.80150530787966,non_growing
2021-06-15,15.97735849056603,183.1671166666667,0.7474027777777779,14.91955666111109,191.8982906379944,2.81791,1.221588875,1.034966815225335,Tarazona,0.4017,77.08554334928235,non_growing
2021-06-16,15.337974683544289,173.0439180434782,-12.95722956862745,12.3761985862451,168.832964545409,2.5411,2.932816425,1.1060174801813532,Tarazona,0.39449999999999996,66.60460451316385,non_growing
2021-06-17,30.31090909090909,303.0841363636364,81.324095,7.006257165909126,360.8396265172736,1.75752,3.677395725,0.8565730725715331,Tarazona,0.39449999999999996,142.35123266106442,non_growing
2021-06-18,26.322916666666668,163.8844021818182,-0.0449674363636366,17.85129380447097,220.3057731491016,1.4337,3.2459815,0.8094876572369828,Tarazona,0.39449999999999996,86.91062750732058,non_growing
2021-06-19,22.90937499999999,149.5342115384615,14.27231075636364,19.77469642886868,216.3697796459295,1.29732,2.8470507,0.7606203018483461,Tarazona,0.39449999999999996,85.35787807031917,non_growing
2021-06-20,20.284374999999997,210.4976053571428,41.26402,26.04553132525793,274.4456875424083,1.92361,4.192691275,0.8474133372650808,Tarazona,0.39449999999999996,108.26882373548005,non_growing
2021-06-21,18.341666666666658,201.081777962963,83.43747925925926,37.72461365422838,337.2268861554284,2.2789,3.979005485,0.6713864849294502,Tarazona,0.3873,130.60797300799743,non_growing
2021-06-22,17.19166666666667,197.5090478947369,59.3975298245614,46.4639861572612,318.4050480741496,3.54541,4.1453207,0.7262935817875873,Tarazona,0.3873,123.31827511911813,non_growing
2021-06-23,16.485416666666662,180.2923089285714,78.76562460714285,44.42931608343252,333.0254658385093,2.79166,3.7190688325,0.6247218096346062,Tarazona,0.3873,128.98076291925466,non_growing
2021-06-24,16.15104166666666,176.4660464285714,71.112049,50.7160386343254,352.9095142165562,3.67377,3.585603175,0.583950550515948,Tarazona,0.3873,136.68185485607222,non_growing
2021-06-25,15.71979166666667,174.6958722222222,63.00197888888889,52.49692445534978,334.9326492916007,4.43381,3.4887655,0.618533198388789,Tarazona,0.3873,129.71941507063693,non_growing
2021-06-26,15.529166666666661,207.6454843636364,15.25041523636364,47.06415063186868,310.9410952934533,4.38191,4.2309666275,0.7869027156955163,Tarazona,0.3873,120.42748620715446,non_growing
2021-06-27,15.27916666666666,239.2726463392857,27.07960392857143,51.98462916552579,338.9872940915497,4.35266,4.7380914,0.8336948592479418,Tarazona,0.3873,131.2897790016572,non_growing
2021-06-28,14.74895833333332,211.0301857142857,72.4750875,43.48931315631449,344.733940107444,4.3553500000000005,4.36438895,0.7005276338041402,Tarazona,0.3873,133.51545500361306,non_growing
2021-06-29,14.33437500000001,205.4158547272727,65.55492072727273,57.4920843171717,342.8705175306838,5.79346,4.08919584,0.7198016066392317,Tarazona,0.3873,132.79375143963384,non_growing
2021-06-30,14.149999999999999,169.8052905357143,70.90788803571428,55.38703824851191,349.4309560585104,5.36271,3.527289305,0.5774827508774961,Tarazona,0.3873,135.33460928146107,non_growing
2021-07-01,13.896874999999989,220.0803210909091,45.62943014545455,54.31162514828282,346.1885179792075,6.37495,4.402970725,0.7540176235136054,Tarazona,0.3873,134.07881301334706,non_growing
2021-07-02,13.67187499999999,276.3900997592593,-7.097541388888889,50.08626924641415,335.7581830139171,6.47491,5.52344212725,0.9675088324720721,Tarazona,0.37915,127.30271508972668,non_growing
2021-07-03,13.44583333333332,278.5555454545454,-15.41332945454545,47.40595233030304,318.227344072807,4.89142,5.52367705,1.0285581344305144,Tarazona,0.37915,120.65589750520476,non_growing
2021-07-04,13.24895833333333,283.1932275438596,13.2882098245614,43.67218627334307,339.0297952659325,4.46324,5.974562375,0.9588147348218986,Tarazona,0.37915,128.5431468750783,non_growing
2021-07-05,13.20937499999999,281.879442,-13.91715036363636,56.66086822232509,332.6768364167802,5.78791,5.761967235,1.0212432412657155,Tarazona,0.37915,126.1344225274222,non_growing
2021-07-06,13.004166666666661,233.2100764912281,70.55680929824561,40.80601206387915,342.2383136613914,3.81724,4.91684185,0.7736731440369059,Tarazona,0.37915,129.75965662471654,non_growing
2021-07-07,12.705208333333328,229.6815688235294,48.60655015686275,33.67925046147794,321.5653261923499,3.61126,4.3241246025,0.7978210416756849,Tarazona,0.371,119.30073601736181,non_growing
2021-07-08,12.63333333333333,201.923396,50.55017907272727,49.97050939060608,334.9656551632511,5.36727,4.111943375,0.7085152115576189,Tarazona,0.371,124.27225806556615,non_growing
2021-07-09,12.58229166666667,176.8385216666667,76.935985,43.94085525046297,326.108092328719,3.89234,3.5334588725,0.6267152894778583,Tarazona,0.371,120.98610225395475,non_growing
2021-07-10,12.52395833333333,257.6818890909091,-2.558598269090909,54.27387869348485,340.9161817916099,5.913810000000001,5.2629474,0.8989667132373618,Tarazona,0.371,126.47990344468728,non_growing
2021-07-11,12.557291666666659,255.2764826923077,-52.90343938461538,43.45287822238247,295.0418256161997,4.748399999999999,4.863050875,1.0146569844847688,Tarazona,0.371,109.46051730361008,non_growing
2021-07-12,12.43229166666666,303.2736946428572,28.72814339285714,30.84386456334326,327.7482053082102,3.79248,6.285219275,1.0214525455640393,Tarazona,0.371,121.59458416934598,non_growing
2021-07-13,11.99583333333333,225.0471154716981,88.18251471698113,37.51569504004191,329.1629249074527,3.77455,4.399387975,0.7716415327312022,Tarazona,0.371,122.11944514066495,non_growing
2021-07-14,11.88854166666667,199.3512187037037,85.69249703703704,43.8824385492977,330.2950870106497,4.6269,3.8827545425,0.696027985407229,Tarazona,0.371,122.53947728095103,non_growing
2021-07-15,11.85000000000001,183.2590166666667,62.28072240740741,44.04327739228396,329.1216127011191,4.6357,3.6593378,0.6428374028076737,Tarazona,0.371,122.10411831211518,non_growing
2021-07-16,11.91354166666666,263.8678592592593,8.803392388888888,52.99177044938271,336.803445628493,5.662319999999999,5.277293275,0.929728698062669,Tarazona,0.371,124.95407832817091,non_growing
2021-07-17,11.95833333333333,289.062238245614,-25.95526280701754,54.41595413255362,343.6070929754053,5.9429300000000005,6.04004108,0.9995542719678292,Tarazona,0.371,127.47823149387536,non_growing
2021-07-18,11.928125000000001,317.1104012962963,-16.41049555555556,51.56106075823047,348.1510429369816,5.7228,6.361993075,1.0691878362404625,Tarazona,0.38580000000000003,134.3166723650875,non_growing
2021-07-19,11.86875000000001,291.6780729090909,-12.23282036363636,44.450161536214,338.5995873916365,4.9287,5.9538059,0.9915983077677456,Tarazona,0.38580000000000003,130.63172081569337,non_growing
2021-07-20,11.85000000000001,279.7000765384615,-11.15837115384615,47.73726375432693,334.3129782397909,5.82916,5.404085025,0.9760076042753747,Tarazona,0.38580000000000003,128.97794700491133,non_growing
2021-07-21,11.803125,293.4393314814815,-24.28802142592593,49.06784317283951,346.4409649656964,5.38375,5.885127575,0.9867715337295493,Tarazona,0.38580000000000003,133.6569242837657,non_growing
2021-07-22,11.74479166666667,288.6957735849057,-36.17229586792453,48.45183848883647,323.5641843086702,6.72842,5.68660665,1.0493741119635813,Tarazona,0.38580000000000003,124.83106230628496,non_growing
2021-07-23,11.6875,302.5946288461539,-80.21819784313726,37.47680465924145,264.0590218796549,4.59456,5.839992075,1.3354738626809248,Tarazona,0.4006,105.78204416498976,non_growing
2021-07-24,11.51250000000001,343.5360613636363,-21.31965176363636,43.10445083065152,342.839035705982,4.9499,6.998300525,1.1461342090587388,Tarazona,0.4006,137.3413177038164,non_growing
2021-07-25,11.36145833333333,272.4004805882353,0.391380156862745,40.78182503549999,326.7601747297384,4.27744,5.0713761475,0.9525213390436015,Tarazona,0.4006,130.9001259967332,non_growing
2021-07-26,11.34583333333333,188.67459,41.57570089583334,27.38337419618054,301.3954335951772,2.8776,3.285073865,0.6885630888429826,Tarazona,0.4006,120.739010698228,non_growing
2021-07-27,11.407291666666671,198.0811769074074,44.81530555555555,50.56885599035495,347.9157446650158,5.52468,3.96635952275,0.666161928884805,Tarazona,0.4006,139.37504731280532,non_growing
2021-07-28,11.51562500000001,202.7390413207547,43.90760281132076,48.19538923836477,337.4739238665113,3.8281,3.9879763875,0.7008437096149075,Tarazona,0.4006,135.19205390092444,non_growing
2021-07-29,11.51041666666668,145.7151325686274,45.36013627450981,49.073675796142,312.5114122924532,6.32215,2.8014807675,0.5531293067827728,Tarazona,0.4006,125.19207176435675,non_growing
2021-07-30,11.469791666666671,266.5497527777778,5.463662037037037,46.13535058574074,340.0676508680767,5.28194,5.343701425,0.9068406314030275,Tarazona,0.4006,136.23110093775153,non_growing
2021-07-31,11.24791666666666,252.7144824074074,39.67443612962963,28.82146465859053,330.3346125793313,3.15357,5.03827905,0.838154104224466,Tarazona,0.4006,132.3320457992801,non_growing
2021-08-01,11.07083333333334,184.8230027777778,51.76790092592593,35.70360932211935,313.4797789550603,3.82383,3.68611185,0.6653666620214638,Tarazona,0.4006,125.57999944939715,non_growing
2021-08-02,11.19479166666667,161.8210638181818,58.09340309090909,35.21443866680303,321.874717102335,3.76616,3.288895325,0.5645046628062015,Tarazona,0.4006,128.94301167119542,non_growing
2021-08-03,11.21145833333334,184.3700254716981,40.81876132075472,38.6805870395283,315.6361507159057,4.81926,3.618946705,0.6657025517896238,Tarazona,0.41465,130.87852989435032,non_growing
2021-08-04,11.284375,244.4540076923077,17.86973192307692,40.58309067172658,333.4462253379613,4.27717,4.7033004,0.8347039239708436,Tarazona,0.41465,138.26347733638568,non_growing
2021-08-05,11.25208333333334,229.8849238461538,35.41665192307693,43.88063094860566,337.8526011775948,5.37547,4.4342275125,0.7819960646829192,Tarazona,0.41465,140.0905810782897,non_growing
2021-08-06,11.27395833333333,225.8211305555556,37.72058761111111,45.31903234380344,339.4388227851527,5.6845,4.5301261425,0.767786248646151,Tarazona,0.41465,140.74830786786356,non_growing
2021-08-07,11.056250000000011,228.1445685185185,64.17305342592593,33.46412403847737,331.5617053749036,4.17135,4.553546725,0.7653351882148942,Tarazona,0.41465,137.48206113370378,non_growing
2021-08-08,10.96354166666667,140.5003698076923,91.7472175,35.89794391779379,337.0779819285574,2.65735,2.53861378,0.4664996084590144,Tarazona,0.4287,144.50533085277257,growing
2021-08-09,11.103125,139.6449708,64.106321,28.68193210395556,286.1953521154549,2.85442,2.5787795825,0.5422823043310291,Tarazona,0.4287,122.69194745189553,growing
2021-08-10,11.15625000000001,159.516787755102,40.13566632653061,38.74417730340135,307.4966779581398,3.79896,2.872491475,0.5935453153607317,Tarazona,0.4287,131.82382584065454,growing
2021-08-11,11.27395833333333,210.9862441860465,-23.12471420930233,52.30638213326878,306.9188089148703,5.86253,3.34254855,0.8286565068837894,Tarazona,0.4287,131.5760933818049,growing
2021-08-12,11.30624999999999,247.7679321153846,-21.98721288461538,49.6396148340278,327.6133278716169,6.6326,4.797574225,0.891335836787848,Tarazona,0.4287,140.44783365856216,growing
2021-08-13,11.289583333333331,245.995093877551,-32.59708424,54.20454797177773,321.6230897552064,7.62428,4.806103625,0.9198879488198404,Tarazona,0.4287,137.879818578057,growing
2021-08-14,11.28229166666666,290.902556,-54.9106472,48.1670362138889,333.4111516697114,7.67626,5.43138765,1.0198371858964916,Tarazona,0.4287,142.93336072080527,growing
2021-08-15,11.203125,313.9921480392157,-81.02415647058824,46.01208695390524,313.4741823307328,6.881399999999999,5.971664045,1.1739687733950932,Tarazona,0.4287,134.38638196518517,growing
2021-08-16,11.05312500000001,305.7749776923077,-41.35525938461539,44.8320241262874,328.389614358787,6.59564,5.93917659,1.0783522932381786,Tarazona,0.4287,140.780627675612,growing
2021-08-17,10.925,157.0905479166667,57.7820898125,35.83689374112021,337.0284426988187,5.274859999999999,2.741480375,0.5215635978509132,Tarazona,0.4287,144.4840933849836,growing
2021-08-18,10.92083333333334,168.5679053061224,54.5623552,31.70366452789353,327.3707682807138,3.53744,3.0540589,0.5701273600158316,Tarazona,0.4287,140.343848361942,growing
2021-08-19,10.94687500000001,172.3472704,48.0924728,35.25749021913889,353.1048243770552,4.18358,3.2212467275,0.5422328642667571,Tarazona,0.42010000000000003,148.3393367208009,growing
2021-08-20,11.03229166666667,182.0610790196078,39.69943980392157,40.4261427890414,337.5448836209676,5.26857,3.4399188975,0.6127552860174375,Tarazona,0.42010000000000003,141.8026056091685,growing
2021-08-21,11.06770833333334,213.0206835294118,15.46781670588235,40.01281246138343,340.8389894832613,6.22896,4.03852675,0.7081188400500122,Tarazona,0.42010000000000003,143.18645948191806,growing
2021-08-22,11.00729166666668,177.0406137254902,-50.54719039215686,20.22468711129629,159.7637621698296,4.79411,3.3439025,1.2687529543335867,Tarazona,0.42010000000000003,67.11675648754542,growing
2021-08-23,10.96458333333334,179.3246666666667,37.62835809803921,38.34590132903051,330.1843633003073,4.54967,3.3907791725,0.6144655007273033,Tarazona,0.42010000000000003,138.71045102245913,growing
2021-08-24,10.84895833333333,134.3704404651163,50.23517767441861,30.48401053306847,307.9278816137173,3.21824,2.1434558575,0.48431576427239514,Tarazona,0.4115,126.71232328404467,non_growing
2021-08-25,10.82604166666666,168.8680825490196,73.9285229607843,30.8071329298475,349.5804875525658,3.35757,3.18137055,0.5297434057776946,Tarazona,0.4115,143.85237062788082,non_growing
2021-08-26,11.22083333333334,199.2346017391304,51.68718484782609,39.43008658689615,350.7541765738432,4.37849,3.3971434775,0.6399588343693022,Tarazona,0.4115,144.33534366013646,non_growing
2021-08-27,11.43229166666667,240.8636519795919,13.84105339326531,43.9622753586168,345.040689612491,4.94155,4.37761583625,0.8000030575971208,Tarazona,0.4115,141.98424377554005,non_growing
2021-08-28,11.373958333333329,223.8185489795918,46.56569224489796,39.4989412831066,355.1456936314899,4.54288,4.05984615,0.7090792074190596,Tarazona,0.4115,146.1424529293581,non_growing
2021-08-29,11.21666666666667,138.4130730612245,87.68948,41.84617208849206,336.925280763237,4.11567,2.5610510175,0.4690710693917414,Tarazona,0.4115,138.64475303407204,non_growing
2021-08-30,11.07500000000001,167.0214404,76.6957412,29.4686528815,352.4188353379612,4.45236,3.008339825,0.5171740084788995,Tarazona,0.4115,145.020350741571,non_growing
2021-08-31,11.16875,111.7878586956522,81.9887595,26.95957644423912,295.9382822592175,2.48325,1.8987118,0.4156011471500923,Tarazona,0.4115,121.77860314966799,non_growing
2021-09-01,16.28229166666666,114.8533052380952,97.89862976190476,28.90321495095236,304.2946944777912,1.7232,1.735684,0.4170546795254133,Tarazona,0.4115,125.21726677761107,non_growing
2021-09-02,30.00416666666667,204.3873542857143,111.9978005714286,35.98061339521276,376.2972611649655,3.12271,2.6385327,0.6005799470145116,Tarazona,0.4115,154.8463229693833,non_growing
2021-09-03,26.070833333333322,211.1022436808511,62.15584544680851,34.4952294515603,373.2083425399762,3.65666,3.6664388325,0.623247921392834,Tarazona,0.4115,153.5752329552002,non_growing
2021-09-04,23.171875,171.0689236170213,57.57434021276596,32.36214048038192,335.8176917245159,4.3632,2.99895739,0.5637363459513519,Tarazona,0.386,129.62562900566314,non_growing
2021-09-05,20.94791666666668,173.7251285714286,47.96875122448979,35.50654925833334,363.2641493218405,4.57458,3.160527275,0.5300414957205177,Tarazona,0.386,140.21996163823042,non_growing
2021-09-06,18.77291666666666,149.7804895833333,-4.620532499999999,20.0331040107639,214.0779252298746,3.13367,2.655749625,0.7718860448958068,Tarazona,0.386,82.63407913873161,non_growing
2021-09-07,16.97916666666667,170.0988282608696,28.24427154347826,37.713936517814,304.6369707391464,4.164470000000001,2.89742115,0.6372579599849136,Tarazona,0.386,117.58987070531052,non_growing
2021-09-08,15.85520833333334,153.8508388888889,96.76743888888888,31.23304171358022,351.7134567368977,2.92836,2.5900585,0.4800631541796245,Tarazona,0.386,135.7613943004425,non_growing
2021-09-09,15.083333333333329,129.9368270212766,87.7740214893617,29.86792326932624,317.956723715203,2.67342,2.251265825,0.4510304698418425,Tarazona,0.3605,114.62339889933068,non_growing
2021-09-10,14.62187499999999,134.6824197777778,93.36156088888887,34.67734303555552,338.522639629765,3.22644,2.195753875,0.44325984732173895,Tarazona,0.3605,122.03741158653028,non_growing
2021-09-11,14.228124999999988,116.4825189130435,79.21718695652174,34.40208160229469,317.4583459357278,4.29378,1.9828394,0.4115171914225154,Tarazona,0.3605,114.44373370982986,non_growing
2021-09-12,13.97395833333332,124.088977826087,81.76595130434782,36.40942945000002,333.1325423742276,4.5438,2.114847325,0.4181978835527209,Tarazona,0.3605,120.09428152590905,non_growing
2021-09-13,13.563541666666659,85.74199136363636,20.6104212,15.71348763826693,156.8280871709743,2.59393,1.38039455,0.6076053905660073,Tarazona,0.3605,56.53652542513623,non_growing
2021-09-14,13.255208333333341,90.8897924390244,38.74142543181818,4.790369673642677,170.7072321719202,0.7595,1.391942075,0.5478032254857037,Tarazona,0.3605,61.53995719797723,non_growing
2021-09-15,13.166666666666679,110.86939308,91.52331826086956,27.77709571692633,304.1490340900065,2.26581,1.85630433815,0.4011600950974086,Tarazona,0.3605,109.64572678944735,non_growing
2021-09-16,13.144791666666661,111.58278825,68.51148982222222,19.45863070356792,272.385423537531,1.98916,1.6511459675,0.4411663430344839,Tarazona,0.3605,98.19494518527992,non_growing
2021-09-17,13.236458333333331,136.3492106382979,105.0429176382979,32.68430714332151,341.7694010059158,2.6941,2.3342670025,0.44113809868460624,Tarazona,0.3605,123.20786906263265,non_growing
2021-09-18,13.410416666666661,148.447706,71.8176132,30.93004962648149,322.0204038322576,2.55394,2.411869375,0.5099712300843199,Tarazona,0.3605,116.08835558152886,non_growing
2021-09-19,13.444791666666662,121.0916069565217,102.0743899130435,30.34337603599033,343.119036552239,3.49112,2.0450022525,0.3871516305221934,Tarazona,0.3605,123.69441267708214,non_growing
2021-09-20,13.93020833333333,119.5530754318182,95.04323386363636,33.04588000978536,310.4157511874315,2.8217,1.908855775,0.4310240147000265,Tarazona,0.37095,115.14872290297772,non_growing
2021-09-21,27.66770833333333,139.5999,109.767185,8.60971760501208,352.3770737557783,1.37155,2.351430225,0.4060882963499756,Tarazona,0.37095,130.71427550970597,non_growing
2021-09-22,22.70416666666666,119.6847434090909,117.9059209318182,22.87210937619949,354.5465671438536,1.62337,1.9316079,0.36085004620082295,Tarazona,0.37095,131.51904908201251,non_growing
2021-09-23,19.22604166666665,91.47455276595744,118.7243216276596,19.42368282807328,314.2172123539518,1.2631199999999998,1.5773954975,0.31030040894410915,Tarazona,0.37095,116.55887492269844,non_growing
2021-09-24,18.87708333333331,55.40653,55.2562941,21.96048555013889,180.6497414048228,0.939357,0.78834525,0.34915111109183894,Tarazona,0.37095,67.01202157411902,non_growing
2021-09-25,22.57916666666665,124.7395833333333,54.61199093181818,24.19876863806817,248.5804886654267,1.49879,1.99926445,0.555925782715829,Tarazona,0.3814,94.80859837699376,non_growing
2021-09-26,19.34270833333331,143.6333756818182,84.7825609090909,28.32778969960228,350.4154321669379,2.39474,2.3243126975,0.4459450060906473,Tarazona,0.3814,133.6484458284701,non_growing
2021-09-27,16.83854166666667,130.552575,76.8230409090909,36.83052375871214,350.1717088218687,3.2345,1.978835675,0.4166467136252326,Tarazona,0.3814,133.55548974466075,non_growing
2021-09-28,15.58229166666666,118.3487711111111,71.917948,34.23362858851853,330.5330067957618,3.85554,1.96457105,0.3994229479223995,Tarazona,0.3814,126.06528879190357,non_growing
2021-09-29,14.92083333333332,110.3526139534884,100.4999920930233,34.89980688682171,323.1215088834321,3.5979,1.7505473175,0.3828740625325507,Tarazona,0.3814,123.23854348814102,non_growing
2021-09-30,14.73124999999998,75.37358217391305,85.34829456521739,26.12282443339373,279.8692663976744,2.54489,1.26306139,0.29704291256435916,Tarazona,0.3814,106.74213820407302,non_growing
2021-10-01,14.438541666666671,98.61043722727273,72.09560227272728,25.68426787980428,233.7792108396718,2.77999,1.598026635,0.47387233838878245,Tarazona,0.3814,89.16339101425083,non_growing
2021-10-02,14.278125,77.70023795348837,101.756311627907,30.51037836143411,316.6146437705517,3.13367,1.2442959275,0.27158014523963897,Tarazona,0.3814,120.75682513408843,non_growing
2021-10-03,13.895833333333329,76.90273823529412,73.96669521428572,12.85151784888228,225.8868651547575,1.58139,0.978216675,0.3609858138934921,Tarazona,0.3814,86.15325037002451,non_growing
2021-10-04,13.321874999999991,95.99746888888887,83.43179933333333,9.027990861179015,211.8263708764665,1.55361,1.54955345,0.47336408151609655,Tarazona,0.3814,80.79057785228433,non_growing
2021-10-05,13.22916666666665,77.15036590909091,127.7588156818182,31.94885034741162,335.5167201315309,1.67716,1.2449341,0.254145361180536,Tarazona,0.3814,127.9660770581659,non_growing
2021-10-06,13.28229166666666,83.62809306976744,115.9195979069767,38.00406464023255,331.7249613989175,2.81929,1.32602656,0.2847195892176326,Tarazona,0.37260000000000004,123.60072061723668,non_growing
2021-10-07,13.27395833333333,82.32109214285714,118.9971795238095,34.25919034523808,329.1325020616943,3.33258,1.27344674,0.27917444160567273,Tarazona,0.37260000000000004,122.63477026818731,non_growing
2021-10-08,13.065624999999988,60.63368,127.7533046511628,25.70952043578811,305.9483835297517,2.25253,0.947925985,0.2163642805661456,Tarazona,0.37260000000000004,113.9963677031855,non_growing
2021-10-09,13.051041666666672,71.9329656904762,93.29519976190475,28.53977302453704,286.9576788889469,2.68515,1.107258255,0.2783590612649688,Tarazona,0.37260000000000004,106.92043115402161,non_growing
2021-10-10,13.084374999999989,60.70769261904762,78.17256,16.94598765304234,217.0980605720549,1.8746,0.93564785,0.3033078385533971,Tarazona,0.37260000000000004,80.89073736914766,non_growing
2021-10-11,12.907291666666659,63.53687325,76.5444925,22.21856336847918,222.1310678936792,1.59121,0.93288292,0.3178234067994023,Tarazona,0.3638,80.81128249972049,non_growing
2021-10-12,12.73854166666667,63.37960185365854,116.8285954878049,22.62975526172087,284.4237386135791,2.22825,0.9169715815,0.24209724395565896,Tarazona,0.3638,103.47335610762008,non_growing
2021-10-13,12.49374999999999,66.77318321951219,108.4797894390244,32.78144936470867,318.462611868077,2.59914,1.0068994725,0.23373323825201428,Tarazona,0.3638,115.8566981976064,non_growing
2021-10-14,12.45312499999999,58.95505095,109.00635025,27.92002621791665,301.9294134362441,2.7322800000000003,0.8857542125,0.21515704826209225,Tarazona,0.3638,109.84192060810561,non_growing
2021-10-15,12.30416666666667,80.93953611111111,97.216107825,28.65356413367208,302.2339211705892,2.41331,1.012292725,0.2958528784293862,Tarazona,0.3638,109.95270052186036,non_growing
2021-10-16,12.20312499999999,64.70855825,57.7943106,28.92617916111113,208.3558147789551,1.91293,0.9509688625,0.3606347303063064,Tarazona,0.3638,75.79984541658386,non_growing
2021-10-17,12.583333333333321,68.97473325,67.554429575,22.52666257361113,246.9124397972232,2.24827,1.1417777,0.30739351710898816,Tarazona,0.3638,89.82674559822979,non_growing
2021-10-18,12.67708333333332,51.52055871794872,79.73763915384615,20.94357544337608,230.1759273207611,2.27446,0.74043812,0.24623610190139694,Tarazona,0.3638,83.73800235929289,non_growing
2021-10-19,12.73229166666667,63.46890097560976,94.8073712195122,23.86023293944442,298.4906129998129,1.83894,0.923550725,0.23110662761220446,Tarazona,0.3638,108.59088500933194,non_growing
2021-10-20,12.58854166666666,71.20294345238095,96.76139785714284,31.68713379113756,308.3539233954452,1.96261,1.07931785,0.2573599222162382,Tarazona,0.3638,112.17915733126296,non_growing
2021-10-21,12.50833333333334,69.60209155714286,89.09588047619047,26.74155605198413,251.1709710144927,1.6789,1.0746985425,0.3101290959064793,Tarazona,0.3638,91.37599925507244,non_growing
2021-10-22,19.52916666666665,44.55017307692308,37.35489174358975,-4.107389850935675,132.5669782093439,0.85354,0.415829575,0.32595850786940855,Tarazona,0.386,51.17085358880674,non_growing
2021-10-23,25.269791666666652,88.471085,99.4171065,16.19508144672223,302.483695250274,1.56392,1.289491075,0.3090276061789447,Tarazona,0.386,116.75870636660578,non_growing
2021-10-24,22.53333333333332,78.64135705882353,87.73825376923077,15.08465188391737,246.3390857199067,1.83241,1.023220275,0.3400642130589275,Tarazona,0.386,95.086887087884,non_growing
2021-10-25,20.2125,72.16927736842105,83.48824828947369,27.49258976228071,276.225992538892,1.62281,1.00452939,0.2901471075569076,Tarazona,0.386,106.62323312001232,non_growing
2021-10-26,18.62708333333332,54.037865,86.516191,33.00746936255557,301.3129441176471,0.7688780000000001,0.392434495,0.20140425777493215,Tarazona,0.386,116.30679642941178,non_growing
2022-05-01,28.6375,158.917244,99.44805668,66.65112822222217,368.7433908,1.82393,2.7833438,0.5260553270843359,Tarazona,0.52285,192.79748187978,growing
2022-05-02,29.035555555555558,151.2433873684211,143.079951,55.42488364285709,427.745265,1.91292,2.10977387,0.40621839400014764,Tarazona,0.52285,223.64661180525002,growing
2022-05-03,33.79374999999999,114.7618116666667,93.10637416666668,23.45023332372689,265.7950695833333,0.634752,2.0250444,0.47354758383929707,Tarazona,0.52285,138.97095213164584,growing
2022-05-04,35.1375,129.1160142857143,22.34459761904762,20.69086761164019,189.6860714285714,0.694732,1.3622395,0.7640217673016497,Tarazona,0.5612,106.45182328571428,growing
2022-05-05,34.014583333333334,207.3140219230769,109.1105853846154,71.82980369135804,403.6430384615385,1.95585,3.952429935,0.6247912988361244,Tarazona,0.5612,226.5244731846154,growing
2022-05-06,31.36666666666667,167.3172388333333,110.5663683333333,69.89503262499994,400.65585125,2.65344,2.9472321075,0.505855680031525,Tarazona,0.5612,224.8480637215,growing
2022-05-07,29.131249999999998,152.98176032,129.2848388,62.91609174122805,393.2879412,3.21024,2.755999,0.4630593089896149,Tarazona,0.5612,220.71319260144,growing
2022-05-08,27.139583333333327,166.0485619565218,122.6826216956522,72.20321980555556,384.4100713043478,3.34489,2.81138671,0.5318543176082865,Tarazona,0.5612,215.730932016,growing
2022-05-09,25.172916666666662,137.2522496,113.4866868,58.25582048143268,375.666508,3.39317,2.5271514,0.4324121871037227,Tarazona,0.5612,210.8240442896,growing
2022-05-10,23.46458333333333,162.2215904347826,134.0113139130435,61.78779420915029,421.9105639130435,3.6643,2.57765275,0.4504619093321075,Tarazona,0.5612,236.77620846800005,growing
2022-05-11,22.195833333333333,142.01585125,106.8783983333333,71.21425202256947,373.709625,3.38157,2.51453101,0.4694810695851402,Tarazona,0.5612,209.72584155,growing
2022-05-12,21.20833333333334,150.2525204,108.1432596,65.19116930564248,385.8003068,3.02234,2.764268985,0.4686470310056099,Tarazona,0.5612,216.51113217616,growing
2022-05-13,20.60208333333333,172.7251492307692,88.50835461538462,77.82714406388878,398.778155,4.70803,3.31889405,0.538166708766504,Tarazona,0.5612,223.79430058600002,growing
2022-05-14,20.10416666666666,159.9437252,98.233138,66.91321998458336,382.1281292,3.31862,2.94935135,0.5074116754125201,Tarazona,0.5612,214.45030610704,growing
2022-05-15,19.60833333333333,186.4106820833333,77.385425125,43.92995557539685,372.3794316666667,3.10518,3.302819445,0.5675475092903888,Tarazona,0.50715,188.85222876975,growing
2022-05-16,19.10833333333333,176.463964125,104.3498439166667,95.0313086797386,398.1138916666667,4.200939999999999,3.126277155,0.5822306329381219,Tarazona,0.50715,201.90346015875,growing
2022-05-17,18.69791666666667,198.3231913846154,90.34358923076924,81.63915453888893,405.7723088461539,3.7914,3.8096353645,0.611857160395919,Tarazona,0.50715,205.78742643132696,growing
2022-05-18,18.44166666666666,162.0507584615385,83.25112769230769,78.89845790058477,376.9730307692308,4.37488,3.12253515,0.5436584439322512,Tarazona,0.50715,191.18187255461538,growing
2022-05-19,18.15208333333333,204.8030622272727,88.36086954545455,70.19619862205236,406.7615527272727,4.32095,3.3339883,0.6085090450612607,Tarazona,0.50715,206.28912146563636,growing
2022-05-20,17.76875,163.968002173913,90.91096217391303,53.77752246212117,356.8226116086956,2.95979,2.784567375,0.5410680062022265,Tarazona,0.4531,161.67632531989997,growing
2022-05-21,17.54583333333332,199.7301080769231,71.89732115384615,58.17693589810609,380.6487692307692,4.73749,3.8454731,0.6193722596257912,Tarazona,0.4531,172.47195733846152,growing
2022-05-22,17.32083333333333,186.547375,34.09525142857143,22.35232438125002,292.0662225,3.43101,3.8615721,0.6916491004029265,Tarazona,0.4531,132.33520541475,growing
2022-05-23,16.87916666666666,172.659919875,147.906902875,52.5139455002639,407.4843833333333,3.05462,3.0536832,0.4864064763505634,Tarazona,0.4531,184.63117408833332,growing
2022-05-24,16.556249999999988,161.31431,85.46813875,4.288762338492091,312.6728916666667,2.66677,2.851441075,0.5230953692442888,Tarazona,0.4531,141.67208721416668,growing
2022-05-25,16.09166666666666,116.1015907037037,133.1860444444444,8.988446761980656,349.2370111111111,2.70502,2.190691967,0.34122580627429594,Tarazona,0.4531,158.23928973444444,growing
2022-05-26,15.86041666666666,128.311142,153.76710444,62.6688161128655,392.004056,3.62695,2.359872285,0.38960647528631653,Tarazona,0.4531,177.6170377736,growing
2022-05-27,15.85,158.9518727142857,120.4358639285714,59.00772761111113,402.5647714285714,4.532439999999999,3.2904809385,0.46266515437459776,Tarazona,0.4531,182.4020979342857,growing
2022-05-28,15.85833333333333,198.4417164,110.4878852,52.97011482163747,405.28878,4.88509,3.6746398,0.5632449711386657,Tarazona,0.4531,183.636346218,growing
2022-05-29,15.70416666666666,204.5200491304348,108.3964404347826,73.8214522897396,395.7881913043478,4.20538,3.47664105,0.6352210472310788,Tarazona,0.4531,179.33162947999998,growing
2022-05-30,15.391666666666659,130.1275054166667,145.3114170833333,34.78051363622685,357.846525,2.60692,2.3016283,0.40278921594801503,Tarazona,0.4531,162.1402604775,growing
2022-05-31,15.32708333333333,171.7172596296296,119.4646914814815,49.6099154029101,411.1703444444444,4.87329,3.4355896,0.474933775482116,Tarazona,0.4184,172.03367211555553,growing
2022-06-01,15.30208333333332,159.95558146,125.741442,39.69123762169318,388.894728,3.80372,2.95758883,0.45805836959623,Tarazona,0.4184,162.7135541952,growing
2022-06-02,15.22708333333333,146.80291,109.164313875,36.15212336243389,390.8243875,3.39837,2.601563645,0.4139114468309814,Tarazona,0.4184,163.52092373,growing
2022-06-03,15.08124999999999,141.5069708333333,145.2986958333333,58.48355050396827,416.6983070833333,4.12279,2.40387925,0.3950338958243933,Tarazona,0.4184,174.34657168366664,growing
2022-06-04,14.97499999999999,182.139132,131.564952,42.56343230674607,417.814908,3.89015,3.36243002,0.4853788560418295,Tarazona,0.4184,174.8137575072,growing
2022-06-05,15.25833333333333,201.7766144444444,97.98816185185186,33.91235936886572,397.7499025925926,4.28258,4.0208481,0.5545788723632904,Tarazona,0.3837,152.61663762477778,non_growing
2022-06-06,15.51249999999999,237.0128752,40.3973416,27.55768675264544,394.780728,4.17937,4.38627605,0.6454194006861148,Tarazona,0.3837,151.4773653336,non_growing
2022-06-07,15.456249999999999,231.9288452,46.9430696,37.17667109469698,381.4171172,4.569319999999999,4.293344255,0.6737408338387206,Tarazona,0.3837,146.34974786964,non_growing
2022-06-08,15.306249999999991,185.3185846153846,37.02921615384616,27.77133888888888,286.4396873076923,2.74408,3.55681135,0.7164331691457663,Tarazona,0.3837,109.90690801996152,non_growing
2022-06-09,15.25833333333332,189.1886488461539,99.1416953846154,52.41906868822753,408.4551884615385,5.72023,3.64704087,0.5313748755789462,Tarazona,0.3837,156.72425581269232,non_growing
2022-06-10,15.13548387096774,186.758083423,109.6775285,62.2622613854167,462.55649,4.64271,2.76719625,0.46655202616677477,Tarazona,0.3837,177.482925213,non_growing
2022-06-13,15.35384615384615,108.51665,-52.720725,,26.838875,5.90667,0.32351965,,Tarazona,0.3837,10.2980763375,non_growing
2022-06-14,15.249999999999991,222.54658,8.6024725,46.64601936309526,363.2129,6.92646,3.3137418,0.7030001987329055,Tarazona,0.3837,139.36478972999998,non_growing
2022-06-15,15.18333333333333,180.4463684615385,15.98298846153846,39.64224371643522,301.5599924230769,5.939010000000001,3.491478855,0.6889428813151782,Tarazona,0.3837,115.70856909273459,non_growing
2022-06-16,15.08749999999999,156.7340613043478,51.59335,31.88597485317469,318.7034317391305,6.06615,2.49259286,0.5464592811262122,Tarazona,0.3805,121.26665577673916,non_growing
2022-06-17,15.02083333333333,257.5779,29.56240038461538,42.87836405366162,396.6883446153846,6.1196,4.7547624,0.7280119673025022,Tarazona,0.3805,150.93991512615383,non_growing
2022-06-18,15.05833333333333,281.6626788461538,5.387797884615384,39.90399352777774,384.0070653846154,5.22542,5.445738045,0.8185415995453194,Tarazona,0.3805,146.11468837884615,non_growing
2022-06-19,15.08124999999999,290.4340825,90.9961625,27.75918290138894,425.62638875,3.85229,5.1654814,0.7299774352614287,Tarazona,0.3805,161.950840919375,non_growing
2022-06-20,14.96874999999999,232.7419355769231,63.81067776923076,30.85035137152776,365.1783961538462,3.50287,4.477049585,0.6961484063607699,Tarazona,0.3805,138.95037973653848,non_growing
2022-06-21,14.66041666666666,145.9050472,6.827229285714286,-5.845090351495756,165.2359157142857,2.00545,2.683015695,0.8528418820725125,Tarazona,0.3773,62.343510999,non_growing
2022-06-22,14.545833333333318,178.2709704,147.7987128,26.61705334642864,377.3305,2.25737,3.28134115,0.5083094820031038,Tarazona,0.3773,142.36679765,non_growing
2022-06-23,14.51041666666665,175.7097523076923,175.2125303846154,39.24986007804233,408.0975,2.38435,3.365720995,0.4763748856977089,Tarazona,0.3773,153.97518675,non_growing
2022-06-24,14.408333333333331,170.1728195833333,175.2611108333333,41.98219271637436,426.12415,2.42736,3.0150038,0.44299461789249095,Tarazona,0.3773,160.77664179500002,non_growing
2022-06-25,14.46249999999999,233.9023362962963,108.7742464074074,42.07204882971011,422.8709592592593,3.22843,4.66638138,0.6142410860168942,Tarazona,0.3773,159.54921292851853,non_growing
2022-06-26,14.62708333333333,239.9681212857143,94.08959678571428,45.26473854516906,417.7489178571428,3.18524,4.96616765,0.6442370833815447,Tarazona,0.3773,157.6166667075,non_growing
2022-06-27,14.478723404255309,225.9790120833333,99.65382958333332,47.65443541137568,382.8301041666667,3.08477,3.790680715,0.6742106696543021,Tarazona,0.3773,144.44179830208336,non_growing
2022-06-28,14.49583333333332,177.7999784615385,125.2362761538461,51.44658739583333,414.0748692307693,4.6372,3.430337165,0.49030918813571994,Tarazona,0.3773,156.23044816076927,non_growing
2022-06-29,14.577083333333329,153.9645959259259,88.01614666666667,23.09815193923615,357.2257259259259,3.94078,3.0814604,0.460795839412102,Tarazona,0.3773,134.78126639185183,non_growing
2022-06-30,14.45416666666666,186.3424273076923,125.0148465384615,42.17260919444447,394.0659357692307,3.63386,3.5880604,0.5295423733137771,Tarazona,0.3773,148.68107756573076,non_growing
2022-07-01,14.52083333333333,169.5272797307692,144.5091538461539,41.55431020144447,393.7729230769231,2.35865,3.2591805515,0.4813126664339653,Tarazona,0.3773,148.5705238769231,non_growing
2022-07-02,14.8125,190.8143560740741,112.1405611111111,44.08942875633333,464.2481904761905,3.02063,3.81409328,0.4541482255255229,Tarazona,0.4233,196.51625902857143,growing
2022-07-03,14.70624999999999,256.3459771904762,14.18318928571428,37.60764430815971,302.6781571428572,3.35077,3.9918942,0.9670859819490295,Tarazona,0.4233,128.12366391857145,growing
2022-07-04,14.799999999999999,211.1952468148148,70.15189074074074,42.55013834953703,399.6079037037037,5.4507200000000005,4.23158242,0.5914876171516101,Tarazona,0.4233,169.15402563777778,growing
2022-07-05,14.90833333333333,210.606258,45.71052846153846,33.47450949236112,367.0241319230769,4.00743,4.61425055,0.6314090733043677,Tarazona,0.4233,155.36131504303845,growing
2022-07-06,14.97916666666666,170.54515276,123.5999664,56.76482199199734,368.956072,2.40254,3.1950495,0.546284217625024,Tarazona,0.4233,156.1791052776,growing
2022-07-07,15.01249999999999,202.514964,93.311888,39.20720391666669,398.970216,4.50545,3.57062506,0.5629121315925903,Tarazona,0.4693,187.2367223688,growing
2022-07-08,15.174999999999999,220.0374333333333,49.97939583333334,34.18262183095239,418.3172333333333,5.74526,3.91820065,0.5728133491349541,Tarazona,0.4693,196.31627760333333,growing
2022-07-09,15.135416666666659,232.5948444,50.62005688,43.97578160441913,399.4296988,6.22545,4.31622005,0.6543600538576135,Tarazona,0.4693,187.45235764684,growing
2022-07-10,15.07291666666666,208.9765639130435,61.04739347826087,50.52215360493824,401.5646465217391,5.87176,3.57206295,0.5953027571581545,Tarazona,0.4693,188.45428861265216,growing
2022-07-11,14.958333333333321,176.0838176923077,90.33656038461538,41.82063222486774,379.7775884615385,5.35598,3.40164175,0.521024392138851,Tarazona,0.4693,178.22962226500002,growing
2022-07-12,14.918749999999989,230.026087037037,39.10236407407407,36.1638056014493,385.1892974074074,5.68279,4.61565558,0.6590523971381459,Tarazona,0.4693,180.76933727329632,growing
2022-07-13,14.98749999999999,250.5813538461539,20.77250192307692,46.57206768750007,383.0798155,6.42166,4.8507779,0.7446525539904546,Tarazona,0.4693,179.77935741414998,growing
2022-07-14,14.891666666666659,226.3642769230769,25.39566538461538,48.14689467222215,350.0156526923077,7.31034,4.38719495,0.7498764642216311,Tarazona,0.4693,164.2623458085,growing
2022-07-15,14.78297872340425,185.4418676,85.39921712,52.33482940277774,400.265544,5.761850000000001,3.44821725,0.532985045067592,Tarazona,0.4693,187.8446197992,growing
2022-07-16,14.72499999999999,229.1916996153846,37.37458311538462,45.02007400264549,391.6879730769231,6.3179300000000005,4.4360909,0.6611275524137228,Tarazona,0.4693,183.819165765,growing
2022-07-17,14.85106382978723,258.0610642307692,15.21109153846154,49.43596143749999,381.6927680769231,5.85941,4.9917562,0.7766915803498535,Tarazona,0.4693,179.1284160585,growing
2022-07-18,14.78333333333333,226.8793672,43.4287884,39.69656934210533,383.9008104,6.15161,4.21746675,0.6591416959381369,Tarazona,0.4686,179.89591975344,growing
2022-07-19,14.839583333333332,260.448562,27.0992064,45.66160975138891,409.695988,5.53693,4.840999425,0.7154504562262277,Tarazona,0.4686,191.98353997680002,growing
2022-07-20,14.89375,211.8719247826087,39.22617347826087,47.22627429444433,342.0502926086957,5.18558,3.61990015,0.7186386170097429,Tarazona,0.4686,160.2847671164348,growing
2022-07-21,14.787234042553191,133.3016483846154,71.46867,41.01303525757576,260.2172334615385,5.09549,2.64716585,0.6081163110780493,Tarazona,0.4686,121.93779560007695,growing
2022-07-22,14.75714285714285,216.8342295,93.4620265,60.14578619753096,419.86728,6.42199,3.23035864,0.602783634661176,Tarazona,0.4686,196.749807408,growing
2022-07-25,14.67142857142856,187.0842,-53.69878,,53.7182,5.54912,0.697285,,Tarazona,0.4679,25.13474578,growing
2022-07-26,14.410344827586199,203.6553888235294,107.0765882352941,73.29222237703695,413.5661058823529,5.16084,2.5973579,0.5985043187140391,Tarazona,0.4679,193.5075809423529,growing
2022-07-29,14.77708333333333,192.9726758846154,79.52163615384616,50.28835505555556,373.3468065384615,5.86179,3.7678551065,0.5973305295027274,Tarazona,0.4679,174.68897077934614,growing
2022-07-30,14.885416666666659,199.35712125,81.95580458333333,38.05732960687822,374.1266875,3.55427,3.55040295,0.5932023154381139,Tarazona,0.4679,175.05387708125,growing
2022-07-31,14.92291666666666,221.5682639565217,79.54239926086957,42.59010608677265,405.1196,5.1706,3.78654673,0.6111730705407236,Tarazona,0.4679,189.55546084,growing
2022-08-01,15.01612903225806,212.8379861111111,86.89364388888889,59.15169511111115,449.2834055555555,4.16207,2.84540915,0.5455541818649979,Tarazona,0.4679,210.2197054594444,growing
2022-08-03,17.05833333333333,90.428,-30.0604,,-5.978333333333332,4.61134,0.2017675,,Tarazona,0.4296,0.0,growing
2022-08-04,16.73333333333333,163.0084458333333,96.12305936,60.29590035555549,392.214536,5.33628,2.9045996,0.49110965257145134,Tarazona,0.4296,168.4953646656,growing
2022-08-05,16.37857142857142,142.0684157142857,114.6388535714286,67.96350528703691,416.0883857142857,5.50525,1.475985735,0.40809612786057436,Tarazona,0.4296,178.75157050285713,growing
2022-08-08,16.372727272727268,252.4897764705882,67.63384705882353,70.32031500854691,467.2270588235294,5.546729999999999,3.1896245,0.6361438307742283,Tarazona,0.3913,182.82594811764704,non_growing
2022-08-09,16.052083333333318,191.856605,84.0744565,53.81951615277785,418.06642,5.37529,2.8594916,0.5267213062721635,Tarazona,0.3913,163.589390146,non_growing
2022-08-10,15.78958333333332,178.8196268421053,109.7795494736842,57.24174200653609,419.0057352631579,5.12428,2.5229455,0.49429912919845886,Tarazona,0.3913,163.95694420847366,non_growing
2022-08-11,15.46041666666666,136.5051044736842,108.9594605263158,41.85574543703697,354.5647210526316,5.64778,1.92753775,0.4365244208451711,Tarazona,0.3913,138.74117534789474,non_growing
2022-08-12,15.21666666666666,143.8110161904762,100.0207020952381,50.42385932986119,331.1338952380952,6.07762,2.08461579,0.5123116304879424,Tarazona,0.3913,129.57269320666666,non_growing
2022-08-13,14.70624999999999,218.97700625,1.93379,-3.482043833333343,204.101375,2.09237,2.58487065,1.0548867895167218,Tarazona,0.3913,79.86486803749999,non_growing
2022-08-14,15.17291666666666,252.3799947368421,90.0174852631579,36.11815459411758,394.3773826315789,3.352,3.571695,0.7044619509715798,Tarazona,0.3913,154.3198698237368,non_growing
2022-08-15,15.32916666666666,225.4293035,74.873465,68.18448650718955,388.788555,3.96037,3.1449301,0.703139247607693,Tarazona,0.3913,152.13296157149998,non_growing
2022-08-16,15.233333333333329,210.7238081818182,74.6419635,46.03321007239765,363.9208772727273,3.05252,3.42679965,0.6628876484504262,Tarazona,0.3913,142.4022392768182,non_growing
2022-08-17,15.03333333333332,183.5213515,114.3522975,68.4390067888889,369.21205,3.27456,2.7037047,0.6101655571945233,Tarazona,0.3913,144.47267516499997,non_growing
2022-08-18,14.80416666666666,165.1383075,149.0093525,48.57417137857151,388.3564,3.32002,2.24366024,0.48601219719466365,Tarazona,0.3913,151.96385931999998,non_growing
2022-08-19,14.68124999999999,153.6481122727273,134.0582436363636,61.86251487654329,371.4369090909091,4.85147,2.502379365,0.4963204811000394,Tarazona,0.3912,145.30611883636365,non_growing
2022-08-20,14.73749999999999,213.2315211111111,49.03227222222223,46.22312698290604,365.7142927777778,4.79073,2.850489075,0.6674097563248922,Tarazona,0.3912,143.06743133466668,non_growing
2022-08-21,14.87916666666666,281.2755625217391,11.37539565217391,53.06108516172848,335.4509246521739,4.97393,4.8097525,0.9960541180563829,Tarazona,0.3912,131.22840172393043,non_growing
2022-08-22,14.866666666666669,187.71478,37.874676,29.22212877777771,334.92028,4.91229,2.62158365,0.6140527158881762,Tarazona,0.3912,131.020813536,non_growing
2022-08-23,14.85,157.0323805,74.3992925,36.0447916055555,345.66167,5.518479999999999,2.33189107,0.5071828813542409,Tarazona,0.3912,135.222845304,non_growing
2022-08-24,14.787499999999989,159.4548041666667,78.51908666666667,20.84968731249996,346.3759038888889,4.545520000000001,2.131447997,0.4898370578065209,Tarazona,0.3911,135.46761601094445,non_growing
2022-08-25,14.67291666666666,148.170770625,116.37111875,41.03275311851857,341.89729375,4.54992,1.78275346,0.4924833292551057,Tarazona,0.3911,133.71603158562502,non_growing
2022-08-26,14.37916666666666,119.0272785913044,132.8324795652174,67.14342439181286,335.2348143478261,3.14375,2.066871305,0.44398023603381537,Tarazona,0.3911,131.1103358914348,non_growing
2022-08-27,14.35,106.4766985714286,143.0558919047619,37.98021668518525,353.6059904761905,3.46097,1.6008284,0.3373510892108995,Tarazona,0.3911,138.29530287523812,non_growing
2022-08-28,14.387500000000001,120.5687495238095,146.706219047619,40.31454334502918,359.0079442857143,3.3277,1.90706705,0.3783220774823939,Tarazona,0.3911,140.40800701014285,non_growing
2022-08-29,14.24166666666666,215.1422533333333,79.22615,37.18797571999998,365.5121306666667,3.4864,2.391845,0.655273911748227,Tarazona,0.3911,142.95179430373335,non_growing
2022-08-30,14.472916666666661,144.9031058823529,97.75919705882352,47.70690842638889,332.2164058823529,3.67619,1.86167905,0.5093085017479277,Tarazona,0.3911,129.92983634058822,non_growing
2022-08-31,14.49375,165.2236147368421,150.7696136842105,52.08721232026141,382.1389526315789,3.61999,2.323715835,0.500599132066375,Tarazona,0.3911,149.4545443742105,non_growing
2022-09-01,14.27826086956521,107.5847105882353,63.18197317647058,30.08232421527773,247.6322141176471,3.16269,1.24563053,0.494528913053077,Tarazona,0.3911,96.84895894141178,non_growing
2022-09-02,14.12083333333333,116.9716388888889,152.7385022222222,39.85187305555555,344.5779666666667,3.29514,1.54656945,0.3838582955031317,Tarazona,0.3911,134.76444276333336,non_growing
2022-09-03,13.90416666666666,104.0842675,144.7850449,30.16413592156866,310.31113,3.56974,1.542392435,0.37153447904159936,Tarazona,0.3911,121.362682943,non_growing
2022-09-04,13.78124999999999,102.2737771428571,163.0537652380952,26.27327603703707,340.2229142857143,4.87025,1.59036382,0.32576491475950287,Tarazona,0.43285,147.26548844857143,growing
2022-09-05,13.67291666666666,105.2330942105263,185.205457,41.42674961111118,359.1833157894737,3.54854,1.5226752,0.33117519954397123,Tarazona,0.43285,155.47249823947368,growing
2022-09-06,13.65416666666667,127.5439752777778,131.5821127777778,45.71690886111102,355.9811,3.1958,1.696947145,0.4110818422506355,Tarazona,0.43285,154.08641913500003,growing
2022-09-07,13.80625,150.6746175,107.853535,29.54989382098768,317.287765,2.7743,2.224996585,0.5236523676310227,Tarazona,0.43285,137.33800908025,growing
2022-09-08,13.79999999999999,164.2687166666667,142.181385,54.35787322222219,387.2955111111111,2.63165,2.1835303,0.4933918487205943,Tarazona,0.43285,167.64086198444446,growing
2022-09-09,13.600000000000001,158.939,148.314,,515.803,0.932333,0.11724,,Tarazona,0.4746,244.80010380000002,growing
2022-09-13,15.41363636363636,89.05624285714286,17.43134555555556,-0.3904137083332943,117.2929555555556,0.626229,0.458266,0.7567445036133049,Tarazona,0.4746,55.667236706666685,growing
2022-09-14,18.21458333333333,219.7885311764706,103.6317247058823,26.6626068699346,352.1109,2.18197,2.754038515,0.6753408630987415,Tarazona,0.4746,167.11183314000002,growing
2022-09-15,17.99375,161.015565,106.791875,41.72292244970751,365.4835315,2.25894,2.37317465,0.4973290774078946,Tarazona,0.4746,173.45848404990002,growing
2022-09-16,17.260416666666657,182.6286447058824,99.96556470588236,42.82557071111113,341.9459588235294,2.99158,2.29389741,0.6105523125934337,Tarazona,0.4746,162.28755205764705,growing
2022-09-17,16.68333333333333,132.2309903333333,105.7085614285714,43.32969094944444,349.5534538095238,2.88743,2.051146381,0.4318116566079579,Tarazona,0.4746,165.898069178,growing
2022-09-18,16.30625,104.4948552631579,106.595977368421,37.52068403333335,292.7633278947368,1.41949,1.46317058,0.40939418931853144,Tarazona,0.4746,138.94547541884208,growing
2022-09-19,15.95833333333333,107.5569588235294,96.1880394117647,45.68649579281051,257.1943764705882,3.20568,1.33892235,0.5085245924589796,Tarazona,0.4746,122.06445107294118,growing
2022-09-20,15.80833333333333,103.4415578947368,93.55692315789474,45.86339297426905,309.9199105263158,2.71541,1.395402895,0.39174021854752367,Tarazona,0.4677,144.9495421531579,growing
2022-09-21,15.41249999999999,54.16192789411765,38.553815,11.03058180000004,107.4211911111111,1.0179,0.69185319425,0.5619004618935876,Tarazona,0.4677,50.240891082666664,growing
2022-09-22,15.35416666666666,90.16559058823528,124.5222411764706,44.03356261481476,323.2160117647059,2.62023,1.131442045,0.3229629615428511,Tarazona,0.4677,151.16812870235296,growing
2022-09-23,15.49583333333333,108.2275,120.70714375,38.32769083416665,316.99470625,2.01626,1.1969275,0.3883757101230673,Tarazona,0.4677,148.258424113125,growing
2022-09-24,15.28421052631578,144.064225,75.58148416666667,48.67249280707068,289.6090583333333,2.38585,1.2743535,0.5979342516372704,Tarazona,0.4677,135.45015658249997,growing
2022-09-25,14.92222222222222,121.9944235294118,77.77934941176471,7.208485591666665,249.8547429411765,0.97829,1.52101775,0.502766557629982,Tarazona,0.4608,115.13306554729414,growing
2022-09-26,14.87666666666666,129.9484823529412,139.9687657647059,37.06950111388892,346.0790882352941,1.92767,1.62313835,0.4205322027820658,Tarazona,0.4608,159.4732438588235,growing
2022-09-27,14.670270270270262,150.2508153846154,183.5768846153846,33.68202746574079,373.2475615384615,2.26621,1.436006,0.44247958143018706,Tarazona,0.4608,171.99247635692308,growing
2022-09-28,14.68541666666666,122.8443366666667,111.1138185714286,28.34411360561406,281.8408904761905,2.17893,1.88903465,0.48459920549358804,Tarazona,0.4608,129.87228233142858,growing
2022-09-29,14.74418604651162,95.09184647058824,108.7121915789474,15.1711952263158,237.3683173684211,1.0664,1.18227885,0.4279616475400281,Tarazona,0.4608,109.37932064336843,growing
2022-09-30,14.68965517241379,182.8091214285714,152.9496714285714,28.69165950462964,375.0392,1.7879500000000002,1.8776195,0.527819892028409,Tarazona,0.4608,172.81806336,growing
2022-10-01,14.75999999999999,136.1959333333333,129.39848,33.63882439898988,347.9385858333333,2.86032,1.2037305,0.4333313290210191,Tarazona,0.4608,160.330100352,growing
2022-10-02,14.903124999999989,177.533325,79.71078,42.58549143434345,332.10795,3.19906,1.57231485,0.6131936219370692,Tarazona,0.4608,153.03534336,growing
2022-10-03,15.159259259259251,146.35025,27.39926214285714,56.9717576666667,265.8092714285714,2.93772,1.51350795,0.7007852533949129,Tarazona,0.4608,122.48491227428569,growing
2022-10-04,15.090909090909092,196.831705,42.29182785714286,18.88705432478631,307.2623592857143,3.37249,2.03804375,0.6825539552586473,Tarazona,0.4608,141.58649515885713,growing
2022-10-05,15.016216216216211,122.4459363157895,101.0748084210526,41.09106671988302,281.8480442105263,2.15462,1.71506544,0.5085872799701027,Tarazona,0.4608,129.87557877221053,growing
2022-10-06,15.21904761904761,109.69576875,117.7640075,29.14798836000002,289.33304125,0.887258,1.2889566,0.42160672771766305,Tarazona,0.4608,133.324665408,growing
2022-10-07,15.127777777777771,112.50385625,97.111925,39.64480300000001,285.1782875,1.87504,1.3242058,0.45820168470748845,Tarazona,0.4608,131.41015488,growing
2022-10-08,15.16470588235294,114.5123875,135.18659375,28.63153021709407,344.263895625,1.4891,1.3484645,0.36280305839995364,Tarazona,0.4608,158.636803104,growing
2022-10-09,15.11249999999999,110.1890933333333,132.6129226666667,52.24212482777772,324.57142,1.88796,1.21769135,0.4046171134972799,Tarazona,0.4608,149.562510336,growing
2022-10-10,14.719230769230759,53.52346307692308,38.7423,3.447411509259256,141.8020176923077,0.409553,0.5575476500000001,0.3868571098103485,Tarazona,0.4608,65.34236975261538,growing
2022-10-11,14.60882352941175,88.58550714285714,108.2241324285714,42.61048570634918,251.6978357142857,0.892294,0.91036125,0.42367702847395894,Tarazona,,,non_growing
2022-10-12,14.44374999999999,91.3935529,116.6603008095238,39.9350996317222,275.7039619047619,1.82894,1.344953725,0.3876404713450191,Tarazona,,,non_growing
2022-10-13,14.341666666666661,117.9030888888889,106.9806767142857,37.3373998818713,280.0155823809524,2.16874,1.51447095,0.48584132151778964,Tarazona,,,non_growing
2022-10-14,14.359999999999989,159.0683571428571,116.0233357142857,47.42544777777778,314.2663428571428,2.75018,1.645411,0.5961168624304992,Tarazona,,,non_growing
2022-10-15,14.58571428571428,171.6377,65.90219285714285,47.03331341880346,310.3947,3.1381,1.77789455,0.6517193056586624,Tarazona,,,non_growing
2022-10-16,14.733333333333329,126.0841714285714,29.02517085714286,31.55631864957266,228.6612071428571,1.97084,1.3014507,0.6396805903313109,Tarazona,,,non_growing
2022-10-17,14.76785714285713,161.5700846153846,52.50829907692308,30.24168112037035,284.0047615384615,2.37758,1.326575,0.6366965767801501,Tarazona,,,non_growing
2022-10-18,14.90645161290321,151.7586583333333,45.582425,36.02619680808073,276.936975,2.3330900000000003,1.3453478,0.6299371886650759,Tarazona,,,non_growing
2022-10-19,14.960606060606048,174.0057272727273,-4.025930190909091,41.53337216161616,221.5633909090909,2.53923,1.41515665,0.9665372946319714,Tarazona,,,non_growing
2022-10-20,14.65999999999999,61.26045555555555,-28.11466577777778,1.946305052962928,51.67968316666666,0.601734,0.9653562,1.231777487857307,Tarazona,,,non_growing
2022-10-27,14.921428571428569,144.1550307692308,22.02091,38.70404391666671,235.4954538461539,3.4536,1.3854234,0.7325270489239512,Tarazona,0.5111,120.36172646076926,growing
2022-10-28,14.7074074074074,125.6770583333333,27.1455725,42.08100116161621,228.2708916666667,2.52341,1.1126827,0.674993996679558,Tarazona,0.5111,116.66925273083335,growing
2022-10-29,14.58148148148148,117.9578846153846,67.01322384615385,28.08830866666669,208.0615384615384,2.06449,1.1288724,0.6554190573221894,Tarazona,0.5111,106.34025230769227,growing
2022-10-30,14.643999999999991,65.51355,48.51238333333333,33.0169711444444,165.8522166666667,0.692493,0.5763594,0.4931940295095859,Tarazona,0.5111,84.76706793833334,growing
2022-10-31,14.628571428571421,65.96603333333333,27.7779835,36.10881306203699,146.1569391666667,0.470669,0.58035115,0.5994289559334728,Tarazona,0.5111,74.70081160808334,growing
2023-05-01,16.078958333333322,210.96055,97.02556269230767,37.57422614235766,405.27855,3.66987,3.8601455,0.5737233323415417,Tarazona,0.4118,166.89370689,non_growing
2023-05-03,16.278653191489358,159.74522,34.89619266666666,19.78332520885936,288.94302,3.10295,1.76788115,0.5934960660583198,Tarazona,0.4118,118.98673563599999,non_growing
2023-05-04,15.9707625,178.5845111111111,68.98819037037038,56.09738908111951,338.1088740740741,2.97106,3.5496622,0.6332526177633249,Tarazona,0.3573,120.80630070666668,non_growing
2023-05-05,15.99159583333333,208.1461143928571,75.40061592857143,41.43313339333339,377.3237703571428,4.158390000000001,4.302970115,0.6196841813583623,Tarazona,0.3573,134.81778314860713,non_growing
2023-05-06,16.07506666666666,216.9789623076923,50.53796461538462,39.36806421045399,379.5743115384615,4.08432,4.16326893,0.6377865309995133,Tarazona,0.3573,135.6219015126923,non_growing
2023-05-07,15.929235416666659,225.8326307692308,64.71504807692308,26.20170282071507,374.5055384615384,2.71624,4.32218955,0.6483782481284908,Tarazona,0.3573,133.81082889230765,non_growing
2023-05-08,15.84963055555555,260.0979279166667,71.10514375,55.04530749197891,427.7178041666667,3.40542,4.605030075,0.6979262763887581,Tarazona,0.3573,152.82357142875003,non_growing
2023-05-10,16.400000000000002,,117.874,31.86666666666666,151.5,1.16581,0.0,,Tarazona,0.3573,54.13095,non_growing
2023-06-02,26.041992000000004,236.1434105263158,75.51832315789474,60.62104926271645,385.2803,1.84242,3.2946294,0.7273577142497769,Tarazona,0.5581499999999999,215.04419944499998,growing
2023-06-03,24.95110208333332,189.0003379310345,66.6792475862069,50.03067680427981,344.8045724137931,1.86085,4.0293252,0.6411705403568133,Tarazona,0.5581499999999999,192.4526720927586,growing
2023-06-04,23.234575,196.1748810714286,63.74023142857143,44.40523948851536,354.4651892857143,2.42423,4.039380025,0.6326998414330544,Tarazona,0.5581499999999999,197.84474539982142,growing
2023-06-05,21.53715531914893,218.8119275909091,59.95677208333333,46.17841447076052,366.4148220833333,2.22265,3.660756643,0.6832824825328147,Tarazona,0.5635,206.47475224395833,growing
2023-06-10,18.757637499999998,284.1394789473684,47.43945773684211,36.74225301489153,444.1661210526316,3.45032,3.9719426,0.6974050889945611,Tarazona,0.5635,250.2876092131579,growing
2023-06-11,18.47937291666666,284.6375978888889,13.00789892857143,27.20794108689763,376.3317239285714,2.77368,5.427910515,0.8152913432940513,Tarazona,0.5635,212.06292643375,growing
2023-06-12,18.21256666666667,215.9200260714286,21.36067607142857,27.94118914657007,325.5946785714286,2.00039,4.47036505,0.7254073402218145,Tarazona,0.5635,183.472601375,growing
2023-06-13,17.958675,204.0653413793104,3.19618275862069,11.13609811144911,275.1098827586207,1.55774,4.38773235,0.7730515424176114,Tarazona,0.5635,155.02441893448275,growing
2023-06-14,17.67499791666666,240.4294857142857,42.11137892857143,26.38250458062964,386.5661771428572,2.76883,4.95839665,0.6675191132456111,Tarazona,0.5635,217.83004082000005,growing
2023-06-15,17.662497916666663,277.0747080714286,32.20634,45.64744182254235,422.2002510714286,3.90315,5.736296439,0.7358189907654981,Tarazona,0.5635,237.90984147875002,growing
2023-06-16,17.60833124999999,230.9735131034483,24.72092117241379,44.48093748885483,396.3473389655172,4.3510100000000005,4.95842125,0.6564238930859321,Tarazona,0.5183,205.42682578582756,growing
2023-06-17,17.60416458333333,288.4498655172414,-1.236496,38.93519124153842,420.7671827586207,4.25138,6.2004696,0.7554366106705251,Tarazona,0.5183,218.0836308237931,growing
2023-06-18,17.54603958333332,263.07468,-20.96483692307692,12.49877846970663,289.2515730769231,1.97695,4.8489028,0.9505764173885607,Tarazona,0.5183,149.91909032576922,growing
2023-06-19,17.23347083333334,197.1686956521739,-52.26196538461539,9.796248195760716,128.4978665384615,1.37262,4.23440325,1.5,Tarazona,0.5183,66.60044422688459,growing
2023-06-20,17.175,335.331008,19.71150576923077,43.03270827594646,385.2210384615385,2.28049,6.17239375,0.979960385610249,Tarazona,0.5183,199.6600642346154,growing
2023-06-21,17.080165,118.3976727272727,-22.83706227272727,10.75920894941405,137.8819609090909,0.957549,1.9427534,0.9313649280093328,Tarazona,0.4731,65.23195570609091,growing
2023-06-22,17.119996875,359.3912484,50.99707328,58.31177409762979,488.840868,3.73983,6.63936505,0.8347664617562363,Tarazona,0.4731,231.2706146508,growing
2023-06-23,17.14479512195122,288.5916042307692,29.50465636538462,46.09025158655066,456.3190769230769,3.69841,5.54914587,0.7034893366989181,Tarazona,0.4731,215.8845552923077,growing
2023-06-24,17.183262499999998,258.7743127586207,15.7323375862069,39.17190479680346,417.2899631034483,4.47552,5.5602826,0.6843743827457212,Tarazona,0.4731,197.4198815442414,growing
2023-06-25,17.366525,316.0019451724138,-24.8284975862069,45.6474252501024,421.0603781724138,5.05118,6.805465985,0.8417449177301237,Tarazona,0.4731,199.20366491336895,growing
2023-06-26,17.42820975609756,283.65976,1.88691872,48.00645911615565,419.8963708,3.87896,5.2583969,0.7627519625785073,Tarazona,0.4731,198.65297302548,growing
2023-06-27,17.202394871794873,254.8635777777778,38.64330888888889,50.32430571435155,411.6026692592592,4.62927,5.1063548,0.7054493252156734,Tarazona,0.4731,194.72922282655554,growing
2023-06-28,17.24291666666666,271.6725947368421,27.88306842105263,45.43863334045628,393.5665105263158,4.9794,3.8391488,0.7803816141727733,Tarazona,0.4731,186.19631613,growing
2023-06-29,17.01673541666667,264.7367275862069,43.72694275862069,47.56938103809062,371.3621148275862,5.06898,5.70227005,0.8176117002005294,Tarazona,0.4731,175.69141652493104,growing
2023-06-30,16.808539583333328,192.3444732142857,104.82264,33.26458162169553,382.8886896551724,3.89926,3.98280975,0.5501464824498559,Tarazona,0.4731,181.14463907586207,growing
2023-07-01,16.616672916666662,232.2959620689655,76.03913103448276,27.54633772052997,406.9928344827586,4.27141,4.97136365,0.6121968816450252,Tarazona,0.4731,192.5483099937931,growing
2023-07-02,16.90826458333333,251.5216068965517,42.43320931034483,34.75114008793148,390.587505862069,4.66213,5.4099306,0.7068462672424036,Tarazona,0.4097,160.02370115168966,non_growing
2023-07-03,16.72937291666666,210.0707676923077,39.79468703703704,48.52534864773749,336.9220260714285,4.20143,4.05795935,0.7284091119527265,Tarazona,0.4097,138.03695408146424,non_growing
2023-07-04,16.52499791666666,236.822435862069,85.76616310344828,41.95110313709404,396.6482161034482,4.942279999999999,5.096357975,0.6676751154851759,Tarazona,0.4097,162.50677413758274,non_growing
2023-07-05,16.49530454545455,244.3961407142857,68.33981471428572,44.78636361608875,403.26455,2.88197,5.066297705,0.6817601460763649,Tarazona,0.4097,165.217486135,non_growing
2023-07-10,16.812503125,379.0610583333333,-59.44951016666667,53.35068807826474,423.7399291666667,5.16718,6.76131435,1.0234127136615763,Tarazona,0.3463,146.74113747041667,non_growing
2023-07-11,16.7334,386.6829777777778,-57.76352888888889,52.56647036566665,405.5199874074074,6.33809,7.78128525,1.0955634640468765,Tarazona,0.3463,140.4315716391852,non_growing
2023-07-12,16.57506666666666,287.006048275862,43.81415365517241,32.81832466304018,393.9974231034483,5.89593,6.18451265,0.7946363715817732,Tarazona,0.3463,136.44130762072413,non_growing
2023-07-13,16.39582916666666,281.5568524137931,30.10082517241379,36.0219399073503,401.0447965517241,5.18936,6.177029,0.7713403346906079,Tarazona,0.3463,138.88181304586206,non_growing
2023-07-14,16.57499999999999,304.2552235714286,23.04685892857143,48.70113979054727,413.5366310714286,5.85478,6.3384825,0.8339518244325278,Tarazona,0.3463,143.20773534003573,non_growing
2023-07-15,16.38763333333333,290.4144232142857,69.46462964285715,34.35946712951847,414.6041417857143,5.10417,6.0339558,0.7637567139549514,Tarazona,0.3463,143.57741430039286,non_growing
2023-07-16,16.233262500000002,253.2271460714286,43.89437428571429,41.3761408818489,420.547725,4.43656,5.261896935,0.667843152488247,Tarazona,0.3463,145.6356771675,non_growing
2023-07-17,16.43122894736841,321.8476538461538,-9.604906153846152,60.00378493544899,381.0001296153846,6.13891,6.22695515,1.002652083677361,Tarazona,0.3463,131.9403448858077,non_growing
2023-07-18,16.70051153846154,350.454168125,-49.306814375,27.81190119484442,387.147751875,6.58581,4.213725675,0.975283060294863,Tarazona,0.4143,160.3953136018125,non_growing
2023-07-19,16.49166666666666,347.2507666666667,-10.17499148148148,50.57462579233793,397.4067307407407,5.18366,6.991352,1.0012071019732334,Tarazona,0.4143,164.64560854588888,non_growing
2023-07-20,16.41256666666667,402.8513111111111,-59.88378674074074,35.83583157488908,401.0422333333333,5.08413,8.12986225,1.1030784487112197,Tarazona,0.4143,166.15179726999997,non_growing
2023-07-24,16.27486041666667,421.3065814814815,-48.70543555555555,33.30110294437041,365.5050714814815,4.30647,8.428759,1.2682165819292934,Tarazona,0.4823,176.2830959755185,growing
2023-07-27,16.29145625,314.04636,-74.4897,-5.369382220889084,238.94884,4.1378900000000005,2.33401505,1.2853988423183165,Tarazona,0.4823,115.245025532,growing
2023-07-28,16.01659375,304.9992535714286,11.86259821428571,37.15469163367084,396.5683214285714,5.6022,6.3411739,0.8486023575273883,Tarazona,0.4823,191.26490142499998,growing
2023-07-29,16.08339791666667,291.1287018518519,46.02651555555556,42.66606895271494,408.7104925925926,5.19247,5.8441619,0.7953370767321688,Tarazona,0.4823,197.1210705774074,growing
2023-07-30,16.10819166666667,378.2940764285714,-38.05261142857142,28.19190317847092,404.636475,4.91769,7.873999285,1.0049130861366733,Tarazona,0.4823,195.1561718925,growing
2023-07-31,16.40866666666666,412.2266571428572,-32.70331285714285,41.98419448748149,465.7961952380953,5.05097,6.1241095,0.9726639557463267,Tarazona,0.4823,224.65350496333338,growing
2023-08-01,16.229008108108108,413.1361739130435,1.610817826086956,53.5189796075063,451.2433652173913,4.9111,7.05560345,1.0387499204493722,Tarazona,0.4823,217.6346750443478,growing
2023-08-02,16.104024999999993,412.914562962963,-37.44889888888889,28.6685810914999,411.5410888888889,4.78812,8.2779299,1.0784649055592987,Tarazona,0.4823,198.4862671711111,growing
2023-08-03,16.24333181818181,382.97575,51.164283,53.81153928969372,485.67592,3.69083,5.6782565,0.8867963349283471,Tarazona,0.45385,220.424016292,growing
2023-08-04,15.893640909090909,290.9290041666667,85.82685166666667,50.00148033366077,439.214125,4.0599,5.15723285,0.7474808646468095,Tarazona,0.45385,199.33733063125,growing
2023-08-05,15.755521875,295.562352,72.951204,45.89506718215592,428.010636,4.4405600000000005,5.46817145,0.7734894260246582,Tarazona,0.45385,194.25262714859997,growing
2023-08-06,15.81652499999999,379.6504653846154,-13.15774777777778,35.34685404262954,406.4281111111111,4.96145,7.32753615,1.0230925387712386,Tarazona,0.45385,184.45739822777776,growing
2023-08-07,15.92492916666666,277.7252614814815,30.17412074074074,38.82555152405329,395.1580381481481,4.04338,5.55496242,0.77939921816464,Tarazona,0.45385,179.342475613537,growing
2023-08-08,16.05416666666666,259.0582115384615,11.69483196153846,39.11185490301851,367.1658961538462,4.72316,4.9981463,0.7896815126882937,Tarazona,0.4254,156.19237222384618,growing
2023-08-09,16.19360540540541,369.4075583333333,-38.02254904761904,62.17168666001936,369.9584041666667,4.81043,6.6703087,1.2002063030070658,Tarazona,0.4254,157.3803051325,growing
2023-08-10,16.17096874999999,420.1071318518519,-65.56918592592592,42.34222270264924,369.3867407407407,5.659890000000001,8.43671241,1.2845564095433675,Tarazona,0.4254,157.1371195111111,growing
2023-08-11,16.03749791666666,252.5548703703704,16.55360444444445,50.66634475712959,388.2667751851852,6.8316300000000005,5.113446175,0.7480881172164001,Tarazona,0.4254,165.1686861637778,growing
2023-08-12,16.03007674418605,233.7225585185185,33.72846555555556,36.56734519064699,385.1974111111111,6.172350000000001,4.6958122,0.6704027603053594,Tarazona,0.4254,163.86297868666665,growing
2023-08-13,16.25666785714285,408.957115,-43.2493402,36.64819169364688,441.994035,4.45725,6.074927,1.0089091124364078,Tarazona,0.4254,188.024262489,growing
2023-08-14,16.120695833333322,316.9096588461538,-12.99330130769231,26.97651887729485,393.7332923076923,4.841609999999999,6.11718165,0.8640867239669301,Tarazona,0.4254,167.4941425476923,growing
2023-08-15,16.28196176470588,357.9331789473684,-14.69587473684211,52.92416589174979,453.6223473684211,5.14327,5.05431045,0.8932737793525706,Tarazona,0.4254,192.97094657052634,growing
2023-08-16,16.181081081081082,383.9016277777778,-47.95142333333333,35.67777453975013,444.8782444444444,4.6936,5.186581,0.938174943609403,Tarazona,0.4254,189.25120518666665,growing
2023-08-17,16.05666428571428,396.4337058823529,-16.97263507647059,62.90408447282547,515.2088411764706,5.06819,5.005287,0.876474766198624,Tarazona,0.4254,219.16984103647061,growing
2023-08-18,16.01793809523809,382.5494473684211,-6.208305210526315,34.83859165558501,428.0925087894737,4.12379,5.396179,0.9727797504383838,Tarazona,0.4254,182.1105532390421,growing
2023-08-19,15.977857142857141,359.400795,8.186487,36.49121280032595,452.663555,4.84394,5.34362705,0.8635864485861587,Tarazona,0.4246,192.20094545299997,growing
2023-08-20,16.09544999999999,369.6087428571428,-24.06757952380952,51.49095657686293,453.7714,5.92424,5.77514,0.9187837711225033,Tarazona,0.4246,192.67133644,growing
2023-08-21,15.89113999999999,347.0910545454545,-1.220682954545455,48.66263062056128,445.1738181818182,5.09423,5.39078985,0.8753625759722921,Tarazona,0.4246,189.0208032,growing
2023-08-22,15.823780000000001,327.765375,77.1696596875,89.5105339796297,530.095875,4.860729999999999,3.901201,0.7439316393071869,Tarazona,0.4246,225.07870852499997,growing
2023-08-23,15.85277666666666,252.3152428571429,76.7024419047619,55.39209747030567,421.5161142857143,5.81028,3.94203535,0.689152394458609,Tarazona,0.4246,178.97574212571428,growing
2023-08-24,15.66521739130434,286.5082580769231,1.25462076923077,31.82526559828032,374.5232076923077,6.41825,5.53711455,0.8360372878991864,Tarazona,0.4238,158.72293542000003,growing
2023-08-25,15.823562068965519,378.09307,-4.44522,53.06568829291675,414.797715,5.228260000000001,5.627897,1.0452297338498182,Tarazona,0.4238,175.791271617,growing
2023-08-26,15.570602272727271,297.7947,-74.51915134166667,5.114474189544645,249.4454416666667,3.61267,5.3344555,1.2188168494355263,Tarazona,0.4238,105.71497817833335,growing
2023-08-27,15.44814444444444,310.3833666666667,126.6420788888889,2.36482568017762,403.7223722222222,1.40677,4.110284,0.773333825016673,Tarazona,0.4238,171.09754134777776,growing
2023-08-28,15.281140625,301.4523277777778,126.1597895555556,39.27168644711092,419.0704833333334,2.02328,4.00210795,0.7937158575783609,Tarazona,0.4238,177.6020708366667,growing
2023-08-29,15.079233333333331,222.5419592307692,106.9055773076923,36.45039356862997,348.8068961538461,1.88459,4.26695055,0.7124614259312755,Tarazona,0.4238,147.82436258999996,growing
2023-08-30,15.19871111111111,342.1018666666667,38.51503866666667,57.54389278803231,387.7439533333333,2.49668,3.7905405,1.0360442275561996,Tarazona,0.4238,164.32588742266665,growing
2023-08-31,15.52925925925925,299.7193588888889,46.79955500000001,32.70942690891674,407.7689777777778,3.35142,4.00207075,0.799124720846491,Tarazona,0.4238,172.81249278222225,growing
2023-09-01,15.22098999999999,267.9814470588235,21.30326352941177,23.85265799999994,322.2363176470589,2.24398,3.37513135,0.8981103300891325,Tarazona,0.4238,136.56375141882356,growing
2023-09-02,,187.5994333333333,32.36308954545454,12.82484460317439,295.6726109090909,1.87066,2.9621465,0.6632523062969268,Tarazona,0.4238,125.30605250327272,growing
2023-09-04,24.9700037037037,187.8787411764706,24.96559117647059,38.17515694141578,272.4242607647059,1.16279,2.3550466,0.8020467874156745,Tarazona,0.44195,120.39790204496177,growing
2023-09-05,21.822307692307692,243.9890857142857,54.91233333333334,42.22830595791799,386.1496823809524,1.96344,3.7852568,0.7094327437622581,Tarazona,0.44195,170.6588521282619,growing
2023-09-06,18.15856428571428,246.1374111111111,61.57513777777778,43.27723509074982,388.7667944444444,2.07473,3.2723837,0.7124308230082524,Tarazona,0.44195,171.8154848047222,growing
2023-09-07,17.154647916666647,172.0853846153846,62.30007346153846,38.14302369166214,320.8225769230769,2.78716,3.33882435,0.6087648811108296,Tarazona,0.44195,141.78753787115383,growing
2023-09-08,16.61693958333333,159.0546966666667,103.3872291666667,33.64781348090992,362.4601404166667,2.75288,2.82327195,0.48372485955413325,Tarazona,0.44195,160.18925905714585,growing
2023-09-09,16.2460375,139.9466195833333,81.67249583333333,26.7039205836823,315.3017666666667,3.29001,2.16831625,0.48491914088330573,Tarazona,0.4601,145.07034284333335,growing
2023-09-10,16.07857872340425,192.9938181818182,63.49168181818182,25.99099570580096,327.3402136363636,3.00098,3.13675785,0.6404324507863436,Tarazona,0.4601,150.6092322940909,growing
2023-09-11,16.31451041666666,189.9116,61.69713,27.19922269151513,309.41135,2.2200100000000003,3.37227765,0.6729391887273802,Tarazona,0.4601,142.36016213500002,growing
2023-09-12,16.34403571428571,48.25275,-34.0133,,-41.9835,1.49174,0.07103435,,Tarazona,0.4601,0.0,growing
2023-09-13,16.17555151515151,179.0878473684211,65.06910894736842,53.78116385730839,329.6995105263158,2.2190700000000003,2.51076695,0.6490610339270244,Tarazona,0.4601,151.6947447931579,growing
2023-09-15,28.90297222222223,88.0740575,-24.92458,,36.74558,1.68471,0.25827923,,Tarazona,0.4601,16.906641357999998,growing
2023-09-16,28.142004999999997,120.6189166666667,37.02941083333333,38.73349699284433,219.8408641666667,1.3211700000000002,1.0654169,0.6660077861487526,Tarazona,0.4601,101.14878160308335,growing
2023-09-17,26.05946428571429,170.7670726086957,54.69082652173913,32.14058037189425,287.1349418695652,1.70428,2.9757599,0.6696896025689394,Tarazona,0.4601,132.11078675418693,growing
2023-09-18,22.78444545454545,251.5157166666667,38.61153083333333,5.000082645374012,310.4851916666667,1.85968,2.2202843,0.8233321665742329,Tarazona,0.4601,142.85423668583334,growing
2024-04-30,15.54576249999999,193.250856,92.6757208,36.89043580919097,321.367852,1.74796,3.48548835,0.6793187965064328,Tarazona,0.43224999999999997,138.911254027,growing
2024-05-01,15.487706249999999,140.7835769230769,137.2878030769231,18.31335045382893,310.71705,2.98868,2.664755,0.4814698895451114,Tarazona,0.43224999999999997,134.30744486249998,growing
2024-05-02,15.345760416666671,137.7880518518519,175.1366814814815,26.4128559609068,377.0421974074074,1.4082,2.71218369,0.39297353519649963,Tarazona,0.43224999999999997,162.97648982935183,growing
2024-05-03,15.437358333333329,144.5903633333333,155.97761,34.31966336055554,401.64621,3.55902,2.855658125,0.3936289512863833,Tarazona,0.3621,145.436092641,non_growing
2024-05-04,15.670622916666671,167.0840961538462,121.6762153846154,49.83243727783594,415.1324461538462,4.29716,3.1927582,0.45738869995636294,Tarazona,0.3621,150.3194587523077,non_growing
2024-05-05,15.82916458333333,151.6248961538462,63.56931269230769,39.13784210294443,330.0637538461538,4.229640000000001,2.89671785,0.5211804450326186,Tarazona,0.3621,119.51608526769229,non_growing
2024-05-06,15.820899999999998,160.4861923076923,85.789075,41.91914548620524,302.0050973076923,2.3583000000000003,2.8799533,0.6170505987876032,Tarazona,0.3621,109.35604573511539,non_growing
2024-05-07,15.737495833333329,168.1574666666667,117.255062962963,40.95207577379549,409.6866037037037,0.716964,3.3358639,0.45603938315923404,Tarazona,0.3621,148.3475192011111,non_growing
2024-05-10,15.68333191489362,225.2935789473684,77.9198847368421,51.07243410165442,449.9473,0.045146,2.8860672,0.5648227005729288,Tarazona,0.3621,162.92591732999998,non_growing
2024-05-11,15.695833333333331,177.4737571428572,33.41314642857143,45.39295983566675,299.7841928571428,0.668356,3.5654621,0.6976410115826384,Tarazona,0.3621,108.5518562335714,non_growing
2024-05-12,15.7457625,213.4623692307692,56.98364807692307,51.6525533585372,418.0833846153846,2.99925,4.093303,0.5825447834141011,Tarazona,0.3621,151.38799356923076,non_growing
2024-05-13,15.79583333333332,193.6869475,30.69261035714286,33.93559847256416,339.0123321428571,4.14229,3.99762165,0.6348794454752628,Tarazona,0.3621,122.75636546892854,non_growing
2024-05-14,15.725206250000001,220.5269076923077,139.8752867857143,24.28275588278193,394.2306156071429,3.68846,4.17850015,0.596102672026855,Tarazona,0.434,171.09608717350002,growing
2024-05-15,15.40846875,155.684562962963,169.4047918518519,35.26147468247845,410.0279407407407,4.33915,3.0762451,0.4154175388220563,Tarazona,0.434,177.95212628148147,growing
2024-05-16,15.046108333333342,88.21672111111111,126.6474588888889,14.8446931006419,246.5137444444445,4.45336,0.57812232,0.38078768225366155,Tarazona,0.434,106.98696508888892,growing
2024-05-19,15.29965416666666,196.53313125,91.56195,24.417159614254,373.134625,0.614401,2.15612895,0.5635884369387636,Tarazona,0.5059,188.7688067875,growing
2024-05-20,15.331318749999989,143.45106,111.5751642857143,18.15944613653355,344.3054035714286,3.30051,2.893630135,0.43983700159348316,Tarazona,0.5059,174.18410366678575,growing
2024-05-21,15.24489148936169,132.9803884615385,98.9381296153846,16.78620426200969,321.1717884615385,3.85338,2.5360005,0.4368813615508416,Tarazona,0.5059,162.48080778269232,growing
2024-05-22,15.249929166666659,178.1421257142857,121.6312863214286,28.9910609784358,400.9139285714286,4.04729,3.6625212,0.4789759953916907,Tarazona,0.5059,202.82235646428572,growing
2024-05-23,15.36242708333334,187.9093642857143,64.67126964285714,45.20286298776057,369.3542142857143,3.75895,3.87443415,0.5796963780446857,Tarazona,0.5059,186.85629700714287,growing
2024-05-24,15.462427083333319,196.2374418518519,89.47648214285714,40.00661327646217,414.0053071428571,4.39139,3.90666725,0.5247008748163026,Tarazona,0.5059,209.4452848835714,growing
2024-05-25,15.529095833333331,230.5602123928571,63.40482814285714,36.70583066190741,409.6536214285714,2.53398,4.7728685,0.6182104254295151,Tarazona,0.5059,207.24376708071426,growing
2024-05-26,15.654093749999989,241.46109,32.96759571428571,36.41478539824082,404.5496285714286,2.58256,5.01584553,0.6559039288938088,Tarazona,0.5059,204.66165709428574,growing
2024-05-27,15.55231739130434,159.924115,94.02013083333333,50.17218817338282,323.92975,1.45136,1.41948903,0.5841815434537185,Tarazona,0.5059,163.876060525,growing
2024-05-29,16.05772727272727,317.9147533333334,-7.81872,30.03073308652969,406.4423133333333,1.0234,3.541014,0.8445934450924296,Tarazona,0.5059,205.61916631533333,growing
2024-05-30,15.933331249999998,294.2692642857143,-0.5066085714285716,43.53809652963551,420.9483071428571,2.91099,6.10796395,0.7797066852207876,Tarazona,0.49145,206.87504554535712,growing
2024-05-31,15.88347083333333,225.164537037037,85.55654777777778,40.73902018639296,429.1657407407407,3.92533,4.3704601,0.5796834386565651,Tarazona,0.49145,210.91350328703703,growing
2024-06-01,15.74589999999999,175.9708596428571,90.34086107142858,35.21537073149192,359.0255464285714,5.37357,3.7051522,0.5434383254449537,Tarazona,0.49145,176.4431047923214,growing
2024-06-02,15.658331249999998,202.3852260714286,102.258525,30.95856640837332,427.7027964285714,6.30815,4.173516605,0.5101151088224403,Tarazona,0.49145,210.1945393048214,growing
2024-06-03,15.64977708333333,217.5188545454545,99.8021295652174,34.35687877811117,448.7819769565218,4.8628,3.52090005,0.5248689220357313,Tarazona,0.49145,220.55390257528265,growing
2024-06-06,16.03389787234041,228.7388888888889,-50.32341555555556,14.32811549211128,211.2381444444445,0.173565,1.52823975,1.1616416396153222,Tarazona,0.477,100.76059490000002,growing
2024-06-07,16.033402083333332,275.2293,-3.058378571428571,45.9696546308253,362.6257179642857,5.5298,5.6906095,0.8691742615083445,Tarazona,0.477,172.97246746896425,growing
2024-06-08,16.35097291666666,213.7625047619048,55.47967143478261,46.36095521418352,353.1615913043478,4.74727,3.30586045,0.6967472671702124,Tarazona,0.477,168.45807905217387,growing
2024-06-09,25.141527083333333,216.0520535714286,62.5113425,22.79259970134978,320.7346692857143,4.86698,4.4426646,0.72514785801423,Tarazona,0.477,152.99043724928572,growing
2024-06-10,22.476589583333332,185.956064,33.08055857142857,20.85692855303683,255.5692453571428,5.11457,3.3880247,0.7922722869085793,Tarazona,0.477,121.90653003535711,growing
2024-06-11,20.580902083333342,238.205748,46.50419571428571,27.37149402148145,313.7878476071429,4.983899999999999,4.38302405,0.8316764912962883,Tarazona,0.477,149.67680330860716,growing
2024-06-12,23.18680416666666,145.8052730434783,65.591576,6.517563488363459,251.4718418518518,4.78769,2.466889495,0.5952346454921578,Tarazona,0.477,119.9520685633333,growing
2024-06-13,23.50194166666666,250.8399321428572,58.01992428571429,35.38414895708195,447.7282621428571,4.02969,5.1794608,0.608326696372273,Tarazona,0.477,213.56638104214284,growing
2024-06-14,19.201518749999998,256.726625,34.694355,42.78639179755548,440.4333107142857,4.93687,5.3357449,0.6456145207898875,Tarazona,0.477,210.08668921071427,growing
2024-06-15,17.81701041666666,295.1088928571428,39.43025714285714,35.28419785301329,439.9659153571429,3.03186,6.10468505,0.7292370277491751,Tarazona,0.45025,198.09465338955357,growing
2024-06-16,17.60006666666666,258.7077214285714,51.81964428571428,47.02670418223939,431.9788582142857,4.12096,5.3659638,0.6720516269848814,Tarazona,0.45025,194.49848091098212,growing
2024-06-17,17.54173333333333,230.409625,50.17252285714286,38.41345770096303,430.3641285714286,6.019,4.8477381,0.5878536308875136,Tarazona,0.45025,193.77144888928572,growing
2024-06-18,17.33353541666667,257.0142785714286,61.54344678571429,29.24527898629604,436.9785953571429,5.243270000000001,5.32263875,0.6303489762844536,Tarazona,0.45025,196.74961255955358,growing
2024-06-19,17.0251375,221.3218535714286,102.5254082142857,35.12645423415652,405.0541428571429,4.8674,4.5639595,0.5982840981578696,Tarazona,0.45025,182.3756278214286,growing
2024-06-20,16.808539583333328,221.405575,101.0856222857143,32.45982321855571,376.2574892857143,5.65176,4.55294165,0.6439996452935486,Tarazona,0.4235,159.3450467125,growing
2024-06-21,16.666664583333322,240.7211135714286,84.13070142857143,35.43879240955549,441.7836071428571,6.73715,4.969564315,0.5924060178531436,Tarazona,0.4235,187.09535762499996,growing
2024-06-22,16.66666249999999,246.8474192857143,37.42133428571429,36.69494145329638,421.7560842857143,6.20364,5.1107374,0.6410603195896724,Tarazona,0.4235,178.613701695,growing
2024-06-23,16.65423541666666,253.6587464285714,50.18254482758621,37.05926862085198,425.2084355172414,6.350149999999999,5.25198705,0.6535084139347948,Tarazona,0.4235,180.07577244155172,growing
2024-06-24,16.641597916666658,234.3787392857143,50.87149067857143,34.46207052298674,414.1788535714286,5.74354,4.8500425,0.6172461943980331,Tarazona,0.4235,175.4047444875,growing
2024-07-01,16.4796347826087,322.140052,35.86819571428571,32.86638313550873,441.4783761904762,4.25472,4.7578517,0.7883763998005437,Tarazona,0.45855,202.43990940214286,growing
2024-07-02,16.08326249999999,273.7707931034483,50.87420713793104,28.37558200682678,424.716,5.45938,5.87134615,0.6907465922593942,Tarazona,0.45855,194.75352180000002,growing
2024-07-03,16.17083125,268.5791253571429,51.04905357142857,33.32722870551849,430.9512607142857,5.43853,5.5726349,0.6754599916919032,Tarazona,0.45855,197.6127006005357,growing
2024-07-04,16.1707625,219.073225,54.20996142857143,46.2794280182223,428.6453560714286,5.60337,4.5669519,0.5729412819688158,Tarazona,0.45855,196.55532802655358,growing
2024-07-05,16.19173958333333,206.2260571428571,95.30123607142858,34.66619622648165,409.6446057142857,5.6119200000000005,4.28324135,0.5499678166125574,Tarazona,0.45855,187.8425339502857,growing
2024-07-06,16.095833333333328,252.9175413793103,58.90085793103448,22.33845167285325,408.5274931034483,4.84003,5.4312661,0.6549060544090142,Tarazona,0.4936,201.64917059586207,growing
2024-07-07,16.279027083333332,195.2015506206897,62.13751393103448,27.58637241088075,379.2867,5.93051,4.016455286,0.5550223736178537,Tarazona,0.4936,187.21591512,growing
2024-07-08,16.40409791666666,244.9654107142857,51.20345928571429,39.58204441338482,412.7293346428572,6.17549,5.0808414,0.6564844958773267,Tarazona,0.4936,203.72319957971433,growing
2024-07-09,16.31673333333333,227.1106637931034,37.2438524137931,40.9071138424364,381.8379265517241,5.24123,4.8930961,0.6661488352675271,Tarazona,0.4936,188.475200545931,growing
2024-07-10,16.27909374999999,322.652825,9.386468571428573,31.44870720975928,434.2094607142857,4.67979,6.49161265,0.8011029431058354,Tarazona,0.4936,214.32578980857141,growing
2024-07-11,16.38117916666666,335.0385414285714,-13.23114453571429,35.68725020220357,434.1464285714285,5.46495,6.97414961,0.8408352966037441,Tarazona,0.4936,214.2946771428571,growing
2024-07-12,16.31263541666666,291.9810392857143,39.79982635714286,24.32377281453692,424.4913071428571,3.71552,6.06289045,0.7296469959158567,Tarazona,0.4936,209.52890920571426,growing
2024-07-13,16.16256666666666,257.329337037037,47.57307857142857,37.33255469054667,410.5211214285714,2.23879,5.1528237,0.6895423921646562,Tarazona,0.4936,202.63322553714283,growing
2024-07-14,16.2041625,333.2621132142857,-9.823251857142855,27.95404780207983,422.5873117857143,4.6962600000000005,6.917505565,0.8444856114007313,Tarazona,0.4936,208.58909709742858,growing
2024-07-15,16.147845833333328,325.293605,17.52961210714286,26.74431010938888,424.6215167857143,4.4852,6.744844205,0.817572858011511,Tarazona,0.4936,209.59318068542856,growing
2024-07-16,16.19166458333334,258.1359814814815,47.19086832142857,31.81944808874083,424.2425714285714,4.4192,4.9302251,0.6578001298306291,Tarazona,0.4936,209.40613325714284,growing
2024-07-17,16.20833125,273.1116785214286,35.15260353571428,35.82320860068361,415.5105357142857,4.57505,5.6676722505,0.7193068059385448,Tarazona,0.45565,189.32737559821427,growing
2024-07-23,16.13398695652174,243.6926791666667,75.15993666666667,55.43015774034696,463.2015,0.5542050000000001,4.35485675,0.5976209064036987,Tarazona,0.4177,193.47926655,growing
2024-07-24,16.09159375,333.5684796428571,-28.33655053571428,36.22961048513772,404.5735571428572,3.91515,6.955431,0.9055896877621903,Tarazona,0.4177,168.99037481857147,growing
2024-07-25,16.150000000000002,287.1980428571429,-15.3987025,35.15687540620419,398.2220832142857,4.65854,5.9826639,0.7910370828177995,Tarazona,0.4177,166.33736415860716,growing
2024-07-26,16.07492708333332,209.5325703703704,73.06555555555556,41.84227445592861,415.7566050740741,2.57243,4.308075765,0.5603758754685239,Tarazona,0.4177,173.66153393944077,growing
2024-07-27,15.995902083333318,273.2023851851852,8.956751851851852,38.52692661159099,411.9873692592593,1.28894,5.28080155,0.7315430337100816,Tarazona,0.4177,172.08712413959262,growing
2024-07-28,16.01249791666666,321.3665740740741,9.362498555555556,34.76652011109311,415.6083111111111,1.43509,6.4286434,0.8438322202776819,Tarazona,0.4177,173.5995915511111,growing
2024-07-29,16.12493125,285.3298538461539,-48.98301438461539,51.07171823717955,330.3879846153846,1.10065,5.50601515,1.0215296715294275,Tarazona,0.4177,138.00306117384616,growing
2024-07-30,16.18749791666666,296.9772307692307,2.464257307692308,45.98479667801841,384.0077615384615,2.03916,5.737861,0.8785711671745183,Tarazona,0.4177,160.40004199461538,growing
2024-07-31,16.14166458333333,353.3001148148148,-47.25306114814815,40.91984431444454,415.4522814814815,0.549476,7.099463800000001,0.9433097904341118,Tarazona,0.4177,173.53441797481483,growing
2024-08-01,16.13332916666666,326.8921333333333,-22.84685777777778,37.59075929250258,407.3992714814815,0.807654,6.57469195,0.8839497268421053,Tarazona,0.4177,170.17067569781483,growing
2024-08-02,15.96680208333333,260.374197037037,45.99201666666666,36.63160993205526,398.9343962962963,1.40425,5.22090165,0.7186646275893386,Tarazona,0.38075000000000003,151.89427138981483,non_growing
2024-08-03,15.94159583333333,245.643562962963,28.9958562962963,39.67803667189314,403.7504062962963,1.1688,4.92940295,0.6747108087778872,Tarazona,0.38075000000000003,153.72796719731483,non_growing
2024-08-04,16.09569166666666,273.4574629629629,5.806864,45.17882067609252,404.2521581481482,3.01387,5.48611495,0.7615643781522605,Tarazona,0.38075000000000003,153.91900921490745,non_growing
2024-08-05,16.17485625,296.4263037037037,-36.78481222222222,38.80504523608906,381.0688296296296,2.39889,5.94920655,0.8660755745132178,Tarazona,0.38075000000000003,145.09195688148148,non_growing
2024-08-06,16.166731249999998,286.8307777777778,-7.922328148148148,38.02540185514825,392.3433444444445,2.23684,5.77521535,0.809529361346102,Tarazona,0.38075000000000003,149.38472839722226,non_growing
2024-08-07,16.10423541666666,243.7585185185185,6.658107037037038,30.65747746538929,378.7706925925926,2.62142,4.88940125,0.7002277073263284,Tarazona,0.3438,130.22136411333332,non_growing
2024-08-08,16.037495833333328,237.7190962962963,38.40381925925926,37.80576772444448,381.3263222222222,2.78842,4.7704251,0.6920083621890932,Tarazona,0.3438,131.09998958,non_growing
2024-08-09,16.03312291666666,282.5016259259259,-2.861698518518519,35.24600770546277,385.8088,2.73699,5.6738397,0.8058517108357939,Tarazona,0.3438,132.64106544,non_growing
2024-08-12,16.129025,312.6228788888889,-14.65490333333333,24.89103673101474,392.420737037037,1.40633,6.27183184,0.8506057568370248,Tarazona,0.3438,134.9142493933333,non_growing
2024-08-13,16.11055416666666,302.4783759259259,-4.208959185185186,19.51246674240745,361.6284714814815,2.79499,6.0536501,0.8841397997635946,Tarazona,0.3438,124.32786849533333,non_growing
2024-08-14,21.77062708333332,210.809164,32.162085,35.57423386276798,312.8191461538461,1.83488,3.8854863,0.7603716232623684,Tarazona,0.3438,107.54722244769228,non_growing
2024-08-15,26.19660212765958,243.54016,61.51732396,22.86127016785844,406.29262548,1.46893,4.49924625,0.6351597401358587,Tarazona,0.3438,139.683404640024,non_growing
2024-08-16,22.285831249999998,256.9722,39.60774615384615,31.02058417288918,415.1021,1.21007,4.94544965,0.6690564096702654,Tarazona,0.3438,142.71210198,non_growing
2024-08-17,19.37221666666666,280.7978038461538,-4.202078461538462,28.76522475611602,400.9688692307692,1.08031,5.41493235,0.7544198129561194,Tarazona,0.3438,137.85309724153845,non_growing
2024-08-18,18.12103749999999,295.1518330769231,-13.98590715384615,31.70315955619309,404.5472834615385,1.08337,5.6939459,0.7916225954840416,Tarazona,0.40090000000000003,162.1830059397308,non_growing
2024-08-19,18.0595,361.1440941176471,-24.33664058823529,43.90529663514894,448.3543547058824,2.35092,4.5604715,0.8929285083277094,Tarazona,0.40090000000000003,179.74526080158824,non_growing
2024-08-20,17.75430416666666,236.9951584615385,26.83680130769231,43.83236134616668,394.7589192307692,1.83474,4.57598513,0.6753411878831672,Tarazona,0.40090000000000003,158.2588507196154,non_growing
2024-08-21,17.48595357142857,225.4888,49.47131,36.97504610666675,387.9393183333333,1.4539000000000002,3.00654405,0.6424836310813155,Tarazona,0.40090000000000003,155.52487271983333,non_growing
2024-08-22,17.1709,244.24042,29.883912,45.58432955930418,397.380184,1.1201199999999998,4.6209879,0.6942674761995326,Tarazona,0.40090000000000003,159.3097157656,non_growing
2024-08-25,16.60787878787878,197.2556647058823,60.74165705882353,32.52094447113881,368.7298451176471,1.17938,2.48044995,0.5867056592689017,Tarazona,0.458,168.87826906388236,growing
2024-08-26,16.27486041666667,164.637408,86.569318544,52.61361355996468,353.035656,1.80253,3.00096515,0.5480204004433591,Tarazona,0.458,161.69033044800003,growing
2024-08-27,16.46045227272728,190.5158754545455,26.79192454545455,28.44339823746633,258.3934909090909,0.4543109999999999,1.5601231,0.8285096702553094,Tarazona,0.458,118.34421883636362,growing
2024-08-28,16.11664999999999,151.4133548,98.92944,46.86327183335177,358.659668,3.46898,2.8086421,0.4856161157137715,Tarazona,0.458,164.266127944,growing
2024-08-29,15.912706249999989,121.76302,82.784338528,24.38230990842504,296.4304424,4.02717,2.1453417,0.4475789592261615,Tarazona,0.458,135.76514261920002,growing
2024-08-30,15.754233333333332,143.5270375,138.4509645833333,45.60629081538882,350.6873375,3.12895,2.5472017,0.4704554381851731,Tarazona,0.458,160.614800575,growing
2024-08-31,15.75402916666665,137.87326,92.61478964,40.84430524814218,317.43877468,1.70009,2.5486846,0.49846716126754165,Tarazona,0.458,145.38695880344,growing
2024-09-01,16.33298958333333,177.1800166666667,78.98898,31.62697741356501,340.1675828,2.34621,3.1488361,0.5742518604472032,Tarazona,0.458,155.7967529224,growing
2024-09-02,16.450068749999993,121.620124,76.5383696,36.45421752783847,294.784124,1.73425,2.34056155,0.4707938219809102,Tarazona,0.458,135.01112879200002,growing
2024-09-03,16.32090416666666,143.5744541666667,119.0598702916667,47.55590185529289,374.6236791666666,2.00601,2.5502724,0.43897462277362026,Tarazona,0.4354,163.11114990916664,growing
2024-09-04,16.13770625,133.0729591666667,100.6127433333333,29.61394668025122,334.6363316666666,2.44877,2.3576128,0.4362727646123195,Tarazona,0.4354,145.70065880766663,growing
2024-09-05,15.829304166666661,89.76817916666667,99.28872708333331,40.62766779974077,293.92312625,2.33371,1.5894923,0.3544010607844943,Tarazona,0.4354,127.97412916925,growing
2024-09-06,15.862429166666669,195.665025,84.0660625,48.82138721831481,365.1141541666667,1.2923099999999998,3.4731508,0.6186199794823338,Tarazona,0.4354,158.9707027241667,growing
2024-09-07,15.862495833333329,177.7688291666667,91.17607416666668,44.73502936587444,366.2056679166667,1.18227,3.1475515,0.552986207288039,Tarazona,0.4354,159.4459478109167,growing
2024-09-08,15.864327083333329,182.2286,86.41092316666666,37.95773147509269,327.0503654166666,1.26619,3.22483845,0.6303467422031539,Tarazona,0.4128,135.00639084399995,non_growing
2024-09-09,15.77499583333333,181.1101666666667,80.1087375,34.84303295980948,356.7299291666667,1.47799,3.21041,0.5626515673700434,Tarazona,0.4128,147.25811476,non_growing
2024-09-10,15.708327083333328,165.9138508333333,70.12940833333333,38.67562786209511,349.8586375,0.5594410000000001,2.94619505,0.5331713033638694,Tarazona,0.4128,144.42164556,non_growing
2024-09-11,15.733402083333331,136.5331956521739,100.0037086956522,26.66697786260008,337.0787130434783,0.991535,2.1670931,0.4398454703157903,Tarazona,0.4128,139.14609274434784,non_growing
2024-09-12,15.61673124999999,152.2663625,107.6543225,22.83898204962972,335.1045554166666,0.7865850000000001,2.69708065,0.4876181541825816,Tarazona,0.4128,138.33116047599998,non_growing
2024-09-13,15.41701875,107.4436375,136.5004666666667,33.06345235580696,327.9811654166667,0.8727619999999999,1.92350505,0.36431734257286785,Tarazona,0.4128,135.39062508400002,non_growing
2024-09-17,15.36861249999999,112.0664791666667,99.3481825,29.28334816897365,321.772875,2.53787,1.98059375,0.38314698095637606,Tarazona,0.4128,132.8278428,non_growing
2024-09-18,15.3375,71.90004304347826,97.07331608695652,25.6028989417777,227.0830713043478,1.2229100000000002,1.21464025,0.3568591499618722,Tarazona,0.4128,93.73989183443477,non_growing
2024-09-19,15.11284374999999,58.44534555555555,2.361268478260869,-10.21152413045407,59.16622739130435,1.46748,0.421306865,0.8424220196474048,Tarazona,0.38865,22.994954275630437,non_growing
2024-09-20,15.108127083333331,102.767052173913,54.90837434782608,30.8784689342608,212.4880143478261,1.3781199999999998,1.73589085,0.5658681207526267,Tarazona,0.38865,82.5834667762826,non_growing
2024-09-21,15.35396041666666,130.0012173913044,40.13699534782609,28.82873136730428,242.5512317391304,2.15321,2.235560525,0.6082710859415051,Tarazona,0.38865,94.26753621541303,non_growing
2024-09-22,15.4001375,153.373357826087,76.97679086956522,18.73438979144993,299.9758,1.83474,2.5932748,0.5453441501105951,Tarazona,0.38865,116.58559466999999,non_growing
2024-09-23,15.285485416666662,137.43287,75.9082504347826,13.41960636122744,285.3691,1.91715,2.323880015,0.5053617425835348,Tarazona,0.38865,110.908700715,non_growing
2024-09-24,15.033470833333329,117.8127717391304,39.37187130434783,27.75858306284051,197.0051098695652,1.7457,1.9890632,0.6961015623893402,Tarazona,0.3645,71.80836254745651,non_growing
2024-09-27,14.989202173913041,181.5897466666667,148.8767566666667,-6.206091093682844,373.431822,1.79265,1.9983405,0.4783235298784713,Tarazona,0.3645,136.115899119,non_growing
2024-09-28,14.812568749999992,119.2554108695652,116.4836828,3.710161852755094,315.1603565217391,3.17349,2.014910125,0.3829036324614034,Tarazona,0.3645,114.87594995217391,non_growing
2024-09-29,14.95812708333332,111.4482131778261,110.6060056956522,23.00226070577808,313.8444043478261,3.46898,1.76883525,0.38319141711109866,Tarazona,0.3645,114.39628538478262,non_growing
2024-09-30,15.15402916666666,119.4012517391304,68.42150608695653,25.05298190413349,310.8270173913044,3.81326,1.9326227,0.4178170054378177,Tarazona,0.3645,113.29644783913047,non_growing
2024-10-01,15.32493124999999,137.4708517391304,37.75794,29.04520427195792,271.089952173913,3.12895,2.16520705,0.567956350760462,Tarazona,0.3645,98.81228756739128,non_growing
2024-10-02,15.420620833333329,119.9960090909091,55.06592636363636,42.07147847883602,257.4146986363637,1.92186,1.9435986,0.5572314234138865,Tarazona,0.3645,93.82765765295457,non_growing
2024-10-03,15.40444166666666,167.9187086956522,91.1158608695652,18.90231240452178,306.6480739130435,2.34621,2.8385604,0.5835662281012582,Tarazona,0.3645,111.77322294130435,non_growing
2024-10-04,15.11673541666666,111.2406782608696,81.60798391304348,19.53430949593628,273.0611839130435,1.9947,1.87973565,0.4387727278089435,Tarazona,0.3645,99.53080153630437,non_growing
2024-10-05,15.12902916666666,102.9228517391304,105.7358104347826,29.12367041310047,289.3575347826087,2.25647,1.742518985,0.3955013771497063,Tarazona,0.36875,106.70059095108697,non_growing
2024-10-06,15.241666666666658,125.1512736363636,74.66864727272727,35.95752004010574,261.1250031818182,2.59451,2.0298361,0.5558141517156712,Tarazona,0.36875,96.28984492329548,non_growing
2024-10-07,15.07089166666665,87.22659166666666,5.295658333333334,38.42550001107409,149.8480083333333,2.5884,0.7713506,0.7828453422928475,Tarazona,0.36875,55.256453072916656,non_growing
2024-10-09,14.831391666666672,66.39732504545455,50.105055,27.23967612137564,139.1870136363636,1.14947,1.07090252,0.5931121411133607,Tarazona,0.36875,51.32521127840908,non_growing
2024-10-10,14.693859090909081,117.4847705882353,102.7572747058824,22.52024701520031,232.8107823529412,1.37734,1.46086925,0.5586783561112095,Tarazona,0.373,86.83842181764707,non_growing
2024-10-11,14.47076458333333,78.93324285714286,93.4829638095238,48.88187844645499,257.6766619047619,1.92596,1.2155821,0.3780422170983243,Tarazona,0.373,96.11339489047619,non_growing
2024-10-12,14.62083333333333,42.7011675,0.6715125714285712,18.15050285974597,106.01867,1.63945,0.63136064,0.4859685696168095,Tarazona,0.373,39.54496391,non_growing
2024-10-13,14.837158333333331,118.9751527142857,59.02712380952381,44.61127168048868,269.0435252380952,1.79157,1.8379167,0.5301161077712369,Tarazona,0.373,100.3532349138095,non_growing
2024-10-14,15.34965624999999,86.2810655,62.502183,39.14880194084429,213.719605,1.2915,1.2697566,0.4942468270067044,Tarazona,0.373,79.717412665,non_growing
2024-10-15,15.557807894736838,99.9133,41.88790985,20.53475387913334,170.7637235,1.15166,1.2467943,0.6650734558863816,Tarazona,0.373,63.6948688655,non_growing
