date,site,sm_surface_mean,sm_rootzone_mean,n_obs_surface,n_obs_rootzone
2018-01-01,Oran,0.12043679743150214,0.16620252189821882,8,8
2018-01-01,TzM,0.16976685890633805,0.22283113257665377,8,8
2018-01-02,Oran,0.11856451326462086,0.16603473032229257,8,8
2018-01-02,TzM,0.17168896978622986,0.22271135204324594,8,8
2018-01-03,Oran,0.10094651768258844,0.16486895125298223,8,8
2018-01-03,TzM,0.15692562892677653,0.2215673304898174,8,8
2018-01-04,Oran,0.09187890606336904,0.1641556806679143,8,8
2018-01-04,TzM,0.1569961101600998,0.22122875846138124,8,8
2018-01-05,Oran,0.08981850933527843,0.16382903800513898,8,8
2018-01-05,TzM,0.15658968668982481,0.2209454501341832,8,8
2018-01-06,Oran,0.146291545796834,0.16809068876089617,8,8
2018-01-06,TzM,0.2096686160136749,0.22627916000783438,8,8
2018-01-07,Oran,0.19742414539099715,0.17836711745648107,8,8
2018-01-07,TzM,0.24433809880927002,0.23734497406372895,8,8
2018-01-08,Oran,0.17929769474707663,0.17874210405423013,8,8
2018-01-08,TzM,0.22904634495314793,0.2357959952205419,8,8
2018-01-09,Oran,0.16541253532908978,0.17761181738899376,8,8
2018-01-09,TzM,0.21755809032995443,0.2338696636847759,8,8
2018-01-10,Oran,0.16349434274874747,0.17683584354207163,8,8
2018-01-10,TzM,0.22776037552639053,0.23385123967340116,8,8
2018-01-11,Oran,0.15848485444534996,0.175934554013561,8,8
2018-01-11,TzM,0.2198663376467792,0.23325265493047861,8,8
2018-01-12,Oran,0.1517202641814947,0.17505928894169015,8,8
2018-01-12,TzM,0.20440172531494963,0.23183608555087912,8,8
2018-01-13,Oran,0.1408440321683883,0.17390916001845574,8,8
2018-01-13,TzM,0.19932494743874196,0.23082280453098444,8,8
2018-01-14,Oran,0.15913950465619559,0.17457776958214455,8,8
2018-01-14,TzM,0.2052442871622349,0.23087579453069912,8,8
2018-01-15,Oran,0.16857112382279063,0.17542139084734876,8,8
2018-01-15,TzM,0.1993493673048521,0.23051688300543705,8,8
2018-01-16,Oran,0.1521757745657299,0.17437309426728814,8,8
2018-01-16,TzM,0.19144884996900427,0.2296783246688152,8,8
2018-01-17,Oran,0.14353298615725313,0.17353310992971793,8,8
2018-01-17,TzM,0.18515424783292567,0.2288790584394806,8,8
2018-01-18,Oran,0.14001112955271217,0.17297972583624177,8,8
2018-01-18,TzM,0.18925291946844047,0.22881638043020897,8,8
2018-01-19,Oran,0.13049735602174622,0.17216007970884195,8,8
2018-01-19,TzM,0.18612629302630293,0.22848703398516299,8,8
2018-01-20,Oran,0.11823275359500135,0.17084429686675306,8,8
2018-01-20,TzM,0.18005943710082453,0.22765385124244183,8,8
2018-01-21,Oran,0.10983659596044992,0.16994158867441236,8,8
2018-01-21,TzM,0.16925216819110667,0.2264608697671639,8,8
2018-01-22,Oran,0.11090606126140373,0.16948785008709935,8,8
2018-01-22,TzM,0.16096332984498551,0.22536918148398394,8,8
2018-01-23,Oran,0.11261815001852195,0.16920215634659663,8,8
2018-01-23,TzM,0.1631293409399835,0.2250812087992304,8,8
2018-01-24,Oran,0.10588008143984876,0.16862557280625473,8,8
2018-01-24,TzM,0.15615609789720586,0.22454281592447503,8,8
2018-01-25,Oran,0.10817083643108115,0.1684748790242144,8,8
2018-01-25,TzM,0.16813303518881037,0.2249933917467531,8,8
2018-01-26,Oran,0.1414930127866444,0.17028981584628095,8,8
2018-01-26,TzM,0.21475702906517605,0.2285252875207286,8,8
2018-01-27,Oran,0.14980952518030266,0.17130199673234434,8,8
2018-01-27,TzM,0.19848275174827945,0.22846559278274833,8,8
2018-01-28,Oran,0.22049079683349757,0.1827837202881203,8,8
2018-01-28,TzM,0.21423641602067567,0.2299979807514893,8,8
2018-01-29,Oran,0.18993702695140094,0.18697133181525055,8,8
2018-01-29,TzM,0.2410535082024963,0.237550328350871,8,8
2018-01-30,Oran,0.17895978890115116,0.1871972345792856,8,8
2018-01-30,TzM,0.23326334221239542,0.24054397348510592,8,8
2018-01-31,Oran,0.17910463102772586,0.18885243048921957,8,8
2018-01-31,TzM,0.22358199620717448,0.23880980861079137,8,8
2018-02-01,Oran,0.20655797615525173,0.19017499041606167,8,8
2018-02-01,TzM,0.23661864735186097,0.2386200379175869,8,8
2018-02-02,Oran,0.21383410734353492,0.20190326881091122,8,8
2018-02-02,TzM,0.24552815194903427,0.24539349740983815,8,8
2018-02-03,Oran,0.17912158842091674,0.1968409726060316,8,8
2018-02-03,TzM,0.21767721981986568,0.24147253145316708,8,8
2018-02-04,Oran,0.20841783694922922,0.19677316057266758,8,8
2018-02-04,TzM,0.23840758795727432,0.24153073094049957,8,8
2018-02-05,Oran,0.22685952031465825,0.2009145637699326,8,8
2018-02-05,TzM,0.26029994371837295,0.2454427810398077,8,8
2018-02-06,Oran,0.208507514012153,0.2008195904801126,8,8
2018-02-06,TzM,0.2559008195040453,0.24765238212421534,8,8
2018-02-07,Oran,0.20073332808545377,0.1989542503703813,8,8
2018-02-07,TzM,0.2490481823793073,0.24770494125244252,8,8
2018-02-08,Oran,0.18666554782844957,0.1964277251089205,8,8
2018-02-08,TzM,0.23822363220939508,0.24656101578454434,8,8
2018-02-09,Oran,0.1725662750909563,0.19369918744950018,8,8
2018-02-09,TzM,0.22410780956086357,0.24476316195643064,8,8
2018-02-10,Oran,0.15906892655203578,0.19133153587701865,8,8
2018-02-10,TzM,0.21331086843029445,0.24323666602446642,8,8
2018-02-11,Oran,0.15583900585770605,0.18966317145062273,8,8
2018-02-11,TzM,0.20870035004458926,0.24206273859415786,8,8
2018-02-12,Oran,0.17220045388599883,0.18986444132494143,8,8
2018-02-12,TzM,0.2334077005629967,0.2434501542685259,8,8
2018-02-13,Oran,0.16371195375552916,0.18956113834483698,8,8
2018-02-13,TzM,0.22278769108417784,0.24328788274923627,8,8
2018-02-14,Oran,0.1528592216125766,0.18831323168438963,8,8
2018-02-14,TzM,0.2164528978694426,0.2422807127372116,8,8
2018-02-15,Oran,0.15606976265667888,0.18772985626195293,8,8
2018-02-15,TzM,0.20904167398418247,0.24107132008985466,8,8
2018-02-16,Oran,0.14758860399854962,0.18650588953226313,8,8
2018-02-16,TzM,0.1993389879598429,0.23983518300749554,8,8
2018-02-17,Oran,0.13291520164882548,0.18492037161085445,8,8
2018-02-17,TzM,0.17905196616132008,0.23761623421389802,8,8
2018-02-18,Oran,0.13266303869055915,0.18419508657983089,8,8
2018-02-18,TzM,0.17771278978570507,0.23672648989840553,8,8
2018-02-19,Oran,0.13229002593176772,0.18368674396369297,8,8
2018-02-19,TzM,0.18038993593501415,0.2364294420143491,8,8
2018-02-20,Oran,0.11675245790269038,0.18220848591356978,8,8
2018-02-20,TzM,0.180269304270807,0.23599348432923611,8,8
2018-02-21,Oran,0.1229024762379341,0.1821532936186575,8,8
2018-02-21,TzM,0.1831162871890946,0.23572465689166594,8,8
2018-02-22,Oran,0.11700842696257296,0.1816572067068248,8,8
2018-02-22,TzM,0.17682536799264575,0.2351857872777863,8,8
2018-02-23,Oran,0.09718177431858463,0.1803795565347202,8,8
2018-02-23,TzM,0.15483338465779328,0.2337834254691475,8,8
2018-02-24,Oran,0.08679430878980723,0.1794164898209884,8,8
2018-02-24,TzM,0.14931958686793217,0.2329976978270631,8,8
2018-02-25,Oran,0.0866740226531859,0.17902458522652015,8,8
2018-02-25,TzM,0.15314461655093745,0.23274958172911087,8,8
2018-02-26,Oran,0.07875580765673369,0.17817686273426303,8,8
2018-02-26,TzM,0.14552036430809248,0.23182595638852369,8,8
2018-02-27,Oran,0.1679529541614847,0.18370735646515593,8,8
2018-02-27,TzM,0.2283490577982248,0.23871760050717147,8,8
2018-02-28,Oran,0.20693812453966648,0.19258464616341667,8,8
2018-02-28,TzM,0.2639169608990318,0.25000956942523384,8,8
2018-03-01,Oran,0.19349401515648987,0.19600419075396214,8,8
2018-03-01,TzM,0.2662460835356461,0.25411351988900843,8,8
2018-03-02,Oran,0.2627809136556309,0.21429629981151366,8,8
2018-03-02,TzM,0.2867933070274854,0.2692211458863886,8,8
2018-03-03,Oran,0.24808527820545137,0.23526055687030806,8,8
2018-03-03,TzM,0.2924605874332452,0.284472557789597,8,8
2018-03-04,Oran,0.25427443563449575,0.24025558477542436,8,8
2018-03-04,TzM,0.30084974475597076,0.2856388421435105,8,8
2018-03-05,Oran,0.24870786159375652,0.239230739331392,8,8
2018-03-05,TzM,0.30478718661163984,0.28674471744728325,8,8
2018-03-06,Oran,0.23311879592718648,0.2378199139335116,8,8
2018-03-06,TzM,0.2822639066051985,0.28872464731409164,8,8
2018-03-07,Oran,0.21153883631722847,0.2302085761835829,8,8
2018-03-07,TzM,0.25918052420877896,0.2797027998542609,8,8
2018-03-08,Oran,0.23665682015726797,0.2283735216274613,8,8
2018-03-08,TzM,0.2817269318283682,0.2778002758951563,8,8
2018-03-09,Oran,0.21712247432499635,0.22553163079819716,8,8
2018-03-09,TzM,0.2792275232311926,0.2782130178958668,8,8
2018-03-10,Oran,0.221420624766682,0.22091811420243293,8,8
2018-03-10,TzM,0.29099264908214345,0.28172725125363,8,8
2018-03-11,Oran,0.22998876698681564,0.22095139245273632,8,8
2018-03-11,TzM,0.29523933404370356,0.29042211567100723,8,8
2018-03-12,Oran,0.22211672917130537,0.2219889485323038,8,8
2018-03-12,TzM,0.271901761003966,0.2858425951011381,8,8
2018-03-13,Oran,0.1991895703140829,0.21847297519323278,8,8
2018-03-13,TzM,0.2647131155367548,0.28099921623269386,8,8
2018-03-14,Oran,0.18590825588488186,0.21534580248179003,8,8
2018-03-14,TzM,0.2651316368351935,0.27775177441071713,8,8
2018-03-15,Oran,0.2034174189826504,0.21486860176578895,8,8
2018-03-15,TzM,0.2867705459265332,0.282125470669646,8,8
2018-03-16,Oran,0.19731459024011105,0.21336012631654738,8,8
2018-03-16,TzM,0.2763230706209709,0.28202968639762777,8,8
2018-03-17,Oran,0.19638502456125662,0.21228701877178713,8,8
2018-03-17,TzM,0.28212507225965194,0.28203304246141525,8,8
2018-03-18,Oran,0.2217986067115772,0.21638588823500224,8,8
2018-03-18,TzM,0.27672604356867897,0.2817717052775582,8,8
2018-03-19,Oran,0.21288000980972266,0.21582712055962594,8,8
2018-03-19,TzM,0.28955852802793836,0.2829016812488828,8,8
2018-03-20,Oran,0.20716220389013407,0.2160300425146935,8,8
2018-03-20,TzM,0.27665372812924416,0.2858147178347663,8,8
2018-03-21,Oran,0.18067526730601902,0.21359044006247013,8,8
2018-03-21,TzM,0.2509586082428301,0.2815879435266221,8,8
2018-03-22,Oran,0.16500445495619145,0.21153880735156963,8,8
2018-03-22,TzM,0.23636453951047237,0.27866052620505033,8,8
2018-03-23,Oran,0.15458472783936827,0.21004897719401802,8,8
2018-03-23,TzM,0.23769449057229058,0.27718702837898346,8,8
2018-03-24,Oran,0.20373756512388827,0.21386782189250966,8,8
2018-03-24,TzM,0.28042530098096713,0.28231238747187154,8,8
2018-03-25,Oran,0.19073167069525016,0.2133747915874739,8,8
2018-03-25,TzM,0.26151009321849983,0.2807589932099769,8,8
2018-03-26,Oran,0.1759554892717326,0.2117981656652982,8,8
2018-03-26,TzM,0.24354455865135316,0.27840017644982584,8,8
2018-03-27,Oran,0.15414752549201738,0.20963834580339363,8,8
2018-03-27,TzM,0.21729372961348603,0.27553078257723856,8,8
2018-03-28,Oran,0.14339471329919626,0.20789315044024925,8,8
2018-03-28,TzM,0.20849663215248204,0.2736668579929851,8,8
2018-03-29,Oran,0.1250749018592912,0.2057499137386435,8,8
2018-03-29,TzM,0.19026230020742663,0.2714747597990361,8,8
2018-03-30,Oran,0.12264087161690485,0.20481787367311652,8,8
2018-03-30,TzM,0.19280330709328772,0.2707113393913268,8,8
2018-03-31,Oran,0.13257456846596272,0.2049049781177376,8,8
2018-03-31,TzM,0.20793031812890578,0.2709134762530754,8,8
2018-04-01,Oran,0.11569425478333328,0.20316400558489264,8,8
2018-04-01,TzM,0.19699037937741526,0.26947788103777714,8,8
2018-04-02,Oran,0.1163850300441511,0.20230543899242992,8,8
2018-04-02,TzM,0.19700192179726925,0.268534217483217,8,8
2018-04-03,Oran,0.102905939641546,0.20085591764235103,8,8
2018-04-03,TzM,0.17214135814298823,0.266250344740815,8,8
2018-04-04,Oran,0.0848538755454489,0.199305530887891,8,8
2018-04-04,TzM,0.20219254366269232,0.2669682726570356,8,8
2018-04-05,Oran,0.08320181182600919,0.19849294926665842,8,8
2018-04-05,TzM,0.20629591553619028,0.26676724357898096,8,8
2018-04-06,Oran,0.0727152831211197,0.1971437794018964,8,8
2018-04-06,TzM,0.18427831457168056,0.2647523680015614,8,8
2018-04-07,Oran,0.14092639446197472,0.20133398596624857,8,8
2018-04-07,TzM,0.24256563683555116,0.26887656598793047,8,8
2018-04-08,Oran,0.19901909022668343,0.20874881723620847,8,8
2018-04-08,TzM,0.2667959043204686,0.27562890809617546,8,8
2018-04-09,Oran,0.1911862827104623,0.20977630229269867,8,8
2018-04-09,TzM,0.2676250826763479,0.27662740190709495,8,8
2018-04-10,Oran,0.20650947306488376,0.21153011046594283,8,8
2018-04-10,TzM,0.2951314878086314,0.2814528855531917,8,8
2018-04-11,Oran,0.22584378972161007,0.21886048334055258,8,8
2018-04-11,TzM,0.3126454178832079,0.295157703944776,8,8
2018-04-12,Oran,0.23207046850660784,0.22266344545317474,8,8
2018-04-12,TzM,0.305767299901498,0.3041570353272714,8,8
2018-04-13,Oran,0.21934949009999874,0.22145811222249365,8,8
2018-04-13,TzM,0.2897769139564939,0.2987100936864551,8,8
2018-04-14,Oran,0.1923984893460254,0.2182121423179986,8,8
2018-04-14,TzM,0.2575847180682774,0.2915248927709303,8,8
2018-04-15,Oran,0.17020551942777434,0.21493062009332609,8,8
2018-04-15,TzM,0.23574861711332276,0.28639232804753667,8,8
2018-04-16,Oran,0.18828322726805674,0.2146011071004828,8,8
2018-04-16,TzM,0.26649752837654783,0.2869824576314146,8,8
2018-04-17,Oran,0.16409194484719483,0.2118711880484565,8,8
2018-04-17,TzM,0.23951728678136863,0.283607268803998,8,8
2018-04-18,Oran,0.14358971184882957,0.20908095174026292,8,8
2018-04-18,TzM,0.2181960160010739,0.2800984376441001,8,8
2018-04-19,Oran,0.1222218340384911,0.20613129697129373,8,8
2018-04-19,TzM,0.19072340420557574,0.2767790136981363,8,8
2018-04-20,Oran,0.10054460424990924,0.20358224919707069,8,8
2018-04-20,TzM,0.16608392259436902,0.2737610269227604,8,8
2018-04-21,Oran,0.10160529244019358,0.20260160759579937,8,8
2018-04-21,TzM,0.17508054181541263,0.2727997783375414,8,8
2018-04-22,Oran,0.10159840499524206,0.2013594686191101,8,8
2018-04-22,TzM,0.1892640185787489,0.27192679469743253,8,8
2018-04-23,Oran,0.15837330085332274,0.20358533746272814,8,8
2018-04-23,TzM,0.2453037968922504,0.2749108332638187,8,8
2018-04-24,Oran,0.16514783773998742,0.2036493837772334,8,8
2018-04-24,TzM,0.22674432965485672,0.2729166243286607,8,8
2018-04-25,Oran,0.12396889285902016,0.20072546688015339,8,8
2018-04-25,TzM,0.17938370514036103,0.268629427999258,8,8
2018-04-26,Oran,0.10248372651575526,0.1986026409647015,8,8
2018-04-26,TzM,0.16796136724358224,0.26662943436837705,8,8
2018-04-27,Oran,0.08726948783656609,0.19673456123373542,8,8
2018-04-27,TzM,0.16108184457928135,0.26492575000922536,8,8
2018-04-28,Oran,0.08533363117851679,0.19550609882982048,8,8
2018-04-28,TzM,0.1555506047014588,0.26348316714804815,8,8
2018-04-29,Oran,0.09981570891791676,0.19566798168005511,8,8
2018-04-29,TzM,0.16755080056425767,0.2638363871220989,8,8
2018-04-30,Oran,0.08588229485436293,0.19528941546917933,8,8
2018-04-30,TzM,0.16655120006946256,0.2638750997506768,8,8
2018-05-01,Oran,0.07575175425678976,0.19479474904717964,8,8
2018-05-01,TzM,0.16967948594767793,0.26391062790552444,8,8
2018-05-02,Oran,0.09229692553215825,0.19525750291029936,8,8
2018-05-02,TzM,0.18373410892366476,0.264485057277948,8,8
2018-05-03,Oran,0.071489352181737,0.19369626597302858,8,8
2018-05-03,TzM,0.16745527670106014,0.26273350901656634,8,8
2018-05-04,Oran,0.06810150763294733,0.19283042231299835,8,8
2018-05-04,TzM,0.16787901115726284,0.26200881006049087,8,8
2018-05-05,Oran,0.05734724303951759,0.19152173938565564,8,8
2018-05-05,TzM,0.15292055372877877,0.26039600117426165,8,8
2018-05-06,Oran,0.0853753269817985,0.19227940480484332,8,8
2018-05-06,TzM,0.18826309062148391,0.2616027677921872,8,8
2018-05-07,Oran,0.09171002200331353,0.191907944786744,8,8
2018-05-07,TzM,0.19041002292100237,0.26133502549246734,8,8
2018-05-08,Oran,0.07489599637595601,0.19016856055889944,8,8
2018-05-08,TzM,0.20071072928533934,0.2610698122420887,8,8
2018-05-09,Oran,0.09664119309974738,0.1906881765630401,8,8
2018-05-09,TzM,0.22713672144240454,0.2626044186150753,8,8
2018-05-10,Oran,0.19127360670903665,0.19601745917538146,8,8
2018-05-10,TzM,0.23297021449788619,0.263188880813112,8,8
2018-05-11,Oran,0.1953088430168687,0.2001816887469565,8,8
2018-05-11,TzM,0.21202313915924412,0.26228424324654037,8,8
2018-05-12,Oran,0.1663141796884478,0.19879413778420352,8,8
2018-05-12,TzM,0.1915143244948826,0.26048816511358475,8,8
2018-05-13,Oran,0.1264434551514807,0.1959343645599533,8,8
2018-05-13,TzM,0.16804662018732508,0.25834393909960784,8,8
2018-05-14,Oran,0.10098824808221368,0.1936717853194377,8,8
2018-05-14,TzM,0.14630476787294208,0.25615133266699935,8,8
2018-05-15,Oran,0.10052002677541283,0.19261598112519646,8,8
2018-05-15,TzM,0.156442248213448,0.25579272958719607,8,8
2018-05-16,Oran,0.08914746284851281,0.19097498924028675,8,8
2018-05-16,TzM,0.15242499168839696,0.25466262418041496,8,8
2018-05-17,Oran,0.08081065687488333,0.18948735434745176,8,8
2018-05-17,TzM,0.15639115830785347,0.25389825650735903,8,8
2018-05-18,Oran,0.08217012464206234,0.1888265877901042,8,8
2018-05-18,TzM,0.16463573376562346,0.25368773352085167,8,8
2018-05-19,Oran,0.08498981683591346,0.18816351373908946,8,8
2018-05-19,TzM,0.1732588664285446,0.25359115363588847,8,8
2018-05-20,Oran,0.08516293048370074,0.18729268228787865,8,8
2018-05-20,TzM,0.20164151293666735,0.2545954540898827,8,8
2018-05-21,Oran,0.08197849906492424,0.18631186007720524,8,8
2018-05-21,TzM,0.2007711140536948,0.2545626122308405,8,8
2018-05-22,Oran,0.10298351362408668,0.1867526988758415,8,8
2018-05-22,TzM,0.19948597311189295,0.2545596719351842,8,8
2018-05-23,Oran,0.11092031259456128,0.1865128659261543,8,8
2018-05-23,TzM,0.17961697584312208,0.2527159567812065,8,8
2018-05-24,Oran,0.1267236451145078,0.18668727104048258,8,8
2018-05-24,TzM,0.18032362852797007,0.2520570556976293,8,8
2018-05-25,Oran,0.11713710650496303,0.1858023548834636,8,8
2018-05-25,TzM,0.1694562481226105,0.2508389281207009,8,8
2018-05-26,Oran,0.1559101296558243,0.18778391011425702,8,8
2018-05-26,TzM,0.1950081586531412,0.2519216617250717,8,8
2018-05-27,Oran,0.23360973749248706,0.20282046290450406,8,8
2018-05-27,TzM,0.31103690102769943,0.2762427510399567,8,8
2018-05-28,Oran,0.2264309686287993,0.22394442619969607,8,8
2018-05-28,TzM,0.2968047453691006,0.3051310654141401,8,8
2018-05-29,Oran,0.25461187741306957,0.23073555378884564,8,8
2018-05-29,TzM,0.3042860348757944,0.30057011309422943,8,8
2018-05-30,Oran,0.23811703759749403,0.23878645712479213,8,8
2018-05-30,TzM,0.2968854741744795,0.30147070535703707,8,8
2018-05-31,Oran,0.2085267138285715,0.2328172729396429,8,8
2018-05-31,TzM,0.2672470412278351,0.29492024155823804,8,8
2018-06-01,Oran,0.1894182916547431,0.2264421149355466,8,8
2018-06-01,TzM,0.2489943614805509,0.2878127339247026,8,8
2018-06-02,Oran,0.24990234225377683,0.2316863078990432,8,8
2018-06-02,TzM,0.2869075650447293,0.28748706397968093,8,8
2018-06-03,Oran,0.24442385899238894,0.24861971604042363,8,8
2018-06-03,TzM,0.3012103791299619,0.29844382640562556,8,8
2018-06-04,Oran,0.23119883460343857,0.2535242468240808,8,8
2018-06-04,TzM,0.2796725379486911,0.3005903486750628,8,8
2018-06-05,Oran,0.22788553200051434,0.2502400667391351,8,8
2018-06-05,TzM,0.25849201272266276,0.2960791603515022,8,8
2018-06-06,Oran,0.2235594523429382,0.24375513383477437,8,8
2018-06-06,TzM,0.27544581436086446,0.292936421734722,8,8
2018-06-07,Oran,0.22224171465171166,0.23948847678352575,8,8
2018-06-07,TzM,0.2748494401181999,0.29228976702219556,8,8
2018-06-08,Oran,0.200065220098515,0.23414003916817608,8,8
2018-06-08,TzM,0.25667234372935793,0.2888474868622755,8,8
2018-06-09,Oran,0.18601364678413163,0.22959032798277548,8,8
2018-06-09,TzM,0.24755563828971625,0.2865896855395189,8,8
2018-06-10,Oran,0.17276097813957048,0.2258357024889012,8,8
2018-06-10,TzM,0.23572381438785472,0.2844235520307465,8,8
2018-06-11,Oran,0.1528495324317549,0.22216860203102962,8,8
2018-06-11,TzM,0.2241138888424948,0.28226404790889076,8,8
2018-06-12,Oran,0.13761541591804533,0.21903234669541724,8,8
2018-06-12,TzM,0.2015343947630179,0.27943613859947375,8,8
2018-06-13,Oran,0.12283994900215352,0.21586977052884024,8,8
2018-06-13,TzM,0.18978907952183166,0.2768529801212839,8,8
2018-06-14,Oran,0.11508980113096898,0.21342361208478933,8,8
2018-06-14,TzM,0.16916756331920618,0.27380652983648407,8,8
2018-06-15,Oran,0.10289971327073258,0.21067544473487823,8,8
2018-06-15,TzM,0.14821115616512923,0.2703140304840513,8,8
2018-06-16,Oran,0.10266627124892393,0.20876400325386246,8,8
2018-06-16,TzM,0.1558546868159043,0.26875093364843017,8,8
2018-06-17,Oran,0.09560694127175648,0.20684236665485334,8,8
2018-06-17,TzM,0.15532530265811237,0.26714113505410125,8,8
2018-06-18,Oran,0.09104552597845672,0.20463436159198398,8,8
2018-06-18,TzM,0.16058563008156945,0.2657306295648021,8,8
2018-06-19,Oran,0.09716590301545913,0.2034556113855272,8,8
2018-06-19,TzM,0.16844906641390955,0.2648250567542977,8,8
2018-06-20,Oran,0.08589405171023527,0.20141514815756528,8,8
2018-06-20,TzM,0.15594122420052847,0.2627596268185267,8,8
2018-06-21,Oran,0.08553093324003155,0.19991249665007238,8,8
2018-06-21,TzM,0.15549635212243482,0.261277290655447,8,8
2018-06-22,Oran,0.07120751349835606,0.1977448974354345,8,8
2018-06-22,TzM,0.1516140853238635,0.2600887458967535,8,8
2018-06-23,Oran,0.0707599754781141,0.1963105958382614,8,8
2018-06-23,TzM,0.14253535134546258,0.2581656655590785,8,8
2018-06-24,Oran,0.07764279666799498,0.19536153847565413,8,8
2018-06-24,TzM,0.15122972290019354,0.2573457647874755,8,8
2018-06-25,Oran,0.08314151828650564,0.19453760396505967,8,8
2018-06-25,TzM,0.15044289494031352,0.25610008607863594,8,8
2018-06-26,Oran,0.09597564998281291,0.19427406705427364,8,8
2018-06-26,TzM,0.18198002685829504,0.25686833049832397,8,8
2018-06-27,Oran,0.11115412043071667,0.19446109071007514,8,8
2018-06-27,TzM,0.23873648232486291,0.261156112121075,8,8
2018-06-28,Oran,0.09063924593148656,0.19267829000705577,8,8
2018-06-28,TzM,0.23845456478700625,0.26063937033330525,8,8
2018-06-29,Oran,0.08768531739345338,0.19194129414123587,8,8
2018-06-29,TzM,0.19629744352086592,0.25596951121635925,8,8
2018-06-30,Oran,0.07745794878173312,0.19094060170845906,8,8
2018-06-30,TzM,0.1640645950530214,0.25412607820410477,8,8
2018-07-01,Oran,0.08347304254525995,0.19079274180360503,8,8
2018-07-01,TzM,0.14868788166265734,0.25282104578677955,8,8
2018-07-02,Oran,0.09267939028681299,0.19099487490707734,8,8
2018-07-02,TzM,0.1484697206239951,0.2522633785786303,8,8
2018-07-03,Oran,0.08196459135010101,0.1897173824918563,8,8
2018-07-03,TzM,0.14457147726850386,0.25133621558473496,8,8
2018-07-04,Oran,0.07791928649559368,0.18856223408804562,8,8
2018-07-04,TzM,0.13783712322382546,0.25004953041819755,8,8
2018-07-05,Oran,0.07898771490168857,0.1880264666297885,8,8
2018-07-05,TzM,0.14262152314614993,0.24968624765077896,8,8
2018-07-06,Oran,0.07405911307690324,0.18726654717790298,8,8
2018-07-06,TzM,0.1408483207464757,0.24896075403146245,8,8
2018-07-07,Oran,0.06967912280138151,0.1863581367447728,8,8
2018-07-07,TzM,0.14110366929947443,0.2480478597878429,8,8
2018-07-08,Oran,0.07431561347158223,0.18595413789153095,8,8
2018-07-08,TzM,0.13520423342522817,0.2467030844234518,8,8
2018-07-09,Oran,0.08026278928594018,0.18539685064041223,8,8
2018-07-09,TzM,0.1330811707639919,0.2454094310646484,8,8
2018-07-10,Oran,0.08320168183780592,0.18459631871493135,8,8
2018-07-10,TzM,0.13868553726014823,0.24470944584984528,8,8
2018-07-11,Oran,0.08143360333853075,0.18367284196810643,8,8
2018-07-11,TzM,0.13112375257830866,0.2433516387276253,8,8
2018-07-12,Oran,0.08898474455612601,0.18351999228117893,8,8
2018-07-12,TzM,0.1272953334325728,0.24216746876481918,8,8
2018-07-13,Oran,0.08848352376066267,0.18309323261873642,8,8
2018-07-13,TzM,0.13155747518727648,0.241827678094667,8,8
2018-07-14,Oran,0.07902290881840417,0.1820208750909469,8,8
2018-07-14,TzM,0.13349254246139403,0.2414303239631025,8,8
2018-07-15,Oran,0.07528956424078488,0.1810596413421826,8,8
2018-07-15,TzM,0.13401669772084507,0.24073479910332116,8,8
2018-07-16,Oran,0.0677961554729425,0.1804305861230756,8,8
2018-07-16,TzM,0.12714253133775563,0.23982920161889565,8,8
2018-07-17,Oran,0.06860494573035684,0.18002829278712387,8,8
2018-07-17,TzM,0.1251546126931268,0.2390466185507217,8,8
2018-07-18,Oran,0.07352033944831028,0.179734610876099,8,8
2018-07-18,TzM,0.13189961501752562,0.23868391954487087,8,8
2018-07-19,Oran,0.07211379632964482,0.1788867499923608,8,8
2018-07-19,TzM,0.12446805892518324,0.23729728455165106,8,8
2018-07-20,Oran,0.06775578304087038,0.17779335004017977,8,8
2018-07-20,TzM,0.12339524828252918,0.2363223114884213,8,8
2018-07-21,Oran,0.0711686001143983,0.1774051028990843,8,8
2018-07-21,TzM,0.12822645291759577,0.2360245357022473,8,8
2018-07-22,Oran,0.07298335789351676,0.17715922267954853,8,8
2018-07-22,TzM,0.13236662413692096,0.2357397736295273,8,8
2018-07-23,Oran,0.07622434001599172,0.17699324881322068,8,8
2018-07-23,TzM,0.14559168084279484,0.23589723606250787,8,8
2018-07-24,Oran,0.06940137670054783,0.1760198083507721,8,8
2018-07-24,TzM,0.12824018982141028,0.23411423801199382,8,8
2018-07-25,Oran,0.06788996275147939,0.1751000928341365,8,8
2018-07-25,TzM,0.11331271671837093,0.2324401340202281,8,8
2018-07-26,Oran,0.07229140578295848,0.17464445272430043,8,8
2018-07-26,TzM,0.12061570347960741,0.2321422586315556,8,8
2018-07-27,Oran,0.0652712477630645,0.17369093372807148,8,8
2018-07-27,TzM,0.11640985290777227,0.2313910529605652,8,8
2018-07-28,Oran,0.06370545078954487,0.17293643529420016,8,8
2018-07-28,TzM,0.11775628606923605,0.2307957198078695,8,8
2018-07-29,Oran,0.06615742879965508,0.17249943997527728,8,8
2018-07-29,TzM,0.12281404574413929,0.23059044817560592,8,8
2018-07-30,Oran,0.061717453357748274,0.17173079560037516,8,8
2018-07-30,TzM,0.12010509479411038,0.22988964460398018,8,8
2018-07-31,Oran,0.06056703180838066,0.1710630580416468,8,8
2018-07-31,TzM,0.12043512895347938,0.22926070521536623,8,8
2018-08-01,Oran,0.06007304602898042,0.17056714591921351,8,8
2018-08-01,TzM,0.11908679945688494,0.2285789074866395,8,8
2018-08-02,Oran,0.061034571503090496,0.17008418448757925,8,8
2018-08-02,TzM,0.11328786269357229,0.22761992943522175,8,8
2018-08-03,Oran,0.06460666440152482,0.16973927032629973,8,8
2018-08-03,TzM,0.11618095871649287,0.22715138065579688,8,8
2018-08-04,Oran,0.05992503280247573,0.16892041620783138,8,8
2018-08-04,TzM,0.110854444835384,0.22628435717993658,8,8
2018-08-05,Oran,0.06348585160754495,0.1687147778382555,8,8
2018-08-05,TzM,0.1117461219270664,0.22583386527472418,8,8
2018-08-06,Oran,0.06668087712443263,0.16855458140251087,8,8
2018-08-06,TzM,0.11653596818398092,0.22566062300220913,8,8
2018-08-07,Oran,0.10262890223902264,0.1704219919064494,8,8
2018-08-07,TzM,0.14535342325076556,0.2270471640911541,8,8
2018-08-08,Oran,0.16595971411491026,0.17550294520180731,8,8
2018-08-08,TzM,0.17525204643607134,0.22896677745800265,8,8
2018-08-09,Oran,0.15890905572498426,0.17835136518248768,8,8
2018-08-09,TzM,0.17512905422757424,0.22926444275990907,8,8
2018-08-10,Oran,0.13128494136035437,0.17644059529192133,8,8
2018-08-10,TzM,0.14525917195102295,0.22778120235000782,8,8
2018-08-11,Oran,0.1240063777071286,0.17601110130304193,8,8
2018-08-11,TzM,0.1723638801394324,0.22940548607393313,8,8
2018-08-12,Oran,0.11079603482465271,0.1749500705753682,8,8
2018-08-12,TzM,0.17208560320891828,0.22938558233803819,8,8
2018-08-13,Oran,0.10608008316122602,0.17434440170277335,8,8
2018-08-13,TzM,0.18087004018812683,0.22988938804911935,8,8
2018-08-14,Oran,0.09270800673021153,0.17283797794189606,8,8
2018-08-14,TzM,0.15033883955881094,0.2277869092006432,8,8
2018-08-15,Oran,0.0903391882471862,0.1718578130556423,8,8
2018-08-15,TzM,0.14134754876201772,0.22689464404002613,8,8
2018-08-16,Oran,0.1282324428563235,0.1735142107930828,8,8
2018-08-16,TzM,0.18436223690054912,0.22905476185444149,8,8
2018-08-17,Oran,0.1750228628332986,0.17868998414058174,8,8
2018-08-17,TzM,0.229155060001894,0.23487360157856813,8,8
2018-08-18,Oran,0.18150026400069716,0.18153783155635728,8,8
2018-08-18,TzM,0.22779700905084607,0.23795523817994088,8,8
2018-08-19,Oran,0.16295301061062537,0.18186697222780984,8,8
2018-08-19,TzM,0.20442736472346276,0.23703363959334395,8,8
2018-08-20,Oran,0.13110852336175127,0.17959792427718635,8,8
2018-08-20,TzM,0.1653979035756109,0.23402367581270236,8,8
2018-08-21,Oran,0.10388025978244227,0.17686510553247614,8,8
2018-08-21,TzM,0.13842635981640528,0.231496797482434,8,8
2018-08-22,Oran,0.09225344996838293,0.17509477834110376,8,8
2018-08-22,TzM,0.12819387747808111,0.2294613210190283,8,8
2018-08-23,Oran,0.10881920828499261,0.17547694658402535,8,8
2018-08-23,TzM,0.16230518483912176,0.23052180381981946,8,8
2018-08-24,Oran,0.1459683383647047,0.17846006784649165,8,8
2018-08-24,TzM,0.18623469642510537,0.23201272881736879,8,8
2018-08-25,Oran,0.12120737341828029,0.1763313517890504,8,8
2018-08-25,TzM,0.148254593736247,0.22940167794494248,8,8
2018-08-26,Oran,0.09744699948513112,0.17425237267476612,8,8
2018-08-26,TzM,0.12196545515479024,0.22697788418123593,8,8
2018-08-27,Oran,0.08625440629290751,0.17293111981793502,8,8
2018-08-27,TzM,0.11954570391313413,0.22594443287112206,8,8
2018-08-28,Oran,0.08579357496661238,0.17224855137164471,8,8
2018-08-28,TzM,0.1134844167298931,0.22492766419523635,8,8
2018-08-29,Oran,0.1405930689154345,0.17518998037596215,8,8
2018-08-29,TzM,0.16279682907655735,0.22694492889078036,8,8
2018-08-30,Oran,0.1463530702669112,0.17550275566392257,8,8
2018-08-30,TzM,0.16490733345946,0.2267011307964199,8,8
2018-08-31,Oran,0.11439021724719001,0.17313075863191338,8,8
2018-08-31,TzM,0.1436613211592071,0.22543080994173095,8,8
2018-09-01,Oran,0.09850979085523082,0.1715401208608365,8,8
2018-09-01,TzM,0.1359037026413716,0.2245134278935821,8,8
2018-09-02,Oran,0.08438818664213668,0.1702938632947988,8,8
2018-09-02,TzM,0.125627562109577,0.2235737759619951,8,8
2018-09-03,Oran,0.19498571457616126,0.17907729832852473,8,8
2018-09-03,TzM,0.2279480784782208,0.2320115102675596,8,8
2018-09-04,Oran,0.18062292183520362,0.18657816953224232,8,8
2018-09-04,TzM,0.21984909444214087,0.23812947706564472,8,8
2018-09-05,Oran,0.1569249635714976,0.18409201624940652,8,8
2018-09-05,TzM,0.19843609964376996,0.23653452481927445,8,8
2018-09-06,Oran,0.12497156675843918,0.18021455647149043,8,8
2018-09-06,TzM,0.17723284220617064,0.2344516965707666,8,8
2018-09-07,Oran,0.12898006171110218,0.17954269129721842,8,8
2018-09-07,TzM,0.1863863467189826,0.23404920571728752,8,8
2018-09-08,Oran,0.149781634930338,0.18025039929713382,8,8
2018-09-08,TzM,0.19601904502824732,0.23469740789579713,8,8
2018-09-09,Oran,0.22313700839877126,0.18929425263624697,8,8
2018-09-09,TzM,0.25381250143369755,0.24081105487053522,8,8
2018-09-10,Oran,0.2384215856673287,0.2209078614767946,8,8
2018-09-10,TzM,0.28546179856761894,0.2774795053563522,8,8
2018-09-11,Oran,0.2230067080589103,0.2233880421238356,8,8
2018-09-11,TzM,0.2757364976477172,0.2823684593650365,8,8
2018-09-12,Oran,0.204432282315903,0.21703146442038113,8,8
2018-09-12,TzM,0.24164049994004397,0.2707234716508537,8,8
2018-09-13,Oran,0.19089900362687032,0.2107913332151585,8,8
2018-09-13,TzM,0.23564815364385905,0.26346526451800995,8,8
2018-09-14,Oran,0.16615271377758897,0.20511678238017636,8,8
2018-09-14,TzM,0.2120219743565509,0.2573776992442282,8,8
2018-09-15,Oran,0.15827561434297285,0.20130024138288416,8,8
2018-09-15,TzM,0.2006112367502952,0.25347080964006874,8,8
2018-09-16,Oran,0.1820927775052727,0.20142362852443432,8,8
2018-09-16,TzM,0.17990628746031828,0.24997912023191973,8,8
2018-09-17,Oran,0.17103334750796922,0.19891892723494864,8,8
2018-09-17,TzM,0.1706020210373313,0.2473923359740231,8,8
2018-09-18,Oran,0.19523071500121567,0.1992541076890269,8,8
2018-09-18,TzM,0.2512471128169349,0.2536303143838028,8,8
2018-09-19,Oran,0.1863159447114487,0.19793945156404227,8,8
2018-09-19,TzM,0.2581117985476004,0.2601461080515659,8,8
2018-09-20,Oran,0.1648125015015973,0.19593227423238946,8,8
2018-09-20,TzM,0.22866570325200686,0.257979632569722,8,8
2018-09-21,Oran,0.1447216433549269,0.19335838622856333,8,8
2018-09-21,TzM,0.20554353394790698,0.2538602279903563,8,8
2018-09-22,Oran,0.12350385371962039,0.19052199991877938,8,8
2018-09-22,TzM,0.1846297425463011,0.2504222818196898,8,8
2018-09-23,Oran,0.11561449112095791,0.18877466300838303,8,8
2018-09-23,TzM,0.17506155920656102,0.24801936252410273,8,8
2018-09-24,Oran,0.10103104126135831,0.1867451249270654,8,8
2018-09-24,TzM,0.16108285684726734,0.2455527499060783,8,8
2018-09-25,Oran,0.09561823782373645,0.18534422025817338,8,8
2018-09-25,TzM,0.15919033149992554,0.24403857923799044,8,8
2018-09-26,Oran,0.08601454791048019,0.18419163264334198,8,8
2018-09-26,TzM,0.15239239037710875,0.24285414106040992,8,8
2018-09-27,Oran,0.08815047630093623,0.18382710095678195,8,8
2018-09-27,TzM,0.14910697543344115,0.24186054635547882,8,8
2018-09-28,Oran,0.0880359547670747,0.18317626348284421,8,8
2018-09-28,TzM,0.15247649719056328,0.24118527988167965,8,8
2018-09-29,Oran,0.0628953060348991,0.18092428596049054,8,8
2018-09-29,TzM,0.13775381063552275,0.23935276115509238,8,8
2018-09-30,Oran,0.05627485441013434,0.17956412581146738,8,8
2018-09-30,TzM,0.13525836368851163,0.23821828239842463,8,8
2018-10-01,Oran,0.0642431759672453,0.17928091995418072,8,8
2018-10-01,TzM,0.14022311921182426,0.2377566151124866,8,8
2018-10-02,Oran,0.057098673299321334,0.17839884732956768,8,8
2018-10-02,TzM,0.12766075485667797,0.23643309240670576,8,8
2018-10-03,Oran,0.05967662254287325,0.17806571766001275,8,8
2018-10-03,TzM,0.12917252709954288,0.23587637120171595,8,8
2018-10-04,Oran,0.0563624412264125,0.17735828932557923,8,8
2018-10-04,TzM,0.11931716552230917,0.23462177391507122,8,8
2018-10-05,Oran,0.050253007716697703,0.1764333842841328,8,8
2018-10-05,TzM,0.11739279485865198,0.2338834967660276,8,8
2018-10-06,Oran,0.05670394779900542,0.1762992891070784,8,8
2018-10-06,TzM,0.12991043201365848,0.23404943756759164,8,8
2018-10-07,Oran,0.05628805270754407,0.17596485055983063,8,8
2018-10-07,TzM,0.11598479639015793,0.23296535711147281,8,8
2018-10-08,Oran,0.05826671835126687,0.17586155996703706,8,8
2018-10-08,TzM,0.11960797842077318,0.23280563656436765,8,8
2018-10-09,Oran,0.0959505199760076,0.17785050226528132,8,8
2018-10-09,TzM,0.15459547100564167,0.23463394571291765,8,8
2018-10-10,Oran,0.17150640356369679,0.1838144058453255,8,8
2018-10-10,TzM,0.18303636415542932,0.23656602145025604,8,8
2018-10-11,Oran,0.15793432337460947,0.18381519022657242,8,8
2018-10-11,TzM,0.19250414636611052,0.23751539531114851,8,8
2018-10-12,Oran,0.13745462204039582,0.18300296010785413,8,8
2018-10-12,TzM,0.1760384485824033,0.23659073110473777,8,8
2018-10-13,Oran,0.11109983172023388,0.1815227745558883,8,8
2018-10-13,TzM,0.15141879206854159,0.23480688849169953,8,8
2018-10-14,Oran,0.149123285234463,0.1837211586779258,8,8
2018-10-14,TzM,0.20772007002041817,0.23957791923863908,8,8
2018-10-15,Oran,0.16524928902871294,0.1860633374359764,8,8
2018-10-15,TzM,0.21689465094210675,0.2413625126631048,8,8
2018-10-16,Oran,0.16442699667493826,0.18568758273222405,8,8
2018-10-16,TzM,0.19807333724671283,0.23890122087476282,8,8
2018-10-17,Oran,0.15298162417211492,0.1852620924899324,8,8
2018-10-17,TzM,0.18938286612300492,0.2380780936586425,8,8
2018-10-18,Oran,0.13108501945179502,0.1834618239373457,8,8
2018-10-18,TzM,0.22116148927996518,0.24108296733251525,8,8
2018-10-19,Oran,0.15046589011173755,0.18433959203787512,8,8
2018-10-19,TzM,0.266754861921072,0.2525387862268345,8,8
2018-10-20,Oran,0.15984229751419823,0.1849359660607869,8,8
2018-10-20,TzM,0.2656260759900569,0.2597399062575086,8,8
2018-10-21,Oran,0.17275490130557386,0.18594502671698077,8,8
2018-10-21,TzM,0.2545704175656857,0.26106270471906384,8,8
2018-10-22,Oran,0.14531180516618195,0.1844180456744354,8,8
2018-10-22,TzM,0.22537516763335777,0.2564090088708326,8,8
2018-10-23,Oran,0.12648674372400415,0.18313951291388175,8,8
2018-10-23,TzM,0.19396390393376345,0.25212007987092394,8,8
2018-10-24,Oran,0.11181033609099073,0.18188335319034388,8,8
2018-10-24,TzM,0.18305630452538788,0.2495038335481168,8,8
2018-10-25,Oran,0.11052272490179925,0.1813851965255424,8,8
2018-10-25,TzM,0.17812004195232137,0.24767478673081647,8,8
2018-10-26,Oran,0.08908727508282559,0.18014884874468942,8,8
2018-10-26,TzM,0.16629016976252095,0.24584663227984777,8,8
2018-10-27,Oran,0.2019653602457437,0.18828198158594428,8,8
2018-10-27,TzM,0.266674817815472,0.25382016422717196,8,8
2018-10-28,Oran,0.19574677033624682,0.19592869874151025,8,8
2018-10-28,TzM,0.25904686418729583,0.262507469699669,8,8
2018-10-29,Oran,0.16065415081674933,0.19330045457501877,8,8
2018-10-29,TzM,0.23280454680054002,0.26040101868688664,8,8
2018-10-30,Oran,0.21876321064888454,0.19961888921431828,8,8
2018-10-30,TzM,0.25752761479663216,0.26100956992319735,8,8
2018-10-31,Oran,0.22316432988545934,0.2101847253984115,8,8
2018-10-31,TzM,0.2834898665069455,0.26946582678264297,8,8
2018-11-01,Oran,0.2027548905034534,0.21030680598904847,8,8
2018-11-01,TzM,0.25432434076394295,0.2665214899032817,8,8
2018-11-02,Oran,0.18295058907910444,0.20620794510010812,8,8
2018-11-02,TzM,0.2437757425818984,0.26339950314477867,8,8
2018-11-03,Oran,0.15934372717117673,0.20216769463092576,8,8
2018-11-03,TzM,0.23923109389694502,0.2611174260964617,8,8
2018-11-04,Oran,0.14194546228915939,0.19852484404185755,8,8
2018-11-04,TzM,0.2240271510458306,0.25878726570303306,8,8
2018-11-05,Oran,0.19111370349028067,0.20055868098603893,8,8
2018-11-05,TzM,0.28040821075831585,0.2676732463970486,8,8
2018-11-06,Oran,0.19059429054499646,0.2009806618155514,8,8
2018-11-06,TzM,0.2752316687930081,0.27702594335852676,8,8
2018-11-07,Oran,0.1712556977374632,0.19855751649888806,8,8
2018-11-07,TzM,0.2612041813370428,0.2742612836085946,8,8
2018-11-08,Oran,0.180172759502149,0.19838549731085534,8,8
2018-11-08,TzM,0.29916430232850344,0.27736598370890864,8,8
2018-11-09,Oran,0.20824423489145563,0.20508187582380455,8,8
2018-11-09,TzM,0.29297535297902005,0.2924757470425806,8,8
2018-11-10,Oran,0.20345821376951015,0.20491258302917242,8,8
2018-11-10,TzM,0.2795660322605583,0.2864233445265869,8,8
2018-11-11,Oran,0.1907208166650084,0.2036443927615392,8,8
2018-11-11,TzM,0.27788398254932345,0.2835669882938658,8,8
2018-11-12,Oran,0.17473995971386547,0.20177074884537785,8,8
2018-11-12,TzM,0.2663314275835689,0.2798659484588394,8,8
2018-11-13,Oran,0.17051808511624567,0.20048127212851746,8,8
2018-11-13,TzM,0.2603701306016821,0.27706554809609724,8,8
2018-11-14,Oran,0.193903994615205,0.20122972999195582,8,8
2018-11-14,TzM,0.25914284544629285,0.2750671939238122,8,8
2018-11-15,Oran,0.23671891231273035,0.20842791427476481,8,8
2018-11-15,TzM,0.2596963203916522,0.27403006425102877,8,8
2018-11-16,Oran,0.23749234542006348,0.21541275489525713,8,8
2018-11-16,TzM,0.2701267862790509,0.2754425310995429,8,8
2018-11-17,Oran,0.21621125810092584,0.2172128433147903,8,8
2018-11-17,TzM,0.2641199954944711,0.27510848036648605,8,8
2018-11-18,Oran,0.20525325026179922,0.21400483251839383,8,8
2018-11-18,TzM,0.2577089025442929,0.27416834607720375,8,8
2018-11-19,Oran,0.23781471698254833,0.21902985724880067,8,8
2018-11-19,TzM,0.2788930320560834,0.27774000112089864,8,8
2018-11-20,Oran,0.21695232638692266,0.21723650720153675,8,8
2018-11-20,TzM,0.2789910322876255,0.27899501671843036,8,8
2018-11-21,Oran,0.22209356978047087,0.21472267435833076,8,8
2018-11-21,TzM,0.281214447459206,0.2803091498055054,8,8
2018-11-22,Oran,0.2308595910851584,0.21538380207341223,8,8
2018-11-22,TzM,0.2756485963901995,0.2799517412326838,8,8
2018-11-23,Oran,0.24108213010381477,0.22294684383468547,8,8
2018-11-23,TzM,0.2828494716852315,0.2811173084927232,8,8
2018-11-24,Oran,0.21045600848241905,0.22018108387462426,8,8
2018-11-24,TzM,0.2624594873417855,0.2790008187294006,8,8
2018-11-25,Oran,0.21228206581512432,0.21902762115856658,8,8
2018-11-25,TzM,0.2744784668565875,0.2789286070834159,8,8
2018-11-26,Oran,0.20928874959955449,0.2174083856957369,8,8
2018-11-26,TzM,0.2823162953013946,0.28318316545214894,8,8
2018-11-27,Oran,0.19775682463020572,0.2150526040462685,8,8
2018-11-27,TzM,0.2635062634944915,0.28095665361462646,8,8
2018-11-28,Oran,0.18097590641042244,0.212520749793678,8,8
2018-11-28,TzM,0.2503823449430791,0.27893143343298055,8,8
2018-11-29,Oran,0.16852349830699748,0.2105694782538492,8,8
2018-11-29,TzM,0.2409307900019676,0.27728691827015656,8,8
2018-11-30,Oran,0.18919460320936848,0.21131095692026808,8,8
2018-11-30,TzM,0.26271678588818753,0.27777632645723455,8,8
2018-12-01,Oran,0.17519017942249773,0.21012867308664515,8,8
2018-12-01,TzM,0.2468131870509272,0.27640956035496567,8,8
2018-12-02,Oran,0.1522457481224517,0.20830721986464787,8,8
2018-12-02,TzM,0.21656270322120302,0.2738455395692175,8,8
2018-12-03,Oran,0.14478012167650167,0.20714807910997357,8,8
2018-12-03,TzM,0.21171690004044452,0.27259690353744903,8,8
2018-12-04,Oran,0.1484608310595399,0.20664631718250567,8,8
2018-12-04,TzM,0.2197521694592739,0.2724075742850178,8,8
2018-12-05,Oran,0.14552983573836378,0.20585306862094363,8,8
2018-12-05,TzM,0.20817643119708484,0.27110171886651135,8,8
2018-12-06,Oran,0.1464523452837936,0.20533736644343273,8,8
2018-12-06,TzM,0.20689955177275754,0.27033259520478736,8,8
2018-12-07,Oran,0.1293949089883292,0.20395742226697378,8,8
2018-12-07,TzM,0.19066075801138616,0.2688886702587632,8,8
2018-12-08,Oran,0.1188360953611917,0.20279825727959147,8,8
2018-12-08,TzM,0.1747195019209022,0.26745169609785074,8,8
2018-12-09,Oran,0.12179877363817124,0.20253162582511786,8,8
2018-12-09,TzM,0.18224959309200606,0.26717982764086246,8,8
2018-12-10,Oran,0.11529504514497807,0.20164703928911293,8,8
2018-12-10,TzM,0.18049383642286745,0.26652424916698547,8,8
2018-12-11,Oran,0.11642857267231234,0.20128366015851495,8,8
2018-12-11,TzM,0.18615807258021574,0.2662850229228895,8,8
2018-12-12,Oran,0.12226456348463645,0.2013122865350031,8,8
2018-12-12,TzM,0.20180261468416763,0.2668554231610247,8,8
2018-12-13,Oran,0.2193179515572112,0.21138847282797582,8,8
2018-12-13,TzM,0.2913638956256603,0.27884116046449264,8,8
2018-12-14,Oran,0.2128267256451435,0.21886669421782257,8,8
2018-12-14,TzM,0.277960426216994,0.2852312379982322,8,8
2018-12-15,Oran,0.1982392349081938,0.21625256601293552,8,8
2018-12-15,TzM,0.24589208323557515,0.27986386017016085,8,8
2018-12-16,Oran,0.1895801214409656,0.21383460076739552,8,8
2018-12-16,TzM,0.22184765260470538,0.2762046601120873,8,8
2018-12-17,Oran,0.17543423809111117,0.21156374233179404,8,8
2018-12-17,TzM,0.22063956517530112,0.274904039872222,8,8
2018-12-18,Oran,0.16074291470109436,0.20968501730287661,8,8
2018-12-18,TzM,0.22493574297741836,0.2742751364253069,8,8
2018-12-19,Oran,0.196052654734889,0.2113065041662728,8,8
2018-12-19,TzM,0.24948251972857272,0.2751156242355998,8,8
2018-12-20,Oran,0.18547688033126414,0.2105842762306088,8,8
2018-12-20,TzM,0.2483076568582634,0.27505255045712385,8,8
2018-12-21,Oran,0.17451372874564808,0.20957445894352722,8,8
2018-12-21,TzM,0.241428151591926,0.2744093590268963,8,8
2018-12-22,Oran,0.16195249184966085,0.20837441757932057,8,8
2018-12-22,TzM,0.22830992878267636,0.2729969244560619,8,8
2018-12-23,Oran,0.15428131143944182,0.20743834697565092,8,8
2018-12-23,TzM,0.2187012540862748,0.27186946406666385,8,8
2018-12-24,Oran,0.16185465688343903,0.20741048010035615,8,8
2018-12-24,TzM,0.2148757210295451,0.2710401814884359,8,8
2018-12-25,Oran,0.15941318408509741,0.20701602121479198,8,8
2018-12-25,TzM,0.22216926662153316,0.2710256801097114,8,8
2018-12-26,Oran,0.1388900299877172,0.20534245084787978,8,8
2018-12-26,TzM,0.20563659905210918,0.26955078287344225,8,8
2018-12-27,Oran,0.135346783034992,0.20465633651760756,8,8
2018-12-27,TzM,0.20283499850254302,0.268776152221682,8,8
2018-12-28,Oran,0.141122650794807,0.20471573199649323,8,8
2018-12-28,TzM,0.21445796775974718,0.269118085442307,8,8
2018-12-29,Oran,0.13511944826325917,0.20419801054675069,8,8
2018-12-29,TzM,0.194061160969891,0.2676528274620834,8,8
2018-12-30,Oran,0.13660956485899253,0.20397664696955287,8,8
2018-12-30,TzM,0.19699019781853022,0.2673120300015924,8,8
2018-12-31,Oran,0.1393426791566317,0.20392714722967534,8,8
2018-12-31,TzM,0.20037494521392016,0.2671751366241982,8,8
2019-01-01,Oran,0.13152767154464468,0.20322992473107868,8,8
2019-01-01,TzM,0.18606124081538594,0.26581592772057966,8,8
2019-01-02,Oran,0.13219862596788362,0.20299917668959153,8,8
2019-01-02,TzM,0.19233887046146644,0.26572121657112513,8,8
2019-01-03,Oran,0.1257140104643634,0.2024057220972952,8,8
2019-01-03,TzM,0.1984853732742761,0.26582567341086505,8,8
2019-01-04,Oran,0.0979294173541616,0.20039038055377903,8,8
2019-01-04,TzM,0.18894188726737504,0.26498975889683746,8,8
2019-01-05,Oran,0.10566826709164455,0.2005080551458675,8,8
2019-01-05,TzM,0.20011182541125697,0.26537096052504094,8,8
2019-01-06,Oran,0.10493754123749789,0.2002253106871589,8,8
2019-01-06,TzM,0.19664597186247668,0.2649826366871007,8,8
2019-01-07,Oran,0.09417203279120506,0.19936254473983261,8,8
2019-01-07,TzM,0.17700550442034568,0.26331321803215696,8,8
2019-01-08,Oran,0.09948984730805525,0.19938315785199892,8,8
2019-01-08,TzM,0.18159975163565065,0.26320983721310953,8,8
2019-01-09,Oran,0.09205431309757657,0.1986785666620145,8,8
2019-01-09,TzM,0.16359257206357522,0.26158005038374343,8,8
2019-01-10,Oran,0.08703537181813695,0.19821964449814106,8,8
2019-01-10,TzM,0.16242860223620048,0.26112449463260795,8,8
2019-01-11,Oran,0.09908319700081815,0.19869114621008027,8,8
2019-01-11,TzM,0.17962678432109225,0.2618631646649814,8,8
2019-01-12,Oran,0.10900497193158157,0.19908587525247545,8,8
2019-01-12,TzM,0.1934431907291965,0.262531757189304,8,8
2019-01-13,Oran,0.11920231843947383,0.19951888573829266,8,8
2019-01-13,TzM,0.20384626737550682,0.2631070270435884,8,8
2019-01-14,Oran,0.11454532290274487,0.19909672703532896,8,8
2019-01-14,TzM,0.20628293162505873,0.2631997132465537,8,8
2019-01-15,Oran,0.09102848552961326,0.19738318274011374,8,8
2019-01-15,TzM,0.2010754926228209,0.2625000565067717,8,8
2019-01-16,Oran,0.09441993244175537,0.197347930794368,8,8
2019-01-16,TzM,0.19938566016131323,0.26214742915410744,8,8
2019-01-17,Oran,0.08829434347018351,0.19686009634713655,8,8
2019-01-17,TzM,0.1680356407703488,0.25953268926394607,8,8
2019-01-18,Oran,0.0880081465589951,0.1967590361955713,8,8
2019-01-18,TzM,0.16900878714850953,0.2592070665406553,8,8
2019-01-19,Oran,0.10030855688831351,0.19727312475442882,8,8
2019-01-19,TzM,0.19128322898483782,0.26026989872518336,8,8
2019-01-20,Oran,0.11766333143974911,0.19809851796045652,8,8
2019-01-20,TzM,0.23559435380402163,0.26348575319188006,8,8
2019-01-21,Oran,0.13257975719991277,0.19888877278102224,8,8
2019-01-21,TzM,0.2321155769627933,0.26397994561978666,8,8
2019-01-22,Oran,0.1372372278241349,0.19919155102039945,8,8
2019-01-22,TzM,0.23391669893661807,0.264146736504412,8,8
2019-01-23,Oran,0.14256669429482002,0.1996258209841173,8,8
2019-01-23,TzM,0.23974653625076534,0.26442192030433365,8,8
2019-01-24,Oran,0.1348164756217452,0.19915830814203275,8,8
2019-01-24,TzM,0.2072632796725405,0.2622104593626174,8,8
2019-01-25,Oran,0.1302588591779597,0.19872357543008246,8,8
2019-01-25,TzM,0.18615411860733536,0.2604447417267549,8,8
2019-01-26,Oran,0.12897686915869103,0.19845872350403515,8,8
2019-01-26,TzM,0.18525017619954026,0.259856893043769,8,8
2019-01-27,Oran,0.11918051659328036,0.19774997907339548,8,8
2019-01-27,TzM,0.17534934464646007,0.2589983760354746,8,8
2019-01-28,Oran,0.11226452413457824,0.19714098151956425,8,8
2019-01-28,TzM,0.1753761656275999,0.25869238510801407,8,8
2019-01-29,Oran,0.11300853952521181,0.19701378953750015,8,8
2019-01-29,TzM,0.18310029975959635,0.2589232370036801,8,8
2019-01-30,Oran,0.10925181304394706,0.1965832448396526,8,8
2019-01-30,TzM,0.1935974437112331,0.2593134546186775,8,8
2019-01-31,Oran,0.10499922118653524,0.1961031491822395,8,8
2019-01-31,TzM,0.219136403383393,0.2604054550113352,8,8
2019-02-01,Oran,0.17778902560106064,0.2007843902242965,8,8
2019-02-01,TzM,0.27774028182887517,0.26779962233022636,8,8
2019-02-02,Oran,0.18926582078098272,0.20252291518645205,8,8
2019-02-02,TzM,0.2615108094300682,0.270461133044017,8,8
2019-02-03,Oran,0.17066131539520668,0.20152486988999802,8,8
2019-02-03,TzM,0.23602216692616865,0.26828591911563354,8,8
2019-02-04,Oran,0.1587648104815209,0.2010131164896683,8,8
2019-02-04,TzM,0.22918500261087163,0.26713170791289914,8,8
2019-02-05,Oran,0.14739014453208835,0.2001474926889431,8,8
2019-02-05,TzM,0.21691144875397803,0.26570260619720143,8,8
2019-02-06,Oran,0.1443380602925527,0.19971851107404853,8,8
2019-02-06,TzM,0.20633846619411517,0.2643077530665323,8,8
2019-02-07,Oran,0.11489290586504775,0.1972419824695489,8,8
2019-02-07,TzM,0.1715389112022852,0.2614935274836362,8,8
2019-02-08,Oran,0.10080992661905087,0.19591109529137607,8,8
2019-02-08,TzM,0.16901967285421526,0.2603514059201667,8,8
2019-02-09,Oran,0.08878750719557527,0.19490861636204795,8,8
2019-02-09,TzM,0.1688599606093607,0.2595330027152637,8,8
2019-02-10,Oran,0.09316757666710455,0.19478156185540996,8,8
2019-02-10,TzM,0.16653999916314582,0.2587062197516819,8,8
2019-02-11,Oran,0.10488504158852036,0.19515033911486138,8,8
2019-02-11,TzM,0.17575960867964707,0.25860812332432126,8,8
2019-02-12,Oran,0.09189470585618834,0.19428748181853137,8,8
2019-02-12,TzM,0.16627736162627113,0.25727903366235916,8,8
2019-02-13,Oran,0.09242307456729348,0.19403158273608956,8,8
2019-02-13,TzM,0.16921265307188912,0.25680966943649475,8,8
2019-02-14,Oran,0.10110982882133757,0.19423302115841964,8,8
2019-02-14,TzM,0.17657339340688558,0.25681332240836985,8,8
2019-02-15,Oran,0.10000182432962243,0.19395884867818627,8,8
2019-02-15,TzM,0.17007104164957507,0.25610594026205175,8,8
2019-02-16,Oran,0.09920153377547124,0.19364962317660203,8,8
2019-02-16,TzM,0.17542260605535515,0.255967858651849,8,8
2019-02-17,Oran,0.09194719687287432,0.19294887889237672,8,8
2019-02-17,TzM,0.16773498765695347,0.2552632032954869,8,8
2019-02-18,Oran,0.0910265878820028,0.19262066704572223,8,8
2019-02-18,TzM,0.1593536730659635,0.25443425127550173,8,8
2019-02-19,Oran,0.09591135035467438,0.19261907875293588,8,8
2019-02-19,TzM,0.1645413031158233,0.25434170355775243,8,8
2019-02-20,Oran,0.0900822616777703,0.19195825666433475,8,8
2019-02-20,TzM,0.15527200558541437,0.2534105451655035,8,8
2019-02-21,Oran,0.09317662250861276,0.19183290989183985,8,8
2019-02-21,TzM,0.1568707819004837,0.2530157224912392,8,8
2019-02-22,Oran,0.0975416308910143,0.19181168274190583,8,8
2019-02-22,TzM,0.16003551157681561,0.2527257057923921,8,8
2019-02-23,Oran,0.09016435366184981,0.1911583886161202,8,8
2019-02-23,TzM,0.15219445049297062,0.25175984274890073,8,8
2019-02-24,Oran,0.0909813107769997,0.19091032006945763,8,8
2019-02-24,TzM,0.1585925273094816,0.2516710128831236,8,8
2019-02-25,Oran,0.07677142692607686,0.1899026756098524,8,8
2019-02-25,TzM,0.15589982188171947,0.2511904978524207,8,8
2019-02-26,Oran,0.07251924554221938,0.18931605974670312,8,8
2019-02-26,TzM,0.1514956327951758,0.2505539697472398,8,8
2019-02-27,Oran,0.07900030851730554,0.18925410335059045,8,8
2019-02-27,TzM,0.15642786408946108,0.2504077955381945,8,8
2019-02-28,Oran,0.07302017671010284,0.1884534039763642,8,8
2019-02-28,TzM,0.15226022392437838,0.24975116442472328,8,8
2019-03-01,Oran,0.07846917112770135,0.18835013062372555,8,8
2019-03-01,TzM,0.15902773403305262,0.2497562182711829,8,8
2019-03-02,Oran,0.08833572459636162,0.18854092241066397,8,8
2019-03-02,TzM,0.16476326190719476,0.24973676006897888,8,8
2019-03-03,Oran,0.0797503798161862,0.18765647962811535,8,8
2019-03-03,TzM,0.1610894757077882,0.24926251542484873,8,8
2019-03-04,Oran,0.08498276112998113,0.18756202506359482,8,8
2019-03-04,TzM,0.1645455670199896,0.24915554267231763,8,8
2019-03-05,Oran,0.097685133287164,0.1880853916594728,8,8
2019-03-05,TzM,0.15528250722471915,0.24838631452477877,8,8
2019-03-06,Oran,0.13257022393775766,0.19001091422482588,8,8
2019-03-06,TzM,0.19697182373707423,0.25045856379438186,8,8
2019-03-07,Oran,0.14980138921346817,0.19126037273739202,8,8
2019-03-07,TzM,0.22252471666587023,0.25277067146165977,8,8
2019-03-08,Oran,0.11504223323503476,0.189022595636913,8,8
2019-03-08,TzM,0.1707665996724053,0.24871754178801841,8,8
2019-03-09,Oran,0.10122748583433078,0.18790718356727573,8,8
2019-03-09,TzM,0.15282277361563357,0.24674700929072535,8,8
2019-03-10,Oran,0.10082433362048664,0.187560446774129,8,8
2019-03-10,TzM,0.1540215453102351,0.2464011000702157,8,8
2019-03-11,Oran,0.09355779414172051,0.18681631418036632,8,8
2019-03-11,TzM,0.1578895527697903,0.24625916753307375,8,8
2019-03-12,Oran,0.0961057392086406,0.18660387983087628,8,8
2019-03-12,TzM,0.16086937708008148,0.2460911698810952,8,8
2019-03-13,Oran,0.08274260151703824,0.1857781126118097,8,8
2019-03-13,TzM,0.1408200585191432,0.24453962437416374,8,8
2019-03-14,Oran,0.0706350133693242,0.18518343824954303,8,8
2019-03-14,TzM,0.1332811204192694,0.243772702751142,8,8
2019-03-15,Oran,0.0715585912532005,0.18484824567911073,8,8
2019-03-15,TzM,0.14073238420716827,0.2437407566834927,8,8
2019-03-16,Oran,0.07400392735773907,0.1843119840702561,8,8
2019-03-16,TzM,0.1369671464030704,0.24289200595261426,8,8
2019-03-17,Oran,0.0781074768237647,0.18401399665802226,8,8
2019-03-17,TzM,0.14448788544886104,0.2427495560719092,8,8
2019-03-18,Oran,0.08439765696520683,0.18418376185610644,8,8
2019-03-18,TzM,0.15520637302880025,0.2430780154138215,8,8
2019-03-19,Oran,0.07485198158557049,0.18361009510814164,8,8
2019-03-19,TzM,0.1397242571417193,0.24186584682473417,8,8
2019-03-20,Oran,0.07617959994212033,0.18359953251774191,8,8
2019-03-20,TzM,0.14877890450818657,0.24217231447906473,8,8
2019-03-21,Oran,0.0680756587336664,0.1830355631157023,8,8
2019-03-21,TzM,0.13950840285734123,0.24159703737026764,8,8
2019-03-22,Oran,0.05548121416483254,0.1822640085684471,8,8
2019-03-22,TzM,0.13623024808628922,0.24112141997504388,8,8
2019-03-23,Oran,0.06809995704193092,0.18280721402681263,8,8
2019-03-23,TzM,0.16350223783918308,0.24237548268865788,8,8
2019-03-24,Oran,0.07301759901838219,0.18296202286833618,8,8
2019-03-24,TzM,0.16136232005603804,0.24214587530954493,8,8
2019-03-25,Oran,0.07872482903423852,0.182945945981096,8,8
2019-03-25,TzM,0.1588260485655873,0.24168345357879598,8,8
2019-03-26,Oran,0.08342577508482771,0.18287818455671673,8,8
2019-03-26,TzM,0.16263940133227914,0.2416033811781457,8,8
2019-03-27,Oran,0.06394291336144332,0.18159451220856335,8,8
2019-03-27,TzM,0.142887324543584,0.24007693083197068,8,8
2019-03-28,Oran,0.05793499134358809,0.18088445937047237,8,8
2019-03-28,TzM,0.14628667757987335,0.23982525499243482,8,8
2019-03-29,Oran,0.048237691873104324,0.18014181198277432,8,8
2019-03-29,TzM,0.14246519641050037,0.23946360724144858,8,8
2019-03-30,Oran,0.04936181606999668,0.18002185907031665,8,8
2019-03-30,TzM,0.1385073977427581,0.23901642349205515,8,8
2019-03-31,Oran,0.20715286503316924,0.19445887951821578,8,8
2019-03-31,TzM,0.24916438434861204,0.24973901223979492,8,8
2019-04-01,Oran,0.23467704708703224,0.21339455318988346,8,8
2019-04-01,TzM,0.2632020572690587,0.2595422850235512,8,8
2019-04-02,Oran,0.2182019022217051,0.22010530796451644,8,8
2019-04-02,TzM,0.257666788045562,0.26262738953932724,8,8
2019-04-03,Oran,0.19177881401093277,0.21507912545052704,8,8
2019-04-03,TzM,0.23355794593838872,0.25878692925049873,8,8
2019-04-04,Oran,0.17657899785725795,0.21001575346120063,8,8
2019-04-04,TzM,0.2243370410716651,0.2566816496270659,8,8
2019-04-05,Oran,0.19355344289883236,0.2083200863455651,8,8
2019-04-05,TzM,0.2310039304981106,0.256036178031201,8,8
2019-04-06,Oran,0.2090195273644611,0.20897630674184342,8,8
2019-04-06,TzM,0.24899529867903572,0.25824799957244016,8,8
2019-04-07,Oran,0.21034770378934553,0.20971339528800031,8,8
2019-04-07,TzM,0.2431387912089887,0.25848155361477676,8,8
2019-04-08,Oran,0.19983627736934872,0.20924366780358258,8,8
2019-04-08,TzM,0.22697843032840045,0.2566531328300602,8,8
2019-04-09,Oran,0.21963816506818667,0.21323959676579374,8,8
2019-04-09,TzM,0.2409701129409337,0.25710214553768496,8,8
2019-04-10,Oran,0.21104141962943504,0.21401314492963372,8,8
2019-04-10,TzM,0.24436474642961428,0.2569629118937117,8,8
2019-04-11,Oran,0.198758922224162,0.21352416002115265,8,8
2019-04-11,TzM,0.22887105106278074,0.2557382483623529,8,8
2019-04-12,Oran,0.18517053939524242,0.2109078860185185,8,8
2019-04-12,TzM,0.20653450704718887,0.253564157633503,8,8
2019-04-13,Oran,0.1620152346118063,0.2075963822178176,8,8
2019-04-13,TzM,0.18907785582307135,0.2514112810726816,8,8
2019-04-14,Oran,0.1457553082008342,0.2045151891156298,8,8
2019-04-14,TzM,0.16648045481538004,0.2487558039444449,8,8
2019-04-15,Oran,0.13554207383364925,0.20202453709894513,8,8
2019-04-15,TzM,0.15251942825087,0.24650430211821864,8,8
2019-04-16,Oran,0.1277238668354808,0.1999431615725892,8,8
2019-04-16,TzM,0.15510567728626096,0.2452577781299815,8,8
2019-04-17,Oran,0.11017293940130313,0.19764934238351758,8,8
2019-04-17,TzM,0.14690069414638468,0.24376588157917323,8,8
2019-04-18,Oran,0.15975042090858102,0.20041191318362458,8,8
2019-04-18,TzM,0.2500899948798561,0.25389145421918086,8,8
2019-04-19,Oran,0.3043708289744424,0.22733424280876993,8,8
2019-04-19,TzM,0.3519683095969652,0.28819709408440086,8,8
2019-04-20,Oran,0.3381649103321013,0.30477811309402103,8,8
2019-04-20,TzM,0.3573397209769801,0.3583349411032702,8,8
2019-04-21,Oran,0.32388773014555217,0.33083365701261114,8,8
2019-04-21,TzM,0.3703011703726492,0.36062059669118174,8,8
2019-04-22,Oran,0.30327612890816125,0.3242352752900514,8,8
2019-04-22,TzM,0.34614059466280434,0.3538918314795745,8,8
2019-04-23,Oran,0.30171860237834885,0.31916918042497555,8,8
2019-04-23,TzM,0.33882760825125796,0.3399739977168409,8,8
2019-04-24,Oran,0.26759865186253534,0.3019131109362743,8,8
2019-04-24,TzM,0.30660423165873474,0.32427228751935455,8,8
2019-04-25,Oran,0.25803933900277143,0.2837593897077881,8,8
2019-04-25,TzM,0.3008057241462857,0.3109339677581661,8,8
2019-04-26,Oran,0.23844827842272692,0.2705706223356919,8,8
2019-04-26,TzM,0.28219661541822316,0.3029125972013724,8,8
2019-04-27,Oran,0.21349287233391742,0.2609730513369451,8,8
2019-04-27,TzM,0.25475790534217496,0.2981796076423243,8,8
2019-04-28,Oran,0.206154642229686,0.2550976182288322,8,8
2019-04-28,TzM,0.24391790538241986,0.29526282062656,8,8
2019-04-29,Oran,0.18978760806752032,0.25039795240784274,8,8
2019-04-29,TzM,0.23196259343776063,0.2925731096612779,8,8
2019-04-30,Oran,0.17587209743920895,0.24671122461679526,8,8
2019-04-30,TzM,0.20599209919179737,0.2889381538966278,8,8
2019-05-01,Oran,0.19696402000110655,0.245647771625978,8,8
2019-05-01,TzM,0.19144915562355888,0.28591838537862424,8,8
2019-05-02,Oran,0.23452252936778495,0.24822077222290584,8,8
2019-05-02,TzM,0.2807523745148883,0.29365380778050926,8,8
2019-05-03,Oran,0.20793038648782206,0.2462071715197602,8,8
2019-05-03,TzM,0.2452407416238106,0.28981777460093755,8,8
2019-05-04,Oran,0.21001124136516303,0.24575757905840873,8,8
2019-05-04,TzM,0.22459446157230747,0.28668923780175015,8,8
2019-05-05,Oran,0.17952413480179227,0.2428027922257048,8,8
2019-05-05,TzM,0.21346451077414183,0.2850379517032324,8,8
2019-05-06,Oran,0.1535157305722842,0.23954827758010294,8,8
2019-05-06,TzM,0.17347912026544735,0.28113419063217737,8,8
2019-05-07,Oran,0.14602899636279362,0.23714767618135352,8,8
2019-05-07,TzM,0.169520080187603,0.2792071882132931,8,8
2019-05-08,Oran,0.13861382226841368,0.23541594085390447,8,8
2019-05-08,TzM,0.17083714985423473,0.2778646158373081,8,8
2019-05-09,Oran,0.1452346637478617,0.23488773952131387,8,8
2019-05-09,TzM,0.17017749695438203,0.2769047935848663,8,8
2019-05-10,Oran,0.14482506977119403,0.23372511301861432,8,8
2019-05-10,TzM,0.18051554076373572,0.27657572795195795,8,8
2019-05-11,Oran,0.12771160586996638,0.23104921929904668,8,8
2019-05-11,TzM,0.15879115462303156,0.27367145691900263,8,8
2019-05-12,Oran,0.12146421672440448,0.22880184158804961,8,8
2019-05-12,TzM,0.15285622679910274,0.2713945950197644,8,8
2019-05-13,Oran,0.12755324133961904,0.22792456861524307,8,8
2019-05-13,TzM,0.16536096748160684,0.27071541139096217,8,8
2019-05-14,Oran,0.09022126385606209,0.22482777992110758,8,8
2019-05-14,TzM,0.15288562062931688,0.2685529114249603,8,8
2019-05-15,Oran,0.08438627308265105,0.22279474334638624,8,8
2019-05-15,TzM,0.15867875229052608,0.26745688744918683,8,8
2019-05-16,Oran,0.07626733399286373,0.22110063812893918,8,8
2019-05-16,TzM,0.15625527375806608,0.2657687295117954,8,8
2019-05-17,Oran,0.07440242898024493,0.2200645517191437,8,8
2019-05-17,TzM,0.15619762189759823,0.26526866994773673,8,8
2019-05-18,Oran,0.08733594764451509,0.22081537535566775,8,8
2019-05-18,TzM,0.1660746641175233,0.26621437030476763,8,8
2019-05-19,Oran,0.08028140210653423,0.220861677849879,8,8
2019-05-19,TzM,0.14653470046744727,0.2651263760451815,8,8
2019-05-20,Oran,0.08613677713103955,0.22090029892374255,8,8
2019-05-20,TzM,0.15449751570428666,0.26510383894568995,8,8
2019-05-21,Oran,0.11149657172624201,0.22191964047121218,8,8
2019-05-21,TzM,0.16875311938163476,0.26553195289728276,8,8
2019-05-22,Oran,0.12104664498054586,0.22142020782119914,8,8
2019-05-22,TzM,0.16623301596662612,0.2645186479632301,8,8
2019-05-23,Oran,0.11535458961715458,0.21985617411918323,8,8
2019-05-23,TzM,0.16541712621141122,0.2633527978691027,8,8
2019-05-24,Oran,0.1314282974319868,0.22004948432450408,8,8
2019-05-24,TzM,0.19350206982773283,0.2643537324988038,8,8
2019-05-25,Oran,0.18644495164273212,0.22358196635471012,8,8
2019-05-25,TzM,0.19235224274942941,0.26414032064770393,8,8
2019-05-26,Oran,0.158965014873958,0.22158483773714202,8,8
2019-05-26,TzM,0.16576715404976547,0.26194552953453043,8,8
2019-05-27,Oran,0.12280158077168166,0.21823315561794843,8,8
2019-05-27,TzM,0.1554052738724031,0.26027404320867437,8,8
2019-05-28,Oran,0.10407605271053604,0.215694576636201,8,8
2019-05-28,TzM,0.15830245202309207,0.25933464139846985,8,8
2019-05-29,Oran,0.10402020549737523,0.21469340730519565,8,8
2019-05-29,TzM,0.1641853218714363,0.25883395378600416,8,8
2019-05-30,Oran,0.08196020579484638,0.2126089819203146,8,8
2019-05-30,TzM,0.15287968222247925,0.25742425923358253,8,8
2019-05-31,Oran,0.07700364552132904,0.211344964417522,8,8
2019-05-31,TzM,0.15639626978296095,0.25667972310666776,8,8
2019-06-01,Oran,0.07354343433055228,0.20993883788097095,8,8
2019-06-01,TzM,0.1447184105452738,0.25485399980588175,8,8
2019-06-02,Oran,0.07253848455968445,0.20831454923895534,8,8
2019-06-02,TzM,0.14058566328726313,0.25314065814018244,8,8
2019-06-03,Oran,0.0793527896134335,0.2072804805440981,8,8
2019-06-03,TzM,0.15061998218726852,0.25266752483960436,8,8
2019-06-04,Oran,0.07216377830071767,0.20549639111659562,8,8
2019-06-04,TzM,0.15027127543917707,0.2518204953889117,8,8
2019-06-05,Oran,0.0739853599154558,0.20482610770669135,8,8
2019-06-05,TzM,0.15039867571383514,0.2513378702324668,8,8
2019-06-06,Oran,0.08238541801750168,0.20510255326135235,8,8
2019-06-06,TzM,0.15698371617135734,0.2516707793356066,8,8
2019-06-07,Oran,0.07606659704422361,0.20434336574961903,8,8
2019-06-07,TzM,0.1492157156615959,0.25076668249369644,8,8
2019-06-08,Oran,0.0751662298792698,0.20375889038941897,8,8
2019-06-08,TzM,0.14675662620605798,0.25018130544278966,8,8
2019-06-09,Oran,0.0908590039543685,0.20388666352287665,8,8
2019-06-09,TzM,0.15129872403217867,0.24985251942110295,8,8
2019-06-10,Oran,0.08842767118552666,0.20292693595783629,8,8
2019-06-10,TzM,0.13918580019871063,0.24848277046418696,8,8
2019-06-11,Oran,0.09037115422428631,0.20239726458294469,8,8
2019-06-11,TzM,0.1465393940758842,0.24849089212397013,8,8
2019-06-12,Oran,0.07908150583933117,0.20159874605472944,8,8
2019-06-12,TzM,0.14309041206663667,0.24795667196648485,8,8
2019-06-13,Oran,0.08371474501356234,0.20158767360644259,8,8
2019-06-13,TzM,0.1509672329289299,0.24804826146972017,8,8
2019-06-14,Oran,0.1813657077884332,0.20936216017628298,8,8
2019-06-14,TzM,0.19863651351280212,0.2509483081031296,8,8
2019-06-15,Oran,0.14662497070175212,0.20668406176884643,8,8
2019-06-15,TzM,0.17300556469586134,0.24932449739303827,8,8
2019-06-16,Oran,0.12591074322518264,0.2043237555222433,8,8
2019-06-16,TzM,0.1602499579802449,0.24764801012842277,8,8
2019-06-17,Oran,0.10069065265296422,0.20221707712187137,8,8
2019-06-17,TzM,0.15183071437671677,0.24641767712800122,8,8
2019-06-18,Oran,0.08233722452013215,0.19941530613625633,8,8
2019-06-18,TzM,0.14648267783004001,0.24486818831217916,8,8
2019-06-19,Oran,0.08646831090760522,0.1983531136615354,8,8
2019-06-19,TzM,0.14723059222849672,0.24401957467565996,8,8
2019-06-20,Oran,0.08962345666511623,0.19729119900797235,8,8
2019-06-20,TzM,0.1492525091560214,0.2433801616088634,8,8
2019-06-21,Oran,0.09379638125051235,0.19649633940492495,8,8
2019-06-21,TzM,0.1504968910931462,0.24277069298305398,8,8
2019-06-22,Oran,0.09810956493020054,0.19615093916654583,8,8
2019-06-22,TzM,0.1545076359087895,0.242597702866126,8,8
2019-06-23,Oran,0.10040203648329266,0.1956494719339687,8,8
2019-06-23,TzM,0.15369666771240237,0.2420219351464,8,8
2019-06-24,Oran,0.09873027676014134,0.19476204848558196,8,8
2019-06-24,TzM,0.15170024098571092,0.24120692865874027,8,8
2019-06-25,Oran,0.09859906792274262,0.1939838572603757,8,8
2019-06-25,TzM,0.15085809432754388,0.24044173171645714,8,8
2019-06-26,Oran,0.09913276216839664,0.1932013865193871,8,8
2019-06-26,TzM,0.14788751197844052,0.23943698561848384,8,8
2019-06-27,Oran,0.09996551042575323,0.19264564345606033,8,8
2019-06-27,TzM,0.1456670675818857,0.2386745831831113,8,8
2019-06-28,Oran,0.0973271901337582,0.19168831535660827,8,8
2019-06-28,TzM,0.14318202045366263,0.23771155755476728,8,8
2019-06-29,Oran,0.09289999436281739,0.19021400952192602,8,8
2019-06-29,TzM,0.13816122243818088,0.23625016977128227,8,8
2019-06-30,Oran,0.08895815395918044,0.18879992786000982,8,8
2019-06-30,TzM,0.13279035066769113,0.23479406143489634,8,8
2019-07-01,Oran,0.10204181448541211,0.18863650586028569,8,8
2019-07-01,TzM,0.14815770999810313,0.2347695292218735,8,8
2019-07-02,Oran,0.12125238109929637,0.18946354706145702,8,8
2019-07-02,TzM,0.18163634328428946,0.2365812585738144,8,8
2019-07-03,Oran,0.11021994134624957,0.18866259207735295,8,8
2019-07-03,TzM,0.1694757208185221,0.23600578445353002,8,8
2019-07-04,Oran,0.10421131436148134,0.1879679551195414,8,8
2019-07-04,TzM,0.15673751222570176,0.23503656910830417,8,8
2019-07-05,Oran,0.10049251591267641,0.18725757100543033,8,8
2019-07-05,TzM,0.15019006852219857,0.2342619252832312,8,8
2019-07-06,Oran,0.10300841924780213,0.18668486522357966,8,8
2019-07-06,TzM,0.14273093989131183,0.2332188632143171,8,8
2019-07-07,Oran,0.13006512789574798,0.18782235976980355,8,8
2019-07-07,TzM,0.15455993526541673,0.23341901061174114,8,8
2019-07-08,Oran,0.16594680296715164,0.19081165946897913,8,8
2019-07-08,TzM,0.17048904243979207,0.23457418617449308,8,8
2019-07-09,Oran,0.14626424525116308,0.19038366449416658,8,8
2019-07-09,TzM,0.1615763422971787,0.23414912290479004,8,8
2019-07-10,Oran,0.12689236884051164,0.18899575463328203,8,8
2019-07-10,TzM,0.15430600882360807,0.23346310442215512,8,8
2019-07-11,Oran,0.11504185889221602,0.1876583701640856,8,8
2019-07-11,TzM,0.1468323552490849,0.23242362098474248,8,8
2019-07-12,Oran,0.10304901393160953,0.18607950966622006,8,8
2019-07-12,TzM,0.13971210939282744,0.23114381358027453,8,8
2019-07-13,Oran,0.10801900051778451,0.18538993372291815,8,8
2019-07-13,TzM,0.1469628947302944,0.23067766271139442,8,8
2019-07-14,Oran,0.1020908692454705,0.18444259497108026,8,8
2019-07-14,TzM,0.14606192381439823,0.23018957664699927,8,8
2019-07-15,Oran,0.09708320172961617,0.18355929259760456,8,8
2019-07-15,TzM,0.14412123445225386,0.22977378229169465,8,8
2019-07-16,Oran,0.09453572409196952,0.18285423602725637,8,8
2019-07-16,TzM,0.1422792828310967,0.22926410915035947,8,8
2019-07-17,Oran,0.09338860934997185,0.18246469948379718,8,8
2019-07-17,TzM,0.14036295592392742,0.22879614700612266,8,8
2019-07-18,Oran,0.09159840661421657,0.18184133258755086,8,8
2019-07-18,TzM,0.14092539409236782,0.2283449072978998,8,8
2019-07-19,Oran,0.08861621505901457,0.18105433106910987,8,8
2019-07-19,TzM,0.13608592506620637,0.2275251350120494,8,8
2019-07-20,Oran,0.08759529995197639,0.18036188296362995,8,8
2019-07-20,TzM,0.1329386056995166,0.22684783625759572,8,8
2019-07-21,Oran,0.08617529573193825,0.1796304194409339,8,8
2019-07-21,TzM,0.13111021750496304,0.22626945729318415,8,8
2019-07-22,Oran,0.0842966830174698,0.1789307488159078,8,8
2019-07-22,TzM,0.1282673219776418,0.22570267809849032,8,8
2019-07-23,Oran,0.08417395167663447,0.17829735816502176,8,8
2019-07-23,TzM,0.12714486379838105,0.22512348231516383,8,8
2019-07-24,Oran,0.07985030584892283,0.17742706949471448,8,8
2019-07-24,TzM,0.1246969132549374,0.2244369051370181,8,8
2019-07-25,Oran,0.07245882286033664,0.1763205190173915,8,8
2019-07-25,TzM,0.1145869126623055,0.22330429993177708,8,8
2019-07-26,Oran,0.07134505343608188,0.17563015654927394,8,8
2019-07-26,TzM,0.11698643040941338,0.2230125395090956,8,8
2019-07-27,Oran,0.06996585694676045,0.17538196865896707,8,8
2019-07-27,TzM,0.11157900529705278,0.2224409554741884,8,8
2019-07-28,Oran,0.06854634921784036,0.17515173105553522,8,8
2019-07-28,TzM,0.10961038177514346,0.22216561779771976,8,8
2019-07-29,Oran,0.07136450292328829,0.17476521097734324,8,8
2019-07-29,TzM,0.11304999516026946,0.22204340719862986,8,8
2019-07-30,Oran,0.0657514739842688,0.17384667735485754,8,8
2019-07-30,TzM,0.11403567468330847,0.22169792034516206,8,8
2019-07-31,Oran,0.06618891221425324,0.17347552517398457,8,8
2019-07-31,TzM,0.1161055837353495,0.22157049884921623,8,8
2019-08-01,Oran,0.07013943088011904,0.17344689907841992,8,8
2019-08-01,TzM,0.12191949930887568,0.22175306611155204,8,8
2019-08-02,Oran,0.06560532428537964,0.17267270105906196,8,8
2019-08-02,TzM,0.11211105439456567,0.2207802556651203,8,8
2019-08-03,Oran,0.07258620840482044,0.17253035278838186,8,8
2019-08-03,TzM,0.11281244518651963,0.22025845141003003,8,8
2019-08-04,Oran,0.06874613098067334,0.1716822305297265,8,8
2019-08-04,TzM,0.10356554796453561,0.21929958756817008,8,8
2019-08-05,Oran,0.07088669910110895,0.17102627564893394,8,8
2019-08-05,TzM,0.10803709546790306,0.2189824171364307,8,8
2019-08-06,Oran,0.07418775436636364,0.17051294659126973,8,8
2019-08-06,TzM,0.11059267711703122,0.21860562568824538,8,8
2019-08-07,Oran,0.06463181915097543,0.16963678577029312,8,8
2019-08-07,TzM,0.1098003909481983,0.2184006657059255,8,8
2019-08-08,Oran,0.07522480831344104,0.1698690238240801,8,8
2019-08-08,TzM,0.11087119147353067,0.21837836043222952,8,8
2019-08-09,Oran,0.07164644615755214,0.16916956326878457,8,8
2019-08-09,TzM,0.11269534599820245,0.2181799530394767,8,8
2019-08-10,Oran,0.06176666992976036,0.16815398455154698,8,8
2019-08-10,TzM,0.11639265633053388,0.21814252161665962,8,8
2019-08-11,Oran,0.05985932420084219,0.16755991496267864,8,8
2019-08-11,TzM,0.11669625771403504,0.2179665281192252,8,8
2019-08-12,Oran,0.05346210233439674,0.1670855661762542,8,8
2019-08-12,TzM,0.1021824618173444,0.2171856174735646,8,8
2019-08-13,Oran,0.051184171679444945,0.1669043333315458,8,8
2019-08-13,TzM,0.10493210894300743,0.2171188443899154,8,8
2019-08-14,Oran,0.06079359618244595,0.16742241370995511,8,8
2019-08-14,TzM,0.11059186955619794,0.21719280110770145,8,8
2019-08-15,Oran,0.05352204932571675,0.16657994366937973,8,8
2019-08-15,TzM,0.10615902726759051,0.21663036481722403,8,8
2019-08-16,Oran,0.05552145775682365,0.16625475702104994,8,8
2019-08-16,TzM,0.10720937537323484,0.21628699853624161,8,8
2019-08-17,Oran,0.0624178434981674,0.16620442909417582,8,8
2019-08-17,TzM,0.1081909474573637,0.21592683688198264,8,8
2019-08-18,Oran,0.06237270206243529,0.1656287514772571,8,8
2019-08-18,TzM,0.10361301477410287,0.21525588004212626,8,8
2019-08-19,Oran,0.06140102662268231,0.16510068882317813,8,8
2019-08-19,TzM,0.10487961749497207,0.21494461076432148,8,8
2019-08-20,Oran,0.0681072400134728,0.16534460133827117,8,8
2019-08-20,TzM,0.1066659344360232,0.2148401402917347,8,8
2019-08-21,Oran,0.12400746547052112,0.16892861461908112,8,8
2019-08-21,TzM,0.14563139488975707,0.21723014518226447,8,8
2019-08-22,Oran,0.1586740175231558,0.1727775879937117,8,8
2019-08-22,TzM,0.19506933500892235,0.22197474323605235,8,8
2019-08-23,Oran,0.11348646132305992,0.1701728205578249,8,8
2019-08-23,TzM,0.15643624990786373,0.21994967072417856,8,8
2019-08-24,Oran,0.08927467656550833,0.1679730284836937,8,8
2019-08-24,TzM,0.12969424637451174,0.21817750571981853,8,8
2019-08-25,Oran,0.0845488823736544,0.16731320406447667,8,8
2019-08-25,TzM,0.126975878598291,0.2176905000876439,8,8
2019-08-26,Oran,0.12106673147865249,0.17009150079894259,8,8
2019-08-26,TzM,0.1414832191259943,0.21821241482700166,8,8
2019-08-27,Oran,0.18978211780796284,0.18222348603313085,8,8
2019-08-27,TzM,0.23259605567191574,0.23056388116980847,8,8
2019-08-28,Oran,0.16153247007092486,0.18144271611923074,8,8
2019-08-28,TzM,0.20590409597283912,0.2327951085018484,8,8
2019-08-29,Oran,0.13220832398252894,0.17849133790882882,8,8
2019-08-29,TzM,0.18121517675095478,0.2308645033718724,8,8
2019-08-30,Oran,0.1205363913943044,0.17716401169290308,8,8
2019-08-30,TzM,0.17140571920103145,0.22880394148983446,8,8
2019-08-31,Oran,0.1229265530334144,0.17600688245452817,8,8
2019-08-31,TzM,0.17292875061301805,0.22758375421950688,8,8
2019-09-01,Oran,0.09347821630110013,0.17288477274238084,8,8
2019-09-01,TzM,0.14413143674793993,0.224910358065053,8,8
2019-09-02,Oran,0.15983880356137378,0.17623979027276154,8,8
2019-09-02,TzM,0.15401825446047276,0.22449118751836444,8,8
2019-09-03,Oran,0.13504699154100455,0.17403464635498211,8,8
2019-09-03,TzM,0.13738865614255982,0.222897507152275,8,8
2019-09-04,Oran,0.11727133440922513,0.17204575037858522,8,8
2019-09-04,TzM,0.12700228764075094,0.22124867415741867,8,8
2019-09-05,Oran,0.10736518447272111,0.17167520572538258,8,8
2019-09-05,TzM,0.11925923137459901,0.22029491347309782,8,8
2019-09-06,Oran,0.08920629183899181,0.17032119879102117,8,8
2019-09-06,TzM,0.11419590635494765,0.21948926219422563,8,8
2019-09-07,Oran,0.07846133144053274,0.16927310937985043,8,8
2019-09-07,TzM,0.11858451918478269,0.21921475290467862,8,8
2019-09-08,Oran,0.0718934591371016,0.1687016148364446,8,8
2019-09-08,TzM,0.11689331479015216,0.21859461373012312,8,8
2019-09-09,Oran,0.0757799152407001,0.16858024261891838,8,8
2019-09-09,TzM,0.12197781207137982,0.2183454680795732,8,8
2019-09-10,Oran,0.08543640833775523,0.16888602556752375,8,8
2019-09-10,TzM,0.12760970908168112,0.21824231037968078,8,8
2019-09-11,Oran,0.08668735915123191,0.16895756906539688,8,8
2019-09-11,TzM,0.13719336726200324,0.21855702025717808,8,8
2019-09-12,Oran,0.23146447605285486,0.1929416534780967,8,8
2019-09-12,TzM,0.17131016297131088,0.2205613825078073,8,8
2019-09-13,Oran,0.283338410816476,0.22515204222720173,8,8
2019-09-13,TzM,0.26168264850581946,0.23183672182188414,8,8
2019-09-14,Oran,0.2677143671595659,0.2627649433910847,8,8
2019-09-14,TzM,0.30450620835548947,0.2908162780191847,8,8
2019-09-15,Oran,0.2604180916533118,0.27600513392540277,8,8
2019-09-15,TzM,0.2880883516841813,0.29650651879216494,8,8
2019-09-16,Oran,0.2609229391349143,0.2684781950394638,8,8
2019-09-16,TzM,0.27190242335200304,0.286220602164241,8,8
2019-09-17,Oran,0.23309385951180928,0.2574347593684177,8,8
2019-09-17,TzM,0.24385562950843256,0.2751360932414077,8,8
2019-09-18,Oran,0.23860245381222395,0.24936282722676384,8,8
2019-09-18,TzM,0.26744428819266,0.27265414539847127,8,8
2019-09-19,Oran,0.2185795467285836,0.24131737009423676,8,8
2019-09-19,TzM,0.24835494427794685,0.26744874841288513,8,8
2019-09-20,Oran,0.24117793658839873,0.23846151989380843,8,8
2019-09-20,TzM,0.26887008567389686,0.26545181066582074,8,8
2019-09-21,Oran,0.2388521684547428,0.23528961661409156,8,8
2019-09-21,TzM,0.29074020340033857,0.28022574208137624,8,8
2019-09-22,Oran,0.2115845982046401,0.22913776742386036,8,8
2019-09-22,TzM,0.263349502463825,0.2778088275625027,8,8
2019-09-23,Oran,0.17738039134467232,0.22279853774387326,8,8
2019-09-23,TzM,0.23345620435736086,0.27015741822603895,8,8
2019-09-24,Oran,0.15351367852360495,0.21808895444283716,8,8
2019-09-24,TzM,0.2135383058339357,0.2645287441800495,8,8
2019-09-25,Oran,0.138406880719007,0.21439781456452897,8,8
2019-09-25,TzM,0.19575145477919198,0.2602011252341694,8,8
2019-09-26,Oran,0.1322492624617746,0.21176891265833964,8,8
2019-09-26,TzM,0.18996687292268397,0.2575252921394023,8,8
2019-09-27,Oran,0.10907611006290696,0.20838390254705652,8,8
2019-09-27,TzM,0.16916852472288726,0.25447171074215713,8,8
2019-09-28,Oran,0.10145028942860047,0.20602510245364217,8,8
2019-09-28,TzM,0.16049246936362527,0.25221720318260943,8,8
2019-09-29,Oran,0.0867704101548087,0.20334579896365032,8,8
2019-09-29,TzM,0.14007979054555392,0.2492425161671187,8,8
2019-09-30,Oran,0.07816466622237783,0.20121714490481085,8,8
2019-09-30,TzM,0.12842186022317034,0.24660591307512822,8,8
2019-10-01,Oran,0.08073891221744113,0.2000132248843791,8,8
2019-10-01,TzM,0.1363750412557764,0.24564099844275528,8,8
2019-10-02,Oran,0.07020862352744228,0.1985525672308734,8,8
2019-10-02,TzM,0.12092233824660066,0.24385005718489222,8,8
2019-10-03,Oran,0.06655770426951955,0.19760045699897358,8,8
2019-10-03,TzM,0.12536367915393043,0.2432070817602308,8,8
2019-10-04,Oran,0.07248700817008727,0.1971729997240129,8,8
2019-10-04,TzM,0.13815312221719833,0.2431120347035558,8,8
2019-10-05,Oran,0.06400631618395931,0.19590848698357088,8,8
2019-10-05,TzM,0.12537269417570263,0.24149506855878583,8,8
2019-10-06,Oran,0.06681560722530863,0.1952611174800845,8,8
2019-10-06,TzM,0.1288289749308636,0.24092804093379525,8,8
2019-10-07,Oran,0.06261803205354043,0.19432688274222318,8,8
2019-10-07,TzM,0.12159186573147673,0.2398340420699433,8,8
2019-10-08,Oran,0.050021001698113327,0.19316433321867807,8,8
2019-10-08,TzM,0.12019003065468396,0.23909094410115164,8,8
2019-10-09,Oran,0.05222944467343753,0.19270905300242,8,8
2019-10-09,TzM,0.13061769381716942,0.23910522382510332,8,8
2019-10-10,Oran,0.05978143579922001,0.1926594219124708,8,8
2019-10-10,TzM,0.1376104961428178,0.23912753968646647,8,8
2019-10-11,Oran,0.047809938403976224,0.19178504050388684,8,8
2019-10-11,TzM,0.13424945668635985,0.23863339061407662,8,8
2019-10-12,Oran,0.058316276706449774,0.19213668865869277,8,8
2019-10-12,TzM,0.147065666568539,0.23917253188004614,8,8
2019-10-13,Oran,0.053648596664615786,0.19160794801399353,8,8
2019-10-13,TzM,0.14120455864375747,0.23871685642945137,8,8
2019-10-14,Oran,0.08449652185816252,0.1928115290452222,8,8
2019-10-14,TzM,0.16930257293738815,0.24004385618517465,8,8
2019-10-15,Oran,0.07772642966573597,0.19231426482562158,8,8
2019-10-15,TzM,0.22301983872526568,0.242790907339536,8,8
2019-10-16,Oran,0.05445063828078446,0.19092607801077793,8,8
2019-10-16,TzM,0.171662983450867,0.23884898106763625,8,8
2019-10-17,Oran,0.058272360953822926,0.1907763406328979,8,8
2019-10-17,TzM,0.1559347664097961,0.23766101396789674,8,8
2019-10-18,Oran,0.052205181427177796,0.19030407621967987,8,8
2019-10-18,TzM,0.14531315755295124,0.23749319522788648,8,8
2019-10-19,Oran,0.05511362583177985,0.19030829849423928,8,8
2019-10-19,TzM,0.14520524149625802,0.23770427341131783,8,8
2019-10-20,Oran,0.0949565204104683,0.19235112910754365,8,8
2019-10-20,TzM,0.19303653338666707,0.2406131708688151,8,8
2019-10-21,Oran,0.11780513639516026,0.19380009433895837,8,8
2019-10-21,TzM,0.17735700639528462,0.23982100995061426,8,8
2019-10-22,Oran,0.25115941325660607,0.21482956860764102,8,8
2019-10-22,TzM,0.2633118140786935,0.2506882775403363,8,8
2019-10-23,Oran,0.23038627286059934,0.22772040310331054,8,8
2019-10-23,TzM,0.2716506276169399,0.2661989074090103,8,8
2019-10-24,Oran,0.22477834497685314,0.23017113745578974,8,8
2019-10-24,TzM,0.2656963009105407,0.27052313380409027,8,8
2019-10-25,Oran,0.2001090956943445,0.22585812684331757,8,8
2019-10-25,TzM,0.24220242654586108,0.26567409412420695,8,8
2019-10-26,Oran,0.19069389786998753,0.2228509896785998,8,8
2019-10-26,TzM,0.22404259668761176,0.2613286002551352,8,8
2019-10-27,Oran,0.18170131333172318,0.21992004175410895,8,8
2019-10-27,TzM,0.21315541971278815,0.25830685654900176,8,8
2019-10-28,Oran,0.16915745559285897,0.21662595745969987,8,8
2019-10-28,TzM,0.20636463478991857,0.25628617798027237,8,8
2019-10-29,Oran,0.16451546232231326,0.21445501096180225,8,8
2019-10-29,TzM,0.19654298377664461,0.25433163795816266,8,8
2019-10-30,Oran,0.1587168424466594,0.21272286173017296,8,8
2019-10-30,TzM,0.19191321240443926,0.2528807222230458,8,8
2019-10-31,Oran,0.14987144199062563,0.21098846562328882,8,8
2019-10-31,TzM,0.1763908311136459,0.2514144152795013,8,8
2019-11-01,Oran,0.1375876659374745,0.20927359901490755,8,8
2019-11-01,TzM,0.15789643431535771,0.24954038244476048,8,8
2019-11-02,Oran,0.18137438250247573,0.21142061642813875,8,8
2019-11-02,TzM,0.18615458758645934,0.2503546115905536,8,8
2019-11-03,Oran,0.15017196868592106,0.20879140450451217,8,8
2019-11-03,TzM,0.19870998416292038,0.2505466937712443,8,8
2019-11-04,Oran,0.1271780283144507,0.20660465033572226,8,8
2019-11-04,TzM,0.1979920969981896,0.2501136486075426,8,8
2019-11-05,Oran,0.12011558539921141,0.2057519712042613,8,8
2019-11-05,TzM,0.1863200930192282,0.24892258324268218,8,8
2019-11-06,Oran,0.1318773561477905,0.20603287127174313,8,8
2019-11-06,TzM,0.22468441757250968,0.25136826789055605,8,8
2019-11-07,Oran,0.12210097986533014,0.20537289787755636,8,8
2019-11-07,TzM,0.22243118099868295,0.2514186670734106,8,8
2019-11-08,Oran,0.11732601074227052,0.20473208861639264,8,8
2019-11-08,TzM,0.22886990821356634,0.2524150394601747,8,8
2019-11-09,Oran,0.10480234167675988,0.20355144491205446,8,8
2019-11-09,TzM,0.20941855199635023,0.2508924036825958,8,8
2019-11-10,Oran,0.1586021445630515,0.20609075659122622,8,8
2019-11-10,TzM,0.23470308347360078,0.2528739137648556,8,8
2019-11-11,Oran,0.12440836878768242,0.20425249614187926,8,8
2019-11-11,TzM,0.20291982767613306,0.2506716294508231,8,8
2019-11-12,Oran,0.1107308034800359,0.20314256391930774,8,8
2019-11-12,TzM,0.18348097409072672,0.24902120039577738,8,8
2019-11-13,Oran,0.11483718479265928,0.20297597006085463,8,8
2019-11-13,TzM,0.18405865348483383,0.24866497572388888,8,8
2019-11-14,Oran,0.1293253360468833,0.2035657482924031,8,8
2019-11-14,TzM,0.22418737597763533,0.25096088131938715,8,8
2019-11-15,Oran,0.19088436621012253,0.20727166532859448,8,8
2019-11-15,TzM,0.25718793981880145,0.25611312743153813,8,8
2019-11-16,Oran,0.17671589362206028,0.20699718475463935,8,8
2019-11-16,TzM,0.2366994680518186,0.2552570062383127,8,8
2019-11-17,Oran,0.1663688352423124,0.20673315204435683,8,8
2019-11-17,TzM,0.24669879318925692,0.25568204572252734,8,8
2019-11-18,Oran,0.21939520854808264,0.21494209833565303,8,8
2019-11-18,TzM,0.2615293809764185,0.26278478318923393,8,8
2019-11-19,Oran,0.19480573108083887,0.21325418510031502,8,8
2019-11-19,TzM,0.23954603700334887,0.26007749868777436,8,8
2019-11-20,Oran,0.1970938636997684,0.21281194027940753,8,8
2019-11-20,TzM,0.24569885831595836,0.2595046955638712,8,8
2019-11-21,Oran,0.22634284717992678,0.2161581705706041,8,8
2019-11-21,TzM,0.26892988465260714,0.2629817594210372,8,8
2019-11-22,Oran,0.25853793729768426,0.2238870910506268,8,8
2019-11-22,TzM,0.29773991485739026,0.27002053626347333,8,8
2019-11-23,Oran,0.22607261731487804,0.23069983583371168,8,8
2019-11-23,TzM,0.2744359221113355,0.2774973617878889,8,8
2019-11-24,Oran,0.21001434514879203,0.2258693160214385,8,8
2019-11-24,TzM,0.26025840009587176,0.272455506737491,8,8
2019-11-25,Oran,0.20793866052246482,0.22317582113576714,8,8
2019-11-25,TzM,0.2560872389248719,0.26915045729593223,8,8
2019-11-26,Oran,0.19988492636284866,0.2209243818995405,8,8
2019-11-26,TzM,0.25220576231980596,0.26732493838981575,8,8
2019-11-27,Oran,0.19127885265062086,0.2190422104641062,8,8
2019-11-27,TzM,0.2467355346797328,0.2658240371016099,8,8
2019-11-28,Oran,0.17938061007832892,0.2172109078371622,8,8
2019-11-28,TzM,0.2362566808924863,0.26397925226238406,8,8
2019-11-29,Oran,0.1754761551919042,0.21619389547554196,8,8
2019-11-29,TzM,0.23503975815286757,0.26318247946542933,8,8
2019-11-30,Oran,0.15688254098545332,0.21406966785549136,8,8
2019-11-30,TzM,0.22084067124677328,0.26165569897765584,8,8
2019-12-01,Oran,0.15068362637987878,0.21267871987379963,8,8
2019-12-01,TzM,0.21565455168877773,0.260530691324292,8,8
2019-12-02,Oran,0.21183727375063738,0.21679918861902148,8,8
2019-12-02,TzM,0.26928840544515925,0.2675229190346343,8,8
2019-12-03,Oran,0.22273668246801756,0.21924930049991997,8,8
2019-12-03,TzM,0.277547631186041,0.27163048225798103,8,8
2019-12-04,Oran,0.22470810931237012,0.22046163203042057,8,8
2019-12-04,TzM,0.2765707138337587,0.272371585493123,8,8
2019-12-05,Oran,0.22679510252763987,0.22197910764056147,8,8
2019-12-05,TzM,0.2760469048516825,0.272796008827802,8,8
2019-12-06,Oran,0.21655758541138442,0.2219299401477223,8,8
2019-12-06,TzM,0.2690464477790029,0.2723345416414208,8,8
2019-12-07,Oran,0.20476985184139893,0.22073875909946,8,8
2019-12-07,TzM,0.26075725708352887,0.2716840458543677,8,8
2019-12-08,Oran,0.20857271753617973,0.22056257363836296,8,8
2019-12-08,TzM,0.25989093402351593,0.27106903137418586,8,8
2019-12-09,Oran,0.20045724789627262,0.21990642465773175,8,8
2019-12-09,TzM,0.25808309959737874,0.2704182501857806,8,8
2019-12-10,Oran,0.1930084178254741,0.2188436174734694,8,8
2019-12-10,TzM,0.24868236531773089,0.2691834855236505,8,8
2019-12-11,Oran,0.18383598685508865,0.21780005937716998,8,8
2019-12-11,TzM,0.2355480655709183,0.26774290190568484,8,8
2019-12-12,Oran,0.18070172538034251,0.2172137520596629,8,8
2019-12-12,TzM,0.22873078090579882,0.26637105042065834,8,8
2019-12-13,Oran,0.16832166246947694,0.2159894861525199,8,8
2019-12-13,TzM,0.22094758305894696,0.26537785581067985,8,8
2019-12-14,Oran,0.1588360629670444,0.21487291731306762,8,8
2019-12-14,TzM,0.21750669524465732,0.26452712570072,8,8
2019-12-15,Oran,0.15993259140580401,0.21453487840710114,8,8
2019-12-15,TzM,0.227360031420463,0.2646826866732322,8,8
2019-12-16,Oran,0.15518342057456735,0.21392249220707377,8,8
2019-12-16,TzM,0.20933452692789656,0.2625585855842617,8,8
2019-12-17,Oran,0.15528151726991424,0.21359001194111635,8,8
2019-12-17,TzM,0.20706168532763652,0.2615427082698596,8,8
2019-12-18,Oran,0.1491462499208626,0.21289685215251367,8,8
2019-12-18,TzM,0.1993760944000984,0.26079611241891,8,8
2019-12-19,Oran,0.1986254545386697,0.21553341467238837,8,8
2019-12-19,TzM,0.20315264544363965,0.2603573522371191,8,8
2019-12-20,Oran,0.2747894116234584,0.2293450002604332,8,8
2019-12-20,TzM,0.2925313943690669,0.27044636256821253,8,8
2019-12-21,Oran,0.24704260200139927,0.24274330462832916,8,8
2019-12-21,TzM,0.3108111196442654,0.2928906108902179,8,8
2019-12-22,Oran,0.21161144751383631,0.23599436681900843,8,8
2019-12-22,TzM,0.27474806068685687,0.29032616115077153,8,8
2019-12-23,Oran,0.19053391813621165,0.2307366647009478,8,8
2019-12-23,TzM,0.256933365636015,0.2836890814421502,8,8
2019-12-24,Oran,0.18039906849993054,0.22737776146682556,8,8
2019-12-24,TzM,0.23956527263783897,0.2789807059177148,8,8
2019-12-25,Oran,0.1792446140077759,0.22517517128440198,8,8
2019-12-25,TzM,0.23572528215223235,0.27613156118528226,8,8
2019-12-26,Oran,0.1695515392378705,0.22327517696091384,8,8
2019-12-26,TzM,0.22972857069812316,0.2742571208478981,8,8
2019-12-27,Oran,0.1634962119772786,0.2217512798297112,8,8
2019-12-27,TzM,0.22546854183862083,0.27281208182562533,8,8
2019-12-28,Oran,0.16029069862771228,0.22070238694670746,8,8
2019-12-28,TzM,0.23153195069416568,0.27231187702426196,8,8
2019-12-29,Oran,0.14993815545420178,0.21942810846767463,8,8
2019-12-29,TzM,0.2113842930840818,0.27057428772585757,8,8
2019-12-30,Oran,0.15284797502223582,0.2189457149046366,8,8
2019-12-30,TzM,0.21746532315094216,0.27017944868604993,8,8
2019-12-31,Oran,0.1591698576680949,0.21886172960283323,8,8
2019-12-31,TzM,0.22521459664169108,0.2702206319050961,8,8
2020-01-01,Oran,0.15878462020124567,0.2186116839041475,8,8
2020-01-01,TzM,0.224675384301104,0.2700506306228865,8,8
2020-01-02,Oran,0.1571943771521576,0.2181069041251159,8,8
2020-01-02,TzM,0.22261546101225047,0.26952798776083475,8,8
2020-01-03,Oran,0.13945976699107004,0.2166275173731026,8,8
2020-01-03,TzM,0.21442900500015205,0.2686516413477396,8,8
2020-01-04,Oran,0.1372311917606924,0.21604775820599223,8,8
2020-01-04,TzM,0.20040636215555035,0.26702507467646347,8,8
2020-01-05,Oran,0.14037983464535142,0.2158276987918576,8,8
2020-01-05,TzM,0.20474923666762673,0.2667870258508054,8,8
2020-01-06,Oran,0.1455163915809549,0.21582089826831072,8,8
2020-01-06,TzM,0.20565863277174923,0.2665064356743211,8,8
2020-01-07,Oran,0.1488539624348527,0.2157136775736437,8,8
2020-01-07,TzM,0.20725939903212218,0.2662164926663727,8,8
2020-01-08,Oran,0.15108623334863144,0.21566557351683005,8,8
2020-01-08,TzM,0.2140748059671176,0.2663060088127263,8,8
2020-01-09,Oran,0.12572753318570185,0.2139038741527522,8,8
2020-01-09,TzM,0.1925635321316995,0.2644960062369998,8,8
2020-01-10,Oran,0.12243467575763578,0.21323769251342678,8,8
2020-01-10,TzM,0.19348705228185278,0.2639913257015379,8,8
2020-01-11,Oran,0.12473276390953628,0.21301703539783837,8,8
2020-01-11,TzM,0.18596227114137848,0.26324355686818685,8,8
2020-01-12,Oran,0.12687004267802976,0.21286116897693422,8,8
2020-01-12,TzM,0.17902147394335383,0.2624594932238228,8,8
2020-01-13,Oran,0.13165177084871976,0.21298625279279026,8,8
2020-01-13,TzM,0.18771438921287065,0.262718882442354,8,8
2020-01-14,Oran,0.13820901563788043,0.21322848154384583,8,8
2020-01-14,TzM,0.2056586719853313,0.26358304983985265,8,8
2020-01-15,Oran,0.13905217863130762,0.21312192426841764,8,8
2020-01-15,TzM,0.21239084662183333,0.2640187121976755,8,8
2020-01-16,Oran,0.14640716099348222,0.2133805653660512,8,8
2020-01-16,TzM,0.21881995703044685,0.26444739361269104,8,8
2020-01-17,Oran,0.1317073914878925,0.21237884393480955,8,8
2020-01-17,TzM,0.19401896828601722,0.2623903491215682,8,8
2020-01-18,Oran,0.14941971296841491,0.21313482342806994,8,8
2020-01-18,TzM,0.22146633938628885,0.26330411705605095,8,8
2020-01-19,Oran,0.2394123556245057,0.22210521957546958,8,8
2020-01-19,TzM,0.31517401360293945,0.2819135923698348,8,8
2020-01-20,Oran,0.2405425704649237,0.22827601390661761,8,8
2020-01-20,TzM,0.2970103380012963,0.29059789724966606,8,8
2020-01-21,Oran,0.2887246483662089,0.24372010468581662,8,8
2020-01-21,TzM,0.3291425830439517,0.2982703410701728,8,8
2020-01-22,Oran,0.26724671217017487,0.2526170042206029,8,8
2020-01-22,TzM,0.30014758066911446,0.3007359230204632,8,8
2020-01-23,Oran,0.239936197243753,0.24726466139564748,8,8
2020-01-23,TzM,0.2775650426659635,0.2933008149266243,8,8
2020-01-24,Oran,0.22714862731270122,0.2420455105969163,8,8
2020-01-24,TzM,0.26798436290118843,0.2885871782200411,8,8
2020-01-25,Oran,0.23463534677981351,0.2400053216297118,8,8
2020-01-25,TzM,0.28928686805241005,0.2885191134103623,8,8
2020-01-26,Oran,0.22621230223506197,0.23855731307116684,8,8
2020-01-26,TzM,0.28583928178015505,0.2903117755746567,8,8
2020-01-27,Oran,0.2190219399565067,0.23588155958740434,8,8
2020-01-27,TzM,0.2744045833088947,0.28793549589126516,8,8
2020-01-28,Oran,0.23310334819872847,0.2356649099009447,8,8
2020-01-28,TzM,0.2820271774820101,0.28836912639120493,8,8
2020-01-29,Oran,0.2318201105736318,0.23551865947417547,8,8
2020-01-29,TzM,0.2780905473781259,0.28772765296927993,8,8
2020-01-30,Oran,0.2243726544021094,0.23506637202178843,8,8
2020-01-30,TzM,0.2765972912005198,0.28760033355731707,8,8
2020-01-31,Oran,0.21734377584252199,0.23405592316975354,8,8
2020-01-31,TzM,0.26896175055911664,0.28651707697855794,8,8
2020-02-01,Oran,0.20795306287950174,0.23277170458411583,8,8
2020-02-01,TzM,0.26582187646387245,0.2854446420801411,8,8
2020-02-02,Oran,0.205600030555344,0.23214064243509142,8,8
2020-02-02,TzM,0.2637399573332483,0.2849223251319735,8,8
2020-02-03,Oran,0.20211160769228073,0.23139026787925937,8,8
2020-02-03,TzM,0.256964319630673,0.2842399467542571,8,8
2020-02-04,Oran,0.19520672009494458,0.23044033026108973,8,8
2020-02-04,TzM,0.24711117608546226,0.28313248814083636,8,8
2020-02-05,Oran,0.18797567985707617,0.22942095585167405,8,8
2020-02-05,TzM,0.23466451096618055,0.2817747610878493,8,8
2020-02-06,Oran,0.18580296182485875,0.22879757594133984,8,8
2020-02-06,TzM,0.23268668255523628,0.28092052742201634,8,8
2020-02-07,Oran,0.17693621849061034,0.22799539815206993,8,8
2020-02-07,TzM,0.21282478882686084,0.2790511006023734,8,8
2020-02-08,Oran,0.17622231641998054,0.22752922923594224,8,8
2020-02-08,TzM,0.21619053243806483,0.2784431610060365,8,8
2020-02-09,Oran,0.17688384180064082,0.22715080222878298,8,8
2020-02-09,TzM,0.22465960299106016,0.27837237970609413,8,8
2020-02-10,Oran,0.17581172972673273,0.22673101961979117,8,8
2020-02-10,TzM,0.22482810189065175,0.27801031765748596,8,8
2020-02-11,Oran,0.1748355678359016,0.2263137803764128,8,8
2020-02-11,TzM,0.22497990492143125,0.2775434179439846,8,8
2020-02-12,Oran,0.1707121858953452,0.22571068724281473,8,8
2020-02-12,TzM,0.21960614602032458,0.2768335308156613,8,8
2020-02-13,Oran,0.19133476407312952,0.22660499356809205,8,8
2020-02-13,TzM,0.2216814713258492,0.276544380614436,8,8
2020-02-14,Oran,0.18477318116509522,0.22610722893207774,8,8
2020-02-14,TzM,0.2255139847923266,0.2763908628043473,8,8
2020-02-15,Oran,0.1664251814550552,0.22460561534542528,8,8
2020-02-15,TzM,0.21104117335849681,0.27512018758141876,8,8
2020-02-16,Oran,0.16175446940860783,0.22388705045106957,8,8
2020-02-16,TzM,0.21229684382284938,0.2746694529441332,8,8
2020-02-17,Oran,0.16104498206347712,0.22345860577264767,8,8
2020-02-17,TzM,0.21915113788686297,0.27470648569349,8,8
2020-02-18,Oran,0.15099389855978917,0.22246941672485376,8,8
2020-02-18,TzM,0.2062505687537946,0.27362690107455767,8,8
2020-02-19,Oran,0.15057883973492947,0.22211072480947264,8,8
2020-02-19,TzM,0.2056156745866725,0.27317585146030116,8,8
2020-02-20,Oran,0.14015199832740374,0.2211251612630535,8,8
2020-02-20,TzM,0.1879814271079866,0.2715476770627949,8,8
2020-02-21,Oran,0.13429733930369378,0.22038392516799638,8,8
2020-02-21,TzM,0.17805930846186938,0.27026166142528185,8,8
2020-02-22,Oran,0.13648171018137306,0.22005788738854593,8,8
2020-02-22,TzM,0.18633904409178187,0.2701617162307038,8,8
2020-02-23,Oran,0.132508258091011,0.21928170768574612,8,8
2020-02-23,TzM,0.18195154578241174,0.26935899358757426,8,8
2020-02-24,Oran,0.13264305436769955,0.218780851968732,8,8
2020-02-24,TzM,0.1838670452523633,0.2689159037116424,8,8
2020-02-25,Oran,0.1337823475359893,0.21841917750654646,8,8
2020-02-25,TzM,0.19056162606054716,0.2689469577193162,8,8
2020-02-26,Oran,0.10626830934684293,0.2165725916624069,8,8
2020-02-26,TzM,0.1698742785497176,0.26732949285130747,8,8
2020-02-27,Oran,0.10432348993041962,0.21606983440454863,8,8
2020-02-27,TzM,0.1637113242361106,0.266478426723839,8,8
2020-02-28,Oran,0.09469129931731297,0.2151225352995708,8,8
2020-02-28,TzM,0.16123769478259703,0.26593688816616406,8,8
2020-02-29,Oran,0.08801104952199534,0.2143283239519987,8,8
2020-02-29,TzM,0.16498726047575468,0.2656276323464944,8,8
2020-03-01,Oran,0.09509555492550131,0.21434522731015912,8,8
2020-03-01,TzM,0.18587736148191122,0.2664958853948567,8,8
2020-03-02,Oran,0.1230285045003793,0.2155186839951355,8,8
2020-03-02,TzM,0.24916322526252382,0.2704114233278424,8,8
2020-03-03,Oran,0.1537715505747521,0.21713939865470905,8,8
2020-03-03,TzM,0.246153057448713,0.2711526733565781,8,8
2020-03-04,Oran,0.15686439829649493,0.21737147728439232,8,8
2020-03-04,TzM,0.23833573174564848,0.27098781588536347,8,8
2020-03-05,Oran,0.11788015754618601,0.21505534851648767,8,8
2020-03-05,TzM,0.20182127613378195,0.2683487415656839,8,8
2020-03-06,Oran,0.0928673523279731,0.2133474164260704,8,8
2020-03-06,TzM,0.19021699038383205,0.26696451193971654,8,8
2020-03-07,Oran,0.08049600914151206,0.2124388522911267,8,8
2020-03-07,TzM,0.17704037981916604,0.2657825325272585,8,8
2020-03-08,Oran,0.07967503622143723,0.2118988643293498,8,8
2020-03-08,TzM,0.16955652259179926,0.26475709212306686,8,8
2020-03-09,Oran,0.09269059661959037,0.21202942745485265,8,8
2020-03-09,TzM,0.17721702086763746,0.26464406286341774,8,8
2020-03-10,Oran,0.08287524681416199,0.21105881015785405,8,8
2020-03-10,TzM,0.16617668680172704,0.26352158553996363,8,8
2020-03-11,Oran,0.0865394531001077,0.2104625019382258,8,8
2020-03-11,TzM,0.16931221109974243,0.26283399760723114,8,8
2020-03-12,Oran,0.09938079894016508,0.2103546732151117,8,8
2020-03-12,TzM,0.17749582068982384,0.26257264320003354,8,8
2020-03-13,Oran,0.09387825356460494,0.20941019971839714,8,8
2020-03-13,TzM,0.1561749521642923,0.2605859488248825,8,8
2020-03-14,Oran,0.09992359579830869,0.20934081379263125,8,8
2020-03-14,TzM,0.16240176075064622,0.2602655834665424,8,8
2020-03-15,Oran,0.09268652896900641,0.20857864164548817,8,8
2020-03-15,TzM,0.1663908229889593,0.25993292526905665,8,8
2020-03-16,Oran,0.1997459652482486,0.21552863806241845,8,8
2020-03-16,TzM,0.2714604072297286,0.26987743095837924,8,8
2020-03-17,Oran,0.20866619501812533,0.2185798606850573,8,8
2020-03-17,TzM,0.27135703427790614,0.27384254143352765,8,8
2020-03-18,Oran,0.1934497290031343,0.21844166832991307,8,8
2020-03-18,TzM,0.27434139090933296,0.2779005076797483,8,8
2020-03-19,Oran,0.17808569328340346,0.2176663847548551,8,8
2020-03-19,TzM,0.2649967548572213,0.27781947489558273,8,8
2020-03-20,Oran,0.17474466658762242,0.21744064835251353,8,8
2020-03-20,TzM,0.24993849669485108,0.27584876198517644,8,8
2020-03-21,Oran,0.20761233693996411,0.22123786115744073,8,8
2020-03-21,TzM,0.2717083572030165,0.27820740065439353,8,8
2020-03-22,Oran,0.23000387529247113,0.22853212558710181,8,8
2020-03-22,TzM,0.28053251320594236,0.2833533899086576,8,8
2020-03-23,Oran,0.24356946113412492,0.23107677983944533,8,8
2020-03-23,TzM,0.2913749019652115,0.2856481888355981,8,8
2020-03-24,Oran,0.29135727445121673,0.25345444681092366,8,8
2020-03-24,TzM,0.2939603485252806,0.28868921574719836,8,8
2020-03-25,Oran,0.24117580195430846,0.25474017610559696,8,8
2020-03-25,TzM,0.27405549661182843,0.28815404678645884,8,8
2020-03-26,Oran,0.23016865588113905,0.24685656478414766,8,8
2020-03-26,TzM,0.27197437680718534,0.28637459201395116,8,8
2020-03-27,Oran,0.2466394290389096,0.24469362877187179,8,8
2020-03-27,TzM,0.28260221537570224,0.28611763180723704,8,8
2020-03-28,Oran,0.24169279032188357,0.24499973444054357,8,8
2020-03-28,TzM,0.27314975090006266,0.285322383738515,8,8
2020-03-29,Oran,0.21428494747789179,0.24046226237885285,8,8
2020-03-29,TzM,0.2562846200859272,0.2829003786962283,8,8
2020-03-30,Oran,0.24126823286785454,0.240724435723463,8,8
2020-03-30,TzM,0.28630374786811635,0.28479904328521927,8,8
2020-03-31,Oran,0.2700255744830995,0.25142243499638606,8,8
2020-03-31,TzM,0.32509063831285423,0.2994602297089602,8,8
2020-04-01,Oran,0.27646701280943686,0.2635216042887969,8,8
2020-04-01,TzM,0.33413573805438845,0.3197429662472323,8,8
2020-04-02,Oran,0.24599036178627948,0.2611645509107191,8,8
2020-04-02,TzM,0.31088490156750925,0.3199837746980943,8,8
2020-04-03,Oran,0.24882304050394743,0.2597821455876358,8,8
2020-04-03,TzM,0.3051873536008459,0.3157954531672753,8,8
2020-04-04,Oran,0.228643705787473,0.2554385167470232,8,8
2020-04-04,TzM,0.28232873175415746,0.3094396367669105,8,8
2020-04-05,Oran,0.20630422478816546,0.24964756224243365,8,8
2020-04-05,TzM,0.258786844579797,0.302422530360912,8,8
2020-04-06,Oran,0.2084666319069315,0.24648171974132294,8,8
2020-04-06,TzM,0.2806012432127701,0.30048123609862826,8,8
2020-04-07,Oran,0.20732833686299984,0.24432760569282239,8,8
2020-04-07,TzM,0.2966826032957454,0.30279311694596944,8,8
2020-04-08,Oran,0.1863640454704644,0.24139282614847674,8,8
2020-04-08,TzM,0.2636378082005601,0.2990398114841235,8,8
2020-04-09,Oran,0.1787992515769161,0.23963993544705575,8,8
2020-04-09,TzM,0.24285578825143406,0.29579414388066844,8,8
2020-04-10,Oran,0.2368607441665696,0.24320249522074322,8,8
2020-04-10,TzM,0.2946271026433494,0.3003401552375994,8,8
2020-04-11,Oran,0.18981526790828,0.23984768705167728,8,8
2020-04-11,TzM,0.2523057290879813,0.2971195815817306,8,8
2020-04-12,Oran,0.1538430496867074,0.2358257704826652,8,8
2020-04-12,TzM,0.22704467755791383,0.29372804768775634,8,8
2020-04-13,Oran,0.1970168513108472,0.2375708114477943,8,8
2020-04-13,TzM,0.2329940454740273,0.29257460526729884,8,8
2020-04-14,Oran,0.2390840936635361,0.24180751770856926,8,8
2020-04-14,TzM,0.2538560503407528,0.29255044185801554,8,8
2020-04-15,Oran,0.26146595143392437,0.2463074871690058,8,8
2020-04-15,TzM,0.3045489495607877,0.29790838513719403,8,8
2020-04-16,Oran,0.24706233612215908,0.25220363584087513,8,8
2020-04-16,TzM,0.2949403140718411,0.30299970350767436,8,8
2020-04-17,Oran,0.24351778589799755,0.2532164198453309,8,8
2020-04-17,TzM,0.28448214937050476,0.3016261803476434,8,8
2020-04-18,Oran,0.22591075444074926,0.2501415913222266,8,8
2020-04-18,TzM,0.27989149558063786,0.29978754018482406,8,8
2020-04-19,Oran,0.23844450292040084,0.24921682459286978,8,8
2020-04-19,TzM,0.30040573726996384,0.301409131798305,8,8
2020-04-20,Oran,0.21736977297018786,0.2468093395965998,8,8
2020-04-20,TzM,0.28326199307890704,0.3003491843609433,8,8
2020-04-21,Oran,0.20447455589644245,0.24477677745286558,8,8
2020-04-21,TzM,0.29037912120723997,0.30044882764157493,8,8
2020-04-22,Oran,0.21650911813876667,0.24476536920324699,8,8
2020-04-22,TzM,0.29405962613925923,0.30236652356229327,8,8
2020-04-23,Oran,0.20217031981857095,0.24311830066144463,8,8
2020-04-23,TzM,0.27220712491850313,0.300066364831046,8,8
2020-04-24,Oran,0.17803149221495523,0.240361299200869,8,8
2020-04-24,TzM,0.24801329624422483,0.29673905043225535,8,8
2020-04-25,Oran,0.18039688417901756,0.2384872796594119,8,8
2020-04-25,TzM,0.2258998236839512,0.2933889211792695,8,8
2020-04-26,Oran,0.19873098345687154,0.2384247233633135,8,8
2020-04-26,TzM,0.23680374319787673,0.2923484450500262,8,8
2020-04-27,Oran,0.23937031703649972,0.24415231193186804,8,8
2020-04-27,TzM,0.2756585799721315,0.2947270489836994,8,8
2020-04-28,Oran,0.21914678988520236,0.24359553748222648,8,8
2020-04-28,TzM,0.27191185503340276,0.29566746616834083,8,8
2020-04-29,Oran,0.19579734629417048,0.24138562944946718,8,8
2020-04-29,TzM,0.24887509705915456,0.2936954996303508,8,8
2020-04-30,Oran,0.17227112696674024,0.23857841762240795,8,8
2020-04-30,TzM,0.21498042026130285,0.29011065411798065,8,8
2020-05-01,Oran,0.1581791467659297,0.2361156707415815,8,8
2020-05-01,TzM,0.1976543177703493,0.2872753058388633,8,8
2020-05-02,Oran,0.14121830484784037,0.23339601344749572,8,8
2020-05-02,TzM,0.17823663132118156,0.2841940583587673,8,8
2020-05-03,Oran,0.12911279997864705,0.23054789658330502,8,8
2020-05-03,TzM,0.16800495531213908,0.28106464762363187,8,8
2020-05-04,Oran,0.12774914074383797,0.2283988197318843,8,8
2020-05-04,TzM,0.17943582781835601,0.27967357492123385,8,8
2020-05-05,Oran,0.11542825681752844,0.22604076508737977,8,8
2020-05-05,TzM,0.17531572550069535,0.27806592049493795,8,8
2020-05-06,Oran,0.11213215000194601,0.22444323794152887,8,8
2020-05-06,TzM,0.18570322585659785,0.2774846965851458,8,8
2020-05-07,Oran,0.12144304377744428,0.22406839952483526,8,8
2020-05-07,TzM,0.19385872773005086,0.2772555803867841,8,8
2020-05-08,Oran,0.10347327669074786,0.2223627051063737,8,8
2020-05-08,TzM,0.1810995744400363,0.275451531701133,8,8
2020-05-09,Oran,0.16671961017685832,0.225878155451329,8,8
2020-05-09,TzM,0.2091723967582526,0.2760239474867519,8,8
2020-05-10,Oran,0.23173009199319314,0.23742117500696025,8,8
2020-05-10,TzM,0.26416796305535456,0.28168807136458585,8,8
2020-05-11,Oran,0.217459073320764,0.23781842403724546,8,8
2020-05-11,TzM,0.24805065128633652,0.2817558372626081,8,8
2020-05-12,Oran,0.23950013133590337,0.2400001958256862,8,8
2020-05-12,TzM,0.28897051306711014,0.2874384179931918,8,8
2020-05-13,Oran,0.23340632243112458,0.24491196238115182,8,8
2020-05-13,TzM,0.2867727758375143,0.29574448262390335,8,8
2020-05-14,Oran,0.24823310913853958,0.24676598642693187,8,8
2020-05-14,TzM,0.30411351821998034,0.3001378506029907,8,8
2020-05-15,Oran,0.23406000400542235,0.2456680950937701,8,8
2020-05-15,TzM,0.29723278684909205,0.3003407106979897,8,8
2020-05-16,Oran,0.24270859154887864,0.24721026048674935,8,8
2020-05-16,TzM,0.29981958081847737,0.3010014785747778,8,8
2020-05-17,Oran,0.23040004795203442,0.2470927091345924,8,8
2020-05-17,TzM,0.2826757221850321,0.29956720083167676,8,8
2020-05-18,Oran,0.20941485970845963,0.2441219713599955,8,8
2020-05-18,TzM,0.25722007344991554,0.2953917262585539,8,8
2020-05-19,Oran,0.18846874577833,0.2407971550573091,8,8
2020-05-19,TzM,0.22738989978710086,0.29098807687037864,8,8
2020-05-20,Oran,0.16485808442850577,0.2367849484269247,8,8
2020-05-20,TzM,0.21414782499012192,0.28737729454511085,8,8
2020-05-21,Oran,0.14948263463304667,0.23304128412340505,8,8
2020-05-21,TzM,0.19109098936774224,0.28304409980773926,8,8
2020-05-22,Oran,0.13959009339574904,0.22964270053217645,8,8
2020-05-22,TzM,0.18040458385918384,0.2794190488669923,8,8
2020-05-23,Oran,0.13621948424299227,0.22698612745057362,8,8
2020-05-23,TzM,0.18416701855235973,0.2774049298850034,8,8
2020-05-24,Oran,0.1274876184425637,0.2243130466854963,8,8
2020-05-24,TzM,0.16482277828464773,0.2744967679272553,8,8
2020-05-25,Oran,0.1731590934158837,0.22570972865844355,8,8
2020-05-25,TzM,0.22735639534106375,0.2789512664435039,8,8
2020-05-26,Oran,0.22141462463702333,0.2307798666055085,8,8
2020-05-26,TzM,0.2767199759898511,0.2909854038765556,8,8
2020-05-27,Oran,0.18306972344146397,0.2282811025065965,8,8
2020-05-27,TzM,0.2307430209873832,0.28733862984901,8,8
2020-05-28,Oran,0.1522088183548118,0.22562846752708074,8,8
2020-05-28,TzM,0.21159985102713103,0.283966832843266,8,8
2020-05-29,Oran,0.12048597356884692,0.22226278520509843,8,8
2020-05-29,TzM,0.1738934665765172,0.2785854523903445,8,8
2020-05-30,Oran,0.10295592583410561,0.21924469436778393,8,8
2020-05-30,TzM,0.16048618785326219,0.27483591815995934,8,8
2020-05-31,Oran,0.1002990310889531,0.2177744473956647,8,8
2020-05-31,TzM,0.1704537418370723,0.27355966775825147,8,8
2020-06-01,Oran,0.08873187495609283,0.21584504186862805,8,8
2020-06-01,TzM,0.16063012174440935,0.27125113032219045,8,8
2020-06-02,Oran,0.08809249426131363,0.21432655092756275,8,8
2020-06-02,TzM,0.15743947607514103,0.2693952590925619,8,8
2020-06-03,Oran,0.08367362665470501,0.2127144063227489,8,8
2020-06-03,TzM,0.15572742010025598,0.2680540622677654,8,8
2020-06-04,Oran,0.14192641963724226,0.21536085684402065,8,8
2020-06-04,TzM,0.23878634392320616,0.2781640807485306,8,8
2020-06-05,Oran,0.189521433467992,0.21938678721790428,8,8
2020-06-05,TzM,0.26937202157722295,0.29283789074734634,8,8
2020-06-06,Oran,0.14316174126550796,0.21541865628029477,8,8
2020-06-06,TzM,0.22964210924079737,0.2874048692051713,8,8
2020-06-07,Oran,0.11859152543312697,0.21295960829516902,8,8
2020-06-07,TzM,0.20773536564880293,0.2832588917808607,8,8
2020-06-08,Oran,0.12269648920561443,0.21307254992425442,8,8
2020-06-08,TzM,0.2345882439128074,0.282840881858168,8,8
2020-06-09,Oran,0.11289190027374221,0.21206876010191242,8,8
2020-06-09,TzM,0.2323461483465507,0.281623016981604,8,8
2020-06-10,Oran,0.09991032475391858,0.21048559125085345,8,8
2020-06-10,TzM,0.2108899935295707,0.27888463914247325,8,8
2020-06-11,Oran,0.1006649993329507,0.20973139582965214,8,8
2020-06-11,TzM,0.19450808984631865,0.2762664596023234,8,8
2020-06-12,Oran,0.09335207605093225,0.20879659855463462,8,8
2020-06-12,TzM,0.16585155593010742,0.2726245179992953,8,8
2020-06-13,Oran,0.09338705722609014,0.2085101957081771,8,8
2020-06-13,TzM,0.16993209043223603,0.2716519216345133,8,8
2020-06-14,Oran,0.0809360334237457,0.2072996167740861,8,8
2020-06-14,TzM,0.15999741844011858,0.2696884409769585,8,8
2020-06-15,Oran,0.07120765782281996,0.20565014072983967,8,8
2020-06-15,TzM,0.16126446741155198,0.2683219919165008,8,8
2020-06-16,Oran,0.08009722798329882,0.20506766944146546,8,8
2020-06-16,TzM,0.16771878799006928,0.2675616116336498,8,8
2020-06-17,Oran,0.0840155281523456,0.20459583437711484,8,8
2020-06-17,TzM,0.16320121613343389,0.2663237937713826,8,8
2020-06-18,Oran,0.08513516003235438,0.20386271780265158,8,8
2020-06-18,TzM,0.16550811883797376,0.2653763360576704,8,8
2020-06-19,Oran,0.0752763285423766,0.20284481937768029,8,8
2020-06-19,TzM,0.16281518093494107,0.26403347271690636,8,8
2020-06-20,Oran,0.06839872603228342,0.2011821568684011,8,8
2020-06-20,TzM,0.15409597706993253,0.2621823455464389,8,8
2020-06-21,Oran,0.07187555353844259,0.19975379904518362,8,8
2020-06-21,TzM,0.15657575110181868,0.2610377122304941,8,8
2020-06-22,Oran,0.07391319569566696,0.19860884004318322,8,8
2020-06-22,TzM,0.15409023672844718,0.2596993153902555,8,8
2020-06-23,Oran,0.07896317850309802,0.19800257739595697,8,8
2020-06-23,TzM,0.155705577139375,0.25861406701886536,8,8
2020-06-24,Oran,0.10046560477587527,0.19847113978056632,8,8
2020-06-24,TzM,0.16626952699459105,0.2583064685612426,8,8
2020-06-25,Oran,0.09457591802003926,0.19715437759019308,8,8
2020-06-25,TzM,0.1618715296101168,0.2570265048293789,8,8
2020-06-26,Oran,0.0863703476173467,0.19579634563234008,8,8
2020-06-26,TzM,0.1529643452959135,0.25549771155745377,8,8
2020-06-27,Oran,0.07822589921597081,0.19458029468650698,8,8
2020-06-27,TzM,0.14425291985236594,0.254313243032237,8,8
2020-06-28,Oran,0.0742419231041777,0.19325617793642103,8,8
2020-06-28,TzM,0.14254033469019062,0.25311993664179583,8,8
2020-06-29,Oran,0.0777000134261172,0.19227422161913307,8,8
2020-06-29,TzM,0.14705731992695575,0.2522485562673721,8,8
2020-06-30,Oran,0.07400180714235438,0.19116684464035463,8,8
2020-06-30,TzM,0.13558324650358894,0.2504790996777286,8,8
2020-07-01,Oran,0.07474507673597724,0.19032173001008929,8,8
2020-07-01,TzM,0.13786706968676293,0.24954267731549115,8,8
2020-07-02,Oran,0.07443797965152336,0.18937236452322512,8,8
2020-07-02,TzM,0.14130453010530844,0.24887686076353446,8,8
2020-07-03,Oran,0.07209662111384454,0.18845155854694176,8,8
2020-07-03,TzM,0.13379232163884133,0.24779666254394928,8,8
2020-07-04,Oran,0.07334443381453143,0.18791299065361255,8,8
2020-07-04,TzM,0.13890918249901577,0.24737660057450592,8,8
2020-07-05,Oran,0.0673393343040933,0.18697408757126718,8,8
2020-07-05,TzM,0.12974241475488887,0.24590354703832412,8,8
2020-07-06,Oran,0.06863375899427734,0.1863215204267228,8,8
2020-07-06,TzM,0.1280075400044504,0.24474203017981425,8,8
2020-07-07,Oran,0.07388419524354278,0.18573941697106983,8,8
2020-07-07,TzM,0.13438301283780385,0.24410904834267533,8,8
2020-07-08,Oran,0.08015329886655331,0.1856611236135979,8,8
2020-07-08,TzM,0.14205659674112928,0.24414814186380487,8,8
2020-07-09,Oran,0.09295008754143946,0.1863042708425248,8,8
2020-07-09,TzM,0.19897176452765336,0.2477034176699817,8,8
2020-07-10,Oran,0.09523721821606156,0.1862123008451012,8,8
2020-07-10,TzM,0.20354129903410606,0.24863878438420783,8,8
2020-07-11,Oran,0.0827052131875372,0.1850948699124035,8,8
2020-07-11,TzM,0.1885719219908902,0.24795749747365906,8,8
2020-07-12,Oran,0.10269584296057455,0.1858373393961152,8,8
2020-07-12,TzM,0.20131194421800927,0.24854865451465896,8,8
2020-07-13,Oran,0.16061458226110112,0.1899938650307108,8,8
2020-07-13,TzM,0.23285811028051137,0.25325694444932434,8,8
2020-07-14,Oran,0.1575337375590547,0.190283817938361,8,8
2020-07-14,TzM,0.2162402530053728,0.25249273105107833,8,8
2020-07-15,Oran,0.17183434365958458,0.1924015058479348,8,8
2020-07-15,TzM,0.2360823492972964,0.255023571674859,8,8
2020-07-16,Oran,0.1394461100096585,0.19035824323531053,8,8
2020-07-16,TzM,0.19916409959918568,0.25226728598538195,8,8
2020-07-17,Oran,0.11499572680560777,0.1882657993951293,8,8
2020-07-17,TzM,0.165375224740465,0.24868785371195132,8,8
2020-07-18,Oran,0.10815507713705297,0.18727310864773927,8,8
2020-07-18,TzM,0.1593409342550378,0.24677911476158582,8,8
2020-07-19,Oran,0.10905341577761972,0.18671005109905214,8,8
2020-07-19,TzM,0.15981093756425632,0.2456067308697751,8,8
2020-07-20,Oran,0.1524712785773101,0.18917777229283675,8,8
2020-07-20,TzM,0.18896211654339962,0.2465730295761635,8,8
2020-07-21,Oran,0.12438224118019713,0.18708258629089494,8,8
2020-07-21,TzM,0.15838357456347069,0.24378908117987996,8,8
2020-07-22,Oran,0.10005709964659856,0.18505768481580936,8,8
2020-07-22,TzM,0.1467944153762226,0.24204941427237106,8,8
2020-07-23,Oran,0.09416530987278357,0.18382550659360453,8,8
2020-07-23,TzM,0.15046015930803194,0.241308585801897,8,8
2020-07-24,Oran,0.08374904400562162,0.18228182558153494,8,8
2020-07-24,TzM,0.1440040555286319,0.2398810142675708,8,8
2020-07-25,Oran,0.07847009398287433,0.1811062436672996,8,8
2020-07-25,TzM,0.13999785224931605,0.23868089996425332,8,8
2020-07-26,Oran,0.07874704233263845,0.18015671768760091,8,8
2020-07-26,TzM,0.13746428664614396,0.2375753940524239,8,8
2020-07-27,Oran,0.07641886586598194,0.17898790839998446,8,8
2020-07-27,TzM,0.1335242555176496,0.23630887132726214,8,8
2020-07-28,Oran,0.07541662875685043,0.17799159924148533,8,8
2020-07-28,TzM,0.13053545788677995,0.23514749060728043,8,8
2020-07-29,Oran,0.07787700654847207,0.17740064215098247,8,8
2020-07-29,TzM,0.12384130111221514,0.23402375953370017,8,8
2020-07-30,Oran,0.08530554777835722,0.17733498555226404,8,8
2020-07-30,TzM,0.1421065900909812,0.23425880113714617,8,8
2020-07-31,Oran,0.10044525362490139,0.17759166781286723,8,8
2020-07-31,TzM,0.18813820291114478,0.23653969070629063,8,8
2020-08-01,Oran,0.07795651950033713,0.17542898926700723,8,8
2020-08-01,TzM,0.1542353736922929,0.2342137905131829,8,8
2020-08-02,Oran,0.06031770388916375,0.17352920953856138,8,8
2020-08-02,TzM,0.13570124459894076,0.23235591814706194,8,8
2020-08-03,Oran,0.06582097019236836,0.1733778838373598,8,8
2020-08-03,TzM,0.1487460317623213,0.2326839572112811,8,8
2020-08-04,Oran,0.06269694362599093,0.173001750063945,8,8
2020-08-04,TzM,0.13299758319044483,0.23139274816371885,8,8
2020-08-05,Oran,0.06286229168019085,0.1727128831883434,8,8
2020-08-05,TzM,0.12756872129638822,0.2305612712118186,8,8
2020-08-06,Oran,0.05738214122009323,0.17215680761537588,8,8
2020-08-06,TzM,0.12152066576833784,0.22994710181496641,8,8
2020-08-07,Oran,0.059225679537067616,0.17180603309610826,8,8
2020-08-07,TzM,0.11880322047938147,0.2293567234944356,8,8
2020-08-08,Oran,0.0714170366724128,0.17193776894299706,8,8
2020-08-08,TzM,0.12793764024115115,0.22931666005598866,8,8
2020-08-09,Oran,0.08576864336357737,0.172125645329962,8,8
2020-08-09,TzM,0.13469259212357232,0.22921153971631272,8,8
2020-08-10,Oran,0.09684997917320881,0.17240534742347527,8,8
2020-08-10,TzM,0.1391624195599242,0.22897952559747192,8,8
2020-08-11,Oran,0.1398186652814267,0.17485957738683844,8,8
2020-08-11,TzM,0.17884479258760902,0.2313030990526864,8,8
2020-08-12,Oran,0.1708937813451544,0.17911951759921718,8,8
2020-08-12,TzM,0.24782416203647456,0.24967124651333217,8,8
2020-08-13,Oran,0.14033286860976057,0.1781175033968003,8,8
2020-08-13,TzM,0.21621831526097493,0.25143678094211375,8,8
2020-08-14,Oran,0.10050510286857356,0.17546656249610126,8,8
2020-08-14,TzM,0.1851888463685387,0.24718313047196716,8,8
2020-08-15,Oran,0.06649480152447688,0.17252941413736733,8,8
2020-08-15,TzM,0.15167424535244012,0.2425475194437527,8,8
2020-08-16,Oran,0.05981685132032531,0.171270048325179,8,8
2020-08-16,TzM,0.1328545253613571,0.23925625040244894,8,8
2020-08-17,Oran,0.05269627987300271,0.17041359357535837,8,8
2020-08-17,TzM,0.1205126344667453,0.2368858579154077,8,8
2020-08-18,Oran,0.050794026600654935,0.16974685275774506,8,8
2020-08-18,TzM,0.12038069146097094,0.23528579298995037,8,8
2020-08-19,Oran,0.06133260047521255,0.16969423320938326,8,8
2020-08-19,TzM,0.12819959500829048,0.2342835605928772,8,8
2020-08-20,Oran,0.061424558681481625,0.1690767518992795,8,8
2020-08-20,TzM,0.1207590233381396,0.232219489879514,8,8
2020-08-21,Oran,0.06355610786952441,0.16851375225748194,8,8
2020-08-21,TzM,0.12477125661864286,0.2311348941569265,8,8
2020-08-22,Oran,0.054606687414963676,0.16761312961700506,8,8
2020-08-22,TzM,0.12076791437146692,0.2299244693039279,8,8
2020-08-23,Oran,0.05587662668043712,0.16739703192696215,8,8
2020-08-23,TzM,0.1256714814195507,0.2294653860950156,8,8
2020-08-24,Oran,0.06180790693606015,0.16757523331363666,8,8
2020-08-24,TzM,0.13122833147644994,0.2292112465947866,8,8
2020-08-25,Oran,0.05744861425740305,0.16700057291471562,8,8
2020-08-25,TzM,0.1208367543463521,0.22799474873432984,8,8
2020-08-26,Oran,0.05746854988888635,0.16640413883523858,8,8
2020-08-26,TzM,0.11319379294046049,0.22663954429720573,8,8
2020-08-27,Oran,0.060417264564054364,0.16594909184658133,8,8
2020-08-27,TzM,0.11707201785113854,0.22609894967785002,8,8
2020-08-28,Oran,0.056006038483598634,0.16520340352884078,8,8
2020-08-28,TzM,0.11611499499505087,0.22544151926903344,8,8
2020-08-29,Oran,0.05780827158481855,0.16517573709859218,8,8
2020-08-29,TzM,0.1174830190598425,0.2252150856350597,8,8
2020-08-30,Oran,0.046331664617555016,0.1647793168904351,8,8
2020-08-30,TzM,0.1137434792655863,0.22498845269805504,8,8
2020-08-31,Oran,0.04061943564838801,0.1646620902797726,8,8
2020-08-31,TzM,0.10450108399106135,0.22411634390683546,8,8
2020-09-01,Oran,0.05075804785382549,0.16528188903190072,8,8
2020-09-01,TzM,0.11324868448182789,0.2244320391236167,8,8
2020-09-02,Oran,0.05386747336473127,0.1655318352714425,8,8
2020-09-02,TzM,0.10853274151878917,0.2240004854178742,8,8
2020-09-03,Oran,0.06225165866590177,0.1658541159857003,8,8
2020-09-03,TzM,0.11407657996230561,0.22402240875128066,8,8
2020-09-04,Oran,0.06630472862085354,0.1660243413059926,8,8
2020-09-04,TzM,0.12113527516148195,0.2242008301576501,8,8
2020-09-05,Oran,0.05497888028163644,0.16515412407576058,8,8
2020-09-05,TzM,0.11353414031787232,0.22340101885952446,8,8
2020-09-06,Oran,0.0547019722031765,0.16480339378362793,8,8
2020-09-06,TzM,0.1165619618014285,0.2232054583728313,8,8
2020-09-07,Oran,0.05426264719610081,0.16465432167541783,8,8
2020-09-07,TzM,0.11710954164185458,0.22306286935743527,8,8
2020-09-08,Oran,0.05285570633093836,0.16465571610653984,8,8
2020-09-08,TzM,0.10373819361771698,0.22210434549733205,8,8
2020-09-09,Oran,0.05978530177877084,0.16500937310887162,8,8
2020-09-09,TzM,0.10698271022441694,0.22210510663296043,8,8
2020-09-10,Oran,0.052249857647436025,0.16441827520239544,8,8
2020-09-10,TzM,0.10584382360684683,0.22182311333323773,8,8
2020-09-11,Oran,0.05465008959357363,0.164192288674292,8,8
2020-09-11,TzM,0.11069351655284036,0.22172279655933377,8,8
2020-09-12,Oran,0.06224311119342432,0.16428838121231457,8,8
2020-09-12,TzM,0.11755174406693851,0.2218341481332716,8,8
2020-09-13,Oran,0.05738839447864739,0.1638701831219626,8,8
2020-09-13,TzM,0.11111047249563082,0.22121347330118477,8,8
2020-09-14,Oran,0.064697756196876,0.16421922577209158,8,8
2020-09-14,TzM,0.12656140242899322,0.2218614667654037,8,8
2020-09-15,Oran,0.07417423758564175,0.16470488323906404,8,8
2020-09-15,TzM,0.1606216700563795,0.22384146375483582,8,8
2020-09-16,Oran,0.057522297584925,0.16350902685987165,8,8
2020-09-16,TzM,0.1279919183764018,0.22204369414401676,8,8
2020-09-17,Oran,0.09661350919880335,0.16533501133566994,8,8
2020-09-17,TzM,0.15944170022052462,0.22368868950166199,8,8
2020-09-18,Oran,0.20791683046788462,0.17970366641024094,8,8
2020-09-18,TzM,0.25741828225651064,0.23964234875931745,8,8
2020-09-19,Oran,0.17733309150474968,0.18707087022847815,8,8
2020-09-19,TzM,0.2450377418304254,0.2500993432967286,8,8
2020-09-20,Oran,0.1504275007081813,0.18398740030825134,8,8
2020-09-20,TzM,0.2137283671059106,0.24514167700085393,8,8
2020-09-21,Oran,0.13243189330105895,0.18139317751419345,8,8
2020-09-21,TzM,0.2014561592552222,0.24192607991005244,8,8
2020-09-22,Oran,0.11279657526155473,0.17888926946115297,8,8
2020-09-22,TzM,0.1848006808248005,0.2392966016685884,8,8
2020-09-23,Oran,0.09611853926335687,0.17659736445448435,8,8
2020-09-23,TzM,0.16616732842828094,0.23682409073961402,8,8
2020-09-24,Oran,0.07584364679260328,0.17447994461924324,8,8
2020-09-24,TzM,0.16630285571169987,0.23558143085162886,8,8
2020-09-25,Oran,0.07275833298803348,0.17369032616375898,8,8
2020-09-25,TzM,0.19842923354161407,0.23685997734336472,8,8
2020-09-26,Oran,0.05682125755539923,0.1723175598888612,8,8
2020-09-26,TzM,0.16864342564459592,0.23474329523742193,8,8
2020-09-27,Oran,0.04849865117461461,0.17125288949149553,8,8
2020-09-27,TzM,0.15485677987300348,0.23323071199028111,8,8
2020-09-28,Oran,0.057143314475895886,0.17096130310511976,8,8
2020-09-28,TzM,0.15254892058989128,0.2324146079389672,8,8
2020-09-29,Oran,0.04915151712866344,0.1697492032876757,8,8
2020-09-29,TzM,0.12699459934313043,0.22988643830544064,8,8
2020-09-30,Oran,0.055120582359491764,0.16929903657587822,8,8
2020-09-30,TzM,0.12839100111006316,0.22896634993192394,8,8
2020-10-01,Oran,0.05273637927641141,0.16848260172810706,8,8
2020-10-01,TzM,0.12106264181324816,0.22767343117218264,8,8
2020-10-02,Oran,0.09859435277700912,0.1709917038434841,8,8
2020-10-02,TzM,0.18214411848825152,0.23319034310866535,8,8
2020-10-03,Oran,0.17226416631067384,0.1781625277378031,8,8
2020-10-03,TzM,0.23562328262548693,0.24578150182251668,8,8
2020-10-04,Oran,0.15958423099679045,0.17803627971376548,8,8
2020-10-04,TzM,0.22100801520833838,0.24364053546818654,8,8
2020-10-05,Oran,0.14524466501640487,0.17723404653370378,8,8
2020-10-05,TzM,0.20618852443600952,0.2413370496973297,8,8
2020-10-06,Oran,0.13257360895942957,0.17625294554917537,8,8
2020-10-06,TzM,0.1921609280336844,0.23951617715341084,8,8
2020-10-07,Oran,0.11803042756424083,0.17485805605156496,8,8
2020-10-07,TzM,0.16112329872741704,0.23624636242656327,8,8
2020-10-08,Oran,0.1066801706359523,0.17354124975619742,8,8
2020-10-08,TzM,0.15111269164634375,0.23421968392243506,8,8
2020-10-09,Oran,0.09861409924008313,0.17259319179737176,8,8
2020-10-09,TzM,0.14684719378802627,0.2330914168177466,8,8
2020-10-10,Oran,0.08036228267201143,0.1711100375127108,8,8
2020-10-10,TzM,0.12366915392033799,0.230786085422886,8,8
2020-10-11,Oran,0.08202029782973348,0.17068659850686296,8,8
2020-10-11,TzM,0.13149711822992877,0.2303527257356204,8,8
2020-10-12,Oran,0.06583504971025173,0.1693948597693052,8,8
2020-10-12,TzM,0.11622210031399793,0.22879935801029203,8,8
2020-10-13,Oran,0.055634591081103316,0.16845126889157486,8,8
2020-10-13,TzM,0.12351234792272164,0.22847303954002102,8,8
2020-10-14,Oran,0.06439719055092233,0.16855791899390882,8,8
2020-10-14,TzM,0.13564464665557208,0.22866797182512907,8,8
2020-10-15,Oran,0.04637282760966504,0.16741144339569278,8,8
2020-10-15,TzM,0.1143002230735299,0.22705411048311935,8,8
2020-10-16,Oran,0.04084740567982924,0.16677237678258142,8,8
2020-10-16,TzM,0.11222596746703947,0.22642746763794042,8,8
2020-10-17,Oran,0.040083391138459275,0.16644034611030678,8,8
2020-10-17,TzM,0.10702396560564485,0.22561578560424475,8,8
2020-10-18,Oran,0.042553532601440985,0.1662805446713674,8,8
2020-10-18,TzM,0.1084426060689637,0.22522948388206326,8,8
2020-10-19,Oran,0.05291367693514117,0.16651099165443511,8,8
2020-10-19,TzM,0.12147686098040517,0.22557384442341955,8,8
2020-10-20,Oran,0.045835750595834376,0.165968477054209,8,8
2020-10-20,TzM,0.12490369996062083,0.22547794858876025,8,8
2020-10-21,Oran,0.08256274533198503,0.16761648891890632,8,8
2020-10-21,TzM,0.16180444381346826,0.22720417968536677,8,8
2020-10-22,Oran,0.16913755989526624,0.17498059777207062,8,8
2020-10-22,TzM,0.2385151753428784,0.23573396611640127,8,8
2020-10-23,Oran,0.18165348159363032,0.18385017230862477,8,8
2020-10-23,TzM,0.23480726246060307,0.2443822652322093,8,8
2020-10-24,Oran,0.16179253615927497,0.18322039120143552,8,8
2020-10-24,TzM,0.21525514312088484,0.2422855125286763,8,8
2020-10-25,Oran,0.13596094402438788,0.17992895422656024,8,8
2020-10-25,TzM,0.18519230863373526,0.23911059815681682,8,8
2020-10-26,Oran,0.1633134698953296,0.1810820243580908,8,8
2020-10-26,TzM,0.21959744018232938,0.2405067989786498,8,8
2020-10-27,Oran,0.1588266223669052,0.18067277231421627,8,8
2020-10-27,TzM,0.21269995052563512,0.24004949295991343,8,8
2020-10-28,Oran,0.131598476112866,0.17864739569362068,8,8
2020-10-28,TzM,0.1858040998248677,0.23774527258386735,8,8
2020-10-29,Oran,0.11997970829061305,0.17728592630658968,8,8
2020-10-29,TzM,0.17922226545449932,0.23658940558762923,8,8
2020-10-30,Oran,0.10380109582462754,0.1757357361131027,8,8
2020-10-30,TzM,0.1743818581300346,0.23550060352212498,8,8
2020-10-31,Oran,0.08920859590966679,0.17448094658187177,8,8
2020-10-31,TzM,0.15428765922000529,0.23347514475646766,8,8
2020-11-01,Oran,0.08628792831155113,0.17375452799997365,8,8
2020-11-01,TzM,0.1538040229474733,0.23265830221536912,8,8
2020-11-02,Oran,0.07156347158044328,0.1721476945903946,8,8
2020-11-02,TzM,0.135747385517645,0.23101938486491375,8,8
2020-11-03,Oran,0.06896692672133685,0.17141980715706698,8,8
2020-11-03,TzM,0.1300779337792559,0.22994041815400118,8,8
2020-11-04,Oran,0.1412632441713062,0.175592155913349,8,8
2020-11-04,TzM,0.25251439801956477,0.2415573074127008,8,8
2020-11-05,Oran,0.26023728776662075,0.20368491188913093,8,8
2020-11-05,TzM,0.2945645482794038,0.26908379446372,8,8
2020-11-06,Oran,0.2290469454998364,0.22286119553886471,8,8
2020-11-06,TzM,0.28541595887049637,0.2841833746183271,8,8
2020-11-07,Oran,0.23763627721393693,0.2231126226606916,8,8
2020-11-07,TzM,0.30588018502059733,0.2894731018888323,8,8
2020-11-08,Oran,0.22531921790882212,0.2179911564241667,8,8
2020-11-08,TzM,0.2932305284714522,0.2917378466073913,8,8
2020-11-09,Oran,0.2048743250428653,0.2135053540595242,8,8
2020-11-09,TzM,0.2790580452664902,0.290034121000453,8,8
2020-11-10,Oran,0.1984701520228972,0.20859191401815805,8,8
2020-11-10,TzM,0.2819215316129358,0.28499264701416616,8,8
2020-11-11,Oran,0.1988590622534517,0.20338656803379287,8,8
2020-11-11,TzM,0.27991965426573234,0.2810320191171118,8,8
2020-11-12,Oran,0.188866620413104,0.2005197379554881,8,8
2020-11-12,TzM,0.26405462334667773,0.2763120522232432,8,8
2020-11-13,Oran,0.18792659562142167,0.1989271878096901,8,8
2020-11-13,TzM,0.2574083602521568,0.27224596021206754,8,8
2020-11-14,Oran,0.1908643624210944,0.19803308166685651,8,8
2020-11-14,TzM,0.2588108025711814,0.27030909826096733,8,8
2020-11-15,Oran,0.187214406604161,0.19703164827994632,8,8
2020-11-15,TzM,0.2531106196907594,0.26893956779722905,8,8
2020-11-16,Oran,0.18180856599670941,0.19566860843266617,8,8
2020-11-16,TzM,0.2508335846451748,0.26787704677247487,8,8
2020-11-17,Oran,0.17382282488292355,0.19427474078218462,8,8
2020-11-17,TzM,0.24244095943255442,0.26649333402440933,8,8
2020-11-18,Oran,0.16576476969801987,0.19302571127038506,8,8
2020-11-18,TzM,0.23260238913721154,0.26509225253922564,8,8
2020-11-19,Oran,0.1621400929193516,0.19232672477354767,8,8
2020-11-19,TzM,0.2213843479556472,0.263573187611703,8,8
2020-11-20,Oran,0.15705521437110467,0.19157438593321158,8,8
2020-11-20,TzM,0.21537127218356253,0.262506159904756,8,8
2020-11-21,Oran,0.13785183607127333,0.19006135174851924,8,8
2020-11-21,TzM,0.19688958204106277,0.2607289903343802,8,8
2020-11-22,Oran,0.13462660064707035,0.1893913667404749,8,8
2020-11-22,TzM,0.19279409347004006,0.25970521729169904,8,8
2020-11-23,Oran,0.12891210501128042,0.18872062474733492,8,8
2020-11-23,TzM,0.1962104236805125,0.25923803833460335,8,8
2020-11-24,Oran,0.11827290934189905,0.18775095638559489,8,8
2020-11-24,TzM,0.17993364787023317,0.25780206686498497,8,8
2020-11-25,Oran,0.11837393820713285,0.1873248077074035,8,8
2020-11-25,TzM,0.18387050897275142,0.2573881035572604,8,8
2020-11-26,Oran,0.12063240485235312,0.18697927725486085,8,8
2020-11-26,TzM,0.19404939326800794,0.2574439522209822,8,8
2020-11-27,Oran,0.23836872517207605,0.20002050228172635,8,8
2020-11-27,TzM,0.3007127131874624,0.27346189467751075,8,8
2020-11-28,Oran,0.21438753872376973,0.21143078621415817,8,8
2020-11-28,TzM,0.28207868931962077,0.28695601633578344,8,8
2020-11-29,Oran,0.212196162495701,0.2098008506610745,8,8
2020-11-29,TzM,0.2876101942046692,0.28659171353118784,8,8
2020-11-30,Oran,0.2050011696324485,0.20932679225186832,8,8
2020-11-30,TzM,0.2838409919487802,0.2875346959029373,8,8
2020-12-01,Oran,0.19247898780664457,0.20697153912338073,8,8
2020-12-01,TzM,0.2678972853249625,0.2827595301756733,8,8
2020-12-02,Oran,0.19677159927907534,0.20642233152614264,8,8
2020-12-02,TzM,0.2696488242179743,0.281307165890834,8,8
2020-12-03,Oran,0.19815106167778615,0.2058322931716188,8,8
2020-12-03,TzM,0.2674683209226809,0.279841433064767,8,8
2020-12-04,Oran,0.20592095494636745,0.20533403330406202,8,8
2020-12-04,TzM,0.2592789016014553,0.27802642546349055,8,8
2020-12-05,Oran,0.19538330250099054,0.2046343538116236,8,8
2020-12-05,TzM,0.27572467152372393,0.27994603440655685,8,8
2020-12-06,Oran,0.18216131305719008,0.2026285908200213,8,8
2020-12-06,TzM,0.2658218501907724,0.27826838251080754,8,8
2020-12-07,Oran,0.170945727318281,0.20093843516756274,8,8
2020-12-07,TzM,0.252824899385144,0.27672761235092025,8,8
2020-12-08,Oran,0.20759876603107957,0.2040176348241626,8,8
2020-12-08,TzM,0.2676289923011178,0.2774204876469938,8,8
2020-12-09,Oran,0.19873926921091115,0.20567709044476998,8,8
2020-12-09,TzM,0.26924232364705714,0.2782965380588154,8,8
2020-12-10,Oran,0.20062404467312037,0.20531859874847477,8,8
2020-12-10,TzM,0.2730309102181835,0.2786231094199281,8,8
2020-12-11,Oran,0.21203955042435493,0.20613142667857348,8,8
2020-12-11,TzM,0.291368449235482,0.2818814527525223,8,8
2020-12-12,Oran,0.20454159807719163,0.20611485562852172,8,8
2020-12-12,TzM,0.2780996541137268,0.28270992846228177,8,8
2020-12-13,Oran,0.18657428073223495,0.2045344306552996,8,8
2020-12-13,TzM,0.26993277444087554,0.2812850134153115,8,8
2020-12-14,Oran,0.18126567810407423,0.20354383316074237,8,8
2020-12-14,TzM,0.2716528315427958,0.28071943464027227,8,8
2020-12-15,Oran,0.19962063086081722,0.20471743071665527,8,8
2020-12-15,TzM,0.28338279477075523,0.2826627398792066,8,8
2020-12-16,Oran,0.18302227738084362,0.20339708827191685,8,8
2020-12-16,TzM,0.26102618503653885,0.2806086573860069,8,8
2020-12-17,Oran,0.17280261810930045,0.20241872455130833,8,8
2020-12-17,TzM,0.2518208407870445,0.27932377619742366,8,8
2020-12-18,Oran,0.16618942982959942,0.2016086045347276,8,8
2020-12-18,TzM,0.24393931404981561,0.27799530627549085,8,8
2020-12-19,Oran,0.18362771490680388,0.20222643671832122,8,8
2020-12-19,TzM,0.2685129173884266,0.2793794882447017,8,8
2020-12-20,Oran,0.22429849261753868,0.20932364113262442,8,8
2020-12-20,TzM,0.2923401329776664,0.2889344764162639,8,8
2020-12-21,Oran,0.18858176484459735,0.20672754771763183,8,8
2020-12-21,TzM,0.2631842029942689,0.28553541184182424,8,8
2020-12-22,Oran,0.18046765788534624,0.20527372833524568,8,8
2020-12-22,TzM,0.2607284291880205,0.283539179816695,8,8
2020-12-23,Oran,0.169276917279988,0.20372966003344684,8,8
2020-12-23,TzM,0.2573105131802884,0.28222779220729866,8,8
2020-12-24,Oran,0.1668030039758467,0.2027451265481163,8,8
2020-12-24,TzM,0.24507099341012925,0.2806672679052051,8,8
2020-12-25,Oran,0.16067905757637296,0.20202023427261678,8,8
2020-12-25,TzM,0.2347124466966641,0.279293325974753,8,8
2020-12-26,Oran,0.1512522751007412,0.2011699221967185,8,8
2020-12-26,TzM,0.22715332074777073,0.2780736455706095,8,8
2020-12-27,Oran,0.13838643728465327,0.20002709503789412,8,8
2020-12-27,TzM,0.21118265096294248,0.2760566567732511,8,8
2020-12-28,Oran,0.13400646118966278,0.199387884762932,8,8
2020-12-28,TzM,0.20989936273422483,0.2753120988092728,8,8
2020-12-29,Oran,0.16228769404477755,0.20088750083671236,8,8
2020-12-29,TzM,0.25822329187863746,0.2789392777792129,8,8
2020-12-30,Oran,0.17216482553936419,0.20138819447917036,8,8
2020-12-30,TzM,0.26855011569262527,0.2810844051908995,8,8
2020-12-31,Oran,0.16223714699144245,0.20077799071908972,8,8
2020-12-31,TzM,0.2560454699590704,0.2801503689751323,8,8
2021-01-01,Oran,0.1741186908889012,0.20133187919855114,8,8
2021-01-01,TzM,0.2804523310378978,0.28240796113631833,8,8
2021-01-02,Oran,0.17382442275153806,0.20144046582892292,8,8
2021-01-02,TzM,0.263510232662635,0.28167976458605964,8,8
2021-01-03,Oran,0.1672391699230084,0.20107573436298326,8,8
2021-01-03,TzM,0.25647023124130147,0.280830677960215,8,8
2021-01-04,Oran,0.16344688054113113,0.20081043430894124,8,8
2021-01-04,TzM,0.25378290037501994,0.2803392951732109,8,8
2021-01-05,Oran,0.16116126544285014,0.20063523777195663,8,8
2021-01-05,TzM,0.2527500891285997,0.2799984028464869,8,8
2021-01-06,Oran,0.16092292465513847,0.20059920011363067,8,8
2021-01-06,TzM,0.2515739615896324,0.279639642397677,8,8
2021-01-07,Oran,0.18676378527259238,0.20263371916457273,8,8
2021-01-07,TzM,0.27013217419459434,0.28100311563129676,8,8
2021-01-08,Oran,0.19030213453730596,0.203423356338114,8,8
2021-01-08,TzM,0.26501546094292083,0.28121138448630895,8,8
2021-01-09,Oran,0.20290553812242917,0.20469625184892626,8,8
2021-01-09,TzM,0.26527024475293914,0.28138330235072456,8,8
2021-01-10,Oran,0.20526727414766294,0.20614146574354558,8,8
2021-01-10,TzM,0.26722948325454793,0.2817096493917664,8,8
2021-01-11,Oran,0.2101568533565666,0.20739039608323181,8,8
2021-01-11,TzM,0.27554123571118044,0.2825521572897407,8,8
2021-01-12,Oran,0.21027283079189352,0.2087672252024783,8,8
2021-01-12,TzM,0.2721712090332355,0.2830899022519588,8,8
2021-01-13,Oran,0.22728153511759686,0.21239866528232565,8,8
2021-01-13,TzM,0.2701307227038533,0.2831005259649828,8,8
2021-01-14,Oran,0.23307658876674098,0.21691057643563041,8,8
2021-01-14,TzM,0.27116617530363757,0.2837099389503955,8,8
2021-01-15,Oran,0.22846235339148122,0.2187642042387704,8,8
2021-01-15,TzM,0.2832347468325966,0.285251506291771,8,8
2021-01-16,Oran,0.22501027104673813,0.21937076049994247,8,8
2021-01-16,TzM,0.291427145332196,0.28801992065028137,8,8
2021-01-17,Oran,0.21262902263857303,0.21890441031485305,8,8
2021-01-17,TzM,0.2915728807841476,0.28985841748745816,8,8
2021-01-18,Oran,0.20185211262375602,0.2173409434371307,8,8
2021-01-18,TzM,0.2968327718737878,0.29198877062452466,8,8
2021-01-19,Oran,0.1953900074372526,0.2157570571623376,8,8
2021-01-19,TzM,0.2905011382199039,0.29293954450833165,8,8
2021-01-20,Oran,0.21649744281636885,0.2167473688049883,8,8
2021-01-20,TzM,0.30397128245768773,0.2950431743734761,8,8
2021-01-21,Oran,0.215295378961524,0.21782087972540348,8,8
2021-01-21,TzM,0.3060292730990209,0.2998563660994956,8,8
2021-01-22,Oran,0.22809849175639818,0.21958160385123038,8,8
2021-01-22,TzM,0.31244661717822675,0.30451817967389755,8,8
2021-01-23,Oran,0.21766065468431492,0.22264222674926773,8,8
2021-01-23,TzM,0.30118943378329277,0.31005456749545895,8,8
2021-01-24,Oran,0.21066803767910744,0.21995842866599558,8,8
2021-01-24,TzM,0.30368724053627566,0.30653296116935574,8,8
2021-01-25,Oran,0.2200903667350773,0.21940186967859499,8,8
2021-01-25,TzM,0.3012718456356149,0.30431475313870526,8,8
2021-01-26,Oran,0.2029887968949118,0.21767363208117052,8,8
2021-01-26,TzM,0.28744467308646754,0.3011358976364136,8,8
2021-01-27,Oran,0.2056292403489351,0.21713022340516575,8,8
2021-01-27,TzM,0.2956347850420953,0.30084655492713575,8,8
2021-01-28,Oran,0.1974927295182572,0.2162591758932246,8,8
2021-01-28,TzM,0.28496287102614964,0.2998115983056394,8,8
2021-01-29,Oran,0.1945365732627325,0.21546804283241752,8,8
2021-01-29,TzM,0.2832838665191574,0.29868640691826215,8,8
2021-01-30,Oran,0.19749402827048887,0.21552139503545445,8,8
2021-01-30,TzM,0.27598110308846163,0.2975797953182145,8,8
2021-01-31,Oran,0.1831766471022465,0.21413630705143583,8,8
2021-01-31,TzM,0.26939326432827665,0.29647488499942576,8,8
2021-02-01,Oran,0.1701896639082764,0.21275470016188305,8,8
2021-02-01,TzM,0.27713028350722435,0.2971308803872058,8,8
2021-02-02,Oran,0.16350835363273736,0.211648316125645,8,8
2021-02-02,TzM,0.26700698091084824,0.296124791628436,8,8
2021-02-03,Oran,0.16825590266800317,0.2113796792985474,8,8
2021-02-03,TzM,0.2649076279669411,0.2955107604594607,8,8
2021-02-04,Oran,0.15493539992536676,0.21019194015591844,8,8
2021-02-04,TzM,0.24657420758280507,0.2935210078170425,8,8
2021-02-05,Oran,0.15862292697439426,0.20988457594982912,8,8
2021-02-05,TzM,0.24316565522703487,0.2924342475047237,8,8
2021-02-06,Oran,0.19331599560062412,0.21188831286596468,8,8
2021-02-06,TzM,0.29048261654220126,0.2968832436752946,8,8
2021-02-07,Oran,0.1889658403384392,0.21184354478218514,8,8
2021-02-07,TzM,0.2890124766058043,0.2988363559308805,8,8
2021-02-08,Oran,0.20136140813959424,0.2129380756225742,8,8
2021-02-08,TzM,0.2971276131115461,0.29998449824358286,8,8
2021-02-09,Oran,0.18917994541955774,0.21216010852548917,8,8
2021-02-09,TzM,0.29685051366686815,0.3005338715095269,8,8
2021-02-10,Oran,0.17916593459419536,0.2114641971214384,8,8
2021-02-10,TzM,0.2869011170206297,0.2997799237307749,8,8
2021-02-11,Oran,0.18718604995701155,0.21215669813214752,8,8
2021-02-11,TzM,0.2788274554523492,0.2985305341058656,8,8
2021-02-12,Oran,0.17828004594098346,0.21130631647881912,8,8
2021-02-12,TzM,0.27955394790287275,0.2980896487439933,8,8
2021-02-13,Oran,0.16158679335943008,0.20993591915877136,8,8
2021-02-13,TzM,0.26731312558618614,0.2968346056969542,8,8
2021-02-14,Oran,0.1457136220008623,0.20850836647460694,8,8
2021-02-14,TzM,0.2512605946486522,0.29515483838162926,8,8
2021-02-15,Oran,0.14160308156345708,0.20773580667913935,8,8
2021-02-15,TzM,0.23868960002437228,0.2934725896308296,8,8
2021-02-16,Oran,0.1419542189870701,0.20736295954614387,8,8
2021-02-16,TzM,0.24178992637040972,0.2929648219754821,8,8
2021-02-17,Oran,0.13492074464982162,0.2064403067113923,8,8
2021-02-17,TzM,0.23144035685292785,0.29155795001669926,8,8
2021-02-18,Oran,0.13812466293084816,0.20611503154772223,8,8
2021-02-18,TzM,0.22797087619179168,0.2905386545156178,8,8
2021-02-19,Oran,0.1430678563528373,0.20605628561900283,8,8
2021-02-19,TzM,0.2304239673049826,0.29007670126463236,8,8
2021-02-20,Oran,0.1266769429546643,0.20480531691649895,8,8
2021-02-20,TzM,0.20499390618581514,0.28765940924150574,8,8
2021-02-21,Oran,0.1629555697201705,0.20685571077905712,8,8
2021-02-21,TzM,0.25038034872666587,0.29089686330285314,8,8
2021-02-22,Oran,0.2265171793701707,0.218400727212429,8,8
2021-02-22,TzM,0.3148589620464726,0.31086265452598266,8,8
2021-02-23,Oran,0.20419093943277342,0.21805439197504126,8,8
2021-02-23,TzM,0.30946791838658483,0.3126475046339788,8,8
2021-02-24,Oran,0.19136840232693755,0.21622913716147177,8,8
2021-02-24,TzM,0.2900363738820153,0.30855050330099304,8,8
2021-02-25,Oran,0.17777377652218107,0.21445462816074243,8,8
2021-02-25,TzM,0.2793468937804726,0.3051589766615315,8,8
2021-02-26,Oran,0.17074285700428676,0.2130690204132287,8,8
2021-02-26,TzM,0.26738090283776583,0.3025596135933148,8,8
2021-02-27,Oran,0.1675475123048317,0.21209661834186216,8,8
2021-02-27,TzM,0.2582664218866021,0.3005111029273585,8,8
2021-02-28,Oran,0.1513047748230031,0.2104094224081176,8,8
2021-02-28,TzM,0.24619933719575204,0.29861250951101903,8,8
2021-03-01,Oran,0.15397222644237216,0.21000709641175191,8,8
2021-03-01,TzM,0.24644034951435104,0.2977089721121286,8,8
2021-03-02,Oran,0.15141927030120714,0.20957637058540443,8,8
2021-03-02,TzM,0.24253915331792084,0.29654927630173533,8,8
2021-03-03,Oran,0.15170600262821696,0.20920206369435201,8,8
2021-03-03,TzM,0.2371040237761151,0.29542866996244377,8,8
2021-03-04,Oran,0.15418141167916233,0.20892842659940483,8,8
2021-03-04,TzM,0.2434407092851439,0.2952239838869948,8,8
2021-03-05,Oran,0.1347301309989368,0.20748430499043619,8,8
2021-03-05,TzM,0.21533227623685405,0.2926670510910059,8,8
2021-03-06,Oran,0.1396734168111789,0.20734612378673473,8,8
2021-03-06,TzM,0.2132203340726463,0.29159293166900935,8,8
2021-03-07,Oran,0.22731519289559027,0.21552888295445283,8,8
2021-03-07,TzM,0.24517272939096743,0.29288700673925244,8,8
2021-03-08,Oran,0.2359374438091868,0.22458795412886337,8,8
2021-03-08,TzM,0.30673073758493713,0.3001823152758573,8,8
2021-03-09,Oran,0.2237913199990499,0.22656233528109843,8,8
2021-03-09,TzM,0.29829057456778457,0.3060029662753406,8,8
2021-03-10,Oran,0.21189557442166765,0.22405624900196416,8,8
2021-03-10,TzM,0.28761416893623964,0.3042989981017614,8,8
2021-03-11,Oran,0.19205072321852698,0.22131722421064726,8,8
2021-03-11,TzM,0.26743870895159866,0.30170741245934835,8,8
2021-03-12,Oran,0.1763602336777038,0.21857993519086324,8,8
2021-03-12,TzM,0.2562629888324361,0.29967833486826795,8,8
2021-03-13,Oran,0.16528870506731208,0.2165633781217649,8,8
2021-03-13,TzM,0.23414614838915626,0.29710161431055315,8,8
2021-03-14,Oran,0.1563460709740881,0.21485197570968845,8,8
2021-03-14,TzM,0.22607374250104548,0.2952780502015038,8,8
2021-03-15,Oran,0.149321680601503,0.21341128329150985,8,8
2021-03-15,TzM,0.22160394372124417,0.2937383071372383,8,8
2021-03-16,Oran,0.13788153685812576,0.21170770365928038,8,8
2021-03-16,TzM,0.20646898115151804,0.291821528618273,8,8
2021-03-17,Oran,0.1348453129656979,0.21050080544635894,8,8
2021-03-17,TzM,0.20584015509015632,0.29068737045714726,8,8
2021-03-18,Oran,0.12998618010553664,0.20958284156732868,8,8
2021-03-18,TzM,0.19369778899770032,0.2890938625695478,8,8
2021-03-19,Oran,0.154886457330135,0.21058324355570993,8,8
2021-03-19,TzM,0.22021212333837814,0.28991409116669703,8,8
2021-03-20,Oran,0.19827820446159017,0.21366764256333715,8,8
2021-03-20,TzM,0.2710274860483447,0.29339681997110967,8,8
2021-03-21,Oran,0.17925653174885958,0.2127854663023694,8,8
2021-03-21,TzM,0.24798963130696822,0.292198059982375,8,8
2021-03-22,Oran,0.16546736207531118,0.21169883915391122,8,8
2021-03-22,TzM,0.21556583252784448,0.2892631566838214,8,8
2021-03-23,Oran,0.1532891225802605,0.21047692701953352,8,8
2021-03-23,TzM,0.20962015823706198,0.28809791110995175,8,8
2021-03-24,Oran,0.12982917852760822,0.2083582791209709,8,8
2021-03-24,TzM,0.1972220573378236,0.28643908642698074,8,8
2021-03-25,Oran,0.12285866618278571,0.20709836536743598,8,8
2021-03-25,TzM,0.19805146057746909,0.2854704206539808,8,8
2021-03-26,Oran,0.11196359231090933,0.20551064924993473,8,8
2021-03-26,TzM,0.18055615023599542,0.28353822947553303,8,8
2021-03-27,Oran,0.10870309112379782,0.20455011072583862,8,8
2021-03-27,TzM,0.1732522967657515,0.28217162822348696,8,8
2021-03-28,Oran,0.1149164782134724,0.20439532060237203,8,8
2021-03-28,TzM,0.18988448894264073,0.2825389471407489,8,8
2021-03-29,Oran,0.1080433006780069,0.20352776467067293,8,8
2021-03-29,TzM,0.18526909311032408,0.28169395402073855,8,8
2021-03-30,Oran,0.11527107370192882,0.2033132350530292,8,8
2021-03-30,TzM,0.2037334690317756,0.28220273792670153,8,8
2021-03-31,Oran,0.1176994706855201,0.2029684200821841,8,8
2021-03-31,TzM,0.20240234407155133,0.2816820215544124,8,8
2021-04-01,Oran,0.10289623430762132,0.20169156900927665,8,8
2021-04-01,TzM,0.1698017579313416,0.2789875712784889,8,8
2021-04-02,Oran,0.09695473493489082,0.2008875362269702,8,8
2021-04-02,TzM,0.17598199729783165,0.2785827348584701,8,8
2021-04-03,Oran,0.11207197246859305,0.20138730049499723,8,8
2021-04-03,TzM,0.1974393281607741,0.2794166180170386,8,8
2021-04-04,Oran,0.16603158367339702,0.20432490628273758,8,8
2021-04-04,TzM,0.2441718808289519,0.28222018950863886,8,8
2021-04-05,Oran,0.1498301751606288,0.20323291630407822,8,8
2021-04-05,TzM,0.23117822699101737,0.2815779956413041,8,8
2021-04-06,Oran,0.11769803145320194,0.20088765163768507,8,8
2021-04-06,TzM,0.19583146354048755,0.2787568923759911,8,8
2021-04-07,Oran,0.0973112880298104,0.19896353637097308,8,8
2021-04-07,TzM,0.18464401472163824,0.27715575263688436,8,8
2021-04-08,Oran,0.09708541639027045,0.19880309777914498,8,8
2021-04-08,TzM,0.18838809263941486,0.2768806541265037,8,8
2021-04-09,Oran,0.12201170905752745,0.19990500098124875,8,8
2021-04-09,TzM,0.22557782401379783,0.2791106812655926,8,8
2021-04-10,Oran,0.1629510041295749,0.20210019233407542,8,8
2021-04-10,TzM,0.24654882444117804,0.28074932591622004,8,8
2021-04-11,Oran,0.19891513011372475,0.2052081393535997,8,8
2021-04-11,TzM,0.2929154487731131,0.288456706624282,8,8
2021-04-12,Oran,0.19728365942347242,0.20639703878369484,8,8
2021-04-12,TzM,0.28078950451392876,0.29198247135469785,8,8
2021-04-13,Oran,0.17540085882437031,0.2052914619018308,8,8
2021-04-13,TzM,0.2576117451474267,0.28961955481453944,8,8
2021-04-14,Oran,0.1376571790483154,0.20307517004061915,8,8
2021-04-14,TzM,0.23449759747171278,0.2870872542568433,8,8
2021-04-15,Oran,0.17239016169590538,0.20503883237232925,8,8
2021-04-15,TzM,0.233609392975555,0.2860124138625044,8,8
2021-04-16,Oran,0.17912492860780385,0.20638806687393146,8,8
2021-04-16,TzM,0.2410130803350751,0.2857185733859966,8,8
2021-04-17,Oran,0.1637560608506691,0.20577955911638304,8,8
2021-04-17,TzM,0.23014696449114888,0.28432059974262586,8,8
2021-04-18,Oran,0.13915214512924676,0.20426141289902514,8,8
2021-04-18,TzM,0.21767396695519745,0.28240979306007685,8,8
2021-04-19,Oran,0.12317962940232671,0.20253027445468744,8,8
2021-04-19,TzM,0.1974398807322263,0.280139142867962,8,8
2021-04-20,Oran,0.1110606977532877,0.20106595816915152,8,8
2021-04-20,TzM,0.17962151630107603,0.27758002784838404,8,8
2021-04-21,Oran,0.11906010911906836,0.20081362527657726,8,8
2021-04-21,TzM,0.21178047868766278,0.27827997525271614,8,8
2021-04-22,Oran,0.2243981020738844,0.21034859727274197,8,8
2021-04-22,TzM,0.3108509804771625,0.2931952095823362,8,8
2021-04-23,Oran,0.21244080879527036,0.21480836730267178,8,8
2021-04-23,TzM,0.28689730598738317,0.29732667772393473,8,8
2021-04-24,Oran,0.22294257020608324,0.215977228298539,8,8
2021-04-24,TzM,0.30461040354873004,0.2989272230157726,8,8
2021-04-25,Oran,0.24316238309638422,0.22506127540693907,8,8
2021-04-25,TzM,0.30775235433401044,0.3057551889827377,8,8
2021-04-26,Oran,0.2483407157977096,0.23137709739022563,8,8
2021-04-26,TzM,0.3134120461886356,0.31059615059118517,8,8
2021-04-27,Oran,0.23797617253587866,0.22958880684292704,8,8
2021-04-27,TzM,0.3003891874166009,0.30581860812871076,8,8
2021-04-28,Oran,0.2358598800284452,0.23313405651171676,8,8
2021-04-28,TzM,0.3108798581126489,0.3077452712153133,8,8
2021-04-29,Oran,0.2147288404221906,0.23024175575644262,8,8
2021-04-29,TzM,0.29363883499325694,0.3062504420154973,8,8
2021-04-30,Oran,0.21220671684771286,0.22708771675214412,8,8
2021-04-30,TzM,0.28145907590116714,0.3030337544256135,8,8
2021-05-01,Oran,0.20209203836981388,0.22451329398594916,8,8
2021-05-01,TzM,0.26026312746475205,0.29948028039775393,8,8
2021-05-02,Oran,0.16981719027532902,0.22006547120628786,8,8
2021-05-02,TzM,0.23778868126560387,0.2961222907822383,8,8
2021-05-03,Oran,0.15512716797653767,0.21705970455754972,8,8
2021-05-03,TzM,0.21698687647126216,0.29319014066928306,8,8
2021-05-04,Oran,0.16074583184157237,0.21568783493559868,8,8
2021-05-04,TzM,0.21377795885660145,0.2911702390564115,8,8
2021-05-05,Oran,0.13967273807855413,0.21276039030463967,8,8
2021-05-05,TzM,0.1912368303501831,0.28768683891547353,8,8
2021-05-06,Oran,0.11956742659638647,0.2095090947984183,8,8
2021-05-06,TzM,0.17811813852504677,0.28433594620467995,8,8
2021-05-07,Oran,0.1104288994655257,0.20667849493930573,8,8
2021-05-07,TzM,0.1854920632352954,0.2826811098432364,8,8
2021-05-08,Oran,0.09251956657552324,0.20378707557550216,8,8
2021-05-08,TzM,0.16802392627026783,0.27971938641521293,8,8
2021-05-09,Oran,0.12132055516675355,0.2038406897641596,8,8
2021-05-09,TzM,0.21530035570705014,0.2809937369495042,8,8
2021-05-10,Oran,0.12722598640400853,0.20354745652465545,8,8
2021-05-10,TzM,0.22188688059778586,0.2816722459392622,8,8
2021-05-11,Oran,0.12065285372807352,0.2029356684780023,8,8
2021-05-11,TzM,0.19863428703300945,0.280238309746461,8,8
2021-05-12,Oran,0.11211875422750825,0.20204535291575992,8,8
2021-05-12,TzM,0.18615464980738528,0.2791928673089531,8,8
2021-05-13,Oran,0.09357362793239411,0.200317044030936,8,8
2021-05-13,TzM,0.1758151757898495,0.2779046810158577,8,8
2021-05-14,Oran,0.08215114905453115,0.1986806598293488,8,8
2021-05-14,TzM,0.1680801202310249,0.27654282412320175,8,8
2021-05-15,Oran,0.08204873871729997,0.1975926776218121,8,8
2021-05-15,TzM,0.17543620952576588,0.2756519262421582,8,8
2021-05-16,Oran,0.07311186602980381,0.19556846711479248,8,8
2021-05-16,TzM,0.16761164953258179,0.27376048594075986,8,8
2021-05-17,Oran,0.07549288718060387,0.19435724753458966,8,8
2021-05-17,TzM,0.17626952605420035,0.2729503104132355,8,8
2021-05-18,Oran,0.08441118135071188,0.19360020433659433,8,8
2021-05-18,TzM,0.18459687092476276,0.27244538530143664,8,8
2021-05-19,Oran,0.07849645134458527,0.19219135257308598,8,8
2021-05-19,TzM,0.16865356812425153,0.27035190080488586,8,8
2021-05-20,Oran,0.07863825937336093,0.19122916828291334,8,8
2021-05-20,TzM,0.16238401044392953,0.2687708297928207,8,8
2021-05-21,Oran,0.06764416024088857,0.18958833894280133,8,8
2021-05-21,TzM,0.15595495106505325,0.26713452174475316,8,8
2021-05-22,Oran,0.06206856833648726,0.18814349623977158,8,8
2021-05-22,TzM,0.15471490948326197,0.26581666657799163,8,8
2021-05-23,Oran,0.19422233285015966,0.20050996633582427,8,8
2021-05-23,TzM,0.2655315047748828,0.2763006410402196,8,8
2021-05-24,Oran,0.21041593251780405,0.2187965166434401,8,8
2021-05-24,TzM,0.27862535420143486,0.2941285381583791,8,8
2021-05-25,Oran,0.18182209552433645,0.21726560876628412,8,8
2021-05-25,TzM,0.2486241058213636,0.2907615931410538,8,8
2021-05-26,Oran,0.15951896550469707,0.2129916183223001,8,8
2021-05-26,TzM,0.2314259539738199,0.28646227916531064,8,8
2021-05-27,Oran,0.1500590390235674,0.20979653474737384,8,8
2021-05-27,TzM,0.20758048190098055,0.2824113848741705,8,8
2021-05-28,Oran,0.1623163429134693,0.20848790339392714,8,8
2021-05-28,TzM,0.2203955651309929,0.2806857765198832,8,8
2021-05-29,Oran,0.128438475828801,0.20499901508942978,8,8
2021-05-29,TzM,0.18297978224367584,0.2758705636216818,8,8
2021-05-30,Oran,0.11030566771743726,0.20140964580608192,8,8
2021-05-30,TzM,0.16156092856238644,0.2714868593764932,8,8
2021-05-31,Oran,0.1323719825778828,0.20079290828988197,8,8
2021-05-31,TzM,0.18469035566637387,0.2708654630512587,8,8
2021-06-01,Oran,0.1133738561457053,0.19814677731301938,8,8
2021-06-01,TzM,0.19844425402544927,0.27065202806414546,8,8
2021-06-02,Oran,0.10276328761924483,0.19617092034733685,8,8
2021-06-02,TzM,0.2271683657247769,0.2723133509402702,8,8
2021-06-03,Oran,0.11060235233763686,0.19535483671504938,8,8
2021-06-03,TzM,0.21087006881440937,0.2707219513402761,8,8
2021-06-04,Oran,0.10589170153329114,0.1943922228866913,8,8
2021-06-04,TzM,0.2017185110598802,0.26935418518750287,8,8
2021-06-05,Oran,0.13575884261031126,0.1959693173648881,8,8
2021-06-05,TzM,0.23127436806374277,0.27103599331243644,8,8
2021-06-06,Oran,0.19141648932070027,0.20471441464834522,8,8
2021-06-06,TzM,0.2713288521075523,0.28323199521554143,8,8
2021-06-07,Oran,0.16316129777763705,0.20345660921369418,8,8
2021-06-07,TzM,0.24580888874755286,0.28306286975030637,8,8
2021-06-08,Oran,0.14304859907534276,0.20040708055383843,8,8
2021-06-08,TzM,0.21504726956941578,0.27863245977603485,8,8
2021-06-09,Oran,0.13110539092086862,0.19731336770976174,8,8
2021-06-09,TzM,0.18888299451454685,0.2743045988272091,8,8
2021-06-10,Oran,0.10878939436840226,0.19388873973464377,8,8
2021-06-10,TzM,0.1767609092946115,0.2707025983530146,8,8
2021-06-11,Oran,0.1059794324282251,0.19224601023998414,8,8
2021-06-11,TzM,0.18586863940091505,0.26888244612583595,8,8
2021-06-12,Oran,0.11469135279843552,0.19114822881510019,8,8
2021-06-12,TzM,0.23164594830258894,0.27088047619786504,8,8
2021-06-13,Oran,0.1045219908575298,0.18928540169459873,8,8
2021-06-13,TzM,0.19975073145408376,0.2681647878213736,8,8
2021-06-14,Oran,0.09412047132605408,0.1875845210412975,8,8
2021-06-14,TzM,0.18256100375009207,0.26582854636332115,8,8
2021-06-15,Oran,0.09044435902758208,0.1863956210188201,8,8
2021-06-15,TzM,0.16751840911915913,0.2633692488245862,8,8
2021-06-16,Oran,0.13015650867133355,0.18820319146406453,8,8
2021-06-16,TzM,0.19445714332151076,0.26390858543546575,8,8
2021-06-17,Oran,0.2368902481237396,0.21456151596102557,8,8
2021-06-17,TzM,0.319656143259061,0.2964643622307401,8,8
2021-06-18,Oran,0.19230168370194117,0.21557719221979865,8,8
2021-06-18,TzM,0.2790876329251516,0.29958490341117505,8,8
2021-06-19,Oran,0.1939186409970776,0.21327398542742257,8,8
2021-06-19,TzM,0.2635201988864298,0.29271092932475234,8,8
2021-06-20,Oran,0.18490566249142903,0.21123749108099546,8,8
2021-06-20,TzM,0.2618697991496638,0.28946176975181226,8,8
2021-06-21,Oran,0.15640428455882383,0.20747285123731266,8,8
2021-06-21,TzM,0.23592363924743895,0.2853737345737356,8,8
2021-06-22,Oran,0.12896393223009145,0.2036484907946137,8,8
2021-06-22,TzM,0.2078937912653935,0.2810454576116937,8,8
2021-06-23,Oran,0.12160483530921032,0.20120259596065418,8,8
2021-06-23,TzM,0.21027685652830097,0.278764990507625,8,8
2021-06-24,Oran,0.11350923071874945,0.19889345028605615,8,8
2021-06-24,TzM,0.19778578610796674,0.27612322719620636,8,8
2021-06-25,Oran,0.09531744878250553,0.19591729836385754,8,8
2021-06-25,TzM,0.1762398127160084,0.2725050353910774,8,8
2021-06-26,Oran,0.08534622916066249,0.19331566635213912,8,8
2021-06-26,TzM,0.16809424298729647,0.26940917302119105,8,8
2021-06-27,Oran,0.0884607279612148,0.1915257030395699,8,8
2021-06-27,TzM,0.1698845824238991,0.26742511474846026,8,8
2021-06-28,Oran,0.07433074198235738,0.18899986867899773,8,8
2021-06-28,TzM,0.15875132390187657,0.26494740058153277,8,8
2021-06-29,Oran,0.068259500802235,0.1871080188233344,8,8
2021-06-29,TzM,0.15259547969694,0.2629682019132336,8,8
2021-06-30,Oran,0.06785087354756032,0.1856925148700104,8,8
2021-06-30,TzM,0.14639216154740237,0.2611841273150946,8,8
2021-07-01,Oran,0.06533489896625767,0.1842290981810112,8,8
2021-07-01,TzM,0.14460360484295767,0.2596176655191046,8,8
2021-07-02,Oran,0.06995951494232548,0.18282710317461215,8,8
2021-07-02,TzM,0.1474377888708228,0.2582618047140146,8,8
2021-07-03,Oran,0.06935373093993932,0.18140791887875463,8,8
2021-07-03,TzM,0.1436710163558784,0.2565897289467485,8,8
2021-07-04,Oran,0.07248224171764045,0.1805516649709373,8,8
2021-07-04,TzM,0.14439701124425286,0.2555279211557813,8,8
2021-07-05,Oran,0.07510036057563585,0.1797321821456072,8,8
2021-07-05,TzM,0.14682816441085086,0.2546307770657892,8,8
2021-07-06,Oran,0.0732117166712147,0.178652661287638,8,8
2021-07-06,TzM,0.14023513912443852,0.25317311440717033,8,8
2021-07-07,Oran,0.08516557899715956,0.17883701829514542,8,8
2021-07-07,TzM,0.15339653610288603,0.253350157786994,8,8
2021-07-08,Oran,0.0751075491843531,0.17785287056057178,8,8
2021-07-08,TzM,0.13662187357764005,0.2517892071903732,8,8
2021-07-09,Oran,0.07276804116783571,0.17731521469769906,8,8
2021-07-09,TzM,0.13084226784811007,0.25060591790947667,8,8
2021-07-10,Oran,0.07440881450034552,0.17696407818403398,8,8
2021-07-10,TzM,0.14026993562124274,0.25031685174785945,8,8
2021-07-11,Oran,0.07978020441703129,0.17659342228511316,8,8
2021-07-11,TzM,0.14249923396978134,0.24959817760942593,8,8
2021-07-12,Oran,0.09544118128594802,0.17688220895704673,8,8
2021-07-12,TzM,0.1456119842937608,0.24890717720661892,8,8
2021-07-13,Oran,0.09005539337570057,0.1764218509197235,8,8
2021-07-13,TzM,0.14823051204132892,0.24872273977502785,8,8
2021-07-14,Oran,0.07676308895232245,0.17564081773772589,8,8
2021-07-14,TzM,0.1367952716414277,0.2476371886564026,8,8
2021-07-15,Oran,0.07337064932665371,0.17513738801000545,8,8
2021-07-15,TzM,0.13906769649015344,0.2471273803568788,8,8
2021-07-16,Oran,0.06570507146906654,0.17430379939128138,8,8
2021-07-16,TzM,0.1391916828916261,0.2464692189333666,8,8
2021-07-17,Oran,0.0637938872086586,0.17338851046000342,8,8
2021-07-17,TzM,0.13077351331747575,0.24490167992189524,8,8
2021-07-18,Oran,0.06720163089940778,0.1728391424554293,8,8
2021-07-18,TzM,0.13698130053480298,0.2442458344096514,8,8
2021-07-19,Oran,0.06604107328553176,0.17213883771271,8,8
2021-07-19,TzM,0.13139085780130694,0.24305337807163593,8,8
2021-07-20,Oran,0.06815074372303775,0.17165086379305258,8,8
2021-07-20,TzM,0.13581251691548932,0.242439453318519,8,8
2021-07-21,Oran,0.06935889133420144,0.17124587865393667,8,8
2021-07-21,TzM,0.1416411770409659,0.24206283904219927,8,8
2021-07-22,Oran,0.06309175187202747,0.1703199862578853,8,8
2021-07-22,TzM,0.13904959688845428,0.24107344394647753,8,8
2021-07-23,Oran,0.06291821897335224,0.16978475050237332,8,8
2021-07-23,TzM,0.13738783914289482,0.24014945133393134,8,8
2021-07-24,Oran,0.06425113625916053,0.16944547851921102,8,8
2021-07-24,TzM,0.13434772039641082,0.23943625212843084,8,8
2021-07-25,Oran,0.05476680089429504,0.168362107152333,8,8
2021-07-25,TzM,0.12548328329821262,0.23847887919921618,8,8
2021-07-26,Oran,0.06528903232643102,0.16868294814571005,8,8
2021-07-26,TzM,0.17846935783133006,0.24109503077833272,8,8
2021-07-27,Oran,0.0747830529330817,0.16922671609237544,8,8
2021-07-27,TzM,0.17839467680804721,0.241305697562271,8,8
2021-07-28,Oran,0.06611958030672342,0.16853190840634164,8,8
2021-07-28,TzM,0.15157308485236407,0.23910702665728564,8,8
2021-07-29,Oran,0.05976290927558646,0.16783114397501356,8,8
2021-07-29,TzM,0.1484307452490994,0.23844679062695875,8,8
2021-07-30,Oran,0.06192941600304155,0.1675189324150808,8,8
2021-07-30,TzM,0.13185287139525534,0.23678802689047232,8,8
2021-07-31,Oran,0.060153036526419554,0.1669973963169289,8,8
2021-07-31,TzM,0.12776393097163616,0.23594672223062885,8,8
2021-08-01,Oran,0.053844541257827463,0.16657869922699495,8,8
2021-08-01,TzM,0.1136286658890496,0.2348792753917606,8,8
2021-08-02,Oran,0.05186382573952926,0.16640772233243847,8,8
2021-08-02,TzM,0.10859671280425233,0.23415588705163248,8,8
2021-08-03,Oran,0.0599952852216045,0.16680729899738653,8,8
2021-08-03,TzM,0.12325895411011414,0.23458881244847646,8,8
2021-08-04,Oran,0.060798443750035534,0.16648796473125937,8,8
2021-08-04,TzM,0.12172620578540337,0.23396547001443407,8,8
2021-08-05,Oran,0.05837457302011177,0.16588222076658338,8,8
2021-08-05,TzM,0.12008260315786552,0.2332426725249541,8,8
2021-08-06,Oran,0.06046223354938084,0.1653402142104555,8,8
2021-08-06,TzM,0.12285632037520895,0.2327011819732816,8,8
2021-08-07,Oran,0.05310782284063635,0.16460982129344193,8,8
2021-08-07,TzM,0.1191044983784913,0.2318485182170805,8,8
2021-08-08,Oran,0.051900392972299265,0.1643366447543023,8,8
2021-08-08,TzM,0.1252722947024985,0.23186689291737578,8,8
2021-08-09,Oran,0.05443603226945533,0.16429309699623307,8,8
2021-08-09,TzM,0.1283470629622522,0.2319044366871056,8,8
2021-08-10,Oran,0.061710886064855724,0.16464233378284288,8,8
2021-08-10,TzM,0.1320667136307364,0.2319924232402914,8,8
2021-08-11,Oran,0.07433363124728197,0.16537494005971265,8,8
2021-08-11,TzM,0.1433849837937343,0.23254563835890665,8,8
2021-08-12,Oran,0.07328798233638287,0.16506879320520845,8,8
2021-08-12,TzM,0.1315397443203868,0.23140534787977995,8,8
2021-08-13,Oran,0.08847145711789361,0.16523786220760617,8,8
2021-08-13,TzM,0.11762323665990196,0.22967306142182725,8,8
2021-08-14,Oran,0.08168599510290579,0.16444565134703135,8,8
2021-08-14,TzM,0.1257342770695686,0.2292588598241931,8,8
2021-08-15,Oran,0.0714125168540316,0.16357542545091908,8,8
2021-08-15,TzM,0.11294073888137443,0.22777147120551056,8,8
2021-08-16,Oran,0.08064408143829611,0.1636044576275544,8,8
2021-08-16,TzM,0.1168329506732621,0.22725193633844976,8,8
2021-08-17,Oran,0.06376994509158314,0.1625105518359141,8,8
2021-08-17,TzM,0.11706245467250576,0.22686299162083548,8,8
2021-08-18,Oran,0.06234372334066224,0.1624467034320362,8,8
2021-08-18,TzM,0.12676708625727576,0.2272083516183652,8,8
2021-08-19,Oran,0.06892086582899579,0.1626361106079621,8,8
2021-08-19,TzM,0.18044353639216795,0.23029298129442485,8,8
2021-08-20,Oran,0.059957964266421325,0.162097239366076,8,8
2021-08-20,TzM,0.1651406154667615,0.22968306049312412,8,8
2021-08-21,Oran,0.05660354879333586,0.16160112866124166,8,8
2021-08-21,TzM,0.14994178246400364,0.22863521348488952,8,8
2021-08-22,Oran,0.05831294922371862,0.16160213624844783,8,8
2021-08-22,TzM,0.1438872882649057,0.22811707854270932,8,8
2021-08-23,Oran,0.06131894913059272,0.16191302643569766,8,8
2021-08-23,TzM,0.13034658519379594,0.22722415929954298,8,8
2021-08-24,Oran,0.11397090108423932,0.16549771078175204,8,8
2021-08-24,TzM,0.16107931227950179,0.2288218290594063,8,8
2021-08-25,Oran,0.22057082169368614,0.1985981038359345,8,8
2021-08-25,TzM,0.2549080619907105,0.24949602854413613,8,8
2021-08-26,Oran,0.19398971449156274,0.20438549428811814,8,8
2021-08-26,TzM,0.20370133848566754,0.24719794091498964,8,8
2021-08-27,Oran,0.15890207519052454,0.19924574786278063,8,8
2021-08-27,TzM,0.17187197272678048,0.2422239672772488,8,8
2021-08-28,Oran,0.12980646389673967,0.19288832191072525,8,8
2021-08-28,TzM,0.1437406588566342,0.2382405707490091,8,8
2021-08-29,Oran,0.10942262609901482,0.18766518142379696,8,8
2021-08-29,TzM,0.1305616993585748,0.23550469389087272,8,8
2021-08-30,Oran,0.10439848056154657,0.1845711176634812,8,8
2021-08-30,TzM,0.13485548747887244,0.23416160341156153,8,8
2021-08-31,Oran,0.09684927872092017,0.18201251790904605,8,8
2021-08-31,TzM,0.16264560723701785,0.2345870194074354,8,8
2021-09-01,Oran,0.12306061657908995,0.18230630037237383,8,8
2021-09-01,TzM,0.2744045655279861,0.24456816129263878,8,8
2021-09-02,Oran,0.2158253358219002,0.1989317292500226,8,8
2021-09-02,TzM,0.28768690316447687,0.2847966936073805,8,8
2021-09-03,Oran,0.18581303026466095,0.19951715897463382,8,8
2021-09-03,TzM,0.26734136750823567,0.28436456670322896,8,8
2021-09-04,Oran,0.15889230128683024,0.19541952122063908,8,8
2021-09-04,TzM,0.2346778994328097,0.2741728789405897,8,8
2021-09-05,Oran,0.13752166392800746,0.1911540454772652,8,8
2021-09-05,TzM,0.20910209613411046,0.2655146808216446,8,8
2021-09-06,Oran,0.11925440659960272,0.18750832326954503,8,8
2021-09-06,TzM,0.19128476181312606,0.2594403254885324,8,8
2021-09-07,Oran,0.11393303118157579,0.1853296891893031,8,8
2021-09-07,TzM,0.18058634853284605,0.2555300369429843,8,8
2021-09-08,Oran,0.09774834644354755,0.18286178087601893,8,8
2021-09-08,TzM,0.1673116385262753,0.252278921770324,8,8
2021-09-09,Oran,0.0867355107711475,0.1808005526906154,8,8
2021-09-09,TzM,0.16308423605330874,0.25017174215693216,8,8
2021-09-10,Oran,0.07979802211410683,0.17906048501246286,8,8
2021-09-10,TzM,0.1540866583389671,0.24806894331949905,8,8
2021-09-11,Oran,0.06772614366634454,0.1769427780428382,8,8
2021-09-11,TzM,0.14488788363891408,0.24599633984096148,8,8
2021-09-12,Oran,0.06304125784606227,0.1753535083754629,8,8
2021-09-12,TzM,0.14647331582014692,0.24456894243944827,8,8
2021-09-13,Oran,0.07936278619024838,0.1752624022301103,8,8
2021-09-13,TzM,0.1529972896525195,0.24364812666011088,8,8
2021-09-14,Oran,0.14451266542443483,0.17862345212917835,8,8
2021-09-14,TzM,0.21635109068531738,0.24679235156355914,8,8
2021-09-15,Oran,0.15705757952127297,0.17944575483437442,8,8
2021-09-15,TzM,0.22637030707770273,0.2477505712304264,8,8
2021-09-16,Oran,0.20069532170281057,0.18986404838620638,8,8
2021-09-16,TzM,0.23911371159269224,0.24931218631957702,8,8
2021-09-17,Oran,0.19134539729136912,0.19564980127405923,8,8
2021-09-17,TzM,0.23622436667669955,0.2505743593455439,8,8
2021-09-18,Oran,0.17560458437951862,0.19437592510805754,8,8
2021-09-18,TzM,0.2026634689812597,0.24772568713677554,8,8
2021-09-19,Oran,0.15807412106726987,0.19209858482001257,8,8
2021-09-19,TzM,0.1648381915139524,0.24440401729416883,8,8
2021-09-20,Oran,0.13869702813566703,0.18918258827485018,8,8
2021-09-20,TzM,0.15574769515813763,0.24311047462795515,8,8
2021-09-21,Oran,0.1757257551015889,0.1904096553376952,8,8
2021-09-21,TzM,0.19155739903094635,0.24498153812448048,8,8
2021-09-22,Oran,0.16560496114438672,0.18959809345055798,8,8
2021-09-22,TzM,0.1776462870797044,0.24434722432450046,8,8
2021-09-23,Oran,0.1453246095324637,0.18770071676031488,8,8
2021-09-23,TzM,0.16397876223843344,0.2430789619194049,8,8
2021-09-24,Oran,0.15925881228730324,0.18784888793454793,8,8
2021-09-24,TzM,0.18683881866194207,0.24412940518538417,8,8
2021-09-25,Oran,0.20762546837452,0.19254427655432066,8,8
2021-09-25,TzM,0.24225306664716062,0.2497630113748049,8,8
2021-09-26,Oran,0.1844655076133423,0.19309824769858452,8,8
2021-09-26,TzM,0.22239247180129348,0.2496922263802078,8,8
2021-09-27,Oran,0.1624952114141378,0.1911854969490258,8,8
2021-09-27,TzM,0.19774841536816795,0.24791044529257827,8,8
2021-09-28,Oran,0.14172662718252077,0.18870744998948494,8,8
2021-09-28,TzM,0.17741635922146468,0.24571702848066032,8,8
2021-09-29,Oran,0.11495828437084542,0.18615140717659817,8,8
2021-09-29,TzM,0.1587341706066294,0.24366653901769922,8,8
2021-09-30,Oran,0.10258037030819006,0.18440749754549046,8,8
2021-09-30,TzM,0.15313164481133415,0.24224125259359802,8,8
2021-10-01,Oran,0.09887863051940178,0.18322117287726675,8,8
2021-10-01,TzM,0.15019584009668932,0.24122464986469005,8,8
2021-10-02,Oran,0.08907601961285852,0.18169653730802846,8,8
2021-10-02,TzM,0.13487289416125825,0.23965182617355724,8,8
2021-10-03,Oran,0.11957850972892806,0.18272449653290332,8,8
2021-10-03,TzM,0.15686208107753802,0.24004728487374158,8,8
2021-10-04,Oran,0.1855487357519689,0.19088061794516495,8,8
2021-10-04,TzM,0.21576335771303423,0.2438230314230742,8,8
2021-10-05,Oran,0.1523331026348178,0.18927078307529938,8,8
2021-10-05,TzM,0.16898131989690127,0.24080602242611346,8,8
2021-10-06,Oran,0.1260246944690092,0.18662917041754135,8,8
2021-10-06,TzM,0.15599393186245208,0.2394220401704507,8,8
2021-10-07,Oran,0.09405624903433144,0.1837860548471818,8,8
2021-10-07,TzM,0.12886755201983946,0.2372938609118328,8,8
2021-10-08,Oran,0.07994936929069091,0.1820029762497202,8,8
2021-10-08,TzM,0.12087132182205093,0.23613450823253704,8,8
2021-10-09,Oran,0.08315986375950395,0.1813115147476802,8,8
2021-10-09,TzM,0.13324883766472337,0.23628964637847322,8,8
2021-10-10,Oran,0.06476160818558244,0.1796496873141312,8,8
2021-10-10,TzM,0.11496377751801012,0.23492964847307451,8,8
2021-10-11,Oran,0.05942207290103929,0.1787995959647366,8,8
2021-10-11,TzM,0.11588630727247182,0.2345999216562823,8,8
2021-10-12,Oran,0.0575391920436112,0.17828000381466794,8,8
2021-10-12,TzM,0.10332141651490111,0.23360998761889176,8,8
2021-10-13,Oran,0.055503507395137486,0.17756956542124513,8,8
2021-10-13,TzM,0.09614675417756903,0.23271537768213368,8,8
2021-10-14,Oran,0.0581025342823418,0.1770854006475601,8,8
2021-10-14,TzM,0.1142953821032087,0.23318362128185596,8,8
2021-10-15,Oran,0.0463040251193232,0.1760750738506923,8,8
2021-10-15,TzM,0.10482243593708657,0.2321926254386964,8,8
2021-10-16,Oran,0.0435023229065366,0.17542866825080305,8,8
2021-10-16,TzM,0.10963767007189357,0.2320726788357684,8,8
2021-10-17,Oran,0.05995037987309153,0.17587887669806596,8,8
2021-10-17,TzM,0.13917512530736667,0.23346147519585328,8,8
2021-10-18,Oran,0.0458834236518281,0.17494510177706105,8,8
2021-10-18,TzM,0.13385421233741857,0.23292654752731318,8,8
2021-10-19,Oran,0.04736109846805935,0.17461008831370073,8,8
2021-10-19,TzM,0.12924644129663262,0.2323281080707123,8,8
2021-10-20,Oran,0.04053614974922694,0.1740438822168307,8,8
2021-10-20,TzM,0.11574384564454175,0.23145941046899865,8,8
2021-10-21,Oran,0.0397671003795427,0.17363008770664207,8,8
2021-10-21,TzM,0.10562046219466105,0.23066618342540762,8,8
2021-10-22,Oran,0.044538647931863,0.1736750242712556,8,8
2021-10-22,TzM,0.12242250784306392,0.23134094584537174,8,8
2021-10-23,Oran,0.0713489312464829,0.17495699007613735,8,8
2021-10-23,TzM,0.15154548553370034,0.23283863097037136,8,8
2021-10-24,Oran,0.07562906143912033,0.17496916550349012,8,8
2021-10-24,TzM,0.15543435878230646,0.23305734501857503,8,8
2021-10-25,Oran,0.06815877736652969,0.1743176127127448,8,8
2021-10-25,TzM,0.15375748556413635,0.23291009537091378,8,8
2021-10-26,Oran,0.054723261912032674,0.17341365747031615,8,8
2021-10-26,TzM,0.12914962375591701,0.23116961807796826,8,8
2021-10-27,Oran,0.05086103394230607,0.17302184689362515,8,8
2021-10-27,TzM,0.1255602507521153,0.23062811938947747,8,8
2021-10-28,Oran,0.04162224662856606,0.17227651338841093,8,8
2021-10-28,TzM,0.1154128767788949,0.22982706933429364,8,8
2021-10-29,Oran,0.047765039628921174,0.17242774102897915,8,8
2021-10-29,TzM,0.12853333351545423,0.23022084457701755,8,8
2021-10-30,Oran,0.17663317138909312,0.180810475123466,8,8
2021-10-30,TzM,0.27281700074672693,0.24427506267583288,8,8
2021-10-31,Oran,0.23057584186680002,0.2099787165945182,8,8
2021-10-31,TzM,0.2851764371520594,0.27554801940354273,8,8
2021-11-01,Oran,0.21233019932005245,0.2168915595309656,8,8
2021-11-01,TzM,0.270129305194132,0.2788569474911415,8,8
2021-11-02,Oran,0.194649708527522,0.21300256886809574,8,8
2021-11-02,TzM,0.24947747468066056,0.26986973173303624,8,8
2021-11-03,Oran,0.20995847551671204,0.21278380385798504,8,8
2021-11-03,TzM,0.27223913576208836,0.2705670151749233,8,8
2021-11-04,Oran,0.1912605234467592,0.20928226440045675,8,8
2021-11-04,TzM,0.25428521676650756,0.267140962863586,8,8
2021-11-05,Oran,0.18024053252989147,0.20515400681217183,8,8
2021-11-05,TzM,0.25703534094837344,0.2644000986995371,8,8
2021-11-06,Oran,0.17660806424549366,0.20250498020380245,8,8
2021-11-06,TzM,0.25384180371551524,0.2627646607702206,8,8
2021-11-07,Oran,0.1627327573958967,0.19980214827495518,8,8
2021-11-07,TzM,0.23879577709656008,0.2603961055130256,8,8
2021-11-08,Oran,0.14885135771798302,0.19747381505907557,8,8
2021-11-08,TzM,0.22472088274202848,0.2583866067059142,8,8
2021-11-09,Oran,0.13518601366486702,0.19522859664847614,8,8
2021-11-09,TzM,0.21642065852096204,0.2570117628018029,8,8
2021-11-10,Oran,0.13493335031461517,0.19410691348011372,8,8
2021-11-10,TzM,0.21060315215666037,0.2557899646681586,8,8
2021-11-11,Oran,0.11957191942168062,0.19229193997920535,8,8
2021-11-11,TzM,0.19493975745219927,0.2540558578544541,8,8
2021-11-12,Oran,0.11152147281548522,0.19097890027600228,8,8
2021-11-12,TzM,0.18816299667876016,0.2528710482017088,8,8
2021-11-13,Oran,0.1041152831289123,0.18995409751402548,8,8
2021-11-13,TzM,0.1771275333625166,0.25154998758195063,8,8
2021-11-14,Oran,0.09896959233112998,0.18914340027287357,8,8
2021-11-14,TzM,0.16165686467368348,0.2498096961552571,8,8
2021-11-15,Oran,0.09637795083957615,0.18847026732124264,8,8
2021-11-15,TzM,0.17124378988151678,0.24958337529709462,8,8
2021-11-16,Oran,0.07594325860626379,0.18680682620796998,8,8
2021-11-16,TzM,0.1584175977071649,0.2482632595285969,8,8
2021-11-17,Oran,0.07125209156484873,0.18603710019808323,8,8
2021-11-17,TzM,0.16403483419899678,0.2479039470750936,8,8
2021-11-18,Oran,0.07962338304849428,0.18610810707704942,8,8
2021-11-18,TzM,0.17785972397541625,0.2482408621336186,8,8
2021-11-19,Oran,0.08196010169435718,0.1860626658272059,8,8
2021-11-19,TzM,0.15804330451034102,0.24663549436770965,8,8
2021-11-20,Oran,0.09664269428028431,0.18665646583941134,8,8
2021-11-20,TzM,0.15787705119184559,0.24593212660769684,8,8
2021-11-21,Oran,0.10859167241170754,0.1871166771980094,8,8
2021-11-21,TzM,0.14604145054258155,0.2448082146982319,8,8
2021-11-22,Oran,0.14446496339362175,0.18904057693530302,8,8
2021-11-22,TzM,0.18602759477768188,0.24698124936242635,8,8
2021-11-23,Oran,0.18522679632315867,0.19279669084754145,8,8
2021-11-23,TzM,0.26055548523895833,0.25875756189864324,8,8
2021-11-24,Oran,0.1764254030267723,0.19307980397563484,8,8
2021-11-24,TzM,0.2484827857329755,0.258846373695537,8,8
2021-11-25,Oran,0.18071612208226662,0.19456062577664848,8,8
2021-11-25,TzM,0.2535853010393973,0.26087513882789365,8,8
2021-11-26,Oran,0.1763866242754166,0.19467436271246338,8,8
2021-11-26,TzM,0.23984506540000433,0.25941205818181556,8,8
2021-11-27,Oran,0.17520059551738323,0.1948817520906202,8,8
2021-11-27,TzM,0.24044774985553596,0.2585971658424425,8,8
2021-11-28,Oran,0.1793517763253118,0.19559305484299774,8,8
2021-11-28,TzM,0.2464346104656885,0.25877494779783056,8,8
2021-11-29,Oran,0.1679389866282705,0.1947835825566874,8,8
2021-11-29,TzM,0.22349576554016057,0.2569139352448186,8,8
2021-11-30,Oran,0.15347018671817464,0.19348937284628873,8,8
2021-11-30,TzM,0.19921382477408958,0.2545553924528097,8,8
2021-12-01,Oran,0.14818149875910552,0.1927361875406054,8,8
2021-12-01,TzM,0.2011819823007834,0.2539073079211735,8,8
2021-12-02,Oran,0.17614234522229333,0.19445427783199995,8,8
2021-12-02,TzM,0.22638384880203946,0.25530761323477086,8,8
2021-12-03,Oran,0.1729820229357383,0.19435529623363834,8,8
2021-12-03,TzM,0.21109648146911666,0.25415301270243756,8,8
2021-12-04,Oran,0.164715332092076,0.19370516626561274,8,8
2021-12-04,TzM,0.21085039281139245,0.25395683722423484,8,8
2021-12-05,Oran,0.13881986171739996,0.19208567695173082,8,8
2021-12-05,TzM,0.18043254520192642,0.2515566202284964,8,8
2021-12-06,Oran,0.12495273130594703,0.1908036940288348,8,8
2021-12-06,TzM,0.17383612231596515,0.2501915388029853,8,8
2021-12-07,Oran,0.11957413978019694,0.19014887835402955,8,8
2021-12-07,TzM,0.16481191096337217,0.2491190085114028,8,8
2021-12-08,Oran,0.12010469469012781,0.18978409884405917,8,8
2021-12-08,TzM,0.18425109621296681,0.24968711626225787,8,8
2021-12-09,Oran,0.11983064979498009,0.18946912796160234,8,8
2021-12-09,TzM,0.21047056780049672,0.25098784166804855,8,8
2021-12-10,Oran,0.10229761350106016,0.18825036526092737,8,8
2021-12-10,TzM,0.19773256278743864,0.25021264469863747,8,8
2021-12-11,Oran,0.0976340017693697,0.18762885587992237,8,8
2021-12-11,TzM,0.19550162338112523,0.24977607087011594,8,8
2021-12-12,Oran,0.10395296700604134,0.187636836062445,8,8
2021-12-12,TzM,0.196187388249918,0.24951835907382983,8,8
2021-12-13,Oran,0.08982330801912015,0.18654323988517774,8,8
2021-12-13,TzM,0.18981741613855485,0.24879105618272562,8,8
2021-12-14,Oran,0.08699425204550142,0.1860508982886056,8,8
2021-12-14,TzM,0.19369637230901338,0.24875448389272936,8,8
2021-12-15,Oran,0.09091895640384952,0.18596390815543345,8,8
2021-12-15,TzM,0.16902353312195226,0.24686355222212636,8,8
2021-12-16,Oran,0.08656542279498006,0.1855784739566142,8,8
2021-12-16,TzM,0.15981398566662772,0.2459299251081814,8,8
2021-12-17,Oran,0.08402368878548747,0.18524233618232067,8,8
2021-12-17,TzM,0.16777439544430783,0.24608807880921577,8,8
2021-12-18,Oran,0.07484653618217242,0.18446426400762111,8,8
2021-12-18,TzM,0.15620034650323517,0.24514446096911435,8,8
2021-12-19,Oran,0.08265859140846568,0.18458955472976457,8,8
2021-12-19,TzM,0.16161708517220652,0.24507542964879808,8,8
2021-12-20,Oran,0.09396243831295455,0.18496556711367892,8,8
2021-12-20,TzM,0.177185602810871,0.24564198891656763,8,8
2021-12-21,Oran,0.09037714040853448,0.1842782828346139,8,8
2021-12-21,TzM,0.16941163691961644,0.24486700971733383,8,8
2021-12-22,Oran,0.10681841571311479,0.18482566461211344,8,8
2021-12-22,TzM,0.18440134328557176,0.2454480255684374,8,8
2021-12-23,Oran,0.12928672966043478,0.18584868616012273,8,8
2021-12-23,TzM,0.18343261895566487,0.24535534929141006,8,8
2021-12-24,Oran,0.2046565253348624,0.19183921967251374,8,8
2021-12-24,TzM,0.26629319388762507,0.25341251025000877,8,8
2021-12-25,Oran,0.19270017117750446,0.193232563125794,8,8
2021-12-25,TzM,0.2532670574973484,0.25584310142470423,8,8
2021-12-26,Oran,0.196052115355603,0.19537394043729928,8,8
2021-12-26,TzM,0.2591409675078466,0.25732987181062955,8,8
2021-12-27,Oran,0.17793339017595422,0.19534618929028508,8,8
2021-12-27,TzM,0.2560209877311104,0.2593715331443634,8,8
2021-12-28,Oran,0.1657101412838111,0.19411319204774055,8,8
2021-12-28,TzM,0.24032313360121882,0.2576922133172813,8,8
2021-12-29,Oran,0.146409524946672,0.19235507989393882,8,8
2021-12-29,TzM,0.22107420910738013,0.2557747365698512,8,8
2021-12-30,Oran,0.13241732484493096,0.19100194069572157,8,8
2021-12-30,TzM,0.2133289320688498,0.25442822882292887,8,8
2021-12-31,Oran,0.12793873087121324,0.1901999670828952,8,8
2021-12-31,TzM,0.20765575913614345,0.25338087211314,8,8
2022-01-01,Oran,0.13466511912582838,0.19000718389622498,8,8
2022-01-01,TzM,0.20596215481820856,0.25256381425271296,8,8
2022-01-02,Oran,0.13746428922063011,0.18982803759882683,8,8
2022-01-02,TzM,0.20814696856235199,0.2521181610155556,8,8
2022-01-03,Oran,0.1267145562611642,0.1889365358064409,8,8
2022-01-03,TzM,0.19227667584231023,0.25072178224983965,8,8
2022-01-04,Oran,0.12578535136140756,0.18851960877292465,8,8
2022-01-04,TzM,0.1987287649198582,0.25047349122867574,8,8
2022-01-05,Oran,0.13002693403023674,0.18844359809624364,8,8
2022-01-05,TzM,0.22312902225990236,0.2517713306067315,8,8
2022-01-06,Oran,0.1353675738435055,0.18863128113453503,8,8
2022-01-06,TzM,0.2322821583243479,0.2530082540071912,8,8
2022-01-07,Oran,0.1320522157322676,0.18837237082666058,8,8
2022-01-07,TzM,0.21713606983815362,0.2517617038683965,8,8
2022-01-08,Oran,0.12982245382593302,0.18819040340356158,8,8
2022-01-08,TzM,0.20896879064017215,0.2511786020201582,8,8
2022-01-09,Oran,0.12190157854776887,0.1875337889448541,8,8
2022-01-09,TzM,0.19804765560088283,0.24981926081358993,8,8
2022-01-10,Oran,0.1327342925837538,0.18798968584322537,8,8
2022-01-10,TzM,0.19334490548231095,0.24920860456155708,8,8
2022-01-11,Oran,0.12820169442623364,0.18762828697313047,8,8
2022-01-11,TzM,0.17914873811011933,0.2480944973159287,8,8
2022-01-12,Oran,0.12021746458333042,0.18691025808087133,8,8
2022-01-12,TzM,0.1769250645669863,0.24748855597020955,8,8
2022-01-13,Oran,0.11977204355548637,0.18672033765765483,8,8
2022-01-13,TzM,0.17835592431028519,0.24702018603535464,8,8
2022-01-14,Oran,0.11275192724510293,0.18625778395865783,8,8
2022-01-14,TzM,0.17905697216720953,0.24664585494534355,8,8
2022-01-15,Oran,0.08782887498191631,0.18462268331500348,8,8
2022-01-15,TzM,0.16442136805026641,0.2449682398062003,8,8
2022-01-16,Oran,0.09461656631749181,0.18478538982081605,8,8
2022-01-16,TzM,0.1704064664479933,0.24499188066386662,8,8
2022-01-17,Oran,0.09652145790149927,0.18470928678136378,8,8
2022-01-17,TzM,0.16269674201152823,0.24411154711790575,8,8
2022-01-18,Oran,0.1004469325979713,0.18471728116273878,8,8
2022-01-18,TzM,0.16846268744771611,0.24408351538065623,8,8
2022-01-19,Oran,0.10147570397888046,0.18457392760720406,8,8
2022-01-19,TzM,0.17279320337662568,0.24413532979394256,8,8
2022-01-20,Oran,0.0929898561268556,0.1838461322374031,8,8
2022-01-20,TzM,0.16758957315898054,0.2434756324479454,8,8
2022-01-21,Oran,0.09644924635525606,0.18382877675114107,8,8
2022-01-21,TzM,0.17125759254160677,0.24352346926216817,8,8
2022-01-22,Oran,0.09915930251972595,0.1838198141851386,8,8
2022-01-22,TzM,0.17173154916810357,0.24348161363435025,8,8
2022-01-23,Oran,0.0886700155732573,0.18305582129320158,8,8
2022-01-23,TzM,0.1602464966279895,0.24245823782525563,8,8
2022-01-24,Oran,0.10519174132190764,0.18373338549596363,8,8
2022-01-24,TzM,0.15809771606367767,0.2420448420360978,8,8
2022-01-25,Oran,0.11348801585616633,0.18402357862987478,8,8
2022-01-25,TzM,0.15409996076241916,0.2414873264129518,8,8
2022-01-26,Oran,0.1178806304504148,0.18422817483422207,8,8
2022-01-26,TzM,0.16837824760372502,0.2420552057569454,8,8
2022-01-27,Oran,0.107392542543592,0.18367138589869753,8,8
2022-01-27,TzM,0.16932615874592505,0.24196500844003532,8,8
2022-01-28,Oran,0.0993766334976573,0.18310365281144125,8,8
2022-01-28,TzM,0.1602264629297056,0.24113671028202296,8,8
2022-01-29,Oran,0.09818478630947282,0.18288239278509966,8,8
2022-01-29,TzM,0.16526777161542616,0.2412331701427894,8,8
2022-01-30,Oran,0.09795758711387874,0.18269054644786917,8,8
2022-01-30,TzM,0.16764595643862296,0.24113890091815077,8,8
2022-01-31,Oran,0.09075246440460444,0.18209777252107368,8,8
2022-01-31,TzM,0.15875356751616648,0.24032770136469284,8,8
2022-02-01,Oran,0.07510782715360644,0.18099166261123825,8,8
2022-02-01,TzM,0.14287879458309982,0.23926541464109163,8,8
2022-02-02,Oran,0.07527464595241619,0.18068624899157734,8,8
2022-02-02,TzM,0.13910414173733437,0.23871735591245322,8,8
2022-02-03,Oran,0.08332148068202808,0.18077721160332685,8,8
2022-02-03,TzM,0.1486074246227202,0.23886421214985215,8,8
2022-02-04,Oran,0.07892274129983093,0.18031155858494213,8,8
2022-02-04,TzM,0.17036692979806833,0.23987230360753045,8,8
2022-02-05,Oran,0.2122319255329546,0.19175498078836767,8,8
2022-02-05,TzM,0.24145133329530882,0.24574295960758857,8,8
2022-02-06,Oran,0.1788849228229679,0.1900269031768939,8,8
2022-02-06,TzM,0.22277444052068807,0.24450294058279767,8,8
2022-02-07,Oran,0.14723708208833558,0.18807458770079688,8,8
2022-02-07,TzM,0.18987873167191677,0.2423283942656493,8,8
2022-02-08,Oran,0.13153118255746657,0.18705603482781863,8,8
2022-02-08,TzM,0.17929962973453492,0.24127897389821312,8,8
2022-02-09,Oran,0.11151971562047959,0.18520729329864508,8,8
2022-02-09,TzM,0.16259219339056133,0.24041349470223247,8,8
2022-02-10,Oran,0.09943279869182674,0.18391189592905707,8,8
2022-02-10,TzM,0.14752761760150618,0.23933116611289348,8,8
2022-02-11,Oran,0.10672466989728754,0.1838290754705667,8,8
2022-02-11,TzM,0.1547572998189073,0.23924461546304976,8,8
2022-02-12,Oran,0.09320600718320877,0.18278069183474682,8,8
2022-02-12,TzM,0.15350688054336623,0.23883818325243492,8,8
2022-02-13,Oran,0.10410271084821612,0.18299776423783573,8,8
2022-02-13,TzM,0.17612523778562283,0.23972395719274092,8,8
2022-02-14,Oran,0.11336471819486771,0.1833966462216416,8,8
2022-02-14,TzM,0.18835446836524883,0.24024802073836318,8,8
2022-02-15,Oran,0.1007819934335888,0.18245745854543854,8,8
2022-02-15,TzM,0.1908914595842361,0.24041670384375669,8,8
2022-02-16,Oran,0.10651391367504337,0.1823678583151004,8,8
2022-02-16,TzM,0.19445032195041048,0.24062542421253102,8,8
2022-02-17,Oran,0.08922442800563865,0.18112781498520097,8,8
2022-02-17,TzM,0.16909363875655747,0.23901349364926935,8,8
2022-02-18,Oran,0.07718594685715972,0.17999330317509957,8,8
2022-02-18,TzM,0.1562695042322095,0.2378542398739802,8,8
2022-02-19,Oran,0.10261654735038998,0.1809397522360086,8,8
2022-02-19,TzM,0.17145735745649093,0.23829196383686438,8,8
2022-02-20,Oran,0.10090690124169233,0.1806993219879318,8,8
2022-02-20,TzM,0.16001199870554136,0.23731735436932033,8,8
2022-02-21,Oran,0.09530938788027055,0.18018239353646015,8,8
2022-02-21,TzM,0.16015435951320744,0.2369227353483438,8,8
2022-02-22,Oran,0.09496435747161258,0.17990766175579825,8,8
2022-02-22,TzM,0.16371883500955603,0.2368459849569358,8,8
2022-02-23,Oran,0.07665120069639844,0.17862459729563013,8,8
2022-02-23,TzM,0.15017065201506113,0.23594373886130357,8,8
2022-02-24,Oran,0.08096607283337925,0.1785478079905275,8,8
2022-02-24,TzM,0.19789822278299218,0.23934474116877502,8,8
2022-02-25,Oran,0.24388960875937196,0.20716213681048057,8,8
2022-02-25,TzM,0.31666490726638585,0.2755142102986084,8,8
2022-02-26,Oran,0.18312853831248202,0.2044971231676516,8,8
2022-02-26,TzM,0.277655781914578,0.27674958939468,8,8
2022-02-27,Oran,0.1678453814849013,0.20046130768099765,8,8
2022-02-27,TzM,0.2551367771382885,0.27012216313251924,8,8
2022-02-28,Oran,0.1450437902762997,0.19686837750258013,8,8
2022-02-28,TzM,0.22267005378748042,0.26324693299217244,8,8
2022-03-01,Oran,0.12958084305473525,0.19407520717406856,8,8
2022-03-01,TzM,0.2048073070810029,0.2584558146037651,8,8
2022-03-02,Oran,0.12505099019799074,0.19221161131243233,8,8
2022-03-02,TzM,0.19537374622335554,0.255536005489136,8,8
2022-03-03,Oran,0.15230238141766822,0.19240892786593708,8,8
2022-03-03,TzM,0.2189289981094924,0.25532948797397115,8,8
2022-03-04,Oran,0.2836148921339238,0.23326283054517916,8,8
2022-03-04,TzM,0.28218980914741554,0.2683974160126557,8,8
2022-03-05,Oran,0.23283056355402115,0.2352413316547382,8,8
2022-03-05,TzM,0.25364127729431185,0.26784671891456174,8,8
2022-03-06,Oran,0.23132580926672353,0.23207861099575383,8,8
2022-03-06,TzM,0.24023249307279715,0.2644795832885919,8,8
2022-03-07,Oran,0.22362057850009104,0.22597800656298142,8,8
2022-03-07,TzM,0.23998549807277553,0.26219075764406863,8,8
2022-03-08,Oran,0.22254075895323125,0.2247766664404361,8,8
2022-03-08,TzM,0.2598312255975447,0.2642337727654529,8,8
2022-03-09,Oran,0.20521596041126325,0.2215982985911799,8,8
2022-03-09,TzM,0.24726810895127094,0.26305488346291606,8,8
2022-03-10,Oran,0.18637747817107886,0.21655874786074042,8,8
2022-03-10,TzM,0.23876899186717834,0.26147639431598546,8,8
2022-03-11,Oran,0.21645058995631872,0.2165740955254582,8,8
2022-03-11,TzM,0.274358916133152,0.26620639863693596,8,8
2022-03-12,Oran,0.21766532135547179,0.22156314264189023,8,8
2022-03-12,TzM,0.26959094744616824,0.27639954820838997,8,8
2022-03-13,Oran,0.21524236455681872,0.2210297807440406,8,8
2022-03-13,TzM,0.2769142909183804,0.28170951814880885,8,8
2022-03-14,Oran,0.2418045608357328,0.22632989548757423,8,8
2022-03-14,TzM,0.2957411851844211,0.2852142595710526,8,8
2022-03-15,Oran,0.2096734404075341,0.22475786146814702,8,8
2022-03-15,TzM,0.27104507092582547,0.2825211459697273,8,8
2022-03-16,Oran,0.23965925665908172,0.22475955449044704,8,8
2022-03-16,TzM,0.276956122864871,0.2789302398021774,8,8
2022-03-17,Oran,0.24922816367422945,0.23163096746582473,8,8
2022-03-17,TzM,0.2981520614121109,0.284912584147318,8,8
2022-03-18,Oran,0.22098378879247138,0.22889620046146578,8,8
2022-03-18,TzM,0.2698801133328264,0.28116160625052683,8,8
2022-03-19,Oran,0.22121363624197535,0.22556780044172628,8,8
2022-03-19,TzM,0.26079581913195155,0.2780314221193916,8,8
2022-03-20,Oran,0.22322571314260606,0.22415668335361558,8,8
2022-03-20,TzM,0.2647590279015467,0.2765489518029713,8,8
2022-03-21,Oran,0.2569013667033344,0.23248633327664897,8,8
2022-03-21,TzM,0.2998030420674599,0.2842592234588473,8,8
2022-03-22,Oran,0.2439631852153383,0.23808807656779638,8,8
2022-03-22,TzM,0.2989532894908303,0.29345212167888685,8,8
2022-03-23,Oran,0.2385450340196734,0.2352498708506588,8,8
2022-03-23,TzM,0.2969797735935763,0.29260871461347526,8,8
2022-03-24,Oran,0.24504930254255158,0.23637116647279652,8,8
2022-03-24,TzM,0.30914094808854553,0.29584674968531255,8,8
2022-03-25,Oran,0.23511963058568414,0.2340031640390392,8,8
2022-03-25,TzM,0.29567745991516853,0.295451806760148,8,8
2022-03-26,Oran,0.22701942220208096,0.23194927851074054,8,8
2022-03-26,TzM,0.2859200616979873,0.2932599963326203,8,8
2022-03-27,Oran,0.22277213139612165,0.22969487106091663,8,8
2022-03-27,TzM,0.2788197143603802,0.29027014915022603,8,8
2022-03-28,Oran,0.21228770510461484,0.22838038159076304,8,8
2022-03-28,TzM,0.26725927808346517,0.287594614287005,8,8
2022-03-29,Oran,0.22716694235435272,0.2292976678150599,8,8
2022-03-29,TzM,0.2857847515996055,0.28875003290656753,8,8
2022-03-30,Oran,0.25907204554217755,0.2348729603847519,8,8
2022-03-30,TzM,0.314950277538676,0.29330534916248563,8,8
2022-03-31,Oran,0.2289936202959936,0.23765208154428197,8,8
2022-03-31,TzM,0.29517488674824366,0.30437636061718587,8,8
2022-04-01,Oran,0.21540033502779043,0.23432315809682744,8,8
2022-04-01,TzM,0.27525330279144994,0.29862941703514045,8,8
2022-04-02,Oran,0.19431251341812922,0.2311008435597674,8,8
2022-04-02,TzM,0.2524657557583659,0.2938183271877565,8,8
2022-04-03,Oran,0.18052294694009371,0.22827033068923674,8,8
2022-04-03,TzM,0.24060039137073444,0.2902256973565703,8,8
2022-04-04,Oran,0.18000911589040125,0.22676497756457717,8,8
2022-04-04,TzM,0.23146136856858468,0.28796512221819476,8,8
2022-04-05,Oran,0.2525782910771057,0.2358790157637635,8,8
2022-04-05,TzM,0.30728341364546824,0.30001211009527506,8,8
2022-04-06,Oran,0.25689749273120377,0.2459542813359714,8,8
2022-04-06,TzM,0.2954186632444984,0.30821561029082845,8,8
2022-04-07,Oran,0.21841810654054897,0.24159440786623562,8,8
2022-04-07,TzM,0.26251738109797434,0.300767443682018,8,8
2022-04-08,Oran,0.18661339742849106,0.235997753162853,8,8
2022-04-08,TzM,0.2458531764691303,0.29612155807645696,8,8
2022-04-09,Oran,0.18230621786635426,0.23381007677707516,8,8
2022-04-09,TzM,0.2357059603887855,0.29306085544981453,8,8
2022-04-10,Oran,0.18297433345654945,0.23198021735812793,8,8
2022-04-10,TzM,0.233660337600955,0.29117116841830704,8,8
2022-04-11,Oran,0.17798649517849818,0.23003952481829726,8,8
2022-04-11,TzM,0.24018898257054383,0.2900386803330069,8,8
2022-04-12,Oran,0.25452865441558786,0.23686668808098696,8,8
2022-04-12,TzM,0.31582759261915555,0.2975564597076491,8,8
2022-04-13,Oran,0.26890690266841744,0.25101275268148204,8,8
2022-04-13,TzM,0.29101479804682495,0.29675087489579854,8,8
2022-04-14,Oran,0.24472274080407422,0.25333402410882416,8,8
2022-04-14,TzM,0.2858958684128562,0.2971717634875523,8,8
2022-04-15,Oran,0.2349945523577635,0.2521507375553006,8,8
2022-04-15,TzM,0.27398771171360026,0.2965378571105631,8,8
2022-04-16,Oran,0.20580114907294997,0.2453461776014234,8,8
2022-04-16,TzM,0.2469940700899123,0.29311811923980713,8,8
2022-04-17,Oran,0.18077286773162785,0.23973120193256703,8,8
2022-04-17,TzM,0.2180300565730584,0.2892897550604845,8,8
2022-04-18,Oran,0.18469736264621622,0.23694579484032802,8,8
2022-04-18,TzM,0.24314408151334832,0.2891645144953049,8,8
2022-04-19,Oran,0.2342646781294072,0.23955318947918097,8,8
2022-04-19,TzM,0.2857757027469281,0.2957601904084808,8,8
2022-04-20,Oran,0.25425930224114757,0.24647864911277761,8,8
2022-04-20,TzM,0.27015844291982877,0.2940791578669297,8,8
2022-04-21,Oran,0.23050813568053674,0.24763199857390317,8,8
2022-04-21,TzM,0.2730315892013574,0.2943929850099314,8,8
2022-04-22,Oran,0.22581691771257117,0.2447716727425329,8,8
2022-04-22,TzM,0.25553545757123314,0.292555113280143,8,8
2022-04-23,Oran,0.23726773145990293,0.24581455156573503,8,8
2022-04-23,TzM,0.29456569753758804,0.29913954025036404,8,8
2022-04-24,Oran,0.20753412378616018,0.24294818642198057,8,8
2022-04-24,TzM,0.2664014799030203,0.2973807724682908,8,8
2022-04-25,Oran,0.18410692404283852,0.23938687396098354,8,8
2022-04-25,TzM,0.23920760839858923,0.29355611256936465,8,8
2022-04-26,Oran,0.17357244570357877,0.23688771652637933,8,8
2022-04-26,TzM,0.22716610084630937,0.29079615109060936,8,8
2022-04-27,Oran,0.227829901067937,0.23995474932379407,8,8
2022-04-27,TzM,0.28270764243298846,0.2943283083885418,8,8
2022-04-28,Oran,0.2617239608627851,0.2468645377359429,8,8
2022-04-28,TzM,0.31280201595080526,0.3014035983697364,8,8
2022-04-29,Oran,0.2297352114295373,0.24834520479084038,8,8
2022-04-29,TzM,0.2831904908066223,0.3025359381970606,8,8
2022-04-30,Oran,0.21083835483085914,0.24469340450939583,8,8
2022-04-30,TzM,0.2591616430344354,0.2981873764411399,8,8
2022-05-01,Oran,0.2018374452642241,0.2417535265571758,8,8
2022-05-01,TzM,0.24102626016706616,0.2946658403073486,8,8
2022-05-02,Oran,0.23563754699024997,0.24361396893614626,8,8
2022-05-02,TzM,0.2542850830053028,0.2935394119275243,8,8
2022-05-03,Oran,0.268036505146349,0.2557657609342552,8,8
2022-05-03,TzM,0.2921061044938764,0.29867930671102116,8,8
2022-05-04,Oran,0.2601318192225499,0.2581216986489589,8,8
2022-05-04,TzM,0.27183564716190295,0.2967525938231694,8,8
2022-05-05,Oran,0.2261767047228383,0.25287579021981504,8,8
2022-05-05,TzM,0.25820884820514994,0.29498604292932307,8,8
2022-05-06,Oran,0.20795093658761896,0.24842561120014695,8,8
2022-05-06,TzM,0.22447649323945174,0.2909360557402435,8,8
2022-05-07,Oran,0.18696060117761618,0.24445086600961255,8,8
2022-05-07,TzM,0.2097563315182924,0.28767486017712046,8,8
2022-05-08,Oran,0.16618861771631432,0.24082312297503478,8,8
2022-05-08,TzM,0.18775400862489874,0.28408352811943344,8,8
2022-05-09,Oran,0.15386774867895192,0.23785004383716424,8,8
2022-05-09,TzM,0.17627861660807145,0.28129811153600087,8,8
2022-05-10,Oran,0.14906272189538983,0.23542739071074079,8,8
2022-05-10,TzM,0.18169386962453193,0.27983287270916135,8,8
2022-05-11,Oran,0.13419421288322228,0.2322816010869917,8,8
2022-05-11,TzM,0.1662653219261157,0.27694647484704066,8,8
2022-05-12,Oran,0.12782578966656666,0.23011440017917115,8,8
2022-05-12,TzM,0.16882121092394775,0.2754769914072791,8,8
2022-05-13,Oran,0.1319291523764612,0.22879460613991393,8,8
2022-05-13,TzM,0.17926368932546063,0.2748997933598921,8,8
2022-05-14,Oran,0.11382925754993174,0.22626282260066172,8,8
2022-05-14,TzM,0.16352114592691094,0.272821296202509,8,8
2022-05-15,Oran,0.10636174291311225,0.2243851619910021,8,8
2022-05-15,TzM,0.16852212676128958,0.27198309908424945,8,8
2022-05-16,Oran,0.10135665238819647,0.22298471649772805,8,8
2022-05-16,TzM,0.17228637662973545,0.2709004968882685,8,8
2022-05-17,Oran,0.09055061771183225,0.22074628119952364,8,8
2022-05-17,TzM,0.15770465268226536,0.2684093238234422,8,8
2022-05-18,Oran,0.09608326321315076,0.21955216919667406,8,8
2022-05-18,TzM,0.16334970993002088,0.2673113040540269,8,8
2022-05-19,Oran,0.08910403862351272,0.21735724444027804,8,8
2022-05-19,TzM,0.1569483460564362,0.2655502269534688,8,8
2022-05-20,Oran,0.07797784116424496,0.21509375338915915,8,8
2022-05-20,TzM,0.15923031458729187,0.26441996080163666,8,8
2022-05-21,Oran,0.08196490837535894,0.21415333572591913,8,8
2022-05-21,TzM,0.16360080892244644,0.2635756155635279,8,8
2022-05-22,Oran,0.0803527271802552,0.21278865880287082,8,8
2022-05-22,TzM,0.1535897309689684,0.2619277860687457,8,8
2022-05-23,Oran,0.08418771111574325,0.21216340451577645,8,8
2022-05-23,TzM,0.15990366505483455,0.2616276298955965,8,8
2022-05-24,Oran,0.07493227872936449,0.2108332442760956,8,8
2022-05-24,TzM,0.1500005434653231,0.26055360764975805,8,8
2022-05-25,Oran,0.07061760173041796,0.21002346014634504,8,8
2022-05-25,TzM,0.1465586658328232,0.2600066309647733,8,8
2022-05-26,Oran,0.07260700572190468,0.2098194223630135,8,8
2022-05-26,TzM,0.15506857234715038,0.2601469662714455,8,8
2022-05-27,Oran,0.06449583666246442,0.20840244521005227,8,8
2022-05-27,TzM,0.1577010221234032,0.2594621229585946,8,8
2022-05-28,Oran,0.0673781119714506,0.20698148957530005,8,8
2022-05-28,TzM,0.1542010022400829,0.25798150151968,8,8
2022-05-29,Oran,0.0780229226029554,0.20617556399742107,8,8
2022-05-29,TzM,0.15148436714049524,0.25651575879831057,8,8
2022-05-30,Oran,0.07741817065560422,0.20512981351281773,8,8
2022-05-30,TzM,0.15111698239649593,0.2558886794446918,8,8
2022-05-31,Oran,0.07968050676291104,0.2042784025739939,8,8
2022-05-31,TzM,0.15759487300008335,0.25567333148424753,8,8
2022-06-01,Oran,0.07390704100462986,0.20301741564982248,8,8
2022-06-01,TzM,0.1562375604193412,0.2546035733355797,8,8
2022-06-02,Oran,0.07360595721201814,0.20215352531217157,8,8
2022-06-02,TzM,0.1592176459227247,0.254241775041201,8,8
2022-06-03,Oran,0.09319273541208169,0.20251614117353664,8,8
2022-06-03,TzM,0.18468872761647948,0.25527140573524915,8,8
2022-06-04,Oran,0.10018395717087822,0.20213066597209597,8,8
2022-06-04,TzM,0.15934874298430876,0.25309523632504827,8,8
2022-06-05,Oran,0.09270536196036414,0.20089269827623835,8,8
2022-06-05,TzM,0.14845878826944447,0.25153848542341667,8,8
2022-06-06,Oran,0.09341235614580205,0.20001111789072143,8,8
2022-06-06,TzM,0.15282163686903288,0.25101102163132866,8,8
2022-06-07,Oran,0.0799326704082186,0.19826277755200858,8,8
2022-06-07,TzM,0.14494341963252638,0.24956390905610626,8,8
2022-06-08,Oran,0.07750844228707372,0.19712298302376854,8,8
2022-06-08,TzM,0.14409454232449392,0.2485637202074653,8,8
2022-06-09,Oran,0.07606425394044543,0.19629075067331553,8,8
2022-06-09,TzM,0.14865812718083982,0.24809932672590207,8,8
2022-06-10,Oran,0.0759661048620206,0.1952733059093112,8,8
2022-06-10,TzM,0.14628704573260617,0.24705779255294286,8,8
2022-06-11,Oran,0.07972627694978086,0.19459585848523941,8,8
2022-06-11,TzM,0.1478824048229542,0.2461637266066023,8,8
2022-06-12,Oran,0.0776142282991624,0.19372286989552073,8,8
2022-06-12,TzM,0.14489708818176658,0.24526486453894325,8,8
2022-06-13,Oran,0.07807999865197739,0.19266196315283654,8,8
2022-06-13,TzM,0.143212272736587,0.24432290466134676,8,8
2022-06-14,Oran,0.09257986616098973,0.1923104900744606,8,8
2022-06-14,TzM,0.17319093029762272,0.24508223479221522,8,8
2022-06-15,Oran,0.09205531376551404,0.1904949436788676,8,8
2022-06-15,TzM,0.1898343105567619,0.24311250704953347,8,8
2022-06-16,Oran,0.0999447299839287,0.18997447156026712,8,8
2022-06-16,TzM,0.20658962567042752,0.24329616937565762,8,8
2022-06-17,Oran,0.08384689839220924,0.18837570714168858,8,8
2022-06-17,TzM,0.16316099327645797,0.24019495437019747,8,8
2022-06-18,Oran,0.07487537152149146,0.18710220051837748,8,8
2022-06-18,TzM,0.14010621347207278,0.2376669557936685,8,8
2022-06-19,Oran,0.0767655328465778,0.1865462292718594,8,8
2022-06-19,TzM,0.13788681199749636,0.2371347946433448,8,8
2022-06-20,Oran,0.07636652261507311,0.18602074202089033,8,8
2022-06-20,TzM,0.1398280805442482,0.23734273642644674,8,8
2022-06-21,Oran,0.0803068880816219,0.18633856775208574,8,8
2022-06-21,TzM,0.1590863347335375,0.23873208996251613,8,8
2022-06-22,Oran,0.09426993135912491,0.1873991501319115,8,8
2022-06-22,TzM,0.18868232479220937,0.2410056279163415,8,8
2022-06-23,Oran,0.07702077915128622,0.1864122395021993,8,8
2022-06-23,TzM,0.15581131541770632,0.23931517763259377,8,8
2022-06-24,Oran,0.07237997544074397,0.1858892081030568,8,8
2022-06-24,TzM,0.1478602094085593,0.23879837971425757,8,8
2022-06-25,Oran,0.0736719826633324,0.185302248584931,8,8
2022-06-25,TzM,0.13154069736207782,0.2375453093799909,8,8
2022-06-26,Oran,0.07204076789441652,0.1842422605476907,8,8
2022-06-26,TzM,0.12942817415061747,0.23657569259797268,8,8
2022-06-27,Oran,0.07660448106585953,0.18387719317049275,8,8
2022-06-27,TzM,0.13830960823198482,0.2365270268760229,8,8
2022-06-28,Oran,0.06785977963419232,0.18290163242548213,8,8
2022-06-28,TzM,0.13300509977852926,0.2357140888312929,8,8
2022-06-29,Oran,0.07168998011372614,0.18254169935330014,8,8
2022-06-29,TzM,0.13516510550949817,0.2350602963645207,8,8
2022-06-30,Oran,0.07711204350544286,0.18214526576463314,8,8
2022-06-30,TzM,0.13419551596866525,0.23431225013183915,8,8
2022-07-01,Oran,0.07420428427638573,0.18149488870604114,8,8
2022-07-01,TzM,0.12598225124192566,0.23345134103376608,8,8
2022-07-02,Oran,0.07405827468963429,0.18129319241423097,8,8
2022-07-02,TzM,0.13435424545375432,0.23355007593176866,8,8
2022-07-03,Oran,0.09023998214817433,0.1818855822635967,8,8
2022-07-03,TzM,0.1685616209073678,0.23509857706774612,8,8
2022-07-04,Oran,0.12342334736871424,0.18323740163421043,8,8
2022-07-04,TzM,0.20696448925637487,0.23872482727624864,8,8
2022-07-05,Oran,0.11370455390605766,0.18224336920214476,8,8
2022-07-05,TzM,0.17893917064525575,0.23620187059829106,8,8
2022-07-06,Oran,0.14442854381364872,0.18388829267904402,8,8
2022-07-06,TzM,0.2136425759006095,0.23891627670902954,8,8
2022-07-07,Oran,0.13244027675541695,0.18305216799261137,8,8
2022-07-07,TzM,0.186032458845722,0.23733451542150422,8,8
2022-07-08,Oran,0.11563096761581347,0.18177923143642846,8,8
2022-07-08,TzM,0.168601260079365,0.2357022389524469,8,8
2022-07-09,Oran,0.09124781656399608,0.17968211511119464,8,8
2022-07-09,TzM,0.14392440689200728,0.23296423883814557,8,8
2022-07-10,Oran,0.08226960705074127,0.17821973855378193,8,8
2022-07-10,TzM,0.1341529628752093,0.23107717539134773,8,8
2022-07-11,Oran,0.07506610144418277,0.17702738653074518,8,8
2022-07-11,TzM,0.12711224671894383,0.22967302201217724,8,8
2022-07-12,Oran,0.06906148093279263,0.17594263987218745,8,8
2022-07-12,TzM,0.1261165909512017,0.2287557268221127,8,8
2022-07-13,Oran,0.06984011514387166,0.17515300336431283,8,8
2022-07-13,TzM,0.1276568612573962,0.22805518225619664,8,8
2022-07-14,Oran,0.0716365702633486,0.17441143072897292,8,8
2022-07-14,TzM,0.12243343799644585,0.22684660485308417,8,8
2022-07-15,Oran,0.07171858586676293,0.1736577403105673,8,8
2022-07-15,TzM,0.12303770560844748,0.22601443411488278,8,8
2022-07-16,Oran,0.07100476225624315,0.1729707911244181,8,8
2022-07-16,TzM,0.12084217938153363,0.2252857836061402,8,8
2022-07-17,Oran,0.06701007249658222,0.172049279724721,8,8
2022-07-17,TzM,0.12268026457106886,0.22478519821245416,8,8
2022-07-18,Oran,0.06766136257497009,0.17152302871595637,8,8
2022-07-18,TzM,0.12255834923493428,0.22423834265454817,8,8
2022-07-19,Oran,0.0711956147012896,0.1711878458190648,8,8
2022-07-19,TzM,0.12128944989710455,0.22371227892213744,8,8
2022-07-20,Oran,0.06788038008189834,0.17049939752724325,8,8
2022-07-20,TzM,0.11986970539989043,0.22331629448423257,8,8
2022-07-21,Oran,0.0678379312875207,0.1700990906931826,8,8
2022-07-21,TzM,0.1243663341922097,0.22323175843216866,8,8
2022-07-22,Oran,0.06574623860785214,0.16958889379853107,8,8
2022-07-22,TzM,0.12107931741354003,0.22260706910961547,8,8
2022-07-23,Oran,0.06615570017335107,0.16908189142580887,8,8
2022-07-23,TzM,0.11935242282312457,0.22205542243624984,8,8
2022-07-24,Oran,0.06646940000507916,0.16852358943004098,8,8
2022-07-24,TzM,0.11762155505742775,0.22146188830466643,8,8
2022-07-25,Oran,0.06881902515735534,0.16804671161731732,8,8
2022-07-25,TzM,0.1156557960999443,0.22084939068085263,8,8
2022-07-26,Oran,0.0659760551313396,0.16737889544274961,8,8
2022-07-26,TzM,0.11755239365524364,0.2206218890649707,8,8
2022-07-27,Oran,0.06862180211627088,0.1673113642413108,8,8
2022-07-27,TzM,0.11621324566045868,0.22035205638722366,8,8
2022-07-28,Oran,0.06722281757803233,0.1670871465482184,8,8
2022-07-28,TzM,0.1175064725838111,0.22007976972350943,8,8
2022-07-29,Oran,0.07184971266533015,0.1671192334079351,8,8
2022-07-29,TzM,0.11832018950831533,0.21984370484163884,8,8
2022-07-30,Oran,0.06555622589514878,0.16673733140723626,8,8
2022-07-30,TzM,0.11811516718865417,0.21963161298711045,8,8
2022-07-31,Oran,0.065332397391073,0.1667792455827603,8,8
2022-07-31,TzM,0.12403886077165796,0.21987942684637868,8,8
2022-08-01,Oran,0.06941960246500663,0.16681293382263573,8,8
2022-08-01,TzM,0.12592005833836367,0.21988176495621073,8,8
2022-08-02,Oran,0.07090069679696047,0.16660391539335248,8,8
2022-08-02,TzM,0.13742265680584267,0.22039641714409774,8,8
2022-08-03,Oran,0.07202571416731736,0.1663594959212131,8,8
2022-08-03,TzM,0.13264636048360873,0.21996274433637916,8,8
2022-08-04,Oran,0.06400897132660274,0.16572149994431945,8,8
2022-08-04,TzM,0.1279594714073219,0.2195887859714658,8,8
2022-08-05,Oran,0.057743356051686796,0.1651336203833095,8,8
2022-08-05,TzM,0.12323354927541097,0.2190730336465333,8,8
2022-08-06,Oran,0.060093117638139924,0.16481828563770307,8,8
2022-08-06,TzM,0.11923040232719163,0.21848562104921587,8,8
2022-08-07,Oran,0.06244680499505309,0.16462861825941033,8,8
2022-08-07,TzM,0.1164533371216078,0.2180112531702769,8,8
2022-08-08,Oran,0.06471970866999173,0.16448006378334076,8,8
2022-08-08,TzM,0.11521803004985769,0.21763411752487483,8,8
2022-08-09,Oran,0.06547309549555909,0.1642921573864143,8,8
2022-08-09,TzM,0.11389275602873804,0.21727633976230493,8,8
2022-08-10,Oran,0.0661730478288697,0.16414984647245678,8,8
2022-08-10,TzM,0.11288744721586173,0.2169679874848378,8,8
2022-08-11,Oran,0.06815972123600417,0.1640139660141507,8,8
2022-08-11,TzM,0.11303024114060556,0.21668896980975796,8,8
2022-08-12,Oran,0.07711204734524006,0.1641575051379985,8,8
2022-08-12,TzM,0.12692861433300237,0.21712834701726305,8,8
2022-08-13,Oran,0.13990173808253198,0.16792715038554587,8,8
2022-08-13,TzM,0.22030177663423509,0.22524743948720002,8,8
2022-08-14,Oran,0.1517597950109448,0.1706163100776125,8,8
2022-08-14,TzM,0.20385219695928847,0.2272108820708174,8,8
2022-08-15,Oran,0.11613809006502392,0.1688468712641567,8,8
2022-08-15,TzM,0.1666050456268222,0.22493577493648775,8,8
2022-08-16,Oran,0.0977840688446017,0.16751762654815539,8,8
2022-08-16,TzM,0.14944541640579695,0.22332950338329136,8,8
2022-08-17,Oran,0.08852030867558028,0.166625426911184,8,8
2022-08-17,TzM,0.1399170654078357,0.22219062547542545,8,8
2022-08-18,Oran,0.08577059170261754,0.1662291776877446,8,8
2022-08-18,TzM,0.1360161594654384,0.22142931005280267,8,8
2022-08-19,Oran,0.08248469165724803,0.1657807457825688,8,8
2022-08-19,TzM,0.13323798961937422,0.22074488991577368,8,8
2022-08-20,Oran,0.07901073767818874,0.16518510446318838,8,8
2022-08-20,TzM,0.12939630074757394,0.21994908379488864,8,8
2022-08-21,Oran,0.07402797741968119,0.16437216064602625,8,8
2022-08-21,TzM,0.12337190760177016,0.21896739960893202,8,8
2022-08-22,Oran,0.06995130276276923,0.16354059285072026,8,8
2022-08-22,TzM,0.11804145400559427,0.21804103000383623,8,8
2022-08-23,Oran,0.06985045411303392,0.1631703480589585,8,8
2022-08-23,TzM,0.11628141971978992,0.2174104369784656,8,8
2022-08-24,Oran,0.07135540136426195,0.16298151221431667,8,8
2022-08-24,TzM,0.12258776097779012,0.21723528755338564,8,8
2022-08-25,Oran,0.07957166282185271,0.16319843708369572,8,8
2022-08-25,TzM,0.1573675558320246,0.21889617029381422,8,8
2022-08-26,Oran,0.11798998205388175,0.1655024533511185,8,8
2022-08-26,TzM,0.16903476018189006,0.2196212557977751,8,8
2022-08-27,Oran,0.17622759416088704,0.1748942028425756,8,8
2022-08-27,TzM,0.2074848894814127,0.22478664450739558,8,8
2022-08-28,Oran,0.14304355549641315,0.17315098371539933,8,8
2022-08-28,TzM,0.18290425160605653,0.22357484159108834,8,8
2022-08-29,Oran,0.13791668781796926,0.1724856378480059,8,8
2022-08-29,TzM,0.18549498023563307,0.22376174303261853,8,8
2022-08-30,Oran,0.14902855152966543,0.1728131163926398,8,8
2022-08-30,TzM,0.17980918660759923,0.22315577437218861,8,8
2022-08-31,Oran,0.17086010006729693,0.17685972483920265,8,8
2022-08-31,TzM,0.19778249206903728,0.2250153888997278,8,8
2022-09-01,Oran,0.13134358411074656,0.17420186136589672,8,8
2022-09-01,TzM,0.16624328954831546,0.22305647950423388,8,8
2022-09-02,Oran,0.1268688925832021,0.1730046458298065,8,8
2022-09-02,TzM,0.18708236456701627,0.22412161313389473,8,8
2022-09-03,Oran,0.10932968950173891,0.17119159889025765,8,8
2022-09-03,TzM,0.1649480603549531,0.22264803475455228,8,8
2022-09-04,Oran,0.09774444935934953,0.1696894766365895,8,8
2022-09-04,TzM,0.15173583452920672,0.22136901946444254,8,8
2022-09-05,Oran,0.09014099951467061,0.16833507738030346,8,8
2022-09-05,TzM,0.14305153781682936,0.22028767288123302,8,8
2022-09-06,Oran,0.08298394593303315,0.16711378251431416,8,8
2022-09-06,TzM,0.13671028202301574,0.21936639868899394,8,8
2022-09-07,Oran,0.07973283763791689,0.16621479475107345,8,8
2022-09-07,TzM,0.1323751179795516,0.21866087301781298,8,8
2022-09-08,Oran,0.079074998810643,0.1656089360657774,8,8
2022-09-08,TzM,0.12878773172116392,0.2180669812583609,8,8
2022-09-09,Oran,0.07952188887312761,0.16511908533876057,8,8
2022-09-09,TzM,0.12856717584164515,0.21763714618588742,8,8
2022-09-10,Oran,0.07887773427684773,0.16453777828299604,8,8
2022-09-10,TzM,0.12681569469063292,0.2170864954394729,8,8
2022-09-11,Oran,0.0922018553206666,0.1647854588192994,8,8
2022-09-11,TzM,0.13886251455895893,0.21726446147812037,8,8
2022-09-12,Oran,0.15747516336011103,0.1691348393920992,8,8
2022-09-12,TzM,0.19523933608280983,0.22113862868986628,8,8
2022-09-13,Oran,0.1962547625308154,0.17566479597790316,8,8
2022-09-13,TzM,0.23832198243441155,0.2280378232857114,8,8
2022-09-14,Oran,0.16253408074501105,0.17641224177767992,8,8
2022-09-14,TzM,0.2112456080748846,0.22919235447127564,8,8
2022-09-15,Oran,0.13817000167413812,0.1746106766042162,8,8
2022-09-15,TzM,0.18765804406843684,0.22710794249647537,8,8
2022-09-16,Oran,0.12374515936511457,0.17318673610809393,8,8
2022-09-16,TzM,0.17164802963012138,0.22550257011071628,8,8
2022-09-17,Oran,0.1121166110038757,0.17188177579616912,8,8
2022-09-17,TzM,0.15959992370641737,0.22407006050803158,8,8
2022-09-18,Oran,0.10838143322616813,0.1711149382542391,8,8
2022-09-18,TzM,0.15565132942528606,0.22317068239575932,8,8
2022-09-19,Oran,0.10615596446956764,0.17055051458663628,8,8
2022-09-19,TzM,0.1556849785234877,0.2226202809496929,8,8
2022-09-20,Oran,0.10334452546705475,0.16980609570736765,8,8
2022-09-20,TzM,0.1515809053977902,0.22187612686110167,8,8
2022-09-21,Oran,0.11695016723004029,0.17010955262135283,8,8
2022-09-21,TzM,0.153853234883986,0.2215237988061026,8,8
2022-09-22,Oran,0.15440099079955794,0.17322730520953897,8,8
2022-09-22,TzM,0.19254369965117224,0.22458426477877713,8,8
2022-09-23,Oran,0.13879174787367948,0.17241871709950632,8,8
2022-09-23,TzM,0.18495664716159038,0.22434153113710248,8,8
2022-09-24,Oran,0.12689632054601535,0.1714523071148356,8,8
2022-09-24,TzM,0.17277427261241857,0.22361180970543307,8,8
2022-09-25,Oran,0.12437864170394469,0.17109230513699716,8,8
2022-09-25,TzM,0.17185413111981587,0.2229120219616513,8,8
2022-09-26,Oran,0.15064578761087088,0.17269159490089922,8,8
2022-09-26,TzM,0.1854229732171485,0.22314763373058089,8,8
2022-09-27,Oran,0.1506191574098145,0.17314197995745745,8,8
2022-09-27,TzM,0.1853251203306411,0.22323858963423648,8,8
2022-09-28,Oran,0.13189865230414707,0.17217007487035185,8,8
2022-09-28,TzM,0.1698699893527909,0.22226696069303306,8,8
2022-09-29,Oran,0.12489087377048903,0.17151203700264941,8,8
2022-09-29,TzM,0.16644235424342022,0.22186418465877827,8,8
2022-09-30,Oran,0.15264012088663262,0.17318788503647828,8,8
2022-09-30,TzM,0.1844157127718637,0.22288407336332292,8,8
2022-10-01,Oran,0.13512504633332859,0.17227249536357941,8,8
2022-10-01,TzM,0.1712218326957602,0.22205966397335652,8,8
2022-10-02,Oran,0.11172579151624044,0.17061275557660663,8,8
2022-10-02,TzM,0.14010180031427327,0.22005484351202056,8,8
2022-10-03,Oran,0.1254191544120673,0.17090449646481723,8,8
2022-10-03,TzM,0.13231565516846447,0.21896645926723352,8,8
2022-10-04,Oran,0.17222473281817358,0.17506405854078588,8,8
2022-10-04,TzM,0.19514089469846924,0.22298844374324142,8,8
2022-10-05,Oran,0.13347246332979593,0.17256741960395552,8,8
2022-10-05,TzM,0.16238798065368376,0.22090759726339262,8,8
2022-10-06,Oran,0.11822330115943169,0.17121369326945207,8,8
2022-10-06,TzM,0.15152368299344454,0.21991404557698646,8,8
2022-10-07,Oran,0.11117629110202434,0.1706824005077608,8,8
2022-10-07,TzM,0.1475882845054576,0.2194120104571706,8,8
2022-10-08,Oran,0.09418182125406672,0.16921800207041324,8,8
2022-10-08,TzM,0.13891271761263177,0.21851868133403748,8,8
2022-10-09,Oran,0.08775791960661525,0.16831198033006461,8,8
2022-10-09,TzM,0.1394470592862681,0.2181813001240554,8,8
2022-10-10,Oran,0.13206294342631197,0.17093610947982207,8,8
2022-10-10,TzM,0.14324445024095964,0.21825744074426195,8,8
2022-10-11,Oran,0.18469511141053965,0.17783975323936976,8,8
2022-10-11,TzM,0.15492349938415967,0.21913309297279304,8,8
2022-10-12,Oran,0.16561367136777422,0.17792496868699295,8,8
2022-10-12,TzM,0.15246741550570153,0.21883883219408357,8,8
2022-10-13,Oran,0.14717498039979424,0.17643837683879937,8,8
2022-10-13,TzM,0.12240665450257147,0.2167123066947648,8,8
2022-10-14,Oran,0.12792473610063065,0.1744180418612038,8,8
2022-10-14,TzM,0.11106966650511721,0.21548965034124096,8,8
2022-10-15,Oran,0.11554249559269572,0.17295192914908047,8,8
2022-10-15,TzM,0.11625034163558949,0.215289441378493,8,8
2022-10-16,Oran,0.1282439957113295,0.173131833292666,8,8
2022-10-16,TzM,0.11182002616911439,0.2146665288233443,8,8
2022-10-17,Oran,0.12293174986223701,0.17243175526745003,8,8
2022-10-17,TzM,0.12530786240945174,0.21511976058153726,8,8
2022-10-18,Oran,0.12803234990197612,0.1723529650845,8,8
2022-10-18,TzM,0.15361247088845917,0.21635609855385202,8,8
2022-10-19,Oran,0.1315012541095741,0.17216101489106161,8,8
2022-10-19,TzM,0.15035223983546814,0.2161820130912881,8,8
2022-10-20,Oran,0.15989330311718042,0.17368502954601261,8,8
2022-10-20,TzM,0.20630960952257732,0.22047576102379118,8,8
2022-10-21,Oran,0.17539576457538564,0.17631205023556457,8,8
2022-10-21,TzM,0.24397304868570674,0.22462349012494082,8,8
2022-10-22,Oran,0.16313825673500043,0.1762269758726241,8,8
2022-10-22,TzM,0.2278719460959301,0.2302102851436326,8,8
2022-10-23,Oran,0.15217132302092723,0.17569316601166957,8,8
2022-10-23,TzM,0.21994096079939285,0.23002461775353078,8,8
2022-10-24,Oran,0.11846190270830369,0.17285662462598964,8,8
2022-10-24,TzM,0.18612592628127647,0.2267145654676776,8,8
2022-10-25,Oran,0.09436486365853758,0.1707583105893897,8,8
2022-10-25,TzM,0.16480189032460513,0.22410048436569538,8,8
2022-10-26,Oran,0.08055639083604096,0.16948625384906274,8,8
2022-10-26,TzM,0.1432524505959774,0.22203783367417354,8,8
2022-10-27,Oran,0.06266153134619355,0.16776729728110495,8,8
2022-10-27,TzM,0.1262345591308794,0.22020323829431282,8,8
2022-10-28,Oran,0.061877936269843635,0.1671366900388823,8,8
2022-10-28,TzM,0.1277172729023732,0.21963951628851255,8,8
2022-10-29,Oran,0.04953881035421469,0.1661556542835763,8,8
2022-10-29,TzM,0.11513646810444216,0.21825423650443548,8,8
2022-10-30,Oran,0.05133889728210495,0.16600384300605192,8,8
2022-10-30,TzM,0.1219709766477248,0.2180177688990768,8,8
2022-10-31,Oran,0.05647045109024054,0.16607617086685092,8,8
2022-10-31,TzM,0.14122049711754936,0.21871247054322765,8,8
2022-11-01,Oran,0.05796458843148874,0.16596281020367729,8,8
2022-11-01,TzM,0.12888415095604658,0.2174315201608758,8,8
2022-11-02,Oran,0.05404031844198942,0.16550955790721,8,8
2022-11-02,TzM,0.12119679675609063,0.2163585575395508,8,8
2022-11-03,Oran,0.04605449007549242,0.16481160570363526,8,8
2022-11-03,TzM,0.10854659642791369,0.21525196025246063,8,8
2022-11-04,Oran,0.041401290756909785,0.1643237832017609,8,8
2022-11-04,TzM,0.15016842617248916,0.2170833484514763,8,8
2022-11-05,Oran,0.04155928863853703,0.1639777066521957,8,8
2022-11-05,TzM,0.1518159131121233,0.2168323001579234,8,8
2022-11-06,Oran,0.03554047207638127,0.16330769741755036,8,8
2022-11-06,TzM,0.12400819520515043,0.215150213065116,8,8
2022-11-07,Oran,0.04030607736547336,0.163219604995407,8,8
2022-11-07,TzM,0.1136241737357953,0.21418794244527814,8,8
2022-11-08,Oran,0.05356492137719614,0.16361632894907815,8,8
2022-11-08,TzM,0.11882380334703295,0.21416630272410414,8,8
2022-11-09,Oran,0.08437103824842657,0.16541457160940912,8,8
2022-11-09,TzM,0.16641947863880835,0.2178991645770637,8,8
2022-11-10,Oran,0.1497823688644366,0.1704077596180751,8,8
2022-11-10,TzM,0.21415907909211354,0.22606839925835004,8,8
2022-11-11,Oran,0.1602306903782682,0.17169001080462187,8,8
2022-11-11,TzM,0.213642805814743,0.22649871244242314,8,8
2022-11-12,Oran,0.17574878035143748,0.17512331729541059,8,8
2022-11-12,TzM,0.21902098614526416,0.22795952817327095,8,8
2022-11-13,Oran,0.15949390120804308,0.17436967418819174,8,8
2022-11-13,TzM,0.20350178478187633,0.22732083499431605,8,8
2022-11-14,Oran,0.13699544508193356,0.17304850918714137,8,8
2022-11-14,TzM,0.18645846755488918,0.22577196251797044,8,8
2022-11-15,Oran,0.12233564223727725,0.17207921922329014,8,8
2022-11-15,TzM,0.1775149927523575,0.22471278739210804,8,8
2022-11-16,Oran,0.12591660349461875,0.1719769670215786,8,8
2022-11-16,TzM,0.17609778252479275,0.2241686749223031,8,8
2022-11-17,Oran,0.12484729653377022,0.1717615083104274,8,8
2022-11-17,TzM,0.1751789309476551,0.22385412689886588,8,8
2022-11-18,Oran,0.12383316644452143,0.17164314060670427,8,8
2022-11-18,TzM,0.1757858195587208,0.22364557122713638,8,8
2022-11-19,Oran,0.13497406910555282,0.17242326426212903,8,8
2022-11-19,TzM,0.19085511810293318,0.22459507106166132,8,8
2022-11-20,Oran,0.12363585323156387,0.17173791091095225,8,8
2022-11-20,TzM,0.17090346007362786,0.22310279692082025,8,8
2022-11-21,Oran,0.1080946305339209,0.17066422888367877,8,8
2022-11-21,TzM,0.16517499618624382,0.22236136317645244,8,8
2022-11-22,Oran,0.1535141636419003,0.1737374996796983,8,8
2022-11-22,TzM,0.2149879918004827,0.2266609445214271,8,8
2022-11-23,Oran,0.16042951684994772,0.17449676135524372,8,8
2022-11-23,TzM,0.20919132585588252,0.2275627875014355,8,8
2022-11-24,Oran,0.14949870735529014,0.1741070559401004,8,8
2022-11-24,TzM,0.20288040792863618,0.22706275060772893,8,8
2022-11-25,Oran,0.13579052916926437,0.17273643827829202,8,8
2022-11-25,TzM,0.2095317743522556,0.2275222932037554,8,8
2022-11-26,Oran,0.11981665836494475,0.17145576561938541,8,8
2022-11-26,TzM,0.1952621952483528,0.2264759698392529,8,8
2022-11-27,Oran,0.09753701091118032,0.17002555895291388,8,8
2022-11-27,TzM,0.17368469650452756,0.22462434576530202,8,8
2022-11-28,Oran,0.1035521238156762,0.1699986209940226,8,8
2022-11-28,TzM,0.1922796168609669,0.2253794904406133,8,8
2022-11-29,Oran,0.09669751131632284,0.16941069969754724,8,8
2022-11-29,TzM,0.19225103015962397,0.22531984324910131,8,8
2022-11-30,Oran,0.06827380044965956,0.16765013638822757,8,8
2022-11-30,TzM,0.17500251757079044,0.22374788652125152,8,8
2022-12-01,Oran,0.05958839491253989,0.16682580648997763,8,8
2022-12-01,TzM,0.16580190411523765,0.222684131543103,8,8
2022-12-02,Oran,0.06499480985440921,0.16685826817496874,8,8
2022-12-02,TzM,0.1692255821667219,0.22260294462505134,8,8
2022-12-03,Oran,0.06339028845312161,0.1665537824579438,8,8
2022-12-03,TzM,0.14267785525206766,0.22082036821857878,8,8
2022-12-04,Oran,0.07056614099467384,0.16668975002697253,8,8
2022-12-04,TzM,0.1388224426895919,0.2201124121876139,8,8
2022-12-05,Oran,0.08187982545646483,0.16711405496128268,8,8
2022-12-05,TzM,0.18246335330370222,0.22272867278048863,8,8
2022-12-06,Oran,0.15511999283840908,0.17156769605811498,8,8
2022-12-06,TzM,0.21002520346327827,0.22555461143584624,8,8
2022-12-07,Oran,0.15701577532120412,0.17261791615212546,8,8
2022-12-07,TzM,0.20390679285322363,0.22606070182825388,8,8
2022-12-08,Oran,0.14695079389532079,0.17225975947546177,8,8
2022-12-08,TzM,0.20817791530249735,0.2265434686682726,8,8
2022-12-09,Oran,0.1751682731216071,0.17461713592170688,8,8
2022-12-09,TzM,0.2527053556159923,0.23438543807960258,8,8
2022-12-10,Oran,0.18049980477109304,0.1768825803562754,8,8
2022-12-10,TzM,0.23380475939177953,0.23796756074175626,8,8
2022-12-11,Oran,0.20558748812582645,0.18333212362571816,8,8
2022-12-11,TzM,0.2464135912565612,0.24191241715054368,8,8
2022-12-12,Oran,0.1769531141172667,0.18343680304948423,8,8
2022-12-12,TzM,0.2516776932415699,0.24268421337719218,8,8
2022-12-13,Oran,0.21137054585164686,0.19149934242128344,8,8
2022-12-13,TzM,0.26809101809723007,0.2532668097716707,8,8
2022-12-14,Oran,0.20722914022378255,0.19460057288286137,8,8
2022-12-14,TzM,0.26194230979921196,0.25722112325877927,8,8
2022-12-15,Oran,0.19360817937699495,0.19348237181051828,8,8
2022-12-15,TzM,0.2448373545071502,0.2534046105819901,8,8
2022-12-16,Oran,0.19527960715845957,0.19356790980721106,8,8
2022-12-16,TzM,0.25194026898641725,0.25139539234805847,8,8
2022-12-17,Oran,0.18399942448881804,0.19192019090300697,8,8
2022-12-17,TzM,0.24543818280615498,0.2496747005926935,8,8
2022-12-18,Oran,0.17582891472294682,0.18935619726410652,8,8
2022-12-18,TzM,0.23613170860947938,0.24758621269077255,8,8
2022-12-19,Oran,0.18694501629740487,0.19006959882671715,8,8
2022-12-19,TzM,0.2449334435360996,0.24734329163881114,8,8
2022-12-20,Oran,0.17833006736196452,0.18944782655014367,8,8
2022-12-20,TzM,0.23464083869475866,0.24593221756482592,8,8
2022-12-21,Oran,0.17484070150578604,0.188394404630192,8,8
2022-12-21,TzM,0.24510572438348865,0.24762308597564694,8,8
2022-12-22,Oran,0.17323414217375338,0.18699414210363488,8,8
2022-12-22,TzM,0.24405013644259027,0.24816986379875355,8,8
2022-12-23,Oran,0.1629044479583619,0.18536806502913838,8,8
2022-12-23,TzM,0.23232513390432452,0.24691695075996806,8,8
2022-12-24,Oran,0.1548026296691816,0.18417753497230224,8,8
2022-12-24,TzM,0.22401449907767143,0.2453283030650039,8,8
2022-12-25,Oran,0.1570651225684607,0.18354889110463563,8,8
2022-12-25,TzM,0.2271434977454574,0.24492162831225675,8,8
2022-12-26,Oran,0.15312786697730665,0.1828888624784399,8,8
2022-12-26,TzM,0.22049195956634846,0.243971686810255,8,8
2022-12-27,Oran,0.15507541162679428,0.1828375725228278,8,8
2022-12-27,TzM,0.2250945398485974,0.24357440035888234,8,8
2022-12-28,Oran,0.15104963904643642,0.1822620532124257,8,8
2022-12-28,TzM,0.21828314260040454,0.24295988479800715,8,8
2022-12-29,Oran,0.14289479956763687,0.18146664426952108,8,8
2022-12-29,TzM,0.2067445191113572,0.24189992419345988,8,8
2022-12-30,Oran,0.14105038447458235,0.18095847252817426,8,8
2022-12-30,TzM,0.20373629896264325,0.24134149901740445,8,8
2022-12-31,Oran,0.13646018581434347,0.18042721756901894,8,8
2022-12-31,TzM,0.2005077717139532,0.24072091614729477,8,8
2023-01-01,Oran,0.13238691930338492,0.1799908342359007,8,8
2023-01-01,TzM,0.19877163487437519,0.24022658714583434,8,8
2023-01-02,Oran,0.13183773658009335,0.17960793517041398,8,8
2023-01-02,TzM,0.2033026887005881,0.24012889478992863,8,8
2023-01-03,Oran,0.13251013529838107,0.1793266627204711,8,8
2023-01-03,TzM,0.2047742081708029,0.23999063613040272,8,8
2023-01-04,Oran,0.1293284699534539,0.17915689028555248,8,8
2023-01-04,TzM,0.19684618270318754,0.2393387652026783,8,8
2023-01-05,Oran,0.13246997769494523,0.17921079050322047,8,8
2023-01-05,TzM,0.19618375618991094,0.23905723894897254,8,8
2023-01-06,Oran,0.12511376734578705,0.17856252746748139,8,8
2023-01-06,TzM,0.19251234898049577,0.23872435387027888,8,8
2023-01-07,Oran,0.13013299974444945,0.17853513903549456,8,8
2023-01-07,TzM,0.18852562006366877,0.2381573066507515,8,8
2023-01-08,Oran,0.1844557404334916,0.18286306597903126,8,8
2023-01-08,TzM,0.19318193736437117,0.2380622250861243,8,8
2023-01-09,Oran,0.15464266479992472,0.18123610124724807,8,8
2023-01-09,TzM,0.2039730172408254,0.23879811189774613,8,8
2023-01-10,Oran,0.1426147175433694,0.18000211836006794,8,8
2023-01-10,TzM,0.20299481629933175,0.2388089777485124,8,8
2023-01-11,Oran,0.13756109602505062,0.1797729509165052,8,8
2023-01-11,TzM,0.20197630683450318,0.2388641787447819,8,8
2023-01-12,Oran,0.12268599969808193,0.1785730449024771,8,8
2023-01-12,TzM,0.20165526474777015,0.238819414823267,8,8
2023-01-13,Oran,0.11587137106622825,0.17778953208786538,8,8
2023-01-13,TzM,0.20397842508789737,0.23907432217445024,8,8
2023-01-14,Oran,0.11543806737258293,0.17759976664283234,8,8
2023-01-14,TzM,0.1959944223298838,0.2384826464480475,8,8
2023-01-15,Oran,0.12534564614723448,0.17793498661552293,8,8
2023-01-15,TzM,0.2038554903119802,0.2387857407417246,8,8
2023-01-16,Oran,0.1361477312616637,0.1784542872646793,8,8
2023-01-16,TzM,0.22528870541014162,0.24087791399736153,8,8
2023-01-17,Oran,0.12753613269658848,0.17799880905229534,8,8
2023-01-17,TzM,0.21378867494824683,0.24046245357021687,8,8
2023-01-18,Oran,0.1372644022076589,0.1784461277491245,8,8
2023-01-18,TzM,0.20899633033887333,0.24005226358330167,8,8
2023-01-19,Oran,0.1362700954812472,0.17855028869797945,8,8
2023-01-19,TzM,0.20684095432883812,0.2397697485958863,8,8
2023-01-20,Oran,0.13689063582264005,0.1786460626931464,8,8
2023-01-20,TzM,0.20154221904905212,0.23932959198167444,8,8
2023-01-21,Oran,0.1325488643232183,0.178335257192127,8,8
2023-01-21,TzM,0.19203596317062246,0.2386885003897508,8,8
2023-01-22,Oran,0.1274855461429621,0.1780602688061409,8,8
2023-01-22,TzM,0.18480822551799442,0.23801943365680536,8,8
2023-01-23,Oran,0.11818555897620855,0.17756206416448608,8,8
2023-01-23,TzM,0.17195965342934388,0.23681527082073056,8,8
2023-01-24,Oran,0.11579277387774378,0.17725417979794444,8,8
2023-01-24,TzM,0.1715870837981224,0.23636486077387078,8,8
2023-01-25,Oran,0.11789746913509284,0.17723854195754057,8,8
2023-01-25,TzM,0.17494643538406016,0.23626880671240777,8,8
2023-01-26,Oran,0.1185811249569791,0.177158593453589,8,8
2023-01-26,TzM,0.1729400917017636,0.23582861797982135,8,8
2023-01-27,Oran,0.11995410378717006,0.17718767159175675,8,8
2023-01-27,TzM,0.17913480947639693,0.23593146089268352,8,8
2023-01-28,Oran,0.11920040691973731,0.17714123703295087,8,8
2023-01-28,TzM,0.18075658753514287,0.2359561309414474,8,8
2023-01-29,Oran,0.12011201379240531,0.17718165265854263,8,8
2023-01-29,TzM,0.18232260762076624,0.23601504052548028,8,8
2023-01-30,Oran,0.11411323796530234,0.17687752184564948,8,8
2023-01-30,TzM,0.17636842254279667,0.23546182619113665,8,8
2023-01-31,Oran,0.0994404741914057,0.17574753839461527,8,8
2023-01-31,TzM,0.1591288490821362,0.23365776162398486,8,8
2023-02-01,Oran,0.10065650330764832,0.17555139345101642,8,8
2023-02-01,TzM,0.16319907866234543,0.2335498239845037,8,8
2023-02-02,Oran,0.10107901899113514,0.1753806853758507,8,8
2023-02-02,TzM,0.16723106871665405,0.23349686457138308,8,8
2023-02-03,Oran,0.0984921056899379,0.17503875492781887,8,8
2023-02-03,TzM,0.16296368134575648,0.232981671824267,8,8
2023-02-04,Oran,0.10348303195883013,0.17507638243622461,8,8
2023-02-04,TzM,0.1673058295610213,0.23297208998548355,8,8
2023-02-05,Oran,0.10007620651091706,0.17470095232739796,8,8
2023-02-05,TzM,0.15835485114152295,0.23221000097692007,8,8
2023-02-06,Oran,0.10021177905871237,0.1745411476822661,8,8
2023-02-06,TzM,0.16458285838292025,0.23228704311737886,8,8
2023-02-07,Oran,0.16528230640182237,0.17884624989428477,8,8
2023-02-07,TzM,0.17925522192136234,0.23295632543924605,8,8
2023-02-08,Oran,0.18530932233714664,0.18335376944331847,8,8
2023-02-08,TzM,0.1983886171457063,0.23425519417383164,8,8
2023-02-09,Oran,0.17384064074788913,0.18336653191535196,8,8
2023-02-09,TzM,0.19850723102296647,0.2345050149842312,8,8
2023-02-10,Oran,0.16206655291626684,0.18285163600058826,8,8
2023-02-10,TzM,0.19479331119280108,0.23456182830819955,8,8
2023-02-11,Oran,0.15850495241704532,0.18269235574808274,8,8
2023-02-11,TzM,0.19072592503538252,0.23436608832133438,8,8
2023-02-12,Oran,0.15152060349212312,0.18206515499680742,8,8
2023-02-12,TzM,0.18754748392261952,0.2343012809165214,8,8
2023-02-13,Oran,0.14762773315926064,0.1816148149002282,8,8
2023-02-13,TzM,0.18348380638972703,0.23407598928009204,8,8
2023-02-14,Oran,0.15037623331195016,0.18157259180042584,8,8
2023-02-14,TzM,0.18521451646167977,0.23403709803364778,8,8
2023-02-15,Oran,0.14847567915672158,0.18125824481248853,8,8
2023-02-15,TzM,0.16928589345556436,0.2329193396787894,8,8
2023-02-16,Oran,0.1362907382064178,0.1802738213331484,8,8
2023-02-16,TzM,0.15609904867290564,0.23183551675787092,8,8
2023-02-17,Oran,0.12974937692834215,0.17957032990993044,8,8
2023-02-17,TzM,0.15988151551114,0.23173073738029124,8,8
2023-02-18,Oran,0.14182913556817123,0.1798081953139578,8,8
2023-02-18,TzM,0.15119928401269897,0.23103773025305646,8,8
2023-02-19,Oran,0.1406031804617311,0.17957000089961972,8,8
2023-02-19,TzM,0.16362781531643117,0.2313811320223306,8,8
2023-02-20,Oran,0.1338600876634238,0.17905963745395664,8,8
2023-02-20,TzM,0.16584438765666593,0.2312573828783474,8,8
2023-02-21,Oran,0.16790378673276937,0.18012708478042336,8,8
2023-02-21,TzM,0.1657555321917722,0.23077401695282831,8,8
2023-02-22,Oran,0.16294417793511365,0.1797121659898367,8,8
2023-02-22,TzM,0.17271559891339977,0.2308902344421336,8,8
2023-02-23,Oran,0.13303553943568072,0.17773044956389994,8,8
2023-02-23,TzM,0.15946999104007292,0.2298541822911877,8,8
2023-02-24,Oran,0.10860598447015046,0.1762161463315858,8,8
2023-02-24,TzM,0.14889785129344085,0.22893600705030714,8,8
2023-02-25,Oran,0.1063728859831319,0.17587959166066566,8,8
2023-02-25,TzM,0.1466461835569996,0.22847784771338886,8,8
2023-02-26,Oran,0.10478586779266105,0.17570321911060416,8,8
2023-02-26,TzM,0.1506672202866818,0.22849086681871034,8,8
2023-02-27,Oran,0.09280199232343274,0.17486888986752658,8,8
2023-02-27,TzM,0.14300899660079983,0.22777695512693175,8,8
2023-02-28,Oran,0.09583625296649871,0.17490901136618167,8,8
2023-02-28,TzM,0.15175064605672986,0.22813553431708558,8,8
2023-03-01,Oran,0.09173440670930458,0.1744986521599234,8,8
2023-03-01,TzM,0.1461952109162475,0.22782009771387823,8,8
2023-03-02,Oran,0.077840804067425,0.173319829902688,8,8
2023-03-02,TzM,0.12862380276936541,0.22644684306885063,8,8
2023-03-03,Oran,0.07792012392100492,0.1730659198199139,8,8
2023-03-03,TzM,0.13318682518499703,0.22646991810516304,8,8
2023-03-04,Oran,0.06681410504932526,0.17207677717335887,8,8
2023-03-04,TzM,0.1240065224870034,0.22566629769770719,8,8
2023-03-05,Oran,0.08366058140260271,0.1726642150737223,8,8
2023-03-05,TzM,0.13953473013641898,0.22612624752678365,8,8
2023-03-06,Oran,0.12822739753994294,0.1748687000548253,8,8
2023-03-06,TzM,0.20506131176922562,0.2306446354640157,8,8
2023-03-07,Oran,0.1263432191898588,0.17479563825687422,8,8
2023-03-07,TzM,0.20067084492429305,0.2313617520818584,8,8
2023-03-08,Oran,0.1201873949713638,0.17436419442051743,8,8
2023-03-08,TzM,0.19168552903360436,0.23107519745826716,8,8
2023-03-09,Oran,0.154274504869932,0.17624965548271038,8,8
2023-03-09,TzM,0.17415794388599398,0.22974878882891248,8,8
2023-03-10,Oran,0.1654798279287385,0.17782530997742393,8,8
2023-03-10,TzM,0.1662903754224412,0.22873489705747677,8,8
2023-03-11,Oran,0.13367523585186625,0.17668134030870725,8,8
2023-03-11,TzM,0.14408185106003651,0.22711915630651144,8,8
2023-03-12,Oran,0.11879626758640904,0.17572540561439556,8,8
2023-03-12,TzM,0.14871046423764994,0.2268605367525627,8,8
2023-03-13,Oran,0.11057004837288716,0.17469286702451156,8,8
2023-03-13,TzM,0.15875166561148174,0.22697429535420313,8,8
2023-03-14,Oran,0.0921073111354327,0.17341950923570842,8,8
2023-03-14,TzM,0.14522951534385545,0.22588100254927806,8,8
2023-03-15,Oran,0.08796052809682535,0.17270137522919252,8,8
2023-03-15,TzM,0.13714643876607474,0.2249854247232801,8,8
2023-03-16,Oran,0.09791667771021847,0.17255707582855806,8,8
2023-03-16,TzM,0.11765674429816975,0.22335370639829255,8,8
2023-03-17,Oran,0.07965984410133026,0.17106382415675725,8,8
2023-03-17,TzM,0.11837766091278014,0.2228447381210954,8,8
2023-03-18,Oran,0.09503164699942358,0.17145636788890006,8,8
2023-03-18,TzM,0.13454162045136875,0.22335502524909218,8,8
2023-03-19,Oran,0.08504521357292517,0.17065528895034163,8,8
2023-03-19,TzM,0.13847586223059086,0.2233246423696216,8,8
2023-03-20,Oran,0.08299036556396813,0.17015946020723363,8,8
2023-03-20,TzM,0.1392126072743466,0.22307303949798404,8,8
2023-03-21,Oran,0.08707886661906708,0.1699522537652586,8,8
2023-03-21,TzM,0.14914997523086826,0.2233899676878201,8,8
2023-03-22,Oran,0.07329442298009255,0.16875404124987906,8,8
2023-03-22,TzM,0.14522352252817267,0.2229648949088234,8,8
2023-03-23,Oran,0.07296080652196875,0.1681766803941277,8,8
2023-03-23,TzM,0.1454427811182349,0.22267562219578962,8,8
2023-03-24,Oran,0.08008539396048078,0.1681124272405124,8,8
2023-03-24,TzM,0.15578860095028124,0.22301258303617175,8,8
2023-03-25,Oran,0.06438302469332927,0.1668728167832386,8,8
2023-03-25,TzM,0.14480562901773825,0.2222984147895323,8,8
2023-03-26,Oran,0.0670911144556813,0.16663081573291877,8,8
2023-03-26,TzM,0.1470395477219043,0.22222477148630113,8,8
2023-03-27,Oran,0.06438682756585173,0.16619845430259822,8,8
2023-03-27,TzM,0.14323035313894872,0.2218575619749332,8,8
2023-03-28,Oran,0.060413758668926364,0.16565011598047663,8,8
2023-03-28,TzM,0.13305848775933932,0.22104609404739578,8,8
2023-03-29,Oran,0.06542584138662841,0.16547970385825045,8,8
2023-03-29,TzM,0.1442210256661239,0.22125861754542897,8,8
2023-03-30,Oran,0.06786025677822893,0.1651635305436908,8,8
2023-03-30,TzM,0.1396581885453901,0.22069594714986646,8,8
2023-03-31,Oran,0.07123991585962594,0.16506214689646584,8,8
2023-03-31,TzM,0.14253405427964597,0.2206077578624612,8,8
2023-04-01,Oran,0.07416962000129158,0.16507820265947795,8,8
2023-04-01,TzM,0.14559130660123432,0.22066120901390124,8,8
2023-04-02,Oran,0.0703684631338129,0.16478370088534275,8,8
2023-04-02,TzM,0.14245228029750773,0.22045913770010594,8,8
2023-04-03,Oran,0.06759315201340879,0.1645406313484809,8,8
2023-04-03,TzM,0.1421375843561499,0.22037685329192558,8,8
2023-04-04,Oran,0.057155515326828214,0.1636669549052832,8,8
2023-04-04,TzM,0.13583949984259605,0.21981090895439448,8,8
2023-04-05,Oran,0.05465898819450957,0.163130998214493,8,8
2023-04-05,TzM,0.13501101694572223,0.21943451826901808,8,8
2023-04-06,Oran,0.062096291859863206,0.16331709504860342,8,8
2023-04-06,TzM,0.13822389501882226,0.21929778178271492,8,8
2023-04-07,Oran,0.054786170883195776,0.16263604374816182,8,8
2023-04-07,TzM,0.13453029418106824,0.21878829863118493,8,8
2023-04-08,Oran,0.06132861279775613,0.16249937200766115,8,8
2023-04-08,TzM,0.136033700809716,0.21849302114232588,8,8
2023-04-09,Oran,0.06844993609568618,0.1623351742864632,8,8
2023-04-09,TzM,0.13690164039757002,0.2181941813936359,8,8
2023-04-10,Oran,0.07148549411690133,0.16207304519952317,8,8
2023-04-10,TzM,0.13665071755684416,0.21785971894860265,8,8
2023-04-11,Oran,0.07148589884526413,0.16159489168251145,8,8
2023-04-11,TzM,0.1393544587956153,0.21769711865406285,8,8
2023-04-12,Oran,0.06676851805513265,0.16104212765444495,8,8
2023-04-12,TzM,0.13625401261532188,0.217245977469965,8,8
2023-04-13,Oran,0.0625739338013847,0.16078184693441033,8,8
2023-04-13,TzM,0.13504884463710415,0.216980451129769,8,8
2023-04-14,Oran,0.07060625645041951,0.1611771525479242,8,8
2023-04-14,TzM,0.16801299046921098,0.2187559066438361,8,8
2023-04-15,Oran,0.06421164556360631,0.16089083064408574,8,8
2023-04-15,TzM,0.14560119923829148,0.217305458199821,8,8
2023-04-16,Oran,0.06466796298314334,0.16071427060135904,8,8
2023-04-16,TzM,0.14163737741490418,0.21683071093108242,8,8
2023-04-17,Oran,0.06831927877835559,0.160639236354437,8,8
2023-04-17,TzM,0.14048162354524,0.21655809644021484,8,8
2023-04-18,Oran,0.06294911493562524,0.16042409700448393,8,8
2023-04-18,TzM,0.13723973614641607,0.21628164068648684,8,8
2023-04-19,Oran,0.06621999215090368,0.1605146322277237,8,8
2023-04-19,TzM,0.13945707059036447,0.2163114807519473,8,8
2023-04-20,Oran,0.0623594670235866,0.1599415398218104,8,8
2023-04-20,TzM,0.13335520978465576,0.21573296120684393,8,8
2023-04-21,Oran,0.0675784947121607,0.15974719752786587,8,8
2023-04-21,TzM,0.14221960132770042,0.2159372538720306,8,8
2023-04-22,Oran,0.08570405686365772,0.16049081104822818,8,8
2023-04-22,TzM,0.17368138081541182,0.21783461607992646,8,8
2023-04-23,Oran,0.07890926926228839,0.16007591821864,8,8
2023-04-23,TzM,0.17923064157366747,0.21823508664965624,8,8
2023-04-24,Oran,0.06574832499179926,0.1589717520064995,8,8
2023-04-24,TzM,0.1668047106818688,0.21759735439953046,8,8
2023-04-25,Oran,0.06494250656792613,0.158433412369646,8,8
2023-04-25,TzM,0.1521607442164646,0.21663899347186083,8,8
2023-04-26,Oran,0.06425513470178985,0.1578475045864699,8,8
2023-04-26,TzM,0.14606941347378055,0.21595392964388188,8,8
2023-04-27,Oran,0.06736128880932435,0.15748016407988105,8,8
2023-04-27,TzM,0.14013791630216135,0.21520902157614102,8,8
2023-04-28,Oran,0.06864363129754533,0.15707394614449288,8,8
2023-04-28,TzM,0.15060846829529553,0.21533968270217113,8,8
2023-04-29,Oran,0.0856463498329041,0.1576741966006697,8,8
2023-04-29,TzM,0.16619606363574824,0.2158588591570917,8,8
2023-04-30,Oran,0.09482712334968513,0.1581848051887555,8,8
2023-04-30,TzM,0.1558924072428214,0.215130497848517,8,8
2023-05-01,Oran,0.09192515958222695,0.15800192729860055,8,8
2023-05-01,TzM,0.14289596822345627,0.21410756166044032,8,8
2023-05-02,Oran,0.08096144465027283,0.15722257143161333,8,8
2023-05-02,TzM,0.13348510008501374,0.21321117407397217,8,8
2023-05-03,Oran,0.07882197583552264,0.15683030681531934,8,8
2023-05-03,TzM,0.13035472730591302,0.2127026084222291,8,8
2023-05-04,Oran,0.08082805662797607,0.1567925458010591,8,8
2023-05-04,TzM,0.1394674436979633,0.21283916236930767,8,8
2023-05-05,Oran,0.07950870964798278,0.15645866646874146,8,8
2023-05-05,TzM,0.1421951236736372,0.21270851967366114,8,8
2023-05-06,Oran,0.07001930359048672,0.15571250303602605,8,8
2023-05-06,TzM,0.13610620765738476,0.21207245419684204,8,8
2023-05-07,Oran,0.0800540707242049,0.15564427865577524,8,8
2023-05-07,TzM,0.1556732446892726,0.2125568615370675,8,8
2023-05-08,Oran,0.07959903536028547,0.15523287677740463,8,8
2023-05-08,TzM,0.1568004986344787,0.21242447324881425,8,8
2023-05-09,Oran,0.0750253605885339,0.15478579669457965,8,8
2023-05-09,TzM,0.14094503310594803,0.21140833767621137,8,8
2023-05-10,Oran,0.07547055383930439,0.15463895351305357,8,8
2023-05-10,TzM,0.13667790304354732,0.21097677465724313,8,8
2023-05-11,Oran,0.0719601970227038,0.15455476509132343,8,8
2023-05-11,TzM,0.13314611490472755,0.2107392428933005,8,8
2023-05-12,Oran,0.06719728871935698,0.15442240410408034,8,8
2023-05-12,TzM,0.13005345635189622,0.21060941231093905,8,8
2023-05-13,Oran,0.07692881897091863,0.15519550508651572,8,8
2023-05-13,TzM,0.13503846029236322,0.21092249100145535,8,8
2023-05-14,Oran,0.0732728981474017,0.15509508931856658,8,8
2023-05-14,TzM,0.1373366611721729,0.21110736019909376,8,8
2023-05-15,Oran,0.07773714601138572,0.15536053156266444,8,8
2023-05-15,TzM,0.15399908460676665,0.21204678086858042,8,8
2023-05-16,Oran,0.07701403925225868,0.1551873179427424,8,8
2023-05-16,TzM,0.14922314488610838,0.21177879613088932,8,8
2023-05-17,Oran,0.07303633036733158,0.1548951952244903,8,8
2023-05-17,TzM,0.13789073558904127,0.21103722513898418,8,8
2023-05-18,Oran,0.07929909468063563,0.15518740378930918,8,8
2023-05-18,TzM,0.13929191117150413,0.21099071557584556,8,8
2023-05-19,Oran,0.08806438795977925,0.1557710332521161,8,8
2023-05-19,TzM,0.13924954351233804,0.2110233819602351,8,8
2023-05-20,Oran,0.10407444527830742,0.15693506821379305,8,8
2023-05-20,TzM,0.1453228150586303,0.2114699223127804,8,8
2023-05-21,Oran,0.10898663366793605,0.15744993911414848,8,8
2023-05-21,TzM,0.1479022542572286,0.21160760835597386,8,8
2023-05-22,Oran,0.10554156318673341,0.15745093710720537,8,8
2023-05-22,TzM,0.15034376427923377,0.21186890364869643,8,8
2023-05-23,Oran,0.18090504730028695,0.16474863627894976,8,8
2023-05-23,TzM,0.1912272892475716,0.21518872521425544,8,8
2023-05-24,Oran,0.1729724084256125,0.17215787662101573,8,8
2023-05-24,TzM,0.21732339184535177,0.22327727451920507,8,8
2023-05-25,Oran,0.19913256088974046,0.17375602043676572,8,8
2023-05-25,TzM,0.2457106226172886,0.22887878619918695,8,8
2023-05-26,Oran,0.2054013442309176,0.18455897612405603,8,8
2023-05-26,TzM,0.26470903494689413,0.24746015387293144,8,8
2023-05-27,Oran,0.19030094923543145,0.18448529294157612,8,8
2023-05-27,TzM,0.2530277411232849,0.24585382643425344,8,8
2023-05-28,Oran,0.20982447465057252,0.19340027567060264,8,8
2023-05-28,TzM,0.2696257709758356,0.264035072704581,8,8
2023-05-29,Oran,0.19677226742515797,0.19882099401877548,8,8
2023-05-29,TzM,0.2626901694426411,0.2679544489548884,8,8
2023-05-30,Oran,0.21634672303668784,0.20091136393488432,8,8
2023-05-30,TzM,0.26777314307094596,0.26298336880771733,8,8
2023-05-31,Oran,0.21848372669859986,0.2069513769423375,8,8
2023-05-31,TzM,0.2651753032114357,0.26096112961194623,8,8
2023-06-01,Oran,0.2128823342076579,0.2083383202186373,8,8
2023-06-01,TzM,0.24957592631567657,0.2570192483866489,8,8
2023-06-02,Oran,0.23015454241731126,0.2079810970447591,8,8
2023-06-02,TzM,0.2686771043992944,0.25805358964288116,8,8
2023-06-03,Oran,0.21103539408230387,0.21095834736574867,8,8
2023-06-03,TzM,0.25080912827979773,0.25613715639950607,8,8
2023-06-04,Oran,0.17702422044316274,0.20307440847524852,8,8
2023-06-04,TzM,0.22635627186881668,0.251099555930858,8,8
2023-06-05,Oran,0.1930059216550139,0.2000069703479282,8,8
2023-06-05,TzM,0.2484655213284943,0.2512270867040282,8,8
2023-06-06,Oran,0.18562924174866716,0.19844257940278676,8,8
2023-06-06,TzM,0.23963756627084584,0.2550554425259562,8,8
2023-06-07,Oran,0.20590377919620176,0.1975510956627912,8,8
2023-06-07,TzM,0.2657451708739819,0.2566635082904739,8,8
2023-06-08,Oran,0.2234289767922925,0.20163153858214125,8,8
2023-06-08,TzM,0.27494478228771563,0.264277830781219,8,8
2023-06-09,Oran,0.19923455914268726,0.2041784497191671,8,8
2023-06-09,TzM,0.2558364832749296,0.2663516604194515,8,8
2023-06-10,Oran,0.18796911121147575,0.2013763512194645,8,8
2023-06-10,TzM,0.23729258403182024,0.2602412235665772,8,8
2023-06-11,Oran,0.172268913417566,0.197436381216909,8,8
2023-06-11,TzM,0.21828149738231375,0.25490399345902626,8,8
2023-06-12,Oran,0.15417716029237524,0.1929434086577814,8,8
2023-06-12,TzM,0.2029329389333725,0.25088281753031827,8,8
2023-06-13,Oran,0.1762623200284653,0.19110123087026054,8,8
2023-06-13,TzM,0.2545229117814941,0.255513320658601,8,8
2023-06-14,Oran,0.16970104891501486,0.18862750156492478,8,8
2023-06-14,TzM,0.2362888497055361,0.2565722706065954,8,8
2023-06-15,Oran,0.15208616364808353,0.1856768133943198,8,8
2023-06-15,TzM,0.20479434601178292,0.2519232854247093,8,8
2023-06-16,Oran,0.1359344860722051,0.18313620792182742,8,8
2023-06-16,TzM,0.17421495308180482,0.2473410499637554,8,8
2023-06-17,Oran,0.1236269169074834,0.1807471793877785,8,8
2023-06-17,TzM,0.16780936538462374,0.2443081410172836,8,8
2023-06-18,Oran,0.17677202636345485,0.183276307546213,8,8
2023-06-18,TzM,0.24739365723890885,0.24899785279443387,8,8
2023-06-19,Oran,0.19871575614345854,0.1854649852350598,8,8
2023-06-19,TzM,0.27677846307817255,0.2576794758696403,8,8
2023-06-20,Oran,0.23060531983854338,0.19943818719294223,8,8
2023-06-20,TzM,0.2690164238386052,0.2606716921712321,8,8
2023-06-21,Oran,0.25810034330628934,0.20816445196139027,8,8
2023-06-21,TzM,0.30312933498307276,0.27728432041323303,8,8
2023-06-22,Oran,0.19823631125761834,0.21302654596625778,8,8
2023-06-22,TzM,0.2606658059184586,0.2808660501369128,8,8
2023-06-23,Oran,0.17496504619351172,0.2107548985141711,8,8
2023-06-23,TzM,0.21692509017884726,0.2697170320224311,8,8
2023-06-24,Oran,0.1484519162444306,0.20513751838417327,8,8
2023-06-24,TzM,0.17514930890971103,0.260246732940064,8,8
2023-06-25,Oran,0.12573541982679579,0.19851153870952906,8,8
2023-06-25,TzM,0.17261189163209079,0.25530970426840016,8,8
2023-06-26,Oran,0.1646852786118378,0.19674134833402318,8,8
2023-06-26,TzM,0.23843041629726552,0.25701872900275413,8,8
2023-06-27,Oran,0.18523385829490716,0.19878377099750466,8,8
2023-06-27,TzM,0.22917179602786503,0.2557374363838646,8,8
2023-06-28,Oran,0.13670866488494343,0.1929677882216504,8,8
2023-06-28,TzM,0.18542023238382835,0.25083752705004847,8,8
2023-06-29,Oran,0.11063210564802901,0.18840667568147182,8,8
2023-06-29,TzM,0.15559987233657582,0.24716080912070246,8,8
2023-06-30,Oran,0.09826728130583876,0.1852102467332218,8,8
2023-06-30,TzM,0.14569220832230417,0.24447981814094077,8,8
2023-07-01,Oran,0.08661502040311937,0.18288712290222525,8,8
2023-07-01,TzM,0.13383176177740091,0.2420940267988235,8,8
2023-07-02,Oran,0.09298163402031676,0.18129335846446576,8,8
2023-07-02,TzM,0.13574429588563933,0.2403079528042948,8,8
2023-07-03,Oran,0.13687613132547158,0.1823235430311961,8,8
2023-07-03,TzM,0.1842405192161861,0.2413842901648757,8,8
2023-07-04,Oran,0.10871920738308152,0.17957104401143845,8,8
2023-07-04,TzM,0.1882827783885755,0.24103071145394714,8,8
2023-07-05,Oran,0.08585475435266728,0.17672859176260525,8,8
2023-07-05,TzM,0.1656363837966254,0.2389996302755255,8,8
2023-07-06,Oran,0.08304651991509997,0.17542811050156099,8,8
2023-07-06,TzM,0.15940042677960406,0.23775472518938934,8,8
2023-07-07,Oran,0.08630457882937345,0.17464812725904533,8,8
2023-07-07,TzM,0.15361054452736614,0.2368031296094781,8,8
2023-07-08,Oran,0.09006601193400676,0.17395492781747557,8,8
2023-07-08,TzM,0.15107949581119767,0.23589509853014817,8,8
2023-07-09,Oran,0.07296199027571029,0.17186281291432065,8,8
2023-07-09,TzM,0.1361056575061459,0.2338655440038756,8,8
2023-07-10,Oran,0.07633158116311321,0.17100188005410252,8,8
2023-07-10,TzM,0.13310687694894635,0.2324869834670895,8,8
2023-07-11,Oran,0.09164578340581203,0.17092027401582138,8,8
2023-07-11,TzM,0.1356852489866708,0.23165489399903694,8,8
2023-07-12,Oran,0.08409861666990105,0.16969697791166968,8,8
2023-07-12,TzM,0.12938185049049356,0.23043752491082015,8,8
2023-07-13,Oran,0.07670037239240327,0.16840166461150174,8,8
2023-07-13,TzM,0.13162712643449925,0.2298193174953523,8,8
2023-07-14,Oran,0.07511175313323246,0.1676707090657265,8,8
2023-07-14,TzM,0.131458330801443,0.2292002631645453,8,8
2023-07-15,Oran,0.07243385215396761,0.16689679656238826,8,8
2023-07-15,TzM,0.12691391015878728,0.2282765387116294,8,8
2023-07-16,Oran,0.06793394618224899,0.16610797586255382,8,8
2023-07-16,TzM,0.12626293181797094,0.2277139493901478,8,8
2023-07-17,Oran,0.07259943408006035,0.16609968169912936,8,8
2023-07-17,TzM,0.13035821079239734,0.227363897683589,8,8
2023-07-18,Oran,0.07057319166383047,0.16540091035307428,8,8
2023-07-18,TzM,0.13206578080701686,0.22679220257621058,8,8
2023-07-19,Oran,0.06771051936065317,0.16458816243121857,8,8
2023-07-19,TzM,0.12861634593297674,0.2259534792484421,8,8
2023-07-20,Oran,0.07385776688451647,0.16441433187879498,8,8
2023-07-20,TzM,0.12610137028202997,0.22525973343535471,8,8
2023-07-21,Oran,0.0697884826493434,0.16389080878408224,8,8
2023-07-21,TzM,0.11972102787541711,0.22445984243562345,8,8
2023-07-22,Oran,0.06894968243804375,0.16359485186270023,8,8
2023-07-22,TzM,0.12109240703284735,0.22429716606673436,8,8
2023-07-23,Oran,0.06819107742583161,0.16359938975484642,8,8
2023-07-23,TzM,0.1226394357539615,0.22419958345984153,8,8
2023-07-24,Oran,0.06613931381983343,0.16345424012693222,8,8
2023-07-24,TzM,0.1161262274499198,0.2235743931837772,8,8
2023-07-25,Oran,0.06157671082001481,0.16293852645598472,8,8
2023-07-25,TzM,0.11407249812098019,0.22311920417766817,8,8
2023-07-26,Oran,0.06268581434412565,0.16273023872712594,8,8
2023-07-26,TzM,0.1091904894534596,0.22256753897588502,8,8
2023-07-27,Oran,0.06836732097550247,0.16296919358924764,8,8
2023-07-27,TzM,0.1148873484129772,0.22256430326715892,8,8
2023-07-28,Oran,0.06342572651528672,0.16254529929796202,8,8
2023-07-28,TzM,0.11687054720976828,0.22229068040063504,8,8
2023-07-29,Oran,0.06277091923001846,0.16191380710386838,8,8
2023-07-29,TzM,0.11868799133777712,0.22189029698309137,8,8
2023-07-30,Oran,0.06247686247539809,0.16133632822969896,8,8
2023-07-30,TzM,0.11582284310134125,0.22131166028741156,8,8
2023-07-31,Oran,0.06405853216582141,0.16096474979011735,8,8
2023-07-31,TzM,0.115565410272929,0.22084653906916313,8,8
2023-08-01,Oran,0.0643938811526435,0.16063886803315308,8,8
2023-08-01,TzM,0.11506168970740152,0.2204249378685888,8,8
2023-08-02,Oran,0.05926807869653227,0.16002695016318655,8,8
2023-08-02,TzM,0.1058146387804299,0.21951516825509695,8,8
2023-08-03,Oran,0.06225970537386463,0.15992835597058785,8,8
2023-08-03,TzM,0.10843445027345101,0.21932905588887236,8,8
2023-08-04,Oran,0.06636579752609618,0.16006876593608346,8,8
2023-08-04,TzM,0.11424103241389319,0.21950179269831424,8,8
2023-08-05,Oran,0.0550958070171172,0.1595594300354113,8,8
2023-08-05,TzM,0.10085999242360943,0.2187247201800346,8,8
2023-08-06,Oran,0.05176889558826552,0.15909496551898655,8,8
2023-08-06,TzM,0.09781419383637652,0.21824024833346664,8,8
2023-08-07,Oran,0.05636876139973025,0.15918809049686447,8,8
2023-08-07,TzM,0.1055264108275112,0.21829696607432864,8,8
2023-08-08,Oran,0.05782055998159966,0.15938382216530741,8,8
2023-08-08,TzM,0.11059239349867166,0.21844960013894651,8,8
2023-08-09,Oran,0.05913496058983876,0.15940364531439832,8,8
2023-08-09,TzM,0.11370395142339951,0.21842715173567592,8,8
2023-08-10,Oran,0.0873368417477754,0.16054324093656458,8,8
2023-08-10,TzM,0.11228071593703992,0.21792737100469434,8,8
2023-08-11,Oran,0.07374573564004208,0.15950911391343248,8,8
2023-08-11,TzM,0.11121867317706341,0.21734596288910035,8,8
2023-08-12,Oran,0.07031362080854955,0.15902909836808188,8,8
2023-08-12,TzM,0.11373571217623782,0.2171702235937118,8,8
2023-08-13,Oran,0.06196498405646345,0.15848247512075742,8,8
2023-08-13,TzM,0.11438911216407029,0.2169819077182757,8,8
2023-08-14,Oran,0.05908445480020073,0.15822337335738976,8,8
2023-08-14,TzM,0.1151023444866663,0.21681465483025497,8,8
2023-08-15,Oran,0.06700815822257365,0.15845009265009496,8,8
2023-08-15,TzM,0.11645295922521887,0.21662875882496957,8,8
2023-08-16,Oran,0.07100203859726666,0.15856411632944323,8,8
2023-08-16,TzM,0.11635858587932915,0.2164540322203385,8,8
2023-08-17,Oran,0.06501750511834851,0.15805635837624304,8,8
2023-08-17,TzM,0.11369090717849561,0.2160503712335699,8,8
2023-08-18,Oran,0.05636459088227784,0.15734864973508916,8,8
2023-08-18,TzM,0.10781382891275965,0.21542411032868056,8,8
2023-08-19,Oran,0.0501688547920985,0.15667248401241224,8,8
2023-08-19,TzM,0.10537016466045501,0.21496880858352307,8,8
2023-08-20,Oran,0.05045414065606276,0.15627828375360026,8,8
2023-08-20,TzM,0.10865908714109342,0.21479712103150386,8,8
2023-08-21,Oran,0.0526643559519873,0.15603014827385298,8,8
2023-08-21,TzM,0.10313934685760419,0.21422316712376313,8,8
2023-08-22,Oran,0.05442876745565011,0.15588189991282633,8,8
2023-08-22,TzM,0.10631408209079186,0.2140461751504948,8,8
2023-08-23,Oran,0.05798024630754204,0.1558003303884971,8,8
2023-08-23,TzM,0.1084803155084189,0.2138993901837813,8,8
2023-08-24,Oran,0.05333426787411087,0.1553126371725172,8,8
2023-08-24,TzM,0.10526861980753505,0.21352219630620978,8,8
2023-08-25,Oran,0.0531204161768565,0.15503970147644885,8,8
2023-08-25,TzM,0.10684924160963608,0.2133173272013664,8,8
2023-08-26,Oran,0.0607822148480498,0.15529829398041864,8,8
2023-08-26,TzM,0.10786395776391908,0.21319175903734403,8,8
2023-08-27,Oran,0.11062348834620633,0.15837884874495323,8,8
2023-08-27,TzM,0.11779895102862557,0.21375271530919948,8,8
2023-08-28,Oran,0.09097385235191854,0.15779174372675964,8,8
2023-08-28,TzM,0.10862577495802385,0.2134169129360663,8,8
2023-08-29,Oran,0.06384710955784698,0.1563919485775662,8,8
2023-08-29,TzM,0.09572033789836012,0.2126514230315622,8,8
2023-08-30,Oran,0.056398447257939854,0.15604869803932844,8,8
2023-08-30,TzM,0.09871802395699836,0.21263832442070305,8,8
2023-08-31,Oran,0.0611880826962287,0.1561885745798955,8,8
2023-08-31,TzM,0.10779533643079427,0.21299455354088226,8,8
2023-09-01,Oran,0.06907367005516755,0.1565865867084167,8,8
2023-09-01,TzM,0.10750777266098573,0.21281664602850608,8,8
2023-09-02,Oran,0.13471978307075674,0.1606866631534744,8,8
2023-09-02,TzM,0.1805305673256761,0.21730016809152924,8,8
2023-09-03,Oran,0.22960664359394642,0.1852512406337945,8,8
2023-09-03,TzM,0.26860416866838926,0.24355615679125642,8,8
2023-09-04,Oran,0.20404211397542324,0.2000212545582994,8,8
2023-09-04,TzM,0.2602666447821416,0.2554864774666432,8,8
2023-09-05,Oran,0.17469241256963033,0.19599471701095336,8,8
2023-09-05,TzM,0.23571801940469364,0.25274346660405983,8,8
2023-09-06,Oran,0.14728986984882195,0.19018301861818693,8,8
2023-09-06,TzM,0.22145839231578923,0.24752128055000577,8,8
2023-09-07,Oran,0.1281877966048043,0.18521743403961421,8,8
2023-09-07,TzM,0.19730722972829087,0.2425309294454851,8,8
2023-09-08,Oran,0.114059565152179,0.1812894518319212,8,8
2023-09-08,TzM,0.17807459968485326,0.23822554504792937,8,8
2023-09-09,Oran,0.08529347257505428,0.17711473433453526,8,8
2023-09-09,TzM,0.15243427898109838,0.23445571586489672,8,8
2023-09-10,Oran,0.0688426998489704,0.17398565119651493,8,8
2023-09-10,TzM,0.14296500031885342,0.23199490712661489,8,8
2023-09-11,Oran,0.07688932417907184,0.17263739362481187,8,8
2023-09-11,TzM,0.13535480633819175,0.22994086901216126,8,8
2023-09-12,Oran,0.10481130600464145,0.17287118885605057,8,8
2023-09-12,TzM,0.1180653124281793,0.22763342351505625,8,8
2023-09-13,Oran,0.08904931110436795,0.17103349793030587,8,8
2023-09-13,TzM,0.1245340806199237,0.22697253378206173,8,8
2023-09-14,Oran,0.09520507978855582,0.17081370129570608,8,8
2023-09-14,TzM,0.14067906197037935,0.22705157679554658,8,8
2023-09-15,Oran,0.16381254418768354,0.17555964477970948,8,8
2023-09-15,TzM,0.22585434870071414,0.23481389533385238,8,8
2023-09-16,Oran,0.18549649196936457,0.18282091157724623,8,8
2023-09-16,TzM,0.25897617657717903,0.25186572240444977,8,8
2023-09-17,Oran,0.1785745694011938,0.1836211960396317,8,8
2023-09-17,TzM,0.2403208848677183,0.24823950123850644,8,8
2023-09-18,Oran,0.17284998557240258,0.1847545851083075,8,8
2023-09-18,TzM,0.21829363027293425,0.24460518026822486,8,8
2023-09-19,Oran,0.16070784090972334,0.18270029035381602,8,8
2023-09-19,TzM,0.21527941681836776,0.24255985998867174,8,8
2023-09-20,Oran,0.15894743561378266,0.18122737498679117,8,8
2023-09-20,TzM,0.24744382167333046,0.2476367367076148,8,8
2023-09-21,Oran,0.13161869827413653,0.17827484278527433,8,8
2023-09-21,TzM,0.2247693826763057,0.24674310165727018,8,8
2023-09-22,Oran,0.1758003852223275,0.1818835171397592,8,8
2023-09-22,TzM,0.23510807430935335,0.24671652867752858,8,8
2023-09-23,Oran,0.1412752079304124,0.17968116068571316,8,8
2023-09-23,TzM,0.2093471872963403,0.24399564059230644,8,8
2023-09-24,Oran,0.11778532916710509,0.1770607723625468,8,8
2023-09-24,TzM,0.18813444595587875,0.24124099164711016,8,8
2023-09-25,Oran,0.09319820280690659,0.17480018722107177,8,8
2023-09-25,TzM,0.17467476507514026,0.23902137648608338,8,8
2023-09-26,Oran,0.08159722858642943,0.17314694128075583,8,8
2023-09-26,TzM,0.16751107112749625,0.23723967687079775,8,8
2023-09-27,Oran,0.0672300756313517,0.17134347823677493,8,8
2023-09-27,TzM,0.15392601910034975,0.23518531034259416,8,8
2023-09-28,Oran,0.059174428351956285,0.1697696297994402,8,8
2023-09-28,TzM,0.1493933796576273,0.23370919945208643,8,8
2023-09-29,Oran,0.05935076728127282,0.16869469759527772,8,8
2023-09-29,TzM,0.14559394796072553,0.23250125691686802,8,8
2023-09-30,Oran,0.05146657298090024,0.16711031513013797,8,8
2023-09-30,TzM,0.13639346902920418,0.23087461145692748,8,8
2023-10-01,Oran,0.053864252787144414,0.16620658720370196,8,8
2023-10-01,TzM,0.12796984037604964,0.22918011620640752,8,8
2023-10-02,Oran,0.060146925459447914,0.1658270312198361,8,8
2023-10-02,TzM,0.128321297172653,0.22826355411426014,8,8
2023-10-03,Oran,0.05501112271191884,0.16488027261783839,8,8
2023-10-03,TzM,0.1210295592287653,0.2270784512358276,8,8
2023-10-04,Oran,0.05739909708957931,0.1644802894198992,8,8
2023-10-04,TzM,0.12330112477311077,0.2265422254996864,8,8
2023-10-05,Oran,0.052535260192378086,0.1638285711896224,8,8
2023-10-05,TzM,0.11715090953083214,0.22557043754740763,8,8
2023-10-06,Oran,0.04736321114125795,0.16303600147977226,8,8
2023-10-06,TzM,0.11682725399671316,0.22493190681071656,8,8
2023-10-07,Oran,0.053081221148738075,0.16282312439479785,8,8
2023-10-07,TzM,0.1260720850734383,0.22496037704772068,8,8
2023-10-08,Oran,0.05094885710535231,0.16238364467977498,8,8
2023-10-08,TzM,0.11527769962068349,0.223966572531744,8,8
2023-10-09,Oran,0.05111231654577074,0.1621400594955585,8,8
2023-10-09,TzM,0.11828833048103225,0.22375581884070442,8,8
2023-10-10,Oran,0.05625233673719595,0.16217140082697395,8,8
2023-10-10,TzM,0.12685725604196224,0.22392375826051358,8,8
2023-10-11,Oran,0.04535399680254885,0.1614631093794205,8,8
2023-10-11,TzM,0.1242828973703772,0.22356805617087766,8,8
2023-10-12,Oran,0.048024740257895826,0.16134573955882764,8,8
2023-10-12,TzM,0.12790117630012035,0.223629574340425,8,8
2023-10-13,Oran,0.04528270187314412,0.16099378916083787,8,8
2023-10-13,TzM,0.11781917998603983,0.2228384253225828,8,8
2023-10-14,Oran,0.09978847565801169,0.16405834727233548,8,8
2023-10-14,TzM,0.1287714283052513,0.2232952081647358,8,8
2023-10-15,Oran,0.12735636734144118,0.16649980358779426,8,8
2023-10-15,TzM,0.1434087735496608,0.224176154030781,8,8
2023-10-16,Oran,0.10112861468471948,0.16461829456393834,8,8
2023-10-16,TzM,0.13105169969525085,0.22341366563188397,8,8
2023-10-17,Oran,0.07578563438728447,0.16273034069015352,8,8
2023-10-17,TzM,0.1248886046876003,0.22299731120859317,8,8
2023-10-18,Oran,0.07105326206102719,0.1624411352833763,8,8
2023-10-18,TzM,0.12847652318764866,0.2231037953966542,8,8
2023-10-19,Oran,0.0976912173381472,0.1640554917823584,8,8
2023-10-19,TzM,0.17509267977622678,0.22634818610784252,8,8
2023-10-20,Oran,0.17856924119787135,0.17378098748502183,8,8
2023-10-20,TzM,0.23491201412520907,0.23705796446455146,8,8
2023-10-21,Oran,0.14683471940091394,0.17228825798899422,8,8
2023-10-21,TzM,0.21394819452574373,0.23625922977532207,8,8
2023-10-22,Oran,0.12006148804040224,0.16941221120049718,8,8
2023-10-22,TzM,0.22468672643758744,0.23836498893797395,8,8
2023-10-23,Oran,0.13576658758044727,0.1702219852353217,8,8
2023-10-23,TzM,0.23996998105002074,0.24002298973133096,8,8
2023-10-24,Oran,0.16891437160064937,0.17548047396980343,8,8
2023-10-24,TzM,0.23561149374826956,0.24324055159415459,8,8
2023-10-25,Oran,0.16167034446338158,0.176186421623484,8,8
2023-10-25,TzM,0.22973977646937493,0.24201662740425053,8,8
2023-10-26,Oran,0.16093361866278724,0.17591149772776932,8,8
2023-10-26,TzM,0.23544911578248595,0.241987447070546,8,8
2023-10-27,Oran,0.1801335197736005,0.17309500729573551,8,8
2023-10-27,TzM,0.223717004452881,0.2412412649657773,8,8
2023-10-28,Oran,0.1542569769637995,0.16739498685862197,8,8
2023-10-28,TzM,0.2039113394719989,0.23919435061122238,8,8
2023-10-29,Oran,0.10907327049396562,0.16456991989837316,8,8
2023-10-29,TzM,0.1731806761144023,0.23626724140424474,8,8
2023-10-30,Oran,0.14477833101495363,0.16529891063443947,8,8
2023-10-30,TzM,0.25232034775820605,0.24471280867184853,8,8
2023-10-31,Oran,0.12104282375180817,0.16345155663544034,8,8
2023-10-31,TzM,0.24097585361328366,0.2465747018700073,8,8
2023-11-01,Oran,0.10564816302046517,0.16159693022480034,8,8
2023-11-01,TzM,0.21584307525123725,0.24295377531012552,8,8
2023-11-02,Oran,0.10232418378153722,0.1610624838547617,8,8
2023-11-02,TzM,0.21475865611898115,0.24124740757903113,8,8
2023-11-03,Oran,0.15488097314337562,0.16414218706591507,8,8
2023-11-03,TzM,0.23364711799582497,0.24279585932610462,8,8
2023-11-04,Oran,0.12679033276567336,0.1630882846755779,8,8
2023-11-04,TzM,0.21765475634057987,0.24158497973055132,8,8
2023-11-05,Oran,0.09943283728478589,0.16173067569417168,8,8
2023-11-05,TzM,0.2019330380759278,0.239967128854306,8,8
2023-11-06,Oran,0.0802977894727104,0.16094304978580543,8,8
2023-11-06,TzM,0.17844443682764394,0.23802044279262663,8,8
2023-11-07,Oran,0.05760552336883512,0.16007347742295808,8,8
2023-11-07,TzM,0.15984372513704612,0.23616614075469186,8,8
2023-11-08,Oran,0.052683749859576176,0.1600690922162917,8,8
2023-11-08,TzM,0.1653091865912324,0.2358070182323944,8,8
2023-11-09,Oran,0.04297387120329106,0.15966819533744536,8,8
2023-11-09,TzM,0.1683391427957132,0.23540605153949531,8,8
2023-11-10,Oran,0.044483332256164604,0.15985328604615862,8,8
2023-11-10,TzM,0.1623768233495657,0.2344709907032427,8,8
2023-11-11,Oran,0.05719610287865519,0.16058633170099715,8,8
2023-11-11,TzM,0.16333743016250793,0.23397095183857147,8,8
2023-11-12,Oran,0.0585578608839296,0.1606469954506582,8,8
2023-11-12,TzM,0.16301157101378083,0.23361733610757057,8,8
2023-11-13,Oran,0.0506504617179425,0.16007815691542351,8,8
2023-11-13,TzM,0.14931526735547132,0.23197418804906425,8,8
2023-11-14,Oran,0.04669702291664594,0.15979375897721665,8,8
2023-11-14,TzM,0.13855260252097587,0.2308962112689604,8,8
2023-11-15,Oran,0.04606116226046107,0.15965793298781888,8,8
2023-11-15,TzM,0.12939831934808213,0.22983393994022586,8,8
2023-11-16,Oran,0.052183023892063925,0.15982042425327267,8,8
2023-11-16,TzM,0.14108271668436095,0.23008373694219547,8,8
2023-11-17,Oran,0.04647593800712629,0.15954416445441277,8,8
2023-11-17,TzM,0.12917656389171955,0.22901861600455686,8,8
2023-11-18,Oran,0.04973872506335762,0.1596533220188528,8,8
2023-11-18,TzM,0.1263140167338682,0.22833591939606626,8,8
2023-11-19,Oran,0.05976067609927259,0.1600240988456659,8,8
2023-11-19,TzM,0.13478575569317966,0.228426877280972,8,8
2023-11-20,Oran,0.04620687462880911,0.15924991095735894,8,8
2023-11-20,TzM,0.12093682094614519,0.22739210892774042,8,8
2023-11-21,Oran,0.043115321739428066,0.15901491831053738,8,8
2023-11-21,TzM,0.12073411490523907,0.22701951499234455,8,8
2023-11-22,Oran,0.03863529849445581,0.15872012312351103,8,8
2023-11-22,TzM,0.11311502935761795,0.22623935274657653,8,8
2023-11-23,Oran,0.029591132170014075,0.15806398573498381,8,8
2023-11-23,TzM,0.10635866649509938,0.22543246882860773,8,8
2023-11-24,Oran,0.03290564666656887,0.15811423352443238,8,8
2023-11-24,TzM,0.11477237024084949,0.2255550527487133,8,8
2023-11-25,Oran,0.03580502083931561,0.15816005122171353,8,8
2023-11-25,TzM,0.116260767407471,0.22532757851066157,8,8
2023-11-26,Oran,0.03665423468331703,0.15806397975267727,8,8
2023-11-26,TzM,0.11871884907977498,0.22515761260492875,8,8
2023-11-27,Oran,0.04410984077117725,0.1583654106706866,8,8
2023-11-27,TzM,0.1231871507237436,0.22522339166187846,8,8
2023-11-28,Oran,0.03917534010794241,0.1580517045510417,8,8
2023-11-28,TzM,0.11132729089986837,0.22453051559382772,8,8
2023-11-29,Oran,0.04682881858636673,0.1583226716710127,8,8
2023-11-29,TzM,0.12467555376838461,0.22506428923396787,8,8
2023-11-30,Oran,0.04591224168454588,0.15816900377383253,8,8
2023-11-30,TzM,0.12720454414298785,0.22497016851652837,8,8
2023-12-01,Oran,0.09119486697746212,0.16058484416345817,8,8
2023-12-01,TzM,0.23750024214997642,0.23684959117262086,8,8
2023-12-02,Oran,0.11501957519823251,0.16216947656452457,8,8
2023-12-02,TzM,0.2256143041993262,0.23933476081392802,8,8
2023-12-03,Oran,0.09589421950850983,0.16125397597127122,8,8
2023-12-03,TzM,0.18382171141441725,0.2359051470446293,8,8
2023-12-04,Oran,0.09069513734915452,0.16072096081044074,8,8
2023-12-04,TzM,0.16639870137709084,0.23335125844498145,8,8
2023-12-05,Oran,0.11698288338240656,0.16263592246228203,8,8
2023-12-05,TzM,0.17622435735996625,0.2333113125846034,8,8
2023-12-06,Oran,0.11290120779072518,0.1624266264917699,8,8
2023-12-06,TzM,0.1816008941255143,0.23325047338473012,8,8
2023-12-07,Oran,0.09858728620354143,0.16128924626141108,8,8
2023-12-07,TzM,0.18557134470368017,0.2331970799225764,8,8
2023-12-08,Oran,0.0992917840032313,0.16140347473468955,8,8
2023-12-08,TzM,0.21428802600893815,0.23522055496568559,8,8
2023-12-09,Oran,0.07414012378027071,0.16007498485500335,8,8
2023-12-09,TzM,0.19327055830203116,0.23392390060986648,8,8
2023-12-10,Oran,0.06951885769471329,0.15962922921956357,8,8
2023-12-10,TzM,0.1879985681872387,0.233259237637041,8,8
2023-12-11,Oran,0.05977206653232775,0.15900856382077017,8,8
2023-12-11,TzM,0.16477252291362793,0.23178885329331525,8,8
2023-12-12,Oran,0.061937399290453485,0.15905680069972908,8,8
2023-12-12,TzM,0.1568343556623478,0.23091644259994143,8,8
2023-12-13,Oran,0.07808565614132223,0.1598401075162309,8,8
2023-12-13,TzM,0.1776709895275655,0.23167151317122525,8,8
2023-12-14,Oran,0.07100635318234196,0.15945800899828294,8,8
2023-12-14,TzM,0.14768547355273706,0.22956483329295133,8,8
2023-12-15,Oran,0.04343320219701679,0.15792669675006538,8,8
2023-12-15,TzM,0.13117444348506258,0.22797267616527978,8,8
2023-12-16,Oran,0.04539513327666715,0.15782061094836808,8,8
2023-12-16,TzM,0.13015051531132124,0.2274126153195002,8,8
2023-12-17,Oran,0.051530523855142035,0.15798158208909366,8,8
2023-12-17,TzM,0.13466216223161726,0.22724070106862018,8,8
2023-12-18,Oran,0.056055131165086224,0.158123181811276,8,8
2023-12-18,TzM,0.14315920105723082,0.22741657276866864,8,8
2023-12-19,Oran,0.060760615727218,0.15826698666869235,8,8
2023-12-19,TzM,0.1416311256434829,0.22716335682351077,8,8
2023-12-20,Oran,0.055776008905339285,0.15793481727012398,8,8
2023-12-20,TzM,0.12678502300051875,0.22590436333882022,8,8
2023-12-21,Oran,0.060219567816655925,0.15809210762988277,8,8
2023-12-21,TzM,0.13690446769116352,0.22618899411353907,8,8
2023-12-22,Oran,0.049770512841095786,0.15743382211398416,8,8
2023-12-22,TzM,0.13939628674969318,0.2260567017937781,8,8
2023-12-23,Oran,0.0476078948670397,0.15719303403183182,8,8
2023-12-23,TzM,0.1322519107492732,0.22527601179651544,8,8
2023-12-24,Oran,0.0483433459748905,0.15703506944913428,8,8
2023-12-24,TzM,0.1349634253099316,0.22524707258114068,8,8
2023-12-25,Oran,0.041717759771909564,0.15640262904476845,8,8
2023-12-25,TzM,0.12088709262001218,0.2242506478103946,8,8
2023-12-26,Oran,0.04455752461596544,0.15642752525690903,8,8
2023-12-26,TzM,0.13004669346464948,0.22447143611727188,8,8
2023-12-27,Oran,0.0511108488663545,0.15666062638454792,8,8
2023-12-27,TzM,0.13654834056486848,0.2246436773814627,8,8
2023-12-28,Oran,0.04922775493279481,0.1564272615985781,8,8
2023-12-28,TzM,0.13129529376498986,0.22416587223405718,8,8
2023-12-29,Oran,0.05430806649496915,0.15661768060092623,8,8
2023-12-29,TzM,0.1380749939223293,0.2244038578916768,8,8
2023-12-30,Oran,0.05525852017353379,0.15650785245389617,8,8
2023-12-30,TzM,0.12207106607126404,0.2231438446484628,8,8
2023-12-31,Oran,0.06078906949906809,0.1566978714122446,8,8
2023-12-31,TzM,0.12770968955010173,0.2231620752909144,8,8
2024-01-01,Oran,0.060303332742170083,0.15660182995788433,8,8
2024-01-01,TzM,0.13863470320147075,0.22350574844806895,8,8
2024-01-02,Oran,0.05385403658175405,0.15622242876853343,8,8
2024-01-02,TzM,0.1364074130099816,0.22326103537419778,8,8
2024-01-03,Oran,0.059633404055931816,0.15647372914666266,8,8
2024-01-03,TzM,0.14092998188905048,0.22342534191662167,8,8
2024-01-04,Oran,0.07442623332555401,0.15716171432711207,8,8
2024-01-04,TzM,0.15949478777827783,0.22436467863497184,8,8
2024-01-05,Oran,0.16854940803193694,0.16460573664147415,8,8
2024-01-05,TzM,0.22423644373651408,0.23069434545812056,8,8
2024-01-06,Oran,0.14815657678081467,0.16514784205668523,8,8
2024-01-06,TzM,0.22423325173678943,0.23492840141302246,8,8
2024-01-07,Oran,0.13203197461628757,0.1644986142261797,8,8
2024-01-07,TzM,0.21234253106302897,0.23417001398371867,8,8
2024-01-08,Oran,0.11974167502530719,0.16346291106813116,8,8
2024-01-08,TzM,0.2073176661414689,0.23371741986054864,8,8
2024-01-09,Oran,0.1225551026979467,0.16363412278313005,8,8
2024-01-09,TzM,0.1957515217730256,0.23286276200755696,8,8
2024-01-10,Oran,0.19151788100551703,0.173320941833312,8,8
2024-01-10,TzM,0.22947565398988173,0.23570675651435968,8,8
2024-01-11,Oran,0.16774066905900592,0.1728825438949689,8,8
2024-01-11,TzM,0.2250895461037022,0.23664561179695556,8,8
2024-01-12,Oran,0.16374770752745849,0.172159882529308,8,8
2024-01-12,TzM,0.2150772503348159,0.23611129000172265,8,8
2024-01-13,Oran,0.155189381457307,0.17127061903428176,8,8
2024-01-13,TzM,0.21222286840564888,0.23566196652465174,8,8
2024-01-14,Oran,0.1434348661343321,0.1701217445602537,8,8
2024-01-14,TzM,0.2044809449769434,0.2347986182717026,8,8
2024-01-15,Oran,0.15010820465702376,0.16976449919518702,8,8
2024-01-15,TzM,0.2546379203740202,0.2424118436323326,8,8
2024-01-16,Oran,0.143596366630315,0.16889402218138744,8,8
2024-01-16,TzM,0.24432614923867044,0.24568171837046499,8,8
2024-01-17,Oran,0.16845689894758914,0.17036024211672304,8,8
2024-01-17,TzM,0.2841027097623856,0.26042553661543816,8,8
2024-01-18,Oran,0.1649088179601617,0.17093991714526657,8,8
2024-01-18,TzM,0.2812469560103338,0.2745050624135088,8,8
2024-01-19,Oran,0.2046440863126361,0.17683594905034142,8,8
2024-01-19,TzM,0.30963081743140686,0.27833207435295226,8,8
2024-01-20,Oran,0.2093032262915994,0.1939988180885777,8,8
2024-01-20,TzM,0.2907418277786403,0.2879516989603394,8,8
2024-01-21,Oran,0.18976286077319798,0.19412574199322574,8,8
2024-01-21,TzM,0.2761006197357764,0.28417677374892547,8,8
2024-01-22,Oran,0.17772079524295917,0.19193288373854922,8,8
2024-01-22,TzM,0.2575766738565241,0.27516439393407005,8,8
2024-01-23,Oran,0.1762109958848852,0.1901400564511455,8,8
2024-01-23,TzM,0.26239886741902,0.2700380472374744,8,8
2024-01-24,Oran,0.1660899602010215,0.18751910941050376,8,8
2024-01-24,TzM,0.24943530861837943,0.2661886671283206,8,8
2024-01-25,Oran,0.15978029436440921,0.18567658799430445,8,8
2024-01-25,TzM,0.24937456072476066,0.26403376263428907,8,8
2024-01-26,Oran,0.15678360312570383,0.18358074160784188,8,8
2024-01-26,TzM,0.25062754178633456,0.26304405899565725,8,8
2024-01-27,Oran,0.1492255471755996,0.1812859844865356,8,8
2024-01-27,TzM,0.2374937698428259,0.26090389634253547,8,8
2024-01-28,Oran,0.13754350212114444,0.17909625261803594,8,8
2024-01-28,TzM,0.22299839075593672,0.2587727391573249,8,8
2024-01-29,Oran,0.13092361581405615,0.1775326603592801,8,8
2024-01-29,TzM,0.21845670245343543,0.25752627786065707,8,8
2024-01-30,Oran,0.13254396948077585,0.1767443425783505,8,8
2024-01-30,TzM,0.2191523901812854,0.2569422850599054,8,8
2024-01-31,Oran,0.1278074906520084,0.17565199372992646,8,8
2024-01-31,TzM,0.20923103059901563,0.2556594569419251,8,8
2024-02-01,Oran,0.1238040974187734,0.17483790834049057,8,8
2024-02-01,TzM,0.2071298230989057,0.2548913552135717,8,8
2024-02-02,Oran,0.106379228216332,0.17337697283258652,8,8
2024-02-02,TzM,0.1976353879895855,0.25379359165176013,8,8
2024-02-03,Oran,0.09785389388738508,0.1722962576653262,8,8
2024-02-03,TzM,0.19131263981222124,0.25279431025512883,8,8
2024-02-04,Oran,0.09798910677833449,0.17183119344376388,8,8
2024-02-04,TzM,0.1939438592398264,0.2523818000418241,8,8
2024-02-05,Oran,0.0920368570179135,0.17112970561492907,8,8
2024-02-05,TzM,0.1893538130416733,0.25156309257765286,8,8
2024-02-06,Oran,0.09497732133073697,0.1709103517185787,8,8
2024-02-06,TzM,0.19171313489558264,0.25123362645018293,8,8
2024-02-07,Oran,0.09707997682889623,0.17075389176485783,8,8
2024-02-07,TzM,0.19691364996623795,0.25122579694038527,8,8
2024-02-08,Oran,0.08155183396408336,0.1695231949661764,8,8
2024-02-08,TzM,0.17331310636440259,0.24928276819772405,8,8
2024-02-09,Oran,0.20525832206362718,0.18013401841593096,8,8
2024-02-09,TzM,0.2994218502926533,0.2655636444199281,8,8
2024-02-10,Oran,0.21054880743306312,0.1961908118514168,8,8
2024-02-10,TzM,0.29088290921244464,0.2807375203146309,8,8
2024-02-11,Oran,0.21938026843270958,0.20391119677415692,8,8
2024-02-11,TzM,0.2814772917232552,0.2803399805895617,8,8
2024-02-12,Oran,0.20752445198838212,0.20453663001061456,8,8
2024-02-12,TzM,0.28428977142836226,0.2798714691009678,8,8
2024-02-13,Oran,0.199132926100774,0.202918604750441,8,8
2024-02-13,TzM,0.274166509765582,0.27837290381554697,8,8
2024-02-14,Oran,0.1867146219038905,0.2000950833278972,8,8
2024-02-14,TzM,0.2603778440199914,0.27564961978646574,8,8
2024-02-15,Oran,0.1842238667272395,0.19727226239340892,8,8
2024-02-15,TzM,0.25285648889839646,0.27242676786711956,8,8
2024-02-16,Oran,0.19325753382076463,0.19693761537949694,8,8
2024-02-16,TzM,0.26719179699411155,0.2745724344839815,8,8
2024-02-17,Oran,0.17142085086687767,0.19363655604980276,8,8
2024-02-17,TzM,0.24421689802261648,0.272091161398614,8,8
2024-02-18,Oran,0.15926457271707944,0.1909096612980292,8,8
2024-02-18,TzM,0.2299752447143441,0.2693997208334383,8,8
2024-02-19,Oran,0.15082093084940884,0.18879187904929298,8,8
2024-02-19,TzM,0.21846660350556255,0.2672663052551082,8,8
2024-02-20,Oran,0.14033199807914143,0.1868435407439641,8,8
2024-02-20,TzM,0.20997543659855106,0.26559443551985945,8,8
2024-02-21,Oran,0.1198608136405191,0.18465234672329128,8,8
2024-02-21,TzM,0.19550883420666706,0.2635858394571992,8,8
2024-02-22,Oran,0.11397288688109632,0.18330771315248273,8,8
2024-02-22,TzM,0.19175852390586348,0.2623889185854646,8,8
2024-02-23,Oran,0.12456420359750812,0.1831664199537388,8,8
2024-02-23,TzM,0.2043239545382437,0.2623983550877845,8,8
2024-02-24,Oran,0.11185948644743482,0.1820071434013618,8,8
2024-02-24,TzM,0.22488616822806534,0.263284886017686,8,8
2024-02-25,Oran,0.10635681953038474,0.18123215666277398,8,8
2024-02-25,TzM,0.20821802460390035,0.2617667413393005,8,8
2024-02-26,Oran,0.14312107141163039,0.18286611387924764,8,8
2024-02-26,TzM,0.2861927595905593,0.2757962296976418,8,8
2024-02-27,Oran,0.1745455768323391,0.18494746602877535,8,8
2024-02-27,TzM,0.2638760632667385,0.2791855562905796,8,8
2024-02-28,Oran,0.1602231928538713,0.18429700157177367,8,8
2024-02-28,TzM,0.24190252967423098,0.2749889927809355,8,8
2024-02-29,Oran,0.14478669895605464,0.18340336879053992,8,8
2024-02-29,TzM,0.22420791710009336,0.2717405862861969,8,8
2024-03-01,Oran,0.13103264940641696,0.18244708002414492,8,8
2024-03-01,TzM,0.20727190341128673,0.26886609307810905,8,8
2024-03-02,Oran,0.1372532963158156,0.18250914349399674,8,8
2024-03-02,TzM,0.22288777789131536,0.26866799031124744,8,8
2024-03-03,Oran,0.1874972923206778,0.18728804936577906,8,8
2024-03-03,TzM,0.268112571977201,0.2727225972003624,8,8
2024-03-04,Oran,0.17489043610467775,0.18782758331138652,8,8
2024-03-04,TzM,0.26022783228364144,0.2734340185391121,8,8
2024-03-05,Oran,0.177228775427522,0.188324231053748,8,8
2024-03-05,TzM,0.24947803593927717,0.2721453924892378,8,8
2024-03-06,Oran,0.16195042443489016,0.18727350443698682,8,8
2024-03-06,TzM,0.2282453165130048,0.27000374057498133,8,8
2024-03-07,Oran,0.15790764890392747,0.18646243971193066,8,8
2024-03-07,TzM,0.23913452168468566,0.2699189707270411,8,8
2024-03-08,Oran,0.18477762181688015,0.18901260370079195,8,8
2024-03-08,TzM,0.2685623133280238,0.2745799677171668,8,8
2024-03-09,Oran,0.1914707841745999,0.19009295226065653,8,8
2024-03-09,TzM,0.31328342106254375,0.2861048442296317,8,8
2024-03-10,Oran,0.18121460242749035,0.19069215072264303,8,8
2024-03-10,TzM,0.29151425190636365,0.29010842677022586,8,8
2024-03-11,Oran,0.17827716643288,0.1912885207670713,8,8
2024-03-11,TzM,0.28044953310831644,0.2887329175213321,8,8
2024-03-12,Oran,0.1622389661093585,0.18999312816230207,8,8
2024-03-12,TzM,0.25829924414636657,0.28457002728933195,8,8
2024-03-13,Oran,0.14784953467159587,0.18817117975885198,8,8
2024-03-13,TzM,0.23918688272843594,0.2805211183721902,8,8
2024-03-14,Oran,0.13864552357055074,0.18668254618972827,8,8
2024-03-14,TzM,0.21828339614706938,0.27690432494292494,8,8
2024-03-15,Oran,0.13431440566208344,0.1855618542042054,8,8
2024-03-15,TzM,0.21495679314019245,0.2749833719530066,8,8
2024-03-16,Oran,0.12065392817561707,0.18392050431295015,8,8
2024-03-16,TzM,0.1994164428200389,0.27259527088188734,8,8
2024-03-17,Oran,0.11651552478852603,0.18279837936478444,8,8
2024-03-17,TzM,0.19597173047358868,0.27094749804647245,8,8
2024-03-18,Oran,0.11690597288031432,0.18200081947839025,8,8
2024-03-18,TzM,0.19839273077420522,0.2698973934425682,8,8
2024-03-19,Oran,0.11449690595426949,0.18105798941530307,8,8
2024-03-19,TzM,0.18855097898450052,0.26806101318998415,8,8
2024-03-20,Oran,0.11539717550398564,0.1805149619543397,8,8
2024-03-20,TzM,0.19357981191428952,0.2671961741979982,8,8
2024-03-21,Oran,0.10754514241997598,0.17937547722619013,8,8
2024-03-21,TzM,0.19391150897765744,0.2664005823433399,8,8
2024-03-22,Oran,0.08329147935605298,0.17734204634951264,8,8
2024-03-22,TzM,0.17658506573834376,0.26453966600973094,8,8
2024-03-23,Oran,0.0845017035064023,0.17675618987518335,8,8
2024-03-23,TzM,0.17995405159279945,0.26388313927855644,8,8
2024-03-24,Oran,0.07593718798473131,0.17600660964676726,8,8
2024-03-24,TzM,0.17788882398458777,0.2633213764819942,8,8
2024-03-25,Oran,0.1733902740847404,0.1823152520235761,8,8
2024-03-25,TzM,0.24974149614572524,0.26867211239992594,8,8
2024-03-26,Oran,0.19830513842622308,0.19061807836694125,8,8
2024-03-26,TzM,0.2819924599567397,0.2772029406711703,8,8
2024-03-27,Oran,0.193031847325278,0.19338495661095026,8,8
2024-03-27,TzM,0.2850924681811059,0.2817713152800427,8,8
2024-03-28,Oran,0.21875982089665888,0.19828341138042532,8,8
2024-03-28,TzM,0.29219635998616444,0.28467142066506085,8,8
2024-03-29,Oran,0.21081008538239748,0.20012267250021618,8,8
2024-03-29,TzM,0.29845408162132636,0.2901240091099114,8,8
2024-03-30,Oran,0.21307177817394365,0.20311286437540566,8,8
2024-03-30,TzM,0.3107916506953904,0.2987264159028647,8,8
2024-03-31,Oran,0.21121354162062028,0.2031199417292392,8,8
2024-03-31,TzM,0.3105890247543327,0.3009302705037789,8,8
2024-04-01,Oran,0.20581342086972548,0.20487056323706324,8,8
2024-04-01,TzM,0.29769212560819797,0.30080077924200743,8,8
2024-04-02,Oran,0.18786954996251903,0.2032088135651249,8,8
2024-04-02,TzM,0.28146151731737323,0.2975332262941071,8,8
2024-04-03,Oran,0.17443479530222056,0.19999100471139922,8,8
2024-04-03,TzM,0.25872185072693665,0.2917277861447608,8,8
2024-04-04,Oran,0.15400333496277804,0.19639830213003706,8,8
2024-04-04,TzM,0.24083778306719705,0.287607825596313,8,8
2024-04-05,Oran,0.13737170485907052,0.19330811220242455,8,8
2024-04-05,TzM,0.22544377593964823,0.28428736286329437,8,8
2024-04-06,Oran,0.11217499919029417,0.19005793825107403,8,8
2024-04-06,TzM,0.20536547979859052,0.2809124210452447,8,8
2024-04-07,Oran,0.10550815255020163,0.18818518760271297,8,8
2024-04-07,TzM,0.1984534523037613,0.27870710294266215,8,8
2024-04-08,Oran,0.10866345011959827,0.18712414017839032,8,8
2024-04-08,TzM,0.21294692131217385,0.2781128967761016,8,8
2024-04-09,Oran,0.08856265078501997,0.1849599452962316,8,8
2024-04-09,TzM,0.1929137480002446,0.2757853522286063,8,8
2024-04-10,Oran,0.0808899165480018,0.18343854164674342,8,8
2024-04-10,TzM,0.18158545644312604,0.27383004937504163,8,8
2024-04-11,Oran,0.08179804096028737,0.18249559805331086,8,8
2024-04-11,TzM,0.18054531821828393,0.27246157750487326,8,8
2024-04-12,Oran,0.0657138027423683,0.1806102394814988,8,8
2024-04-12,TzM,0.16484106940324186,0.2702101331753809,8,8
2024-04-13,Oran,0.0608642425931116,0.1790861026338432,8,8
2024-04-13,TzM,0.16325307361415173,0.26854317211469664,8,8
2024-04-14,Oran,0.05798467805651572,0.17760115303099153,8,8
2024-04-14,TzM,0.1554644802371498,0.26658685537146737,8,8
2024-04-15,Oran,0.08595768771671265,0.17836212888602712,8,8
2024-04-15,TzM,0.1741352916557769,0.2664017703689513,8,8
2024-04-16,Oran,0.14965431198040902,0.1827022009119634,8,8
2024-04-16,TzM,0.22865974368741276,0.2696071845952604,8,8
2024-04-17,Oran,0.12045946039550659,0.18018657709274694,8,8
2024-04-17,TzM,0.19604176282271984,0.2672828998966295,8,8
2024-04-18,Oran,0.10240726084948942,0.17834107546857786,8,8
2024-04-18,TzM,0.17959220516877092,0.2653496911535497,8,8
2024-04-19,Oran,0.09951759600277729,0.1776872923543088,8,8
2024-04-19,TzM,0.17642930084686784,0.26445985690492096,8,8
2024-04-20,Oran,0.08149346941323639,0.17643129552565878,8,8
2024-04-20,TzM,0.1671629906006035,0.2634138131239375,8,8
2024-04-21,Oran,0.07615126079367013,0.17553309280825746,8,8
2024-04-21,TzM,0.16527989630083564,0.26260039667125606,8,8
2024-04-22,Oran,0.06785727101635998,0.1747203851209692,8,8
2024-04-22,TzM,0.15776227336437973,0.26146914016027917,8,8
2024-04-23,Oran,0.06444694139579071,0.17425453613727604,8,8
2024-04-23,TzM,0.1460703952024217,0.2602040698904483,8,8
2024-04-24,Oran,0.0608406374048963,0.1737919826278954,8,8
2024-04-24,TzM,0.1530276671845893,0.260184423772038,8,8
2024-04-25,Oran,0.054881336476884326,0.17312652189951958,8,8
2024-04-25,TzM,0.15188197277974883,0.25978383906796326,8,8
2024-04-26,Oran,0.058095336231897485,0.17298844302564564,8,8
2024-04-26,TzM,0.16803853653493472,0.26049702989517665,8,8
2024-04-27,Oran,0.07782976830026272,0.17395166016459854,8,8
2024-04-27,TzM,0.18530469724267232,0.26147948591435544,8,8
2024-04-28,Oran,0.11530865746146785,0.17614601388063994,8,8
2024-04-28,TzM,0.19593831823497518,0.26232565660945706,8,8
2024-04-29,Oran,0.18201788940166608,0.18150960559371238,8,8
2024-04-29,TzM,0.23775048924640552,0.26582418448123774,8,8
2024-04-30,Oran,0.20489675358714418,0.19903964355151116,8,8
2024-04-30,TzM,0.2678226317416449,0.2766580543190729,8,8
2024-05-01,Oran,0.18946508414048321,0.1982890879037617,8,8
2024-05-01,TzM,0.24109134048101355,0.27545212118840606,8,8
2024-05-02,Oran,0.16928072776099368,0.19450605815998503,8,8
2024-05-02,TzM,0.2243949957558366,0.2733276406638935,8,8
2024-05-03,Oran,0.13991163227500858,0.19078353232421974,8,8
2024-05-03,TzM,0.18933103367930554,0.26995469159522995,8,8
2024-05-04,Oran,0.11708157503194738,0.18739595113121918,8,8
2024-05-04,TzM,0.1653845415496435,0.26669261828064916,8,8
2024-05-05,Oran,0.10629557016084165,0.18478530186079806,8,8
2024-05-05,TzM,0.15965449930336628,0.2639769364820152,8,8
2024-05-06,Oran,0.10982874618594439,0.1836531132229085,8,8
2024-05-06,TzM,0.16940041734669048,0.2629051191884963,8,8
2024-05-07,Oran,0.09889663779252608,0.18190942470481805,8,8
2024-05-07,TzM,0.17381324469432474,0.26171677162657014,8,8
2024-05-08,Oran,0.0771220112780673,0.17922897340808705,8,8
2024-05-08,TzM,0.15918029248714444,0.259289025893954,8,8
2024-05-09,Oran,0.06793388761640659,0.17729333492681526,8,8
2024-05-09,TzM,0.15254621064198795,0.25729338107783284,8,8
2024-05-10,Oran,0.07026100427470493,0.1761605962807561,8,8
2024-05-10,TzM,0.1639661779718809,0.2566104411834576,8,8
2024-05-11,Oran,0.06703920586410822,0.1748855586318414,8,8
2024-05-11,TzM,0.15932134767291972,0.2552302456903653,8,8
2024-05-12,Oran,0.06702996828632746,0.17375085090290063,8,8
2024-05-12,TzM,0.16441067556133032,0.2544219570448164,8,8
2024-05-13,Oran,0.07924484071508568,0.17327734951420456,7,7
2024-05-13,TzM,0.1738331184872978,0.2538615484148334,7,7
2024-05-14,Oran,0.10331072016992279,0.17379731521107475,8,8
2024-05-14,TzM,0.2106977877802536,0.255538517309994,8,8
2024-05-15,Oran,0.09944135036792738,0.17342050497932812,8,8
2024-05-15,TzM,0.18728345296666268,0.25347114213910255,8,8
2024-05-16,Oran,0.0788623496726252,0.17210453575179704,8,8
2024-05-16,TzM,0.15163638880018326,0.25139695674669543,8,8
2024-05-17,Oran,0.07078372290606702,0.171311864902414,8,8
2024-05-17,TzM,0.14049480788287566,0.2500515435929181,8,8
2024-05-18,Oran,0.07347522357763894,0.17084923264622104,8,8
2024-05-18,TzM,0.15702879251148855,0.2505743244632345,8,8
2024-05-19,Oran,0.07502429783404937,0.17032093956993727,8,8
2024-05-19,TzM,0.15164250998345552,0.24974710148621776,8,8
2024-05-20,Oran,0.08636238562179792,0.17060783864620838,8,8
2024-05-20,TzM,0.15975952417757663,0.2497028242735589,8,8
2024-05-21,Oran,0.09780554218879058,0.1710301981055775,8,8
2024-05-21,TzM,0.178675662933803,0.2503991100265354,8,8
2024-05-22,Oran,0.08176051460643348,0.16979533126304708,8,8
2024-05-22,TzM,0.15967514794625218,0.24886728691273047,8,8
2024-05-23,Oran,0.07804667056880958,0.16914167051303655,8,8
2024-05-23,TzM,0.1605885003189571,0.24817186642865663,8,8
2024-05-24,Oran,0.0682122831381493,0.16803614916552936,8,8
2024-05-24,TzM,0.149594054462724,0.2467591347142321,8,8
2024-05-25,Oran,0.06684903873749534,0.16686679103111404,8,8
2024-05-25,TzM,0.14144396289694502,0.24511135815352686,8,8
2024-05-26,Oran,0.07869056537019309,0.16640209539487033,8,8
2024-05-26,TzM,0.14967715065987378,0.2442733753777918,8,8
2024-05-27,Oran,0.09208996388272468,0.16629233720927747,8,8
2024-05-27,TzM,0.15311889301558004,0.24321415564808685,8,8
2024-05-28,Oran,0.08698527173651832,0.16541358710233278,8,8
2024-05-28,TzM,0.153097706422454,0.24217765299511737,8,8
2024-05-29,Oran,0.08368187696530392,0.16471604967690057,8,8
2024-05-29,TzM,0.1560506204112631,0.2415721907723145,8,8
2024-05-30,Oran,0.07246817797058372,0.1633902716265342,8,8
2024-05-30,TzM,0.1512328884152115,0.240285690641794,8,8
2024-05-31,Oran,0.07157027573970896,0.16282444598353452,8,8
2024-05-31,TzM,0.15350389489140664,0.2397714559904864,8,8
2024-06-01,Oran,0.1357782211045489,0.16665916907500947,8,8
2024-06-01,TzM,0.1576280280214841,0.2399138672063585,8,8
2024-06-02,Oran,0.12894652596696093,0.16635075348644768,8,8
2024-06-02,TzM,0.1316753504095507,0.2382061970465984,8,8
2024-06-03,Oran,0.11474518810748606,0.16534550879766016,7,7
2024-06-03,TzM,0.14992569960671226,0.2386923626728303,7,7
2024-06-04,Oran,0.1596175258681906,0.1685300101601922,8,8
2024-06-04,TzM,0.20143576608207378,0.24280495409105643,8,8
2024-06-05,Oran,0.12926064483238933,0.16716437127307687,8,8
2024-06-05,TzM,0.18179896777404134,0.24166816562169885,8,8
2024-06-06,Oran,0.10399276096410198,0.16536402804868033,8,8
2024-06-06,TzM,0.16290079934797325,0.2398212467732488,8,8
2024-06-07,Oran,0.08601421106861545,0.16418746639807563,8,8
2024-06-07,TzM,0.1504911234083234,0.23854101540245967,8,8
2024-06-08,Oran,0.15797336996875774,0.17207377174632554,8,8
2024-06-08,TzM,0.18488744123548756,0.2403902233807278,8,8
2024-06-09,Oran,0.18419056890897273,0.1904376211375511,7,7
2024-06-09,TzM,0.2381331847269585,0.24896278749863493,7,7
2024-06-10,Oran,0.2087368723005056,0.19864663421646583,8,8
2024-06-10,TzM,0.269754696441967,0.259159085093463,8,8
2024-06-11,Oran,0.21071322594772332,0.20225078568275082,8,8
2024-06-11,TzM,0.28178989202028415,0.2719469545928181,8,8
2024-06-12,Oran,0.21880746100110027,0.2051105190505325,8,8
2024-06-12,TzM,0.26429024476741175,0.27073314562439915,8,8
2024-06-13,Oran,0.20238040846314415,0.21015929498069644,8,8
2024-06-13,TzM,0.25594876102003894,0.27277180750350477,8,8
2024-06-14,Oran,0.16615506766988902,0.204226388332073,8,8
2024-06-14,TzM,0.21646807272536828,0.26539056309666786,8,8
2024-06-15,Oran,0.16539622197710338,0.20027833029700604,8,8
2024-06-15,TzM,0.196741712600237,0.26050062173458394,8,8
2024-06-16,Oran,0.1396356660187099,0.19473149950831448,8,8
2024-06-16,TzM,0.17941254018271552,0.25654964344423326,8,8
2024-06-17,Oran,0.1255666502548157,0.19001268311509867,8,8
2024-06-17,TzM,0.1642433926890619,0.25292535955544376,8,8
2024-06-18,Oran,0.1112808242943805,0.18564223300920438,8,8
2024-06-18,TzM,0.1455409929889147,0.24899063999535603,8,8
2024-06-19,Oran,0.10374548768545787,0.18275456932594797,8,8
2024-06-19,TzM,0.14741472642807682,0.24714783182153932,8,8
2024-06-20,Oran,0.10055859428178214,0.18099924877091803,8,8
2024-06-20,TzM,0.14995041060276693,0.24615450252274995,8,8
2024-06-21,Oran,0.0946632450816588,0.17926478324646083,8,8
2024-06-21,TzM,0.15370289106838037,0.24538370341551102,8,8
2024-06-22,Oran,0.08483208027586385,0.17700013137310255,8,8
2024-06-22,TzM,0.15148384631535067,0.24400918593660728,8,8
2024-06-23,Oran,0.08348595795406673,0.1751706071853249,8,8
2024-06-23,TzM,0.14813442960015083,0.24245340699543716,8,8
2024-06-24,Oran,0.08460059479874,0.1738561287413105,8,8
2024-06-24,TzM,0.1505498060803921,0.24132361057840407,8,8
2024-06-25,Oran,0.0804774757165231,0.1725333274587843,8,8
2024-06-25,TzM,0.15366512855789694,0.24035123510927447,8,8
2024-06-26,Oran,0.0819016259212156,0.17167203141685802,8,8
2024-06-26,TzM,0.15607931923548704,0.23955593712505743,8,8
2024-06-27,Oran,0.08029785277534285,0.17092648272915265,8,8
2024-06-27,TzM,0.15378566416072062,0.23897251664492924,8,8
2024-06-28,Oran,0.13864886729161977,0.17525803454899824,8,8
2024-06-28,TzM,0.17273841069736437,0.239643756678847,8,8
2024-06-29,Oran,0.18725081113946745,0.1883883452716402,8,8
2024-06-29,TzM,0.23021393881835894,0.24552358107977226,8,8
2024-06-30,Oran,0.15699631238435102,0.18627629498875292,8,8
2024-06-30,TzM,0.2065263230414664,0.2450939442046353,8,8
2024-07-01,Oran,0.16538544389319146,0.1857106966309322,8,8
2024-07-01,TzM,0.22751177776543816,0.2473466633162537,8,8
2024-07-02,Oran,0.13307054515272765,0.18212769860068048,8,8
2024-07-02,TzM,0.19544905764279794,0.24597535880862686,8,8
2024-07-03,Oran,0.11336545766928877,0.17894348085339176,8,8
2024-07-03,TzM,0.164960039260446,0.24210145782496106,8,8
2024-07-04,Oran,0.09896603801836792,0.1758351559213784,8,8
2024-07-04,TzM,0.14179821570755025,0.23861185005698043,8,8
2024-07-05,Oran,0.0913675620375316,0.17373715453941968,8,8
2024-07-05,TzM,0.14195062342847953,0.23696297278902567,8,8
2024-07-06,Oran,0.08828482170155456,0.1721329176707454,8,8
2024-07-06,TzM,0.1404055264152464,0.23545218285356384,8,8
2024-07-07,Oran,0.09660257065990263,0.17140987606458244,8,8
2024-07-07,TzM,0.1405826839450441,0.2342442298582831,8,8
2024-07-08,Oran,0.10879788485261627,0.1715732304385411,8,8
2024-07-08,TzM,0.14377926576455105,0.233823263810062,8,8
2024-07-09,Oran,0.08606657794758626,0.1695366936223126,8,8
2024-07-09,TzM,0.13510400188750904,0.232568627143981,8,8
2024-07-10,Oran,0.07792218981753632,0.16794095810272208,8,8
2024-07-10,TzM,0.1298469532830793,0.23137688937245818,8,8
2024-07-11,Oran,0.07442842604416489,0.1666003598161163,8,8
2024-07-11,TzM,0.12784981942567666,0.23032128093306156,8,8
2024-07-12,Oran,0.07543385904343,0.16564408002924838,8,8
2024-07-12,TzM,0.12687428997310457,0.22939852891398255,8,8
2024-07-13,Oran,0.08032449815689252,0.1652603401447546,8,8
2024-07-13,TzM,0.1323169456825393,0.22916680879158072,8,8
2024-07-14,Oran,0.07794052356071401,0.1647697211840836,8,8
2024-07-14,TzM,0.12779264831762818,0.22839250028988373,8,8
2024-07-15,Oran,0.07033813106963945,0.16381464060092593,8,8
2024-07-15,TzM,0.1226729329736506,0.22752234064286847,8,8
2024-07-16,Oran,0.06993600746907944,0.1631879526757747,8,8
2024-07-16,TzM,0.12467656488545603,0.22713885025777775,8,8
2024-07-17,Oran,0.07482873144216758,0.1629785526580259,8,8
2024-07-17,TzM,0.12913499627811983,0.22694102016384482,8,8
2024-07-18,Oran,0.0856238119334516,0.16324416108744927,8,8
2024-07-18,TzM,0.1428801425473123,0.22734017050901398,8,8
2024-07-19,Oran,0.08417201596418397,0.1627709069971832,8,8
2024-07-19,TzM,0.13419236755151237,0.2263861497894662,8,8
2024-07-20,Oran,0.07730722670664808,0.16184966898362485,8,8
2024-07-20,TzM,0.12121267458576644,0.22497829452889861,8,8
2024-07-21,Oran,0.07423359417456656,0.16130278931766842,8,8
2024-07-21,TzM,0.11739372780821358,0.22425376427222468,8,8
2024-07-22,Oran,0.06917482729036517,0.16083167080163763,8,8
2024-07-22,TzM,0.11905301434339066,0.22398803069821144,8,8
2024-07-23,Oran,0.06635659080490175,0.16036002357347778,8,8
2024-07-23,TzM,0.1192053065253574,0.223560965848995,8,8
2024-07-24,Oran,0.06446893702955846,0.15981081854976736,8,8
2024-07-24,TzM,0.11783162677874327,0.22290885549221856,8,8
2024-07-25,Oran,0.06842187329283411,0.1596460830335314,8,8
2024-07-25,TzM,0.12498773450001335,0.2227978413283336,8,8
2024-07-26,Oran,0.07444642525142,0.15975362053960074,8,8
2024-07-26,TzM,0.13687738956975154,0.22314777588624446,8,8
2024-07-27,Oran,0.06504537738823246,0.15894319831184336,8,8
2024-07-27,TzM,0.13060241049674687,0.2225250770383682,8,8
2024-07-28,Oran,0.05598621759472671,0.15797897516855974,8,8
2024-07-28,TzM,0.12373020073063057,0.22184709931006194,8,8
2024-07-29,Oran,0.0680017556285285,0.15846840289181718,8,8
2024-07-29,TzM,0.13542124687648205,0.22221839526881934,8,8
2024-07-30,Oran,0.06317812116840904,0.15802305422310717,8,8
2024-07-30,TzM,0.1384193389264286,0.22211658713392543,8,8
2024-07-31,Oran,0.061060571952052486,0.15753587669653493,8,8
2024-07-31,TzM,0.12581898538914857,0.2210252421984418,8,8
2024-08-01,Oran,0.06064040907006403,0.1571434983552861,8,8
2024-08-01,TzM,0.126030494669666,0.2206258385518535,8,8
2024-08-02,Oran,0.061402554441765164,0.15696237056670823,8,8
2024-08-02,TzM,0.1192402316715385,0.21990475006645818,8,8
2024-08-03,Oran,0.06480381103590466,0.1570662487880706,8,8
2024-08-03,TzM,0.11782267275037331,0.2195360808221043,8,8
2024-08-04,Oran,0.06972276419552843,0.15719273151277718,8,8
2024-08-04,TzM,0.1148503756913982,0.21905498149209332,8,8
2024-08-05,Oran,0.06999670472815142,0.15702797251629128,8,8
2024-08-05,TzM,0.11924255172737305,0.21884861276408685,8,8
2024-08-06,Oran,0.06855269530879068,0.15672603967305307,8,8
2024-08-06,TzM,0.1153691221211777,0.21818070030603248,8,8
2024-08-07,Oran,0.06352696279579534,0.15633499792834638,8,8
2024-08-07,TzM,0.11218435569193028,0.2176767346311788,8,8
2024-08-08,Oran,0.06339890769522039,0.15619783165958684,8,8
2024-08-08,TzM,0.114411858878419,0.2175026124801303,8,8
2024-08-09,Oran,0.06399051909538207,0.15605803233865612,8,8
2024-08-09,TzM,0.11345931981674953,0.2171629837729403,8,8
2024-08-10,Oran,0.05956434601377873,0.1556630189612459,8,8
2024-08-10,TzM,0.11462823712251707,0.21694497922282724,8,8
2024-08-11,Oran,0.05632192561560662,0.1553621586375788,8,8
2024-08-11,TzM,0.1208880816632118,0.21711477923710812,8,8
2024-08-12,Oran,0.05654156813397999,0.1552189288642682,8,8
2024-08-12,TzM,0.11830182857811447,0.21677469350397585,8,8
2024-08-13,Oran,0.06382526004389652,0.15544646696251258,8,8
2024-08-13,TzM,0.11265661136293018,0.2162368344906412,8,8
2024-08-14,Oran,0.07285287030684341,0.1558847246564172,8,8
2024-08-14,TzM,0.12206257049788212,0.21669025510915965,8,8
2024-08-15,Oran,0.07588046722581261,0.15609830374608014,8,8
2024-08-15,TzM,0.14500345653686364,0.2182194954792007,8,8
2024-08-16,Oran,0.06030549973261566,0.15518529406757814,8,8
2024-08-16,TzM,0.13135706480653558,0.21770646055458015,8,8
2024-08-17,Oran,0.05962317199704116,0.15498239992956966,8,8
2024-08-17,TzM,0.12309928897951464,0.21704779071275326,8,8
2024-08-18,Oran,0.05519819520535215,0.15449876640392435,8,8
2024-08-18,TzM,0.11795993519366758,0.21647261587567013,8,8
2024-08-19,Oran,0.057870897461420504,0.15439119038903165,8,8
2024-08-19,TzM,0.1167316118377398,0.2160682231676383,8,8
2024-08-20,Oran,0.06341728188267357,0.1545301046683559,8,8
2024-08-20,TzM,0.11429401709102699,0.21565093249693265,8,8
2024-08-21,Oran,0.08149616162107605,0.15539242901781675,8,8
2024-08-21,TzM,0.1295284971778021,0.21621088726965126,8,8
2024-08-22,Oran,0.1063306889305625,0.15685995680914053,8,8
2024-08-22,TzM,0.16946622355551014,0.2184967999453427,8,8
2024-08-23,Oran,0.1038963820645737,0.15699802778345753,8,8
2024-08-23,TzM,0.15755184308060854,0.21745954466159223,8,8
2024-08-24,Oran,0.09348434430974797,0.15642413135363145,8,8
2024-08-24,TzM,0.16205676315260711,0.21740304964487664,8,8
2024-08-25,Oran,0.09266066515715093,0.15629230090189444,8,8
2024-08-25,TzM,0.16170437279172606,0.21752263068175703,8,8
2024-08-26,Oran,0.09617919322552235,0.15663695876586706,8,8
2024-08-26,TzM,0.1619877680769709,0.2176838539479697,8,8
2024-08-27,Oran,0.08486843002650651,0.15607821990520437,8,8
2024-08-27,TzM,0.14392061595056874,0.21640797474833784,8,8
2024-08-28,Oran,0.06967180355904008,0.15494694340525114,8,8
2024-08-28,TzM,0.13149716818674664,0.215592907961519,8,8
2024-08-29,Oran,0.07799942473841508,0.15499331382882903,8,8
2024-08-29,TzM,0.14714279609014752,0.21662595012515293,8,8
2024-08-30,Oran,0.09652631921262905,0.15633105441127032,8,8
2024-08-30,TzM,0.1774167636439937,0.21863401442399763,8,8
2024-08-31,Oran,0.12922907423786206,0.15862526110576688,8,8
2024-08-31,TzM,0.19483570706893183,0.2206773813203221,8,8
2024-09-01,Oran,0.13328000651945507,0.1590209297156295,8,8
2024-09-01,TzM,0.18774256495545144,0.22020917320471314,8,8
2024-09-02,Oran,0.1498814589899118,0.16075263806415496,8,8
2024-09-02,TzM,0.2050253772100464,0.22217703003008832,8,8
2024-09-03,Oran,0.16836981457758218,0.1647534629190492,8,8
2024-09-03,TzM,0.209256382543044,0.2237389268750538,8,8
2024-09-04,Oran,0.15843013620022256,0.16684372527130456,8,8
2024-09-04,TzM,0.20831971580742809,0.2246348288581996,8,8
2024-09-05,Oran,0.1472091430779971,0.16683066345702746,8,8
2024-09-05,TzM,0.17249966772486924,0.22208315371001347,8,8
2024-09-06,Oran,0.1315693017125663,0.1655624369371694,8,8
2024-09-06,TzM,0.15204852257595686,0.2197289371099628,8,8
2024-09-07,Oran,0.1121586810809587,0.16382134139100965,8,8
2024-09-07,TzM,0.13626326773254593,0.2182492843172589,8,8
2024-09-08,Oran,0.1521431674046217,0.16666957742082567,8,8
2024-09-08,TzM,0.14029547279609025,0.21815160331545302,8,8
2024-09-09,Oran,0.12772897109146614,0.165220329349903,8,8
2024-09-09,TzM,0.12804105939557314,0.21691930224416683,8,8
2024-09-10,Oran,0.10813117836956962,0.16350117356119015,8,8
2024-09-10,TzM,0.12891659316469406,0.21648397427357607,8,8
2024-09-11,Oran,0.08476966728095314,0.16171523824892328,8,8
2024-09-11,TzM,0.11824625341801856,0.21540231558143114,8,8
2024-09-12,Oran,0.07605139009278347,0.160697200514546,8,8
2024-09-12,TzM,0.1150898068960084,0.21482679884209005,8,8
2024-09-13,Oran,0.06624844901912905,0.15979884106192604,8,8
2024-09-13,TzM,0.11212433175657123,0.21442977575371497,8,8
2024-09-14,Oran,0.049782546152169586,0.15871446033035697,8,8
2024-09-14,TzM,0.11055169169958981,0.21401194830531953,8,8
2024-09-15,Oran,0.05409725351071022,0.15845732591099768,8,8
2024-09-15,TzM,0.11720351835132617,0.21406086384028683,8,8
2024-09-16,Oran,0.0501430562427358,0.1575951309880721,8,8
2024-09-16,TzM,0.10796490429488359,0.21316271128102401,8,8
2024-09-17,Oran,0.05355132787552104,0.15729726372887334,8,8
2024-09-17,TzM,0.11353964035811477,0.2131123914887182,8,8
2024-09-18,Oran,0.06676344567733883,0.1577259994715646,8,8
2024-09-18,TzM,0.135041827030602,0.21410790060142998,8,8
2024-09-19,Oran,0.16743657037506565,0.16470133528987047,8,8
2024-09-19,TzM,0.21482730465101413,0.22074429261513417,8,8
2024-09-20,Oran,0.1741350760762291,0.1712315197888434,8,8
2024-09-20,TzM,0.22525753430777884,0.22905946659748666,8,8
2024-09-21,Oran,0.1865162733723849,0.17493465912288678,8,8
2024-09-21,TzM,0.22964520888006096,0.231068665741897,8,8
2024-09-22,Oran,0.18456167559646044,0.1795008888025237,8,8
2024-09-22,TzM,0.2157997310650153,0.23145816914248662,8,8
2024-09-23,Oran,0.15966800604537368,0.1772214483032883,8,8
2024-09-23,TzM,0.19046251885592932,0.22862318664422773,8,8
2024-09-24,Oran,0.1516511285137567,0.17548115440441067,8,8
2024-09-24,TzM,0.16575133249652185,0.22618452636067002,8,8
2024-09-25,Oran,0.1329864201011554,0.17322713849574617,8,8
2024-09-25,TzM,0.15400834989230158,0.2245692824853248,8,8
2024-09-26,Oran,0.12076137429072915,0.17106451251292265,8,8
2024-09-26,TzM,0.15437476301535225,0.223834742758362,8,8
2024-09-27,Oran,0.11379389418137381,0.1694780602529402,8,8
2024-09-27,TzM,0.1651425101107261,0.22376372379357692,8,8
2024-09-28,Oran,0.09967129445765226,0.1675508227199316,8,8
2024-09-28,TzM,0.15447135317276733,0.22263661482539332,8,8
2024-09-29,Oran,0.08629169710380921,0.16594072852392924,8,8
2024-09-29,TzM,0.13098078010695385,0.22073988896168645,8,8
2024-09-30,Oran,0.0762816761477762,0.16456832964252374,8,8
2024-09-30,TzM,0.1168124254915069,0.21912866359362831,8,8
2024-10-01,Oran,0.0748287846853028,0.1637623381439948,8,8
2024-10-01,TzM,0.11939840793121052,0.21859791006465423,8,8
2024-10-02,Oran,0.06908232856280977,0.16292584265190924,8,8
2024-10-02,TzM,0.1154792721062654,0.21795554285655255,8,8
2024-10-03,Oran,0.07355772145092483,0.1626714419464335,8,8
2024-10-03,TzM,0.13424676116250575,0.21849944606789795,8,8
2024-10-04,Oran,0.07900991747064774,0.1625103587679055,8,8
2024-10-04,TzM,0.1376845451224534,0.21829983668371297,8,8
2024-10-05,Oran,0.06714777098301225,0.16155033642941846,8,8
2024-10-05,TzM,0.1200254836959428,0.2169893634917794,8,8
2024-10-06,Oran,0.057973943444436016,0.16059536940087518,8,8
2024-10-06,TzM,0.12007448655537892,0.21650606300376474,8,8
2024-10-07,Oran,0.061613659108973734,0.16040145535422456,8,8
2024-10-07,TzM,0.12920060937644026,0.21663615801906,8,8
2024-10-08,Oran,0.14341558195371482,0.16525528656397653,8,8
2024-10-08,TzM,0.19983249003159217,0.22152110034691502,8,8
2024-10-09,Oran,0.14236674296399665,0.16584496203725033,8,8
2024-10-09,TzM,0.19007063123901355,0.22189174567456124,8,8
2024-10-10,Oran,0.13912969363204136,0.16609195344368485,8,8
2024-10-10,TzM,0.20203770025343187,0.22344127139839964,8,8
2024-10-11,Oran,0.1200631787144982,0.16473005239393695,8,8
2024-10-11,TzM,0.18275671341746552,0.22234262115031966,8,8
2024-10-12,Oran,0.13166223503709906,0.16527341550112934,8,8
2024-10-12,TzM,0.1980012245354105,0.2235372947559493,8,8
2024-10-13,Oran,0.14847647805822592,0.16691249237071223,8,8
2024-10-13,TzM,0.21930174443443287,0.22902378616396515,8,8
2024-10-14,Oran,0.14392764019970974,0.1667513265805349,8,8
2024-10-14,TzM,0.20765012743898098,0.2295239242068568,8,8
2024-10-15,Oran,0.1962369674883467,0.1739080867969737,8,8
2024-10-15,TzM,0.22419680366750622,0.23047876823388158,8,8
2024-10-16,Oran,0.1855457861655989,0.1785604204764098,8,8
2024-10-16,TzM,0.23280818521610047,0.23372877843555853,8,8
2024-10-17,Oran,0.17683614493144448,0.17855821011120795,8,8
2024-10-17,TzM,0.23465077426345618,0.23632722804780862,8,8
2024-10-18,Oran,0.15949965211341355,0.1775549898160688,8,8
2024-10-18,TzM,0.22540617279830522,0.23543416104722217,8,8
2024-10-19,Oran,0.13723325623799998,0.17497423008472598,8,8
2024-10-19,TzM,0.20563981523889985,0.23308017045015192,8,8
2024-10-20,Oran,0.13149809374410282,0.1734241378654389,8,8
2024-10-20,TzM,0.19371758733005795,0.2311799134081993,8,8
2024-10-21,Oran,0.11063793701413978,0.17095566429925854,8,8
2024-10-21,TzM,0.17699545522938007,0.22904529361451254,8,8
2024-10-22,Oran,0.09995228465925593,0.16934674966121727,8,8
2024-10-22,TzM,0.16848937174091572,0.22752481115157483,8,8
2024-10-23,Oran,0.10405276058369134,0.16890594366852932,8,8
2024-10-23,TzM,0.15734555403106523,0.22611649093202876,8,8
2024-10-24,Oran,0.0930196070157792,0.16771288996968864,8,8
2024-10-24,TzM,0.14524340091548002,0.22461696023457361,8,8
2024-10-25,Oran,0.13537857964853311,0.16981100044683445,8,8
2024-10-25,TzM,0.18858958356326722,0.22685006648057793,8,8
2024-10-26,Oran,0.21699448838732915,0.19590973861345637,8,8
2024-10-26,TzM,0.26807563248716415,0.2568309315342884,8,8
2024-10-27,Oran,0.23954303150675,0.20825859011797057,8,8
2024-10-27,TzM,0.27281673329531164,0.2615852422401553,8,8
2024-10-28,Oran,0.21700867036120897,0.2121344831399013,8,8
2024-10-28,TzM,0.2691741527226127,0.2648286427752893,8,8
2024-10-29,Oran,0.2714925498401303,0.22122591334100844,8,8
2024-10-29,TzM,0.3027970697059006,0.27267462194698755,8,8
2024-10-30,Oran,0.23014636360812654,0.23567039366047038,8,8
2024-10-30,TzM,0.2776703231647366,0.28178834998216784,8,8
2024-10-31,Oran,0.22692068867652346,0.23595159033659227,8,8
2024-10-31,TzM,0.2732381557954139,0.27648765058791047,8,8
2024-11-01,Oran,0.24509297736013363,0.23653190190439696,8,8
2024-11-01,TzM,0.27212412231525435,0.27149174648230195,8,8
2024-11-02,Oran,0.22424767348393554,0.23071253129830188,8,8
2024-11-02,TzM,0.25551585219189765,0.26582294537640005,8,8
2024-11-03,Oran,0.24062271419827636,0.22627519298017218,8,8
2024-11-03,TzM,0.24733956805506688,0.2614540853705562,8,8
2024-11-04,Oran,0.21677600538636319,0.22402267931865613,7,7
2024-11-04,TzM,0.24038078761212436,0.25814157816509453,7,7
2024-11-05,Oran,0.19330427650641346,0.21735548291731538,8,8
2024-11-05,TzM,0.22954855500796775,0.25570646956807275,8,8
2024-11-06,Oran,0.1846799996441855,0.21156309132467263,8,8
2024-11-06,TzM,0.21138036740241475,0.25296500265354016,8,8
2024-11-07,Oran,0.17744281227891529,0.20714083130104338,8,8
2024-11-07,TzM,0.21215783386933995,0.2516331804091813,8,8
2024-11-08,Oran,0.17274334670593566,0.2046066659536055,8,8
2024-11-08,TzM,0.20323699724356656,0.25032901804222435,8,8
2024-11-09,Oran,0.169001078384804,0.2028994409470585,8,8
2024-11-09,TzM,0.1845502911898933,0.24843011922279337,8,8
2024-11-10,Oran,0.1595365533344326,0.20089322950460428,8,8
2024-11-10,TzM,0.18419047599566762,0.24764073708506879,8,8
2024-11-11,Oran,0.14838521112157,0.19884145241048706,8,8
2024-11-11,TzM,0.1703449465884048,0.2460591186265476,8,8
2024-11-12,Oran,0.14256339632460072,0.19739495722595177,8,8
2024-11-12,TzM,0.1579936464485086,0.24452432296315174,8,8
2024-11-13,Oran,0.17072506205873494,0.1984109982107963,8,8
2024-11-13,TzM,0.1637667461924377,0.2441323961390823,8,8
2024-11-14,Oran,0.20256379921996434,0.2014805430528201,8,8
2024-11-14,TzM,0.20844081347105933,0.24652763802985672,8,8
2024-11-15,Oran,0.19906337616255304,0.2022626081584719,8,8
2024-11-15,TzM,0.20930460863059658,0.24647161486696023,8,8
2024-11-16,Oran,0.18274898083231345,0.20117089717803635,8,8
2024-11-16,TzM,0.18054229791169277,0.2443259720797421,8,8
2024-11-17,Oran,0.17541481937958284,0.2002050056446841,8,8
2024-11-17,TzM,0.1647167840025952,0.242831243159341,8,8
2024-11-18,Oran,0.17041646365185514,0.1994243549237616,8,8
2024-11-18,TzM,0.17294565963207695,0.24281211654182336,8,8
2024-11-19,Oran,0.1593635973462938,0.19821304245472726,8,8
2024-11-19,TzM,0.16568475939089156,0.24222242259344115,8,8
2024-11-20,Oran,0.15342024489266476,0.19728487301071806,8,8
2024-11-20,TzM,0.15445939657263086,0.2413104876631596,8,8
2024-11-21,Oran,0.15051109948671793,0.19669961623531984,8,8
2024-11-21,TzM,0.15004206809719076,0.24074507297062478,8,8
2024-11-22,Oran,0.13737545191258774,0.19576930721269176,8,8
2024-11-22,TzM,0.14709563004616338,0.24034834283052892,8,8
2024-11-23,Oran,0.1426859488134372,0.19570569123114165,8,8
2024-11-23,TzM,0.17464072245066278,0.241550642740531,8,8
2024-11-24,Oran,0.13403263371983837,0.19479459255982295,8,8
2024-11-24,TzM,0.1565819147729971,0.2402447573535266,8,8
2024-11-25,Oran,0.11640827747589697,0.19334240164911126,8,8
2024-11-25,TzM,0.14304954483494403,0.23901533549804177,8,8
2024-11-26,Oran,0.11952540336073608,0.19306797150777294,8,8
2024-11-26,TzM,0.15566151815115425,0.23935171002980132,8,8
2024-11-27,Oran,0.09852800173047892,0.19165250251269883,8,8
2024-11-27,TzM,0.1481077018025957,0.23869996721260858,8,8
2024-11-28,Oran,0.09472817974316758,0.19103036058842163,8,8
2024-11-28,TzM,0.1454680208544262,0.23814692805658594,8,8
2024-11-29,Oran,0.10178334308721437,0.19099581365986248,8,8
2024-11-29,TzM,0.15727126398658162,0.2384736081249401,8,8
2024-11-30,Oran,0.10009704055476942,0.19056250358224883,8,8
2024-11-30,TzM,0.14475502122315712,0.23733801554094566,8,8
2024-12-01,Oran,0.10247537502199894,0.19032344330672527,8,8
2024-12-01,TzM,0.14711867962337902,0.23704005650198848,8,8
2024-12-02,Oran,0.09293376418977292,0.18947366797987142,8,8
2024-12-02,TzM,0.1355892205641406,0.23624078542849075,8,8
2024-12-03,Oran,0.08625402118622379,0.18878790452857938,8,8
2024-12-03,TzM,0.1274556999018446,0.23545465480963712,8,8
2024-12-04,Oran,0.08859325154814927,0.18864067187017064,8,8
2024-12-04,TzM,0.13894828317351024,0.23575996246005665,8,8
2024-12-05,Oran,0.07577318528588214,0.18774777672675225,8,8
2024-12-05,TzM,0.11499587693175327,0.23412367026703274,8,8
2024-12-06,Oran,0.06996820896336083,0.18711353657033036,8,8
2024-12-06,TzM,0.11425964944980667,0.23365455729062434,8,8
2024-12-07,Oran,0.07961294962645352,0.18728967113511374,8,8
2024-12-07,TzM,0.1245241580958493,0.23390804789960382,8,8
2024-12-08,Oran,0.06104236762479235,0.18603432780975043,8,8
2024-12-08,TzM,0.1158781591589089,0.23311692500700712,8,8
2024-12-09,Oran,0.05587042110641439,0.18546748627280565,8,8
2024-12-09,TzM,0.11536281870403246,0.2327537848690494,8,8
2024-12-10,Oran,0.06268371560638131,0.18567365748316336,8,8
2024-12-10,TzM,0.11582393654484725,0.23250722334888133,8,8
2024-12-11,Oran,0.051057609227404016,0.18493700584439188,8,8
2024-12-11,TzM,0.08411568566301804,0.2301363284898097,8,8
2024-12-12,Oran,0.06266091977237002,0.18531864406449983,8,8
2024-12-12,TzM,0.10605588426172241,0.23103726357221602,8,8
2024-12-13,Oran,0.060361489444267266,0.18498683478743905,8,8
2024-12-13,TzM,0.12147368785971008,0.23165079005917563,8,8
2024-12-14,Oran,0.060164844225910036,0.18476679555901873,8,8
2024-12-14,TzM,0.14146832679016666,0.23266937405359547,8,8
2024-12-15,Oran,0.0687775422321444,0.18506519464891194,8,8
2024-12-15,TzM,0.15245133764186838,0.2332709025835893,8,8
2024-12-16,Oran,0.0748794316147311,0.185233084588078,8,8
2024-12-16,TzM,0.1555611085635228,0.23344124774219557,8,8
2024-12-17,Oran,0.06265196194022843,0.18441181996357942,8,8
2024-12-17,TzM,0.14830166237031822,0.23289506239969218,8,8
2024-12-18,Oran,0.06217327039895106,0.1841825484222329,8,8
2024-12-18,TzM,0.13490557967395075,0.2321488378661089,8,8
2024-12-19,Oran,0.06522136067073632,0.18410525483106555,8,8
2024-12-19,TzM,0.12952705793937697,0.23170035527866392,8,8
2024-12-20,Oran,0.07328923293222528,0.18437714181864687,8,8
2024-12-20,TzM,0.13919449697447112,0.2320452402849666,8,8
2024-12-21,Oran,0.0743118566688429,0.184319161018205,8,8
2024-12-21,TzM,0.14446435551479697,0.23220525129285988,8,8
2024-12-22,Oran,0.05663413322812812,0.18320258512049425,8,8
2024-12-22,TzM,0.13071935852592598,0.23117932722461026,8,8
2024-12-23,Oran,0.0643448874305824,0.1834110703489194,8,8
2024-12-23,TzM,0.13532591015100476,0.23121512829036006,8,8
2024-12-24,Oran,0.07030431520654923,0.1835436217292706,8,8
2024-12-24,TzM,0.1413119912025381,0.2314140196828568,8,8
2024-12-25,Oran,0.06356463773807064,0.18293570599697698,8,8
2024-12-25,TzM,0.1345924985121752,0.23080586761114047,8,8
2024-12-26,Oran,0.05742353177553568,0.18240013944306666,8,8
2024-12-26,TzM,0.1360940794353602,0.23066034872756624,8,8
2024-12-27,Oran,0.06034002283964216,0.18235659418500205,8,8
2024-12-27,TzM,0.13789732326127463,0.2306760042661526,8,8
2024-12-28,Oran,0.06320109432836206,0.18241317628455084,8,8
2024-12-28,TzM,0.14408191361876782,0.2309744533334599,8,8
2024-12-29,Oran,0.07007245532713267,0.18266451059073108,8,8
2024-12-29,TzM,0.14824817907981205,0.2310043383389711,8,8
2024-12-30,Oran,0.06321853648337261,0.1821894566270641,8,8
2024-12-30,TzM,0.13252039278139832,0.22977858210806962,8,8
