ts,ET_mm_per_h,days_since_event,LE,event_start,pulse_mm,site
2020-06-20 00:00:00,0.0004,0.0,0.272256,2020-06-20,13.65,Tarazona
2020-06-20 00:30:00,0.00030000000000000003,0.020833333333333332,0.204192,2020-06-20,13.65,Tarazona
2020-06-20 01:00:00,0.0001,0.041666666666666664,0.068064,2020-06-20,13.65,Tarazona
2020-06-20 01:30:00,0.0001,0.0625,0.068064,2020-06-20,13.65,Tarazona
2020-06-20 02:00:00,0.0001,0.08333333333333333,0.068064,2020-06-20,13.65,Tarazona
2020-06-20 02:30:00,0.0001,0.10416666666666667,0.068064,2020-06-20,13.65,Tarazona
2020-06-20 03:00:00,0.0,0.125,0.0,2020-06-20,13.65,Tarazona
2020-06-20 03:30:00,0.0,0.14583333333333334,0.0,2020-06-20,13.65,Tarazona
2020-06-20 04:00:00,0.0,0.16666666666666666,0.0,2020-06-20,13.65,Tarazona
2020-06-20 04:30:00,0.0,0.1875,0.0,2020-06-20,13.65,Tarazona
2020-06-20 05:00:00,0.0,0.20833333333333334,0.0,2020-06-20,13.65,Tarazona
2020-06-20 05:30:00,0.0067,0.22916666666666666,4.560288,2020-06-20,13.65,Tarazona
2020-06-20 06:00:00,0.0184,0.25,12.523776,2020-06-20,13.65,Tarazona
2020-06-20 06:30:00,0.0367,0.2708333333333333,24.979488000000003,2020-06-20,13.65,Tarazona
2020-06-20 07:00:00,0.059300000000000005,0.2916666666666667,40.361952,2020-06-20,13.65,Tarazona
2020-06-20 07:30:00,0.08900000000000001,0.3125,60.57696000000001,2020-06-20,13.65,Tarazona
2020-06-20 08:00:00,0.12200000000000001,0.3333333333333333,83.03808000000001,2020-06-20,13.65,Tarazona
2020-06-20 08:30:00,0.1567,0.3541666666666667,106.656288,2020-06-20,13.65,Tarazona
2020-06-20 09:00:00,0.1923,0.375,130.887072,2020-06-20,13.65,Tarazona
2020-06-20 09:30:00,0.22290000000000001,0.3958333333333333,151.71465600000002,2020-06-20,13.65,Tarazona
2020-06-20 10:00:00,0.24680000000000002,0.4166666666666667,167.981952,2020-06-20,13.65,Tarazona
2020-06-20 10:30:00,0.2645,0.4375,180.02928,2020-06-20,13.65,Tarazona
2020-06-20 11:00:00,0.27790000000000004,0.4583333333333333,189.14985600000003,2020-06-20,13.65,Tarazona
2020-06-20 11:30:00,0.28900000000000003,0.4791666666666667,196.70496000000003,2020-06-20,13.65,Tarazona
2020-06-20 12:00:00,0.2959,0.5,201.401376,2020-06-20,13.65,Tarazona
2020-06-20 12:30:00,0.2984,0.5208333333333334,203.10297599999998,2020-06-20,13.65,Tarazona
2020-06-20 13:00:00,0.29660000000000003,0.5416666666666666,201.877824,2020-06-20,13.65,Tarazona
2020-06-20 13:30:00,0.2882,0.5625,196.160448,2020-06-20,13.65,Tarazona
2020-06-20 14:00:00,0.27540000000000003,0.5833333333333334,187.44825600000001,2020-06-20,13.65,Tarazona
2020-06-20 14:30:00,0.2575,0.6041666666666666,175.2648,2020-06-20,13.65,Tarazona
2020-06-20 15:00:00,0.2366,0.625,161.039424,2020-06-20,13.65,Tarazona
2020-06-20 15:30:00,0.21180000000000002,0.6458333333333334,144.15955200000002,2020-06-20,13.65,Tarazona
2020-06-20 16:00:00,0.1855,0.6666666666666666,126.25872,2020-06-20,13.65,Tarazona
2020-06-20 16:30:00,0.1587,0.6875,108.017568,2020-06-20,13.65,Tarazona
2020-06-20 17:00:00,0.1316,0.7083333333333334,89.57222399999999,2020-06-20,13.65,Tarazona
2020-06-20 17:30:00,0.1023,0.7291666666666666,69.629472,2020-06-20,13.65,Tarazona
2020-06-20 18:00:00,0.0704,0.75,47.917056,2020-06-20,13.65,Tarazona
2020-06-20 18:30:00,0.0432,0.7708333333333334,29.403648,2020-06-20,13.65,Tarazona
2020-06-20 19:00:00,0.006,0.7916666666666666,4.08384,2020-06-20,13.65,Tarazona
2020-06-20 19:30:00,0.005200000000000001,0.8125,3.5393280000000003,2020-06-20,13.65,Tarazona
2020-06-20 20:00:00,0.0045000000000000005,0.8333333333333334,3.0628800000000003,2020-06-20,13.65,Tarazona
2020-06-20 20:30:00,0.0041,0.8541666666666666,2.790624,2020-06-20,13.65,Tarazona
2020-06-20 21:00:00,0.0037,0.875,2.518368,2020-06-20,13.65,Tarazona
2020-06-20 21:30:00,0.0036000000000000003,0.8958333333333334,2.450304,2020-06-20,13.65,Tarazona
2020-06-20 22:00:00,0.0036000000000000003,0.9166666666666666,2.450304,2020-06-20,13.65,Tarazona
2020-06-20 22:30:00,0.0033,0.9375,2.246112,2020-06-20,13.65,Tarazona
2020-06-20 23:00:00,0.003,0.9583333333333334,2.04192,2020-06-20,13.65,Tarazona
2020-06-20 23:30:00,0.0028,0.9791666666666666,1.905792,2020-06-20,13.65,Tarazona
2020-06-21 00:00:00,0.0022,1.0,1.497408,2020-06-20,13.65,Tarazona
2020-06-21 00:30:00,0.002,1.0208333333333333,1.36128,2020-06-20,13.65,Tarazona
2020-06-21 01:00:00,0.0018000000000000002,1.0416666666666667,1.225152,2020-06-20,13.65,Tarazona
2020-06-21 01:30:00,0.0016,1.0625,1.089024,2020-06-20,13.65,Tarazona
2020-06-21 02:00:00,0.0014,1.0833333333333333,0.952896,2020-06-20,13.65,Tarazona
2020-06-21 02:30:00,0.0014,1.1041666666666667,0.952896,2020-06-20,13.65,Tarazona
2020-06-21 03:00:00,0.0014,1.125,0.952896,2020-06-20,13.65,Tarazona
2020-06-21 03:30:00,0.0014,1.1458333333333333,0.952896,2020-06-20,13.65,Tarazona
2020-06-21 04:00:00,0.0013000000000000002,1.1666666666666667,0.8848320000000001,2020-06-20,13.65,Tarazona
2020-06-21 04:30:00,0.0013000000000000002,1.1875,0.8848320000000001,2020-06-20,13.65,Tarazona
2020-06-21 05:00:00,0.0012000000000000001,1.2083333333333333,0.816768,2020-06-20,13.65,Tarazona
2020-06-21 05:30:00,0.0128,1.2291666666666667,8.712192,2020-06-20,13.65,Tarazona
2020-06-21 06:00:00,0.0262,1.25,17.832768,2020-06-20,13.65,Tarazona
2020-06-21 06:30:00,0.045000000000000005,1.2708333333333333,30.628800000000002,2020-06-20,13.65,Tarazona
2020-06-21 07:00:00,0.0678,1.2916666666666667,46.147391999999996,2020-06-20,13.65,Tarazona
2020-06-21 07:30:00,0.0951,1.3125,64.728864,2020-06-20,13.65,Tarazona
2020-06-21 08:00:00,0.12430000000000001,1.3333333333333333,84.60355200000001,2020-06-20,13.65,Tarazona
2020-06-21 08:30:00,0.1537,1.3541666666666667,104.614368,2020-06-20,13.65,Tarazona
2020-06-21 09:00:00,0.1845,1.375,125.57808,2020-06-20,13.65,Tarazona
2020-06-21 09:30:00,0.2131,1.3958333333333333,145.044384,2020-06-20,13.65,Tarazona
2020-06-21 10:00:00,0.2398,1.4166666666666667,163.21747200000001,2020-06-20,13.65,Tarazona
2020-06-21 10:30:00,0.2581,1.4375,175.673184,2020-06-20,13.65,Tarazona
2020-06-21 11:00:00,0.272,1.4583333333333333,185.13408,2020-06-20,13.65,Tarazona
2020-06-21 11:30:00,0.28250000000000003,1.4791666666666667,192.28080000000003,2020-06-20,13.65,Tarazona
2020-06-21 12:00:00,0.2908,1.5,197.930112,2020-06-20,13.65,Tarazona
2020-06-21 12:30:00,0.2922,1.5208333333333333,198.88300800000002,2020-06-20,13.65,Tarazona
2020-06-21 13:00:00,0.2898,1.5416666666666667,197.249472,2020-06-20,13.65,Tarazona
2020-06-21 13:30:00,0.2812,1.5625,191.395968,2020-06-20,13.65,Tarazona
2020-06-21 14:00:00,0.2681,1.5833333333333333,182.479584,2020-06-20,13.65,Tarazona
2020-06-21 14:30:00,0.251,1.6041666666666667,170.84064,2020-06-20,13.65,Tarazona
2020-06-21 15:00:00,0.2308,1.625,157.091712,2020-06-20,13.65,Tarazona
2020-06-21 15:30:00,0.20700000000000002,1.6458333333333333,140.89248,2020-06-20,13.65,Tarazona
2020-06-21 16:00:00,0.1819,1.6666666666666667,123.80841600000001,2020-06-20,13.65,Tarazona
2020-06-21 16:30:00,0.1553,1.6875,105.703392,2020-06-20,13.65,Tarazona
2020-06-21 17:00:00,0.128,1.7083333333333333,87.12192,2020-06-20,13.65,Tarazona
2020-06-21 17:30:00,0.0988,1.7291666666666667,67.247232,2020-06-20,13.65,Tarazona
2020-06-21 18:00:00,0.0689,1.75,46.896096,2020-06-20,13.65,Tarazona
2020-06-21 18:30:00,0.0429,1.7708333333333333,29.199456,2020-06-20,13.65,Tarazona
2020-06-21 19:00:00,0.0058000000000000005,1.7916666666666667,3.947712,2020-06-20,13.65,Tarazona
2020-06-21 19:30:00,0.0051,1.8125,3.471264,2020-06-20,13.65,Tarazona
2020-06-21 20:00:00,0.0045000000000000005,1.8333333333333333,3.0628800000000003,2020-06-20,13.65,Tarazona
2020-06-21 20:30:00,0.0041,1.8541666666666667,2.790624,2020-06-20,13.65,Tarazona
2020-06-21 21:00:00,0.0036000000000000003,1.875,2.450304,2020-06-20,13.65,Tarazona
2020-06-21 21:30:00,0.0032,1.8958333333333333,2.178048,2020-06-20,13.65,Tarazona
2020-06-21 22:00:00,0.0027,1.9166666666666667,1.837728,2020-06-20,13.65,Tarazona
2020-06-21 22:30:00,0.0023,1.9375,1.565472,2020-06-20,13.65,Tarazona
2020-06-21 23:00:00,0.0018000000000000002,1.9583333333333333,1.225152,2020-06-20,13.65,Tarazona
2020-06-21 23:30:00,0.0016,1.9791666666666667,1.089024,2020-06-20,13.65,Tarazona
2020-06-22 00:00:00,0.0012000000000000001,2.0,0.816768,2020-06-20,13.65,Tarazona
2020-06-22 00:30:00,0.001,2.0208333333333335,0.68064,2020-06-20,13.65,Tarazona
2020-06-22 01:00:00,0.0007,2.0416666666666665,0.476448,2020-06-20,13.65,Tarazona
2020-06-22 01:30:00,0.0006000000000000001,2.0625,0.408384,2020-06-20,13.65,Tarazona
2020-06-22 02:00:00,0.0005,2.0833333333333335,0.34032,2020-06-20,13.65,Tarazona
2020-06-22 02:30:00,0.0005,2.1041666666666665,0.34032,2020-06-20,13.65,Tarazona
2020-06-22 03:00:00,0.0005,2.125,0.34032,2020-06-20,13.65,Tarazona
2020-06-22 03:30:00,0.0005,2.1458333333333335,0.34032,2020-06-20,13.65,Tarazona
2020-06-22 04:00:00,0.0004,2.1666666666666665,0.272256,2020-06-20,13.65,Tarazona
2020-06-22 04:30:00,0.0004,2.1875,0.272256,2020-06-20,13.65,Tarazona
2020-06-22 05:00:00,0.0004,2.2083333333333335,0.272256,2020-06-20,13.65,Tarazona
2020-06-22 05:30:00,0.0083,2.2291666666666665,5.649312,2020-06-20,13.65,Tarazona
2020-06-22 06:00:00,0.0201,2.25,13.680864,2020-06-20,13.65,Tarazona
2020-06-22 06:30:00,0.0367,2.2708333333333335,24.979488000000003,2020-06-20,13.65,Tarazona
2020-06-22 07:00:00,0.056400000000000006,2.2916666666666665,38.388096000000004,2020-06-20,13.65,Tarazona
2020-06-22 07:30:00,0.07780000000000001,2.3125,52.95379200000001,2020-06-20,13.65,Tarazona
2020-06-22 08:00:00,0.1,2.3333333333333335,68.06400000000001,2020-06-20,13.65,Tarazona
2020-06-22 08:30:00,0.1228,2.3541666666666665,83.582592,2020-06-20,13.65,Tarazona
2020-06-22 09:00:00,0.14500000000000002,2.375,98.6928,2020-06-20,13.65,Tarazona
2020-06-22 09:30:00,0.1724,2.3958333333333335,117.342336,2020-06-20,13.65,Tarazona
2020-06-22 10:00:00,0.19940000000000002,2.4166666666666665,135.719616,2020-06-20,13.65,Tarazona
2020-06-22 10:30:00,0.21730000000000002,2.4375,147.903072,2020-06-20,13.65,Tarazona
2020-06-22 11:00:00,0.23240000000000002,2.4583333333333335,158.18073600000002,2020-06-20,13.65,Tarazona
2020-06-22 11:30:00,0.2446,2.4791666666666665,166.484544,2020-06-20,13.65,Tarazona
2020-06-22 12:00:00,0.2533,2.5,172.406112,2020-06-20,13.65,Tarazona
2020-06-22 12:30:00,0.26,2.5208333333333335,176.9664,2020-06-20,13.65,Tarazona
2020-06-22 13:00:00,0.2627,2.5416666666666665,178.804128,2020-06-20,13.65,Tarazona
2020-06-22 13:30:00,0.2594,2.5625,176.558016,2020-06-20,13.65,Tarazona
2020-06-22 14:00:00,0.2516,2.5833333333333335,171.249024,2020-06-20,13.65,Tarazona
2020-06-22 14:30:00,0.2349,2.6041666666666665,159.882336,2020-06-20,13.65,Tarazona
2020-06-22 15:00:00,0.21200000000000002,2.625,144.29568,2020-06-20,13.65,Tarazona
2020-06-22 15:30:00,0.186,2.6458333333333335,126.59904,2020-06-20,13.65,Tarazona
2020-06-22 16:00:00,0.1598,2.6666666666666665,108.766272,2020-06-20,13.65,Tarazona
2020-06-22 16:30:00,0.132,2.6875,89.84448,2020-06-20,13.65,Tarazona
2020-06-22 17:00:00,0.1053,2.7083333333333335,71.671392,2020-06-20,13.65,Tarazona
2020-06-22 17:30:00,0.07780000000000001,2.7291666666666665,52.95379200000001,2020-06-20,13.65,Tarazona
2020-06-22 18:00:00,0.0497,2.75,33.827808,2020-06-20,13.65,Tarazona
2020-06-22 18:30:00,0.028900000000000002,2.7708333333333335,19.670496,2020-06-20,13.65,Tarazona
2020-06-22 19:00:00,0.0044,2.7916666666666665,2.994816,2020-06-20,13.65,Tarazona
2020-06-22 19:30:00,0.0039000000000000003,2.8125,2.654496,2020-06-20,13.65,Tarazona
2020-06-22 20:00:00,0.0033,2.8333333333333335,2.246112,2020-06-20,13.65,Tarazona
2020-06-22 20:30:00,0.0029000000000000002,2.8541666666666665,1.973856,2020-06-20,13.65,Tarazona
2020-06-22 21:00:00,0.0025,2.875,1.7016,2020-06-20,13.65,Tarazona
2020-06-22 21:30:00,0.0022,2.8958333333333335,1.497408,2020-06-20,13.65,Tarazona
2020-06-22 22:00:00,0.002,2.9166666666666665,1.36128,2020-06-20,13.65,Tarazona
2020-06-22 22:30:00,0.0018000000000000002,2.9375,1.225152,2020-06-20,13.65,Tarazona
2020-06-22 23:00:00,0.0016,2.9583333333333335,1.089024,2020-06-20,13.65,Tarazona
2020-06-22 23:30:00,0.0014,2.9791666666666665,0.952896,2020-06-20,13.65,Tarazona
2020-06-23 00:00:00,0.0012000000000000001,3.0,0.816768,2020-06-20,13.65,Tarazona
2020-06-23 00:30:00,0.0011,3.0208333333333335,0.748704,2020-06-20,13.65,Tarazona
2020-06-23 01:00:00,0.0009000000000000001,3.0416666666666665,0.612576,2020-06-20,13.65,Tarazona
2020-06-23 01:30:00,0.0008,3.0625,0.544512,2020-06-20,13.65,Tarazona
2020-06-23 02:00:00,0.0007,3.0833333333333335,0.476448,2020-06-20,13.65,Tarazona
2020-06-23 02:30:00,0.0007,3.1041666666666665,0.476448,2020-06-20,13.65,Tarazona
2020-06-23 03:00:00,0.0006000000000000001,3.125,0.408384,2020-06-20,13.65,Tarazona
2020-06-23 03:30:00,0.0006000000000000001,3.1458333333333335,0.408384,2020-06-20,13.65,Tarazona
2020-06-23 04:00:00,0.0005,3.1666666666666665,0.34032,2020-06-20,13.65,Tarazona
2020-06-23 04:30:00,0.0005,3.1875,0.34032,2020-06-20,13.65,Tarazona
2020-06-23 05:00:00,0.0005,3.2083333333333335,0.34032,2020-06-20,13.65,Tarazona
2020-06-23 05:30:00,0.0088,3.2291666666666665,5.989632,2020-06-20,13.65,Tarazona
2020-06-23 06:00:00,0.02,3.25,13.6128,2020-06-20,13.65,Tarazona
2020-06-23 06:30:00,0.0351,3.2708333333333335,23.890463999999998,2020-06-20,13.65,Tarazona
2020-06-23 07:00:00,0.0526,3.2916666666666665,35.801664,2020-06-20,13.65,Tarazona
2020-06-23 07:30:00,0.0737,3.3125,50.163168,2020-06-20,13.65,Tarazona
2020-06-23 08:00:00,0.0965,3.3333333333333335,65.68176,2020-06-20,13.65,Tarazona
2020-06-23 08:30:00,0.11900000000000001,3.3541666666666665,80.99616,2020-06-20,13.65,Tarazona
2020-06-23 09:00:00,0.1416,3.375,96.378624,2020-06-20,13.65,Tarazona
2020-06-23 09:30:00,0.1651,3.3958333333333335,112.37366399999999,2020-06-20,13.65,Tarazona
2020-06-23 10:00:00,0.188,3.4166666666666665,127.96032,2020-06-20,13.65,Tarazona
2020-06-23 10:30:00,0.2079,3.4375,141.505056,2020-06-20,13.65,Tarazona
2020-06-23 11:00:00,0.22560000000000002,3.4583333333333335,153.55238400000002,2020-06-20,13.65,Tarazona
2020-06-23 11:30:00,0.2391,3.4791666666666665,162.741024,2020-06-20,13.65,Tarazona
2020-06-23 12:00:00,0.25070000000000003,3.5,170.63644800000003,2020-06-20,13.65,Tarazona
2020-06-23 12:30:00,0.2554,3.5208333333333335,173.835456,2020-06-20,13.65,Tarazona
2020-06-23 13:00:00,0.2566,3.5416666666666665,174.652224,2020-06-20,13.65,Tarazona
2020-06-23 13:30:00,0.2499,3.5625,170.091936,2020-06-20,13.65,Tarazona
2020-06-23 14:00:00,0.2396,3.5833333333333335,163.081344,2020-06-20,13.65,Tarazona
2020-06-23 14:30:00,0.2238,3.6041666666666665,152.327232,2020-06-20,13.65,Tarazona
2020-06-23 15:00:00,0.203,3.625,138.16992000000002,2020-06-20,13.65,Tarazona
2020-06-23 15:30:00,0.1787,3.6458333333333335,121.63036799999999,2020-06-20,13.65,Tarazona
2020-06-23 16:00:00,0.15380000000000002,3.6666666666666665,104.682432,2020-06-20,13.65,Tarazona
2020-06-23 16:30:00,0.1297,3.6875,88.279008,2020-06-20,13.65,Tarazona
2020-06-23 17:00:00,0.1062,3.7083333333333335,72.283968,2020-06-20,13.65,Tarazona
2020-06-23 17:30:00,0.08030000000000001,3.7291666666666665,54.655392000000006,2020-06-20,13.65,Tarazona
2020-06-23 18:00:00,0.051800000000000006,3.75,35.257152000000005,2020-06-20,13.65,Tarazona
2020-06-23 18:30:00,0.029400000000000003,3.7708333333333335,20.010816000000002,2020-06-20,13.65,Tarazona
2020-06-23 19:00:00,0.0041,3.7916666666666665,2.790624,2020-06-20,13.65,Tarazona
2020-06-23 19:30:00,0.0034000000000000002,3.8125,2.3141760000000002,2020-06-20,13.65,Tarazona
2020-06-23 20:00:00,0.0029000000000000002,3.8333333333333335,1.973856,2020-06-20,13.65,Tarazona
2020-06-23 20:30:00,0.0027,3.8541666666666665,1.837728,2020-06-20,13.65,Tarazona
2020-06-23 21:00:00,0.0024000000000000002,3.875,1.633536,2020-06-20,13.65,Tarazona
2020-06-23 21:30:00,0.0021000000000000003,3.8958333333333335,1.4293440000000002,2020-06-20,13.65,Tarazona
2020-06-23 22:00:00,0.0018000000000000002,3.9166666666666665,1.225152,2020-06-20,13.65,Tarazona
2020-06-23 22:30:00,0.0016,3.9375,1.089024,2020-06-20,13.65,Tarazona
2020-06-23 23:00:00,0.0014,3.9583333333333335,0.952896,2020-06-20,13.65,Tarazona
2020-06-23 23:30:00,0.0013000000000000002,3.9791666666666665,0.8848320000000001,2020-06-20,13.65,Tarazona
2020-06-24 00:00:00,0.0011,4.0,0.748704,2020-06-20,13.65,Tarazona
2020-06-24 00:30:00,0.0011,4.020833333333333,0.748704,2020-06-20,13.65,Tarazona
2020-06-24 01:00:00,0.001,4.041666666666667,0.68064,2020-06-20,13.65,Tarazona
2020-06-24 01:30:00,0.0009000000000000001,4.0625,0.612576,2020-06-20,13.65,Tarazona
2020-06-24 02:00:00,0.0009000000000000001,4.083333333333333,0.612576,2020-06-20,13.65,Tarazona
2020-06-24 02:30:00,0.001,4.104166666666667,0.68064,2020-06-20,13.65,Tarazona
2020-06-24 03:00:00,0.0005,4.125,0.34032,2020-06-20,13.65,Tarazona
2020-06-24 03:30:00,0.0007,4.145833333333333,0.476448,2020-06-20,13.65,Tarazona
2020-06-24 04:00:00,0.0008,4.166666666666667,0.544512,2020-06-20,13.65,Tarazona
2020-06-24 04:30:00,0.0007,4.1875,0.476448,2020-06-20,13.65,Tarazona
2020-06-24 05:00:00,0.0007,4.208333333333333,0.476448,2020-06-20,13.65,Tarazona
2020-06-24 05:30:00,0.0035,4.229166666666667,2.38224,2020-06-20,13.65,Tarazona
2020-06-24 06:00:00,0.0088,4.25,5.989632,2020-06-20,13.65,Tarazona
2020-06-24 06:30:00,0.0134,4.270833333333333,9.120576,2020-06-20,13.65,Tarazona
2020-06-24 07:00:00,0.040600000000000004,4.291666666666667,27.633984,2020-06-20,13.65,Tarazona
2020-06-24 07:30:00,0.0453,4.3125,30.832992,2020-06-20,13.65,Tarazona
2020-06-24 08:00:00,0.0697,4.333333333333333,47.440608,2020-06-20,13.65,Tarazona
2020-06-24 08:30:00,0.0908,4.354166666666667,61.802112,2020-06-20,13.65,Tarazona
2020-06-24 09:00:00,0.0811,4.375,55.199904000000004,2020-06-20,13.65,Tarazona
2020-06-24 09:30:00,0.10690000000000001,4.395833333333333,72.760416,2020-06-20,13.65,Tarazona
2020-06-24 10:00:00,0.1217,4.416666666666667,82.833888,2020-06-20,13.65,Tarazona
2020-06-24 10:30:00,0.1733,4.4375,117.95491200000001,2020-06-20,13.65,Tarazona
2020-06-24 11:00:00,0.1829,4.458333333333333,124.489056,2020-06-20,13.65,Tarazona
2020-06-24 11:30:00,0.1817,4.479166666666667,123.672288,2020-06-20,13.65,Tarazona
2020-06-24 12:00:00,0.13470000000000001,4.5,91.682208,2020-06-20,13.65,Tarazona
2020-06-24 12:30:00,0.1013,4.520833333333333,68.948832,2020-06-20,13.65,Tarazona
2020-06-24 13:00:00,0.0693,4.541666666666667,47.168352,2020-06-20,13.65,Tarazona
2020-06-24 13:30:00,0.09280000000000001,4.5625,63.163392,2020-06-20,13.65,Tarazona
2020-06-24 14:00:00,0.1398,4.583333333333333,95.15347200000001,2020-06-20,13.65,Tarazona
2020-06-24 14:30:00,0.1027,4.604166666666667,69.90172799999999,2020-06-20,13.65,Tarazona
2020-06-24 15:00:00,0.0974,4.625,66.294336,2020-06-20,13.65,Tarazona
2020-06-24 15:30:00,0.08270000000000001,4.645833333333333,56.288928000000006,2020-06-20,13.65,Tarazona
2020-06-24 16:00:00,0.1012,4.666666666666667,68.880768,2020-06-20,13.65,Tarazona
2020-06-24 16:30:00,0.0815,4.6875,55.47216,2020-06-20,13.65,Tarazona
2020-06-24 17:00:00,0.0427,4.708333333333333,29.063328000000002,2020-06-20,13.65,Tarazona
2020-06-24 17:30:00,0.0205,4.729166666666667,13.95312,2020-06-20,13.65,Tarazona
2020-06-24 18:00:00,0.0044,4.75,2.994816,2020-06-20,13.65,Tarazona
2020-06-24 18:30:00,0.023200000000000002,4.770833333333333,15.790848,2020-06-20,13.65,Tarazona
2020-06-24 19:00:00,0.0035,4.791666666666667,2.38224,2020-06-20,13.65,Tarazona
2020-06-24 19:30:00,0.0034000000000000002,4.8125,2.3141760000000002,2020-06-20,13.65,Tarazona
2020-06-24 20:00:00,0.0029000000000000002,4.833333333333333,1.973856,2020-06-20,13.65,Tarazona
2020-06-24 20:30:00,0.0022,4.854166666666667,1.497408,2020-06-20,13.65,Tarazona
2020-06-24 21:00:00,0.0019,4.875,1.293216,2020-06-20,13.65,Tarazona
2020-06-24 21:30:00,0.0022,4.895833333333333,1.497408,2020-06-20,13.65,Tarazona
2020-06-24 22:00:00,0.0015,4.916666666666667,1.02096,2020-06-20,13.65,Tarazona
2020-06-24 22:30:00,0.0014,4.9375,0.952896,2020-06-20,13.65,Tarazona
2020-06-24 23:00:00,0.0013000000000000002,4.958333333333333,0.8848320000000001,2020-06-20,13.65,Tarazona
2020-06-24 23:30:00,0.0012000000000000001,4.979166666666667,0.816768,2020-06-20,13.65,Tarazona
2020-06-25 00:00:00,0.0012000000000000001,5.0,0.816768,2020-06-20,13.65,Tarazona
2020-06-25 00:30:00,0.001,5.020833333333333,0.68064,2020-06-20,13.65,Tarazona
2020-06-25 01:00:00,0.0009000000000000001,5.041666666666667,0.612576,2020-06-20,13.65,Tarazona
2020-06-25 01:30:00,0.0008,5.0625,0.544512,2020-06-20,13.65,Tarazona
2020-06-25 02:00:00,0.0006000000000000001,5.083333333333333,0.408384,2020-06-20,13.65,Tarazona
2020-06-25 02:30:00,0.0006000000000000001,5.104166666666667,0.408384,2020-06-20,13.65,Tarazona
2020-06-25 03:00:00,0.0005,5.125,0.34032,2020-06-20,13.65,Tarazona
2020-06-25 03:30:00,0.0004,5.145833333333333,0.272256,2020-06-20,13.65,Tarazona
2020-06-25 04:00:00,0.0004,5.166666666666667,0.272256,2020-06-20,13.65,Tarazona
2020-06-25 04:30:00,0.00030000000000000003,5.1875,0.204192,2020-06-20,13.65,Tarazona
2020-06-25 05:00:00,0.0002,5.208333333333333,0.136128,2020-06-20,13.65,Tarazona
2020-06-25 05:30:00,0.0054,5.229166666666667,3.675456,2020-06-20,13.65,Tarazona
2020-06-25 06:00:00,0.014,5.25,9.52896,2020-06-20,13.65,Tarazona
2020-06-25 06:30:00,0.0285,5.270833333333333,19.39824,2020-06-20,13.65,Tarazona
2020-06-25 07:00:00,0.047,5.291666666666667,31.99008,2020-06-20,13.65,Tarazona
2020-06-25 07:30:00,0.0717,5.3125,48.801888,2020-06-20,13.65,Tarazona
2020-06-25 08:00:00,0.0994,5.333333333333333,67.655616,2020-06-20,13.65,Tarazona
2020-06-25 08:30:00,0.1258,5.354166666666667,85.624512,2020-06-20,13.65,Tarazona
2020-06-25 09:00:00,0.1502,5.375,102.232128,2020-06-20,13.65,Tarazona
2020-06-25 09:30:00,0.1758,5.395833333333333,119.656512,2020-06-20,13.65,Tarazona
2020-06-25 10:00:00,0.1998,5.416666666666667,135.991872,2020-06-20,13.65,Tarazona
2020-06-25 10:30:00,0.2132,5.4375,145.112448,2020-06-20,13.65,Tarazona
2020-06-25 11:00:00,0.223,5.458333333333333,151.78272,2020-06-20,13.65,Tarazona
2020-06-25 11:30:00,0.22990000000000002,5.479166666666667,156.479136,2020-06-20,13.65,Tarazona
2020-06-25 12:00:00,0.2315,5.5,157.56816,2020-06-20,13.65,Tarazona
2020-06-25 12:30:00,0.2308,5.520833333333333,157.091712,2020-06-20,13.65,Tarazona
2020-06-25 13:00:00,0.2265,5.541666666666667,154.16496,2020-06-20,13.65,Tarazona
2020-06-25 13:30:00,0.2195,5.5625,149.40048,2020-06-20,13.65,Tarazona
2020-06-25 14:00:00,0.2094,5.583333333333333,142.526016,2020-06-20,13.65,Tarazona
2020-06-25 14:30:00,0.19540000000000002,5.604166666666667,132.99705600000001,2020-06-20,13.65,Tarazona
2020-06-25 15:00:00,0.1796,5.625,122.24294400000001,2020-06-20,13.65,Tarazona
2020-06-25 15:30:00,0.16,5.645833333333333,108.9024,2020-06-20,13.65,Tarazona
2020-06-25 16:00:00,0.1394,5.666666666666667,94.881216,2020-06-20,13.65,Tarazona
2020-06-25 16:30:00,0.1163,5.6875,79.158432,2020-06-20,13.65,Tarazona
2020-06-25 17:00:00,0.0937,5.708333333333333,63.775968000000006,2020-06-20,13.65,Tarazona
2020-06-25 17:30:00,0.07050000000000001,5.729166666666667,47.98512,2020-06-20,13.65,Tarazona
2020-06-25 18:00:00,0.049300000000000004,5.75,33.555552,2020-06-20,13.65,Tarazona
2020-06-25 18:30:00,0.029400000000000003,5.770833333333333,20.010816000000002,2020-06-20,13.65,Tarazona
2020-06-25 19:00:00,0.0047,5.791666666666667,3.199008,2020-06-20,13.65,Tarazona
2020-06-25 19:30:00,0.0043,5.8125,2.926752,2020-06-20,13.65,Tarazona
2020-06-25 20:00:00,0.0039000000000000003,5.833333333333333,2.654496,2020-06-20,13.65,Tarazona
2020-06-25 20:30:00,0.0034000000000000002,5.854166666666667,2.3141760000000002,2020-06-20,13.65,Tarazona
2020-06-25 21:00:00,0.0028,5.875,1.905792,2020-06-20,13.65,Tarazona
2020-06-25 21:30:00,0.0026000000000000003,5.895833333333333,1.7696640000000001,2020-06-20,13.65,Tarazona
2020-06-25 22:00:00,0.0023,5.916666666666667,1.565472,2020-06-20,13.65,Tarazona
2020-06-25 22:30:00,0.0021000000000000003,5.9375,1.4293440000000002,2020-06-20,13.65,Tarazona
2020-06-25 23:00:00,0.0019,5.958333333333333,1.293216,2020-06-20,13.65,Tarazona
2020-06-25 23:30:00,0.0017000000000000001,5.979166666666667,1.1570880000000001,2020-06-20,13.65,Tarazona
2020-06-26 00:00:00,0.0015,6.0,1.02096,2020-06-20,13.65,Tarazona
2020-06-26 00:30:00,0.0013000000000000002,6.020833333333333,0.8848320000000001,2020-06-20,13.65,Tarazona
2020-06-26 01:00:00,0.0013000000000000002,6.041666666666667,0.8848320000000001,2020-06-20,13.65,Tarazona
2020-06-26 01:30:00,0.0012000000000000001,6.0625,0.816768,2020-06-20,13.65,Tarazona
2020-06-26 02:00:00,0.0011,6.083333333333333,0.748704,2020-06-20,13.65,Tarazona
2020-06-26 02:30:00,0.001,6.104166666666667,0.68064,2020-06-20,13.65,Tarazona
2020-06-26 03:00:00,0.001,6.125,0.68064,2020-06-20,13.65,Tarazona
2020-06-26 03:30:00,0.0009000000000000001,6.145833333333333,0.612576,2020-06-20,13.65,Tarazona
2020-06-26 04:00:00,0.0008,6.166666666666667,0.544512,2020-06-20,13.65,Tarazona
2020-06-26 04:30:00,0.0008,6.1875,0.544512,2020-06-20,13.65,Tarazona
2020-06-26 05:00:00,0.0007,6.208333333333333,0.476448,2020-06-20,13.65,Tarazona
2020-06-26 05:30:00,0.008400000000000001,6.229166666666667,5.717376000000001,2020-06-20,13.65,Tarazona
2020-06-26 06:00:00,0.018600000000000002,6.25,12.659904000000001,2020-06-20,13.65,Tarazona
2020-06-26 06:30:00,0.0334,6.270833333333333,22.733376,2020-06-20,13.65,Tarazona
2020-06-26 07:00:00,0.0514,6.291666666666667,34.984896,2020-06-20,13.65,Tarazona
2020-06-26 07:30:00,0.0738,6.3125,50.231232,2020-06-20,13.65,Tarazona
2020-06-26 08:00:00,0.0985,6.333333333333333,67.04304,2020-06-20,13.65,Tarazona
2020-06-26 08:30:00,0.1245,6.354166666666667,84.73967999999999,2020-06-20,13.65,Tarazona
2020-06-26 09:00:00,0.1516,6.375,103.18502400000001,2020-06-20,13.65,Tarazona
2020-06-26 09:30:00,0.17400000000000002,6.395833333333333,118.43136000000001,2020-06-20,13.65,Tarazona
2020-06-26 10:00:00,0.19310000000000002,6.416666666666667,131.43158400000002,2020-06-20,13.65,Tarazona
2020-06-26 10:30:00,0.2112,6.4375,143.751168,2020-06-20,13.65,Tarazona
2020-06-26 11:00:00,0.226,6.458333333333333,153.82464,2020-06-20,13.65,Tarazona
2020-06-26 11:30:00,0.23700000000000002,6.479166666666667,161.31168,2020-06-20,13.65,Tarazona
2020-06-26 12:00:00,0.2452,6.5,166.89292799999998,2020-06-20,13.65,Tarazona
2020-06-26 12:30:00,0.2479,6.520833333333333,168.730656,2020-06-20,13.65,Tarazona
2020-06-26 13:00:00,0.2456,6.541666666666667,167.165184,2020-06-20,13.65,Tarazona
2020-06-26 13:30:00,0.2291,6.5625,155.93462399999999,2020-06-20,13.65,Tarazona
2020-06-26 14:00:00,0.22820000000000001,6.583333333333333,155.322048,2020-06-20,13.65,Tarazona
2020-06-26 14:30:00,0.21280000000000002,6.604166666666667,144.840192,2020-06-20,13.65,Tarazona
2020-06-26 15:00:00,0.1461,6.625,99.44150400000001,2020-06-20,13.65,Tarazona
2020-06-26 15:30:00,0.17320000000000002,6.645833333333333,117.88684800000001,2020-06-20,13.65,Tarazona
2020-06-26 16:00:00,0.1129,6.666666666666667,76.844256,2020-06-20,13.65,Tarazona
2020-06-26 16:30:00,0.11860000000000001,6.6875,80.723904,2020-06-20,13.65,Tarazona
2020-06-26 17:00:00,0.1004,6.708333333333333,68.336256,2020-06-20,13.65,Tarazona
2020-06-26 17:30:00,0.0782,6.729166666666667,53.226048000000006,2020-06-20,13.65,Tarazona
2020-06-26 18:00:00,0.0557,6.75,37.911648,2020-06-20,13.65,Tarazona
2020-06-26 18:30:00,0.0313,6.770833333333333,21.304032,2020-06-20,13.65,Tarazona
2020-06-26 19:00:00,0.005,6.791666666666667,3.4032,2020-06-20,13.65,Tarazona
2020-06-26 19:30:00,0.0041,6.8125,2.790624,2020-06-20,13.65,Tarazona
2020-06-26 20:00:00,0.004200000000000001,6.833333333333333,2.8586880000000003,2020-06-20,13.65,Tarazona
2020-06-26 20:30:00,0.0039000000000000003,6.854166666666667,2.654496,2020-06-20,13.65,Tarazona
2020-06-26 21:00:00,0.0034000000000000002,6.875,2.3141760000000002,2020-06-20,13.65,Tarazona
2020-06-26 21:30:00,0.0031000000000000003,6.895833333333333,2.1099840000000003,2020-06-20,13.65,Tarazona
2020-06-26 22:00:00,0.0025,6.916666666666667,1.7016,2020-06-20,13.65,Tarazona
2020-06-26 22:30:00,0.0023,6.9375,1.565472,2020-06-20,13.65,Tarazona
2020-06-26 23:00:00,0.0021000000000000003,6.958333333333333,1.4293440000000002,2020-06-20,13.65,Tarazona
2020-06-26 23:30:00,0.0021000000000000003,6.979166666666667,1.4293440000000002,2020-06-20,13.65,Tarazona
2020-06-27 00:00:00,0.0021000000000000003,7.0,1.4293440000000002,2020-06-20,13.65,Tarazona
2020-06-27 00:30:00,0.0019,7.020833333333333,1.293216,2020-06-20,13.65,Tarazona
2020-06-27 01:00:00,0.0018000000000000002,7.041666666666667,1.225152,2020-06-20,13.65,Tarazona
2020-06-27 01:30:00,0.0017000000000000001,7.0625,1.1570880000000001,2020-06-20,13.65,Tarazona
2020-06-27 02:00:00,0.0021000000000000003,7.083333333333333,1.4293440000000002,2020-06-20,13.65,Tarazona
2020-06-27 02:30:00,0.0021000000000000003,7.104166666666667,1.4293440000000002,2020-06-20,13.65,Tarazona
2020-06-27 03:00:00,0.0021000000000000003,7.125,1.4293440000000002,2020-06-20,13.65,Tarazona
2020-06-27 03:30:00,0.002,7.145833333333333,1.36128,2020-06-20,13.65,Tarazona
2020-06-27 04:00:00,0.002,7.166666666666667,1.36128,2020-06-20,13.65,Tarazona
2020-06-27 04:30:00,0.0018000000000000002,7.1875,1.225152,2020-06-20,13.65,Tarazona
2020-06-27 05:00:00,0.0016,7.208333333333333,1.089024,2020-06-20,13.65,Tarazona
2020-06-27 05:30:00,0.013300000000000001,7.229166666666667,9.052512,2020-06-20,13.65,Tarazona
2020-06-27 06:00:00,0.025,7.25,17.016000000000002,2020-06-20,13.65,Tarazona
2020-06-27 06:30:00,0.039900000000000005,7.270833333333333,27.157536000000004,2020-06-20,13.65,Tarazona
2020-06-27 07:00:00,0.057300000000000004,7.291666666666667,39.000672,2020-06-20,13.65,Tarazona
2020-06-27 07:30:00,0.065,7.3125,44.2416,2020-06-20,13.65,Tarazona
2020-06-27 08:00:00,0.0834,7.333333333333333,56.765376,2020-06-20,13.65,Tarazona
2020-06-27 08:30:00,0.11960000000000001,7.354166666666667,81.404544,2020-06-20,13.65,Tarazona
2020-06-27 09:00:00,0.1467,7.375,99.84988799999999,2020-06-20,13.65,Tarazona
2020-06-27 09:30:00,0.1665,7.395833333333333,113.32656,2020-06-20,13.65,Tarazona
2020-06-27 10:00:00,0.19290000000000002,7.416666666666667,131.295456,2020-06-20,13.65,Tarazona
2020-06-27 10:30:00,0.1958,7.4375,133.26931199999999,2020-06-20,13.65,Tarazona
2020-06-27 11:00:00,0.2202,7.458333333333333,149.876928,2020-06-20,13.65,Tarazona
2020-06-27 11:30:00,0.2247,7.479166666666667,152.939808,2020-06-20,13.65,Tarazona
2020-06-27 12:00:00,0.23040000000000002,7.5,156.819456,2020-06-20,13.65,Tarazona
2020-06-27 12:30:00,0.2356,7.520833333333333,160.35878399999999,2020-06-20,13.65,Tarazona
2020-06-27 13:00:00,0.2374,7.541666666666667,161.583936,2020-06-20,13.65,Tarazona
2020-06-27 13:30:00,0.2325,7.5625,158.24880000000002,2020-06-20,13.65,Tarazona
2020-06-27 14:00:00,0.2237,7.583333333333333,152.25916800000002,2020-06-20,13.65,Tarazona
2020-06-27 14:30:00,0.21000000000000002,7.604166666666667,142.9344,2020-06-20,13.65,Tarazona
2020-06-27 15:00:00,0.193,7.625,131.36352,2020-06-20,13.65,Tarazona
2020-06-27 15:30:00,0.17270000000000002,7.645833333333333,117.54652800000001,2020-06-20,13.65,Tarazona
2020-06-27 16:00:00,0.15080000000000002,7.666666666666667,102.64051200000002,2020-06-20,13.65,Tarazona
2020-06-27 16:30:00,0.126,7.6875,85.76064,2020-06-20,13.65,Tarazona
2020-06-27 17:00:00,0.1014,7.708333333333333,69.016896,2020-06-20,13.65,Tarazona
2020-06-27 17:30:00,0.07740000000000001,7.729166666666667,52.68153600000001,2020-06-20,13.65,Tarazona
2020-06-27 18:00:00,0.054,7.75,36.75456,2020-06-20,13.65,Tarazona
2020-06-27 18:30:00,0.0322,7.770833333333333,21.916608,2020-06-20,13.65,Tarazona
2020-06-27 19:00:00,0.004200000000000001,7.791666666666667,2.8586880000000003,2020-06-20,13.65,Tarazona
2020-06-27 19:30:00,0.0038,7.8125,2.586432,2020-06-20,13.65,Tarazona
2020-06-27 20:00:00,0.0035,7.833333333333333,2.38224,2020-06-20,13.65,Tarazona
2020-06-27 20:30:00,0.0032,7.854166666666667,2.178048,2020-06-20,13.65,Tarazona
2020-06-27 21:00:00,0.0028,7.875,1.905792,2020-06-20,13.65,Tarazona
2020-06-27 21:30:00,0.0028,7.895833333333333,1.905792,2020-06-20,13.65,Tarazona
2020-06-27 22:00:00,0.0027,7.916666666666667,1.837728,2020-06-20,13.65,Tarazona
2020-06-27 22:30:00,0.0025,7.9375,1.7016,2020-06-20,13.65,Tarazona
2020-06-27 23:00:00,0.0022,7.958333333333333,1.497408,2020-06-20,13.65,Tarazona
2020-06-27 23:30:00,0.002,7.979166666666667,1.36128,2020-06-20,13.65,Tarazona
2020-06-28 00:00:00,0.0018000000000000002,8.0,1.225152,2020-06-20,13.65,Tarazona
2020-06-28 00:30:00,0.0017000000000000001,8.020833333333334,1.1570880000000001,2020-06-20,13.65,Tarazona
2020-06-28 01:00:00,0.0017000000000000001,8.041666666666666,1.1570880000000001,2020-06-20,13.65,Tarazona
2020-06-28 01:30:00,0.0016,8.0625,1.089024,2020-06-20,13.65,Tarazona
2020-06-28 02:00:00,0.0014,8.083333333333334,0.952896,2020-06-20,13.65,Tarazona
2020-06-28 02:30:00,0.0013000000000000002,8.104166666666666,0.8848320000000001,2020-06-20,13.65,Tarazona
2020-06-28 03:00:00,0.0011,8.125,0.748704,2020-06-20,13.65,Tarazona
2020-06-28 03:30:00,0.0011,8.145833333333334,0.748704,2020-06-20,13.65,Tarazona
2020-06-28 04:00:00,0.001,8.166666666666666,0.68064,2020-06-20,13.65,Tarazona
2020-06-28 04:30:00,0.0008,8.1875,0.544512,2020-06-20,13.65,Tarazona
2020-06-28 05:00:00,0.0007,8.208333333333334,0.476448,2020-06-20,13.65,Tarazona
2020-06-28 05:30:00,0.008400000000000001,8.229166666666666,5.717376000000001,2020-06-20,13.65,Tarazona
2020-06-28 06:00:00,0.0184,8.25,12.523776,2020-06-20,13.65,Tarazona
2020-06-28 06:30:00,0.0334,8.270833333333334,22.733376,2020-06-20,13.65,Tarazona
2020-06-28 07:00:00,0.051800000000000006,8.291666666666666,35.257152000000005,2020-06-20,13.65,Tarazona
2020-06-28 07:30:00,0.0755,8.3125,51.38832,2020-06-20,13.65,Tarazona
2020-06-28 08:00:00,0.1017,8.333333333333334,69.221088,2020-06-20,13.65,Tarazona
2020-06-28 08:30:00,0.12860000000000002,8.354166666666666,87.53030400000002,2020-06-20,13.65,Tarazona
2020-06-28 09:00:00,0.15610000000000002,8.375,106.247904,2020-06-20,13.65,Tarazona
2020-06-28 09:30:00,0.1825,8.395833333333334,124.21679999999999,2020-06-20,13.65,Tarazona
2020-06-28 10:00:00,0.2076,8.416666666666666,141.300864,2020-06-20,13.65,Tarazona
2020-06-28 10:30:00,0.22820000000000001,8.4375,155.322048,2020-06-20,13.65,Tarazona
2020-06-28 11:00:00,0.2456,8.458333333333334,167.165184,2020-06-20,13.65,Tarazona
2020-06-28 11:30:00,0.2565,8.479166666666666,174.58416,2020-06-20,13.65,Tarazona
2020-06-28 12:00:00,0.2651,8.5,180.43766399999998,2020-06-20,13.65,Tarazona
2020-06-28 12:30:00,0.26730000000000004,8.520833333333334,181.93507200000002,2020-06-20,13.65,Tarazona
2020-06-28 13:00:00,0.26980000000000004,8.541666666666666,183.63667200000003,2020-06-20,13.65,Tarazona
2020-06-28 13:30:00,0.2577,8.5625,175.400928,2020-06-20,13.65,Tarazona
2020-06-28 14:00:00,0.24600000000000002,8.583333333333334,167.43744,2020-06-20,13.65,Tarazona
2020-06-28 14:30:00,0.2298,8.604166666666666,156.411072,2020-06-20,13.65,Tarazona
2020-06-28 15:00:00,0.2106,8.625,143.342784,2020-06-20,13.65,Tarazona
2020-06-28 15:30:00,0.1869,8.645833333333334,127.211616,2020-06-20,13.65,Tarazona
2020-06-28 16:00:00,0.1648,8.666666666666666,112.169472,2020-06-20,13.65,Tarazona
2020-06-28 16:30:00,0.13090000000000002,8.6875,89.09577600000001,2020-06-20,13.65,Tarazona
2020-06-28 17:00:00,0.1018,8.708333333333334,69.289152,2020-06-20,13.65,Tarazona
2020-06-28 17:30:00,0.0587,8.729166666666666,39.953568000000004,2020-06-20,13.65,Tarazona
2020-06-28 18:00:00,0.030600000000000002,8.75,20.827584,2020-06-20,13.65,Tarazona
2020-06-28 18:30:00,0.0054,8.770833333333334,3.675456,2020-06-20,13.65,Tarazona
2020-06-28 19:00:00,0.0049,8.791666666666666,3.335136,2020-06-20,13.65,Tarazona
2020-06-28 19:30:00,0.0043,8.8125,2.926752,2020-06-20,13.65,Tarazona
2020-06-28 20:00:00,0.0039000000000000003,8.833333333333334,2.654496,2020-06-20,13.65,Tarazona
2020-06-28 20:30:00,0.0034000000000000002,8.854166666666666,2.3141760000000002,2020-06-20,13.65,Tarazona
2020-06-28 21:00:00,0.0029000000000000002,8.875,1.973856,2020-06-20,13.65,Tarazona
2020-06-28 21:30:00,0.0025,8.895833333333334,1.7016,2020-06-20,13.65,Tarazona
2020-06-28 22:00:00,0.0022,8.916666666666666,1.497408,2020-06-20,13.65,Tarazona
2020-06-28 22:30:00,0.002,8.9375,1.36128,2020-06-20,13.65,Tarazona
2020-06-28 23:00:00,0.0019,8.958333333333334,1.293216,2020-06-20,13.65,Tarazona
2020-06-28 23:30:00,0.0018000000000000002,8.979166666666666,1.225152,2020-06-20,13.65,Tarazona
2020-06-29 00:00:00,0.0016,9.0,1.089024,2020-06-20,13.65,Tarazona
2020-06-29 00:30:00,0.0015,9.020833333333334,1.02096,2020-06-20,13.65,Tarazona
2020-06-29 01:00:00,0.0014,9.041666666666666,0.952896,2020-06-20,13.65,Tarazona
2020-06-29 01:30:00,0.0014,9.0625,0.952896,2020-06-20,13.65,Tarazona
2020-06-29 02:00:00,0.0013000000000000002,9.083333333333334,0.8848320000000001,2020-06-20,13.65,Tarazona
2020-06-29 02:30:00,0.0012000000000000001,9.104166666666666,0.816768,2020-06-20,13.65,Tarazona
2020-06-29 03:00:00,0.0012000000000000001,9.125,0.816768,2020-06-20,13.65,Tarazona
2020-06-29 03:30:00,0.0011,9.145833333333334,0.748704,2020-06-20,13.65,Tarazona
2020-06-29 04:00:00,0.001,9.166666666666666,0.68064,2020-06-20,13.65,Tarazona
2020-06-29 04:30:00,0.0009000000000000001,9.1875,0.612576,2020-06-20,13.65,Tarazona
2020-06-29 05:00:00,0.0009000000000000001,9.208333333333334,0.612576,2020-06-20,13.65,Tarazona
2020-06-29 05:30:00,0.0098,9.229166666666666,6.670272,2020-06-20,13.65,Tarazona
2020-06-29 06:00:00,0.020900000000000002,9.25,14.225376,2020-06-20,13.65,Tarazona
2020-06-29 06:30:00,0.0366,9.270833333333334,24.911424,2020-06-20,13.65,Tarazona
2020-06-29 07:00:00,0.0557,9.291666666666666,37.911648,2020-06-20,13.65,Tarazona
2020-06-29 07:30:00,0.0794,9.3125,54.042815999999995,2020-06-20,13.65,Tarazona
2020-06-29 08:00:00,0.1058,9.333333333333334,72.011712,2020-06-20,13.65,Tarazona
2020-06-29 08:30:00,0.1322,9.354166666666666,89.980608,2020-06-20,13.65,Tarazona
2020-06-29 09:00:00,0.15940000000000001,9.375,108.494016,2020-06-20,13.65,Tarazona
2020-06-29 09:30:00,0.18480000000000002,9.395833333333334,125.782272,2020-06-20,13.65,Tarazona
2020-06-29 10:00:00,0.20900000000000002,9.416666666666666,142.25376,2020-06-20,13.65,Tarazona
2020-06-29 10:30:00,0.2296,9.4375,156.274944,2020-06-20,13.65,Tarazona
2020-06-29 11:00:00,0.24700000000000003,9.458333333333334,168.11808000000002,2020-06-20,13.65,Tarazona
2020-06-29 11:30:00,0.25780000000000003,9.479166666666666,175.46899200000001,2020-06-20,13.65,Tarazona
2020-06-29 12:00:00,0.26480000000000004,9.5,180.23347200000003,2020-06-20,13.65,Tarazona
2020-06-29 12:30:00,0.2669,9.520833333333334,181.66281600000002,2020-06-20,13.65,Tarazona
2020-06-29 13:00:00,0.265,9.541666666666666,180.3696,2020-06-20,13.65,Tarazona
2020-06-29 13:30:00,0.2571,9.5625,174.99254399999998,2020-06-20,13.65,Tarazona
2020-06-29 14:00:00,0.24530000000000002,9.583333333333334,166.960992,2020-06-20,13.65,Tarazona
2020-06-29 14:30:00,0.22890000000000002,9.604166666666666,155.798496,2020-06-20,13.65,Tarazona
2020-06-29 15:00:00,0.2093,9.625,142.457952,2020-06-20,13.65,Tarazona
2020-06-29 15:30:00,0.1869,9.645833333333334,127.211616,2020-06-20,13.65,Tarazona
2020-06-29 16:00:00,0.12350000000000001,9.666666666666666,84.05904000000001,2020-06-20,13.65,Tarazona
2020-06-29 16:30:00,0.1394,9.6875,94.881216,2020-06-20,13.65,Tarazona
2020-06-29 17:00:00,0.10990000000000001,9.708333333333334,74.80233600000001,2020-06-20,13.65,Tarazona
2020-06-29 17:30:00,0.08270000000000001,9.729166666666666,56.288928000000006,2020-06-20,13.65,Tarazona
2020-06-29 18:00:00,0.0551,9.75,37.503264,2020-06-20,13.65,Tarazona
2020-06-29 18:30:00,0.031900000000000005,9.770833333333334,21.712416,2020-06-20,13.65,Tarazona
2020-06-29 19:00:00,0.0045000000000000005,9.791666666666666,3.0628800000000003,2020-06-20,13.65,Tarazona
2020-06-29 19:30:00,0.0041,9.8125,2.790624,2020-06-20,13.65,Tarazona
2020-06-29 20:00:00,0.0036000000000000003,9.833333333333334,2.450304,2020-06-20,13.65,Tarazona
2020-06-29 20:30:00,0.0033,9.854166666666666,2.246112,2020-06-20,13.65,Tarazona
2020-06-29 21:00:00,0.003,9.875,2.04192,2020-06-20,13.65,Tarazona
2020-06-29 21:30:00,0.0026000000000000003,9.895833333333334,1.7696640000000001,2020-06-20,13.65,Tarazona
2020-06-29 22:00:00,0.0024000000000000002,9.916666666666666,1.633536,2020-06-20,13.65,Tarazona
2020-06-29 22:30:00,0.0022,9.9375,1.497408,2020-06-20,13.65,Tarazona
2020-06-29 23:00:00,0.0021000000000000003,9.958333333333334,1.4293440000000002,2020-06-20,13.65,Tarazona
2020-06-29 23:30:00,0.002,9.979166666666666,1.36128,2020-06-20,13.65,Tarazona
2020-06-26 00:00:00,0.0015,0.0,1.02096,2020-06-26,12.35052,Tarazona
2020-06-26 00:30:00,0.0013000000000000002,0.020833333333333332,0.8848320000000001,2020-06-26,12.35052,Tarazona
2020-06-26 01:00:00,0.0013000000000000002,0.041666666666666664,0.8848320000000001,2020-06-26,12.35052,Tarazona
2020-06-26 01:30:00,0.0012000000000000001,0.0625,0.816768,2020-06-26,12.35052,Tarazona
2020-06-26 02:00:00,0.0011,0.08333333333333333,0.748704,2020-06-26,12.35052,Tarazona
2020-06-26 02:30:00,0.001,0.10416666666666667,0.68064,2020-06-26,12.35052,Tarazona
2020-06-26 03:00:00,0.001,0.125,0.68064,2020-06-26,12.35052,Tarazona
2020-06-26 03:30:00,0.0009000000000000001,0.14583333333333334,0.612576,2020-06-26,12.35052,Tarazona
2020-06-26 04:00:00,0.0008,0.16666666666666666,0.544512,2020-06-26,12.35052,Tarazona
2020-06-26 04:30:00,0.0008,0.1875,0.544512,2020-06-26,12.35052,Tarazona
2020-06-26 05:00:00,0.0007,0.20833333333333334,0.476448,2020-06-26,12.35052,Tarazona
2020-06-26 05:30:00,0.008400000000000001,0.22916666666666666,5.717376000000001,2020-06-26,12.35052,Tarazona
2020-06-26 06:00:00,0.018600000000000002,0.25,12.659904000000001,2020-06-26,12.35052,Tarazona
2020-06-26 06:30:00,0.0334,0.2708333333333333,22.733376,2020-06-26,12.35052,Tarazona
2020-06-26 07:00:00,0.0514,0.2916666666666667,34.984896,2020-06-26,12.35052,Tarazona
2020-06-26 07:30:00,0.0738,0.3125,50.231232,2020-06-26,12.35052,Tarazona
2020-06-26 08:00:00,0.0985,0.3333333333333333,67.04304,2020-06-26,12.35052,Tarazona
2020-06-26 08:30:00,0.1245,0.3541666666666667,84.73967999999999,2020-06-26,12.35052,Tarazona
2020-06-26 09:00:00,0.1516,0.375,103.18502400000001,2020-06-26,12.35052,Tarazona
2020-06-26 09:30:00,0.17400000000000002,0.3958333333333333,118.43136000000001,2020-06-26,12.35052,Tarazona
2020-06-26 10:00:00,0.19310000000000002,0.4166666666666667,131.43158400000002,2020-06-26,12.35052,Tarazona
2020-06-26 10:30:00,0.2112,0.4375,143.751168,2020-06-26,12.35052,Tarazona
2020-06-26 11:00:00,0.226,0.4583333333333333,153.82464,2020-06-26,12.35052,Tarazona
2020-06-26 11:30:00,0.23700000000000002,0.4791666666666667,161.31168,2020-06-26,12.35052,Tarazona
2020-06-26 12:00:00,0.2452,0.5,166.89292799999998,2020-06-26,12.35052,Tarazona
2020-06-26 12:30:00,0.2479,0.5208333333333334,168.730656,2020-06-26,12.35052,Tarazona
2020-06-26 13:00:00,0.2456,0.5416666666666666,167.165184,2020-06-26,12.35052,Tarazona
2020-06-26 13:30:00,0.2291,0.5625,155.93462399999999,2020-06-26,12.35052,Tarazona
2020-06-26 14:00:00,0.22820000000000001,0.5833333333333334,155.322048,2020-06-26,12.35052,Tarazona
2020-06-26 14:30:00,0.21280000000000002,0.6041666666666666,144.840192,2020-06-26,12.35052,Tarazona
2020-06-26 15:00:00,0.1461,0.625,99.44150400000001,2020-06-26,12.35052,Tarazona
2020-06-26 15:30:00,0.17320000000000002,0.6458333333333334,117.88684800000001,2020-06-26,12.35052,Tarazona
2020-06-26 16:00:00,0.1129,0.6666666666666666,76.844256,2020-06-26,12.35052,Tarazona
2020-06-26 16:30:00,0.11860000000000001,0.6875,80.723904,2020-06-26,12.35052,Tarazona
2020-06-26 17:00:00,0.1004,0.7083333333333334,68.336256,2020-06-26,12.35052,Tarazona
2020-06-26 17:30:00,0.0782,0.7291666666666666,53.226048000000006,2020-06-26,12.35052,Tarazona
2020-06-26 18:00:00,0.0557,0.75,37.911648,2020-06-26,12.35052,Tarazona
2020-06-26 18:30:00,0.0313,0.7708333333333334,21.304032,2020-06-26,12.35052,Tarazona
2020-06-26 19:00:00,0.005,0.7916666666666666,3.4032,2020-06-26,12.35052,Tarazona
2020-06-26 19:30:00,0.0041,0.8125,2.790624,2020-06-26,12.35052,Tarazona
2020-06-26 20:00:00,0.004200000000000001,0.8333333333333334,2.8586880000000003,2020-06-26,12.35052,Tarazona
2020-06-26 20:30:00,0.0039000000000000003,0.8541666666666666,2.654496,2020-06-26,12.35052,Tarazona
2020-06-26 21:00:00,0.0034000000000000002,0.875,2.3141760000000002,2020-06-26,12.35052,Tarazona
2020-06-26 21:30:00,0.0031000000000000003,0.8958333333333334,2.1099840000000003,2020-06-26,12.35052,Tarazona
2020-06-26 22:00:00,0.0025,0.9166666666666666,1.7016,2020-06-26,12.35052,Tarazona
2020-06-26 22:30:00,0.0023,0.9375,1.565472,2020-06-26,12.35052,Tarazona
2020-06-26 23:00:00,0.0021000000000000003,0.9583333333333334,1.4293440000000002,2020-06-26,12.35052,Tarazona
2020-06-26 23:30:00,0.0021000000000000003,0.9791666666666666,1.4293440000000002,2020-06-26,12.35052,Tarazona
2020-06-27 00:00:00,0.0021000000000000003,1.0,1.4293440000000002,2020-06-26,12.35052,Tarazona
2020-06-27 00:30:00,0.0019,1.0208333333333333,1.293216,2020-06-26,12.35052,Tarazona
2020-06-27 01:00:00,0.0018000000000000002,1.0416666666666667,1.225152,2020-06-26,12.35052,Tarazona
2020-06-27 01:30:00,0.0017000000000000001,1.0625,1.1570880000000001,2020-06-26,12.35052,Tarazona
2020-06-27 02:00:00,0.0021000000000000003,1.0833333333333333,1.4293440000000002,2020-06-26,12.35052,Tarazona
2020-06-27 02:30:00,0.0021000000000000003,1.1041666666666667,1.4293440000000002,2020-06-26,12.35052,Tarazona
2020-06-27 03:00:00,0.0021000000000000003,1.125,1.4293440000000002,2020-06-26,12.35052,Tarazona
2020-06-27 03:30:00,0.002,1.1458333333333333,1.36128,2020-06-26,12.35052,Tarazona
2020-06-27 04:00:00,0.002,1.1666666666666667,1.36128,2020-06-26,12.35052,Tarazona
2020-06-27 04:30:00,0.0018000000000000002,1.1875,1.225152,2020-06-26,12.35052,Tarazona
2020-06-27 05:00:00,0.0016,1.2083333333333333,1.089024,2020-06-26,12.35052,Tarazona
2020-06-27 05:30:00,0.013300000000000001,1.2291666666666667,9.052512,2020-06-26,12.35052,Tarazona
2020-06-27 06:00:00,0.025,1.25,17.016000000000002,2020-06-26,12.35052,Tarazona
2020-06-27 06:30:00,0.039900000000000005,1.2708333333333333,27.157536000000004,2020-06-26,12.35052,Tarazona
2020-06-27 07:00:00,0.057300000000000004,1.2916666666666667,39.000672,2020-06-26,12.35052,Tarazona
2020-06-27 07:30:00,0.065,1.3125,44.2416,2020-06-26,12.35052,Tarazona
2020-06-27 08:00:00,0.0834,1.3333333333333333,56.765376,2020-06-26,12.35052,Tarazona
2020-06-27 08:30:00,0.11960000000000001,1.3541666666666667,81.404544,2020-06-26,12.35052,Tarazona
2020-06-27 09:00:00,0.1467,1.375,99.84988799999999,2020-06-26,12.35052,Tarazona
2020-06-27 09:30:00,0.1665,1.3958333333333333,113.32656,2020-06-26,12.35052,Tarazona
2020-06-27 10:00:00,0.19290000000000002,1.4166666666666667,131.295456,2020-06-26,12.35052,Tarazona
2020-06-27 10:30:00,0.1958,1.4375,133.26931199999999,2020-06-26,12.35052,Tarazona
2020-06-27 11:00:00,0.2202,1.4583333333333333,149.876928,2020-06-26,12.35052,Tarazona
2020-06-27 11:30:00,0.2247,1.4791666666666667,152.939808,2020-06-26,12.35052,Tarazona
2020-06-27 12:00:00,0.23040000000000002,1.5,156.819456,2020-06-26,12.35052,Tarazona
2020-06-27 12:30:00,0.2356,1.5208333333333333,160.35878399999999,2020-06-26,12.35052,Tarazona
2020-06-27 13:00:00,0.2374,1.5416666666666667,161.583936,2020-06-26,12.35052,Tarazona
2020-06-27 13:30:00,0.2325,1.5625,158.24880000000002,2020-06-26,12.35052,Tarazona
2020-06-27 14:00:00,0.2237,1.5833333333333333,152.25916800000002,2020-06-26,12.35052,Tarazona
2020-06-27 14:30:00,0.21000000000000002,1.6041666666666667,142.9344,2020-06-26,12.35052,Tarazona
2020-06-27 15:00:00,0.193,1.625,131.36352,2020-06-26,12.35052,Tarazona
2020-06-27 15:30:00,0.17270000000000002,1.6458333333333333,117.54652800000001,2020-06-26,12.35052,Tarazona
2020-06-27 16:00:00,0.15080000000000002,1.6666666666666667,102.64051200000002,2020-06-26,12.35052,Tarazona
2020-06-27 16:30:00,0.126,1.6875,85.76064,2020-06-26,12.35052,Tarazona
2020-06-27 17:00:00,0.1014,1.7083333333333333,69.016896,2020-06-26,12.35052,Tarazona
2020-06-27 17:30:00,0.07740000000000001,1.7291666666666667,52.68153600000001,2020-06-26,12.35052,Tarazona
2020-06-27 18:00:00,0.054,1.75,36.75456,2020-06-26,12.35052,Tarazona
2020-06-27 18:30:00,0.0322,1.7708333333333333,21.916608,2020-06-26,12.35052,Tarazona
2020-06-27 19:00:00,0.004200000000000001,1.7916666666666667,2.8586880000000003,2020-06-26,12.35052,Tarazona
2020-06-27 19:30:00,0.0038,1.8125,2.586432,2020-06-26,12.35052,Tarazona
2020-06-27 20:00:00,0.0035,1.8333333333333333,2.38224,2020-06-26,12.35052,Tarazona
2020-06-27 20:30:00,0.0032,1.8541666666666667,2.178048,2020-06-26,12.35052,Tarazona
2020-06-27 21:00:00,0.0028,1.875,1.905792,2020-06-26,12.35052,Tarazona
2020-06-27 21:30:00,0.0028,1.8958333333333333,1.905792,2020-06-26,12.35052,Tarazona
2020-06-27 22:00:00,0.0027,1.9166666666666667,1.837728,2020-06-26,12.35052,Tarazona
2020-06-27 22:30:00,0.0025,1.9375,1.7016,2020-06-26,12.35052,Tarazona
2020-06-27 23:00:00,0.0022,1.9583333333333333,1.497408,2020-06-26,12.35052,Tarazona
2020-06-27 23:30:00,0.002,1.9791666666666667,1.36128,2020-06-26,12.35052,Tarazona
2020-06-28 00:00:00,0.0018000000000000002,2.0,1.225152,2020-06-26,12.35052,Tarazona
2020-06-28 00:30:00,0.0017000000000000001,2.0208333333333335,1.1570880000000001,2020-06-26,12.35052,Tarazona
2020-06-28 01:00:00,0.0017000000000000001,2.0416666666666665,1.1570880000000001,2020-06-26,12.35052,Tarazona
2020-06-28 01:30:00,0.0016,2.0625,1.089024,2020-06-26,12.35052,Tarazona
2020-06-28 02:00:00,0.0014,2.0833333333333335,0.952896,2020-06-26,12.35052,Tarazona
2020-06-28 02:30:00,0.0013000000000000002,2.1041666666666665,0.8848320000000001,2020-06-26,12.35052,Tarazona
2020-06-28 03:00:00,0.0011,2.125,0.748704,2020-06-26,12.35052,Tarazona
2020-06-28 03:30:00,0.0011,2.1458333333333335,0.748704,2020-06-26,12.35052,Tarazona
2020-06-28 04:00:00,0.001,2.1666666666666665,0.68064,2020-06-26,12.35052,Tarazona
2020-06-28 04:30:00,0.0008,2.1875,0.544512,2020-06-26,12.35052,Tarazona
2020-06-28 05:00:00,0.0007,2.2083333333333335,0.476448,2020-06-26,12.35052,Tarazona
2020-06-28 05:30:00,0.008400000000000001,2.2291666666666665,5.717376000000001,2020-06-26,12.35052,Tarazona
2020-06-28 06:00:00,0.0184,2.25,12.523776,2020-06-26,12.35052,Tarazona
2020-06-28 06:30:00,0.0334,2.2708333333333335,22.733376,2020-06-26,12.35052,Tarazona
2020-06-28 07:00:00,0.051800000000000006,2.2916666666666665,35.257152000000005,2020-06-26,12.35052,Tarazona
2020-06-28 07:30:00,0.0755,2.3125,51.38832,2020-06-26,12.35052,Tarazona
2020-06-28 08:00:00,0.1017,2.3333333333333335,69.221088,2020-06-26,12.35052,Tarazona
2020-06-28 08:30:00,0.12860000000000002,2.3541666666666665,87.53030400000002,2020-06-26,12.35052,Tarazona
2020-06-28 09:00:00,0.15610000000000002,2.375,106.247904,2020-06-26,12.35052,Tarazona
2020-06-28 09:30:00,0.1825,2.3958333333333335,124.21679999999999,2020-06-26,12.35052,Tarazona
2020-06-28 10:00:00,0.2076,2.4166666666666665,141.300864,2020-06-26,12.35052,Tarazona
2020-06-28 10:30:00,0.22820000000000001,2.4375,155.322048,2020-06-26,12.35052,Tarazona
2020-06-28 11:00:00,0.2456,2.4583333333333335,167.165184,2020-06-26,12.35052,Tarazona
2020-06-28 11:30:00,0.2565,2.4791666666666665,174.58416,2020-06-26,12.35052,Tarazona
2020-06-28 12:00:00,0.2651,2.5,180.43766399999998,2020-06-26,12.35052,Tarazona
2020-06-28 12:30:00,0.26730000000000004,2.5208333333333335,181.93507200000002,2020-06-26,12.35052,Tarazona
2020-06-28 13:00:00,0.26980000000000004,2.5416666666666665,183.63667200000003,2020-06-26,12.35052,Tarazona
2020-06-28 13:30:00,0.2577,2.5625,175.400928,2020-06-26,12.35052,Tarazona
2020-06-28 14:00:00,0.24600000000000002,2.5833333333333335,167.43744,2020-06-26,12.35052,Tarazona
2020-06-28 14:30:00,0.2298,2.6041666666666665,156.411072,2020-06-26,12.35052,Tarazona
2020-06-28 15:00:00,0.2106,2.625,143.342784,2020-06-26,12.35052,Tarazona
2020-06-28 15:30:00,0.1869,2.6458333333333335,127.211616,2020-06-26,12.35052,Tarazona
2020-06-28 16:00:00,0.1648,2.6666666666666665,112.169472,2020-06-26,12.35052,Tarazona
2020-06-28 16:30:00,0.13090000000000002,2.6875,89.09577600000001,2020-06-26,12.35052,Tarazona
2020-06-28 17:00:00,0.1018,2.7083333333333335,69.289152,2020-06-26,12.35052,Tarazona
2020-06-28 17:30:00,0.0587,2.7291666666666665,39.953568000000004,2020-06-26,12.35052,Tarazona
2020-06-28 18:00:00,0.030600000000000002,2.75,20.827584,2020-06-26,12.35052,Tarazona
2020-06-28 18:30:00,0.0054,2.7708333333333335,3.675456,2020-06-26,12.35052,Tarazona
2020-06-28 19:00:00,0.0049,2.7916666666666665,3.335136,2020-06-26,12.35052,Tarazona
2020-06-28 19:30:00,0.0043,2.8125,2.926752,2020-06-26,12.35052,Tarazona
2020-06-28 20:00:00,0.0039000000000000003,2.8333333333333335,2.654496,2020-06-26,12.35052,Tarazona
2020-06-28 20:30:00,0.0034000000000000002,2.8541666666666665,2.3141760000000002,2020-06-26,12.35052,Tarazona
2020-06-28 21:00:00,0.0029000000000000002,2.875,1.973856,2020-06-26,12.35052,Tarazona
2020-06-28 21:30:00,0.0025,2.8958333333333335,1.7016,2020-06-26,12.35052,Tarazona
2020-06-28 22:00:00,0.0022,2.9166666666666665,1.497408,2020-06-26,12.35052,Tarazona
2020-06-28 22:30:00,0.002,2.9375,1.36128,2020-06-26,12.35052,Tarazona
2020-06-28 23:00:00,0.0019,2.9583333333333335,1.293216,2020-06-26,12.35052,Tarazona
2020-06-28 23:30:00,0.0018000000000000002,2.9791666666666665,1.225152,2020-06-26,12.35052,Tarazona
2020-06-29 00:00:00,0.0016,3.0,1.089024,2020-06-26,12.35052,Tarazona
2020-06-29 00:30:00,0.0015,3.0208333333333335,1.02096,2020-06-26,12.35052,Tarazona
2020-06-29 01:00:00,0.0014,3.0416666666666665,0.952896,2020-06-26,12.35052,Tarazona
2020-06-29 01:30:00,0.0014,3.0625,0.952896,2020-06-26,12.35052,Tarazona
2020-06-29 02:00:00,0.0013000000000000002,3.0833333333333335,0.8848320000000001,2020-06-26,12.35052,Tarazona
2020-06-29 02:30:00,0.0012000000000000001,3.1041666666666665,0.816768,2020-06-26,12.35052,Tarazona
2020-06-29 03:00:00,0.0012000000000000001,3.125,0.816768,2020-06-26,12.35052,Tarazona
2020-06-29 03:30:00,0.0011,3.1458333333333335,0.748704,2020-06-26,12.35052,Tarazona
2020-06-29 04:00:00,0.001,3.1666666666666665,0.68064,2020-06-26,12.35052,Tarazona
2020-06-29 04:30:00,0.0009000000000000001,3.1875,0.612576,2020-06-26,12.35052,Tarazona
2020-06-29 05:00:00,0.0009000000000000001,3.2083333333333335,0.612576,2020-06-26,12.35052,Tarazona
2020-06-29 05:30:00,0.0098,3.2291666666666665,6.670272,2020-06-26,12.35052,Tarazona
2020-06-29 06:00:00,0.020900000000000002,3.25,14.225376,2020-06-26,12.35052,Tarazona
2020-06-29 06:30:00,0.0366,3.2708333333333335,24.911424,2020-06-26,12.35052,Tarazona
2020-06-29 07:00:00,0.0557,3.2916666666666665,37.911648,2020-06-26,12.35052,Tarazona
2020-06-29 07:30:00,0.0794,3.3125,54.042815999999995,2020-06-26,12.35052,Tarazona
2020-06-29 08:00:00,0.1058,3.3333333333333335,72.011712,2020-06-26,12.35052,Tarazona
2020-06-29 08:30:00,0.1322,3.3541666666666665,89.980608,2020-06-26,12.35052,Tarazona
2020-06-29 09:00:00,0.15940000000000001,3.375,108.494016,2020-06-26,12.35052,Tarazona
2020-06-29 09:30:00,0.18480000000000002,3.3958333333333335,125.782272,2020-06-26,12.35052,Tarazona
2020-06-29 10:00:00,0.20900000000000002,3.4166666666666665,142.25376,2020-06-26,12.35052,Tarazona
2020-06-29 10:30:00,0.2296,3.4375,156.274944,2020-06-26,12.35052,Tarazona
2020-06-29 11:00:00,0.24700000000000003,3.4583333333333335,168.11808000000002,2020-06-26,12.35052,Tarazona
2020-06-29 11:30:00,0.25780000000000003,3.4791666666666665,175.46899200000001,2020-06-26,12.35052,Tarazona
2020-06-29 12:00:00,0.26480000000000004,3.5,180.23347200000003,2020-06-26,12.35052,Tarazona
2020-06-29 12:30:00,0.2669,3.5208333333333335,181.66281600000002,2020-06-26,12.35052,Tarazona
2020-06-29 13:00:00,0.265,3.5416666666666665,180.3696,2020-06-26,12.35052,Tarazona
2020-06-29 13:30:00,0.2571,3.5625,174.99254399999998,2020-06-26,12.35052,Tarazona
2020-06-29 14:00:00,0.24530000000000002,3.5833333333333335,166.960992,2020-06-26,12.35052,Tarazona
2020-06-29 14:30:00,0.22890000000000002,3.6041666666666665,155.798496,2020-06-26,12.35052,Tarazona
2020-06-29 15:00:00,0.2093,3.625,142.457952,2020-06-26,12.35052,Tarazona
2020-06-29 15:30:00,0.1869,3.6458333333333335,127.211616,2020-06-26,12.35052,Tarazona
2020-06-29 16:00:00,0.12350000000000001,3.6666666666666665,84.05904000000001,2020-06-26,12.35052,Tarazona
2020-06-29 16:30:00,0.1394,3.6875,94.881216,2020-06-26,12.35052,Tarazona
2020-06-29 17:00:00,0.10990000000000001,3.7083333333333335,74.80233600000001,2020-06-26,12.35052,Tarazona
2020-06-29 17:30:00,0.08270000000000001,3.7291666666666665,56.288928000000006,2020-06-26,12.35052,Tarazona
2020-06-29 18:00:00,0.0551,3.75,37.503264,2020-06-26,12.35052,Tarazona
2020-06-29 18:30:00,0.031900000000000005,3.7708333333333335,21.712416,2020-06-26,12.35052,Tarazona
2020-06-29 19:00:00,0.0045000000000000005,3.7916666666666665,3.0628800000000003,2020-06-26,12.35052,Tarazona
2020-06-29 19:30:00,0.0041,3.8125,2.790624,2020-06-26,12.35052,Tarazona
2020-06-29 20:00:00,0.0036000000000000003,3.8333333333333335,2.450304,2020-06-26,12.35052,Tarazona
2020-06-29 20:30:00,0.0033,3.8541666666666665,2.246112,2020-06-26,12.35052,Tarazona
2020-06-29 21:00:00,0.003,3.875,2.04192,2020-06-26,12.35052,Tarazona
2020-06-29 21:30:00,0.0026000000000000003,3.8958333333333335,1.7696640000000001,2020-06-26,12.35052,Tarazona
2020-06-29 22:00:00,0.0024000000000000002,3.9166666666666665,1.633536,2020-06-26,12.35052,Tarazona
2020-06-29 22:30:00,0.0022,3.9375,1.497408,2020-06-26,12.35052,Tarazona
2020-06-29 23:00:00,0.0021000000000000003,3.9583333333333335,1.4293440000000002,2020-06-26,12.35052,Tarazona
2020-06-29 23:30:00,0.002,3.9791666666666665,1.36128,2020-06-26,12.35052,Tarazona
2020-06-30 00:00:00,0.0018000000000000002,4.0,1.225152,2020-06-26,12.35052,Tarazona
2020-06-30 00:30:00,0.0016,4.020833333333333,1.089024,2020-06-26,12.35052,Tarazona
2020-06-30 01:00:00,0.0015,4.041666666666667,1.02096,2020-06-26,12.35052,Tarazona
2020-06-30 01:30:00,0.0013000000000000002,4.0625,0.8848320000000001,2020-06-26,12.35052,Tarazona
2020-06-30 02:00:00,0.0011,4.083333333333333,0.748704,2020-06-26,12.35052,Tarazona
2020-06-30 02:30:00,0.001,4.104166666666667,0.68064,2020-06-26,12.35052,Tarazona
2020-06-30 03:00:00,0.0009000000000000001,4.125,0.612576,2020-06-26,12.35052,Tarazona
2020-06-30 03:30:00,0.0008,4.145833333333333,0.544512,2020-06-26,12.35052,Tarazona
2020-06-30 04:00:00,0.0007,4.166666666666667,0.476448,2020-06-26,12.35052,Tarazona
2020-06-30 04:30:00,0.0006000000000000001,4.1875,0.408384,2020-06-26,12.35052,Tarazona
2020-06-30 05:00:00,0.0005,4.208333333333333,0.34032,2020-06-26,12.35052,Tarazona
2020-06-30 05:30:00,0.007,4.229166666666667,4.76448,2020-06-26,12.35052,Tarazona
2020-06-30 06:00:00,0.0152,4.25,10.345728,2020-06-26,12.35052,Tarazona
2020-06-30 06:30:00,0.028300000000000002,4.270833333333333,19.262112000000002,2020-06-26,12.35052,Tarazona
2020-06-30 07:00:00,0.0446,4.291666666666667,30.356544,2020-06-26,12.35052,Tarazona
2020-06-30 07:30:00,0.0654,4.3125,44.513856,2020-06-26,12.35052,Tarazona
2020-06-30 08:00:00,0.0884,4.333333333333333,60.168576,2020-06-26,12.35052,Tarazona
2020-06-30 08:30:00,0.11130000000000001,4.354166666666667,75.755232,2020-06-26,12.35052,Tarazona
2020-06-30 09:00:00,0.1317,4.375,89.64028800000001,2020-06-26,12.35052,Tarazona
2020-06-30 09:30:00,0.154,4.395833333333333,104.81855999999999,2020-06-26,12.35052,Tarazona
2020-06-30 10:00:00,0.1753,4.416666666666667,119.316192,2020-06-26,12.35052,Tarazona
2020-06-30 10:30:00,0.1913,4.4375,130.206432,2020-06-26,12.35052,Tarazona
2020-06-30 11:00:00,0.20470000000000002,4.458333333333333,139.327008,2020-06-26,12.35052,Tarazona
2020-06-30 11:30:00,0.2149,4.479166666666667,146.26953600000002,2020-06-26,12.35052,Tarazona
2020-06-30 12:00:00,0.2151,4.5,146.405664,2020-06-26,12.35052,Tarazona
2020-06-30 12:30:00,0.2228,4.520833333333333,151.646592,2020-06-26,12.35052,Tarazona
2020-06-30 13:00:00,0.2146,4.541666666666667,146.065344,2020-06-26,12.35052,Tarazona
2020-06-30 13:30:00,0.2094,4.5625,142.526016,2020-06-26,12.35052,Tarazona
2020-06-30 14:00:00,0.2013,4.583333333333333,137.012832,2020-06-26,12.35052,Tarazona
2020-06-30 14:30:00,0.1889,4.604166666666667,128.57289600000001,2020-06-26,12.35052,Tarazona
2020-06-30 15:00:00,0.17270000000000002,4.625,117.54652800000001,2020-06-26,12.35052,Tarazona
2020-06-30 15:30:00,0.1552,4.645833333333333,105.635328,2020-06-26,12.35052,Tarazona
2020-06-30 16:00:00,0.1363,4.666666666666667,92.771232,2020-06-26,12.35052,Tarazona
2020-06-30 16:30:00,0.10880000000000001,4.6875,74.05363200000001,2020-06-26,12.35052,Tarazona
2020-06-30 17:00:00,0.0956,4.708333333333333,65.069184,2020-06-26,12.35052,Tarazona
2020-06-30 17:30:00,0.0702,4.729166666666667,47.780927999999996,2020-06-26,12.35052,Tarazona
2020-06-30 18:00:00,0.0455,4.75,30.96912,2020-06-26,12.35052,Tarazona
2020-06-30 18:30:00,0.0253,4.770833333333333,17.220192,2020-06-26,12.35052,Tarazona
2020-06-30 19:00:00,0.0038,4.791666666666667,2.586432,2020-06-26,12.35052,Tarazona
2020-06-30 19:30:00,0.0034000000000000002,4.8125,2.3141760000000002,2020-06-26,12.35052,Tarazona
2020-06-30 20:00:00,0.003,4.833333333333333,2.04192,2020-06-26,12.35052,Tarazona
2020-06-30 20:30:00,0.0028,4.854166666666667,1.905792,2020-06-26,12.35052,Tarazona
2020-06-30 21:00:00,0.0026000000000000003,4.875,1.7696640000000001,2020-06-26,12.35052,Tarazona
2020-06-30 21:30:00,0.0023,4.895833333333333,1.565472,2020-06-26,12.35052,Tarazona
2020-06-30 22:00:00,0.002,4.916666666666667,1.36128,2020-06-26,12.35052,Tarazona
2020-06-30 22:30:00,0.0018000000000000002,4.9375,1.225152,2020-06-26,12.35052,Tarazona
2020-06-30 23:00:00,0.0016,4.958333333333333,1.089024,2020-06-26,12.35052,Tarazona
2020-06-30 23:30:00,0.0015,4.979166666666667,1.02096,2020-06-26,12.35052,Tarazona
2020-07-01 00:00:00,0.0011,5.0,0.748704,2020-06-26,12.35052,Tarazona
2020-07-01 00:30:00,0.001,5.020833333333333,0.68064,2020-06-26,12.35052,Tarazona
2020-07-01 01:00:00,0.001,5.041666666666667,0.68064,2020-06-26,12.35052,Tarazona
2020-07-01 01:30:00,0.0011,5.0625,0.748704,2020-06-26,12.35052,Tarazona
2020-07-01 02:00:00,0.0011,5.083333333333333,0.748704,2020-06-26,12.35052,Tarazona
2020-07-01 02:30:00,0.0012000000000000001,5.104166666666667,0.816768,2020-06-26,12.35052,Tarazona
2020-07-01 03:00:00,0.0012000000000000001,5.125,0.816768,2020-06-26,12.35052,Tarazona
2020-07-01 03:30:00,0.0012000000000000001,5.145833333333333,0.816768,2020-06-26,12.35052,Tarazona
2020-07-01 04:00:00,0.0012000000000000001,5.166666666666667,0.816768,2020-06-26,12.35052,Tarazona
2020-07-01 04:30:00,0.0011,5.1875,0.748704,2020-06-26,12.35052,Tarazona
2020-07-01 05:00:00,0.001,5.208333333333333,0.68064,2020-06-26,12.35052,Tarazona
2020-07-01 05:30:00,0.01,5.229166666666667,6.8064,2020-06-26,12.35052,Tarazona
2020-07-01 06:00:00,0.0206,5.25,14.021184,2020-06-26,12.35052,Tarazona
2020-07-01 06:30:00,0.0334,5.270833333333333,22.733376,2020-06-26,12.35052,Tarazona
2020-07-01 07:00:00,0.0478,5.291666666666667,32.534592,2020-06-26,12.35052,Tarazona
2020-07-01 07:30:00,0.0653,5.3125,44.445792,2020-06-26,12.35052,Tarazona
2020-07-01 08:00:00,0.084,5.333333333333333,57.17376,2020-06-26,12.35052,Tarazona
2020-07-01 08:30:00,0.10490000000000001,5.354166666666667,71.399136,2020-06-26,12.35052,Tarazona
2020-07-01 09:00:00,0.1263,5.375,85.964832,2020-06-26,12.35052,Tarazona
2020-07-01 09:30:00,0.1472,5.395833333333333,100.190208,2020-06-26,12.35052,Tarazona
2020-07-01 10:00:00,0.16790000000000002,5.416666666666667,114.27945600000001,2020-06-26,12.35052,Tarazona
2020-07-01 10:30:00,0.1796,5.4375,122.24294400000001,2020-06-26,12.35052,Tarazona
2020-07-01 11:00:00,0.18780000000000002,5.458333333333333,127.82419200000001,2020-06-26,12.35052,Tarazona
2020-07-01 11:30:00,0.19390000000000002,5.479166666666667,131.976096,2020-06-26,12.35052,Tarazona
2020-07-01 12:00:00,0.1968,5.5,133.949952,2020-06-26,12.35052,Tarazona
2020-07-01 12:30:00,0.1973,5.520833333333333,134.290272,2020-06-26,12.35052,Tarazona
2020-07-01 13:00:00,0.1955,5.541666666666667,133.06512,2020-06-26,12.35052,Tarazona
2020-07-01 13:30:00,0.1898,5.5625,129.185472,2020-06-26,12.35052,Tarazona
2020-07-01 14:00:00,0.1812,5.583333333333333,123.331968,2020-06-26,12.35052,Tarazona
2020-07-01 14:30:00,0.1695,5.604166666666667,115.36848,2020-06-26,12.35052,Tarazona
2020-07-01 15:00:00,0.1559,5.625,106.111776,2020-06-26,12.35052,Tarazona
2020-07-01 15:30:00,0.14070000000000002,5.645833333333333,95.76604800000001,2020-06-26,12.35052,Tarazona
2020-07-01 16:00:00,0.1245,5.666666666666667,84.73967999999999,2020-06-26,12.35052,Tarazona
2020-07-01 16:30:00,0.1073,5.6875,73.032672,2020-06-26,12.35052,Tarazona
2020-07-01 17:00:00,0.08950000000000001,5.708333333333333,60.917280000000005,2020-06-26,12.35052,Tarazona
2020-07-01 17:30:00,0.0709,5.729166666666667,48.257376,2020-06-26,12.35052,Tarazona
2020-07-01 18:00:00,0.051300000000000005,5.75,34.916832,2020-06-26,12.35052,Tarazona
2020-07-01 18:30:00,0.029400000000000003,5.770833333333333,20.010816000000002,2020-06-26,12.35052,Tarazona
2020-07-01 19:00:00,0.004,5.791666666666667,2.72256,2020-06-26,12.35052,Tarazona
2020-07-01 19:30:00,0.0037,5.8125,2.518368,2020-06-26,12.35052,Tarazona
2020-07-01 20:00:00,0.0034000000000000002,5.833333333333333,2.3141760000000002,2020-06-26,12.35052,Tarazona
2020-07-01 20:30:00,0.0031000000000000003,5.854166666666667,2.1099840000000003,2020-06-26,12.35052,Tarazona
2020-07-01 21:00:00,0.0029000000000000002,5.875,1.973856,2020-06-26,12.35052,Tarazona
2020-07-01 21:30:00,0.0028,5.895833333333333,1.905792,2020-06-26,12.35052,Tarazona
2020-07-01 22:00:00,0.0026000000000000003,5.916666666666667,1.7696640000000001,2020-06-26,12.35052,Tarazona
2020-07-01 22:30:00,0.0025,5.9375,1.7016,2020-06-26,12.35052,Tarazona
2020-07-01 23:00:00,0.0024000000000000002,5.958333333333333,1.633536,2020-06-26,12.35052,Tarazona
2020-07-01 23:30:00,0.0022,5.979166666666667,1.497408,2020-06-26,12.35052,Tarazona
2020-07-02 00:00:00,0.002,6.0,1.36128,2020-06-26,12.35052,Tarazona
2020-07-02 00:30:00,0.0019,6.020833333333333,1.293216,2020-06-26,12.35052,Tarazona
2020-07-02 01:00:00,0.0018000000000000002,6.041666666666667,1.225152,2020-06-26,12.35052,Tarazona
2020-07-02 01:30:00,0.0018000000000000002,6.0625,1.225152,2020-06-26,12.35052,Tarazona
2020-07-02 02:00:00,0.0017000000000000001,6.083333333333333,1.1570880000000001,2020-06-26,12.35052,Tarazona
2020-07-02 02:30:00,0.0016,6.104166666666667,1.089024,2020-06-26,12.35052,Tarazona
2020-07-02 03:00:00,0.0016,6.125,1.089024,2020-06-26,12.35052,Tarazona
2020-07-02 03:30:00,0.0015,6.145833333333333,1.02096,2020-06-26,12.35052,Tarazona
2020-07-02 04:00:00,0.0014,6.166666666666667,0.952896,2020-06-26,12.35052,Tarazona
2020-07-02 04:30:00,0.0013000000000000002,6.1875,0.8848320000000001,2020-06-26,12.35052,Tarazona
2020-07-02 05:00:00,0.0012000000000000001,6.208333333333333,0.816768,2020-06-26,12.35052,Tarazona
2020-07-02 05:30:00,0.0108,6.229166666666667,7.350912,2020-06-26,12.35052,Tarazona
2020-07-02 06:00:00,0.0211,6.25,14.361504,2020-06-26,12.35052,Tarazona
2020-07-02 06:30:00,0.035,6.270833333333333,23.822400000000002,2020-06-26,12.35052,Tarazona
2020-07-02 07:00:00,0.051000000000000004,6.291666666666667,34.71264,2020-06-26,12.35052,Tarazona
2020-07-02 07:30:00,0.06960000000000001,6.3125,47.372544000000005,2020-06-26,12.35052,Tarazona
2020-07-02 08:00:00,0.0893,6.333333333333333,60.781152,2020-06-26,12.35052,Tarazona
2020-07-02 08:30:00,0.11030000000000001,6.354166666666667,75.07459200000001,2020-06-26,12.35052,Tarazona
2020-07-02 09:00:00,0.1318,6.375,89.708352,2020-06-26,12.35052,Tarazona
2020-07-02 09:30:00,0.1471,6.395833333333333,100.122144,2020-06-26,12.35052,Tarazona
2020-07-02 10:00:00,0.1602,6.416666666666667,109.038528,2020-06-26,12.35052,Tarazona
2020-07-02 10:30:00,0.1709,6.4375,116.321376,2020-06-26,12.35052,Tarazona
2020-07-02 11:00:00,0.1787,6.458333333333333,121.63036799999999,2020-06-26,12.35052,Tarazona
2020-07-02 11:30:00,0.1845,6.479166666666667,125.57808,2020-06-26,12.35052,Tarazona
2020-07-02 12:00:00,0.1922,6.5,130.819008,2020-06-26,12.35052,Tarazona
2020-07-02 12:30:00,0.1928,6.520833333333333,131.227392,2020-06-26,12.35052,Tarazona
2020-07-02 13:00:00,0.18680000000000002,6.541666666666667,127.14355200000001,2020-06-26,12.35052,Tarazona
2020-07-02 13:30:00,0.18180000000000002,6.5625,123.74035200000002,2020-06-26,12.35052,Tarazona
2020-07-02 14:00:00,0.17370000000000002,6.583333333333333,118.227168,2020-06-26,12.35052,Tarazona
2020-07-02 14:30:00,0.16390000000000002,6.604166666666667,111.55689600000001,2020-06-26,12.35052,Tarazona
2020-07-02 15:00:00,0.15180000000000002,6.625,103.32115200000001,2020-06-26,12.35052,Tarazona
2020-07-02 15:30:00,0.1383,6.645833333333333,94.132512,2020-06-26,12.35052,Tarazona
2020-07-02 16:00:00,0.12350000000000001,6.666666666666667,84.05904000000001,2020-06-26,12.35052,Tarazona
2020-07-02 16:30:00,0.1062,6.6875,72.283968,2020-06-26,12.35052,Tarazona
2020-07-02 17:00:00,0.0884,6.708333333333333,60.168576,2020-06-26,12.35052,Tarazona
2020-07-02 17:30:00,0.06910000000000001,6.729166666666667,47.03222400000001,2020-06-26,12.35052,Tarazona
2020-07-02 18:00:00,0.049,6.75,33.35136,2020-06-26,12.35052,Tarazona
2020-07-02 18:30:00,0.028300000000000002,6.770833333333333,19.262112000000002,2020-06-26,12.35052,Tarazona
2020-07-02 19:00:00,0.0037,6.791666666666667,2.518368,2020-06-26,12.35052,Tarazona
2020-07-02 19:30:00,0.0034000000000000002,6.8125,2.3141760000000002,2020-06-26,12.35052,Tarazona
2020-07-02 20:00:00,0.0032,6.833333333333333,2.178048,2020-06-26,12.35052,Tarazona
2020-07-02 20:30:00,0.003,6.854166666666667,2.04192,2020-06-26,12.35052,Tarazona
2020-07-02 21:00:00,0.0027,6.875,1.837728,2020-06-26,12.35052,Tarazona
2020-07-02 21:30:00,0.0026000000000000003,6.895833333333333,1.7696640000000001,2020-06-26,12.35052,Tarazona
2020-07-02 22:00:00,0.0026000000000000003,6.916666666666667,1.7696640000000001,2020-06-26,12.35052,Tarazona
2020-07-02 22:30:00,0.0024000000000000002,6.9375,1.633536,2020-06-26,12.35052,Tarazona
2020-07-02 23:00:00,0.0022,6.958333333333333,1.497408,2020-06-26,12.35052,Tarazona
2020-07-02 23:30:00,0.002,6.979166666666667,1.36128,2020-06-26,12.35052,Tarazona
2020-07-03 00:00:00,0.0017000000000000001,7.0,1.1570880000000001,2020-06-26,12.35052,Tarazona
2020-07-03 00:30:00,0.0017000000000000001,7.020833333333333,1.1570880000000001,2020-06-26,12.35052,Tarazona
2020-07-03 01:00:00,0.0016,7.041666666666667,1.089024,2020-06-26,12.35052,Tarazona
2020-07-03 01:30:00,0.0015,7.0625,1.02096,2020-06-26,12.35052,Tarazona
2020-07-03 02:00:00,0.0014,7.083333333333333,0.952896,2020-06-26,12.35052,Tarazona
2020-07-03 02:30:00,0.0013000000000000002,7.104166666666667,0.8848320000000001,2020-06-26,12.35052,Tarazona
2020-07-03 03:00:00,0.0013000000000000002,7.125,0.8848320000000001,2020-06-26,12.35052,Tarazona
2020-07-03 03:30:00,0.0011,7.145833333333333,0.748704,2020-06-26,12.35052,Tarazona
2020-07-03 04:00:00,0.001,7.166666666666667,0.68064,2020-06-26,12.35052,Tarazona
2020-07-03 04:30:00,0.0009000000000000001,7.1875,0.612576,2020-06-26,12.35052,Tarazona
2020-07-03 05:00:00,0.0007,7.208333333333333,0.476448,2020-06-26,12.35052,Tarazona
2020-07-03 05:30:00,0.0074,7.229166666666667,5.036736,2020-06-26,12.35052,Tarazona
2020-07-03 06:00:00,0.015000000000000001,7.25,10.2096,2020-06-26,12.35052,Tarazona
2020-07-03 06:30:00,0.0261,7.270833333333333,17.764704000000002,2020-06-26,12.35052,Tarazona
2020-07-03 07:00:00,0.0396,7.291666666666667,26.953344,2020-06-26,12.35052,Tarazona
2020-07-03 07:30:00,0.057,7.3125,38.79648,2020-06-26,12.35052,Tarazona
2020-07-03 08:00:00,0.0762,7.333333333333333,51.864768000000005,2020-06-26,12.35052,Tarazona
2020-07-03 08:30:00,0.0964,7.354166666666667,65.613696,2020-06-26,12.35052,Tarazona
2020-07-03 09:00:00,0.1165,7.375,79.29456,2020-06-26,12.35052,Tarazona
2020-07-03 09:30:00,0.1401,7.395833333333333,95.357664,2020-06-26,12.35052,Tarazona
2020-07-03 10:00:00,0.1627,7.416666666666667,110.740128,2020-06-26,12.35052,Tarazona
2020-07-03 10:30:00,0.1784,7.4375,121.426176,2020-06-26,12.35052,Tarazona
2020-07-03 11:00:00,0.19160000000000002,7.458333333333333,130.410624,2020-06-26,12.35052,Tarazona
2020-07-03 11:30:00,0.2023,7.479166666666667,137.693472,2020-06-26,12.35052,Tarazona
2020-07-03 12:00:00,0.2099,7.5,142.866336,2020-06-26,12.35052,Tarazona
2020-07-03 12:30:00,0.2126,7.520833333333333,144.70406400000002,2020-06-26,12.35052,Tarazona
2020-07-03 13:00:00,0.21180000000000002,7.541666666666667,144.15955200000002,2020-06-26,12.35052,Tarazona
2020-07-03 13:30:00,0.20700000000000002,7.5625,140.89248,2020-06-26,12.35052,Tarazona
2020-07-03 14:00:00,0.1985,7.583333333333333,135.10704,2020-06-26,12.35052,Tarazona
2020-07-03 14:30:00,0.1847,7.604166666666667,125.714208,2020-06-26,12.35052,Tarazona
2020-07-03 15:00:00,0.16720000000000002,7.625,113.803008,2020-06-26,12.35052,Tarazona
2020-07-03 15:30:00,0.14750000000000002,7.645833333333333,100.3944,2020-06-26,12.35052,Tarazona
2020-07-03 16:00:00,0.1273,7.666666666666667,86.645472,2020-06-26,12.35052,Tarazona
2020-07-03 16:30:00,0.1066,7.6875,72.556224,2020-06-26,12.35052,Tarazona
2020-07-03 17:00:00,0.0853,7.708333333333333,58.058592,2020-06-26,12.35052,Tarazona
2020-07-03 17:30:00,0.06430000000000001,7.729166666666667,43.76515200000001,2020-06-26,12.35052,Tarazona
2020-07-03 18:00:00,0.043300000000000005,7.75,29.471712000000004,2020-06-26,12.35052,Tarazona
2020-07-03 18:30:00,0.0257,7.770833333333333,17.492448,2020-06-26,12.35052,Tarazona
2020-07-03 19:00:00,0.0033,7.791666666666667,2.246112,2020-06-26,12.35052,Tarazona
2020-07-03 19:30:00,0.003,7.8125,2.04192,2020-06-26,12.35052,Tarazona
2020-07-03 20:00:00,0.0026000000000000003,7.833333333333333,1.7696640000000001,2020-06-26,12.35052,Tarazona
2020-07-03 20:30:00,0.0021000000000000003,7.854166666666667,1.4293440000000002,2020-06-26,12.35052,Tarazona
2020-07-03 21:00:00,0.0015,7.875,1.02096,2020-06-26,12.35052,Tarazona
2020-07-03 21:30:00,0.001,7.895833333333333,0.68064,2020-06-26,12.35052,Tarazona
2020-07-03 22:00:00,0.0005,7.916666666666667,0.34032,2020-06-26,12.35052,Tarazona
2020-07-03 22:30:00,0.00030000000000000003,7.9375,0.204192,2020-06-26,12.35052,Tarazona
2020-07-03 23:00:00,0.0001,7.958333333333333,0.068064,2020-06-26,12.35052,Tarazona
2020-07-03 23:30:00,0.0001,7.979166666666667,0.068064,2020-06-26,12.35052,Tarazona
2020-07-04 00:00:00,0.0,8.0,0.0,2020-06-26,12.35052,Tarazona
2020-07-04 00:30:00,0.0,8.020833333333334,0.0,2020-06-26,12.35052,Tarazona
2020-07-04 01:00:00,0.0,8.041666666666666,0.0,2020-06-26,12.35052,Tarazona
2020-07-04 01:30:00,0.0,8.0625,0.0,2020-06-26,12.35052,Tarazona
2020-07-04 02:00:00,0.0,8.083333333333334,0.0,2020-06-26,12.35052,Tarazona
2020-07-04 02:30:00,0.0,8.104166666666666,0.0,2020-06-26,12.35052,Tarazona
2020-07-04 03:00:00,0.0,8.125,0.0,2020-06-26,12.35052,Tarazona
2020-07-04 03:30:00,0.0,8.145833333333334,0.0,2020-06-26,12.35052,Tarazona
2020-07-04 04:00:00,0.0002,8.166666666666666,0.136128,2020-06-26,12.35052,Tarazona
2020-07-04 04:30:00,0.00030000000000000003,8.1875,0.204192,2020-06-26,12.35052,Tarazona
2020-07-04 05:00:00,0.00030000000000000003,8.208333333333334,0.204192,2020-06-26,12.35052,Tarazona
2020-07-04 05:30:00,0.0025,8.229166666666666,1.7016,2020-06-26,12.35052,Tarazona
2020-07-04 06:00:00,0.009600000000000001,8.25,6.534144,2020-06-26,12.35052,Tarazona
2020-07-04 06:30:00,0.020200000000000003,8.270833333333334,13.748928000000001,2020-06-26,12.35052,Tarazona
2020-07-04 07:00:00,0.0337,8.291666666666666,22.937568,2020-06-26,12.35052,Tarazona
2020-07-04 07:30:00,0.0506,8.3125,34.440384,2020-06-26,12.35052,Tarazona
2020-07-04 08:00:00,0.0693,8.333333333333334,47.168352,2020-06-26,12.35052,Tarazona
2020-07-04 08:30:00,0.0898,8.354166666666666,61.121472000000004,2020-06-26,12.35052,Tarazona
2020-07-04 09:00:00,0.1109,8.375,75.482976,2020-06-26,12.35052,Tarazona
2020-07-04 09:30:00,0.134,8.395833333333334,91.20576,2020-06-26,12.35052,Tarazona
2020-07-04 10:00:00,0.1563,8.416666666666666,106.38403199999999,2020-06-26,12.35052,Tarazona
2020-07-04 10:30:00,0.1767,8.4375,120.269088,2020-06-26,12.35052,Tarazona
2020-07-04 11:00:00,0.19410000000000002,8.458333333333334,132.11222400000003,2020-06-26,12.35052,Tarazona
2020-07-04 11:30:00,0.2059,8.479166666666666,140.143776,2020-06-26,12.35052,Tarazona
2020-07-04 12:00:00,0.21430000000000002,8.5,145.861152,2020-06-26,12.35052,Tarazona
2020-07-04 12:30:00,0.2169,8.520833333333334,147.630816,2020-06-26,12.35052,Tarazona
2020-07-04 13:00:00,0.216,8.541666666666666,147.01824,2020-06-26,12.35052,Tarazona
2020-07-04 13:30:00,0.21030000000000001,8.5625,143.13859200000002,2020-06-26,12.35052,Tarazona
2020-07-04 14:00:00,0.20070000000000002,8.583333333333334,136.60444800000002,2020-06-26,12.35052,Tarazona
2020-07-04 14:30:00,0.18710000000000002,8.604166666666666,127.347744,2020-06-26,12.35052,Tarazona
2020-07-04 15:00:00,0.171,8.625,116.38944000000001,2020-06-26,12.35052,Tarazona
2020-07-04 15:30:00,0.15130000000000002,8.645833333333334,102.980832,2020-06-26,12.35052,Tarazona
2020-07-04 16:00:00,0.1306,8.666666666666666,88.891584,2020-06-26,12.35052,Tarazona
2020-07-04 16:30:00,0.10880000000000001,8.6875,74.05363200000001,2020-06-26,12.35052,Tarazona
2020-07-04 17:00:00,0.0873,8.708333333333334,59.419872,2020-06-26,12.35052,Tarazona
2020-07-04 17:30:00,0.0663,8.729166666666666,45.126431999999994,2020-06-26,12.35052,Tarazona
2020-07-04 18:00:00,0.0461,8.75,31.377504000000002,2020-06-26,12.35052,Tarazona
2020-07-04 18:30:00,0.0274,8.770833333333334,18.649536,2020-06-26,12.35052,Tarazona
2020-07-04 19:00:00,0.0035,8.791666666666666,2.38224,2020-06-26,12.35052,Tarazona
2020-07-04 19:30:00,0.0031000000000000003,8.8125,2.1099840000000003,2020-06-26,12.35052,Tarazona
2020-07-04 20:00:00,0.0026000000000000003,8.833333333333334,1.7696640000000001,2020-06-26,12.35052,Tarazona
2020-07-04 20:30:00,0.0023,8.854166666666666,1.565472,2020-06-26,12.35052,Tarazona
2020-07-04 21:00:00,0.0019,8.875,1.293216,2020-06-26,12.35052,Tarazona
2020-07-04 21:30:00,0.0014,8.895833333333334,0.952896,2020-06-26,12.35052,Tarazona
2020-07-04 22:00:00,0.0009000000000000001,8.916666666666666,0.612576,2020-06-26,12.35052,Tarazona
2020-07-04 22:30:00,0.0006000000000000001,8.9375,0.408384,2020-06-26,12.35052,Tarazona
2020-07-04 23:00:00,0.0004,8.958333333333334,0.272256,2020-06-26,12.35052,Tarazona
2020-07-04 23:30:00,0.00030000000000000003,8.979166666666666,0.204192,2020-06-26,12.35052,Tarazona
2020-07-05 00:00:00,0.0002,9.0,0.136128,2020-06-26,12.35052,Tarazona
2020-07-05 00:30:00,0.0001,9.020833333333334,0.068064,2020-06-26,12.35052,Tarazona
2020-07-05 01:00:00,0.0,9.041666666666666,0.0,2020-06-26,12.35052,Tarazona
2020-07-05 01:30:00,0.0,9.0625,0.0,2020-06-26,12.35052,Tarazona
2020-07-05 02:00:00,0.0,9.083333333333334,0.0,2020-06-26,12.35052,Tarazona
2020-07-05 02:30:00,0.0,9.104166666666666,0.0,2020-06-26,12.35052,Tarazona
2020-07-05 03:00:00,0.0,9.125,0.0,2020-06-26,12.35052,Tarazona
2020-07-05 03:30:00,0.0,9.145833333333334,0.0,2020-06-26,12.35052,Tarazona
2020-07-05 04:00:00,0.0,9.166666666666666,0.0,2020-06-26,12.35052,Tarazona
2020-07-05 04:30:00,0.0,9.1875,0.0,2020-06-26,12.35052,Tarazona
2020-07-05 05:00:00,0.0,9.208333333333334,0.0,2020-06-26,12.35052,Tarazona
2020-07-05 05:30:00,0.0024000000000000002,9.229166666666666,1.633536,2020-06-26,12.35052,Tarazona
2020-07-05 06:00:00,0.0094,9.25,6.398016,2020-06-26,12.35052,Tarazona
2020-07-05 06:30:00,0.0206,9.270833333333334,14.021184,2020-06-26,12.35052,Tarazona
2020-07-05 07:00:00,0.034800000000000005,9.291666666666666,23.686272000000002,2020-06-26,12.35052,Tarazona
2020-07-05 07:30:00,0.0538,9.3125,36.618432,2020-06-26,12.35052,Tarazona
2020-07-05 08:00:00,0.0745,9.333333333333334,50.707679999999996,2020-06-26,12.35052,Tarazona
2020-07-05 08:30:00,0.09680000000000001,9.354166666666666,65.885952,2020-06-26,12.35052,Tarazona
2020-07-05 09:00:00,0.1197,9.375,81.472608,2020-06-26,12.35052,Tarazona
2020-07-05 09:30:00,0.1429,9.395833333333334,97.26345599999999,2020-06-26,12.35052,Tarazona
2020-07-05 10:00:00,0.16540000000000002,9.416666666666666,112.57785600000001,2020-06-26,12.35052,Tarazona
2020-07-05 10:30:00,0.1842,9.4375,125.373888,2020-06-26,12.35052,Tarazona
2020-07-05 11:00:00,0.1996,9.458333333333334,135.855744,2020-06-26,12.35052,Tarazona
2020-07-05 11:30:00,0.2119,9.479166666666666,144.227616,2020-06-26,12.35052,Tarazona
2020-07-05 12:00:00,0.22030000000000002,9.5,149.944992,2020-06-26,12.35052,Tarazona
2020-07-05 12:30:00,0.2237,9.520833333333334,152.25916800000002,2020-06-26,12.35052,Tarazona
2020-07-05 13:00:00,0.2235,9.541666666666666,152.12304,2020-06-26,12.35052,Tarazona
2020-07-05 13:30:00,0.2182,9.5625,148.515648,2020-06-26,12.35052,Tarazona
2020-07-05 14:00:00,0.2091,9.583333333333334,142.321824,2020-06-26,12.35052,Tarazona
2020-07-05 14:30:00,0.1947,9.604166666666666,132.520608,2020-06-26,12.35052,Tarazona
2020-07-05 15:00:00,0.17750000000000002,9.625,120.81360000000001,2020-06-26,12.35052,Tarazona
2020-07-05 15:30:00,0.1579,9.645833333333334,107.473056,2020-06-26,12.35052,Tarazona
2020-07-05 16:00:00,0.137,9.666666666666666,93.24768,2020-06-26,12.35052,Tarazona
2020-07-05 16:30:00,0.1139,9.6875,77.524896,2020-06-26,12.35052,Tarazona
2020-07-05 17:00:00,0.091,9.708333333333334,61.93824,2020-06-26,12.35052,Tarazona
2020-07-05 17:30:00,0.0666,9.729166666666666,45.330624,2020-06-26,12.35052,Tarazona
2020-07-05 18:00:00,0.0441,9.75,30.016224,2020-06-26,12.35052,Tarazona
2020-07-05 18:30:00,0.024900000000000002,9.770833333333334,16.947936000000002,2020-06-26,12.35052,Tarazona
2020-07-05 19:00:00,0.0031000000000000003,9.791666666666666,2.1099840000000003,2020-06-26,12.35052,Tarazona
2020-07-05 19:30:00,0.0027,9.8125,1.837728,2020-06-26,12.35052,Tarazona
2020-07-05 20:00:00,0.0023,9.833333333333334,1.565472,2020-06-26,12.35052,Tarazona
2020-07-05 20:30:00,0.0021000000000000003,9.854166666666666,1.4293440000000002,2020-06-26,12.35052,Tarazona
2020-07-05 21:00:00,0.0019,9.875,1.293216,2020-06-26,12.35052,Tarazona
2020-07-05 21:30:00,0.0017000000000000001,9.895833333333334,1.1570880000000001,2020-06-26,12.35052,Tarazona
2020-07-05 22:00:00,0.0015,9.916666666666666,1.02096,2020-06-26,12.35052,Tarazona
2020-07-05 22:30:00,0.0013000000000000002,9.9375,0.8848320000000001,2020-06-26,12.35052,Tarazona
2020-07-05 23:00:00,0.0012000000000000001,9.958333333333334,0.816768,2020-06-26,12.35052,Tarazona
2020-07-05 23:30:00,0.0011,9.979166666666666,0.748704,2020-06-26,12.35052,Tarazona
2020-07-07 00:00:00,0.0015,0.0,1.02096,2020-07-07,2.60052,Tarazona
2020-07-07 00:30:00,0.0014,0.020833333333333332,0.952896,2020-07-07,2.60052,Tarazona
2020-07-07 01:00:00,0.0013000000000000002,0.041666666666666664,0.8848320000000001,2020-07-07,2.60052,Tarazona
2020-07-07 01:30:00,0.0012000000000000001,0.0625,0.816768,2020-07-07,2.60052,Tarazona
2020-07-07 02:00:00,0.0012000000000000001,0.08333333333333333,0.816768,2020-07-07,2.60052,Tarazona
2020-07-07 02:30:00,0.0012000000000000001,0.10416666666666667,0.816768,2020-07-07,2.60052,Tarazona
2020-07-07 03:00:00,0.0011,0.125,0.748704,2020-07-07,2.60052,Tarazona
2020-07-07 03:30:00,0.0011,0.14583333333333334,0.748704,2020-07-07,2.60052,Tarazona
2020-07-07 04:00:00,0.001,0.16666666666666666,0.68064,2020-07-07,2.60052,Tarazona
2020-07-07 04:30:00,0.001,0.1875,0.68064,2020-07-07,2.60052,Tarazona
2020-07-07 05:00:00,0.001,0.20833333333333334,0.68064,2020-07-07,2.60052,Tarazona
2020-07-07 05:30:00,0.0077,0.22916666666666666,5.240928,2020-07-07,2.60052,Tarazona
2020-07-07 06:00:00,0.0162,0.25,11.026368,2020-07-07,2.60052,Tarazona
2020-07-07 06:30:00,0.0279,0.2708333333333333,18.989856,2020-07-07,2.60052,Tarazona
2020-07-07 07:00:00,0.042100000000000005,0.2916666666666667,28.654944000000004,2020-07-07,2.60052,Tarazona
2020-07-07 07:30:00,0.059800000000000006,0.3125,40.702272,2020-07-07,2.60052,Tarazona
2020-07-07 08:00:00,0.0796,0.3333333333333333,54.178944,2020-07-07,2.60052,Tarazona
2020-07-07 08:30:00,0.10010000000000001,0.3541666666666667,68.132064,2020-07-07,2.60052,Tarazona
2020-07-07 09:00:00,0.1208,0.375,82.221312,2020-07-07,2.60052,Tarazona
2020-07-07 09:30:00,0.1414,0.3958333333333333,96.242496,2020-07-07,2.60052,Tarazona
2020-07-07 10:00:00,0.16110000000000002,0.4166666666666667,109.65110400000002,2020-07-07,2.60052,Tarazona
2020-07-07 10:30:00,0.17850000000000002,0.4375,121.49424,2020-07-07,2.60052,Tarazona
2020-07-07 11:00:00,0.19360000000000002,0.4583333333333333,131.771904,2020-07-07,2.60052,Tarazona
2020-07-07 11:30:00,0.2036,0.4791666666666667,138.578304,2020-07-07,2.60052,Tarazona
2020-07-07 12:00:00,0.2029,0.5,138.101856,2020-07-07,2.60052,Tarazona
2020-07-07 12:30:00,0.20220000000000002,0.5208333333333334,137.62540800000002,2020-07-07,2.60052,Tarazona
2020-07-07 13:00:00,0.19890000000000002,0.5416666666666666,135.379296,2020-07-07,2.60052,Tarazona
2020-07-07 13:30:00,0.19190000000000002,0.5625,130.61481600000002,2020-07-07,2.60052,Tarazona
2020-07-07 14:00:00,0.18230000000000002,0.5833333333333334,124.080672,2020-07-07,2.60052,Tarazona
2020-07-07 14:30:00,0.16820000000000002,0.6041666666666666,114.483648,2020-07-07,2.60052,Tarazona
2020-07-07 15:00:00,0.15380000000000002,0.625,104.682432,2020-07-07,2.60052,Tarazona
2020-07-07 15:30:00,0.1374,0.6458333333333334,93.519936,2020-07-07,2.60052,Tarazona
2020-07-07 16:00:00,0.1202,0.6666666666666666,81.812928,2020-07-07,2.60052,Tarazona
2020-07-07 16:30:00,0.1034,0.6875,70.378176,2020-07-07,2.60052,Tarazona
2020-07-07 17:00:00,0.0859,0.7083333333333334,58.466976,2020-07-07,2.60052,Tarazona
2020-07-07 17:30:00,0.0678,0.7291666666666666,46.147391999999996,2020-07-07,2.60052,Tarazona
2020-07-07 18:00:00,0.0465,0.75,31.64976,2020-07-07,2.60052,Tarazona
2020-07-07 18:30:00,0.027800000000000002,0.7708333333333334,18.921792,2020-07-07,2.60052,Tarazona
2020-07-07 19:00:00,0.004,0.7916666666666666,2.72256,2020-07-07,2.60052,Tarazona
2020-07-07 19:30:00,0.0036000000000000003,0.8125,2.450304,2020-07-07,2.60052,Tarazona
2020-07-07 20:00:00,0.0032,0.8333333333333334,2.178048,2020-07-07,2.60052,Tarazona
2020-07-07 20:30:00,0.0028,0.8541666666666666,1.905792,2020-07-07,2.60052,Tarazona
2020-07-07 21:00:00,0.0024000000000000002,0.875,1.633536,2020-07-07,2.60052,Tarazona
2020-07-07 21:30:00,0.002,0.8958333333333334,1.36128,2020-07-07,2.60052,Tarazona
2020-07-07 22:00:00,0.0015,0.9166666666666666,1.02096,2020-07-07,2.60052,Tarazona
2020-07-07 22:30:00,0.0012000000000000001,0.9375,0.816768,2020-07-07,2.60052,Tarazona
2020-07-07 23:00:00,0.0009000000000000001,0.9583333333333334,0.612576,2020-07-07,2.60052,Tarazona
2020-07-07 23:30:00,0.0007,0.9791666666666666,0.476448,2020-07-07,2.60052,Tarazona
2020-07-08 00:00:00,0.0006000000000000001,1.0,0.408384,2020-07-07,2.60052,Tarazona
2020-07-08 00:30:00,0.0005,1.0208333333333333,0.34032,2020-07-07,2.60052,Tarazona
2020-07-08 01:00:00,0.0004,1.0416666666666667,0.272256,2020-07-07,2.60052,Tarazona
2020-07-08 01:30:00,0.00030000000000000003,1.0625,0.204192,2020-07-07,2.60052,Tarazona
2020-07-08 02:00:00,0.0002,1.0833333333333333,0.136128,2020-07-07,2.60052,Tarazona
2020-07-08 02:30:00,0.0002,1.1041666666666667,0.136128,2020-07-07,2.60052,Tarazona
2020-07-08 03:00:00,0.0001,1.125,0.068064,2020-07-07,2.60052,Tarazona
2020-07-08 03:30:00,0.0001,1.1458333333333333,0.068064,2020-07-07,2.60052,Tarazona
2020-07-08 04:00:00,0.0001,1.1666666666666667,0.068064,2020-07-07,2.60052,Tarazona
2020-07-08 04:30:00,0.0004,1.1875,0.272256,2020-07-07,2.60052,Tarazona
2020-07-08 05:00:00,0.0004,1.2083333333333333,0.272256,2020-07-07,2.60052,Tarazona
2020-07-08 05:30:00,0.0021000000000000003,1.2291666666666667,1.4293440000000002,2020-07-07,2.60052,Tarazona
2020-07-08 06:00:00,0.007,1.25,4.76448,2020-07-07,2.60052,Tarazona
2020-07-08 06:30:00,0.0094,1.2708333333333333,6.398016,2020-07-07,2.60052,Tarazona
2020-07-08 07:00:00,0.013800000000000002,1.2916666666666667,9.392832,2020-07-07,2.60052,Tarazona
2020-07-08 07:30:00,0.0118,1.3125,8.031552,2020-07-07,2.60052,Tarazona
2020-07-08 08:00:00,0.0492,1.3333333333333333,33.487488,2020-07-07,2.60052,Tarazona
2020-07-08 08:30:00,0.0114,1.3541666666666667,7.759296,2020-07-07,2.60052,Tarazona
2020-07-08 09:00:00,0.0819,1.375,55.744416,2020-07-07,2.60052,Tarazona
2020-07-08 09:30:00,0.0472,1.3958333333333333,32.126208,2020-07-07,2.60052,Tarazona
2020-07-08 10:00:00,0.0507,1.4166666666666667,34.508448,2020-07-07,2.60052,Tarazona
2020-07-08 10:30:00,0.1268,1.4375,86.30515199999999,2020-07-07,2.60052,Tarazona
2020-07-08 11:00:00,0.13190000000000002,1.4583333333333333,89.77641600000001,2020-07-07,2.60052,Tarazona
2020-07-08 11:30:00,0.1378,1.4791666666666667,93.792192,2020-07-07,2.60052,Tarazona
2020-07-08 12:00:00,0.0632,1.5,43.016448000000004,2020-07-07,2.60052,Tarazona
2020-07-08 12:30:00,0.1044,1.5208333333333333,71.05881600000001,2020-07-07,2.60052,Tarazona
2020-07-08 13:00:00,0.14250000000000002,1.5416666666666667,96.9912,2020-07-07,2.60052,Tarazona
2020-07-08 13:30:00,0.019,1.5625,12.93216,2020-07-07,2.60052,Tarazona
2020-07-08 14:00:00,0.0038,1.5833333333333333,2.586432,2020-07-07,2.60052,Tarazona
2020-07-08 14:30:00,0.0035,1.6041666666666667,2.38224,2020-07-07,2.60052,Tarazona
2020-07-08 15:00:00,0.057600000000000005,1.625,39.204864,2020-07-07,2.60052,Tarazona
2020-07-08 15:30:00,0.0222,1.6458333333333333,15.110208,2020-07-07,2.60052,Tarazona
2020-07-08 16:00:00,0.0035,1.6666666666666667,2.38224,2020-07-07,2.60052,Tarazona
2020-07-08 16:30:00,0.0246,1.6875,16.743744,2020-07-07,2.60052,Tarazona
2020-07-08 17:00:00,0.0083,1.7083333333333333,5.649312,2020-07-07,2.60052,Tarazona
2020-07-08 17:30:00,0.008,1.7291666666666667,5.44512,2020-07-07,2.60052,Tarazona
2020-07-08 18:00:00,0.0155,1.75,10.54992,2020-07-07,2.60052,Tarazona
2020-07-08 18:30:00,0.012100000000000001,1.7708333333333333,8.235744,2020-07-07,2.60052,Tarazona
2020-07-08 19:00:00,0.0021000000000000003,1.7916666666666667,1.4293440000000002,2020-07-07,2.60052,Tarazona
2020-07-08 19:30:00,0.0021000000000000003,1.8125,1.4293440000000002,2020-07-07,2.60052,Tarazona
2020-07-08 20:00:00,0.002,1.8333333333333333,1.36128,2020-07-07,2.60052,Tarazona
2020-07-08 20:30:00,0.0017000000000000001,1.8541666666666667,1.1570880000000001,2020-07-07,2.60052,Tarazona
2020-07-08 21:00:00,0.0016,1.875,1.089024,2020-07-07,2.60052,Tarazona
2020-07-08 21:30:00,0.0015,1.8958333333333333,1.02096,2020-07-07,2.60052,Tarazona
2020-07-08 22:00:00,0.0014,1.9166666666666667,0.952896,2020-07-07,2.60052,Tarazona
2020-07-08 22:30:00,0.0013000000000000002,1.9375,0.8848320000000001,2020-07-07,2.60052,Tarazona
2020-07-08 23:00:00,0.0013000000000000002,1.9583333333333333,0.8848320000000001,2020-07-07,2.60052,Tarazona
2020-07-08 23:30:00,0.0012000000000000001,1.9791666666666667,0.816768,2020-07-07,2.60052,Tarazona
2020-07-09 00:00:00,0.0011,2.0,0.748704,2020-07-07,2.60052,Tarazona
2020-07-09 00:30:00,0.001,2.0208333333333335,0.68064,2020-07-07,2.60052,Tarazona
2020-07-09 01:00:00,0.0006000000000000001,2.0416666666666665,0.408384,2020-07-07,2.60052,Tarazona
2020-07-09 01:30:00,0.0008,2.0625,0.544512,2020-07-07,2.60052,Tarazona
2020-07-09 02:00:00,0.0008,2.0833333333333335,0.544512,2020-07-07,2.60052,Tarazona
2020-07-09 02:30:00,0.0007,2.1041666666666665,0.476448,2020-07-07,2.60052,Tarazona
2020-07-09 03:00:00,0.0007,2.125,0.476448,2020-07-07,2.60052,Tarazona
2020-07-09 03:30:00,0.0007,2.1458333333333335,0.476448,2020-07-07,2.60052,Tarazona
2020-07-09 04:00:00,0.0005,2.1666666666666665,0.34032,2020-07-07,2.60052,Tarazona
2020-07-09 04:30:00,0.0004,2.1875,0.272256,2020-07-07,2.60052,Tarazona
2020-07-09 05:00:00,0.0006000000000000001,2.2083333333333335,0.408384,2020-07-07,2.60052,Tarazona
2020-07-09 05:30:00,0.0012000000000000001,2.2291666666666665,0.816768,2020-07-07,2.60052,Tarazona
2020-07-09 06:00:00,0.0031000000000000003,2.25,2.1099840000000003,2020-07-07,2.60052,Tarazona
2020-07-09 06:30:00,0.0114,2.2708333333333335,7.759296,2020-07-07,2.60052,Tarazona
2020-07-09 07:00:00,0.032,2.2916666666666665,21.78048,2020-07-07,2.60052,Tarazona
2020-07-09 07:30:00,0.033600000000000005,2.3125,22.869504000000003,2020-07-07,2.60052,Tarazona
2020-07-09 08:00:00,0.0252,2.3333333333333335,17.152128,2020-07-07,2.60052,Tarazona
2020-07-09 08:30:00,0.0636,2.3541666666666665,43.288704,2020-07-07,2.60052,Tarazona
2020-07-09 09:00:00,0.0623,2.375,42.403872,2020-07-07,2.60052,Tarazona
2020-07-09 09:30:00,0.1158,2.3958333333333335,78.818112,2020-07-07,2.60052,Tarazona
2020-07-09 10:00:00,0.1332,2.4166666666666665,90.661248,2020-07-07,2.60052,Tarazona
2020-07-09 10:30:00,0.11850000000000001,2.4375,80.65584,2020-07-07,2.60052,Tarazona
2020-07-09 11:00:00,0.1486,2.4583333333333335,101.14310400000001,2020-07-07,2.60052,Tarazona
2020-07-09 11:30:00,0.1532,2.4791666666666665,104.274048,2020-07-07,2.60052,Tarazona
2020-07-09 12:00:00,0.1564,2.5,106.45209600000001,2020-07-07,2.60052,Tarazona
2020-07-09 12:30:00,0.155,2.5208333333333335,105.4992,2020-07-07,2.60052,Tarazona
2020-07-09 13:00:00,0.151,2.5416666666666665,102.77664,2020-07-07,2.60052,Tarazona
2020-07-09 13:30:00,0.0539,2.5625,36.686496,2020-07-07,2.60052,Tarazona
2020-07-09 14:00:00,0.06330000000000001,2.5833333333333335,43.084512000000004,2020-07-07,2.60052,Tarazona
2020-07-09 14:30:00,0.1008,2.6041666666666665,68.608512,2020-07-07,2.60052,Tarazona
2020-07-09 15:00:00,0.1119,2.625,76.163616,2020-07-07,2.60052,Tarazona
2020-07-09 15:30:00,0.0804,2.6458333333333335,54.723456,2020-07-07,2.60052,Tarazona
2020-07-09 16:00:00,0.027800000000000002,2.6666666666666665,18.921792,2020-07-07,2.60052,Tarazona
2020-07-09 16:30:00,0.016300000000000002,2.6875,11.094432000000001,2020-07-07,2.60052,Tarazona
2020-07-09 17:00:00,0.0024000000000000002,2.7083333333333335,1.633536,2020-07-07,2.60052,Tarazona
2020-07-09 17:30:00,0.0023,2.7291666666666665,1.565472,2020-07-07,2.60052,Tarazona
2020-07-09 18:00:00,0.0077,2.75,5.240928,2020-07-07,2.60052,Tarazona
2020-07-09 18:30:00,0.0037,2.7708333333333335,2.518368,2020-07-07,2.60052,Tarazona
2020-07-09 19:00:00,0.0019,2.7916666666666665,1.293216,2020-07-07,2.60052,Tarazona
2020-07-09 19:30:00,0.0017000000000000001,2.8125,1.1570880000000001,2020-07-07,2.60052,Tarazona
2020-07-09 20:00:00,0.0014,2.8333333333333335,0.952896,2020-07-07,2.60052,Tarazona
2020-07-09 20:30:00,0.0013000000000000002,2.8541666666666665,0.8848320000000001,2020-07-07,2.60052,Tarazona
2020-07-09 21:00:00,0.0012000000000000001,2.875,0.816768,2020-07-07,2.60052,Tarazona
2020-07-09 21:30:00,0.0011,2.8958333333333335,0.748704,2020-07-07,2.60052,Tarazona
2020-07-09 22:00:00,0.001,2.9166666666666665,0.68064,2020-07-07,2.60052,Tarazona
2020-07-09 22:30:00,0.0009000000000000001,2.9375,0.612576,2020-07-07,2.60052,Tarazona
2020-07-09 23:00:00,0.0009000000000000001,2.9583333333333335,0.612576,2020-07-07,2.60052,Tarazona
2020-07-09 23:30:00,0.0009000000000000001,2.9791666666666665,0.612576,2020-07-07,2.60052,Tarazona
2020-07-10 00:00:00,0.0009000000000000001,3.0,0.612576,2020-07-07,2.60052,Tarazona
2020-07-10 00:30:00,0.0008,3.0208333333333335,0.544512,2020-07-07,2.60052,Tarazona
2020-07-10 01:00:00,0.0008,3.0416666666666665,0.544512,2020-07-07,2.60052,Tarazona
2020-07-10 01:30:00,0.0007,3.0625,0.476448,2020-07-07,2.60052,Tarazona
2020-07-10 02:00:00,0.0007,3.0833333333333335,0.476448,2020-07-07,2.60052,Tarazona
2020-07-10 02:30:00,0.0006000000000000001,3.1041666666666665,0.408384,2020-07-07,2.60052,Tarazona
2020-07-10 03:00:00,0.0005,3.125,0.34032,2020-07-07,2.60052,Tarazona
2020-07-10 03:30:00,0.0004,3.1458333333333335,0.272256,2020-07-07,2.60052,Tarazona
2020-07-10 04:00:00,0.0004,3.1666666666666665,0.272256,2020-07-07,2.60052,Tarazona
2020-07-10 04:30:00,0.00030000000000000003,3.1875,0.204192,2020-07-07,2.60052,Tarazona
2020-07-10 05:00:00,0.00030000000000000003,3.2083333333333335,0.204192,2020-07-07,2.60052,Tarazona
2020-07-10 05:30:00,0.0038,3.2291666666666665,2.586432,2020-07-07,2.60052,Tarazona
2020-07-10 06:00:00,0.0103,3.25,7.010592,2020-07-07,2.60052,Tarazona
2020-07-10 06:30:00,0.0205,3.2708333333333335,13.95312,2020-07-07,2.60052,Tarazona
2020-07-10 07:00:00,0.0337,3.2916666666666665,22.937568,2020-07-07,2.60052,Tarazona
2020-07-10 07:30:00,0.050100000000000006,3.3125,34.100064,2020-07-07,2.60052,Tarazona
2020-07-10 08:00:00,0.06860000000000001,3.3333333333333335,46.69190400000001,2020-07-07,2.60052,Tarazona
2020-07-10 08:30:00,0.0874,3.3541666666666665,59.487936000000005,2020-07-07,2.60052,Tarazona
2020-07-10 09:00:00,0.1046,3.375,71.19494399999999,2020-07-07,2.60052,Tarazona
2020-07-10 09:30:00,0.1228,3.3958333333333335,83.582592,2020-07-07,2.60052,Tarazona
2020-07-10 10:00:00,0.1401,3.4166666666666665,95.357664,2020-07-07,2.60052,Tarazona
2020-07-10 10:30:00,0.1545,3.4375,105.15888,2020-07-07,2.60052,Tarazona
2020-07-10 11:00:00,0.1666,3.4583333333333335,113.394624,2020-07-07,2.60052,Tarazona
2020-07-10 11:30:00,0.17550000000000002,3.4791666666666665,119.45232000000001,2020-07-07,2.60052,Tarazona
2020-07-10 12:00:00,0.183,3.5,124.55712,2020-07-07,2.60052,Tarazona
2020-07-10 12:30:00,0.18630000000000002,3.5208333333333335,126.80323200000001,2020-07-07,2.60052,Tarazona
2020-07-10 13:00:00,0.186,3.5416666666666665,126.59904,2020-07-07,2.60052,Tarazona
2020-07-10 13:30:00,0.1804,3.5625,122.787456,2020-07-07,2.60052,Tarazona
2020-07-10 14:00:00,0.1716,3.5833333333333335,116.797824,2020-07-07,2.60052,Tarazona
2020-07-10 14:30:00,0.16160000000000002,3.6041666666666665,109.99142400000001,2020-07-07,2.60052,Tarazona
2020-07-10 15:00:00,0.1484,3.625,101.006976,2020-07-07,2.60052,Tarazona
2020-07-10 15:30:00,0.1297,3.6458333333333335,88.279008,2020-07-07,2.60052,Tarazona
2020-07-10 16:00:00,0.054,3.6666666666666665,36.75456,2020-07-07,2.60052,Tarazona
2020-07-10 16:30:00,0.09000000000000001,3.6875,61.257600000000004,2020-07-07,2.60052,Tarazona
2020-07-10 17:00:00,0.06810000000000001,3.7083333333333335,46.351584,2020-07-07,2.60052,Tarazona
2020-07-10 17:30:00,0.0504,3.7291666666666665,34.304256,2020-07-07,2.60052,Tarazona
2020-07-10 18:00:00,0.035500000000000004,3.75,24.162720000000004,2020-07-07,2.60052,Tarazona
2020-07-10 18:30:00,0.0207,3.7708333333333335,14.089248,2020-07-07,2.60052,Tarazona
2020-07-10 19:00:00,0.0031000000000000003,3.7916666666666665,2.1099840000000003,2020-07-07,2.60052,Tarazona
2020-07-10 19:30:00,0.0026000000000000003,3.8125,1.7696640000000001,2020-07-07,2.60052,Tarazona
2020-07-10 20:00:00,0.0021000000000000003,3.8333333333333335,1.4293440000000002,2020-07-07,2.60052,Tarazona
2020-07-10 20:30:00,0.0018000000000000002,3.8541666666666665,1.225152,2020-07-07,2.60052,Tarazona
2020-07-10 21:00:00,0.0015,3.875,1.02096,2020-07-07,2.60052,Tarazona
2020-07-10 21:30:00,0.0014,3.8958333333333335,0.952896,2020-07-07,2.60052,Tarazona
2020-07-10 22:00:00,0.0012000000000000001,3.9166666666666665,0.816768,2020-07-07,2.60052,Tarazona
2020-07-10 22:30:00,0.0011,3.9375,0.748704,2020-07-07,2.60052,Tarazona
2020-07-10 23:00:00,0.001,3.9583333333333335,0.68064,2020-07-07,2.60052,Tarazona
2020-07-10 23:30:00,0.0009000000000000001,3.9791666666666665,0.612576,2020-07-07,2.60052,Tarazona
2020-07-11 00:00:00,0.0007,4.0,0.476448,2020-07-07,2.60052,Tarazona
2020-07-11 00:30:00,0.0006000000000000001,4.020833333333333,0.408384,2020-07-07,2.60052,Tarazona
2020-07-11 01:00:00,0.0005,4.041666666666667,0.34032,2020-07-07,2.60052,Tarazona
2020-07-11 01:30:00,0.0004,4.0625,0.272256,2020-07-07,2.60052,Tarazona
2020-07-11 02:00:00,0.0004,4.083333333333333,0.272256,2020-07-07,2.60052,Tarazona
2020-07-11 02:30:00,0.00030000000000000003,4.104166666666667,0.204192,2020-07-07,2.60052,Tarazona
2020-07-11 03:00:00,0.0002,4.125,0.136128,2020-07-07,2.60052,Tarazona
2020-07-11 03:30:00,0.0002,4.145833333333333,0.136128,2020-07-07,2.60052,Tarazona
2020-07-11 04:00:00,0.0001,4.166666666666667,0.068064,2020-07-07,2.60052,Tarazona
2020-07-11 04:30:00,0.0001,4.1875,0.068064,2020-07-07,2.60052,Tarazona
2020-07-11 05:00:00,0.0,4.208333333333333,0.0,2020-07-07,2.60052,Tarazona
2020-07-11 05:30:00,0.0024000000000000002,4.229166666666667,1.633536,2020-07-07,2.60052,Tarazona
2020-07-11 06:00:00,0.008,4.25,5.44512,2020-07-07,2.60052,Tarazona
2020-07-11 06:30:00,0.017400000000000002,4.270833333333333,11.843136000000001,2020-07-07,2.60052,Tarazona
2020-07-11 07:00:00,0.028800000000000003,4.291666666666667,19.602432,2020-07-07,2.60052,Tarazona
2020-07-11 07:30:00,0.041600000000000005,4.3125,28.314624000000002,2020-07-07,2.60052,Tarazona
2020-07-11 08:00:00,0.0548,4.333333333333333,37.299072,2020-07-07,2.60052,Tarazona
2020-07-11 08:30:00,0.06810000000000001,4.354166666666667,46.351584,2020-07-07,2.60052,Tarazona
2020-07-11 09:00:00,0.0814,4.375,55.404095999999996,2020-07-07,2.60052,Tarazona
2020-07-11 09:30:00,0.09670000000000001,4.395833333333333,65.81788800000001,2020-07-07,2.60052,Tarazona
2020-07-11 10:00:00,0.1116,4.416666666666667,75.959424,2020-07-07,2.60052,Tarazona
2020-07-11 10:30:00,0.1222,4.4375,83.17420800000001,2020-07-07,2.60052,Tarazona
2020-07-11 11:00:00,0.1313,4.458333333333333,89.368032,2020-07-07,2.60052,Tarazona
2020-07-11 11:30:00,0.1381,4.479166666666667,93.99638399999999,2020-07-07,2.60052,Tarazona
2020-07-11 12:00:00,0.1434,4.5,97.603776,2020-07-07,2.60052,Tarazona
2020-07-11 12:30:00,0.1447,4.520833333333333,98.488608,2020-07-07,2.60052,Tarazona
2020-07-11 13:00:00,0.1439,4.541666666666667,97.944096,2020-07-07,2.60052,Tarazona
2020-07-11 13:30:00,0.1408,4.5625,95.834112,2020-07-07,2.60052,Tarazona
2020-07-11 14:00:00,0.13540000000000002,4.583333333333333,92.15865600000001,2020-07-07,2.60052,Tarazona
2020-07-11 14:30:00,0.1265,4.604166666666667,86.10096,2020-07-07,2.60052,Tarazona
2020-07-11 15:00:00,0.1143,4.625,77.797152,2020-07-07,2.60052,Tarazona
2020-07-11 15:30:00,0.10260000000000001,4.645833333333333,69.833664,2020-07-07,2.60052,Tarazona
2020-07-11 16:00:00,0.0896,4.666666666666667,60.985344,2020-07-07,2.60052,Tarazona
2020-07-11 16:30:00,0.0745,4.6875,50.707679999999996,2020-07-07,2.60052,Tarazona
2020-07-11 17:00:00,0.059000000000000004,4.708333333333333,40.15776,2020-07-07,2.60052,Tarazona
2020-07-11 17:30:00,0.041600000000000005,4.729166666666667,28.314624000000002,2020-07-07,2.60052,Tarazona
2020-07-11 18:00:00,0.0252,4.75,17.152128,2020-07-07,2.60052,Tarazona
2020-07-11 18:30:00,0.0134,4.770833333333333,9.120576,2020-07-07,2.60052,Tarazona
2020-07-11 19:00:00,0.002,4.791666666666667,1.36128,2020-07-07,2.60052,Tarazona
2020-07-11 19:30:00,0.0017000000000000001,4.8125,1.1570880000000001,2020-07-07,2.60052,Tarazona
2020-07-11 20:00:00,0.0015,4.833333333333333,1.02096,2020-07-07,2.60052,Tarazona
2020-07-11 20:30:00,0.0013000000000000002,4.854166666666667,0.8848320000000001,2020-07-07,2.60052,Tarazona
2020-07-11 21:00:00,0.0011,4.875,0.748704,2020-07-07,2.60052,Tarazona
2020-07-11 21:30:00,0.0011,4.895833333333333,0.748704,2020-07-07,2.60052,Tarazona
2020-07-11 22:00:00,0.001,4.916666666666667,0.68064,2020-07-07,2.60052,Tarazona
2020-07-11 22:30:00,0.0009000000000000001,4.9375,0.612576,2020-07-07,2.60052,Tarazona
2020-07-11 23:00:00,0.0007,4.958333333333333,0.476448,2020-07-07,2.60052,Tarazona
2020-07-11 23:30:00,0.0006000000000000001,4.979166666666667,0.408384,2020-07-07,2.60052,Tarazona
2020-07-12 00:00:00,0.0005,5.0,0.34032,2020-07-07,2.60052,Tarazona
2020-07-12 00:30:00,0.0005,5.020833333333333,0.34032,2020-07-07,2.60052,Tarazona
2020-07-12 01:00:00,0.0004,5.041666666666667,0.272256,2020-07-07,2.60052,Tarazona
2020-07-12 01:30:00,0.0007,5.0625,0.476448,2020-07-07,2.60052,Tarazona
2020-07-12 02:00:00,0.0006000000000000001,5.083333333333333,0.408384,2020-07-07,2.60052,Tarazona
2020-07-12 02:30:00,0.0006000000000000001,5.104166666666667,0.408384,2020-07-07,2.60052,Tarazona
2020-07-12 03:00:00,0.0006000000000000001,5.125,0.408384,2020-07-07,2.60052,Tarazona
2020-07-12 03:30:00,0.0006000000000000001,5.145833333333333,0.408384,2020-07-07,2.60052,Tarazona
2020-07-12 04:00:00,0.0006000000000000001,5.166666666666667,0.408384,2020-07-07,2.60052,Tarazona
2020-07-12 04:30:00,0.0006000000000000001,5.1875,0.408384,2020-07-07,2.60052,Tarazona
2020-07-12 05:00:00,0.00030000000000000003,5.208333333333333,0.204192,2020-07-07,2.60052,Tarazona
2020-07-12 05:30:00,0.0029000000000000002,5.229166666666667,1.973856,2020-07-07,2.60052,Tarazona
2020-07-12 06:00:00,0.0085,5.25,5.78544,2020-07-07,2.60052,Tarazona
2020-07-12 06:30:00,0.0005,5.270833333333333,0.34032,2020-07-07,2.60052,Tarazona
2020-07-12 07:00:00,0.018600000000000002,5.291666666666667,12.659904000000001,2020-07-07,2.60052,Tarazona
2020-07-12 07:30:00,0.0201,5.3125,13.680864,2020-07-07,2.60052,Tarazona
2020-07-12 08:00:00,0.0347,5.333333333333333,23.618208,2020-07-07,2.60052,Tarazona
2020-07-12 08:30:00,0.062400000000000004,5.354166666666667,42.471936,2020-07-07,2.60052,Tarazona
2020-07-12 09:00:00,0.0795,5.375,54.11088,2020-07-07,2.60052,Tarazona
2020-07-12 09:30:00,0.10450000000000001,5.395833333333333,71.12688,2020-07-07,2.60052,Tarazona
2020-07-12 10:00:00,0.1221,5.416666666666667,83.106144,2020-07-07,2.60052,Tarazona
2020-07-12 10:30:00,0.12610000000000002,5.4375,85.82870400000002,2020-07-07,2.60052,Tarazona
2020-07-12 11:00:00,0.0562,5.458333333333333,38.251968,2020-07-07,2.60052,Tarazona
2020-07-12 11:30:00,0.0921,5.479166666666667,62.686944,2020-07-07,2.60052,Tarazona
2020-07-12 12:00:00,0.0478,5.5,32.534592,2020-07-07,2.60052,Tarazona
2020-07-12 12:30:00,0.08320000000000001,5.520833333333333,56.629248000000004,2020-07-07,2.60052,Tarazona
2020-07-12 13:00:00,0.0229,5.541666666666667,15.586656,2020-07-07,2.60052,Tarazona
2020-07-12 13:30:00,0.0125,5.5625,8.508000000000001,2020-07-07,2.60052,Tarazona
2020-07-12 14:00:00,0.013000000000000001,5.583333333333333,8.848320000000001,2020-07-07,2.60052,Tarazona
2020-07-12 14:30:00,0.019700000000000002,5.604166666666667,13.408608000000001,2020-07-07,2.60052,Tarazona
2020-07-12 15:00:00,0.0029000000000000002,5.625,1.973856,2020-07-07,2.60052,Tarazona
2020-07-12 15:30:00,0.0026000000000000003,5.645833333333333,1.7696640000000001,2020-07-07,2.60052,Tarazona
2020-07-12 16:00:00,0.0024000000000000002,5.666666666666667,1.633536,2020-07-07,2.60052,Tarazona
2020-07-12 16:30:00,0.002,5.6875,1.36128,2020-07-07,2.60052,Tarazona
2020-07-12 17:00:00,0.0111,5.708333333333333,7.555104,2020-07-07,2.60052,Tarazona
2020-07-12 17:30:00,0.0201,5.729166666666667,13.680864,2020-07-07,2.60052,Tarazona
2020-07-12 18:00:00,0.0102,5.75,6.942528,2020-07-07,2.60052,Tarazona
2020-07-12 18:30:00,0.008700000000000001,5.770833333333333,5.921568000000001,2020-07-07,2.60052,Tarazona
2020-07-12 19:00:00,0.0014,5.791666666666667,0.952896,2020-07-07,2.60052,Tarazona
2020-07-12 19:30:00,0.0011,5.8125,0.748704,2020-07-07,2.60052,Tarazona
2020-07-12 20:00:00,0.0008,5.833333333333333,0.544512,2020-07-07,2.60052,Tarazona
2020-07-12 20:30:00,0.0008,5.854166666666667,0.544512,2020-07-07,2.60052,Tarazona
2020-07-12 21:00:00,0.0006000000000000001,5.875,0.408384,2020-07-07,2.60052,Tarazona
2020-07-12 21:30:00,0.0006000000000000001,5.895833333333333,0.408384,2020-07-07,2.60052,Tarazona
2020-07-12 22:00:00,0.0006000000000000001,5.916666666666667,0.408384,2020-07-07,2.60052,Tarazona
2020-07-12 22:30:00,0.0006000000000000001,5.9375,0.408384,2020-07-07,2.60052,Tarazona
2020-07-12 23:00:00,0.00030000000000000003,5.958333333333333,0.204192,2020-07-07,2.60052,Tarazona
2020-07-12 23:30:00,0.00030000000000000003,5.979166666666667,0.204192,2020-07-07,2.60052,Tarazona
2020-07-13 00:00:00,0.0004,6.0,0.272256,2020-07-07,2.60052,Tarazona
2020-07-13 00:30:00,0.0006000000000000001,6.020833333333333,0.408384,2020-07-07,2.60052,Tarazona
2020-07-13 01:00:00,0.00030000000000000003,6.041666666666667,0.204192,2020-07-07,2.60052,Tarazona
2020-07-13 01:30:00,0.0002,6.0625,0.136128,2020-07-07,2.60052,Tarazona
2020-07-13 02:00:00,0.0002,6.083333333333333,0.136128,2020-07-07,2.60052,Tarazona
2020-07-13 02:30:00,0.0002,6.104166666666667,0.136128,2020-07-07,2.60052,Tarazona
2020-07-13 03:00:00,0.0004,6.125,0.272256,2020-07-07,2.60052,Tarazona
2020-07-13 03:30:00,0.0001,6.145833333333333,0.068064,2020-07-07,2.60052,Tarazona
2020-07-13 04:00:00,0.0001,6.166666666666667,0.068064,2020-07-07,2.60052,Tarazona
2020-07-13 04:30:00,0.0001,6.1875,0.068064,2020-07-07,2.60052,Tarazona
2020-07-13 05:00:00,0.0,6.208333333333333,0.0,2020-07-07,2.60052,Tarazona
2020-07-13 05:30:00,0.0006000000000000001,6.229166666666667,0.408384,2020-07-07,2.60052,Tarazona
2020-07-13 06:00:00,0.0041,6.25,2.790624,2020-07-07,2.60052,Tarazona
2020-07-13 06:30:00,0.016,6.270833333333333,10.89024,2020-07-07,2.60052,Tarazona
2020-07-13 07:00:00,0.027600000000000003,6.291666666666667,18.785664,2020-07-07,2.60052,Tarazona
2020-07-13 07:30:00,0.030600000000000002,6.3125,20.827584,2020-07-07,2.60052,Tarazona
2020-07-13 08:00:00,0.0495,6.333333333333333,33.69168,2020-07-07,2.60052,Tarazona
2020-07-13 08:30:00,0.06860000000000001,6.354166666666667,46.69190400000001,2020-07-07,2.60052,Tarazona
2020-07-13 09:00:00,0.0916,6.375,62.346624,2020-07-07,2.60052,Tarazona
2020-07-13 09:30:00,0.11960000000000001,6.395833333333333,81.404544,2020-07-07,2.60052,Tarazona
2020-07-13 10:00:00,0.1393,6.416666666666667,94.813152,2020-07-07,2.60052,Tarazona
2020-07-13 10:30:00,0.1504,6.4375,102.368256,2020-07-07,2.60052,Tarazona
2020-07-13 11:00:00,0.1646,6.458333333333333,112.033344,2020-07-07,2.60052,Tarazona
2020-07-13 11:30:00,0.1573,6.479166666666667,107.064672,2020-07-07,2.60052,Tarazona
2020-07-13 12:00:00,0.1405,6.5,95.62992000000001,2020-07-07,2.60052,Tarazona
2020-07-13 12:30:00,0.1827,6.520833333333333,124.35292799999999,2020-07-07,2.60052,Tarazona
2020-07-13 13:00:00,0.18580000000000002,6.541666666666667,126.46291200000002,2020-07-07,2.60052,Tarazona
2020-07-13 13:30:00,0.184,6.5625,125.23776,2020-07-07,2.60052,Tarazona
2020-07-13 14:00:00,0.1759,6.583333333333333,119.724576,2020-07-07,2.60052,Tarazona
2020-07-13 14:30:00,0.1647,6.604166666666667,112.101408,2020-07-07,2.60052,Tarazona
2020-07-13 15:00:00,0.153,6.625,104.13792,2020-07-07,2.60052,Tarazona
2020-07-13 15:30:00,0.13470000000000001,6.645833333333333,91.682208,2020-07-07,2.60052,Tarazona
2020-07-13 16:00:00,0.07830000000000001,6.666666666666667,53.294112000000005,2020-07-07,2.60052,Tarazona
2020-07-13 16:30:00,0.0857,6.6875,58.330847999999996,2020-07-07,2.60052,Tarazona
2020-07-13 17:00:00,0.030100000000000002,6.708333333333333,20.487264,2020-07-07,2.60052,Tarazona
2020-07-13 17:30:00,0.0253,6.729166666666667,17.220192,2020-07-07,2.60052,Tarazona
2020-07-13 18:00:00,0.0318,6.75,21.644352,2020-07-07,2.60052,Tarazona
2020-07-13 18:30:00,0.0167,6.770833333333333,11.366688,2020-07-07,2.60052,Tarazona
2020-07-13 19:00:00,0.0024000000000000002,6.791666666666667,1.633536,2020-07-07,2.60052,Tarazona
2020-07-13 19:30:00,0.0021000000000000003,6.8125,1.4293440000000002,2020-07-07,2.60052,Tarazona
2020-07-13 20:00:00,0.0018000000000000002,6.833333333333333,1.225152,2020-07-07,2.60052,Tarazona
2020-07-13 20:30:00,0.0015,6.854166666666667,1.02096,2020-07-07,2.60052,Tarazona
2020-07-13 21:00:00,0.0013000000000000002,6.875,0.8848320000000001,2020-07-07,2.60052,Tarazona
2020-07-13 21:30:00,0.0012000000000000001,6.895833333333333,0.816768,2020-07-07,2.60052,Tarazona
2020-07-13 22:00:00,0.0012000000000000001,6.916666666666667,0.816768,2020-07-07,2.60052,Tarazona
2020-07-13 22:30:00,0.0011,6.9375,0.748704,2020-07-07,2.60052,Tarazona
2020-07-13 23:00:00,0.0009000000000000001,6.958333333333333,0.612576,2020-07-07,2.60052,Tarazona
2020-07-13 23:30:00,0.0008,6.979166666666667,0.544512,2020-07-07,2.60052,Tarazona
2020-07-14 00:00:00,0.0006000000000000001,7.0,0.408384,2020-07-07,2.60052,Tarazona
2020-07-14 00:30:00,0.0008,7.020833333333333,0.544512,2020-07-07,2.60052,Tarazona
2020-07-14 01:00:00,0.0005,7.041666666666667,0.34032,2020-07-07,2.60052,Tarazona
2020-07-14 01:30:00,0.0007,7.0625,0.476448,2020-07-07,2.60052,Tarazona
2020-07-14 02:00:00,0.0004,7.083333333333333,0.272256,2020-07-07,2.60052,Tarazona
2020-07-14 02:30:00,0.0004,7.104166666666667,0.272256,2020-07-07,2.60052,Tarazona
2020-07-14 03:00:00,0.0006000000000000001,7.125,0.408384,2020-07-07,2.60052,Tarazona
2020-07-14 03:30:00,0.0005,7.145833333333333,0.34032,2020-07-07,2.60052,Tarazona
2020-07-14 04:00:00,0.0002,7.166666666666667,0.136128,2020-07-07,2.60052,Tarazona
2020-07-14 04:30:00,0.0002,7.1875,0.136128,2020-07-07,2.60052,Tarazona
2020-07-14 05:00:00,0.0002,7.208333333333333,0.136128,2020-07-07,2.60052,Tarazona
2020-07-14 05:30:00,0.0026000000000000003,7.229166666666667,1.7696640000000001,2020-07-07,2.60052,Tarazona
2020-07-14 06:00:00,0.0079,7.25,5.3770560000000005,2020-07-07,2.60052,Tarazona
2020-07-14 06:30:00,0.0166,7.270833333333333,11.298624,2020-07-07,2.60052,Tarazona
2020-07-14 07:00:00,0.0279,7.291666666666667,18.989856,2020-07-07,2.60052,Tarazona
2020-07-14 07:30:00,0.0424,7.3125,28.859136,2020-07-07,2.60052,Tarazona
2020-07-14 08:00:00,0.0596,7.333333333333333,40.566144,2020-07-07,2.60052,Tarazona
2020-07-14 08:30:00,0.0757,7.354166666666667,51.524448,2020-07-07,2.60052,Tarazona
2020-07-14 09:00:00,0.08990000000000001,7.375,61.189536000000004,2020-07-07,2.60052,Tarazona
2020-07-14 09:30:00,0.10160000000000001,7.395833333333333,69.153024,2020-07-07,2.60052,Tarazona
2020-07-14 10:00:00,0.1097,7.416666666666667,74.666208,2020-07-07,2.60052,Tarazona
2020-07-14 10:30:00,0.1228,7.4375,83.582592,2020-07-07,2.60052,Tarazona
2020-07-14 11:00:00,0.1363,7.458333333333333,92.771232,2020-07-07,2.60052,Tarazona
2020-07-14 11:30:00,0.14250000000000002,7.479166666666667,96.9912,2020-07-07,2.60052,Tarazona
2020-07-14 12:00:00,0.030600000000000002,7.5,20.827584,2020-07-07,2.60052,Tarazona
2020-07-14 12:30:00,0.019700000000000002,7.520833333333333,13.408608000000001,2020-07-07,2.60052,Tarazona
2020-07-14 13:00:00,0.015300000000000001,7.541666666666667,10.413792,2020-07-07,2.60052,Tarazona
2020-07-14 13:30:00,0.009000000000000001,7.5625,6.1257600000000005,2020-07-07,2.60052,Tarazona
2020-07-14 14:00:00,0.002,7.583333333333333,1.36128,2020-07-07,2.60052,Tarazona
2020-07-14 14:30:00,0.0019,7.604166666666667,1.293216,2020-07-07,2.60052,Tarazona
2020-07-14 15:00:00,0.0018000000000000002,7.625,1.225152,2020-07-07,2.60052,Tarazona
2020-07-14 15:30:00,0.0244,7.645833333333333,16.607616,2020-07-07,2.60052,Tarazona
2020-07-14 16:00:00,0.0008,7.666666666666667,0.544512,2020-07-07,2.60052,Tarazona
2020-07-14 16:30:00,0.0008,7.6875,0.544512,2020-07-07,2.60052,Tarazona
2020-07-14 17:00:00,0.0008,7.708333333333333,0.544512,2020-07-07,2.60052,Tarazona
2020-07-14 17:30:00,0.0007,7.729166666666667,0.476448,2020-07-07,2.60052,Tarazona
2020-07-14 18:00:00,0.0051,7.75,3.471264,2020-07-07,2.60052,Tarazona
2020-07-14 18:30:00,0.0029000000000000002,7.770833333333333,1.973856,2020-07-07,2.60052,Tarazona
2020-07-14 19:00:00,0.0005,7.791666666666667,0.34032,2020-07-07,2.60052,Tarazona
2020-07-14 19:30:00,0.0004,7.8125,0.272256,2020-07-07,2.60052,Tarazona
2020-07-14 20:00:00,0.0005,7.833333333333333,0.34032,2020-07-07,2.60052,Tarazona
2020-07-14 20:30:00,0.0004,7.854166666666667,0.272256,2020-07-07,2.60052,Tarazona
2020-07-14 21:00:00,0.0001,7.875,0.068064,2020-07-07,2.60052,Tarazona
2020-07-14 21:30:00,0.0001,7.895833333333333,0.068064,2020-07-07,2.60052,Tarazona
2020-07-14 22:00:00,0.0,7.916666666666667,0.0,2020-07-07,2.60052,Tarazona
2020-07-14 22:30:00,0.0,7.9375,0.0,2020-07-07,2.60052,Tarazona
2020-07-14 23:00:00,0.0,7.958333333333333,0.0,2020-07-07,2.60052,Tarazona
2020-07-14 23:30:00,0.0,7.979166666666667,0.0,2020-07-07,2.60052,Tarazona
2020-07-15 00:00:00,0.0005,8.0,0.34032,2020-07-07,2.60052,Tarazona
2020-07-15 00:30:00,0.0004,8.020833333333334,0.272256,2020-07-07,2.60052,Tarazona
2020-07-15 01:00:00,0.0,8.041666666666666,0.0,2020-07-07,2.60052,Tarazona
2020-07-15 01:30:00,0.0,8.0625,0.0,2020-07-07,2.60052,Tarazona
2020-07-15 02:00:00,0.0,8.083333333333334,0.0,2020-07-07,2.60052,Tarazona
2020-07-15 02:30:00,0.0,8.104166666666666,0.0,2020-07-07,2.60052,Tarazona
2020-07-15 03:00:00,0.0001,8.125,0.068064,2020-07-07,2.60052,Tarazona
2020-07-15 03:30:00,0.0,8.145833333333334,0.0,2020-07-07,2.60052,Tarazona
2020-07-15 04:00:00,0.0,8.166666666666666,0.0,2020-07-07,2.60052,Tarazona
2020-07-15 04:30:00,0.0,8.1875,0.0,2020-07-07,2.60052,Tarazona
2020-07-15 05:00:00,0.0,8.208333333333334,0.0,2020-07-07,2.60052,Tarazona
2020-07-15 05:30:00,0.0016,8.229166666666666,1.089024,2020-07-07,2.60052,Tarazona
2020-07-15 06:00:00,0.0103,8.25,7.010592,2020-07-07,2.60052,Tarazona
2020-07-15 06:30:00,0.0244,8.270833333333334,16.607616,2020-07-07,2.60052,Tarazona
2020-07-15 07:30:00,0.0646,8.3125,43.969344,2020-07-07,2.60052,Tarazona
2020-07-15 08:00:00,0.08950000000000001,8.333333333333334,60.917280000000005,2020-07-07,2.60052,Tarazona
2020-07-15 08:30:00,0.1153,8.354166666666666,78.477792,2020-07-07,2.60052,Tarazona
2020-07-15 09:00:00,0.1422,8.375,96.787008,2020-07-07,2.60052,Tarazona
2020-07-15 09:30:00,0.17200000000000001,8.395833333333334,117.07008,2020-07-07,2.60052,Tarazona
2020-07-15 10:00:00,0.1923,8.416666666666666,130.887072,2020-07-07,2.60052,Tarazona
2020-07-15 10:30:00,0.2146,8.4375,146.065344,2020-07-07,2.60052,Tarazona
2020-07-15 11:00:00,0.234,8.458333333333334,159.26976000000002,2020-07-07,2.60052,Tarazona
2020-07-15 11:30:00,0.2518,8.479166666666666,171.385152,2020-07-07,2.60052,Tarazona
2020-07-15 12:00:00,0.26480000000000004,8.5,180.23347200000003,2020-07-07,2.60052,Tarazona
2020-07-15 12:30:00,0.26940000000000003,8.520833333333334,183.364416,2020-07-07,2.60052,Tarazona
2020-07-15 13:00:00,0.2733,8.541666666666666,186.018912,2020-07-07,2.60052,Tarazona
2020-07-15 13:30:00,0.271,8.5625,184.45344,2020-07-07,2.60052,Tarazona
2020-07-15 14:00:00,0.25880000000000003,8.583333333333334,176.14963200000003,2020-07-07,2.60052,Tarazona
2020-07-15 14:30:00,0.18080000000000002,8.604166666666666,123.059712,2020-07-07,2.60052,Tarazona
2020-07-15 15:00:00,0.2189,8.625,148.992096,2020-07-07,2.60052,Tarazona
2020-07-15 15:30:00,0.1915,8.645833333333334,130.34256,2020-07-07,2.60052,Tarazona
2020-07-15 16:00:00,0.1656,8.666666666666666,112.713984,2020-07-07,2.60052,Tarazona
2020-07-15 16:30:00,0.1378,8.6875,93.792192,2020-07-07,2.60052,Tarazona
2020-07-15 17:00:00,0.11,8.708333333333334,74.8704,2020-07-07,2.60052,Tarazona
2020-07-15 17:30:00,0.0821,8.729166666666666,55.880544,2020-07-07,2.60052,Tarazona
2020-07-15 18:00:00,0.0565,8.75,38.45616,2020-07-07,2.60052,Tarazona
2020-07-15 18:30:00,0.031400000000000004,8.770833333333334,21.372096000000003,2020-07-07,2.60052,Tarazona
2020-07-15 19:00:00,0.0059,8.791666666666666,4.015776,2020-07-07,2.60052,Tarazona
2020-07-15 19:30:00,0.0051,8.8125,3.471264,2020-07-07,2.60052,Tarazona
2020-07-15 20:00:00,0.0043,8.833333333333334,2.926752,2020-07-07,2.60052,Tarazona
2020-07-15 20:30:00,0.0038,8.854166666666666,2.586432,2020-07-07,2.60052,Tarazona
2020-07-15 21:00:00,0.0034000000000000002,8.875,2.3141760000000002,2020-07-07,2.60052,Tarazona
2020-07-15 21:30:00,0.0033,8.895833333333334,2.246112,2020-07-07,2.60052,Tarazona
2020-07-15 22:00:00,0.0032,8.916666666666666,2.178048,2020-07-07,2.60052,Tarazona
2020-07-15 22:30:00,0.0029000000000000002,8.9375,1.973856,2020-07-07,2.60052,Tarazona
2020-07-15 23:00:00,0.0025,8.958333333333334,1.7016,2020-07-07,2.60052,Tarazona
2020-07-15 23:30:00,0.0022,8.979166666666666,1.497408,2020-07-07,2.60052,Tarazona
2020-07-16 00:00:00,0.0012000000000000001,9.0,0.816768,2020-07-07,2.60052,Tarazona
2020-07-16 00:30:00,0.001,9.020833333333334,0.68064,2020-07-07,2.60052,Tarazona
2020-07-16 01:00:00,0.0009000000000000001,9.041666666666666,0.612576,2020-07-07,2.60052,Tarazona
2020-07-16 01:30:00,0.0008,9.0625,0.544512,2020-07-07,2.60052,Tarazona
2020-07-16 02:00:00,0.0006000000000000001,9.083333333333334,0.408384,2020-07-07,2.60052,Tarazona
2020-07-16 02:30:00,0.0005,9.104166666666666,0.34032,2020-07-07,2.60052,Tarazona
2020-07-16 03:00:00,0.0004,9.125,0.272256,2020-07-07,2.60052,Tarazona
2020-07-16 03:30:00,0.00030000000000000003,9.145833333333334,0.204192,2020-07-07,2.60052,Tarazona
2020-07-16 04:00:00,0.0002,9.166666666666666,0.136128,2020-07-07,2.60052,Tarazona
2020-07-16 04:30:00,0.0001,9.1875,0.068064,2020-07-07,2.60052,Tarazona
2020-07-16 05:00:00,0.0001,9.208333333333334,0.068064,2020-07-07,2.60052,Tarazona
2020-07-16 05:30:00,0.0033,9.229166666666666,2.246112,2020-07-07,2.60052,Tarazona
2020-07-16 06:00:00,0.011000000000000001,9.25,7.48704,2020-07-07,2.60052,Tarazona
2020-07-16 06:30:00,0.023700000000000002,9.270833333333334,16.131168000000002,2020-07-07,2.60052,Tarazona
2020-07-16 07:00:00,0.0395,9.291666666666666,26.885279999999998,2020-07-07,2.60052,Tarazona
2020-07-16 07:30:00,0.059800000000000006,9.3125,40.702272,2020-07-07,2.60052,Tarazona
2020-07-16 08:00:00,0.082,9.333333333333334,55.81248,2020-07-07,2.60052,Tarazona
2020-07-16 08:30:00,0.1043,9.354166666666666,70.990752,2020-07-07,2.60052,Tarazona
2020-07-16 09:00:00,0.1274,9.375,86.713536,2020-07-07,2.60052,Tarazona
2020-07-16 09:30:00,0.15380000000000002,9.395833333333334,104.682432,2020-07-07,2.60052,Tarazona
2020-07-16 10:00:00,0.1801,9.416666666666666,122.583264,2020-07-07,2.60052,Tarazona
2020-07-16 10:30:00,0.2034,9.4375,138.442176,2020-07-07,2.60052,Tarazona
2020-07-16 11:00:00,0.22060000000000002,9.458333333333334,150.14918400000002,2020-07-07,2.60052,Tarazona
2020-07-16 11:30:00,0.233,9.479166666666666,158.58912,2020-07-07,2.60052,Tarazona
2020-07-16 12:00:00,0.2441,9.5,166.144224,2020-07-07,2.60052,Tarazona
2020-07-16 12:30:00,0.24700000000000003,9.520833333333334,168.11808000000002,2020-07-07,2.60052,Tarazona
2020-07-16 13:00:00,0.24550000000000002,9.541666666666666,167.09712000000002,2020-07-07,2.60052,Tarazona
2020-07-16 13:30:00,0.23900000000000002,9.5625,162.67296000000002,2020-07-07,2.60052,Tarazona
2020-07-16 14:00:00,0.2286,9.583333333333334,155.594304,2020-07-07,2.60052,Tarazona
2020-07-16 14:30:00,0.21250000000000002,9.604166666666666,144.63600000000002,2020-07-07,2.60052,Tarazona
2020-07-16 15:00:00,0.1927,9.625,131.15932800000002,2020-07-07,2.60052,Tarazona
2020-07-16 15:30:00,0.17070000000000002,9.645833333333334,116.18524800000002,2020-07-07,2.60052,Tarazona
2020-07-16 16:00:00,0.1472,9.666666666666666,100.190208,2020-07-07,2.60052,Tarazona
2020-07-16 16:30:00,0.1221,9.6875,83.106144,2020-07-07,2.60052,Tarazona
2020-07-16 17:00:00,0.09720000000000001,9.708333333333334,66.158208,2020-07-07,2.60052,Tarazona
2020-07-16 17:30:00,0.0726,9.729166666666666,49.414463999999995,2020-07-07,2.60052,Tarazona
2020-07-16 18:00:00,0.0495,9.75,33.69168,2020-07-07,2.60052,Tarazona
2020-07-16 18:30:00,0.028,9.770833333333334,19.05792,2020-07-07,2.60052,Tarazona
2020-07-16 19:00:00,0.0048000000000000004,9.791666666666666,3.267072,2020-07-07,2.60052,Tarazona
2020-07-16 19:30:00,0.0043,9.8125,2.926752,2020-07-07,2.60052,Tarazona
2020-07-16 20:00:00,0.0039000000000000003,9.833333333333334,2.654496,2020-07-07,2.60052,Tarazona
2020-07-16 20:30:00,0.0036000000000000003,9.854166666666666,2.450304,2020-07-07,2.60052,Tarazona
2020-07-16 21:00:00,0.0033,9.875,2.246112,2020-07-07,2.60052,Tarazona
2020-07-16 21:30:00,0.0027,9.895833333333334,1.837728,2020-07-07,2.60052,Tarazona
2020-07-16 22:00:00,0.0021000000000000003,9.916666666666666,1.4293440000000002,2020-07-07,2.60052,Tarazona
2020-07-16 22:30:00,0.0018000000000000002,9.9375,1.225152,2020-07-07,2.60052,Tarazona
2020-07-16 23:00:00,0.0022,9.958333333333334,1.497408,2020-07-07,2.60052,Tarazona
2020-07-16 23:30:00,0.0014,9.979166666666666,0.952896,2020-07-07,2.60052,Tarazona
2020-07-19 00:00:00,0.00030000000000000003,0.0,0.204192,2020-07-19,10.92,Tarazona
2020-07-19 00:30:00,0.0002,0.020833333333333332,0.136128,2020-07-19,10.92,Tarazona
2020-07-19 01:00:00,0.0002,0.041666666666666664,0.136128,2020-07-19,10.92,Tarazona
2020-07-19 01:30:00,0.0001,0.0625,0.068064,2020-07-19,10.92,Tarazona
2020-07-19 02:00:00,0.0001,0.08333333333333333,0.068064,2020-07-19,10.92,Tarazona
2020-07-19 02:30:00,0.0,0.10416666666666667,0.0,2020-07-19,10.92,Tarazona
2020-07-19 03:00:00,0.0,0.125,0.0,2020-07-19,10.92,Tarazona
2020-07-19 03:30:00,0.0,0.14583333333333334,0.0,2020-07-19,10.92,Tarazona
2020-07-19 04:00:00,0.0,0.16666666666666666,0.0,2020-07-19,10.92,Tarazona
2020-07-19 04:30:00,0.0,0.1875,0.0,2020-07-19,10.92,Tarazona
2020-07-19 05:00:00,0.0,0.20833333333333334,0.0,2020-07-19,10.92,Tarazona
2020-07-19 05:30:00,0.0016,0.22916666666666666,1.089024,2020-07-19,10.92,Tarazona
2020-07-19 06:00:00,0.0068000000000000005,0.25,4.6283520000000005,2020-07-19,10.92,Tarazona
2020-07-19 06:30:00,0.0159,0.2708333333333333,10.822176,2020-07-19,10.92,Tarazona
2020-07-19 07:00:00,0.0281,0.2916666666666667,19.125984,2020-07-19,10.92,Tarazona
2020-07-19 07:30:00,0.0442,0.3125,30.084288,2020-07-19,10.92,Tarazona
2020-07-19 08:00:00,0.06280000000000001,0.3333333333333333,42.744192000000005,2020-07-19,10.92,Tarazona
2020-07-19 08:30:00,0.0826,0.3541666666666667,56.220864000000006,2020-07-19,10.92,Tarazona
2020-07-19 09:00:00,0.1038,0.375,70.650432,2020-07-19,10.92,Tarazona
2020-07-19 09:30:00,0.12440000000000001,0.3958333333333333,84.671616,2020-07-19,10.92,Tarazona
2020-07-19 10:00:00,0.1441,0.4166666666666667,98.080224,2020-07-19,10.92,Tarazona
2020-07-19 10:30:00,0.162,0.4375,110.26368000000001,2020-07-19,10.92,Tarazona
2020-07-19 11:00:00,0.1776,0.4583333333333333,120.881664,2020-07-19,10.92,Tarazona
2020-07-19 11:30:00,0.1904,0.4791666666666667,129.59385600000002,2020-07-19,10.92,Tarazona
2020-07-19 12:00:00,0.202,0.5,137.48928,2020-07-19,10.92,Tarazona
2020-07-19 12:30:00,0.2043,0.5208333333333334,139.054752,2020-07-19,10.92,Tarazona
2020-07-19 13:00:00,0.203,0.5416666666666666,138.16992000000002,2020-07-19,10.92,Tarazona
2020-07-19 13:30:00,0.1988,0.5625,135.311232,2020-07-19,10.92,Tarazona
2020-07-19 14:00:00,0.1938,0.5833333333333334,131.908032,2020-07-19,10.92,Tarazona
2020-07-19 14:30:00,0.11470000000000001,0.6041666666666666,78.06940800000001,2020-07-19,10.92,Tarazona
2020-07-19 15:00:00,0.0649,0.625,44.173536,2020-07-19,10.92,Tarazona
2020-07-19 15:30:00,0.0043,0.6458333333333334,2.926752,2020-07-19,10.92,Tarazona
2020-07-19 16:00:00,0.004200000000000001,0.6666666666666666,2.8586880000000003,2020-07-19,10.92,Tarazona
2020-07-19 16:30:00,0.0041,0.6875,2.790624,2020-07-19,10.92,Tarazona
2020-07-19 17:00:00,0.0039000000000000003,0.7083333333333334,2.654496,2020-07-19,10.92,Tarazona
2020-07-19 17:30:00,0.0035,0.7291666666666666,2.38224,2020-07-19,10.92,Tarazona
2020-07-19 18:00:00,0.0031000000000000003,0.75,2.1099840000000003,2020-07-19,10.92,Tarazona
2020-07-19 18:30:00,0.0028,0.7708333333333334,1.905792,2020-07-19,10.92,Tarazona
2020-07-19 19:00:00,0.0025,0.7916666666666666,1.7016,2020-07-19,10.92,Tarazona
2020-07-19 19:30:00,0.0024000000000000002,0.8125,1.633536,2020-07-19,10.92,Tarazona
2020-07-19 20:00:00,0.0022,0.8333333333333334,1.497408,2020-07-19,10.92,Tarazona
2020-07-19 20:30:00,0.002,0.8541666666666666,1.36128,2020-07-19,10.92,Tarazona
2020-07-19 21:00:00,0.0019,0.875,1.293216,2020-07-19,10.92,Tarazona
2020-07-19 21:30:00,0.0018000000000000002,0.8958333333333334,1.225152,2020-07-19,10.92,Tarazona
2020-07-19 22:00:00,0.0018000000000000002,0.9166666666666666,1.225152,2020-07-19,10.92,Tarazona
2020-07-19 22:30:00,0.0017000000000000001,0.9375,1.1570880000000001,2020-07-19,10.92,Tarazona
2020-07-19 23:00:00,0.0014,0.9583333333333334,0.952896,2020-07-19,10.92,Tarazona
2020-07-19 23:30:00,0.0012000000000000001,0.9791666666666666,0.816768,2020-07-19,10.92,Tarazona
2020-07-20 00:00:00,0.001,1.0,0.68064,2020-07-19,10.92,Tarazona
2020-07-20 00:30:00,0.0008,1.0208333333333333,0.544512,2020-07-19,10.92,Tarazona
2020-07-20 01:00:00,0.0006000000000000001,1.0416666666666667,0.408384,2020-07-19,10.92,Tarazona
2020-07-20 01:30:00,0.0005,1.0625,0.34032,2020-07-19,10.92,Tarazona
2020-07-20 02:00:00,0.0006000000000000001,1.0833333333333333,0.408384,2020-07-19,10.92,Tarazona
2020-07-20 02:30:00,0.0005,1.1041666666666667,0.34032,2020-07-19,10.92,Tarazona
2020-07-20 03:00:00,0.0002,1.125,0.136128,2020-07-19,10.92,Tarazona
2020-07-20 03:30:00,0.00030000000000000003,1.1458333333333333,0.204192,2020-07-19,10.92,Tarazona
2020-07-20 04:00:00,0.0002,1.1666666666666667,0.136128,2020-07-19,10.92,Tarazona
2020-07-20 04:30:00,0.0002,1.1875,0.136128,2020-07-19,10.92,Tarazona
2020-07-20 05:00:00,0.0001,1.2083333333333333,0.068064,2020-07-19,10.92,Tarazona
2020-07-20 05:30:00,0.0022,1.2291666666666667,1.497408,2020-07-19,10.92,Tarazona
2020-07-20 06:00:00,0.0079,1.25,5.3770560000000005,2020-07-19,10.92,Tarazona
2020-07-20 06:30:00,0.0077,1.2708333333333333,5.240928,2020-07-19,10.92,Tarazona
2020-07-20 07:00:00,0.0323,1.2916666666666667,21.984672,2020-07-19,10.92,Tarazona
2020-07-20 07:30:00,0.049300000000000004,1.3125,33.555552,2020-07-19,10.92,Tarazona
2020-07-20 08:00:00,0.0606,1.3333333333333333,41.246784,2020-07-19,10.92,Tarazona
2020-07-20 08:30:00,0.0813,1.3541666666666667,55.336031999999996,2020-07-19,10.92,Tarazona
2020-07-20 09:00:00,0.10300000000000001,1.375,70.10592,2020-07-19,10.92,Tarazona
2020-07-20 09:30:00,0.126,1.3958333333333333,85.76064,2020-07-19,10.92,Tarazona
2020-07-20 10:00:00,0.1484,1.4166666666666667,101.006976,2020-07-19,10.92,Tarazona
2020-07-20 10:30:00,0.1668,1.4375,113.530752,2020-07-19,10.92,Tarazona
2020-07-20 11:00:00,0.1827,1.4583333333333333,124.35292799999999,2020-07-19,10.92,Tarazona
2020-07-20 11:30:00,0.1937,1.4791666666666667,131.839968,2020-07-19,10.92,Tarazona
2020-07-20 12:00:00,0.2024,1.5,137.761536,2020-07-19,10.92,Tarazona
2020-07-20 12:30:00,0.2041,1.5208333333333333,138.918624,2020-07-19,10.92,Tarazona
2020-07-20 13:00:00,0.202,1.5416666666666667,137.48928,2020-07-19,10.92,Tarazona
2020-07-20 13:30:00,0.1948,1.5625,132.588672,2020-07-19,10.92,Tarazona
2020-07-20 14:00:00,0.18430000000000002,1.5833333333333333,125.44195200000001,2020-07-19,10.92,Tarazona
2020-07-20 14:30:00,0.1709,1.6041666666666667,116.321376,2020-07-19,10.92,Tarazona
2020-07-20 15:00:00,0.154,1.625,104.81855999999999,2020-07-19,10.92,Tarazona
2020-07-20 15:30:00,0.13470000000000001,1.6458333333333333,91.682208,2020-07-19,10.92,Tarazona
2020-07-20 16:00:00,0.11220000000000001,1.6666666666666667,76.36780800000001,2020-07-19,10.92,Tarazona
2020-07-20 16:30:00,0.0877,1.6875,59.692128,2020-07-19,10.92,Tarazona
2020-07-20 17:00:00,0.0673,1.7083333333333333,45.807072,2020-07-19,10.92,Tarazona
2020-07-20 17:30:00,0.0038,1.7291666666666667,2.586432,2020-07-19,10.92,Tarazona
2020-07-20 18:00:00,0.0033,1.75,2.246112,2020-07-19,10.92,Tarazona
2020-07-20 18:30:00,0.0152,1.7708333333333333,10.345728,2020-07-19,10.92,Tarazona
2020-07-20 19:00:00,0.0024000000000000002,1.7916666666666667,1.633536,2020-07-19,10.92,Tarazona
2020-07-20 19:30:00,0.002,1.8125,1.36128,2020-07-19,10.92,Tarazona
2020-07-20 20:00:00,0.0017000000000000001,1.8333333333333333,1.1570880000000001,2020-07-19,10.92,Tarazona
2020-07-20 20:30:00,0.0016,1.8541666666666667,1.089024,2020-07-19,10.92,Tarazona
2020-07-20 21:00:00,0.0014,1.875,0.952896,2020-07-19,10.92,Tarazona
2020-07-20 21:30:00,0.0012000000000000001,1.8958333333333333,0.816768,2020-07-19,10.92,Tarazona
2020-07-20 22:00:00,0.001,1.9166666666666667,0.68064,2020-07-19,10.92,Tarazona
2020-07-20 22:30:00,0.0008,1.9375,0.544512,2020-07-19,10.92,Tarazona
2020-07-20 23:00:00,0.0007,1.9583333333333333,0.476448,2020-07-19,10.92,Tarazona
2020-07-20 23:30:00,0.0006000000000000001,1.9791666666666667,0.408384,2020-07-19,10.92,Tarazona
2020-07-21 00:00:00,0.0005,2.0,0.34032,2020-07-19,10.92,Tarazona
2020-07-21 00:30:00,0.0004,2.0208333333333335,0.272256,2020-07-19,10.92,Tarazona
2020-07-21 01:00:00,0.00030000000000000003,2.0416666666666665,0.204192,2020-07-19,10.92,Tarazona
2020-07-21 01:30:00,0.0002,2.0625,0.136128,2020-07-19,10.92,Tarazona
2020-07-21 02:00:00,0.0002,2.0833333333333335,0.136128,2020-07-19,10.92,Tarazona
2020-07-21 02:30:00,0.0001,2.1041666666666665,0.068064,2020-07-19,10.92,Tarazona
2020-07-21 03:00:00,0.0001,2.125,0.068064,2020-07-19,10.92,Tarazona
2020-07-21 03:30:00,0.0,2.1458333333333335,0.0,2020-07-19,10.92,Tarazona
2020-07-21 04:00:00,0.0,2.1666666666666665,0.0,2020-07-19,10.92,Tarazona
2020-07-21 04:30:00,0.0,2.1875,0.0,2020-07-19,10.92,Tarazona
2020-07-21 05:00:00,0.0,2.2083333333333335,0.0,2020-07-19,10.92,Tarazona
2020-07-21 05:30:00,0.0015,2.2291666666666665,1.02096,2020-07-19,10.92,Tarazona
2020-07-21 06:00:00,0.0058000000000000005,2.25,3.947712,2020-07-19,10.92,Tarazona
2020-07-21 06:30:00,0.0137,2.2708333333333335,9.324768,2020-07-19,10.92,Tarazona
2020-07-21 07:00:00,0.0241,2.2916666666666665,16.403424,2020-07-19,10.92,Tarazona
2020-07-21 07:30:00,0.0375,2.3125,25.523999999999997,2020-07-19,10.92,Tarazona
2020-07-21 08:00:00,0.0524,2.3333333333333335,35.665536,2020-07-19,10.92,Tarazona
2020-07-21 08:30:00,0.0684,2.3541666666666665,46.555776,2020-07-19,10.92,Tarazona
2020-07-21 09:00:00,0.085,2.375,57.854400000000005,2020-07-19,10.92,Tarazona
2020-07-21 09:30:00,0.10060000000000001,2.3958333333333335,68.472384,2020-07-19,10.92,Tarazona
2020-07-21 10:00:00,0.1154,2.4166666666666665,78.545856,2020-07-19,10.92,Tarazona
2020-07-21 10:30:00,0.1282,2.4375,87.258048,2020-07-19,10.92,Tarazona
2020-07-21 11:00:00,0.1386,2.4583333333333335,94.336704,2020-07-19,10.92,Tarazona
2020-07-21 11:30:00,0.1462,2.4791666666666665,99.509568,2020-07-19,10.92,Tarazona
2020-07-21 12:00:00,0.1506,2.5,102.504384,2020-07-19,10.92,Tarazona
2020-07-21 12:30:00,0.1529,2.5208333333333335,104.069856,2020-07-19,10.92,Tarazona
2020-07-21 13:00:00,0.1545,2.5416666666666665,105.15888,2020-07-19,10.92,Tarazona
2020-07-21 13:30:00,0.1486,2.5625,101.14310400000001,2020-07-19,10.92,Tarazona
2020-07-21 14:00:00,0.0815,2.5833333333333335,55.47216,2020-07-19,10.92,Tarazona
2020-07-21 14:30:00,0.1301,2.6041666666666665,88.55126399999999,2020-07-19,10.92,Tarazona
2020-07-21 15:00:00,0.1168,2.625,79.498752,2020-07-19,10.92,Tarazona
2020-07-21 15:30:00,0.1041,2.6458333333333335,70.854624,2020-07-19,10.92,Tarazona
2020-07-21 16:00:00,0.0906,2.6666666666666665,61.665984,2020-07-19,10.92,Tarazona
2020-07-21 16:30:00,0.0751,2.6875,51.116064,2020-07-19,10.92,Tarazona
2020-07-21 17:00:00,0.022000000000000002,2.7083333333333335,14.97408,2020-07-19,10.92,Tarazona
2020-07-21 17:30:00,0.0396,2.7291666666666665,26.953344,2020-07-19,10.92,Tarazona
2020-07-21 18:00:00,0.0099,2.75,6.738336,2020-07-19,10.92,Tarazona
2020-07-21 18:30:00,0.006,2.7708333333333335,4.08384,2020-07-19,10.92,Tarazona
2020-07-21 19:00:00,0.0025,2.7916666666666665,1.7016,2020-07-19,10.92,Tarazona
2020-07-21 19:30:00,0.0022,2.8125,1.497408,2020-07-19,10.92,Tarazona
2020-07-21 20:00:00,0.002,2.8333333333333335,1.36128,2020-07-19,10.92,Tarazona
2020-07-21 20:30:00,0.0018000000000000002,2.8541666666666665,1.225152,2020-07-19,10.92,Tarazona
2020-07-21 21:00:00,0.0017000000000000001,2.875,1.1570880000000001,2020-07-19,10.92,Tarazona
2020-07-21 21:30:00,0.0014,2.8958333333333335,0.952896,2020-07-19,10.92,Tarazona
2020-07-21 22:00:00,0.0014,2.9166666666666665,0.952896,2020-07-19,10.92,Tarazona
2020-07-21 22:30:00,0.0013000000000000002,2.9375,0.8848320000000001,2020-07-19,10.92,Tarazona
2020-07-21 23:00:00,0.0012000000000000001,2.9583333333333335,0.816768,2020-07-19,10.92,Tarazona
2020-07-21 23:30:00,0.0012000000000000001,2.9791666666666665,0.816768,2020-07-19,10.92,Tarazona
2020-07-22 00:00:00,0.0007,3.0,0.476448,2020-07-19,10.92,Tarazona
2020-07-22 00:30:00,0.0006000000000000001,3.0208333333333335,0.408384,2020-07-19,10.92,Tarazona
2020-07-22 01:00:00,0.0005,3.0416666666666665,0.34032,2020-07-19,10.92,Tarazona
2020-07-22 01:30:00,0.0005,3.0625,0.34032,2020-07-19,10.92,Tarazona
2020-07-22 02:00:00,0.0005,3.0833333333333335,0.34032,2020-07-19,10.92,Tarazona
2020-07-22 02:30:00,0.0004,3.1041666666666665,0.272256,2020-07-19,10.92,Tarazona
2020-07-22 03:00:00,0.0007,3.125,0.476448,2020-07-19,10.92,Tarazona
2020-07-22 03:30:00,0.0006000000000000001,3.1458333333333335,0.408384,2020-07-19,10.92,Tarazona
2020-07-22 04:00:00,0.0006000000000000001,3.1666666666666665,0.408384,2020-07-19,10.92,Tarazona
2020-07-22 04:30:00,0.00030000000000000003,3.1875,0.204192,2020-07-19,10.92,Tarazona
2020-07-22 05:00:00,0.00030000000000000003,3.2083333333333335,0.204192,2020-07-19,10.92,Tarazona
2020-07-22 05:30:00,0.0025,3.2291666666666665,1.7016,2020-07-19,10.92,Tarazona
2020-07-22 06:00:00,0.0007,3.25,0.476448,2020-07-19,10.92,Tarazona
2020-07-22 06:30:00,0.0053,3.2708333333333335,3.607392,2020-07-19,10.92,Tarazona
2020-07-22 07:00:00,0.0008,3.2916666666666665,0.544512,2020-07-19,10.92,Tarazona
2020-07-22 07:30:00,0.0395,3.3125,26.885279999999998,2020-07-19,10.92,Tarazona
2020-07-22 08:00:00,0.0257,3.3333333333333335,17.492448,2020-07-19,10.92,Tarazona
2020-07-22 08:30:00,0.0634,3.3541666666666665,43.152575999999996,2020-07-19,10.92,Tarazona
2020-07-22 09:00:00,0.0767,3.375,52.205088,2020-07-19,10.92,Tarazona
2020-07-22 09:30:00,0.0854,3.3958333333333335,58.126656000000004,2020-07-19,10.92,Tarazona
2020-07-22 10:00:00,0.0863,3.4166666666666665,58.739232,2020-07-19,10.92,Tarazona
2020-07-22 10:30:00,0.09190000000000001,3.4375,62.550816000000005,2020-07-19,10.92,Tarazona
2020-07-22 11:00:00,0.0959,3.4583333333333335,65.273376,2020-07-19,10.92,Tarazona
2020-07-22 11:30:00,0.1062,3.4791666666666665,72.283968,2020-07-19,10.92,Tarazona
2020-07-22 12:00:00,0.1177,3.5,80.111328,2020-07-19,10.92,Tarazona
2020-07-22 12:30:00,0.1237,3.5208333333333335,84.195168,2020-07-19,10.92,Tarazona
2020-07-22 13:00:00,0.12760000000000002,3.5416666666666665,86.849664,2020-07-19,10.92,Tarazona
2020-07-22 13:30:00,0.1283,3.5625,87.326112,2020-07-19,10.92,Tarazona
2020-07-22 14:00:00,0.1265,3.5833333333333335,86.10096,2020-07-19,10.92,Tarazona
2020-07-22 14:30:00,0.11860000000000001,3.6041666666666665,80.723904,2020-07-19,10.92,Tarazona
2020-07-22 15:00:00,0.109,3.625,74.18975999999999,2020-07-19,10.92,Tarazona
2020-07-22 15:30:00,0.098,3.6458333333333335,66.70272,2020-07-19,10.92,Tarazona
2020-07-22 16:00:00,0.0838,3.6666666666666665,57.037631999999995,2020-07-19,10.92,Tarazona
2020-07-22 16:30:00,0.0663,3.6875,45.126431999999994,2020-07-19,10.92,Tarazona
2020-07-22 17:00:00,0.0522,3.7083333333333335,35.529408000000004,2020-07-19,10.92,Tarazona
2020-07-22 17:30:00,0.031,3.7291666666666665,21.09984,2020-07-19,10.92,Tarazona
2020-07-22 18:00:00,0.0068000000000000005,3.75,4.6283520000000005,2020-07-19,10.92,Tarazona
2020-07-22 18:30:00,0.011300000000000001,3.7708333333333335,7.691232,2020-07-19,10.92,Tarazona
2020-07-22 19:00:00,0.0019,3.7916666666666665,1.293216,2020-07-19,10.92,Tarazona
2020-07-22 19:30:00,0.0018000000000000002,3.8125,1.225152,2020-07-19,10.92,Tarazona
2020-07-22 20:00:00,0.0016,3.8333333333333335,1.089024,2020-07-19,10.92,Tarazona
2020-07-22 20:30:00,0.0015,3.8541666666666665,1.02096,2020-07-19,10.92,Tarazona
2020-07-22 21:00:00,0.0013000000000000002,3.875,0.8848320000000001,2020-07-19,10.92,Tarazona
2020-07-22 21:30:00,0.0011,3.8958333333333335,0.748704,2020-07-19,10.92,Tarazona
2020-07-22 22:00:00,0.0009000000000000001,3.9166666666666665,0.612576,2020-07-19,10.92,Tarazona
2020-07-22 22:30:00,0.0008,3.9375,0.544512,2020-07-19,10.92,Tarazona
2020-07-22 23:00:00,0.0008,3.9583333333333335,0.544512,2020-07-19,10.92,Tarazona
2020-07-22 23:30:00,0.0007,3.9791666666666665,0.476448,2020-07-19,10.92,Tarazona
2020-07-23 00:00:00,0.0006000000000000001,4.0,0.408384,2020-07-19,10.92,Tarazona
2020-07-23 00:30:00,0.0005,4.020833333333333,0.34032,2020-07-19,10.92,Tarazona
2020-07-23 01:00:00,0.0004,4.041666666666667,0.272256,2020-07-19,10.92,Tarazona
2020-07-23 01:30:00,0.0004,4.0625,0.272256,2020-07-19,10.92,Tarazona
2020-07-23 02:00:00,0.0004,4.083333333333333,0.272256,2020-07-19,10.92,Tarazona
2020-07-23 02:30:00,0.0004,4.104166666666667,0.272256,2020-07-19,10.92,Tarazona
2020-07-23 03:00:00,0.00030000000000000003,4.125,0.204192,2020-07-19,10.92,Tarazona
2020-07-23 03:30:00,0.00030000000000000003,4.145833333333333,0.204192,2020-07-19,10.92,Tarazona
2020-07-23 04:00:00,0.0002,4.166666666666667,0.136128,2020-07-19,10.92,Tarazona
2020-07-23 04:30:00,0.0002,4.1875,0.136128,2020-07-19,10.92,Tarazona
2020-07-23 05:00:00,0.0002,4.208333333333333,0.136128,2020-07-19,10.92,Tarazona
2020-07-23 05:30:00,0.0022,4.229166666666667,1.497408,2020-07-19,10.92,Tarazona
2020-07-23 06:00:00,0.006900000000000001,4.25,4.696416,2020-07-19,10.92,Tarazona
2020-07-23 06:30:00,0.0154,4.270833333333333,10.481856,2020-07-19,10.92,Tarazona
2020-07-23 07:00:00,0.0268,4.291666666666667,18.241152,2020-07-19,10.92,Tarazona
2020-07-23 07:30:00,0.0419,4.3125,28.518815999999998,2020-07-19,10.92,Tarazona
2020-07-23 08:00:00,0.0596,4.333333333333333,40.566144,2020-07-19,10.92,Tarazona
2020-07-23 08:30:00,0.0794,4.354166666666667,54.042815999999995,2020-07-19,10.92,Tarazona
2020-07-23 09:00:00,0.1003,4.375,68.268192,2020-07-19,10.92,Tarazona
2020-07-23 09:30:00,0.12190000000000001,4.395833333333333,82.970016,2020-07-19,10.92,Tarazona
2020-07-23 10:00:00,0.14300000000000002,4.416666666666667,97.33152000000001,2020-07-19,10.92,Tarazona
2020-07-23 10:30:00,0.15960000000000002,4.4375,108.63014400000002,2020-07-19,10.92,Tarazona
2020-07-23 11:00:00,0.1739,4.458333333333333,118.36329599999999,2020-07-19,10.92,Tarazona
2020-07-23 11:30:00,0.18330000000000002,4.479166666666667,124.761312,2020-07-19,10.92,Tarazona
2020-07-23 12:00:00,0.19260000000000002,4.5,131.09126400000002,2020-07-19,10.92,Tarazona
2020-07-23 12:30:00,0.1951,4.520833333333333,132.79286399999998,2020-07-19,10.92,Tarazona
2020-07-23 13:00:00,0.1938,4.541666666666667,131.908032,2020-07-19,10.92,Tarazona
2020-07-23 13:30:00,0.1879,4.5625,127.892256,2020-07-19,10.92,Tarazona
2020-07-23 14:00:00,0.1787,4.583333333333333,121.63036799999999,2020-07-19,10.92,Tarazona
2020-07-23 14:30:00,0.1656,4.604166666666667,112.713984,2020-07-19,10.92,Tarazona
2020-07-23 15:00:00,0.15,4.625,102.09599999999999,2020-07-19,10.92,Tarazona
2020-07-23 15:30:00,0.13440000000000002,4.645833333333333,91.47801600000001,2020-07-19,10.92,Tarazona
2020-07-23 16:00:00,0.115,4.666666666666667,78.2736,2020-07-19,10.92,Tarazona
2020-07-23 16:30:00,0.0736,4.6875,50.095104,2020-07-19,10.92,Tarazona
2020-07-23 17:00:00,0.0733,4.708333333333333,49.890912,2020-07-19,10.92,Tarazona
2020-07-23 17:30:00,0.0541,4.729166666666667,36.822624,2020-07-19,10.92,Tarazona
2020-07-23 18:00:00,0.036000000000000004,4.75,24.503040000000002,2020-07-19,10.92,Tarazona
2020-07-23 18:30:00,0.0199,4.770833333333333,13.544736,2020-07-19,10.92,Tarazona
2020-07-23 19:00:00,0.0033,4.791666666666667,2.246112,2020-07-19,10.92,Tarazona
2020-07-23 19:30:00,0.003,4.8125,2.04192,2020-07-19,10.92,Tarazona
2020-07-23 20:00:00,0.0028,4.833333333333333,1.905792,2020-07-19,10.92,Tarazona
2020-07-23 20:30:00,0.0027,4.854166666666667,1.837728,2020-07-19,10.92,Tarazona
2020-07-23 21:00:00,0.0026000000000000003,4.875,1.7696640000000001,2020-07-19,10.92,Tarazona
2020-07-23 21:30:00,0.0025,4.895833333333333,1.7016,2020-07-19,10.92,Tarazona
2020-07-23 22:00:00,0.0024000000000000002,4.916666666666667,1.633536,2020-07-19,10.92,Tarazona
2020-07-23 22:30:00,0.0021000000000000003,4.9375,1.4293440000000002,2020-07-19,10.92,Tarazona
2020-07-23 23:00:00,0.0017000000000000001,4.958333333333333,1.1570880000000001,2020-07-19,10.92,Tarazona
2020-07-23 23:30:00,0.0015,4.979166666666667,1.02096,2020-07-19,10.92,Tarazona
2020-07-24 00:00:00,0.0011,5.0,0.748704,2020-07-19,10.92,Tarazona
2020-07-24 00:30:00,0.0009000000000000001,5.020833333333333,0.612576,2020-07-19,10.92,Tarazona
2020-07-24 01:00:00,0.0008,5.041666666666667,0.544512,2020-07-19,10.92,Tarazona
2020-07-24 01:30:00,0.0007,5.0625,0.476448,2020-07-19,10.92,Tarazona
2020-07-24 02:00:00,0.0006000000000000001,5.083333333333333,0.408384,2020-07-19,10.92,Tarazona
2020-07-24 02:30:00,0.0005,5.104166666666667,0.34032,2020-07-19,10.92,Tarazona
2020-07-24 03:00:00,0.0004,5.125,0.272256,2020-07-19,10.92,Tarazona
2020-07-24 03:30:00,0.0004,5.145833333333333,0.272256,2020-07-19,10.92,Tarazona
2020-07-24 04:00:00,0.0004,5.166666666666667,0.272256,2020-07-19,10.92,Tarazona
2020-07-24 04:30:00,0.0004,5.1875,0.272256,2020-07-19,10.92,Tarazona
2020-07-24 05:00:00,0.0004,5.208333333333333,0.272256,2020-07-19,10.92,Tarazona
2020-07-24 05:30:00,0.0031000000000000003,5.229166666666667,2.1099840000000003,2020-07-19,10.92,Tarazona
2020-07-24 06:00:00,0.008700000000000001,5.25,5.921568000000001,2020-07-19,10.92,Tarazona
2020-07-24 06:30:00,0.0175,5.270833333333333,11.911200000000001,2020-07-19,10.92,Tarazona
2020-07-24 07:00:00,0.029,5.291666666666667,19.73856,2020-07-19,10.92,Tarazona
2020-07-24 07:30:00,0.0436,5.3125,29.675904,2020-07-19,10.92,Tarazona
2020-07-24 08:00:00,0.0603,5.333333333333333,41.042592,2020-07-19,10.92,Tarazona
2020-07-24 08:30:00,0.079,5.354166666666667,53.770559999999996,2020-07-19,10.92,Tarazona
2020-07-24 09:00:00,0.09910000000000001,5.375,67.451424,2020-07-19,10.92,Tarazona
2020-07-24 09:30:00,0.11960000000000001,5.395833333333333,81.404544,2020-07-19,10.92,Tarazona
2020-07-24 10:00:00,0.1395,5.416666666666667,94.94928,2020-07-19,10.92,Tarazona
2020-07-24 10:30:00,0.1559,5.4375,106.111776,2020-07-19,10.92,Tarazona
2020-07-24 11:00:00,0.17,5.458333333333333,115.70880000000001,2020-07-19,10.92,Tarazona
2020-07-24 11:30:00,0.1789,5.479166666666667,121.766496,2020-07-19,10.92,Tarazona
2020-07-24 12:00:00,0.1794,5.5,122.106816,2020-07-19,10.92,Tarazona
2020-07-24 12:30:00,0.1801,5.520833333333333,122.583264,2020-07-19,10.92,Tarazona
2020-07-24 13:00:00,0.1404,5.541666666666667,95.56185599999999,2020-07-19,10.92,Tarazona
2020-07-24 13:30:00,0.1643,5.5625,111.829152,2020-07-19,10.92,Tarazona
2020-07-24 14:00:00,0.159,5.583333333333333,108.22176,2020-07-19,10.92,Tarazona
2020-07-24 14:30:00,0.1481,5.604166666666667,100.802784,2020-07-19,10.92,Tarazona
2020-07-24 15:00:00,0.1373,5.625,93.45187200000001,2020-07-19,10.92,Tarazona
2020-07-24 15:30:00,0.1197,5.645833333333333,81.472608,2020-07-19,10.92,Tarazona
2020-07-24 16:00:00,0.1033,5.666666666666667,70.310112,2020-07-19,10.92,Tarazona
2020-07-24 16:30:00,0.08700000000000001,5.6875,59.215680000000006,2020-07-19,10.92,Tarazona
2020-07-24 17:00:00,0.0687,5.708333333333333,46.759968,2020-07-19,10.92,Tarazona
2020-07-24 17:30:00,0.0509,5.729166666666667,34.644576,2020-07-19,10.92,Tarazona
2020-07-24 18:00:00,0.0273,5.75,18.581472,2020-07-19,10.92,Tarazona
2020-07-24 18:30:00,0.0033,5.770833333333333,2.246112,2020-07-19,10.92,Tarazona
2020-07-24 19:00:00,0.0031000000000000003,5.791666666666667,2.1099840000000003,2020-07-19,10.92,Tarazona
2020-07-24 19:30:00,0.0026000000000000003,5.8125,1.7696640000000001,2020-07-19,10.92,Tarazona
2020-07-24 20:00:00,0.0024000000000000002,5.833333333333333,1.633536,2020-07-19,10.92,Tarazona
2020-07-24 20:30:00,0.0021000000000000003,5.854166666666667,1.4293440000000002,2020-07-19,10.92,Tarazona
2020-07-24 21:00:00,0.0016,5.875,1.089024,2020-07-19,10.92,Tarazona
2020-07-24 21:30:00,0.0014,5.895833333333333,0.952896,2020-07-19,10.92,Tarazona
2020-07-24 22:00:00,0.0012000000000000001,5.916666666666667,0.816768,2020-07-19,10.92,Tarazona
2020-07-24 22:30:00,0.0011,5.9375,0.748704,2020-07-19,10.92,Tarazona
2020-07-24 23:00:00,0.0009000000000000001,5.958333333333333,0.612576,2020-07-19,10.92,Tarazona
2020-07-24 23:30:00,0.0009000000000000001,5.979166666666667,0.612576,2020-07-19,10.92,Tarazona
2020-07-25 00:00:00,0.0008,6.0,0.544512,2020-07-19,10.92,Tarazona
2020-07-25 00:30:00,0.0007,6.020833333333333,0.476448,2020-07-19,10.92,Tarazona
2020-07-25 01:00:00,0.0006000000000000001,6.041666666666667,0.408384,2020-07-19,10.92,Tarazona
2020-07-25 01:30:00,0.0006000000000000001,6.0625,0.408384,2020-07-19,10.92,Tarazona
2020-07-25 02:00:00,0.0005,6.083333333333333,0.34032,2020-07-19,10.92,Tarazona
2020-07-25 02:30:00,0.0005,6.104166666666667,0.34032,2020-07-19,10.92,Tarazona
2020-07-25 03:00:00,0.0004,6.125,0.272256,2020-07-19,10.92,Tarazona
2020-07-25 03:30:00,0.0004,6.145833333333333,0.272256,2020-07-19,10.92,Tarazona
2020-07-25 04:00:00,0.0004,6.166666666666667,0.272256,2020-07-19,10.92,Tarazona
2020-07-25 04:30:00,0.00030000000000000003,6.1875,0.204192,2020-07-19,10.92,Tarazona
2020-07-25 05:00:00,0.00030000000000000003,6.208333333333333,0.204192,2020-07-19,10.92,Tarazona
2020-07-25 05:30:00,0.0024000000000000002,6.229166666666667,1.633536,2020-07-19,10.92,Tarazona
2020-07-25 06:00:00,0.007,6.25,4.76448,2020-07-19,10.92,Tarazona
2020-07-25 06:30:00,0.014400000000000001,6.270833333333333,9.801216,2020-07-19,10.92,Tarazona
2020-07-25 07:00:00,0.0235,6.291666666666667,15.99504,2020-07-19,10.92,Tarazona
2020-07-25 07:30:00,0.0357,6.3125,24.298848,2020-07-19,10.92,Tarazona
2020-07-25 08:00:00,0.0495,6.333333333333333,33.69168,2020-07-19,10.92,Tarazona
2020-07-25 08:30:00,0.0651,6.354166666666667,44.309664000000005,2020-07-19,10.92,Tarazona
2020-07-25 09:00:00,0.08170000000000001,6.375,55.608288,2020-07-19,10.92,Tarazona
2020-07-25 09:30:00,0.1009,6.395833333333333,68.676576,2020-07-19,10.92,Tarazona
2020-07-25 10:00:00,0.1206,6.416666666666667,82.085184,2020-07-19,10.92,Tarazona
2020-07-25 10:30:00,0.1389,6.4375,94.54089599999999,2020-07-19,10.92,Tarazona
2020-07-25 11:00:00,0.1555,6.458333333333333,105.83952,2020-07-19,10.92,Tarazona
2020-07-25 11:30:00,0.1715,6.479166666666667,116.72976000000001,2020-07-19,10.92,Tarazona
2020-07-25 12:00:00,0.1812,6.5,123.331968,2020-07-19,10.92,Tarazona
2020-07-25 12:30:00,0.18480000000000002,6.520833333333333,125.782272,2020-07-19,10.92,Tarazona
2020-07-25 13:00:00,0.18460000000000001,6.541666666666667,125.646144,2020-07-19,10.92,Tarazona
2020-07-25 13:30:00,0.1794,6.5625,122.106816,2020-07-19,10.92,Tarazona
2020-07-25 14:00:00,0.171,6.583333333333333,116.38944000000001,2020-07-19,10.92,Tarazona
2020-07-25 14:30:00,0.1585,6.604166666666667,107.88144,2020-07-19,10.92,Tarazona
2020-07-25 15:00:00,0.1437,6.625,97.80796799999999,2020-07-19,10.92,Tarazona
2020-07-25 15:30:00,0.1041,6.645833333333333,70.854624,2020-07-19,10.92,Tarazona
2020-07-25 16:00:00,0.1061,6.666666666666667,72.215904,2020-07-19,10.92,Tarazona
2020-07-25 16:30:00,0.0854,6.6875,58.126656000000004,2020-07-19,10.92,Tarazona
2020-07-25 17:00:00,0.0671,6.708333333333333,45.670944000000006,2020-07-19,10.92,Tarazona
2020-07-25 17:30:00,0.049300000000000004,6.729166666666667,33.555552,2020-07-19,10.92,Tarazona
2020-07-25 18:00:00,0.0323,6.75,21.984672,2020-07-19,10.92,Tarazona
2020-07-25 18:30:00,0.016900000000000002,6.770833333333333,11.502816000000001,2020-07-19,10.92,Tarazona
2020-07-25 19:00:00,0.0027,6.791666666666667,1.837728,2020-07-19,10.92,Tarazona
2020-07-25 19:30:00,0.0024000000000000002,6.8125,1.633536,2020-07-19,10.92,Tarazona
2020-07-25 20:00:00,0.0021000000000000003,6.833333333333333,1.4293440000000002,2020-07-19,10.92,Tarazona
2020-07-25 20:30:00,0.0019,6.854166666666667,1.293216,2020-07-19,10.92,Tarazona
2020-07-25 21:00:00,0.0017000000000000001,6.875,1.1570880000000001,2020-07-19,10.92,Tarazona
2020-07-25 21:30:00,0.0015,6.895833333333333,1.02096,2020-07-19,10.92,Tarazona
2020-07-25 22:00:00,0.0014,6.916666666666667,0.952896,2020-07-19,10.92,Tarazona
2020-07-25 22:30:00,0.0013000000000000002,6.9375,0.8848320000000001,2020-07-19,10.92,Tarazona
2020-07-25 23:00:00,0.0012000000000000001,6.958333333333333,0.816768,2020-07-19,10.92,Tarazona
2020-07-25 23:30:00,0.0011,6.979166666666667,0.748704,2020-07-19,10.92,Tarazona
2020-07-26 00:00:00,0.001,7.0,0.68064,2020-07-19,10.92,Tarazona
2020-07-26 00:30:00,0.0009000000000000001,7.020833333333333,0.612576,2020-07-19,10.92,Tarazona
2020-07-26 01:00:00,0.0008,7.041666666666667,0.544512,2020-07-19,10.92,Tarazona
2020-07-26 01:30:00,0.0007,7.0625,0.476448,2020-07-19,10.92,Tarazona
2020-07-26 02:00:00,0.0005,7.083333333333333,0.34032,2020-07-19,10.92,Tarazona
2020-07-26 02:30:00,0.0005,7.104166666666667,0.34032,2020-07-19,10.92,Tarazona
2020-07-26 03:00:00,0.0004,7.125,0.272256,2020-07-19,10.92,Tarazona
2020-07-26 03:30:00,0.00030000000000000003,7.145833333333333,0.204192,2020-07-19,10.92,Tarazona
2020-07-26 04:00:00,0.00030000000000000003,7.166666666666667,0.204192,2020-07-19,10.92,Tarazona
2020-07-26 04:30:00,0.0002,7.1875,0.136128,2020-07-19,10.92,Tarazona
2020-07-26 05:00:00,0.0002,7.208333333333333,0.136128,2020-07-19,10.92,Tarazona
2020-07-26 05:30:00,0.002,7.229166666666667,1.36128,2020-07-19,10.92,Tarazona
2020-07-26 06:00:00,0.0066,7.25,4.492224,2020-07-19,10.92,Tarazona
2020-07-26 06:30:00,0.0148,7.270833333333333,10.073472,2020-07-19,10.92,Tarazona
2020-07-26 07:00:00,0.025500000000000002,7.291666666666667,17.35632,2020-07-19,10.92,Tarazona
2020-07-26 07:30:00,0.040100000000000004,7.3125,27.293664000000003,2020-07-19,10.92,Tarazona
2020-07-26 08:00:00,0.0572,7.333333333333333,38.932608,2020-07-19,10.92,Tarazona
2020-07-26 08:30:00,0.0765,7.354166666666667,52.06896,2020-07-19,10.92,Tarazona
2020-07-26 09:00:00,0.09680000000000001,7.375,65.885952,2020-07-19,10.92,Tarazona
2020-07-26 09:30:00,0.1177,7.395833333333333,80.111328,2020-07-19,10.92,Tarazona
2020-07-26 10:00:00,0.13820000000000002,7.416666666666667,94.06444800000001,2020-07-19,10.92,Tarazona
2020-07-26 10:30:00,0.1565,7.4375,106.52016,2020-07-19,10.92,Tarazona
2020-07-26 11:00:00,0.1726,7.458333333333333,117.478464,2020-07-19,10.92,Tarazona
2020-07-26 11:30:00,0.1842,7.479166666666667,125.373888,2020-07-19,10.92,Tarazona
2020-07-26 12:00:00,0.193,7.5,131.36352,2020-07-19,10.92,Tarazona
2020-07-26 12:30:00,0.1957,7.520833333333333,133.201248,2020-07-19,10.92,Tarazona
2020-07-26 13:00:00,0.19490000000000002,7.541666666666667,132.65673600000002,2020-07-19,10.92,Tarazona
2020-07-26 13:30:00,0.1893,7.5625,128.84515199999998,2020-07-19,10.92,Tarazona
2020-07-26 14:00:00,0.18030000000000002,7.583333333333333,122.71939200000001,2020-07-19,10.92,Tarazona
2020-07-26 14:30:00,0.1673,7.604166666666667,113.871072,2020-07-19,10.92,Tarazona
2020-07-26 15:00:00,0.1516,7.625,103.18502400000001,2020-07-19,10.92,Tarazona
2020-07-26 15:30:00,0.1332,7.645833333333333,90.661248,2020-07-19,10.92,Tarazona
2020-07-26 16:00:00,0.11370000000000001,7.666666666666667,77.388768,2020-07-19,10.92,Tarazona
2020-07-26 16:30:00,0.09380000000000001,7.6875,63.844032000000006,2020-07-19,10.92,Tarazona
2020-07-26 17:00:00,0.07390000000000001,7.708333333333333,50.299296000000005,2020-07-19,10.92,Tarazona
2020-07-26 17:30:00,0.053700000000000005,7.729166666666667,36.550368000000006,2020-07-19,10.92,Tarazona
2020-07-26 18:00:00,0.0337,7.75,22.937568,2020-07-19,10.92,Tarazona
2020-07-26 18:30:00,0.0178,7.770833333333333,12.115392,2020-07-19,10.92,Tarazona
2020-07-26 19:00:00,0.0032,7.791666666666667,2.178048,2020-07-19,10.92,Tarazona
2020-07-26 19:30:00,0.0029000000000000002,7.8125,1.973856,2020-07-19,10.92,Tarazona
2020-07-26 20:00:00,0.0026000000000000003,7.833333333333333,1.7696640000000001,2020-07-19,10.92,Tarazona
2020-07-26 20:30:00,0.0022,7.854166666666667,1.497408,2020-07-19,10.92,Tarazona
2020-07-26 21:00:00,0.0019,7.875,1.293216,2020-07-19,10.92,Tarazona
2020-07-26 21:30:00,0.0016,7.895833333333333,1.089024,2020-07-19,10.92,Tarazona
2020-07-26 22:00:00,0.0013000000000000002,7.916666666666667,0.8848320000000001,2020-07-19,10.92,Tarazona
2020-07-26 22:30:00,0.0012000000000000001,7.9375,0.816768,2020-07-19,10.92,Tarazona
2020-07-26 23:00:00,0.0011,7.958333333333333,0.748704,2020-07-19,10.92,Tarazona
2020-07-26 23:30:00,0.001,7.979166666666667,0.68064,2020-07-19,10.92,Tarazona
2020-07-27 00:00:00,0.0009000000000000001,8.0,0.612576,2020-07-19,10.92,Tarazona
2020-07-27 00:30:00,0.0008,8.020833333333334,0.544512,2020-07-19,10.92,Tarazona
2020-07-27 01:00:00,0.0007,8.041666666666666,0.476448,2020-07-19,10.92,Tarazona
2020-07-27 01:30:00,0.0007,8.0625,0.476448,2020-07-19,10.92,Tarazona
2020-07-27 02:00:00,0.0006000000000000001,8.083333333333334,0.408384,2020-07-19,10.92,Tarazona
2020-07-27 02:30:00,0.0006000000000000001,8.104166666666666,0.408384,2020-07-19,10.92,Tarazona
2020-07-27 03:00:00,0.0005,8.125,0.34032,2020-07-19,10.92,Tarazona
2020-07-27 03:30:00,0.0005,8.145833333333334,0.34032,2020-07-19,10.92,Tarazona
2020-07-27 04:00:00,0.0005,8.166666666666666,0.34032,2020-07-19,10.92,Tarazona
2020-07-27 04:30:00,0.0004,8.1875,0.272256,2020-07-19,10.92,Tarazona
2020-07-27 05:00:00,0.0004,8.208333333333334,0.272256,2020-07-19,10.92,Tarazona
2020-07-27 05:30:00,0.0024000000000000002,8.229166666666666,1.633536,2020-07-19,10.92,Tarazona
2020-07-27 06:00:00,0.006500000000000001,8.25,4.4241600000000005,2020-07-19,10.92,Tarazona
2020-07-27 06:30:00,0.0145,8.270833333333334,9.86928,2020-07-19,10.92,Tarazona
2020-07-27 07:00:00,0.025,8.291666666666666,17.016000000000002,2020-07-19,10.92,Tarazona
2020-07-27 07:30:00,0.039900000000000005,8.3125,27.157536000000004,2020-07-19,10.92,Tarazona
2020-07-27 08:00:00,0.057100000000000005,8.333333333333334,38.864544,2020-07-19,10.92,Tarazona
2020-07-27 08:30:00,0.0758,8.354166666666666,51.592512000000006,2020-07-19,10.92,Tarazona
2020-07-27 09:00:00,0.0941,8.375,64.048224,2020-07-19,10.92,Tarazona
2020-07-27 09:30:00,0.11470000000000001,8.395833333333334,78.06940800000001,2020-07-19,10.92,Tarazona
2020-07-27 10:00:00,0.13490000000000002,8.416666666666666,91.81833600000002,2020-07-19,10.92,Tarazona
2020-07-27 10:30:00,0.14600000000000002,8.4375,99.37344000000002,2020-07-19,10.92,Tarazona
2020-07-27 11:00:00,0.15480000000000002,8.458333333333334,105.36307200000002,2020-07-19,10.92,Tarazona
2020-07-27 11:30:00,0.15810000000000002,8.479166666666666,107.60918400000001,2020-07-19,10.92,Tarazona
2020-07-27 12:00:00,0.15960000000000002,8.5,108.63014400000002,2020-07-19,10.92,Tarazona
2020-07-27 12:30:00,0.16060000000000002,8.520833333333334,109.31078400000001,2020-07-19,10.92,Tarazona
2020-07-27 13:00:00,0.1592,8.541666666666666,108.357888,2020-07-19,10.92,Tarazona
2020-07-27 13:30:00,0.155,8.5625,105.4992,2020-07-19,10.92,Tarazona
2020-07-27 14:00:00,0.1484,8.583333333333334,101.006976,2020-07-19,10.92,Tarazona
2020-07-27 14:30:00,0.1375,8.604166666666666,93.58800000000001,2020-07-19,10.92,Tarazona
2020-07-27 15:00:00,0.1228,8.625,83.582592,2020-07-19,10.92,Tarazona
2020-07-27 15:30:00,0.10940000000000001,8.645833333333334,74.462016,2020-07-19,10.92,Tarazona
2020-07-27 16:00:00,0.09480000000000001,8.666666666666666,64.52467200000001,2020-07-19,10.92,Tarazona
2020-07-27 16:30:00,0.07730000000000001,8.6875,52.613472,2020-07-19,10.92,Tarazona
2020-07-27 17:00:00,0.055900000000000005,8.708333333333334,38.047776000000006,2020-07-19,10.92,Tarazona
2020-07-27 17:30:00,0.027700000000000002,8.729166666666666,18.853728,2020-07-19,10.92,Tarazona
2020-07-27 18:00:00,0.006900000000000001,8.75,4.696416,2020-07-19,10.92,Tarazona
2020-07-27 18:30:00,0.004,8.770833333333334,2.72256,2020-07-19,10.92,Tarazona
2020-07-27 19:00:00,0.0038,8.791666666666666,2.586432,2020-07-19,10.92,Tarazona
2020-07-27 19:30:00,0.0035,8.8125,2.38224,2020-07-19,10.92,Tarazona
2020-07-27 20:00:00,0.0032,8.833333333333334,2.178048,2020-07-19,10.92,Tarazona
2020-07-27 20:30:00,0.0029000000000000002,8.854166666666666,1.973856,2020-07-19,10.92,Tarazona
2020-07-27 21:00:00,0.0026000000000000003,8.875,1.7696640000000001,2020-07-19,10.92,Tarazona
2020-07-27 21:30:00,0.0023,8.895833333333334,1.565472,2020-07-19,10.92,Tarazona
2020-07-27 22:00:00,0.0022,8.916666666666666,1.497408,2020-07-19,10.92,Tarazona
2020-07-27 22:30:00,0.0022,8.9375,1.497408,2020-07-19,10.92,Tarazona
2020-07-27 23:00:00,0.0021000000000000003,8.958333333333334,1.4293440000000002,2020-07-19,10.92,Tarazona
2020-07-27 23:30:00,0.0019,8.979166666666666,1.293216,2020-07-19,10.92,Tarazona
2020-07-28 00:00:00,0.0019,9.0,1.293216,2020-07-19,10.92,Tarazona
2020-07-28 00:30:00,0.0018000000000000002,9.020833333333334,1.225152,2020-07-19,10.92,Tarazona
2020-07-28 01:00:00,0.0017000000000000001,9.041666666666666,1.1570880000000001,2020-07-19,10.92,Tarazona
2020-07-28 01:30:00,0.0015,9.0625,1.02096,2020-07-19,10.92,Tarazona
2020-07-28 02:00:00,0.0014,9.083333333333334,0.952896,2020-07-19,10.92,Tarazona
2020-07-28 02:30:00,0.0014,9.104166666666666,0.952896,2020-07-19,10.92,Tarazona
2020-07-28 03:00:00,0.0013000000000000002,9.125,0.8848320000000001,2020-07-19,10.92,Tarazona
2020-07-28 03:30:00,0.0013000000000000002,9.145833333333334,0.8848320000000001,2020-07-19,10.92,Tarazona
2020-07-28 04:00:00,0.0013000000000000002,9.166666666666666,0.8848320000000001,2020-07-19,10.92,Tarazona
2020-07-28 04:30:00,0.0012000000000000001,9.1875,0.816768,2020-07-19,10.92,Tarazona
2020-07-28 05:00:00,0.0012000000000000001,9.208333333333334,0.816768,2020-07-19,10.92,Tarazona
2020-07-28 05:30:00,0.0048000000000000004,9.229166666666666,3.267072,2020-07-19,10.92,Tarazona
2020-07-28 06:00:00,0.0105,9.25,7.14672,2020-07-19,10.92,Tarazona
2020-07-28 06:30:00,0.0198,9.270833333333334,13.476672,2020-07-19,10.92,Tarazona
2020-07-28 07:00:00,0.0315,9.291666666666666,21.44016,2020-07-19,10.92,Tarazona
2020-07-28 07:30:00,0.0471,9.3125,32.058144,2020-07-19,10.92,Tarazona
2020-07-28 08:00:00,0.0651,9.333333333333334,44.309664000000005,2020-07-19,10.92,Tarazona
2020-07-28 08:30:00,0.08370000000000001,9.354166666666666,56.96956800000001,2020-07-19,10.92,Tarazona
2020-07-28 09:00:00,0.1039,9.375,70.718496,2020-07-19,10.92,Tarazona
2020-07-28 09:30:00,0.1236,9.395833333333334,84.127104,2020-07-19,10.92,Tarazona
2020-07-28 10:00:00,0.1426,9.416666666666666,97.059264,2020-07-19,10.92,Tarazona
2020-07-28 10:30:00,0.1575,9.4375,107.2008,2020-07-19,10.92,Tarazona
2020-07-28 11:00:00,0.1699,9.458333333333334,115.64073599999999,2020-07-19,10.92,Tarazona
2020-07-28 11:30:00,0.1782,9.479166666666666,121.290048,2020-07-19,10.92,Tarazona
2020-07-28 12:00:00,0.1864,9.5,126.871296,2020-07-19,10.92,Tarazona
2020-07-28 12:30:00,0.1854,9.520833333333334,126.190656,2020-07-19,10.92,Tarazona
2020-07-28 13:00:00,0.17900000000000002,9.541666666666666,121.83456000000001,2020-07-19,10.92,Tarazona
2020-07-28 13:30:00,0.17400000000000002,9.5625,118.43136000000001,2020-07-19,10.92,Tarazona
2020-07-28 14:00:00,0.1658,9.583333333333334,112.850112,2020-07-19,10.92,Tarazona
2020-07-28 14:30:00,0.1557,9.604166666666666,105.975648,2020-07-19,10.92,Tarazona
2020-07-28 15:00:00,0.1413,9.625,96.17443200000001,2020-07-19,10.92,Tarazona
2020-07-28 15:30:00,0.12350000000000001,9.645833333333334,84.05904000000001,2020-07-19,10.92,Tarazona
2020-07-28 16:00:00,0.1047,9.666666666666666,71.263008,2020-07-19,10.92,Tarazona
2020-07-28 16:30:00,0.0852,9.6875,57.990528,2020-07-19,10.92,Tarazona
2020-07-28 17:00:00,0.068,9.708333333333334,46.28352,2020-07-19,10.92,Tarazona
2020-07-28 17:30:00,0.046900000000000004,9.729166666666666,31.922016000000003,2020-07-19,10.92,Tarazona
2020-07-28 18:00:00,0.0296,9.75,20.146944,2020-07-19,10.92,Tarazona
2020-07-28 18:30:00,0.0031000000000000003,9.770833333333334,2.1099840000000003,2020-07-19,10.92,Tarazona
2020-07-28 19:00:00,0.0028,9.791666666666666,1.905792,2020-07-19,10.92,Tarazona
2020-07-28 19:30:00,0.0022,9.8125,1.497408,2020-07-19,10.92,Tarazona
2020-07-28 20:00:00,0.0019,9.833333333333334,1.293216,2020-07-19,10.92,Tarazona
2020-07-28 20:30:00,0.0017000000000000001,9.854166666666666,1.1570880000000001,2020-07-19,10.92,Tarazona
2020-07-28 21:00:00,0.0015,9.875,1.02096,2020-07-19,10.92,Tarazona
2020-07-28 21:30:00,0.0014,9.895833333333334,0.952896,2020-07-19,10.92,Tarazona
2020-07-28 22:00:00,0.0012000000000000001,9.916666666666666,0.816768,2020-07-19,10.92,Tarazona
2020-07-28 22:30:00,0.0011,9.9375,0.748704,2020-07-19,10.92,Tarazona
2020-07-28 23:00:00,0.001,9.958333333333334,0.68064,2020-07-19,10.92,Tarazona
2020-07-28 23:30:00,0.0009000000000000001,9.979166666666666,0.612576,2020-07-19,10.92,Tarazona
2020-07-23 00:00:00,0.0006000000000000001,0.0,0.408384,2020-07-23,12.35052,Tarazona
2020-07-23 00:30:00,0.0005,0.020833333333333332,0.34032,2020-07-23,12.35052,Tarazona
2020-07-23 01:00:00,0.0004,0.041666666666666664,0.272256,2020-07-23,12.35052,Tarazona
2020-07-23 01:30:00,0.0004,0.0625,0.272256,2020-07-23,12.35052,Tarazona
2020-07-23 02:00:00,0.0004,0.08333333333333333,0.272256,2020-07-23,12.35052,Tarazona
2020-07-23 02:30:00,0.0004,0.10416666666666667,0.272256,2020-07-23,12.35052,Tarazona
2020-07-23 03:00:00,0.00030000000000000003,0.125,0.204192,2020-07-23,12.35052,Tarazona
2020-07-23 03:30:00,0.00030000000000000003,0.14583333333333334,0.204192,2020-07-23,12.35052,Tarazona
2020-07-23 04:00:00,0.0002,0.16666666666666666,0.136128,2020-07-23,12.35052,Tarazona
2020-07-23 04:30:00,0.0002,0.1875,0.136128,2020-07-23,12.35052,Tarazona
2020-07-23 05:00:00,0.0002,0.20833333333333334,0.136128,2020-07-23,12.35052,Tarazona
2020-07-23 05:30:00,0.0022,0.22916666666666666,1.497408,2020-07-23,12.35052,Tarazona
2020-07-23 06:00:00,0.006900000000000001,0.25,4.696416,2020-07-23,12.35052,Tarazona
2020-07-23 06:30:00,0.0154,0.2708333333333333,10.481856,2020-07-23,12.35052,Tarazona
2020-07-23 07:00:00,0.0268,0.2916666666666667,18.241152,2020-07-23,12.35052,Tarazona
2020-07-23 07:30:00,0.0419,0.3125,28.518815999999998,2020-07-23,12.35052,Tarazona
2020-07-23 08:00:00,0.0596,0.3333333333333333,40.566144,2020-07-23,12.35052,Tarazona
2020-07-23 08:30:00,0.0794,0.3541666666666667,54.042815999999995,2020-07-23,12.35052,Tarazona
2020-07-23 09:00:00,0.1003,0.375,68.268192,2020-07-23,12.35052,Tarazona
2020-07-23 09:30:00,0.12190000000000001,0.3958333333333333,82.970016,2020-07-23,12.35052,Tarazona
2020-07-23 10:00:00,0.14300000000000002,0.4166666666666667,97.33152000000001,2020-07-23,12.35052,Tarazona
2020-07-23 10:30:00,0.15960000000000002,0.4375,108.63014400000002,2020-07-23,12.35052,Tarazona
2020-07-23 11:00:00,0.1739,0.4583333333333333,118.36329599999999,2020-07-23,12.35052,Tarazona
2020-07-23 11:30:00,0.18330000000000002,0.4791666666666667,124.761312,2020-07-23,12.35052,Tarazona
2020-07-23 12:00:00,0.19260000000000002,0.5,131.09126400000002,2020-07-23,12.35052,Tarazona
2020-07-23 12:30:00,0.1951,0.5208333333333334,132.79286399999998,2020-07-23,12.35052,Tarazona
2020-07-23 13:00:00,0.1938,0.5416666666666666,131.908032,2020-07-23,12.35052,Tarazona
2020-07-23 13:30:00,0.1879,0.5625,127.892256,2020-07-23,12.35052,Tarazona
2020-07-23 14:00:00,0.1787,0.5833333333333334,121.63036799999999,2020-07-23,12.35052,Tarazona
2020-07-23 14:30:00,0.1656,0.6041666666666666,112.713984,2020-07-23,12.35052,Tarazona
2020-07-23 15:00:00,0.15,0.625,102.09599999999999,2020-07-23,12.35052,Tarazona
2020-07-23 15:30:00,0.13440000000000002,0.6458333333333334,91.47801600000001,2020-07-23,12.35052,Tarazona
2020-07-23 16:00:00,0.115,0.6666666666666666,78.2736,2020-07-23,12.35052,Tarazona
2020-07-23 16:30:00,0.0736,0.6875,50.095104,2020-07-23,12.35052,Tarazona
2020-07-23 17:00:00,0.0733,0.7083333333333334,49.890912,2020-07-23,12.35052,Tarazona
2020-07-23 17:30:00,0.0541,0.7291666666666666,36.822624,2020-07-23,12.35052,Tarazona
2020-07-23 18:00:00,0.036000000000000004,0.75,24.503040000000002,2020-07-23,12.35052,Tarazona
2020-07-23 18:30:00,0.0199,0.7708333333333334,13.544736,2020-07-23,12.35052,Tarazona
2020-07-23 19:00:00,0.0033,0.7916666666666666,2.246112,2020-07-23,12.35052,Tarazona
2020-07-23 19:30:00,0.003,0.8125,2.04192,2020-07-23,12.35052,Tarazona
2020-07-23 20:00:00,0.0028,0.8333333333333334,1.905792,2020-07-23,12.35052,Tarazona
2020-07-23 20:30:00,0.0027,0.8541666666666666,1.837728,2020-07-23,12.35052,Tarazona
2020-07-23 21:00:00,0.0026000000000000003,0.875,1.7696640000000001,2020-07-23,12.35052,Tarazona
2020-07-23 21:30:00,0.0025,0.8958333333333334,1.7016,2020-07-23,12.35052,Tarazona
2020-07-23 22:00:00,0.0024000000000000002,0.9166666666666666,1.633536,2020-07-23,12.35052,Tarazona
2020-07-23 22:30:00,0.0021000000000000003,0.9375,1.4293440000000002,2020-07-23,12.35052,Tarazona
2020-07-23 23:00:00,0.0017000000000000001,0.9583333333333334,1.1570880000000001,2020-07-23,12.35052,Tarazona
2020-07-23 23:30:00,0.0015,0.9791666666666666,1.02096,2020-07-23,12.35052,Tarazona
2020-07-24 00:00:00,0.0011,1.0,0.748704,2020-07-23,12.35052,Tarazona
2020-07-24 00:30:00,0.0009000000000000001,1.0208333333333333,0.612576,2020-07-23,12.35052,Tarazona
2020-07-24 01:00:00,0.0008,1.0416666666666667,0.544512,2020-07-23,12.35052,Tarazona
2020-07-24 01:30:00,0.0007,1.0625,0.476448,2020-07-23,12.35052,Tarazona
2020-07-24 02:00:00,0.0006000000000000001,1.0833333333333333,0.408384,2020-07-23,12.35052,Tarazona
2020-07-24 02:30:00,0.0005,1.1041666666666667,0.34032,2020-07-23,12.35052,Tarazona
2020-07-24 03:00:00,0.0004,1.125,0.272256,2020-07-23,12.35052,Tarazona
2020-07-24 03:30:00,0.0004,1.1458333333333333,0.272256,2020-07-23,12.35052,Tarazona
2020-07-24 04:00:00,0.0004,1.1666666666666667,0.272256,2020-07-23,12.35052,Tarazona
2020-07-24 04:30:00,0.0004,1.1875,0.272256,2020-07-23,12.35052,Tarazona
2020-07-24 05:00:00,0.0004,1.2083333333333333,0.272256,2020-07-23,12.35052,Tarazona
2020-07-24 05:30:00,0.0031000000000000003,1.2291666666666667,2.1099840000000003,2020-07-23,12.35052,Tarazona
2020-07-24 06:00:00,0.008700000000000001,1.25,5.921568000000001,2020-07-23,12.35052,Tarazona
2020-07-24 06:30:00,0.0175,1.2708333333333333,11.911200000000001,2020-07-23,12.35052,Tarazona
2020-07-24 07:00:00,0.029,1.2916666666666667,19.73856,2020-07-23,12.35052,Tarazona
2020-07-24 07:30:00,0.0436,1.3125,29.675904,2020-07-23,12.35052,Tarazona
2020-07-24 08:00:00,0.0603,1.3333333333333333,41.042592,2020-07-23,12.35052,Tarazona
2020-07-24 08:30:00,0.079,1.3541666666666667,53.770559999999996,2020-07-23,12.35052,Tarazona
2020-07-24 09:00:00,0.09910000000000001,1.375,67.451424,2020-07-23,12.35052,Tarazona
2020-07-24 09:30:00,0.11960000000000001,1.3958333333333333,81.404544,2020-07-23,12.35052,Tarazona
2020-07-24 10:00:00,0.1395,1.4166666666666667,94.94928,2020-07-23,12.35052,Tarazona
2020-07-24 10:30:00,0.1559,1.4375,106.111776,2020-07-23,12.35052,Tarazona
2020-07-24 11:00:00,0.17,1.4583333333333333,115.70880000000001,2020-07-23,12.35052,Tarazona
2020-07-24 11:30:00,0.1789,1.4791666666666667,121.766496,2020-07-23,12.35052,Tarazona
2020-07-24 12:00:00,0.1794,1.5,122.106816,2020-07-23,12.35052,Tarazona
2020-07-24 12:30:00,0.1801,1.5208333333333333,122.583264,2020-07-23,12.35052,Tarazona
2020-07-24 13:00:00,0.1404,1.5416666666666667,95.56185599999999,2020-07-23,12.35052,Tarazona
2020-07-24 13:30:00,0.1643,1.5625,111.829152,2020-07-23,12.35052,Tarazona
2020-07-24 14:00:00,0.159,1.5833333333333333,108.22176,2020-07-23,12.35052,Tarazona
2020-07-24 14:30:00,0.1481,1.6041666666666667,100.802784,2020-07-23,12.35052,Tarazona
2020-07-24 15:00:00,0.1373,1.625,93.45187200000001,2020-07-23,12.35052,Tarazona
2020-07-24 15:30:00,0.1197,1.6458333333333333,81.472608,2020-07-23,12.35052,Tarazona
2020-07-24 16:00:00,0.1033,1.6666666666666667,70.310112,2020-07-23,12.35052,Tarazona
2020-07-24 16:30:00,0.08700000000000001,1.6875,59.215680000000006,2020-07-23,12.35052,Tarazona
2020-07-24 17:00:00,0.0687,1.7083333333333333,46.759968,2020-07-23,12.35052,Tarazona
2020-07-24 17:30:00,0.0509,1.7291666666666667,34.644576,2020-07-23,12.35052,Tarazona
2020-07-24 18:00:00,0.0273,1.75,18.581472,2020-07-23,12.35052,Tarazona
2020-07-24 18:30:00,0.0033,1.7708333333333333,2.246112,2020-07-23,12.35052,Tarazona
2020-07-24 19:00:00,0.0031000000000000003,1.7916666666666667,2.1099840000000003,2020-07-23,12.35052,Tarazona
2020-07-24 19:30:00,0.0026000000000000003,1.8125,1.7696640000000001,2020-07-23,12.35052,Tarazona
2020-07-24 20:00:00,0.0024000000000000002,1.8333333333333333,1.633536,2020-07-23,12.35052,Tarazona
2020-07-24 20:30:00,0.0021000000000000003,1.8541666666666667,1.4293440000000002,2020-07-23,12.35052,Tarazona
2020-07-24 21:00:00,0.0016,1.875,1.089024,2020-07-23,12.35052,Tarazona
2020-07-24 21:30:00,0.0014,1.8958333333333333,0.952896,2020-07-23,12.35052,Tarazona
2020-07-24 22:00:00,0.0012000000000000001,1.9166666666666667,0.816768,2020-07-23,12.35052,Tarazona
2020-07-24 22:30:00,0.0011,1.9375,0.748704,2020-07-23,12.35052,Tarazona
2020-07-24 23:00:00,0.0009000000000000001,1.9583333333333333,0.612576,2020-07-23,12.35052,Tarazona
2020-07-24 23:30:00,0.0009000000000000001,1.9791666666666667,0.612576,2020-07-23,12.35052,Tarazona
2020-07-25 00:00:00,0.0008,2.0,0.544512,2020-07-23,12.35052,Tarazona
2020-07-25 00:30:00,0.0007,2.0208333333333335,0.476448,2020-07-23,12.35052,Tarazona
2020-07-25 01:00:00,0.0006000000000000001,2.0416666666666665,0.408384,2020-07-23,12.35052,Tarazona
2020-07-25 01:30:00,0.0006000000000000001,2.0625,0.408384,2020-07-23,12.35052,Tarazona
2020-07-25 02:00:00,0.0005,2.0833333333333335,0.34032,2020-07-23,12.35052,Tarazona
2020-07-25 02:30:00,0.0005,2.1041666666666665,0.34032,2020-07-23,12.35052,Tarazona
2020-07-25 03:00:00,0.0004,2.125,0.272256,2020-07-23,12.35052,Tarazona
2020-07-25 03:30:00,0.0004,2.1458333333333335,0.272256,2020-07-23,12.35052,Tarazona
2020-07-25 04:00:00,0.0004,2.1666666666666665,0.272256,2020-07-23,12.35052,Tarazona
2020-07-25 04:30:00,0.00030000000000000003,2.1875,0.204192,2020-07-23,12.35052,Tarazona
2020-07-25 05:00:00,0.00030000000000000003,2.2083333333333335,0.204192,2020-07-23,12.35052,Tarazona
2020-07-25 05:30:00,0.0024000000000000002,2.2291666666666665,1.633536,2020-07-23,12.35052,Tarazona
2020-07-25 06:00:00,0.007,2.25,4.76448,2020-07-23,12.35052,Tarazona
2020-07-25 06:30:00,0.014400000000000001,2.2708333333333335,9.801216,2020-07-23,12.35052,Tarazona
2020-07-25 07:00:00,0.0235,2.2916666666666665,15.99504,2020-07-23,12.35052,Tarazona
2020-07-25 07:30:00,0.0357,2.3125,24.298848,2020-07-23,12.35052,Tarazona
2020-07-25 08:00:00,0.0495,2.3333333333333335,33.69168,2020-07-23,12.35052,Tarazona
2020-07-25 08:30:00,0.0651,2.3541666666666665,44.309664000000005,2020-07-23,12.35052,Tarazona
2020-07-25 09:00:00,0.08170000000000001,2.375,55.608288,2020-07-23,12.35052,Tarazona
2020-07-25 09:30:00,0.1009,2.3958333333333335,68.676576,2020-07-23,12.35052,Tarazona
2020-07-25 10:00:00,0.1206,2.4166666666666665,82.085184,2020-07-23,12.35052,Tarazona
2020-07-25 10:30:00,0.1389,2.4375,94.54089599999999,2020-07-23,12.35052,Tarazona
2020-07-25 11:00:00,0.1555,2.4583333333333335,105.83952,2020-07-23,12.35052,Tarazona
2020-07-25 11:30:00,0.1715,2.4791666666666665,116.72976000000001,2020-07-23,12.35052,Tarazona
2020-07-25 12:00:00,0.1812,2.5,123.331968,2020-07-23,12.35052,Tarazona
2020-07-25 12:30:00,0.18480000000000002,2.5208333333333335,125.782272,2020-07-23,12.35052,Tarazona
2020-07-25 13:00:00,0.18460000000000001,2.5416666666666665,125.646144,2020-07-23,12.35052,Tarazona
2020-07-25 13:30:00,0.1794,2.5625,122.106816,2020-07-23,12.35052,Tarazona
2020-07-25 14:00:00,0.171,2.5833333333333335,116.38944000000001,2020-07-23,12.35052,Tarazona
2020-07-25 14:30:00,0.1585,2.6041666666666665,107.88144,2020-07-23,12.35052,Tarazona
2020-07-25 15:00:00,0.1437,2.625,97.80796799999999,2020-07-23,12.35052,Tarazona
2020-07-25 15:30:00,0.1041,2.6458333333333335,70.854624,2020-07-23,12.35052,Tarazona
2020-07-25 16:00:00,0.1061,2.6666666666666665,72.215904,2020-07-23,12.35052,Tarazona
2020-07-25 16:30:00,0.0854,2.6875,58.126656000000004,2020-07-23,12.35052,Tarazona
2020-07-25 17:00:00,0.0671,2.7083333333333335,45.670944000000006,2020-07-23,12.35052,Tarazona
2020-07-25 17:30:00,0.049300000000000004,2.7291666666666665,33.555552,2020-07-23,12.35052,Tarazona
2020-07-25 18:00:00,0.0323,2.75,21.984672,2020-07-23,12.35052,Tarazona
2020-07-25 18:30:00,0.016900000000000002,2.7708333333333335,11.502816000000001,2020-07-23,12.35052,Tarazona
2020-07-25 19:00:00,0.0027,2.7916666666666665,1.837728,2020-07-23,12.35052,Tarazona
2020-07-25 19:30:00,0.0024000000000000002,2.8125,1.633536,2020-07-23,12.35052,Tarazona
2020-07-25 20:00:00,0.0021000000000000003,2.8333333333333335,1.4293440000000002,2020-07-23,12.35052,Tarazona
2020-07-25 20:30:00,0.0019,2.8541666666666665,1.293216,2020-07-23,12.35052,Tarazona
2020-07-25 21:00:00,0.0017000000000000001,2.875,1.1570880000000001,2020-07-23,12.35052,Tarazona
2020-07-25 21:30:00,0.0015,2.8958333333333335,1.02096,2020-07-23,12.35052,Tarazona
2020-07-25 22:00:00,0.0014,2.9166666666666665,0.952896,2020-07-23,12.35052,Tarazona
2020-07-25 22:30:00,0.0013000000000000002,2.9375,0.8848320000000001,2020-07-23,12.35052,Tarazona
2020-07-25 23:00:00,0.0012000000000000001,2.9583333333333335,0.816768,2020-07-23,12.35052,Tarazona
2020-07-25 23:30:00,0.0011,2.9791666666666665,0.748704,2020-07-23,12.35052,Tarazona
2020-07-26 00:00:00,0.001,3.0,0.68064,2020-07-23,12.35052,Tarazona
2020-07-26 00:30:00,0.0009000000000000001,3.0208333333333335,0.612576,2020-07-23,12.35052,Tarazona
2020-07-26 01:00:00,0.0008,3.0416666666666665,0.544512,2020-07-23,12.35052,Tarazona
2020-07-26 01:30:00,0.0007,3.0625,0.476448,2020-07-23,12.35052,Tarazona
2020-07-26 02:00:00,0.0005,3.0833333333333335,0.34032,2020-07-23,12.35052,Tarazona
2020-07-26 02:30:00,0.0005,3.1041666666666665,0.34032,2020-07-23,12.35052,Tarazona
2020-07-26 03:00:00,0.0004,3.125,0.272256,2020-07-23,12.35052,Tarazona
2020-07-26 03:30:00,0.00030000000000000003,3.1458333333333335,0.204192,2020-07-23,12.35052,Tarazona
2020-07-26 04:00:00,0.00030000000000000003,3.1666666666666665,0.204192,2020-07-23,12.35052,Tarazona
2020-07-26 04:30:00,0.0002,3.1875,0.136128,2020-07-23,12.35052,Tarazona
2020-07-26 05:00:00,0.0002,3.2083333333333335,0.136128,2020-07-23,12.35052,Tarazona
2020-07-26 05:30:00,0.002,3.2291666666666665,1.36128,2020-07-23,12.35052,Tarazona
2020-07-26 06:00:00,0.0066,3.25,4.492224,2020-07-23,12.35052,Tarazona
2020-07-26 06:30:00,0.0148,3.2708333333333335,10.073472,2020-07-23,12.35052,Tarazona
2020-07-26 07:00:00,0.025500000000000002,3.2916666666666665,17.35632,2020-07-23,12.35052,Tarazona
2020-07-26 07:30:00,0.040100000000000004,3.3125,27.293664000000003,2020-07-23,12.35052,Tarazona
2020-07-26 08:00:00,0.0572,3.3333333333333335,38.932608,2020-07-23,12.35052,Tarazona
2020-07-26 08:30:00,0.0765,3.3541666666666665,52.06896,2020-07-23,12.35052,Tarazona
2020-07-26 09:00:00,0.09680000000000001,3.375,65.885952,2020-07-23,12.35052,Tarazona
2020-07-26 09:30:00,0.1177,3.3958333333333335,80.111328,2020-07-23,12.35052,Tarazona
2020-07-26 10:00:00,0.13820000000000002,3.4166666666666665,94.06444800000001,2020-07-23,12.35052,Tarazona
2020-07-26 10:30:00,0.1565,3.4375,106.52016,2020-07-23,12.35052,Tarazona
2020-07-26 11:00:00,0.1726,3.4583333333333335,117.478464,2020-07-23,12.35052,Tarazona
2020-07-26 11:30:00,0.1842,3.4791666666666665,125.373888,2020-07-23,12.35052,Tarazona
2020-07-26 12:00:00,0.193,3.5,131.36352,2020-07-23,12.35052,Tarazona
2020-07-26 12:30:00,0.1957,3.5208333333333335,133.201248,2020-07-23,12.35052,Tarazona
2020-07-26 13:00:00,0.19490000000000002,3.5416666666666665,132.65673600000002,2020-07-23,12.35052,Tarazona
2020-07-26 13:30:00,0.1893,3.5625,128.84515199999998,2020-07-23,12.35052,Tarazona
2020-07-26 14:00:00,0.18030000000000002,3.5833333333333335,122.71939200000001,2020-07-23,12.35052,Tarazona
2020-07-26 14:30:00,0.1673,3.6041666666666665,113.871072,2020-07-23,12.35052,Tarazona
2020-07-26 15:00:00,0.1516,3.625,103.18502400000001,2020-07-23,12.35052,Tarazona
2020-07-26 15:30:00,0.1332,3.6458333333333335,90.661248,2020-07-23,12.35052,Tarazona
2020-07-26 16:00:00,0.11370000000000001,3.6666666666666665,77.388768,2020-07-23,12.35052,Tarazona
2020-07-26 16:30:00,0.09380000000000001,3.6875,63.844032000000006,2020-07-23,12.35052,Tarazona
2020-07-26 17:00:00,0.07390000000000001,3.7083333333333335,50.299296000000005,2020-07-23,12.35052,Tarazona
2020-07-26 17:30:00,0.053700000000000005,3.7291666666666665,36.550368000000006,2020-07-23,12.35052,Tarazona
2020-07-26 18:00:00,0.0337,3.75,22.937568,2020-07-23,12.35052,Tarazona
2020-07-26 18:30:00,0.0178,3.7708333333333335,12.115392,2020-07-23,12.35052,Tarazona
2020-07-26 19:00:00,0.0032,3.7916666666666665,2.178048,2020-07-23,12.35052,Tarazona
2020-07-26 19:30:00,0.0029000000000000002,3.8125,1.973856,2020-07-23,12.35052,Tarazona
2020-07-26 20:00:00,0.0026000000000000003,3.8333333333333335,1.7696640000000001,2020-07-23,12.35052,Tarazona
2020-07-26 20:30:00,0.0022,3.8541666666666665,1.497408,2020-07-23,12.35052,Tarazona
2020-07-26 21:00:00,0.0019,3.875,1.293216,2020-07-23,12.35052,Tarazona
2020-07-26 21:30:00,0.0016,3.8958333333333335,1.089024,2020-07-23,12.35052,Tarazona
2020-07-26 22:00:00,0.0013000000000000002,3.9166666666666665,0.8848320000000001,2020-07-23,12.35052,Tarazona
2020-07-26 22:30:00,0.0012000000000000001,3.9375,0.816768,2020-07-23,12.35052,Tarazona
2020-07-26 23:00:00,0.0011,3.9583333333333335,0.748704,2020-07-23,12.35052,Tarazona
2020-07-26 23:30:00,0.001,3.9791666666666665,0.68064,2020-07-23,12.35052,Tarazona
2020-07-27 00:00:00,0.0009000000000000001,4.0,0.612576,2020-07-23,12.35052,Tarazona
2020-07-27 00:30:00,0.0008,4.020833333333333,0.544512,2020-07-23,12.35052,Tarazona
2020-07-27 01:00:00,0.0007,4.041666666666667,0.476448,2020-07-23,12.35052,Tarazona
2020-07-27 01:30:00,0.0007,4.0625,0.476448,2020-07-23,12.35052,Tarazona
2020-07-27 02:00:00,0.0006000000000000001,4.083333333333333,0.408384,2020-07-23,12.35052,Tarazona
2020-07-27 02:30:00,0.0006000000000000001,4.104166666666667,0.408384,2020-07-23,12.35052,Tarazona
2020-07-27 03:00:00,0.0005,4.125,0.34032,2020-07-23,12.35052,Tarazona
2020-07-27 03:30:00,0.0005,4.145833333333333,0.34032,2020-07-23,12.35052,Tarazona
2020-07-27 04:00:00,0.0005,4.166666666666667,0.34032,2020-07-23,12.35052,Tarazona
2020-07-27 04:30:00,0.0004,4.1875,0.272256,2020-07-23,12.35052,Tarazona
2020-07-27 05:00:00,0.0004,4.208333333333333,0.272256,2020-07-23,12.35052,Tarazona
2020-07-27 05:30:00,0.0024000000000000002,4.229166666666667,1.633536,2020-07-23,12.35052,Tarazona
2020-07-27 06:00:00,0.006500000000000001,4.25,4.4241600000000005,2020-07-23,12.35052,Tarazona
2020-07-27 06:30:00,0.0145,4.270833333333333,9.86928,2020-07-23,12.35052,Tarazona
2020-07-27 07:00:00,0.025,4.291666666666667,17.016000000000002,2020-07-23,12.35052,Tarazona
2020-07-27 07:30:00,0.039900000000000005,4.3125,27.157536000000004,2020-07-23,12.35052,Tarazona
2020-07-27 08:00:00,0.057100000000000005,4.333333333333333,38.864544,2020-07-23,12.35052,Tarazona
2020-07-27 08:30:00,0.0758,4.354166666666667,51.592512000000006,2020-07-23,12.35052,Tarazona
2020-07-27 09:00:00,0.0941,4.375,64.048224,2020-07-23,12.35052,Tarazona
2020-07-27 09:30:00,0.11470000000000001,4.395833333333333,78.06940800000001,2020-07-23,12.35052,Tarazona
2020-07-27 10:00:00,0.13490000000000002,4.416666666666667,91.81833600000002,2020-07-23,12.35052,Tarazona
2020-07-27 10:30:00,0.14600000000000002,4.4375,99.37344000000002,2020-07-23,12.35052,Tarazona
2020-07-27 11:00:00,0.15480000000000002,4.458333333333333,105.36307200000002,2020-07-23,12.35052,Tarazona
2020-07-27 11:30:00,0.15810000000000002,4.479166666666667,107.60918400000001,2020-07-23,12.35052,Tarazona
2020-07-27 12:00:00,0.15960000000000002,4.5,108.63014400000002,2020-07-23,12.35052,Tarazona
2020-07-27 12:30:00,0.16060000000000002,4.520833333333333,109.31078400000001,2020-07-23,12.35052,Tarazona
2020-07-27 13:00:00,0.1592,4.541666666666667,108.357888,2020-07-23,12.35052,Tarazona
2020-07-27 13:30:00,0.155,4.5625,105.4992,2020-07-23,12.35052,Tarazona
2020-07-27 14:00:00,0.1484,4.583333333333333,101.006976,2020-07-23,12.35052,Tarazona
2020-07-27 14:30:00,0.1375,4.604166666666667,93.58800000000001,2020-07-23,12.35052,Tarazona
2020-07-27 15:00:00,0.1228,4.625,83.582592,2020-07-23,12.35052,Tarazona
2020-07-27 15:30:00,0.10940000000000001,4.645833333333333,74.462016,2020-07-23,12.35052,Tarazona
2020-07-27 16:00:00,0.09480000000000001,4.666666666666667,64.52467200000001,2020-07-23,12.35052,Tarazona
2020-07-27 16:30:00,0.07730000000000001,4.6875,52.613472,2020-07-23,12.35052,Tarazona
2020-07-27 17:00:00,0.055900000000000005,4.708333333333333,38.047776000000006,2020-07-23,12.35052,Tarazona
2020-07-27 17:30:00,0.027700000000000002,4.729166666666667,18.853728,2020-07-23,12.35052,Tarazona
2020-07-27 18:00:00,0.006900000000000001,4.75,4.696416,2020-07-23,12.35052,Tarazona
2020-07-27 18:30:00,0.004,4.770833333333333,2.72256,2020-07-23,12.35052,Tarazona
2020-07-27 19:00:00,0.0038,4.791666666666667,2.586432,2020-07-23,12.35052,Tarazona
2020-07-27 19:30:00,0.0035,4.8125,2.38224,2020-07-23,12.35052,Tarazona
2020-07-27 20:00:00,0.0032,4.833333333333333,2.178048,2020-07-23,12.35052,Tarazona
2020-07-27 20:30:00,0.0029000000000000002,4.854166666666667,1.973856,2020-07-23,12.35052,Tarazona
2020-07-27 21:00:00,0.0026000000000000003,4.875,1.7696640000000001,2020-07-23,12.35052,Tarazona
2020-07-27 21:30:00,0.0023,4.895833333333333,1.565472,2020-07-23,12.35052,Tarazona
2020-07-27 22:00:00,0.0022,4.916666666666667,1.497408,2020-07-23,12.35052,Tarazona
2020-07-27 22:30:00,0.0022,4.9375,1.497408,2020-07-23,12.35052,Tarazona
2020-07-27 23:00:00,0.0021000000000000003,4.958333333333333,1.4293440000000002,2020-07-23,12.35052,Tarazona
2020-07-27 23:30:00,0.0019,4.979166666666667,1.293216,2020-07-23,12.35052,Tarazona
2020-07-28 00:00:00,0.0019,5.0,1.293216,2020-07-23,12.35052,Tarazona
2020-07-28 00:30:00,0.0018000000000000002,5.020833333333333,1.225152,2020-07-23,12.35052,Tarazona
2020-07-28 01:00:00,0.0017000000000000001,5.041666666666667,1.1570880000000001,2020-07-23,12.35052,Tarazona
2020-07-28 01:30:00,0.0015,5.0625,1.02096,2020-07-23,12.35052,Tarazona
2020-07-28 02:00:00,0.0014,5.083333333333333,0.952896,2020-07-23,12.35052,Tarazona
2020-07-28 02:30:00,0.0014,5.104166666666667,0.952896,2020-07-23,12.35052,Tarazona
2020-07-28 03:00:00,0.0013000000000000002,5.125,0.8848320000000001,2020-07-23,12.35052,Tarazona
2020-07-28 03:30:00,0.0013000000000000002,5.145833333333333,0.8848320000000001,2020-07-23,12.35052,Tarazona
2020-07-28 04:00:00,0.0013000000000000002,5.166666666666667,0.8848320000000001,2020-07-23,12.35052,Tarazona
2020-07-28 04:30:00,0.0012000000000000001,5.1875,0.816768,2020-07-23,12.35052,Tarazona
2020-07-28 05:00:00,0.0012000000000000001,5.208333333333333,0.816768,2020-07-23,12.35052,Tarazona
2020-07-28 05:30:00,0.0048000000000000004,5.229166666666667,3.267072,2020-07-23,12.35052,Tarazona
2020-07-28 06:00:00,0.0105,5.25,7.14672,2020-07-23,12.35052,Tarazona
2020-07-28 06:30:00,0.0198,5.270833333333333,13.476672,2020-07-23,12.35052,Tarazona
2020-07-28 07:00:00,0.0315,5.291666666666667,21.44016,2020-07-23,12.35052,Tarazona
2020-07-28 07:30:00,0.0471,5.3125,32.058144,2020-07-23,12.35052,Tarazona
2020-07-28 08:00:00,0.0651,5.333333333333333,44.309664000000005,2020-07-23,12.35052,Tarazona
2020-07-28 08:30:00,0.08370000000000001,5.354166666666667,56.96956800000001,2020-07-23,12.35052,Tarazona
2020-07-28 09:00:00,0.1039,5.375,70.718496,2020-07-23,12.35052,Tarazona
2020-07-28 09:30:00,0.1236,5.395833333333333,84.127104,2020-07-23,12.35052,Tarazona
2020-07-28 10:00:00,0.1426,5.416666666666667,97.059264,2020-07-23,12.35052,Tarazona
2020-07-28 10:30:00,0.1575,5.4375,107.2008,2020-07-23,12.35052,Tarazona
2020-07-28 11:00:00,0.1699,5.458333333333333,115.64073599999999,2020-07-23,12.35052,Tarazona
2020-07-28 11:30:00,0.1782,5.479166666666667,121.290048,2020-07-23,12.35052,Tarazona
2020-07-28 12:00:00,0.1864,5.5,126.871296,2020-07-23,12.35052,Tarazona
2020-07-28 12:30:00,0.1854,5.520833333333333,126.190656,2020-07-23,12.35052,Tarazona
2020-07-28 13:00:00,0.17900000000000002,5.541666666666667,121.83456000000001,2020-07-23,12.35052,Tarazona
2020-07-28 13:30:00,0.17400000000000002,5.5625,118.43136000000001,2020-07-23,12.35052,Tarazona
2020-07-28 14:00:00,0.1658,5.583333333333333,112.850112,2020-07-23,12.35052,Tarazona
2020-07-28 14:30:00,0.1557,5.604166666666667,105.975648,2020-07-23,12.35052,Tarazona
2020-07-28 15:00:00,0.1413,5.625,96.17443200000001,2020-07-23,12.35052,Tarazona
2020-07-28 15:30:00,0.12350000000000001,5.645833333333333,84.05904000000001,2020-07-23,12.35052,Tarazona
2020-07-28 16:00:00,0.1047,5.666666666666667,71.263008,2020-07-23,12.35052,Tarazona
2020-07-28 16:30:00,0.0852,5.6875,57.990528,2020-07-23,12.35052,Tarazona
2020-07-28 17:00:00,0.068,5.708333333333333,46.28352,2020-07-23,12.35052,Tarazona
2020-07-28 17:30:00,0.046900000000000004,5.729166666666667,31.922016000000003,2020-07-23,12.35052,Tarazona
2020-07-28 18:00:00,0.0296,5.75,20.146944,2020-07-23,12.35052,Tarazona
2020-07-28 18:30:00,0.0031000000000000003,5.770833333333333,2.1099840000000003,2020-07-23,12.35052,Tarazona
2020-07-28 19:00:00,0.0028,5.791666666666667,1.905792,2020-07-23,12.35052,Tarazona
2020-07-28 19:30:00,0.0022,5.8125,1.497408,2020-07-23,12.35052,Tarazona
2020-07-28 20:00:00,0.0019,5.833333333333333,1.293216,2020-07-23,12.35052,Tarazona
2020-07-28 20:30:00,0.0017000000000000001,5.854166666666667,1.1570880000000001,2020-07-23,12.35052,Tarazona
2020-07-28 21:00:00,0.0015,5.875,1.02096,2020-07-23,12.35052,Tarazona
2020-07-28 21:30:00,0.0014,5.895833333333333,0.952896,2020-07-23,12.35052,Tarazona
2020-07-28 22:00:00,0.0012000000000000001,5.916666666666667,0.816768,2020-07-23,12.35052,Tarazona
2020-07-28 22:30:00,0.0011,5.9375,0.748704,2020-07-23,12.35052,Tarazona
2020-07-28 23:00:00,0.001,5.958333333333333,0.68064,2020-07-23,12.35052,Tarazona
2020-07-28 23:30:00,0.0009000000000000001,5.979166666666667,0.612576,2020-07-23,12.35052,Tarazona
2020-07-29 00:00:00,0.0007,6.0,0.476448,2020-07-23,12.35052,Tarazona
2020-07-29 00:30:00,0.0007,6.020833333333333,0.476448,2020-07-23,12.35052,Tarazona
2020-07-29 01:00:00,0.0006000000000000001,6.041666666666667,0.408384,2020-07-23,12.35052,Tarazona
2020-07-29 01:30:00,0.0006000000000000001,6.0625,0.408384,2020-07-23,12.35052,Tarazona
2020-07-29 02:00:00,0.0006000000000000001,6.083333333333333,0.408384,2020-07-23,12.35052,Tarazona
2020-07-29 02:30:00,0.0005,6.104166666666667,0.34032,2020-07-23,12.35052,Tarazona
2020-07-29 03:00:00,0.0005,6.125,0.34032,2020-07-23,12.35052,Tarazona
2020-07-29 03:30:00,0.0005,6.145833333333333,0.34032,2020-07-23,12.35052,Tarazona
2020-07-29 04:00:00,0.0005,6.166666666666667,0.34032,2020-07-23,12.35052,Tarazona
2020-07-29 04:30:00,0.0005,6.1875,0.34032,2020-07-23,12.35052,Tarazona
2020-07-29 05:00:00,0.0005,6.208333333333333,0.34032,2020-07-23,12.35052,Tarazona
2020-07-29 05:30:00,0.0023,6.229166666666667,1.565472,2020-07-23,12.35052,Tarazona
2020-07-29 06:00:00,0.0061,6.25,4.151904,2020-07-23,12.35052,Tarazona
2020-07-29 06:30:00,0.012100000000000001,6.270833333333333,8.235744,2020-07-23,12.35052,Tarazona
2020-07-29 07:00:00,0.0193,6.291666666666667,13.136352,2020-07-23,12.35052,Tarazona
2020-07-29 07:30:00,0.0286,6.3125,19.466304,2020-07-23,12.35052,Tarazona
2020-07-29 08:00:00,0.039,6.333333333333333,26.54496,2020-07-23,12.35052,Tarazona
2020-07-29 08:30:00,0.0507,6.354166666666667,34.508448,2020-07-23,12.35052,Tarazona
2020-07-29 09:00:00,0.063,6.375,42.88032,2020-07-23,12.35052,Tarazona
2020-07-29 09:30:00,0.0767,6.395833333333333,52.205088,2020-07-23,12.35052,Tarazona
2020-07-29 10:00:00,0.0903,6.416666666666667,61.461792,2020-07-23,12.35052,Tarazona
2020-07-29 10:30:00,0.101,6.4375,68.74464,2020-07-23,12.35052,Tarazona
2020-07-29 11:00:00,0.1105,6.458333333333333,75.21072,2020-07-23,12.35052,Tarazona
2020-07-29 11:30:00,0.11670000000000001,6.479166666666667,79.430688,2020-07-23,12.35052,Tarazona
2020-07-29 12:00:00,0.1213,6.5,82.561632,2020-07-23,12.35052,Tarazona
2020-07-29 12:30:00,0.12340000000000001,6.520833333333333,83.990976,2020-07-23,12.35052,Tarazona
2020-07-29 13:00:00,0.1233,6.541666666666667,83.922912,2020-07-23,12.35052,Tarazona
2020-07-29 13:30:00,0.12190000000000001,6.5625,82.970016,2020-07-23,12.35052,Tarazona
2020-07-29 14:00:00,0.11850000000000001,6.583333333333333,80.65584,2020-07-23,12.35052,Tarazona
2020-07-29 14:30:00,0.11030000000000001,6.604166666666667,75.07459200000001,2020-07-23,12.35052,Tarazona
2020-07-29 15:00:00,0.09920000000000001,6.625,67.51948800000001,2020-07-23,12.35052,Tarazona
2020-07-29 15:30:00,0.08650000000000001,6.645833333333333,58.87536,2020-07-23,12.35052,Tarazona
2020-07-29 16:00:00,0.0732,6.666666666666667,49.822848,2020-07-23,12.35052,Tarazona
2020-07-29 16:30:00,0.059000000000000004,6.6875,40.15776,2020-07-23,12.35052,Tarazona
2020-07-29 17:00:00,0.045000000000000005,6.708333333333333,30.628800000000002,2020-07-23,12.35052,Tarazona
2020-07-29 17:30:00,0.032100000000000004,6.729166666666667,21.848544,2020-07-23,12.35052,Tarazona
2020-07-29 18:00:00,0.0199,6.75,13.544736,2020-07-23,12.35052,Tarazona
2020-07-29 18:30:00,0.0095,6.770833333333333,6.46608,2020-07-23,12.35052,Tarazona
2020-07-29 19:00:00,0.0018000000000000002,6.791666666666667,1.225152,2020-07-23,12.35052,Tarazona
2020-07-29 19:30:00,0.0016,6.8125,1.089024,2020-07-23,12.35052,Tarazona
2020-07-29 20:00:00,0.0015,6.833333333333333,1.02096,2020-07-23,12.35052,Tarazona
2020-07-29 20:30:00,0.0014,6.854166666666667,0.952896,2020-07-23,12.35052,Tarazona
2020-07-29 21:00:00,0.0012000000000000001,6.875,0.816768,2020-07-23,12.35052,Tarazona
2020-07-29 21:30:00,0.001,6.895833333333333,0.68064,2020-07-23,12.35052,Tarazona
2020-07-29 22:00:00,0.0008,6.916666666666667,0.544512,2020-07-23,12.35052,Tarazona
2020-07-29 22:30:00,0.0007,6.9375,0.476448,2020-07-23,12.35052,Tarazona
2020-07-29 23:00:00,0.0006000000000000001,6.958333333333333,0.408384,2020-07-23,12.35052,Tarazona
2020-07-29 23:30:00,0.0006000000000000001,6.979166666666667,0.408384,2020-07-23,12.35052,Tarazona
2020-07-30 00:00:00,0.0005,7.0,0.34032,2020-07-23,12.35052,Tarazona
2020-07-30 00:30:00,0.0005,7.020833333333333,0.34032,2020-07-23,12.35052,Tarazona
2020-07-30 01:00:00,0.0005,7.041666666666667,0.34032,2020-07-23,12.35052,Tarazona
2020-07-30 01:30:00,0.0004,7.0625,0.272256,2020-07-23,12.35052,Tarazona
2020-07-30 02:00:00,0.0004,7.083333333333333,0.272256,2020-07-23,12.35052,Tarazona
2020-07-30 02:30:00,0.0004,7.104166666666667,0.272256,2020-07-23,12.35052,Tarazona
2020-07-30 03:00:00,0.0004,7.125,0.272256,2020-07-23,12.35052,Tarazona
2020-07-30 03:30:00,0.0004,7.145833333333333,0.272256,2020-07-23,12.35052,Tarazona
2020-07-30 04:00:00,0.0004,7.166666666666667,0.272256,2020-07-23,12.35052,Tarazona
2020-07-30 04:30:00,0.0006000000000000001,7.1875,0.408384,2020-07-23,12.35052,Tarazona
2020-07-30 05:00:00,0.0006000000000000001,7.208333333333333,0.408384,2020-07-23,12.35052,Tarazona
2020-07-30 05:30:00,0.002,7.229166666666667,1.36128,2020-07-23,12.35052,Tarazona
2020-07-30 06:00:00,0.006,7.25,4.08384,2020-07-23,12.35052,Tarazona
2020-07-30 06:30:00,0.012700000000000001,7.270833333333333,8.644128,2020-07-23,12.35052,Tarazona
2020-07-30 07:00:00,0.021,7.291666666666667,14.29344,2020-07-23,12.35052,Tarazona
2020-07-30 07:30:00,0.032,7.3125,21.78048,2020-07-23,12.35052,Tarazona
2020-07-30 08:00:00,0.0441,7.333333333333333,30.016224,2020-07-23,12.35052,Tarazona
2020-07-30 08:30:00,0.0568,7.354166666666667,38.660352,2020-07-23,12.35052,Tarazona
2020-07-30 09:00:00,0.0697,7.375,47.440608,2020-07-23,12.35052,Tarazona
2020-07-30 09:30:00,0.08020000000000001,7.395833333333333,54.58732800000001,2020-07-23,12.35052,Tarazona
2020-07-30 10:00:00,0.09000000000000001,7.416666666666667,61.257600000000004,2020-07-23,12.35052,Tarazona
2020-07-30 10:30:00,0.1009,7.4375,68.676576,2020-07-23,12.35052,Tarazona
2020-07-30 11:00:00,0.1109,7.458333333333333,75.482976,2020-07-23,12.35052,Tarazona
2020-07-30 11:30:00,0.1182,7.479166666666667,80.45164799999999,2020-07-23,12.35052,Tarazona
2020-07-30 12:00:00,0.12140000000000001,7.5,82.62969600000001,2020-07-23,12.35052,Tarazona
2020-07-30 12:30:00,0.1233,7.520833333333333,83.922912,2020-07-23,12.35052,Tarazona
2020-07-30 13:00:00,0.1232,7.541666666666667,83.854848,2020-07-23,12.35052,Tarazona
2020-07-30 13:30:00,0.11960000000000001,7.5625,81.404544,2020-07-23,12.35052,Tarazona
2020-07-30 14:00:00,0.11420000000000001,7.583333333333333,77.729088,2020-07-23,12.35052,Tarazona
2020-07-30 14:30:00,0.1039,7.604166666666667,70.718496,2020-07-23,12.35052,Tarazona
2020-07-30 15:00:00,0.092,7.625,62.61888,2020-07-23,12.35052,Tarazona
2020-07-30 15:30:00,0.0037,7.645833333333333,2.518368,2020-07-23,12.35052,Tarazona
2020-07-30 16:00:00,0.020800000000000003,7.666666666666667,14.157312000000001,2020-07-23,12.35052,Tarazona
2020-07-30 16:30:00,0.0031000000000000003,7.6875,2.1099840000000003,2020-07-23,12.35052,Tarazona
2020-07-30 17:00:00,0.0026000000000000003,7.708333333333333,1.7696640000000001,2020-07-23,12.35052,Tarazona
2020-07-30 17:30:00,0.0026000000000000003,7.729166666666667,1.7696640000000001,2020-07-23,12.35052,Tarazona
2020-07-30 18:00:00,0.0025,7.75,1.7016,2020-07-23,12.35052,Tarazona
2020-07-30 18:30:00,0.0078000000000000005,7.770833333333333,5.308992,2020-07-23,12.35052,Tarazona
2020-07-30 19:00:00,0.0025,7.791666666666667,1.7016,2020-07-23,12.35052,Tarazona
2020-07-30 19:30:00,0.0024000000000000002,7.8125,1.633536,2020-07-23,12.35052,Tarazona
2020-07-30 20:00:00,0.0024000000000000002,7.833333333333333,1.633536,2020-07-23,12.35052,Tarazona
2020-07-30 20:30:00,0.0019,7.854166666666667,1.293216,2020-07-23,12.35052,Tarazona
2020-07-30 21:00:00,0.0019,7.875,1.293216,2020-07-23,12.35052,Tarazona
2020-07-30 21:30:00,0.0016,7.895833333333333,1.089024,2020-07-23,12.35052,Tarazona
2020-07-30 22:00:00,0.0013000000000000002,7.916666666666667,0.8848320000000001,2020-07-23,12.35052,Tarazona
2020-07-30 22:30:00,0.0009000000000000001,7.9375,0.612576,2020-07-23,12.35052,Tarazona
2020-07-30 23:00:00,0.0008,7.958333333333333,0.544512,2020-07-23,12.35052,Tarazona
2020-07-30 23:30:00,0.0007,7.979166666666667,0.476448,2020-07-23,12.35052,Tarazona
2020-07-31 00:00:00,0.0008,8.0,0.544512,2020-07-23,12.35052,Tarazona
2020-07-31 00:30:00,0.0007,8.020833333333334,0.476448,2020-07-23,12.35052,Tarazona
2020-07-31 01:00:00,0.0006000000000000001,8.041666666666666,0.408384,2020-07-23,12.35052,Tarazona
2020-07-31 01:30:00,0.0006000000000000001,8.0625,0.408384,2020-07-23,12.35052,Tarazona
2020-07-31 02:00:00,0.0005,8.083333333333334,0.34032,2020-07-23,12.35052,Tarazona
2020-07-31 02:30:00,0.0004,8.104166666666666,0.272256,2020-07-23,12.35052,Tarazona
2020-07-31 03:00:00,0.00030000000000000003,8.125,0.204192,2020-07-23,12.35052,Tarazona
2020-07-31 03:30:00,0.00030000000000000003,8.145833333333334,0.204192,2020-07-23,12.35052,Tarazona
2020-07-31 04:00:00,0.0002,8.166666666666666,0.136128,2020-07-23,12.35052,Tarazona
2020-07-31 04:30:00,0.0002,8.1875,0.136128,2020-07-23,12.35052,Tarazona
2020-07-31 05:00:00,0.0001,8.208333333333334,0.068064,2020-07-23,12.35052,Tarazona
2020-07-31 05:30:00,0.0013000000000000002,8.229166666666666,0.8848320000000001,2020-07-23,12.35052,Tarazona
2020-07-31 06:00:00,0.0048000000000000004,8.25,3.267072,2020-07-23,12.35052,Tarazona
2020-07-31 06:30:00,0.0122,8.270833333333334,8.303808,2020-07-23,12.35052,Tarazona
2020-07-31 07:00:00,0.022500000000000003,8.291666666666666,15.314400000000001,2020-07-23,12.35052,Tarazona
2020-07-31 07:30:00,0.037200000000000004,8.3125,25.319808000000002,2020-07-23,12.35052,Tarazona
2020-07-31 08:00:00,0.0546,8.333333333333334,37.162944,2020-07-23,12.35052,Tarazona
2020-07-31 08:30:00,0.0742,8.354166666666666,50.503488,2020-07-23,12.35052,Tarazona
2020-07-31 09:00:00,0.0955,8.375,65.00112,2020-07-23,12.35052,Tarazona
2020-07-31 09:30:00,0.11670000000000001,8.395833333333334,79.430688,2020-07-23,12.35052,Tarazona
2020-07-31 10:00:00,0.1374,8.416666666666666,93.519936,2020-07-23,12.35052,Tarazona
2020-07-31 10:30:00,0.15330000000000002,8.4375,104.34211200000001,2020-07-23,12.35052,Tarazona
2020-07-31 11:00:00,0.1668,8.458333333333334,113.530752,2020-07-23,12.35052,Tarazona
2020-07-31 11:30:00,0.1771,8.479166666666666,120.54134400000001,2020-07-23,12.35052,Tarazona
2020-07-31 12:00:00,0.1826,8.5,124.284864,2020-07-23,12.35052,Tarazona
2020-07-31 12:30:00,0.1837,8.520833333333334,125.033568,2020-07-23,12.35052,Tarazona
2020-07-31 13:00:00,0.1816,8.541666666666666,123.604224,2020-07-23,12.35052,Tarazona
2020-07-31 13:30:00,0.1753,8.5625,119.316192,2020-07-23,12.35052,Tarazona
2020-07-31 14:00:00,0.1666,8.583333333333334,113.394624,2020-07-23,12.35052,Tarazona
2020-07-31 14:30:00,0.1522,8.604166666666666,103.593408,2020-07-23,12.35052,Tarazona
2020-07-31 15:00:00,0.13620000000000002,8.625,92.703168,2020-07-23,12.35052,Tarazona
2020-07-31 15:30:00,0.1226,8.645833333333334,83.44646399999999,2020-07-23,12.35052,Tarazona
2020-07-31 16:00:00,0.1072,8.666666666666666,72.964608,2020-07-23,12.35052,Tarazona
2020-07-31 16:30:00,0.08900000000000001,8.6875,60.57696000000001,2020-07-23,12.35052,Tarazona
2020-07-31 17:00:00,0.07060000000000001,8.708333333333334,48.05318400000001,2020-07-23,12.35052,Tarazona
2020-07-31 17:30:00,0.0517,8.729166666666666,35.189088,2020-07-23,12.35052,Tarazona
2020-07-31 18:00:00,0.032600000000000004,8.75,22.188864000000002,2020-07-23,12.35052,Tarazona
2020-07-31 18:30:00,0.0167,8.770833333333334,11.366688,2020-07-23,12.35052,Tarazona
2020-07-31 19:00:00,0.0034000000000000002,8.791666666666666,2.3141760000000002,2020-07-23,12.35052,Tarazona
2020-07-31 19:30:00,0.0031000000000000003,8.8125,2.1099840000000003,2020-07-23,12.35052,Tarazona
2020-07-31 20:00:00,0.0028,8.833333333333334,1.905792,2020-07-23,12.35052,Tarazona
2020-07-31 20:30:00,0.0029000000000000002,8.854166666666666,1.973856,2020-07-23,12.35052,Tarazona
2020-07-31 21:00:00,0.0025,8.875,1.7016,2020-07-23,12.35052,Tarazona
2020-07-31 21:30:00,0.0024000000000000002,8.895833333333334,1.633536,2020-07-23,12.35052,Tarazona
2020-07-31 22:00:00,0.002,8.916666666666666,1.36128,2020-07-23,12.35052,Tarazona
2020-07-31 22:30:00,0.0022,8.9375,1.497408,2020-07-23,12.35052,Tarazona
2020-07-31 23:00:00,0.0022,8.958333333333334,1.497408,2020-07-23,12.35052,Tarazona
2020-07-31 23:30:00,0.0018000000000000002,8.979166666666666,1.225152,2020-07-23,12.35052,Tarazona
2020-08-01 00:00:00,0.0014,9.0,0.952896,2020-07-23,12.35052,Tarazona
2020-08-01 00:30:00,0.0016,9.020833333333334,1.089024,2020-07-23,12.35052,Tarazona
2020-08-01 01:00:00,0.0015,9.041666666666666,1.02096,2020-07-23,12.35052,Tarazona
2020-08-01 01:30:00,0.0012000000000000001,9.0625,0.816768,2020-07-23,12.35052,Tarazona
2020-08-01 02:00:00,0.0012000000000000001,9.083333333333334,0.816768,2020-07-23,12.35052,Tarazona
2020-08-01 02:30:00,0.0012000000000000001,9.104166666666666,0.816768,2020-07-23,12.35052,Tarazona
2020-08-01 03:00:00,0.0012000000000000001,9.125,0.816768,2020-07-23,12.35052,Tarazona
2020-08-01 03:30:00,0.0014,9.145833333333334,0.952896,2020-07-23,12.35052,Tarazona
2020-08-01 04:00:00,0.0012000000000000001,9.166666666666666,0.816768,2020-07-23,12.35052,Tarazona
2020-08-01 04:30:00,0.0011,9.1875,0.748704,2020-07-23,12.35052,Tarazona
2020-08-01 05:00:00,0.0011,9.208333333333334,0.748704,2020-07-23,12.35052,Tarazona
2020-08-01 05:30:00,0.001,9.229166666666666,0.68064,2020-07-23,12.35052,Tarazona
2020-08-01 06:00:00,0.008400000000000001,9.25,5.717376000000001,2020-07-23,12.35052,Tarazona
2020-08-01 06:30:00,0.016300000000000002,9.270833333333334,11.094432000000001,2020-07-23,12.35052,Tarazona
2020-08-01 07:00:00,0.0258,9.291666666666666,17.560512,2020-07-23,12.35052,Tarazona
2020-08-01 07:30:00,0.0369,9.3125,25.115616,2020-07-23,12.35052,Tarazona
2020-08-01 08:00:00,0.0488,9.333333333333334,33.215232,2020-07-23,12.35052,Tarazona
2020-08-01 08:30:00,0.0627,9.354166666666666,42.676128000000006,2020-07-23,12.35052,Tarazona
2020-08-01 09:00:00,0.0765,9.375,52.06896,2020-07-23,12.35052,Tarazona
2020-08-01 09:30:00,0.0916,9.395833333333334,62.346624,2020-07-23,12.35052,Tarazona
2020-08-01 10:00:00,0.1062,9.416666666666666,72.283968,2020-07-23,12.35052,Tarazona
2020-08-01 10:30:00,0.1159,9.4375,78.886176,2020-07-23,12.35052,Tarazona
2020-08-01 11:00:00,0.12390000000000001,9.458333333333334,84.33129600000001,2020-07-23,12.35052,Tarazona
2020-08-01 11:30:00,0.12940000000000002,9.479166666666666,88.07481600000001,2020-07-23,12.35052,Tarazona
2020-08-01 12:00:00,0.1345,9.5,91.54608,2020-07-23,12.35052,Tarazona
2020-08-01 12:30:00,0.1351,9.520833333333334,91.954464,2020-07-23,12.35052,Tarazona
2020-08-01 13:00:00,0.1335,9.541666666666666,90.86544,2020-07-23,12.35052,Tarazona
2020-08-01 13:30:00,0.1291,9.5625,87.87062399999999,2020-07-23,12.35052,Tarazona
2020-08-01 14:00:00,0.1228,9.583333333333334,83.582592,2020-07-23,12.35052,Tarazona
2020-08-01 14:30:00,0.115,9.604166666666666,78.2736,2020-07-23,12.35052,Tarazona
2020-08-01 15:00:00,0.10600000000000001,9.625,72.14784,2020-07-23,12.35052,Tarazona
2020-08-01 15:30:00,0.09480000000000001,9.645833333333334,64.52467200000001,2020-07-23,12.35052,Tarazona
2020-08-01 16:00:00,0.08270000000000001,9.666666666666666,56.288928000000006,2020-07-23,12.35052,Tarazona
2020-08-01 16:30:00,0.0689,9.6875,46.896096,2020-07-23,12.35052,Tarazona
2020-08-01 17:00:00,0.0575,9.708333333333334,39.1368,2020-07-23,12.35052,Tarazona
2020-08-01 17:30:00,0.0427,9.729166666666666,29.063328000000002,2020-07-23,12.35052,Tarazona
2020-08-01 18:00:00,0.027700000000000002,9.75,18.853728,2020-07-23,12.35052,Tarazona
2020-08-01 18:30:00,0.013800000000000002,9.770833333333334,9.392832,2020-07-23,12.35052,Tarazona
2020-08-01 19:00:00,0.0029000000000000002,9.791666666666666,1.973856,2020-07-23,12.35052,Tarazona
2020-08-01 19:30:00,0.0026000000000000003,9.8125,1.7696640000000001,2020-07-23,12.35052,Tarazona
2020-08-01 20:00:00,0.0023,9.833333333333334,1.565472,2020-07-23,12.35052,Tarazona
2020-08-01 20:30:00,0.0022,9.854166666666666,1.497408,2020-07-23,12.35052,Tarazona
2020-08-01 21:00:00,0.002,9.875,1.36128,2020-07-23,12.35052,Tarazona
2020-08-01 21:30:00,0.002,9.895833333333334,1.36128,2020-07-23,12.35052,Tarazona
2020-08-01 22:00:00,0.0019,9.916666666666666,1.293216,2020-07-23,12.35052,Tarazona
2020-08-01 22:30:00,0.0018000000000000002,9.9375,1.225152,2020-07-23,12.35052,Tarazona
2020-08-01 23:00:00,0.0017000000000000001,9.958333333333334,1.1570880000000001,2020-07-23,12.35052,Tarazona
2020-08-01 23:30:00,0.0016,9.979166666666666,1.089024,2020-07-23,12.35052,Tarazona
2020-07-30 00:00:00,0.0005,0.0,0.34032,2020-07-30,12.48,Tarazona
2020-07-30 00:30:00,0.0005,0.020833333333333332,0.34032,2020-07-30,12.48,Tarazona
2020-07-30 01:00:00,0.0005,0.041666666666666664,0.34032,2020-07-30,12.48,Tarazona
2020-07-30 01:30:00,0.0004,0.0625,0.272256,2020-07-30,12.48,Tarazona
2020-07-30 02:00:00,0.0004,0.08333333333333333,0.272256,2020-07-30,12.48,Tarazona
2020-07-30 02:30:00,0.0004,0.10416666666666667,0.272256,2020-07-30,12.48,Tarazona
2020-07-30 03:00:00,0.0004,0.125,0.272256,2020-07-30,12.48,Tarazona
2020-07-30 03:30:00,0.0004,0.14583333333333334,0.272256,2020-07-30,12.48,Tarazona
2020-07-30 04:00:00,0.0004,0.16666666666666666,0.272256,2020-07-30,12.48,Tarazona
2020-07-30 04:30:00,0.0006000000000000001,0.1875,0.408384,2020-07-30,12.48,Tarazona
2020-07-30 05:00:00,0.0006000000000000001,0.20833333333333334,0.408384,2020-07-30,12.48,Tarazona
2020-07-30 05:30:00,0.002,0.22916666666666666,1.36128,2020-07-30,12.48,Tarazona
2020-07-30 06:00:00,0.006,0.25,4.08384,2020-07-30,12.48,Tarazona
2020-07-30 06:30:00,0.012700000000000001,0.2708333333333333,8.644128,2020-07-30,12.48,Tarazona
2020-07-30 07:00:00,0.021,0.2916666666666667,14.29344,2020-07-30,12.48,Tarazona
2020-07-30 07:30:00,0.032,0.3125,21.78048,2020-07-30,12.48,Tarazona
2020-07-30 08:00:00,0.0441,0.3333333333333333,30.016224,2020-07-30,12.48,Tarazona
2020-07-30 08:30:00,0.0568,0.3541666666666667,38.660352,2020-07-30,12.48,Tarazona
2020-07-30 09:00:00,0.0697,0.375,47.440608,2020-07-30,12.48,Tarazona
2020-07-30 09:30:00,0.08020000000000001,0.3958333333333333,54.58732800000001,2020-07-30,12.48,Tarazona
2020-07-30 10:00:00,0.09000000000000001,0.4166666666666667,61.257600000000004,2020-07-30,12.48,Tarazona
2020-07-30 10:30:00,0.1009,0.4375,68.676576,2020-07-30,12.48,Tarazona
2020-07-30 11:00:00,0.1109,0.4583333333333333,75.482976,2020-07-30,12.48,Tarazona
2020-07-30 11:30:00,0.1182,0.4791666666666667,80.45164799999999,2020-07-30,12.48,Tarazona
2020-07-30 12:00:00,0.12140000000000001,0.5,82.62969600000001,2020-07-30,12.48,Tarazona
2020-07-30 12:30:00,0.1233,0.5208333333333334,83.922912,2020-07-30,12.48,Tarazona
2020-07-30 13:00:00,0.1232,0.5416666666666666,83.854848,2020-07-30,12.48,Tarazona
2020-07-30 13:30:00,0.11960000000000001,0.5625,81.404544,2020-07-30,12.48,Tarazona
2020-07-30 14:00:00,0.11420000000000001,0.5833333333333334,77.729088,2020-07-30,12.48,Tarazona
2020-07-30 14:30:00,0.1039,0.6041666666666666,70.718496,2020-07-30,12.48,Tarazona
2020-07-30 15:00:00,0.092,0.625,62.61888,2020-07-30,12.48,Tarazona
2020-07-30 15:30:00,0.0037,0.6458333333333334,2.518368,2020-07-30,12.48,Tarazona
2020-07-30 16:00:00,0.020800000000000003,0.6666666666666666,14.157312000000001,2020-07-30,12.48,Tarazona
2020-07-30 16:30:00,0.0031000000000000003,0.6875,2.1099840000000003,2020-07-30,12.48,Tarazona
2020-07-30 17:00:00,0.0026000000000000003,0.7083333333333334,1.7696640000000001,2020-07-30,12.48,Tarazona
2020-07-30 17:30:00,0.0026000000000000003,0.7291666666666666,1.7696640000000001,2020-07-30,12.48,Tarazona
2020-07-30 18:00:00,0.0025,0.75,1.7016,2020-07-30,12.48,Tarazona
2020-07-30 18:30:00,0.0078000000000000005,0.7708333333333334,5.308992,2020-07-30,12.48,Tarazona
2020-07-30 19:00:00,0.0025,0.7916666666666666,1.7016,2020-07-30,12.48,Tarazona
2020-07-30 19:30:00,0.0024000000000000002,0.8125,1.633536,2020-07-30,12.48,Tarazona
2020-07-30 20:00:00,0.0024000000000000002,0.8333333333333334,1.633536,2020-07-30,12.48,Tarazona
2020-07-30 20:30:00,0.0019,0.8541666666666666,1.293216,2020-07-30,12.48,Tarazona
2020-07-30 21:00:00,0.0019,0.875,1.293216,2020-07-30,12.48,Tarazona
2020-07-30 21:30:00,0.0016,0.8958333333333334,1.089024,2020-07-30,12.48,Tarazona
2020-07-30 22:00:00,0.0013000000000000002,0.9166666666666666,0.8848320000000001,2020-07-30,12.48,Tarazona
2020-07-30 22:30:00,0.0009000000000000001,0.9375,0.612576,2020-07-30,12.48,Tarazona
2020-07-30 23:00:00,0.0008,0.9583333333333334,0.544512,2020-07-30,12.48,Tarazona
2020-07-30 23:30:00,0.0007,0.9791666666666666,0.476448,2020-07-30,12.48,Tarazona
2020-07-31 00:00:00,0.0008,1.0,0.544512,2020-07-30,12.48,Tarazona
2020-07-31 00:30:00,0.0007,1.0208333333333333,0.476448,2020-07-30,12.48,Tarazona
2020-07-31 01:00:00,0.0006000000000000001,1.0416666666666667,0.408384,2020-07-30,12.48,Tarazona
2020-07-31 01:30:00,0.0006000000000000001,1.0625,0.408384,2020-07-30,12.48,Tarazona
2020-07-31 02:00:00,0.0005,1.0833333333333333,0.34032,2020-07-30,12.48,Tarazona
2020-07-31 02:30:00,0.0004,1.1041666666666667,0.272256,2020-07-30,12.48,Tarazona
2020-07-31 03:00:00,0.00030000000000000003,1.125,0.204192,2020-07-30,12.48,Tarazona
2020-07-31 03:30:00,0.00030000000000000003,1.1458333333333333,0.204192,2020-07-30,12.48,Tarazona
2020-07-31 04:00:00,0.0002,1.1666666666666667,0.136128,2020-07-30,12.48,Tarazona
2020-07-31 04:30:00,0.0002,1.1875,0.136128,2020-07-30,12.48,Tarazona
2020-07-31 05:00:00,0.0001,1.2083333333333333,0.068064,2020-07-30,12.48,Tarazona
2020-07-31 05:30:00,0.0013000000000000002,1.2291666666666667,0.8848320000000001,2020-07-30,12.48,Tarazona
2020-07-31 06:00:00,0.0048000000000000004,1.25,3.267072,2020-07-30,12.48,Tarazona
2020-07-31 06:30:00,0.0122,1.2708333333333333,8.303808,2020-07-30,12.48,Tarazona
2020-07-31 07:00:00,0.022500000000000003,1.2916666666666667,15.314400000000001,2020-07-30,12.48,Tarazona
2020-07-31 07:30:00,0.037200000000000004,1.3125,25.319808000000002,2020-07-30,12.48,Tarazona
2020-07-31 08:00:00,0.0546,1.3333333333333333,37.162944,2020-07-30,12.48,Tarazona
2020-07-31 08:30:00,0.0742,1.3541666666666667,50.503488,2020-07-30,12.48,Tarazona
2020-07-31 09:00:00,0.0955,1.375,65.00112,2020-07-30,12.48,Tarazona
2020-07-31 09:30:00,0.11670000000000001,1.3958333333333333,79.430688,2020-07-30,12.48,Tarazona
2020-07-31 10:00:00,0.1374,1.4166666666666667,93.519936,2020-07-30,12.48,Tarazona
2020-07-31 10:30:00,0.15330000000000002,1.4375,104.34211200000001,2020-07-30,12.48,Tarazona
2020-07-31 11:00:00,0.1668,1.4583333333333333,113.530752,2020-07-30,12.48,Tarazona
2020-07-31 11:30:00,0.1771,1.4791666666666667,120.54134400000001,2020-07-30,12.48,Tarazona
2020-07-31 12:00:00,0.1826,1.5,124.284864,2020-07-30,12.48,Tarazona
2020-07-31 12:30:00,0.1837,1.5208333333333333,125.033568,2020-07-30,12.48,Tarazona
2020-07-31 13:00:00,0.1816,1.5416666666666667,123.604224,2020-07-30,12.48,Tarazona
2020-07-31 13:30:00,0.1753,1.5625,119.316192,2020-07-30,12.48,Tarazona
2020-07-31 14:00:00,0.1666,1.5833333333333333,113.394624,2020-07-30,12.48,Tarazona
2020-07-31 14:30:00,0.1522,1.6041666666666667,103.593408,2020-07-30,12.48,Tarazona
2020-07-31 15:00:00,0.13620000000000002,1.625,92.703168,2020-07-30,12.48,Tarazona
2020-07-31 15:30:00,0.1226,1.6458333333333333,83.44646399999999,2020-07-30,12.48,Tarazona
2020-07-31 16:00:00,0.1072,1.6666666666666667,72.964608,2020-07-30,12.48,Tarazona
2020-07-31 16:30:00,0.08900000000000001,1.6875,60.57696000000001,2020-07-30,12.48,Tarazona
2020-07-31 17:00:00,0.07060000000000001,1.7083333333333333,48.05318400000001,2020-07-30,12.48,Tarazona
2020-07-31 17:30:00,0.0517,1.7291666666666667,35.189088,2020-07-30,12.48,Tarazona
2020-07-31 18:00:00,0.032600000000000004,1.75,22.188864000000002,2020-07-30,12.48,Tarazona
2020-07-31 18:30:00,0.0167,1.7708333333333333,11.366688,2020-07-30,12.48,Tarazona
2020-07-31 19:00:00,0.0034000000000000002,1.7916666666666667,2.3141760000000002,2020-07-30,12.48,Tarazona
2020-07-31 19:30:00,0.0031000000000000003,1.8125,2.1099840000000003,2020-07-30,12.48,Tarazona
2020-07-31 20:00:00,0.0028,1.8333333333333333,1.905792,2020-07-30,12.48,Tarazona
2020-07-31 20:30:00,0.0029000000000000002,1.8541666666666667,1.973856,2020-07-30,12.48,Tarazona
2020-07-31 21:00:00,0.0025,1.875,1.7016,2020-07-30,12.48,Tarazona
2020-07-31 21:30:00,0.0024000000000000002,1.8958333333333333,1.633536,2020-07-30,12.48,Tarazona
2020-07-31 22:00:00,0.002,1.9166666666666667,1.36128,2020-07-30,12.48,Tarazona
2020-07-31 22:30:00,0.0022,1.9375,1.497408,2020-07-30,12.48,Tarazona
2020-07-31 23:00:00,0.0022,1.9583333333333333,1.497408,2020-07-30,12.48,Tarazona
2020-07-31 23:30:00,0.0018000000000000002,1.9791666666666667,1.225152,2020-07-30,12.48,Tarazona
2020-08-01 00:00:00,0.0014,2.0,0.952896,2020-07-30,12.48,Tarazona
2020-08-01 00:30:00,0.0016,2.0208333333333335,1.089024,2020-07-30,12.48,Tarazona
2020-08-01 01:00:00,0.0015,2.0416666666666665,1.02096,2020-07-30,12.48,Tarazona
2020-08-01 01:30:00,0.0012000000000000001,2.0625,0.816768,2020-07-30,12.48,Tarazona
2020-08-01 02:00:00,0.0012000000000000001,2.0833333333333335,0.816768,2020-07-30,12.48,Tarazona
2020-08-01 02:30:00,0.0012000000000000001,2.1041666666666665,0.816768,2020-07-30,12.48,Tarazona
2020-08-01 03:00:00,0.0012000000000000001,2.125,0.816768,2020-07-30,12.48,Tarazona
2020-08-01 03:30:00,0.0014,2.1458333333333335,0.952896,2020-07-30,12.48,Tarazona
2020-08-01 04:00:00,0.0012000000000000001,2.1666666666666665,0.816768,2020-07-30,12.48,Tarazona
2020-08-01 04:30:00,0.0011,2.1875,0.748704,2020-07-30,12.48,Tarazona
2020-08-01 05:00:00,0.0011,2.2083333333333335,0.748704,2020-07-30,12.48,Tarazona
2020-08-01 05:30:00,0.001,2.2291666666666665,0.68064,2020-07-30,12.48,Tarazona
2020-08-01 06:00:00,0.008400000000000001,2.25,5.717376000000001,2020-07-30,12.48,Tarazona
2020-08-01 06:30:00,0.016300000000000002,2.2708333333333335,11.094432000000001,2020-07-30,12.48,Tarazona
2020-08-01 07:00:00,0.0258,2.2916666666666665,17.560512,2020-07-30,12.48,Tarazona
2020-08-01 07:30:00,0.0369,2.3125,25.115616,2020-07-30,12.48,Tarazona
2020-08-01 08:00:00,0.0488,2.3333333333333335,33.215232,2020-07-30,12.48,Tarazona
2020-08-01 08:30:00,0.0627,2.3541666666666665,42.676128000000006,2020-07-30,12.48,Tarazona
2020-08-01 09:00:00,0.0765,2.375,52.06896,2020-07-30,12.48,Tarazona
2020-08-01 09:30:00,0.0916,2.3958333333333335,62.346624,2020-07-30,12.48,Tarazona
2020-08-01 10:00:00,0.1062,2.4166666666666665,72.283968,2020-07-30,12.48,Tarazona
2020-08-01 10:30:00,0.1159,2.4375,78.886176,2020-07-30,12.48,Tarazona
2020-08-01 11:00:00,0.12390000000000001,2.4583333333333335,84.33129600000001,2020-07-30,12.48,Tarazona
2020-08-01 11:30:00,0.12940000000000002,2.4791666666666665,88.07481600000001,2020-07-30,12.48,Tarazona
2020-08-01 12:00:00,0.1345,2.5,91.54608,2020-07-30,12.48,Tarazona
2020-08-01 12:30:00,0.1351,2.5208333333333335,91.954464,2020-07-30,12.48,Tarazona
2020-08-01 13:00:00,0.1335,2.5416666666666665,90.86544,2020-07-30,12.48,Tarazona
2020-08-01 13:30:00,0.1291,2.5625,87.87062399999999,2020-07-30,12.48,Tarazona
2020-08-01 14:00:00,0.1228,2.5833333333333335,83.582592,2020-07-30,12.48,Tarazona
2020-08-01 14:30:00,0.115,2.6041666666666665,78.2736,2020-07-30,12.48,Tarazona
2020-08-01 15:00:00,0.10600000000000001,2.625,72.14784,2020-07-30,12.48,Tarazona
2020-08-01 15:30:00,0.09480000000000001,2.6458333333333335,64.52467200000001,2020-07-30,12.48,Tarazona
2020-08-01 16:00:00,0.08270000000000001,2.6666666666666665,56.288928000000006,2020-07-30,12.48,Tarazona
2020-08-01 16:30:00,0.0689,2.6875,46.896096,2020-07-30,12.48,Tarazona
2020-08-01 17:00:00,0.0575,2.7083333333333335,39.1368,2020-07-30,12.48,Tarazona
2020-08-01 17:30:00,0.0427,2.7291666666666665,29.063328000000002,2020-07-30,12.48,Tarazona
2020-08-01 18:00:00,0.027700000000000002,2.75,18.853728,2020-07-30,12.48,Tarazona
2020-08-01 18:30:00,0.013800000000000002,2.7708333333333335,9.392832,2020-07-30,12.48,Tarazona
2020-08-01 19:00:00,0.0029000000000000002,2.7916666666666665,1.973856,2020-07-30,12.48,Tarazona
2020-08-01 19:30:00,0.0026000000000000003,2.8125,1.7696640000000001,2020-07-30,12.48,Tarazona
2020-08-01 20:00:00,0.0023,2.8333333333333335,1.565472,2020-07-30,12.48,Tarazona
2020-08-01 20:30:00,0.0022,2.8541666666666665,1.497408,2020-07-30,12.48,Tarazona
2020-08-01 21:00:00,0.002,2.875,1.36128,2020-07-30,12.48,Tarazona
2020-08-01 21:30:00,0.002,2.8958333333333335,1.36128,2020-07-30,12.48,Tarazona
2020-08-01 22:00:00,0.0019,2.9166666666666665,1.293216,2020-07-30,12.48,Tarazona
2020-08-01 22:30:00,0.0018000000000000002,2.9375,1.225152,2020-07-30,12.48,Tarazona
2020-08-01 23:00:00,0.0017000000000000001,2.9583333333333335,1.1570880000000001,2020-07-30,12.48,Tarazona
2020-08-01 23:30:00,0.0016,2.9791666666666665,1.089024,2020-07-30,12.48,Tarazona
2020-08-02 00:00:00,0.0016,3.0,1.089024,2020-07-30,12.48,Tarazona
2020-08-02 00:30:00,0.0014,3.0208333333333335,0.952896,2020-07-30,12.48,Tarazona
2020-08-02 01:00:00,0.0014,3.0416666666666665,0.952896,2020-07-30,12.48,Tarazona
2020-08-02 01:30:00,0.0014,3.0625,0.952896,2020-07-30,12.48,Tarazona
2020-08-02 02:00:00,0.0013000000000000002,3.0833333333333335,0.8848320000000001,2020-07-30,12.48,Tarazona
2020-08-02 02:30:00,0.0012000000000000001,3.1041666666666665,0.816768,2020-07-30,12.48,Tarazona
2020-08-02 03:00:00,0.001,3.125,0.68064,2020-07-30,12.48,Tarazona
2020-08-02 03:30:00,0.001,3.1458333333333335,0.68064,2020-07-30,12.48,Tarazona
2020-08-02 04:00:00,0.001,3.1666666666666665,0.68064,2020-07-30,12.48,Tarazona
2020-08-02 04:30:00,0.001,3.1875,0.68064,2020-07-30,12.48,Tarazona
2020-08-02 05:00:00,0.001,3.2083333333333335,0.68064,2020-07-30,12.48,Tarazona
2020-08-02 05:30:00,0.0009000000000000001,3.2291666666666665,0.612576,2020-07-30,12.48,Tarazona
2020-08-02 06:00:00,0.0083,3.25,5.649312,2020-07-30,12.48,Tarazona
2020-08-02 06:30:00,0.017,3.2708333333333335,11.57088,2020-07-30,12.48,Tarazona
2020-08-02 07:00:00,0.028300000000000002,3.2916666666666665,19.262112000000002,2020-07-30,12.48,Tarazona
2020-08-02 07:30:00,0.0422,3.3125,28.723008,2020-07-30,12.48,Tarazona
2020-08-02 08:00:00,0.058600000000000006,3.3333333333333335,39.885504000000005,2020-07-30,12.48,Tarazona
2020-08-02 08:30:00,0.07540000000000001,3.3541666666666665,51.32025600000001,2020-07-30,12.48,Tarazona
2020-08-02 09:00:00,0.0921,3.375,62.686944,2020-07-30,12.48,Tarazona
2020-08-02 09:30:00,0.1042,3.3958333333333335,70.922688,2020-07-30,12.48,Tarazona
2020-08-02 10:00:00,0.1145,3.4166666666666665,77.93328,2020-07-30,12.48,Tarazona
2020-08-02 10:30:00,0.1233,3.4375,83.922912,2020-07-30,12.48,Tarazona
2020-08-02 11:00:00,0.13,3.4583333333333335,88.4832,2020-07-30,12.48,Tarazona
2020-08-02 11:30:00,0.1335,3.4791666666666665,90.86544,2020-07-30,12.48,Tarazona
2020-08-02 12:00:00,0.1338,3.5,91.069632,2020-07-30,12.48,Tarazona
2020-08-02 12:30:00,0.1321,3.5208333333333335,89.912544,2020-07-30,12.48,Tarazona
2020-08-02 13:00:00,0.1288,3.5416666666666665,87.666432,2020-07-30,12.48,Tarazona
2020-08-02 13:30:00,0.12430000000000001,3.5625,84.60355200000001,2020-07-30,12.48,Tarazona
2020-08-02 14:00:00,0.1184,3.5833333333333335,80.587776,2020-07-30,12.48,Tarazona
2020-08-02 14:30:00,0.1101,3.6041666666666665,74.938464,2020-07-30,12.48,Tarazona
2020-08-02 15:00:00,0.1008,3.625,68.608512,2020-07-30,12.48,Tarazona
2020-08-02 15:30:00,0.0907,3.6458333333333335,61.734048,2020-07-30,12.48,Tarazona
2020-08-02 16:00:00,0.08,3.6666666666666665,54.4512,2020-07-30,12.48,Tarazona
2020-08-02 16:30:00,0.06760000000000001,3.6875,46.011264000000004,2020-07-30,12.48,Tarazona
2020-08-02 17:00:00,0.0555,3.7083333333333335,37.77552,2020-07-30,12.48,Tarazona
2020-08-02 17:30:00,0.041100000000000005,3.7291666666666665,27.974304000000004,2020-07-30,12.48,Tarazona
2020-08-02 18:00:00,0.0236,3.75,16.063104,2020-07-30,12.48,Tarazona
2020-08-02 18:30:00,0.0128,3.7708333333333335,8.712192,2020-07-30,12.48,Tarazona
2020-08-02 19:00:00,0.0028,3.7916666666666665,1.905792,2020-07-30,12.48,Tarazona
2020-08-02 19:30:00,0.0027,3.8125,1.837728,2020-07-30,12.48,Tarazona
2020-08-02 20:00:00,0.0024000000000000002,3.8333333333333335,1.633536,2020-07-30,12.48,Tarazona
2020-08-02 20:30:00,0.0025,3.8541666666666665,1.7016,2020-07-30,12.48,Tarazona
2020-08-02 21:00:00,0.0023,3.875,1.565472,2020-07-30,12.48,Tarazona
2020-08-02 21:30:00,0.0023,3.8958333333333335,1.565472,2020-07-30,12.48,Tarazona
2020-08-02 22:00:00,0.0024000000000000002,3.9166666666666665,1.633536,2020-07-30,12.48,Tarazona
2020-08-02 22:30:00,0.002,3.9375,1.36128,2020-07-30,12.48,Tarazona
2020-08-02 23:00:00,0.0021000000000000003,3.9583333333333335,1.4293440000000002,2020-07-30,12.48,Tarazona
2020-08-02 23:30:00,0.002,3.9791666666666665,1.36128,2020-07-30,12.48,Tarazona
2020-08-03 00:00:00,0.0016,4.0,1.089024,2020-07-30,12.48,Tarazona
2020-08-03 00:30:00,0.0014,4.020833333333333,0.952896,2020-07-30,12.48,Tarazona
2020-08-03 01:00:00,0.0011,4.041666666666667,0.748704,2020-07-30,12.48,Tarazona
2020-08-03 01:30:00,0.0008,4.0625,0.544512,2020-07-30,12.48,Tarazona
2020-08-03 02:00:00,0.0005,4.083333333333333,0.34032,2020-07-30,12.48,Tarazona
2020-08-03 02:30:00,0.00030000000000000003,4.104166666666667,0.204192,2020-07-30,12.48,Tarazona
2020-08-03 03:00:00,0.0002,4.125,0.136128,2020-07-30,12.48,Tarazona
2020-08-03 03:30:00,0.0001,4.145833333333333,0.068064,2020-07-30,12.48,Tarazona
2020-08-03 04:00:00,0.0001,4.166666666666667,0.068064,2020-07-30,12.48,Tarazona
2020-08-03 04:30:00,0.0,4.1875,0.0,2020-07-30,12.48,Tarazona
2020-08-03 05:00:00,0.0,4.208333333333333,0.0,2020-07-30,12.48,Tarazona
2020-08-03 05:30:00,0.0002,4.229166666666667,0.136128,2020-07-30,12.48,Tarazona
2020-08-03 06:00:00,0.0004,4.25,0.272256,2020-07-30,12.48,Tarazona
2020-08-03 06:30:00,0.0002,4.270833333333333,0.136128,2020-07-30,12.48,Tarazona
2020-08-03 07:00:00,0.0004,4.291666666666667,0.272256,2020-07-30,12.48,Tarazona
2020-08-03 07:30:00,0.0167,4.3125,11.366688,2020-07-30,12.48,Tarazona
2020-08-03 08:00:00,0.028,4.333333333333333,19.05792,2020-07-30,12.48,Tarazona
2020-08-03 08:30:00,0.056900000000000006,4.354166666666667,38.728416,2020-07-30,12.48,Tarazona
2020-08-03 09:00:00,0.0719,4.375,48.938016000000005,2020-07-30,12.48,Tarazona
2020-08-03 09:30:00,0.0847,4.395833333333333,57.650208,2020-07-30,12.48,Tarazona
2020-08-03 10:00:00,0.1041,4.416666666666667,70.854624,2020-07-30,12.48,Tarazona
2020-08-03 10:30:00,0.11660000000000001,4.4375,79.36262400000001,2020-07-30,12.48,Tarazona
2020-08-03 11:00:00,0.13,4.458333333333333,88.4832,2020-07-30,12.48,Tarazona
2020-08-03 11:30:00,0.1378,4.479166666666667,93.792192,2020-07-30,12.48,Tarazona
2020-08-03 12:00:00,0.1434,4.5,97.603776,2020-07-30,12.48,Tarazona
2020-08-03 12:30:00,0.1457,4.520833333333333,99.169248,2020-07-30,12.48,Tarazona
2020-08-03 13:00:00,0.1422,4.541666666666667,96.787008,2020-07-30,12.48,Tarazona
2020-08-03 13:30:00,0.13770000000000002,4.5625,93.72412800000001,2020-07-30,12.48,Tarazona
2020-08-03 14:00:00,0.1306,4.583333333333333,88.891584,2020-07-30,12.48,Tarazona
2020-08-03 14:30:00,0.1203,4.604166666666667,81.880992,2020-07-30,12.48,Tarazona
2020-08-03 15:00:00,0.111,4.625,75.55104,2020-07-30,12.48,Tarazona
2020-08-03 15:30:00,0.0966,4.645833333333333,65.749824,2020-07-30,12.48,Tarazona
2020-08-03 16:00:00,0.0789,4.666666666666667,53.702496,2020-07-30,12.48,Tarazona
2020-08-03 16:30:00,0.0639,4.6875,43.492895999999995,2020-07-30,12.48,Tarazona
2020-08-03 17:00:00,0.049300000000000004,4.708333333333333,33.555552,2020-07-30,12.48,Tarazona
2020-08-03 17:30:00,0.0347,4.729166666666667,23.618208,2020-07-30,12.48,Tarazona
2020-08-03 18:00:00,0.0216,4.75,14.701824,2020-07-30,12.48,Tarazona
2020-08-03 18:30:00,0.0109,4.770833333333333,7.418976,2020-07-30,12.48,Tarazona
2020-08-03 19:00:00,0.0022,4.791666666666667,1.497408,2020-07-30,12.48,Tarazona
2020-08-03 19:30:00,0.0021000000000000003,4.8125,1.4293440000000002,2020-07-30,12.48,Tarazona
2020-08-03 20:00:00,0.0022,4.833333333333333,1.497408,2020-07-30,12.48,Tarazona
2020-08-03 20:30:00,0.002,4.854166666666667,1.36128,2020-07-30,12.48,Tarazona
2020-08-03 21:00:00,0.002,4.875,1.36128,2020-07-30,12.48,Tarazona
2020-08-03 21:30:00,0.0015,4.895833333333333,1.02096,2020-07-30,12.48,Tarazona
2020-08-03 22:00:00,0.0013000000000000002,4.916666666666667,0.8848320000000001,2020-07-30,12.48,Tarazona
2020-08-03 22:30:00,0.0012000000000000001,4.9375,0.816768,2020-07-30,12.48,Tarazona
2020-08-03 23:00:00,0.0011,4.958333333333333,0.748704,2020-07-30,12.48,Tarazona
2020-08-03 23:30:00,0.0006000000000000001,4.979166666666667,0.408384,2020-07-30,12.48,Tarazona
2020-08-04 00:00:00,0.0004,5.0,0.272256,2020-07-30,12.48,Tarazona
2020-08-04 00:30:00,0.0005,5.020833333333333,0.34032,2020-07-30,12.48,Tarazona
2020-08-04 01:00:00,0.0001,5.041666666666667,0.068064,2020-07-30,12.48,Tarazona
2020-08-04 01:30:00,0.0001,5.0625,0.068064,2020-07-30,12.48,Tarazona
2020-08-04 02:00:00,0.0,5.083333333333333,0.0,2020-07-30,12.48,Tarazona
2020-08-04 02:30:00,0.0,5.104166666666667,0.0,2020-07-30,12.48,Tarazona
2020-08-04 03:00:00,0.0,5.125,0.0,2020-07-30,12.48,Tarazona
2020-08-04 03:30:00,0.0002,5.145833333333333,0.136128,2020-07-30,12.48,Tarazona
2020-08-04 04:00:00,0.0002,5.166666666666667,0.136128,2020-07-30,12.48,Tarazona
2020-08-04 04:30:00,0.0002,5.1875,0.136128,2020-07-30,12.48,Tarazona
2020-08-04 05:00:00,0.0002,5.208333333333333,0.136128,2020-07-30,12.48,Tarazona
2020-08-04 05:30:00,0.0001,5.229166666666667,0.068064,2020-07-30,12.48,Tarazona
2020-08-04 06:00:00,0.001,5.25,0.68064,2020-07-30,12.48,Tarazona
2020-08-04 06:30:00,0.004,5.270833333333333,2.72256,2020-07-30,12.48,Tarazona
2020-08-04 07:00:00,0.017,5.291666666666667,11.57088,2020-07-30,12.48,Tarazona
2020-08-04 07:30:00,0.028,5.3125,19.05792,2020-07-30,12.48,Tarazona
2020-08-04 08:00:00,0.040400000000000005,5.333333333333333,27.497856000000002,2020-07-30,12.48,Tarazona
2020-08-04 08:30:00,0.054400000000000004,5.354166666666667,37.026816000000004,2020-07-30,12.48,Tarazona
2020-08-04 09:00:00,0.069,5.375,46.96416,2020-07-30,12.48,Tarazona
2020-08-04 09:30:00,0.0844,5.395833333333333,57.446016,2020-07-30,12.48,Tarazona
2020-08-04 10:00:00,0.10260000000000001,5.416666666666667,69.833664,2020-07-30,12.48,Tarazona
2020-08-04 10:30:00,0.1124,5.4375,76.503936,2020-07-30,12.48,Tarazona
2020-08-04 11:00:00,0.12390000000000001,5.458333333333333,84.33129600000001,2020-07-30,12.48,Tarazona
2020-08-04 11:30:00,0.133,5.479166666666667,90.52512,2020-07-30,12.48,Tarazona
2020-08-04 12:00:00,0.1411,5.5,96.038304,2020-07-30,12.48,Tarazona
2020-08-04 12:30:00,0.1439,5.520833333333333,97.944096,2020-07-30,12.48,Tarazona
2020-08-04 13:00:00,0.1466,5.541666666666667,99.781824,2020-07-30,12.48,Tarazona
2020-08-04 13:30:00,0.1419,5.5625,96.582816,2020-07-30,12.48,Tarazona
2020-08-04 14:00:00,0.1346,5.583333333333333,91.614144,2020-07-30,12.48,Tarazona
2020-08-04 14:30:00,0.1107,5.604166666666667,75.34684800000001,2020-07-30,12.48,Tarazona
2020-08-04 15:00:00,0.10940000000000001,5.625,74.462016,2020-07-30,12.48,Tarazona
2020-08-04 15:30:00,0.0955,5.645833333333333,65.00112,2020-07-30,12.48,Tarazona
2020-08-04 16:00:00,0.0809,5.666666666666667,55.063776,2020-07-30,12.48,Tarazona
2020-08-04 16:30:00,0.06570000000000001,5.6875,44.718048,2020-07-30,12.48,Tarazona
2020-08-04 17:00:00,0.050800000000000005,5.708333333333333,34.576512,2020-07-30,12.48,Tarazona
2020-08-04 17:30:00,0.0363,5.729166666666667,24.707231999999998,2020-07-30,12.48,Tarazona
2020-08-04 18:00:00,0.0229,5.75,15.586656,2020-07-30,12.48,Tarazona
2020-08-04 18:30:00,0.011000000000000001,5.770833333333333,7.48704,2020-07-30,12.48,Tarazona
2020-08-04 19:00:00,0.0021000000000000003,5.791666666666667,1.4293440000000002,2020-07-30,12.48,Tarazona
2020-08-04 19:30:00,0.0019,5.8125,1.293216,2020-07-30,12.48,Tarazona
2020-08-04 20:00:00,0.0016,5.833333333333333,1.089024,2020-07-30,12.48,Tarazona
2020-08-04 20:30:00,0.0014,5.854166666666667,0.952896,2020-07-30,12.48,Tarazona
2020-08-04 21:00:00,0.0011,5.875,0.748704,2020-07-30,12.48,Tarazona
2020-08-04 21:30:00,0.0009000000000000001,5.895833333333333,0.612576,2020-07-30,12.48,Tarazona
2020-08-04 22:00:00,0.0008,5.916666666666667,0.544512,2020-07-30,12.48,Tarazona
2020-08-04 22:30:00,0.0005,5.9375,0.34032,2020-07-30,12.48,Tarazona
2020-08-04 23:00:00,0.00030000000000000003,5.958333333333333,0.204192,2020-07-30,12.48,Tarazona
2020-08-04 23:30:00,0.0004,5.979166666666667,0.272256,2020-07-30,12.48,Tarazona
2020-08-05 00:00:00,0.00030000000000000003,6.0,0.204192,2020-07-30,12.48,Tarazona
2020-08-05 00:30:00,0.0001,6.020833333333333,0.068064,2020-07-30,12.48,Tarazona
2020-08-05 01:00:00,0.00030000000000000003,6.041666666666667,0.204192,2020-07-30,12.48,Tarazona
2020-08-05 01:30:00,0.00030000000000000003,6.0625,0.204192,2020-07-30,12.48,Tarazona
2020-08-05 02:00:00,0.0002,6.083333333333333,0.136128,2020-07-30,12.48,Tarazona
2020-08-05 02:30:00,0.0002,6.104166666666667,0.136128,2020-07-30,12.48,Tarazona
2020-08-05 03:00:00,0.0002,6.125,0.136128,2020-07-30,12.48,Tarazona
2020-08-05 03:30:00,0.0002,6.145833333333333,0.136128,2020-07-30,12.48,Tarazona
2020-08-05 04:00:00,0.0002,6.166666666666667,0.136128,2020-07-30,12.48,Tarazona
2020-08-05 04:30:00,0.0002,6.1875,0.136128,2020-07-30,12.48,Tarazona
2020-08-05 05:00:00,0.0002,6.208333333333333,0.136128,2020-07-30,12.48,Tarazona
2020-08-05 05:30:00,0.0,6.229166666666667,0.0,2020-07-30,12.48,Tarazona
2020-08-05 06:00:00,0.004,6.25,2.72256,2020-07-30,12.48,Tarazona
2020-08-05 06:30:00,0.0058000000000000005,6.270833333333333,3.947712,2020-07-30,12.48,Tarazona
2020-08-05 07:00:00,0.018000000000000002,6.291666666666667,12.251520000000001,2020-07-30,12.48,Tarazona
2020-08-05 07:30:00,0.029,6.3125,19.73856,2020-07-30,12.48,Tarazona
2020-08-05 08:00:00,0.041800000000000004,6.333333333333333,28.450752,2020-07-30,12.48,Tarazona
2020-08-05 08:30:00,0.0572,6.354166666666667,38.932608,2020-07-30,12.48,Tarazona
2020-08-05 09:00:00,0.0733,6.375,49.890912,2020-07-30,12.48,Tarazona
2020-08-05 09:30:00,0.08800000000000001,6.395833333333333,59.89632,2020-07-30,12.48,Tarazona
2020-08-05 10:00:00,0.1022,6.416666666666667,69.561408,2020-07-30,12.48,Tarazona
2020-08-05 10:30:00,0.1158,6.4375,78.818112,2020-07-30,12.48,Tarazona
2020-08-05 11:00:00,0.1277,6.458333333333333,86.917728,2020-07-30,12.48,Tarazona
2020-08-05 11:30:00,0.1375,6.479166666666667,93.58800000000001,2020-07-30,12.48,Tarazona
2020-08-05 12:00:00,0.1443,6.5,98.216352,2020-07-30,12.48,Tarazona
2020-08-05 12:30:00,0.14730000000000001,6.520833333333333,100.258272,2020-07-30,12.48,Tarazona
2020-08-05 13:00:00,0.1472,6.541666666666667,100.190208,2020-07-30,12.48,Tarazona
2020-08-05 13:30:00,0.1434,6.5625,97.603776,2020-07-30,12.48,Tarazona
2020-08-05 14:00:00,0.13670000000000002,6.583333333333333,93.04348800000001,2020-07-30,12.48,Tarazona
2020-08-05 14:30:00,0.1267,6.604166666666667,86.237088,2020-07-30,12.48,Tarazona
2020-08-05 15:00:00,0.11470000000000001,6.625,78.06940800000001,2020-07-30,12.48,Tarazona
2020-08-05 15:30:00,0.10010000000000001,6.645833333333333,68.132064,2020-07-30,12.48,Tarazona
2020-08-05 16:00:00,0.0847,6.666666666666667,57.650208,2020-07-30,12.48,Tarazona
2020-08-05 16:30:00,0.0682,6.6875,46.419647999999995,2020-07-30,12.48,Tarazona
2020-08-05 17:00:00,0.0522,6.708333333333333,35.529408000000004,2020-07-30,12.48,Tarazona
2020-08-05 17:30:00,0.0368,6.729166666666667,25.047552,2020-07-30,12.48,Tarazona
2020-08-05 18:00:00,0.022500000000000003,6.75,15.314400000000001,2020-07-30,12.48,Tarazona
2020-08-05 18:30:00,0.0105,6.770833333333333,7.14672,2020-07-30,12.48,Tarazona
2020-08-05 19:00:00,0.0022,6.791666666666667,1.497408,2020-07-30,12.48,Tarazona
2020-08-05 19:30:00,0.002,6.8125,1.36128,2020-07-30,12.48,Tarazona
2020-08-05 20:00:00,0.0018000000000000002,6.833333333333333,1.225152,2020-07-30,12.48,Tarazona
2020-08-05 20:30:00,0.0015,6.854166666666667,1.02096,2020-07-30,12.48,Tarazona
2020-08-05 21:00:00,0.0013000000000000002,6.875,0.8848320000000001,2020-07-30,12.48,Tarazona
2020-08-05 21:30:00,0.001,6.895833333333333,0.68064,2020-07-30,12.48,Tarazona
2020-08-05 22:00:00,0.0008,6.916666666666667,0.544512,2020-07-30,12.48,Tarazona
2020-08-05 22:30:00,0.0007,6.9375,0.476448,2020-07-30,12.48,Tarazona
2020-08-05 23:00:00,0.0006000000000000001,6.958333333333333,0.408384,2020-07-30,12.48,Tarazona
2020-08-05 23:30:00,0.0005,6.979166666666667,0.34032,2020-07-30,12.48,Tarazona
2020-08-06 00:00:00,0.0004,7.0,0.272256,2020-07-30,12.48,Tarazona
2020-08-06 00:30:00,0.00030000000000000003,7.020833333333333,0.204192,2020-07-30,12.48,Tarazona
2020-08-06 01:00:00,0.00030000000000000003,7.041666666666667,0.204192,2020-07-30,12.48,Tarazona
2020-08-06 01:30:00,0.0002,7.0625,0.136128,2020-07-30,12.48,Tarazona
2020-08-06 02:00:00,0.0002,7.083333333333333,0.136128,2020-07-30,12.48,Tarazona
2020-08-06 02:30:00,0.0002,7.104166666666667,0.136128,2020-07-30,12.48,Tarazona
2020-08-06 03:00:00,0.0001,7.125,0.068064,2020-07-30,12.48,Tarazona
2020-08-06 03:30:00,0.0001,7.145833333333333,0.068064,2020-07-30,12.48,Tarazona
2020-08-06 04:00:00,0.0001,7.166666666666667,0.068064,2020-07-30,12.48,Tarazona
2020-08-06 04:30:00,0.0001,7.1875,0.068064,2020-07-30,12.48,Tarazona
2020-08-06 05:00:00,0.0,7.208333333333333,0.0,2020-07-30,12.48,Tarazona
2020-08-06 05:30:00,0.0,7.229166666666667,0.0,2020-07-30,12.48,Tarazona
2020-08-06 06:00:00,0.0034000000000000002,7.25,2.3141760000000002,2020-07-30,12.48,Tarazona
2020-08-06 06:30:00,0.008700000000000001,7.270833333333333,5.921568000000001,2020-07-30,12.48,Tarazona
2020-08-06 07:00:00,0.0155,7.291666666666667,10.54992,2020-07-30,12.48,Tarazona
2020-08-06 07:30:00,0.025400000000000002,7.3125,17.288256,2020-07-30,12.48,Tarazona
2020-08-06 08:00:00,0.0367,7.333333333333333,24.979488000000003,2020-07-30,12.48,Tarazona
2020-08-06 08:30:00,0.0494,7.354166666666667,33.623616,2020-07-30,12.48,Tarazona
2020-08-06 09:00:00,0.06280000000000001,7.375,42.744192000000005,2020-07-30,12.48,Tarazona
2020-08-06 09:30:00,0.0771,7.395833333333333,52.477344,2020-07-30,12.48,Tarazona
2020-08-06 10:00:00,0.0916,7.416666666666667,62.346624,2020-07-30,12.48,Tarazona
2020-08-06 10:30:00,0.1032,7.4375,70.242048,2020-07-30,12.48,Tarazona
2020-08-06 11:00:00,0.1136,7.458333333333333,77.320704,2020-07-30,12.48,Tarazona
2020-08-06 11:30:00,0.1226,7.479166666666667,83.44646399999999,2020-07-30,12.48,Tarazona
2020-08-06 12:00:00,0.1296,7.5,88.210944,2020-07-30,12.48,Tarazona
2020-08-06 12:30:00,0.1333,7.520833333333333,90.729312,2020-07-30,12.48,Tarazona
2020-08-06 13:00:00,0.1343,7.541666666666667,91.409952,2020-07-30,12.48,Tarazona
2020-08-06 13:30:00,0.1313,7.5625,89.368032,2020-07-30,12.48,Tarazona
2020-08-06 14:00:00,0.126,7.583333333333333,85.76064,2020-07-30,12.48,Tarazona
2020-08-06 14:30:00,0.11660000000000001,7.604166666666667,79.36262400000001,2020-07-30,12.48,Tarazona
2020-08-06 15:00:00,0.10450000000000001,7.625,71.12688,2020-07-30,12.48,Tarazona
2020-08-06 15:30:00,0.0915,7.645833333333333,62.27856,2020-07-30,12.48,Tarazona
2020-08-06 16:00:00,0.07780000000000001,7.666666666666667,52.95379200000001,2020-07-30,12.48,Tarazona
2020-08-06 16:30:00,0.062200000000000005,7.6875,42.335808,2020-07-30,12.48,Tarazona
2020-08-06 17:00:00,0.047400000000000005,7.708333333333333,32.262336000000005,2020-07-30,12.48,Tarazona
2020-08-06 17:30:00,0.033,7.729166666666667,22.46112,2020-07-30,12.48,Tarazona
2020-08-06 18:00:00,0.018600000000000002,7.75,12.659904000000001,2020-07-30,12.48,Tarazona
2020-08-06 18:30:00,0.0082,7.770833333333333,5.581248,2020-07-30,12.48,Tarazona
2020-08-06 19:00:00,0.0021000000000000003,7.791666666666667,1.4293440000000002,2020-07-30,12.48,Tarazona
2020-08-06 19:30:00,0.0019,7.8125,1.293216,2020-07-30,12.48,Tarazona
2020-08-06 20:00:00,0.0017000000000000001,7.833333333333333,1.1570880000000001,2020-07-30,12.48,Tarazona
2020-08-06 20:30:00,0.0015,7.854166666666667,1.02096,2020-07-30,12.48,Tarazona
2020-08-06 21:00:00,0.0014,7.875,0.952896,2020-07-30,12.48,Tarazona
2020-08-06 21:30:00,0.0012000000000000001,7.895833333333333,0.816768,2020-07-30,12.48,Tarazona
2020-08-06 22:00:00,0.001,7.916666666666667,0.68064,2020-07-30,12.48,Tarazona
2020-08-06 22:30:00,0.0009000000000000001,7.9375,0.612576,2020-07-30,12.48,Tarazona
2020-08-06 23:00:00,0.0009000000000000001,7.958333333333333,0.612576,2020-07-30,12.48,Tarazona
2020-08-06 23:30:00,0.0008,7.979166666666667,0.544512,2020-07-30,12.48,Tarazona
2020-08-07 00:00:00,0.0007,8.0,0.476448,2020-07-30,12.48,Tarazona
2020-08-07 00:30:00,0.0006000000000000001,8.020833333333334,0.408384,2020-07-30,12.48,Tarazona
2020-08-07 01:00:00,0.0006000000000000001,8.041666666666666,0.408384,2020-07-30,12.48,Tarazona
2020-08-07 01:30:00,0.0005,8.0625,0.34032,2020-07-30,12.48,Tarazona
2020-08-07 02:00:00,0.0005,8.083333333333334,0.34032,2020-07-30,12.48,Tarazona
2020-08-07 02:30:00,0.0005,8.104166666666666,0.34032,2020-07-30,12.48,Tarazona
2020-08-07 03:00:00,0.0004,8.125,0.272256,2020-07-30,12.48,Tarazona
2020-08-07 03:30:00,0.0004,8.145833333333334,0.272256,2020-07-30,12.48,Tarazona
2020-08-07 04:00:00,0.0004,8.166666666666666,0.272256,2020-07-30,12.48,Tarazona
2020-08-07 04:30:00,0.0004,8.1875,0.272256,2020-07-30,12.48,Tarazona
2020-08-07 05:00:00,0.0004,8.208333333333334,0.272256,2020-07-30,12.48,Tarazona
2020-08-07 05:30:00,0.00030000000000000003,8.229166666666666,0.204192,2020-07-30,12.48,Tarazona
2020-08-07 06:00:00,0.0043,8.25,2.926752,2020-07-30,12.48,Tarazona
2020-08-07 06:30:00,0.0105,8.270833333333334,7.14672,2020-07-30,12.48,Tarazona
2020-08-07 07:00:00,0.0189,8.291666666666666,12.864096,2020-07-30,12.48,Tarazona
2020-08-07 07:30:00,0.0309,8.3125,21.031776,2020-07-30,12.48,Tarazona
2020-08-07 08:00:00,0.045200000000000004,8.333333333333334,30.764928,2020-07-30,12.48,Tarazona
2020-08-07 08:30:00,0.061200000000000004,8.354166666666666,41.655168,2020-07-30,12.48,Tarazona
2020-08-07 09:00:00,0.07930000000000001,8.375,53.974752,2020-07-30,12.48,Tarazona
2020-08-07 09:30:00,0.09680000000000001,8.395833333333334,65.885952,2020-07-30,12.48,Tarazona
2020-08-07 10:00:00,0.11220000000000001,8.416666666666666,76.36780800000001,2020-07-30,12.48,Tarazona
2020-08-07 10:30:00,0.1264,8.4375,86.03289600000001,2020-07-30,12.48,Tarazona
2020-08-07 11:00:00,0.1386,8.458333333333334,94.336704,2020-07-30,12.48,Tarazona
2020-08-07 11:30:00,0.1471,8.479166666666666,100.122144,2020-07-30,12.48,Tarazona
2020-08-07 12:00:00,0.1554,8.5,105.771456,2020-07-30,12.48,Tarazona
2020-08-07 12:30:00,0.1554,8.520833333333334,105.771456,2020-07-30,12.48,Tarazona
2020-08-07 13:00:00,0.15280000000000002,8.541666666666666,104.00179200000001,2020-07-30,12.48,Tarazona
2020-08-07 13:30:00,0.1438,8.5625,97.87603200000001,2020-07-30,12.48,Tarazona
2020-08-07 14:00:00,0.1346,8.583333333333334,91.614144,2020-07-30,12.48,Tarazona
2020-08-07 14:30:00,0.12240000000000001,8.604166666666666,83.310336,2020-07-30,12.48,Tarazona
2020-08-07 15:00:00,0.1085,8.625,73.84944,2020-07-30,12.48,Tarazona
2020-08-07 15:30:00,0.0949,8.645833333333334,64.592736,2020-07-30,12.48,Tarazona
2020-08-07 16:00:00,0.0792,8.666666666666666,53.906688,2020-07-30,12.48,Tarazona
2020-08-07 16:30:00,0.0631,8.6875,42.948384000000004,2020-07-30,12.48,Tarazona
2020-08-07 17:00:00,0.049300000000000004,8.708333333333334,33.555552,2020-07-30,12.48,Tarazona
2020-08-07 17:30:00,0.035300000000000005,8.729166666666666,24.026592000000004,2020-07-30,12.48,Tarazona
2020-08-07 18:00:00,0.021400000000000002,8.75,14.565696,2020-07-30,12.48,Tarazona
2020-08-07 18:30:00,0.003,8.770833333333334,2.04192,2020-07-30,12.48,Tarazona
2020-08-07 19:00:00,0.0027,8.791666666666666,1.837728,2020-07-30,12.48,Tarazona
2020-08-07 19:30:00,0.0026000000000000003,8.8125,1.7696640000000001,2020-07-30,12.48,Tarazona
2020-08-07 20:00:00,0.0024000000000000002,8.833333333333334,1.633536,2020-07-30,12.48,Tarazona
2020-08-07 20:30:00,0.0022,8.854166666666666,1.497408,2020-07-30,12.48,Tarazona
2020-08-07 21:00:00,0.0022,8.875,1.497408,2020-07-30,12.48,Tarazona
2020-08-07 21:30:00,0.0018000000000000002,8.895833333333334,1.225152,2020-07-30,12.48,Tarazona
2020-08-07 22:00:00,0.0015,8.916666666666666,1.02096,2020-07-30,12.48,Tarazona
2020-08-07 22:30:00,0.0014,8.9375,0.952896,2020-07-30,12.48,Tarazona
2020-08-07 23:00:00,0.0013000000000000002,8.958333333333334,0.8848320000000001,2020-07-30,12.48,Tarazona
2020-08-07 23:30:00,0.0012000000000000001,8.979166666666666,0.816768,2020-07-30,12.48,Tarazona
2020-08-08 00:00:00,0.0011,9.0,0.748704,2020-07-30,12.48,Tarazona
2020-08-08 00:30:00,0.0011,9.020833333333334,0.748704,2020-07-30,12.48,Tarazona
2020-08-08 01:00:00,0.0011,9.041666666666666,0.748704,2020-07-30,12.48,Tarazona
2020-08-08 01:30:00,0.001,9.0625,0.68064,2020-07-30,12.48,Tarazona
2020-08-08 02:00:00,0.001,9.083333333333334,0.68064,2020-07-30,12.48,Tarazona
2020-08-08 02:30:00,0.0009000000000000001,9.104166666666666,0.612576,2020-07-30,12.48,Tarazona
2020-08-08 03:00:00,0.0009000000000000001,9.125,0.612576,2020-07-30,12.48,Tarazona
2020-08-08 03:30:00,0.0008,9.145833333333334,0.544512,2020-07-30,12.48,Tarazona
2020-08-08 04:00:00,0.0007,9.166666666666666,0.476448,2020-07-30,12.48,Tarazona
2020-08-08 04:30:00,0.0007,9.1875,0.476448,2020-07-30,12.48,Tarazona
2020-08-08 05:00:00,0.0007,9.208333333333334,0.476448,2020-07-30,12.48,Tarazona
2020-08-08 05:30:00,0.0007,9.229166666666666,0.476448,2020-07-30,12.48,Tarazona
2020-08-08 06:00:00,0.0061,9.25,4.151904,2020-07-30,12.48,Tarazona
2020-08-08 06:30:00,0.0117,9.270833333333334,7.963488,2020-07-30,12.48,Tarazona
2020-08-08 07:00:00,0.023,9.291666666666666,15.65472,2020-07-30,12.48,Tarazona
2020-08-08 07:30:00,0.0316,9.3125,21.508224000000002,2020-07-30,12.48,Tarazona
2020-08-08 08:00:00,0.047400000000000005,9.333333333333334,32.262336000000005,2020-07-30,12.48,Tarazona
2020-08-08 08:30:00,0.06760000000000001,9.354166666666666,46.011264000000004,2020-07-30,12.48,Tarazona
2020-08-08 09:00:00,0.084,9.375,57.17376,2020-07-30,12.48,Tarazona
2020-08-08 09:30:00,0.1017,9.395833333333334,69.221088,2020-07-30,12.48,Tarazona
2020-08-08 10:00:00,0.12090000000000001,9.416666666666666,82.289376,2020-07-30,12.48,Tarazona
2020-08-08 10:30:00,0.1328,9.4375,90.388992,2020-07-30,12.48,Tarazona
2020-08-08 11:00:00,0.1466,9.458333333333334,99.781824,2020-07-30,12.48,Tarazona
2020-08-08 11:30:00,0.1547,9.479166666666666,105.295008,2020-07-30,12.48,Tarazona
2020-08-08 12:00:00,0.15410000000000001,9.5,104.88662400000001,2020-07-30,12.48,Tarazona
2020-08-08 12:30:00,0.162,9.520833333333334,110.26368000000001,2020-07-30,12.48,Tarazona
2020-08-08 13:00:00,0.1605,9.541666666666666,109.24272,2020-07-30,12.48,Tarazona
2020-08-08 13:30:00,0.1557,9.5625,105.975648,2020-07-30,12.48,Tarazona
2020-08-08 14:00:00,0.1461,9.583333333333334,99.44150400000001,2020-07-30,12.48,Tarazona
2020-08-08 14:30:00,0.1293,9.604166666666666,88.00675199999999,2020-07-30,12.48,Tarazona
2020-08-08 15:00:00,0.10880000000000001,9.625,74.05363200000001,2020-07-30,12.48,Tarazona
2020-08-08 15:30:00,0.0888,9.645833333333334,60.440832,2020-07-30,12.48,Tarazona
2020-08-08 16:00:00,0.0693,9.666666666666666,47.168352,2020-07-30,12.48,Tarazona
2020-08-08 16:30:00,0.049800000000000004,9.6875,33.895872000000004,2020-07-30,12.48,Tarazona
2020-08-08 17:00:00,0.032600000000000004,9.708333333333334,22.188864000000002,2020-07-30,12.48,Tarazona
2020-08-08 17:30:00,0.0076,9.729166666666666,5.172864,2020-07-30,12.48,Tarazona
2020-08-08 18:00:00,0.0049,9.75,3.335136,2020-07-30,12.48,Tarazona
2020-08-08 18:30:00,0.002,9.770833333333334,1.36128,2020-07-30,12.48,Tarazona
2020-08-08 19:00:00,0.0021000000000000003,9.791666666666666,1.4293440000000002,2020-07-30,12.48,Tarazona
2020-08-08 19:30:00,0.0019,9.8125,1.293216,2020-07-30,12.48,Tarazona
2020-08-08 20:00:00,0.0018000000000000002,9.833333333333334,1.225152,2020-07-30,12.48,Tarazona
2020-08-08 20:30:00,0.0017000000000000001,9.854166666666666,1.1570880000000001,2020-07-30,12.48,Tarazona
2020-08-08 21:00:00,0.0016,9.875,1.089024,2020-07-30,12.48,Tarazona
2020-08-08 21:30:00,0.0017000000000000001,9.895833333333334,1.1570880000000001,2020-07-30,12.48,Tarazona
2020-08-08 22:00:00,0.0017000000000000001,9.916666666666666,1.1570880000000001,2020-07-30,12.48,Tarazona
2020-08-08 22:30:00,0.0015,9.9375,1.02096,2020-07-30,12.48,Tarazona
2020-08-08 23:00:00,0.0014,9.958333333333334,0.952896,2020-07-30,12.48,Tarazona
2020-08-08 23:30:00,0.0014,9.979166666666666,0.952896,2020-07-30,12.48,Tarazona
2020-08-04 00:00:00,0.0004,0.0,0.272256,2020-08-04,12.48,Tarazona
2020-08-04 00:30:00,0.0005,0.020833333333333332,0.34032,2020-08-04,12.48,Tarazona
2020-08-04 01:00:00,0.0001,0.041666666666666664,0.068064,2020-08-04,12.48,Tarazona
2020-08-04 01:30:00,0.0001,0.0625,0.068064,2020-08-04,12.48,Tarazona
2020-08-04 02:00:00,0.0,0.08333333333333333,0.0,2020-08-04,12.48,Tarazona
2020-08-04 02:30:00,0.0,0.10416666666666667,0.0,2020-08-04,12.48,Tarazona
2020-08-04 03:00:00,0.0,0.125,0.0,2020-08-04,12.48,Tarazona
2020-08-04 03:30:00,0.0002,0.14583333333333334,0.136128,2020-08-04,12.48,Tarazona
2020-08-04 04:00:00,0.0002,0.16666666666666666,0.136128,2020-08-04,12.48,Tarazona
2020-08-04 04:30:00,0.0002,0.1875,0.136128,2020-08-04,12.48,Tarazona
2020-08-04 05:00:00,0.0002,0.20833333333333334,0.136128,2020-08-04,12.48,Tarazona
2020-08-04 05:30:00,0.0001,0.22916666666666666,0.068064,2020-08-04,12.48,Tarazona
2020-08-04 06:00:00,0.001,0.25,0.68064,2020-08-04,12.48,Tarazona
2020-08-04 06:30:00,0.004,0.2708333333333333,2.72256,2020-08-04,12.48,Tarazona
2020-08-04 07:00:00,0.017,0.2916666666666667,11.57088,2020-08-04,12.48,Tarazona
2020-08-04 07:30:00,0.028,0.3125,19.05792,2020-08-04,12.48,Tarazona
2020-08-04 08:00:00,0.040400000000000005,0.3333333333333333,27.497856000000002,2020-08-04,12.48,Tarazona
2020-08-04 08:30:00,0.054400000000000004,0.3541666666666667,37.026816000000004,2020-08-04,12.48,Tarazona
2020-08-04 09:00:00,0.069,0.375,46.96416,2020-08-04,12.48,Tarazona
2020-08-04 09:30:00,0.0844,0.3958333333333333,57.446016,2020-08-04,12.48,Tarazona
2020-08-04 10:00:00,0.10260000000000001,0.4166666666666667,69.833664,2020-08-04,12.48,Tarazona
2020-08-04 10:30:00,0.1124,0.4375,76.503936,2020-08-04,12.48,Tarazona
2020-08-04 11:00:00,0.12390000000000001,0.4583333333333333,84.33129600000001,2020-08-04,12.48,Tarazona
2020-08-04 11:30:00,0.133,0.4791666666666667,90.52512,2020-08-04,12.48,Tarazona
2020-08-04 12:00:00,0.1411,0.5,96.038304,2020-08-04,12.48,Tarazona
2020-08-04 12:30:00,0.1439,0.5208333333333334,97.944096,2020-08-04,12.48,Tarazona
2020-08-04 13:00:00,0.1466,0.5416666666666666,99.781824,2020-08-04,12.48,Tarazona
2020-08-04 13:30:00,0.1419,0.5625,96.582816,2020-08-04,12.48,Tarazona
2020-08-04 14:00:00,0.1346,0.5833333333333334,91.614144,2020-08-04,12.48,Tarazona
2020-08-04 14:30:00,0.1107,0.6041666666666666,75.34684800000001,2020-08-04,12.48,Tarazona
2020-08-04 15:00:00,0.10940000000000001,0.625,74.462016,2020-08-04,12.48,Tarazona
2020-08-04 15:30:00,0.0955,0.6458333333333334,65.00112,2020-08-04,12.48,Tarazona
2020-08-04 16:00:00,0.0809,0.6666666666666666,55.063776,2020-08-04,12.48,Tarazona
2020-08-04 16:30:00,0.06570000000000001,0.6875,44.718048,2020-08-04,12.48,Tarazona
2020-08-04 17:00:00,0.050800000000000005,0.7083333333333334,34.576512,2020-08-04,12.48,Tarazona
2020-08-04 17:30:00,0.0363,0.7291666666666666,24.707231999999998,2020-08-04,12.48,Tarazona
2020-08-04 18:00:00,0.0229,0.75,15.586656,2020-08-04,12.48,Tarazona
2020-08-04 18:30:00,0.011000000000000001,0.7708333333333334,7.48704,2020-08-04,12.48,Tarazona
2020-08-04 19:00:00,0.0021000000000000003,0.7916666666666666,1.4293440000000002,2020-08-04,12.48,Tarazona
2020-08-04 19:30:00,0.0019,0.8125,1.293216,2020-08-04,12.48,Tarazona
2020-08-04 20:00:00,0.0016,0.8333333333333334,1.089024,2020-08-04,12.48,Tarazona
2020-08-04 20:30:00,0.0014,0.8541666666666666,0.952896,2020-08-04,12.48,Tarazona
2020-08-04 21:00:00,0.0011,0.875,0.748704,2020-08-04,12.48,Tarazona
2020-08-04 21:30:00,0.0009000000000000001,0.8958333333333334,0.612576,2020-08-04,12.48,Tarazona
2020-08-04 22:00:00,0.0008,0.9166666666666666,0.544512,2020-08-04,12.48,Tarazona
2020-08-04 22:30:00,0.0005,0.9375,0.34032,2020-08-04,12.48,Tarazona
2020-08-04 23:00:00,0.00030000000000000003,0.9583333333333334,0.204192,2020-08-04,12.48,Tarazona
2020-08-04 23:30:00,0.0004,0.9791666666666666,0.272256,2020-08-04,12.48,Tarazona
2020-08-05 00:00:00,0.00030000000000000003,1.0,0.204192,2020-08-04,12.48,Tarazona
2020-08-05 00:30:00,0.0001,1.0208333333333333,0.068064,2020-08-04,12.48,Tarazona
2020-08-05 01:00:00,0.00030000000000000003,1.0416666666666667,0.204192,2020-08-04,12.48,Tarazona
2020-08-05 01:30:00,0.00030000000000000003,1.0625,0.204192,2020-08-04,12.48,Tarazona
2020-08-05 02:00:00,0.0002,1.0833333333333333,0.136128,2020-08-04,12.48,Tarazona
2020-08-05 02:30:00,0.0002,1.1041666666666667,0.136128,2020-08-04,12.48,Tarazona
2020-08-05 03:00:00,0.0002,1.125,0.136128,2020-08-04,12.48,Tarazona
2020-08-05 03:30:00,0.0002,1.1458333333333333,0.136128,2020-08-04,12.48,Tarazona
2020-08-05 04:00:00,0.0002,1.1666666666666667,0.136128,2020-08-04,12.48,Tarazona
2020-08-05 04:30:00,0.0002,1.1875,0.136128,2020-08-04,12.48,Tarazona
2020-08-05 05:00:00,0.0002,1.2083333333333333,0.136128,2020-08-04,12.48,Tarazona
2020-08-05 05:30:00,0.0,1.2291666666666667,0.0,2020-08-04,12.48,Tarazona
2020-08-05 06:00:00,0.004,1.25,2.72256,2020-08-04,12.48,Tarazona
2020-08-05 06:30:00,0.0058000000000000005,1.2708333333333333,3.947712,2020-08-04,12.48,Tarazona
2020-08-05 07:00:00,0.018000000000000002,1.2916666666666667,12.251520000000001,2020-08-04,12.48,Tarazona
2020-08-05 07:30:00,0.029,1.3125,19.73856,2020-08-04,12.48,Tarazona
2020-08-05 08:00:00,0.041800000000000004,1.3333333333333333,28.450752,2020-08-04,12.48,Tarazona
2020-08-05 08:30:00,0.0572,1.3541666666666667,38.932608,2020-08-04,12.48,Tarazona
2020-08-05 09:00:00,0.0733,1.375,49.890912,2020-08-04,12.48,Tarazona
2020-08-05 09:30:00,0.08800000000000001,1.3958333333333333,59.89632,2020-08-04,12.48,Tarazona
2020-08-05 10:00:00,0.1022,1.4166666666666667,69.561408,2020-08-04,12.48,Tarazona
2020-08-05 10:30:00,0.1158,1.4375,78.818112,2020-08-04,12.48,Tarazona
2020-08-05 11:00:00,0.1277,1.4583333333333333,86.917728,2020-08-04,12.48,Tarazona
2020-08-05 11:30:00,0.1375,1.4791666666666667,93.58800000000001,2020-08-04,12.48,Tarazona
2020-08-05 12:00:00,0.1443,1.5,98.216352,2020-08-04,12.48,Tarazona
2020-08-05 12:30:00,0.14730000000000001,1.5208333333333333,100.258272,2020-08-04,12.48,Tarazona
2020-08-05 13:00:00,0.1472,1.5416666666666667,100.190208,2020-08-04,12.48,Tarazona
2020-08-05 13:30:00,0.1434,1.5625,97.603776,2020-08-04,12.48,Tarazona
2020-08-05 14:00:00,0.13670000000000002,1.5833333333333333,93.04348800000001,2020-08-04,12.48,Tarazona
2020-08-05 14:30:00,0.1267,1.6041666666666667,86.237088,2020-08-04,12.48,Tarazona
2020-08-05 15:00:00,0.11470000000000001,1.625,78.06940800000001,2020-08-04,12.48,Tarazona
2020-08-05 15:30:00,0.10010000000000001,1.6458333333333333,68.132064,2020-08-04,12.48,Tarazona
2020-08-05 16:00:00,0.0847,1.6666666666666667,57.650208,2020-08-04,12.48,Tarazona
2020-08-05 16:30:00,0.0682,1.6875,46.419647999999995,2020-08-04,12.48,Tarazona
2020-08-05 17:00:00,0.0522,1.7083333333333333,35.529408000000004,2020-08-04,12.48,Tarazona
2020-08-05 17:30:00,0.0368,1.7291666666666667,25.047552,2020-08-04,12.48,Tarazona
2020-08-05 18:00:00,0.022500000000000003,1.75,15.314400000000001,2020-08-04,12.48,Tarazona
2020-08-05 18:30:00,0.0105,1.7708333333333333,7.14672,2020-08-04,12.48,Tarazona
2020-08-05 19:00:00,0.0022,1.7916666666666667,1.497408,2020-08-04,12.48,Tarazona
2020-08-05 19:30:00,0.002,1.8125,1.36128,2020-08-04,12.48,Tarazona
2020-08-05 20:00:00,0.0018000000000000002,1.8333333333333333,1.225152,2020-08-04,12.48,Tarazona
2020-08-05 20:30:00,0.0015,1.8541666666666667,1.02096,2020-08-04,12.48,Tarazona
2020-08-05 21:00:00,0.0013000000000000002,1.875,0.8848320000000001,2020-08-04,12.48,Tarazona
2020-08-05 21:30:00,0.001,1.8958333333333333,0.68064,2020-08-04,12.48,Tarazona
2020-08-05 22:00:00,0.0008,1.9166666666666667,0.544512,2020-08-04,12.48,Tarazona
2020-08-05 22:30:00,0.0007,1.9375,0.476448,2020-08-04,12.48,Tarazona
2020-08-05 23:00:00,0.0006000000000000001,1.9583333333333333,0.408384,2020-08-04,12.48,Tarazona
2020-08-05 23:30:00,0.0005,1.9791666666666667,0.34032,2020-08-04,12.48,Tarazona
2020-08-06 00:00:00,0.0004,2.0,0.272256,2020-08-04,12.48,Tarazona
2020-08-06 00:30:00,0.00030000000000000003,2.0208333333333335,0.204192,2020-08-04,12.48,Tarazona
2020-08-06 01:00:00,0.00030000000000000003,2.0416666666666665,0.204192,2020-08-04,12.48,Tarazona
2020-08-06 01:30:00,0.0002,2.0625,0.136128,2020-08-04,12.48,Tarazona
2020-08-06 02:00:00,0.0002,2.0833333333333335,0.136128,2020-08-04,12.48,Tarazona
2020-08-06 02:30:00,0.0002,2.1041666666666665,0.136128,2020-08-04,12.48,Tarazona
2020-08-06 03:00:00,0.0001,2.125,0.068064,2020-08-04,12.48,Tarazona
2020-08-06 03:30:00,0.0001,2.1458333333333335,0.068064,2020-08-04,12.48,Tarazona
2020-08-06 04:00:00,0.0001,2.1666666666666665,0.068064,2020-08-04,12.48,Tarazona
2020-08-06 04:30:00,0.0001,2.1875,0.068064,2020-08-04,12.48,Tarazona
2020-08-06 05:00:00,0.0,2.2083333333333335,0.0,2020-08-04,12.48,Tarazona
2020-08-06 05:30:00,0.0,2.2291666666666665,0.0,2020-08-04,12.48,Tarazona
2020-08-06 06:00:00,0.0034000000000000002,2.25,2.3141760000000002,2020-08-04,12.48,Tarazona
2020-08-06 06:30:00,0.008700000000000001,2.2708333333333335,5.921568000000001,2020-08-04,12.48,Tarazona
2020-08-06 07:00:00,0.0155,2.2916666666666665,10.54992,2020-08-04,12.48,Tarazona
2020-08-06 07:30:00,0.025400000000000002,2.3125,17.288256,2020-08-04,12.48,Tarazona
2020-08-06 08:00:00,0.0367,2.3333333333333335,24.979488000000003,2020-08-04,12.48,Tarazona
2020-08-06 08:30:00,0.0494,2.3541666666666665,33.623616,2020-08-04,12.48,Tarazona
2020-08-06 09:00:00,0.06280000000000001,2.375,42.744192000000005,2020-08-04,12.48,Tarazona
2020-08-06 09:30:00,0.0771,2.3958333333333335,52.477344,2020-08-04,12.48,Tarazona
2020-08-06 10:00:00,0.0916,2.4166666666666665,62.346624,2020-08-04,12.48,Tarazona
2020-08-06 10:30:00,0.1032,2.4375,70.242048,2020-08-04,12.48,Tarazona
2020-08-06 11:00:00,0.1136,2.4583333333333335,77.320704,2020-08-04,12.48,Tarazona
2020-08-06 11:30:00,0.1226,2.4791666666666665,83.44646399999999,2020-08-04,12.48,Tarazona
2020-08-06 12:00:00,0.1296,2.5,88.210944,2020-08-04,12.48,Tarazona
2020-08-06 12:30:00,0.1333,2.5208333333333335,90.729312,2020-08-04,12.48,Tarazona
2020-08-06 13:00:00,0.1343,2.5416666666666665,91.409952,2020-08-04,12.48,Tarazona
2020-08-06 13:30:00,0.1313,2.5625,89.368032,2020-08-04,12.48,Tarazona
2020-08-06 14:00:00,0.126,2.5833333333333335,85.76064,2020-08-04,12.48,Tarazona
2020-08-06 14:30:00,0.11660000000000001,2.6041666666666665,79.36262400000001,2020-08-04,12.48,Tarazona
2020-08-06 15:00:00,0.10450000000000001,2.625,71.12688,2020-08-04,12.48,Tarazona
2020-08-06 15:30:00,0.0915,2.6458333333333335,62.27856,2020-08-04,12.48,Tarazona
2020-08-06 16:00:00,0.07780000000000001,2.6666666666666665,52.95379200000001,2020-08-04,12.48,Tarazona
2020-08-06 16:30:00,0.062200000000000005,2.6875,42.335808,2020-08-04,12.48,Tarazona
2020-08-06 17:00:00,0.047400000000000005,2.7083333333333335,32.262336000000005,2020-08-04,12.48,Tarazona
2020-08-06 17:30:00,0.033,2.7291666666666665,22.46112,2020-08-04,12.48,Tarazona
2020-08-06 18:00:00,0.018600000000000002,2.75,12.659904000000001,2020-08-04,12.48,Tarazona
2020-08-06 18:30:00,0.0082,2.7708333333333335,5.581248,2020-08-04,12.48,Tarazona
2020-08-06 19:00:00,0.0021000000000000003,2.7916666666666665,1.4293440000000002,2020-08-04,12.48,Tarazona
2020-08-06 19:30:00,0.0019,2.8125,1.293216,2020-08-04,12.48,Tarazona
2020-08-06 20:00:00,0.0017000000000000001,2.8333333333333335,1.1570880000000001,2020-08-04,12.48,Tarazona
2020-08-06 20:30:00,0.0015,2.8541666666666665,1.02096,2020-08-04,12.48,Tarazona
2020-08-06 21:00:00,0.0014,2.875,0.952896,2020-08-04,12.48,Tarazona
2020-08-06 21:30:00,0.0012000000000000001,2.8958333333333335,0.816768,2020-08-04,12.48,Tarazona
2020-08-06 22:00:00,0.001,2.9166666666666665,0.68064,2020-08-04,12.48,Tarazona
2020-08-06 22:30:00,0.0009000000000000001,2.9375,0.612576,2020-08-04,12.48,Tarazona
2020-08-06 23:00:00,0.0009000000000000001,2.9583333333333335,0.612576,2020-08-04,12.48,Tarazona
2020-08-06 23:30:00,0.0008,2.9791666666666665,0.544512,2020-08-04,12.48,Tarazona
2020-08-07 00:00:00,0.0007,3.0,0.476448,2020-08-04,12.48,Tarazona
2020-08-07 00:30:00,0.0006000000000000001,3.0208333333333335,0.408384,2020-08-04,12.48,Tarazona
2020-08-07 01:00:00,0.0006000000000000001,3.0416666666666665,0.408384,2020-08-04,12.48,Tarazona
2020-08-07 01:30:00,0.0005,3.0625,0.34032,2020-08-04,12.48,Tarazona
2020-08-07 02:00:00,0.0005,3.0833333333333335,0.34032,2020-08-04,12.48,Tarazona
2020-08-07 02:30:00,0.0005,3.1041666666666665,0.34032,2020-08-04,12.48,Tarazona
2020-08-07 03:00:00,0.0004,3.125,0.272256,2020-08-04,12.48,Tarazona
2020-08-07 03:30:00,0.0004,3.1458333333333335,0.272256,2020-08-04,12.48,Tarazona
2020-08-07 04:00:00,0.0004,3.1666666666666665,0.272256,2020-08-04,12.48,Tarazona
2020-08-07 04:30:00,0.0004,3.1875,0.272256,2020-08-04,12.48,Tarazona
2020-08-07 05:00:00,0.0004,3.2083333333333335,0.272256,2020-08-04,12.48,Tarazona
2020-08-07 05:30:00,0.00030000000000000003,3.2291666666666665,0.204192,2020-08-04,12.48,Tarazona
2020-08-07 06:00:00,0.0043,3.25,2.926752,2020-08-04,12.48,Tarazona
2020-08-07 06:30:00,0.0105,3.2708333333333335,7.14672,2020-08-04,12.48,Tarazona
2020-08-07 07:00:00,0.0189,3.2916666666666665,12.864096,2020-08-04,12.48,Tarazona
2020-08-07 07:30:00,0.0309,3.3125,21.031776,2020-08-04,12.48,Tarazona
2020-08-07 08:00:00,0.045200000000000004,3.3333333333333335,30.764928,2020-08-04,12.48,Tarazona
2020-08-07 08:30:00,0.061200000000000004,3.3541666666666665,41.655168,2020-08-04,12.48,Tarazona
2020-08-07 09:00:00,0.07930000000000001,3.375,53.974752,2020-08-04,12.48,Tarazona
2020-08-07 09:30:00,0.09680000000000001,3.3958333333333335,65.885952,2020-08-04,12.48,Tarazona
2020-08-07 10:00:00,0.11220000000000001,3.4166666666666665,76.36780800000001,2020-08-04,12.48,Tarazona
2020-08-07 10:30:00,0.1264,3.4375,86.03289600000001,2020-08-04,12.48,Tarazona
2020-08-07 11:00:00,0.1386,3.4583333333333335,94.336704,2020-08-04,12.48,Tarazona
2020-08-07 11:30:00,0.1471,3.4791666666666665,100.122144,2020-08-04,12.48,Tarazona
2020-08-07 12:00:00,0.1554,3.5,105.771456,2020-08-04,12.48,Tarazona
2020-08-07 12:30:00,0.1554,3.5208333333333335,105.771456,2020-08-04,12.48,Tarazona
2020-08-07 13:00:00,0.15280000000000002,3.5416666666666665,104.00179200000001,2020-08-04,12.48,Tarazona
2020-08-07 13:30:00,0.1438,3.5625,97.87603200000001,2020-08-04,12.48,Tarazona
2020-08-07 14:00:00,0.1346,3.5833333333333335,91.614144,2020-08-04,12.48,Tarazona
2020-08-07 14:30:00,0.12240000000000001,3.6041666666666665,83.310336,2020-08-04,12.48,Tarazona
2020-08-07 15:00:00,0.1085,3.625,73.84944,2020-08-04,12.48,Tarazona
2020-08-07 15:30:00,0.0949,3.6458333333333335,64.592736,2020-08-04,12.48,Tarazona
2020-08-07 16:00:00,0.0792,3.6666666666666665,53.906688,2020-08-04,12.48,Tarazona
2020-08-07 16:30:00,0.0631,3.6875,42.948384000000004,2020-08-04,12.48,Tarazona
2020-08-07 17:00:00,0.049300000000000004,3.7083333333333335,33.555552,2020-08-04,12.48,Tarazona
2020-08-07 17:30:00,0.035300000000000005,3.7291666666666665,24.026592000000004,2020-08-04,12.48,Tarazona
2020-08-07 18:00:00,0.021400000000000002,3.75,14.565696,2020-08-04,12.48,Tarazona
2020-08-07 18:30:00,0.003,3.7708333333333335,2.04192,2020-08-04,12.48,Tarazona
2020-08-07 19:00:00,0.0027,3.7916666666666665,1.837728,2020-08-04,12.48,Tarazona
2020-08-07 19:30:00,0.0026000000000000003,3.8125,1.7696640000000001,2020-08-04,12.48,Tarazona
2020-08-07 20:00:00,0.0024000000000000002,3.8333333333333335,1.633536,2020-08-04,12.48,Tarazona
2020-08-07 20:30:00,0.0022,3.8541666666666665,1.497408,2020-08-04,12.48,Tarazona
2020-08-07 21:00:00,0.0022,3.875,1.497408,2020-08-04,12.48,Tarazona
2020-08-07 21:30:00,0.0018000000000000002,3.8958333333333335,1.225152,2020-08-04,12.48,Tarazona
2020-08-07 22:00:00,0.0015,3.9166666666666665,1.02096,2020-08-04,12.48,Tarazona
2020-08-07 22:30:00,0.0014,3.9375,0.952896,2020-08-04,12.48,Tarazona
2020-08-07 23:00:00,0.0013000000000000002,3.9583333333333335,0.8848320000000001,2020-08-04,12.48,Tarazona
2020-08-07 23:30:00,0.0012000000000000001,3.9791666666666665,0.816768,2020-08-04,12.48,Tarazona
2020-08-08 00:00:00,0.0011,4.0,0.748704,2020-08-04,12.48,Tarazona
2020-08-08 00:30:00,0.0011,4.020833333333333,0.748704,2020-08-04,12.48,Tarazona
2020-08-08 01:00:00,0.0011,4.041666666666667,0.748704,2020-08-04,12.48,Tarazona
2020-08-08 01:30:00,0.001,4.0625,0.68064,2020-08-04,12.48,Tarazona
2020-08-08 02:00:00,0.001,4.083333333333333,0.68064,2020-08-04,12.48,Tarazona
2020-08-08 02:30:00,0.0009000000000000001,4.104166666666667,0.612576,2020-08-04,12.48,Tarazona
2020-08-08 03:00:00,0.0009000000000000001,4.125,0.612576,2020-08-04,12.48,Tarazona
2020-08-08 03:30:00,0.0008,4.145833333333333,0.544512,2020-08-04,12.48,Tarazona
2020-08-08 04:00:00,0.0007,4.166666666666667,0.476448,2020-08-04,12.48,Tarazona
2020-08-08 04:30:00,0.0007,4.1875,0.476448,2020-08-04,12.48,Tarazona
2020-08-08 05:00:00,0.0007,4.208333333333333,0.476448,2020-08-04,12.48,Tarazona
2020-08-08 05:30:00,0.0007,4.229166666666667,0.476448,2020-08-04,12.48,Tarazona
2020-08-08 06:00:00,0.0061,4.25,4.151904,2020-08-04,12.48,Tarazona
2020-08-08 06:30:00,0.0117,4.270833333333333,7.963488,2020-08-04,12.48,Tarazona
2020-08-08 07:00:00,0.023,4.291666666666667,15.65472,2020-08-04,12.48,Tarazona
2020-08-08 07:30:00,0.0316,4.3125,21.508224000000002,2020-08-04,12.48,Tarazona
2020-08-08 08:00:00,0.047400000000000005,4.333333333333333,32.262336000000005,2020-08-04,12.48,Tarazona
2020-08-08 08:30:00,0.06760000000000001,4.354166666666667,46.011264000000004,2020-08-04,12.48,Tarazona
2020-08-08 09:00:00,0.084,4.375,57.17376,2020-08-04,12.48,Tarazona
2020-08-08 09:30:00,0.1017,4.395833333333333,69.221088,2020-08-04,12.48,Tarazona
2020-08-08 10:00:00,0.12090000000000001,4.416666666666667,82.289376,2020-08-04,12.48,Tarazona
2020-08-08 10:30:00,0.1328,4.4375,90.388992,2020-08-04,12.48,Tarazona
2020-08-08 11:00:00,0.1466,4.458333333333333,99.781824,2020-08-04,12.48,Tarazona
2020-08-08 11:30:00,0.1547,4.479166666666667,105.295008,2020-08-04,12.48,Tarazona
2020-08-08 12:00:00,0.15410000000000001,4.5,104.88662400000001,2020-08-04,12.48,Tarazona
2020-08-08 12:30:00,0.162,4.520833333333333,110.26368000000001,2020-08-04,12.48,Tarazona
2020-08-08 13:00:00,0.1605,4.541666666666667,109.24272,2020-08-04,12.48,Tarazona
2020-08-08 13:30:00,0.1557,4.5625,105.975648,2020-08-04,12.48,Tarazona
2020-08-08 14:00:00,0.1461,4.583333333333333,99.44150400000001,2020-08-04,12.48,Tarazona
2020-08-08 14:30:00,0.1293,4.604166666666667,88.00675199999999,2020-08-04,12.48,Tarazona
2020-08-08 15:00:00,0.10880000000000001,4.625,74.05363200000001,2020-08-04,12.48,Tarazona
2020-08-08 15:30:00,0.0888,4.645833333333333,60.440832,2020-08-04,12.48,Tarazona
2020-08-08 16:00:00,0.0693,4.666666666666667,47.168352,2020-08-04,12.48,Tarazona
2020-08-08 16:30:00,0.049800000000000004,4.6875,33.895872000000004,2020-08-04,12.48,Tarazona
2020-08-08 17:00:00,0.032600000000000004,4.708333333333333,22.188864000000002,2020-08-04,12.48,Tarazona
2020-08-08 17:30:00,0.0076,4.729166666666667,5.172864,2020-08-04,12.48,Tarazona
2020-08-08 18:00:00,0.0049,4.75,3.335136,2020-08-04,12.48,Tarazona
2020-08-08 18:30:00,0.002,4.770833333333333,1.36128,2020-08-04,12.48,Tarazona
2020-08-08 19:00:00,0.0021000000000000003,4.791666666666667,1.4293440000000002,2020-08-04,12.48,Tarazona
2020-08-08 19:30:00,0.0019,4.8125,1.293216,2020-08-04,12.48,Tarazona
2020-08-08 20:00:00,0.0018000000000000002,4.833333333333333,1.225152,2020-08-04,12.48,Tarazona
2020-08-08 20:30:00,0.0017000000000000001,4.854166666666667,1.1570880000000001,2020-08-04,12.48,Tarazona
2020-08-08 21:00:00,0.0016,4.875,1.089024,2020-08-04,12.48,Tarazona
2020-08-08 21:30:00,0.0017000000000000001,4.895833333333333,1.1570880000000001,2020-08-04,12.48,Tarazona
2020-08-08 22:00:00,0.0017000000000000001,4.916666666666667,1.1570880000000001,2020-08-04,12.48,Tarazona
2020-08-08 22:30:00,0.0015,4.9375,1.02096,2020-08-04,12.48,Tarazona
2020-08-08 23:00:00,0.0014,4.958333333333333,0.952896,2020-08-04,12.48,Tarazona
2020-08-08 23:30:00,0.0014,4.979166666666667,0.952896,2020-08-04,12.48,Tarazona
2020-08-09 00:00:00,0.001,5.0,0.68064,2020-08-04,12.48,Tarazona
2020-08-09 00:30:00,0.001,5.020833333333333,0.68064,2020-08-04,12.48,Tarazona
2020-08-09 01:00:00,0.0011,5.041666666666667,0.748704,2020-08-04,12.48,Tarazona
2020-08-09 01:30:00,0.001,5.0625,0.68064,2020-08-04,12.48,Tarazona
2020-08-09 02:00:00,0.0008,5.083333333333333,0.544512,2020-08-04,12.48,Tarazona
2020-08-09 02:30:00,0.0008,5.104166666666667,0.544512,2020-08-04,12.48,Tarazona
2020-08-09 03:00:00,0.0007,5.125,0.476448,2020-08-04,12.48,Tarazona
2020-08-09 03:30:00,0.0007,5.145833333333333,0.476448,2020-08-04,12.48,Tarazona
2020-08-09 04:00:00,0.0007,5.166666666666667,0.476448,2020-08-04,12.48,Tarazona
2020-08-09 04:30:00,0.0006000000000000001,5.1875,0.408384,2020-08-04,12.48,Tarazona
2020-08-09 05:00:00,0.0006000000000000001,5.208333333333333,0.408384,2020-08-04,12.48,Tarazona
2020-08-09 05:30:00,0.0006000000000000001,5.229166666666667,0.408384,2020-08-04,12.48,Tarazona
2020-08-09 06:00:00,0.0045000000000000005,5.25,3.0628800000000003,2020-08-04,12.48,Tarazona
2020-08-09 06:30:00,0.010100000000000001,5.270833333333333,6.874464000000001,2020-08-04,12.48,Tarazona
2020-08-09 07:00:00,0.0179,5.291666666666667,12.183456,2020-08-04,12.48,Tarazona
2020-08-09 07:30:00,0.0287,5.3125,19.534368,2020-08-04,12.48,Tarazona
2020-08-09 08:00:00,0.041600000000000005,5.333333333333333,28.314624000000002,2020-08-04,12.48,Tarazona
2020-08-09 08:30:00,0.056400000000000006,5.354166666666667,38.388096000000004,2020-08-04,12.48,Tarazona
2020-08-09 09:00:00,0.0736,5.375,50.095104,2020-08-04,12.48,Tarazona
2020-08-09 09:30:00,0.0889,5.395833333333333,60.508896,2020-08-04,12.48,Tarazona
2020-08-09 10:00:00,0.1038,5.416666666666667,70.650432,2020-08-04,12.48,Tarazona
2020-08-09 10:30:00,0.1164,5.4375,79.226496,2020-08-04,12.48,Tarazona
2020-08-09 11:00:00,0.1274,5.458333333333333,86.713536,2020-08-04,12.48,Tarazona
2020-08-09 11:30:00,0.13540000000000002,5.479166666666667,92.15865600000001,2020-08-04,12.48,Tarazona
2020-08-09 12:00:00,0.1408,5.5,95.834112,2020-08-04,12.48,Tarazona
2020-08-09 12:30:00,0.137,5.520833333333333,93.24768,2020-08-04,12.48,Tarazona
2020-08-09 13:00:00,0.12760000000000002,5.541666666666667,86.849664,2020-08-04,12.48,Tarazona
2020-08-09 13:30:00,0.12010000000000001,5.5625,81.744864,2020-08-04,12.48,Tarazona
2020-08-09 14:00:00,0.11120000000000001,5.583333333333333,75.687168,2020-08-04,12.48,Tarazona
2020-08-09 14:30:00,0.1032,5.604166666666667,70.242048,2020-08-04,12.48,Tarazona
2020-08-09 15:00:00,0.0925,5.625,62.959199999999996,2020-08-04,12.48,Tarazona
2020-08-09 15:30:00,0.08120000000000001,5.645833333333333,55.267968,2020-08-04,12.48,Tarazona
2020-08-09 16:00:00,0.0692,5.666666666666667,47.100288,2020-08-04,12.48,Tarazona
2020-08-09 16:30:00,0.0548,5.6875,37.299072,2020-08-04,12.48,Tarazona
2020-08-09 17:00:00,0.0417,5.708333333333333,28.382688,2020-08-04,12.48,Tarazona
2020-08-09 17:30:00,0.0287,5.729166666666667,19.534368,2020-08-04,12.48,Tarazona
2020-08-09 18:00:00,0.0028,5.75,1.905792,2020-08-04,12.48,Tarazona
2020-08-09 18:30:00,0.0027,5.770833333333333,1.837728,2020-08-04,12.48,Tarazona
2020-08-09 19:00:00,0.0026000000000000003,5.791666666666667,1.7696640000000001,2020-08-04,12.48,Tarazona
2020-08-09 19:30:00,0.0025,5.8125,1.7016,2020-08-04,12.48,Tarazona
2020-08-09 20:00:00,0.0024000000000000002,5.833333333333333,1.633536,2020-08-04,12.48,Tarazona
2020-08-09 20:30:00,0.0023,5.854166666666667,1.565472,2020-08-04,12.48,Tarazona
2020-08-09 21:00:00,0.002,5.875,1.36128,2020-08-04,12.48,Tarazona
2020-08-09 21:30:00,0.0018000000000000002,5.895833333333333,1.225152,2020-08-04,12.48,Tarazona
2020-08-09 22:00:00,0.0016,5.916666666666667,1.089024,2020-08-04,12.48,Tarazona
2020-08-09 22:30:00,0.0015,5.9375,1.02096,2020-08-04,12.48,Tarazona
2020-08-09 23:00:00,0.0014,5.958333333333333,0.952896,2020-08-04,12.48,Tarazona
2020-08-09 23:30:00,0.0012000000000000001,5.979166666666667,0.816768,2020-08-04,12.48,Tarazona
2020-08-10 00:00:00,0.0011,6.0,0.748704,2020-08-04,12.48,Tarazona
2020-08-10 00:30:00,0.001,6.020833333333333,0.68064,2020-08-04,12.48,Tarazona
2020-08-10 01:00:00,0.001,6.041666666666667,0.68064,2020-08-04,12.48,Tarazona
2020-08-10 01:30:00,0.0009000000000000001,6.0625,0.612576,2020-08-04,12.48,Tarazona
2020-08-10 02:00:00,0.0009000000000000001,6.083333333333333,0.612576,2020-08-04,12.48,Tarazona
2020-08-10 02:30:00,0.0008,6.104166666666667,0.544512,2020-08-04,12.48,Tarazona
2020-08-10 03:00:00,0.0008,6.125,0.544512,2020-08-04,12.48,Tarazona
2020-08-10 03:30:00,0.0008,6.145833333333333,0.544512,2020-08-04,12.48,Tarazona
2020-08-10 04:00:00,0.0009000000000000001,6.166666666666667,0.612576,2020-08-04,12.48,Tarazona
2020-08-10 04:30:00,0.0007,6.1875,0.476448,2020-08-04,12.48,Tarazona
2020-08-10 05:00:00,0.0009000000000000001,6.208333333333333,0.612576,2020-08-04,12.48,Tarazona
2020-08-10 05:30:00,0.0007,6.229166666666667,0.476448,2020-08-04,12.48,Tarazona
2020-08-10 06:00:00,0.0051,6.25,3.471264,2020-08-04,12.48,Tarazona
2020-08-10 06:30:00,0.0009000000000000001,6.270833333333333,0.612576,2020-08-04,12.48,Tarazona
2020-08-10 07:00:00,0.0201,6.291666666666667,13.680864,2020-08-04,12.48,Tarazona
2020-08-10 07:30:00,0.0286,6.3125,19.466304,2020-08-04,12.48,Tarazona
2020-08-10 08:00:00,0.0409,6.333333333333333,27.838175999999997,2020-08-04,12.48,Tarazona
2020-08-10 08:30:00,0.0568,6.354166666666667,38.660352,2020-08-04,12.48,Tarazona
2020-08-10 09:00:00,0.0697,6.375,47.440608,2020-08-04,12.48,Tarazona
2020-08-10 09:30:00,0.0579,6.395833333333333,39.409056,2020-08-04,12.48,Tarazona
2020-08-10 10:00:00,0.064,6.416666666666667,43.56096,2020-08-04,12.48,Tarazona
2020-08-10 10:30:00,0.084,6.4375,57.17376,2020-08-04,12.48,Tarazona
2020-08-10 11:00:00,0.10450000000000001,6.458333333333333,71.12688,2020-08-04,12.48,Tarazona
2020-08-10 11:30:00,0.1124,6.479166666666667,76.503936,2020-08-04,12.48,Tarazona
2020-08-10 12:00:00,0.115,6.5,78.2736,2020-08-04,12.48,Tarazona
2020-08-10 12:30:00,0.0981,6.520833333333333,66.770784,2020-08-04,12.48,Tarazona
2020-08-10 13:00:00,0.0733,6.541666666666667,49.890912,2020-08-04,12.48,Tarazona
2020-08-10 13:30:00,0.1047,6.5625,71.263008,2020-08-04,12.48,Tarazona
2020-08-10 14:00:00,0.0975,6.583333333333333,66.3624,2020-08-04,12.48,Tarazona
2020-08-10 14:30:00,0.0927,6.604166666666667,63.095328,2020-08-04,12.48,Tarazona
2020-08-10 15:00:00,0.0636,6.625,43.288704,2020-08-04,12.48,Tarazona
2020-08-10 15:30:00,0.0485,6.645833333333333,33.01104,2020-08-04,12.48,Tarazona
2020-08-10 16:00:00,0.0175,6.666666666666667,11.911200000000001,2020-08-04,12.48,Tarazona
2020-08-10 16:30:00,0.0026000000000000003,6.6875,1.7696640000000001,2020-08-04,12.48,Tarazona
2020-08-10 17:00:00,0.0024000000000000002,6.708333333333333,1.633536,2020-08-04,12.48,Tarazona
2020-08-10 17:30:00,0.0024000000000000002,6.729166666666667,1.633536,2020-08-04,12.48,Tarazona
2020-08-10 18:00:00,0.0024000000000000002,6.75,1.633536,2020-08-04,12.48,Tarazona
2020-08-10 18:30:00,0.0023,6.770833333333333,1.565472,2020-08-04,12.48,Tarazona
2020-08-10 19:00:00,0.002,6.791666666666667,1.36128,2020-08-04,12.48,Tarazona
2020-08-10 19:30:00,0.0019,6.8125,1.293216,2020-08-04,12.48,Tarazona
2020-08-10 20:00:00,0.0018000000000000002,6.833333333333333,1.225152,2020-08-04,12.48,Tarazona
2020-08-10 20:30:00,0.0018000000000000002,6.854166666666667,1.225152,2020-08-04,12.48,Tarazona
2020-08-10 21:00:00,0.0017000000000000001,6.875,1.1570880000000001,2020-08-04,12.48,Tarazona
2020-08-10 21:30:00,0.0014,6.895833333333333,0.952896,2020-08-04,12.48,Tarazona
2020-08-10 22:00:00,0.0011,6.916666666666667,0.748704,2020-08-04,12.48,Tarazona
2020-08-10 22:30:00,0.001,6.9375,0.68064,2020-08-04,12.48,Tarazona
2020-08-10 23:00:00,0.001,6.958333333333333,0.68064,2020-08-04,12.48,Tarazona
2020-08-10 23:30:00,0.0009000000000000001,6.979166666666667,0.612576,2020-08-04,12.48,Tarazona
2020-08-11 00:00:00,0.0007,7.0,0.476448,2020-08-04,12.48,Tarazona
2020-08-11 00:30:00,0.0007,7.020833333333333,0.476448,2020-08-04,12.48,Tarazona
2020-08-11 01:00:00,0.0006000000000000001,7.041666666666667,0.408384,2020-08-04,12.48,Tarazona
2020-08-11 01:30:00,0.0007,7.0625,0.476448,2020-08-04,12.48,Tarazona
2020-08-11 02:00:00,0.0005,7.083333333333333,0.34032,2020-08-04,12.48,Tarazona
2020-08-11 02:30:00,0.0005,7.104166666666667,0.34032,2020-08-04,12.48,Tarazona
2020-08-11 03:00:00,0.0005,7.125,0.34032,2020-08-04,12.48,Tarazona
2020-08-11 03:30:00,0.0004,7.145833333333333,0.272256,2020-08-04,12.48,Tarazona
2020-08-11 04:00:00,0.0005,7.166666666666667,0.34032,2020-08-04,12.48,Tarazona
2020-08-11 04:30:00,0.0004,7.1875,0.272256,2020-08-04,12.48,Tarazona
2020-08-11 05:00:00,0.0004,7.208333333333333,0.272256,2020-08-04,12.48,Tarazona
2020-08-11 05:30:00,0.00030000000000000003,7.229166666666667,0.204192,2020-08-04,12.48,Tarazona
2020-08-11 06:00:00,0.001,7.25,0.68064,2020-08-04,12.48,Tarazona
2020-08-11 06:30:00,0.0026000000000000003,7.270833333333333,1.7696640000000001,2020-08-04,12.48,Tarazona
2020-08-11 07:00:00,0.0039000000000000003,7.291666666666667,2.654496,2020-08-04,12.48,Tarazona
2020-08-11 07:30:00,0.020300000000000002,7.3125,13.816992,2020-08-04,12.48,Tarazona
2020-08-11 08:00:00,0.025500000000000002,7.333333333333333,17.35632,2020-08-04,12.48,Tarazona
2020-08-11 08:30:00,0.0334,7.354166666666667,22.733376,2020-08-04,12.48,Tarazona
2020-08-11 09:00:00,0.0414,7.375,28.178496,2020-08-04,12.48,Tarazona
2020-08-11 09:30:00,0.0516,7.395833333333333,35.121024,2020-08-04,12.48,Tarazona
2020-08-11 10:00:00,0.0476,7.416666666666667,32.398464000000004,2020-08-04,12.48,Tarazona
2020-08-11 10:30:00,0.0695,7.4375,47.304480000000005,2020-08-04,12.48,Tarazona
2020-08-11 11:00:00,0.07540000000000001,7.458333333333333,51.32025600000001,2020-08-04,12.48,Tarazona
2020-08-11 11:30:00,0.07740000000000001,7.479166666666667,52.68153600000001,2020-08-04,12.48,Tarazona
2020-08-11 12:00:00,0.0574,7.5,39.068736,2020-08-04,12.48,Tarazona
2020-08-11 12:30:00,0.07390000000000001,7.520833333333333,50.299296000000005,2020-08-04,12.48,Tarazona
2020-08-11 13:00:00,0.0732,7.541666666666667,49.822848,2020-08-04,12.48,Tarazona
2020-08-11 13:30:00,0.024,7.5625,16.33536,2020-08-04,12.48,Tarazona
2020-08-11 14:00:00,0.0689,7.583333333333333,46.896096,2020-08-04,12.48,Tarazona
2020-08-11 14:30:00,0.065,7.604166666666667,44.2416,2020-08-04,12.48,Tarazona
2020-08-11 15:00:00,0.056900000000000006,7.625,38.728416,2020-08-04,12.48,Tarazona
2020-08-11 15:30:00,0.05,7.645833333333333,34.032000000000004,2020-08-04,12.48,Tarazona
2020-08-11 16:00:00,0.0275,7.666666666666667,18.7176,2020-08-04,12.48,Tarazona
2020-08-11 16:30:00,0.001,7.6875,0.68064,2020-08-04,12.48,Tarazona
2020-08-11 17:00:00,0.0008,7.708333333333333,0.544512,2020-08-04,12.48,Tarazona
2020-08-11 17:30:00,0.0008,7.729166666666667,0.544512,2020-08-04,12.48,Tarazona
2020-08-11 18:00:00,0.0008,7.75,0.544512,2020-08-04,12.48,Tarazona
2020-08-11 18:30:00,0.0008,7.770833333333333,0.544512,2020-08-04,12.48,Tarazona
2020-08-11 19:00:00,0.0007,7.791666666666667,0.476448,2020-08-04,12.48,Tarazona
2020-08-11 19:30:00,0.0006000000000000001,7.8125,0.408384,2020-08-04,12.48,Tarazona
2020-08-11 20:00:00,0.0007,7.833333333333333,0.476448,2020-08-04,12.48,Tarazona
2020-08-11 20:30:00,0.0007,7.854166666666667,0.476448,2020-08-04,12.48,Tarazona
2020-08-11 21:00:00,0.0006000000000000001,7.875,0.408384,2020-08-04,12.48,Tarazona
2020-08-11 21:30:00,0.00030000000000000003,7.895833333333333,0.204192,2020-08-04,12.48,Tarazona
2020-08-11 22:00:00,0.0001,7.916666666666667,0.068064,2020-08-04,12.48,Tarazona
2020-08-11 22:30:00,0.0001,7.9375,0.068064,2020-08-04,12.48,Tarazona
2020-08-11 23:00:00,0.0001,7.958333333333333,0.068064,2020-08-04,12.48,Tarazona
2020-08-11 23:30:00,0.0001,7.979166666666667,0.068064,2020-08-04,12.48,Tarazona
2020-08-12 00:00:00,0.0001,8.0,0.068064,2020-08-04,12.48,Tarazona
2020-08-12 00:30:00,0.0001,8.020833333333334,0.068064,2020-08-04,12.48,Tarazona
2020-08-12 01:00:00,0.0001,8.041666666666666,0.068064,2020-08-04,12.48,Tarazona
2020-08-12 01:30:00,0.0001,8.0625,0.068064,2020-08-04,12.48,Tarazona
2020-08-12 02:00:00,0.0001,8.083333333333334,0.068064,2020-08-04,12.48,Tarazona
2020-08-12 02:30:00,0.0,8.104166666666666,0.0,2020-08-04,12.48,Tarazona
2020-08-12 03:00:00,0.0,8.125,0.0,2020-08-04,12.48,Tarazona
2020-08-12 03:30:00,0.0,8.145833333333334,0.0,2020-08-04,12.48,Tarazona
2020-08-12 04:00:00,0.0,8.166666666666666,0.0,2020-08-04,12.48,Tarazona
2020-08-12 04:30:00,0.0,8.1875,0.0,2020-08-04,12.48,Tarazona
2020-08-12 05:00:00,0.0,8.208333333333334,0.0,2020-08-04,12.48,Tarazona
2020-08-12 05:30:00,0.0,8.229166666666666,0.0,2020-08-04,12.48,Tarazona
2020-08-12 06:00:00,0.006,8.25,4.08384,2020-08-04,12.48,Tarazona
2020-08-12 06:30:00,0.018000000000000002,8.270833333333334,12.251520000000001,2020-08-04,12.48,Tarazona
2020-08-12 07:00:00,0.0349,8.291666666666666,23.754336,2020-08-04,12.48,Tarazona
2020-08-12 07:30:00,0.057800000000000004,8.3125,39.340992,2020-08-04,12.48,Tarazona
2020-08-12 08:00:00,0.08420000000000001,8.333333333333334,57.30988800000001,2020-08-04,12.48,Tarazona
2020-08-12 08:30:00,0.113,8.354166666666666,76.91232,2020-08-04,12.48,Tarazona
2020-08-12 09:00:00,0.1428,8.375,97.195392,2020-08-04,12.48,Tarazona
2020-08-12 09:30:00,0.17470000000000002,8.395833333333334,118.90780800000002,2020-08-04,12.48,Tarazona
2020-08-12 10:00:00,0.20470000000000002,8.416666666666666,139.327008,2020-08-04,12.48,Tarazona
2020-08-12 10:30:00,0.22740000000000002,8.4375,154.777536,2020-08-04,12.48,Tarazona
2020-08-12 11:00:00,0.2461,8.458333333333334,167.505504,2020-08-04,12.48,Tarazona
2020-08-12 11:30:00,0.2579,8.479166666666666,175.537056,2020-08-04,12.48,Tarazona
2020-08-12 12:00:00,0.2579,8.5,175.537056,2020-08-04,12.48,Tarazona
2020-08-12 12:30:00,0.25930000000000003,8.520833333333334,176.48995200000002,2020-08-04,12.48,Tarazona
2020-08-12 13:00:00,0.0737,8.541666666666666,50.163168,2020-08-04,12.48,Tarazona
2020-08-12 13:30:00,0.126,8.5625,85.76064,2020-08-04,12.48,Tarazona
2020-08-12 14:00:00,0.2185,8.583333333333334,148.71984,2020-08-04,12.48,Tarazona
2020-08-12 14:30:00,0.2001,8.604166666666666,136.196064,2020-08-04,12.48,Tarazona
2020-08-12 15:00:00,0.18280000000000002,8.625,124.42099200000001,2020-08-04,12.48,Tarazona
2020-08-12 15:30:00,0.16060000000000002,8.645833333333334,109.31078400000001,2020-08-04,12.48,Tarazona
2020-08-12 16:00:00,0.1373,8.666666666666666,93.45187200000001,2020-08-04,12.48,Tarazona
2020-08-12 16:30:00,0.11280000000000001,8.6875,76.77619200000001,2020-08-04,12.48,Tarazona
2020-08-12 17:00:00,0.0888,8.708333333333334,60.440832,2020-08-04,12.48,Tarazona
2020-08-12 17:30:00,0.055200000000000006,8.729166666666666,37.571328,2020-08-04,12.48,Tarazona
2020-08-12 18:00:00,0.0099,8.75,6.738336,2020-08-04,12.48,Tarazona
2020-08-12 18:30:00,0.0092,8.770833333333334,6.261888,2020-08-04,12.48,Tarazona
2020-08-12 19:00:00,0.0085,8.791666666666666,5.78544,2020-08-04,12.48,Tarazona
2020-08-12 19:30:00,0.007200000000000001,8.8125,4.900608,2020-08-04,12.48,Tarazona
2020-08-12 20:00:00,0.0059,8.833333333333334,4.015776,2020-08-04,12.48,Tarazona
2020-08-12 20:30:00,0.0067,8.854166666666666,4.560288,2020-08-04,12.48,Tarazona
2020-08-12 21:00:00,0.0048000000000000004,8.875,3.267072,2020-08-04,12.48,Tarazona
2020-08-12 21:30:00,0.0044,8.895833333333334,2.994816,2020-08-04,12.48,Tarazona
2020-08-12 22:00:00,0.004,8.916666666666666,2.72256,2020-08-04,12.48,Tarazona
2020-08-12 22:30:00,0.0038,8.9375,2.586432,2020-08-04,12.48,Tarazona
2020-08-12 23:00:00,0.0035,8.958333333333334,2.38224,2020-08-04,12.48,Tarazona
2020-08-12 23:30:00,0.0032,8.979166666666666,2.178048,2020-08-04,12.48,Tarazona
2020-08-13 00:00:00,0.0017000000000000001,9.0,1.1570880000000001,2020-08-04,12.48,Tarazona
2020-08-13 00:30:00,0.0015,9.020833333333334,1.02096,2020-08-04,12.48,Tarazona
2020-08-13 01:00:00,0.0014,9.041666666666666,0.952896,2020-08-04,12.48,Tarazona
2020-08-13 01:30:00,0.0013000000000000002,9.0625,0.8848320000000001,2020-08-04,12.48,Tarazona
2020-08-13 02:00:00,0.0011,9.083333333333334,0.748704,2020-08-04,12.48,Tarazona
2020-08-13 02:30:00,0.001,9.104166666666666,0.68064,2020-08-04,12.48,Tarazona
2020-08-13 03:00:00,0.0008,9.125,0.544512,2020-08-04,12.48,Tarazona
2020-08-13 03:30:00,0.0007,9.145833333333334,0.476448,2020-08-04,12.48,Tarazona
2020-08-13 04:00:00,0.0006000000000000001,9.166666666666666,0.408384,2020-08-04,12.48,Tarazona
2020-08-13 04:30:00,0.0005,9.1875,0.34032,2020-08-04,12.48,Tarazona
2020-08-13 05:00:00,0.0004,9.208333333333334,0.272256,2020-08-04,12.48,Tarazona
2020-08-13 05:30:00,0.0005,9.229166666666666,0.34032,2020-08-04,12.48,Tarazona
2020-08-13 06:00:00,0.006200000000000001,9.25,4.219968000000001,2020-08-04,12.48,Tarazona
2020-08-13 06:30:00,0.0167,9.270833333333334,11.366688,2020-08-04,12.48,Tarazona
2020-08-13 07:00:00,0.031100000000000003,9.291666666666666,21.167904,2020-08-04,12.48,Tarazona
2020-08-13 07:30:00,0.049600000000000005,9.3125,33.759744000000005,2020-08-04,12.48,Tarazona
2020-08-13 08:00:00,0.0714,9.333333333333334,48.597696,2020-08-04,12.48,Tarazona
2020-08-13 08:30:00,0.0951,9.354166666666666,64.728864,2020-08-04,12.48,Tarazona
2020-08-13 09:00:00,0.12000000000000001,9.375,81.6768,2020-08-04,12.48,Tarazona
2020-08-13 09:30:00,0.1446,9.395833333333334,98.420544,2020-08-04,12.48,Tarazona
2020-08-13 10:00:00,0.1678,9.416666666666666,114.211392,2020-08-04,12.48,Tarazona
2020-08-13 10:30:00,0.18580000000000002,9.4375,126.46291200000002,2020-08-04,12.48,Tarazona
2020-08-13 11:00:00,0.2006,9.458333333333334,136.536384,2020-08-04,12.48,Tarazona
2020-08-13 11:30:00,0.2106,9.479166666666666,143.342784,2020-08-04,12.48,Tarazona
2020-08-13 12:00:00,0.2182,9.5,148.515648,2020-08-04,12.48,Tarazona
2020-08-13 12:30:00,0.2194,9.520833333333334,149.332416,2020-08-04,12.48,Tarazona
2020-08-13 13:00:00,0.2162,9.541666666666666,147.154368,2020-08-04,12.48,Tarazona
2020-08-13 13:30:00,0.2094,9.5625,142.526016,2020-08-04,12.48,Tarazona
2020-08-13 14:00:00,0.1988,9.583333333333334,135.311232,2020-08-04,12.48,Tarazona
2020-08-13 14:30:00,0.1837,9.604166666666666,125.033568,2020-08-04,12.48,Tarazona
2020-08-13 15:00:00,0.1656,9.625,112.713984,2020-08-04,12.48,Tarazona
2020-08-13 15:30:00,0.1452,9.645833333333334,98.82892799999999,2020-08-04,12.48,Tarazona
2020-08-13 16:00:00,0.12350000000000001,9.666666666666666,84.05904000000001,2020-08-04,12.48,Tarazona
2020-08-13 16:30:00,0.0998,9.6875,67.927872,2020-08-04,12.48,Tarazona
2020-08-13 17:00:00,0.0766,9.708333333333334,52.137024,2020-08-04,12.48,Tarazona
2020-08-13 17:30:00,0.053200000000000004,9.729166666666666,36.210048,2020-08-04,12.48,Tarazona
2020-08-13 18:00:00,0.032,9.75,21.78048,2020-08-04,12.48,Tarazona
2020-08-13 18:30:00,0.0053,9.770833333333334,3.607392,2020-08-04,12.48,Tarazona
2020-08-13 19:00:00,0.0047,9.791666666666666,3.199008,2020-08-04,12.48,Tarazona
2020-08-13 19:30:00,0.0041,9.8125,2.790624,2020-08-04,12.48,Tarazona
2020-08-13 20:00:00,0.0036000000000000003,9.833333333333334,2.450304,2020-08-04,12.48,Tarazona
2020-08-13 20:30:00,0.0032,9.854166666666666,2.178048,2020-08-04,12.48,Tarazona
2020-08-13 21:00:00,0.0028,9.875,1.905792,2020-08-04,12.48,Tarazona
2020-08-13 21:30:00,0.0028,9.895833333333334,1.905792,2020-08-04,12.48,Tarazona
2020-08-13 22:00:00,0.0028,9.916666666666666,1.905792,2020-08-04,12.48,Tarazona
2020-08-13 22:30:00,0.0027,9.9375,1.837728,2020-08-04,12.48,Tarazona
2020-08-13 23:00:00,0.0026000000000000003,9.958333333333334,1.7696640000000001,2020-08-04,12.48,Tarazona
2020-08-13 23:30:00,0.0024000000000000002,9.979166666666666,1.633536,2020-08-04,12.48,Tarazona
2020-08-08 00:00:00,0.0011,0.0,0.748704,2020-08-08,12.35052,Tarazona
2020-08-08 00:30:00,0.0011,0.020833333333333332,0.748704,2020-08-08,12.35052,Tarazona
2020-08-08 01:00:00,0.0011,0.041666666666666664,0.748704,2020-08-08,12.35052,Tarazona
2020-08-08 01:30:00,0.001,0.0625,0.68064,2020-08-08,12.35052,Tarazona
2020-08-08 02:00:00,0.001,0.08333333333333333,0.68064,2020-08-08,12.35052,Tarazona
2020-08-08 02:30:00,0.0009000000000000001,0.10416666666666667,0.612576,2020-08-08,12.35052,Tarazona
2020-08-08 03:00:00,0.0009000000000000001,0.125,0.612576,2020-08-08,12.35052,Tarazona
2020-08-08 03:30:00,0.0008,0.14583333333333334,0.544512,2020-08-08,12.35052,Tarazona
2020-08-08 04:00:00,0.0007,0.16666666666666666,0.476448,2020-08-08,12.35052,Tarazona
2020-08-08 04:30:00,0.0007,0.1875,0.476448,2020-08-08,12.35052,Tarazona
2020-08-08 05:00:00,0.0007,0.20833333333333334,0.476448,2020-08-08,12.35052,Tarazona
2020-08-08 05:30:00,0.0007,0.22916666666666666,0.476448,2020-08-08,12.35052,Tarazona
2020-08-08 06:00:00,0.0061,0.25,4.151904,2020-08-08,12.35052,Tarazona
2020-08-08 06:30:00,0.0117,0.2708333333333333,7.963488,2020-08-08,12.35052,Tarazona
2020-08-08 07:00:00,0.023,0.2916666666666667,15.65472,2020-08-08,12.35052,Tarazona
2020-08-08 07:30:00,0.0316,0.3125,21.508224000000002,2020-08-08,12.35052,Tarazona
2020-08-08 08:00:00,0.047400000000000005,0.3333333333333333,32.262336000000005,2020-08-08,12.35052,Tarazona
2020-08-08 08:30:00,0.06760000000000001,0.3541666666666667,46.011264000000004,2020-08-08,12.35052,Tarazona
2020-08-08 09:00:00,0.084,0.375,57.17376,2020-08-08,12.35052,Tarazona
2020-08-08 09:30:00,0.1017,0.3958333333333333,69.221088,2020-08-08,12.35052,Tarazona
2020-08-08 10:00:00,0.12090000000000001,0.4166666666666667,82.289376,2020-08-08,12.35052,Tarazona
2020-08-08 10:30:00,0.1328,0.4375,90.388992,2020-08-08,12.35052,Tarazona
2020-08-08 11:00:00,0.1466,0.4583333333333333,99.781824,2020-08-08,12.35052,Tarazona
2020-08-08 11:30:00,0.1547,0.4791666666666667,105.295008,2020-08-08,12.35052,Tarazona
2020-08-08 12:00:00,0.15410000000000001,0.5,104.88662400000001,2020-08-08,12.35052,Tarazona
2020-08-08 12:30:00,0.162,0.5208333333333334,110.26368000000001,2020-08-08,12.35052,Tarazona
2020-08-08 13:00:00,0.1605,0.5416666666666666,109.24272,2020-08-08,12.35052,Tarazona
2020-08-08 13:30:00,0.1557,0.5625,105.975648,2020-08-08,12.35052,Tarazona
2020-08-08 14:00:00,0.1461,0.5833333333333334,99.44150400000001,2020-08-08,12.35052,Tarazona
2020-08-08 14:30:00,0.1293,0.6041666666666666,88.00675199999999,2020-08-08,12.35052,Tarazona
2020-08-08 15:00:00,0.10880000000000001,0.625,74.05363200000001,2020-08-08,12.35052,Tarazona
2020-08-08 15:30:00,0.0888,0.6458333333333334,60.440832,2020-08-08,12.35052,Tarazona
2020-08-08 16:00:00,0.0693,0.6666666666666666,47.168352,2020-08-08,12.35052,Tarazona
2020-08-08 16:30:00,0.049800000000000004,0.6875,33.895872000000004,2020-08-08,12.35052,Tarazona
2020-08-08 17:00:00,0.032600000000000004,0.7083333333333334,22.188864000000002,2020-08-08,12.35052,Tarazona
2020-08-08 17:30:00,0.0076,0.7291666666666666,5.172864,2020-08-08,12.35052,Tarazona
2020-08-08 18:00:00,0.0049,0.75,3.335136,2020-08-08,12.35052,Tarazona
2020-08-08 18:30:00,0.002,0.7708333333333334,1.36128,2020-08-08,12.35052,Tarazona
2020-08-08 19:00:00,0.0021000000000000003,0.7916666666666666,1.4293440000000002,2020-08-08,12.35052,Tarazona
2020-08-08 19:30:00,0.0019,0.8125,1.293216,2020-08-08,12.35052,Tarazona
2020-08-08 20:00:00,0.0018000000000000002,0.8333333333333334,1.225152,2020-08-08,12.35052,Tarazona
2020-08-08 20:30:00,0.0017000000000000001,0.8541666666666666,1.1570880000000001,2020-08-08,12.35052,Tarazona
2020-08-08 21:00:00,0.0016,0.875,1.089024,2020-08-08,12.35052,Tarazona
2020-08-08 21:30:00,0.0017000000000000001,0.8958333333333334,1.1570880000000001,2020-08-08,12.35052,Tarazona
2020-08-08 22:00:00,0.0017000000000000001,0.9166666666666666,1.1570880000000001,2020-08-08,12.35052,Tarazona
2020-08-08 22:30:00,0.0015,0.9375,1.02096,2020-08-08,12.35052,Tarazona
2020-08-08 23:00:00,0.0014,0.9583333333333334,0.952896,2020-08-08,12.35052,Tarazona
2020-08-08 23:30:00,0.0014,0.9791666666666666,0.952896,2020-08-08,12.35052,Tarazona
2020-08-09 00:00:00,0.001,1.0,0.68064,2020-08-08,12.35052,Tarazona
2020-08-09 00:30:00,0.001,1.0208333333333333,0.68064,2020-08-08,12.35052,Tarazona
2020-08-09 01:00:00,0.0011,1.0416666666666667,0.748704,2020-08-08,12.35052,Tarazona
2020-08-09 01:30:00,0.001,1.0625,0.68064,2020-08-08,12.35052,Tarazona
2020-08-09 02:00:00,0.0008,1.0833333333333333,0.544512,2020-08-08,12.35052,Tarazona
2020-08-09 02:30:00,0.0008,1.1041666666666667,0.544512,2020-08-08,12.35052,Tarazona
2020-08-09 03:00:00,0.0007,1.125,0.476448,2020-08-08,12.35052,Tarazona
2020-08-09 03:30:00,0.0007,1.1458333333333333,0.476448,2020-08-08,12.35052,Tarazona
2020-08-09 04:00:00,0.0007,1.1666666666666667,0.476448,2020-08-08,12.35052,Tarazona
2020-08-09 04:30:00,0.0006000000000000001,1.1875,0.408384,2020-08-08,12.35052,Tarazona
2020-08-09 05:00:00,0.0006000000000000001,1.2083333333333333,0.408384,2020-08-08,12.35052,Tarazona
2020-08-09 05:30:00,0.0006000000000000001,1.2291666666666667,0.408384,2020-08-08,12.35052,Tarazona
2020-08-09 06:00:00,0.0045000000000000005,1.25,3.0628800000000003,2020-08-08,12.35052,Tarazona
2020-08-09 06:30:00,0.010100000000000001,1.2708333333333333,6.874464000000001,2020-08-08,12.35052,Tarazona
2020-08-09 07:00:00,0.0179,1.2916666666666667,12.183456,2020-08-08,12.35052,Tarazona
2020-08-09 07:30:00,0.0287,1.3125,19.534368,2020-08-08,12.35052,Tarazona
2020-08-09 08:00:00,0.041600000000000005,1.3333333333333333,28.314624000000002,2020-08-08,12.35052,Tarazona
2020-08-09 08:30:00,0.056400000000000006,1.3541666666666667,38.388096000000004,2020-08-08,12.35052,Tarazona
2020-08-09 09:00:00,0.0736,1.375,50.095104,2020-08-08,12.35052,Tarazona
2020-08-09 09:30:00,0.0889,1.3958333333333333,60.508896,2020-08-08,12.35052,Tarazona
2020-08-09 10:00:00,0.1038,1.4166666666666667,70.650432,2020-08-08,12.35052,Tarazona
2020-08-09 10:30:00,0.1164,1.4375,79.226496,2020-08-08,12.35052,Tarazona
2020-08-09 11:00:00,0.1274,1.4583333333333333,86.713536,2020-08-08,12.35052,Tarazona
2020-08-09 11:30:00,0.13540000000000002,1.4791666666666667,92.15865600000001,2020-08-08,12.35052,Tarazona
2020-08-09 12:00:00,0.1408,1.5,95.834112,2020-08-08,12.35052,Tarazona
2020-08-09 12:30:00,0.137,1.5208333333333333,93.24768,2020-08-08,12.35052,Tarazona
2020-08-09 13:00:00,0.12760000000000002,1.5416666666666667,86.849664,2020-08-08,12.35052,Tarazona
2020-08-09 13:30:00,0.12010000000000001,1.5625,81.744864,2020-08-08,12.35052,Tarazona
2020-08-09 14:00:00,0.11120000000000001,1.5833333333333333,75.687168,2020-08-08,12.35052,Tarazona
2020-08-09 14:30:00,0.1032,1.6041666666666667,70.242048,2020-08-08,12.35052,Tarazona
2020-08-09 15:00:00,0.0925,1.625,62.959199999999996,2020-08-08,12.35052,Tarazona
2020-08-09 15:30:00,0.08120000000000001,1.6458333333333333,55.267968,2020-08-08,12.35052,Tarazona
2020-08-09 16:00:00,0.0692,1.6666666666666667,47.100288,2020-08-08,12.35052,Tarazona
2020-08-09 16:30:00,0.0548,1.6875,37.299072,2020-08-08,12.35052,Tarazona
2020-08-09 17:00:00,0.0417,1.7083333333333333,28.382688,2020-08-08,12.35052,Tarazona
2020-08-09 17:30:00,0.0287,1.7291666666666667,19.534368,2020-08-08,12.35052,Tarazona
2020-08-09 18:00:00,0.0028,1.75,1.905792,2020-08-08,12.35052,Tarazona
2020-08-09 18:30:00,0.0027,1.7708333333333333,1.837728,2020-08-08,12.35052,Tarazona
2020-08-09 19:00:00,0.0026000000000000003,1.7916666666666667,1.7696640000000001,2020-08-08,12.35052,Tarazona
2020-08-09 19:30:00,0.0025,1.8125,1.7016,2020-08-08,12.35052,Tarazona
2020-08-09 20:00:00,0.0024000000000000002,1.8333333333333333,1.633536,2020-08-08,12.35052,Tarazona
2020-08-09 20:30:00,0.0023,1.8541666666666667,1.565472,2020-08-08,12.35052,Tarazona
2020-08-09 21:00:00,0.002,1.875,1.36128,2020-08-08,12.35052,Tarazona
2020-08-09 21:30:00,0.0018000000000000002,1.8958333333333333,1.225152,2020-08-08,12.35052,Tarazona
2020-08-09 22:00:00,0.0016,1.9166666666666667,1.089024,2020-08-08,12.35052,Tarazona
2020-08-09 22:30:00,0.0015,1.9375,1.02096,2020-08-08,12.35052,Tarazona
2020-08-09 23:00:00,0.0014,1.9583333333333333,0.952896,2020-08-08,12.35052,Tarazona
2020-08-09 23:30:00,0.0012000000000000001,1.9791666666666667,0.816768,2020-08-08,12.35052,Tarazona
2020-08-10 00:00:00,0.0011,2.0,0.748704,2020-08-08,12.35052,Tarazona
2020-08-10 00:30:00,0.001,2.0208333333333335,0.68064,2020-08-08,12.35052,Tarazona
2020-08-10 01:00:00,0.001,2.0416666666666665,0.68064,2020-08-08,12.35052,Tarazona
2020-08-10 01:30:00,0.0009000000000000001,2.0625,0.612576,2020-08-08,12.35052,Tarazona
2020-08-10 02:00:00,0.0009000000000000001,2.0833333333333335,0.612576,2020-08-08,12.35052,Tarazona
2020-08-10 02:30:00,0.0008,2.1041666666666665,0.544512,2020-08-08,12.35052,Tarazona
2020-08-10 03:00:00,0.0008,2.125,0.544512,2020-08-08,12.35052,Tarazona
2020-08-10 03:30:00,0.0008,2.1458333333333335,0.544512,2020-08-08,12.35052,Tarazona
2020-08-10 04:00:00,0.0009000000000000001,2.1666666666666665,0.612576,2020-08-08,12.35052,Tarazona
2020-08-10 04:30:00,0.0007,2.1875,0.476448,2020-08-08,12.35052,Tarazona
2020-08-10 05:00:00,0.0009000000000000001,2.2083333333333335,0.612576,2020-08-08,12.35052,Tarazona
2020-08-10 05:30:00,0.0007,2.2291666666666665,0.476448,2020-08-08,12.35052,Tarazona
2020-08-10 06:00:00,0.0051,2.25,3.471264,2020-08-08,12.35052,Tarazona
2020-08-10 06:30:00,0.0009000000000000001,2.2708333333333335,0.612576,2020-08-08,12.35052,Tarazona
2020-08-10 07:00:00,0.0201,2.2916666666666665,13.680864,2020-08-08,12.35052,Tarazona
2020-08-10 07:30:00,0.0286,2.3125,19.466304,2020-08-08,12.35052,Tarazona
2020-08-10 08:00:00,0.0409,2.3333333333333335,27.838175999999997,2020-08-08,12.35052,Tarazona
2020-08-10 08:30:00,0.0568,2.3541666666666665,38.660352,2020-08-08,12.35052,Tarazona
2020-08-10 09:00:00,0.0697,2.375,47.440608,2020-08-08,12.35052,Tarazona
2020-08-10 09:30:00,0.0579,2.3958333333333335,39.409056,2020-08-08,12.35052,Tarazona
2020-08-10 10:00:00,0.064,2.4166666666666665,43.56096,2020-08-08,12.35052,Tarazona
2020-08-10 10:30:00,0.084,2.4375,57.17376,2020-08-08,12.35052,Tarazona
2020-08-10 11:00:00,0.10450000000000001,2.4583333333333335,71.12688,2020-08-08,12.35052,Tarazona
2020-08-10 11:30:00,0.1124,2.4791666666666665,76.503936,2020-08-08,12.35052,Tarazona
2020-08-10 12:00:00,0.115,2.5,78.2736,2020-08-08,12.35052,Tarazona
2020-08-10 12:30:00,0.0981,2.5208333333333335,66.770784,2020-08-08,12.35052,Tarazona
2020-08-10 13:00:00,0.0733,2.5416666666666665,49.890912,2020-08-08,12.35052,Tarazona
2020-08-10 13:30:00,0.1047,2.5625,71.263008,2020-08-08,12.35052,Tarazona
2020-08-10 14:00:00,0.0975,2.5833333333333335,66.3624,2020-08-08,12.35052,Tarazona
2020-08-10 14:30:00,0.0927,2.6041666666666665,63.095328,2020-08-08,12.35052,Tarazona
2020-08-10 15:00:00,0.0636,2.625,43.288704,2020-08-08,12.35052,Tarazona
2020-08-10 15:30:00,0.0485,2.6458333333333335,33.01104,2020-08-08,12.35052,Tarazona
2020-08-10 16:00:00,0.0175,2.6666666666666665,11.911200000000001,2020-08-08,12.35052,Tarazona
2020-08-10 16:30:00,0.0026000000000000003,2.6875,1.7696640000000001,2020-08-08,12.35052,Tarazona
2020-08-10 17:00:00,0.0024000000000000002,2.7083333333333335,1.633536,2020-08-08,12.35052,Tarazona
2020-08-10 17:30:00,0.0024000000000000002,2.7291666666666665,1.633536,2020-08-08,12.35052,Tarazona
2020-08-10 18:00:00,0.0024000000000000002,2.75,1.633536,2020-08-08,12.35052,Tarazona
2020-08-10 18:30:00,0.0023,2.7708333333333335,1.565472,2020-08-08,12.35052,Tarazona
2020-08-10 19:00:00,0.002,2.7916666666666665,1.36128,2020-08-08,12.35052,Tarazona
2020-08-10 19:30:00,0.0019,2.8125,1.293216,2020-08-08,12.35052,Tarazona
2020-08-10 20:00:00,0.0018000000000000002,2.8333333333333335,1.225152,2020-08-08,12.35052,Tarazona
2020-08-10 20:30:00,0.0018000000000000002,2.8541666666666665,1.225152,2020-08-08,12.35052,Tarazona
2020-08-10 21:00:00,0.0017000000000000001,2.875,1.1570880000000001,2020-08-08,12.35052,Tarazona
2020-08-10 21:30:00,0.0014,2.8958333333333335,0.952896,2020-08-08,12.35052,Tarazona
2020-08-10 22:00:00,0.0011,2.9166666666666665,0.748704,2020-08-08,12.35052,Tarazona
2020-08-10 22:30:00,0.001,2.9375,0.68064,2020-08-08,12.35052,Tarazona
2020-08-10 23:00:00,0.001,2.9583333333333335,0.68064,2020-08-08,12.35052,Tarazona
2020-08-10 23:30:00,0.0009000000000000001,2.9791666666666665,0.612576,2020-08-08,12.35052,Tarazona
2020-08-11 00:00:00,0.0007,3.0,0.476448,2020-08-08,12.35052,Tarazona
2020-08-11 00:30:00,0.0007,3.0208333333333335,0.476448,2020-08-08,12.35052,Tarazona
2020-08-11 01:00:00,0.0006000000000000001,3.0416666666666665,0.408384,2020-08-08,12.35052,Tarazona
2020-08-11 01:30:00,0.0007,3.0625,0.476448,2020-08-08,12.35052,Tarazona
2020-08-11 02:00:00,0.0005,3.0833333333333335,0.34032,2020-08-08,12.35052,Tarazona
2020-08-11 02:30:00,0.0005,3.1041666666666665,0.34032,2020-08-08,12.35052,Tarazona
2020-08-11 03:00:00,0.0005,3.125,0.34032,2020-08-08,12.35052,Tarazona
2020-08-11 03:30:00,0.0004,3.1458333333333335,0.272256,2020-08-08,12.35052,Tarazona
2020-08-11 04:00:00,0.0005,3.1666666666666665,0.34032,2020-08-08,12.35052,Tarazona
2020-08-11 04:30:00,0.0004,3.1875,0.272256,2020-08-08,12.35052,Tarazona
2020-08-11 05:00:00,0.0004,3.2083333333333335,0.272256,2020-08-08,12.35052,Tarazona
2020-08-11 05:30:00,0.00030000000000000003,3.2291666666666665,0.204192,2020-08-08,12.35052,Tarazona
2020-08-11 06:00:00,0.001,3.25,0.68064,2020-08-08,12.35052,Tarazona
2020-08-11 06:30:00,0.0026000000000000003,3.2708333333333335,1.7696640000000001,2020-08-08,12.35052,Tarazona
2020-08-11 07:00:00,0.0039000000000000003,3.2916666666666665,2.654496,2020-08-08,12.35052,Tarazona
2020-08-11 07:30:00,0.020300000000000002,3.3125,13.816992,2020-08-08,12.35052,Tarazona
2020-08-11 08:00:00,0.025500000000000002,3.3333333333333335,17.35632,2020-08-08,12.35052,Tarazona
2020-08-11 08:30:00,0.0334,3.3541666666666665,22.733376,2020-08-08,12.35052,Tarazona
2020-08-11 09:00:00,0.0414,3.375,28.178496,2020-08-08,12.35052,Tarazona
2020-08-11 09:30:00,0.0516,3.3958333333333335,35.121024,2020-08-08,12.35052,Tarazona
2020-08-11 10:00:00,0.0476,3.4166666666666665,32.398464000000004,2020-08-08,12.35052,Tarazona
2020-08-11 10:30:00,0.0695,3.4375,47.304480000000005,2020-08-08,12.35052,Tarazona
2020-08-11 11:00:00,0.07540000000000001,3.4583333333333335,51.32025600000001,2020-08-08,12.35052,Tarazona
2020-08-11 11:30:00,0.07740000000000001,3.4791666666666665,52.68153600000001,2020-08-08,12.35052,Tarazona
2020-08-11 12:00:00,0.0574,3.5,39.068736,2020-08-08,12.35052,Tarazona
2020-08-11 12:30:00,0.07390000000000001,3.5208333333333335,50.299296000000005,2020-08-08,12.35052,Tarazona
2020-08-11 13:00:00,0.0732,3.5416666666666665,49.822848,2020-08-08,12.35052,Tarazona
2020-08-11 13:30:00,0.024,3.5625,16.33536,2020-08-08,12.35052,Tarazona
2020-08-11 14:00:00,0.0689,3.5833333333333335,46.896096,2020-08-08,12.35052,Tarazona
2020-08-11 14:30:00,0.065,3.6041666666666665,44.2416,2020-08-08,12.35052,Tarazona
2020-08-11 15:00:00,0.056900000000000006,3.625,38.728416,2020-08-08,12.35052,Tarazona
2020-08-11 15:30:00,0.05,3.6458333333333335,34.032000000000004,2020-08-08,12.35052,Tarazona
2020-08-11 16:00:00,0.0275,3.6666666666666665,18.7176,2020-08-08,12.35052,Tarazona
2020-08-11 16:30:00,0.001,3.6875,0.68064,2020-08-08,12.35052,Tarazona
2020-08-11 17:00:00,0.0008,3.7083333333333335,0.544512,2020-08-08,12.35052,Tarazona
2020-08-11 17:30:00,0.0008,3.7291666666666665,0.544512,2020-08-08,12.35052,Tarazona
2020-08-11 18:00:00,0.0008,3.75,0.544512,2020-08-08,12.35052,Tarazona
2020-08-11 18:30:00,0.0008,3.7708333333333335,0.544512,2020-08-08,12.35052,Tarazona
2020-08-11 19:00:00,0.0007,3.7916666666666665,0.476448,2020-08-08,12.35052,Tarazona
2020-08-11 19:30:00,0.0006000000000000001,3.8125,0.408384,2020-08-08,12.35052,Tarazona
2020-08-11 20:00:00,0.0007,3.8333333333333335,0.476448,2020-08-08,12.35052,Tarazona
2020-08-11 20:30:00,0.0007,3.8541666666666665,0.476448,2020-08-08,12.35052,Tarazona
2020-08-11 21:00:00,0.0006000000000000001,3.875,0.408384,2020-08-08,12.35052,Tarazona
2020-08-11 21:30:00,0.00030000000000000003,3.8958333333333335,0.204192,2020-08-08,12.35052,Tarazona
2020-08-11 22:00:00,0.0001,3.9166666666666665,0.068064,2020-08-08,12.35052,Tarazona
2020-08-11 22:30:00,0.0001,3.9375,0.068064,2020-08-08,12.35052,Tarazona
2020-08-11 23:00:00,0.0001,3.9583333333333335,0.068064,2020-08-08,12.35052,Tarazona
2020-08-11 23:30:00,0.0001,3.9791666666666665,0.068064,2020-08-08,12.35052,Tarazona
2020-08-12 00:00:00,0.0001,4.0,0.068064,2020-08-08,12.35052,Tarazona
2020-08-12 00:30:00,0.0001,4.020833333333333,0.068064,2020-08-08,12.35052,Tarazona
2020-08-12 01:00:00,0.0001,4.041666666666667,0.068064,2020-08-08,12.35052,Tarazona
2020-08-12 01:30:00,0.0001,4.0625,0.068064,2020-08-08,12.35052,Tarazona
2020-08-12 02:00:00,0.0001,4.083333333333333,0.068064,2020-08-08,12.35052,Tarazona
2020-08-12 02:30:00,0.0,4.104166666666667,0.0,2020-08-08,12.35052,Tarazona
2020-08-12 03:00:00,0.0,4.125,0.0,2020-08-08,12.35052,Tarazona
2020-08-12 03:30:00,0.0,4.145833333333333,0.0,2020-08-08,12.35052,Tarazona
2020-08-12 04:00:00,0.0,4.166666666666667,0.0,2020-08-08,12.35052,Tarazona
2020-08-12 04:30:00,0.0,4.1875,0.0,2020-08-08,12.35052,Tarazona
2020-08-12 05:00:00,0.0,4.208333333333333,0.0,2020-08-08,12.35052,Tarazona
2020-08-12 05:30:00,0.0,4.229166666666667,0.0,2020-08-08,12.35052,Tarazona
2020-08-12 06:00:00,0.006,4.25,4.08384,2020-08-08,12.35052,Tarazona
2020-08-12 06:30:00,0.018000000000000002,4.270833333333333,12.251520000000001,2020-08-08,12.35052,Tarazona
2020-08-12 07:00:00,0.0349,4.291666666666667,23.754336,2020-08-08,12.35052,Tarazona
2020-08-12 07:30:00,0.057800000000000004,4.3125,39.340992,2020-08-08,12.35052,Tarazona
2020-08-12 08:00:00,0.08420000000000001,4.333333333333333,57.30988800000001,2020-08-08,12.35052,Tarazona
2020-08-12 08:30:00,0.113,4.354166666666667,76.91232,2020-08-08,12.35052,Tarazona
2020-08-12 09:00:00,0.1428,4.375,97.195392,2020-08-08,12.35052,Tarazona
2020-08-12 09:30:00,0.17470000000000002,4.395833333333333,118.90780800000002,2020-08-08,12.35052,Tarazona
2020-08-12 10:00:00,0.20470000000000002,4.416666666666667,139.327008,2020-08-08,12.35052,Tarazona
2020-08-12 10:30:00,0.22740000000000002,4.4375,154.777536,2020-08-08,12.35052,Tarazona
2020-08-12 11:00:00,0.2461,4.458333333333333,167.505504,2020-08-08,12.35052,Tarazona
2020-08-12 11:30:00,0.2579,4.479166666666667,175.537056,2020-08-08,12.35052,Tarazona
2020-08-12 12:00:00,0.2579,4.5,175.537056,2020-08-08,12.35052,Tarazona
2020-08-12 12:30:00,0.25930000000000003,4.520833333333333,176.48995200000002,2020-08-08,12.35052,Tarazona
2020-08-12 13:00:00,0.0737,4.541666666666667,50.163168,2020-08-08,12.35052,Tarazona
2020-08-12 13:30:00,0.126,4.5625,85.76064,2020-08-08,12.35052,Tarazona
2020-08-12 14:00:00,0.2185,4.583333333333333,148.71984,2020-08-08,12.35052,Tarazona
2020-08-12 14:30:00,0.2001,4.604166666666667,136.196064,2020-08-08,12.35052,Tarazona
2020-08-12 15:00:00,0.18280000000000002,4.625,124.42099200000001,2020-08-08,12.35052,Tarazona
2020-08-12 15:30:00,0.16060000000000002,4.645833333333333,109.31078400000001,2020-08-08,12.35052,Tarazona
2020-08-12 16:00:00,0.1373,4.666666666666667,93.45187200000001,2020-08-08,12.35052,Tarazona
2020-08-12 16:30:00,0.11280000000000001,4.6875,76.77619200000001,2020-08-08,12.35052,Tarazona
2020-08-12 17:00:00,0.0888,4.708333333333333,60.440832,2020-08-08,12.35052,Tarazona
2020-08-12 17:30:00,0.055200000000000006,4.729166666666667,37.571328,2020-08-08,12.35052,Tarazona
2020-08-12 18:00:00,0.0099,4.75,6.738336,2020-08-08,12.35052,Tarazona
2020-08-12 18:30:00,0.0092,4.770833333333333,6.261888,2020-08-08,12.35052,Tarazona
2020-08-12 19:00:00,0.0085,4.791666666666667,5.78544,2020-08-08,12.35052,Tarazona
2020-08-12 19:30:00,0.007200000000000001,4.8125,4.900608,2020-08-08,12.35052,Tarazona
2020-08-12 20:00:00,0.0059,4.833333333333333,4.015776,2020-08-08,12.35052,Tarazona
2020-08-12 20:30:00,0.0067,4.854166666666667,4.560288,2020-08-08,12.35052,Tarazona
2020-08-12 21:00:00,0.0048000000000000004,4.875,3.267072,2020-08-08,12.35052,Tarazona
2020-08-12 21:30:00,0.0044,4.895833333333333,2.994816,2020-08-08,12.35052,Tarazona
2020-08-12 22:00:00,0.004,4.916666666666667,2.72256,2020-08-08,12.35052,Tarazona
2020-08-12 22:30:00,0.0038,4.9375,2.586432,2020-08-08,12.35052,Tarazona
2020-08-12 23:00:00,0.0035,4.958333333333333,2.38224,2020-08-08,12.35052,Tarazona
2020-08-12 23:30:00,0.0032,4.979166666666667,2.178048,2020-08-08,12.35052,Tarazona
2020-08-13 00:00:00,0.0017000000000000001,5.0,1.1570880000000001,2020-08-08,12.35052,Tarazona
2020-08-13 00:30:00,0.0015,5.020833333333333,1.02096,2020-08-08,12.35052,Tarazona
2020-08-13 01:00:00,0.0014,5.041666666666667,0.952896,2020-08-08,12.35052,Tarazona
2020-08-13 01:30:00,0.0013000000000000002,5.0625,0.8848320000000001,2020-08-08,12.35052,Tarazona
2020-08-13 02:00:00,0.0011,5.083333333333333,0.748704,2020-08-08,12.35052,Tarazona
2020-08-13 02:30:00,0.001,5.104166666666667,0.68064,2020-08-08,12.35052,Tarazona
2020-08-13 03:00:00,0.0008,5.125,0.544512,2020-08-08,12.35052,Tarazona
2020-08-13 03:30:00,0.0007,5.145833333333333,0.476448,2020-08-08,12.35052,Tarazona
2020-08-13 04:00:00,0.0006000000000000001,5.166666666666667,0.408384,2020-08-08,12.35052,Tarazona
2020-08-13 04:30:00,0.0005,5.1875,0.34032,2020-08-08,12.35052,Tarazona
2020-08-13 05:00:00,0.0004,5.208333333333333,0.272256,2020-08-08,12.35052,Tarazona
2020-08-13 05:30:00,0.0005,5.229166666666667,0.34032,2020-08-08,12.35052,Tarazona
2020-08-13 06:00:00,0.006200000000000001,5.25,4.219968000000001,2020-08-08,12.35052,Tarazona
2020-08-13 06:30:00,0.0167,5.270833333333333,11.366688,2020-08-08,12.35052,Tarazona
2020-08-13 07:00:00,0.031100000000000003,5.291666666666667,21.167904,2020-08-08,12.35052,Tarazona
2020-08-13 07:30:00,0.049600000000000005,5.3125,33.759744000000005,2020-08-08,12.35052,Tarazona
2020-08-13 08:00:00,0.0714,5.333333333333333,48.597696,2020-08-08,12.35052,Tarazona
2020-08-13 08:30:00,0.0951,5.354166666666667,64.728864,2020-08-08,12.35052,Tarazona
2020-08-13 09:00:00,0.12000000000000001,5.375,81.6768,2020-08-08,12.35052,Tarazona
2020-08-13 09:30:00,0.1446,5.395833333333333,98.420544,2020-08-08,12.35052,Tarazona
2020-08-13 10:00:00,0.1678,5.416666666666667,114.211392,2020-08-08,12.35052,Tarazona
2020-08-13 10:30:00,0.18580000000000002,5.4375,126.46291200000002,2020-08-08,12.35052,Tarazona
2020-08-13 11:00:00,0.2006,5.458333333333333,136.536384,2020-08-08,12.35052,Tarazona
2020-08-13 11:30:00,0.2106,5.479166666666667,143.342784,2020-08-08,12.35052,Tarazona
2020-08-13 12:00:00,0.2182,5.5,148.515648,2020-08-08,12.35052,Tarazona
2020-08-13 12:30:00,0.2194,5.520833333333333,149.332416,2020-08-08,12.35052,Tarazona
2020-08-13 13:00:00,0.2162,5.541666666666667,147.154368,2020-08-08,12.35052,Tarazona
2020-08-13 13:30:00,0.2094,5.5625,142.526016,2020-08-08,12.35052,Tarazona
2020-08-13 14:00:00,0.1988,5.583333333333333,135.311232,2020-08-08,12.35052,Tarazona
2020-08-13 14:30:00,0.1837,5.604166666666667,125.033568,2020-08-08,12.35052,Tarazona
2020-08-13 15:00:00,0.1656,5.625,112.713984,2020-08-08,12.35052,Tarazona
2020-08-13 15:30:00,0.1452,5.645833333333333,98.82892799999999,2020-08-08,12.35052,Tarazona
2020-08-13 16:00:00,0.12350000000000001,5.666666666666667,84.05904000000001,2020-08-08,12.35052,Tarazona
2020-08-13 16:30:00,0.0998,5.6875,67.927872,2020-08-08,12.35052,Tarazona
2020-08-13 17:00:00,0.0766,5.708333333333333,52.137024,2020-08-08,12.35052,Tarazona
2020-08-13 17:30:00,0.053200000000000004,5.729166666666667,36.210048,2020-08-08,12.35052,Tarazona
2020-08-13 18:00:00,0.032,5.75,21.78048,2020-08-08,12.35052,Tarazona
2020-08-13 18:30:00,0.0053,5.770833333333333,3.607392,2020-08-08,12.35052,Tarazona
2020-08-13 19:00:00,0.0047,5.791666666666667,3.199008,2020-08-08,12.35052,Tarazona
2020-08-13 19:30:00,0.0041,5.8125,2.790624,2020-08-08,12.35052,Tarazona
2020-08-13 20:00:00,0.0036000000000000003,5.833333333333333,2.450304,2020-08-08,12.35052,Tarazona
2020-08-13 20:30:00,0.0032,5.854166666666667,2.178048,2020-08-08,12.35052,Tarazona
2020-08-13 21:00:00,0.0028,5.875,1.905792,2020-08-08,12.35052,Tarazona
2020-08-13 21:30:00,0.0028,5.895833333333333,1.905792,2020-08-08,12.35052,Tarazona
2020-08-13 22:00:00,0.0028,5.916666666666667,1.905792,2020-08-08,12.35052,Tarazona
2020-08-13 22:30:00,0.0027,5.9375,1.837728,2020-08-08,12.35052,Tarazona
2020-08-13 23:00:00,0.0026000000000000003,5.958333333333333,1.7696640000000001,2020-08-08,12.35052,Tarazona
2020-08-13 23:30:00,0.0024000000000000002,5.979166666666667,1.633536,2020-08-08,12.35052,Tarazona
2020-08-14 00:00:00,0.0014,6.0,0.952896,2020-08-08,12.35052,Tarazona
2020-08-14 00:30:00,0.0013000000000000002,6.020833333333333,0.8848320000000001,2020-08-08,12.35052,Tarazona
2020-08-14 01:00:00,0.0013000000000000002,6.041666666666667,0.8848320000000001,2020-08-08,12.35052,Tarazona
2020-08-14 01:30:00,0.0011,6.0625,0.748704,2020-08-08,12.35052,Tarazona
2020-08-14 02:00:00,0.001,6.083333333333333,0.68064,2020-08-08,12.35052,Tarazona
2020-08-14 02:30:00,0.001,6.104166666666667,0.68064,2020-08-08,12.35052,Tarazona
2020-08-14 03:00:00,0.0009000000000000001,6.125,0.612576,2020-08-08,12.35052,Tarazona
2020-08-14 03:30:00,0.0008,6.145833333333333,0.544512,2020-08-08,12.35052,Tarazona
2020-08-14 04:00:00,0.0006000000000000001,6.166666666666667,0.408384,2020-08-08,12.35052,Tarazona
2020-08-14 04:30:00,0.0004,6.1875,0.272256,2020-08-08,12.35052,Tarazona
2020-08-14 05:00:00,0.00030000000000000003,6.208333333333333,0.204192,2020-08-08,12.35052,Tarazona
2020-08-14 05:30:00,0.0002,6.229166666666667,0.136128,2020-08-08,12.35052,Tarazona
2020-08-14 06:00:00,0.0034000000000000002,6.25,2.3141760000000002,2020-08-08,12.35052,Tarazona
2020-08-14 06:30:00,0.0105,6.270833333333333,7.14672,2020-08-08,12.35052,Tarazona
2020-08-14 07:00:00,0.020800000000000003,6.291666666666667,14.157312000000001,2020-08-08,12.35052,Tarazona
2020-08-14 07:30:00,0.0356,6.3125,24.230784,2020-08-08,12.35052,Tarazona
2020-08-14 08:00:00,0.051500000000000004,6.333333333333333,35.05296,2020-08-08,12.35052,Tarazona
2020-08-14 08:30:00,0.0685,6.354166666666667,46.62384,2020-08-08,12.35052,Tarazona
2020-08-14 09:00:00,0.0858,6.375,58.398912,2020-08-08,12.35052,Tarazona
2020-08-14 09:30:00,0.1028,6.395833333333333,69.969792,2020-08-08,12.35052,Tarazona
2020-08-14 10:00:00,0.11850000000000001,6.416666666666667,80.65584,2020-08-08,12.35052,Tarazona
2020-08-14 10:30:00,0.13390000000000002,6.4375,91.137696,2020-08-08,12.35052,Tarazona
2020-08-14 11:00:00,0.1474,6.458333333333333,100.326336,2020-08-08,12.35052,Tarazona
2020-08-14 11:30:00,0.16010000000000002,6.479166666666667,108.970464,2020-08-08,12.35052,Tarazona
2020-08-14 12:00:00,0.1713,6.5,116.593632,2020-08-08,12.35052,Tarazona
2020-08-14 12:30:00,0.17750000000000002,6.520833333333333,120.81360000000001,2020-08-08,12.35052,Tarazona
2020-08-14 13:00:00,0.17930000000000001,6.541666666666667,122.038752,2020-08-08,12.35052,Tarazona
2020-08-14 13:30:00,0.17600000000000002,6.5625,119.79264,2020-08-08,12.35052,Tarazona
2020-08-14 14:00:00,0.1688,6.583333333333333,114.892032,2020-08-08,12.35052,Tarazona
2020-08-14 14:30:00,0.1578,6.604166666666667,107.404992,2020-08-08,12.35052,Tarazona
2020-08-14 15:00:00,0.1426,6.625,97.059264,2020-08-08,12.35052,Tarazona
2020-08-14 15:30:00,0.1233,6.645833333333333,83.922912,2020-08-08,12.35052,Tarazona
2020-08-14 16:00:00,0.10300000000000001,6.666666666666667,70.10592,2020-08-08,12.35052,Tarazona
2020-08-14 16:30:00,0.0818,6.6875,55.676351999999994,2020-08-08,12.35052,Tarazona
2020-08-14 17:00:00,0.061000000000000006,6.708333333333333,41.519040000000004,2020-08-08,12.35052,Tarazona
2020-08-14 17:30:00,0.0441,6.729166666666667,30.016224,2020-08-08,12.35052,Tarazona
2020-08-14 18:00:00,0.0268,6.75,18.241152,2020-08-08,12.35052,Tarazona
2020-08-14 18:30:00,0.0038,6.770833333333333,2.586432,2020-08-08,12.35052,Tarazona
2020-08-14 19:00:00,0.0034000000000000002,6.791666666666667,2.3141760000000002,2020-08-08,12.35052,Tarazona
2020-08-14 19:30:00,0.0032,6.8125,2.178048,2020-08-08,12.35052,Tarazona
2020-08-14 20:00:00,0.0028,6.833333333333333,1.905792,2020-08-08,12.35052,Tarazona
2020-08-14 20:30:00,0.0025,6.854166666666667,1.7016,2020-08-08,12.35052,Tarazona
2020-08-14 21:00:00,0.0021000000000000003,6.875,1.4293440000000002,2020-08-08,12.35052,Tarazona
2020-08-14 21:30:00,0.0018000000000000002,6.895833333333333,1.225152,2020-08-08,12.35052,Tarazona
2020-08-14 22:00:00,0.0015,6.916666666666667,1.02096,2020-08-08,12.35052,Tarazona
2020-08-14 22:30:00,0.0013000000000000002,6.9375,0.8848320000000001,2020-08-08,12.35052,Tarazona
2020-08-14 23:00:00,0.0011,6.958333333333333,0.748704,2020-08-08,12.35052,Tarazona
2020-08-14 23:30:00,0.0009000000000000001,6.979166666666667,0.612576,2020-08-08,12.35052,Tarazona
2020-08-15 00:00:00,0.0005,7.0,0.34032,2020-08-08,12.35052,Tarazona
2020-08-15 00:30:00,0.0004,7.020833333333333,0.272256,2020-08-08,12.35052,Tarazona
2020-08-15 01:00:00,0.00030000000000000003,7.041666666666667,0.204192,2020-08-08,12.35052,Tarazona
2020-08-15 01:30:00,0.0002,7.0625,0.136128,2020-08-08,12.35052,Tarazona
2020-08-15 02:00:00,0.0001,7.083333333333333,0.068064,2020-08-08,12.35052,Tarazona
2020-08-15 02:30:00,0.0001,7.104166666666667,0.068064,2020-08-08,12.35052,Tarazona
2020-08-15 03:00:00,0.0001,7.125,0.068064,2020-08-08,12.35052,Tarazona
2020-08-15 03:30:00,0.0001,7.145833333333333,0.068064,2020-08-08,12.35052,Tarazona
2020-08-15 04:00:00,0.0001,7.166666666666667,0.068064,2020-08-08,12.35052,Tarazona
2020-08-15 04:30:00,0.0,7.1875,0.0,2020-08-08,12.35052,Tarazona
2020-08-15 05:00:00,0.0,7.208333333333333,0.0,2020-08-08,12.35052,Tarazona
2020-08-15 05:30:00,0.0,7.229166666666667,0.0,2020-08-08,12.35052,Tarazona
2020-08-15 06:00:00,0.0026000000000000003,7.25,1.7696640000000001,2020-08-08,12.35052,Tarazona
2020-08-15 06:30:00,0.0088,7.270833333333333,5.989632,2020-08-08,12.35052,Tarazona
2020-08-15 07:00:00,0.0178,7.291666666666667,12.115392,2020-08-08,12.35052,Tarazona
2020-08-15 07:30:00,0.0316,7.3125,21.508224000000002,2020-08-08,12.35052,Tarazona
2020-08-15 08:00:00,0.046700000000000005,7.333333333333333,31.785888000000003,2020-08-08,12.35052,Tarazona
2020-08-15 08:30:00,0.0623,7.354166666666667,42.403872,2020-08-08,12.35052,Tarazona
2020-08-15 09:00:00,0.0786,7.375,53.498304000000005,2020-08-08,12.35052,Tarazona
2020-08-15 09:30:00,0.09530000000000001,7.395833333333333,64.864992,2020-08-08,12.35052,Tarazona
2020-08-15 10:00:00,0.1115,7.416666666666667,75.89136,2020-08-08,12.35052,Tarazona
2020-08-15 10:30:00,0.1218,7.4375,82.90195200000001,2020-08-08,12.35052,Tarazona
2020-08-15 11:00:00,0.1301,7.458333333333333,88.55126399999999,2020-08-08,12.35052,Tarazona
2020-08-15 11:30:00,0.1351,7.479166666666667,91.954464,2020-08-08,12.35052,Tarazona
2020-08-15 12:00:00,0.1386,7.5,94.336704,2020-08-08,12.35052,Tarazona
2020-08-15 12:30:00,0.1376,7.520833333333333,93.656064,2020-08-08,12.35052,Tarazona
2020-08-15 13:00:00,0.1342,7.541666666666667,91.34188800000001,2020-08-08,12.35052,Tarazona
2020-08-15 13:30:00,0.1283,7.5625,87.326112,2020-08-08,12.35052,Tarazona
2020-08-15 14:00:00,0.1207,7.583333333333333,82.153248,2020-08-08,12.35052,Tarazona
2020-08-15 14:30:00,0.1102,7.604166666666667,75.006528,2020-08-08,12.35052,Tarazona
2020-08-15 15:00:00,0.09860000000000001,7.625,67.111104,2020-08-08,12.35052,Tarazona
2020-08-15 15:30:00,0.08650000000000001,7.645833333333333,58.87536,2020-08-08,12.35052,Tarazona
2020-08-15 16:00:00,0.07400000000000001,7.666666666666667,50.367360000000005,2020-08-08,12.35052,Tarazona
2020-08-15 16:30:00,0.060500000000000005,7.6875,41.178720000000006,2020-08-08,12.35052,Tarazona
2020-08-15 17:00:00,0.0471,7.708333333333333,32.058144,2020-08-08,12.35052,Tarazona
2020-08-15 17:30:00,0.0334,7.729166666666667,22.733376,2020-08-08,12.35052,Tarazona
2020-08-15 18:00:00,0.0199,7.75,13.544736,2020-08-08,12.35052,Tarazona
2020-08-15 18:30:00,0.0027,7.770833333333333,1.837728,2020-08-08,12.35052,Tarazona
2020-08-15 19:00:00,0.0025,7.791666666666667,1.7016,2020-08-08,12.35052,Tarazona
2020-08-15 19:30:00,0.0023,7.8125,1.565472,2020-08-08,12.35052,Tarazona
2020-08-15 20:00:00,0.0022,7.833333333333333,1.497408,2020-08-08,12.35052,Tarazona
2020-08-15 20:30:00,0.002,7.854166666666667,1.36128,2020-08-08,12.35052,Tarazona
2020-08-15 21:00:00,0.0019,7.875,1.293216,2020-08-08,12.35052,Tarazona
2020-08-15 21:30:00,0.0018000000000000002,7.895833333333333,1.225152,2020-08-08,12.35052,Tarazona
2020-08-15 22:00:00,0.0018000000000000002,7.916666666666667,1.225152,2020-08-08,12.35052,Tarazona
2020-08-15 22:30:00,0.0016,7.9375,1.089024,2020-08-08,12.35052,Tarazona
2020-08-15 23:00:00,0.0015,7.958333333333333,1.02096,2020-08-08,12.35052,Tarazona
2020-08-15 23:30:00,0.0014,7.979166666666667,0.952896,2020-08-08,12.35052,Tarazona
2020-08-16 00:00:00,0.0011,8.0,0.748704,2020-08-08,12.35052,Tarazona
2020-08-16 00:30:00,0.001,8.020833333333334,0.68064,2020-08-08,12.35052,Tarazona
2020-08-16 01:00:00,0.0009000000000000001,8.041666666666666,0.612576,2020-08-08,12.35052,Tarazona
2020-08-16 01:30:00,0.0009000000000000001,8.0625,0.612576,2020-08-08,12.35052,Tarazona
2020-08-16 02:00:00,0.0008,8.083333333333334,0.544512,2020-08-08,12.35052,Tarazona
2020-08-16 02:30:00,0.0007,8.104166666666666,0.476448,2020-08-08,12.35052,Tarazona
2020-08-16 03:00:00,0.0007,8.125,0.476448,2020-08-08,12.35052,Tarazona
2020-08-16 03:30:00,0.0006000000000000001,8.145833333333334,0.408384,2020-08-08,12.35052,Tarazona
2020-08-16 04:00:00,0.0005,8.166666666666666,0.34032,2020-08-08,12.35052,Tarazona
2020-08-16 04:30:00,0.0005,8.1875,0.34032,2020-08-08,12.35052,Tarazona
2020-08-16 05:00:00,0.0004,8.208333333333334,0.272256,2020-08-08,12.35052,Tarazona
2020-08-16 05:30:00,0.0004,8.229166666666666,0.272256,2020-08-08,12.35052,Tarazona
2020-08-16 06:00:00,0.0041,8.25,2.790624,2020-08-08,12.35052,Tarazona
2020-08-16 06:30:00,0.0097,8.270833333333334,6.602208,2020-08-08,12.35052,Tarazona
2020-08-16 07:00:00,0.0172,8.291666666666666,11.707008,2020-08-08,12.35052,Tarazona
2020-08-16 07:30:00,0.0262,8.3125,17.832768,2020-08-08,12.35052,Tarazona
2020-08-16 08:00:00,0.0363,8.333333333333334,24.707231999999998,2020-08-08,12.35052,Tarazona
2020-08-16 08:30:00,0.047400000000000005,8.354166666666666,32.262336000000005,2020-08-08,12.35052,Tarazona
2020-08-16 09:00:00,0.059000000000000004,8.375,40.15776,2020-08-08,12.35052,Tarazona
2020-08-16 09:30:00,0.0695,8.395833333333334,47.304480000000005,2020-08-08,12.35052,Tarazona
2020-08-16 10:00:00,0.07930000000000001,8.416666666666666,53.974752,2020-08-08,12.35052,Tarazona
2020-08-16 10:30:00,0.08660000000000001,8.4375,58.94342400000001,2020-08-08,12.35052,Tarazona
2020-08-16 11:00:00,0.09230000000000001,8.458333333333334,62.823072,2020-08-08,12.35052,Tarazona
2020-08-16 11:30:00,0.097,8.479166666666666,66.02208,2020-08-08,12.35052,Tarazona
2020-08-16 12:00:00,0.1004,8.5,68.336256,2020-08-08,12.35052,Tarazona
2020-08-16 12:30:00,0.1013,8.520833333333334,68.948832,2020-08-08,12.35052,Tarazona
2020-08-16 13:00:00,0.1004,8.541666666666666,68.336256,2020-08-08,12.35052,Tarazona
2020-08-16 13:30:00,0.09670000000000001,8.5625,65.81788800000001,2020-08-08,12.35052,Tarazona
2020-08-16 14:00:00,0.09140000000000001,8.583333333333334,62.210496000000006,2020-08-08,12.35052,Tarazona
2020-08-16 14:30:00,0.0838,8.604166666666666,57.037631999999995,2020-08-08,12.35052,Tarazona
2020-08-16 15:00:00,0.0747,8.625,50.843808,2020-08-08,12.35052,Tarazona
2020-08-16 15:30:00,0.0654,8.645833333333334,44.513856,2020-08-08,12.35052,Tarazona
2020-08-16 16:00:00,0.055400000000000005,8.666666666666666,37.707456,2020-08-08,12.35052,Tarazona
2020-08-16 16:30:00,0.045200000000000004,8.6875,30.764928,2020-08-08,12.35052,Tarazona
2020-08-16 17:00:00,0.0349,8.708333333333334,23.754336,2020-08-08,12.35052,Tarazona
2020-08-16 17:30:00,0.0256,8.729166666666666,17.424384,2020-08-08,12.35052,Tarazona
2020-08-16 18:00:00,0.0148,8.75,10.073472,2020-08-08,12.35052,Tarazona
2020-08-16 18:30:00,0.002,8.770833333333334,1.36128,2020-08-08,12.35052,Tarazona
2020-08-16 19:00:00,0.0019,8.791666666666666,1.293216,2020-08-08,12.35052,Tarazona
2020-08-16 19:30:00,0.0016,8.8125,1.089024,2020-08-08,12.35052,Tarazona
2020-08-16 20:00:00,0.0015,8.833333333333334,1.02096,2020-08-08,12.35052,Tarazona
2020-08-16 20:30:00,0.0014,8.854166666666666,0.952896,2020-08-08,12.35052,Tarazona
2020-08-16 21:00:00,0.0013000000000000002,8.875,0.8848320000000001,2020-08-08,12.35052,Tarazona
2020-08-16 21:30:00,0.0013000000000000002,8.895833333333334,0.8848320000000001,2020-08-08,12.35052,Tarazona
2020-08-16 22:00:00,0.0012000000000000001,8.916666666666666,0.816768,2020-08-08,12.35052,Tarazona
2020-08-16 22:30:00,0.0011,8.9375,0.748704,2020-08-08,12.35052,Tarazona
2020-08-16 23:00:00,0.0011,8.958333333333334,0.748704,2020-08-08,12.35052,Tarazona
2020-08-16 23:30:00,0.001,8.979166666666666,0.68064,2020-08-08,12.35052,Tarazona
2020-08-17 00:00:00,0.0009000000000000001,9.0,0.612576,2020-08-08,12.35052,Tarazona
2020-08-17 00:30:00,0.0009000000000000001,9.020833333333334,0.612576,2020-08-08,12.35052,Tarazona
2020-08-17 01:00:00,0.0008,9.041666666666666,0.544512,2020-08-08,12.35052,Tarazona
2020-08-17 01:30:00,0.0008,9.0625,0.544512,2020-08-08,12.35052,Tarazona
2020-08-17 02:00:00,0.0007,9.083333333333334,0.476448,2020-08-08,12.35052,Tarazona
2020-08-17 02:30:00,0.0007,9.104166666666666,0.476448,2020-08-08,12.35052,Tarazona
2020-08-17 03:00:00,0.0006000000000000001,9.125,0.408384,2020-08-08,12.35052,Tarazona
2020-08-17 03:30:00,0.0005,9.145833333333334,0.34032,2020-08-08,12.35052,Tarazona
2020-08-17 04:00:00,0.0005,9.166666666666666,0.34032,2020-08-08,12.35052,Tarazona
2020-08-17 04:30:00,0.0005,9.1875,0.34032,2020-08-08,12.35052,Tarazona
2020-08-17 05:00:00,0.0005,9.208333333333334,0.34032,2020-08-08,12.35052,Tarazona
2020-08-17 05:30:00,0.0005,9.229166666666666,0.34032,2020-08-08,12.35052,Tarazona
2020-08-17 06:00:00,0.004200000000000001,9.25,2.8586880000000003,2020-08-08,12.35052,Tarazona
2020-08-17 06:30:00,0.01,9.270833333333334,6.8064,2020-08-08,12.35052,Tarazona
2020-08-17 07:00:00,0.0178,9.291666666666666,12.115392,2020-08-08,12.35052,Tarazona
2020-08-17 07:30:00,0.0273,9.3125,18.581472,2020-08-08,12.35052,Tarazona
2020-08-17 08:00:00,0.0378,9.333333333333334,25.728192,2020-08-08,12.35052,Tarazona
2020-08-17 08:30:00,0.0504,9.354166666666666,34.304256,2020-08-08,12.35052,Tarazona
2020-08-17 09:00:00,0.0641,9.375,43.629024,2020-08-08,12.35052,Tarazona
2020-08-17 09:30:00,0.0784,9.395833333333334,53.362176,2020-08-08,12.35052,Tarazona
2020-08-17 10:00:00,0.09240000000000001,9.416666666666666,62.891136,2020-08-08,12.35052,Tarazona
2020-08-17 10:30:00,0.09770000000000001,9.4375,66.49852800000001,2020-08-08,12.35052,Tarazona
2020-08-17 11:00:00,0.10110000000000001,9.458333333333334,68.81270400000001,2020-08-08,12.35052,Tarazona
2020-08-17 11:30:00,0.1042,9.479166666666666,70.922688,2020-08-08,12.35052,Tarazona
2020-08-17 12:00:00,0.1053,9.5,71.671392,2020-08-08,12.35052,Tarazona
2020-08-17 12:30:00,0.1057,9.520833333333334,71.943648,2020-08-08,12.35052,Tarazona
2020-08-17 13:00:00,0.1041,9.541666666666666,70.854624,2020-08-08,12.35052,Tarazona
2020-08-17 13:30:00,0.101,9.5625,68.74464,2020-08-08,12.35052,Tarazona
2020-08-17 14:00:00,0.0959,9.583333333333334,65.273376,2020-08-08,12.35052,Tarazona
2020-08-17 14:30:00,0.0889,9.604166666666666,60.508896,2020-08-08,12.35052,Tarazona
2020-08-17 15:00:00,0.0835,9.625,56.83344,2020-08-08,12.35052,Tarazona
2020-08-17 15:30:00,0.0689,9.645833333333334,46.896096,2020-08-08,12.35052,Tarazona
2020-08-17 16:00:00,0.0597,9.666666666666666,40.634208,2020-08-08,12.35052,Tarazona
2020-08-17 16:30:00,0.0499,9.6875,33.963936,2020-08-08,12.35052,Tarazona
2020-08-17 17:00:00,0.020300000000000002,9.708333333333334,13.816992,2020-08-08,12.35052,Tarazona
2020-08-17 17:30:00,0.025500000000000002,9.729166666666666,17.35632,2020-08-08,12.35052,Tarazona
2020-08-17 18:00:00,0.0137,9.75,9.324768,2020-08-08,12.35052,Tarazona
2020-08-17 18:30:00,0.0019,9.770833333333334,1.293216,2020-08-08,12.35052,Tarazona
2020-08-17 19:00:00,0.0018000000000000002,9.791666666666666,1.225152,2020-08-08,12.35052,Tarazona
2020-08-17 19:30:00,0.0016,9.8125,1.089024,2020-08-08,12.35052,Tarazona
2020-08-17 20:00:00,0.0014,9.833333333333334,0.952896,2020-08-08,12.35052,Tarazona
2020-08-17 20:30:00,0.0013000000000000002,9.854166666666666,0.8848320000000001,2020-08-08,12.35052,Tarazona
2020-08-17 21:00:00,0.0012000000000000001,9.875,0.816768,2020-08-08,12.35052,Tarazona
2020-08-17 21:30:00,0.0012000000000000001,9.895833333333334,0.816768,2020-08-08,12.35052,Tarazona
2020-08-17 22:00:00,0.0012000000000000001,9.916666666666666,0.816768,2020-08-08,12.35052,Tarazona
2020-08-17 22:30:00,0.0011,9.9375,0.748704,2020-08-08,12.35052,Tarazona
2020-08-17 23:00:00,0.001,9.958333333333334,0.68064,2020-08-08,12.35052,Tarazona
2020-08-17 23:30:00,0.0009000000000000001,9.979166666666666,0.612576,2020-08-08,12.35052,Tarazona
2020-08-19 00:00:00,0.0006000000000000001,0.0,0.408384,2020-08-19,12.48,Tarazona
2020-08-19 00:30:00,0.0005,0.020833333333333332,0.34032,2020-08-19,12.48,Tarazona
2020-08-19 01:00:00,0.0004,0.041666666666666664,0.272256,2020-08-19,12.48,Tarazona
2020-08-19 01:30:00,0.0004,0.0625,0.272256,2020-08-19,12.48,Tarazona
2020-08-19 02:00:00,0.0004,0.08333333333333333,0.272256,2020-08-19,12.48,Tarazona
2020-08-19 02:30:00,0.00030000000000000003,0.10416666666666667,0.204192,2020-08-19,12.48,Tarazona
2020-08-19 03:00:00,0.0002,0.125,0.136128,2020-08-19,12.48,Tarazona
2020-08-19 03:30:00,0.0002,0.14583333333333334,0.136128,2020-08-19,12.48,Tarazona
2020-08-19 04:00:00,0.0002,0.16666666666666666,0.136128,2020-08-19,12.48,Tarazona
2020-08-19 04:30:00,0.0001,0.1875,0.068064,2020-08-19,12.48,Tarazona
2020-08-19 05:00:00,0.0001,0.20833333333333334,0.068064,2020-08-19,12.48,Tarazona
2020-08-19 05:30:00,0.0001,0.22916666666666666,0.068064,2020-08-19,12.48,Tarazona
2020-08-19 06:00:00,0.0016,0.25,1.089024,2020-08-19,12.48,Tarazona
2020-08-19 06:30:00,0.0057,0.2708333333333333,3.879648,2020-08-19,12.48,Tarazona
2020-08-19 07:00:00,0.012100000000000001,0.2916666666666667,8.235744,2020-08-19,12.48,Tarazona
2020-08-19 07:30:00,0.0218,0.3125,14.837952,2020-08-19,12.48,Tarazona
2020-08-19 08:00:00,0.0335,0.3333333333333333,22.80144,2020-08-19,12.48,Tarazona
2020-08-19 08:30:00,0.0472,0.3541666666666667,32.126208,2020-08-19,12.48,Tarazona
2020-08-19 09:00:00,0.0621,0.375,42.267744,2020-08-19,12.48,Tarazona
2020-08-19 09:30:00,0.07730000000000001,0.3958333333333333,52.613472,2020-08-19,12.48,Tarazona
2020-08-19 10:00:00,0.09230000000000001,0.4166666666666667,62.823072,2020-08-19,12.48,Tarazona
2020-08-19 10:30:00,0.1041,0.4375,70.854624,2020-08-19,12.48,Tarazona
2020-08-19 11:00:00,0.1143,0.4583333333333333,77.797152,2020-08-19,12.48,Tarazona
2020-08-19 11:30:00,0.1208,0.4791666666666667,82.221312,2020-08-19,12.48,Tarazona
2020-08-19 12:00:00,0.1272,0.5,86.577408,2020-08-19,12.48,Tarazona
2020-08-19 12:30:00,0.12760000000000002,0.5208333333333334,86.849664,2020-08-19,12.48,Tarazona
2020-08-19 13:00:00,0.1252,0.5416666666666666,85.216128,2020-08-19,12.48,Tarazona
2020-08-19 13:30:00,0.1217,0.5625,82.833888,2020-08-19,12.48,Tarazona
2020-08-19 14:00:00,0.1149,0.5833333333333334,78.205536,2020-08-19,12.48,Tarazona
2020-08-19 14:30:00,0.10500000000000001,0.6041666666666666,71.4672,2020-08-19,12.48,Tarazona
2020-08-19 15:00:00,0.09330000000000001,0.625,63.50371200000001,2020-08-19,12.48,Tarazona
2020-08-19 15:30:00,0.0804,0.6458333333333334,54.723456,2020-08-19,12.48,Tarazona
2020-08-19 16:00:00,0.067,0.6666666666666666,45.60288,2020-08-19,12.48,Tarazona
2020-08-19 16:30:00,0.0522,0.6875,35.529408000000004,2020-08-19,12.48,Tarazona
2020-08-19 17:00:00,0.038,0.7083333333333334,25.86432,2020-08-19,12.48,Tarazona
2020-08-19 17:30:00,0.024300000000000002,0.7291666666666666,16.539552,2020-08-19,12.48,Tarazona
2020-08-19 18:00:00,0.0126,0.75,8.576064,2020-08-19,12.48,Tarazona
2020-08-19 18:30:00,0.002,0.7708333333333334,1.36128,2020-08-19,12.48,Tarazona
2020-08-19 19:00:00,0.0019,0.7916666666666666,1.293216,2020-08-19,12.48,Tarazona
2020-08-19 19:30:00,0.0017000000000000001,0.8125,1.1570880000000001,2020-08-19,12.48,Tarazona
2020-08-19 20:00:00,0.0016,0.8333333333333334,1.089024,2020-08-19,12.48,Tarazona
2020-08-19 20:30:00,0.0014,0.8541666666666666,0.952896,2020-08-19,12.48,Tarazona
2020-08-19 21:00:00,0.0013000000000000002,0.875,0.8848320000000001,2020-08-19,12.48,Tarazona
2020-08-19 21:30:00,0.0012000000000000001,0.8958333333333334,0.816768,2020-08-19,12.48,Tarazona
2020-08-19 22:00:00,0.0011,0.9166666666666666,0.748704,2020-08-19,12.48,Tarazona
2020-08-19 22:30:00,0.0011,0.9375,0.748704,2020-08-19,12.48,Tarazona
2020-08-19 23:00:00,0.001,0.9583333333333334,0.68064,2020-08-19,12.48,Tarazona
2020-08-19 23:30:00,0.0009000000000000001,0.9791666666666666,0.612576,2020-08-19,12.48,Tarazona
2020-08-20 00:00:00,0.0008,1.0,0.544512,2020-08-19,12.48,Tarazona
2020-08-20 00:30:00,0.0009000000000000001,1.0208333333333333,0.612576,2020-08-19,12.48,Tarazona
2020-08-20 01:00:00,0.0009000000000000001,1.0416666666666667,0.612576,2020-08-19,12.48,Tarazona
2020-08-20 01:30:00,0.0008,1.0625,0.544512,2020-08-19,12.48,Tarazona
2020-08-20 02:00:00,0.0008,1.0833333333333333,0.544512,2020-08-19,12.48,Tarazona
2020-08-20 02:30:00,0.0007,1.1041666666666667,0.476448,2020-08-19,12.48,Tarazona
2020-08-20 03:00:00,0.0007,1.125,0.476448,2020-08-19,12.48,Tarazona
2020-08-20 03:30:00,0.0006000000000000001,1.1458333333333333,0.408384,2020-08-19,12.48,Tarazona
2020-08-20 04:00:00,0.0006000000000000001,1.1666666666666667,0.408384,2020-08-19,12.48,Tarazona
2020-08-20 04:30:00,0.0006000000000000001,1.1875,0.408384,2020-08-19,12.48,Tarazona
2020-08-20 05:00:00,0.0005,1.2083333333333333,0.34032,2020-08-19,12.48,Tarazona
2020-08-20 05:30:00,0.0005,1.2291666666666667,0.34032,2020-08-19,12.48,Tarazona
2020-08-20 06:00:00,0.0037,1.25,2.518368,2020-08-19,12.48,Tarazona
2020-08-20 06:30:00,0.008700000000000001,1.2708333333333333,5.921568000000001,2020-08-19,12.48,Tarazona
2020-08-20 07:00:00,0.015600000000000001,1.2916666666666667,10.617984,2020-08-19,12.48,Tarazona
2020-08-20 07:30:00,0.025,1.3125,17.016000000000002,2020-08-19,12.48,Tarazona
2020-08-20 08:00:00,0.0364,1.3333333333333333,24.775296,2020-08-19,12.48,Tarazona
2020-08-20 08:30:00,0.049300000000000004,1.3541666666666667,33.555552,2020-08-19,12.48,Tarazona
2020-08-20 09:00:00,0.0629,1.375,42.812256,2020-08-19,12.48,Tarazona
2020-08-20 09:30:00,0.0779,1.3958333333333333,53.021856,2020-08-19,12.48,Tarazona
2020-08-20 10:00:00,0.09280000000000001,1.4166666666666667,63.163392,2020-08-19,12.48,Tarazona
2020-08-20 10:30:00,0.10500000000000001,1.4375,71.4672,2020-08-19,12.48,Tarazona
2020-08-20 11:00:00,0.11570000000000001,1.4583333333333333,78.750048,2020-08-19,12.48,Tarazona
2020-08-20 11:30:00,0.12340000000000001,1.4791666666666667,83.990976,2020-08-19,12.48,Tarazona
2020-08-20 12:00:00,0.1274,1.5,86.713536,2020-08-19,12.48,Tarazona
2020-08-20 12:30:00,0.128,1.5208333333333333,87.12192,2020-08-19,12.48,Tarazona
2020-08-20 13:00:00,0.1259,1.5416666666666667,85.692576,2020-08-19,12.48,Tarazona
2020-08-20 13:30:00,0.12000000000000001,1.5625,81.6768,2020-08-19,12.48,Tarazona
2020-08-20 14:00:00,0.11230000000000001,1.5833333333333333,76.435872,2020-08-19,12.48,Tarazona
2020-08-20 14:30:00,0.1038,1.6041666666666667,70.650432,2020-08-19,12.48,Tarazona
2020-08-20 15:00:00,0.09280000000000001,1.625,63.163392,2020-08-19,12.48,Tarazona
2020-08-20 15:30:00,0.07980000000000001,1.6458333333333333,54.31507200000001,2020-08-19,12.48,Tarazona
2020-08-20 16:00:00,0.0674,1.6666666666666667,45.875136,2020-08-19,12.48,Tarazona
2020-08-20 16:30:00,0.053700000000000005,1.6875,36.550368000000006,2020-08-19,12.48,Tarazona
2020-08-20 17:00:00,0.0403,1.7083333333333333,27.429792000000003,2020-08-19,12.48,Tarazona
2020-08-20 17:30:00,0.0267,1.7291666666666667,18.173088,2020-08-19,12.48,Tarazona
2020-08-20 18:00:00,0.0134,1.75,9.120576,2020-08-19,12.48,Tarazona
2020-08-20 18:30:00,0.0023,1.7708333333333333,1.565472,2020-08-19,12.48,Tarazona
2020-08-20 19:00:00,0.0021000000000000003,1.7916666666666667,1.4293440000000002,2020-08-19,12.48,Tarazona
2020-08-20 19:30:00,0.0019,1.8125,1.293216,2020-08-19,12.48,Tarazona
2020-08-20 20:00:00,0.0017000000000000001,1.8333333333333333,1.1570880000000001,2020-08-19,12.48,Tarazona
2020-08-20 20:30:00,0.0015,1.8541666666666667,1.02096,2020-08-19,12.48,Tarazona
2020-08-20 21:00:00,0.0013000000000000002,1.875,0.8848320000000001,2020-08-19,12.48,Tarazona
2020-08-20 21:30:00,0.0011,1.8958333333333333,0.748704,2020-08-19,12.48,Tarazona
2020-08-20 22:00:00,0.0009000000000000001,1.9166666666666667,0.612576,2020-08-19,12.48,Tarazona
2020-08-20 22:30:00,0.0008,1.9375,0.544512,2020-08-19,12.48,Tarazona
2020-08-20 23:00:00,0.0007,1.9583333333333333,0.476448,2020-08-19,12.48,Tarazona
2020-08-20 23:30:00,0.0006000000000000001,1.9791666666666667,0.408384,2020-08-19,12.48,Tarazona
2020-08-21 00:00:00,0.0004,2.0,0.272256,2020-08-19,12.48,Tarazona
2020-08-21 00:30:00,0.0004,2.0208333333333335,0.272256,2020-08-19,12.48,Tarazona
2020-08-21 01:00:00,0.0004,2.0416666666666665,0.272256,2020-08-19,12.48,Tarazona
2020-08-21 01:30:00,0.00030000000000000003,2.0625,0.204192,2020-08-19,12.48,Tarazona
2020-08-21 02:00:00,0.00030000000000000003,2.0833333333333335,0.204192,2020-08-19,12.48,Tarazona
2020-08-21 02:30:00,0.00030000000000000003,2.1041666666666665,0.204192,2020-08-19,12.48,Tarazona
2020-08-21 03:00:00,0.00030000000000000003,2.125,0.204192,2020-08-19,12.48,Tarazona
2020-08-21 03:30:00,0.0004,2.1458333333333335,0.272256,2020-08-19,12.48,Tarazona
2020-08-21 04:00:00,0.0004,2.1666666666666665,0.272256,2020-08-19,12.48,Tarazona
2020-08-21 04:30:00,0.0005,2.1875,0.34032,2020-08-19,12.48,Tarazona
2020-08-21 05:00:00,0.0005,2.2083333333333335,0.34032,2020-08-19,12.48,Tarazona
2020-08-21 05:30:00,0.0005,2.2291666666666665,0.34032,2020-08-19,12.48,Tarazona
2020-08-21 06:00:00,0.0038,2.25,2.586432,2020-08-19,12.48,Tarazona
2020-08-21 06:30:00,0.0091,2.2708333333333335,6.193824,2020-08-19,12.48,Tarazona
2020-08-21 07:00:00,0.0166,2.2916666666666665,11.298624,2020-08-19,12.48,Tarazona
2020-08-21 07:30:00,0.027,2.3125,18.37728,2020-08-19,12.48,Tarazona
2020-08-21 08:00:00,0.0391,2.3333333333333335,26.613024000000003,2020-08-19,12.48,Tarazona
2020-08-21 08:30:00,0.052500000000000005,2.3541666666666665,35.7336,2020-08-19,12.48,Tarazona
2020-08-21 09:00:00,0.0671,2.375,45.670944000000006,2020-08-19,12.48,Tarazona
2020-08-21 09:30:00,0.0811,2.3958333333333335,55.199904000000004,2020-08-19,12.48,Tarazona
2020-08-21 10:00:00,0.09480000000000001,2.4166666666666665,64.52467200000001,2020-08-19,12.48,Tarazona
2020-08-21 10:30:00,0.1044,2.4375,71.05881600000001,2020-08-19,12.48,Tarazona
2020-08-21 11:00:00,0.109,2.4583333333333335,74.18975999999999,2020-08-19,12.48,Tarazona
2020-08-21 11:30:00,0.11,2.4791666666666665,74.8704,2020-08-19,12.48,Tarazona
2020-08-21 12:00:00,0.10980000000000001,2.5,74.734272,2020-08-19,12.48,Tarazona
2020-08-21 12:30:00,0.1102,2.5208333333333335,75.006528,2020-08-19,12.48,Tarazona
2020-08-21 13:00:00,0.1086,2.5416666666666665,73.917504,2020-08-19,12.48,Tarazona
2020-08-21 13:30:00,0.1048,2.5625,71.331072,2020-08-19,12.48,Tarazona
2020-08-21 14:00:00,0.1027,2.5833333333333335,69.90172799999999,2020-08-19,12.48,Tarazona
2020-08-21 14:30:00,0.0944,2.6041666666666665,64.252416,2020-08-19,12.48,Tarazona
2020-08-21 15:00:00,0.0848,2.625,57.718272,2020-08-19,12.48,Tarazona
2020-08-21 15:30:00,0.0742,2.6458333333333335,50.503488,2020-08-19,12.48,Tarazona
2020-08-21 16:00:00,0.0632,2.6666666666666665,43.016448000000004,2020-08-19,12.48,Tarazona
2020-08-21 16:30:00,0.0514,2.6875,34.984896,2020-08-19,12.48,Tarazona
2020-08-21 17:00:00,0.0396,2.7083333333333335,26.953344,2020-08-19,12.48,Tarazona
2020-08-21 17:30:00,0.0269,2.7291666666666665,18.309216,2020-08-19,12.48,Tarazona
2020-08-21 18:00:00,0.0149,2.75,10.141536,2020-08-19,12.48,Tarazona
2020-08-21 18:30:00,0.0024000000000000002,2.7708333333333335,1.633536,2020-08-19,12.48,Tarazona
2020-08-21 19:00:00,0.0022,2.7916666666666665,1.497408,2020-08-19,12.48,Tarazona
2020-08-21 19:30:00,0.0019,2.8125,1.293216,2020-08-19,12.48,Tarazona
2020-08-21 20:00:00,0.0017000000000000001,2.8333333333333335,1.1570880000000001,2020-08-19,12.48,Tarazona
2020-08-21 20:30:00,0.0016,2.8541666666666665,1.089024,2020-08-19,12.48,Tarazona
2020-08-21 21:00:00,0.0014,2.875,0.952896,2020-08-19,12.48,Tarazona
2020-08-21 21:30:00,0.0014,2.8958333333333335,0.952896,2020-08-19,12.48,Tarazona
2020-08-21 22:00:00,0.0013000000000000002,2.9166666666666665,0.8848320000000001,2020-08-19,12.48,Tarazona
2020-08-21 22:30:00,0.0012000000000000001,2.9375,0.816768,2020-08-19,12.48,Tarazona
2020-08-21 23:00:00,0.0012000000000000001,2.9583333333333335,0.816768,2020-08-19,12.48,Tarazona
2020-08-21 23:30:00,0.0013000000000000002,2.9791666666666665,0.8848320000000001,2020-08-19,12.48,Tarazona
2020-08-22 00:00:00,0.0012000000000000001,3.0,0.816768,2020-08-19,12.48,Tarazona
2020-08-22 00:30:00,0.0009000000000000001,3.0208333333333335,0.612576,2020-08-19,12.48,Tarazona
2020-08-22 01:00:00,0.0008,3.0416666666666665,0.544512,2020-08-19,12.48,Tarazona
2020-08-22 01:30:00,0.0007,3.0625,0.476448,2020-08-19,12.48,Tarazona
2020-08-22 02:00:00,0.0006000000000000001,3.0833333333333335,0.408384,2020-08-19,12.48,Tarazona
2020-08-22 02:30:00,0.0005,3.1041666666666665,0.34032,2020-08-19,12.48,Tarazona
2020-08-22 03:00:00,0.0004,3.125,0.272256,2020-08-19,12.48,Tarazona
2020-08-22 03:30:00,0.00030000000000000003,3.1458333333333335,0.204192,2020-08-19,12.48,Tarazona
2020-08-22 04:00:00,0.00030000000000000003,3.1666666666666665,0.204192,2020-08-19,12.48,Tarazona
2020-08-22 04:30:00,0.0002,3.1875,0.136128,2020-08-19,12.48,Tarazona
2020-08-22 05:00:00,0.0002,3.2083333333333335,0.136128,2020-08-19,12.48,Tarazona
2020-08-22 05:30:00,0.0002,3.2291666666666665,0.136128,2020-08-19,12.48,Tarazona
2020-08-22 06:00:00,0.0025,3.25,1.7016,2020-08-19,12.48,Tarazona
2020-08-22 06:30:00,0.0073,3.2708333333333335,4.968672,2020-08-19,12.48,Tarazona
2020-08-22 07:00:00,0.0143,3.2916666666666665,9.733152,2020-08-19,12.48,Tarazona
2020-08-22 07:30:00,0.024,3.3125,16.33536,2020-08-19,12.48,Tarazona
2020-08-22 08:00:00,0.0356,3.3333333333333335,24.230784,2020-08-19,12.48,Tarazona
2020-08-22 08:30:00,0.049,3.3541666666666665,33.35136,2020-08-19,12.48,Tarazona
2020-08-22 09:00:00,0.0635,3.375,43.22064,2020-08-19,12.48,Tarazona
2020-08-22 09:30:00,0.07680000000000001,3.3958333333333335,52.273152,2020-08-19,12.48,Tarazona
2020-08-22 10:00:00,0.0897,3.4166666666666665,61.053408,2020-08-19,12.48,Tarazona
2020-08-22 10:30:00,0.10060000000000001,3.4375,68.472384,2020-08-19,12.48,Tarazona
2020-08-22 11:00:00,0.10980000000000001,3.4583333333333335,74.734272,2020-08-19,12.48,Tarazona
2020-08-22 11:30:00,0.1164,3.4791666666666665,79.226496,2020-08-19,12.48,Tarazona
2020-08-22 12:00:00,0.11710000000000001,3.5,79.702944,2020-08-19,12.48,Tarazona
2020-08-22 12:30:00,0.1144,3.5208333333333335,77.865216,2020-08-19,12.48,Tarazona
2020-08-22 13:00:00,0.10980000000000001,3.5416666666666665,74.734272,2020-08-19,12.48,Tarazona
2020-08-22 13:30:00,0.1051,3.5625,71.535264,2020-08-19,12.48,Tarazona
2020-08-22 14:00:00,0.0988,3.5833333333333335,67.247232,2020-08-19,12.48,Tarazona
2020-08-22 14:30:00,0.0903,3.6041666666666665,61.461792,2020-08-19,12.48,Tarazona
2020-08-22 15:00:00,0.0804,3.625,54.723456,2020-08-19,12.48,Tarazona
2020-08-22 15:30:00,0.0689,3.6458333333333335,46.896096,2020-08-19,12.48,Tarazona
2020-08-22 16:00:00,0.0572,3.6666666666666665,38.932608,2020-08-19,12.48,Tarazona
2020-08-22 16:30:00,0.044700000000000004,3.6875,30.424608000000003,2020-08-19,12.48,Tarazona
2020-08-22 17:00:00,0.0328,3.7083333333333335,22.324992,2020-08-19,12.48,Tarazona
2020-08-22 17:30:00,0.0219,3.7291666666666665,14.906016,2020-08-19,12.48,Tarazona
2020-08-22 18:00:00,0.0117,3.75,7.963488,2020-08-19,12.48,Tarazona
2020-08-22 18:30:00,0.0019,3.7708333333333335,1.293216,2020-08-19,12.48,Tarazona
2020-08-22 19:00:00,0.0018000000000000002,3.7916666666666665,1.225152,2020-08-19,12.48,Tarazona
2020-08-22 19:30:00,0.0016,3.8125,1.089024,2020-08-19,12.48,Tarazona
2020-08-22 20:00:00,0.0015,3.8333333333333335,1.02096,2020-08-19,12.48,Tarazona
2020-08-22 20:30:00,0.0013000000000000002,3.8541666666666665,0.8848320000000001,2020-08-19,12.48,Tarazona
2020-08-22 21:00:00,0.0012000000000000001,3.875,0.816768,2020-08-19,12.48,Tarazona
2020-08-22 21:30:00,0.0011,3.8958333333333335,0.748704,2020-08-19,12.48,Tarazona
2020-08-22 22:00:00,0.001,3.9166666666666665,0.68064,2020-08-19,12.48,Tarazona
2020-08-22 22:30:00,0.0008,3.9375,0.544512,2020-08-19,12.48,Tarazona
2020-08-22 23:00:00,0.0006000000000000001,3.9583333333333335,0.408384,2020-08-19,12.48,Tarazona
2020-08-22 23:30:00,0.0004,3.9791666666666665,0.272256,2020-08-19,12.48,Tarazona
2020-08-23 00:00:00,0.00030000000000000003,4.0,0.204192,2020-08-19,12.48,Tarazona
2020-08-23 00:30:00,0.0002,4.020833333333333,0.136128,2020-08-19,12.48,Tarazona
2020-08-23 01:00:00,0.0001,4.041666666666667,0.068064,2020-08-19,12.48,Tarazona
2020-08-23 01:30:00,0.0001,4.0625,0.068064,2020-08-19,12.48,Tarazona
2020-08-23 02:00:00,0.0,4.083333333333333,0.0,2020-08-19,12.48,Tarazona
2020-08-23 02:30:00,0.0,4.104166666666667,0.0,2020-08-19,12.48,Tarazona
2020-08-23 03:00:00,0.0,4.125,0.0,2020-08-19,12.48,Tarazona
2020-08-23 03:30:00,0.0,4.145833333333333,0.0,2020-08-19,12.48,Tarazona
2020-08-23 04:00:00,0.0,4.166666666666667,0.0,2020-08-19,12.48,Tarazona
2020-08-23 04:30:00,0.0,4.1875,0.0,2020-08-19,12.48,Tarazona
2020-08-23 05:00:00,0.0,4.208333333333333,0.0,2020-08-19,12.48,Tarazona
2020-08-23 05:30:00,0.0,4.229166666666667,0.0,2020-08-19,12.48,Tarazona
2020-08-23 06:00:00,0.0009000000000000001,4.25,0.612576,2020-08-19,12.48,Tarazona
2020-08-23 06:30:00,0.0046,4.270833333333333,3.130944,2020-08-19,12.48,Tarazona
2020-08-23 07:00:00,0.0098,4.291666666666667,6.670272,2020-08-19,12.48,Tarazona
2020-08-23 07:30:00,0.0167,4.3125,11.366688,2020-08-19,12.48,Tarazona
2020-08-23 08:00:00,0.0159,4.333333333333333,10.822176,2020-08-19,12.48,Tarazona
2020-08-23 08:30:00,0.0187,4.354166666666667,12.727968,2020-08-19,12.48,Tarazona
2020-08-23 09:00:00,0.0444,4.375,30.220416,2020-08-19,12.48,Tarazona
2020-08-23 09:30:00,0.048100000000000004,4.395833333333333,32.738784,2020-08-19,12.48,Tarazona
2020-08-23 10:00:00,0.06720000000000001,4.416666666666667,45.739008000000005,2020-08-19,12.48,Tarazona
2020-08-23 10:30:00,0.0796,4.4375,54.178944,2020-08-19,12.48,Tarazona
2020-08-23 11:00:00,0.0915,4.458333333333333,62.27856,2020-08-19,12.48,Tarazona
2020-08-23 11:30:00,0.10300000000000001,4.479166666666667,70.10592,2020-08-19,12.48,Tarazona
2020-08-23 12:00:00,0.11320000000000001,4.5,77.04844800000001,2020-08-19,12.48,Tarazona
2020-08-23 12:30:00,0.1149,4.520833333333333,78.205536,2020-08-19,12.48,Tarazona
2020-08-23 13:00:00,0.11660000000000001,4.541666666666667,79.36262400000001,2020-08-19,12.48,Tarazona
2020-08-23 13:30:00,0.11220000000000001,4.5625,76.36780800000001,2020-08-19,12.48,Tarazona
2020-08-23 14:00:00,0.1056,4.583333333333333,71.875584,2020-08-19,12.48,Tarazona
2020-08-23 14:30:00,0.0903,4.604166666666667,61.461792,2020-08-19,12.48,Tarazona
2020-08-23 15:00:00,0.0834,4.625,56.765376,2020-08-19,12.48,Tarazona
2020-08-23 15:30:00,0.07050000000000001,4.645833333333333,47.98512,2020-08-19,12.48,Tarazona
2020-08-23 16:00:00,0.049800000000000004,4.666666666666667,33.895872000000004,2020-08-19,12.48,Tarazona
2020-08-23 16:30:00,0.0431,4.6875,29.335584,2020-08-19,12.48,Tarazona
2020-08-23 17:00:00,0.021400000000000002,4.708333333333333,14.565696,2020-08-19,12.48,Tarazona
2020-08-23 17:30:00,0.0109,4.729166666666667,7.418976,2020-08-19,12.48,Tarazona
2020-08-23 18:00:00,0.0071,4.75,4.832544,2020-08-19,12.48,Tarazona
2020-08-23 18:30:00,0.0012000000000000001,4.770833333333333,0.816768,2020-08-19,12.48,Tarazona
2020-08-23 19:00:00,0.0008,4.791666666666667,0.544512,2020-08-19,12.48,Tarazona
2020-08-23 19:30:00,0.0007,4.8125,0.476448,2020-08-19,12.48,Tarazona
2020-08-23 20:00:00,0.0006000000000000001,4.833333333333333,0.408384,2020-08-19,12.48,Tarazona
2020-08-23 20:30:00,0.0005,4.854166666666667,0.34032,2020-08-19,12.48,Tarazona
2020-08-23 21:00:00,0.0004,4.875,0.272256,2020-08-19,12.48,Tarazona
2020-08-23 21:30:00,0.00030000000000000003,4.895833333333333,0.204192,2020-08-19,12.48,Tarazona
2020-08-23 22:00:00,0.00030000000000000003,4.916666666666667,0.204192,2020-08-19,12.48,Tarazona
2020-08-23 22:30:00,0.0002,4.9375,0.136128,2020-08-19,12.48,Tarazona
2020-08-23 23:00:00,0.0002,4.958333333333333,0.136128,2020-08-19,12.48,Tarazona
2020-08-23 23:30:00,0.0002,4.979166666666667,0.136128,2020-08-19,12.48,Tarazona
2020-08-24 00:00:00,0.0001,5.0,0.068064,2020-08-19,12.48,Tarazona
2020-08-24 00:30:00,0.0001,5.020833333333333,0.068064,2020-08-19,12.48,Tarazona
2020-08-24 01:00:00,0.00030000000000000003,5.041666666666667,0.204192,2020-08-19,12.48,Tarazona
2020-08-24 01:30:00,0.0,5.0625,0.0,2020-08-19,12.48,Tarazona
2020-08-24 02:00:00,0.0,5.083333333333333,0.0,2020-08-19,12.48,Tarazona
2020-08-24 02:30:00,0.0,5.104166666666667,0.0,2020-08-19,12.48,Tarazona
2020-08-24 03:00:00,0.0,5.125,0.0,2020-08-19,12.48,Tarazona
2020-08-24 03:30:00,0.0,5.145833333333333,0.0,2020-08-19,12.48,Tarazona
2020-08-24 04:00:00,0.0,5.166666666666667,0.0,2020-08-19,12.48,Tarazona
2020-08-24 04:30:00,0.0,5.1875,0.0,2020-08-19,12.48,Tarazona
2020-08-24 05:00:00,0.0,5.208333333333333,0.0,2020-08-19,12.48,Tarazona
2020-08-24 05:30:00,0.0,5.229166666666667,0.0,2020-08-19,12.48,Tarazona
2020-08-24 06:00:00,0.0008,5.25,0.544512,2020-08-19,12.48,Tarazona
2020-08-24 06:30:00,0.0044,5.270833333333333,2.994816,2020-08-19,12.48,Tarazona
2020-08-24 07:00:00,0.0094,5.291666666666667,6.398016,2020-08-19,12.48,Tarazona
2020-08-24 07:30:00,0.0165,5.3125,11.23056,2020-08-19,12.48,Tarazona
2020-08-24 08:00:00,0.024300000000000002,5.333333333333333,16.539552,2020-08-19,12.48,Tarazona
2020-08-24 08:30:00,0.034800000000000005,5.354166666666667,23.686272000000002,2020-08-19,12.48,Tarazona
2020-08-24 09:00:00,0.046400000000000004,5.375,31.581696,2020-08-19,12.48,Tarazona
2020-08-24 09:30:00,0.0608,5.395833333333333,41.382912,2020-08-19,12.48,Tarazona
2020-08-24 10:00:00,0.0763,5.416666666666667,51.932832000000005,2020-08-19,12.48,Tarazona
2020-08-24 10:30:00,0.0867,5.4375,59.011488,2020-08-19,12.48,Tarazona
2020-08-24 11:00:00,0.09570000000000001,5.458333333333333,65.137248,2020-08-19,12.48,Tarazona
2020-08-24 11:30:00,0.10260000000000001,5.479166666666667,69.833664,2020-08-19,12.48,Tarazona
2020-08-24 12:00:00,0.1078,5.5,73.372992,2020-08-19,12.48,Tarazona
2020-08-24 12:30:00,0.1107,5.520833333333333,75.34684800000001,2020-08-19,12.48,Tarazona
2020-08-24 13:00:00,0.1111,5.541666666666667,75.61910400000001,2020-08-19,12.48,Tarazona
2020-08-24 13:30:00,0.1105,5.5625,75.21072,2020-08-19,12.48,Tarazona
2020-08-24 14:00:00,0.1048,5.583333333333333,71.331072,2020-08-19,12.48,Tarazona
2020-08-24 14:30:00,0.0955,5.604166666666667,65.00112,2020-08-19,12.48,Tarazona
2020-08-24 15:00:00,0.0844,5.625,57.446016,2020-08-19,12.48,Tarazona
2020-08-24 15:30:00,0.0722,5.645833333333333,49.142208,2020-08-19,12.48,Tarazona
2020-08-24 16:00:00,0.059500000000000004,5.666666666666667,40.49808,2020-08-19,12.48,Tarazona
2020-08-24 16:30:00,0.0461,5.6875,31.377504000000002,2020-08-19,12.48,Tarazona
2020-08-24 17:00:00,0.0335,5.708333333333333,22.80144,2020-08-19,12.48,Tarazona
2020-08-24 17:30:00,0.0195,5.729166666666667,13.27248,2020-08-19,12.48,Tarazona
2020-08-24 18:00:00,0.007500000000000001,5.75,5.1048,2020-08-19,12.48,Tarazona
2020-08-24 18:30:00,0.0018000000000000002,5.770833333333333,1.225152,2020-08-19,12.48,Tarazona
2020-08-24 19:00:00,0.0016,5.791666666666667,1.089024,2020-08-19,12.48,Tarazona
2020-08-24 19:30:00,0.0013000000000000002,5.8125,0.8848320000000001,2020-08-19,12.48,Tarazona
2020-08-24 20:00:00,0.0011,5.833333333333333,0.748704,2020-08-19,12.48,Tarazona
2020-08-24 20:30:00,0.0009000000000000001,5.854166666666667,0.612576,2020-08-19,12.48,Tarazona
2020-08-24 21:00:00,0.0007,5.875,0.476448,2020-08-19,12.48,Tarazona
2020-08-24 21:30:00,0.0005,5.895833333333333,0.34032,2020-08-19,12.48,Tarazona
2020-08-24 22:00:00,0.0004,5.916666666666667,0.272256,2020-08-19,12.48,Tarazona
2020-08-24 22:30:00,0.00030000000000000003,5.9375,0.204192,2020-08-19,12.48,Tarazona
2020-08-24 23:00:00,0.0002,5.958333333333333,0.136128,2020-08-19,12.48,Tarazona
2020-08-24 23:30:00,0.0004,5.979166666666667,0.272256,2020-08-19,12.48,Tarazona
2020-08-25 00:00:00,0.0001,6.0,0.068064,2020-08-19,12.48,Tarazona
2020-08-25 00:30:00,0.0,6.020833333333333,0.0,2020-08-19,12.48,Tarazona
2020-08-25 01:00:00,0.0,6.041666666666667,0.0,2020-08-19,12.48,Tarazona
2020-08-25 01:30:00,0.0,6.0625,0.0,2020-08-19,12.48,Tarazona
2020-08-25 02:00:00,0.0,6.083333333333333,0.0,2020-08-19,12.48,Tarazona
2020-08-25 02:30:00,0.0,6.104166666666667,0.0,2020-08-19,12.48,Tarazona
2020-08-25 03:00:00,0.0,6.125,0.0,2020-08-19,12.48,Tarazona
2020-08-25 03:30:00,0.0,6.145833333333333,0.0,2020-08-19,12.48,Tarazona
2020-08-25 04:00:00,0.0,6.166666666666667,0.0,2020-08-19,12.48,Tarazona
2020-08-25 04:30:00,0.0,6.1875,0.0,2020-08-19,12.48,Tarazona
2020-08-25 05:00:00,0.0,6.208333333333333,0.0,2020-08-19,12.48,Tarazona
2020-08-25 05:30:00,0.0,6.229166666666667,0.0,2020-08-19,12.48,Tarazona
2020-08-25 06:00:00,0.0007,6.25,0.476448,2020-08-19,12.48,Tarazona
2020-08-25 06:30:00,0.0041,6.270833333333333,2.790624,2020-08-19,12.48,Tarazona
2020-08-25 07:00:00,0.0098,6.291666666666667,6.670272,2020-08-19,12.48,Tarazona
2020-08-25 07:30:00,0.0184,6.3125,12.523776,2020-08-19,12.48,Tarazona
2020-08-25 08:00:00,0.028900000000000002,6.333333333333333,19.670496,2020-08-19,12.48,Tarazona
2020-08-25 08:30:00,0.0417,6.354166666666667,28.382688,2020-08-19,12.48,Tarazona
2020-08-25 09:00:00,0.055900000000000005,6.375,38.047776000000006,2020-08-19,12.48,Tarazona
2020-08-25 09:30:00,0.0711,6.395833333333333,48.393504,2020-08-19,12.48,Tarazona
2020-08-25 10:00:00,0.0862,6.416666666666667,58.671168,2020-08-19,12.48,Tarazona
2020-08-25 10:30:00,0.099,6.4375,67.38336,2020-08-19,12.48,Tarazona
2020-08-25 11:00:00,0.11030000000000001,6.458333333333333,75.07459200000001,2020-08-19,12.48,Tarazona
2020-08-25 11:30:00,0.1187,6.479166666666667,80.791968,2020-08-19,12.48,Tarazona
2020-08-25 12:00:00,0.1241,6.5,84.467424,2020-08-19,12.48,Tarazona
2020-08-25 12:30:00,0.1259,6.520833333333333,85.692576,2020-08-19,12.48,Tarazona
2020-08-25 13:00:00,0.12480000000000001,6.541666666666667,84.943872,2020-08-19,12.48,Tarazona
2020-08-25 13:30:00,0.1199,6.5625,81.60873600000001,2020-08-19,12.48,Tarazona
2020-08-25 14:00:00,0.11270000000000001,6.583333333333333,76.708128,2020-08-19,12.48,Tarazona
2020-08-25 14:30:00,0.1028,6.604166666666667,69.969792,2020-08-19,12.48,Tarazona
2020-08-25 15:00:00,0.0912,6.625,62.074368,2020-08-19,12.48,Tarazona
2020-08-25 15:30:00,0.0782,6.645833333333333,53.226048000000006,2020-08-19,12.48,Tarazona
2020-08-25 16:00:00,0.06470000000000001,6.666666666666667,44.037408000000006,2020-08-19,12.48,Tarazona
2020-08-25 16:30:00,0.0502,6.6875,34.168128,2020-08-19,12.48,Tarazona
2020-08-25 17:00:00,0.0362,6.708333333333333,24.639168,2020-08-19,12.48,Tarazona
2020-08-25 17:30:00,0.0229,6.729166666666667,15.586656,2020-08-19,12.48,Tarazona
2020-08-25 18:00:00,0.012100000000000001,6.75,8.235744,2020-08-19,12.48,Tarazona
2020-08-25 18:30:00,0.0024000000000000002,6.770833333333333,1.633536,2020-08-19,12.48,Tarazona
2020-08-25 19:00:00,0.0023,6.791666666666667,1.565472,2020-08-19,12.48,Tarazona
2020-08-25 19:30:00,0.002,6.8125,1.36128,2020-08-19,12.48,Tarazona
2020-08-25 20:00:00,0.0018000000000000002,6.833333333333333,1.225152,2020-08-19,12.48,Tarazona
2020-08-25 20:30:00,0.0016,6.854166666666667,1.089024,2020-08-19,12.48,Tarazona
2020-08-25 21:00:00,0.0014,6.875,0.952896,2020-08-19,12.48,Tarazona
2020-08-25 21:30:00,0.0012000000000000001,6.895833333333333,0.816768,2020-08-19,12.48,Tarazona
2020-08-25 22:00:00,0.001,6.916666666666667,0.68064,2020-08-19,12.48,Tarazona
2020-08-25 22:30:00,0.0009000000000000001,6.9375,0.612576,2020-08-19,12.48,Tarazona
2020-08-25 23:00:00,0.0008,6.958333333333333,0.544512,2020-08-19,12.48,Tarazona
2020-08-25 23:30:00,0.0009000000000000001,6.979166666666667,0.612576,2020-08-19,12.48,Tarazona
2020-08-26 00:00:00,0.0006000000000000001,7.0,0.408384,2020-08-19,12.48,Tarazona
2020-08-26 00:30:00,0.0006000000000000001,7.020833333333333,0.408384,2020-08-19,12.48,Tarazona
2020-08-26 01:00:00,0.0006000000000000001,7.041666666666667,0.408384,2020-08-19,12.48,Tarazona
2020-08-26 01:30:00,0.0005,7.0625,0.34032,2020-08-19,12.48,Tarazona
2020-08-26 02:00:00,0.0005,7.083333333333333,0.34032,2020-08-19,12.48,Tarazona
2020-08-26 02:30:00,0.0004,7.104166666666667,0.272256,2020-08-19,12.48,Tarazona
2020-08-26 03:00:00,0.00030000000000000003,7.125,0.204192,2020-08-19,12.48,Tarazona
2020-08-26 03:30:00,0.00030000000000000003,7.145833333333333,0.204192,2020-08-19,12.48,Tarazona
2020-08-26 04:00:00,0.0002,7.166666666666667,0.136128,2020-08-19,12.48,Tarazona
2020-08-26 04:30:00,0.0002,7.1875,0.136128,2020-08-19,12.48,Tarazona
2020-08-26 05:00:00,0.0002,7.208333333333333,0.136128,2020-08-19,12.48,Tarazona
2020-08-26 05:30:00,0.0002,7.229166666666667,0.136128,2020-08-19,12.48,Tarazona
2020-08-26 06:00:00,0.0019,7.25,1.293216,2020-08-19,12.48,Tarazona
2020-08-26 06:30:00,0.006200000000000001,7.270833333333333,4.219968000000001,2020-08-19,12.48,Tarazona
2020-08-26 07:00:00,0.0128,7.291666666666667,8.712192,2020-08-19,12.48,Tarazona
2020-08-26 07:30:00,0.0228,7.3125,15.518592,2020-08-19,12.48,Tarazona
2020-08-26 08:00:00,0.035,7.333333333333333,23.822400000000002,2020-08-19,12.48,Tarazona
2020-08-26 08:30:00,0.048400000000000006,7.354166666666667,32.942976,2020-08-19,12.48,Tarazona
2020-08-26 09:00:00,0.0632,7.375,43.016448000000004,2020-08-19,12.48,Tarazona
2020-08-26 09:30:00,0.07830000000000001,7.395833333333333,53.294112000000005,2020-08-19,12.48,Tarazona
2020-08-26 10:00:00,0.0932,7.416666666666667,63.435648,2020-08-19,12.48,Tarazona
2020-08-26 10:30:00,0.1056,7.4375,71.875584,2020-08-19,12.48,Tarazona
2020-08-26 11:00:00,0.1164,7.458333333333333,79.226496,2020-08-19,12.48,Tarazona
2020-08-26 11:30:00,0.1237,7.479166666666667,84.195168,2020-08-19,12.48,Tarazona
2020-08-26 12:00:00,0.1288,7.5,87.666432,2020-08-19,12.48,Tarazona
2020-08-26 12:30:00,0.12940000000000002,7.520833333333333,88.07481600000001,2020-08-19,12.48,Tarazona
2020-08-26 13:00:00,0.1272,7.541666666666667,86.577408,2020-08-19,12.48,Tarazona
2020-08-26 13:30:00,0.12200000000000001,7.5625,83.03808000000001,2020-08-19,12.48,Tarazona
2020-08-26 14:00:00,0.1144,7.583333333333333,77.865216,2020-08-19,12.48,Tarazona
2020-08-26 14:30:00,0.1039,7.604166666666667,70.718496,2020-08-19,12.48,Tarazona
2020-08-26 15:00:00,0.0918,7.625,62.482752000000005,2020-08-19,12.48,Tarazona
2020-08-26 15:30:00,0.0786,7.645833333333333,53.498304000000005,2020-08-19,12.48,Tarazona
2020-08-26 16:00:00,0.0649,7.666666666666667,44.173536,2020-08-19,12.48,Tarazona
2020-08-26 16:30:00,0.0504,7.6875,34.304256,2020-08-19,12.48,Tarazona
2020-08-26 17:00:00,0.0364,7.708333333333333,24.775296,2020-08-19,12.48,Tarazona
2020-08-26 17:30:00,0.0227,7.729166666666667,15.450528,2020-08-19,12.48,Tarazona
2020-08-26 18:00:00,0.0115,7.75,7.82736,2020-08-19,12.48,Tarazona
2020-08-26 18:30:00,0.0024000000000000002,7.770833333333333,1.633536,2020-08-19,12.48,Tarazona
2020-08-26 19:00:00,0.0022,7.791666666666667,1.497408,2020-08-19,12.48,Tarazona
2020-08-26 19:30:00,0.002,7.8125,1.36128,2020-08-19,12.48,Tarazona
2020-08-26 20:00:00,0.0018000000000000002,7.833333333333333,1.225152,2020-08-19,12.48,Tarazona
2020-08-26 20:30:00,0.0016,7.854166666666667,1.089024,2020-08-19,12.48,Tarazona
2020-08-26 21:00:00,0.0014,7.875,0.952896,2020-08-19,12.48,Tarazona
2020-08-26 21:30:00,0.0012000000000000001,7.895833333333333,0.816768,2020-08-19,12.48,Tarazona
2020-08-26 22:00:00,0.001,7.916666666666667,0.68064,2020-08-19,12.48,Tarazona
2020-08-26 22:30:00,0.001,7.9375,0.68064,2020-08-19,12.48,Tarazona
2020-08-26 23:00:00,0.0009000000000000001,7.958333333333333,0.612576,2020-08-19,12.48,Tarazona
2020-08-26 23:30:00,0.0008,7.979166666666667,0.544512,2020-08-19,12.48,Tarazona
2020-08-27 00:00:00,0.0007,8.0,0.476448,2020-08-19,12.48,Tarazona
2020-08-27 00:30:00,0.0007,8.020833333333334,0.476448,2020-08-19,12.48,Tarazona
2020-08-27 01:00:00,0.0006000000000000001,8.041666666666666,0.408384,2020-08-19,12.48,Tarazona
2020-08-27 01:30:00,0.0006000000000000001,8.0625,0.408384,2020-08-19,12.48,Tarazona
2020-08-27 02:00:00,0.0006000000000000001,8.083333333333334,0.408384,2020-08-19,12.48,Tarazona
2020-08-27 02:30:00,0.0006000000000000001,8.104166666666666,0.408384,2020-08-19,12.48,Tarazona
2020-08-27 03:00:00,0.0005,8.125,0.34032,2020-08-19,12.48,Tarazona
2020-08-27 03:30:00,0.0005,8.145833333333334,0.34032,2020-08-19,12.48,Tarazona
2020-08-27 04:00:00,0.0004,8.166666666666666,0.272256,2020-08-19,12.48,Tarazona
2020-08-27 04:30:00,0.0004,8.1875,0.272256,2020-08-19,12.48,Tarazona
2020-08-27 05:00:00,0.0004,8.208333333333334,0.272256,2020-08-19,12.48,Tarazona
2020-08-27 05:30:00,0.0004,8.229166666666666,0.272256,2020-08-19,12.48,Tarazona
2020-08-27 06:00:00,0.0028,8.25,1.905792,2020-08-19,12.48,Tarazona
2020-08-27 06:30:00,0.0073,8.270833333333334,4.968672,2020-08-19,12.48,Tarazona
2020-08-27 07:00:00,0.0137,8.291666666666666,9.324768,2020-08-19,12.48,Tarazona
2020-08-27 07:30:00,0.0236,8.3125,16.063104,2020-08-19,12.48,Tarazona
2020-08-27 08:00:00,0.0356,8.333333333333334,24.230784,2020-08-19,12.48,Tarazona
2020-08-27 08:30:00,0.0497,8.354166666666666,33.827808,2020-08-19,12.48,Tarazona
2020-08-27 09:00:00,0.0649,8.375,44.173536,2020-08-19,12.48,Tarazona
2020-08-27 09:30:00,0.08030000000000001,8.395833333333334,54.655392000000006,2020-08-19,12.48,Tarazona
2020-08-27 10:00:00,0.0955,8.416666666666666,65.00112,2020-08-19,12.48,Tarazona
2020-08-27 10:30:00,0.1075,8.4375,73.1688,2020-08-19,12.48,Tarazona
2020-08-27 11:00:00,0.11460000000000001,8.458333333333334,78.001344,2020-08-19,12.48,Tarazona
2020-08-27 11:30:00,0.11760000000000001,8.479166666666666,80.04326400000001,2020-08-19,12.48,Tarazona
2020-08-27 12:00:00,0.1177,8.5,80.111328,2020-08-19,12.48,Tarazona
2020-08-27 12:30:00,0.1177,8.520833333333334,80.111328,2020-08-19,12.48,Tarazona
2020-08-27 13:00:00,0.11510000000000001,8.541666666666666,78.34166400000001,2020-08-19,12.48,Tarazona
2020-08-27 13:30:00,0.1105,8.5625,75.21072,2020-08-19,12.48,Tarazona
2020-08-27 14:00:00,0.1039,8.583333333333334,70.718496,2020-08-19,12.48,Tarazona
2020-08-27 14:30:00,0.0947,8.604166666666666,64.456608,2020-08-19,12.48,Tarazona
2020-08-27 15:00:00,0.08370000000000001,8.625,56.96956800000001,2020-08-19,12.48,Tarazona
2020-08-27 15:30:00,0.0722,8.645833333333334,49.142208,2020-08-19,12.48,Tarazona
2020-08-27 16:00:00,0.060000000000000005,8.666666666666666,40.8384,2020-08-19,12.48,Tarazona
2020-08-27 16:30:00,0.046700000000000005,8.6875,31.785888000000003,2020-08-19,12.48,Tarazona
2020-08-27 17:00:00,0.0334,8.708333333333334,22.733376,2020-08-19,12.48,Tarazona
2020-08-27 17:30:00,0.020300000000000002,8.729166666666666,13.816992,2020-08-19,12.48,Tarazona
2020-08-27 18:00:00,0.0098,8.75,6.670272,2020-08-19,12.48,Tarazona
2020-08-27 18:30:00,0.0022,8.770833333333334,1.497408,2020-08-19,12.48,Tarazona
2020-08-27 19:00:00,0.002,8.791666666666666,1.36128,2020-08-19,12.48,Tarazona
2020-08-27 19:30:00,0.0019,8.8125,1.293216,2020-08-19,12.48,Tarazona
2020-08-27 20:00:00,0.0018000000000000002,8.833333333333334,1.225152,2020-08-19,12.48,Tarazona
2020-08-27 20:30:00,0.0017000000000000001,8.854166666666666,1.1570880000000001,2020-08-19,12.48,Tarazona
2020-08-27 21:00:00,0.0015,8.875,1.02096,2020-08-19,12.48,Tarazona
2020-08-27 21:30:00,0.0013000000000000002,8.895833333333334,0.8848320000000001,2020-08-19,12.48,Tarazona
2020-08-27 22:00:00,0.0012000000000000001,8.916666666666666,0.816768,2020-08-19,12.48,Tarazona
2020-08-27 22:30:00,0.0011,8.9375,0.748704,2020-08-19,12.48,Tarazona
2020-08-27 23:00:00,0.001,8.958333333333334,0.68064,2020-08-19,12.48,Tarazona
2020-08-27 23:30:00,0.0009000000000000001,8.979166666666666,0.612576,2020-08-19,12.48,Tarazona
2020-08-28 00:00:00,0.0009000000000000001,9.0,0.612576,2020-08-19,12.48,Tarazona
2020-08-28 00:30:00,0.0008,9.020833333333334,0.544512,2020-08-19,12.48,Tarazona
2020-08-28 01:00:00,0.0008,9.041666666666666,0.544512,2020-08-19,12.48,Tarazona
2020-08-28 01:30:00,0.001,9.0625,0.68064,2020-08-19,12.48,Tarazona
2020-08-28 02:00:00,0.0008,9.083333333333334,0.544512,2020-08-19,12.48,Tarazona
2020-08-28 02:30:00,0.001,9.104166666666666,0.68064,2020-08-19,12.48,Tarazona
2020-08-28 03:00:00,0.0009000000000000001,9.125,0.612576,2020-08-19,12.48,Tarazona
2020-08-28 03:30:00,0.0009000000000000001,9.145833333333334,0.612576,2020-08-19,12.48,Tarazona
2020-08-28 04:00:00,0.0007,9.166666666666666,0.476448,2020-08-19,12.48,Tarazona
2020-08-28 04:30:00,0.0009000000000000001,9.1875,0.612576,2020-08-19,12.48,Tarazona
2020-08-28 05:00:00,0.0009000000000000001,9.208333333333334,0.612576,2020-08-19,12.48,Tarazona
2020-08-28 05:30:00,0.0007,9.229166666666666,0.476448,2020-08-19,12.48,Tarazona
2020-08-28 06:00:00,0.0035,9.25,2.38224,2020-08-19,12.48,Tarazona
2020-08-28 06:30:00,0.0083,9.270833333333334,5.649312,2020-08-19,12.48,Tarazona
2020-08-28 07:00:00,0.0154,9.291666666666666,10.481856,2020-08-19,12.48,Tarazona
2020-08-28 07:30:00,0.0247,9.3125,16.811808,2020-08-19,12.48,Tarazona
2020-08-28 08:00:00,0.0344,9.333333333333334,23.414016,2020-08-19,12.48,Tarazona
2020-08-28 08:30:00,0.0442,9.354166666666666,30.084288,2020-08-19,12.48,Tarazona
2020-08-28 09:00:00,0.054400000000000004,9.375,37.026816000000004,2020-08-19,12.48,Tarazona
2020-08-28 09:30:00,0.0654,9.395833333333334,44.513856,2020-08-19,12.48,Tarazona
2020-08-28 10:00:00,0.0761,9.416666666666666,51.796704,2020-08-19,12.48,Tarazona
2020-08-28 10:30:00,0.0818,9.4375,55.676351999999994,2020-08-19,12.48,Tarazona
2020-08-28 11:00:00,0.0858,9.458333333333334,58.398912,2020-08-19,12.48,Tarazona
2020-08-28 11:30:00,0.0882,9.479166666666666,60.032448,2020-08-19,12.48,Tarazona
2020-08-28 12:00:00,0.0886,9.5,60.304704,2020-08-19,12.48,Tarazona
2020-08-28 12:30:00,0.0882,9.520833333333334,60.032448,2020-08-19,12.48,Tarazona
2020-08-28 13:00:00,0.08750000000000001,9.541666666666666,59.556000000000004,2020-08-19,12.48,Tarazona
2020-08-28 13:30:00,0.08310000000000001,9.5625,56.561184000000004,2020-08-19,12.48,Tarazona
2020-08-28 14:00:00,0.07740000000000001,9.583333333333334,52.68153600000001,2020-08-19,12.48,Tarazona
2020-08-28 14:30:00,0.0692,9.604166666666666,47.100288,2020-08-19,12.48,Tarazona
2020-08-28 15:00:00,0.0565,9.625,38.45616,2020-08-19,12.48,Tarazona
2020-08-28 15:30:00,0.0511,9.645833333333334,34.780704,2020-08-19,12.48,Tarazona
2020-08-28 16:00:00,0.0434,9.666666666666666,29.539776,2020-08-19,12.48,Tarazona
2020-08-28 16:30:00,0.034300000000000004,9.6875,23.345952000000004,2020-08-19,12.48,Tarazona
2020-08-28 17:00:00,0.0252,9.708333333333334,17.152128,2020-08-19,12.48,Tarazona
2020-08-28 17:30:00,0.0164,9.729166666666666,11.162496,2020-08-19,12.48,Tarazona
2020-08-28 18:00:00,0.008400000000000001,9.75,5.717376000000001,2020-08-19,12.48,Tarazona
2020-08-28 18:30:00,0.0022,9.770833333333334,1.497408,2020-08-19,12.48,Tarazona
2020-08-28 19:00:00,0.0018000000000000002,9.791666666666666,1.225152,2020-08-19,12.48,Tarazona
2020-08-28 19:30:00,0.0017000000000000001,9.8125,1.1570880000000001,2020-08-19,12.48,Tarazona
2020-08-28 20:00:00,0.0016,9.833333333333334,1.089024,2020-08-19,12.48,Tarazona
2020-08-28 20:30:00,0.0015,9.854166666666666,1.02096,2020-08-19,12.48,Tarazona
2020-08-28 21:00:00,0.0015,9.875,1.02096,2020-08-19,12.48,Tarazona
2020-08-28 21:30:00,0.0015,9.895833333333334,1.02096,2020-08-19,12.48,Tarazona
2020-08-28 22:00:00,0.0014,9.916666666666666,0.952896,2020-08-19,12.48,Tarazona
2020-08-28 22:30:00,0.0013000000000000002,9.9375,0.8848320000000001,2020-08-19,12.48,Tarazona
2020-08-28 23:00:00,0.0013000000000000002,9.958333333333334,0.8848320000000001,2020-08-19,12.48,Tarazona
2020-08-28 23:30:00,0.0012000000000000001,9.979166666666666,0.816768,2020-08-19,12.48,Tarazona
2020-08-26 00:00:00,0.0006000000000000001,0.0,0.408384,2020-08-26,6.36948,Tarazona
2020-08-26 00:30:00,0.0006000000000000001,0.020833333333333332,0.408384,2020-08-26,6.36948,Tarazona
2020-08-26 01:00:00,0.0006000000000000001,0.041666666666666664,0.408384,2020-08-26,6.36948,Tarazona
2020-08-26 01:30:00,0.0005,0.0625,0.34032,2020-08-26,6.36948,Tarazona
2020-08-26 02:00:00,0.0005,0.08333333333333333,0.34032,2020-08-26,6.36948,Tarazona
2020-08-26 02:30:00,0.0004,0.10416666666666667,0.272256,2020-08-26,6.36948,Tarazona
2020-08-26 03:00:00,0.00030000000000000003,0.125,0.204192,2020-08-26,6.36948,Tarazona
2020-08-26 03:30:00,0.00030000000000000003,0.14583333333333334,0.204192,2020-08-26,6.36948,Tarazona
2020-08-26 04:00:00,0.0002,0.16666666666666666,0.136128,2020-08-26,6.36948,Tarazona
2020-08-26 04:30:00,0.0002,0.1875,0.136128,2020-08-26,6.36948,Tarazona
2020-08-26 05:00:00,0.0002,0.20833333333333334,0.136128,2020-08-26,6.36948,Tarazona
2020-08-26 05:30:00,0.0002,0.22916666666666666,0.136128,2020-08-26,6.36948,Tarazona
2020-08-26 06:00:00,0.0019,0.25,1.293216,2020-08-26,6.36948,Tarazona
2020-08-26 06:30:00,0.006200000000000001,0.2708333333333333,4.219968000000001,2020-08-26,6.36948,Tarazona
2020-08-26 07:00:00,0.0128,0.2916666666666667,8.712192,2020-08-26,6.36948,Tarazona
2020-08-26 07:30:00,0.0228,0.3125,15.518592,2020-08-26,6.36948,Tarazona
2020-08-26 08:00:00,0.035,0.3333333333333333,23.822400000000002,2020-08-26,6.36948,Tarazona
2020-08-26 08:30:00,0.048400000000000006,0.3541666666666667,32.942976,2020-08-26,6.36948,Tarazona
2020-08-26 09:00:00,0.0632,0.375,43.016448000000004,2020-08-26,6.36948,Tarazona
2020-08-26 09:30:00,0.07830000000000001,0.3958333333333333,53.294112000000005,2020-08-26,6.36948,Tarazona
2020-08-26 10:00:00,0.0932,0.4166666666666667,63.435648,2020-08-26,6.36948,Tarazona
2020-08-26 10:30:00,0.1056,0.4375,71.875584,2020-08-26,6.36948,Tarazona
2020-08-26 11:00:00,0.1164,0.4583333333333333,79.226496,2020-08-26,6.36948,Tarazona
2020-08-26 11:30:00,0.1237,0.4791666666666667,84.195168,2020-08-26,6.36948,Tarazona
2020-08-26 12:00:00,0.1288,0.5,87.666432,2020-08-26,6.36948,Tarazona
2020-08-26 12:30:00,0.12940000000000002,0.5208333333333334,88.07481600000001,2020-08-26,6.36948,Tarazona
2020-08-26 13:00:00,0.1272,0.5416666666666666,86.577408,2020-08-26,6.36948,Tarazona
2020-08-26 13:30:00,0.12200000000000001,0.5625,83.03808000000001,2020-08-26,6.36948,Tarazona
2020-08-26 14:00:00,0.1144,0.5833333333333334,77.865216,2020-08-26,6.36948,Tarazona
2020-08-26 14:30:00,0.1039,0.6041666666666666,70.718496,2020-08-26,6.36948,Tarazona
2020-08-26 15:00:00,0.0918,0.625,62.482752000000005,2020-08-26,6.36948,Tarazona
2020-08-26 15:30:00,0.0786,0.6458333333333334,53.498304000000005,2020-08-26,6.36948,Tarazona
2020-08-26 16:00:00,0.0649,0.6666666666666666,44.173536,2020-08-26,6.36948,Tarazona
2020-08-26 16:30:00,0.0504,0.6875,34.304256,2020-08-26,6.36948,Tarazona
2020-08-26 17:00:00,0.0364,0.7083333333333334,24.775296,2020-08-26,6.36948,Tarazona
2020-08-26 17:30:00,0.0227,0.7291666666666666,15.450528,2020-08-26,6.36948,Tarazona
2020-08-26 18:00:00,0.0115,0.75,7.82736,2020-08-26,6.36948,Tarazona
2020-08-26 18:30:00,0.0024000000000000002,0.7708333333333334,1.633536,2020-08-26,6.36948,Tarazona
2020-08-26 19:00:00,0.0022,0.7916666666666666,1.497408,2020-08-26,6.36948,Tarazona
2020-08-26 19:30:00,0.002,0.8125,1.36128,2020-08-26,6.36948,Tarazona
2020-08-26 20:00:00,0.0018000000000000002,0.8333333333333334,1.225152,2020-08-26,6.36948,Tarazona
2020-08-26 20:30:00,0.0016,0.8541666666666666,1.089024,2020-08-26,6.36948,Tarazona
2020-08-26 21:00:00,0.0014,0.875,0.952896,2020-08-26,6.36948,Tarazona
2020-08-26 21:30:00,0.0012000000000000001,0.8958333333333334,0.816768,2020-08-26,6.36948,Tarazona
2020-08-26 22:00:00,0.001,0.9166666666666666,0.68064,2020-08-26,6.36948,Tarazona
2020-08-26 22:30:00,0.001,0.9375,0.68064,2020-08-26,6.36948,Tarazona
2020-08-26 23:00:00,0.0009000000000000001,0.9583333333333334,0.612576,2020-08-26,6.36948,Tarazona
2020-08-26 23:30:00,0.0008,0.9791666666666666,0.544512,2020-08-26,6.36948,Tarazona
2020-08-27 00:00:00,0.0007,1.0,0.476448,2020-08-26,6.36948,Tarazona
2020-08-27 00:30:00,0.0007,1.0208333333333333,0.476448,2020-08-26,6.36948,Tarazona
2020-08-27 01:00:00,0.0006000000000000001,1.0416666666666667,0.408384,2020-08-26,6.36948,Tarazona
2020-08-27 01:30:00,0.0006000000000000001,1.0625,0.408384,2020-08-26,6.36948,Tarazona
2020-08-27 02:00:00,0.0006000000000000001,1.0833333333333333,0.408384,2020-08-26,6.36948,Tarazona
2020-08-27 02:30:00,0.0006000000000000001,1.1041666666666667,0.408384,2020-08-26,6.36948,Tarazona
2020-08-27 03:00:00,0.0005,1.125,0.34032,2020-08-26,6.36948,Tarazona
2020-08-27 03:30:00,0.0005,1.1458333333333333,0.34032,2020-08-26,6.36948,Tarazona
2020-08-27 04:00:00,0.0004,1.1666666666666667,0.272256,2020-08-26,6.36948,Tarazona
2020-08-27 04:30:00,0.0004,1.1875,0.272256,2020-08-26,6.36948,Tarazona
2020-08-27 05:00:00,0.0004,1.2083333333333333,0.272256,2020-08-26,6.36948,Tarazona
2020-08-27 05:30:00,0.0004,1.2291666666666667,0.272256,2020-08-26,6.36948,Tarazona
2020-08-27 06:00:00,0.0028,1.25,1.905792,2020-08-26,6.36948,Tarazona
2020-08-27 06:30:00,0.0073,1.2708333333333333,4.968672,2020-08-26,6.36948,Tarazona
2020-08-27 07:00:00,0.0137,1.2916666666666667,9.324768,2020-08-26,6.36948,Tarazona
2020-08-27 07:30:00,0.0236,1.3125,16.063104,2020-08-26,6.36948,Tarazona
2020-08-27 08:00:00,0.0356,1.3333333333333333,24.230784,2020-08-26,6.36948,Tarazona
2020-08-27 08:30:00,0.0497,1.3541666666666667,33.827808,2020-08-26,6.36948,Tarazona
2020-08-27 09:00:00,0.0649,1.375,44.173536,2020-08-26,6.36948,Tarazona
2020-08-27 09:30:00,0.08030000000000001,1.3958333333333333,54.655392000000006,2020-08-26,6.36948,Tarazona
2020-08-27 10:00:00,0.0955,1.4166666666666667,65.00112,2020-08-26,6.36948,Tarazona
2020-08-27 10:30:00,0.1075,1.4375,73.1688,2020-08-26,6.36948,Tarazona
2020-08-27 11:00:00,0.11460000000000001,1.4583333333333333,78.001344,2020-08-26,6.36948,Tarazona
2020-08-27 11:30:00,0.11760000000000001,1.4791666666666667,80.04326400000001,2020-08-26,6.36948,Tarazona
2020-08-27 12:00:00,0.1177,1.5,80.111328,2020-08-26,6.36948,Tarazona
2020-08-27 12:30:00,0.1177,1.5208333333333333,80.111328,2020-08-26,6.36948,Tarazona
2020-08-27 13:00:00,0.11510000000000001,1.5416666666666667,78.34166400000001,2020-08-26,6.36948,Tarazona
2020-08-27 13:30:00,0.1105,1.5625,75.21072,2020-08-26,6.36948,Tarazona
2020-08-27 14:00:00,0.1039,1.5833333333333333,70.718496,2020-08-26,6.36948,Tarazona
2020-08-27 14:30:00,0.0947,1.6041666666666667,64.456608,2020-08-26,6.36948,Tarazona
2020-08-27 15:00:00,0.08370000000000001,1.625,56.96956800000001,2020-08-26,6.36948,Tarazona
2020-08-27 15:30:00,0.0722,1.6458333333333333,49.142208,2020-08-26,6.36948,Tarazona
2020-08-27 16:00:00,0.060000000000000005,1.6666666666666667,40.8384,2020-08-26,6.36948,Tarazona
2020-08-27 16:30:00,0.046700000000000005,1.6875,31.785888000000003,2020-08-26,6.36948,Tarazona
2020-08-27 17:00:00,0.0334,1.7083333333333333,22.733376,2020-08-26,6.36948,Tarazona
2020-08-27 17:30:00,0.020300000000000002,1.7291666666666667,13.816992,2020-08-26,6.36948,Tarazona
2020-08-27 18:00:00,0.0098,1.75,6.670272,2020-08-26,6.36948,Tarazona
2020-08-27 18:30:00,0.0022,1.7708333333333333,1.497408,2020-08-26,6.36948,Tarazona
2020-08-27 19:00:00,0.002,1.7916666666666667,1.36128,2020-08-26,6.36948,Tarazona
2020-08-27 19:30:00,0.0019,1.8125,1.293216,2020-08-26,6.36948,Tarazona
2020-08-27 20:00:00,0.0018000000000000002,1.8333333333333333,1.225152,2020-08-26,6.36948,Tarazona
2020-08-27 20:30:00,0.0017000000000000001,1.8541666666666667,1.1570880000000001,2020-08-26,6.36948,Tarazona
2020-08-27 21:00:00,0.0015,1.875,1.02096,2020-08-26,6.36948,Tarazona
2020-08-27 21:30:00,0.0013000000000000002,1.8958333333333333,0.8848320000000001,2020-08-26,6.36948,Tarazona
2020-08-27 22:00:00,0.0012000000000000001,1.9166666666666667,0.816768,2020-08-26,6.36948,Tarazona
2020-08-27 22:30:00,0.0011,1.9375,0.748704,2020-08-26,6.36948,Tarazona
2020-08-27 23:00:00,0.001,1.9583333333333333,0.68064,2020-08-26,6.36948,Tarazona
2020-08-27 23:30:00,0.0009000000000000001,1.9791666666666667,0.612576,2020-08-26,6.36948,Tarazona
2020-08-28 00:00:00,0.0009000000000000001,2.0,0.612576,2020-08-26,6.36948,Tarazona
2020-08-28 00:30:00,0.0008,2.0208333333333335,0.544512,2020-08-26,6.36948,Tarazona
2020-08-28 01:00:00,0.0008,2.0416666666666665,0.544512,2020-08-26,6.36948,Tarazona
2020-08-28 01:30:00,0.001,2.0625,0.68064,2020-08-26,6.36948,Tarazona
2020-08-28 02:00:00,0.0008,2.0833333333333335,0.544512,2020-08-26,6.36948,Tarazona
2020-08-28 02:30:00,0.001,2.1041666666666665,0.68064,2020-08-26,6.36948,Tarazona
2020-08-28 03:00:00,0.0009000000000000001,2.125,0.612576,2020-08-26,6.36948,Tarazona
2020-08-28 03:30:00,0.0009000000000000001,2.1458333333333335,0.612576,2020-08-26,6.36948,Tarazona
2020-08-28 04:00:00,0.0007,2.1666666666666665,0.476448,2020-08-26,6.36948,Tarazona
2020-08-28 04:30:00,0.0009000000000000001,2.1875,0.612576,2020-08-26,6.36948,Tarazona
2020-08-28 05:00:00,0.0009000000000000001,2.2083333333333335,0.612576,2020-08-26,6.36948,Tarazona
2020-08-28 05:30:00,0.0007,2.2291666666666665,0.476448,2020-08-26,6.36948,Tarazona
2020-08-28 06:00:00,0.0035,2.25,2.38224,2020-08-26,6.36948,Tarazona
2020-08-28 06:30:00,0.0083,2.2708333333333335,5.649312,2020-08-26,6.36948,Tarazona
2020-08-28 07:00:00,0.0154,2.2916666666666665,10.481856,2020-08-26,6.36948,Tarazona
2020-08-28 07:30:00,0.0247,2.3125,16.811808,2020-08-26,6.36948,Tarazona
2020-08-28 08:00:00,0.0344,2.3333333333333335,23.414016,2020-08-26,6.36948,Tarazona
2020-08-28 08:30:00,0.0442,2.3541666666666665,30.084288,2020-08-26,6.36948,Tarazona
2020-08-28 09:00:00,0.054400000000000004,2.375,37.026816000000004,2020-08-26,6.36948,Tarazona
2020-08-28 09:30:00,0.0654,2.3958333333333335,44.513856,2020-08-26,6.36948,Tarazona
2020-08-28 10:00:00,0.0761,2.4166666666666665,51.796704,2020-08-26,6.36948,Tarazona
2020-08-28 10:30:00,0.0818,2.4375,55.676351999999994,2020-08-26,6.36948,Tarazona
2020-08-28 11:00:00,0.0858,2.4583333333333335,58.398912,2020-08-26,6.36948,Tarazona
2020-08-28 11:30:00,0.0882,2.4791666666666665,60.032448,2020-08-26,6.36948,Tarazona
2020-08-28 12:00:00,0.0886,2.5,60.304704,2020-08-26,6.36948,Tarazona
2020-08-28 12:30:00,0.0882,2.5208333333333335,60.032448,2020-08-26,6.36948,Tarazona
2020-08-28 13:00:00,0.08750000000000001,2.5416666666666665,59.556000000000004,2020-08-26,6.36948,Tarazona
2020-08-28 13:30:00,0.08310000000000001,2.5625,56.561184000000004,2020-08-26,6.36948,Tarazona
2020-08-28 14:00:00,0.07740000000000001,2.5833333333333335,52.68153600000001,2020-08-26,6.36948,Tarazona
2020-08-28 14:30:00,0.0692,2.6041666666666665,47.100288,2020-08-26,6.36948,Tarazona
2020-08-28 15:00:00,0.0565,2.625,38.45616,2020-08-26,6.36948,Tarazona
2020-08-28 15:30:00,0.0511,2.6458333333333335,34.780704,2020-08-26,6.36948,Tarazona
2020-08-28 16:00:00,0.0434,2.6666666666666665,29.539776,2020-08-26,6.36948,Tarazona
2020-08-28 16:30:00,0.034300000000000004,2.6875,23.345952000000004,2020-08-26,6.36948,Tarazona
2020-08-28 17:00:00,0.0252,2.7083333333333335,17.152128,2020-08-26,6.36948,Tarazona
2020-08-28 17:30:00,0.0164,2.7291666666666665,11.162496,2020-08-26,6.36948,Tarazona
2020-08-28 18:00:00,0.008400000000000001,2.75,5.717376000000001,2020-08-26,6.36948,Tarazona
2020-08-28 18:30:00,0.0022,2.7708333333333335,1.497408,2020-08-26,6.36948,Tarazona
2020-08-28 19:00:00,0.0018000000000000002,2.7916666666666665,1.225152,2020-08-26,6.36948,Tarazona
2020-08-28 19:30:00,0.0017000000000000001,2.8125,1.1570880000000001,2020-08-26,6.36948,Tarazona
2020-08-28 20:00:00,0.0016,2.8333333333333335,1.089024,2020-08-26,6.36948,Tarazona
2020-08-28 20:30:00,0.0015,2.8541666666666665,1.02096,2020-08-26,6.36948,Tarazona
2020-08-28 21:00:00,0.0015,2.875,1.02096,2020-08-26,6.36948,Tarazona
2020-08-28 21:30:00,0.0015,2.8958333333333335,1.02096,2020-08-26,6.36948,Tarazona
2020-08-28 22:00:00,0.0014,2.9166666666666665,0.952896,2020-08-26,6.36948,Tarazona
2020-08-28 22:30:00,0.0013000000000000002,2.9375,0.8848320000000001,2020-08-26,6.36948,Tarazona
2020-08-28 23:00:00,0.0013000000000000002,2.9583333333333335,0.8848320000000001,2020-08-26,6.36948,Tarazona
2020-08-28 23:30:00,0.0012000000000000001,2.9791666666666665,0.816768,2020-08-26,6.36948,Tarazona
2020-08-29 00:00:00,0.001,3.0,0.68064,2020-08-26,6.36948,Tarazona
2020-08-29 00:30:00,0.001,3.0208333333333335,0.68064,2020-08-26,6.36948,Tarazona
2020-08-29 01:00:00,0.0009000000000000001,3.0416666666666665,0.612576,2020-08-26,6.36948,Tarazona
2020-08-29 01:30:00,0.0009000000000000001,3.0625,0.612576,2020-08-26,6.36948,Tarazona
2020-08-29 02:00:00,0.001,3.0833333333333335,0.68064,2020-08-26,6.36948,Tarazona
2020-08-29 02:30:00,0.0009000000000000001,3.1041666666666665,0.612576,2020-08-26,6.36948,Tarazona
2020-08-29 03:00:00,0.001,3.125,0.68064,2020-08-26,6.36948,Tarazona
2020-08-29 03:30:00,0.0009000000000000001,3.1458333333333335,0.612576,2020-08-26,6.36948,Tarazona
2020-08-29 04:00:00,0.0008,3.1666666666666665,0.544512,2020-08-26,6.36948,Tarazona
2020-08-29 04:30:00,0.0008,3.1875,0.544512,2020-08-26,6.36948,Tarazona
2020-08-29 05:00:00,0.0009000000000000001,3.2083333333333335,0.612576,2020-08-26,6.36948,Tarazona
2020-08-29 05:30:00,0.0008,3.2291666666666665,0.544512,2020-08-26,6.36948,Tarazona
2020-08-29 06:00:00,0.0008,3.25,0.544512,2020-08-26,6.36948,Tarazona
2020-08-29 06:30:00,0.004200000000000001,3.2708333333333335,2.8586880000000003,2020-08-26,6.36948,Tarazona
2020-08-29 07:00:00,0.0125,3.2916666666666665,8.508000000000001,2020-08-26,6.36948,Tarazona
2020-08-29 07:30:00,0.0194,3.3125,13.204416,2020-08-26,6.36948,Tarazona
2020-08-29 08:00:00,0.0286,3.3333333333333335,19.466304,2020-08-26,6.36948,Tarazona
2020-08-29 08:30:00,0.0393,3.3541666666666665,26.749152000000002,2020-08-26,6.36948,Tarazona
2020-08-29 09:00:00,0.047900000000000005,3.375,32.602656,2020-08-26,6.36948,Tarazona
2020-08-29 09:30:00,0.057300000000000004,3.3958333333333335,39.000672,2020-08-26,6.36948,Tarazona
2020-08-29 10:00:00,0.0634,3.4166666666666665,43.152575999999996,2020-08-26,6.36948,Tarazona
2020-08-29 10:30:00,0.0682,3.4375,46.419647999999995,2020-08-26,6.36948,Tarazona
2020-08-29 11:00:00,0.062,3.4583333333333335,42.19968,2020-08-26,6.36948,Tarazona
2020-08-29 11:30:00,0.06720000000000001,3.4791666666666665,45.739008000000005,2020-08-26,6.36948,Tarazona
2020-08-29 12:00:00,0.0608,3.5,41.382912,2020-08-26,6.36948,Tarazona
2020-08-29 12:30:00,0.0653,3.5208333333333335,44.445792,2020-08-26,6.36948,Tarazona
2020-08-29 13:00:00,0.0625,3.5416666666666665,42.54,2020-08-26,6.36948,Tarazona
2020-08-29 13:30:00,0.0563,3.5625,38.320032,2020-08-26,6.36948,Tarazona
2020-08-29 14:00:00,0.053200000000000004,3.5833333333333335,36.210048,2020-08-26,6.36948,Tarazona
2020-08-29 14:30:00,0.0465,3.6041666666666665,31.64976,2020-08-26,6.36948,Tarazona
2020-08-29 15:00:00,0.0426,3.625,28.995264,2020-08-26,6.36948,Tarazona
2020-08-29 15:30:00,0.0371,3.6458333333333335,25.251744,2020-08-26,6.36948,Tarazona
2020-08-29 16:00:00,0.031,3.6666666666666665,21.09984,2020-08-26,6.36948,Tarazona
2020-08-29 16:30:00,0.0251,3.6875,17.084064,2020-08-26,6.36948,Tarazona
2020-08-29 17:00:00,0.0177,3.7083333333333335,12.047328,2020-08-26,6.36948,Tarazona
2020-08-29 17:30:00,0.0112,3.7291666666666665,7.623168,2020-08-26,6.36948,Tarazona
2020-08-29 18:00:00,0.0058000000000000005,3.75,3.947712,2020-08-26,6.36948,Tarazona
2020-08-29 18:30:00,0.0013000000000000002,3.7708333333333335,0.8848320000000001,2020-08-26,6.36948,Tarazona
2020-08-29 19:00:00,0.0012000000000000001,3.7916666666666665,0.816768,2020-08-26,6.36948,Tarazona
2020-08-29 19:30:00,0.0011,3.8125,0.748704,2020-08-26,6.36948,Tarazona
2020-08-29 20:00:00,0.0009000000000000001,3.8333333333333335,0.612576,2020-08-26,6.36948,Tarazona
2020-08-29 20:30:00,0.0008,3.8541666666666665,0.544512,2020-08-26,6.36948,Tarazona
2020-08-29 21:00:00,0.0008,3.875,0.544512,2020-08-26,6.36948,Tarazona
2020-08-29 21:30:00,0.0007,3.8958333333333335,0.476448,2020-08-26,6.36948,Tarazona
2020-08-29 22:00:00,0.0007,3.9166666666666665,0.476448,2020-08-26,6.36948,Tarazona
2020-08-29 22:30:00,0.0006000000000000001,3.9375,0.408384,2020-08-26,6.36948,Tarazona
2020-08-29 23:00:00,0.0005,3.9583333333333335,0.34032,2020-08-26,6.36948,Tarazona
2020-08-29 23:30:00,0.0006000000000000001,3.9791666666666665,0.408384,2020-08-26,6.36948,Tarazona
2020-08-30 00:00:00,0.0006000000000000001,4.0,0.408384,2020-08-26,6.36948,Tarazona
2020-08-30 00:30:00,0.0004,4.020833333333333,0.272256,2020-08-26,6.36948,Tarazona
2020-08-30 01:00:00,0.0004,4.041666666666667,0.272256,2020-08-26,6.36948,Tarazona
2020-08-30 01:30:00,0.00030000000000000003,4.0625,0.204192,2020-08-26,6.36948,Tarazona
2020-08-30 02:00:00,0.00030000000000000003,4.083333333333333,0.204192,2020-08-26,6.36948,Tarazona
2020-08-30 02:30:00,0.00030000000000000003,4.104166666666667,0.204192,2020-08-26,6.36948,Tarazona
2020-08-30 03:00:00,0.00030000000000000003,4.125,0.204192,2020-08-26,6.36948,Tarazona
2020-08-30 03:30:00,0.00030000000000000003,4.145833333333333,0.204192,2020-08-26,6.36948,Tarazona
2020-08-30 04:00:00,0.0002,4.166666666666667,0.136128,2020-08-26,6.36948,Tarazona
2020-08-30 04:30:00,0.0002,4.1875,0.136128,2020-08-26,6.36948,Tarazona
2020-08-30 05:00:00,0.0002,4.208333333333333,0.136128,2020-08-26,6.36948,Tarazona
2020-08-30 05:30:00,0.0002,4.229166666666667,0.136128,2020-08-26,6.36948,Tarazona
2020-08-30 06:00:00,0.0014,4.25,0.952896,2020-08-26,6.36948,Tarazona
2020-08-30 06:30:00,0.0044,4.270833333333333,2.994816,2020-08-26,6.36948,Tarazona
2020-08-30 07:00:00,0.0092,4.291666666666667,6.261888,2020-08-26,6.36948,Tarazona
2020-08-30 07:30:00,0.015600000000000001,4.3125,10.617984,2020-08-26,6.36948,Tarazona
2020-08-30 08:00:00,0.0233,4.333333333333333,15.858912,2020-08-26,6.36948,Tarazona
2020-08-30 08:30:00,0.0323,4.354166666666667,21.984672,2020-08-26,6.36948,Tarazona
2020-08-30 09:00:00,0.041800000000000004,4.375,28.450752,2020-08-26,6.36948,Tarazona
2020-08-30 09:30:00,0.051800000000000006,4.395833333333333,35.257152000000005,2020-08-26,6.36948,Tarazona
2020-08-30 10:00:00,0.0616,4.416666666666667,41.927424,2020-08-26,6.36948,Tarazona
2020-08-30 10:30:00,0.0697,4.4375,47.440608,2020-08-26,6.36948,Tarazona
2020-08-30 11:00:00,0.0765,4.458333333333333,52.06896,2020-08-26,6.36948,Tarazona
2020-08-30 11:30:00,0.0813,4.479166666666667,55.336031999999996,2020-08-26,6.36948,Tarazona
2020-08-30 12:00:00,0.0847,4.5,57.650208,2020-08-26,6.36948,Tarazona
2020-08-30 12:30:00,0.0853,4.520833333333333,58.058592,2020-08-26,6.36948,Tarazona
2020-08-30 13:00:00,0.0838,4.541666666666667,57.037631999999995,2020-08-26,6.36948,Tarazona
2020-08-30 13:30:00,0.0799,4.5625,54.383136,2020-08-26,6.36948,Tarazona
2020-08-30 14:00:00,0.0742,4.583333333333333,50.503488,2020-08-26,6.36948,Tarazona
2020-08-30 14:30:00,0.0666,4.604166666666667,45.330624,2020-08-26,6.36948,Tarazona
2020-08-30 15:00:00,0.0579,4.625,39.409056,2020-08-26,6.36948,Tarazona
2020-08-30 15:30:00,0.047900000000000005,4.645833333333333,32.602656,2020-08-26,6.36948,Tarazona
2020-08-30 16:00:00,0.038,4.666666666666667,25.86432,2020-08-26,6.36948,Tarazona
2020-08-30 16:30:00,0.0284,4.6875,19.330176,2020-08-26,6.36948,Tarazona
2020-08-30 17:00:00,0.0195,4.708333333333333,13.27248,2020-08-26,6.36948,Tarazona
2020-08-30 17:30:00,0.0115,4.729166666666667,7.82736,2020-08-26,6.36948,Tarazona
2020-08-30 18:00:00,0.0012000000000000001,4.75,0.816768,2020-08-26,6.36948,Tarazona
2020-08-30 18:30:00,0.0011,4.770833333333333,0.748704,2020-08-26,6.36948,Tarazona
2020-08-30 19:00:00,0.0011,4.791666666666667,0.748704,2020-08-26,6.36948,Tarazona
2020-08-30 19:30:00,0.001,4.8125,0.68064,2020-08-26,6.36948,Tarazona
2020-08-30 20:00:00,0.001,4.833333333333333,0.68064,2020-08-26,6.36948,Tarazona
2020-08-30 20:30:00,0.0009000000000000001,4.854166666666667,0.612576,2020-08-26,6.36948,Tarazona
2020-08-30 21:00:00,0.0009000000000000001,4.875,0.612576,2020-08-26,6.36948,Tarazona
2020-08-30 21:30:00,0.0008,4.895833333333333,0.544512,2020-08-26,6.36948,Tarazona
2020-08-30 22:00:00,0.0008,4.916666666666667,0.544512,2020-08-26,6.36948,Tarazona
2020-08-30 22:30:00,0.0007,4.9375,0.476448,2020-08-26,6.36948,Tarazona
2020-08-30 23:00:00,0.0006000000000000001,4.958333333333333,0.408384,2020-08-26,6.36948,Tarazona
2020-08-30 23:30:00,0.0008,4.979166666666667,0.544512,2020-08-26,6.36948,Tarazona
2020-08-31 00:00:00,0.0007,5.0,0.476448,2020-08-26,6.36948,Tarazona
2020-08-31 00:30:00,0.0004,5.020833333333333,0.272256,2020-08-26,6.36948,Tarazona
2020-08-31 01:00:00,0.00030000000000000003,5.041666666666667,0.204192,2020-08-26,6.36948,Tarazona
2020-08-31 01:30:00,0.0002,5.0625,0.136128,2020-08-26,6.36948,Tarazona
2020-08-31 02:00:00,0.0002,5.083333333333333,0.136128,2020-08-26,6.36948,Tarazona
2020-08-31 02:30:00,0.0001,5.104166666666667,0.068064,2020-08-26,6.36948,Tarazona
2020-08-31 03:00:00,0.0001,5.125,0.068064,2020-08-26,6.36948,Tarazona
2020-08-31 03:30:00,0.0001,5.145833333333333,0.068064,2020-08-26,6.36948,Tarazona
2020-08-31 04:00:00,0.0,5.166666666666667,0.0,2020-08-26,6.36948,Tarazona
2020-08-31 04:30:00,0.0,5.1875,0.0,2020-08-26,6.36948,Tarazona
2020-08-31 05:00:00,0.0,5.208333333333333,0.0,2020-08-26,6.36948,Tarazona
2020-08-31 05:30:00,0.0,5.229166666666667,0.0,2020-08-26,6.36948,Tarazona
2020-08-31 06:00:00,0.0009000000000000001,5.25,0.612576,2020-08-26,6.36948,Tarazona
2020-08-31 06:30:00,0.0036000000000000003,5.270833333333333,2.450304,2020-08-26,6.36948,Tarazona
2020-08-31 07:00:00,0.0082,5.291666666666667,5.581248,2020-08-26,6.36948,Tarazona
2020-08-31 07:30:00,0.0099,5.3125,6.738336,2020-08-26,6.36948,Tarazona
2020-08-31 08:00:00,0.0221,5.333333333333333,15.042144,2020-08-26,6.36948,Tarazona
2020-08-31 08:30:00,0.034800000000000005,5.354166666666667,23.686272000000002,2020-08-26,6.36948,Tarazona
2020-08-31 09:00:00,0.0488,5.375,33.215232,2020-08-26,6.36948,Tarazona
2020-08-31 09:30:00,0.054200000000000005,5.395833333333333,36.890688000000004,2020-08-26,6.36948,Tarazona
2020-08-31 10:00:00,0.06910000000000001,5.416666666666667,47.03222400000001,2020-08-26,6.36948,Tarazona
2020-08-31 10:30:00,0.0753,5.4375,51.252192,2020-08-26,6.36948,Tarazona
2020-08-31 11:00:00,0.0835,5.458333333333333,56.83344,2020-08-26,6.36948,Tarazona
2020-08-31 11:30:00,0.0888,5.479166666666667,60.440832,2020-08-26,6.36948,Tarazona
2020-08-31 12:00:00,0.091,5.5,61.93824,2020-08-26,6.36948,Tarazona
2020-08-31 12:30:00,0.0918,5.520833333333333,62.482752000000005,2020-08-26,6.36948,Tarazona
2020-08-31 13:00:00,0.09040000000000001,5.541666666666667,61.529856,2020-08-26,6.36948,Tarazona
2020-08-31 13:30:00,0.08660000000000001,5.5625,58.94342400000001,2020-08-26,6.36948,Tarazona
2020-08-31 14:00:00,0.08080000000000001,5.583333333333333,54.995712000000005,2020-08-26,6.36948,Tarazona
2020-08-31 14:30:00,0.0726,5.604166666666667,49.414463999999995,2020-08-26,6.36948,Tarazona
2020-08-31 15:00:00,0.06280000000000001,5.625,42.744192000000005,2020-08-26,6.36948,Tarazona
2020-08-31 15:30:00,0.0526,5.645833333333333,35.801664,2020-08-26,6.36948,Tarazona
2020-08-31 16:00:00,0.0458,5.666666666666667,31.173312,2020-08-26,6.36948,Tarazona
2020-08-31 16:30:00,0.031400000000000004,5.6875,21.372096000000003,2020-08-26,6.36948,Tarazona
2020-08-31 17:00:00,0.021500000000000002,5.708333333333333,14.63376,2020-08-26,6.36948,Tarazona
2020-08-31 17:30:00,0.012100000000000001,5.729166666666667,8.235744,2020-08-26,6.36948,Tarazona
2020-08-31 18:00:00,0.0013000000000000002,5.75,0.8848320000000001,2020-08-26,6.36948,Tarazona
2020-08-31 18:30:00,0.0013000000000000002,5.770833333333333,0.8848320000000001,2020-08-26,6.36948,Tarazona
2020-08-31 19:00:00,0.0012000000000000001,5.791666666666667,0.816768,2020-08-26,6.36948,Tarazona
2020-08-31 19:30:00,0.0011,5.8125,0.748704,2020-08-26,6.36948,Tarazona
2020-08-31 20:00:00,0.0009000000000000001,5.833333333333333,0.612576,2020-08-26,6.36948,Tarazona
2020-08-31 20:30:00,0.0008,5.854166666666667,0.544512,2020-08-26,6.36948,Tarazona
2020-08-31 21:00:00,0.0007,5.875,0.476448,2020-08-26,6.36948,Tarazona
2020-08-31 21:30:00,0.0006000000000000001,5.895833333333333,0.408384,2020-08-26,6.36948,Tarazona
2020-08-31 22:00:00,0.0005,5.916666666666667,0.34032,2020-08-26,6.36948,Tarazona
2020-08-31 22:30:00,0.0004,5.9375,0.272256,2020-08-26,6.36948,Tarazona
2020-08-31 23:00:00,0.00030000000000000003,5.958333333333333,0.204192,2020-08-26,6.36948,Tarazona
2020-08-31 23:30:00,0.0004,5.979166666666667,0.272256,2020-08-26,6.36948,Tarazona
2020-09-01 00:00:00,0.0001,6.0,0.068064,2020-08-26,6.36948,Tarazona
2020-09-01 00:30:00,0.0,6.020833333333333,0.0,2020-08-26,6.36948,Tarazona
2020-09-01 01:00:00,0.0,6.041666666666667,0.0,2020-08-26,6.36948,Tarazona
2020-09-01 01:30:00,0.0,6.0625,0.0,2020-08-26,6.36948,Tarazona
2020-09-01 02:00:00,0.0,6.083333333333333,0.0,2020-08-26,6.36948,Tarazona
2020-09-01 02:30:00,0.0001,6.104166666666667,0.068064,2020-08-26,6.36948,Tarazona
2020-09-01 03:00:00,0.0,6.125,0.0,2020-08-26,6.36948,Tarazona
2020-09-01 03:30:00,0.0,6.145833333333333,0.0,2020-08-26,6.36948,Tarazona
2020-09-01 04:00:00,0.0,6.166666666666667,0.0,2020-08-26,6.36948,Tarazona
2020-09-01 04:30:00,0.0001,6.1875,0.068064,2020-08-26,6.36948,Tarazona
2020-09-01 05:00:00,0.0001,6.208333333333333,0.068064,2020-08-26,6.36948,Tarazona
2020-09-01 05:30:00,0.0,6.229166666666667,0.0,2020-08-26,6.36948,Tarazona
2020-09-01 06:00:00,0.0,6.25,0.0,2020-08-26,6.36948,Tarazona
2020-09-01 06:30:00,0.0001,6.270833333333333,0.068064,2020-08-26,6.36948,Tarazona
2020-09-01 07:00:00,0.0013000000000000002,6.291666666666667,0.8848320000000001,2020-08-26,6.36948,Tarazona
2020-09-01 07:30:00,0.0016,6.3125,1.089024,2020-08-26,6.36948,Tarazona
2020-09-01 08:00:00,0.0058000000000000005,6.333333333333333,3.947712,2020-08-26,6.36948,Tarazona
2020-09-01 08:30:00,0.009600000000000001,6.354166666666667,6.534144,2020-08-26,6.36948,Tarazona
2020-09-01 09:00:00,0.0165,6.375,11.23056,2020-08-26,6.36948,Tarazona
2020-09-01 09:30:00,0.029500000000000002,6.395833333333333,20.07888,2020-08-26,6.36948,Tarazona
2020-09-01 10:00:00,0.035300000000000005,6.416666666666667,24.026592000000004,2020-08-26,6.36948,Tarazona
2020-09-01 10:30:00,0.033,6.4375,22.46112,2020-08-26,6.36948,Tarazona
2020-09-01 11:00:00,0.0298,6.458333333333333,20.283072,2020-08-26,6.36948,Tarazona
2020-09-01 11:30:00,0.057300000000000004,6.479166666666667,39.000672,2020-08-26,6.36948,Tarazona
2020-09-01 12:00:00,0.066,6.5,44.92224,2020-08-26,6.36948,Tarazona
2020-09-01 12:30:00,0.062200000000000005,6.520833333333333,42.335808,2020-08-26,6.36948,Tarazona
2020-09-01 13:00:00,0.052000000000000005,6.541666666666667,35.393280000000004,2020-08-26,6.36948,Tarazona
2020-09-01 13:30:00,0.0804,6.5625,54.723456,2020-08-26,6.36948,Tarazona
2020-09-01 14:00:00,0.0679,6.583333333333333,46.215456,2020-08-26,6.36948,Tarazona
2020-09-01 14:30:00,0.0635,6.604166666666667,43.22064,2020-08-26,6.36948,Tarazona
2020-09-01 15:00:00,0.058600000000000006,6.625,39.885504000000005,2020-08-26,6.36948,Tarazona
2020-09-01 15:30:00,0.0449,6.645833333333333,30.560736000000002,2020-08-26,6.36948,Tarazona
2020-09-01 16:00:00,0.0257,6.666666666666667,17.492448,2020-08-26,6.36948,Tarazona
2020-09-01 16:30:00,0.0253,6.6875,17.220192,2020-08-26,6.36948,Tarazona
2020-09-01 17:00:00,0.010400000000000001,6.708333333333333,7.0786560000000005,2020-08-26,6.36948,Tarazona
2020-09-01 17:30:00,0.0016,6.729166666666667,1.089024,2020-08-26,6.36948,Tarazona
2020-09-01 18:00:00,0.0015,6.75,1.02096,2020-08-26,6.36948,Tarazona
2020-09-01 18:30:00,0.0014,6.770833333333333,0.952896,2020-08-26,6.36948,Tarazona
2020-09-01 19:00:00,0.0013000000000000002,6.791666666666667,0.8848320000000001,2020-08-26,6.36948,Tarazona
2020-09-01 19:30:00,0.0013000000000000002,6.8125,0.8848320000000001,2020-08-26,6.36948,Tarazona
2020-09-01 20:00:00,0.0012000000000000001,6.833333333333333,0.816768,2020-08-26,6.36948,Tarazona
2020-09-01 20:30:00,0.001,6.854166666666667,0.68064,2020-08-26,6.36948,Tarazona
2020-09-01 21:00:00,0.001,6.875,0.68064,2020-08-26,6.36948,Tarazona
2020-09-01 21:30:00,0.001,6.895833333333333,0.68064,2020-08-26,6.36948,Tarazona
2020-09-01 22:00:00,0.0009000000000000001,6.916666666666667,0.612576,2020-08-26,6.36948,Tarazona
2020-09-01 22:30:00,0.0008,6.9375,0.544512,2020-08-26,6.36948,Tarazona
2020-09-01 23:00:00,0.0006000000000000001,6.958333333333333,0.408384,2020-08-26,6.36948,Tarazona
2020-09-01 23:30:00,0.0004,6.979166666666667,0.272256,2020-08-26,6.36948,Tarazona
2020-09-02 00:00:00,0.0002,7.0,0.136128,2020-08-26,6.36948,Tarazona
2020-09-02 00:30:00,0.0002,7.020833333333333,0.136128,2020-08-26,6.36948,Tarazona
2020-09-02 01:00:00,0.0002,7.041666666666667,0.136128,2020-08-26,6.36948,Tarazona
2020-09-02 01:30:00,0.0002,7.0625,0.136128,2020-08-26,6.36948,Tarazona
2020-09-02 02:00:00,0.0002,7.083333333333333,0.136128,2020-08-26,6.36948,Tarazona
2020-09-02 02:30:00,0.0001,7.104166666666667,0.068064,2020-08-26,6.36948,Tarazona
2020-09-02 03:00:00,0.0,7.125,0.0,2020-08-26,6.36948,Tarazona
2020-09-02 03:30:00,0.0,7.145833333333333,0.0,2020-08-26,6.36948,Tarazona
2020-09-02 04:00:00,0.0,7.166666666666667,0.0,2020-08-26,6.36948,Tarazona
2020-09-02 04:30:00,0.0,7.1875,0.0,2020-08-26,6.36948,Tarazona
2020-09-02 05:00:00,0.0,7.208333333333333,0.0,2020-08-26,6.36948,Tarazona
2020-09-02 05:30:00,0.0,7.229166666666667,0.0,2020-08-26,6.36948,Tarazona
2020-09-02 06:00:00,0.0002,7.25,0.136128,2020-08-26,6.36948,Tarazona
2020-09-02 06:30:00,0.0026000000000000003,7.270833333333333,1.7696640000000001,2020-08-26,6.36948,Tarazona
2020-09-02 07:00:00,0.0068000000000000005,7.291666666666667,4.6283520000000005,2020-08-26,6.36948,Tarazona
2020-09-02 07:30:00,0.0129,7.3125,8.780256,2020-08-26,6.36948,Tarazona
2020-09-02 08:00:00,0.020200000000000003,7.333333333333333,13.748928000000001,2020-08-26,6.36948,Tarazona
2020-09-02 08:30:00,0.0302,7.354166666666667,20.555328,2020-08-26,6.36948,Tarazona
2020-09-02 09:00:00,0.0417,7.375,28.382688,2020-08-26,6.36948,Tarazona
2020-09-02 09:30:00,0.0553,7.395833333333333,37.639392,2020-08-26,6.36948,Tarazona
2020-09-02 10:00:00,0.067,7.416666666666667,45.60288,2020-08-26,6.36948,Tarazona
2020-09-02 10:30:00,0.07680000000000001,7.4375,52.273152,2020-08-26,6.36948,Tarazona
2020-09-02 11:00:00,0.08510000000000001,7.458333333333333,57.922464000000005,2020-08-26,6.36948,Tarazona
2020-09-02 11:30:00,0.0907,7.479166666666667,61.734048,2020-08-26,6.36948,Tarazona
2020-09-02 12:00:00,0.09390000000000001,7.5,63.912096000000005,2020-08-26,6.36948,Tarazona
2020-09-02 12:30:00,0.08800000000000001,7.520833333333333,59.89632,2020-08-26,6.36948,Tarazona
2020-09-02 13:00:00,0.09620000000000001,7.541666666666667,65.477568,2020-08-26,6.36948,Tarazona
2020-09-02 13:30:00,0.0892,7.5625,60.713088,2020-08-26,6.36948,Tarazona
2020-09-02 14:00:00,0.0828,7.583333333333333,56.356992,2020-08-26,6.36948,Tarazona
2020-09-02 14:30:00,0.07390000000000001,7.604166666666667,50.299296000000005,2020-08-26,6.36948,Tarazona
2020-09-02 15:00:00,0.06380000000000001,7.625,43.424832,2020-08-26,6.36948,Tarazona
2020-09-02 15:30:00,0.052500000000000005,7.645833333333333,35.7336,2020-08-26,6.36948,Tarazona
2020-09-02 16:00:00,0.0431,7.666666666666667,29.335584,2020-08-26,6.36948,Tarazona
2020-09-02 16:30:00,0.0309,7.6875,21.031776,2020-08-26,6.36948,Tarazona
2020-09-02 17:00:00,0.019700000000000002,7.708333333333333,13.408608000000001,2020-08-26,6.36948,Tarazona
2020-09-02 17:30:00,0.0111,7.729166666666667,7.555104,2020-08-26,6.36948,Tarazona
2020-09-02 18:00:00,0.0014,7.75,0.952896,2020-08-26,6.36948,Tarazona
2020-09-02 18:30:00,0.0012000000000000001,7.770833333333333,0.816768,2020-08-26,6.36948,Tarazona
2020-09-02 19:00:00,0.0011,7.791666666666667,0.748704,2020-08-26,6.36948,Tarazona
2020-09-02 19:30:00,0.0009000000000000001,7.8125,0.612576,2020-08-26,6.36948,Tarazona
2020-09-02 20:00:00,0.0008,7.833333333333333,0.544512,2020-08-26,6.36948,Tarazona
2020-09-02 20:30:00,0.0006000000000000001,7.854166666666667,0.408384,2020-08-26,6.36948,Tarazona
2020-09-02 21:00:00,0.0005,7.875,0.34032,2020-08-26,6.36948,Tarazona
2020-09-02 21:30:00,0.0004,7.895833333333333,0.272256,2020-08-26,6.36948,Tarazona
2020-09-02 22:00:00,0.00030000000000000003,7.916666666666667,0.204192,2020-08-26,6.36948,Tarazona
2020-09-02 22:30:00,0.00030000000000000003,7.9375,0.204192,2020-08-26,6.36948,Tarazona
2020-09-02 23:00:00,0.00030000000000000003,7.958333333333333,0.204192,2020-08-26,6.36948,Tarazona
2020-09-02 23:30:00,0.0002,7.979166666666667,0.136128,2020-08-26,6.36948,Tarazona
2020-09-03 00:00:00,0.0002,8.0,0.136128,2020-08-26,6.36948,Tarazona
2020-09-03 00:30:00,0.0001,8.020833333333334,0.068064,2020-08-26,6.36948,Tarazona
2020-09-03 01:00:00,0.0001,8.041666666666666,0.068064,2020-08-26,6.36948,Tarazona
2020-09-03 01:30:00,0.0,8.0625,0.0,2020-08-26,6.36948,Tarazona
2020-09-03 02:00:00,0.0,8.083333333333334,0.0,2020-08-26,6.36948,Tarazona
2020-09-03 02:30:00,0.0,8.104166666666666,0.0,2020-08-26,6.36948,Tarazona
2020-09-03 03:00:00,0.0,8.125,0.0,2020-08-26,6.36948,Tarazona
2020-09-03 03:30:00,0.0,8.145833333333334,0.0,2020-08-26,6.36948,Tarazona
2020-09-03 04:00:00,0.0,8.166666666666666,0.0,2020-08-26,6.36948,Tarazona
2020-09-03 04:30:00,0.0,8.1875,0.0,2020-08-26,6.36948,Tarazona
2020-09-03 05:00:00,0.0,8.208333333333334,0.0,2020-08-26,6.36948,Tarazona
2020-09-03 05:30:00,0.0,8.229166666666666,0.0,2020-08-26,6.36948,Tarazona
2020-09-03 06:00:00,0.0002,8.25,0.136128,2020-08-26,6.36948,Tarazona
2020-09-03 06:30:00,0.0025,8.270833333333334,1.7016,2020-08-26,6.36948,Tarazona
2020-09-03 07:00:00,0.007,8.291666666666666,4.76448,2020-08-26,6.36948,Tarazona
2020-09-03 07:30:00,0.0137,8.3125,9.324768,2020-08-26,6.36948,Tarazona
2020-09-03 08:00:00,0.0217,8.333333333333334,14.769888,2020-08-26,6.36948,Tarazona
2020-09-03 08:30:00,0.0318,8.354166666666666,21.644352,2020-08-26,6.36948,Tarazona
2020-09-03 09:00:00,0.043000000000000003,8.375,29.26752,2020-08-26,6.36948,Tarazona
2020-09-03 09:30:00,0.0557,8.395833333333334,37.911648,2020-08-26,6.36948,Tarazona
2020-09-03 10:00:00,0.06810000000000001,8.416666666666666,46.351584,2020-08-26,6.36948,Tarazona
2020-09-03 10:30:00,0.0784,8.4375,53.362176,2020-08-26,6.36948,Tarazona
2020-09-03 11:00:00,0.08710000000000001,8.458333333333334,59.283744000000006,2020-08-26,6.36948,Tarazona
2020-09-03 11:30:00,0.09390000000000001,8.479166666666666,63.912096000000005,2020-08-26,6.36948,Tarazona
2020-09-03 12:00:00,0.0981,8.5,66.770784,2020-08-26,6.36948,Tarazona
2020-09-03 12:30:00,0.09860000000000001,8.520833333333334,67.111104,2020-08-26,6.36948,Tarazona
2020-09-03 13:00:00,0.09670000000000001,8.541666666666666,65.81788800000001,2020-08-26,6.36948,Tarazona
2020-09-03 13:30:00,0.092,8.5625,62.61888,2020-08-26,6.36948,Tarazona
2020-09-03 14:00:00,0.0845,8.583333333333334,57.51408,2020-08-26,6.36948,Tarazona
2020-09-03 14:30:00,0.075,8.604166666666666,51.047999999999995,2020-08-26,6.36948,Tarazona
2020-09-03 15:00:00,0.0645,8.625,43.90128,2020-08-26,6.36948,Tarazona
2020-09-03 15:30:00,0.0536,8.645833333333334,36.482304,2020-08-26,6.36948,Tarazona
2020-09-03 16:00:00,0.0426,8.666666666666666,28.995264,2020-08-26,6.36948,Tarazona
2020-09-03 16:30:00,0.031200000000000002,8.6875,21.235968,2020-08-26,6.36948,Tarazona
2020-09-03 17:00:00,0.0207,8.708333333333334,14.089248,2020-08-26,6.36948,Tarazona
2020-09-03 17:30:00,0.0115,8.729166666666666,7.82736,2020-08-26,6.36948,Tarazona
2020-09-03 18:00:00,0.0014,8.75,0.952896,2020-08-26,6.36948,Tarazona
2020-09-03 18:30:00,0.0013000000000000002,8.770833333333334,0.8848320000000001,2020-08-26,6.36948,Tarazona
2020-09-03 19:00:00,0.0011,8.791666666666666,0.748704,2020-08-26,6.36948,Tarazona
2020-09-03 19:30:00,0.001,8.8125,0.68064,2020-08-26,6.36948,Tarazona
2020-09-03 20:00:00,0.001,8.833333333333334,0.68064,2020-08-26,6.36948,Tarazona
2020-09-03 20:30:00,0.0008,8.854166666666666,0.544512,2020-08-26,6.36948,Tarazona
2020-09-03 21:00:00,0.0007,8.875,0.476448,2020-08-26,6.36948,Tarazona
2020-09-03 21:30:00,0.0006000000000000001,8.895833333333334,0.408384,2020-08-26,6.36948,Tarazona
2020-09-03 22:00:00,0.0004,8.916666666666666,0.272256,2020-08-26,6.36948,Tarazona
2020-09-03 22:30:00,0.0004,8.9375,0.272256,2020-08-26,6.36948,Tarazona
2020-09-03 23:00:00,0.00030000000000000003,8.958333333333334,0.204192,2020-08-26,6.36948,Tarazona
2020-09-03 23:30:00,0.00030000000000000003,8.979166666666666,0.204192,2020-08-26,6.36948,Tarazona
2020-09-04 00:00:00,0.0002,9.0,0.136128,2020-08-26,6.36948,Tarazona
2020-09-04 00:30:00,0.0002,9.020833333333334,0.136128,2020-08-26,6.36948,Tarazona
2020-09-04 01:00:00,0.0002,9.041666666666666,0.136128,2020-08-26,6.36948,Tarazona
2020-09-04 01:30:00,0.0001,9.0625,0.068064,2020-08-26,6.36948,Tarazona
2020-09-04 02:00:00,0.0001,9.083333333333334,0.068064,2020-08-26,6.36948,Tarazona
2020-09-04 02:30:00,0.0001,9.104166666666666,0.068064,2020-08-26,6.36948,Tarazona
2020-09-04 03:00:00,0.0,9.125,0.0,2020-08-26,6.36948,Tarazona
2020-09-04 03:30:00,0.0,9.145833333333334,0.0,2020-08-26,6.36948,Tarazona
2020-09-04 04:00:00,0.0,9.166666666666666,0.0,2020-08-26,6.36948,Tarazona
2020-09-04 04:30:00,0.0,9.1875,0.0,2020-08-26,6.36948,Tarazona
2020-09-04 05:00:00,0.0,9.208333333333334,0.0,2020-08-26,6.36948,Tarazona
2020-09-04 05:30:00,0.0,9.229166666666666,0.0,2020-08-26,6.36948,Tarazona
2020-09-04 06:00:00,0.0004,9.25,0.272256,2020-08-26,6.36948,Tarazona
2020-09-04 06:30:00,0.0028,9.270833333333334,1.905792,2020-08-26,6.36948,Tarazona
2020-09-04 07:00:00,0.0074,9.291666666666666,5.036736,2020-08-26,6.36948,Tarazona
2020-09-04 07:30:00,0.0146,9.3125,9.937344,2020-08-26,6.36948,Tarazona
2020-09-04 08:00:00,0.023200000000000002,9.333333333333334,15.790848,2020-08-26,6.36948,Tarazona
2020-09-04 08:30:00,0.0324,9.354166666666666,22.052736,2020-08-26,6.36948,Tarazona
2020-09-04 09:00:00,0.042100000000000005,9.375,28.654944000000004,2020-08-26,6.36948,Tarazona
2020-09-04 09:30:00,0.0506,9.395833333333334,34.440384,2020-08-26,6.36948,Tarazona
2020-09-04 10:00:00,0.058600000000000006,9.416666666666666,39.885504000000005,2020-08-26,6.36948,Tarazona
2020-09-04 10:30:00,0.06570000000000001,9.4375,44.718048,2020-08-26,6.36948,Tarazona
2020-09-04 11:00:00,0.0717,9.458333333333334,48.801888,2020-08-26,6.36948,Tarazona
2020-09-04 11:30:00,0.07590000000000001,9.479166666666666,51.660576000000006,2020-08-26,6.36948,Tarazona
2020-09-04 12:00:00,0.0786,9.5,53.498304000000005,2020-08-26,6.36948,Tarazona
2020-09-04 12:30:00,0.0796,9.520833333333334,54.178944,2020-08-26,6.36948,Tarazona
2020-09-04 13:00:00,0.07880000000000001,9.541666666666666,53.634432000000004,2020-08-26,6.36948,Tarazona
2020-09-04 13:30:00,0.07590000000000001,9.5625,51.660576000000006,2020-08-26,6.36948,Tarazona
2020-09-04 14:00:00,,9.583333333333334,,2020-08-26,6.36948,Tarazona
2020-09-04 14:30:00,,9.604166666666666,,2020-08-26,6.36948,Tarazona
2020-09-04 15:00:00,0.0563,9.625,38.320032,2020-08-26,6.36948,Tarazona
2020-09-04 15:30:00,,9.645833333333334,,2020-08-26,6.36948,Tarazona
2020-09-04 16:00:00,,9.666666666666666,,2020-08-26,6.36948,Tarazona
2020-09-04 16:30:00,,9.6875,,2020-08-26,6.36948,Tarazona
2020-09-04 17:00:00,0.0187,9.708333333333334,12.727968,2020-08-26,6.36948,Tarazona
2020-09-04 17:30:00,,9.729166666666666,,2020-08-26,6.36948,Tarazona
2020-09-04 18:00:00,0.0012000000000000001,9.75,0.816768,2020-08-26,6.36948,Tarazona
2020-09-04 18:30:00,0.0011,9.770833333333334,0.748704,2020-08-26,6.36948,Tarazona
2020-09-04 19:00:00,0.0009000000000000001,9.791666666666666,0.612576,2020-08-26,6.36948,Tarazona
2020-09-04 19:30:00,,9.8125,,2020-08-26,6.36948,Tarazona
2020-09-04 20:00:00,0.0007,9.833333333333334,0.476448,2020-08-26,6.36948,Tarazona
2020-09-04 20:30:00,0.0007,9.854166666666666,0.476448,2020-08-26,6.36948,Tarazona
2020-09-04 21:00:00,0.0006000000000000001,9.875,0.408384,2020-08-26,6.36948,Tarazona
2020-09-04 21:30:00,0.0005,9.895833333333334,0.34032,2020-08-26,6.36948,Tarazona
2020-09-04 22:00:00,0.0004,9.916666666666666,0.272256,2020-08-26,6.36948,Tarazona
2020-09-04 22:30:00,0.00030000000000000003,9.9375,0.204192,2020-08-26,6.36948,Tarazona
2020-09-04 23:00:00,0.00030000000000000003,9.958333333333334,0.204192,2020-08-26,6.36948,Tarazona
2020-09-04 23:30:00,0.0002,9.979166666666666,0.136128,2020-08-26,6.36948,Tarazona
2018-01-02 00:00:00,0.002,0.0,1.36128,2018-01-02,3.98,Oran
2018-01-02 00:30:00,0.0021000000000000003,0.020833333333333332,1.4293440000000002,2018-01-02,3.98,Oran
2018-01-02 01:00:00,0.0021000000000000003,0.041666666666666664,1.4293440000000002,2018-01-02,3.98,Oran
2018-01-02 01:30:00,0.0017000000000000001,0.0625,1.1570880000000001,2018-01-02,3.98,Oran
2018-01-02 02:00:00,0.0015,0.08333333333333333,1.02096,2018-01-02,3.98,Oran
2018-01-02 02:30:00,0.0012000000000000001,0.10416666666666667,0.816768,2018-01-02,3.98,Oran
2018-01-02 03:00:00,0.001,0.125,0.68064,2018-01-02,3.98,Oran
2018-01-02 03:30:00,0.0007,0.14583333333333334,0.476448,2018-01-02,3.98,Oran
2018-01-02 04:00:00,0.0004,0.16666666666666666,0.272256,2018-01-02,3.98,Oran
2018-01-02 04:30:00,0.00030000000000000003,0.1875,0.204192,2018-01-02,3.98,Oran
2018-01-02 05:00:00,0.00030000000000000003,0.20833333333333334,0.204192,2018-01-02,3.98,Oran
2018-01-02 05:30:00,0.00030000000000000003,0.22916666666666666,0.204192,2018-01-02,3.98,Oran
2018-01-02 06:00:00,0.0004,0.25,0.272256,2018-01-02,3.98,Oran
2018-01-02 06:30:00,0.0006000000000000001,0.2708333333333333,0.408384,2018-01-02,3.98,Oran
2018-01-02 07:00:00,0.002,0.2916666666666667,1.36128,2018-01-02,3.98,Oran
2018-01-02 07:30:00,0.0022,0.3125,1.497408,2018-01-02,3.98,Oran
2018-01-02 08:00:00,0.0068000000000000005,0.3333333333333333,4.6283520000000005,2018-01-02,3.98,Oran
2018-01-02 08:30:00,0.015600000000000001,0.3541666666666667,10.617984,2018-01-02,3.98,Oran
2018-01-02 09:00:00,0.025900000000000003,0.375,17.628576000000002,2018-01-02,3.98,Oran
2018-01-02 09:30:00,0.0373,0.3958333333333333,25.387871999999998,2018-01-02,3.98,Oran
2018-01-02 10:00:00,0.0591,0.4166666666666667,40.225823999999996,2018-01-02,3.98,Oran
2018-01-02 10:30:00,0.0671,0.4375,45.670944000000006,2018-01-02,3.98,Oran
2018-01-02 11:00:00,0.0782,0.4583333333333333,53.226048000000006,2018-01-02,3.98,Oran
2018-01-02 11:30:00,0.09340000000000001,0.4791666666666667,63.57177600000001,2018-01-02,3.98,Oran
2018-01-02 12:00:00,0.0815,0.5,55.47216,2018-01-02,3.98,Oran
2018-01-02 12:30:00,0.0942,0.5208333333333334,64.116288,2018-01-02,3.98,Oran
2018-01-02 13:00:00,0.0937,0.5416666666666666,63.775968000000006,2018-01-02,3.98,Oran
2018-01-02 13:30:00,0.08710000000000001,0.5625,59.283744000000006,2018-01-02,3.98,Oran
2018-01-02 14:00:00,0.078,0.5833333333333334,53.08992,2018-01-02,3.98,Oran
2018-01-02 14:30:00,0.0656,0.6041666666666666,44.649984,2018-01-02,3.98,Oran
2018-01-02 15:00:00,0.0522,0.625,35.529408000000004,2018-01-02,3.98,Oran
2018-01-02 15:30:00,0.037000000000000005,0.6458333333333334,25.183680000000003,2018-01-02,3.98,Oran
2018-01-02 16:00:00,0.0219,0.6666666666666666,14.906016,2018-01-02,3.98,Oran
2018-01-02 16:30:00,0.006,0.6875,4.08384,2018-01-02,3.98,Oran
2018-01-02 17:00:00,0.005,0.7083333333333334,3.4032,2018-01-02,3.98,Oran
2018-01-02 17:30:00,0.0045000000000000005,0.7291666666666666,3.0628800000000003,2018-01-02,3.98,Oran
2018-01-02 18:00:00,0.004,0.75,2.72256,2018-01-02,3.98,Oran
2018-01-02 18:30:00,0.0038,0.7708333333333334,2.586432,2018-01-02,3.98,Oran
2018-01-02 19:00:00,0.0036000000000000003,0.7916666666666666,2.450304,2018-01-02,3.98,Oran
2018-01-02 19:30:00,0.0033,0.8125,2.246112,2018-01-02,3.98,Oran
2018-01-02 20:00:00,0.0031000000000000003,0.8333333333333334,2.1099840000000003,2018-01-02,3.98,Oran
2018-01-02 20:30:00,0.0027,0.8541666666666666,1.837728,2018-01-02,3.98,Oran
2018-01-02 21:00:00,0.0024000000000000002,0.875,1.633536,2018-01-02,3.98,Oran
2018-01-02 21:30:00,0.0022,0.8958333333333334,1.497408,2018-01-02,3.98,Oran
2018-01-02 22:00:00,0.002,0.9166666666666666,1.36128,2018-01-02,3.98,Oran
2018-01-02 22:30:00,0.0016,0.9375,1.089024,2018-01-02,3.98,Oran
2018-01-02 23:00:00,0.0012000000000000001,0.9583333333333334,0.816768,2018-01-02,3.98,Oran
2018-01-02 23:30:00,0.0008,0.9791666666666666,0.544512,2018-01-02,3.98,Oran
2018-01-03 00:00:00,0.0007,1.0,0.476448,2018-01-02,3.98,Oran
2018-01-03 00:30:00,0.0004,1.0208333333333333,0.272256,2018-01-02,3.98,Oran
2018-01-03 01:00:00,0.0021000000000000003,1.0416666666666667,1.4293440000000002,2018-01-02,3.98,Oran
2018-01-03 01:30:00,0.0,1.0625,0.0,2018-01-02,3.98,Oran
2018-01-03 02:00:00,0.0001,1.0833333333333333,0.068064,2018-01-02,3.98,Oran
2018-01-03 02:30:00,0.0,1.1041666666666667,0.0,2018-01-02,3.98,Oran
2018-01-03 03:00:00,0.0013000000000000002,1.125,0.8848320000000001,2018-01-02,3.98,Oran
2018-01-03 03:30:00,0.0011,1.1458333333333333,0.748704,2018-01-02,3.98,Oran
2018-01-03 04:00:00,0.0011,1.1666666666666667,0.748704,2018-01-02,3.98,Oran
2018-01-03 04:30:00,0.001,1.1875,0.68064,2018-01-02,3.98,Oran
2018-01-03 05:00:00,0.0008,1.2083333333333333,0.544512,2018-01-02,3.98,Oran
2018-01-03 05:30:00,0.001,1.2291666666666667,0.68064,2018-01-02,3.98,Oran
2018-01-03 06:00:00,0.0,1.25,0.0,2018-01-02,3.98,Oran
2018-01-03 06:30:00,0.001,1.2708333333333333,0.68064,2018-01-02,3.98,Oran
2018-01-03 07:00:00,0.001,1.2916666666666667,0.68064,2018-01-02,3.98,Oran
2018-01-03 07:30:00,0.0012000000000000001,1.3125,0.816768,2018-01-02,3.98,Oran
2018-01-03 08:00:00,0.0023,1.3333333333333333,1.565472,2018-01-02,3.98,Oran
2018-01-03 08:30:00,0.007200000000000001,1.3541666666666667,4.900608,2018-01-02,3.98,Oran
2018-01-03 09:00:00,0.018500000000000003,1.375,12.591840000000001,2018-01-02,3.98,Oran
2018-01-03 09:30:00,0.019100000000000002,1.3958333333333333,13.000224000000001,2018-01-02,3.98,Oran
2018-01-03 10:00:00,0.0298,1.4166666666666667,20.283072,2018-01-02,3.98,Oran
2018-01-03 10:30:00,0.0361,1.4375,24.571104,2018-01-02,3.98,Oran
2018-01-03 11:00:00,0.0468,1.4583333333333333,31.853952,2018-01-02,3.98,Oran
2018-01-03 11:30:00,0.0522,1.4791666666666667,35.529408000000004,2018-01-02,3.98,Oran
2018-01-03 12:00:00,0.060700000000000004,1.5,41.314848000000005,2018-01-02,3.98,Oran
2018-01-03 12:30:00,0.066,1.5208333333333333,44.92224,2018-01-02,3.98,Oran
2018-01-03 13:00:00,0.0347,1.5416666666666667,23.618208,2018-01-02,3.98,Oran
2018-01-03 13:30:00,0.0291,1.5625,19.806624,2018-01-02,3.98,Oran
2018-01-03 14:00:00,0.032100000000000004,1.5833333333333333,21.848544,2018-01-02,3.98,Oran
2018-01-03 14:30:00,0.0437,1.6041666666666667,29.743968000000002,2018-01-02,3.98,Oran
2018-01-03 15:00:00,0.034,1.625,23.14176,2018-01-02,3.98,Oran
2018-01-03 15:30:00,0.023,1.6458333333333333,15.65472,2018-01-02,3.98,Oran
2018-01-03 16:00:00,0.0125,1.6666666666666667,8.508000000000001,2018-01-02,3.98,Oran
2018-01-03 16:30:00,0.0031000000000000003,1.6875,2.1099840000000003,2018-01-02,3.98,Oran
2018-01-03 17:00:00,0.002,1.7083333333333333,1.36128,2018-01-02,3.98,Oran
2018-01-03 17:30:00,0.0017000000000000001,1.7291666666666667,1.1570880000000001,2018-01-02,3.98,Oran
2018-01-03 18:00:00,0.0014,1.75,0.952896,2018-01-02,3.98,Oran
2018-01-03 18:30:00,0.0013000000000000002,1.7708333333333333,0.8848320000000001,2018-01-02,3.98,Oran
2018-01-03 19:00:00,0.0012000000000000001,1.7916666666666667,0.816768,2018-01-02,3.98,Oran
2018-01-03 19:30:00,0.0035,1.8125,2.38224,2018-01-02,3.98,Oran
2018-01-03 20:00:00,0.0032,1.8333333333333333,2.178048,2018-01-02,3.98,Oran
2018-01-03 20:30:00,0.0009000000000000001,1.8541666666666667,0.612576,2018-01-02,3.98,Oran
2018-01-03 21:00:00,0.0007,1.875,0.476448,2018-01-02,3.98,Oran
2018-01-03 21:30:00,0.0026000000000000003,1.8958333333333333,1.7696640000000001,2018-01-02,3.98,Oran
2018-01-03 22:00:00,0.0026000000000000003,1.9166666666666667,1.7696640000000001,2018-01-02,3.98,Oran
2018-01-03 22:30:00,0.0026000000000000003,1.9375,1.7696640000000001,2018-01-02,3.98,Oran
2018-01-03 23:00:00,0.0027,1.9583333333333333,1.837728,2018-01-02,3.98,Oran
2018-01-03 23:30:00,0.0026000000000000003,1.9791666666666667,1.7696640000000001,2018-01-02,3.98,Oran
2018-01-04 00:00:00,0.0017000000000000001,2.0,1.1570880000000001,2018-01-02,3.98,Oran
2018-01-04 00:30:00,0.0015,2.0208333333333335,1.02096,2018-01-02,3.98,Oran
2018-01-04 01:00:00,0.0013000000000000002,2.0416666666666665,0.8848320000000001,2018-01-02,3.98,Oran
2018-01-04 01:30:00,0.0012000000000000001,2.0625,0.816768,2018-01-02,3.98,Oran
2018-01-04 02:00:00,0.0012000000000000001,2.0833333333333335,0.816768,2018-01-02,3.98,Oran
2018-01-04 02:30:00,0.0011,2.1041666666666665,0.748704,2018-01-02,3.98,Oran
2018-01-04 03:00:00,0.0011,2.125,0.748704,2018-01-02,3.98,Oran
2018-01-04 03:30:00,0.0,2.1458333333333335,0.0,2018-01-02,3.98,Oran
2018-01-04 04:00:00,0.0009000000000000001,2.1666666666666665,0.612576,2018-01-02,3.98,Oran
2018-01-04 04:30:00,0.0009000000000000001,2.1875,0.612576,2018-01-02,3.98,Oran
2018-01-04 05:00:00,0.001,2.2083333333333335,0.68064,2018-01-02,3.98,Oran
2018-01-04 05:30:00,0.0009000000000000001,2.2291666666666665,0.612576,2018-01-02,3.98,Oran
2018-01-04 06:00:00,0.0008,2.25,0.544512,2018-01-02,3.98,Oran
2018-01-04 06:30:00,0.0008,2.2708333333333335,0.544512,2018-01-02,3.98,Oran
2018-01-04 07:00:00,0.0008,2.2916666666666665,0.544512,2018-01-02,3.98,Oran
2018-01-04 07:30:00,0.0008,2.3125,0.544512,2018-01-02,3.98,Oran
2018-01-04 08:00:00,0.0029000000000000002,2.3333333333333335,1.973856,2018-01-02,3.98,Oran
2018-01-04 08:30:00,0.006500000000000001,2.3541666666666665,4.4241600000000005,2018-01-02,3.98,Oran
2018-01-04 09:00:00,0.0105,2.375,7.14672,2018-01-02,3.98,Oran
2018-01-04 09:30:00,0.028300000000000002,2.3958333333333335,19.262112000000002,2018-01-02,3.98,Oran
2018-01-04 10:00:00,0.057100000000000005,2.4166666666666665,38.864544,2018-01-02,3.98,Oran
2018-01-04 10:30:00,0.0682,2.4375,46.419647999999995,2018-01-02,3.98,Oran
2018-01-04 11:00:00,0.0771,2.4583333333333335,52.477344,2018-01-02,3.98,Oran
2018-01-04 11:30:00,0.0857,2.4791666666666665,58.330847999999996,2018-01-02,3.98,Oran
2018-01-04 12:00:00,0.09050000000000001,2.5,61.59792000000001,2018-01-02,3.98,Oran
2018-01-04 12:30:00,0.0974,2.5208333333333335,66.294336,2018-01-02,3.98,Oran
2018-01-04 13:00:00,0.0753,2.5416666666666665,51.252192,2018-01-02,3.98,Oran
2018-01-04 13:30:00,0.0546,2.5625,37.162944,2018-01-02,3.98,Oran
2018-01-04 14:00:00,0.0427,2.5833333333333335,29.063328000000002,2018-01-02,3.98,Oran
2018-01-04 14:30:00,0.0323,2.6041666666666665,21.984672,2018-01-02,3.98,Oran
2018-01-04 15:00:00,0.027100000000000003,2.625,18.445344000000002,2018-01-02,3.98,Oran
2018-01-04 15:30:00,0.0187,2.6458333333333335,12.727968,2018-01-02,3.98,Oran
2018-01-04 16:00:00,0.0095,2.6666666666666665,6.46608,2018-01-02,3.98,Oran
2018-01-04 16:30:00,0.005,2.6875,3.4032,2018-01-02,3.98,Oran
2018-01-04 17:00:00,0.0043,2.7083333333333335,2.926752,2018-01-02,3.98,Oran
2018-01-04 17:30:00,0.0018000000000000002,2.7291666666666665,1.225152,2018-01-02,3.98,Oran
2018-01-04 18:00:00,0.0034000000000000002,2.75,2.3141760000000002,2018-01-02,3.98,Oran
2018-01-04 18:30:00,0.0034000000000000002,2.7708333333333335,2.3141760000000002,2018-01-02,3.98,Oran
2018-01-04 19:00:00,0.0034000000000000002,2.7916666666666665,2.3141760000000002,2018-01-02,3.98,Oran
2018-01-04 19:30:00,0.0033,2.8125,2.246112,2018-01-02,3.98,Oran
2018-01-04 20:00:00,0.0032,2.8333333333333335,2.178048,2018-01-02,3.98,Oran
2018-01-04 20:30:00,0.0031000000000000003,2.8541666666666665,2.1099840000000003,2018-01-02,3.98,Oran
2018-01-04 21:00:00,0.0029000000000000002,2.875,1.973856,2018-01-02,3.98,Oran
2018-01-04 21:30:00,0.0029000000000000002,2.8958333333333335,1.973856,2018-01-02,3.98,Oran
2018-01-04 22:00:00,0.0029000000000000002,2.9166666666666665,1.973856,2018-01-02,3.98,Oran
2018-01-04 22:30:00,0.0029000000000000002,2.9375,1.973856,2018-01-02,3.98,Oran
2018-01-04 23:00:00,0.0011,2.9583333333333335,0.748704,2018-01-02,3.98,Oran
2018-01-04 23:30:00,0.0011,2.9791666666666665,0.748704,2018-01-02,3.98,Oran
2018-01-05 00:00:00,0.0011,3.0,0.748704,2018-01-02,3.98,Oran
2018-01-05 00:30:00,0.0012000000000000001,3.0208333333333335,0.816768,2018-01-02,3.98,Oran
2018-01-05 01:00:00,0.0029000000000000002,3.0416666666666665,1.973856,2018-01-02,3.98,Oran
2018-01-05 01:30:00,0.0029000000000000002,3.0625,1.973856,2018-01-02,3.98,Oran
2018-01-05 02:00:00,0.0014,3.0833333333333335,0.952896,2018-01-02,3.98,Oran
2018-01-05 02:30:00,0.0014,3.1041666666666665,0.952896,2018-01-02,3.98,Oran
2018-01-05 03:00:00,0.0015,3.125,1.02096,2018-01-02,3.98,Oran
2018-01-05 03:30:00,0.0014,3.1458333333333335,0.952896,2018-01-02,3.98,Oran
2018-01-05 04:00:00,0.0013000000000000002,3.1666666666666665,0.8848320000000001,2018-01-02,3.98,Oran
2018-01-05 04:30:00,0.003,3.1875,2.04192,2018-01-02,3.98,Oran
2018-01-05 05:00:00,0.0012000000000000001,3.2083333333333335,0.816768,2018-01-02,3.98,Oran
2018-01-05 05:30:00,0.0012000000000000001,3.2291666666666665,0.816768,2018-01-02,3.98,Oran
2018-01-05 06:00:00,0.0011,3.25,0.748704,2018-01-02,3.98,Oran
2018-01-05 06:30:00,0.0011,3.2708333333333335,0.748704,2018-01-02,3.98,Oran
2018-01-05 07:00:00,0.0011,3.2916666666666665,0.748704,2018-01-02,3.98,Oran
2018-01-05 07:30:00,0.0032,3.3125,2.178048,2018-01-02,3.98,Oran
2018-01-05 08:00:00,0.008700000000000001,3.3333333333333335,5.921568000000001,2018-01-02,3.98,Oran
2018-01-05 08:30:00,0.0074,3.3541666666666665,5.036736,2018-01-02,3.98,Oran
2018-01-05 09:00:00,0.010400000000000001,3.375,7.0786560000000005,2018-01-02,3.98,Oran
2018-01-05 09:30:00,0.0196,3.3958333333333335,13.340544,2018-01-02,3.98,Oran
2018-01-05 10:00:00,0.0456,3.4166666666666665,31.037184,2018-01-02,3.98,Oran
2018-01-05 10:30:00,0.0806,3.4375,54.859584000000005,2018-01-02,3.98,Oran
2018-01-05 11:00:00,0.0877,3.4583333333333335,59.692128,2018-01-02,3.98,Oran
2018-01-05 11:30:00,0.09340000000000001,3.4791666666666665,63.57177600000001,2018-01-02,3.98,Oran
2018-01-05 12:00:00,0.1017,3.5,69.221088,2018-01-02,3.98,Oran
2018-01-05 12:30:00,0.10360000000000001,3.5208333333333335,70.51430400000001,2018-01-02,3.98,Oran
2018-01-05 13:00:00,0.0916,3.5416666666666665,62.346624,2018-01-02,3.98,Oran
2018-01-05 13:30:00,0.0848,3.5625,57.718272,2018-01-02,3.98,Oran
2018-01-05 14:00:00,0.07540000000000001,3.5833333333333335,51.32025600000001,2018-01-02,3.98,Oran
2018-01-05 14:30:00,0.0618,3.6041666666666665,42.063552,2018-01-02,3.98,Oran
2018-01-05 15:00:00,0.0466,3.625,31.717824,2018-01-02,3.98,Oran
2018-01-05 15:30:00,0.0304,3.6458333333333335,20.691456,2018-01-02,3.98,Oran
2018-01-05 16:00:00,0.015300000000000001,3.6666666666666665,10.413792,2018-01-02,3.98,Oran
2018-01-05 16:30:00,0.0018000000000000002,3.6875,1.225152,2018-01-02,3.98,Oran
2018-01-05 17:00:00,0.0014,3.7083333333333335,0.952896,2018-01-02,3.98,Oran
2018-01-05 17:30:00,0.0009000000000000001,3.7291666666666665,0.612576,2018-01-02,3.98,Oran
2018-01-05 18:00:00,0.0005,3.75,0.34032,2018-01-02,3.98,Oran
2018-01-05 18:30:00,0.0002,3.7708333333333335,0.136128,2018-01-02,3.98,Oran
2018-01-05 19:00:00,0.0,3.7916666666666665,0.0,2018-01-02,3.98,Oran
2018-01-05 19:30:00,0.0,3.8125,0.0,2018-01-02,3.98,Oran
2018-01-05 20:00:00,0.0,3.8333333333333335,0.0,2018-01-02,3.98,Oran
2018-01-05 20:30:00,0.0,3.8541666666666665,0.0,2018-01-02,3.98,Oran
2018-01-05 21:00:00,0.0,3.875,0.0,2018-01-02,3.98,Oran
2018-01-05 21:30:00,0.0,3.8958333333333335,0.0,2018-01-02,3.98,Oran
2018-01-05 22:00:00,0.0,3.9166666666666665,0.0,2018-01-02,3.98,Oran
2018-01-05 22:30:00,0.0,3.9375,0.0,2018-01-02,3.98,Oran
2018-01-05 23:00:00,0.0,3.9583333333333335,0.0,2018-01-02,3.98,Oran
2018-01-05 23:30:00,0.0,3.9791666666666665,0.0,2018-01-02,3.98,Oran
2018-01-06 00:00:00,0.0,4.0,0.0,2018-01-02,3.98,Oran
2018-01-06 00:30:00,0.0006000000000000001,4.020833333333333,0.408384,2018-01-02,3.98,Oran
2018-01-06 01:00:00,0.0007,4.041666666666667,0.476448,2018-01-02,3.98,Oran
2018-01-06 01:30:00,0.00030000000000000003,4.0625,0.204192,2018-01-02,3.98,Oran
2018-01-06 02:00:00,0.00030000000000000003,4.083333333333333,0.204192,2018-01-02,3.98,Oran
2018-01-06 02:30:00,0.0004,4.104166666666667,0.272256,2018-01-02,3.98,Oran
2018-01-06 03:00:00,0.0004,4.125,0.272256,2018-01-02,3.98,Oran
2018-01-06 03:30:00,0.001,4.145833333333333,0.68064,2018-01-02,3.98,Oran
2018-01-06 04:00:00,0.0011,4.166666666666667,0.748704,2018-01-02,3.98,Oran
2018-01-06 04:30:00,0.001,4.1875,0.68064,2018-01-02,3.98,Oran
2018-01-06 05:00:00,0.0008,4.208333333333333,0.544512,2018-01-02,3.98,Oran
2018-01-06 05:30:00,0.0001,4.229166666666667,0.068064,2018-01-02,3.98,Oran
2018-01-06 06:00:00,0.0005,4.25,0.34032,2018-01-02,3.98,Oran
2018-01-06 06:30:00,0.0006000000000000001,4.270833333333333,0.408384,2018-01-02,3.98,Oran
2018-01-06 07:00:00,0.0006000000000000001,4.291666666666667,0.408384,2018-01-02,3.98,Oran
2018-01-06 07:30:00,0.0006000000000000001,4.3125,0.408384,2018-01-02,3.98,Oran
2018-01-06 08:00:00,0.0007,4.333333333333333,0.476448,2018-01-02,3.98,Oran
2018-01-06 08:30:00,0.0036000000000000003,4.354166666666667,2.450304,2018-01-02,3.98,Oran
2018-01-06 09:00:00,0.0012000000000000001,4.375,0.816768,2018-01-02,3.98,Oran
2018-01-06 09:30:00,0.020300000000000002,4.395833333333333,13.816992,2018-01-02,3.98,Oran
2018-01-06 10:00:00,0.0264,4.416666666666667,17.968896,2018-01-02,3.98,Oran
2018-01-06 10:30:00,0.0264,4.4375,17.968896,2018-01-02,3.98,Oran
2018-01-06 11:00:00,0.0148,4.458333333333333,10.073472,2018-01-02,3.98,Oran
2018-01-06 11:30:00,0.031,4.479166666666667,21.09984,2018-01-02,3.98,Oran
2018-01-06 12:00:00,0.017,4.5,11.57088,2018-01-02,3.98,Oran
2018-01-06 12:30:00,0.0489,4.520833333333333,33.283296,2018-01-02,3.98,Oran
2018-01-06 13:00:00,0.028800000000000003,4.541666666666667,19.602432,2018-01-02,3.98,Oran
2018-01-06 13:30:00,0.0198,4.5625,13.476672,2018-01-02,3.98,Oran
2018-01-06 14:00:00,0.0016,4.583333333333333,1.089024,2018-01-02,3.98,Oran
2018-01-06 14:30:00,0.0018000000000000002,4.604166666666667,1.225152,2018-01-02,3.98,Oran
2018-01-06 15:00:00,0.0006000000000000001,4.625,0.408384,2018-01-02,3.98,Oran
2018-01-06 15:30:00,0.0006000000000000001,4.645833333333333,0.408384,2018-01-02,3.98,Oran
2018-01-06 16:00:00,0.0006000000000000001,4.666666666666667,0.408384,2018-01-02,3.98,Oran
2018-01-06 16:30:00,0.0005,4.6875,0.34032,2018-01-02,3.98,Oran
2018-01-06 17:00:00,0.0004,4.708333333333333,0.272256,2018-01-02,3.98,Oran
2018-01-06 17:30:00,0.0004,4.729166666666667,0.272256,2018-01-02,3.98,Oran
2018-01-06 18:00:00,0.0005,4.75,0.34032,2018-01-02,3.98,Oran
2018-01-06 18:30:00,0.0005,4.770833333333333,0.34032,2018-01-02,3.98,Oran
2018-01-06 19:00:00,0.0005,4.791666666666667,0.34032,2018-01-02,3.98,Oran
2018-01-06 19:30:00,0.0006000000000000001,4.8125,0.408384,2018-01-02,3.98,Oran
2018-01-06 20:00:00,0.0007,4.833333333333333,0.476448,2018-01-02,3.98,Oran
2018-01-06 20:30:00,0.0006000000000000001,4.854166666666667,0.408384,2018-01-02,3.98,Oran
2018-01-06 21:00:00,0.0001,4.875,0.068064,2018-01-02,3.98,Oran
2018-01-06 21:30:00,0.0008,4.895833333333333,0.544512,2018-01-02,3.98,Oran
2018-01-06 22:00:00,0.0008,4.916666666666667,0.544512,2018-01-02,3.98,Oran
2018-01-06 22:30:00,0.0007,4.9375,0.476448,2018-01-02,3.98,Oran
2018-01-06 23:00:00,0.0007,4.958333333333333,0.476448,2018-01-02,3.98,Oran
2018-01-06 23:30:00,0.0006000000000000001,4.979166666666667,0.408384,2018-01-02,3.98,Oran
2018-01-07 00:00:00,0.0014,5.0,0.952896,2018-01-02,3.98,Oran
2018-01-07 00:30:00,0.0013000000000000002,5.020833333333333,0.8848320000000001,2018-01-02,3.98,Oran
2018-01-07 01:00:00,0.0012000000000000001,5.041666666666667,0.816768,2018-01-02,3.98,Oran
2018-01-07 01:30:00,0.0008,5.0625,0.544512,2018-01-02,3.98,Oran
2018-01-07 02:00:00,0.0008,5.083333333333333,0.544512,2018-01-02,3.98,Oran
2018-01-07 02:30:00,0.0006000000000000001,5.104166666666667,0.408384,2018-01-02,3.98,Oran
2018-01-07 03:00:00,0.0006000000000000001,5.125,0.408384,2018-01-02,3.98,Oran
2018-01-07 03:30:00,0.0006000000000000001,5.145833333333333,0.408384,2018-01-02,3.98,Oran
2018-01-07 04:00:00,0.0006000000000000001,5.166666666666667,0.408384,2018-01-02,3.98,Oran
2018-01-07 04:30:00,0.0005,5.1875,0.34032,2018-01-02,3.98,Oran
2018-01-07 05:00:00,0.0006000000000000001,5.208333333333333,0.408384,2018-01-02,3.98,Oran
2018-01-07 05:30:00,0.0005,5.229166666666667,0.34032,2018-01-02,3.98,Oran
2018-01-07 06:00:00,0.0004,5.25,0.272256,2018-01-02,3.98,Oran
2018-01-07 06:30:00,0.0,5.270833333333333,0.0,2018-01-02,3.98,Oran
2018-01-07 07:00:00,0.0004,5.291666666666667,0.272256,2018-01-02,3.98,Oran
2018-01-07 07:30:00,0.0004,5.3125,0.272256,2018-01-02,3.98,Oran
2018-01-07 08:00:00,0.0044,5.333333333333333,2.994816,2018-01-02,3.98,Oran
2018-01-07 08:30:00,0.013800000000000002,5.354166666666667,9.392832,2018-01-02,3.98,Oran
2018-01-07 09:00:00,0.0308,5.375,20.963712,2018-01-02,3.98,Oran
2018-01-07 09:30:00,0.0511,5.395833333333333,34.780704,2018-01-02,3.98,Oran
2018-01-07 10:00:00,0.0658,5.416666666666667,44.786111999999996,2018-01-02,3.98,Oran
2018-01-07 10:30:00,0.081,5.4375,55.131840000000004,2018-01-02,3.98,Oran
2018-01-07 11:00:00,0.09480000000000001,5.458333333333333,64.52467200000001,2018-01-02,3.98,Oran
2018-01-07 11:30:00,0.0995,5.479166666666667,67.72368,2018-01-02,3.98,Oran
2018-01-07 12:00:00,0.12150000000000001,5.5,82.69776,2018-01-02,3.98,Oran
2018-01-07 12:30:00,0.1107,5.520833333333333,75.34684800000001,2018-01-02,3.98,Oran
2018-01-07 13:00:00,0.1061,5.541666666666667,72.215904,2018-01-02,3.98,Oran
2018-01-07 13:30:00,0.10980000000000001,5.5625,74.734272,2018-01-02,3.98,Oran
2018-01-07 14:00:00,0.0872,5.583333333333333,59.351808,2018-01-02,3.98,Oran
2018-01-07 14:30:00,0.0674,5.604166666666667,45.875136,2018-01-02,3.98,Oran
2018-01-07 15:00:00,0.0473,5.625,32.194272,2018-01-02,3.98,Oran
2018-01-07 15:30:00,0.0429,5.645833333333333,29.199456,2018-01-02,3.98,Oran
2018-01-07 16:00:00,0.0238,5.666666666666667,16.199232000000002,2018-01-02,3.98,Oran
2018-01-07 16:30:00,0.004200000000000001,5.6875,2.8586880000000003,2018-01-02,3.98,Oran
2018-01-07 17:00:00,0.0034000000000000002,5.708333333333333,2.3141760000000002,2018-01-02,3.98,Oran
2018-01-07 17:30:00,0.0029000000000000002,5.729166666666667,1.973856,2018-01-02,3.98,Oran
2018-01-07 18:00:00,0.0025,5.75,1.7016,2018-01-02,3.98,Oran
2018-01-07 18:30:00,0.0022,5.770833333333333,1.497408,2018-01-02,3.98,Oran
2018-01-07 19:00:00,0.0019,5.791666666666667,1.293216,2018-01-02,3.98,Oran
2018-01-07 19:30:00,0.0014,5.8125,0.952896,2018-01-02,3.98,Oran
2018-01-07 20:00:00,0.0008,5.833333333333333,0.544512,2018-01-02,3.98,Oran
2018-01-07 20:30:00,0.0004,5.854166666666667,0.272256,2018-01-02,3.98,Oran
2018-01-07 21:00:00,0.0,5.875,0.0,2018-01-02,3.98,Oran
2018-01-07 21:30:00,0.0,5.895833333333333,0.0,2018-01-02,3.98,Oran
2018-01-07 22:00:00,0.0,5.916666666666667,0.0,2018-01-02,3.98,Oran
2018-01-07 22:30:00,0.0,5.9375,0.0,2018-01-02,3.98,Oran
2018-01-07 23:00:00,0.00030000000000000003,5.958333333333333,0.204192,2018-01-02,3.98,Oran
2018-01-07 23:30:00,0.0002,5.979166666666667,0.136128,2018-01-02,3.98,Oran
2018-01-08 00:00:00,0.0,6.0,0.0,2018-01-02,3.98,Oran
2018-01-08 00:30:00,0.0001,6.020833333333333,0.068064,2018-01-02,3.98,Oran
2018-01-08 01:00:00,0.0,6.041666666666667,0.0,2018-01-02,3.98,Oran
2018-01-08 01:30:00,0.0,6.0625,0.0,2018-01-02,3.98,Oran
2018-01-08 02:00:00,0.0,6.083333333333333,0.0,2018-01-02,3.98,Oran
2018-01-08 02:30:00,0.0,6.104166666666667,0.0,2018-01-02,3.98,Oran
2018-01-08 03:00:00,0.0001,6.125,0.068064,2018-01-02,3.98,Oran
2018-01-08 03:30:00,0.0001,6.145833333333333,0.068064,2018-01-02,3.98,Oran
2018-01-08 04:00:00,0.0001,6.166666666666667,0.068064,2018-01-02,3.98,Oran
2018-01-08 04:30:00,0.0001,6.1875,0.068064,2018-01-02,3.98,Oran
2018-01-08 05:00:00,0.0002,6.208333333333333,0.136128,2018-01-02,3.98,Oran
2018-01-08 05:30:00,0.0002,6.229166666666667,0.136128,2018-01-02,3.98,Oran
2018-01-08 06:00:00,0.0002,6.25,0.136128,2018-01-02,3.98,Oran
2018-01-08 06:30:00,0.0002,6.270833333333333,0.136128,2018-01-02,3.98,Oran
2018-01-08 07:00:00,0.0002,6.291666666666667,0.136128,2018-01-02,3.98,Oran
2018-01-08 07:30:00,0.0,6.3125,0.0,2018-01-02,3.98,Oran
2018-01-08 08:00:00,0.0015,6.333333333333333,1.02096,2018-01-02,3.98,Oran
2018-01-08 08:30:00,0.0132,6.354166666666667,8.984448,2018-01-02,3.98,Oran
2018-01-08 09:00:00,0.028200000000000003,6.375,19.194048000000002,2018-01-02,3.98,Oran
2018-01-08 09:30:00,0.046,6.395833333333333,31.30944,2018-01-02,3.98,Oran
2018-01-08 10:00:00,0.0649,6.416666666666667,44.173536,2018-01-02,3.98,Oran
2018-01-08 10:30:00,0.0843,6.4375,57.377952,2018-01-02,3.98,Oran
2018-01-08 11:00:00,0.1015,6.458333333333333,69.08496000000001,2018-01-02,3.98,Oran
2018-01-08 11:30:00,0.1134,6.479166666666667,77.18457599999999,2018-01-02,3.98,Oran
2018-01-08 12:00:00,0.11720000000000001,6.5,79.77100800000001,2018-01-02,3.98,Oran
2018-01-08 12:30:00,0.12000000000000001,6.520833333333333,81.6768,2018-01-02,3.98,Oran
2018-01-08 13:00:00,0.11710000000000001,6.541666666666667,79.702944,2018-01-02,3.98,Oran
2018-01-08 13:30:00,0.1073,6.5625,73.032672,2018-01-02,3.98,Oran
2018-01-08 14:00:00,0.0937,6.583333333333333,63.775968000000006,2018-01-02,3.98,Oran
2018-01-08 14:30:00,0.07680000000000001,6.604166666666667,52.273152,2018-01-02,3.98,Oran
2018-01-08 15:00:00,0.058300000000000005,6.625,39.681312000000005,2018-01-02,3.98,Oran
2018-01-08 15:30:00,0.0388,6.645833333333333,26.408832,2018-01-02,3.98,Oran
2018-01-08 16:00:00,0.0211,6.666666666666667,14.361504,2018-01-02,3.98,Oran
2018-01-08 16:30:00,0.0038,6.6875,2.586432,2018-01-02,3.98,Oran
2018-01-08 17:00:00,0.0028,6.708333333333333,1.905792,2018-01-02,3.98,Oran
2018-01-08 17:30:00,0.0024000000000000002,6.729166666666667,1.633536,2018-01-02,3.98,Oran
2018-01-08 18:00:00,0.002,6.75,1.36128,2018-01-02,3.98,Oran
2018-01-08 18:30:00,0.0018000000000000002,6.770833333333333,1.225152,2018-01-02,3.98,Oran
2018-01-08 19:00:00,0.0016,6.791666666666667,1.089024,2018-01-02,3.98,Oran
2018-01-08 19:30:00,0.0015,6.8125,1.02096,2018-01-02,3.98,Oran
2018-01-08 20:00:00,0.0015,6.833333333333333,1.02096,2018-01-02,3.98,Oran
2018-01-08 20:30:00,0.0007,6.854166666666667,0.476448,2018-01-02,3.98,Oran
2018-01-08 21:00:00,0.0,6.875,0.0,2018-01-02,3.98,Oran
2018-01-08 21:30:00,0.0,6.895833333333333,0.0,2018-01-02,3.98,Oran
2018-01-08 22:00:00,0.0,6.916666666666667,0.0,2018-01-02,3.98,Oran
2018-01-08 22:30:00,0.0,6.9375,0.0,2018-01-02,3.98,Oran
2018-01-08 23:00:00,0.0,6.958333333333333,0.0,2018-01-02,3.98,Oran
2018-01-08 23:30:00,0.0,6.979166666666667,0.0,2018-01-02,3.98,Oran
2018-01-09 00:00:00,0.0,7.0,0.0,2018-01-02,3.98,Oran
2018-01-09 00:30:00,0.0,7.020833333333333,0.0,2018-01-02,3.98,Oran
2018-01-09 01:00:00,0.0,7.041666666666667,0.0,2018-01-02,3.98,Oran
2018-01-09 01:30:00,0.0,7.0625,0.0,2018-01-02,3.98,Oran
2018-01-09 02:00:00,0.0,7.083333333333333,0.0,2018-01-02,3.98,Oran
2018-01-09 02:30:00,0.0,7.104166666666667,0.0,2018-01-02,3.98,Oran
2018-01-09 03:00:00,0.0,7.125,0.0,2018-01-02,3.98,Oran
2018-01-09 03:30:00,0.0,7.145833333333333,0.0,2018-01-02,3.98,Oran
2018-01-09 04:00:00,0.0,7.166666666666667,0.0,2018-01-02,3.98,Oran
2018-01-09 04:30:00,0.0,7.1875,0.0,2018-01-02,3.98,Oran
2018-01-09 05:00:00,0.0,7.208333333333333,0.0,2018-01-02,3.98,Oran
2018-01-09 05:30:00,0.0,7.229166666666667,0.0,2018-01-02,3.98,Oran
2018-01-09 06:00:00,0.0,7.25,0.0,2018-01-02,3.98,Oran
2018-01-09 06:30:00,0.0,7.270833333333333,0.0,2018-01-02,3.98,Oran
2018-01-09 07:00:00,0.0,7.291666666666667,0.0,2018-01-02,3.98,Oran
2018-01-09 07:30:00,0.0,7.3125,0.0,2018-01-02,3.98,Oran
2018-01-09 08:00:00,0.0,7.333333333333333,0.0,2018-01-02,3.98,Oran
2018-01-09 08:30:00,0.012700000000000001,7.354166666666667,8.644128,2018-01-02,3.98,Oran
2018-01-09 09:00:00,0.0273,7.375,18.581472,2018-01-02,3.98,Oran
2018-01-09 09:30:00,0.0386,7.395833333333333,26.272704,2018-01-02,3.98,Oran
2018-01-09 10:00:00,0.057300000000000004,7.416666666666667,39.000672,2018-01-02,3.98,Oran
2018-01-09 10:30:00,0.060500000000000005,7.4375,41.178720000000006,2018-01-02,3.98,Oran
2018-01-09 11:00:00,0.0854,7.458333333333333,58.126656000000004,2018-01-02,3.98,Oran
2018-01-09 11:30:00,0.0557,7.479166666666667,37.911648,2018-01-02,3.98,Oran
2018-01-09 12:00:00,0.07100000000000001,7.5,48.32544000000001,2018-01-02,3.98,Oran
2018-01-09 12:30:00,0.0896,7.520833333333333,60.985344,2018-01-02,3.98,Oran
2018-01-09 13:00:00,0.0601,7.541666666666667,40.906464,2018-01-02,3.98,Oran
2018-01-09 13:30:00,0.049300000000000004,7.5625,33.555552,2018-01-02,3.98,Oran
2018-01-09 14:00:00,0.0539,7.583333333333333,36.686496,2018-01-02,3.98,Oran
2018-01-09 14:30:00,0.0519,7.604166666666667,35.325216,2018-01-02,3.98,Oran
2018-01-09 15:00:00,0.040600000000000004,7.625,27.633984,2018-01-02,3.98,Oran
2018-01-09 15:30:00,0.0358,7.645833333333333,24.366912,2018-01-02,3.98,Oran
2018-01-09 16:00:00,0.021,7.666666666666667,14.29344,2018-01-02,3.98,Oran
2018-01-09 16:30:00,0.006200000000000001,7.6875,4.219968000000001,2018-01-02,3.98,Oran
2018-01-09 17:00:00,0.0054,7.708333333333333,3.675456,2018-01-02,3.98,Oran
2018-01-09 17:30:00,0.0049,7.729166666666667,3.335136,2018-01-02,3.98,Oran
2018-01-09 18:00:00,0.0044,7.75,2.994816,2018-01-02,3.98,Oran
2018-01-09 18:30:00,0.004,7.770833333333333,2.72256,2018-01-02,3.98,Oran
2018-01-09 19:00:00,0.0039000000000000003,7.791666666666667,2.654496,2018-01-02,3.98,Oran
2018-01-09 19:30:00,0.004,7.8125,2.72256,2018-01-02,3.98,Oran
2018-01-09 20:00:00,0.004,7.833333333333333,2.72256,2018-01-02,3.98,Oran
2018-01-09 20:30:00,0.0038,7.854166666666667,2.586432,2018-01-02,3.98,Oran
2018-01-09 21:00:00,0.0035,7.875,2.38224,2018-01-02,3.98,Oran
2018-01-09 21:30:00,0.0031000000000000003,7.895833333333333,2.1099840000000003,2018-01-02,3.98,Oran
2018-01-09 22:00:00,0.0026000000000000003,7.916666666666667,1.7696640000000001,2018-01-02,3.98,Oran
2018-01-09 22:30:00,0.0026000000000000003,7.9375,1.7696640000000001,2018-01-02,3.98,Oran
2018-01-09 23:00:00,0.0027,7.958333333333333,1.837728,2018-01-02,3.98,Oran
2018-01-09 23:30:00,0.0023,7.979166666666667,1.565472,2018-01-02,3.98,Oran
2018-01-10 00:00:00,0.002,8.0,1.36128,2018-01-02,3.98,Oran
2018-01-10 00:30:00,0.0017000000000000001,8.020833333333334,1.1570880000000001,2018-01-02,3.98,Oran
2018-01-10 01:00:00,0.0015,8.041666666666666,1.02096,2018-01-02,3.98,Oran
2018-01-10 01:30:00,0.0012000000000000001,8.0625,0.816768,2018-01-02,3.98,Oran
2018-01-10 02:00:00,0.0008,8.083333333333334,0.544512,2018-01-02,3.98,Oran
2018-01-10 02:30:00,0.0007,8.104166666666666,0.476448,2018-01-02,3.98,Oran
2018-01-10 03:00:00,0.0005,8.125,0.34032,2018-01-02,3.98,Oran
2018-01-10 03:30:00,0.0004,8.145833333333334,0.272256,2018-01-02,3.98,Oran
2018-01-10 04:00:00,0.0004,8.166666666666666,0.272256,2018-01-02,3.98,Oran
2018-01-10 04:30:00,0.00030000000000000003,8.1875,0.204192,2018-01-02,3.98,Oran
2018-01-10 05:00:00,0.0001,8.208333333333334,0.068064,2018-01-02,3.98,Oran
2018-01-10 05:30:00,0.0001,8.229166666666666,0.068064,2018-01-02,3.98,Oran
2018-01-10 06:00:00,0.0,8.25,0.0,2018-01-02,3.98,Oran
2018-01-10 06:30:00,0.0,8.270833333333334,0.0,2018-01-02,3.98,Oran
2018-01-10 07:00:00,0.0,8.291666666666666,0.0,2018-01-02,3.98,Oran
2018-01-10 07:30:00,0.0,8.3125,0.0,2018-01-02,3.98,Oran
2018-01-10 08:00:00,0.0009000000000000001,8.333333333333334,0.612576,2018-01-02,3.98,Oran
2018-01-10 08:30:00,0.0058000000000000005,8.354166666666666,3.947712,2018-01-02,3.98,Oran
2018-01-10 09:00:00,0.0126,8.375,8.576064,2018-01-02,3.98,Oran
2018-01-10 09:30:00,0.015000000000000001,8.395833333333334,10.2096,2018-01-02,3.98,Oran
2018-01-10 10:00:00,0.0256,8.416666666666666,17.424384,2018-01-02,3.98,Oran
2018-01-10 10:30:00,0.0591,8.4375,40.225823999999996,2018-01-02,3.98,Oran
2018-01-10 11:00:00,0.0429,8.458333333333334,29.199456,2018-01-02,3.98,Oran
2018-01-10 11:30:00,0.0591,8.479166666666666,40.225823999999996,2018-01-02,3.98,Oran
2018-01-10 12:00:00,0.058100000000000006,8.5,39.545184000000006,2018-01-02,3.98,Oran
2018-01-10 12:30:00,0.0439,8.520833333333334,29.880096,2018-01-02,3.98,Oran
2018-01-10 13:00:00,0.0356,8.541666666666666,24.230784,2018-01-02,3.98,Oran
2018-01-10 13:30:00,0.0367,8.5625,24.979488000000003,2018-01-02,3.98,Oran
2018-01-10 14:00:00,0.0347,8.583333333333334,23.618208,2018-01-02,3.98,Oran
2018-01-10 14:30:00,0.0302,8.604166666666666,20.555328,2018-01-02,3.98,Oran
2018-01-10 15:00:00,0.041100000000000005,8.625,27.974304000000004,2018-01-02,3.98,Oran
2018-01-10 15:30:00,0.022000000000000002,8.645833333333334,14.97408,2018-01-02,3.98,Oran
2018-01-10 16:00:00,0.0102,8.666666666666666,6.942528,2018-01-02,3.98,Oran
2018-01-10 16:30:00,0.0098,8.6875,6.670272,2018-01-02,3.98,Oran
2018-01-10 17:00:00,0.007500000000000001,8.708333333333334,5.1048,2018-01-02,3.98,Oran
2018-01-10 17:30:00,0.0067,8.729166666666666,4.560288,2018-01-02,3.98,Oran
2018-01-10 18:00:00,0.0059,8.75,4.015776,2018-01-02,3.98,Oran
2018-01-10 18:30:00,0.0051,8.770833333333334,3.471264,2018-01-02,3.98,Oran
2018-01-10 19:00:00,0.006,8.791666666666666,4.08384,2018-01-02,3.98,Oran
2018-01-10 19:30:00,0.0038,8.8125,2.586432,2018-01-02,3.98,Oran
2018-01-10 20:00:00,0.0033,8.833333333333334,2.246112,2018-01-02,3.98,Oran
2018-01-10 20:30:00,0.0033,8.854166666666666,2.246112,2018-01-02,3.98,Oran
2018-01-10 21:00:00,0.0032,8.875,2.178048,2018-01-02,3.98,Oran
2018-01-10 21:30:00,0.005200000000000001,8.895833333333334,3.5393280000000003,2018-01-02,3.98,Oran
2018-01-10 22:00:00,0.005200000000000001,8.916666666666666,3.5393280000000003,2018-01-02,3.98,Oran
2018-01-10 22:30:00,0.0056,8.9375,3.811584,2018-01-02,3.98,Oran
2018-01-10 23:00:00,0.0059,8.958333333333334,4.015776,2018-01-02,3.98,Oran
2018-01-10 23:30:00,0.0039000000000000003,8.979166666666666,2.654496,2018-01-02,3.98,Oran
2018-01-11 00:00:00,0.005,9.0,3.4032,2018-01-02,3.98,Oran
2018-01-11 00:30:00,0.0032,9.020833333333334,2.178048,2018-01-02,3.98,Oran
2018-01-11 01:00:00,0.003,9.041666666666666,2.04192,2018-01-02,3.98,Oran
2018-01-11 01:30:00,0.003,9.0625,2.04192,2018-01-02,3.98,Oran
2018-01-11 02:00:00,0.0044,9.083333333333334,2.994816,2018-01-02,3.98,Oran
2018-01-11 02:30:00,0.003,9.104166666666666,2.04192,2018-01-02,3.98,Oran
2018-01-11 03:00:00,0.0029000000000000002,9.125,1.973856,2018-01-02,3.98,Oran
2018-01-11 03:30:00,0.0027,9.145833333333334,1.837728,2018-01-02,3.98,Oran
2018-01-11 04:00:00,0.0026000000000000003,9.166666666666666,1.7696640000000001,2018-01-02,3.98,Oran
2018-01-11 04:30:00,0.0026000000000000003,9.1875,1.7696640000000001,2018-01-02,3.98,Oran
2018-01-11 05:00:00,0.0026000000000000003,9.208333333333334,1.7696640000000001,2018-01-02,3.98,Oran
2018-01-11 05:30:00,0.0035,9.229166666666666,2.38224,2018-01-02,3.98,Oran
2018-01-11 06:00:00,0.0034000000000000002,9.25,2.3141760000000002,2018-01-02,3.98,Oran
2018-01-11 06:30:00,0.0033,9.270833333333334,2.246112,2018-01-02,3.98,Oran
2018-01-11 07:00:00,0.0032,9.291666666666666,2.178048,2018-01-02,3.98,Oran
2018-01-11 07:30:00,0.0034000000000000002,9.3125,2.3141760000000002,2018-01-02,3.98,Oran
2018-01-11 08:00:00,0.0098,9.333333333333334,6.670272,2018-01-02,3.98,Oran
2018-01-11 08:30:00,0.016300000000000002,9.354166666666666,11.094432000000001,2018-01-02,3.98,Oran
2018-01-11 09:00:00,0.0145,9.375,9.86928,2018-01-02,3.98,Oran
2018-01-11 09:30:00,0.033100000000000004,9.395833333333334,22.529184000000004,2018-01-02,3.98,Oran
2018-01-11 10:00:00,0.0415,9.416666666666666,28.246560000000002,2018-01-02,3.98,Oran
2018-01-11 10:30:00,0.06770000000000001,9.4375,46.079328000000004,2018-01-02,3.98,Oran
2018-01-11 11:00:00,0.052700000000000004,9.458333333333334,35.869728,2018-01-02,3.98,Oran
2018-01-11 11:30:00,0.0753,9.479166666666666,51.252192,2018-01-02,3.98,Oran
2018-01-11 12:00:00,0.082,9.5,55.81248,2018-01-02,3.98,Oran
2018-01-11 12:30:00,0.0671,9.520833333333334,45.670944000000006,2018-01-02,3.98,Oran
2018-01-11 13:00:00,0.07490000000000001,9.541666666666666,50.979936,2018-01-02,3.98,Oran
2018-01-11 13:30:00,0.06380000000000001,9.5625,43.424832,2018-01-02,3.98,Oran
2018-01-11 14:00:00,0.0431,9.583333333333334,29.335584,2018-01-02,3.98,Oran
2018-01-11 14:30:00,0.0506,9.604166666666666,34.440384,2018-01-02,3.98,Oran
2018-01-11 15:00:00,0.042800000000000005,9.625,29.131392,2018-01-02,3.98,Oran
2018-01-11 15:30:00,0.029400000000000003,9.645833333333334,20.010816000000002,2018-01-02,3.98,Oran
2018-01-11 16:00:00,0.0204,9.666666666666666,13.885056,2018-01-02,3.98,Oran
2018-01-11 16:30:00,0.0058000000000000005,9.6875,3.947712,2018-01-02,3.98,Oran
2018-01-11 17:00:00,0.0055000000000000005,9.708333333333334,3.74352,2018-01-02,3.98,Oran
2018-01-11 17:30:00,0.0051,9.729166666666666,3.471264,2018-01-02,3.98,Oran
2018-01-11 18:00:00,0.0047,9.75,3.199008,2018-01-02,3.98,Oran
2018-01-11 18:30:00,0.0048000000000000004,9.770833333333334,3.267072,2018-01-02,3.98,Oran
2018-01-11 19:00:00,0.0048000000000000004,9.791666666666666,3.267072,2018-01-02,3.98,Oran
2018-01-11 19:30:00,0.005,9.8125,3.4032,2018-01-02,3.98,Oran
2018-01-11 20:00:00,0.0051,9.833333333333334,3.471264,2018-01-02,3.98,Oran
2018-01-11 20:30:00,0.005,9.854166666666666,3.4032,2018-01-02,3.98,Oran
2018-01-11 21:00:00,0.0049,9.875,3.335136,2018-01-02,3.98,Oran
2018-01-11 21:30:00,0.0044,9.895833333333334,2.994816,2018-01-02,3.98,Oran
2018-01-11 22:00:00,0.0038,9.916666666666666,2.586432,2018-01-02,3.98,Oran
2018-01-11 22:30:00,0.0038,9.9375,2.586432,2018-01-02,3.98,Oran
2018-01-11 23:00:00,0.0038,9.958333333333334,2.586432,2018-01-02,3.98,Oran
2018-01-11 23:30:00,0.0038,9.979166666666666,2.586432,2018-01-02,3.98,Oran
2018-02-03 00:00:00,0.0078000000000000005,0.0,5.308992,2018-02-03,10.2,Oran
2018-02-03 00:30:00,0.0073,0.020833333333333332,4.968672,2018-02-03,10.2,Oran
2018-02-03 01:00:00,0.0068000000000000005,0.041666666666666664,4.6283520000000005,2018-02-03,10.2,Oran
2018-02-03 01:30:00,0.006500000000000001,0.0625,4.4241600000000005,2018-02-03,10.2,Oran
2018-02-03 02:00:00,0.006200000000000001,0.08333333333333333,4.219968000000001,2018-02-03,10.2,Oran
2018-02-03 02:30:00,0.006,0.10416666666666667,4.08384,2018-02-03,10.2,Oran
2018-02-03 03:00:00,0.0057,0.125,3.879648,2018-02-03,10.2,Oran
2018-02-03 03:30:00,0.0054,0.14583333333333334,3.675456,2018-02-03,10.2,Oran
2018-02-03 04:00:00,0.005200000000000001,0.16666666666666666,3.5393280000000003,2018-02-03,10.2,Oran
2018-02-03 04:30:00,0.005,0.1875,3.4032,2018-02-03,10.2,Oran
2018-02-03 05:00:00,0.0047,0.20833333333333334,3.199008,2018-02-03,10.2,Oran
2018-02-03 05:30:00,0.0046,0.22916666666666666,3.130944,2018-02-03,10.2,Oran
2018-02-03 06:00:00,0.0045000000000000005,0.25,3.0628800000000003,2018-02-03,10.2,Oran
2018-02-03 06:30:00,0.004200000000000001,0.2708333333333333,2.8586880000000003,2018-02-03,10.2,Oran
2018-02-03 07:00:00,0.0038,0.2916666666666667,2.586432,2018-02-03,10.2,Oran
2018-02-03 07:30:00,0.0044,0.3125,2.994816,2018-02-03,10.2,Oran
2018-02-03 08:00:00,0.017400000000000002,0.3333333333333333,11.843136000000001,2018-02-03,10.2,Oran
2018-02-03 08:30:00,0.031100000000000003,0.3541666666666667,21.167904,2018-02-03,10.2,Oran
2018-02-03 09:00:00,0.047,0.375,31.99008,2018-02-03,10.2,Oran
2018-02-03 09:30:00,0.0656,0.3958333333333333,44.649984,2018-02-03,10.2,Oran
2018-02-03 10:00:00,0.0845,0.4166666666666667,57.51408,2018-02-03,10.2,Oran
2018-02-03 10:30:00,0.10020000000000001,0.4375,68.200128,2018-02-03,10.2,Oran
2018-02-03 11:00:00,0.114,0.4583333333333333,77.59296,2018-02-03,10.2,Oran
2018-02-03 11:30:00,0.1252,0.4791666666666667,85.216128,2018-02-03,10.2,Oran
2018-02-03 12:00:00,0.134,0.5,91.20576,2018-02-03,10.2,Oran
2018-02-03 12:30:00,0.1386,0.5208333333333334,94.336704,2018-02-03,10.2,Oran
2018-02-03 13:00:00,0.1396,0.5416666666666666,95.017344,2018-02-03,10.2,Oran
2018-02-03 13:30:00,0.13620000000000002,0.5625,92.703168,2018-02-03,10.2,Oran
2018-02-03 14:00:00,0.12940000000000002,0.5833333333333334,88.07481600000001,2018-02-03,10.2,Oran
2018-02-03 14:30:00,0.11660000000000001,0.6041666666666666,79.36262400000001,2018-02-03,10.2,Oran
2018-02-03 15:00:00,0.10160000000000001,0.625,69.153024,2018-02-03,10.2,Oran
2018-02-03 15:30:00,0.0845,0.6458333333333334,57.51408,2018-02-03,10.2,Oran
2018-02-03 16:00:00,0.066,0.6666666666666666,44.92224,2018-02-03,10.2,Oran
2018-02-03 16:30:00,0.044000000000000004,0.6875,29.94816,2018-02-03,10.2,Oran
2018-02-03 17:00:00,0.0166,0.7083333333333334,11.298624,2018-02-03,10.2,Oran
2018-02-03 17:30:00,0.0137,0.7291666666666666,9.324768,2018-02-03,10.2,Oran
2018-02-03 18:00:00,0.0118,0.75,8.031552,2018-02-03,10.2,Oran
2018-02-03 18:30:00,0.0117,0.7708333333333334,7.963488,2018-02-03,10.2,Oran
2018-02-03 19:00:00,0.0152,0.7916666666666666,10.345728,2018-02-03,10.2,Oran
2018-02-03 19:30:00,0.0149,0.8125,10.141536,2018-02-03,10.2,Oran
2018-02-03 20:00:00,0.0146,0.8333333333333334,9.937344,2018-02-03,10.2,Oran
2018-02-03 20:30:00,0.0143,0.8541666666666666,9.733152,2018-02-03,10.2,Oran
2018-02-03 21:00:00,0.014,0.875,9.52896,2018-02-03,10.2,Oran
2018-02-03 21:30:00,0.013300000000000001,0.8958333333333334,9.052512,2018-02-03,10.2,Oran
2018-02-03 22:00:00,0.0125,0.9166666666666666,8.508000000000001,2018-02-03,10.2,Oran
2018-02-03 22:30:00,0.0122,0.9375,8.303808,2018-02-03,10.2,Oran
2018-02-03 23:00:00,0.0117,0.9583333333333334,7.963488,2018-02-03,10.2,Oran
2018-02-03 23:30:00,0.011600000000000001,0.9791666666666666,7.895424,2018-02-03,10.2,Oran
2018-02-04 00:00:00,0.012,1.0,8.16768,2018-02-03,10.2,Oran
2018-02-04 00:30:00,0.011600000000000001,1.0208333333333333,7.895424,2018-02-03,10.2,Oran
2018-02-04 01:00:00,0.0111,1.0416666666666667,7.555104,2018-02-03,10.2,Oran
2018-02-04 01:30:00,0.0102,1.0625,6.942528,2018-02-03,10.2,Oran
2018-02-04 02:00:00,0.0092,1.0833333333333333,6.261888,2018-02-03,10.2,Oran
2018-02-04 02:30:00,0.0081,1.1041666666666667,5.513184,2018-02-03,10.2,Oran
2018-02-04 03:00:00,0.0068000000000000005,1.125,4.6283520000000005,2018-02-03,10.2,Oran
2018-02-04 03:30:00,0.0056,1.1458333333333333,3.811584,2018-02-03,10.2,Oran
2018-02-04 04:00:00,0.0049,1.1666666666666667,3.335136,2018-02-03,10.2,Oran
2018-02-04 04:30:00,0.0039000000000000003,1.1875,2.654496,2018-02-03,10.2,Oran
2018-02-04 05:00:00,0.0021000000000000003,1.2083333333333333,1.4293440000000002,2018-02-03,10.2,Oran
2018-02-04 05:30:00,0.0028,1.2291666666666667,1.905792,2018-02-03,10.2,Oran
2018-02-04 06:00:00,0.0022,1.25,1.497408,2018-02-03,10.2,Oran
2018-02-04 06:30:00,0.0016,1.2708333333333333,1.089024,2018-02-03,10.2,Oran
2018-02-04 07:00:00,0.001,1.2916666666666667,0.68064,2018-02-03,10.2,Oran
2018-02-04 07:30:00,0.0008,1.3125,0.544512,2018-02-03,10.2,Oran
2018-02-04 08:00:00,0.0012000000000000001,1.3333333333333333,0.816768,2018-02-03,10.2,Oran
2018-02-04 08:30:00,0.0021000000000000003,1.3541666666666667,1.4293440000000002,2018-02-03,10.2,Oran
2018-02-04 09:00:00,0.007,1.375,4.76448,2018-02-03,10.2,Oran
2018-02-04 09:30:00,0.0356,1.3958333333333333,24.230784,2018-02-03,10.2,Oran
2018-02-04 10:00:00,0.0424,1.4166666666666667,28.859136,2018-02-03,10.2,Oran
2018-02-04 10:30:00,0.0601,1.4375,40.906464,2018-02-03,10.2,Oran
2018-02-04 11:00:00,0.09050000000000001,1.4583333333333333,61.59792000000001,2018-02-03,10.2,Oran
2018-02-04 11:30:00,0.0844,1.4791666666666667,57.446016,2018-02-03,10.2,Oran
2018-02-04 12:00:00,0.060500000000000005,1.5,41.178720000000006,2018-02-03,10.2,Oran
2018-02-04 12:30:00,0.0634,1.5208333333333333,43.152575999999996,2018-02-03,10.2,Oran
2018-02-04 13:00:00,0.0806,1.5416666666666667,54.859584000000005,2018-02-03,10.2,Oran
2018-02-04 13:30:00,0.08,1.5625,54.4512,2018-02-03,10.2,Oran
2018-02-04 14:00:00,0.0805,1.5833333333333333,54.79152,2018-02-03,10.2,Oran
2018-02-04 14:30:00,0.07,1.6041666666666667,47.644800000000004,2018-02-03,10.2,Oran
2018-02-04 15:00:00,0.0178,1.625,12.115392,2018-02-03,10.2,Oran
2018-02-04 15:30:00,0.0126,1.6458333333333333,8.576064,2018-02-03,10.2,Oran
2018-02-04 16:00:00,0.0099,1.6666666666666667,6.738336,2018-02-03,10.2,Oran
2018-02-04 16:30:00,0.0129,1.6875,8.780256,2018-02-03,10.2,Oran
2018-02-04 17:00:00,0.0043,1.7083333333333333,2.926752,2018-02-03,10.2,Oran
2018-02-04 17:30:00,0.0033,1.7291666666666667,2.246112,2018-02-03,10.2,Oran
2018-02-04 18:00:00,0.001,1.75,0.68064,2018-02-03,10.2,Oran
2018-02-04 18:30:00,0.0004,1.7708333333333333,0.272256,2018-02-03,10.2,Oran
2018-02-04 19:00:00,0.0,1.7916666666666667,0.0,2018-02-03,10.2,Oran
2018-02-04 19:30:00,0.0,1.8125,0.0,2018-02-03,10.2,Oran
2018-02-04 20:00:00,0.0002,1.8333333333333333,0.136128,2018-02-03,10.2,Oran
2018-02-04 20:30:00,0.0,1.8541666666666667,0.0,2018-02-03,10.2,Oran
2018-02-04 21:00:00,0.0,1.875,0.0,2018-02-03,10.2,Oran
2018-02-04 21:30:00,0.0001,1.8958333333333333,0.068064,2018-02-03,10.2,Oran
2018-02-04 22:00:00,0.0007,1.9166666666666667,0.476448,2018-02-03,10.2,Oran
2018-02-04 22:30:00,0.00030000000000000003,1.9375,0.204192,2018-02-03,10.2,Oran
2018-02-04 23:00:00,0.0,1.9583333333333333,0.0,2018-02-03,10.2,Oran
2018-02-04 23:30:00,0.0,1.9791666666666667,0.0,2018-02-03,10.2,Oran
2018-02-05 00:00:00,0.0,2.0,0.0,2018-02-03,10.2,Oran
2018-02-05 00:30:00,0.0,2.0208333333333335,0.0,2018-02-03,10.2,Oran
2018-02-05 01:00:00,0.0,2.0416666666666665,0.0,2018-02-03,10.2,Oran
2018-02-05 01:30:00,0.0,2.0625,0.0,2018-02-03,10.2,Oran
2018-02-05 02:00:00,0.0,2.0833333333333335,0.0,2018-02-03,10.2,Oran
2018-02-05 02:30:00,0.0,2.1041666666666665,0.0,2018-02-03,10.2,Oran
2018-02-05 03:00:00,0.0,2.125,0.0,2018-02-03,10.2,Oran
2018-02-05 03:30:00,0.0,2.1458333333333335,0.0,2018-02-03,10.2,Oran
2018-02-05 04:00:00,0.0,2.1666666666666665,0.0,2018-02-03,10.2,Oran
2018-02-05 04:30:00,0.0,2.1875,0.0,2018-02-03,10.2,Oran
2018-02-05 05:00:00,0.0,2.2083333333333335,0.0,2018-02-03,10.2,Oran
2018-02-05 05:30:00,0.0,2.2291666666666665,0.0,2018-02-03,10.2,Oran
2018-02-05 06:00:00,0.0,2.25,0.0,2018-02-03,10.2,Oran
2018-02-05 06:30:00,0.0,2.2708333333333335,0.0,2018-02-03,10.2,Oran
2018-02-05 07:00:00,0.0,2.2916666666666665,0.0,2018-02-03,10.2,Oran
2018-02-05 07:30:00,0.0,2.3125,0.0,2018-02-03,10.2,Oran
2018-02-05 08:00:00,0.0,2.3333333333333335,0.0,2018-02-03,10.2,Oran
2018-02-05 08:30:00,,2.3541666666666665,,2018-02-03,10.2,Oran
2018-02-05 09:00:00,,2.375,,2018-02-03,10.2,Oran
2018-02-05 09:30:00,,2.3958333333333335,,2018-02-03,10.2,Oran
2018-02-05 10:00:00,,2.4166666666666665,,2018-02-03,10.2,Oran
2018-02-05 10:30:00,,2.4375,,2018-02-03,10.2,Oran
2018-02-05 11:00:00,0.0291,2.4583333333333335,19.806624,2018-02-03,10.2,Oran
2018-02-05 11:30:00,0.038,2.4791666666666665,25.86432,2018-02-03,10.2,Oran
2018-02-05 12:00:00,0.040100000000000004,2.5,27.293664000000003,2018-02-03,10.2,Oran
2018-02-05 12:30:00,0.0427,2.5208333333333335,29.063328000000002,2018-02-03,10.2,Oran
2018-02-05 13:00:00,0.035500000000000004,2.5416666666666665,24.162720000000004,2018-02-03,10.2,Oran
2018-02-05 13:30:00,0.025900000000000003,2.5625,17.628576000000002,2018-02-03,10.2,Oran
2018-02-05 14:00:00,0.024900000000000002,2.5833333333333335,16.947936000000002,2018-02-03,10.2,Oran
2018-02-05 14:30:00,0.0187,2.6041666666666665,12.727968,2018-02-03,10.2,Oran
2018-02-05 15:00:00,0.0131,2.625,8.916384,2018-02-03,10.2,Oran
2018-02-05 15:30:00,0.011300000000000001,2.6458333333333335,7.691232,2018-02-03,10.2,Oran
2018-02-05 16:00:00,0.0083,2.6666666666666665,5.649312,2018-02-03,10.2,Oran
2018-02-05 16:30:00,0.007,2.6875,4.76448,2018-02-03,10.2,Oran
2018-02-05 17:00:00,0.003,2.7083333333333335,2.04192,2018-02-03,10.2,Oran
2018-02-05 17:30:00,0.0019,2.7291666666666665,1.293216,2018-02-03,10.2,Oran
2018-02-05 18:00:00,0.002,2.75,1.36128,2018-02-03,10.2,Oran
2018-02-05 18:30:00,0.0015,2.7708333333333335,1.02096,2018-02-03,10.2,Oran
2018-02-05 19:00:00,0.001,2.7916666666666665,0.68064,2018-02-03,10.2,Oran
2018-02-05 19:30:00,0.0009000000000000001,2.8125,0.612576,2018-02-03,10.2,Oran
2018-02-05 20:00:00,0.0008,2.8333333333333335,0.544512,2018-02-03,10.2,Oran
2018-02-05 20:30:00,0.0005,2.8541666666666665,0.34032,2018-02-03,10.2,Oran
2018-02-05 21:00:00,0.00030000000000000003,2.875,0.204192,2018-02-03,10.2,Oran
2018-02-05 21:30:00,0.0,2.8958333333333335,0.0,2018-02-03,10.2,Oran
2018-02-05 22:00:00,0.0,2.9166666666666665,0.0,2018-02-03,10.2,Oran
2018-02-05 22:30:00,0.0,2.9375,0.0,2018-02-03,10.2,Oran
2018-02-05 23:00:00,0.0,2.9583333333333335,0.0,2018-02-03,10.2,Oran
2018-02-05 23:30:00,0.0,2.9791666666666665,0.0,2018-02-03,10.2,Oran
2018-02-06 00:00:00,0.0007,3.0,0.476448,2018-02-03,10.2,Oran
2018-02-06 00:30:00,0.0004,3.0208333333333335,0.272256,2018-02-03,10.2,Oran
2018-02-06 01:00:00,0.0,3.0416666666666665,0.0,2018-02-03,10.2,Oran
2018-02-06 01:30:00,0.0,3.0625,0.0,2018-02-03,10.2,Oran
2018-02-06 02:00:00,0.0,3.0833333333333335,0.0,2018-02-03,10.2,Oran
2018-02-06 02:30:00,0.0,3.1041666666666665,0.0,2018-02-03,10.2,Oran
2018-02-06 03:00:00,0.0,3.125,0.0,2018-02-03,10.2,Oran
2018-02-06 03:30:00,0.0,3.1458333333333335,0.0,2018-02-03,10.2,Oran
2018-02-06 04:00:00,0.0,3.1666666666666665,0.0,2018-02-03,10.2,Oran
2018-02-06 04:30:00,0.0,3.1875,0.0,2018-02-03,10.2,Oran
2018-02-06 05:00:00,0.0,3.2083333333333335,0.0,2018-02-03,10.2,Oran
2018-02-06 05:30:00,0.0,3.2291666666666665,0.0,2018-02-03,10.2,Oran
2018-02-06 06:00:00,0.0,3.25,0.0,2018-02-03,10.2,Oran
2018-02-06 06:30:00,0.0,3.2708333333333335,0.0,2018-02-03,10.2,Oran
2018-02-06 07:00:00,0.0,3.2916666666666665,0.0,2018-02-03,10.2,Oran
2018-02-06 07:30:00,0.0,3.3125,0.0,2018-02-03,10.2,Oran
2018-02-06 08:00:00,0.0035,3.3333333333333335,2.38224,2018-02-03,10.2,Oran
2018-02-06 08:30:00,0.0054,3.3541666666666665,3.675456,2018-02-03,10.2,Oran
2018-02-06 09:00:00,0.013300000000000001,3.375,9.052512,2018-02-03,10.2,Oran
2018-02-06 09:30:00,0.0037,3.3958333333333335,2.518368,2018-02-03,10.2,Oran
2018-02-06 10:00:00,0.0229,3.4166666666666665,15.586656,2018-02-03,10.2,Oran
2018-02-06 10:30:00,0.0251,3.4375,17.084064,2018-02-03,10.2,Oran
2018-02-06 11:00:00,0.036500000000000005,3.4583333333333335,24.843360000000004,2018-02-03,10.2,Oran
2018-02-06 11:30:00,0.0373,3.4791666666666665,25.387871999999998,2018-02-03,10.2,Oran
2018-02-06 12:00:00,0.035,3.5,23.822400000000002,2018-02-03,10.2,Oran
2018-02-06 12:30:00,0.0258,3.5208333333333335,17.560512,2018-02-03,10.2,Oran
2018-02-06 13:00:00,0.0269,3.5416666666666665,18.309216,2018-02-03,10.2,Oran
2018-02-06 13:30:00,0.0458,3.5625,31.173312,2018-02-03,10.2,Oran
2018-02-06 14:00:00,0.027,3.5833333333333335,18.37728,2018-02-03,10.2,Oran
2018-02-06 14:30:00,0.029,3.6041666666666665,19.73856,2018-02-03,10.2,Oran
2018-02-06 15:00:00,0.0334,3.625,22.733376,2018-02-03,10.2,Oran
2018-02-06 15:30:00,0.0126,3.6458333333333335,8.576064,2018-02-03,10.2,Oran
2018-02-06 16:00:00,0.005200000000000001,3.6666666666666665,3.5393280000000003,2018-02-03,10.2,Oran
2018-02-06 16:30:00,0.0079,3.6875,5.3770560000000005,2018-02-03,10.2,Oran
2018-02-06 17:00:00,0.0038,3.7083333333333335,2.586432,2018-02-03,10.2,Oran
2018-02-06 17:30:00,0.0037,3.7291666666666665,2.518368,2018-02-03,10.2,Oran
2018-02-06 18:00:00,0.0037,3.75,2.518368,2018-02-03,10.2,Oran
2018-02-06 18:30:00,0.004,3.7708333333333335,2.72256,2018-02-03,10.2,Oran
2018-02-06 19:00:00,0.0043,3.7916666666666665,2.926752,2018-02-03,10.2,Oran
2018-02-06 19:30:00,0.005,3.8125,3.4032,2018-02-03,10.2,Oran
2018-02-06 20:00:00,0.0058000000000000005,3.8333333333333335,3.947712,2018-02-03,10.2,Oran
2018-02-06 20:30:00,0.0059,3.8541666666666665,4.015776,2018-02-03,10.2,Oran
2018-02-06 21:00:00,0.006,3.875,4.08384,2018-02-03,10.2,Oran
2018-02-06 21:30:00,0.0031000000000000003,3.8958333333333335,2.1099840000000003,2018-02-03,10.2,Oran
2018-02-06 22:00:00,0.0023,3.9166666666666665,1.565472,2018-02-03,10.2,Oran
2018-02-06 22:30:00,0.0011,3.9375,0.748704,2018-02-03,10.2,Oran
2018-02-06 23:00:00,0.0009000000000000001,3.9583333333333335,0.612576,2018-02-03,10.2,Oran
2018-02-06 23:30:00,0.0007,3.9791666666666665,0.476448,2018-02-03,10.2,Oran
2018-02-07 00:00:00,0.0006000000000000001,4.0,0.408384,2018-02-03,10.2,Oran
2018-02-07 00:30:00,0.0007,4.020833333333333,0.476448,2018-02-03,10.2,Oran
2018-02-07 01:00:00,0.0008,4.041666666666667,0.544512,2018-02-03,10.2,Oran
2018-02-07 01:30:00,0.0009000000000000001,4.0625,0.612576,2018-02-03,10.2,Oran
2018-02-07 02:00:00,0.0009000000000000001,4.083333333333333,0.612576,2018-02-03,10.2,Oran
2018-02-07 02:30:00,0.0006000000000000001,4.104166666666667,0.408384,2018-02-03,10.2,Oran
2018-02-07 03:00:00,0.0002,4.125,0.136128,2018-02-03,10.2,Oran
2018-02-07 03:30:00,0.0001,4.145833333333333,0.068064,2018-02-03,10.2,Oran
2018-02-07 04:00:00,0.0002,4.166666666666667,0.136128,2018-02-03,10.2,Oran
2018-02-07 04:30:00,0.0004,4.1875,0.272256,2018-02-03,10.2,Oran
2018-02-07 05:00:00,0.00030000000000000003,4.208333333333333,0.204192,2018-02-03,10.2,Oran
2018-02-07 05:30:00,0.0,4.229166666666667,0.0,2018-02-03,10.2,Oran
2018-02-07 06:00:00,0.0,4.25,0.0,2018-02-03,10.2,Oran
2018-02-07 06:30:00,0.0,4.270833333333333,0.0,2018-02-03,10.2,Oran
2018-02-07 07:00:00,0.0,4.291666666666667,0.0,2018-02-03,10.2,Oran
2018-02-07 07:30:00,0.0041,4.3125,2.790624,2018-02-03,10.2,Oran
2018-02-07 08:00:00,0.014700000000000001,4.333333333333333,10.005408000000001,2018-02-03,10.2,Oran
2018-02-07 08:30:00,0.0304,4.354166666666667,20.691456,2018-02-03,10.2,Oran
2018-02-07 09:00:00,0.0478,4.375,32.534592,2018-02-03,10.2,Oran
2018-02-07 09:30:00,0.0687,4.395833333333333,46.759968,2018-02-03,10.2,Oran
2018-02-07 10:00:00,0.0906,4.416666666666667,61.665984,2018-02-03,10.2,Oran
2018-02-07 10:30:00,0.1101,4.4375,74.938464,2018-02-03,10.2,Oran
2018-02-07 11:00:00,0.1274,4.458333333333333,86.713536,2018-02-03,10.2,Oran
2018-02-07 11:30:00,0.14100000000000001,4.479166666666667,95.97024,2018-02-03,10.2,Oran
2018-02-07 12:00:00,0.14780000000000001,4.5,100.59859200000001,2018-02-03,10.2,Oran
2018-02-07 12:30:00,0.1537,4.520833333333333,104.614368,2018-02-03,10.2,Oran
2018-02-07 13:00:00,0.15360000000000001,4.541666666666667,104.546304,2018-02-03,10.2,Oran
2018-02-07 13:30:00,0.1466,4.5625,99.781824,2018-02-03,10.2,Oran
2018-02-07 14:00:00,0.1348,4.583333333333333,91.750272,2018-02-03,10.2,Oran
2018-02-07 14:30:00,0.11860000000000001,4.604166666666667,80.723904,2018-02-03,10.2,Oran
2018-02-07 15:00:00,0.0978,4.625,66.566592,2018-02-03,10.2,Oran
2018-02-07 15:30:00,0.0745,4.645833333333333,50.707679999999996,2018-02-03,10.2,Oran
2018-02-07 16:00:00,0.0511,4.666666666666667,34.780704,2018-02-03,10.2,Oran
2018-02-07 16:30:00,0.0263,4.6875,17.900832,2018-02-03,10.2,Oran
2018-02-07 17:00:00,0.0044,4.708333333333333,2.994816,2018-02-03,10.2,Oran
2018-02-07 17:30:00,0.0039000000000000003,4.729166666666667,2.654496,2018-02-03,10.2,Oran
2018-02-07 18:00:00,0.0034000000000000002,4.75,2.3141760000000002,2018-02-03,10.2,Oran
2018-02-07 18:30:00,0.0029000000000000002,4.770833333333333,1.973856,2018-02-03,10.2,Oran
2018-02-07 19:00:00,0.0024000000000000002,4.791666666666667,1.633536,2018-02-03,10.2,Oran
2018-02-07 19:30:00,0.0023,4.8125,1.565472,2018-02-03,10.2,Oran
2018-02-07 20:00:00,0.0021000000000000003,4.833333333333333,1.4293440000000002,2018-02-03,10.2,Oran
2018-02-07 20:30:00,0.0021000000000000003,4.854166666666667,1.4293440000000002,2018-02-03,10.2,Oran
2018-02-07 21:00:00,0.0028,4.875,1.905792,2018-02-03,10.2,Oran
2018-02-07 21:30:00,0.0015,4.895833333333333,1.02096,2018-02-03,10.2,Oran
2018-02-07 22:00:00,0.0016,4.916666666666667,1.089024,2018-02-03,10.2,Oran
2018-02-07 22:30:00,0.0013000000000000002,4.9375,0.8848320000000001,2018-02-03,10.2,Oran
2018-02-07 23:00:00,0.0011,4.958333333333333,0.748704,2018-02-03,10.2,Oran
2018-02-07 23:30:00,0.0008,4.979166666666667,0.544512,2018-02-03,10.2,Oran
2018-02-08 00:00:00,0.001,5.0,0.68064,2018-02-03,10.2,Oran
2018-02-08 00:30:00,0.0002,5.020833333333333,0.136128,2018-02-03,10.2,Oran
2018-02-08 01:00:00,0.00030000000000000003,5.041666666666667,0.204192,2018-02-03,10.2,Oran
2018-02-08 01:30:00,0.0004,5.0625,0.272256,2018-02-03,10.2,Oran
2018-02-08 02:00:00,0.00030000000000000003,5.083333333333333,0.204192,2018-02-03,10.2,Oran
2018-02-08 02:30:00,0.00030000000000000003,5.104166666666667,0.204192,2018-02-03,10.2,Oran
2018-02-08 03:00:00,0.0011,5.125,0.748704,2018-02-03,10.2,Oran
2018-02-08 03:30:00,0.0013000000000000002,5.145833333333333,0.8848320000000001,2018-02-03,10.2,Oran
2018-02-08 04:00:00,0.0015,5.166666666666667,1.02096,2018-02-03,10.2,Oran
2018-02-08 04:30:00,0.0007,5.1875,0.476448,2018-02-03,10.2,Oran
2018-02-08 05:00:00,0.0014,5.208333333333333,0.952896,2018-02-03,10.2,Oran
2018-02-08 05:30:00,0.0015,5.229166666666667,1.02096,2018-02-03,10.2,Oran
2018-02-08 06:30:00,0.0014,5.270833333333333,0.952896,2018-02-03,10.2,Oran
2018-02-08 07:00:00,0.0007,5.291666666666667,0.476448,2018-02-03,10.2,Oran
2018-02-08 07:30:00,0.0057,5.3125,3.879648,2018-02-03,10.2,Oran
2018-02-08 08:00:00,0.017,5.333333333333333,11.57088,2018-02-03,10.2,Oran
2018-02-08 08:30:00,0.0333,5.354166666666667,22.665312,2018-02-03,10.2,Oran
2018-02-08 09:00:00,0.0531,5.375,36.141984,2018-02-03,10.2,Oran
2018-02-08 09:30:00,0.07300000000000001,5.395833333333333,49.68672000000001,2018-02-03,10.2,Oran
2018-02-08 10:00:00,0.09240000000000001,5.416666666666667,62.891136,2018-02-03,10.2,Oran
2018-02-08 10:30:00,0.1129,5.4375,76.844256,2018-02-03,10.2,Oran
2018-02-08 11:00:00,0.1312,5.458333333333333,89.299968,2018-02-03,10.2,Oran
2018-02-08 11:30:00,0.14170000000000002,5.479166666666667,96.44668800000001,2018-02-03,10.2,Oran
2018-02-08 12:00:00,0.1458,5.5,99.237312,2018-02-03,10.2,Oran
2018-02-08 12:30:00,0.1469,5.520833333333333,99.986016,2018-02-03,10.2,Oran
2018-02-08 13:00:00,0.1426,5.541666666666667,97.059264,2018-02-03,10.2,Oran
2018-02-08 13:30:00,0.13440000000000002,5.5625,91.47801600000001,2018-02-03,10.2,Oran
2018-02-08 14:00:00,0.1228,5.583333333333333,83.582592,2018-02-03,10.2,Oran
2018-02-08 14:30:00,0.10700000000000001,5.604166666666667,72.82848000000001,2018-02-03,10.2,Oran
2018-02-08 15:00:00,0.08990000000000001,5.625,61.189536000000004,2018-02-03,10.2,Oran
2018-02-08 15:30:00,0.0716,5.645833333333333,48.733824,2018-02-03,10.2,Oran
2018-02-08 16:00:00,0.0528,5.666666666666667,35.937792,2018-02-03,10.2,Oran
2018-02-08 16:30:00,0.0322,5.6875,21.916608,2018-02-03,10.2,Oran
2018-02-08 17:30:00,0.0066,5.729166666666667,4.492224,2018-02-03,10.2,Oran
2018-02-08 18:00:00,0.006,5.75,4.08384,2018-02-03,10.2,Oran
2018-02-08 18:30:00,0.0058000000000000005,5.770833333333333,3.947712,2018-02-03,10.2,Oran
2018-02-08 19:00:00,0.0055000000000000005,5.791666666666667,3.74352,2018-02-03,10.2,Oran
2018-02-08 19:30:00,0.0053,5.8125,3.607392,2018-02-03,10.2,Oran
2018-02-08 20:00:00,0.0051,5.833333333333333,3.471264,2018-02-03,10.2,Oran
2018-02-08 20:30:00,0.0044,5.854166666666667,2.994816,2018-02-03,10.2,Oran
2018-02-08 21:00:00,0.0039000000000000003,5.875,2.654496,2018-02-03,10.2,Oran
2018-02-08 21:30:00,0.0033,5.895833333333333,2.246112,2018-02-03,10.2,Oran
2018-02-08 22:00:00,0.0027,5.916666666666667,1.837728,2018-02-03,10.2,Oran
2018-02-08 22:30:00,0.0027,5.9375,1.837728,2018-02-03,10.2,Oran
2018-02-08 23:00:00,0.0028,5.958333333333333,1.905792,2018-02-03,10.2,Oran
2018-02-08 23:30:00,0.0027,5.979166666666667,1.837728,2018-02-03,10.2,Oran
2018-02-09 00:00:00,0.0027,6.0,1.837728,2018-02-03,10.2,Oran
2018-02-09 00:30:00,0.0024000000000000002,6.020833333333333,1.633536,2018-02-03,10.2,Oran
2018-02-09 01:00:00,0.0022,6.041666666666667,1.497408,2018-02-03,10.2,Oran
2018-02-09 01:30:00,0.002,6.0625,1.36128,2018-02-03,10.2,Oran
2018-02-09 02:00:00,0.0018000000000000002,6.083333333333333,1.225152,2018-02-03,10.2,Oran
2018-02-09 02:30:00,0.0016,6.104166666666667,1.089024,2018-02-03,10.2,Oran
2018-02-09 03:00:00,0.0012000000000000001,6.125,0.816768,2018-02-03,10.2,Oran
2018-02-09 03:30:00,0.0009000000000000001,6.145833333333333,0.612576,2018-02-03,10.2,Oran
2018-02-09 04:00:00,0.0006000000000000001,6.166666666666667,0.408384,2018-02-03,10.2,Oran
2018-02-09 04:30:00,0.0011,6.1875,0.748704,2018-02-03,10.2,Oran
2018-02-09 05:00:00,0.001,6.208333333333333,0.68064,2018-02-03,10.2,Oran
2018-02-09 05:30:00,0.0009000000000000001,6.229166666666667,0.612576,2018-02-03,10.2,Oran
2018-02-09 06:00:00,0.0001,6.25,0.068064,2018-02-03,10.2,Oran
2018-02-09 06:30:00,0.0001,6.270833333333333,0.068064,2018-02-03,10.2,Oran
2018-02-09 07:00:00,0.0001,6.291666666666667,0.068064,2018-02-03,10.2,Oran
2018-02-09 07:30:00,0.0053,6.3125,3.607392,2018-02-03,10.2,Oran
2018-02-09 08:00:00,0.0161,6.333333333333333,10.958304,2018-02-03,10.2,Oran
2018-02-09 08:30:00,0.0318,6.354166666666667,21.644352,2018-02-03,10.2,Oran
2018-02-09 09:00:00,0.049800000000000004,6.375,33.895872000000004,2018-02-03,10.2,Oran
2018-02-09 09:30:00,0.06720000000000001,6.395833333333333,45.739008000000005,2018-02-03,10.2,Oran
2018-02-09 10:00:00,0.08660000000000001,6.416666666666667,58.94342400000001,2018-02-03,10.2,Oran
2018-02-09 10:30:00,0.1027,6.4375,69.90172799999999,2018-02-03,10.2,Oran
2018-02-09 11:00:00,0.1107,6.458333333333333,75.34684800000001,2018-02-03,10.2,Oran
2018-02-09 11:30:00,0.1227,6.479166666666667,83.514528,2018-02-03,10.2,Oran
2018-02-09 12:00:00,0.1328,6.5,90.388992,2018-02-03,10.2,Oran
2018-02-09 12:30:00,0.14700000000000002,6.520833333333333,100.05408000000001,2018-02-03,10.2,Oran
2018-02-09 13:00:00,0.1505,6.541666666666667,102.43632,2018-02-03,10.2,Oran
2018-02-09 13:30:00,0.1359,6.5625,92.498976,2018-02-03,10.2,Oran
2018-02-09 14:00:00,0.1293,6.583333333333333,88.00675199999999,2018-02-03,10.2,Oran
2018-02-09 14:30:00,0.11520000000000001,6.604166666666667,78.409728,2018-02-03,10.2,Oran
2018-02-09 15:00:00,0.0989,6.625,67.315296,2018-02-03,10.2,Oran
2018-02-09 15:30:00,0.0795,6.645833333333333,54.11088,2018-02-03,10.2,Oran
2018-02-09 16:00:00,0.060000000000000005,6.666666666666667,40.8384,2018-02-03,10.2,Oran
2018-02-09 16:30:00,0.0405,6.6875,27.565920000000002,2018-02-03,10.2,Oran
2018-02-09 17:00:00,0.016300000000000002,6.708333333333333,11.094432000000001,2018-02-03,10.2,Oran
2018-02-09 17:30:00,0.0126,6.729166666666667,8.576064,2018-02-03,10.2,Oran
2018-02-09 18:00:00,0.011600000000000001,6.75,7.895424,2018-02-03,10.2,Oran
2018-02-09 18:30:00,0.0119,6.770833333333333,8.099616000000001,2018-02-03,10.2,Oran
2018-02-09 19:00:00,0.0143,6.791666666666667,9.733152,2018-02-03,10.2,Oran
2018-02-09 19:30:00,0.014,6.8125,9.52896,2018-02-03,10.2,Oran
2018-02-09 20:00:00,0.013800000000000002,6.833333333333333,9.392832,2018-02-03,10.2,Oran
2018-02-09 20:30:00,0.013000000000000001,6.854166666666667,8.848320000000001,2018-02-03,10.2,Oran
2018-02-09 21:00:00,0.012100000000000001,6.875,8.235744,2018-02-03,10.2,Oran
2018-02-09 21:30:00,0.010700000000000001,6.895833333333333,7.282848,2018-02-03,10.2,Oran
2018-02-09 22:00:00,0.009300000000000001,6.916666666666667,6.3299520000000005,2018-02-03,10.2,Oran
2018-02-09 22:30:00,0.0068000000000000005,6.9375,4.6283520000000005,2018-02-03,10.2,Oran
2018-02-09 23:00:00,0.008400000000000001,6.958333333333333,5.717376000000001,2018-02-03,10.2,Oran
2018-02-09 23:30:00,0.0055000000000000005,6.979166666666667,3.74352,2018-02-03,10.2,Oran
2018-02-10 00:00:00,0.0067,7.0,4.560288,2018-02-03,10.2,Oran
2018-02-10 00:30:00,0.004,7.020833333333333,2.72256,2018-02-03,10.2,Oran
2018-02-10 01:00:00,0.0048000000000000004,7.041666666666667,3.267072,2018-02-03,10.2,Oran
2018-02-10 01:30:00,0.0045000000000000005,7.0625,3.0628800000000003,2018-02-03,10.2,Oran
2018-02-10 02:00:00,0.004200000000000001,7.083333333333333,2.8586880000000003,2018-02-03,10.2,Oran
2018-02-10 02:30:00,0.002,7.104166666666667,1.36128,2018-02-03,10.2,Oran
2018-02-10 03:00:00,0.0031000000000000003,7.125,2.1099840000000003,2018-02-03,10.2,Oran
2018-02-10 03:30:00,0.0029000000000000002,7.145833333333333,1.973856,2018-02-03,10.2,Oran
2018-02-10 04:00:00,0.0021000000000000003,7.166666666666667,1.4293440000000002,2018-02-03,10.2,Oran
2018-02-10 04:30:00,0.0031000000000000003,7.1875,2.1099840000000003,2018-02-03,10.2,Oran
2018-02-10 05:00:00,0.0034000000000000002,7.208333333333333,2.3141760000000002,2018-02-03,10.2,Oran
2018-02-10 05:30:00,0.0036000000000000003,7.229166666666667,2.450304,2018-02-03,10.2,Oran
2018-02-10 06:00:00,0.0039000000000000003,7.25,2.654496,2018-02-03,10.2,Oran
2018-02-10 06:30:00,0.0044,7.270833333333333,2.994816,2018-02-03,10.2,Oran
2018-02-10 07:00:00,0.0049,7.291666666666667,3.335136,2018-02-03,10.2,Oran
2018-02-10 07:30:00,0.0081,7.3125,5.513184,2018-02-03,10.2,Oran
2018-02-10 08:00:00,0.0086,7.333333333333333,5.853504,2018-02-03,10.2,Oran
2018-02-10 08:30:00,0.0164,7.354166666666667,11.162496,2018-02-03,10.2,Oran
2018-02-10 09:00:00,0.0309,7.375,21.031776,2018-02-03,10.2,Oran
2018-02-10 09:30:00,0.0442,7.395833333333333,30.084288,2018-02-03,10.2,Oran
2018-02-10 10:00:00,0.0747,7.416666666666667,50.843808,2018-02-03,10.2,Oran
2018-02-10 10:30:00,0.0809,7.4375,55.063776,2018-02-03,10.2,Oran
2018-02-10 11:00:00,0.09340000000000001,7.458333333333333,63.57177600000001,2018-02-03,10.2,Oran
2018-02-10 11:30:00,0.096,7.479166666666667,65.34144,2018-02-03,10.2,Oran
2018-02-10 12:00:00,0.132,7.5,89.84448,2018-02-03,10.2,Oran
2018-02-10 12:30:00,0.12510000000000002,7.520833333333333,85.148064,2018-02-03,10.2,Oran
2018-02-10 13:00:00,0.095,7.541666666666667,64.6608,2018-02-03,10.2,Oran
2018-02-10 13:30:00,0.1153,7.5625,78.477792,2018-02-03,10.2,Oran
2018-02-10 14:00:00,0.1148,7.583333333333333,78.137472,2018-02-03,10.2,Oran
2018-02-10 14:30:00,0.0732,7.604166666666667,49.822848,2018-02-03,10.2,Oran
2018-02-10 15:00:00,0.09280000000000001,7.625,63.163392,2018-02-03,10.2,Oran
2018-02-10 15:30:00,0.0756,7.645833333333333,51.456384,2018-02-03,10.2,Oran
2018-02-10 16:00:00,0.0579,7.666666666666667,39.409056,2018-02-03,10.2,Oran
2018-02-10 16:30:00,0.040400000000000005,7.6875,27.497856000000002,2018-02-03,10.2,Oran
2018-02-10 17:00:00,0.0164,7.708333333333333,11.162496,2018-02-03,10.2,Oran
2018-02-10 17:30:00,0.015600000000000001,7.729166666666667,10.617984,2018-02-03,10.2,Oran
2018-02-10 18:00:00,0.0149,7.75,10.141536,2018-02-03,10.2,Oran
2018-02-10 18:30:00,0.0122,7.770833333333333,8.303808,2018-02-03,10.2,Oran
2018-02-10 19:00:00,0.011600000000000001,7.791666666666667,7.895424,2018-02-03,10.2,Oran
2018-02-10 19:30:00,0.010100000000000001,7.8125,6.874464000000001,2018-02-03,10.2,Oran
2018-02-10 20:00:00,0.0085,7.833333333333333,5.78544,2018-02-03,10.2,Oran
2018-02-10 20:30:00,0.0071,7.854166666666667,4.832544,2018-02-03,10.2,Oran
2018-02-10 21:00:00,0.0057,7.875,3.879648,2018-02-03,10.2,Oran
2018-02-10 21:30:00,0.0043,7.895833333333333,2.926752,2018-02-03,10.2,Oran
2018-02-10 22:00:00,0.0035,7.916666666666667,2.38224,2018-02-03,10.2,Oran
2018-02-10 23:00:00,0.0027,7.958333333333333,1.837728,2018-02-03,10.2,Oran
2018-02-10 23:30:00,0.0028,7.979166666666667,1.905792,2018-02-03,10.2,Oran
2018-02-11 00:00:00,0.0033,8.0,2.246112,2018-02-03,10.2,Oran
2018-02-11 00:30:00,0.0035,8.020833333333334,2.38224,2018-02-03,10.2,Oran
2018-02-11 01:00:00,0.0038,8.041666666666666,2.586432,2018-02-03,10.2,Oran
2018-02-11 01:30:00,0.0038,8.0625,2.586432,2018-02-03,10.2,Oran
2018-02-11 02:00:00,0.0039000000000000003,8.083333333333334,2.654496,2018-02-03,10.2,Oran
2018-02-11 02:30:00,0.0038,8.104166666666666,2.586432,2018-02-03,10.2,Oran
2018-02-11 03:00:00,0.0036000000000000003,8.125,2.450304,2018-02-03,10.2,Oran
2018-02-11 03:30:00,0.0034000000000000002,8.145833333333334,2.3141760000000002,2018-02-03,10.2,Oran
2018-02-11 04:00:00,0.0033,8.166666666666666,2.246112,2018-02-03,10.2,Oran
2018-02-11 04:30:00,0.0034000000000000002,8.1875,2.3141760000000002,2018-02-03,10.2,Oran
2018-02-11 05:00:00,0.0055000000000000005,8.208333333333334,3.74352,2018-02-03,10.2,Oran
2018-02-11 05:30:00,0.004,8.229166666666666,2.72256,2018-02-03,10.2,Oran
2018-02-11 06:00:00,0.0063,8.25,4.288032,2018-02-03,10.2,Oran
2018-02-11 06:30:00,0.006500000000000001,8.270833333333334,4.4241600000000005,2018-02-03,10.2,Oran
2018-02-11 07:00:00,0.0054,8.291666666666666,3.675456,2018-02-03,10.2,Oran
2018-02-11 07:30:00,0.0145,8.3125,9.86928,2018-02-03,10.2,Oran
2018-02-11 08:00:00,0.0228,8.333333333333334,15.518592,2018-02-03,10.2,Oran
2018-02-11 08:30:00,0.04,8.354166666666666,27.2256,2018-02-03,10.2,Oran
2018-02-11 09:00:00,0.06380000000000001,8.375,43.424832,2018-02-03,10.2,Oran
2018-02-11 09:30:00,0.0814,8.395833333333334,55.404095999999996,2018-02-03,10.2,Oran
2018-02-11 10:00:00,0.0952,8.416666666666666,64.79692800000001,2018-02-03,10.2,Oran
2018-02-11 10:30:00,0.1267,8.4375,86.237088,2018-02-03,10.2,Oran
2018-02-11 11:00:00,0.1579,8.458333333333334,107.473056,2018-02-03,10.2,Oran
2018-02-11 11:30:00,0.1553,8.479166666666666,105.703392,2018-02-03,10.2,Oran
2018-02-11 12:00:00,0.166,8.5,112.98624000000001,2018-02-03,10.2,Oran
2018-02-11 12:30:00,0.1726,8.520833333333334,117.478464,2018-02-03,10.2,Oran
2018-02-11 13:00:00,0.17350000000000002,8.541666666666666,118.09104,2018-02-03,10.2,Oran
2018-02-11 13:30:00,0.1688,8.5625,114.892032,2018-02-03,10.2,Oran
2018-02-11 14:00:00,0.1597,8.583333333333334,108.69820800000001,2018-02-03,10.2,Oran
2018-02-11 14:30:00,0.14200000000000002,8.604166666666666,96.65088000000002,2018-02-03,10.2,Oran
2018-02-11 15:00:00,0.1207,8.625,82.153248,2018-02-03,10.2,Oran
2018-02-11 15:30:00,0.09960000000000001,8.645833333333334,67.79174400000001,2018-02-03,10.2,Oran
2018-02-11 16:00:00,0.0772,8.666666666666666,52.545408,2018-02-03,10.2,Oran
2018-02-11 16:30:00,0.051000000000000004,8.6875,34.71264,2018-02-03,10.2,Oran
2018-02-11 17:00:00,0.0106,8.708333333333334,7.214784,2018-02-03,10.2,Oran
2018-02-11 17:30:00,0.0097,8.729166666666666,6.602208,2018-02-03,10.2,Oran
2018-02-11 18:00:00,0.0088,8.75,5.989632,2018-02-03,10.2,Oran
2018-02-11 18:30:00,0.0086,8.770833333333334,5.853504,2018-02-03,10.2,Oran
2018-02-11 19:00:00,0.0106,8.791666666666666,7.214784,2018-02-03,10.2,Oran
2018-02-11 19:30:00,0.0105,8.8125,7.14672,2018-02-03,10.2,Oran
2018-02-11 20:00:00,0.011000000000000001,8.833333333333334,7.48704,2018-02-03,10.2,Oran
2018-02-11 20:30:00,0.0102,8.854166666666666,6.942528,2018-02-03,10.2,Oran
2018-02-11 21:00:00,0.0092,8.875,6.261888,2018-02-03,10.2,Oran
2018-02-11 21:30:00,0.0077,8.895833333333334,5.240928,2018-02-03,10.2,Oran
2018-02-11 22:00:00,0.006200000000000001,8.916666666666666,4.219968000000001,2018-02-03,10.2,Oran
2018-02-11 22:30:00,0.006200000000000001,8.9375,4.219968000000001,2018-02-03,10.2,Oran
2018-02-11 23:00:00,0.006,8.958333333333334,4.08384,2018-02-03,10.2,Oran
2018-02-11 23:30:00,0.006,8.979166666666666,4.08384,2018-02-03,10.2,Oran
2018-02-12 00:00:00,0.006,9.0,4.08384,2018-02-03,10.2,Oran
2018-02-12 00:30:00,0.0086,9.020833333333334,5.853504,2018-02-03,10.2,Oran
2018-02-12 01:00:00,0.0078000000000000005,9.041666666666666,5.308992,2018-02-03,10.2,Oran
2018-02-12 01:30:00,0.0041,9.0625,2.790624,2018-02-03,10.2,Oran
2018-02-12 02:00:00,0.0034000000000000002,9.083333333333334,2.3141760000000002,2018-02-03,10.2,Oran
2018-02-12 02:30:00,0.0033,9.104166666666666,2.246112,2018-02-03,10.2,Oran
2018-02-12 03:00:00,0.0032,9.125,2.178048,2018-02-03,10.2,Oran
2018-02-12 03:30:00,0.0066,9.145833333333334,4.492224,2018-02-03,10.2,Oran
2018-02-12 04:00:00,0.003,9.166666666666666,2.04192,2018-02-03,10.2,Oran
2018-02-12 04:30:00,0.0061,9.1875,4.151904,2018-02-03,10.2,Oran
2018-02-12 05:00:00,0.0022,9.208333333333334,1.497408,2018-02-03,10.2,Oran
2018-02-12 05:30:00,0.0017000000000000001,9.229166666666666,1.1570880000000001,2018-02-03,10.2,Oran
2018-02-12 06:00:00,0.0012000000000000001,9.25,0.816768,2018-02-03,10.2,Oran
2018-02-12 06:30:00,0.0028,9.270833333333334,1.905792,2018-02-03,10.2,Oran
2018-02-12 07:00:00,0.0044,9.291666666666666,2.994816,2018-02-03,10.2,Oran
2018-02-12 07:30:00,0.008400000000000001,9.3125,5.717376000000001,2018-02-03,10.2,Oran
2018-02-12 08:00:00,0.0089,9.333333333333334,6.057696,2018-02-03,10.2,Oran
2018-02-12 08:30:00,0.0424,9.354166666666666,28.859136,2018-02-03,10.2,Oran
2018-02-12 09:00:00,0.0247,9.375,16.811808,2018-02-03,10.2,Oran
2018-02-12 09:30:00,0.055,9.395833333333334,37.4352,2018-02-03,10.2,Oran
2018-02-12 10:00:00,0.0236,9.416666666666666,16.063104,2018-02-03,10.2,Oran
2018-02-12 10:30:00,0.0315,9.4375,21.44016,2018-02-03,10.2,Oran
2018-02-12 11:00:00,0.0324,9.458333333333334,22.052736,2018-02-03,10.2,Oran
2018-02-12 11:30:00,0.0386,9.479166666666666,26.272704,2018-02-03,10.2,Oran
2018-02-12 12:00:00,0.057300000000000004,9.5,39.000672,2018-02-03,10.2,Oran
2018-02-12 12:30:00,0.0454,9.520833333333334,30.901056,2018-02-03,10.2,Oran
2018-02-12 13:00:00,0.0477,9.541666666666666,32.466528,2018-02-03,10.2,Oran
2018-02-12 13:30:00,0.0497,9.5625,33.827808,2018-02-03,10.2,Oran
2018-02-12 14:00:00,0.0886,9.583333333333334,60.304704,2018-02-03,10.2,Oran
2018-02-12 14:30:00,0.0591,9.604166666666666,40.225823999999996,2018-02-03,10.2,Oran
2018-02-12 15:00:00,0.0346,9.625,23.550144,2018-02-03,10.2,Oran
2018-02-12 15:30:00,0.013600000000000001,9.645833333333334,9.256704000000001,2018-02-03,10.2,Oran
2018-02-12 16:00:00,0.020800000000000003,9.666666666666666,14.157312000000001,2018-02-03,10.2,Oran
2018-02-12 16:30:00,0.0068000000000000005,9.6875,4.6283520000000005,2018-02-03,10.2,Oran
2018-02-12 17:00:00,0.0066,9.708333333333334,4.492224,2018-02-03,10.2,Oran
2018-02-12 17:30:00,0.0033,9.729166666666666,2.246112,2018-02-03,10.2,Oran
2018-02-12 18:00:00,0.0034000000000000002,9.75,2.3141760000000002,2018-02-03,10.2,Oran
2018-02-12 18:30:00,0.003,9.770833333333334,2.04192,2018-02-03,10.2,Oran
2018-02-12 19:00:00,0.0028,9.791666666666666,1.905792,2018-02-03,10.2,Oran
2018-02-12 19:30:00,0.0027,9.8125,1.837728,2018-02-03,10.2,Oran
2018-02-12 20:00:00,0.0026000000000000003,9.833333333333334,1.7696640000000001,2018-02-03,10.2,Oran
2018-02-12 20:30:00,0.0024000000000000002,9.854166666666666,1.633536,2018-02-03,10.2,Oran
2018-02-12 21:00:00,0.0022,9.875,1.497408,2018-02-03,10.2,Oran
2018-02-12 21:30:00,0.0037,9.895833333333334,2.518368,2018-02-03,10.2,Oran
2018-02-12 22:00:00,0.0049,9.916666666666666,3.335136,2018-02-03,10.2,Oran
2018-02-12 22:30:00,0.0043,9.9375,2.926752,2018-02-03,10.2,Oran
2018-02-12 23:00:00,0.0037,9.958333333333334,2.518368,2018-02-03,10.2,Oran
2018-02-12 23:30:00,0.0033,9.979166666666666,2.246112,2018-02-03,10.2,Oran
2018-03-06 00:00:00,0.0063,0.0,4.288032,2018-03-06,11.2,Oran
2018-03-06 00:30:00,0.006500000000000001,0.020833333333333332,4.4241600000000005,2018-03-06,11.2,Oran
2018-03-06 01:00:00,0.0067,0.041666666666666664,4.560288,2018-03-06,11.2,Oran
2018-03-06 01:30:00,0.0085,0.0625,5.78544,2018-03-06,11.2,Oran
2018-03-06 02:00:00,0.0086,0.08333333333333333,5.853504,2018-03-06,11.2,Oran
2018-03-06 02:30:00,0.007,0.10416666666666667,4.76448,2018-03-06,11.2,Oran
2018-03-06 03:00:00,0.0071,0.125,4.832544,2018-03-06,11.2,Oran
2018-03-06 03:30:00,0.0071,0.14583333333333334,4.832544,2018-03-06,11.2,Oran
2018-03-06 04:00:00,0.0071,0.16666666666666666,4.832544,2018-03-06,11.2,Oran
2018-03-06 04:30:00,0.0071,0.1875,4.832544,2018-03-06,11.2,Oran
2018-03-06 05:00:00,0.0071,0.20833333333333334,4.832544,2018-03-06,11.2,Oran
2018-03-06 05:30:00,0.0068000000000000005,0.22916666666666666,4.6283520000000005,2018-03-06,11.2,Oran
2018-03-06 06:00:00,0.0064,0.25,4.356096,2018-03-06,11.2,Oran
2018-03-06 06:30:00,0.006200000000000001,0.2708333333333333,4.219968000000001,2018-03-06,11.2,Oran
2018-03-06 07:00:00,0.0148,0.2916666666666667,10.073472,2018-03-06,11.2,Oran
2018-03-06 07:30:00,0.032100000000000004,0.3125,21.848544,2018-03-06,11.2,Oran
2018-03-06 08:00:00,0.055200000000000006,0.3333333333333333,37.571328,2018-03-06,11.2,Oran
2018-03-06 08:30:00,0.0787,0.3541666666666667,53.566368000000004,2018-03-06,11.2,Oran
2018-03-06 09:00:00,0.1024,0.375,69.697536,2018-03-06,11.2,Oran
2018-03-06 09:30:00,0.12840000000000001,0.3958333333333333,87.394176,2018-03-06,11.2,Oran
2018-03-06 10:00:00,0.153,0.4166666666666667,104.13792,2018-03-06,11.2,Oran
2018-03-06 10:30:00,0.1731,0.4375,117.818784,2018-03-06,11.2,Oran
2018-03-06 11:00:00,0.1617,0.4583333333333333,110.059488,2018-03-06,11.2,Oran
2018-03-06 11:30:00,0.1837,0.4791666666666667,125.033568,2018-03-06,11.2,Oran
2018-03-06 12:00:00,0.1511,0.5,102.84470400000001,2018-03-06,11.2,Oran
2018-03-06 12:30:00,0.17950000000000002,0.5208333333333334,122.17488000000002,2018-03-06,11.2,Oran
2018-03-06 13:00:00,0.1109,0.5416666666666666,75.482976,2018-03-06,11.2,Oran
2018-03-06 13:30:00,0.1121,0.5625,76.299744,2018-03-06,11.2,Oran
2018-03-06 14:00:00,0.0679,0.5833333333333334,46.215456,2018-03-06,11.2,Oran
2018-03-06 14:30:00,0.0322,0.6041666666666666,21.916608,2018-03-06,11.2,Oran
2018-03-06 15:00:00,0.0441,0.625,30.016224,2018-03-06,11.2,Oran
2018-03-06 15:30:00,0.0346,0.6458333333333334,23.550144,2018-03-06,11.2,Oran
2018-03-06 16:00:00,0.0403,0.6666666666666666,27.429792000000003,2018-03-06,11.2,Oran
2018-03-06 16:30:00,0.0089,0.6875,6.057696,2018-03-06,11.2,Oran
2018-03-06 17:00:00,0.0077,0.7083333333333334,5.240928,2018-03-06,11.2,Oran
2018-03-06 17:30:00,0.007200000000000001,0.7291666666666666,4.900608,2018-03-06,11.2,Oran
2018-03-06 18:00:00,0.0067,0.75,4.560288,2018-03-06,11.2,Oran
2018-03-06 18:30:00,0.006500000000000001,0.7708333333333334,4.4241600000000005,2018-03-06,11.2,Oran
2018-03-06 19:00:00,0.0063,0.7916666666666666,4.288032,2018-03-06,11.2,Oran
2018-03-06 19:30:00,0.0063,0.8125,4.288032,2018-03-06,11.2,Oran
2018-03-06 20:00:00,0.0044,0.8333333333333334,2.994816,2018-03-06,11.2,Oran
2018-03-06 20:30:00,0.0056,0.8541666666666666,3.811584,2018-03-06,11.2,Oran
2018-03-06 21:00:00,0.0051,0.875,3.471264,2018-03-06,11.2,Oran
2018-03-06 21:30:00,0.005200000000000001,0.8958333333333334,3.5393280000000003,2018-03-06,11.2,Oran
2018-03-06 22:00:00,0.0053,0.9166666666666666,3.607392,2018-03-06,11.2,Oran
2018-03-06 22:30:00,0.005,0.9375,3.4032,2018-03-06,11.2,Oran
2018-03-06 23:00:00,0.0047,0.9583333333333334,3.199008,2018-03-06,11.2,Oran
2018-03-06 23:30:00,0.0019,0.9791666666666666,1.293216,2018-03-06,11.2,Oran
2018-03-07 00:00:00,0.0022,1.0,1.497408,2018-03-06,11.2,Oran
2018-03-07 00:30:00,0.0023,1.0208333333333333,1.565472,2018-03-06,11.2,Oran
2018-03-07 01:00:00,0.0048000000000000004,1.0416666666666667,3.267072,2018-03-06,11.2,Oran
2018-03-07 01:30:00,0.0046,1.0625,3.130944,2018-03-06,11.2,Oran
2018-03-07 02:00:00,0.0044,1.0833333333333333,2.994816,2018-03-06,11.2,Oran
2018-03-07 02:30:00,0.0023,1.1041666666666667,1.565472,2018-03-06,11.2,Oran
2018-03-07 03:00:00,0.0046,1.125,3.130944,2018-03-06,11.2,Oran
2018-03-07 03:30:00,0.0022,1.1458333333333333,1.497408,2018-03-06,11.2,Oran
2018-03-07 04:00:00,0.002,1.1666666666666667,1.36128,2018-03-06,11.2,Oran
2018-03-07 04:30:00,0.0036000000000000003,1.1875,2.450304,2018-03-06,11.2,Oran
2018-03-07 05:00:00,0.0015,1.2083333333333333,1.02096,2018-03-06,11.2,Oran
2018-03-07 05:30:00,0.0015,1.2291666666666667,1.02096,2018-03-06,11.2,Oran
2018-03-07 06:00:00,0.0015,1.25,1.02096,2018-03-06,11.2,Oran
2018-03-07 06:30:00,0.0012000000000000001,1.2708333333333333,0.816768,2018-03-06,11.2,Oran
2018-03-07 07:00:00,0.0079,1.2916666666666667,5.3770560000000005,2018-03-06,11.2,Oran
2018-03-07 07:30:00,0.0245,1.3125,16.67568,2018-03-06,11.2,Oran
2018-03-07 08:00:00,0.0463,1.3333333333333333,31.513632,2018-03-06,11.2,Oran
2018-03-07 08:30:00,0.0718,1.3541666666666667,48.869952,2018-03-06,11.2,Oran
2018-03-07 09:00:00,0.09960000000000001,1.375,67.79174400000001,2018-03-06,11.2,Oran
2018-03-07 09:30:00,0.117,1.3958333333333333,79.63488000000001,2018-03-06,11.2,Oran
2018-03-07 10:00:00,0.16770000000000002,1.4166666666666667,114.14332800000001,2018-03-06,11.2,Oran
2018-03-07 10:30:00,0.2025,1.4375,137.8296,2018-03-06,11.2,Oran
2018-03-07 11:00:00,0.2265,1.4583333333333333,154.16496,2018-03-06,11.2,Oran
2018-03-07 11:30:00,0.21400000000000002,1.4791666666666667,145.65696000000003,2018-03-06,11.2,Oran
2018-03-07 12:00:00,0.22890000000000002,1.5,155.798496,2018-03-06,11.2,Oran
2018-03-07 12:30:00,0.2569,1.5208333333333333,174.856416,2018-03-06,11.2,Oran
2018-03-07 13:00:00,0.2711,1.5416666666666667,184.521504,2018-03-06,11.2,Oran
2018-03-07 13:30:00,0.2368,1.5625,161.175552,2018-03-06,11.2,Oran
2018-03-07 14:00:00,0.23020000000000002,1.5833333333333333,156.68332800000002,2018-03-06,11.2,Oran
2018-03-07 14:30:00,0.19440000000000002,1.6041666666666667,132.316416,2018-03-06,11.2,Oran
2018-03-07 15:00:00,0.1857,1.625,126.394848,2018-03-06,11.2,Oran
2018-03-07 15:30:00,0.1409,1.6458333333333333,95.902176,2018-03-06,11.2,Oran
2018-03-07 16:00:00,0.1077,1.6666666666666667,73.304928,2018-03-06,11.2,Oran
2018-03-07 16:30:00,0.056400000000000006,1.6875,38.388096000000004,2018-03-06,11.2,Oran
2018-03-07 17:00:00,0.0543,1.7083333333333333,36.958752,2018-03-06,11.2,Oran
2018-03-07 17:30:00,0.0182,1.7291666666666667,12.387648,2018-03-06,11.2,Oran
2018-03-07 18:00:00,0.0181,1.75,12.319584,2018-03-06,11.2,Oran
2018-03-07 18:30:00,0.0166,1.7708333333333333,11.298624,2018-03-06,11.2,Oran
2018-03-07 19:00:00,0.015000000000000001,1.7916666666666667,10.2096,2018-03-06,11.2,Oran
2018-03-07 19:30:00,0.0135,1.8125,9.18864,2018-03-06,11.2,Oran
2018-03-07 20:00:00,0.0117,1.8333333333333333,7.963488,2018-03-06,11.2,Oran
2018-03-07 20:30:00,0.01,1.8541666666666667,6.8064,2018-03-06,11.2,Oran
2018-03-07 21:00:00,0.0081,1.875,5.513184,2018-03-06,11.2,Oran
2018-03-07 21:30:00,0.0073,1.8958333333333333,4.968672,2018-03-06,11.2,Oran
2018-03-07 22:00:00,0.006500000000000001,1.9166666666666667,4.4241600000000005,2018-03-06,11.2,Oran
2018-03-07 22:30:00,0.0063,1.9375,4.288032,2018-03-06,11.2,Oran
2018-03-07 23:00:00,0.0056,1.9583333333333333,3.811584,2018-03-06,11.2,Oran
2018-03-07 23:30:00,0.0044,1.9791666666666667,2.994816,2018-03-06,11.2,Oran
2018-03-08 00:00:00,0.003,2.0,2.04192,2018-03-06,11.2,Oran
2018-03-08 00:30:00,0.0018000000000000002,2.0208333333333335,1.225152,2018-03-06,11.2,Oran
2018-03-08 01:00:00,0.0008,2.0416666666666665,0.544512,2018-03-06,11.2,Oran
2018-03-08 01:30:00,0.0001,2.0625,0.068064,2018-03-06,11.2,Oran
2018-03-08 02:00:00,0.0,2.0833333333333335,0.0,2018-03-06,11.2,Oran
2018-03-08 02:30:00,0.0,2.1041666666666665,0.0,2018-03-06,11.2,Oran
2018-03-08 03:00:00,0.0,2.125,0.0,2018-03-06,11.2,Oran
2018-03-08 03:30:00,0.0,2.1458333333333335,0.0,2018-03-06,11.2,Oran
2018-03-08 04:00:00,0.0,2.1666666666666665,0.0,2018-03-06,11.2,Oran
2018-03-08 04:30:00,0.0,2.1875,0.0,2018-03-06,11.2,Oran
2018-03-08 05:00:00,0.0,2.2083333333333335,0.0,2018-03-06,11.2,Oran
2018-03-08 05:30:00,0.0,2.2291666666666665,0.0,2018-03-06,11.2,Oran
2018-03-08 06:00:00,0.0,2.25,0.0,2018-03-06,11.2,Oran
2018-03-08 06:30:00,0.0,2.2708333333333335,0.0,2018-03-06,11.2,Oran
2018-03-08 07:00:00,0.0,2.2916666666666665,0.0,2018-03-06,11.2,Oran
2018-03-08 07:30:00,0.0,2.3125,0.0,2018-03-06,11.2,Oran
2018-03-08 08:00:00,0.0009000000000000001,2.3333333333333335,0.612576,2018-03-06,11.2,Oran
2018-03-08 08:30:00,0.0068000000000000005,2.3541666666666665,4.6283520000000005,2018-03-06,11.2,Oran
2018-03-08 09:00:00,0.0661,2.375,44.990304,2018-03-06,11.2,Oran
2018-03-08 09:30:00,0.0689,2.3958333333333335,46.896096,2018-03-06,11.2,Oran
2018-03-08 10:00:00,0.17270000000000002,2.4166666666666665,117.54652800000001,2018-03-06,11.2,Oran
2018-03-08 10:30:00,0.1883,2.4375,128.164512,2018-03-06,11.2,Oran
2018-03-08 11:00:00,0.1836,2.4583333333333335,124.96550400000001,2018-03-06,11.2,Oran
2018-03-08 11:30:00,0.1564,2.4791666666666665,106.45209600000001,2018-03-06,11.2,Oran
2018-03-08 12:00:00,0.2028,2.5,138.033792,2018-03-06,11.2,Oran
2018-03-08 12:30:00,0.20120000000000002,2.5208333333333335,136.944768,2018-03-06,11.2,Oran
2018-03-08 13:00:00,0.1263,2.5416666666666665,85.964832,2018-03-06,11.2,Oran
2018-03-08 13:30:00,0.1579,2.5625,107.473056,2018-03-06,11.2,Oran
2018-03-08 14:00:00,0.135,2.5833333333333335,91.88640000000001,2018-03-06,11.2,Oran
2018-03-08 14:30:00,0.0434,2.6041666666666665,29.539776,2018-03-06,11.2,Oran
2018-03-08 15:00:00,0.0995,2.625,67.72368,2018-03-06,11.2,Oran
2018-03-08 15:30:00,0.0829,2.6458333333333335,56.425056,2018-03-06,11.2,Oran
2018-03-08 16:00:00,0.008,2.6666666666666665,5.44512,2018-03-06,11.2,Oran
2018-03-08 16:30:00,0.0589,2.6875,40.089695999999996,2018-03-06,11.2,Oran
2018-03-08 17:00:00,0.0256,2.7083333333333335,17.424384,2018-03-06,11.2,Oran
2018-03-08 17:30:00,0.0,2.7291666666666665,0.0,2018-03-06,11.2,Oran
2018-03-08 18:00:00,0.0034000000000000002,2.75,2.3141760000000002,2018-03-06,11.2,Oran
2018-03-08 18:30:00,0.0032,2.7708333333333335,2.178048,2018-03-06,11.2,Oran
2018-03-08 19:00:00,0.0,2.7916666666666665,0.0,2018-03-06,11.2,Oran
2018-03-08 19:30:00,0.0,2.8125,0.0,2018-03-06,11.2,Oran
2018-03-08 20:00:00,0.0,2.8333333333333335,0.0,2018-03-06,11.2,Oran
2018-03-08 20:30:00,0.0,2.8541666666666665,0.0,2018-03-06,11.2,Oran
2018-03-08 21:00:00,0.0,2.875,0.0,2018-03-06,11.2,Oran
2018-03-08 21:30:00,0.0008,2.8958333333333335,0.544512,2018-03-06,11.2,Oran
2018-03-08 22:00:00,0.0004,2.9166666666666665,0.272256,2018-03-06,11.2,Oran
2018-03-08 22:30:00,0.0002,2.9375,0.136128,2018-03-06,11.2,Oran
2018-03-08 23:00:00,0.0,2.9583333333333335,0.0,2018-03-06,11.2,Oran
2018-03-08 23:30:00,0.0,2.9791666666666665,0.0,2018-03-06,11.2,Oran
2018-03-09 00:00:00,0.0005,3.0,0.34032,2018-03-06,11.2,Oran
2018-03-09 00:30:00,0.0007,3.0208333333333335,0.476448,2018-03-06,11.2,Oran
2018-03-09 01:00:00,0.0009000000000000001,3.0416666666666665,0.612576,2018-03-06,11.2,Oran
2018-03-09 01:30:00,0.001,3.0625,0.68064,2018-03-06,11.2,Oran
2018-03-09 02:00:00,0.0,3.0833333333333335,0.0,2018-03-06,11.2,Oran
2018-03-09 02:30:00,0.0,3.1041666666666665,0.0,2018-03-06,11.2,Oran
2018-03-09 03:00:00,0.0,3.125,0.0,2018-03-06,11.2,Oran
2018-03-09 03:30:00,0.0,3.1458333333333335,0.0,2018-03-06,11.2,Oran
2018-03-09 04:00:00,0.0,3.1666666666666665,0.0,2018-03-06,11.2,Oran
2018-03-09 04:30:00,0.0,3.1875,0.0,2018-03-06,11.2,Oran
2018-03-09 05:00:00,0.0,3.2083333333333335,0.0,2018-03-06,11.2,Oran
2018-03-09 05:30:00,0.0,3.2291666666666665,0.0,2018-03-06,11.2,Oran
2018-03-09 06:00:00,0.0,3.25,0.0,2018-03-06,11.2,Oran
2018-03-09 06:30:00,0.0,3.2708333333333335,0.0,2018-03-06,11.2,Oran
2018-03-09 07:00:00,0.007,3.2916666666666665,4.76448,2018-03-06,11.2,Oran
2018-03-09 07:30:00,0.0364,3.3125,24.775296,2018-03-06,11.2,Oran
2018-03-09 08:00:00,0.0709,3.3333333333333335,48.257376,2018-03-06,11.2,Oran
2018-03-09 08:30:00,0.10880000000000001,3.3541666666666665,74.05363200000001,2018-03-06,11.2,Oran
2018-03-09 09:00:00,0.12840000000000001,3.375,87.394176,2018-03-06,11.2,Oran
2018-03-09 09:30:00,0.1807,3.3958333333333335,122.991648,2018-03-06,11.2,Oran
2018-03-09 10:00:00,0.17850000000000002,3.4166666666666665,121.49424,2018-03-06,11.2,Oran
2018-03-09 11:00:00,0.2963,3.4583333333333335,201.673632,2018-03-06,11.2,Oran
2018-03-09 11:30:00,0.28750000000000003,3.4791666666666665,195.68400000000003,2018-03-06,11.2,Oran
2018-03-09 12:00:00,0.3052,3.5,207.73132800000002,2018-03-06,11.2,Oran
2018-03-09 12:30:00,0.3048,3.5208333333333335,207.45907200000002,2018-03-06,11.2,Oran
2018-03-09 13:00:00,0.3083,3.5416666666666665,209.84131200000002,2018-03-06,11.2,Oran
2018-03-09 13:30:00,0.2998,3.5625,204.055872,2018-03-06,11.2,Oran
2018-03-09 14:00:00,0.28400000000000003,3.5833333333333335,193.30176000000003,2018-03-06,11.2,Oran
2018-03-09 14:30:00,0.2585,3.6041666666666665,175.94544,2018-03-06,11.2,Oran
2018-03-09 15:00:00,0.23800000000000002,3.625,161.99232,2018-03-06,11.2,Oran
2018-03-09 15:30:00,0.1892,3.6458333333333335,128.777088,2018-03-06,11.2,Oran
2018-03-09 16:00:00,0.1555,3.6666666666666665,105.83952,2018-03-06,11.2,Oran
2018-03-09 16:30:00,0.0786,3.6875,53.498304000000005,2018-03-06,11.2,Oran
2018-03-09 17:00:00,0.043300000000000005,3.7083333333333335,29.471712000000004,2018-03-06,11.2,Oran
2018-03-09 17:30:00,0.013600000000000001,3.7291666666666665,9.256704000000001,2018-03-06,11.2,Oran
2018-03-09 18:00:00,0.010700000000000001,3.75,7.282848,2018-03-06,11.2,Oran
2018-03-09 18:30:00,0.0097,3.7708333333333335,6.602208,2018-03-06,11.2,Oran
2018-03-09 19:00:00,0.008700000000000001,3.7916666666666665,5.921568000000001,2018-03-06,11.2,Oran
2018-03-09 19:30:00,0.0088,3.8125,5.989632,2018-03-06,11.2,Oran
2018-03-09 20:00:00,0.0045000000000000005,3.8333333333333335,3.0628800000000003,2018-03-06,11.2,Oran
2018-03-09 20:30:00,0.0037,3.8541666666666665,2.518368,2018-03-06,11.2,Oran
2018-03-09 21:00:00,0.0077,3.875,5.240928,2018-03-06,11.2,Oran
2018-03-09 21:30:00,0.0029000000000000002,3.8958333333333335,1.973856,2018-03-06,11.2,Oran
2018-03-09 22:00:00,0.0029000000000000002,3.9166666666666665,1.973856,2018-03-06,11.2,Oran
2018-03-09 22:30:00,0.0021000000000000003,3.9375,1.4293440000000002,2018-03-06,11.2,Oran
2018-03-09 23:00:00,0.0014,3.9583333333333335,0.952896,2018-03-06,11.2,Oran
2018-03-09 23:30:00,0.0067,3.9791666666666665,4.560288,2018-03-06,11.2,Oran
2018-03-10 00:00:00,0.006200000000000001,4.0,4.219968000000001,2018-03-06,11.2,Oran
2018-03-10 00:30:00,0.0061,4.020833333333333,4.151904,2018-03-06,11.2,Oran
2018-03-10 01:00:00,0.0061,4.041666666666667,4.151904,2018-03-06,11.2,Oran
2018-03-10 01:30:00,0.0056,4.0625,3.811584,2018-03-06,11.2,Oran
2018-03-10 02:00:00,0.005200000000000001,4.083333333333333,3.5393280000000003,2018-03-06,11.2,Oran
2018-03-10 02:30:00,0.003,4.104166666666667,2.04192,2018-03-06,11.2,Oran
2018-03-10 03:00:00,0.006200000000000001,4.125,4.219968000000001,2018-03-06,11.2,Oran
2018-03-10 03:30:00,0.0064,4.145833333333333,4.356096,2018-03-06,11.2,Oran
2018-03-10 04:00:00,0.0066,4.166666666666667,4.492224,2018-03-06,11.2,Oran
2018-03-10 04:30:00,0.0028,4.1875,1.905792,2018-03-06,11.2,Oran
2018-03-10 05:00:00,0.002,4.208333333333333,1.36128,2018-03-06,11.2,Oran
2018-03-10 05:30:00,0.002,4.229166666666667,1.36128,2018-03-06,11.2,Oran
2018-03-10 06:00:00,0.0021000000000000003,4.25,1.4293440000000002,2018-03-06,11.2,Oran
2018-03-10 06:30:00,0.0026000000000000003,4.270833333333333,1.7696640000000001,2018-03-06,11.2,Oran
2018-03-10 07:00:00,0.0054,4.291666666666667,3.675456,2018-03-06,11.2,Oran
2018-03-10 07:30:00,0.038700000000000005,4.3125,26.340768000000004,2018-03-06,11.2,Oran
2018-03-10 08:00:00,0.0806,4.333333333333333,54.859584000000005,2018-03-06,11.2,Oran
2018-03-10 08:30:00,0.117,4.354166666666667,79.63488000000001,2018-03-06,11.2,Oran
2018-03-10 09:00:00,0.1522,4.375,103.593408,2018-03-06,11.2,Oran
2018-03-10 09:30:00,0.19160000000000002,4.395833333333333,130.410624,2018-03-06,11.2,Oran
2018-03-10 10:00:00,0.2248,4.416666666666667,153.007872,2018-03-06,11.2,Oran
2018-03-10 10:30:00,0.25780000000000003,4.4375,175.46899200000001,2018-03-06,11.2,Oran
2018-03-10 11:00:00,0.2738,4.458333333333333,186.359232,2018-03-06,11.2,Oran
2018-03-10 11:30:00,0.2303,4.479166666666667,156.751392,2018-03-06,11.2,Oran
2018-03-10 12:00:00,0.1318,4.5,89.708352,2018-03-06,11.2,Oran
2018-03-10 12:30:00,0.1269,4.520833333333333,86.37321600000001,2018-03-06,11.2,Oran
2018-03-10 13:00:00,0.07250000000000001,4.541666666666667,49.3464,2018-03-06,11.2,Oran
2018-03-10 13:30:00,0.16640000000000002,4.5625,113.25849600000001,2018-03-06,11.2,Oran
2018-03-10 14:00:00,0.08420000000000001,4.583333333333333,57.30988800000001,2018-03-06,11.2,Oran
2018-03-10 14:30:00,0.0883,4.604166666666667,60.100512,2018-03-06,11.2,Oran
2018-03-10 15:00:00,0.040400000000000005,4.625,27.497856000000002,2018-03-06,11.2,Oran
2018-03-10 15:30:00,0.0193,4.645833333333333,13.136352,2018-03-06,11.2,Oran
2018-03-10 16:00:00,0.0071,4.666666666666667,4.832544,2018-03-06,11.2,Oran
2018-03-10 16:30:00,0.0103,4.6875,7.010592,2018-03-06,11.2,Oran
2018-03-10 17:00:00,0.009600000000000001,4.708333333333333,6.534144,2018-03-06,11.2,Oran
2018-03-10 17:30:00,0.0091,4.729166666666667,6.193824,2018-03-06,11.2,Oran
2018-03-10 18:00:00,0.012,4.75,8.16768,2018-03-06,11.2,Oran
2018-03-10 18:30:00,0.012100000000000001,4.770833333333333,8.235744,2018-03-06,11.2,Oran
2018-03-10 19:00:00,0.012100000000000001,4.791666666666667,8.235744,2018-03-06,11.2,Oran
2018-03-10 19:30:00,0.012,4.8125,8.16768,2018-03-06,11.2,Oran
2018-03-10 20:00:00,0.0118,4.833333333333333,8.031552,2018-03-06,11.2,Oran
2018-03-10 20:30:00,0.0112,4.854166666666667,7.623168,2018-03-06,11.2,Oran
2018-03-10 21:00:00,0.0106,4.875,7.214784,2018-03-06,11.2,Oran
2018-03-10 21:30:00,0.0048000000000000004,4.895833333333333,3.267072,2018-03-06,11.2,Oran
2018-03-10 22:00:00,0.0048000000000000004,4.916666666666667,3.267072,2018-03-06,11.2,Oran
2018-03-10 22:30:00,0.0045000000000000005,4.9375,3.0628800000000003,2018-03-06,11.2,Oran
2018-03-10 23:00:00,0.0091,4.958333333333333,6.193824,2018-03-06,11.2,Oran
2018-03-10 23:30:00,0.0022,4.979166666666667,1.497408,2018-03-06,11.2,Oran
2018-03-11 00:00:00,0.0004,5.0,0.272256,2018-03-06,11.2,Oran
2018-03-11 00:30:00,0.001,5.020833333333333,0.68064,2018-03-06,11.2,Oran
2018-03-11 01:00:00,0.0071,5.041666666666667,4.832544,2018-03-06,11.2,Oran
2018-03-11 01:30:00,0.007500000000000001,5.0625,5.1048,2018-03-06,11.2,Oran
2018-03-11 02:00:00,0.0079,5.083333333333333,5.3770560000000005,2018-03-06,11.2,Oran
2018-03-11 02:30:00,0.0059,5.104166666666667,4.015776,2018-03-06,11.2,Oran
2018-03-11 03:00:00,0.007500000000000001,5.125,5.1048,2018-03-06,11.2,Oran
2018-03-11 03:30:00,0.0045000000000000005,5.145833333333333,3.0628800000000003,2018-03-06,11.2,Oran
2018-03-11 04:00:00,0.007500000000000001,5.166666666666667,5.1048,2018-03-06,11.2,Oran
2018-03-11 04:30:00,0.0079,5.1875,5.3770560000000005,2018-03-06,11.2,Oran
2018-03-11 05:00:00,0.0083,5.208333333333333,5.649312,2018-03-06,11.2,Oran
2018-03-11 05:30:00,0.008400000000000001,5.229166666666667,5.717376000000001,2018-03-06,11.2,Oran
2018-03-11 06:00:00,0.0073,5.25,4.968672,2018-03-06,11.2,Oran
2018-03-11 06:30:00,0.0089,5.270833333333333,6.057696,2018-03-06,11.2,Oran
2018-03-11 07:00:00,0.0105,5.291666666666667,7.14672,2018-03-06,11.2,Oran
2018-03-11 07:30:00,0.0099,5.3125,6.738336,2018-03-06,11.2,Oran
2018-03-11 08:00:00,0.0128,5.333333333333333,8.712192,2018-03-06,11.2,Oran
2018-03-11 08:30:00,0.037700000000000004,5.354166666666667,25.660128000000004,2018-03-06,11.2,Oran
2018-03-11 09:00:00,0.0565,5.375,38.45616,2018-03-06,11.2,Oran
2018-03-11 09:30:00,0.12100000000000001,5.395833333333333,82.35744000000001,2018-03-06,11.2,Oran
2018-03-11 10:00:00,0.14170000000000002,5.416666666666667,96.44668800000001,2018-03-06,11.2,Oran
2018-03-11 10:30:00,0.16490000000000002,5.4375,112.237536,2018-03-06,11.2,Oran
2018-03-11 11:00:00,0.1867,5.458333333333333,127.075488,2018-03-06,11.2,Oran
2018-03-11 11:30:00,0.1504,5.479166666666667,102.368256,2018-03-06,11.2,Oran
2018-03-11 12:00:00,0.18630000000000002,5.5,126.80323200000001,2018-03-06,11.2,Oran
2018-03-11 12:30:00,0.1348,5.520833333333333,91.750272,2018-03-06,11.2,Oran
2018-03-11 13:00:00,0.1867,5.541666666666667,127.075488,2018-03-06,11.2,Oran
2018-03-11 13:30:00,0.10360000000000001,5.5625,70.51430400000001,2018-03-06,11.2,Oran
2018-03-11 14:00:00,0.0441,5.583333333333333,30.016224,2018-03-06,11.2,Oran
2018-03-11 14:30:00,0.1313,5.604166666666667,89.368032,2018-03-06,11.2,Oran
2018-03-11 15:00:00,0.0251,5.625,17.084064,2018-03-06,11.2,Oran
2018-03-11 15:30:00,0.013000000000000001,5.645833333333333,8.848320000000001,2018-03-06,11.2,Oran
2018-03-11 16:00:00,,5.666666666666667,,2018-03-06,11.2,Oran
2018-03-11 16:30:00,0.045200000000000004,5.6875,30.764928,2018-03-06,11.2,Oran
2018-03-11 17:00:00,0.028,5.708333333333333,19.05792,2018-03-06,11.2,Oran
2018-03-11 17:30:00,0.0076,5.729166666666667,5.172864,2018-03-06,11.2,Oran
2018-03-11 18:00:00,0.0094,5.75,6.398016,2018-03-06,11.2,Oran
2018-03-11 18:30:00,0.0068000000000000005,5.770833333333333,4.6283520000000005,2018-03-06,11.2,Oran
2018-03-11 19:00:00,0.0067,5.791666666666667,4.560288,2018-03-06,11.2,Oran
2018-03-11 19:30:00,0.006900000000000001,5.8125,4.696416,2018-03-06,11.2,Oran
2018-03-11 20:00:00,0.0071,5.833333333333333,4.832544,2018-03-06,11.2,Oran
2018-03-11 20:30:00,0.0073,5.854166666666667,4.968672,2018-03-06,11.2,Oran
2018-03-11 21:00:00,0.0074,5.875,5.036736,2018-03-06,11.2,Oran
2018-03-11 21:30:00,0.0067,5.895833333333333,4.560288,2018-03-06,11.2,Oran
2018-03-11 22:00:00,0.006,5.916666666666667,4.08384,2018-03-06,11.2,Oran
2018-03-11 22:30:00,0.0061,5.9375,4.151904,2018-03-06,11.2,Oran
2018-03-11 23:00:00,0.0079,5.958333333333333,5.3770560000000005,2018-03-06,11.2,Oran
2018-03-11 23:30:00,0.0082,5.979166666666667,5.581248,2018-03-06,11.2,Oran
2018-03-12 00:00:00,0.0068000000000000005,6.0,4.6283520000000005,2018-03-06,11.2,Oran
2018-03-12 00:30:00,0.007,6.020833333333333,4.76448,2018-03-06,11.2,Oran
2018-03-12 01:00:00,0.0073,6.041666666666667,4.968672,2018-03-06,11.2,Oran
2018-03-12 01:30:00,0.007200000000000001,6.0625,4.900608,2018-03-06,11.2,Oran
2018-03-12 02:00:00,0.0071,6.083333333333333,4.832544,2018-03-06,11.2,Oran
2018-03-12 02:30:00,0.007500000000000001,6.104166666666667,5.1048,2018-03-06,11.2,Oran
2018-03-12 03:00:00,0.0079,6.125,5.3770560000000005,2018-03-06,11.2,Oran
2018-03-12 03:30:00,0.008700000000000001,6.145833333333333,5.921568000000001,2018-03-06,11.2,Oran
2018-03-12 04:00:00,0.0114,6.166666666666667,7.759296,2018-03-06,11.2,Oran
2018-03-12 04:30:00,0.0097,6.1875,6.602208,2018-03-06,11.2,Oran
2018-03-12 05:00:00,0.0099,6.208333333333333,6.738336,2018-03-06,11.2,Oran
2018-03-12 05:30:00,0.0094,6.229166666666667,6.398016,2018-03-06,11.2,Oran
2018-03-12 06:00:00,0.0089,6.25,6.057696,2018-03-06,11.2,Oran
2018-03-12 06:30:00,0.0089,6.270833333333333,6.057696,2018-03-06,11.2,Oran
2018-03-12 07:00:00,0.020300000000000002,6.291666666666667,13.816992,2018-03-06,11.2,Oran
2018-03-12 07:30:00,0.037700000000000004,6.3125,25.660128000000004,2018-03-06,11.2,Oran
2018-03-12 08:00:00,0.057800000000000004,6.333333333333333,39.340992,2018-03-06,11.2,Oran
2018-03-12 08:30:00,0.07970000000000001,6.354166666666667,54.247008,2018-03-06,11.2,Oran
2018-03-12 09:00:00,0.1042,6.375,70.922688,2018-03-06,11.2,Oran
2018-03-12 09:30:00,0.13090000000000002,6.395833333333333,89.09577600000001,2018-03-06,11.2,Oran
2018-03-12 10:00:00,0.1569,6.416666666666667,106.792416,2018-03-06,11.2,Oran
2018-03-12 10:30:00,0.1752,6.4375,119.248128,2018-03-06,11.2,Oran
2018-03-12 11:00:00,0.1905,6.458333333333333,129.66192,2018-03-06,11.2,Oran
2018-03-12 11:30:00,0.2023,6.479166666666667,137.693472,2018-03-06,11.2,Oran
2018-03-12 12:00:00,0.21300000000000002,6.5,144.97632000000002,2018-03-06,11.2,Oran
2018-03-12 12:30:00,0.2034,6.520833333333333,138.442176,2018-03-06,11.2,Oran
2018-03-12 13:00:00,0.19090000000000001,6.541666666666667,129.934176,2018-03-06,11.2,Oran
2018-03-12 13:30:00,0.20570000000000002,6.5625,140.00764800000002,2018-03-06,11.2,Oran
2018-03-12 14:00:00,0.16970000000000002,6.583333333333333,115.504608,2018-03-06,11.2,Oran
2018-03-12 14:30:00,0.1439,6.604166666666667,97.944096,2018-03-06,11.2,Oran
2018-03-12 15:00:00,0.1593,6.625,108.425952,2018-03-06,11.2,Oran
2018-03-12 15:30:00,0.1174,6.645833333333333,79.90713600000001,2018-03-06,11.2,Oran
2018-03-12 16:00:00,0.1042,6.666666666666667,70.922688,2018-03-06,11.2,Oran
2018-03-12 16:30:00,0.0582,6.6875,39.613248,2018-03-06,11.2,Oran
2018-03-12 17:00:00,0.0616,6.708333333333333,41.927424,2018-03-06,11.2,Oran
2018-03-12 17:30:00,0.030600000000000002,6.729166666666667,20.827584,2018-03-06,11.2,Oran
2018-03-12 18:00:00,0.0173,6.75,11.775072,2018-03-06,11.2,Oran
2018-03-12 18:30:00,0.0148,6.770833333333333,10.073472,2018-03-06,11.2,Oran
2018-03-12 19:00:00,0.011600000000000001,6.791666666666667,7.895424,2018-03-06,11.2,Oran
2018-03-12 19:30:00,0.0092,6.8125,6.261888,2018-03-06,11.2,Oran
2018-03-12 20:00:00,0.0142,6.833333333333333,9.665088,2018-03-06,11.2,Oran
2018-03-12 20:30:00,0.0117,6.854166666666667,7.963488,2018-03-06,11.2,Oran
2018-03-12 21:00:00,0.0086,6.875,5.853504,2018-03-06,11.2,Oran
2018-03-12 21:30:00,0.007200000000000001,6.895833333333333,4.900608,2018-03-06,11.2,Oran
2018-03-12 22:00:00,0.0057,6.916666666666667,3.879648,2018-03-06,11.2,Oran
2018-03-12 22:30:00,0.0067,6.9375,4.560288,2018-03-06,11.2,Oran
2018-03-12 23:00:00,0.0023,6.958333333333333,1.565472,2018-03-06,11.2,Oran
2018-03-12 23:30:00,0.0054,6.979166666666667,3.675456,2018-03-06,11.2,Oran
2018-03-13 00:00:00,0.0049,7.0,3.335136,2018-03-06,11.2,Oran
2018-03-13 00:30:00,0.0,7.020833333333333,0.0,2018-03-06,11.2,Oran
2018-03-13 01:00:00,0.0,7.041666666666667,0.0,2018-03-06,11.2,Oran
2018-03-13 01:30:00,0.0,7.0625,0.0,2018-03-06,11.2,Oran
2018-03-13 02:00:00,0.0022,7.083333333333333,1.497408,2018-03-06,11.2,Oran
2018-03-13 02:30:00,0.0019,7.104166666666667,1.293216,2018-03-06,11.2,Oran
2018-03-13 03:00:00,0.0,7.125,0.0,2018-03-06,11.2,Oran
2018-03-13 03:30:00,0.0022,7.145833333333333,1.497408,2018-03-06,11.2,Oran
2018-03-13 04:00:00,0.0,7.166666666666667,0.0,2018-03-06,11.2,Oran
2018-03-13 04:30:00,0.003,7.1875,2.04192,2018-03-06,11.2,Oran
2018-03-13 05:00:00,0.0036000000000000003,7.208333333333333,2.450304,2018-03-06,11.2,Oran
2018-03-13 05:30:00,0.0037,7.229166666666667,2.518368,2018-03-06,11.2,Oran
2018-03-13 06:00:00,0.0,7.25,0.0,2018-03-06,11.2,Oran
2018-03-13 06:30:00,0.0,7.270833333333333,0.0,2018-03-06,11.2,Oran
2018-03-13 07:00:00,0.0119,7.291666666666667,8.099616000000001,2018-03-06,11.2,Oran
2018-03-13 07:30:00,0.026500000000000003,7.3125,18.03696,2018-03-06,11.2,Oran
2018-03-13 08:00:00,0.059300000000000005,7.333333333333333,40.361952,2018-03-06,11.2,Oran
2018-03-13 08:30:00,0.0855,7.354166666666667,58.194720000000004,2018-03-06,11.2,Oran
2018-03-13 09:00:00,0.043500000000000004,7.375,29.607840000000003,2018-03-06,11.2,Oran
2018-03-13 09:30:00,0.1472,7.395833333333333,100.190208,2018-03-06,11.2,Oran
2018-03-13 10:00:00,0.1826,7.416666666666667,124.284864,2018-03-06,11.2,Oran
2018-03-13 10:30:00,0.1976,7.4375,134.494464,2018-03-06,11.2,Oran
2018-03-13 11:00:00,0.1998,7.458333333333333,135.991872,2018-03-06,11.2,Oran
2018-03-13 11:30:00,0.18430000000000002,7.479166666666667,125.44195200000001,2018-03-06,11.2,Oran
2018-03-13 12:00:00,0.1857,7.5,126.394848,2018-03-06,11.2,Oran
2018-03-13 12:30:00,0.227,7.520833333333333,154.50528,2018-03-06,11.2,Oran
2018-03-13 13:00:00,0.2484,7.541666666666667,169.070976,2018-03-06,11.2,Oran
2018-03-13 13:30:00,0.23290000000000002,7.5625,158.52105600000002,2018-03-06,11.2,Oran
2018-03-13 14:00:00,0.2303,7.583333333333333,156.751392,2018-03-06,11.2,Oran
2018-03-13 14:30:00,0.20090000000000002,7.604166666666667,136.740576,2018-03-06,11.2,Oran
2018-03-13 15:00:00,0.1744,7.625,118.703616,2018-03-06,11.2,Oran
2018-03-13 15:30:00,0.14730000000000001,7.645833333333333,100.258272,2018-03-06,11.2,Oran
2018-03-13 16:00:00,0.0927,7.666666666666667,63.095328,2018-03-06,11.2,Oran
2018-03-13 16:30:00,0.0374,7.6875,25.455936,2018-03-06,11.2,Oran
2018-03-13 17:00:00,0.023100000000000002,7.708333333333333,15.722784,2018-03-06,11.2,Oran
2018-03-13 17:30:00,0.017,7.729166666666667,11.57088,2018-03-06,11.2,Oran
2018-03-13 18:00:00,0.016800000000000002,7.75,11.434752000000001,2018-03-06,11.2,Oran
2018-03-13 18:30:00,0.015300000000000001,7.770833333333333,10.413792,2018-03-06,11.2,Oran
2018-03-13 19:00:00,0.013800000000000002,7.791666666666667,9.392832,2018-03-06,11.2,Oran
2018-03-13 19:30:00,0.0128,7.8125,8.712192,2018-03-06,11.2,Oran
2018-03-13 20:00:00,0.0118,7.833333333333333,8.031552,2018-03-06,11.2,Oran
2018-03-13 20:30:00,0.011000000000000001,7.854166666666667,7.48704,2018-03-06,11.2,Oran
2018-03-13 21:00:00,0.0102,7.875,6.942528,2018-03-06,11.2,Oran
2018-03-13 21:30:00,0.0089,7.895833333333333,6.057696,2018-03-06,11.2,Oran
2018-03-13 22:00:00,0.0046,7.916666666666667,3.130944,2018-03-06,11.2,Oran
2018-03-13 22:30:00,0.007,7.9375,4.76448,2018-03-06,11.2,Oran
2018-03-13 23:00:00,0.0064,7.958333333333333,4.356096,2018-03-06,11.2,Oran
2018-03-13 23:30:00,0.0057,7.979166666666667,3.879648,2018-03-06,11.2,Oran
2018-03-14 00:00:00,0.0046,8.0,3.130944,2018-03-06,11.2,Oran
2018-03-14 00:30:00,0.0,8.020833333333334,0.0,2018-03-06,11.2,Oran
2018-03-14 01:00:00,0.0,8.041666666666666,0.0,2018-03-06,11.2,Oran
2018-03-14 01:30:00,0.0,8.0625,0.0,2018-03-06,11.2,Oran
2018-03-14 02:00:00,0.0,8.083333333333334,0.0,2018-03-06,11.2,Oran
2018-03-14 02:30:00,0.0015,8.104166666666666,1.02096,2018-03-06,11.2,Oran
2018-03-14 03:00:00,0.0,8.125,0.0,2018-03-06,11.2,Oran
2018-03-14 03:30:00,0.0017000000000000001,8.145833333333334,1.1570880000000001,2018-03-06,11.2,Oran
2018-03-14 04:00:00,0.0,8.166666666666666,0.0,2018-03-06,11.2,Oran
2018-03-14 04:30:00,0.002,8.1875,1.36128,2018-03-06,11.2,Oran
2018-03-14 05:00:00,0.0022,8.208333333333334,1.497408,2018-03-06,11.2,Oran
2018-03-14 05:30:00,0.0024000000000000002,8.229166666666666,1.633536,2018-03-06,11.2,Oran
2018-03-14 06:00:00,0.0025,8.25,1.7016,2018-03-06,11.2,Oran
2018-03-14 06:30:00,0.0029000000000000002,8.270833333333334,1.973856,2018-03-06,11.2,Oran
2018-03-14 07:00:00,0.0074,8.291666666666666,5.036736,2018-03-06,11.2,Oran
2018-03-14 07:30:00,0.0313,8.3125,21.304032,2018-03-06,11.2,Oran
2018-03-14 08:00:00,0.0176,8.333333333333334,11.979264,2018-03-06,11.2,Oran
2018-03-14 08:30:00,0.0273,8.354166666666666,18.581472,2018-03-06,11.2,Oran
2018-03-14 09:00:00,0.0521,8.375,35.461344,2018-03-06,11.2,Oran
2018-03-14 09:30:00,0.08020000000000001,8.395833333333334,54.58732800000001,2018-03-06,11.2,Oran
2018-03-14 10:00:00,0.1116,8.416666666666666,75.959424,2018-03-06,11.2,Oran
2018-03-14 10:30:00,0.117,8.4375,79.63488000000001,2018-03-06,11.2,Oran
2018-03-14 11:00:00,0.11410000000000001,8.458333333333334,77.661024,2018-03-06,11.2,Oran
2018-03-14 11:30:00,0.10650000000000001,8.479166666666666,72.48816000000001,2018-03-06,11.2,Oran
2018-03-14 12:00:00,0.1263,8.5,85.964832,2018-03-06,11.2,Oran
2018-03-14 12:30:00,0.1326,8.520833333333334,90.25286399999999,2018-03-06,11.2,Oran
2018-03-14 13:00:00,0.1799,8.541666666666666,122.447136,2018-03-06,11.2,Oran
2018-03-14 13:30:00,0.10790000000000001,8.5625,73.441056,2018-03-06,11.2,Oran
2018-03-14 14:00:00,0.0945,8.583333333333334,64.32048,2018-03-06,11.2,Oran
2018-03-14 14:30:00,0.0891,8.604166666666666,60.645024,2018-03-06,11.2,Oran
2018-03-14 15:00:00,0.0436,8.625,29.675904,2018-03-06,11.2,Oran
2018-03-14 15:30:00,0.0629,8.645833333333334,42.812256,2018-03-06,11.2,Oran
2018-03-14 16:00:00,0.0179,8.666666666666666,12.183456,2018-03-06,11.2,Oran
2018-03-14 16:30:00,0.0354,8.6875,24.094656,2018-03-06,11.2,Oran
2018-03-14 17:00:00,0.0148,8.708333333333334,10.073472,2018-03-06,11.2,Oran
2018-03-14 17:30:00,0.0151,8.729166666666666,10.277664,2018-03-06,11.2,Oran
2018-03-14 18:00:00,0.0154,8.75,10.481856,2018-03-06,11.2,Oran
2018-03-14 18:30:00,0.014400000000000001,8.770833333333334,9.801216,2018-03-06,11.2,Oran
2018-03-14 19:00:00,0.015300000000000001,8.791666666666666,10.413792,2018-03-06,11.2,Oran
2018-03-14 19:30:00,0.010400000000000001,8.8125,7.0786560000000005,2018-03-06,11.2,Oran
2018-03-14 20:00:00,0.0128,8.833333333333334,8.712192,2018-03-06,11.2,Oran
2018-03-14 20:30:00,0.010400000000000001,8.854166666666666,7.0786560000000005,2018-03-06,11.2,Oran
2018-03-14 21:00:00,0.009600000000000001,8.875,6.534144,2018-03-06,11.2,Oran
2018-03-14 21:30:00,0.009300000000000001,8.895833333333334,6.3299520000000005,2018-03-06,11.2,Oran
2018-03-14 22:00:00,0.0091,8.916666666666666,6.193824,2018-03-06,11.2,Oran
2018-03-14 22:30:00,0.0086,8.9375,5.853504,2018-03-06,11.2,Oran
2018-03-14 23:00:00,0.0081,8.958333333333334,5.513184,2018-03-06,11.2,Oran
2018-03-14 23:30:00,0.007500000000000001,8.979166666666666,5.1048,2018-03-06,11.2,Oran
2018-03-15 00:00:00,0.0083,9.0,5.649312,2018-03-06,11.2,Oran
2018-03-15 00:30:00,0.0061,9.020833333333334,4.151904,2018-03-06,11.2,Oran
2018-03-15 01:00:00,0.0068000000000000005,9.041666666666666,4.6283520000000005,2018-03-06,11.2,Oran
2018-03-15 01:30:00,0.0054,9.0625,3.675456,2018-03-06,11.2,Oran
2018-03-15 02:00:00,0.0041,9.083333333333334,2.790624,2018-03-06,11.2,Oran
2018-03-15 02:30:00,0.0,9.104166666666666,0.0,2018-03-06,11.2,Oran
2018-03-15 03:00:00,0.0,9.125,0.0,2018-03-06,11.2,Oran
2018-03-15 03:30:00,0.0036000000000000003,9.145833333333334,2.450304,2018-03-06,11.2,Oran
2018-03-15 04:00:00,0.0046,9.166666666666666,3.130944,2018-03-06,11.2,Oran
2018-03-15 04:30:00,0.0053,9.1875,3.607392,2018-03-06,11.2,Oran
2018-03-15 05:00:00,0.0061,9.208333333333334,4.151904,2018-03-06,11.2,Oran
2018-03-15 05:30:00,0.006200000000000001,9.229166666666666,4.219968000000001,2018-03-06,11.2,Oran
2018-03-15 06:00:00,0.0064,9.25,4.356096,2018-03-06,11.2,Oran
2018-03-15 06:30:00,0.0063,9.270833333333334,4.288032,2018-03-06,11.2,Oran
2018-03-15 07:00:00,0.006200000000000001,9.291666666666666,4.219968000000001,2018-03-06,11.2,Oran
2018-03-15 07:30:00,0.008400000000000001,9.3125,5.717376000000001,2018-03-06,11.2,Oran
2018-03-15 08:00:00,0.0123,9.333333333333334,8.371872,2018-03-06,11.2,Oran
2018-03-15 08:30:00,0.0268,9.354166666666666,18.241152,2018-03-06,11.2,Oran
2018-03-15 09:00:00,0.06810000000000001,9.375,46.351584,2018-03-06,11.2,Oran
2018-03-15 09:30:00,0.044500000000000005,9.395833333333334,30.288480000000003,2018-03-06,11.2,Oran
2018-03-15 10:00:00,0.094,9.416666666666666,63.98016,2018-03-06,11.2,Oran
2018-03-15 10:30:00,0.1194,9.4375,81.268416,2018-03-06,11.2,Oran
2018-03-15 11:00:00,0.1258,9.458333333333334,85.624512,2018-03-06,11.2,Oran
2018-03-15 11:30:00,0.13720000000000002,9.479166666666666,93.38380800000002,2018-03-06,11.2,Oran
2018-03-15 12:00:00,0.2006,9.5,136.536384,2018-03-06,11.2,Oran
2018-03-15 12:30:00,0.21050000000000002,9.520833333333334,143.27472,2018-03-06,11.2,Oran
2018-03-15 13:00:00,0.2174,9.541666666666666,147.971136,2018-03-06,11.2,Oran
2018-03-15 13:30:00,0.1744,9.5625,118.703616,2018-03-06,11.2,Oran
2018-03-15 14:00:00,0.186,9.583333333333334,126.59904,2018-03-06,11.2,Oran
2018-03-15 14:30:00,0.09910000000000001,9.604166666666666,67.451424,2018-03-06,11.2,Oran
2018-03-15 15:00:00,0.13440000000000002,9.625,91.47801600000001,2018-03-06,11.2,Oran
2018-03-15 15:30:00,0.0555,9.645833333333334,37.77552,2018-03-06,11.2,Oran
2018-03-15 16:00:00,0.0472,9.666666666666666,32.126208,2018-03-06,11.2,Oran
2018-03-15 16:30:00,0.0414,9.6875,28.178496,2018-03-06,11.2,Oran
2018-03-15 17:00:00,0.0149,9.708333333333334,10.141536,2018-03-06,11.2,Oran
2018-03-15 17:30:00,0.0151,9.729166666666666,10.277664,2018-03-06,11.2,Oran
2018-03-15 18:00:00,0.0058000000000000005,9.75,3.947712,2018-03-06,11.2,Oran
2018-03-15 18:30:00,0.0055000000000000005,9.770833333333334,3.74352,2018-03-06,11.2,Oran
2018-03-15 19:00:00,0.0049,9.791666666666666,3.335136,2018-03-06,11.2,Oran
2018-03-15 19:30:00,0.0092,9.8125,6.261888,2018-03-06,11.2,Oran
2018-03-15 20:00:00,0.009000000000000001,9.833333333333334,6.1257600000000005,2018-03-06,11.2,Oran
2018-03-15 20:30:00,0.004200000000000001,9.854166666666666,2.8586880000000003,2018-03-06,11.2,Oran
2018-03-15 21:00:00,0.0031000000000000003,9.875,2.1099840000000003,2018-03-06,11.2,Oran
2018-03-15 21:30:00,0.0066,9.895833333333334,4.492224,2018-03-06,11.2,Oran
2018-03-15 22:00:00,0.0027,9.916666666666666,1.837728,2018-03-06,11.2,Oran
2018-03-15 22:30:00,0.0053,9.9375,3.607392,2018-03-06,11.2,Oran
2018-03-15 23:00:00,0.0025,9.958333333333334,1.7016,2018-03-06,11.2,Oran
2018-03-15 23:30:00,0.0,9.979166666666666,0.0,2018-03-06,11.2,Oran
2018-04-02 00:00:00,0.0037,0.0,2.518368,2018-04-02,7.36,Oran
2018-04-02 00:30:00,0.0035,0.020833333333333332,2.38224,2018-04-02,7.36,Oran
2018-04-02 01:00:00,0.0032,0.041666666666666664,2.178048,2018-04-02,7.36,Oran
2018-04-02 01:30:00,0.0032,0.0625,2.178048,2018-04-02,7.36,Oran
2018-04-02 02:00:00,0.0026000000000000003,0.08333333333333333,1.7696640000000001,2018-04-02,7.36,Oran
2018-04-02 02:30:00,0.0031000000000000003,0.10416666666666667,2.1099840000000003,2018-04-02,7.36,Oran
2018-04-02 03:00:00,0.0031000000000000003,0.125,2.1099840000000003,2018-04-02,7.36,Oran
2018-04-02 03:30:00,0.003,0.14583333333333334,2.04192,2018-04-02,7.36,Oran
2018-04-02 04:00:00,0.0024000000000000002,0.16666666666666666,1.633536,2018-04-02,7.36,Oran
2018-04-02 04:30:00,0.003,0.1875,2.04192,2018-04-02,7.36,Oran
2018-04-02 05:00:00,0.0032,0.20833333333333334,2.178048,2018-04-02,7.36,Oran
2018-04-02 05:30:00,0.0026000000000000003,0.22916666666666666,1.7696640000000001,2018-04-02,7.36,Oran
2018-04-02 06:00:00,0.0031000000000000003,0.25,2.1099840000000003,2018-04-02,7.36,Oran
2018-04-02 06:30:00,0.003,0.2708333333333333,2.04192,2018-04-02,7.36,Oran
2018-04-02 07:00:00,0.0029000000000000002,0.2916666666666667,1.973856,2018-04-02,7.36,Oran
2018-04-02 07:30:00,0.01,0.3125,6.8064,2018-04-02,7.36,Oran
2018-04-02 08:00:00,0.0206,0.3333333333333333,14.021184,2018-04-02,7.36,Oran
2018-04-02 08:30:00,0.0522,0.3541666666666667,35.529408000000004,2018-04-02,7.36,Oran
2018-04-02 09:00:00,0.0849,0.375,57.786336,2018-04-02,7.36,Oran
2018-04-02 09:30:00,0.11960000000000001,0.3958333333333333,81.404544,2018-04-02,7.36,Oran
2018-04-02 10:00:00,0.1675,0.4166666666666667,114.0072,2018-04-02,7.36,Oran
2018-04-02 10:30:00,0.1958,0.4375,133.26931199999999,2018-04-02,7.36,Oran
2018-04-02 11:00:00,0.22060000000000002,0.4583333333333333,150.14918400000002,2018-04-02,7.36,Oran
2018-04-02 11:30:00,0.2534,0.4791666666666667,172.474176,2018-04-02,7.36,Oran
2018-04-02 12:00:00,0.27090000000000003,0.5,184.385376,2018-04-02,7.36,Oran
2018-04-02 12:30:00,0.2659,0.5208333333333334,180.982176,2018-04-02,7.36,Oran
2018-04-02 13:00:00,0.2711,0.5416666666666666,184.521504,2018-04-02,7.36,Oran
2018-04-02 13:30:00,0.2505,0.5625,170.50032,2018-04-02,7.36,Oran
2018-04-02 14:00:00,0.2416,0.5833333333333334,164.442624,2018-04-02,7.36,Oran
2018-04-02 14:30:00,0.21610000000000001,0.6041666666666666,147.086304,2018-04-02,7.36,Oran
2018-04-02 15:00:00,0.1507,0.625,102.572448,2018-04-02,7.36,Oran
2018-04-02 15:30:00,0.1262,0.6458333333333334,85.89676800000001,2018-04-02,7.36,Oran
2018-04-02 16:00:00,0.0519,0.6666666666666666,35.325216,2018-04-02,7.36,Oran
2018-04-02 16:30:00,0.011000000000000001,0.6875,7.48704,2018-04-02,7.36,Oran
2018-04-02 17:00:00,0.0195,0.7083333333333334,13.27248,2018-04-02,7.36,Oran
2018-04-02 17:30:00,0.0131,0.7291666666666666,8.916384,2018-04-02,7.36,Oran
2018-04-02 18:00:00,0.0094,0.75,6.398016,2018-04-02,7.36,Oran
2018-04-02 18:30:00,0.0088,0.7708333333333334,5.989632,2018-04-02,7.36,Oran
2018-04-02 19:00:00,0.007200000000000001,0.7916666666666666,4.900608,2018-04-02,7.36,Oran
2018-04-02 19:30:00,0.007200000000000001,0.8125,4.900608,2018-04-02,7.36,Oran
2018-04-02 20:00:00,0.0063,0.8333333333333334,4.288032,2018-04-02,7.36,Oran
2018-04-02 20:30:00,0.0055000000000000005,0.8541666666666666,3.74352,2018-04-02,7.36,Oran
2018-04-02 21:00:00,0.0046,0.875,3.130944,2018-04-02,7.36,Oran
2018-04-02 21:30:00,0.0028,0.8958333333333334,1.905792,2018-04-02,7.36,Oran
2018-04-02 22:00:00,0.004200000000000001,0.9166666666666666,2.8586880000000003,2018-04-02,7.36,Oran
2018-04-02 22:30:00,0.0032,0.9375,2.178048,2018-04-02,7.36,Oran
2018-04-02 23:00:00,0.003,0.9583333333333334,2.04192,2018-04-02,7.36,Oran
2018-04-02 23:30:00,0.0026000000000000003,0.9791666666666666,1.7696640000000001,2018-04-02,7.36,Oran
2018-04-03 00:00:00,0.0021000000000000003,1.0,1.4293440000000002,2018-04-02,7.36,Oran
2018-04-03 00:30:00,0.002,1.0208333333333333,1.36128,2018-04-02,7.36,Oran
2018-04-03 01:00:00,0.0017000000000000001,1.0416666666666667,1.1570880000000001,2018-04-02,7.36,Oran
2018-04-03 01:30:00,0.0022,1.0625,1.497408,2018-04-02,7.36,Oran
2018-04-03 02:00:00,0.002,1.0833333333333333,1.36128,2018-04-02,7.36,Oran
2018-04-03 02:30:00,0.0018000000000000002,1.1041666666666667,1.225152,2018-04-02,7.36,Oran
2018-04-03 03:00:00,0.0017000000000000001,1.125,1.1570880000000001,2018-04-02,7.36,Oran
2018-04-03 03:30:00,0.0007,1.1458333333333333,0.476448,2018-04-02,7.36,Oran
2018-04-03 04:00:00,0.0013000000000000002,1.1666666666666667,0.8848320000000001,2018-04-02,7.36,Oran
2018-04-03 04:30:00,0.0012000000000000001,1.1875,0.816768,2018-04-02,7.36,Oran
2018-04-03 05:00:00,0.0011,1.2083333333333333,0.748704,2018-04-02,7.36,Oran
2018-04-03 05:30:00,0.0011,1.2291666666666667,0.748704,2018-04-02,7.36,Oran
2018-04-03 06:00:00,0.0004,1.25,0.272256,2018-04-02,7.36,Oran
2018-04-03 06:30:00,0.0013000000000000002,1.2708333333333333,0.8848320000000001,2018-04-02,7.36,Oran
2018-04-03 07:00:00,0.0079,1.2916666666666667,5.3770560000000005,2018-04-02,7.36,Oran
2018-04-03 07:30:00,0.031,1.3125,21.09984,2018-04-02,7.36,Oran
2018-04-03 08:00:00,0.0693,1.3333333333333333,47.168352,2018-04-02,7.36,Oran
2018-04-03 08:30:00,0.0959,1.3541666666666667,65.273376,2018-04-02,7.36,Oran
2018-04-03 09:00:00,0.1295,1.375,88.14288,2018-04-02,7.36,Oran
2018-04-03 09:30:00,0.158,1.3958333333333333,107.54111999999999,2018-04-02,7.36,Oran
2018-04-03 10:00:00,0.1844,1.4166666666666667,125.51001600000001,2018-04-02,7.36,Oran
2018-04-03 10:30:00,0.2036,1.4375,138.578304,2018-04-02,7.36,Oran
2018-04-03 11:00:00,0.2152,1.4583333333333333,146.473728,2018-04-02,7.36,Oran
2018-04-03 11:30:00,0.2333,1.4791666666666667,158.79331200000001,2018-04-02,7.36,Oran
2018-04-03 12:00:00,0.24150000000000002,1.5,164.37456,2018-04-02,7.36,Oran
2018-04-03 12:30:00,0.2626,1.5208333333333333,178.736064,2018-04-02,7.36,Oran
2018-04-03 13:00:00,0.24750000000000003,1.5416666666666667,168.4584,2018-04-02,7.36,Oran
2018-04-03 13:30:00,0.2515,1.5625,171.18096,2018-04-02,7.36,Oran
2018-04-03 14:00:00,0.24250000000000002,1.5833333333333333,165.0552,2018-04-02,7.36,Oran
2018-04-03 14:30:00,0.2136,1.6041666666666667,145.384704,2018-04-02,7.36,Oran
2018-04-03 15:00:00,0.1903,1.625,129.525792,2018-04-02,7.36,Oran
2018-04-03 15:30:00,0.1631,1.6458333333333333,111.012384,2018-04-02,7.36,Oran
2018-04-03 16:00:00,0.1346,1.6666666666666667,91.614144,2018-04-02,7.36,Oran
2018-04-03 16:30:00,0.0976,1.6875,66.430464,2018-04-02,7.36,Oran
2018-04-03 17:00:00,0.0724,1.7083333333333333,49.278336,2018-04-02,7.36,Oran
2018-04-03 17:30:00,0.0241,1.7291666666666667,16.403424,2018-04-02,7.36,Oran
2018-04-03 18:00:00,0.0047,1.75,3.199008,2018-04-02,7.36,Oran
2018-04-03 18:30:00,0.004,1.7708333333333333,2.72256,2018-04-02,7.36,Oran
2018-04-03 19:00:00,0.0034000000000000002,1.7916666666666667,2.3141760000000002,2018-04-02,7.36,Oran
2018-04-03 19:30:00,0.0028,1.8125,1.905792,2018-04-02,7.36,Oran
2018-04-03 20:00:00,0.0021000000000000003,1.8333333333333333,1.4293440000000002,2018-04-02,7.36,Oran
2018-04-03 20:30:00,0.0017000000000000001,1.8541666666666667,1.1570880000000001,2018-04-02,7.36,Oran
2018-04-03 21:00:00,0.0013000000000000002,1.875,0.8848320000000001,2018-04-02,7.36,Oran
2018-04-03 21:30:00,0.0029000000000000002,1.8958333333333333,1.973856,2018-04-02,7.36,Oran
2018-04-03 22:00:00,0.0026000000000000003,1.9166666666666667,1.7696640000000001,2018-04-02,7.36,Oran
2018-04-03 22:30:00,0.0015,1.9375,1.02096,2018-04-02,7.36,Oran
2018-04-03 23:00:00,0.0014,1.9583333333333333,0.952896,2018-04-02,7.36,Oran
2018-04-03 23:30:00,0.0002,1.9791666666666667,0.136128,2018-04-02,7.36,Oran
2018-04-04 00:00:00,0.0002,2.0,0.136128,2018-04-02,7.36,Oran
2018-04-04 00:30:00,0.00030000000000000003,2.0208333333333335,0.204192,2018-04-02,7.36,Oran
2018-04-04 01:00:00,0.0004,2.0416666666666665,0.272256,2018-04-02,7.36,Oran
2018-04-04 01:30:00,0.0005,2.0625,0.34032,2018-04-02,7.36,Oran
2018-04-04 02:00:00,0.0006000000000000001,2.0833333333333335,0.408384,2018-04-02,7.36,Oran
2018-04-04 02:30:00,0.0018000000000000002,2.1041666666666665,1.225152,2018-04-02,7.36,Oran
2018-04-04 03:00:00,0.0004,2.125,0.272256,2018-04-02,7.36,Oran
2018-04-04 03:30:00,0.00030000000000000003,2.1458333333333335,0.204192,2018-04-02,7.36,Oran
2018-04-04 04:00:00,0.0001,2.1666666666666665,0.068064,2018-04-02,7.36,Oran
2018-04-04 04:30:00,0.0017000000000000001,2.1875,1.1570880000000001,2018-04-02,7.36,Oran
2018-04-04 05:00:00,0.00030000000000000003,2.2083333333333335,0.204192,2018-04-02,7.36,Oran
2018-04-04 05:30:00,0.00030000000000000003,2.2291666666666665,0.204192,2018-04-02,7.36,Oran
2018-04-04 06:00:00,0.0005,2.25,0.34032,2018-04-02,7.36,Oran
2018-04-04 06:30:00,0.0126,2.2708333333333335,8.576064,2018-04-02,7.36,Oran
2018-04-04 07:00:00,0.0296,2.2916666666666665,20.146944,2018-04-02,7.36,Oran
2018-04-04 07:30:00,0.057600000000000005,2.3125,39.204864,2018-04-02,7.36,Oran
2018-04-04 08:00:00,0.07150000000000001,2.3333333333333335,48.665760000000006,2018-04-02,7.36,Oran
2018-04-04 08:30:00,0.0893,2.3541666666666665,60.781152,2018-04-02,7.36,Oran
2018-04-04 09:00:00,0.1047,2.375,71.263008,2018-04-02,7.36,Oran
2018-04-04 12:00:00,0.20600000000000002,2.5,140.21184,2018-04-02,7.36,Oran
2018-04-04 12:30:00,0.201,2.5208333333333335,136.80864,2018-04-02,7.36,Oran
2018-04-04 13:00:00,0.16670000000000001,2.5416666666666665,113.46268800000001,2018-04-02,7.36,Oran
2018-04-04 13:30:00,0.1943,2.5625,132.248352,2018-04-02,7.36,Oran
2018-04-04 14:00:00,0.1222,2.5833333333333335,83.17420800000001,2018-04-02,7.36,Oran
2018-04-04 14:30:00,0.14800000000000002,2.6041666666666665,100.73472000000001,2018-04-02,7.36,Oran
2018-04-04 15:00:00,0.08600000000000001,2.625,58.53504,2018-04-02,7.36,Oran
2018-04-04 15:30:00,0.09570000000000001,2.6458333333333335,65.137248,2018-04-02,7.36,Oran
2018-04-04 16:00:00,0.059000000000000004,2.6666666666666665,40.15776,2018-04-02,7.36,Oran
2018-04-04 16:30:00,0.08080000000000001,2.6875,54.995712000000005,2018-04-02,7.36,Oran
2018-04-04 17:00:00,0.059500000000000004,2.7083333333333335,40.49808,2018-04-02,7.36,Oran
2018-04-04 17:30:00,0.0341,2.7291666666666665,23.209823999999998,2018-04-02,7.36,Oran
2018-04-04 18:00:00,0.0047,2.75,3.199008,2018-04-02,7.36,Oran
2018-04-04 18:30:00,0.0041,2.7708333333333335,2.790624,2018-04-02,7.36,Oran
2018-04-04 19:00:00,0.0035,2.7916666666666665,2.38224,2018-04-02,7.36,Oran
2018-04-04 19:30:00,0.0031000000000000003,2.8125,2.1099840000000003,2018-04-02,7.36,Oran
2018-04-04 20:00:00,0.0028,2.8333333333333335,1.905792,2018-04-02,7.36,Oran
2018-04-04 20:30:00,0.0025,2.8541666666666665,1.7016,2018-04-02,7.36,Oran
2018-04-04 21:00:00,0.0023,2.875,1.565472,2018-04-02,7.36,Oran
2018-04-04 21:30:00,0.0018000000000000002,2.8958333333333335,1.225152,2018-04-02,7.36,Oran
2018-04-04 22:00:00,0.0013000000000000002,2.9166666666666665,0.8848320000000001,2018-04-02,7.36,Oran
2018-04-04 22:30:00,0.0012000000000000001,2.9375,0.816768,2018-04-02,7.36,Oran
2018-04-04 23:00:00,0.0012000000000000001,2.9583333333333335,0.816768,2018-04-02,7.36,Oran
2018-04-04 23:30:00,0.0009000000000000001,2.9791666666666665,0.612576,2018-04-02,7.36,Oran
2018-04-05 00:00:00,0.0007,3.0,0.476448,2018-04-02,7.36,Oran
2018-04-05 00:30:00,0.0005,3.0208333333333335,0.34032,2018-04-02,7.36,Oran
2018-04-05 01:00:00,0.00030000000000000003,3.0416666666666665,0.204192,2018-04-02,7.36,Oran
2018-04-05 01:30:00,0.0001,3.0625,0.068064,2018-04-02,7.36,Oran
2018-04-05 02:00:00,0.0,3.0833333333333335,0.0,2018-04-02,7.36,Oran
2018-04-05 02:30:00,0.0,3.1041666666666665,0.0,2018-04-02,7.36,Oran
2018-04-05 03:00:00,0.0,3.125,0.0,2018-04-02,7.36,Oran
2018-04-05 03:30:00,0.0,3.1458333333333335,0.0,2018-04-02,7.36,Oran
2018-04-05 04:00:00,0.0,3.1666666666666665,0.0,2018-04-02,7.36,Oran
2018-04-05 04:30:00,0.0,3.1875,0.0,2018-04-02,7.36,Oran
2018-04-05 05:00:00,0.0,3.2083333333333335,0.0,2018-04-02,7.36,Oran
2018-04-05 05:30:00,0.0,3.2291666666666665,0.0,2018-04-02,7.36,Oran
2018-04-05 06:00:00,0.0,3.25,0.0,2018-04-02,7.36,Oran
2018-04-05 06:30:00,0.0078000000000000005,3.2708333333333335,5.308992,2018-04-02,7.36,Oran
2018-04-05 07:00:00,0.025,3.2916666666666665,17.016000000000002,2018-04-02,7.36,Oran
2018-04-05 07:30:00,0.0507,3.3125,34.508448,2018-04-02,7.36,Oran
2018-04-05 08:00:00,0.0818,3.3333333333333335,55.676351999999994,2018-04-02,7.36,Oran
2018-04-05 08:30:00,0.11520000000000001,3.3541666666666665,78.409728,2018-04-02,7.36,Oran
2018-04-05 09:00:00,0.1506,3.375,102.504384,2018-04-02,7.36,Oran
2018-04-05 09:30:00,0.18630000000000002,3.3958333333333335,126.80323200000001,2018-04-02,7.36,Oran
2018-04-05 10:00:00,0.21980000000000002,3.4166666666666665,149.60467200000002,2018-04-02,7.36,Oran
2018-04-05 10:30:00,0.2459,3.4375,167.369376,2018-04-02,7.36,Oran
2018-04-05 11:00:00,0.26280000000000003,3.4583333333333335,178.872192,2018-04-02,7.36,Oran
2018-04-05 11:30:00,0.2727,3.4791666666666665,185.610528,2018-04-02,7.36,Oran
2018-04-05 12:00:00,0.2882,3.5,196.160448,2018-04-02,7.36,Oran
2018-04-05 12:30:00,0.27490000000000003,3.5208333333333335,187.10793600000002,2018-04-02,7.36,Oran
2018-04-05 13:00:00,0.2798,3.5416666666666665,190.443072,2018-04-02,7.36,Oran
2018-04-05 13:30:00,0.2577,3.5625,175.400928,2018-04-02,7.36,Oran
2018-04-05 14:00:00,0.24280000000000002,3.5833333333333335,165.25939200000002,2018-04-02,7.36,Oran
2018-04-05 14:30:00,0.23370000000000002,3.6041666666666665,159.065568,2018-04-02,7.36,Oran
2018-04-05 15:00:00,0.20950000000000002,3.625,142.59408000000002,2018-04-02,7.36,Oran
2018-04-05 15:30:00,0.17700000000000002,3.6458333333333335,120.47328000000002,2018-04-02,7.36,Oran
2018-04-05 16:00:00,0.1236,3.6666666666666665,84.127104,2018-04-02,7.36,Oran
2018-04-05 16:30:00,0.06860000000000001,3.6875,46.69190400000001,2018-04-02,7.36,Oran
2018-04-05 17:00:00,0.0371,3.7083333333333335,25.251744,2018-04-02,7.36,Oran
2018-04-05 17:30:00,0.0172,3.7291666666666665,11.707008,2018-04-02,7.36,Oran
2018-04-05 18:00:00,0.0078000000000000005,3.75,5.308992,2018-04-02,7.36,Oran
2018-04-05 18:30:00,0.008400000000000001,3.7708333333333335,5.717376000000001,2018-04-02,7.36,Oran
2018-04-05 19:00:00,0.0068000000000000005,3.7916666666666665,4.6283520000000005,2018-04-02,7.36,Oran
2018-04-05 19:30:00,0.007200000000000001,3.8125,4.900608,2018-04-02,7.36,Oran
2018-04-05 20:00:00,0.0067,3.8333333333333335,4.560288,2018-04-02,7.36,Oran
2018-04-05 20:30:00,0.0061,3.8541666666666665,4.151904,2018-04-02,7.36,Oran
2018-04-05 21:00:00,0.0056,3.875,3.811584,2018-04-02,7.36,Oran
2018-04-05 21:30:00,0.0051,3.8958333333333335,3.471264,2018-04-02,7.36,Oran
2018-04-05 22:00:00,0.0046,3.9166666666666665,3.130944,2018-04-02,7.36,Oran
2018-04-05 22:30:00,0.0044,3.9375,2.994816,2018-04-02,7.36,Oran
2018-04-05 23:00:00,0.004200000000000001,3.9583333333333335,2.8586880000000003,2018-04-02,7.36,Oran
2018-04-05 23:30:00,0.0039000000000000003,3.9791666666666665,2.654496,2018-04-02,7.36,Oran
2018-04-06 00:00:00,0.0032,4.0,2.178048,2018-04-02,7.36,Oran
2018-04-06 00:30:00,0.003,4.020833333333333,2.04192,2018-04-02,7.36,Oran
2018-04-06 01:00:00,0.0028,4.041666666666667,1.905792,2018-04-02,7.36,Oran
2018-04-06 01:30:00,0.0025,4.0625,1.7016,2018-04-02,7.36,Oran
2018-04-06 02:00:00,0.0023,4.083333333333333,1.565472,2018-04-02,7.36,Oran
2018-04-06 02:30:00,0.0017000000000000001,4.104166666666667,1.1570880000000001,2018-04-02,7.36,Oran
2018-04-06 03:00:00,0.0015,4.125,1.02096,2018-04-02,7.36,Oran
2018-04-06 03:30:00,0.0016,4.145833333333333,1.089024,2018-04-02,7.36,Oran
2018-04-06 04:00:00,0.0016,4.166666666666667,1.089024,2018-04-02,7.36,Oran
2018-04-06 04:30:00,0.002,4.1875,1.36128,2018-04-02,7.36,Oran
2018-04-06 05:00:00,0.002,4.208333333333333,1.36128,2018-04-02,7.36,Oran
2018-04-06 05:30:00,0.0014,4.229166666666667,0.952896,2018-04-02,7.36,Oran
2018-04-06 06:00:00,0.0013000000000000002,4.25,0.8848320000000001,2018-04-02,7.36,Oran
2018-04-06 06:30:00,0.011600000000000001,4.270833333333333,7.895424,2018-04-02,7.36,Oran
2018-04-06 07:00:00,0.0205,4.291666666666667,13.95312,2018-04-02,7.36,Oran
2018-04-06 07:30:00,0.037700000000000004,4.3125,25.660128000000004,2018-04-02,7.36,Oran
2018-04-06 08:00:00,0.0453,4.333333333333333,30.832992,2018-04-02,7.36,Oran
2018-04-06 08:30:00,0.0766,4.354166666666667,52.137024,2018-04-02,7.36,Oran
2018-04-06 09:00:00,0.115,4.375,78.2736,2018-04-02,7.36,Oran
2018-04-06 09:30:00,0.1514,4.395833333333333,103.048896,2018-04-02,7.36,Oran
2018-04-06 10:00:00,0.1218,4.416666666666667,82.90195200000001,2018-04-02,7.36,Oran
2018-04-06 10:30:00,0.149,4.4375,101.41535999999999,2018-04-02,7.36,Oran
2018-04-06 11:00:00,0.1169,4.458333333333333,79.566816,2018-04-02,7.36,Oran
2018-04-06 11:30:00,0.1706,4.479166666666667,116.117184,2018-04-02,7.36,Oran
2018-04-06 12:00:00,0.2149,4.5,146.26953600000002,2018-04-02,7.36,Oran
2018-04-06 12:30:00,0.2156,4.520833333333333,146.745984,2018-04-02,7.36,Oran
2018-04-06 13:00:00,0.1904,4.541666666666667,129.59385600000002,2018-04-02,7.36,Oran
2018-04-06 13:30:00,0.18560000000000001,4.5625,126.326784,2018-04-02,7.36,Oran
2018-04-06 14:00:00,0.11850000000000001,4.583333333333333,80.65584,2018-04-02,7.36,Oran
2018-04-06 14:30:00,0.0947,4.604166666666667,64.456608,2018-04-02,7.36,Oran
2018-04-06 15:00:00,0.1169,4.625,79.566816,2018-04-02,7.36,Oran
2018-04-06 15:30:00,0.08410000000000001,4.645833333333333,57.241824,2018-04-02,7.36,Oran
2018-04-06 16:00:00,0.0626,4.666666666666667,42.608064,2018-04-02,7.36,Oran
2018-04-06 16:30:00,0.055900000000000005,4.6875,38.047776000000006,2018-04-02,7.36,Oran
2018-04-06 17:00:00,0.0155,4.708333333333333,10.54992,2018-04-02,7.36,Oran
2018-04-06 17:30:00,0.0149,4.729166666666667,10.141536,2018-04-02,7.36,Oran
2018-04-06 18:00:00,0.0051,4.75,3.471264,2018-04-02,7.36,Oran
2018-04-06 18:30:00,0.0037,4.770833333333333,2.518368,2018-04-02,7.36,Oran
2018-04-06 19:00:00,0.0032,4.791666666666667,2.178048,2018-04-02,7.36,Oran
2018-04-06 19:30:00,0.0026000000000000003,4.8125,1.7696640000000001,2018-04-02,7.36,Oran
2018-04-06 20:00:00,0.0027,4.833333333333333,1.837728,2018-04-02,7.36,Oran
2018-04-06 20:30:00,0.0024000000000000002,4.854166666666667,1.633536,2018-04-02,7.36,Oran
2018-04-06 21:00:00,0.0016,4.875,1.089024,2018-04-02,7.36,Oran
2018-04-06 21:30:00,0.0012000000000000001,4.895833333333333,0.816768,2018-04-02,7.36,Oran
2018-04-06 22:00:00,0.0008,4.916666666666667,0.544512,2018-04-02,7.36,Oran
2018-04-06 22:30:00,0.0018000000000000002,4.9375,1.225152,2018-04-02,7.36,Oran
2018-04-06 23:00:00,0.0006000000000000001,4.958333333333333,0.408384,2018-04-02,7.36,Oran
2018-04-06 23:30:00,0.0005,4.979166666666667,0.34032,2018-04-02,7.36,Oran
2018-04-07 00:00:00,0.0004,5.0,0.272256,2018-04-02,7.36,Oran
2018-04-07 00:30:00,0.00030000000000000003,5.020833333333333,0.204192,2018-04-02,7.36,Oran
2018-04-07 01:00:00,0.0001,5.041666666666667,0.068064,2018-04-02,7.36,Oran
2018-04-07 01:30:00,0.0,5.0625,0.0,2018-04-02,7.36,Oran
2018-04-07 02:00:00,0.0008,5.083333333333333,0.544512,2018-04-02,7.36,Oran
2018-04-07 02:30:00,0.0,5.104166666666667,0.0,2018-04-02,7.36,Oran
2018-04-07 03:00:00,0.0,5.125,0.0,2018-04-02,7.36,Oran
2018-04-07 03:30:00,0.0,5.145833333333333,0.0,2018-04-02,7.36,Oran
2018-04-07 04:00:00,0.0005,5.166666666666667,0.34032,2018-04-02,7.36,Oran
2018-04-07 04:30:00,0.0,5.1875,0.0,2018-04-02,7.36,Oran
2018-04-07 05:00:00,0.0,5.208333333333333,0.0,2018-04-02,7.36,Oran
2018-04-07 05:30:00,0.0004,5.229166666666667,0.272256,2018-04-02,7.36,Oran
2018-04-07 06:00:00,0.0,5.25,0.0,2018-04-02,7.36,Oran
2018-04-07 06:30:00,0.0002,5.270833333333333,0.136128,2018-04-02,7.36,Oran
2018-04-07 07:00:00,0.0,5.291666666666667,0.0,2018-04-02,7.36,Oran
2018-04-07 07:30:00,0.0173,5.3125,11.775072,2018-04-02,7.36,Oran
2018-04-07 08:00:00,0.0092,5.333333333333333,6.261888,2018-04-02,7.36,Oran
2018-04-07 08:30:00,0.0067,5.354166666666667,4.560288,2018-04-02,7.36,Oran
2018-04-07 09:00:00,0.0385,5.375,26.204639999999998,2018-04-02,7.36,Oran
2018-04-07 09:30:00,0.0235,5.395833333333333,15.99504,2018-04-02,7.36,Oran
2018-04-07 10:00:00,0.0313,5.416666666666667,21.304032,2018-04-02,7.36,Oran
2018-04-07 10:30:00,0.0648,5.4375,44.105472,2018-04-02,7.36,Oran
2018-04-07 11:00:00,0.1129,5.458333333333333,76.844256,2018-04-02,7.36,Oran
2018-04-07 11:30:00,0.15180000000000002,5.479166666666667,103.32115200000001,2018-04-02,7.36,Oran
2018-04-07 12:00:00,0.08800000000000001,5.5,59.89632,2018-04-02,7.36,Oran
2018-04-07 12:30:00,0.08270000000000001,5.520833333333333,56.288928000000006,2018-04-02,7.36,Oran
2018-04-07 13:00:00,0.0867,5.541666666666667,59.011488,2018-04-02,7.36,Oran
2018-04-07 13:30:00,0.0436,5.5625,29.675904,2018-04-02,7.36,Oran
2018-04-07 14:00:00,0.0017000000000000001,5.583333333333333,1.1570880000000001,2018-04-02,7.36,Oran
2018-04-07 14:30:00,0.0241,5.604166666666667,16.403424,2018-04-02,7.36,Oran
2018-04-07 15:00:00,0.0006000000000000001,5.625,0.408384,2018-04-02,7.36,Oran
2018-04-07 15:30:00,0.0005,5.645833333333333,0.34032,2018-04-02,7.36,Oran
2018-04-07 16:00:00,0.0004,5.666666666666667,0.272256,2018-04-02,7.36,Oran
2018-04-07 16:30:00,0.0004,5.6875,0.272256,2018-04-02,7.36,Oran
2018-04-07 17:00:00,0.0005,5.708333333333333,0.34032,2018-04-02,7.36,Oran
2018-04-07 17:30:00,0.0004,5.729166666666667,0.272256,2018-04-02,7.36,Oran
2018-04-07 18:00:00,0.00030000000000000003,5.75,0.204192,2018-04-02,7.36,Oran
2018-04-07 18:30:00,0.00030000000000000003,5.770833333333333,0.204192,2018-04-02,7.36,Oran
2018-04-07 19:00:00,0.00030000000000000003,5.791666666666667,0.204192,2018-04-02,7.36,Oran
2018-04-07 19:30:00,0.00030000000000000003,5.8125,0.204192,2018-04-02,7.36,Oran
2018-04-07 20:00:00,0.0002,5.833333333333333,0.136128,2018-04-02,7.36,Oran
2018-04-07 20:30:00,0.00030000000000000003,5.854166666666667,0.204192,2018-04-02,7.36,Oran
2018-04-07 21:00:00,0.00030000000000000003,5.875,0.204192,2018-04-02,7.36,Oran
2018-04-07 21:30:00,0.00030000000000000003,5.895833333333333,0.204192,2018-04-02,7.36,Oran
2018-04-07 22:00:00,0.0004,5.916666666666667,0.272256,2018-04-02,7.36,Oran
2018-04-07 22:30:00,0.0,5.9375,0.0,2018-04-02,7.36,Oran
2018-04-07 23:00:00,0.0,5.958333333333333,0.0,2018-04-02,7.36,Oran
2018-04-07 23:30:00,0.0004,5.979166666666667,0.272256,2018-04-02,7.36,Oran
2018-04-08 00:00:00,0.0,6.0,0.0,2018-04-02,7.36,Oran
2018-04-08 00:30:00,0.0,6.020833333333333,0.0,2018-04-02,7.36,Oran
2018-04-08 01:00:00,0.0,6.041666666666667,0.0,2018-04-02,7.36,Oran
2018-04-08 01:30:00,0.0,6.0625,0.0,2018-04-02,7.36,Oran
2018-04-08 02:00:00,0.0,6.083333333333333,0.0,2018-04-02,7.36,Oran
2018-04-08 02:30:00,0.0,6.104166666666667,0.0,2018-04-02,7.36,Oran
2018-04-08 03:00:00,0.0013000000000000002,6.125,0.8848320000000001,2018-04-02,7.36,Oran
2018-04-08 03:30:00,0.0013000000000000002,6.145833333333333,0.8848320000000001,2018-04-02,7.36,Oran
2018-04-08 04:00:00,0.0012000000000000001,6.166666666666667,0.816768,2018-04-02,7.36,Oran
2018-04-08 04:30:00,0.0014,6.1875,0.952896,2018-04-02,7.36,Oran
2018-04-08 05:00:00,0.0018000000000000002,6.208333333333333,1.225152,2018-04-02,7.36,Oran
2018-04-08 05:30:00,0.0,6.229166666666667,0.0,2018-04-02,7.36,Oran
2018-04-08 06:00:00,0.0,6.25,0.0,2018-04-02,7.36,Oran
2018-04-08 06:30:00,0.023200000000000002,6.270833333333333,15.790848,2018-04-02,7.36,Oran
2018-04-08 07:00:00,0.0352,6.291666666666667,23.958528,2018-04-02,7.36,Oran
2018-04-08 07:30:00,0.062400000000000004,6.3125,42.471936,2018-04-02,7.36,Oran
2018-04-08 08:00:00,0.0898,6.333333333333333,61.121472000000004,2018-04-02,7.36,Oran
2018-04-08 08:30:00,0.062400000000000004,6.354166666666667,42.471936,2018-04-02,7.36,Oran
2018-04-08 09:00:00,0.1254,6.375,85.35225600000001,2018-04-02,7.36,Oran
2018-04-08 09:30:00,0.1091,6.395833333333333,74.257824,2018-04-02,7.36,Oran
2018-04-08 10:00:00,0.2109,6.416666666666667,143.546976,2018-04-02,7.36,Oran
2018-04-08 10:30:00,0.1482,6.4375,100.870848,2018-04-02,7.36,Oran
2018-04-08 11:00:00,0.21480000000000002,6.458333333333333,146.20147200000002,2018-04-02,7.36,Oran
2018-04-08 11:30:00,0.2492,6.479166666666667,169.615488,2018-04-02,7.36,Oran
2018-04-08 12:00:00,0.2436,6.5,165.80390400000002,2018-04-02,7.36,Oran
2018-04-08 12:30:00,0.234,6.520833333333333,159.26976000000002,2018-04-02,7.36,Oran
2018-04-08 13:00:00,0.1527,6.541666666666667,103.933728,2018-04-02,7.36,Oran
2018-04-08 13:30:00,0.23670000000000002,6.5625,161.10748800000002,2018-04-02,7.36,Oran
2018-04-08 14:00:00,0.2286,6.583333333333333,155.594304,2018-04-02,7.36,Oran
2018-04-08 14:30:00,0.2146,6.604166666666667,146.065344,2018-04-02,7.36,Oran
2018-04-08 15:00:00,0.1115,6.625,75.89136,2018-04-02,7.36,Oran
2018-04-08 15:30:00,0.1268,6.645833333333333,86.30515199999999,2018-04-02,7.36,Oran
2018-04-08 16:00:00,0.1027,6.666666666666667,69.90172799999999,2018-04-02,7.36,Oran
2018-04-08 16:30:00,0.07390000000000001,6.6875,50.299296000000005,2018-04-02,7.36,Oran
2018-04-08 17:00:00,0.07680000000000001,6.708333333333333,52.273152,2018-04-02,7.36,Oran
2018-04-08 17:30:00,0.049100000000000005,6.729166666666667,33.419424,2018-04-02,7.36,Oran
2018-04-08 18:00:00,0.0108,6.75,7.350912,2018-04-02,7.36,Oran
2018-04-08 18:30:00,0.0094,6.770833333333333,6.398016,2018-04-02,7.36,Oran
2018-04-08 19:00:00,0.0074,6.791666666666667,5.036736,2018-04-02,7.36,Oran
2018-04-08 19:30:00,0.0063,6.8125,4.288032,2018-04-02,7.36,Oran
2018-04-08 20:00:00,0.0054,6.833333333333333,3.675456,2018-04-02,7.36,Oran
2018-04-08 20:30:00,0.0097,6.854166666666667,6.602208,2018-04-02,7.36,Oran
2018-04-08 21:00:00,0.0088,6.875,5.989632,2018-04-02,7.36,Oran
2018-04-08 21:30:00,0.0064,6.895833333333333,4.356096,2018-04-02,7.36,Oran
2018-04-08 22:00:00,0.0076,6.916666666666667,5.172864,2018-04-02,7.36,Oran
2018-04-08 22:30:00,0.0074,6.9375,5.036736,2018-04-02,7.36,Oran
2018-04-08 23:00:00,0.007200000000000001,6.958333333333333,4.900608,2018-04-02,7.36,Oran
2018-04-08 23:30:00,0.0023,6.979166666666667,1.565472,2018-04-02,7.36,Oran
2018-04-09 00:00:00,0.0061,7.0,4.151904,2018-04-02,7.36,Oran
2018-04-09 00:30:00,0.0054,7.020833333333333,3.675456,2018-04-02,7.36,Oran
2018-04-09 01:00:00,0.0046,7.041666666666667,3.130944,2018-04-02,7.36,Oran
2018-04-09 01:30:00,0.0016,7.0625,1.089024,2018-04-02,7.36,Oran
2018-04-09 02:00:00,0.0046,7.083333333333333,3.130944,2018-04-02,7.36,Oran
2018-04-09 02:30:00,0.004200000000000001,7.104166666666667,2.8586880000000003,2018-04-02,7.36,Oran
2018-04-09 03:00:00,0.004,7.125,2.72256,2018-04-02,7.36,Oran
2018-04-09 03:30:00,0.0006000000000000001,7.145833333333333,0.408384,2018-04-02,7.36,Oran
2018-04-09 04:00:00,0.0036000000000000003,7.166666666666667,2.450304,2018-04-02,7.36,Oran
2018-04-09 04:30:00,0.0,7.1875,0.0,2018-04-02,7.36,Oran
2018-04-09 05:00:00,0.0005,7.208333333333333,0.34032,2018-04-02,7.36,Oran
2018-04-09 05:30:00,0.004,7.229166666666667,2.72256,2018-04-02,7.36,Oran
2018-04-09 06:00:00,0.0023,7.25,1.565472,2018-04-02,7.36,Oran
2018-04-09 06:30:00,0.025500000000000002,7.270833333333333,17.35632,2018-04-02,7.36,Oran
2018-04-09 07:00:00,0.0397,7.291666666666667,27.021407999999997,2018-04-02,7.36,Oran
2018-04-09 07:30:00,0.077,7.3125,52.409279999999995,2018-04-02,7.36,Oran
2018-04-09 08:00:00,0.10260000000000001,7.333333333333333,69.833664,2018-04-02,7.36,Oran
2018-04-09 08:30:00,0.1472,7.354166666666667,100.190208,2018-04-02,7.36,Oran
2018-04-09 09:00:00,0.1706,7.375,116.117184,2018-04-02,7.36,Oran
2018-04-09 09:30:00,0.2003,7.395833333333333,136.332192,2018-04-02,7.36,Oran
2018-04-09 10:00:00,0.2403,7.416666666666667,163.557792,2018-04-02,7.36,Oran
2018-04-09 10:30:00,0.1961,7.4375,133.473504,2018-04-02,7.36,Oran
2018-04-09 11:00:00,0.2426,7.458333333333333,165.123264,2018-04-02,7.36,Oran
2018-04-09 11:30:00,0.1731,7.479166666666667,117.818784,2018-04-02,7.36,Oran
2018-04-09 12:00:00,0.281,7.5,191.25984000000003,2018-04-02,7.36,Oran
2018-04-09 12:30:00,0.2611,7.520833333333333,177.715104,2018-04-02,7.36,Oran
2018-04-09 13:00:00,0.2645,7.541666666666667,180.02928,2018-04-02,7.36,Oran
2018-04-09 13:30:00,0.22610000000000002,7.5625,153.892704,2018-04-02,7.36,Oran
2018-04-09 14:00:00,0.1908,7.583333333333333,129.866112,2018-04-02,7.36,Oran
2018-04-09 14:30:00,0.2054,7.604166666666667,139.80345599999998,2018-04-02,7.36,Oran
2018-04-09 15:00:00,0.162,7.625,110.26368000000001,2018-04-02,7.36,Oran
2018-04-09 15:30:00,0.1497,7.645833333333333,101.891808,2018-04-02,7.36,Oran
2018-04-09 16:00:00,0.15460000000000002,7.666666666666667,105.226944,2018-04-02,7.36,Oran
2018-04-09 16:30:00,0.11180000000000001,7.6875,76.09555200000001,2018-04-02,7.36,Oran
2018-04-09 17:00:00,0.0731,7.708333333333333,49.754784,2018-04-02,7.36,Oran
2018-04-09 17:30:00,0.0159,7.729166666666667,10.822176,2018-04-02,7.36,Oran
2018-04-09 18:00:00,0.0125,7.75,8.508000000000001,2018-04-02,7.36,Oran
2018-04-09 18:30:00,0.0119,7.770833333333333,8.099616000000001,2018-04-02,7.36,Oran
2018-04-09 19:00:00,0.010100000000000001,7.791666666666667,6.874464000000001,2018-04-02,7.36,Oran
2018-04-09 19:30:00,0.0097,7.8125,6.602208,2018-04-02,7.36,Oran
2018-04-09 20:00:00,0.009300000000000001,7.833333333333333,6.3299520000000005,2018-04-02,7.36,Oran
2018-04-09 20:30:00,0.009000000000000001,7.854166666666667,6.1257600000000005,2018-04-02,7.36,Oran
2018-04-09 21:00:00,0.008700000000000001,7.875,5.921568000000001,2018-04-02,7.36,Oran
2018-04-09 21:30:00,0.0058000000000000005,7.895833333333333,3.947712,2018-04-02,7.36,Oran
2018-04-09 22:00:00,0.0043,7.916666666666667,2.926752,2018-04-02,7.36,Oran
2018-04-09 22:30:00,0.0055000000000000005,7.9375,3.74352,2018-04-02,7.36,Oran
2018-04-09 23:00:00,0.0053,7.958333333333333,3.607392,2018-04-02,7.36,Oran
2018-04-09 23:30:00,0.005,7.979166666666667,3.4032,2018-04-02,7.36,Oran
2018-04-10 00:00:00,0.0045000000000000005,8.0,3.0628800000000003,2018-04-02,7.36,Oran
2018-04-10 00:30:00,0.004,8.020833333333334,2.72256,2018-04-02,7.36,Oran
2018-04-10 01:00:00,0.0036000000000000003,8.041666666666666,2.450304,2018-04-02,7.36,Oran
2018-04-10 01:30:00,0.0034000000000000002,8.0625,2.3141760000000002,2018-04-02,7.36,Oran
2018-04-10 02:00:00,0.0033,8.083333333333334,2.246112,2018-04-02,7.36,Oran
2018-04-10 02:30:00,0.0034000000000000002,8.104166666666666,2.3141760000000002,2018-04-02,7.36,Oran
2018-04-10 03:00:00,0.0035,8.125,2.38224,2018-04-02,7.36,Oran
2018-04-10 03:30:00,0.0036000000000000003,8.145833333333334,2.450304,2018-04-02,7.36,Oran
2018-04-10 04:00:00,0.0009000000000000001,8.166666666666666,0.612576,2018-04-02,7.36,Oran
2018-04-10 04:30:00,0.0008,8.1875,0.544512,2018-04-02,7.36,Oran
2018-04-10 05:00:00,0.0037,8.208333333333334,2.518368,2018-04-02,7.36,Oran
2018-04-10 05:30:00,0.0008,8.229166666666666,0.544512,2018-04-02,7.36,Oran
2018-04-10 06:00:00,0.0077,8.25,5.240928,2018-04-02,7.36,Oran
2018-04-10 06:30:00,0.0239,8.270833333333334,16.267296,2018-04-02,7.36,Oran
2018-04-10 07:00:00,0.041600000000000005,8.291666666666666,28.314624000000002,2018-04-02,7.36,Oran
2018-04-10 07:30:00,0.019200000000000002,8.3125,13.068288,2018-04-02,7.36,Oran
2018-04-10 08:00:00,0.0216,8.333333333333334,14.701824,2018-04-02,7.36,Oran
2018-04-10 08:30:00,0.0182,8.354166666666666,12.387648,2018-04-02,7.36,Oran
2018-04-10 09:00:00,0.020300000000000002,8.375,13.816992,2018-04-02,7.36,Oran
2018-04-10 09:30:00,0.0341,8.395833333333334,23.209823999999998,2018-04-02,7.36,Oran
2018-04-10 10:00:00,0.046,8.416666666666666,31.30944,2018-04-02,7.36,Oran
2018-04-10 10:30:00,0.060700000000000004,8.4375,41.314848000000005,2018-04-02,7.36,Oran
2018-04-10 11:00:00,0.0762,8.458333333333334,51.864768000000005,2018-04-02,7.36,Oran
2018-04-10 11:30:00,0.07680000000000001,8.479166666666666,52.273152,2018-04-02,7.36,Oran
2018-04-10 12:00:00,0.09090000000000001,8.5,61.87017600000001,2018-04-02,7.36,Oran
2018-04-10 12:30:00,0.08020000000000001,8.520833333333334,54.58732800000001,2018-04-02,7.36,Oran
2018-04-10 13:00:00,0.0767,8.541666666666666,52.205088,2018-04-02,7.36,Oran
2018-04-10 13:30:00,0.0834,8.5625,56.765376,2018-04-02,7.36,Oran
2018-04-10 14:00:00,0.0495,8.583333333333334,33.69168,2018-04-02,7.36,Oran
2018-04-10 14:30:00,0.0356,8.604166666666666,24.230784,2018-04-02,7.36,Oran
2018-04-10 15:00:00,0.0239,8.625,16.267296,2018-04-02,7.36,Oran
2018-04-10 15:30:00,0.0115,8.645833333333334,7.82736,2018-04-02,7.36,Oran
2018-04-10 16:00:00,0.0039000000000000003,8.666666666666666,2.654496,2018-04-02,7.36,Oran
2018-04-10 16:30:00,0.0037,8.6875,2.518368,2018-04-02,7.36,Oran
2018-04-10 17:00:00,0.0035,8.708333333333334,2.38224,2018-04-02,7.36,Oran
2018-04-10 17:30:00,0.0039000000000000003,8.729166666666666,2.654496,2018-04-02,7.36,Oran
2018-04-10 18:00:00,0.0036000000000000003,8.75,2.450304,2018-04-02,7.36,Oran
2018-04-10 18:30:00,0.003,8.770833333333334,2.04192,2018-04-02,7.36,Oran
2018-04-10 19:00:00,0.0025,8.791666666666666,1.7016,2018-04-02,7.36,Oran
2018-04-10 19:30:00,0.002,8.8125,1.36128,2018-04-02,7.36,Oran
2018-04-10 20:00:00,0.0017000000000000001,8.833333333333334,1.1570880000000001,2018-04-02,7.36,Oran
2018-04-10 20:30:00,0.0014,8.854166666666666,0.952896,2018-04-02,7.36,Oran
2018-04-10 21:00:00,0.0,8.875,0.0,2018-04-02,7.36,Oran
2018-04-10 21:30:00,0.0,8.895833333333334,0.0,2018-04-02,7.36,Oran
2018-04-10 22:00:00,0.0016,8.916666666666666,1.089024,2018-04-02,7.36,Oran
2018-04-10 22:30:00,0.0004,8.9375,0.272256,2018-04-02,7.36,Oran
2018-04-10 23:00:00,0.0006000000000000001,8.958333333333334,0.408384,2018-04-02,7.36,Oran
2018-04-10 23:30:00,0.0018000000000000002,8.979166666666666,1.225152,2018-04-02,7.36,Oran
2018-04-11 00:00:00,0.001,9.0,0.68064,2018-04-02,7.36,Oran
2018-04-11 00:30:00,0.0013000000000000002,9.020833333333334,0.8848320000000001,2018-04-02,7.36,Oran
2018-04-11 01:00:00,0.0017000000000000001,9.041666666666666,1.1570880000000001,2018-04-02,7.36,Oran
2018-04-11 01:30:00,0.0021000000000000003,9.0625,1.4293440000000002,2018-04-02,7.36,Oran
2018-04-11 02:00:00,0.0024000000000000002,9.083333333333334,1.633536,2018-04-02,7.36,Oran
2018-04-11 02:30:00,0.0026000000000000003,9.104166666666666,1.7696640000000001,2018-04-02,7.36,Oran
2018-04-11 03:00:00,0.0027,9.125,1.837728,2018-04-02,7.36,Oran
2018-04-11 03:30:00,0.0027,9.145833333333334,1.837728,2018-04-02,7.36,Oran
2018-04-11 04:00:00,0.0026000000000000003,9.166666666666666,1.7696640000000001,2018-04-02,7.36,Oran
2018-04-11 04:30:00,0.0025,9.1875,1.7016,2018-04-02,7.36,Oran
2018-04-11 05:00:00,0.0033,9.208333333333334,2.246112,2018-04-02,7.36,Oran
2018-04-11 05:30:00,0.0027,9.229166666666666,1.837728,2018-04-02,7.36,Oran
2018-04-11 06:00:00,0.0082,9.25,5.581248,2018-04-02,7.36,Oran
2018-04-11 06:30:00,0.021,9.270833333333334,14.29344,2018-04-02,7.36,Oran
2018-04-11 07:00:00,0.0391,9.291666666666666,26.613024000000003,2018-04-02,7.36,Oran
2018-04-11 07:30:00,0.042300000000000004,9.3125,28.791072000000003,2018-04-02,7.36,Oran
2018-04-11 08:00:00,0.0838,9.333333333333334,57.037631999999995,2018-04-02,7.36,Oran
2018-04-11 08:30:00,0.0747,9.354166666666666,50.843808,2018-04-02,7.36,Oran
2018-04-11 09:00:00,0.0761,9.375,51.796704,2018-04-02,7.36,Oran
2018-04-11 09:30:00,0.1034,9.395833333333334,70.378176,2018-04-02,7.36,Oran
2018-04-11 10:00:00,0.0916,9.416666666666666,62.346624,2018-04-02,7.36,Oran
2018-04-11 10:30:00,0.1264,9.4375,86.03289600000001,2018-04-02,7.36,Oran
2018-04-11 11:00:00,0.12380000000000001,9.458333333333334,84.263232,2018-04-02,7.36,Oran
2018-04-11 11:30:00,0.14170000000000002,9.479166666666666,96.44668800000001,2018-04-02,7.36,Oran
2018-04-11 12:00:00,0.0889,9.5,60.508896,2018-04-02,7.36,Oran
2018-04-11 12:30:00,0.0922,9.520833333333334,62.755008000000004,2018-04-02,7.36,Oran
2018-04-11 13:00:00,0.0756,9.541666666666666,51.456384,2018-04-02,7.36,Oran
2018-04-11 13:30:00,0.0574,9.5625,39.068736,2018-04-02,7.36,Oran
2018-04-11 14:00:00,0.0446,9.583333333333334,30.356544,2018-04-02,7.36,Oran
2018-04-11 14:30:00,0.0222,9.604166666666666,15.110208,2018-04-02,7.36,Oran
2018-04-11 15:00:00,0.0095,9.625,6.46608,2018-04-02,7.36,Oran
2018-04-11 15:30:00,0.010400000000000001,9.645833333333334,7.0786560000000005,2018-04-02,7.36,Oran
2018-04-11 16:00:00,0.011300000000000001,9.666666666666666,7.691232,2018-04-02,7.36,Oran
2018-04-11 16:30:00,0.012400000000000001,9.6875,8.439936000000001,2018-04-02,7.36,Oran
2018-04-11 17:00:00,0.0134,9.708333333333334,9.120576,2018-04-02,7.36,Oran
2018-04-11 17:30:00,0.0145,9.729166666666666,9.86928,2018-04-02,7.36,Oran
2018-04-11 18:00:00,0.0155,9.75,10.54992,2018-04-02,7.36,Oran
2018-04-11 18:30:00,0.0162,9.770833333333334,11.026368,2018-04-02,7.36,Oran
2018-04-11 19:00:00,0.0151,9.791666666666666,10.277664,2018-04-02,7.36,Oran
2018-04-11 19:30:00,0.0155,9.8125,10.54992,2018-04-02,7.36,Oran
2018-04-11 20:00:00,0.0159,9.833333333333334,10.822176,2018-04-02,7.36,Oran
2018-04-11 20:30:00,0.0159,9.854166666666666,10.822176,2018-04-02,7.36,Oran
2018-04-11 21:00:00,0.0158,9.875,10.754112000000001,2018-04-02,7.36,Oran
2018-04-11 21:30:00,0.0148,9.895833333333334,10.073472,2018-04-02,7.36,Oran
2018-04-11 22:00:00,0.013900000000000001,9.916666666666666,9.460896,2018-04-02,7.36,Oran
2018-04-11 22:30:00,0.0132,9.9375,8.984448,2018-04-02,7.36,Oran
2018-04-11 23:00:00,0.012400000000000001,9.958333333333334,8.439936000000001,2018-04-02,7.36,Oran
2018-04-11 23:30:00,0.0126,9.979166666666666,8.576064,2018-04-02,7.36,Oran
2018-05-02 00:00:00,0.0005,0.0,0.34032,2018-05-02,6.37,Oran
2018-05-02 00:30:00,0.0004,0.020833333333333332,0.272256,2018-05-02,6.37,Oran
2018-05-02 01:00:00,0.0004,0.041666666666666664,0.272256,2018-05-02,6.37,Oran
2018-05-02 01:30:00,0.00030000000000000003,0.0625,0.204192,2018-05-02,6.37,Oran
2018-05-02 02:00:00,0.0001,0.08333333333333333,0.068064,2018-05-02,6.37,Oran
2018-05-02 02:30:00,0.0001,0.10416666666666667,0.068064,2018-05-02,6.37,Oran
2018-05-02 03:00:00,0.0,0.125,0.0,2018-05-02,6.37,Oran
2018-05-02 03:30:00,0.0,0.14583333333333334,0.0,2018-05-02,6.37,Oran
2018-05-02 04:00:00,0.0,0.16666666666666666,0.0,2018-05-02,6.37,Oran
2018-05-02 04:30:00,0.0,0.1875,0.0,2018-05-02,6.37,Oran
2018-05-02 05:00:00,0.0,0.20833333333333334,0.0,2018-05-02,6.37,Oran
2018-05-02 05:30:00,0.0,0.22916666666666666,0.0,2018-05-02,6.37,Oran
2018-05-02 06:00:00,0.0102,0.25,6.942528,2018-05-02,6.37,Oran
2018-05-02 06:30:00,0.0175,0.2708333333333333,11.911200000000001,2018-05-02,6.37,Oran
2018-05-02 07:00:00,0.0315,0.2916666666666667,21.44016,2018-05-02,6.37,Oran
2018-05-02 07:30:00,0.0509,0.3125,34.644576,2018-05-02,6.37,Oran
2018-05-02 08:00:00,0.07200000000000001,0.3333333333333333,49.006080000000004,2018-05-02,6.37,Oran
2018-05-02 08:30:00,0.0949,0.3541666666666667,64.592736,2018-05-02,6.37,Oran
2018-05-02 09:00:00,0.11900000000000001,0.375,80.99616,2018-05-02,6.37,Oran
2018-05-02 09:30:00,0.1474,0.3958333333333333,100.326336,2018-05-02,6.37,Oran
2018-05-02 10:00:00,0.14450000000000002,0.4166666666666667,98.35248000000001,2018-05-02,6.37,Oran
2018-05-02 10:30:00,0.1303,0.4375,88.687392,2018-05-02,6.37,Oran
2018-05-02 11:00:00,0.14930000000000002,0.4583333333333333,101.61955200000001,2018-05-02,6.37,Oran
2018-05-02 11:30:00,0.18810000000000002,0.4791666666666667,128.02838400000002,2018-05-02,6.37,Oran
2018-05-02 12:00:00,0.15030000000000002,0.5,102.30019200000001,2018-05-02,6.37,Oran
2018-05-02 12:30:00,0.1404,0.5208333333333334,95.56185599999999,2018-05-02,6.37,Oran
2018-05-02 13:00:00,0.19640000000000002,0.5416666666666666,133.677696,2018-05-02,6.37,Oran
2018-05-02 13:30:00,0.19190000000000002,0.5625,130.61481600000002,2018-05-02,6.37,Oran
2018-05-02 14:00:00,0.1825,0.5833333333333334,124.21679999999999,2018-05-02,6.37,Oran
2018-05-02 14:30:00,0.15460000000000002,0.6041666666666666,105.226944,2018-05-02,6.37,Oran
2018-05-02 15:00:00,0.1426,0.625,97.059264,2018-05-02,6.37,Oran
2018-05-02 15:30:00,0.1231,0.6458333333333334,83.786784,2018-05-02,6.37,Oran
2018-05-02 16:00:00,0.09390000000000001,0.6666666666666666,63.912096000000005,2018-05-02,6.37,Oran
2018-05-02 16:30:00,0.0916,0.6875,62.346624,2018-05-02,6.37,Oran
2018-05-02 17:00:00,0.0526,0.7083333333333334,35.801664,2018-05-02,6.37,Oran
2018-05-02 17:30:00,0.0449,0.7291666666666666,30.560736000000002,2018-05-02,6.37,Oran
2018-05-02 18:00:00,0.030500000000000003,0.75,20.759520000000002,2018-05-02,6.37,Oran
2018-05-02 18:30:00,0.0048000000000000004,0.7708333333333334,3.267072,2018-05-02,6.37,Oran
2018-05-02 19:00:00,0.0045000000000000005,0.7916666666666666,3.0628800000000003,2018-05-02,6.37,Oran
2018-05-02 19:30:00,0.0037,0.8125,2.518368,2018-05-02,6.37,Oran
2018-05-02 20:00:00,0.0038,0.8333333333333334,2.586432,2018-05-02,6.37,Oran
2018-05-02 20:30:00,0.0036000000000000003,0.8541666666666666,2.450304,2018-05-02,6.37,Oran
2018-05-02 21:00:00,0.0033,0.875,2.246112,2018-05-02,6.37,Oran
2018-05-02 21:30:00,0.0028,0.8958333333333334,1.905792,2018-05-02,6.37,Oran
2018-05-02 22:00:00,0.003,0.9166666666666666,2.04192,2018-05-02,6.37,Oran
2018-05-02 22:30:00,0.003,0.9375,2.04192,2018-05-02,6.37,Oran
2018-05-02 23:00:00,0.003,0.9583333333333334,2.04192,2018-05-02,6.37,Oran
2018-05-02 23:30:00,0.0029000000000000002,0.9791666666666666,1.973856,2018-05-02,6.37,Oran
2018-05-03 00:00:00,0.0026000000000000003,1.0,1.7696640000000001,2018-05-02,6.37,Oran
2018-05-03 00:30:00,0.0026000000000000003,1.0208333333333333,1.7696640000000001,2018-05-02,6.37,Oran
2018-05-03 01:00:00,0.0025,1.0416666666666667,1.7016,2018-05-02,6.37,Oran
2018-05-03 01:30:00,0.0024000000000000002,1.0625,1.633536,2018-05-02,6.37,Oran
2018-05-03 02:00:00,0.0022,1.0833333333333333,1.497408,2018-05-02,6.37,Oran
2018-05-03 02:30:00,0.0019,1.1041666666666667,1.293216,2018-05-02,6.37,Oran
2018-05-03 03:00:00,0.0019,1.125,1.293216,2018-05-02,6.37,Oran
2018-05-03 03:30:00,0.0015,1.1458333333333333,1.02096,2018-05-02,6.37,Oran
2018-05-03 04:00:00,0.0018000000000000002,1.1666666666666667,1.225152,2018-05-02,6.37,Oran
2018-05-03 04:30:00,0.0017000000000000001,1.1875,1.1570880000000001,2018-05-02,6.37,Oran
2018-05-03 05:00:00,0.0015,1.2083333333333333,1.02096,2018-05-02,6.37,Oran
2018-05-03 05:30:00,0.0037,1.2291666666666667,2.518368,2018-05-02,6.37,Oran
2018-05-03 06:00:00,0.0143,1.25,9.733152,2018-05-02,6.37,Oran
2018-05-03 06:30:00,0.0334,1.2708333333333333,22.733376,2018-05-02,6.37,Oran
2018-05-03 07:00:00,0.049600000000000005,1.2916666666666667,33.759744000000005,2018-05-02,6.37,Oran
2018-05-03 07:30:00,0.0618,1.3125,42.063552,2018-05-02,6.37,Oran
2018-05-03 08:00:00,0.0809,1.3333333333333333,55.063776,2018-05-02,6.37,Oran
2018-05-03 08:30:00,0.10250000000000001,1.3541666666666667,69.7656,2018-05-02,6.37,Oran
2018-05-03 09:00:00,0.1241,1.375,84.467424,2018-05-02,6.37,Oran
2018-05-03 09:30:00,0.1442,1.3958333333333333,98.148288,2018-05-02,6.37,Oran
2018-05-03 10:00:00,0.162,1.4166666666666667,110.26368000000001,2018-05-02,6.37,Oran
2018-05-03 10:30:00,0.17700000000000002,1.4375,120.47328000000002,2018-05-02,6.37,Oran
2018-05-03 11:00:00,0.1895,1.4583333333333333,128.98128,2018-05-02,6.37,Oran
2018-05-03 11:30:00,0.203,1.4791666666666667,138.16992000000002,2018-05-02,6.37,Oran
2018-05-03 12:00:00,0.2015,1.5,137.14896000000002,2018-05-02,6.37,Oran
2018-05-03 12:30:00,0.17750000000000002,1.5208333333333333,120.81360000000001,2018-05-02,6.37,Oran
2018-05-03 13:00:00,0.1208,1.5416666666666667,82.221312,2018-05-02,6.37,Oran
2018-05-03 13:30:00,0.1593,1.5625,108.425952,2018-05-02,6.37,Oran
2018-05-03 14:00:00,0.1474,1.5833333333333333,100.326336,2018-05-02,6.37,Oran
2018-05-03 14:30:00,0.139,1.6041666666666667,94.60896000000001,2018-05-02,6.37,Oran
2018-05-03 15:00:00,0.1263,1.625,85.964832,2018-05-02,6.37,Oran
2018-05-03 15:30:00,0.1114,1.6458333333333333,75.823296,2018-05-02,6.37,Oran
2018-05-03 16:00:00,0.0955,1.6666666666666667,65.00112,2018-05-02,6.37,Oran
2018-05-03 16:30:00,0.06760000000000001,1.6875,46.011264000000004,2018-05-02,6.37,Oran
2018-05-03 17:00:00,0.06420000000000001,1.7083333333333333,43.697088,2018-05-02,6.37,Oran
2018-05-03 17:30:00,0.0451,1.7291666666666667,30.696864,2018-05-02,6.37,Oran
2018-05-03 18:00:00,0.027100000000000003,1.75,18.445344000000002,2018-05-02,6.37,Oran
2018-05-03 18:30:00,0.0032,1.7708333333333333,2.178048,2018-05-02,6.37,Oran
2018-05-03 19:00:00,0.003,1.7916666666666667,2.04192,2018-05-02,6.37,Oran
2018-05-03 19:30:00,0.0029000000000000002,1.8125,1.973856,2018-05-02,6.37,Oran
2018-05-03 20:00:00,0.0028,1.8333333333333333,1.905792,2018-05-02,6.37,Oran
2018-05-03 20:30:00,0.0026000000000000003,1.8541666666666667,1.7696640000000001,2018-05-02,6.37,Oran
2018-05-03 21:00:00,0.0025,1.875,1.7016,2018-05-02,6.37,Oran
2018-05-03 21:30:00,0.0022,1.8958333333333333,1.497408,2018-05-02,6.37,Oran
2018-05-03 22:00:00,0.0017000000000000001,1.9166666666666667,1.1570880000000001,2018-05-02,6.37,Oran
2018-05-03 22:30:00,0.0025,1.9375,1.7016,2018-05-02,6.37,Oran
2018-05-03 23:00:00,0.0017000000000000001,1.9583333333333333,1.1570880000000001,2018-05-02,6.37,Oran
2018-05-03 23:30:00,0.0019,1.9791666666666667,1.293216,2018-05-02,6.37,Oran
2018-05-04 00:00:00,0.0018000000000000002,2.0,1.225152,2018-05-02,6.37,Oran
2018-05-04 00:30:00,0.0019,2.0208333333333335,1.293216,2018-05-02,6.37,Oran
2018-05-04 01:00:00,0.001,2.0416666666666665,0.68064,2018-05-02,6.37,Oran
2018-05-04 01:30:00,0.0008,2.0625,0.544512,2018-05-02,6.37,Oran
2018-05-04 02:00:00,0.0011,2.0833333333333335,0.748704,2018-05-02,6.37,Oran
2018-05-04 02:30:00,0.001,2.1041666666666665,0.68064,2018-05-02,6.37,Oran
2018-05-04 03:00:00,0.001,2.125,0.68064,2018-05-02,6.37,Oran
2018-05-04 03:30:00,0.0005,2.1458333333333335,0.34032,2018-05-02,6.37,Oran
2018-05-04 04:00:00,0.0004,2.1666666666666665,0.272256,2018-05-02,6.37,Oran
2018-05-04 04:30:00,0.0004,2.1875,0.272256,2018-05-02,6.37,Oran
2018-05-04 05:00:00,0.0004,2.2083333333333335,0.272256,2018-05-02,6.37,Oran
2018-05-04 05:30:00,0.0036000000000000003,2.2291666666666665,2.450304,2018-05-02,6.37,Oran
2018-05-04 06:00:00,0.0119,2.25,8.099616000000001,2018-05-02,6.37,Oran
2018-05-04 06:30:00,0.0258,2.2708333333333335,17.560512,2018-05-02,6.37,Oran
2018-05-04 07:00:00,0.0436,2.2916666666666665,29.675904,2018-05-02,6.37,Oran
2018-05-04 07:30:00,0.06760000000000001,2.3125,46.011264000000004,2018-05-02,6.37,Oran
2018-05-04 08:00:00,0.0944,2.3333333333333335,64.252416,2018-05-02,6.37,Oran
2018-05-04 08:30:00,0.12250000000000001,2.3541666666666665,83.3784,2018-05-02,6.37,Oran
2018-05-04 09:00:00,0.1525,2.375,103.7976,2018-05-02,6.37,Oran
2018-05-04 09:30:00,0.1804,2.3958333333333335,122.787456,2018-05-02,6.37,Oran
2018-05-04 10:00:00,0.2066,2.4166666666666665,140.620224,2018-05-02,6.37,Oran
2018-05-04 10:30:00,0.2288,2.4375,155.730432,2018-05-02,6.37,Oran
2018-05-04 11:00:00,0.24710000000000001,2.4583333333333335,168.186144,2018-05-02,6.37,Oran
2018-05-04 11:30:00,0.2602,2.4791666666666665,177.10252799999998,2018-05-02,6.37,Oran
2018-05-04 12:00:00,0.272,2.5,185.13408,2018-05-02,6.37,Oran
2018-05-04 12:30:00,0.2741,2.5208333333333335,186.563424,2018-05-02,6.37,Oran
2018-05-04 13:00:00,0.24280000000000002,2.5416666666666665,165.25939200000002,2018-05-02,6.37,Oran
2018-05-04 13:30:00,0.2003,2.5625,136.332192,2018-05-02,6.37,Oran
2018-05-04 14:00:00,0.20650000000000002,2.5833333333333335,140.55216000000001,2018-05-02,6.37,Oran
2018-05-04 14:30:00,0.1595,2.6041666666666665,108.56208,2018-05-02,6.37,Oran
2018-05-04 15:00:00,0.1258,2.625,85.624512,2018-05-02,6.37,Oran
2018-05-04 15:30:00,0.08750000000000001,2.6458333333333335,59.556000000000004,2018-05-02,6.37,Oran
2018-05-04 16:00:00,0.061500000000000006,2.6666666666666665,41.85936,2018-05-02,6.37,Oran
2018-05-04 16:30:00,0.0427,2.6875,29.063328000000002,2018-05-02,6.37,Oran
2018-05-04 17:00:00,0.018500000000000003,2.7083333333333335,12.591840000000001,2018-05-02,6.37,Oran
2018-05-04 17:30:00,0.0046,2.7291666666666665,3.130944,2018-05-02,6.37,Oran
2018-05-04 18:00:00,0.012400000000000001,2.75,8.439936000000001,2018-05-02,6.37,Oran
2018-05-04 18:30:00,0.0044,2.7708333333333335,2.994816,2018-05-02,6.37,Oran
2018-05-04 19:00:00,0.0043,2.7916666666666665,2.926752,2018-05-02,6.37,Oran
2018-05-04 19:30:00,0.0038,2.8125,2.586432,2018-05-02,6.37,Oran
2018-05-04 20:00:00,0.0035,2.8333333333333335,2.38224,2018-05-02,6.37,Oran
2018-05-04 20:30:00,0.003,2.8541666666666665,2.04192,2018-05-02,6.37,Oran
2018-05-04 21:00:00,0.0025,2.875,1.7016,2018-05-02,6.37,Oran
2018-05-04 21:30:00,0.0018000000000000002,2.8958333333333335,1.225152,2018-05-02,6.37,Oran
2018-05-04 22:00:00,0.0011,2.9166666666666665,0.748704,2018-05-02,6.37,Oran
2018-05-04 22:30:00,0.001,2.9375,0.68064,2018-05-02,6.37,Oran
2018-05-04 23:00:00,0.0009000000000000001,2.9583333333333335,0.612576,2018-05-02,6.37,Oran
2018-05-04 23:30:00,0.0008,2.9791666666666665,0.544512,2018-05-02,6.37,Oran
2018-05-05 00:00:00,0.0006000000000000001,3.0,0.408384,2018-05-02,6.37,Oran
2018-05-05 00:30:00,0.0006000000000000001,3.0208333333333335,0.408384,2018-05-02,6.37,Oran
2018-05-05 01:00:00,0.0005,3.0416666666666665,0.34032,2018-05-02,6.37,Oran
2018-05-05 01:30:00,0.0005,3.0625,0.34032,2018-05-02,6.37,Oran
2018-05-05 02:00:00,0.0005,3.0833333333333335,0.34032,2018-05-02,6.37,Oran
2018-05-05 02:30:00,0.0004,3.1041666666666665,0.272256,2018-05-02,6.37,Oran
2018-05-05 03:00:00,0.0001,3.125,0.068064,2018-05-02,6.37,Oran
2018-05-05 03:30:00,0.00030000000000000003,3.1458333333333335,0.204192,2018-05-02,6.37,Oran
2018-05-05 04:00:00,0.0004,3.1666666666666665,0.272256,2018-05-02,6.37,Oran
2018-05-05 04:30:00,0.0004,3.1875,0.272256,2018-05-02,6.37,Oran
2018-05-05 05:00:00,0.00030000000000000003,3.2083333333333335,0.204192,2018-05-02,6.37,Oran
2018-05-05 05:30:00,0.00030000000000000003,3.2291666666666665,0.204192,2018-05-02,6.37,Oran
2018-05-05 06:00:00,0.0022,3.25,1.497408,2018-05-02,6.37,Oran
2018-05-05 06:30:00,0.0079,3.2708333333333335,5.3770560000000005,2018-05-02,6.37,Oran
2018-05-05 07:00:00,0.0134,3.2916666666666665,9.120576,2018-05-02,6.37,Oran
2018-05-05 07:30:00,0.0235,3.3125,15.99504,2018-05-02,6.37,Oran
2018-05-05 08:00:00,0.0531,3.3333333333333335,36.141984,2018-05-02,6.37,Oran
2018-05-05 08:30:00,0.11410000000000001,3.3541666666666665,77.661024,2018-05-02,6.37,Oran
2018-05-05 09:00:00,0.16840000000000002,3.375,114.61977600000002,2018-05-02,6.37,Oran
2018-05-05 09:30:00,0.1882,3.3958333333333335,128.096448,2018-05-02,6.37,Oran
2018-05-05 10:00:00,0.1037,3.4166666666666665,70.582368,2018-05-02,6.37,Oran
2018-05-05 10:30:00,0.1206,3.4375,82.085184,2018-05-02,6.37,Oran
2018-05-05 11:00:00,0.1027,3.4583333333333335,69.90172799999999,2018-05-02,6.37,Oran
2018-05-05 11:30:00,0.1136,3.4791666666666665,77.320704,2018-05-02,6.37,Oran
2018-05-05 12:00:00,0.0921,3.5,62.686944,2018-05-02,6.37,Oran
2018-05-05 12:30:00,0.1457,3.5208333333333335,99.169248,2018-05-02,6.37,Oran
2018-05-05 13:00:00,0.234,3.5416666666666665,159.26976000000002,2018-05-02,6.37,Oran
2018-05-05 13:30:00,0.2442,3.5625,166.212288,2018-05-02,6.37,Oran
2018-05-05 14:00:00,0.21880000000000002,3.5833333333333335,148.924032,2018-05-02,6.37,Oran
2018-05-05 14:30:00,0.20980000000000001,3.6041666666666665,142.798272,2018-05-02,6.37,Oran
2018-05-05 15:00:00,0.12760000000000002,3.625,86.849664,2018-05-02,6.37,Oran
2018-05-05 15:30:00,0.13670000000000002,3.6458333333333335,93.04348800000001,2018-05-02,6.37,Oran
2018-05-05 16:00:00,0.1058,3.6666666666666665,72.011712,2018-05-02,6.37,Oran
2018-05-05 16:30:00,0.024300000000000002,3.6875,16.539552,2018-05-02,6.37,Oran
2018-05-05 17:00:00,0.0298,3.7083333333333335,20.283072,2018-05-02,6.37,Oran
2018-05-05 17:30:00,0.0119,3.7291666666666665,8.099616000000001,2018-05-02,6.37,Oran
2018-05-05 18:00:00,0.0059,3.75,4.015776,2018-05-02,6.37,Oran
2018-05-05 18:30:00,0.0014,3.7708333333333335,0.952896,2018-05-02,6.37,Oran
2018-05-05 19:00:00,0.0011,3.7916666666666665,0.748704,2018-05-02,6.37,Oran
2018-05-05 19:30:00,0.001,3.8125,0.68064,2018-05-02,6.37,Oran
2018-05-05 20:00:00,0.0009000000000000001,3.8333333333333335,0.612576,2018-05-02,6.37,Oran
2018-05-05 20:30:00,0.0009000000000000001,3.8541666666666665,0.612576,2018-05-02,6.37,Oran
2018-05-05 21:00:00,0.0007,3.875,0.476448,2018-05-02,6.37,Oran
2018-05-05 21:30:00,0.0008,3.8958333333333335,0.544512,2018-05-02,6.37,Oran
2018-05-05 22:00:00,0.0008,3.9166666666666665,0.544512,2018-05-02,6.37,Oran
2018-05-05 22:30:00,0.0007,3.9375,0.476448,2018-05-02,6.37,Oran
2018-05-05 23:00:00,0.0004,3.9583333333333335,0.272256,2018-05-02,6.37,Oran
2018-05-05 23:30:00,0.00030000000000000003,3.9791666666666665,0.204192,2018-05-02,6.37,Oran
2018-05-06 00:00:00,0.0007,4.0,0.476448,2018-05-02,6.37,Oran
2018-05-06 00:30:00,0.0001,4.020833333333333,0.068064,2018-05-02,6.37,Oran
2018-05-06 01:00:00,0.0,4.041666666666667,0.0,2018-05-02,6.37,Oran
2018-05-06 01:30:00,0.0006000000000000001,4.0625,0.408384,2018-05-02,6.37,Oran
2018-05-06 02:00:00,0.0002,4.083333333333333,0.136128,2018-05-02,6.37,Oran
2018-05-06 02:30:00,0.0005,4.104166666666667,0.34032,2018-05-02,6.37,Oran
2018-05-06 03:00:00,0.0005,4.125,0.34032,2018-05-02,6.37,Oran
2018-05-06 03:30:00,0.0005,4.145833333333333,0.34032,2018-05-02,6.37,Oran
2018-05-06 04:00:00,0.0,4.166666666666667,0.0,2018-05-02,6.37,Oran
2018-05-06 04:30:00,0.0005,4.1875,0.34032,2018-05-02,6.37,Oran
2018-05-06 05:00:00,0.0004,4.208333333333333,0.272256,2018-05-02,6.37,Oran
2018-05-06 05:30:00,0.0022,4.229166666666667,1.497408,2018-05-02,6.37,Oran
2018-05-06 06:00:00,0.012400000000000001,4.25,8.439936000000001,2018-05-02,6.37,Oran
2018-05-06 06:30:00,0.0244,4.270833333333333,16.607616,2018-05-02,6.37,Oran
2018-05-06 07:00:00,0.0438,4.291666666666667,29.812032,2018-05-02,6.37,Oran
2018-05-06 07:30:00,0.069,4.3125,46.96416,2018-05-02,6.37,Oran
2018-05-06 08:00:00,0.09730000000000001,4.333333333333333,66.22627200000001,2018-05-02,6.37,Oran
2018-05-06 08:30:00,0.12480000000000001,4.354166666666667,84.943872,2018-05-02,6.37,Oran
2018-05-06 09:00:00,0.15,4.375,102.09599999999999,2018-05-02,6.37,Oran
2018-05-06 09:30:00,0.1529,4.395833333333333,104.069856,2018-05-02,6.37,Oran
2018-05-06 10:00:00,0.1894,4.416666666666667,128.913216,2018-05-02,6.37,Oran
2018-05-06 10:30:00,0.153,4.4375,104.13792,2018-05-02,6.37,Oran
2018-05-06 11:00:00,0.1695,4.458333333333333,115.36848,2018-05-02,6.37,Oran
2018-05-06 11:30:00,0.21610000000000001,4.479166666666667,147.086304,2018-05-02,6.37,Oran
2018-05-06 12:00:00,0.20650000000000002,4.5,140.55216000000001,2018-05-02,6.37,Oran
2018-05-06 12:30:00,0.23520000000000002,4.520833333333333,160.08652800000002,2018-05-02,6.37,Oran
2018-05-06 13:00:00,0.061700000000000005,4.541666666666667,41.995488,2018-05-02,6.37,Oran
2018-05-06 13:30:00,0.2015,4.5625,137.14896000000002,2018-05-02,6.37,Oran
2018-05-06 14:00:00,0.19140000000000001,4.583333333333333,130.274496,2018-05-02,6.37,Oran
2018-05-06 14:30:00,0.18680000000000002,4.604166666666667,127.14355200000001,2018-05-02,6.37,Oran
2018-05-06 15:00:00,0.166,4.625,112.98624000000001,2018-05-02,6.37,Oran
2018-05-06 15:30:00,0.1401,4.645833333333333,95.357664,2018-05-02,6.37,Oran
2018-05-06 16:00:00,0.10890000000000001,4.666666666666667,74.121696,2018-05-02,6.37,Oran
2018-05-06 16:30:00,0.0665,4.6875,45.26256,2018-05-02,6.37,Oran
2018-05-06 17:00:00,0.049800000000000004,4.708333333333333,33.895872000000004,2018-05-02,6.37,Oran
2018-05-06 17:30:00,0.0188,4.729166666666667,12.796032,2018-05-02,6.37,Oran
2018-05-06 18:00:00,0.004,4.75,2.72256,2018-05-02,6.37,Oran
2018-05-06 18:30:00,0.0034000000000000002,4.770833333333333,2.3141760000000002,2018-05-02,6.37,Oran
2018-05-06 19:00:00,0.0025,4.791666666666667,1.7016,2018-05-02,6.37,Oran
2018-05-06 19:30:00,0.0021000000000000003,4.8125,1.4293440000000002,2018-05-02,6.37,Oran
2018-05-06 20:00:00,0.0017000000000000001,4.833333333333333,1.1570880000000001,2018-05-02,6.37,Oran
2018-05-06 22:00:00,0.0011,4.916666666666667,0.748704,2018-05-02,6.37,Oran
2018-05-06 22:30:00,0.001,4.9375,0.68064,2018-05-02,6.37,Oran
2018-05-06 23:00:00,0.0002,4.958333333333333,0.136128,2018-05-02,6.37,Oran
2018-05-06 23:30:00,0.0009000000000000001,4.979166666666667,0.612576,2018-05-02,6.37,Oran
2018-05-07 00:00:00,0.0001,5.0,0.068064,2018-05-02,6.37,Oran
2018-05-07 00:30:00,0.0005,5.020833333333333,0.34032,2018-05-02,6.37,Oran
2018-05-07 01:00:00,0.0004,5.041666666666667,0.272256,2018-05-02,6.37,Oran
2018-05-07 01:30:00,0.0004,5.0625,0.272256,2018-05-02,6.37,Oran
2018-05-07 02:00:00,0.0004,5.083333333333333,0.272256,2018-05-02,6.37,Oran
2018-05-07 02:30:00,0.00030000000000000003,5.104166666666667,0.204192,2018-05-02,6.37,Oran
2018-05-07 03:00:00,0.00030000000000000003,5.125,0.204192,2018-05-02,6.37,Oran
2018-05-07 03:30:00,0.0,5.145833333333333,0.0,2018-05-02,6.37,Oran
2018-05-07 04:00:00,0.0,5.166666666666667,0.0,2018-05-02,6.37,Oran
2018-05-07 04:30:00,0.0,5.1875,0.0,2018-05-02,6.37,Oran
2018-05-07 05:00:00,0.0,5.208333333333333,0.0,2018-05-02,6.37,Oran
2018-05-07 05:30:00,0.0005,5.229166666666667,0.34032,2018-05-02,6.37,Oran
2018-05-07 06:00:00,0.0056,5.25,3.811584,2018-05-02,6.37,Oran
2018-05-07 06:30:00,0.0171,5.270833333333333,11.638944,2018-05-02,6.37,Oran
2018-05-07 07:00:00,0.033600000000000005,5.291666666666667,22.869504000000003,2018-05-02,6.37,Oran
2018-05-07 07:30:00,0.054,5.3125,36.75456,2018-05-02,6.37,Oran
2018-05-07 08:00:00,0.0761,5.333333333333333,51.796704,2018-05-02,6.37,Oran
2018-05-07 08:30:00,0.0989,5.354166666666667,67.315296,2018-05-02,6.37,Oran
2018-05-07 09:00:00,0.1245,5.375,84.73967999999999,2018-05-02,6.37,Oran
2018-05-07 09:30:00,0.1447,5.395833333333333,98.488608,2018-05-02,6.37,Oran
2018-05-07 10:00:00,0.17550000000000002,5.416666666666667,119.45232000000001,2018-05-02,6.37,Oran
2018-05-07 10:30:00,0.19,5.4375,129.3216,2018-05-02,6.37,Oran
2018-05-07 11:00:00,0.19740000000000002,5.458333333333333,134.358336,2018-05-02,6.37,Oran
2018-05-07 11:30:00,0.20520000000000002,5.479166666666667,139.667328,2018-05-02,6.37,Oran
2018-05-07 12:00:00,,5.5,,2018-05-02,6.37,Oran
2018-05-07 12:30:00,0.19160000000000002,5.520833333333333,130.410624,2018-05-02,6.37,Oran
2018-05-07 13:00:00,0.1703,5.541666666666667,115.912992,2018-05-02,6.37,Oran
2018-05-07 13:30:00,0.1893,5.5625,128.84515199999998,2018-05-02,6.37,Oran
2018-05-07 14:00:00,0.1822,5.583333333333333,124.012608,2018-05-02,6.37,Oran
2018-05-07 14:30:00,0.167,5.604166666666667,113.66688,2018-05-02,6.37,Oran
2018-05-07 15:00:00,0.14980000000000002,5.625,101.959872,2018-05-02,6.37,Oran
2018-05-07 15:30:00,0.1282,5.645833333333333,87.258048,2018-05-02,6.37,Oran
2018-05-07 16:00:00,0.1057,5.666666666666667,71.943648,2018-05-02,6.37,Oran
2018-05-07 16:30:00,0.08120000000000001,5.6875,55.267968,2018-05-02,6.37,Oran
2018-05-07 17:00:00,0.058100000000000006,5.708333333333333,39.545184000000006,2018-05-02,6.37,Oran
2018-05-07 17:30:00,0.037200000000000004,5.729166666666667,25.319808000000002,2018-05-02,6.37,Oran
2018-05-07 18:00:00,0.019700000000000002,5.75,13.408608000000001,2018-05-02,6.37,Oran
2018-05-07 18:30:00,0.0023,5.770833333333333,1.565472,2018-05-02,6.37,Oran
2018-05-07 19:00:00,0.0021000000000000003,5.791666666666667,1.4293440000000002,2018-05-02,6.37,Oran
2018-05-07 19:30:00,0.0025,5.8125,1.7016,2018-05-02,6.37,Oran
2018-05-07 20:00:00,0.0016,5.833333333333333,1.089024,2018-05-02,6.37,Oran
2018-05-07 20:30:00,0.0013000000000000002,5.854166666666667,0.8848320000000001,2018-05-02,6.37,Oran
2018-05-07 21:00:00,0.0011,5.875,0.748704,2018-05-02,6.37,Oran
2018-05-07 21:30:00,0.0009000000000000001,5.895833333333333,0.612576,2018-05-02,6.37,Oran
2018-05-07 22:00:00,0.0008,5.916666666666667,0.544512,2018-05-02,6.37,Oran
2018-05-07 22:30:00,0.0006000000000000001,5.9375,0.408384,2018-05-02,6.37,Oran
2018-05-07 23:00:00,0.0005,5.958333333333333,0.34032,2018-05-02,6.37,Oran
2018-05-07 23:30:00,0.00030000000000000003,5.979166666666667,0.204192,2018-05-02,6.37,Oran
2018-05-08 00:00:00,0.0001,6.0,0.068064,2018-05-02,6.37,Oran
2018-05-08 00:30:00,0.0,6.020833333333333,0.0,2018-05-02,6.37,Oran
2018-05-08 01:00:00,0.0,6.041666666666667,0.0,2018-05-02,6.37,Oran
2018-05-08 01:30:00,0.0,6.0625,0.0,2018-05-02,6.37,Oran
2018-05-08 02:00:00,0.0,6.083333333333333,0.0,2018-05-02,6.37,Oran
2018-05-08 02:30:00,0.0,6.104166666666667,0.0,2018-05-02,6.37,Oran
2018-05-08 03:00:00,0.0,6.125,0.0,2018-05-02,6.37,Oran
2018-05-08 03:30:00,0.0002,6.145833333333333,0.136128,2018-05-02,6.37,Oran
2018-05-08 04:00:00,0.0002,6.166666666666667,0.136128,2018-05-02,6.37,Oran
2018-05-08 04:30:00,0.0002,6.1875,0.136128,2018-05-02,6.37,Oran
2018-05-08 05:00:00,0.0,6.208333333333333,0.0,2018-05-02,6.37,Oran
2018-05-08 05:30:00,0.0007,6.229166666666667,0.476448,2018-05-02,6.37,Oran
2018-05-08 06:00:00,0.0059,6.25,4.015776,2018-05-02,6.37,Oran
2018-05-08 06:30:00,0.013600000000000001,6.270833333333333,9.256704000000001,2018-05-02,6.37,Oran
2018-05-08 07:00:00,0.0108,6.291666666666667,7.350912,2018-05-02,6.37,Oran
2018-05-08 07:30:00,0.019700000000000002,6.3125,13.408608000000001,2018-05-02,6.37,Oran
2018-05-08 08:00:00,0.0318,6.333333333333333,21.644352,2018-05-02,6.37,Oran
2018-05-08 08:30:00,0.0468,6.354166666666667,31.853952,2018-05-02,6.37,Oran
2018-05-08 09:00:00,0.0716,6.375,48.733824,2018-05-02,6.37,Oran
2018-05-08 09:30:00,0.056900000000000006,6.395833333333333,38.728416,2018-05-02,6.37,Oran
2018-05-08 10:00:00,0.1651,6.416666666666667,112.37366399999999,2018-05-02,6.37,Oran
2018-05-08 10:30:00,0.1749,6.4375,119.043936,2018-05-02,6.37,Oran
2018-05-08 11:00:00,0.19190000000000002,6.458333333333333,130.61481600000002,2018-05-02,6.37,Oran
2018-05-08 11:30:00,0.1937,6.479166666666667,131.839968,2018-05-02,6.37,Oran
2018-05-08 12:00:00,0.19260000000000002,6.5,131.09126400000002,2018-05-02,6.37,Oran
2018-05-08 12:30:00,0.2008,6.520833333333333,136.672512,2018-05-02,6.37,Oran
2018-05-08 13:00:00,0.1912,6.541666666666667,130.138368,2018-05-02,6.37,Oran
2018-05-08 13:30:00,0.1806,6.5625,122.923584,2018-05-02,6.37,Oran
2018-05-08 14:00:00,0.1527,6.583333333333333,103.933728,2018-05-02,6.37,Oran
2018-05-08 14:30:00,0.1443,6.604166666666667,98.216352,2018-05-02,6.37,Oran
2018-05-08 15:00:00,0.1313,6.625,89.368032,2018-05-02,6.37,Oran
2018-05-08 15:30:00,0.1109,6.645833333333333,75.482976,2018-05-02,6.37,Oran
2018-05-08 16:00:00,0.08320000000000001,6.666666666666667,56.629248000000004,2018-05-02,6.37,Oran
2018-05-08 16:30:00,0.0067,6.6875,4.560288,2018-05-02,6.37,Oran
2018-05-08 17:00:00,0.0047,6.708333333333333,3.199008,2018-05-02,6.37,Oran
2018-05-08 17:30:00,0.0036000000000000003,6.729166666666667,2.450304,2018-05-02,6.37,Oran
2018-05-08 18:00:00,0.0005,6.75,0.34032,2018-05-02,6.37,Oran
2018-05-08 18:30:00,0.0002,6.770833333333333,0.136128,2018-05-02,6.37,Oran
2018-05-08 19:00:00,0.0002,6.791666666666667,0.136128,2018-05-02,6.37,Oran
2018-05-08 19:30:00,0.0,6.8125,0.0,2018-05-02,6.37,Oran
2018-05-08 20:00:00,0.0,6.833333333333333,0.0,2018-05-02,6.37,Oran
2018-05-08 20:30:00,0.0,6.854166666666667,0.0,2018-05-02,6.37,Oran
2018-05-08 21:00:00,0.0,6.875,0.0,2018-05-02,6.37,Oran
2018-05-08 21:30:00,0.0,6.895833333333333,0.0,2018-05-02,6.37,Oran
2018-05-08 22:00:00,0.0002,6.916666666666667,0.136128,2018-05-02,6.37,Oran
2018-05-08 22:30:00,0.0,6.9375,0.0,2018-05-02,6.37,Oran
2018-05-08 23:00:00,0.0,6.958333333333333,0.0,2018-05-02,6.37,Oran
2018-05-08 23:30:00,0.0002,6.979166666666667,0.136128,2018-05-02,6.37,Oran
2018-05-09 00:00:00,0.0,7.0,0.0,2018-05-02,6.37,Oran
2018-05-09 00:30:00,0.0,7.020833333333333,0.0,2018-05-02,6.37,Oran
2018-05-09 01:00:00,0.0,7.041666666666667,0.0,2018-05-02,6.37,Oran
2018-05-09 01:30:00,0.0,7.0625,0.0,2018-05-02,6.37,Oran
2018-05-09 02:00:00,0.0,7.083333333333333,0.0,2018-05-02,6.37,Oran
2018-05-09 02:30:00,0.0,7.104166666666667,0.0,2018-05-02,6.37,Oran
2018-05-09 03:00:00,0.0,7.125,0.0,2018-05-02,6.37,Oran
2018-05-09 03:30:00,0.0,7.145833333333333,0.0,2018-05-02,6.37,Oran
2018-05-09 04:00:00,0.0,7.166666666666667,0.0,2018-05-02,6.37,Oran
2018-05-09 04:30:00,0.0001,7.1875,0.068064,2018-05-02,6.37,Oran
2018-05-09 05:00:00,0.0,7.208333333333333,0.0,2018-05-02,6.37,Oran
2018-05-09 05:30:00,0.00030000000000000003,7.229166666666667,0.204192,2018-05-02,6.37,Oran
2018-05-09 06:00:00,0.0076,7.25,5.172864,2018-05-02,6.37,Oran
2018-05-09 06:30:00,0.0126,7.270833333333333,8.576064,2018-05-02,6.37,Oran
2018-05-09 07:00:00,0.0206,7.291666666666667,14.021184,2018-05-02,6.37,Oran
2018-05-09 07:30:00,0.0516,7.3125,35.121024,2018-05-02,6.37,Oran
2018-05-09 08:00:00,0.09430000000000001,7.333333333333333,64.184352,2018-05-02,6.37,Oran
2018-05-09 08:30:00,0.12240000000000001,7.354166666666667,83.310336,2018-05-02,6.37,Oran
2018-05-09 09:00:00,0.1502,7.375,102.232128,2018-05-02,6.37,Oran
2018-05-09 09:30:00,0.1685,7.395833333333333,114.68784000000001,2018-05-02,6.37,Oran
2018-05-09 10:00:00,0.1845,7.416666666666667,125.57808,2018-05-02,6.37,Oran
2018-05-09 10:30:00,0.2003,7.4375,136.332192,2018-05-02,6.37,Oran
2018-05-09 11:00:00,0.19940000000000002,7.458333333333333,135.719616,2018-05-02,6.37,Oran
2018-05-09 11:30:00,0.22060000000000002,7.479166666666667,150.14918400000002,2018-05-02,6.37,Oran
2018-05-09 12:00:00,0.1857,7.5,126.394848,2018-05-02,6.37,Oran
2018-05-09 12:30:00,0.1291,7.520833333333333,87.87062399999999,2018-05-02,6.37,Oran
2018-05-09 13:00:00,0.2136,7.541666666666667,145.384704,2018-05-02,6.37,Oran
2018-05-09 13:30:00,0.20450000000000002,7.5625,139.19088000000002,2018-05-02,6.37,Oran
2018-05-09 14:00:00,0.1923,7.583333333333333,130.887072,2018-05-02,6.37,Oran
2018-05-09 14:30:00,0.1675,7.604166666666667,114.0072,2018-05-02,6.37,Oran
2018-05-09 15:00:00,0.0068000000000000005,7.625,4.6283520000000005,2018-05-02,6.37,Oran
2018-05-09 15:30:00,0.0061,7.645833333333333,4.151904,2018-05-02,6.37,Oran
2018-05-09 16:00:00,0.0055000000000000005,7.666666666666667,3.74352,2018-05-02,6.37,Oran
2018-05-09 16:30:00,0.056900000000000006,7.6875,38.728416,2018-05-02,6.37,Oran
2018-05-09 17:00:00,0.0047,7.708333333333333,3.199008,2018-05-02,6.37,Oran
2018-05-09 17:30:00,0.0212,7.729166666666667,14.429568,2018-05-02,6.37,Oran
2018-05-09 18:00:00,0.024,7.75,16.33536,2018-05-02,6.37,Oran
2018-05-09 18:30:00,0.0036000000000000003,7.770833333333333,2.450304,2018-05-02,6.37,Oran
2018-05-09 19:00:00,0.0019,7.791666666666667,1.293216,2018-05-02,6.37,Oran
2018-05-09 19:30:00,0.0016,7.8125,1.089024,2018-05-02,6.37,Oran
2018-05-09 20:00:00,0.0017000000000000001,7.833333333333333,1.1570880000000001,2018-05-02,6.37,Oran
2018-05-09 20:30:00,0.0018000000000000002,7.854166666666667,1.225152,2018-05-02,6.37,Oran
2018-05-09 21:00:00,0.0012000000000000001,7.875,0.816768,2018-05-02,6.37,Oran
2018-05-09 21:30:00,0.0015,7.895833333333333,1.02096,2018-05-02,6.37,Oran
2018-05-09 22:00:00,0.0011,7.916666666666667,0.748704,2018-05-02,6.37,Oran
2018-05-09 22:30:00,0.0009000000000000001,7.9375,0.612576,2018-05-02,6.37,Oran
2018-05-09 23:00:00,0.0007,7.958333333333333,0.476448,2018-05-02,6.37,Oran
2018-05-09 23:30:00,0.001,7.979166666666667,0.68064,2018-05-02,6.37,Oran
2018-05-10 00:00:00,0.001,8.0,0.68064,2018-05-02,6.37,Oran
2018-05-10 00:30:00,0.0007,8.020833333333334,0.476448,2018-05-02,6.37,Oran
2018-05-10 01:00:00,0.0006000000000000001,8.041666666666666,0.408384,2018-05-02,6.37,Oran
2018-05-10 01:30:00,0.0008,8.0625,0.544512,2018-05-02,6.37,Oran
2018-05-10 02:00:00,0.0008,8.083333333333334,0.544512,2018-05-02,6.37,Oran
2018-05-10 02:30:00,0.0007,8.104166666666666,0.476448,2018-05-02,6.37,Oran
2018-05-10 03:00:00,0.0006000000000000001,8.125,0.408384,2018-05-02,6.37,Oran
2018-05-10 03:30:00,0.0006000000000000001,8.145833333333334,0.408384,2018-05-02,6.37,Oran
2018-05-10 04:00:00,0.0005,8.166666666666666,0.34032,2018-05-02,6.37,Oran
2018-05-10 04:30:00,0.0005,8.1875,0.34032,2018-05-02,6.37,Oran
2018-05-10 05:00:00,0.0,8.208333333333334,0.0,2018-05-02,6.37,Oran
2018-05-10 05:30:00,0.0005,8.229166666666666,0.34032,2018-05-02,6.37,Oran
2018-05-10 06:00:00,0.0006000000000000001,8.25,0.408384,2018-05-02,6.37,Oran
2018-05-10 06:30:00,0.0007,8.270833333333334,0.476448,2018-05-02,6.37,Oran
2018-05-10 07:00:00,0.0009000000000000001,8.291666666666666,0.612576,2018-05-02,6.37,Oran
2018-05-10 07:30:00,0.0146,8.3125,9.937344,2018-05-02,6.37,Oran
2018-05-10 08:00:00,0.0158,8.333333333333334,10.754112000000001,2018-05-02,6.37,Oran
2018-05-10 08:30:00,0.0212,8.354166666666666,14.429568,2018-05-02,6.37,Oran
2018-05-10 09:00:00,0.0274,8.375,18.649536,2018-05-02,6.37,Oran
2018-05-10 09:30:00,0.0324,8.395833333333334,22.052736,2018-05-02,6.37,Oran
2018-05-10 10:00:00,0.06470000000000001,8.416666666666666,44.037408000000006,2018-05-02,6.37,Oran
2018-05-10 10:30:00,0.16820000000000002,8.4375,114.483648,2018-05-02,6.37,Oran
2018-05-10 11:00:00,0.2538,8.458333333333334,172.74643200000003,2018-05-02,6.37,Oran
2018-05-10 11:30:00,0.265,8.479166666666666,180.3696,2018-05-02,6.37,Oran
2018-05-10 12:00:00,0.2626,8.5,178.736064,2018-05-02,6.37,Oran
2018-05-10 12:30:00,0.2675,8.520833333333334,182.0712,2018-05-02,6.37,Oran
2018-05-10 13:00:00,0.2602,8.541666666666666,177.10252799999998,2018-05-02,6.37,Oran
2018-05-10 13:30:00,,8.5625,,2018-05-02,6.37,Oran
2018-05-10 14:00:00,0.1527,8.583333333333334,103.933728,2018-05-02,6.37,Oran
2018-05-10 14:30:00,0.0492,8.604166666666666,33.487488,2018-05-02,6.37,Oran
2018-05-10 15:00:00,0.0275,8.625,18.7176,2018-05-02,6.37,Oran
2018-05-10 15:30:00,0.0427,8.645833333333334,29.063328000000002,2018-05-02,6.37,Oran
2018-05-10 16:00:00,0.0123,8.666666666666666,8.371872,2018-05-02,6.37,Oran
2018-05-10 16:30:00,0.0323,8.6875,21.984672,2018-05-02,6.37,Oran
2018-05-10 17:00:00,0.0036000000000000003,8.708333333333334,2.450304,2018-05-02,6.37,Oran
2018-05-10 17:30:00,0.0023,8.729166666666666,1.565472,2018-05-02,6.37,Oran
2018-05-10 18:00:00,0.0078000000000000005,8.75,5.308992,2018-05-02,6.37,Oran
2018-05-10 18:30:00,0.0004,8.770833333333334,0.272256,2018-05-02,6.37,Oran
2018-05-10 19:00:00,0.0004,8.791666666666666,0.272256,2018-05-02,6.37,Oran
2018-05-10 19:30:00,0.00030000000000000003,8.8125,0.204192,2018-05-02,6.37,Oran
2018-05-10 20:00:00,0.00030000000000000003,8.833333333333334,0.204192,2018-05-02,6.37,Oran
2018-05-10 20:30:00,0.0002,8.854166666666666,0.136128,2018-05-02,6.37,Oran
2018-05-10 21:00:00,0.0002,8.875,0.136128,2018-05-02,6.37,Oran
2018-05-10 21:30:00,0.0001,8.895833333333334,0.068064,2018-05-02,6.37,Oran
2018-05-10 22:00:00,0.0001,8.916666666666666,0.068064,2018-05-02,6.37,Oran
2018-05-10 22:30:00,0.0001,8.9375,0.068064,2018-05-02,6.37,Oran
2018-05-10 23:00:00,0.0001,8.958333333333334,0.068064,2018-05-02,6.37,Oran
2018-05-10 23:30:00,0.0001,8.979166666666666,0.068064,2018-05-02,6.37,Oran
2018-05-11 00:00:00,0.0,9.0,0.0,2018-05-02,6.37,Oran
2018-05-11 00:30:00,0.0,9.020833333333334,0.0,2018-05-02,6.37,Oran
2018-05-11 01:00:00,0.0008,9.041666666666666,0.544512,2018-05-02,6.37,Oran
2018-05-11 01:30:00,0.0,9.0625,0.0,2018-05-02,6.37,Oran
2018-05-11 02:00:00,0.0,9.083333333333334,0.0,2018-05-02,6.37,Oran
2018-05-11 02:30:00,0.0,9.104166666666666,0.0,2018-05-02,6.37,Oran
2018-05-11 03:00:00,0.0005,9.125,0.34032,2018-05-02,6.37,Oran
2018-05-11 03:30:00,0.0006000000000000001,9.145833333333334,0.408384,2018-05-02,6.37,Oran
2018-05-11 04:00:00,0.0,9.166666666666666,0.0,2018-05-02,6.37,Oran
2018-05-11 04:30:00,0.0007,9.1875,0.476448,2018-05-02,6.37,Oran
2018-05-11 05:00:00,0.0008,9.208333333333334,0.544512,2018-05-02,6.37,Oran
2018-05-11 05:30:00,0.0006000000000000001,9.229166666666666,0.408384,2018-05-02,6.37,Oran
2018-05-11 06:00:00,0.0027,9.25,1.837728,2018-05-02,6.37,Oran
2018-05-11 06:30:00,0.0129,9.270833333333334,8.780256,2018-05-02,6.37,Oran
2018-05-11 07:00:00,0.0228,9.291666666666666,15.518592,2018-05-02,6.37,Oran
2018-05-11 07:30:00,0.0621,9.3125,42.267744,2018-05-02,6.37,Oran
2018-05-11 08:00:00,0.1272,9.333333333333334,86.577408,2018-05-02,6.37,Oran
2018-05-11 08:30:00,0.20670000000000002,9.354166666666666,140.688288,2018-05-02,6.37,Oran
2018-05-11 09:00:00,0.25470000000000004,9.375,173.35900800000002,2018-05-02,6.37,Oran
2018-05-11 09:30:00,0.2823,9.395833333333334,192.14467199999999,2018-05-02,6.37,Oran
2018-05-11 10:00:00,0.3136,9.416666666666666,213.448704,2018-05-02,6.37,Oran
2018-05-11 10:30:00,0.3461,9.4375,235.569504,2018-05-02,6.37,Oran
2018-05-11 11:00:00,0.3826,9.458333333333334,260.412864,2018-05-02,6.37,Oran
2018-05-11 11:30:00,0.4138,9.479166666666666,281.64883199999997,2018-05-02,6.37,Oran
2018-05-11 12:00:00,0.41400000000000003,9.5,281.78496,2018-05-02,6.37,Oran
2018-05-11 12:30:00,0.4158,9.520833333333334,283.010112,2018-05-02,6.37,Oran
2018-05-11 13:00:00,0.4103,9.541666666666666,279.266592,2018-05-02,6.37,Oran
2018-05-11 13:30:00,0.3945,9.5625,268.51248,2018-05-02,6.37,Oran
2018-05-11 14:00:00,0.3745,9.583333333333334,254.89968,2018-05-02,6.37,Oran
2018-05-11 14:30:00,0.2937,9.604166666666666,199.90396800000002,2018-05-02,6.37,Oran
2018-05-11 15:00:00,0.27290000000000003,9.625,185.74665600000003,2018-05-02,6.37,Oran
2018-05-11 15:30:00,0.2155,9.645833333333334,146.67792,2018-05-02,6.37,Oran
2018-05-11 16:00:00,0.22560000000000002,9.666666666666666,153.55238400000002,2018-05-02,6.37,Oran
2018-05-11 16:30:00,0.1383,9.6875,94.132512,2018-05-02,6.37,Oran
2018-05-11 17:00:00,0.1389,9.708333333333334,94.54089599999999,2018-05-02,6.37,Oran
2018-05-11 17:30:00,0.0954,9.729166666666666,64.933056,2018-05-02,6.37,Oran
2018-05-11 18:00:00,0.0551,9.75,37.503264,2018-05-02,6.37,Oran
2018-05-11 18:30:00,0.016900000000000002,9.770833333333334,11.502816000000001,2018-05-02,6.37,Oran
2018-05-11 19:00:00,0.0125,9.791666666666666,8.508000000000001,2018-05-02,6.37,Oran
2018-05-11 19:30:00,0.010700000000000001,9.8125,7.282848,2018-05-02,6.37,Oran
2018-05-11 20:00:00,0.009000000000000001,9.833333333333334,6.1257600000000005,2018-05-02,6.37,Oran
2018-05-11 20:30:00,0.0067,9.854166666666666,4.560288,2018-05-02,6.37,Oran
2018-05-11 21:00:00,0.0044,9.875,2.994816,2018-05-02,6.37,Oran
2018-05-11 21:30:00,0.0034000000000000002,9.895833333333334,2.3141760000000002,2018-05-02,6.37,Oran
2018-05-11 22:00:00,0.0024000000000000002,9.916666666666666,1.633536,2018-05-02,6.37,Oran
2018-05-11 22:30:00,0.0019,9.9375,1.293216,2018-05-02,6.37,Oran
2018-05-11 23:00:00,0.0014,9.958333333333334,0.952896,2018-05-02,6.37,Oran
2018-05-11 23:30:00,0.0013000000000000002,9.979166666666666,0.8848320000000001,2018-05-02,6.37,Oran
2018-05-11 00:00:00,0.0,0.0,0.0,2018-05-11,3.4,Oran
2018-05-11 00:30:00,0.0,0.020833333333333332,0.0,2018-05-11,3.4,Oran
2018-05-11 01:00:00,0.0008,0.041666666666666664,0.544512,2018-05-11,3.4,Oran
2018-05-11 01:30:00,0.0,0.0625,0.0,2018-05-11,3.4,Oran
2018-05-11 02:00:00,0.0,0.08333333333333333,0.0,2018-05-11,3.4,Oran
2018-05-11 02:30:00,0.0,0.10416666666666667,0.0,2018-05-11,3.4,Oran
2018-05-11 03:00:00,0.0005,0.125,0.34032,2018-05-11,3.4,Oran
2018-05-11 03:30:00,0.0006000000000000001,0.14583333333333334,0.408384,2018-05-11,3.4,Oran
2018-05-11 04:00:00,0.0,0.16666666666666666,0.0,2018-05-11,3.4,Oran
2018-05-11 04:30:00,0.0007,0.1875,0.476448,2018-05-11,3.4,Oran
2018-05-11 05:00:00,0.0008,0.20833333333333334,0.544512,2018-05-11,3.4,Oran
2018-05-11 05:30:00,0.0006000000000000001,0.22916666666666666,0.408384,2018-05-11,3.4,Oran
2018-05-11 06:00:00,0.0027,0.25,1.837728,2018-05-11,3.4,Oran
2018-05-11 06:30:00,0.0129,0.2708333333333333,8.780256,2018-05-11,3.4,Oran
2018-05-11 07:00:00,0.0228,0.2916666666666667,15.518592,2018-05-11,3.4,Oran
2018-05-11 07:30:00,0.0621,0.3125,42.267744,2018-05-11,3.4,Oran
2018-05-11 08:00:00,0.1272,0.3333333333333333,86.577408,2018-05-11,3.4,Oran
2018-05-11 08:30:00,0.20670000000000002,0.3541666666666667,140.688288,2018-05-11,3.4,Oran
2018-05-11 09:00:00,0.25470000000000004,0.375,173.35900800000002,2018-05-11,3.4,Oran
2018-05-11 09:30:00,0.2823,0.3958333333333333,192.14467199999999,2018-05-11,3.4,Oran
2018-05-11 10:00:00,0.3136,0.4166666666666667,213.448704,2018-05-11,3.4,Oran
2018-05-11 10:30:00,0.3461,0.4375,235.569504,2018-05-11,3.4,Oran
2018-05-11 11:00:00,0.3826,0.4583333333333333,260.412864,2018-05-11,3.4,Oran
2018-05-11 11:30:00,0.4138,0.4791666666666667,281.64883199999997,2018-05-11,3.4,Oran
2018-05-11 12:00:00,0.41400000000000003,0.5,281.78496,2018-05-11,3.4,Oran
2018-05-11 12:30:00,0.4158,0.5208333333333334,283.010112,2018-05-11,3.4,Oran
2018-05-11 13:00:00,0.4103,0.5416666666666666,279.266592,2018-05-11,3.4,Oran
2018-05-11 13:30:00,0.3945,0.5625,268.51248,2018-05-11,3.4,Oran
2018-05-11 14:00:00,0.3745,0.5833333333333334,254.89968,2018-05-11,3.4,Oran
2018-05-11 14:30:00,0.2937,0.6041666666666666,199.90396800000002,2018-05-11,3.4,Oran
2018-05-11 15:00:00,0.27290000000000003,0.625,185.74665600000003,2018-05-11,3.4,Oran
2018-05-11 15:30:00,0.2155,0.6458333333333334,146.67792,2018-05-11,3.4,Oran
2018-05-11 16:00:00,0.22560000000000002,0.6666666666666666,153.55238400000002,2018-05-11,3.4,Oran
2018-05-11 16:30:00,0.1383,0.6875,94.132512,2018-05-11,3.4,Oran
2018-05-11 17:00:00,0.1389,0.7083333333333334,94.54089599999999,2018-05-11,3.4,Oran
2018-05-11 17:30:00,0.0954,0.7291666666666666,64.933056,2018-05-11,3.4,Oran
2018-05-11 18:00:00,0.0551,0.75,37.503264,2018-05-11,3.4,Oran
2018-05-11 18:30:00,0.016900000000000002,0.7708333333333334,11.502816000000001,2018-05-11,3.4,Oran
2018-05-11 19:00:00,0.0125,0.7916666666666666,8.508000000000001,2018-05-11,3.4,Oran
2018-05-11 19:30:00,0.010700000000000001,0.8125,7.282848,2018-05-11,3.4,Oran
2018-05-11 20:00:00,0.009000000000000001,0.8333333333333334,6.1257600000000005,2018-05-11,3.4,Oran
2018-05-11 20:30:00,0.0067,0.8541666666666666,4.560288,2018-05-11,3.4,Oran
2018-05-11 21:00:00,0.0044,0.875,2.994816,2018-05-11,3.4,Oran
2018-05-11 21:30:00,0.0034000000000000002,0.8958333333333334,2.3141760000000002,2018-05-11,3.4,Oran
2018-05-11 22:00:00,0.0024000000000000002,0.9166666666666666,1.633536,2018-05-11,3.4,Oran
2018-05-11 22:30:00,0.0019,0.9375,1.293216,2018-05-11,3.4,Oran
2018-05-11 23:00:00,0.0014,0.9583333333333334,0.952896,2018-05-11,3.4,Oran
2018-05-11 23:30:00,0.0013000000000000002,0.9791666666666666,0.8848320000000001,2018-05-11,3.4,Oran
2018-05-12 00:00:00,0.0009000000000000001,1.0,0.612576,2018-05-11,3.4,Oran
2018-05-12 00:30:00,0.0008,1.0208333333333333,0.544512,2018-05-11,3.4,Oran
2018-05-12 01:00:00,0.0046,1.0416666666666667,3.130944,2018-05-11,3.4,Oran
2018-05-12 01:30:00,0.0046,1.0625,3.130944,2018-05-11,3.4,Oran
2018-05-12 02:00:00,0.0046,1.0833333333333333,3.130944,2018-05-11,3.4,Oran
2018-05-12 02:30:00,0.0011,1.1041666666666667,0.748704,2018-05-11,3.4,Oran
2018-05-12 03:00:00,0.0013000000000000002,1.125,0.8848320000000001,2018-05-11,3.4,Oran
2018-05-12 03:30:00,0.0017000000000000001,1.1458333333333333,1.1570880000000001,2018-05-11,3.4,Oran
2018-05-12 04:00:00,0.0021000000000000003,1.1666666666666667,1.4293440000000002,2018-05-11,3.4,Oran
2018-05-12 04:30:00,0.0058000000000000005,1.1875,3.947712,2018-05-11,3.4,Oran
2018-05-12 05:00:00,0.0022,1.2083333333333333,1.497408,2018-05-11,3.4,Oran
2018-05-12 05:30:00,0.0105,1.2291666666666667,7.14672,2018-05-11,3.4,Oran
2018-05-12 06:00:00,0.0269,1.25,18.309216,2018-05-11,3.4,Oran
2018-05-12 06:30:00,0.050300000000000004,1.2708333333333333,34.236192,2018-05-11,3.4,Oran
2018-05-12 07:00:00,0.054200000000000005,1.2916666666666667,36.890688000000004,2018-05-11,3.4,Oran
2018-05-12 07:30:00,0.057,1.3125,38.79648,2018-05-11,3.4,Oran
2018-05-12 08:00:00,0.1608,1.3333333333333333,109.446912,2018-05-11,3.4,Oran
2018-05-12 08:30:00,0.1744,1.3541666666666667,118.703616,2018-05-11,3.4,Oran
2018-05-12 09:00:00,0.2086,1.375,141.981504,2018-05-11,3.4,Oran
2018-05-12 09:30:00,0.24480000000000002,1.3958333333333333,166.620672,2018-05-11,3.4,Oran
2018-05-12 10:00:00,0.2785,1.4166666666666667,189.55824,2018-05-11,3.4,Oran
2018-05-12 10:30:00,0.3099,1.4375,210.930336,2018-05-11,3.4,Oran
2018-05-12 11:00:00,0.32480000000000003,1.4583333333333333,221.071872,2018-05-11,3.4,Oran
2018-05-12 11:30:00,0.3317,1.4791666666666667,225.76828799999998,2018-05-11,3.4,Oran
2018-05-12 12:00:00,0.3229,1.5,219.778656,2018-05-11,3.4,Oran
2018-05-12 12:30:00,0.32330000000000003,1.5208333333333333,220.050912,2018-05-11,3.4,Oran
2018-05-12 13:00:00,0.3191,1.5416666666666667,217.19222399999998,2018-05-11,3.4,Oran
2018-05-12 13:30:00,0.3058,1.5625,208.139712,2018-05-11,3.4,Oran
2018-05-12 14:00:00,0.29810000000000003,1.5833333333333333,202.898784,2018-05-11,3.4,Oran
2018-05-12 14:30:00,0.2506,1.6041666666666667,170.56838399999998,2018-05-11,3.4,Oran
2018-05-12 15:00:00,0.16340000000000002,1.625,111.216576,2018-05-11,3.4,Oran
2018-05-12 15:30:00,0.20550000000000002,1.6458333333333333,139.87152,2018-05-11,3.4,Oran
2018-05-12 16:00:00,0.1772,1.6666666666666667,120.609408,2018-05-11,3.4,Oran
2018-05-12 16:30:00,0.1414,1.6875,96.242496,2018-05-11,3.4,Oran
2018-05-12 17:00:00,0.112,1.7083333333333333,76.23168,2018-05-11,3.4,Oran
2018-05-12 17:30:00,0.0709,1.7291666666666667,48.257376,2018-05-11,3.4,Oran
2018-05-12 18:00:00,0.0641,1.75,43.629024,2018-05-11,3.4,Oran
2018-05-12 18:30:00,0.0204,1.7708333333333333,13.885056,2018-05-11,3.4,Oran
2018-05-12 19:00:00,0.0193,1.7916666666666667,13.136352,2018-05-11,3.4,Oran
2018-05-12 19:30:00,0.0164,1.8125,11.162496,2018-05-11,3.4,Oran
2018-05-12 20:00:00,0.015600000000000001,1.8333333333333333,10.617984,2018-05-11,3.4,Oran
2018-05-12 20:30:00,0.015600000000000001,1.8541666666666667,10.617984,2018-05-11,3.4,Oran
2018-05-12 21:00:00,0.0177,1.875,12.047328,2018-05-11,3.4,Oran
2018-05-12 21:30:00,0.0149,1.8958333333333333,10.141536,2018-05-11,3.4,Oran
2018-05-12 22:00:00,0.014400000000000001,1.9166666666666667,9.801216,2018-05-11,3.4,Oran
2018-05-12 22:30:00,0.0142,1.9375,9.665088,2018-05-11,3.4,Oran
2018-05-12 23:00:00,0.013900000000000001,1.9583333333333333,9.460896,2018-05-11,3.4,Oran
2018-05-12 23:30:00,0.012100000000000001,1.9791666666666667,8.235744,2018-05-11,3.4,Oran
2018-05-13 00:00:00,0.0067,2.0,4.560288,2018-05-11,3.4,Oran
2018-05-13 00:30:00,0.0061,2.0208333333333335,4.151904,2018-05-11,3.4,Oran
2018-05-13 01:00:00,0.0054,2.0416666666666665,3.675456,2018-05-11,3.4,Oran
2018-05-13 01:30:00,0.005,2.0625,3.4032,2018-05-11,3.4,Oran
2018-05-13 02:00:00,0.0044,2.0833333333333335,2.994816,2018-05-11,3.4,Oran
2018-05-13 02:30:00,0.0034000000000000002,2.1041666666666665,2.3141760000000002,2018-05-11,3.4,Oran
2018-05-13 03:00:00,0.0028,2.125,1.905792,2018-05-11,3.4,Oran
2018-05-13 03:30:00,0.0027,2.1458333333333335,1.837728,2018-05-11,3.4,Oran
2018-05-13 04:00:00,0.0026000000000000003,2.1666666666666665,1.7696640000000001,2018-05-11,3.4,Oran
2018-05-13 04:30:00,0.0024000000000000002,2.1875,1.633536,2018-05-11,3.4,Oran
2018-05-13 05:00:00,0.0022,2.2083333333333335,1.497408,2018-05-11,3.4,Oran
2018-05-13 05:30:00,0.011600000000000001,2.2291666666666665,7.895424,2018-05-11,3.4,Oran
2018-05-13 06:00:00,0.025900000000000003,2.25,17.628576000000002,2018-05-11,3.4,Oran
2018-05-13 06:30:00,0.0456,2.2708333333333335,31.037184,2018-05-11,3.4,Oran
2018-05-13 07:00:00,0.0675,2.2916666666666665,45.943200000000004,2018-05-11,3.4,Oran
2018-05-13 07:30:00,0.0918,2.3125,62.482752000000005,2018-05-11,3.4,Oran
2018-05-13 08:00:00,0.11720000000000001,2.3333333333333335,79.77100800000001,2018-05-11,3.4,Oran
2018-05-13 08:30:00,0.1424,2.3541666666666665,96.923136,2018-05-11,3.4,Oran
2018-05-13 09:00:00,0.1676,2.375,114.07526399999999,2018-05-11,3.4,Oran
2018-05-13 09:30:00,0.19210000000000002,2.3958333333333335,130.750944,2018-05-11,3.4,Oran
2018-05-13 10:00:00,0.2151,2.4166666666666665,146.405664,2018-05-11,3.4,Oran
2018-05-13 10:30:00,0.2315,2.4375,157.56816,2018-05-11,3.4,Oran
2018-05-13 11:00:00,0.24350000000000002,2.4583333333333335,165.73584000000002,2018-05-11,3.4,Oran
2018-05-13 11:30:00,0.2543,2.4791666666666665,173.08675200000002,2018-05-11,3.4,Oran
2018-05-13 12:00:00,0.2606,2.5,177.374784,2018-05-11,3.4,Oran
2018-05-13 12:30:00,0.2604,2.5208333333333335,177.23865600000002,2018-05-11,3.4,Oran
2018-05-13 13:00:00,0.25620000000000004,2.5416666666666665,174.37996800000002,2018-05-11,3.4,Oran
2018-05-13 13:30:00,0.2419,2.5625,164.646816,2018-05-11,3.4,Oran
2018-05-13 14:00:00,0.2248,2.5833333333333335,153.007872,2018-05-11,3.4,Oran
2018-05-13 14:30:00,0.2066,2.6041666666666665,140.620224,2018-05-11,3.4,Oran
2018-05-13 15:00:00,0.18630000000000002,2.625,126.80323200000001,2018-05-11,3.4,Oran
2018-05-13 15:30:00,0.1666,2.6458333333333335,113.394624,2018-05-11,3.4,Oran
2018-05-13 16:00:00,0.1532,2.6666666666666665,104.274048,2018-05-11,3.4,Oran
2018-05-13 16:30:00,0.1277,2.6875,86.917728,2018-05-11,3.4,Oran
2018-05-13 17:00:00,0.0979,2.7083333333333335,66.63465599999999,2018-05-11,3.4,Oran
2018-05-13 17:30:00,0.07400000000000001,2.7291666666666665,50.367360000000005,2018-05-11,3.4,Oran
2018-05-13 18:00:00,0.048600000000000004,2.75,33.079104,2018-05-11,3.4,Oran
2018-05-13 18:30:00,0.0102,2.7708333333333335,6.942528,2018-05-11,3.4,Oran
2018-05-13 19:00:00,0.010100000000000001,2.7916666666666665,6.874464000000001,2018-05-11,3.4,Oran
2018-05-13 19:30:00,0.0088,2.8125,5.989632,2018-05-11,3.4,Oran
2018-05-13 20:00:00,0.007500000000000001,2.8333333333333335,5.1048,2018-05-11,3.4,Oran
2018-05-13 20:30:00,0.007,2.8541666666666665,4.76448,2018-05-11,3.4,Oran
2018-05-13 21:00:00,0.006500000000000001,2.875,4.4241600000000005,2018-05-11,3.4,Oran
2018-05-13 21:30:00,0.006500000000000001,2.8958333333333335,4.4241600000000005,2018-05-11,3.4,Oran
2018-05-13 22:00:00,0.006500000000000001,2.9166666666666665,4.4241600000000005,2018-05-11,3.4,Oran
2018-05-13 22:30:00,0.0061,2.9375,4.151904,2018-05-11,3.4,Oran
2018-05-13 23:00:00,0.0056,2.9583333333333335,3.811584,2018-05-11,3.4,Oran
2018-05-13 23:30:00,0.0054,2.9791666666666665,3.675456,2018-05-11,3.4,Oran
2018-05-14 00:00:00,0.0034000000000000002,3.0,2.3141760000000002,2018-05-11,3.4,Oran
2018-05-14 00:30:00,0.0027,3.0208333333333335,1.837728,2018-05-11,3.4,Oran
2018-05-14 01:00:00,0.0032,3.0416666666666665,2.178048,2018-05-11,3.4,Oran
2018-05-14 01:30:00,0.0031000000000000003,3.0625,2.1099840000000003,2018-05-11,3.4,Oran
2018-05-14 02:00:00,0.003,3.0833333333333335,2.04192,2018-05-11,3.4,Oran
2018-05-14 02:30:00,0.0029000000000000002,3.1041666666666665,1.973856,2018-05-11,3.4,Oran
2018-05-14 03:00:00,0.0025,3.125,1.7016,2018-05-11,3.4,Oran
2018-05-14 03:30:00,0.0024000000000000002,3.1458333333333335,1.633536,2018-05-11,3.4,Oran
2018-05-14 04:00:00,0.0023,3.1666666666666665,1.565472,2018-05-11,3.4,Oran
2018-05-14 04:30:00,0.0027,3.1875,1.837728,2018-05-11,3.4,Oran
2018-05-14 05:00:00,0.0018000000000000002,3.2083333333333335,1.225152,2018-05-11,3.4,Oran
2018-05-14 05:30:00,0.0134,3.2291666666666665,9.120576,2018-05-11,3.4,Oran
2018-05-14 06:00:00,0.0228,3.25,15.518592,2018-05-11,3.4,Oran
2018-05-14 06:30:00,0.039900000000000005,3.2708333333333335,27.157536000000004,2018-05-11,3.4,Oran
2018-05-14 07:00:00,0.060500000000000005,3.2916666666666665,41.178720000000006,2018-05-11,3.4,Oran
2018-05-14 07:30:00,0.0819,3.3125,55.744416,2018-05-11,3.4,Oran
2018-05-14 08:00:00,0.0965,3.3333333333333335,65.68176,2018-05-11,3.4,Oran
2018-05-14 08:30:00,0.128,3.3541666666666665,87.12192,2018-05-11,3.4,Oran
2018-05-14 09:00:00,0.153,3.375,104.13792,2018-05-11,3.4,Oran
2018-05-14 09:30:00,0.1736,3.3958333333333335,118.159104,2018-05-11,3.4,Oran
2018-05-14 10:00:00,0.18380000000000002,3.4166666666666665,125.10163200000001,2018-05-11,3.4,Oran
2018-05-14 10:30:00,0.1887,3.4375,128.436768,2018-05-11,3.4,Oran
2018-05-14 11:00:00,0.2023,3.4583333333333335,137.693472,2018-05-11,3.4,Oran
2018-05-14 11:30:00,0.21350000000000002,3.4791666666666665,145.31664,2018-05-11,3.4,Oran
2018-05-14 12:00:00,0.2139,3.5,145.588896,2018-05-11,3.4,Oran
2018-05-14 12:30:00,0.2141,3.5208333333333335,145.72502400000002,2018-05-11,3.4,Oran
2018-05-14 13:00:00,0.2084,3.5416666666666665,141.845376,2018-05-11,3.4,Oran
2018-05-14 13:30:00,0.1952,3.5625,132.860928,2018-05-11,3.4,Oran
2018-05-14 14:00:00,0.1202,3.5833333333333335,81.812928,2018-05-11,3.4,Oran
2018-05-14 14:30:00,0.1278,3.6041666666666665,86.98579199999999,2018-05-11,3.4,Oran
2018-05-14 15:00:00,0.1525,3.625,103.7976,2018-05-11,3.4,Oran
2018-05-14 15:30:00,0.11180000000000001,3.6458333333333335,76.09555200000001,2018-05-11,3.4,Oran
2018-05-14 16:00:00,0.0697,3.6666666666666665,47.440608,2018-05-11,3.4,Oran
2018-05-14 16:30:00,0.0945,3.6875,64.32048,2018-05-11,3.4,Oran
2018-05-14 17:00:00,0.07440000000000001,3.7083333333333335,50.639616000000004,2018-05-11,3.4,Oran
2018-05-14 17:30:00,0.0536,3.7291666666666665,36.482304,2018-05-11,3.4,Oran
2018-05-14 18:00:00,0.034,3.75,23.14176,2018-05-11,3.4,Oran
2018-05-14 18:30:00,0.0045000000000000005,3.7708333333333335,3.0628800000000003,2018-05-11,3.4,Oran
2018-05-14 19:00:00,0.004200000000000001,3.7916666666666665,2.8586880000000003,2018-05-11,3.4,Oran
2018-05-14 19:30:00,0.0036000000000000003,3.8125,2.450304,2018-05-11,3.4,Oran
2018-05-14 20:00:00,0.0031000000000000003,3.8333333333333335,2.1099840000000003,2018-05-11,3.4,Oran
2018-05-14 20:30:00,0.0027,3.8541666666666665,1.837728,2018-05-11,3.4,Oran
2018-05-14 21:00:00,0.0024000000000000002,3.875,1.633536,2018-05-11,3.4,Oran
2018-05-14 21:30:00,0.0024000000000000002,3.8958333333333335,1.633536,2018-05-11,3.4,Oran
2018-05-14 22:00:00,0.0024000000000000002,3.9166666666666665,1.633536,2018-05-11,3.4,Oran
2018-05-14 22:30:00,0.0023,3.9375,1.565472,2018-05-11,3.4,Oran
2018-05-14 23:00:00,0.0022,3.9583333333333335,1.497408,2018-05-11,3.4,Oran
2018-05-14 23:30:00,0.0019,3.9791666666666665,1.293216,2018-05-11,3.4,Oran
2018-05-15 00:00:00,0.0012000000000000001,4.0,0.816768,2018-05-11,3.4,Oran
2018-05-15 00:30:00,0.0012000000000000001,4.020833333333333,0.816768,2018-05-11,3.4,Oran
2018-05-15 01:00:00,0.0011,4.041666666666667,0.748704,2018-05-11,3.4,Oran
2018-05-15 01:30:00,0.001,4.0625,0.68064,2018-05-11,3.4,Oran
2018-05-15 02:00:00,0.0008,4.083333333333333,0.544512,2018-05-11,3.4,Oran
2018-05-15 02:30:00,0.0007,4.104166666666667,0.476448,2018-05-11,3.4,Oran
2018-05-15 03:00:00,0.0005,4.125,0.34032,2018-05-11,3.4,Oran
2018-05-15 03:30:00,0.0005,4.145833333333333,0.34032,2018-05-11,3.4,Oran
2018-05-15 04:00:00,0.0005,4.166666666666667,0.34032,2018-05-11,3.4,Oran
2018-05-15 04:30:00,0.0004,4.1875,0.272256,2018-05-11,3.4,Oran
2018-05-15 05:00:00,0.0004,4.208333333333333,0.272256,2018-05-11,3.4,Oran
2018-05-15 05:30:00,0.0055000000000000005,4.229166666666667,3.74352,2018-05-11,3.4,Oran
2018-05-15 06:00:00,0.014100000000000001,4.25,9.597024000000001,2018-05-11,3.4,Oran
2018-05-15 06:30:00,0.0273,4.270833333333333,18.581472,2018-05-11,3.4,Oran
2018-05-15 07:00:00,0.0441,4.291666666666667,30.016224,2018-05-11,3.4,Oran
2018-05-15 07:30:00,0.065,4.3125,44.2416,2018-05-11,3.4,Oran
2018-05-15 08:00:00,0.0884,4.333333333333333,60.168576,2018-05-11,3.4,Oran
2018-05-15 08:30:00,0.1136,4.354166666666667,77.320704,2018-05-11,3.4,Oran
2018-05-15 09:00:00,0.1388,4.375,94.472832,2018-05-11,3.4,Oran
2018-05-15 09:30:00,0.1617,4.395833333333333,110.059488,2018-05-11,3.4,Oran
2018-05-15 10:00:00,0.18760000000000002,4.416666666666667,127.68806400000001,2018-05-11,3.4,Oran
2018-05-15 10:30:00,0.2068,4.4375,140.756352,2018-05-11,3.4,Oran
2018-05-15 11:00:00,0.22240000000000001,4.458333333333333,151.374336,2018-05-11,3.4,Oran
2018-05-15 11:30:00,0.2335,4.479166666666667,158.92944,2018-05-11,3.4,Oran
2018-05-15 12:00:00,0.2356,4.5,160.35878399999999,2018-05-11,3.4,Oran
2018-05-15 12:30:00,0.2371,4.520833333333333,161.379744,2018-05-11,3.4,Oran
2018-05-15 13:00:00,0.2331,4.541666666666667,158.657184,2018-05-11,3.4,Oran
2018-05-15 13:30:00,0.22080000000000002,4.5625,150.285312,2018-05-11,3.4,Oran
2018-05-15 14:00:00,0.2046,4.583333333333333,139.258944,2018-05-11,3.4,Oran
2018-05-15 14:30:00,0.1887,4.604166666666667,128.436768,2018-05-11,3.4,Oran
2018-05-15 15:00:00,0.1698,4.625,115.572672,2018-05-11,3.4,Oran
2018-05-15 15:30:00,0.14500000000000002,4.645833333333333,98.6928,2018-05-11,3.4,Oran
2018-05-15 16:00:00,0.11950000000000001,4.666666666666667,81.33648000000001,2018-05-11,3.4,Oran
2018-05-15 16:30:00,0.09580000000000001,4.6875,65.205312,2018-05-11,3.4,Oran
2018-05-15 17:00:00,0.0727,4.708333333333333,49.482528,2018-05-11,3.4,Oran
2018-05-15 17:30:00,0.05,4.729166666666667,34.032000000000004,2018-05-11,3.4,Oran
2018-05-15 18:00:00,0.030100000000000002,4.75,20.487264,2018-05-11,3.4,Oran
2018-05-15 18:30:00,0.0039000000000000003,4.770833333333333,2.654496,2018-05-11,3.4,Oran
2018-05-15 19:00:00,0.0036000000000000003,4.791666666666667,2.450304,2018-05-11,3.4,Oran
2018-05-15 19:30:00,0.0032,4.8125,2.178048,2018-05-11,3.4,Oran
2018-05-15 20:00:00,0.0028,4.833333333333333,1.905792,2018-05-11,3.4,Oran
2018-05-15 20:30:00,0.0023,4.854166666666667,1.565472,2018-05-11,3.4,Oran
2018-05-15 21:00:00,0.0019,4.875,1.293216,2018-05-11,3.4,Oran
2018-05-15 21:30:00,0.0012000000000000001,4.895833333333333,0.816768,2018-05-11,3.4,Oran
2018-05-15 22:00:00,0.0006000000000000001,4.916666666666667,0.408384,2018-05-11,3.4,Oran
2018-05-15 22:30:00,0.0005,4.9375,0.34032,2018-05-11,3.4,Oran
2018-05-15 23:00:00,0.0004,4.958333333333333,0.272256,2018-05-11,3.4,Oran
2018-05-15 23:30:00,0.0004,4.979166666666667,0.272256,2018-05-11,3.4,Oran
2018-05-16 00:00:00,0.0002,5.0,0.136128,2018-05-11,3.4,Oran
2018-05-16 00:30:00,0.0002,5.020833333333333,0.136128,2018-05-11,3.4,Oran
2018-05-16 01:00:00,0.0002,5.041666666666667,0.136128,2018-05-11,3.4,Oran
2018-05-16 01:30:00,0.0001,5.0625,0.068064,2018-05-11,3.4,Oran
2018-05-16 02:00:00,0.0,5.083333333333333,0.0,2018-05-11,3.4,Oran
2018-05-16 02:30:00,0.0,5.104166666666667,0.0,2018-05-11,3.4,Oran
2018-05-16 03:00:00,0.0,5.125,0.0,2018-05-11,3.4,Oran
2018-05-16 03:30:00,0.0,5.145833333333333,0.0,2018-05-11,3.4,Oran
2018-05-16 04:00:00,0.0,5.166666666666667,0.0,2018-05-11,3.4,Oran
2018-05-16 04:30:00,0.0,5.1875,0.0,2018-05-11,3.4,Oran
2018-05-16 05:00:00,0.0,5.208333333333333,0.0,2018-05-11,3.4,Oran
2018-05-16 05:30:00,0.0022,5.229166666666667,1.497408,2018-05-11,3.4,Oran
2018-05-16 06:00:00,0.009300000000000001,5.25,6.3299520000000005,2018-05-11,3.4,Oran
2018-05-16 06:30:00,0.0224,5.270833333333333,15.246336,2018-05-11,3.4,Oran
2018-05-16 07:00:00,0.0402,5.291666666666667,27.361728,2018-05-11,3.4,Oran
2018-05-16 07:30:00,0.060500000000000005,5.3125,41.178720000000006,2018-05-11,3.4,Oran
2018-05-16 08:00:00,0.0792,5.333333333333333,53.906688,2018-05-11,3.4,Oran
2018-05-16 08:30:00,0.0983,5.354166666666667,66.90691199999999,2018-05-11,3.4,Oran
2018-05-16 09:00:00,0.11720000000000001,5.375,79.77100800000001,2018-05-11,3.4,Oran
2018-05-16 09:30:00,0.1358,5.395833333333333,92.430912,2018-05-11,3.4,Oran
2018-05-16 10:00:00,0.1527,5.416666666666667,103.933728,2018-05-11,3.4,Oran
2018-05-16 10:30:00,0.1645,5.4375,111.96528,2018-05-11,3.4,Oran
2018-05-16 11:00:00,0.1738,5.458333333333333,118.295232,2018-05-11,3.4,Oran
2018-05-16 11:30:00,0.1786,5.479166666666667,121.562304,2018-05-11,3.4,Oran
2018-05-16 12:00:00,0.18680000000000002,5.5,127.14355200000001,2018-05-11,3.4,Oran
2018-05-16 12:30:00,0.1802,5.520833333333333,122.65132799999999,2018-05-11,3.4,Oran
2018-05-16 13:00:00,0.1772,5.541666666666667,120.609408,2018-05-11,3.4,Oran
2018-05-16 13:30:00,0.16840000000000002,5.5625,114.61977600000002,2018-05-11,3.4,Oran
2018-05-16 14:00:00,0.1608,5.583333333333333,109.446912,2018-05-11,3.4,Oran
2018-05-16 14:30:00,0.1466,5.604166666666667,99.781824,2018-05-11,3.4,Oran
2018-05-16 15:00:00,0.1311,5.625,89.231904,2018-05-11,3.4,Oran
2018-05-16 15:30:00,0.11460000000000001,5.645833333333333,78.001344,2018-05-11,3.4,Oran
2018-05-16 16:00:00,0.0971,5.666666666666667,66.09014400000001,2018-05-11,3.4,Oran
2018-05-16 16:30:00,0.0777,5.6875,52.885728,2018-05-11,3.4,Oran
2018-05-16 17:00:00,0.056100000000000004,5.708333333333333,38.183904000000005,2018-05-11,3.4,Oran
2018-05-16 17:30:00,0.039400000000000004,5.729166666666667,26.817216000000002,2018-05-11,3.4,Oran
2018-05-16 18:00:00,0.024800000000000003,5.75,16.879872000000002,2018-05-11,3.4,Oran
2018-05-16 18:30:00,0.0026000000000000003,5.770833333333333,1.7696640000000001,2018-05-11,3.4,Oran
2018-05-16 19:00:00,0.0025,5.791666666666667,1.7016,2018-05-11,3.4,Oran
2018-05-16 19:30:00,0.0022,5.8125,1.497408,2018-05-11,3.4,Oran
2018-05-16 20:00:00,0.002,5.833333333333333,1.36128,2018-05-11,3.4,Oran
2018-05-16 20:30:00,0.0017000000000000001,5.854166666666667,1.1570880000000001,2018-05-11,3.4,Oran
2018-05-16 21:00:00,0.0016,5.875,1.089024,2018-05-11,3.4,Oran
2018-05-16 21:30:00,0.0013000000000000002,5.895833333333333,0.8848320000000001,2018-05-11,3.4,Oran
2018-05-16 22:00:00,0.0011,5.916666666666667,0.748704,2018-05-11,3.4,Oran
2018-05-16 22:30:00,0.0011,5.9375,0.748704,2018-05-11,3.4,Oran
2018-05-16 23:00:00,0.001,5.958333333333333,0.68064,2018-05-11,3.4,Oran
2018-05-16 23:30:00,0.0009000000000000001,5.979166666666667,0.612576,2018-05-11,3.4,Oran
2018-05-17 00:00:00,0.0007,6.0,0.476448,2018-05-11,3.4,Oran
2018-05-17 00:30:00,0.0007,6.020833333333333,0.476448,2018-05-11,3.4,Oran
2018-05-17 01:00:00,0.0007,6.041666666666667,0.476448,2018-05-11,3.4,Oran
2018-05-17 01:30:00,0.0007,6.0625,0.476448,2018-05-11,3.4,Oran
2018-05-17 02:00:00,0.0007,6.083333333333333,0.476448,2018-05-11,3.4,Oran
2018-05-17 02:30:00,0.0006000000000000001,6.104166666666667,0.408384,2018-05-11,3.4,Oran
2018-05-17 03:00:00,0.0006000000000000001,6.125,0.408384,2018-05-11,3.4,Oran
2018-05-17 03:30:00,0.0005,6.145833333333333,0.34032,2018-05-11,3.4,Oran
2018-05-17 04:00:00,0.0004,6.166666666666667,0.272256,2018-05-11,3.4,Oran
2018-05-17 04:30:00,0.0004,6.1875,0.272256,2018-05-11,3.4,Oran
2018-05-17 05:00:00,0.00030000000000000003,6.208333333333333,0.204192,2018-05-11,3.4,Oran
2018-05-17 05:30:00,0.004,6.229166666666667,2.72256,2018-05-11,3.4,Oran
2018-05-17 06:00:00,0.0108,6.25,7.350912,2018-05-11,3.4,Oran
2018-05-17 06:30:00,0.0218,6.270833333333333,14.837952,2018-05-11,3.4,Oran
2018-05-17 07:00:00,0.036500000000000005,6.291666666666667,24.843360000000004,2018-05-11,3.4,Oran
2018-05-17 07:30:00,0.054200000000000005,6.3125,36.890688000000004,2018-05-11,3.4,Oran
2018-05-17 08:00:00,0.06910000000000001,6.333333333333333,47.03222400000001,2018-05-11,3.4,Oran
2018-05-17 08:30:00,0.083,6.354166666666667,56.493120000000005,2018-05-11,3.4,Oran
2018-05-17 09:00:00,0.0959,6.375,65.273376,2018-05-11,3.4,Oran
2018-05-17 09:30:00,0.1109,6.395833333333333,75.482976,2018-05-11,3.4,Oran
2018-05-17 10:00:00,0.12440000000000001,6.416666666666667,84.671616,2018-05-11,3.4,Oran
2018-05-17 10:30:00,0.13290000000000002,6.4375,90.45705600000001,2018-05-11,3.4,Oran
2018-05-17 11:00:00,0.1391,6.458333333333333,94.677024,2018-05-11,3.4,Oran
2018-05-17 11:30:00,0.1454,6.479166666666667,98.965056,2018-05-11,3.4,Oran
2018-05-17 12:00:00,0.14750000000000002,6.5,100.3944,2018-05-11,3.4,Oran
2018-05-17 12:30:00,0.1522,6.520833333333333,103.593408,2018-05-11,3.4,Oran
2018-05-17 13:00:00,0.15860000000000002,6.541666666666667,107.949504,2018-05-11,3.4,Oran
2018-05-17 13:30:00,0.14880000000000002,6.5625,101.27923200000001,2018-05-11,3.4,Oran
2018-05-17 14:00:00,0.1459,6.583333333333333,99.305376,2018-05-11,3.4,Oran
2018-05-17 14:30:00,0.126,6.604166666666667,85.76064,2018-05-11,3.4,Oran
2018-05-17 15:00:00,0.1082,6.625,73.645248,2018-05-11,3.4,Oran
2018-05-17 15:30:00,0.08750000000000001,6.645833333333333,59.556000000000004,2018-05-11,3.4,Oran
2018-05-17 16:00:00,0.07300000000000001,6.666666666666667,49.68672000000001,2018-05-11,3.4,Oran
2018-05-17 16:30:00,0.054700000000000006,6.6875,37.231008,2018-05-11,3.4,Oran
2018-05-17 17:00:00,0.042100000000000005,6.708333333333333,28.654944000000004,2018-05-11,3.4,Oran
2018-05-17 17:30:00,0.0281,6.729166666666667,19.125984,2018-05-11,3.4,Oran
2018-05-17 18:00:00,0.0161,6.75,10.958304,2018-05-11,3.4,Oran
2018-05-17 18:30:00,0.0066,6.770833333333333,4.492224,2018-05-11,3.4,Oran
2018-05-17 19:00:00,0.0014,6.791666666666667,0.952896,2018-05-11,3.4,Oran
2018-05-17 19:30:00,0.0012000000000000001,6.8125,0.816768,2018-05-11,3.4,Oran
2018-05-17 20:00:00,0.0011,6.833333333333333,0.748704,2018-05-11,3.4,Oran
2018-05-17 20:30:00,0.0009000000000000001,6.854166666666667,0.612576,2018-05-11,3.4,Oran
2018-05-17 21:00:00,0.0007,6.875,0.476448,2018-05-11,3.4,Oran
2018-05-17 21:30:00,0.0006000000000000001,6.895833333333333,0.408384,2018-05-11,3.4,Oran
2018-05-17 22:00:00,0.0005,6.916666666666667,0.34032,2018-05-11,3.4,Oran
2018-05-17 22:30:00,0.0004,6.9375,0.272256,2018-05-11,3.4,Oran
2018-05-17 23:00:00,0.00030000000000000003,6.958333333333333,0.204192,2018-05-11,3.4,Oran
2018-05-17 23:30:00,0.0002,6.979166666666667,0.136128,2018-05-11,3.4,Oran
2018-05-18 00:00:00,0.0001,7.0,0.068064,2018-05-11,3.4,Oran
2018-05-18 00:30:00,0.0001,7.020833333333333,0.068064,2018-05-11,3.4,Oran
2018-05-18 01:00:00,0.0001,7.041666666666667,0.068064,2018-05-11,3.4,Oran
2018-05-18 01:30:00,0.0001,7.0625,0.068064,2018-05-11,3.4,Oran
2018-05-18 02:00:00,0.0004,7.083333333333333,0.272256,2018-05-11,3.4,Oran
2018-05-18 02:30:00,0.0,7.104166666666667,0.0,2018-05-11,3.4,Oran
2018-05-18 03:00:00,0.00030000000000000003,7.125,0.204192,2018-05-11,3.4,Oran
2018-05-18 03:30:00,0.0,7.145833333333333,0.0,2018-05-11,3.4,Oran
2018-05-18 04:00:00,0.0,7.166666666666667,0.0,2018-05-11,3.4,Oran
2018-05-18 04:30:00,0.00030000000000000003,7.1875,0.204192,2018-05-11,3.4,Oran
2018-05-18 05:00:00,0.0,7.208333333333333,0.0,2018-05-11,3.4,Oran
2018-05-18 05:30:00,0.0006000000000000001,7.229166666666667,0.408384,2018-05-11,3.4,Oran
2018-05-18 06:00:00,0.0017000000000000001,7.25,1.1570880000000001,2018-05-11,3.4,Oran
2018-05-18 06:30:00,0.0026000000000000003,7.270833333333333,1.7696640000000001,2018-05-11,3.4,Oran
2018-05-18 07:00:00,0.0179,7.291666666666667,12.183456,2018-05-11,3.4,Oran
2018-05-18 07:30:00,0.0417,7.3125,28.382688,2018-05-11,3.4,Oran
2018-05-18 08:00:00,0.0582,7.333333333333333,39.613248,2018-05-11,3.4,Oran
2018-05-18 08:30:00,0.0751,7.354166666666667,51.116064,2018-05-11,3.4,Oran
2018-05-18 09:00:00,0.0901,7.375,61.325663999999996,2018-05-11,3.4,Oran
2018-05-18 09:30:00,0.10600000000000001,7.395833333333333,72.14784,2018-05-11,3.4,Oran
2018-05-18 10:00:00,0.12040000000000001,7.416666666666667,81.949056,2018-05-11,3.4,Oran
2018-05-18 10:30:00,0.13040000000000002,7.4375,88.75545600000001,2018-05-11,3.4,Oran
2018-05-18 11:00:00,0.13240000000000002,7.458333333333333,90.11673600000002,2018-05-11,3.4,Oran
2018-05-18 11:30:00,0.1369,7.479166666666667,93.179616,2018-05-11,3.4,Oran
2018-05-18 12:00:00,0.1391,7.5,94.677024,2018-05-11,3.4,Oran
2018-05-18 12:30:00,0.1345,7.520833333333333,91.54608,2018-05-11,3.4,Oran
2018-05-18 13:00:00,0.1374,7.541666666666667,93.519936,2018-05-11,3.4,Oran
2018-05-18 13:30:00,0.1313,7.5625,89.368032,2018-05-11,3.4,Oran
2018-05-18 14:00:00,0.09000000000000001,7.583333333333333,61.257600000000004,2018-05-11,3.4,Oran
2018-05-18 14:30:00,0.1063,7.604166666666667,72.35203200000001,2018-05-11,3.4,Oran
2018-05-18 15:00:00,0.0855,7.625,58.194720000000004,2018-05-11,3.4,Oran
2018-05-18 15:30:00,0.0787,7.645833333333333,53.566368000000004,2018-05-11,3.4,Oran
2018-05-18 16:00:00,0.0671,7.666666666666667,45.670944000000006,2018-05-11,3.4,Oran
2018-05-18 16:30:00,0.053700000000000005,7.6875,36.550368000000006,2018-05-11,3.4,Oran
2018-05-18 17:00:00,0.0373,7.708333333333333,25.387871999999998,2018-05-11,3.4,Oran
2018-05-18 17:30:00,0.0048000000000000004,7.729166666666667,3.267072,2018-05-11,3.4,Oran
2018-05-18 18:00:00,0.004,7.75,2.72256,2018-05-11,3.4,Oran
2018-05-18 18:30:00,0.0054,7.770833333333333,3.675456,2018-05-11,3.4,Oran
2018-05-18 19:00:00,0.0015,7.791666666666667,1.02096,2018-05-11,3.4,Oran
2018-05-18 19:30:00,0.0013000000000000002,7.8125,0.8848320000000001,2018-05-11,3.4,Oran
2018-05-18 20:00:00,0.0012000000000000001,7.833333333333333,0.816768,2018-05-11,3.4,Oran
2018-05-18 20:30:00,0.0012000000000000001,7.854166666666667,0.816768,2018-05-11,3.4,Oran
2018-05-18 21:00:00,0.001,7.875,0.68064,2018-05-11,3.4,Oran
2018-05-18 21:30:00,0.0005,7.895833333333333,0.34032,2018-05-11,3.4,Oran
2018-05-18 22:00:00,0.00030000000000000003,7.916666666666667,0.204192,2018-05-11,3.4,Oran
2018-05-18 22:30:00,0.0006000000000000001,7.9375,0.408384,2018-05-11,3.4,Oran
2018-05-18 23:00:00,0.0005,7.958333333333333,0.34032,2018-05-11,3.4,Oran
2018-05-18 23:30:00,0.0001,7.979166666666667,0.068064,2018-05-11,3.4,Oran
2018-05-19 00:00:00,0.0,8.0,0.0,2018-05-11,3.4,Oran
2018-05-19 00:30:00,0.0,8.020833333333334,0.0,2018-05-11,3.4,Oran
2018-05-19 01:00:00,0.0,8.041666666666666,0.0,2018-05-11,3.4,Oran
2018-05-19 01:30:00,0.00030000000000000003,8.0625,0.204192,2018-05-11,3.4,Oran
2018-05-19 02:00:00,0.0002,8.083333333333334,0.136128,2018-05-11,3.4,Oran
2018-05-19 02:30:00,0.0,8.104166666666666,0.0,2018-05-11,3.4,Oran
2018-05-19 03:00:00,0.0,8.125,0.0,2018-05-11,3.4,Oran
2018-05-19 03:30:00,0.0,8.145833333333334,0.0,2018-05-11,3.4,Oran
2018-05-19 04:00:00,0.0,8.166666666666666,0.0,2018-05-11,3.4,Oran
2018-05-19 04:30:00,0.0,8.1875,0.0,2018-05-11,3.4,Oran
2018-05-19 05:00:00,0.0002,8.208333333333334,0.136128,2018-05-11,3.4,Oran
2018-05-19 05:30:00,0.0017000000000000001,8.229166666666666,1.1570880000000001,2018-05-11,3.4,Oran
2018-05-19 06:00:00,0.0068000000000000005,8.25,4.6283520000000005,2018-05-11,3.4,Oran
2018-05-19 06:30:00,0.015700000000000002,8.270833333333334,10.686048000000001,2018-05-11,3.4,Oran
2018-05-19 07:00:00,0.027700000000000002,8.291666666666666,18.853728,2018-05-11,3.4,Oran
2018-05-19 07:30:00,0.042100000000000005,8.3125,28.654944000000004,2018-05-11,3.4,Oran
2018-05-19 08:00:00,0.055200000000000006,8.333333333333334,37.571328,2018-05-11,3.4,Oran
2018-05-19 08:30:00,0.07050000000000001,8.354166666666666,47.98512,2018-05-11,3.4,Oran
2018-05-19 09:00:00,0.08600000000000001,8.375,58.53504,2018-05-11,3.4,Oran
2018-05-19 09:30:00,0.09960000000000001,8.395833333333334,67.79174400000001,2018-05-11,3.4,Oran
2018-05-19 10:00:00,0.1106,8.416666666666666,75.278784,2018-05-11,3.4,Oran
2018-05-19 10:30:00,0.1182,8.4375,80.45164799999999,2018-05-11,3.4,Oran
2018-05-19 11:00:00,0.1221,8.458333333333334,83.106144,2018-05-11,3.4,Oran
2018-05-19 11:30:00,0.124,8.479166666666666,84.39936,2018-05-11,3.4,Oran
2018-05-19 12:00:00,0.1312,8.5,89.299968,2018-05-11,3.4,Oran
2018-05-19 12:30:00,0.1332,8.520833333333334,90.661248,2018-05-11,3.4,Oran
2018-05-19 13:00:00,0.1326,8.541666666666666,90.25286399999999,2018-05-11,3.4,Oran
2018-05-19 13:30:00,0.1277,8.5625,86.917728,2018-05-11,3.4,Oran
2018-05-19 14:00:00,0.116,8.583333333333334,78.95424,2018-05-11,3.4,Oran
2018-05-19 14:30:00,0.11180000000000001,8.604166666666666,76.09555200000001,2018-05-11,3.4,Oran
2018-05-19 15:00:00,0.0993,8.625,67.587552,2018-05-11,3.4,Oran
2018-05-19 15:30:00,0.0881,8.645833333333334,59.964383999999995,2018-05-11,3.4,Oran
2018-05-19 16:00:00,0.0712,8.666666666666666,48.461568,2018-05-11,3.4,Oran
2018-05-19 16:30:00,0.0562,8.6875,38.251968,2018-05-11,3.4,Oran
2018-05-19 17:00:00,0.040100000000000004,8.708333333333334,27.293664000000003,2018-05-11,3.4,Oran
2018-05-19 17:30:00,0.026600000000000002,8.729166666666666,18.105024,2018-05-11,3.4,Oran
2018-05-19 18:00:00,0.0152,8.75,10.345728,2018-05-11,3.4,Oran
2018-05-19 18:30:00,0.006200000000000001,8.770833333333334,4.219968000000001,2018-05-11,3.4,Oran
2018-05-19 19:00:00,0.0013000000000000002,8.791666666666666,0.8848320000000001,2018-05-11,3.4,Oran
2018-05-19 19:30:00,0.0011,8.8125,0.748704,2018-05-11,3.4,Oran
2018-05-19 20:00:00,0.0009000000000000001,8.833333333333334,0.612576,2018-05-11,3.4,Oran
2018-05-19 20:30:00,0.0007,8.854166666666666,0.476448,2018-05-11,3.4,Oran
2018-05-19 21:00:00,0.0005,8.875,0.34032,2018-05-11,3.4,Oran
2018-05-19 21:30:00,0.0004,8.895833333333334,0.272256,2018-05-11,3.4,Oran
2018-05-19 22:00:00,0.00030000000000000003,8.916666666666666,0.204192,2018-05-11,3.4,Oran
2018-05-19 22:30:00,0.0002,8.9375,0.136128,2018-05-11,3.4,Oran
2018-05-19 23:00:00,0.0001,8.958333333333334,0.068064,2018-05-11,3.4,Oran
2018-05-19 23:30:00,0.0001,8.979166666666666,0.068064,2018-05-11,3.4,Oran
2018-05-20 00:00:00,0.0,9.0,0.0,2018-05-11,3.4,Oran
2018-05-20 00:30:00,0.0,9.020833333333334,0.0,2018-05-11,3.4,Oran
2018-05-20 01:00:00,0.0002,9.041666666666666,0.136128,2018-05-11,3.4,Oran
2018-05-20 01:30:00,0.0002,9.0625,0.136128,2018-05-11,3.4,Oran
2018-05-20 02:00:00,0.0,9.083333333333334,0.0,2018-05-11,3.4,Oran
2018-05-20 02:30:00,0.0,9.104166666666666,0.0,2018-05-11,3.4,Oran
2018-05-20 03:00:00,0.0,9.125,0.0,2018-05-11,3.4,Oran
2018-05-20 03:30:00,0.0002,9.145833333333334,0.136128,2018-05-11,3.4,Oran
2018-05-20 04:00:00,0.0001,9.166666666666666,0.068064,2018-05-11,3.4,Oran
2018-05-20 04:30:00,0.0,9.1875,0.0,2018-05-11,3.4,Oran
2018-05-20 05:00:00,0.0001,9.208333333333334,0.068064,2018-05-11,3.4,Oran
2018-05-20 05:30:00,0.0014,9.229166666666666,0.952896,2018-05-11,3.4,Oran
2018-05-20 06:00:00,0.0019,9.25,1.293216,2018-05-11,3.4,Oran
2018-05-20 06:30:00,0.0125,9.270833333333334,8.508000000000001,2018-05-11,3.4,Oran
2018-05-20 07:00:00,0.0234,9.291666666666666,15.926976,2018-05-11,3.4,Oran
2018-05-20 07:30:00,0.0375,9.3125,25.523999999999997,2018-05-11,3.4,Oran
2018-05-20 08:00:00,0.053500000000000006,9.333333333333334,36.41424000000001,2018-05-11,3.4,Oran
2018-05-20 08:30:00,0.06960000000000001,9.354166666666666,47.372544000000005,2018-05-11,3.4,Oran
2018-05-20 09:00:00,0.083,9.375,56.493120000000005,2018-05-11,3.4,Oran
2018-05-20 09:30:00,0.1003,9.395833333333334,68.268192,2018-05-11,3.4,Oran
2018-05-20 10:00:00,0.1163,9.416666666666666,79.158432,2018-05-11,3.4,Oran
2018-05-20 10:30:00,0.12890000000000001,9.4375,87.73449600000001,2018-05-11,3.4,Oran
2018-05-20 11:00:00,0.13920000000000002,9.458333333333334,94.74508800000001,2018-05-11,3.4,Oran
2018-05-20 11:30:00,0.1519,9.479166666666666,103.389216,2018-05-11,3.4,Oran
2018-05-20 12:00:00,0.1589,9.5,108.15369600000001,2018-05-11,3.4,Oran
2018-05-20 12:30:00,0.15230000000000002,9.520833333333334,103.66147200000002,2018-05-11,3.4,Oran
2018-05-20 13:00:00,0.1426,9.541666666666666,97.059264,2018-05-11,3.4,Oran
2018-05-20 13:30:00,0.07250000000000001,9.5625,49.3464,2018-05-11,3.4,Oran
2018-05-20 14:00:00,0.0678,9.583333333333334,46.147391999999996,2018-05-11,3.4,Oran
2018-05-20 14:30:00,0.0883,9.604166666666666,60.100512,2018-05-11,3.4,Oran
2018-05-20 15:00:00,0.0596,9.625,40.566144,2018-05-11,3.4,Oran
2018-05-20 15:30:00,0.0162,9.645833333333334,11.026368,2018-05-11,3.4,Oran
2018-05-20 16:00:00,0.0307,9.666666666666666,20.895648,2018-05-11,3.4,Oran
2018-05-20 16:30:00,0.040100000000000004,9.6875,27.293664000000003,2018-05-11,3.4,Oran
2018-05-20 17:00:00,0.0345,9.708333333333334,23.48208,2018-05-11,3.4,Oran
2018-05-20 17:30:00,0.0227,9.729166666666666,15.450528,2018-05-11,3.4,Oran
2018-05-20 18:00:00,0.014100000000000001,9.75,9.597024000000001,2018-05-11,3.4,Oran
2018-05-20 18:30:00,0.0058000000000000005,9.770833333333334,3.947712,2018-05-11,3.4,Oran
2018-05-20 19:00:00,0.001,9.791666666666666,0.68064,2018-05-11,3.4,Oran
2018-05-20 19:30:00,0.0013000000000000002,9.8125,0.8848320000000001,2018-05-11,3.4,Oran
2018-05-20 20:00:00,0.0012000000000000001,9.833333333333334,0.816768,2018-05-11,3.4,Oran
2018-05-20 20:30:00,0.0007,9.854166666666666,0.476448,2018-05-11,3.4,Oran
2018-05-20 21:00:00,0.0006000000000000001,9.875,0.408384,2018-05-11,3.4,Oran
2018-05-20 21:30:00,0.0005,9.895833333333334,0.34032,2018-05-11,3.4,Oran
2018-05-20 22:00:00,0.0004,9.916666666666666,0.272256,2018-05-11,3.4,Oran
2018-05-20 22:30:00,0.00030000000000000003,9.9375,0.204192,2018-05-11,3.4,Oran
2018-05-20 23:00:00,0.0005,9.958333333333334,0.34032,2018-05-11,3.4,Oran
2018-05-20 23:30:00,0.0005,9.979166666666666,0.34032,2018-05-11,3.4,Oran
2018-06-05 00:00:00,0.012100000000000001,0.0,8.235744,2018-06-05,3.4,Oran
2018-06-05 00:30:00,0.0118,0.020833333333333332,8.031552,2018-06-05,3.4,Oran
2018-06-05 01:00:00,0.0114,0.041666666666666664,7.759296,2018-06-05,3.4,Oran
2018-06-05 01:30:00,0.0112,0.0625,7.623168,2018-06-05,3.4,Oran
2018-06-05 02:00:00,0.011000000000000001,0.08333333333333333,7.48704,2018-06-05,3.4,Oran
2018-06-05 02:30:00,0.010400000000000001,0.10416666666666667,7.0786560000000005,2018-06-05,3.4,Oran
2018-06-05 03:00:00,0.0103,0.125,7.010592,2018-06-05,3.4,Oran
2018-06-05 03:30:00,0.0098,0.14583333333333334,6.670272,2018-06-05,3.4,Oran
2018-06-05 04:00:00,0.0092,0.16666666666666666,6.261888,2018-06-05,3.4,Oran
2018-06-05 04:30:00,0.0086,0.1875,5.853504,2018-06-05,3.4,Oran
2018-06-05 05:00:00,0.0079,0.20833333333333334,5.3770560000000005,2018-06-05,3.4,Oran
2018-06-05 05:30:00,0.007200000000000001,0.22916666666666666,4.900608,2018-06-05,3.4,Oran
2018-06-05 06:00:00,0.0066,0.25,4.492224,2018-06-05,3.4,Oran
2018-06-05 06:30:00,0.006900000000000001,0.2708333333333333,4.696416,2018-06-05,3.4,Oran
2018-06-05 07:00:00,0.0071,0.2916666666666667,4.832544,2018-06-05,3.4,Oran
2018-06-05 07:30:00,0.0269,0.3125,18.309216,2018-06-05,3.4,Oran
2018-06-05 08:00:00,0.0334,0.3333333333333333,22.733376,2018-06-05,3.4,Oran
2018-06-05 08:30:00,0.1072,0.3541666666666667,72.964608,2018-06-05,3.4,Oran
2018-06-05 09:00:00,0.1799,0.375,122.447136,2018-06-05,3.4,Oran
2018-06-05 09:30:00,0.22440000000000002,0.3958333333333333,152.73561600000002,2018-06-05,3.4,Oran
2018-06-05 10:00:00,0.2821,0.4166666666666667,192.008544,2018-06-05,3.4,Oran
2018-06-05 10:30:00,0.3815,0.4375,259.66416,2018-06-05,3.4,Oran
2018-06-05 11:00:00,0.3922,0.4583333333333333,266.947008,2018-06-05,3.4,Oran
2018-06-05 11:30:00,0.4519,0.4791666666666667,307.581216,2018-06-05,3.4,Oran
2018-06-05 12:00:00,0.36150000000000004,0.5,246.05136000000002,2018-06-05,3.4,Oran
2018-06-05 12:30:00,0.4577,0.5208333333333334,311.528928,2018-06-05,3.4,Oran
2018-06-05 13:00:00,0.45220000000000005,0.5416666666666666,307.785408,2018-06-05,3.4,Oran
2018-06-05 13:30:00,0.4103,0.5625,279.266592,2018-06-05,3.4,Oran
2018-06-05 14:00:00,0.3145,0.5833333333333334,214.06128,2018-06-05,3.4,Oran
2018-06-05 14:30:00,0.2078,0.6041666666666666,141.436992,2018-06-05,3.4,Oran
2018-06-05 15:00:00,0.18610000000000002,0.625,126.66710400000001,2018-06-05,3.4,Oran
2018-06-05 16:00:00,0.1588,0.6666666666666666,108.08563199999999,2018-06-05,3.4,Oran
2018-06-05 16:30:00,0.1326,0.6875,90.25286399999999,2018-06-05,3.4,Oran
2018-06-05 17:00:00,0.09240000000000001,0.7083333333333334,62.891136,2018-06-05,3.4,Oran
2018-06-05 17:30:00,0.0502,0.7291666666666666,34.168128,2018-06-05,3.4,Oran
2018-06-05 18:00:00,0.020900000000000002,0.75,14.225376,2018-06-05,3.4,Oran
2018-06-05 18:30:00,0.0318,0.7708333333333334,21.644352,2018-06-05,3.4,Oran
2018-06-05 19:00:00,0.0194,0.7916666666666666,13.204416,2018-06-05,3.4,Oran
2018-06-05 19:30:00,0.0188,0.8125,12.796032,2018-06-05,3.4,Oran
2018-06-05 20:00:00,0.0158,0.8333333333333334,10.754112000000001,2018-06-05,3.4,Oran
2018-06-05 20:30:00,0.017400000000000002,0.8541666666666666,11.843136000000001,2018-06-05,3.4,Oran
2018-06-05 21:00:00,0.014100000000000001,0.875,9.597024000000001,2018-06-05,3.4,Oran
2018-06-05 21:30:00,0.015600000000000001,0.8958333333333334,10.617984,2018-06-05,3.4,Oran
2018-06-05 22:00:00,0.0148,0.9166666666666666,10.073472,2018-06-05,3.4,Oran
2018-06-05 22:30:00,0.012,0.9375,8.16768,2018-06-05,3.4,Oran
2018-06-05 23:00:00,0.0137,0.9583333333333334,9.324768,2018-06-05,3.4,Oran
2018-06-05 23:30:00,0.0128,0.9791666666666666,8.712192,2018-06-05,3.4,Oran
2018-06-06 00:00:00,0.0119,1.0,8.099616000000001,2018-06-05,3.4,Oran
2018-06-06 00:30:00,0.0105,1.0208333333333333,7.14672,2018-06-05,3.4,Oran
2018-06-06 01:00:00,0.0091,1.0416666666666667,6.193824,2018-06-05,3.4,Oran
2018-06-06 01:30:00,0.0077,1.0625,5.240928,2018-06-05,3.4,Oran
2018-06-06 02:00:00,0.0063,1.0833333333333333,4.288032,2018-06-05,3.4,Oran
2018-06-06 02:30:00,0.0054,1.1041666666666667,3.675456,2018-06-05,3.4,Oran
2018-06-06 03:00:00,0.0045000000000000005,1.125,3.0628800000000003,2018-06-05,3.4,Oran
2018-06-06 03:30:00,0.0022,1.1458333333333333,1.497408,2018-06-05,3.4,Oran
2018-06-06 04:00:00,0.0039000000000000003,1.1666666666666667,2.654496,2018-06-05,3.4,Oran
2018-06-06 04:30:00,0.0039000000000000003,1.1875,2.654496,2018-06-05,3.4,Oran
2018-06-06 05:00:00,0.0039000000000000003,1.2083333333333333,2.654496,2018-06-05,3.4,Oran
2018-06-06 05:30:00,0.004200000000000001,1.2291666666666667,2.8586880000000003,2018-06-05,3.4,Oran
2018-06-06 06:00:00,0.0045000000000000005,1.25,3.0628800000000003,2018-06-05,3.4,Oran
2018-06-06 06:30:00,0.009000000000000001,1.2708333333333333,6.1257600000000005,2018-06-05,3.4,Oran
2018-06-06 07:00:00,0.0056,1.2916666666666667,3.811584,2018-06-05,3.4,Oran
2018-06-06 07:30:00,0.0539,1.3125,36.686496,2018-06-05,3.4,Oran
2018-06-06 08:00:00,0.08270000000000001,1.3333333333333333,56.288928000000006,2018-06-05,3.4,Oran
2018-06-06 08:30:00,0.08710000000000001,1.3541666666666667,59.283744000000006,2018-06-05,3.4,Oran
2018-06-06 09:00:00,0.1751,1.375,119.180064,2018-06-05,3.4,Oran
2018-06-06 09:30:00,0.0936,1.3958333333333333,63.707904,2018-06-05,3.4,Oran
2018-06-06 10:00:00,0.1092,1.4166666666666667,74.325888,2018-06-05,3.4,Oran
2018-06-06 10:30:00,0.169,1.4375,115.02816,2018-06-05,3.4,Oran
2018-06-06 11:00:00,0.1865,1.4583333333333333,126.93936,2018-06-05,3.4,Oran
2018-06-06 11:30:00,0.1279,1.4791666666666667,87.05385600000001,2018-06-05,3.4,Oran
2018-06-06 12:00:00,0.2685,1.5,182.75184000000002,2018-06-05,3.4,Oran
2018-06-06 12:30:00,0.23390000000000002,1.5208333333333333,159.20169600000003,2018-06-05,3.4,Oran
2018-06-06 13:00:00,0.1173,1.5416666666666667,79.839072,2018-06-05,3.4,Oran
2018-06-06 13:30:00,0.1004,1.5625,68.336256,2018-06-05,3.4,Oran
2018-06-06 14:00:00,0.1482,1.5833333333333333,100.870848,2018-06-05,3.4,Oran
2018-06-06 14:30:00,0.14750000000000002,1.6041666666666667,100.3944,2018-06-05,3.4,Oran
2018-06-06 15:00:00,0.057600000000000005,1.625,39.204864,2018-06-05,3.4,Oran
2018-06-06 15:30:00,0.07050000000000001,1.6458333333333333,47.98512,2018-06-05,3.4,Oran
2018-06-06 16:00:00,0.1468,1.6666666666666667,99.91795200000001,2018-06-05,3.4,Oran
2018-06-06 16:30:00,0.0466,1.6875,31.717824,2018-06-05,3.4,Oran
2018-06-06 17:00:00,0.0506,1.7083333333333333,34.440384,2018-06-05,3.4,Oran
2018-06-06 17:30:00,0.007,1.7291666666666667,4.76448,2018-06-05,3.4,Oran
2018-06-06 18:00:00,0.0241,1.75,16.403424,2018-06-05,3.4,Oran
2018-06-06 18:30:00,0.0175,1.7708333333333333,11.911200000000001,2018-06-05,3.4,Oran
2018-06-06 19:00:00,0.0046,1.7916666666666667,3.130944,2018-06-05,3.4,Oran
2018-06-06 19:30:00,0.0,1.8125,0.0,2018-06-05,3.4,Oran
2018-06-06 20:00:00,0.0,1.8333333333333333,0.0,2018-06-05,3.4,Oran
2018-06-06 20:30:00,0.0,1.8541666666666667,0.0,2018-06-05,3.4,Oran
2018-06-06 21:00:00,0.0,1.875,0.0,2018-06-05,3.4,Oran
2018-06-06 21:30:00,0.0,1.8958333333333333,0.0,2018-06-05,3.4,Oran
2018-06-06 22:00:00,0.0,1.9166666666666667,0.0,2018-06-05,3.4,Oran
2018-06-06 22:30:00,0.0,1.9375,0.0,2018-06-05,3.4,Oran
2018-06-06 23:00:00,0.0,1.9583333333333333,0.0,2018-06-05,3.4,Oran
2018-06-06 23:30:00,0.0,1.9791666666666667,0.0,2018-06-05,3.4,Oran
2018-06-07 00:00:00,0.0,2.0,0.0,2018-06-05,3.4,Oran
2018-06-07 00:30:00,0.0,2.0208333333333335,0.0,2018-06-05,3.4,Oran
2018-06-07 01:00:00,0.0,2.0416666666666665,0.0,2018-06-05,3.4,Oran
2018-06-07 01:30:00,0.0,2.0625,0.0,2018-06-05,3.4,Oran
2018-06-07 02:00:00,0.0,2.0833333333333335,0.0,2018-06-05,3.4,Oran
2018-06-07 02:30:00,0.0,2.1041666666666665,0.0,2018-06-05,3.4,Oran
2018-06-07 03:00:00,0.0,2.125,0.0,2018-06-05,3.4,Oran
2018-06-07 03:30:00,0.0018000000000000002,2.1458333333333335,1.225152,2018-06-05,3.4,Oran
2018-06-07 04:00:00,0.0,2.1666666666666665,0.0,2018-06-05,3.4,Oran
2018-06-07 04:30:00,0.0,2.1875,0.0,2018-06-05,3.4,Oran
2018-06-07 05:00:00,0.0,2.2083333333333335,0.0,2018-06-05,3.4,Oran
2018-06-07 05:30:00,0.0177,2.2291666666666665,12.047328,2018-06-05,3.4,Oran
2018-06-07 06:00:00,0.0449,2.25,30.560736000000002,2018-06-05,3.4,Oran
2018-06-07 06:30:00,0.079,2.2708333333333335,53.770559999999996,2018-06-05,3.4,Oran
2018-06-07 07:00:00,0.11810000000000001,2.2916666666666665,80.383584,2018-06-05,3.4,Oran
2018-06-07 07:30:00,0.164,2.3125,111.62496,2018-06-05,3.4,Oran
2018-06-07 08:00:00,0.2116,2.3333333333333335,144.023424,2018-06-05,3.4,Oran
2018-06-07 08:30:00,0.25780000000000003,2.3541666666666665,175.46899200000001,2018-06-05,3.4,Oran
2018-06-07 09:00:00,0.3024,2.375,205.825536,2018-06-05,3.4,Oran
2018-06-07 09:30:00,0.36000000000000004,2.3958333333333335,245.03040000000001,2018-06-05,3.4,Oran
2018-06-07 10:00:00,0.39130000000000004,2.4166666666666665,266.334432,2018-06-05,3.4,Oran
2018-06-07 10:30:00,0.434,2.4375,295.39776,2018-06-05,3.4,Oran
2018-06-07 11:00:00,0.44670000000000004,2.4583333333333335,304.04188800000003,2018-06-05,3.4,Oran
2018-06-07 11:30:00,0.46080000000000004,2.4791666666666665,313.638912,2018-06-05,3.4,Oran
2018-06-07 12:00:00,0.31,2.5,210.9984,2018-06-05,3.4,Oran
2018-06-07 12:30:00,0.34690000000000004,2.5208333333333335,236.11401600000002,2018-06-05,3.4,Oran
2018-06-07 13:00:00,0.45170000000000005,2.5416666666666665,307.445088,2018-06-05,3.4,Oran
2018-06-07 13:30:00,0.2778,2.5625,189.08179199999998,2018-06-05,3.4,Oran
2018-06-07 14:00:00,0.3594,2.5833333333333335,244.622016,2018-06-05,3.4,Oran
2018-06-07 14:30:00,0.3682,2.6041666666666665,250.611648,2018-06-05,3.4,Oran
2018-06-07 15:00:00,0.3441,2.625,234.208224,2018-06-05,3.4,Oran
2018-06-07 15:30:00,0.2892,2.6458333333333335,196.841088,2018-06-05,3.4,Oran
2018-06-07 16:00:00,0.2411,2.6666666666666665,164.102304,2018-06-05,3.4,Oran
2018-06-07 16:30:00,0.21150000000000002,2.6875,143.95536,2018-06-05,3.4,Oran
2018-06-07 17:00:00,0.1105,2.7083333333333335,75.21072,2018-06-05,3.4,Oran
2018-06-07 17:30:00,0.06810000000000001,2.7291666666666665,46.351584,2018-06-05,3.4,Oran
2018-06-07 18:00:00,0.028800000000000003,2.75,19.602432,2018-06-05,3.4,Oran
2018-06-07 18:30:00,0.0591,2.7708333333333335,40.225823999999996,2018-06-05,3.4,Oran
2018-06-07 19:00:00,0.0204,2.7916666666666665,13.885056,2018-06-05,3.4,Oran
2018-06-07 19:30:00,0.0184,2.8125,12.523776,2018-06-05,3.4,Oran
2018-06-07 20:00:00,0.0164,2.8333333333333335,11.162496,2018-06-05,3.4,Oran
2018-06-07 20:30:00,0.0154,2.8541666666666665,10.481856,2018-06-05,3.4,Oran
2018-06-07 21:00:00,0.014400000000000001,2.875,9.801216,2018-06-05,3.4,Oran
2018-06-07 21:30:00,0.013300000000000001,2.8958333333333335,9.052512,2018-06-05,3.4,Oran
2018-06-07 22:00:00,0.0122,2.9166666666666665,8.303808,2018-06-05,3.4,Oran
2018-06-07 22:30:00,0.014100000000000001,2.9375,9.597024000000001,2018-06-05,3.4,Oran
2018-06-07 23:00:00,0.0111,2.9583333333333335,7.555104,2018-06-05,3.4,Oran
2018-06-07 23:30:00,0.0108,2.9791666666666665,7.350912,2018-06-05,3.4,Oran
2018-06-08 00:00:00,0.0126,3.0,8.576064,2018-06-05,3.4,Oran
2018-06-08 00:30:00,0.0109,3.0208333333333335,7.418976,2018-06-05,3.4,Oran
2018-06-08 01:00:00,0.013300000000000001,3.0416666666666665,9.052512,2018-06-05,3.4,Oran
2018-06-08 01:30:00,0.013000000000000001,3.0625,8.848320000000001,2018-06-05,3.4,Oran
2018-06-08 02:00:00,0.0128,3.0833333333333335,8.712192,2018-06-05,3.4,Oran
2018-06-08 02:30:00,0.007,3.1041666666666665,4.76448,2018-06-05,3.4,Oran
2018-06-08 03:00:00,0.0092,3.125,6.261888,2018-06-05,3.4,Oran
2018-06-08 03:30:00,0.0083,3.1458333333333335,5.649312,2018-06-05,3.4,Oran
2018-06-08 04:00:00,0.0038,3.1666666666666665,2.586432,2018-06-05,3.4,Oran
2018-06-08 04:30:00,0.006900000000000001,3.1875,4.696416,2018-06-05,3.4,Oran
2018-06-08 05:00:00,0.003,3.2083333333333335,2.04192,2018-06-05,3.4,Oran
2018-06-08 05:30:00,0.0089,3.2291666666666665,6.057696,2018-06-05,3.4,Oran
2018-06-08 06:00:00,0.0398,3.25,27.089472,2018-06-05,3.4,Oran
2018-06-08 06:30:00,0.1037,3.2708333333333335,70.582368,2018-06-05,3.4,Oran
2018-06-08 07:00:00,0.13190000000000002,3.2916666666666665,89.77641600000001,2018-06-05,3.4,Oran
2018-06-08 07:30:00,0.1839,3.3125,125.169696,2018-06-05,3.4,Oran
2018-06-08 08:00:00,0.2343,3.3333333333333335,159.473952,2018-06-05,3.4,Oran
2018-06-08 08:30:00,0.28800000000000003,3.3541666666666665,196.02432000000002,2018-06-05,3.4,Oran
2018-06-08 09:00:00,0.3386,3.375,230.464704,2018-06-05,3.4,Oran
2018-06-08 09:30:00,0.3753,3.3958333333333335,255.44419200000002,2018-06-05,3.4,Oran
2018-06-08 10:00:00,0.4267,3.4166666666666665,290.42908800000004,2018-06-05,3.4,Oran
2018-06-08 10:30:00,0.44780000000000003,3.4375,304.790592,2018-06-05,3.4,Oran
2018-06-08 11:00:00,0.46230000000000004,3.4583333333333335,314.659872,2018-06-05,3.4,Oran
2018-06-08 11:30:00,0.45120000000000005,3.4791666666666665,307.10476800000004,2018-06-05,3.4,Oran
2018-06-08 12:00:00,0.45640000000000003,3.5,310.644096,2018-06-05,3.4,Oran
2018-06-08 12:30:00,0.3014,3.5208333333333335,205.144896,2018-06-05,3.4,Oran
2018-06-08 13:00:00,0.2718,3.5416666666666665,184.997952,2018-06-05,3.4,Oran
2018-06-08 13:30:00,0.0843,3.5625,57.377952,2018-06-05,3.4,Oran
2018-06-08 14:00:00,0.0475,3.5833333333333335,32.3304,2018-06-05,3.4,Oran
2018-06-08 14:30:00,0.1311,3.6041666666666665,89.231904,2018-06-05,3.4,Oran
2018-06-08 15:00:00,0.0453,3.625,30.832992,2018-06-05,3.4,Oran
2018-06-08 15:30:00,0.1126,3.6458333333333335,76.640064,2018-06-05,3.4,Oran
2018-06-08 16:00:00,0.0751,3.6666666666666665,51.116064,2018-06-05,3.4,Oran
2018-06-08 16:30:00,0.0234,3.6875,15.926976,2018-06-05,3.4,Oran
2018-06-08 17:00:00,0.0221,3.7083333333333335,15.042144,2018-06-05,3.4,Oran
2018-06-08 17:30:00,0.024,3.7291666666666665,16.33536,2018-06-05,3.4,Oran
2018-06-08 18:00:00,0.022000000000000002,3.75,14.97408,2018-06-05,3.4,Oran
2018-06-08 18:30:00,0.0274,3.7708333333333335,18.649536,2018-06-05,3.4,Oran
2018-06-08 19:00:00,0.019700000000000002,3.7916666666666665,13.408608000000001,2018-06-05,3.4,Oran
2018-06-08 19:30:00,0.0182,3.8125,12.387648,2018-06-05,3.4,Oran
2018-06-08 20:00:00,0.0188,3.8333333333333335,12.796032,2018-06-05,3.4,Oran
2018-06-08 20:30:00,0.0122,3.8541666666666665,8.303808,2018-06-05,3.4,Oran
2018-06-08 21:00:00,0.0097,3.875,6.602208,2018-06-05,3.4,Oran
2018-06-08 21:30:00,0.007,3.8958333333333335,4.76448,2018-06-05,3.4,Oran
2018-06-08 22:00:00,0.0041,3.9166666666666665,2.790624,2018-06-05,3.4,Oran
2018-06-08 22:30:00,0.0033,3.9375,2.246112,2018-06-05,3.4,Oran
2018-06-08 23:00:00,0.0026000000000000003,3.9583333333333335,1.7696640000000001,2018-06-05,3.4,Oran
2018-06-08 23:30:00,0.0021000000000000003,3.9791666666666665,1.4293440000000002,2018-06-05,3.4,Oran
2018-06-09 00:00:00,0.0009000000000000001,4.0,0.612576,2018-06-05,3.4,Oran
2018-06-09 00:30:00,0.0005,4.020833333333333,0.34032,2018-06-05,3.4,Oran
2018-06-09 01:00:00,0.0001,4.041666666666667,0.068064,2018-06-05,3.4,Oran
2018-06-09 01:30:00,0.0036000000000000003,4.0625,2.450304,2018-06-05,3.4,Oran
2018-06-09 02:00:00,0.0031000000000000003,4.083333333333333,2.1099840000000003,2018-06-05,3.4,Oran
2018-06-09 02:30:00,0.003,4.104166666666667,2.04192,2018-06-05,3.4,Oran
2018-06-09 03:00:00,0.0007,4.125,0.476448,2018-06-05,3.4,Oran
2018-06-09 03:30:00,0.0006000000000000001,4.145833333333333,0.408384,2018-06-05,3.4,Oran
2018-06-09 04:00:00,0.0027,4.166666666666667,1.837728,2018-06-05,3.4,Oran
2018-06-09 04:30:00,0.0002,4.1875,0.136128,2018-06-05,3.4,Oran
2018-06-09 05:00:00,0.0,4.208333333333333,0.0,2018-06-05,3.4,Oran
2018-06-09 05:30:00,0.0067,4.229166666666667,4.560288,2018-06-05,3.4,Oran
2018-06-09 06:00:00,0.017,4.25,11.57088,2018-06-05,3.4,Oran
2018-06-09 06:30:00,0.053700000000000005,4.270833333333333,36.550368000000006,2018-06-05,3.4,Oran
2018-06-09 07:00:00,0.0458,4.291666666666667,31.173312,2018-06-05,3.4,Oran
2018-06-09 07:30:00,0.167,4.3125,113.66688,2018-06-05,3.4,Oran
2018-06-09 08:00:00,0.2039,4.333333333333333,138.782496,2018-06-05,3.4,Oran
2018-06-09 08:30:00,0.2494,4.354166666666667,169.751616,2018-06-05,3.4,Oran
2018-06-09 09:00:00,0.2931,4.375,199.495584,2018-06-05,3.4,Oran
2018-06-09 09:30:00,0.3521,4.395833333333333,239.653344,2018-06-05,3.4,Oran
2018-06-09 10:00:00,0.31070000000000003,4.416666666666667,211.474848,2018-06-05,3.4,Oran
2018-06-09 10:30:00,0.3216,4.4375,218.893824,2018-06-05,3.4,Oran
2018-06-09 11:00:00,0.27190000000000003,4.458333333333333,185.06601600000002,2018-06-05,3.4,Oran
2018-06-09 11:30:00,0.19590000000000002,4.479166666666667,133.337376,2018-06-05,3.4,Oran
2018-06-09 12:00:00,0.1738,4.5,118.295232,2018-06-05,3.4,Oran
2018-06-09 12:30:00,0.2564,4.520833333333333,174.516096,2018-06-05,3.4,Oran
2018-06-09 13:00:00,0.4005,4.541666666666667,272.59632,2018-06-05,3.4,Oran
2018-06-09 13:30:00,0.1076,4.5625,73.236864,2018-06-05,3.4,Oran
2018-06-09 14:00:00,0.0308,4.583333333333333,20.963712,2018-06-05,3.4,Oran
2018-06-09 14:30:00,0.1569,4.604166666666667,106.792416,2018-06-05,3.4,Oran
2018-06-09 15:00:00,0.24710000000000001,4.625,168.186144,2018-06-05,3.4,Oran
2018-06-09 15:30:00,0.2096,4.645833333333333,142.662144,2018-06-05,3.4,Oran
2018-06-09 16:00:00,0.1758,4.666666666666667,119.656512,2018-06-05,3.4,Oran
2018-06-09 16:30:00,0.0247,4.6875,16.811808,2018-06-05,3.4,Oran
2018-06-09 17:00:00,0.0103,4.708333333333333,7.010592,2018-06-05,3.4,Oran
2018-06-09 17:30:00,0.0207,4.729166666666667,14.089248,2018-06-05,3.4,Oran
2018-06-09 18:00:00,0.0032,4.75,2.178048,2018-06-05,3.4,Oran
2018-06-09 18:30:00,0.0034000000000000002,4.770833333333333,2.3141760000000002,2018-06-05,3.4,Oran
2018-06-09 19:00:00,0.0,4.791666666666667,0.0,2018-06-05,3.4,Oran
2018-06-09 19:30:00,0.0018000000000000002,4.8125,1.225152,2018-06-05,3.4,Oran
2018-06-09 20:00:00,0.0,4.833333333333333,0.0,2018-06-05,3.4,Oran
2018-06-09 20:30:00,0.0023,4.854166666666667,1.565472,2018-06-05,3.4,Oran
2018-06-09 21:00:00,0.0027,4.875,1.837728,2018-06-05,3.4,Oran
2018-06-09 21:30:00,0.0033,4.895833333333333,2.246112,2018-06-05,3.4,Oran
2018-06-09 22:00:00,0.0038,4.916666666666667,2.586432,2018-06-05,3.4,Oran
2018-06-09 22:30:00,0.0038,4.9375,2.586432,2018-06-05,3.4,Oran
2018-06-09 23:00:00,0.0039000000000000003,4.958333333333333,2.654496,2018-06-05,3.4,Oran
2018-06-09 23:30:00,0.0041,4.979166666666667,2.790624,2018-06-05,3.4,Oran
2018-06-10 00:00:00,0.0045000000000000005,5.0,3.0628800000000003,2018-06-05,3.4,Oran
2018-06-10 00:30:00,0.0047,5.020833333333333,3.199008,2018-06-05,3.4,Oran
2018-06-10 01:00:00,0.0001,5.041666666666667,0.068064,2018-06-05,3.4,Oran
2018-06-10 01:30:00,0.0054,5.0625,3.675456,2018-06-05,3.4,Oran
2018-06-10 02:00:00,0.0058000000000000005,5.083333333333333,3.947712,2018-06-05,3.4,Oran
2018-06-10 02:30:00,0.006,5.104166666666667,4.08384,2018-06-05,3.4,Oran
2018-06-10 03:00:00,0.0061,5.125,4.151904,2018-06-05,3.4,Oran
2018-06-10 03:30:00,0.0061,5.145833333333333,4.151904,2018-06-05,3.4,Oran
2018-06-10 04:00:00,0.0061,5.166666666666667,4.151904,2018-06-05,3.4,Oran
2018-06-10 04:30:00,0.006200000000000001,5.1875,4.219968000000001,2018-06-05,3.4,Oran
2018-06-10 05:00:00,0.0063,5.208333333333333,4.288032,2018-06-05,3.4,Oran
2018-06-10 05:30:00,0.0098,5.229166666666667,6.670272,2018-06-05,3.4,Oran
2018-06-10 06:00:00,0.025400000000000002,5.25,17.288256,2018-06-05,3.4,Oran
2018-06-10 06:30:00,0.0223,5.270833333333333,15.178272,2018-06-05,3.4,Oran
2018-06-10 07:00:00,0.1549,5.291666666666667,105.43113600000001,2018-06-05,3.4,Oran
2018-06-10 07:30:00,0.1807,5.3125,122.991648,2018-06-05,3.4,Oran
2018-06-10 08:00:00,0.2258,5.333333333333333,153.688512,2018-06-05,3.4,Oran
2018-06-10 08:30:00,0.28500000000000003,5.354166666666667,193.9824,2018-06-05,3.4,Oran
2018-06-10 09:00:00,0.21960000000000002,5.375,149.468544,2018-06-05,3.4,Oran
2018-06-10 09:30:00,0.2033,5.395833333333333,138.374112,2018-06-05,3.4,Oran
2018-06-10 10:00:00,0.4167,5.416666666666667,283.622688,2018-06-05,3.4,Oran
2018-06-10 10:30:00,0.4355,5.4375,296.41872,2018-06-05,3.4,Oran
2018-06-10 11:00:00,0.46290000000000003,5.458333333333333,315.068256,2018-06-05,3.4,Oran
2018-06-10 11:30:00,0.48410000000000003,5.479166666666667,329.49782400000004,2018-06-05,3.4,Oran
2018-06-10 12:00:00,0.4742,5.5,322.759488,2018-06-05,3.4,Oran
2018-06-10 12:30:00,0.4728,5.520833333333333,321.80659199999997,2018-06-05,3.4,Oran
2018-06-10 13:00:00,0.46340000000000003,5.541666666666667,315.40857600000004,2018-06-05,3.4,Oran
2018-06-10 13:30:00,0.3622,5.5625,246.52780800000002,2018-06-05,3.4,Oran
2018-06-10 14:00:00,0.3144,5.583333333333333,213.99321600000002,2018-06-05,3.4,Oran
2018-06-10 14:30:00,0.31520000000000004,5.604166666666667,214.53772800000002,2018-06-05,3.4,Oran
2018-06-10 15:00:00,0.3745,5.625,254.89968,2018-06-05,3.4,Oran
2018-06-10 15:30:00,0.1715,5.645833333333333,116.72976000000001,2018-06-05,3.4,Oran
2018-06-10 16:00:00,0.18050000000000002,5.666666666666667,122.85552000000001,2018-06-05,3.4,Oran
2018-06-10 16:30:00,0.0601,5.6875,40.906464,2018-06-05,3.4,Oran
2018-06-10 17:00:00,0.1457,5.708333333333333,99.169248,2018-06-05,3.4,Oran
2018-06-10 17:30:00,0.061900000000000004,5.729166666666667,42.131616,2018-06-05,3.4,Oran
2018-06-10 18:00:00,0.07250000000000001,5.75,49.3464,2018-06-05,3.4,Oran
2018-06-10 18:30:00,0.0403,5.770833333333333,27.429792000000003,2018-06-05,3.4,Oran
2018-06-10 19:00:00,0.022000000000000002,5.791666666666667,14.97408,2018-06-05,3.4,Oran
2018-06-10 19:30:00,0.0207,5.8125,14.089248,2018-06-05,3.4,Oran
2018-06-10 20:00:00,0.0194,5.833333333333333,13.204416,2018-06-05,3.4,Oran
2018-06-10 20:30:00,0.0178,5.854166666666667,12.115392,2018-06-05,3.4,Oran
2018-06-10 21:00:00,0.0162,5.875,11.026368,2018-06-05,3.4,Oran
2018-06-10 21:30:00,0.0142,5.895833333333333,9.665088,2018-06-05,3.4,Oran
2018-06-10 22:00:00,0.0122,5.916666666666667,8.303808,2018-06-05,3.4,Oran
2018-06-10 22:30:00,0.006500000000000001,5.9375,4.4241600000000005,2018-06-05,3.4,Oran
2018-06-10 23:00:00,0.0111,5.958333333333333,7.555104,2018-06-05,3.4,Oran
2018-06-10 23:30:00,0.005200000000000001,5.979166666666667,3.5393280000000003,2018-06-05,3.4,Oran
2018-06-11 00:00:00,0.0108,6.0,7.350912,2018-06-05,3.4,Oran
2018-06-11 00:30:00,0.01,6.020833333333333,6.8064,2018-06-05,3.4,Oran
2018-06-11 01:00:00,0.0034000000000000002,6.041666666666667,2.3141760000000002,2018-06-05,3.4,Oran
2018-06-11 01:30:00,0.008400000000000001,6.0625,5.717376000000001,2018-06-05,3.4,Oran
2018-06-11 02:00:00,0.0019,6.083333333333333,1.293216,2018-06-05,3.4,Oran
2018-06-11 02:30:00,0.0013000000000000002,6.104166666666667,0.8848320000000001,2018-06-05,3.4,Oran
2018-06-11 03:00:00,0.0007,6.125,0.476448,2018-06-05,3.4,Oran
2018-06-11 03:30:00,0.0004,6.145833333333333,0.272256,2018-06-05,3.4,Oran
2018-06-11 04:00:00,0.0002,6.166666666666667,0.136128,2018-06-05,3.4,Oran
2018-06-11 04:30:00,0.0,6.1875,0.0,2018-06-05,3.4,Oran
2018-06-11 05:00:00,0.0,6.208333333333333,0.0,2018-06-05,3.4,Oran
2018-06-11 05:30:00,0.036000000000000004,6.229166666666667,24.503040000000002,2018-06-05,3.4,Oran
2018-06-11 06:00:00,0.063,6.25,42.88032,2018-06-05,3.4,Oran
2018-06-11 06:30:00,0.0848,6.270833333333333,57.718272,2018-06-05,3.4,Oran
2018-06-11 07:00:00,0.1228,6.291666666666667,83.582592,2018-06-05,3.4,Oran
2018-06-11 07:30:00,0.1666,6.3125,113.394624,2018-06-05,3.4,Oran
2018-06-11 08:00:00,0.2107,6.333333333333333,143.410848,2018-06-05,3.4,Oran
2018-06-11 08:30:00,0.2534,6.354166666666667,172.474176,2018-06-05,3.4,Oran
2018-06-11 09:00:00,0.29460000000000003,6.375,200.516544,2018-06-05,3.4,Oran
2018-06-11 09:30:00,0.33840000000000003,6.395833333333333,230.32857600000003,2018-06-05,3.4,Oran
2018-06-11 10:00:00,0.3796,6.416666666666667,258.370944,2018-06-05,3.4,Oran
2018-06-11 10:30:00,0.4194,6.4375,285.460416,2018-06-05,3.4,Oran
2018-06-11 11:00:00,0.44010000000000005,6.458333333333333,299.549664,2018-06-05,3.4,Oran
2018-06-11 11:30:00,0.315,6.479166666666667,214.4016,2018-06-05,3.4,Oran
2018-06-11 12:00:00,0.46080000000000004,6.5,313.638912,2018-06-05,3.4,Oran
2018-06-11 12:30:00,0.4567,6.520833333333333,310.84828799999997,2018-06-05,3.4,Oran
2018-06-11 13:00:00,0.2848,6.541666666666667,193.846272,2018-06-05,3.4,Oran
2018-06-11 13:30:00,0.3504,6.5625,238.496256,2018-06-05,3.4,Oran
2018-06-11 14:00:00,0.3111,6.583333333333333,211.74710399999998,2018-06-05,3.4,Oran
2018-06-11 14:30:00,0.1883,6.604166666666667,128.164512,2018-06-05,3.4,Oran
2018-06-11 15:00:00,0.1233,6.625,83.922912,2018-06-05,3.4,Oran
2018-06-11 15:30:00,0.1426,6.645833333333333,97.059264,2018-06-05,3.4,Oran
2018-06-11 16:00:00,0.1527,6.666666666666667,103.933728,2018-06-05,3.4,Oran
2018-06-11 16:30:00,0.1545,6.6875,105.15888,2018-06-05,3.4,Oran
2018-06-11 17:00:00,0.13540000000000002,6.708333333333333,92.15865600000001,2018-06-05,3.4,Oran
2018-06-11 17:30:00,0.09340000000000001,6.729166666666667,63.57177600000001,2018-06-05,3.4,Oran
2018-06-11 18:00:00,0.0497,6.75,33.827808,2018-06-05,3.4,Oran
2018-06-11 18:30:00,0.0273,6.770833333333333,18.581472,2018-06-05,3.4,Oran
2018-06-11 19:00:00,0.0257,6.791666666666667,17.492448,2018-06-05,3.4,Oran
2018-06-11 19:30:00,0.0239,6.8125,16.267296,2018-06-05,3.4,Oran
2018-06-11 20:00:00,0.0221,6.833333333333333,15.042144,2018-06-05,3.4,Oran
2018-06-11 20:30:00,0.0198,6.854166666666667,13.476672,2018-06-05,3.4,Oran
2018-06-11 21:00:00,0.0115,6.875,7.82736,2018-06-05,3.4,Oran
2018-06-11 21:30:00,0.011000000000000001,6.895833333333333,7.48704,2018-06-05,3.4,Oran
2018-06-11 22:00:00,0.016,6.916666666666667,10.89024,2018-06-05,3.4,Oran
2018-06-11 22:30:00,0.0092,6.9375,6.261888,2018-06-05,3.4,Oran
2018-06-11 23:00:00,0.008,6.958333333333333,5.44512,2018-06-05,3.4,Oran
2018-06-11 23:30:00,0.007,6.979166666666667,4.76448,2018-06-05,3.4,Oran
2018-06-12 00:00:00,0.0046,7.0,3.130944,2018-06-05,3.4,Oran
2018-06-12 00:30:00,0.004200000000000001,7.020833333333333,2.8586880000000003,2018-06-05,3.4,Oran
2018-06-12 01:00:00,0.0038,7.041666666666667,2.586432,2018-06-05,3.4,Oran
2018-06-12 01:30:00,0.0028,7.0625,1.905792,2018-06-05,3.4,Oran
2018-06-12 02:00:00,0.0019,7.083333333333333,1.293216,2018-06-05,3.4,Oran
2018-06-12 02:30:00,0.0014,7.104166666666667,0.952896,2018-06-05,3.4,Oran
2018-06-12 03:00:00,0.001,7.125,0.68064,2018-06-05,3.4,Oran
2018-06-12 03:30:00,0.0007,7.145833333333333,0.476448,2018-06-05,3.4,Oran
2018-06-12 04:00:00,0.0004,7.166666666666667,0.272256,2018-06-05,3.4,Oran
2018-06-12 04:30:00,0.0005,7.1875,0.34032,2018-06-05,3.4,Oran
2018-06-12 05:00:00,0.0006000000000000001,7.208333333333333,0.408384,2018-06-05,3.4,Oran
2018-06-12 05:30:00,0.026600000000000002,7.229166666666667,18.105024,2018-06-05,3.4,Oran
2018-06-12 06:00:00,0.056900000000000006,7.25,38.728416,2018-06-05,3.4,Oran
2018-06-12 06:30:00,0.09480000000000001,7.270833333333333,64.52467200000001,2018-06-05,3.4,Oran
2018-06-12 07:00:00,0.1371,7.291666666666667,93.315744,2018-06-05,3.4,Oran
2018-06-12 07:30:00,0.1839,7.3125,125.169696,2018-06-05,3.4,Oran
2018-06-12 08:00:00,0.24550000000000002,7.333333333333333,167.09712000000002,2018-06-05,3.4,Oran
2018-06-12 08:30:00,0.23120000000000002,7.354166666666667,157.363968,2018-06-05,3.4,Oran
2018-06-12 09:00:00,0.3023,7.375,205.757472,2018-06-05,3.4,Oran
2018-06-12 09:30:00,0.30760000000000004,7.395833333333333,209.364864,2018-06-05,3.4,Oran
2018-06-12 10:00:00,0.3794,7.416666666666667,258.234816,2018-06-05,3.4,Oran
2018-06-12 10:30:00,0.4723,7.4375,321.466272,2018-06-05,3.4,Oran
2018-06-12 11:00:00,0.49810000000000004,7.458333333333333,339.026784,2018-06-05,3.4,Oran
2018-06-12 11:30:00,0.5152,7.479166666666667,350.665728,2018-06-05,3.4,Oran
2018-06-12 12:00:00,0.5129,7.5,349.100256,2018-06-05,3.4,Oran
2018-06-12 12:30:00,0.5115000000000001,7.520833333333333,348.14736000000005,2018-06-05,3.4,Oran
2018-06-12 13:00:00,0.4063,7.541666666666667,276.544032,2018-06-05,3.4,Oran
2018-06-12 13:30:00,0.33180000000000004,7.5625,225.83635200000003,2018-06-05,3.4,Oran
2018-06-12 14:00:00,0.4572,7.583333333333333,311.188608,2018-06-05,3.4,Oran
2018-06-12 14:30:00,0.4249,7.604166666666667,289.203936,2018-06-05,3.4,Oran
2018-06-12 15:00:00,0.34890000000000004,7.625,237.47529600000001,2018-06-05,3.4,Oran
2018-06-12 15:30:00,0.3553,7.645833333333333,241.831392,2018-06-05,3.4,Oran
2018-06-12 16:00:00,0.3044,7.666666666666667,207.186816,2018-06-05,3.4,Oran
2018-06-12 16:30:00,0.26630000000000004,7.6875,181.254432,2018-06-05,3.4,Oran
2018-06-12 17:00:00,0.2084,7.708333333333333,141.845376,2018-06-05,3.4,Oran
2018-06-12 17:30:00,0.16,7.729166666666667,108.9024,2018-06-05,3.4,Oran
2018-06-12 18:00:00,0.11670000000000001,7.75,79.430688,2018-06-05,3.4,Oran
2018-06-12 18:30:00,0.06520000000000001,7.770833333333333,44.377728000000005,2018-06-05,3.4,Oran
2018-06-12 19:00:00,0.0187,7.791666666666667,12.727968,2018-06-05,3.4,Oran
2018-06-12 19:30:00,0.0171,7.8125,11.638944,2018-06-05,3.4,Oran
2018-06-12 20:00:00,0.0154,7.833333333333333,10.481856,2018-06-05,3.4,Oran
2018-06-12 20:30:00,0.0142,7.854166666666667,9.665088,2018-06-05,3.4,Oran
2018-06-12 21:00:00,0.0129,7.875,8.780256,2018-06-05,3.4,Oran
2018-06-12 21:30:00,0.0158,7.895833333333333,10.754112000000001,2018-06-05,3.4,Oran
2018-06-12 22:00:00,0.0099,7.916666666666667,6.738336,2018-06-05,3.4,Oran
2018-06-12 22:30:00,0.013800000000000002,7.9375,9.392832,2018-06-05,3.4,Oran
2018-06-12 23:00:00,0.0089,7.958333333333333,6.057696,2018-06-05,3.4,Oran
2018-06-12 23:30:00,0.008400000000000001,7.979166666666667,5.717376000000001,2018-06-05,3.4,Oran
2018-06-13 00:00:00,0.0142,8.0,9.665088,2018-06-05,3.4,Oran
2018-06-13 00:30:00,0.0088,8.020833333333334,5.989632,2018-06-05,3.4,Oran
2018-06-13 01:00:00,0.0085,8.041666666666666,5.78544,2018-06-05,3.4,Oran
2018-06-13 01:30:00,0.006900000000000001,8.0625,4.696416,2018-06-05,3.4,Oran
2018-06-13 02:00:00,0.0054,8.083333333333334,3.675456,2018-06-05,3.4,Oran
2018-06-13 02:30:00,0.0047,8.104166666666666,3.199008,2018-06-05,3.4,Oran
2018-06-13 03:00:00,0.0039000000000000003,8.125,2.654496,2018-06-05,3.4,Oran
2018-06-13 03:30:00,0.0032,8.145833333333334,2.178048,2018-06-05,3.4,Oran
2018-06-13 04:00:00,0.0025,8.166666666666666,1.7016,2018-06-05,3.4,Oran
2018-06-13 04:30:00,0.002,8.1875,1.36128,2018-06-05,3.4,Oran
2018-06-13 05:00:00,0.0014,8.208333333333334,0.952896,2018-06-05,3.4,Oran
2018-06-13 05:30:00,0.0235,8.229166666666666,15.99504,2018-06-05,3.4,Oran
2018-06-13 06:00:00,0.0497,8.25,33.827808,2018-06-05,3.4,Oran
2018-06-13 06:30:00,0.0828,8.270833333333334,56.356992,2018-06-05,3.4,Oran
2018-06-13 07:00:00,0.11950000000000001,8.291666666666666,81.33648000000001,2018-06-05,3.4,Oran
2018-06-13 07:30:00,0.1618,8.3125,110.127552,2018-06-05,3.4,Oran
2018-06-13 08:00:00,0.20450000000000002,8.333333333333334,139.19088000000002,2018-06-05,3.4,Oran
2018-06-13 08:30:00,0.24680000000000002,8.354166666666666,167.981952,2018-06-05,3.4,Oran
2018-06-13 09:00:00,0.2891,8.375,196.77302400000002,2018-06-05,3.4,Oran
2018-06-13 09:30:00,0.33190000000000003,8.395833333333334,225.90441600000003,2018-06-05,3.4,Oran
2018-06-13 10:00:00,0.3629,8.416666666666666,247.004256,2018-06-05,3.4,Oran
2018-06-13 10:30:00,0.38380000000000003,8.4375,261.22963200000004,2018-06-05,3.4,Oran
2018-06-13 11:00:00,0.39880000000000004,8.458333333333334,271.439232,2018-06-05,3.4,Oran
2018-06-13 11:30:00,0.4071,8.479166666666666,277.088544,2018-06-05,3.4,Oran
2018-06-13 12:00:00,0.4016,8.5,273.345024,2018-06-05,3.4,Oran
2018-06-13 12:30:00,0.4037,8.520833333333334,274.774368,2018-06-05,3.4,Oran
2018-06-13 13:00:00,0.4078,8.541666666666666,277.564992,2018-06-05,3.4,Oran
2018-06-13 13:30:00,0.3917,8.5625,266.60668799999996,2018-06-05,3.4,Oran
2018-06-13 14:00:00,0.37770000000000004,8.583333333333334,257.07772800000004,2018-06-05,3.4,Oran
2018-06-13 14:30:00,0.3558,8.604166666666666,242.17171199999999,2018-06-05,3.4,Oran
2018-06-13 15:00:00,0.329,8.625,223.93056,2018-06-05,3.4,Oran
2018-06-13 15:30:00,0.2964,8.645833333333334,201.741696,2018-06-05,3.4,Oran
2018-06-13 16:00:00,0.2621,8.666666666666666,178.395744,2018-06-05,3.4,Oran
2018-06-13 16:30:00,0.224,8.6875,152.46336,2018-06-05,3.4,Oran
2018-06-13 17:00:00,0.18530000000000002,8.708333333333334,126.12259200000001,2018-06-05,3.4,Oran
2018-06-13 17:30:00,0.14850000000000002,8.729166666666666,101.07504000000002,2018-06-05,3.4,Oran
2018-06-13 18:00:00,0.10880000000000001,8.75,74.05363200000001,2018-06-05,3.4,Oran
2018-06-13 18:30:00,0.061700000000000005,8.770833333333334,41.995488,2018-06-05,3.4,Oran
2018-06-13 19:00:00,0.0224,8.791666666666666,15.246336,2018-06-05,3.4,Oran
2018-06-13 19:30:00,0.0199,8.8125,13.544736,2018-06-05,3.4,Oran
2018-06-13 20:00:00,0.017400000000000002,8.833333333333334,11.843136000000001,2018-06-05,3.4,Oran
2018-06-13 20:30:00,0.015700000000000002,8.854166666666666,10.686048000000001,2018-06-05,3.4,Oran
2018-06-13 21:00:00,0.0142,8.875,9.665088,2018-06-05,3.4,Oran
2018-06-13 21:30:00,0.0128,8.895833333333334,8.712192,2018-06-05,3.4,Oran
2018-06-13 22:00:00,0.0115,8.916666666666666,7.82736,2018-06-05,3.4,Oran
2018-06-13 22:30:00,0.0108,8.9375,7.350912,2018-06-05,3.4,Oran
2018-06-13 23:00:00,0.0102,8.958333333333334,6.942528,2018-06-05,3.4,Oran
2018-06-13 23:30:00,0.009600000000000001,8.979166666666666,6.534144,2018-06-05,3.4,Oran
2018-06-14 00:00:00,0.0057,9.0,3.879648,2018-06-05,3.4,Oran
2018-06-14 00:30:00,0.005200000000000001,9.020833333333334,3.5393280000000003,2018-06-05,3.4,Oran
2018-06-14 01:00:00,0.0048000000000000004,9.041666666666666,3.267072,2018-06-05,3.4,Oran
2018-06-14 01:30:00,0.0039000000000000003,9.0625,2.654496,2018-06-05,3.4,Oran
2018-06-14 02:00:00,0.003,9.083333333333334,2.04192,2018-06-05,3.4,Oran
2018-06-14 02:30:00,0.0023,9.104166666666666,1.565472,2018-06-05,3.4,Oran
2018-06-14 03:00:00,0.0017000000000000001,9.125,1.1570880000000001,2018-06-05,3.4,Oran
2018-06-14 03:30:00,0.0013000000000000002,9.145833333333334,0.8848320000000001,2018-06-05,3.4,Oran
2018-06-14 04:00:00,0.0008,9.166666666666666,0.544512,2018-06-05,3.4,Oran
2018-06-14 04:30:00,0.0006000000000000001,9.1875,0.408384,2018-06-05,3.4,Oran
2018-06-14 05:00:00,0.0005,9.208333333333334,0.34032,2018-06-05,3.4,Oran
2018-06-14 05:30:00,0.0166,9.229166666666666,11.298624,2018-06-05,3.4,Oran
2018-06-14 06:00:00,0.0392,9.25,26.681088,2018-06-05,3.4,Oran
2018-06-14 06:30:00,0.0709,9.270833333333334,48.257376,2018-06-05,3.4,Oran
2018-06-14 07:00:00,0.10790000000000001,9.291666666666666,73.441056,2018-06-05,3.4,Oran
2018-06-14 07:30:00,0.1474,9.3125,100.326336,2018-06-05,3.4,Oran
2018-06-14 08:00:00,0.1932,9.333333333333334,131.499648,2018-06-05,3.4,Oran
2018-06-14 08:30:00,0.2554,9.354166666666666,173.835456,2018-06-05,3.4,Oran
2018-06-14 09:00:00,0.2745,9.375,186.83568000000002,2018-06-05,3.4,Oran
2018-06-14 09:30:00,0.3048,9.395833333333334,207.45907200000002,2018-06-05,3.4,Oran
2018-06-14 10:00:00,0.3316,9.416666666666666,225.700224,2018-06-05,3.4,Oran
2018-06-14 10:30:00,0.35500000000000004,9.4375,241.62720000000002,2018-06-05,3.4,Oran
2018-06-14 11:00:00,0.3729,9.458333333333334,253.810656,2018-06-05,3.4,Oran
2018-06-14 11:30:00,0.3906,9.479166666666666,265.857984,2018-06-05,3.4,Oran
2018-06-14 12:00:00,0.40030000000000004,9.5,272.460192,2018-06-05,3.4,Oran
2018-06-14 12:30:00,0.40990000000000004,9.520833333333334,278.99433600000003,2018-06-05,3.4,Oran
2018-06-14 13:00:00,0.41190000000000004,9.541666666666666,280.355616,2018-06-05,3.4,Oran
2018-06-14 13:30:00,0.40340000000000004,9.5625,274.570176,2018-06-05,3.4,Oran
2018-06-14 14:00:00,0.38830000000000003,9.583333333333334,264.29251200000004,2018-06-05,3.4,Oran
2018-06-14 14:30:00,0.3664,9.604166666666666,249.386496,2018-06-05,3.4,Oran
2018-06-14 15:00:00,0.3398,9.625,231.28147199999998,2018-06-05,3.4,Oran
2018-06-14 15:30:00,0.3062,9.645833333333334,208.411968,2018-06-05,3.4,Oran
2018-06-14 16:00:00,0.26990000000000003,9.666666666666666,183.70473600000003,2018-06-05,3.4,Oran
2018-06-14 16:30:00,0.22920000000000001,9.6875,156.002688,2018-06-05,3.4,Oran
2018-06-14 17:00:00,0.1875,9.708333333333334,127.62,2018-06-05,3.4,Oran
2018-06-14 17:30:00,0.1426,9.729166666666666,97.059264,2018-06-05,3.4,Oran
2018-06-14 18:00:00,0.0998,9.75,67.927872,2018-06-05,3.4,Oran
2018-06-14 18:30:00,0.0575,9.770833333333334,39.1368,2018-06-05,3.4,Oran
2018-06-14 19:00:00,0.0188,9.791666666666666,12.796032,2018-06-05,3.4,Oran
2018-06-14 19:30:00,0.014,9.8125,9.52896,2018-06-05,3.4,Oran
2018-06-14 20:00:00,0.0193,9.833333333333334,13.136352,2018-06-05,3.4,Oran
2018-06-14 20:30:00,0.018500000000000003,9.854166666666666,12.591840000000001,2018-06-05,3.4,Oran
2018-06-14 21:00:00,0.013600000000000001,9.875,9.256704000000001,2018-06-05,3.4,Oran
2018-06-14 21:30:00,0.0112,9.895833333333334,7.623168,2018-06-05,3.4,Oran
2018-06-14 22:00:00,0.0086,9.916666666666666,5.853504,2018-06-05,3.4,Oran
2018-06-14 22:30:00,0.007,9.9375,4.76448,2018-06-05,3.4,Oran
2018-06-14 23:00:00,0.0054,9.958333333333334,3.675456,2018-06-05,3.4,Oran
2018-06-14 23:30:00,0.005,9.979166666666666,3.4032,2018-06-05,3.4,Oran
2018-07-04 00:00:00,0.0002,0.0,0.136128,2018-07-04,12.6,Oran
2018-07-04 00:30:00,0.0002,0.020833333333333332,0.136128,2018-07-04,12.6,Oran
2018-07-04 01:00:00,0.0002,0.041666666666666664,0.136128,2018-07-04,12.6,Oran
2018-07-04 01:30:00,0.0002,0.0625,0.136128,2018-07-04,12.6,Oran
2018-07-04 02:00:00,0.00030000000000000003,0.08333333333333333,0.204192,2018-07-04,12.6,Oran
2018-07-04 02:30:00,0.00030000000000000003,0.10416666666666667,0.204192,2018-07-04,12.6,Oran
2018-07-04 03:00:00,0.00030000000000000003,0.125,0.204192,2018-07-04,12.6,Oran
2018-07-04 03:30:00,0.00030000000000000003,0.14583333333333334,0.204192,2018-07-04,12.6,Oran
2018-07-04 04:00:00,0.00030000000000000003,0.16666666666666666,0.204192,2018-07-04,12.6,Oran
2018-07-04 04:30:00,0.0002,0.1875,0.136128,2018-07-04,12.6,Oran
2018-07-04 05:00:00,0.0002,0.20833333333333334,0.136128,2018-07-04,12.6,Oran
2018-07-04 05:30:00,0.0018000000000000002,0.22916666666666666,1.225152,2018-07-04,12.6,Oran
2018-07-04 06:00:00,0.0038,0.25,2.586432,2018-07-04,12.6,Oran
2018-07-04 06:30:00,0.006500000000000001,0.2708333333333333,4.4241600000000005,2018-07-04,12.6,Oran
2018-07-04 07:00:00,0.0097,0.2916666666666667,6.602208,2018-07-04,12.6,Oran
2018-07-04 07:30:00,0.013800000000000002,0.3125,9.392832,2018-07-04,12.6,Oran
2018-07-04 08:00:00,0.0182,0.3333333333333333,12.387648,2018-07-04,12.6,Oran
2018-07-04 08:30:00,0.023100000000000002,0.3541666666666667,15.722784,2018-07-04,12.6,Oran
2018-07-04 09:00:00,0.028200000000000003,0.375,19.194048000000002,2018-07-04,12.6,Oran
2018-07-04 09:30:00,0.032600000000000004,0.3958333333333333,22.188864000000002,2018-07-04,12.6,Oran
2018-07-04 10:00:00,0.0379,0.4166666666666667,25.796256000000003,2018-07-04,12.6,Oran
2018-07-04 10:30:00,0.0422,0.4375,28.723008,2018-07-04,12.6,Oran
2018-07-04 11:00:00,0.047,0.4583333333333333,31.99008,2018-07-04,12.6,Oran
2018-07-04 11:30:00,0.0475,0.4791666666666667,32.3304,2018-07-04,12.6,Oran
2018-07-04 12:00:00,0.0475,0.5,32.3304,2018-07-04,12.6,Oran
2018-07-04 12:30:00,0.0454,0.5208333333333334,30.901056,2018-07-04,12.6,Oran
2018-07-04 13:00:00,0.043000000000000003,0.5416666666666666,29.26752,2018-07-04,12.6,Oran
2018-07-04 13:30:00,0.0408,0.5625,27.770112,2018-07-04,12.6,Oran
2018-07-04 14:00:00,0.0379,0.5833333333333334,25.796256000000003,2018-07-04,12.6,Oran
2018-07-04 14:30:00,0.0344,0.6041666666666666,23.414016,2018-07-04,12.6,Oran
2018-07-04 15:00:00,0.0308,0.625,20.963712,2018-07-04,12.6,Oran
2018-07-04 15:30:00,0.027,0.6458333333333334,18.37728,2018-07-04,12.6,Oran
2018-07-04 16:00:00,0.0233,0.6666666666666666,15.858912,2018-07-04,12.6,Oran
2018-07-04 16:30:00,0.019200000000000002,0.6875,13.068288,2018-07-04,12.6,Oran
2018-07-04 17:00:00,0.0152,0.7083333333333334,10.345728,2018-07-04,12.6,Oran
2018-07-04 17:30:00,0.0115,0.7291666666666666,7.82736,2018-07-04,12.6,Oran
2018-07-04 18:00:00,0.0081,0.75,5.513184,2018-07-04,12.6,Oran
2018-07-04 18:30:00,0.0048000000000000004,0.7708333333333334,3.267072,2018-07-04,12.6,Oran
2018-07-04 19:00:00,0.0009000000000000001,0.7916666666666666,0.612576,2018-07-04,12.6,Oran
2018-07-04 19:30:00,0.0008,0.8125,0.544512,2018-07-04,12.6,Oran
2018-07-04 20:00:00,0.0007,0.8333333333333334,0.476448,2018-07-04,12.6,Oran
2018-07-04 20:30:00,0.0006000000000000001,0.8541666666666666,0.408384,2018-07-04,12.6,Oran
2018-07-04 21:00:00,0.0006000000000000001,0.875,0.408384,2018-07-04,12.6,Oran
2018-07-04 21:30:00,0.0005,0.8958333333333334,0.34032,2018-07-04,12.6,Oran
2018-07-04 22:00:00,0.0004,0.9166666666666666,0.272256,2018-07-04,12.6,Oran
2018-07-04 22:30:00,0.0004,0.9375,0.272256,2018-07-04,12.6,Oran
2018-07-04 23:00:00,0.0004,0.9583333333333334,0.272256,2018-07-04,12.6,Oran
2018-07-04 23:30:00,0.0004,0.9791666666666666,0.272256,2018-07-04,12.6,Oran
2018-07-05 00:00:00,0.0004,1.0,0.272256,2018-07-04,12.6,Oran
2018-07-05 00:30:00,0.00030000000000000003,1.0208333333333333,0.204192,2018-07-04,12.6,Oran
2018-07-05 01:00:00,0.00030000000000000003,1.0416666666666667,0.204192,2018-07-04,12.6,Oran
2018-07-05 01:30:00,0.00030000000000000003,1.0625,0.204192,2018-07-04,12.6,Oran
2018-07-05 02:00:00,0.00030000000000000003,1.0833333333333333,0.204192,2018-07-04,12.6,Oran
2018-07-05 02:30:00,0.00030000000000000003,1.1041666666666667,0.204192,2018-07-04,12.6,Oran
2018-07-05 03:00:00,0.00030000000000000003,1.125,0.204192,2018-07-04,12.6,Oran
2018-07-05 03:30:00,0.0002,1.1458333333333333,0.136128,2018-07-04,12.6,Oran
2018-07-05 04:00:00,0.0002,1.1666666666666667,0.136128,2018-07-04,12.6,Oran
2018-07-05 04:30:00,0.0002,1.1875,0.136128,2018-07-04,12.6,Oran
2018-07-05 05:00:00,0.0002,1.2083333333333333,0.136128,2018-07-04,12.6,Oran
2018-07-05 05:30:00,0.0018000000000000002,1.2291666666666667,1.225152,2018-07-04,12.6,Oran
2018-07-05 06:00:00,0.0036000000000000003,1.25,2.450304,2018-07-04,12.6,Oran
2018-07-05 06:30:00,0.0058000000000000005,1.2708333333333333,3.947712,2018-07-04,12.6,Oran
2018-07-05 07:00:00,0.008400000000000001,1.2916666666666667,5.717376000000001,2018-07-04,12.6,Oran
2018-07-05 07:30:00,0.0118,1.3125,8.031552,2018-07-04,12.6,Oran
2018-07-05 08:00:00,0.015300000000000001,1.3333333333333333,10.413792,2018-07-04,12.6,Oran
2018-07-05 08:30:00,0.0189,1.3541666666666667,12.864096,2018-07-04,12.6,Oran
2018-07-05 09:00:00,0.022500000000000003,1.375,15.314400000000001,2018-07-04,12.6,Oran
2018-07-05 09:30:00,0.027,1.3958333333333333,18.37728,2018-07-04,12.6,Oran
2018-07-05 10:00:00,0.0313,1.4166666666666667,21.304032,2018-07-04,12.6,Oran
2018-07-05 10:30:00,0.0345,1.4375,23.48208,2018-07-04,12.6,Oran
2018-07-05 11:00:00,0.037000000000000005,1.4583333333333333,25.183680000000003,2018-07-04,12.6,Oran
2018-07-05 11:30:00,0.0392,1.4791666666666667,26.681088,2018-07-04,12.6,Oran
2018-07-05 12:00:00,0.0414,1.5,28.178496,2018-07-04,12.6,Oran
2018-07-05 12:30:00,0.042100000000000005,1.5208333333333333,28.654944000000004,2018-07-04,12.6,Oran
2018-07-05 13:00:00,0.0422,1.5416666666666667,28.723008,2018-07-04,12.6,Oran
2018-07-05 13:30:00,0.0408,1.5625,27.770112,2018-07-04,12.6,Oran
2018-07-05 14:00:00,0.0386,1.5833333333333333,26.272704,2018-07-04,12.6,Oran
2018-07-05 14:30:00,0.0358,1.6041666666666667,24.366912,2018-07-04,12.6,Oran
2018-07-05 15:00:00,0.0324,1.625,22.052736,2018-07-04,12.6,Oran
2018-07-05 15:30:00,0.0284,1.6458333333333333,19.330176,2018-07-04,12.6,Oran
2018-07-05 16:00:00,0.024300000000000002,1.6666666666666667,16.539552,2018-07-04,12.6,Oran
2018-07-05 16:30:00,0.02,1.6875,13.6128,2018-07-04,12.6,Oran
2018-07-05 17:00:00,0.0159,1.7083333333333333,10.822176,2018-07-04,12.6,Oran
2018-07-05 17:30:00,0.0119,1.7291666666666667,8.099616000000001,2018-07-04,12.6,Oran
2018-07-05 18:00:00,0.008,1.75,5.44512,2018-07-04,12.6,Oran
2018-07-05 18:30:00,0.0047,1.7708333333333333,3.199008,2018-07-04,12.6,Oran
2018-07-05 19:00:00,0.0008,1.7916666666666667,0.544512,2018-07-04,12.6,Oran
2018-07-05 19:30:00,0.0007,1.8125,0.476448,2018-07-04,12.6,Oran
2018-07-05 20:00:00,0.0006000000000000001,1.8333333333333333,0.408384,2018-07-04,12.6,Oran
2018-07-05 20:30:00,0.0006000000000000001,1.8541666666666667,0.408384,2018-07-04,12.6,Oran
2018-07-05 21:00:00,0.0006000000000000001,1.875,0.408384,2018-07-04,12.6,Oran
2018-07-05 21:30:00,0.0005,1.8958333333333333,0.34032,2018-07-04,12.6,Oran
2018-07-05 22:00:00,0.0005,1.9166666666666667,0.34032,2018-07-04,12.6,Oran
2018-07-05 22:30:00,0.0005,1.9375,0.34032,2018-07-04,12.6,Oran
2018-07-05 23:00:00,0.0005,1.9583333333333333,0.34032,2018-07-04,12.6,Oran
2018-07-05 23:30:00,0.0004,1.9791666666666667,0.272256,2018-07-04,12.6,Oran
2018-07-06 00:00:00,0.00030000000000000003,2.0,0.204192,2018-07-04,12.6,Oran
2018-07-06 00:30:00,0.0002,2.0208333333333335,0.136128,2018-07-04,12.6,Oran
2018-07-06 01:00:00,0.0002,2.0416666666666665,0.136128,2018-07-04,12.6,Oran
2018-07-06 01:30:00,0.0002,2.0625,0.136128,2018-07-04,12.6,Oran
2018-07-06 02:00:00,0.0002,2.0833333333333335,0.136128,2018-07-04,12.6,Oran
2018-07-06 02:30:00,0.0001,2.1041666666666665,0.068064,2018-07-04,12.6,Oran
2018-07-06 03:00:00,0.0001,2.125,0.068064,2018-07-04,12.6,Oran
2018-07-06 03:30:00,0.0001,2.1458333333333335,0.068064,2018-07-04,12.6,Oran
2018-07-06 04:00:00,0.0001,2.1666666666666665,0.068064,2018-07-04,12.6,Oran
2018-07-06 04:30:00,0.0001,2.1875,0.068064,2018-07-04,12.6,Oran
2018-07-06 05:00:00,0.0001,2.2083333333333335,0.068064,2018-07-04,12.6,Oran
2018-07-06 05:30:00,0.0008,2.2291666666666665,0.544512,2018-07-04,12.6,Oran
2018-07-06 06:00:00,0.0018000000000000002,2.25,1.225152,2018-07-04,12.6,Oran
2018-07-06 06:30:00,0.0031000000000000003,2.2708333333333335,2.1099840000000003,2018-07-04,12.6,Oran
2018-07-06 07:00:00,0.0049,2.2916666666666665,3.335136,2018-07-04,12.6,Oran
2018-07-06 07:30:00,0.006900000000000001,2.3125,4.696416,2018-07-04,12.6,Oran
2018-07-06 08:00:00,0.009000000000000001,2.3333333333333335,6.1257600000000005,2018-07-04,12.6,Oran
2018-07-06 08:30:00,0.011300000000000001,2.3541666666666665,7.691232,2018-07-04,12.6,Oran
2018-07-06 09:00:00,0.013600000000000001,2.375,9.256704000000001,2018-07-04,12.6,Oran
2018-07-06 09:30:00,0.015700000000000002,2.3958333333333335,10.686048000000001,2018-07-04,12.6,Oran
2018-07-06 10:00:00,0.0175,2.4166666666666665,11.911200000000001,2018-07-04,12.6,Oran
2018-07-06 10:30:00,0.019200000000000002,2.4375,13.068288,2018-07-04,12.6,Oran
2018-07-06 11:00:00,0.0205,2.4583333333333335,13.95312,2018-07-04,12.6,Oran
2018-07-06 11:30:00,0.0212,2.4791666666666665,14.429568,2018-07-04,12.6,Oran
2018-07-06 12:00:00,0.021400000000000002,2.5,14.565696,2018-07-04,12.6,Oran
2018-07-06 12:30:00,0.0216,2.5208333333333335,14.701824,2018-07-04,12.6,Oran
2018-07-06 13:00:00,0.021400000000000002,2.5416666666666665,14.565696,2018-07-04,12.6,Oran
2018-07-06 13:30:00,0.020900000000000002,2.5625,14.225376,2018-07-04,12.6,Oran
2018-07-06 14:00:00,0.0199,2.5833333333333335,13.544736,2018-07-04,12.6,Oran
2018-07-06 14:30:00,0.018500000000000003,2.6041666666666665,12.591840000000001,2018-07-04,12.6,Oran
2018-07-06 15:00:00,0.0167,2.625,11.366688,2018-07-04,12.6,Oran
2018-07-06 15:30:00,0.014400000000000001,2.6458333333333335,9.801216,2018-07-04,12.6,Oran
2018-07-06 16:00:00,0.012100000000000001,2.6666666666666665,8.235744,2018-07-04,12.6,Oran
2018-07-06 16:30:00,0.0097,2.6875,6.602208,2018-07-04,12.6,Oran
2018-07-06 17:00:00,0.007500000000000001,2.7083333333333335,5.1048,2018-07-04,12.6,Oran
2018-07-06 17:30:00,0.0053,2.7291666666666665,3.607392,2018-07-04,12.6,Oran
2018-07-06 18:00:00,0.0036000000000000003,2.75,2.450304,2018-07-04,12.6,Oran
2018-07-06 18:30:00,0.0021000000000000003,2.7708333333333335,1.4293440000000002,2018-07-04,12.6,Oran
2018-07-06 19:00:00,0.0006000000000000001,2.7916666666666665,0.408384,2018-07-04,12.6,Oran
2018-07-06 19:30:00,0.0005,2.8125,0.34032,2018-07-04,12.6,Oran
2018-07-06 20:00:00,0.0005,2.8333333333333335,0.34032,2018-07-04,12.6,Oran
2018-07-06 20:30:00,0.0004,2.8541666666666665,0.272256,2018-07-04,12.6,Oran
2018-07-06 21:00:00,0.0004,2.875,0.272256,2018-07-04,12.6,Oran
2018-07-06 21:30:00,0.0004,2.8958333333333335,0.272256,2018-07-04,12.6,Oran
2018-07-06 22:00:00,0.00030000000000000003,2.9166666666666665,0.204192,2018-07-04,12.6,Oran
2018-07-06 22:30:00,0.00030000000000000003,2.9375,0.204192,2018-07-04,12.6,Oran
2018-07-06 23:00:00,0.0002,2.9583333333333335,0.136128,2018-07-04,12.6,Oran
2018-07-06 23:30:00,0.0002,2.9791666666666665,0.136128,2018-07-04,12.6,Oran
2018-07-07 00:00:00,0.0001,3.0,0.068064,2018-07-04,12.6,Oran
2018-07-07 00:30:00,0.0001,3.0208333333333335,0.068064,2018-07-04,12.6,Oran
2018-07-07 01:00:00,0.0001,3.0416666666666665,0.068064,2018-07-04,12.6,Oran
2018-07-07 01:30:00,0.0001,3.0625,0.068064,2018-07-04,12.6,Oran
2018-07-07 02:00:00,0.0001,3.0833333333333335,0.068064,2018-07-04,12.6,Oran
2018-07-07 02:30:00,0.0001,3.1041666666666665,0.068064,2018-07-04,12.6,Oran
2018-07-07 03:00:00,0.0001,3.125,0.068064,2018-07-04,12.6,Oran
2018-07-07 03:30:00,0.0001,3.1458333333333335,0.068064,2018-07-04,12.6,Oran
2018-07-07 04:00:00,0.0,3.1666666666666665,0.0,2018-07-04,12.6,Oran
2018-07-07 04:30:00,0.0,3.1875,0.0,2018-07-04,12.6,Oran
2018-07-07 05:00:00,0.0,3.2083333333333335,0.0,2018-07-04,12.6,Oran
2018-07-07 05:30:00,0.0006000000000000001,3.2291666666666665,0.408384,2018-07-04,12.6,Oran
2018-07-07 06:00:00,0.0015,3.25,1.02096,2018-07-04,12.6,Oran
2018-07-07 06:30:00,0.0028,3.2708333333333335,1.905792,2018-07-04,12.6,Oran
2018-07-07 07:00:00,0.0044,3.2916666666666665,2.994816,2018-07-04,12.6,Oran
2018-07-07 07:30:00,0.0064,3.3125,4.356096,2018-07-04,12.6,Oran
2018-07-07 08:00:00,0.008700000000000001,3.3333333333333335,5.921568000000001,2018-07-04,12.6,Oran
2018-07-07 08:30:00,0.0109,3.3541666666666665,7.418976,2018-07-04,12.6,Oran
2018-07-07 09:00:00,0.013600000000000001,3.375,9.256704000000001,2018-07-04,12.6,Oran
2018-07-07 09:30:00,0.015700000000000002,3.3958333333333335,10.686048000000001,2018-07-04,12.6,Oran
2018-07-07 10:00:00,0.0184,3.4166666666666665,12.523776,2018-07-04,12.6,Oran
2018-07-07 10:30:00,0.019100000000000002,3.4375,13.000224000000001,2018-07-04,12.6,Oran
2018-07-07 11:00:00,0.0194,3.4583333333333335,13.204416,2018-07-04,12.6,Oran
2018-07-07 11:30:00,0.02,3.4791666666666665,13.6128,2018-07-04,12.6,Oran
2018-07-07 12:00:00,0.020200000000000003,3.5,13.748928000000001,2018-07-04,12.6,Oran
2018-07-07 12:30:00,0.0211,3.5208333333333335,14.361504,2018-07-04,12.6,Oran
2018-07-07 13:00:00,0.0181,3.5416666666666665,12.319584,2018-07-04,12.6,Oran
2018-07-07 13:30:00,0.0189,3.5625,12.864096,2018-07-04,12.6,Oran
2018-07-07 14:00:00,0.0132,3.5833333333333335,8.984448,2018-07-04,12.6,Oran
2018-07-07 14:30:00,0.0201,3.6041666666666665,13.680864,2018-07-04,12.6,Oran
2018-07-07 15:00:00,0.0175,3.625,11.911200000000001,2018-07-04,12.6,Oran
2018-07-07 15:30:00,0.0155,3.6458333333333335,10.54992,2018-07-04,12.6,Oran
2018-07-07 16:00:00,0.013300000000000001,3.6666666666666665,9.052512,2018-07-04,12.6,Oran
2018-07-07 16:30:00,0.0105,3.6875,7.14672,2018-07-04,12.6,Oran
2018-07-07 17:00:00,0.008,3.7083333333333335,5.44512,2018-07-04,12.6,Oran
2018-07-07 17:30:00,0.0055000000000000005,3.7291666666666665,3.74352,2018-07-04,12.6,Oran
2018-07-07 18:00:00,0.0035,3.75,2.38224,2018-07-04,12.6,Oran
2018-07-07 18:30:00,0.002,3.7708333333333335,1.36128,2018-07-04,12.6,Oran
2018-07-07 19:00:00,0.0005,3.7916666666666665,0.34032,2018-07-04,12.6,Oran
2018-07-07 19:30:00,0.0005,3.8125,0.34032,2018-07-04,12.6,Oran
2018-07-07 20:00:00,0.0004,3.8333333333333335,0.272256,2018-07-04,12.6,Oran
2018-07-07 20:30:00,0.0004,3.8541666666666665,0.272256,2018-07-04,12.6,Oran
2018-07-07 21:00:00,0.00030000000000000003,3.875,0.204192,2018-07-04,12.6,Oran
2018-07-07 21:30:00,0.0002,3.8958333333333335,0.136128,2018-07-04,12.6,Oran
2018-07-07 22:00:00,0.0001,3.9166666666666665,0.068064,2018-07-04,12.6,Oran
2018-07-07 22:30:00,0.0001,3.9375,0.068064,2018-07-04,12.6,Oran
2018-07-07 23:00:00,0.0001,3.9583333333333335,0.068064,2018-07-04,12.6,Oran
2018-07-07 23:30:00,0.0001,3.9791666666666665,0.068064,2018-07-04,12.6,Oran
2018-07-08 00:00:00,0.0001,4.0,0.068064,2018-07-04,12.6,Oran
2018-07-08 00:30:00,0.0001,4.020833333333333,0.068064,2018-07-04,12.6,Oran
2018-07-08 01:00:00,0.0001,4.041666666666667,0.068064,2018-07-04,12.6,Oran
2018-07-08 01:30:00,0.0,4.0625,0.0,2018-07-04,12.6,Oran
2018-07-08 02:00:00,0.0,4.083333333333333,0.0,2018-07-04,12.6,Oran
2018-07-08 02:30:00,0.0,4.104166666666667,0.0,2018-07-04,12.6,Oran
2018-07-08 03:00:00,0.0,4.125,0.0,2018-07-04,12.6,Oran
2018-07-08 03:30:00,0.0,4.145833333333333,0.0,2018-07-04,12.6,Oran
2018-07-08 04:00:00,0.0,4.166666666666667,0.0,2018-07-04,12.6,Oran
2018-07-08 04:30:00,0.0,4.1875,0.0,2018-07-04,12.6,Oran
2018-07-08 05:00:00,0.0,4.208333333333333,0.0,2018-07-04,12.6,Oran
2018-07-08 05:30:00,0.0005,4.229166666666667,0.34032,2018-07-04,12.6,Oran
2018-07-08 06:00:00,0.0013000000000000002,4.25,0.8848320000000001,2018-07-04,12.6,Oran
2018-07-08 06:30:00,0.0026000000000000003,4.270833333333333,1.7696640000000001,2018-07-04,12.6,Oran
2018-07-08 07:00:00,0.0045000000000000005,4.291666666666667,3.0628800000000003,2018-07-04,12.6,Oran
2018-07-08 07:30:00,0.0071,4.3125,4.832544,2018-07-04,12.6,Oran
2018-07-08 08:00:00,0.0102,4.333333333333333,6.942528,2018-07-04,12.6,Oran
2018-07-08 08:30:00,0.0132,4.354166666666667,8.984448,2018-07-04,12.6,Oran
2018-07-08 09:00:00,0.0159,4.375,10.822176,2018-07-04,12.6,Oran
2018-07-08 09:30:00,0.0199,4.395833333333333,13.544736,2018-07-04,12.6,Oran
2018-07-08 10:00:00,0.0236,4.416666666666667,16.063104,2018-07-04,12.6,Oran
2018-07-08 10:30:00,0.026500000000000003,4.4375,18.03696,2018-07-04,12.6,Oran
2018-07-08 11:00:00,0.0285,4.458333333333333,19.39824,2018-07-04,12.6,Oran
2018-07-08 11:30:00,0.0292,4.479166666666667,19.874688,2018-07-04,12.6,Oran
2018-07-08 12:00:00,0.028900000000000002,4.5,19.670496,2018-07-04,12.6,Oran
2018-07-08 12:30:00,0.028900000000000002,4.520833333333333,19.670496,2018-07-04,12.6,Oran
2018-07-08 13:00:00,0.028200000000000003,4.541666666666667,19.194048000000002,2018-07-04,12.6,Oran
2018-07-08 13:30:00,0.027,4.5625,18.37728,2018-07-04,12.6,Oran
2018-07-08 14:00:00,0.025400000000000002,4.583333333333333,17.288256,2018-07-04,12.6,Oran
2018-07-08 14:30:00,0.023100000000000002,4.604166666666667,15.722784,2018-07-04,12.6,Oran
2018-07-08 15:00:00,0.0205,4.625,13.95312,2018-07-04,12.6,Oran
2018-07-08 15:30:00,0.0177,4.645833333333333,12.047328,2018-07-04,12.6,Oran
2018-07-08 16:00:00,0.0148,4.666666666666667,10.073472,2018-07-04,12.6,Oran
2018-07-08 16:30:00,0.0114,4.6875,7.759296,2018-07-04,12.6,Oran
2018-07-08 17:00:00,0.008400000000000001,4.708333333333333,5.717376000000001,2018-07-04,12.6,Oran
2018-07-08 17:30:00,0.0058000000000000005,4.729166666666667,3.947712,2018-07-04,12.6,Oran
2018-07-08 18:00:00,0.0037,4.75,2.518368,2018-07-04,12.6,Oran
2018-07-08 18:30:00,0.0021000000000000003,4.770833333333333,1.4293440000000002,2018-07-04,12.6,Oran
2018-07-08 19:00:00,0.0006000000000000001,4.791666666666667,0.408384,2018-07-04,12.6,Oran
2018-07-08 19:30:00,0.0006000000000000001,4.8125,0.408384,2018-07-04,12.6,Oran
2018-07-08 20:00:00,0.0004,4.833333333333333,0.272256,2018-07-04,12.6,Oran
2018-07-08 20:30:00,0.0005,4.854166666666667,0.34032,2018-07-04,12.6,Oran
2018-07-08 21:00:00,0.00030000000000000003,4.875,0.204192,2018-07-04,12.6,Oran
2018-07-08 21:30:00,0.00030000000000000003,4.895833333333333,0.204192,2018-07-04,12.6,Oran
2018-07-08 22:00:00,0.0002,4.916666666666667,0.136128,2018-07-04,12.6,Oran
2018-07-08 22:30:00,0.0002,4.9375,0.136128,2018-07-04,12.6,Oran
2018-07-08 23:00:00,0.0002,4.958333333333333,0.136128,2018-07-04,12.6,Oran
2018-07-08 23:30:00,0.0002,4.979166666666667,0.136128,2018-07-04,12.6,Oran
2018-07-09 00:00:00,0.0002,5.0,0.136128,2018-07-04,12.6,Oran
2018-07-09 00:30:00,0.0001,5.020833333333333,0.068064,2018-07-04,12.6,Oran
2018-07-09 01:00:00,0.0001,5.041666666666667,0.068064,2018-07-04,12.6,Oran
2018-07-09 01:30:00,0.0001,5.0625,0.068064,2018-07-04,12.6,Oran
2018-07-09 02:00:00,0.0001,5.083333333333333,0.068064,2018-07-04,12.6,Oran
2018-07-09 02:30:00,0.0001,5.104166666666667,0.068064,2018-07-04,12.6,Oran
2018-07-09 03:00:00,0.0001,5.125,0.068064,2018-07-04,12.6,Oran
2018-07-09 03:30:00,0.0001,5.145833333333333,0.068064,2018-07-04,12.6,Oran
2018-07-09 04:00:00,0.0001,5.166666666666667,0.068064,2018-07-04,12.6,Oran
2018-07-09 04:30:00,0.0001,5.1875,0.068064,2018-07-04,12.6,Oran
2018-07-09 05:00:00,0.0001,5.208333333333333,0.068064,2018-07-04,12.6,Oran
2018-07-09 05:30:00,0.0007,5.229166666666667,0.476448,2018-07-04,12.6,Oran
2018-07-09 06:00:00,0.0017000000000000001,5.25,1.1570880000000001,2018-07-04,12.6,Oran
2018-07-09 06:30:00,0.0032,5.270833333333333,2.178048,2018-07-04,12.6,Oran
2018-07-09 07:00:00,0.0053,5.291666666666667,3.607392,2018-07-04,12.6,Oran
2018-07-09 07:30:00,0.0079,5.3125,5.3770560000000005,2018-07-04,12.6,Oran
2018-07-09 08:00:00,0.0111,5.333333333333333,7.555104,2018-07-04,12.6,Oran
2018-07-09 08:30:00,0.0145,5.354166666666667,9.86928,2018-07-04,12.6,Oran
2018-07-09 09:00:00,0.0184,5.375,12.523776,2018-07-04,12.6,Oran
2018-07-09 09:30:00,0.0222,5.395833333333333,15.110208,2018-07-04,12.6,Oran
2018-07-09 10:00:00,0.026000000000000002,5.416666666666667,17.696640000000002,2018-07-04,12.6,Oran
2018-07-09 10:30:00,0.029,5.4375,19.73856,2018-07-04,12.6,Oran
2018-07-09 11:00:00,0.0315,5.458333333333333,21.44016,2018-07-04,12.6,Oran
2018-07-09 11:30:00,0.0342,5.479166666666667,23.277888,2018-07-04,12.6,Oran
2018-07-09 12:00:00,0.0346,5.5,23.550144,2018-07-04,12.6,Oran
2018-07-09 12:30:00,0.0359,5.520833333333333,24.434976,2018-07-04,12.6,Oran
2018-07-09 13:00:00,0.0347,5.541666666666667,23.618208,2018-07-04,12.6,Oran
2018-07-09 13:30:00,0.034300000000000004,5.5625,23.345952000000004,2018-07-04,12.6,Oran
2018-07-09 14:00:00,0.0324,5.583333333333333,22.052736,2018-07-04,12.6,Oran
2018-07-09 14:30:00,0.0296,5.604166666666667,20.146944,2018-07-04,12.6,Oran
2018-07-09 15:00:00,0.0257,5.625,17.492448,2018-07-04,12.6,Oran
2018-07-09 15:30:00,0.0221,5.645833333333333,15.042144,2018-07-04,12.6,Oran
2018-07-09 16:00:00,0.018500000000000003,5.666666666666667,12.591840000000001,2018-07-04,12.6,Oran
2018-07-09 16:30:00,0.014700000000000001,5.6875,10.005408000000001,2018-07-04,12.6,Oran
2018-07-09 17:00:00,0.0112,5.708333333333333,7.623168,2018-07-04,12.6,Oran
2018-07-09 17:30:00,0.0079,5.729166666666667,5.3770560000000005,2018-07-04,12.6,Oran
2018-07-09 18:00:00,0.0051,5.75,3.471264,2018-07-04,12.6,Oran
2018-07-09 18:30:00,0.0029000000000000002,5.770833333333333,1.973856,2018-07-04,12.6,Oran
2018-07-09 19:00:00,0.0007,5.791666666666667,0.476448,2018-07-04,12.6,Oran
2018-07-09 19:30:00,0.0007,5.8125,0.476448,2018-07-04,12.6,Oran
2018-07-09 20:00:00,0.0006000000000000001,5.833333333333333,0.408384,2018-07-04,12.6,Oran
2018-07-09 20:30:00,0.0005,5.854166666666667,0.34032,2018-07-04,12.6,Oran
2018-07-09 21:00:00,0.0004,5.875,0.272256,2018-07-04,12.6,Oran
2018-07-09 21:30:00,0.0004,5.895833333333333,0.272256,2018-07-04,12.6,Oran
2018-07-09 22:00:00,0.0004,5.916666666666667,0.272256,2018-07-04,12.6,Oran
2018-07-09 22:30:00,0.0004,5.9375,0.272256,2018-07-04,12.6,Oran
2018-07-09 23:00:00,0.00030000000000000003,5.958333333333333,0.204192,2018-07-04,12.6,Oran
2018-07-09 23:30:00,0.00030000000000000003,5.979166666666667,0.204192,2018-07-04,12.6,Oran
2018-07-10 00:00:00,0.00030000000000000003,6.0,0.204192,2018-07-04,12.6,Oran
2018-07-10 00:30:00,0.00030000000000000003,6.020833333333333,0.204192,2018-07-04,12.6,Oran
2018-07-10 01:00:00,0.00030000000000000003,6.041666666666667,0.204192,2018-07-04,12.6,Oran
2018-07-10 01:30:00,0.0002,6.0625,0.136128,2018-07-04,12.6,Oran
2018-07-10 02:00:00,0.0002,6.083333333333333,0.136128,2018-07-04,12.6,Oran
2018-07-10 02:30:00,0.0002,6.104166666666667,0.136128,2018-07-04,12.6,Oran
2018-07-10 03:00:00,0.0002,6.125,0.136128,2018-07-04,12.6,Oran
2018-07-10 03:30:00,0.0002,6.145833333333333,0.136128,2018-07-04,12.6,Oran
2018-07-10 04:00:00,0.0002,6.166666666666667,0.136128,2018-07-04,12.6,Oran
2018-07-10 04:30:00,0.0002,6.1875,0.136128,2018-07-04,12.6,Oran
2018-07-10 05:00:00,0.0002,6.208333333333333,0.136128,2018-07-04,12.6,Oran
2018-07-10 05:30:00,0.001,6.229166666666667,0.68064,2018-07-04,12.6,Oran
2018-07-10 06:00:00,0.002,6.25,1.36128,2018-07-04,12.6,Oran
2018-07-10 06:30:00,0.0036000000000000003,6.270833333333333,2.450304,2018-07-04,12.6,Oran
2018-07-10 07:00:00,0.0058000000000000005,6.291666666666667,3.947712,2018-07-04,12.6,Oran
2018-07-10 07:30:00,0.0085,6.3125,5.78544,2018-07-04,12.6,Oran
2018-07-10 08:00:00,0.0117,6.333333333333333,7.963488,2018-07-04,12.6,Oran
2018-07-10 08:30:00,0.0151,6.354166666666667,10.277664,2018-07-04,12.6,Oran
2018-07-10 09:00:00,0.0188,6.375,12.796032,2018-07-04,12.6,Oran
2018-07-10 09:30:00,0.0227,6.395833333333333,15.450528,2018-07-04,12.6,Oran
2018-07-10 10:00:00,0.026500000000000003,6.416666666666667,18.03696,2018-07-04,12.6,Oran
2018-07-10 10:30:00,0.029300000000000003,6.4375,19.942752000000002,2018-07-04,12.6,Oran
2018-07-10 11:00:00,0.0303,6.458333333333333,20.623392,2018-07-04,12.6,Oran
2018-07-10 11:30:00,0.0304,6.479166666666667,20.691456,2018-07-04,12.6,Oran
2018-07-10 12:00:00,0.0302,6.5,20.555328,2018-07-04,12.6,Oran
2018-07-10 12:30:00,0.0302,6.520833333333333,20.555328,2018-07-04,12.6,Oran
2018-07-10 13:00:00,0.0298,6.541666666666667,20.283072,2018-07-04,12.6,Oran
2018-07-10 13:30:00,0.028800000000000003,6.5625,19.602432,2018-07-04,12.6,Oran
2018-07-10 14:00:00,0.0273,6.583333333333333,18.581472,2018-07-04,12.6,Oran
2018-07-10 14:30:00,0.024900000000000002,6.604166666666667,16.947936000000002,2018-07-04,12.6,Oran
2018-07-10 15:00:00,0.0221,6.625,15.042144,2018-07-04,12.6,Oran
2018-07-10 15:30:00,0.0193,6.645833333333333,13.136352,2018-07-04,12.6,Oran
2018-07-10 16:00:00,0.0164,6.666666666666667,11.162496,2018-07-04,12.6,Oran
2018-07-10 16:30:00,0.0135,6.6875,9.18864,2018-07-04,12.6,Oran
2018-07-10 17:00:00,0.011000000000000001,6.708333333333333,7.48704,2018-07-04,12.6,Oran
2018-07-10 17:30:00,0.0074,6.729166666666667,5.036736,2018-07-04,12.6,Oran
2018-07-10 18:00:00,0.0027,6.75,1.837728,2018-07-04,12.6,Oran
2018-07-10 18:30:00,0.001,6.770833333333333,0.68064,2018-07-04,12.6,Oran
2018-07-10 19:00:00,0.0009000000000000001,6.791666666666667,0.612576,2018-07-04,12.6,Oran
2018-07-10 19:30:00,0.0008,6.8125,0.544512,2018-07-04,12.6,Oran
2018-07-10 20:00:00,0.0007,6.833333333333333,0.476448,2018-07-04,12.6,Oran
2018-07-10 20:30:00,0.0007,6.854166666666667,0.476448,2018-07-04,12.6,Oran
2018-07-10 21:00:00,0.0006000000000000001,6.875,0.408384,2018-07-04,12.6,Oran
2018-07-10 21:30:00,0.0004,6.895833333333333,0.272256,2018-07-04,12.6,Oran
2018-07-10 22:00:00,0.0004,6.916666666666667,0.272256,2018-07-04,12.6,Oran
2018-07-10 22:30:00,0.0004,6.9375,0.272256,2018-07-04,12.6,Oran
2018-07-10 23:00:00,0.00030000000000000003,6.958333333333333,0.204192,2018-07-04,12.6,Oran
2018-07-11 03:30:00,0.00030000000000000003,7.145833333333333,0.204192,2018-07-04,12.6,Oran
2018-07-11 04:00:00,0.00030000000000000003,7.166666666666667,0.204192,2018-07-04,12.6,Oran
2018-07-11 04:30:00,0.0002,7.1875,0.136128,2018-07-04,12.6,Oran
2018-07-11 05:00:00,0.0002,7.208333333333333,0.136128,2018-07-04,12.6,Oran
2018-07-11 05:30:00,0.001,7.229166666666667,0.68064,2018-07-04,12.6,Oran
2018-07-11 06:00:00,0.002,7.25,1.36128,2018-07-04,12.6,Oran
2018-07-11 06:30:00,0.0034000000000000002,7.270833333333333,2.3141760000000002,2018-07-04,12.6,Oran
2018-07-11 07:00:00,0.005200000000000001,7.291666666666667,3.5393280000000003,2018-07-04,12.6,Oran
2018-07-11 07:30:00,0.008,7.3125,5.44512,2018-07-04,12.6,Oran
2018-07-11 08:30:00,0.0146,7.354166666666667,9.937344,2018-07-04,12.6,Oran
2018-07-11 09:00:00,0.0182,7.375,12.387648,2018-07-04,12.6,Oran
2018-07-11 09:30:00,0.0217,7.395833333333333,14.769888,2018-07-04,12.6,Oran
2018-07-11 10:00:00,0.020200000000000003,7.416666666666667,13.748928000000001,2018-07-04,12.6,Oran
2018-07-11 10:30:00,0.029300000000000003,7.4375,19.942752000000002,2018-07-04,12.6,Oran
2018-07-11 11:00:00,0.028,7.458333333333333,19.05792,2018-07-04,12.6,Oran
2018-07-11 11:30:00,0.031100000000000003,7.479166666666667,21.167904,2018-07-04,12.6,Oran
2018-07-11 12:00:00,0.029400000000000003,7.5,20.010816000000002,2018-07-04,12.6,Oran
2018-07-11 12:30:00,0.028800000000000003,7.520833333333333,19.602432,2018-07-04,12.6,Oran
2018-07-11 13:00:00,0.027200000000000002,7.541666666666667,18.513408000000002,2018-07-04,12.6,Oran
2018-07-11 13:30:00,0.0258,7.5625,17.560512,2018-07-04,12.6,Oran
2018-07-11 14:00:00,0.0027,7.583333333333333,1.837728,2018-07-04,12.6,Oran
2018-07-11 14:30:00,0.0044,7.604166666666667,2.994816,2018-07-04,12.6,Oran
2018-07-11 15:00:00,0.007200000000000001,7.625,4.900608,2018-07-04,12.6,Oran
2018-07-11 15:30:00,0.012100000000000001,7.645833333333333,8.235744,2018-07-04,12.6,Oran
2018-07-11 16:00:00,0.0143,7.666666666666667,9.733152,2018-07-04,12.6,Oran
2018-07-11 16:30:00,0.0118,7.6875,8.031552,2018-07-04,12.6,Oran
2018-07-11 17:00:00,0.0097,7.708333333333333,6.602208,2018-07-04,12.6,Oran
2018-07-11 17:30:00,0.0074,7.729166666666667,5.036736,2018-07-04,12.6,Oran
2018-07-11 18:00:00,0.005200000000000001,7.75,3.5393280000000003,2018-07-04,12.6,Oran
2018-07-11 18:30:00,0.0031000000000000003,7.770833333333333,2.1099840000000003,2018-07-04,12.6,Oran
2018-07-11 19:00:00,0.0008,7.791666666666667,0.544512,2018-07-04,12.6,Oran
2018-07-11 19:30:00,0.0007,7.8125,0.476448,2018-07-04,12.6,Oran
2018-07-11 20:00:00,0.0007,7.833333333333333,0.476448,2018-07-04,12.6,Oran
2018-07-11 20:30:00,0.0006000000000000001,7.854166666666667,0.408384,2018-07-04,12.6,Oran
2018-07-11 21:00:00,0.0005,7.875,0.34032,2018-07-04,12.6,Oran
2018-07-11 21:30:00,0.0005,7.895833333333333,0.34032,2018-07-04,12.6,Oran
2018-07-11 22:00:00,0.0004,7.916666666666667,0.272256,2018-07-04,12.6,Oran
2018-07-11 22:30:00,0.0004,7.9375,0.272256,2018-07-04,12.6,Oran
2018-07-11 23:00:00,0.0004,7.958333333333333,0.272256,2018-07-04,12.6,Oran
2018-07-11 23:30:00,0.0004,7.979166666666667,0.272256,2018-07-04,12.6,Oran
2018-07-12 00:00:00,0.0004,8.0,0.272256,2018-07-04,12.6,Oran
2018-07-12 00:30:00,0.0004,8.020833333333334,0.272256,2018-07-04,12.6,Oran
2018-07-12 01:00:00,0.0004,8.041666666666666,0.272256,2018-07-04,12.6,Oran
2018-07-12 01:30:00,0.00030000000000000003,8.0625,0.204192,2018-07-04,12.6,Oran
2018-07-12 02:00:00,0.00030000000000000003,8.083333333333334,0.204192,2018-07-04,12.6,Oran
2018-07-12 02:30:00,0.00030000000000000003,8.104166666666666,0.204192,2018-07-04,12.6,Oran
2018-07-12 03:00:00,0.00030000000000000003,8.125,0.204192,2018-07-04,12.6,Oran
2018-07-12 03:30:00,0.0002,8.145833333333334,0.136128,2018-07-04,12.6,Oran
2018-07-12 04:00:00,0.0002,8.166666666666666,0.136128,2018-07-04,12.6,Oran
2018-07-12 04:30:00,0.0002,8.1875,0.136128,2018-07-04,12.6,Oran
2018-07-12 05:00:00,0.0002,8.208333333333334,0.136128,2018-07-04,12.6,Oran
2018-07-12 05:30:00,0.0008,8.229166666666666,0.544512,2018-07-04,12.6,Oran
2018-07-12 06:00:00,0.0018000000000000002,8.25,1.225152,2018-07-04,12.6,Oran
2018-07-12 06:30:00,0.0032,8.270833333333334,2.178048,2018-07-04,12.6,Oran
2018-07-12 07:00:00,0.0051,8.291666666666666,3.471264,2018-07-04,12.6,Oran
2018-07-12 07:30:00,0.007500000000000001,8.3125,5.1048,2018-07-04,12.6,Oran
2018-07-12 08:00:00,0.0103,8.333333333333334,7.010592,2018-07-04,12.6,Oran
2018-07-12 08:30:00,0.0134,8.354166666666666,9.120576,2018-07-04,12.6,Oran
2018-07-12 09:00:00,0.0166,8.375,11.298624,2018-07-04,12.6,Oran
2018-07-12 09:30:00,0.02,8.395833333333334,13.6128,2018-07-04,12.6,Oran
2018-07-12 10:00:00,0.023200000000000002,8.416666666666666,15.790848,2018-07-04,12.6,Oran
2018-07-12 10:30:00,0.0262,8.4375,17.832768,2018-07-04,12.6,Oran
2018-07-12 11:00:00,0.0287,8.458333333333334,19.534368,2018-07-04,12.6,Oran
2018-07-12 11:30:00,0.0307,8.479166666666666,20.895648,2018-07-04,12.6,Oran
2018-07-12 12:00:00,0.033100000000000004,8.5,22.529184000000004,2018-07-04,12.6,Oran
2018-07-12 12:30:00,0.031900000000000005,8.520833333333334,21.712416,2018-07-04,12.6,Oran
2018-07-12 13:00:00,0.0316,8.541666666666666,21.508224000000002,2018-07-04,12.6,Oran
2018-07-12 14:30:00,0.0262,8.604166666666666,17.832768,2018-07-04,12.6,Oran
2018-07-12 15:00:00,0.0234,8.625,15.926976,2018-07-04,12.6,Oran
2018-07-12 15:30:00,0.02,8.645833333333334,13.6128,2018-07-04,12.6,Oran
2018-07-12 16:00:00,0.0166,8.666666666666666,11.298624,2018-07-04,12.6,Oran
2018-07-12 16:30:00,0.0131,8.6875,8.916384,2018-07-04,12.6,Oran
2018-07-12 17:00:00,0.0099,8.708333333333334,6.738336,2018-07-04,12.6,Oran
2018-07-12 17:30:00,0.006900000000000001,8.729166666666666,4.696416,2018-07-04,12.6,Oran
2018-07-12 18:00:00,0.004200000000000001,8.75,2.8586880000000003,2018-07-04,12.6,Oran
2018-07-12 18:30:00,0.0022,8.770833333333334,1.497408,2018-07-04,12.6,Oran
2018-07-12 19:00:00,0.0005,8.791666666666666,0.34032,2018-07-04,12.6,Oran
2018-07-12 19:30:00,0.0004,8.8125,0.272256,2018-07-04,12.6,Oran
2018-07-12 20:00:00,0.0004,8.833333333333334,0.272256,2018-07-04,12.6,Oran
2018-07-12 20:30:00,0.00030000000000000003,8.854166666666666,0.204192,2018-07-04,12.6,Oran
2018-07-12 21:00:00,0.0002,8.875,0.136128,2018-07-04,12.6,Oran
2018-07-12 21:30:00,0.0001,8.895833333333334,0.068064,2018-07-04,12.6,Oran
2018-07-12 22:00:00,0.0001,8.916666666666666,0.068064,2018-07-04,12.6,Oran
2018-07-12 22:30:00,0.0001,8.9375,0.068064,2018-07-04,12.6,Oran
2018-07-12 23:00:00,0.0,8.958333333333334,0.0,2018-07-04,12.6,Oran
2018-07-12 23:30:00,0.0001,8.979166666666666,0.068064,2018-07-04,12.6,Oran
2018-07-13 00:00:00,0.0001,9.0,0.068064,2018-07-04,12.6,Oran
2018-07-13 00:30:00,0.0001,9.020833333333334,0.068064,2018-07-04,12.6,Oran
2018-07-13 01:00:00,0.0,9.041666666666666,0.0,2018-07-04,12.6,Oran
2018-07-13 01:30:00,0.0,9.0625,0.0,2018-07-04,12.6,Oran
2018-07-13 02:00:00,0.0,9.083333333333334,0.0,2018-07-04,12.6,Oran
2018-07-13 02:30:00,0.0,9.104166666666666,0.0,2018-07-04,12.6,Oran
2018-07-13 03:00:00,0.0,9.125,0.0,2018-07-04,12.6,Oran
2018-07-13 03:30:00,0.0,9.145833333333334,0.0,2018-07-04,12.6,Oran
2018-07-13 04:00:00,0.0,9.166666666666666,0.0,2018-07-04,12.6,Oran
2018-07-13 04:30:00,0.0,9.1875,0.0,2018-07-04,12.6,Oran
2018-07-13 05:00:00,0.0,9.208333333333334,0.0,2018-07-04,12.6,Oran
2018-07-13 05:30:00,0.0002,9.229166666666666,0.136128,2018-07-04,12.6,Oran
2018-07-13 06:00:00,0.0009000000000000001,9.25,0.612576,2018-07-04,12.6,Oran
2018-07-13 06:30:00,0.0016,9.270833333333334,1.089024,2018-07-04,12.6,Oran
2018-07-13 07:00:00,0.0033,9.291666666666666,2.246112,2018-07-04,12.6,Oran
2018-07-13 07:30:00,0.0053,9.3125,3.607392,2018-07-04,12.6,Oran
2018-07-13 08:00:00,0.0077,9.333333333333334,5.240928,2018-07-04,12.6,Oran
2018-07-13 08:30:00,0.0103,9.354166666666666,7.010592,2018-07-04,12.6,Oran
2018-07-13 09:00:00,0.0129,9.375,8.780256,2018-07-04,12.6,Oran
2018-07-13 09:30:00,0.0149,9.395833333333334,10.141536,2018-07-04,12.6,Oran
2018-07-13 10:00:00,0.0166,9.416666666666666,11.298624,2018-07-04,12.6,Oran
2018-07-13 10:30:00,0.018600000000000002,9.4375,12.659904000000001,2018-07-04,12.6,Oran
2018-07-13 11:00:00,0.020300000000000002,9.458333333333334,13.816992,2018-07-04,12.6,Oran
2018-07-13 11:30:00,0.0219,9.479166666666666,14.906016,2018-07-04,12.6,Oran
2018-07-13 12:00:00,0.0236,9.5,16.063104,2018-07-04,12.6,Oran
2018-07-13 12:30:00,0.0238,9.520833333333334,16.199232000000002,2018-07-04,12.6,Oran
2018-07-13 13:00:00,0.0236,9.541666666666666,16.063104,2018-07-04,12.6,Oran
2018-07-13 13:30:00,0.0224,9.5625,15.246336,2018-07-04,12.6,Oran
2018-07-13 14:00:00,0.020900000000000002,9.583333333333334,14.225376,2018-07-04,12.6,Oran
2018-07-13 14:30:00,0.019100000000000002,9.604166666666666,13.000224000000001,2018-07-04,12.6,Oran
2018-07-13 15:00:00,0.0171,9.625,11.638944,2018-07-04,12.6,Oran
2018-07-13 15:30:00,0.0145,9.645833333333334,9.86928,2018-07-04,12.6,Oran
2018-07-13 16:00:00,0.0119,9.666666666666666,8.099616000000001,2018-07-04,12.6,Oran
2018-07-13 16:30:00,0.009300000000000001,9.6875,6.3299520000000005,2018-07-04,12.6,Oran
2018-07-13 17:00:00,0.007,9.708333333333334,4.76448,2018-07-04,12.6,Oran
2018-07-13 17:30:00,0.0051,9.729166666666666,3.471264,2018-07-04,12.6,Oran
2018-07-13 18:00:00,0.0034000000000000002,9.75,2.3141760000000002,2018-07-04,12.6,Oran
2018-07-13 18:30:00,0.0019,9.770833333333334,1.293216,2018-07-04,12.6,Oran
2018-07-13 19:00:00,0.0005,9.791666666666666,0.34032,2018-07-04,12.6,Oran
2018-07-13 19:30:00,0.0005,9.8125,0.34032,2018-07-04,12.6,Oran
2018-07-13 20:00:00,0.0005,9.833333333333334,0.34032,2018-07-04,12.6,Oran
2018-07-13 20:30:00,0.0004,9.854166666666666,0.272256,2018-07-04,12.6,Oran
2018-07-13 21:00:00,0.00030000000000000003,9.875,0.204192,2018-07-04,12.6,Oran
2018-07-13 21:30:00,0.0002,9.895833333333334,0.136128,2018-07-04,12.6,Oran
2018-07-13 22:00:00,0.0002,9.916666666666666,0.136128,2018-07-04,12.6,Oran
2018-07-13 22:30:00,0.0001,9.9375,0.068064,2018-07-04,12.6,Oran
2018-07-13 23:00:00,0.0001,9.958333333333334,0.068064,2018-07-04,12.6,Oran
2018-07-13 23:30:00,0.0001,9.979166666666666,0.068064,2018-07-04,12.6,Oran
2018-08-03 00:00:00,0.0001,0.0,0.068064,2018-08-03,4.2,Oran
2018-08-03 00:30:00,0.0001,0.020833333333333332,0.068064,2018-08-03,4.2,Oran
2018-08-03 01:00:00,0.0001,0.041666666666666664,0.068064,2018-08-03,4.2,Oran
2018-08-03 01:30:00,0.0001,0.0625,0.068064,2018-08-03,4.2,Oran
2018-08-03 02:00:00,0.0001,0.08333333333333333,0.068064,2018-08-03,4.2,Oran
2018-08-03 02:30:00,0.0,0.10416666666666667,0.0,2018-08-03,4.2,Oran
2018-08-03 03:00:00,0.0,0.125,0.0,2018-08-03,4.2,Oran
2018-08-03 03:30:00,0.0,0.14583333333333334,0.0,2018-08-03,4.2,Oran
2018-08-03 04:00:00,0.0,0.16666666666666666,0.0,2018-08-03,4.2,Oran
2018-08-03 04:30:00,0.0,0.1875,0.0,2018-08-03,4.2,Oran
2018-08-03 05:00:00,0.0,0.20833333333333334,0.0,2018-08-03,4.2,Oran
2018-08-03 05:30:00,0.0,0.22916666666666666,0.0,2018-08-03,4.2,Oran
2018-08-03 06:00:00,0.0001,0.25,0.068064,2018-08-03,4.2,Oran
2018-08-03 06:30:00,0.00030000000000000003,0.2708333333333333,0.204192,2018-08-03,4.2,Oran
2018-08-03 07:00:00,0.0004,0.2916666666666667,0.272256,2018-08-03,4.2,Oran
2018-08-03 07:30:00,0.0005,0.3125,0.34032,2018-08-03,4.2,Oran
2018-08-03 08:00:00,0.0007,0.3333333333333333,0.476448,2018-08-03,4.2,Oran
2018-08-03 08:30:00,0.0009000000000000001,0.3541666666666667,0.612576,2018-08-03,4.2,Oran
2018-08-03 09:00:00,0.0012000000000000001,0.375,0.816768,2018-08-03,4.2,Oran
2018-08-03 09:30:00,0.0014,0.3958333333333333,0.952896,2018-08-03,4.2,Oran
2018-08-03 10:00:00,0.0015,0.4166666666666667,1.02096,2018-08-03,4.2,Oran
2018-08-03 10:30:00,0.0016,0.4375,1.089024,2018-08-03,4.2,Oran
2018-08-03 11:00:00,0.0016,0.4583333333333333,1.089024,2018-08-03,4.2,Oran
2018-08-03 11:30:00,0.0017000000000000001,0.4791666666666667,1.1570880000000001,2018-08-03,4.2,Oran
2018-08-03 12:00:00,0.0017000000000000001,0.5,1.1570880000000001,2018-08-03,4.2,Oran
2018-08-03 12:30:00,0.0016,0.5208333333333334,1.089024,2018-08-03,4.2,Oran
2018-08-03 13:00:00,0.0016,0.5416666666666666,1.089024,2018-08-03,4.2,Oran
2018-08-03 13:30:00,0.0016,0.5625,1.089024,2018-08-03,4.2,Oran
2018-08-03 14:00:00,0.0015,0.5833333333333334,1.02096,2018-08-03,4.2,Oran
2018-08-03 14:30:00,0.0015,0.6041666666666666,1.02096,2018-08-03,4.2,Oran
2018-08-03 15:00:00,0.0014,0.625,0.952896,2018-08-03,4.2,Oran
2018-08-03 15:30:00,0.0013000000000000002,0.6458333333333334,0.8848320000000001,2018-08-03,4.2,Oran
2018-08-03 16:00:00,0.0013000000000000002,0.6666666666666666,0.8848320000000001,2018-08-03,4.2,Oran
2018-08-03 16:30:00,0.0012000000000000001,0.6875,0.816768,2018-08-03,4.2,Oran
2018-08-03 17:00:00,0.001,0.7083333333333334,0.68064,2018-08-03,4.2,Oran
2018-08-03 17:30:00,0.0008,0.7291666666666666,0.544512,2018-08-03,4.2,Oran
2018-08-03 18:00:00,0.0006000000000000001,0.75,0.408384,2018-08-03,4.2,Oran
2018-08-03 18:30:00,0.0004,0.7708333333333334,0.272256,2018-08-03,4.2,Oran
2018-08-03 19:00:00,0.00030000000000000003,0.7916666666666666,0.204192,2018-08-03,4.2,Oran
2018-08-03 19:30:00,0.00030000000000000003,0.8125,0.204192,2018-08-03,4.2,Oran
2018-08-03 20:00:00,0.0002,0.8333333333333334,0.136128,2018-08-03,4.2,Oran
2018-08-03 20:30:00,0.0002,0.8541666666666666,0.136128,2018-08-03,4.2,Oran
2018-08-03 21:00:00,0.0002,0.875,0.136128,2018-08-03,4.2,Oran
2018-08-03 21:30:00,0.0002,0.8958333333333334,0.136128,2018-08-03,4.2,Oran
2018-08-03 22:00:00,0.0001,0.9166666666666666,0.068064,2018-08-03,4.2,Oran
2018-08-03 22:30:00,0.0001,0.9375,0.068064,2018-08-03,4.2,Oran
2018-08-03 23:00:00,0.0001,0.9583333333333334,0.068064,2018-08-03,4.2,Oran
2018-08-03 23:30:00,0.0001,0.9791666666666666,0.068064,2018-08-03,4.2,Oran
2018-08-04 00:00:00,0.0002,1.0,0.136128,2018-08-03,4.2,Oran
2018-08-04 00:30:00,0.0002,1.0208333333333333,0.136128,2018-08-03,4.2,Oran
2018-08-04 01:00:00,0.0002,1.0416666666666667,0.136128,2018-08-03,4.2,Oran
2018-08-04 01:30:00,0.0002,1.0625,0.136128,2018-08-03,4.2,Oran
2018-08-04 02:00:00,0.0002,1.0833333333333333,0.136128,2018-08-03,4.2,Oran
2018-08-04 02:30:00,0.0001,1.1041666666666667,0.068064,2018-08-03,4.2,Oran
2018-08-04 03:00:00,0.0001,1.125,0.068064,2018-08-03,4.2,Oran
2018-08-04 03:30:00,0.0001,1.1458333333333333,0.068064,2018-08-03,4.2,Oran
2018-08-04 04:00:00,0.0001,1.1666666666666667,0.068064,2018-08-03,4.2,Oran
2018-08-04 04:30:00,0.0001,1.1875,0.068064,2018-08-03,4.2,Oran
2018-08-04 05:00:00,0.0001,1.2083333333333333,0.068064,2018-08-03,4.2,Oran
2018-08-04 05:30:00,0.0001,1.2291666666666667,0.068064,2018-08-03,4.2,Oran
2018-08-04 06:00:00,0.00030000000000000003,1.25,0.204192,2018-08-03,4.2,Oran
2018-08-04 06:30:00,0.0005,1.2708333333333333,0.34032,2018-08-03,4.2,Oran
2018-08-04 07:00:00,0.0007,1.2916666666666667,0.476448,2018-08-03,4.2,Oran
2018-08-04 07:30:00,0.001,1.3125,0.68064,2018-08-03,4.2,Oran
2018-08-04 08:00:00,0.0014,1.3333333333333333,0.952896,2018-08-03,4.2,Oran
2018-08-04 08:30:00,0.0017000000000000001,1.3541666666666667,1.1570880000000001,2018-08-03,4.2,Oran
2018-08-04 09:00:00,0.0021000000000000003,1.375,1.4293440000000002,2018-08-03,4.2,Oran
2018-08-04 09:30:00,0.0024000000000000002,1.3958333333333333,1.633536,2018-08-03,4.2,Oran
2018-08-04 10:00:00,0.0027,1.4166666666666667,1.837728,2018-08-03,4.2,Oran
2018-08-04 10:30:00,0.003,1.4375,2.04192,2018-08-03,4.2,Oran
2018-08-04 11:00:00,0.0032,1.4583333333333333,2.178048,2018-08-03,4.2,Oran
2018-08-04 11:30:00,0.0036000000000000003,1.4791666666666667,2.450304,2018-08-03,4.2,Oran
2018-08-04 12:00:00,0.0037,1.5,2.518368,2018-08-03,4.2,Oran
2018-08-04 12:30:00,0.0038,1.5208333333333333,2.586432,2018-08-03,4.2,Oran
2018-08-04 13:00:00,0.0038,1.5416666666666667,2.586432,2018-08-03,4.2,Oran
2018-08-04 13:30:00,0.0037,1.5625,2.518368,2018-08-03,4.2,Oran
2018-08-04 14:00:00,0.0036000000000000003,1.5833333333333333,2.450304,2018-08-03,4.2,Oran
2018-08-04 14:30:00,0.0033,1.6041666666666667,2.246112,2018-08-03,4.2,Oran
2018-08-04 15:00:00,0.003,1.625,2.04192,2018-08-03,4.2,Oran
2018-08-04 15:30:00,0.0026000000000000003,1.6458333333333333,1.7696640000000001,2018-08-03,4.2,Oran
2018-08-04 16:00:00,0.0022,1.6666666666666667,1.497408,2018-08-03,4.2,Oran
2018-08-04 16:30:00,0.0018000000000000002,1.6875,1.225152,2018-08-03,4.2,Oran
2018-08-04 17:00:00,0.0015,1.7083333333333333,1.02096,2018-08-03,4.2,Oran
2018-08-04 17:30:00,0.0012000000000000001,1.7291666666666667,0.816768,2018-08-03,4.2,Oran
2018-08-04 18:00:00,0.001,1.75,0.68064,2018-08-03,4.2,Oran
2018-08-04 18:30:00,0.0008,1.7708333333333333,0.544512,2018-08-03,4.2,Oran
2018-08-04 19:00:00,0.0007,1.7916666666666667,0.476448,2018-08-03,4.2,Oran
2018-08-04 19:30:00,0.0006000000000000001,1.8125,0.408384,2018-08-03,4.2,Oran
2018-08-04 20:00:00,0.0006000000000000001,1.8333333333333333,0.408384,2018-08-03,4.2,Oran
2018-08-04 20:30:00,0.0005,1.8541666666666667,0.34032,2018-08-03,4.2,Oran
2018-08-04 21:00:00,0.0004,1.875,0.272256,2018-08-03,4.2,Oran
2018-08-04 21:30:00,0.00030000000000000003,1.8958333333333333,0.204192,2018-08-03,4.2,Oran
2018-08-04 22:00:00,0.00030000000000000003,1.9166666666666667,0.204192,2018-08-03,4.2,Oran
2018-08-04 22:30:00,0.00030000000000000003,1.9375,0.204192,2018-08-03,4.2,Oran
2018-08-04 23:00:00,0.00030000000000000003,1.9583333333333333,0.204192,2018-08-03,4.2,Oran
2018-08-04 23:30:00,0.00030000000000000003,1.9791666666666667,0.204192,2018-08-03,4.2,Oran
2018-08-05 00:00:00,0.0001,2.0,0.068064,2018-08-03,4.2,Oran
2018-08-05 00:30:00,0.0001,2.0208333333333335,0.068064,2018-08-03,4.2,Oran
2018-08-05 01:00:00,0.0001,2.0416666666666665,0.068064,2018-08-03,4.2,Oran
2018-08-05 01:30:00,0.0001,2.0625,0.068064,2018-08-03,4.2,Oran
2018-08-05 02:00:00,0.0001,2.0833333333333335,0.068064,2018-08-03,4.2,Oran
2018-08-05 02:30:00,0.0001,2.1041666666666665,0.068064,2018-08-03,4.2,Oran
2018-08-05 03:00:00,0.0001,2.125,0.068064,2018-08-03,4.2,Oran
2018-08-05 03:30:00,0.0001,2.1458333333333335,0.068064,2018-08-03,4.2,Oran
2018-08-05 04:00:00,0.0001,2.1666666666666665,0.068064,2018-08-03,4.2,Oran
2018-08-05 04:30:00,0.0001,2.1875,0.068064,2018-08-03,4.2,Oran
2018-08-05 05:00:00,0.0001,2.2083333333333335,0.068064,2018-08-03,4.2,Oran
2018-08-05 05:30:00,0.0001,2.2291666666666665,0.068064,2018-08-03,4.2,Oran
2018-08-05 06:00:00,0.0001,2.25,0.068064,2018-08-03,4.2,Oran
2018-08-05 06:30:00,0.00030000000000000003,2.2708333333333335,0.204192,2018-08-03,4.2,Oran
2018-08-05 07:00:00,0.0004,2.2916666666666665,0.272256,2018-08-03,4.2,Oran
2018-08-05 07:30:00,0.0005,2.3125,0.34032,2018-08-03,4.2,Oran
2018-08-05 08:00:00,0.0007,2.3333333333333335,0.476448,2018-08-03,4.2,Oran
2018-08-05 08:30:00,0.0008,2.3541666666666665,0.544512,2018-08-03,4.2,Oran
2018-08-05 09:00:00,0.0009000000000000001,2.375,0.612576,2018-08-03,4.2,Oran
2018-08-05 09:30:00,0.0011,2.3958333333333335,0.748704,2018-08-03,4.2,Oran
2018-08-05 10:00:00,0.0012000000000000001,2.4166666666666665,0.816768,2018-08-03,4.2,Oran
2018-08-05 10:30:00,0.0012000000000000001,2.4375,0.816768,2018-08-03,4.2,Oran
2018-08-05 11:00:00,0.0013000000000000002,2.4583333333333335,0.8848320000000001,2018-08-03,4.2,Oran
2018-08-05 11:30:00,0.0014,2.4791666666666665,0.952896,2018-08-03,4.2,Oran
2018-08-05 12:00:00,0.0015,2.5,1.02096,2018-08-03,4.2,Oran
2018-08-05 12:30:00,0.0016,2.5208333333333335,1.089024,2018-08-03,4.2,Oran
2018-08-05 13:00:00,0.0016,2.5416666666666665,1.089024,2018-08-03,4.2,Oran
2018-08-05 13:30:00,0.0016,2.5625,1.089024,2018-08-03,4.2,Oran
2018-08-05 14:00:00,0.0016,2.5833333333333335,1.089024,2018-08-03,4.2,Oran
2018-08-05 14:30:00,0.0015,2.6041666666666665,1.02096,2018-08-03,4.2,Oran
2018-08-05 15:00:00,0.0014,2.625,0.952896,2018-08-03,4.2,Oran
2018-08-05 15:30:00,0.0012000000000000001,2.6458333333333335,0.816768,2018-08-03,4.2,Oran
2018-08-05 16:00:00,0.001,2.6666666666666665,0.68064,2018-08-03,4.2,Oran
2018-08-05 16:30:00,0.0009000000000000001,2.6875,0.612576,2018-08-03,4.2,Oran
2018-08-05 17:00:00,0.0007,2.7083333333333335,0.476448,2018-08-03,4.2,Oran
2018-08-05 17:30:00,0.0006000000000000001,2.7291666666666665,0.408384,2018-08-03,4.2,Oran
2018-08-05 18:00:00,0.0004,2.75,0.272256,2018-08-03,4.2,Oran
2018-08-05 18:30:00,0.0004,2.7708333333333335,0.272256,2018-08-03,4.2,Oran
2018-08-05 19:00:00,0.00030000000000000003,2.7916666666666665,0.204192,2018-08-03,4.2,Oran
2018-08-05 19:30:00,0.00030000000000000003,2.8125,0.204192,2018-08-03,4.2,Oran
2018-08-05 20:00:00,0.0002,2.8333333333333335,0.136128,2018-08-03,4.2,Oran
2018-08-05 20:30:00,0.0002,2.8541666666666665,0.136128,2018-08-03,4.2,Oran
2018-08-05 21:00:00,0.0002,2.875,0.136128,2018-08-03,4.2,Oran
2018-08-05 21:30:00,0.0002,2.8958333333333335,0.136128,2018-08-03,4.2,Oran
2018-08-05 22:00:00,0.0002,2.9166666666666665,0.136128,2018-08-03,4.2,Oran
2018-08-05 22:30:00,0.0002,2.9375,0.136128,2018-08-03,4.2,Oran
2018-08-05 23:00:00,0.0002,2.9583333333333335,0.136128,2018-08-03,4.2,Oran
2018-08-05 23:30:00,0.0002,2.9791666666666665,0.136128,2018-08-03,4.2,Oran
2018-08-06 00:00:00,0.0002,3.0,0.136128,2018-08-03,4.2,Oran
2018-08-06 00:30:00,0.0001,3.0208333333333335,0.068064,2018-08-03,4.2,Oran
2018-08-06 01:00:00,0.0001,3.0416666666666665,0.068064,2018-08-03,4.2,Oran
2018-08-06 01:30:00,0.0001,3.0625,0.068064,2018-08-03,4.2,Oran
2018-08-06 02:00:00,0.0001,3.0833333333333335,0.068064,2018-08-03,4.2,Oran
2018-08-06 02:30:00,0.0001,3.1041666666666665,0.068064,2018-08-03,4.2,Oran
2018-08-06 03:00:00,0.0001,3.125,0.068064,2018-08-03,4.2,Oran
2018-08-06 03:30:00,0.0001,3.1458333333333335,0.068064,2018-08-03,4.2,Oran
2018-08-06 04:00:00,0.0001,3.1666666666666665,0.068064,2018-08-03,4.2,Oran
2018-08-06 04:30:00,0.0001,3.1875,0.068064,2018-08-03,4.2,Oran
2018-08-06 05:00:00,0.0001,3.2083333333333335,0.068064,2018-08-03,4.2,Oran
2018-08-06 05:30:00,0.0001,3.2291666666666665,0.068064,2018-08-03,4.2,Oran
2018-08-06 06:00:00,0.0002,3.25,0.136128,2018-08-03,4.2,Oran
2018-08-06 06:30:00,0.0002,3.2708333333333335,0.136128,2018-08-03,4.2,Oran
2018-08-06 07:00:00,0.00030000000000000003,3.2916666666666665,0.204192,2018-08-03,4.2,Oran
2018-08-06 07:30:00,0.0005,3.3125,0.34032,2018-08-03,4.2,Oran
2018-08-06 08:00:00,0.0007,3.3333333333333335,0.476448,2018-08-03,4.2,Oran
2018-08-06 08:30:00,0.0008,3.3541666666666665,0.544512,2018-08-03,4.2,Oran
2018-08-06 09:00:00,0.001,3.375,0.68064,2018-08-03,4.2,Oran
2018-08-06 09:30:00,0.0013000000000000002,3.3958333333333335,0.8848320000000001,2018-08-03,4.2,Oran
2018-08-06 10:00:00,0.0016,3.4166666666666665,1.089024,2018-08-03,4.2,Oran
2018-08-06 10:30:00,0.0017000000000000001,3.4375,1.1570880000000001,2018-08-03,4.2,Oran
2018-08-06 11:00:00,0.0019,3.4583333333333335,1.293216,2018-08-03,4.2,Oran
2018-08-06 11:30:00,0.002,3.4791666666666665,1.36128,2018-08-03,4.2,Oran
2018-08-06 12:00:00,0.002,3.5,1.36128,2018-08-03,4.2,Oran
2018-08-06 12:30:00,0.0021000000000000003,3.5208333333333335,1.4293440000000002,2018-08-03,4.2,Oran
2018-08-06 13:00:00,0.002,3.5416666666666665,1.36128,2018-08-03,4.2,Oran
2018-08-06 13:30:00,0.0019,3.5625,1.293216,2018-08-03,4.2,Oran
2018-08-06 14:00:00,0.0018000000000000002,3.5833333333333335,1.225152,2018-08-03,4.2,Oran
2018-08-06 14:30:00,0.0017000000000000001,3.6041666666666665,1.1570880000000001,2018-08-03,4.2,Oran
2018-08-06 15:00:00,0.0016,3.625,1.089024,2018-08-03,4.2,Oran
2018-08-06 15:30:00,0.0014,3.6458333333333335,0.952896,2018-08-03,4.2,Oran
2018-08-06 16:00:00,0.0008,3.6666666666666665,0.544512,2018-08-03,4.2,Oran
2018-08-06 16:30:00,0.0009000000000000001,3.6875,0.612576,2018-08-03,4.2,Oran
2018-08-06 17:00:00,0.0007,3.7083333333333335,0.476448,2018-08-03,4.2,Oran
2018-08-06 17:30:00,0.0004,3.7291666666666665,0.272256,2018-08-03,4.2,Oran
2018-08-06 18:00:00,0.0004,3.75,0.272256,2018-08-03,4.2,Oran
2018-08-06 18:30:00,0.0004,3.7708333333333335,0.272256,2018-08-03,4.2,Oran
2018-08-06 19:00:00,0.00030000000000000003,3.7916666666666665,0.204192,2018-08-03,4.2,Oran
2018-08-06 19:30:00,0.00030000000000000003,3.8125,0.204192,2018-08-03,4.2,Oran
2018-08-06 20:00:00,0.00030000000000000003,3.8333333333333335,0.204192,2018-08-03,4.2,Oran
2018-08-06 20:30:00,0.00030000000000000003,3.8541666666666665,0.204192,2018-08-03,4.2,Oran
2018-08-06 21:00:00,0.0002,3.875,0.136128,2018-08-03,4.2,Oran
2018-08-06 21:30:00,0.0002,3.8958333333333335,0.136128,2018-08-03,4.2,Oran
2018-08-06 22:00:00,0.0001,3.9166666666666665,0.068064,2018-08-03,4.2,Oran
2018-08-06 22:30:00,0.0001,3.9375,0.068064,2018-08-03,4.2,Oran
2018-08-06 23:00:00,0.0002,3.9583333333333335,0.136128,2018-08-03,4.2,Oran
2018-08-06 23:30:00,0.0001,3.9791666666666665,0.068064,2018-08-03,4.2,Oran
2018-08-07 00:00:00,0.00030000000000000003,4.0,0.204192,2018-08-03,4.2,Oran
2018-08-07 00:30:00,0.00030000000000000003,4.020833333333333,0.204192,2018-08-03,4.2,Oran
2018-08-07 01:00:00,0.00030000000000000003,4.041666666666667,0.204192,2018-08-03,4.2,Oran
2018-08-07 01:30:00,0.0002,4.0625,0.136128,2018-08-03,4.2,Oran
2018-08-07 02:00:00,0.0002,4.083333333333333,0.136128,2018-08-03,4.2,Oran
2018-08-07 02:30:00,0.0002,4.104166666666667,0.136128,2018-08-03,4.2,Oran
2018-08-07 03:00:00,0.0002,4.125,0.136128,2018-08-03,4.2,Oran
2018-08-07 03:30:00,0.0002,4.145833333333333,0.136128,2018-08-03,4.2,Oran
2018-08-07 04:00:00,0.0002,4.166666666666667,0.136128,2018-08-03,4.2,Oran
2018-08-07 04:30:00,0.0002,4.1875,0.136128,2018-08-03,4.2,Oran
2018-08-07 05:00:00,0.0002,4.208333333333333,0.136128,2018-08-03,4.2,Oran
2018-08-07 05:30:00,0.0002,4.229166666666667,0.136128,2018-08-03,4.2,Oran
2018-08-07 06:00:00,0.00030000000000000003,4.25,0.204192,2018-08-03,4.2,Oran
2018-08-07 06:30:00,0.0005,4.270833333333333,0.34032,2018-08-03,4.2,Oran
2018-08-07 07:00:00,0.0007,4.291666666666667,0.476448,2018-08-03,4.2,Oran
2018-08-07 07:30:00,0.0009000000000000001,4.3125,0.612576,2018-08-03,4.2,Oran
2018-08-07 08:00:00,0.0012000000000000001,4.333333333333333,0.816768,2018-08-03,4.2,Oran
2018-08-07 08:30:00,0.0016,4.354166666666667,1.089024,2018-08-03,4.2,Oran
2018-08-07 09:00:00,0.0019,4.375,1.293216,2018-08-03,4.2,Oran
2018-08-07 09:30:00,0.0023,4.395833333333333,1.565472,2018-08-03,4.2,Oran
2018-08-07 10:00:00,0.0026000000000000003,4.416666666666667,1.7696640000000001,2018-08-03,4.2,Oran
2018-08-07 10:30:00,0.0029000000000000002,4.4375,1.973856,2018-08-03,4.2,Oran
2018-08-07 11:00:00,0.0032,4.458333333333333,2.178048,2018-08-03,4.2,Oran
2018-08-07 11:30:00,0.0034000000000000002,4.479166666666667,2.3141760000000002,2018-08-03,4.2,Oran
2018-08-07 12:00:00,0.0034000000000000002,4.5,2.3141760000000002,2018-08-03,4.2,Oran
2018-08-07 12:30:00,0.0033,4.520833333333333,2.246112,2018-08-03,4.2,Oran
2018-08-07 13:00:00,0.0031000000000000003,4.541666666666667,2.1099840000000003,2018-08-03,4.2,Oran
2018-08-07 13:30:00,0.0027,4.5625,1.837728,2018-08-03,4.2,Oran
2018-08-07 14:00:00,0.0021000000000000003,4.583333333333333,1.4293440000000002,2018-08-03,4.2,Oran
2018-08-07 14:30:00,0.0013000000000000002,4.604166666666667,0.8848320000000001,2018-08-03,4.2,Oran
2018-08-07 15:00:00,0.0017000000000000001,4.625,1.1570880000000001,2018-08-03,4.2,Oran
2018-08-07 15:30:00,0.001,4.645833333333333,0.68064,2018-08-03,4.2,Oran
2018-08-07 16:00:00,0.0007,4.666666666666667,0.476448,2018-08-03,4.2,Oran
2018-08-07 16:30:00,0.0006000000000000001,4.6875,0.408384,2018-08-03,4.2,Oran
2018-08-07 17:00:00,0.0006000000000000001,4.708333333333333,0.408384,2018-08-03,4.2,Oran
2018-08-07 17:30:00,0.0006000000000000001,4.729166666666667,0.408384,2018-08-03,4.2,Oran
2018-08-07 18:00:00,0.0006000000000000001,4.75,0.408384,2018-08-03,4.2,Oran
2018-08-07 18:30:00,0.0006000000000000001,4.770833333333333,0.408384,2018-08-03,4.2,Oran
2018-08-07 19:00:00,0.0005,4.791666666666667,0.34032,2018-08-03,4.2,Oran
2018-08-07 19:30:00,0.0005,4.8125,0.34032,2018-08-03,4.2,Oran
2018-08-07 20:00:00,0.0005,4.833333333333333,0.34032,2018-08-03,4.2,Oran
2018-08-07 20:30:00,0.0005,4.854166666666667,0.34032,2018-08-03,4.2,Oran
2018-08-07 21:00:00,0.0005,4.875,0.34032,2018-08-03,4.2,Oran
2018-08-07 21:30:00,0.0004,4.895833333333333,0.272256,2018-08-03,4.2,Oran
2018-08-07 22:00:00,0.00030000000000000003,4.916666666666667,0.204192,2018-08-03,4.2,Oran
2018-08-07 22:30:00,0.0002,4.9375,0.136128,2018-08-03,4.2,Oran
2018-08-07 23:00:00,0.0002,4.958333333333333,0.136128,2018-08-03,4.2,Oran
2018-08-07 23:30:00,0.0002,4.979166666666667,0.136128,2018-08-03,4.2,Oran
2018-08-08 00:00:00,0.00030000000000000003,5.0,0.204192,2018-08-03,4.2,Oran
2018-08-08 00:30:00,0.00030000000000000003,5.020833333333333,0.204192,2018-08-03,4.2,Oran
2018-08-08 01:00:00,0.00030000000000000003,5.041666666666667,0.204192,2018-08-03,4.2,Oran
2018-08-08 01:30:00,0.0002,5.0625,0.136128,2018-08-03,4.2,Oran
2018-08-08 02:00:00,0.0001,5.083333333333333,0.068064,2018-08-03,4.2,Oran
2018-08-08 02:30:00,0.0001,5.104166666666667,0.068064,2018-08-03,4.2,Oran
2018-08-08 03:00:00,0.0001,5.125,0.068064,2018-08-03,4.2,Oran
2018-08-08 03:30:00,0.0001,5.145833333333333,0.068064,2018-08-03,4.2,Oran
2018-08-08 04:00:00,0.0,5.166666666666667,0.0,2018-08-03,4.2,Oran
2018-08-08 04:30:00,0.0002,5.1875,0.136128,2018-08-03,4.2,Oran
2018-08-08 05:00:00,0.0002,5.208333333333333,0.136128,2018-08-03,4.2,Oran
2018-08-08 05:30:00,0.0002,5.229166666666667,0.136128,2018-08-03,4.2,Oran
2018-08-08 06:00:00,0.0006000000000000001,5.25,0.408384,2018-08-03,4.2,Oran
2018-08-08 06:30:00,0.0005,5.270833333333333,0.34032,2018-08-03,4.2,Oran
2018-08-08 07:00:00,0.0026000000000000003,5.291666666666667,1.7696640000000001,2018-08-03,4.2,Oran
2018-08-08 07:30:00,0.0043,5.3125,2.926752,2018-08-03,4.2,Oran
2018-08-08 08:00:00,0.006200000000000001,5.333333333333333,4.219968000000001,2018-08-03,4.2,Oran
2018-08-08 08:30:00,0.0085,5.354166666666667,5.78544,2018-08-03,4.2,Oran
2018-08-08 09:00:00,0.011300000000000001,5.375,7.691232,2018-08-03,4.2,Oran
2018-08-08 09:30:00,0.013800000000000002,5.395833333333333,9.392832,2018-08-03,4.2,Oran
2018-08-08 10:00:00,0.0173,5.416666666666667,11.775072,2018-08-03,4.2,Oran
2018-08-08 10:30:00,0.0199,5.4375,13.544736,2018-08-03,4.2,Oran
2018-08-08 11:00:00,0.0218,5.458333333333333,14.837952,2018-08-03,4.2,Oran
2018-08-08 11:30:00,0.023100000000000002,5.479166666666667,15.722784,2018-08-03,4.2,Oran
2018-08-08 12:00:00,0.0239,5.5,16.267296,2018-08-03,4.2,Oran
2018-08-08 12:30:00,0.0233,5.520833333333333,15.858912,2018-08-03,4.2,Oran
2018-08-08 13:00:00,0.0219,5.541666666666667,14.906016,2018-08-03,4.2,Oran
2018-08-08 13:30:00,0.006500000000000001,5.5625,4.4241600000000005,2018-08-03,4.2,Oran
2018-08-08 14:00:00,0.0032,5.583333333333333,2.178048,2018-08-03,4.2,Oran
2018-08-08 14:30:00,0.0012000000000000001,5.604166666666667,0.816768,2018-08-03,4.2,Oran
2018-08-08 15:00:00,0.0009000000000000001,5.625,0.612576,2018-08-03,4.2,Oran
2018-08-08 15:30:00,0.0009000000000000001,5.645833333333333,0.612576,2018-08-03,4.2,Oran
2018-08-08 16:00:00,0.001,5.666666666666667,0.68064,2018-08-03,4.2,Oran
2018-08-08 16:30:00,0.001,5.6875,0.68064,2018-08-03,4.2,Oran
2018-08-08 17:00:00,0.001,5.708333333333333,0.68064,2018-08-03,4.2,Oran
2018-08-08 17:30:00,0.0009000000000000001,5.729166666666667,0.612576,2018-08-03,4.2,Oran
2018-08-08 18:00:00,0.0009000000000000001,5.75,0.612576,2018-08-03,4.2,Oran
2018-08-08 18:30:00,0.0008,5.770833333333333,0.544512,2018-08-03,4.2,Oran
2018-08-08 19:00:00,0.0008,5.791666666666667,0.544512,2018-08-03,4.2,Oran
2018-08-08 19:30:00,0.0008,5.8125,0.544512,2018-08-03,4.2,Oran
2018-08-08 20:00:00,0.0008,5.833333333333333,0.544512,2018-08-03,4.2,Oran
2018-08-08 20:30:00,0.0007,5.854166666666667,0.476448,2018-08-03,4.2,Oran
2018-08-08 21:00:00,0.0006000000000000001,5.875,0.408384,2018-08-03,4.2,Oran
2018-08-08 21:30:00,0.0005,5.895833333333333,0.34032,2018-08-03,4.2,Oran
2018-08-08 22:00:00,0.0004,5.916666666666667,0.272256,2018-08-03,4.2,Oran
2018-08-08 22:30:00,0.00030000000000000003,5.9375,0.204192,2018-08-03,4.2,Oran
2018-08-08 23:00:00,0.0002,5.958333333333333,0.136128,2018-08-03,4.2,Oran
2018-08-08 23:30:00,0.0002,5.979166666666667,0.136128,2018-08-03,4.2,Oran
2018-08-09 00:00:00,0.0002,6.0,0.136128,2018-08-03,4.2,Oran
2018-08-09 00:30:00,0.0001,6.020833333333333,0.068064,2018-08-03,4.2,Oran
2018-08-09 01:00:00,0.0001,6.041666666666667,0.068064,2018-08-03,4.2,Oran
2018-08-09 01:30:00,0.0,6.0625,0.0,2018-08-03,4.2,Oran
2018-08-09 02:00:00,0.0,6.083333333333333,0.0,2018-08-03,4.2,Oran
2018-08-09 02:30:00,0.0,6.104166666666667,0.0,2018-08-03,4.2,Oran
2018-08-09 03:00:00,0.0,6.125,0.0,2018-08-03,4.2,Oran
2018-08-09 03:30:00,0.0,6.145833333333333,0.0,2018-08-03,4.2,Oran
2018-08-09 04:00:00,0.0,6.166666666666667,0.0,2018-08-03,4.2,Oran
2018-08-09 04:30:00,0.0,6.1875,0.0,2018-08-03,4.2,Oran
2018-08-09 05:00:00,0.0001,6.208333333333333,0.068064,2018-08-03,4.2,Oran
2018-08-09 05:30:00,0.0001,6.229166666666667,0.068064,2018-08-03,4.2,Oran
2018-08-09 06:00:00,0.0021000000000000003,6.25,1.4293440000000002,2018-08-03,4.2,Oran
2018-08-09 06:30:00,0.006,6.270833333333333,4.08384,2018-08-03,4.2,Oran
2018-08-09 07:00:00,0.011600000000000001,6.291666666666667,7.895424,2018-08-03,4.2,Oran
2018-08-09 07:30:00,0.0196,6.3125,13.340544,2018-08-03,4.2,Oran
2018-08-09 08:00:00,0.027800000000000002,6.333333333333333,18.921792,2018-08-03,4.2,Oran
2018-08-09 08:30:00,0.0362,6.354166666666667,24.639168,2018-08-03,4.2,Oran
2018-08-09 09:00:00,0.0459,6.375,31.241376000000002,2018-08-03,4.2,Oran
2018-08-09 09:30:00,0.0565,6.395833333333333,38.45616,2018-08-03,4.2,Oran
2018-08-09 10:00:00,0.0678,6.416666666666667,46.147391999999996,2018-08-03,4.2,Oran
2018-08-09 10:30:00,0.0765,6.4375,52.06896,2018-08-03,4.2,Oran
2018-08-09 11:00:00,0.0838,6.458333333333333,57.037631999999995,2018-08-03,4.2,Oran
2018-08-09 11:30:00,0.0884,6.479166666666667,60.168576,2018-08-03,4.2,Oran
2018-08-09 12:00:00,0.0906,6.5,61.665984,2018-08-03,4.2,Oran
2018-08-09 12:30:00,0.0901,6.520833333333333,61.325663999999996,2018-08-03,4.2,Oran
2018-08-09 13:00:00,0.0877,6.541666666666667,59.692128,2018-08-03,4.2,Oran
2018-08-09 13:30:00,0.0849,6.5625,57.786336,2018-08-03,4.2,Oran
2018-08-09 14:00:00,0.08030000000000001,6.583333333333333,54.655392000000006,2018-08-03,4.2,Oran
2018-08-09 14:30:00,0.0741,6.604166666666667,50.435424,2018-08-03,4.2,Oran
2018-08-09 15:00:00,0.0655,6.625,44.581920000000004,2018-08-03,4.2,Oran
2018-08-09 15:30:00,0.0563,6.645833333333333,38.320032,2018-08-03,4.2,Oran
2018-08-09 16:00:00,0.0468,6.666666666666667,31.853952,2018-08-03,4.2,Oran
2018-08-09 16:30:00,0.0368,6.6875,25.047552,2018-08-03,4.2,Oran
2018-08-09 17:00:00,0.0273,6.708333333333333,18.581472,2018-08-03,4.2,Oran
2018-08-09 17:30:00,0.0184,6.729166666666667,12.523776,2018-08-03,4.2,Oran
2018-08-09 18:00:00,0.011000000000000001,6.75,7.48704,2018-08-03,4.2,Oran
2018-08-09 18:30:00,0.0018000000000000002,6.770833333333333,1.225152,2018-08-03,4.2,Oran
2018-08-09 19:00:00,0.0016,6.791666666666667,1.089024,2018-08-03,4.2,Oran
2018-08-09 19:30:00,0.0015,6.8125,1.02096,2018-08-03,4.2,Oran
2018-08-09 20:00:00,0.0013000000000000002,6.833333333333333,0.8848320000000001,2018-08-03,4.2,Oran
2018-08-09 20:30:00,0.0012000000000000001,6.854166666666667,0.816768,2018-08-03,4.2,Oran
2018-08-09 21:00:00,0.001,6.875,0.68064,2018-08-03,4.2,Oran
2018-08-09 21:30:00,0.001,6.895833333333333,0.68064,2018-08-03,4.2,Oran
2018-08-09 22:00:00,0.001,6.916666666666667,0.68064,2018-08-03,4.2,Oran
2018-08-09 22:30:00,0.0009000000000000001,6.9375,0.612576,2018-08-03,4.2,Oran
2018-08-09 23:00:00,0.0007,6.958333333333333,0.476448,2018-08-03,4.2,Oran
2018-08-09 23:30:00,0.0006000000000000001,6.979166666666667,0.408384,2018-08-03,4.2,Oran
2018-08-10 00:00:00,0.0002,7.0,0.136128,2018-08-03,4.2,Oran
2018-08-10 00:30:00,0.0001,7.020833333333333,0.068064,2018-08-03,4.2,Oran
2018-08-10 01:00:00,0.0,7.041666666666667,0.0,2018-08-03,4.2,Oran
2018-08-10 01:30:00,0.0,7.0625,0.0,2018-08-03,4.2,Oran
2018-08-10 02:00:00,0.0,7.083333333333333,0.0,2018-08-03,4.2,Oran
2018-08-10 02:30:00,0.0001,7.104166666666667,0.068064,2018-08-03,4.2,Oran
2018-08-10 03:00:00,0.0001,7.125,0.068064,2018-08-03,4.2,Oran
2018-08-10 03:30:00,0.0001,7.145833333333333,0.068064,2018-08-03,4.2,Oran
2018-08-10 04:00:00,0.0001,7.166666666666667,0.068064,2018-08-03,4.2,Oran
2018-08-10 04:30:00,0.0,7.1875,0.0,2018-08-03,4.2,Oran
2018-08-10 05:00:00,0.0,7.208333333333333,0.0,2018-08-03,4.2,Oran
2018-08-10 05:30:00,0.0,7.229166666666667,0.0,2018-08-03,4.2,Oran
2018-08-10 06:00:00,0.001,7.25,0.68064,2018-08-03,4.2,Oran
2018-08-10 06:30:00,0.0027,7.270833333333333,1.837728,2018-08-03,4.2,Oran
2018-08-10 07:00:00,0.0049,7.291666666666667,3.335136,2018-08-03,4.2,Oran
2018-08-10 07:30:00,0.0079,7.3125,5.3770560000000005,2018-08-03,4.2,Oran
2018-08-10 08:00:00,0.0111,7.333333333333333,7.555104,2018-08-03,4.2,Oran
2018-08-10 08:30:00,0.0145,7.354166666666667,9.86928,2018-08-03,4.2,Oran
2018-08-10 09:00:00,0.017400000000000002,7.375,11.843136000000001,2018-08-03,4.2,Oran
2018-08-10 09:30:00,0.021500000000000002,7.395833333333333,14.63376,2018-08-03,4.2,Oran
2018-08-10 10:00:00,0.025900000000000003,7.416666666666667,17.628576000000002,2018-08-03,4.2,Oran
2018-08-10 10:30:00,0.0302,7.4375,20.555328,2018-08-03,4.2,Oran
2018-08-10 11:00:00,0.0342,7.458333333333333,23.277888,2018-08-03,4.2,Oran
2018-08-10 11:30:00,0.037200000000000004,7.479166666666667,25.319808000000002,2018-08-03,4.2,Oran
2018-08-10 12:00:00,0.0396,7.5,26.953344,2018-08-03,4.2,Oran
2018-08-10 12:30:00,0.0417,7.520833333333333,28.382688,2018-08-03,4.2,Oran
2018-08-10 13:00:00,0.0407,7.541666666666667,27.702047999999998,2018-08-03,4.2,Oran
2018-08-10 13:30:00,0.0395,7.5625,26.885279999999998,2018-08-03,4.2,Oran
2018-08-10 14:00:00,0.0381,7.583333333333333,25.932384000000003,2018-08-03,4.2,Oran
2018-08-10 14:30:00,0.033600000000000005,7.604166666666667,22.869504000000003,2018-08-03,4.2,Oran
2018-08-10 15:00:00,0.0297,7.625,20.215008,2018-08-03,4.2,Oran
2018-08-10 15:30:00,0.0068000000000000005,7.645833333333333,4.6283520000000005,2018-08-03,4.2,Oran
2018-08-10 16:00:00,0.0007,7.666666666666667,0.476448,2018-08-03,4.2,Oran
2018-08-10 16:30:00,0.0006000000000000001,7.6875,0.408384,2018-08-03,4.2,Oran
2018-08-10 17:00:00,0.0006000000000000001,7.708333333333333,0.408384,2018-08-03,4.2,Oran
2018-08-10 17:30:00,0.0006000000000000001,7.729166666666667,0.408384,2018-08-03,4.2,Oran
2018-08-10 18:00:00,0.0006000000000000001,7.75,0.408384,2018-08-03,4.2,Oran
2018-08-10 18:30:00,0.0005,7.770833333333333,0.34032,2018-08-03,4.2,Oran
2018-08-10 19:00:00,0.0005,7.791666666666667,0.34032,2018-08-03,4.2,Oran
2018-08-10 19:30:00,0.0004,7.8125,0.272256,2018-08-03,4.2,Oran
2018-08-10 20:00:00,0.0004,7.833333333333333,0.272256,2018-08-03,4.2,Oran
2018-08-10 20:30:00,0.00030000000000000003,7.854166666666667,0.204192,2018-08-03,4.2,Oran
2018-08-10 21:00:00,0.0002,7.875,0.136128,2018-08-03,4.2,Oran
2018-08-10 21:30:00,0.0001,7.895833333333333,0.068064,2018-08-03,4.2,Oran
2018-08-10 22:00:00,0.0,7.916666666666667,0.0,2018-08-03,4.2,Oran
2018-08-10 22:30:00,0.0,7.9375,0.0,2018-08-03,4.2,Oran
2018-08-10 23:00:00,0.0,7.958333333333333,0.0,2018-08-03,4.2,Oran
2018-08-10 23:30:00,0.0,7.979166666666667,0.0,2018-08-03,4.2,Oran
2018-08-11 00:00:00,0.0,8.0,0.0,2018-08-03,4.2,Oran
2018-08-11 00:30:00,0.0,8.020833333333334,0.0,2018-08-03,4.2,Oran
2018-08-11 01:00:00,0.0,8.041666666666666,0.0,2018-08-03,4.2,Oran
2018-08-11 01:30:00,0.0,8.0625,0.0,2018-08-03,4.2,Oran
2018-08-11 02:00:00,0.0,8.083333333333334,0.0,2018-08-03,4.2,Oran
2018-08-11 02:30:00,0.0,8.104166666666666,0.0,2018-08-03,4.2,Oran
2018-08-11 03:00:00,0.0,8.125,0.0,2018-08-03,4.2,Oran
2018-08-11 03:30:00,0.0,8.145833333333334,0.0,2018-08-03,4.2,Oran
2018-08-11 04:00:00,0.0,8.166666666666666,0.0,2018-08-03,4.2,Oran
2018-08-11 04:30:00,0.0,8.1875,0.0,2018-08-03,4.2,Oran
2018-08-11 05:00:00,0.0,8.208333333333334,0.0,2018-08-03,4.2,Oran
2018-08-11 05:30:00,0.0,8.229166666666666,0.0,2018-08-03,4.2,Oran
2018-08-11 06:00:00,0.001,8.25,0.68064,2018-08-03,4.2,Oran
2018-08-11 06:30:00,0.0038,8.270833333333334,2.586432,2018-08-03,4.2,Oran
2018-08-11 07:00:00,0.0076,8.291666666666666,5.172864,2018-08-03,4.2,Oran
2018-08-11 07:30:00,0.0128,8.3125,8.712192,2018-08-03,4.2,Oran
2018-08-11 08:00:00,0.018500000000000003,8.333333333333334,12.591840000000001,2018-08-03,4.2,Oran
2018-08-11 08:30:00,0.025400000000000002,8.354166666666666,17.288256,2018-08-03,4.2,Oran
2018-08-11 09:00:00,0.0328,8.375,22.324992,2018-08-03,4.2,Oran
2018-08-11 09:30:00,0.044000000000000004,8.395833333333334,29.94816,2018-08-03,4.2,Oran
2018-08-11 10:00:00,0.053200000000000004,8.416666666666666,36.210048,2018-08-03,4.2,Oran
2018-08-11 10:30:00,0.060500000000000005,8.4375,41.178720000000006,2018-08-03,4.2,Oran
2018-08-11 11:00:00,0.0631,8.458333333333334,42.948384000000004,2018-08-03,4.2,Oran
2018-08-11 11:30:00,0.0644,8.479166666666666,43.833216,2018-08-03,4.2,Oran
2018-08-11 12:00:00,0.0636,8.5,43.288704,2018-08-03,4.2,Oran
2018-08-11 12:30:00,0.06470000000000001,8.520833333333334,44.037408000000006,2018-08-03,4.2,Oran
2018-08-11 13:00:00,0.06430000000000001,8.541666666666666,43.76515200000001,2018-08-03,4.2,Oran
2018-08-11 13:30:00,0.0631,8.5625,42.948384000000004,2018-08-03,4.2,Oran
2018-08-11 14:00:00,0.0604,8.583333333333334,41.110656,2018-08-03,4.2,Oran
2018-08-11 14:30:00,0.0541,8.604166666666666,36.822624,2018-08-03,4.2,Oran
2018-08-11 15:00:00,0.046700000000000005,8.625,31.785888000000003,2018-08-03,4.2,Oran
2018-08-11 15:30:00,0.0395,8.645833333333334,26.885279999999998,2018-08-03,4.2,Oran
2018-08-11 16:00:00,0.032,8.666666666666666,21.78048,2018-08-03,4.2,Oran
2018-08-11 16:30:00,0.0238,8.6875,16.199232000000002,2018-08-03,4.2,Oran
2018-08-11 17:00:00,0.0167,8.708333333333334,11.366688,2018-08-03,4.2,Oran
2018-08-11 17:30:00,0.010700000000000001,8.729166666666666,7.282848,2018-08-03,4.2,Oran
2018-08-11 18:00:00,0.0046,8.75,3.130944,2018-08-03,4.2,Oran
2018-08-11 18:30:00,0.0008,8.770833333333334,0.544512,2018-08-03,4.2,Oran
2018-08-11 19:00:00,0.0007,8.791666666666666,0.476448,2018-08-03,4.2,Oran
2018-08-11 19:30:00,0.0006000000000000001,8.8125,0.408384,2018-08-03,4.2,Oran
2018-08-11 20:00:00,0.0006000000000000001,8.833333333333334,0.408384,2018-08-03,4.2,Oran
2018-08-11 20:30:00,0.0005,8.854166666666666,0.34032,2018-08-03,4.2,Oran
2018-08-11 21:00:00,0.0005,8.875,0.34032,2018-08-03,4.2,Oran
2018-08-11 21:30:00,0.0004,8.895833333333334,0.272256,2018-08-03,4.2,Oran
2018-08-11 22:00:00,0.00030000000000000003,8.916666666666666,0.204192,2018-08-03,4.2,Oran
2018-08-11 22:30:00,0.0001,8.9375,0.068064,2018-08-03,4.2,Oran
2018-08-11 23:00:00,0.0001,8.958333333333334,0.068064,2018-08-03,4.2,Oran
2018-08-11 23:30:00,0.0001,8.979166666666666,0.068064,2018-08-03,4.2,Oran
2018-08-12 00:00:00,0.0,9.0,0.0,2018-08-03,4.2,Oran
2018-08-12 00:30:00,0.0002,9.020833333333334,0.136128,2018-08-03,4.2,Oran
2018-08-12 01:00:00,0.0002,9.041666666666666,0.136128,2018-08-03,4.2,Oran
2018-08-12 01:30:00,0.0,9.0625,0.0,2018-08-03,4.2,Oran
2018-08-12 02:00:00,0.0,9.083333333333334,0.0,2018-08-03,4.2,Oran
2018-08-12 02:30:00,0.0002,9.104166666666666,0.136128,2018-08-03,4.2,Oran
2018-08-12 03:00:00,0.0,9.125,0.0,2018-08-03,4.2,Oran
2018-08-12 03:30:00,0.0,9.145833333333334,0.0,2018-08-03,4.2,Oran
2018-08-12 04:00:00,0.0,9.166666666666666,0.0,2018-08-03,4.2,Oran
2018-08-12 04:30:00,0.0,9.1875,0.0,2018-08-03,4.2,Oran
2018-08-12 05:00:00,0.0,9.208333333333334,0.0,2018-08-03,4.2,Oran
2018-08-12 05:30:00,0.0,9.229166666666666,0.0,2018-08-03,4.2,Oran
2018-08-12 06:00:00,0.0015,9.25,1.02096,2018-08-03,4.2,Oran
2018-08-12 06:30:00,0.005,9.270833333333334,3.4032,2018-08-03,4.2,Oran
2018-08-12 07:00:00,0.0103,9.291666666666666,7.010592,2018-08-03,4.2,Oran
2018-08-12 07:30:00,0.0177,9.3125,12.047328,2018-08-03,4.2,Oran
2018-08-12 08:00:00,0.026600000000000002,9.333333333333334,18.105024,2018-08-03,4.2,Oran
2018-08-12 08:30:00,0.0363,9.354166666666666,24.707231999999998,2018-08-03,4.2,Oran
2018-08-12 09:00:00,0.0471,9.375,32.058144,2018-08-03,4.2,Oran
2018-08-12 09:30:00,0.057600000000000005,9.395833333333334,39.204864,2018-08-03,4.2,Oran
2018-08-12 10:00:00,0.0678,9.416666666666666,46.147391999999996,2018-08-03,4.2,Oran
2018-08-12 10:30:00,0.0761,9.4375,51.796704,2018-08-03,4.2,Oran
2018-08-12 11:00:00,0.085,9.458333333333334,57.854400000000005,2018-08-03,4.2,Oran
2018-08-12 11:30:00,0.0908,9.479166666666666,61.802112,2018-08-03,4.2,Oran
2018-08-12 12:00:00,0.0888,9.5,60.440832,2018-08-03,4.2,Oran
2018-08-12 12:30:00,0.0857,9.520833333333334,58.330847999999996,2018-08-03,4.2,Oran
2018-08-12 13:00:00,0.0213,9.541666666666666,14.497632,2018-08-03,4.2,Oran
2018-08-12 13:30:00,0.0332,9.5625,22.597248,2018-08-03,4.2,Oran
2018-08-12 14:00:00,0.0229,9.583333333333334,15.586656,2018-08-03,4.2,Oran
2018-08-12 14:30:00,0.0245,9.604166666666666,16.67568,2018-08-03,4.2,Oran
2018-08-12 15:00:00,0.046900000000000004,9.625,31.922016000000003,2018-08-03,4.2,Oran
2018-08-12 15:30:00,0.0395,9.645833333333334,26.885279999999998,2018-08-03,4.2,Oran
2018-08-12 16:00:00,0.031400000000000004,9.666666666666666,21.372096000000003,2018-08-03,4.2,Oran
2018-08-12 16:30:00,0.0256,9.6875,17.424384,2018-08-03,4.2,Oran
2018-08-12 17:00:00,0.0193,9.708333333333334,13.136352,2018-08-03,4.2,Oran
2018-08-12 17:30:00,0.0125,9.729166666666666,8.508000000000001,2018-08-03,4.2,Oran
2018-08-12 18:00:00,0.0061,9.75,4.151904,2018-08-03,4.2,Oran
2018-08-12 18:30:00,0.0011,9.770833333333334,0.748704,2018-08-03,4.2,Oran
2018-08-12 19:00:00,0.001,9.791666666666666,0.68064,2018-08-03,4.2,Oran
2018-08-12 19:30:00,0.001,9.8125,0.68064,2018-08-03,4.2,Oran
2018-08-12 20:00:00,0.0008,9.833333333333334,0.544512,2018-08-03,4.2,Oran
2018-08-12 20:30:00,0.0007,9.854166666666666,0.476448,2018-08-03,4.2,Oran
2018-08-12 21:00:00,0.0008,9.875,0.544512,2018-08-03,4.2,Oran
2018-08-12 21:30:00,0.0005,9.895833333333334,0.34032,2018-08-03,4.2,Oran
2018-08-12 22:00:00,0.00030000000000000003,9.916666666666666,0.204192,2018-08-03,4.2,Oran
2018-08-12 22:30:00,0.0005,9.9375,0.34032,2018-08-03,4.2,Oran
2018-08-12 23:00:00,0.0002,9.958333333333334,0.136128,2018-08-03,4.2,Oran
2018-08-12 23:30:00,0.0002,9.979166666666666,0.136128,2018-08-03,4.2,Oran
2018-08-11 00:00:00,0.0,0.0,0.0,2018-08-11,19.8,Oran
2018-08-11 00:30:00,0.0,0.020833333333333332,0.0,2018-08-11,19.8,Oran
2018-08-11 01:00:00,0.0,0.041666666666666664,0.0,2018-08-11,19.8,Oran
2018-08-11 01:30:00,0.0,0.0625,0.0,2018-08-11,19.8,Oran
2018-08-11 02:00:00,0.0,0.08333333333333333,0.0,2018-08-11,19.8,Oran
2018-08-11 02:30:00,0.0,0.10416666666666667,0.0,2018-08-11,19.8,Oran
2018-08-11 03:00:00,0.0,0.125,0.0,2018-08-11,19.8,Oran
2018-08-11 03:30:00,0.0,0.14583333333333334,0.0,2018-08-11,19.8,Oran
2018-08-11 04:00:00,0.0,0.16666666666666666,0.0,2018-08-11,19.8,Oran
2018-08-11 04:30:00,0.0,0.1875,0.0,2018-08-11,19.8,Oran
2018-08-11 05:00:00,0.0,0.20833333333333334,0.0,2018-08-11,19.8,Oran
2018-08-11 05:30:00,0.0,0.22916666666666666,0.0,2018-08-11,19.8,Oran
2018-08-11 06:00:00,0.001,0.25,0.68064,2018-08-11,19.8,Oran
2018-08-11 06:30:00,0.0038,0.2708333333333333,2.586432,2018-08-11,19.8,Oran
2018-08-11 07:00:00,0.0076,0.2916666666666667,5.172864,2018-08-11,19.8,Oran
2018-08-11 07:30:00,0.0128,0.3125,8.712192,2018-08-11,19.8,Oran
2018-08-11 08:00:00,0.018500000000000003,0.3333333333333333,12.591840000000001,2018-08-11,19.8,Oran
2018-08-11 08:30:00,0.025400000000000002,0.3541666666666667,17.288256,2018-08-11,19.8,Oran
2018-08-11 09:00:00,0.0328,0.375,22.324992,2018-08-11,19.8,Oran
2018-08-11 09:30:00,0.044000000000000004,0.3958333333333333,29.94816,2018-08-11,19.8,Oran
2018-08-11 10:00:00,0.053200000000000004,0.4166666666666667,36.210048,2018-08-11,19.8,Oran
2018-08-11 10:30:00,0.060500000000000005,0.4375,41.178720000000006,2018-08-11,19.8,Oran
2018-08-11 11:00:00,0.0631,0.4583333333333333,42.948384000000004,2018-08-11,19.8,Oran
2018-08-11 11:30:00,0.0644,0.4791666666666667,43.833216,2018-08-11,19.8,Oran
2018-08-11 12:00:00,0.0636,0.5,43.288704,2018-08-11,19.8,Oran
2018-08-11 12:30:00,0.06470000000000001,0.5208333333333334,44.037408000000006,2018-08-11,19.8,Oran
2018-08-11 13:00:00,0.06430000000000001,0.5416666666666666,43.76515200000001,2018-08-11,19.8,Oran
2018-08-11 13:30:00,0.0631,0.5625,42.948384000000004,2018-08-11,19.8,Oran
2018-08-11 14:00:00,0.0604,0.5833333333333334,41.110656,2018-08-11,19.8,Oran
2018-08-11 14:30:00,0.0541,0.6041666666666666,36.822624,2018-08-11,19.8,Oran
2018-08-11 15:00:00,0.046700000000000005,0.625,31.785888000000003,2018-08-11,19.8,Oran
2018-08-11 15:30:00,0.0395,0.6458333333333334,26.885279999999998,2018-08-11,19.8,Oran
2018-08-11 16:00:00,0.032,0.6666666666666666,21.78048,2018-08-11,19.8,Oran
2018-08-11 16:30:00,0.0238,0.6875,16.199232000000002,2018-08-11,19.8,Oran
2018-08-11 17:00:00,0.0167,0.7083333333333334,11.366688,2018-08-11,19.8,Oran
2018-08-11 17:30:00,0.010700000000000001,0.7291666666666666,7.282848,2018-08-11,19.8,Oran
2018-08-11 18:00:00,0.0046,0.75,3.130944,2018-08-11,19.8,Oran
2018-08-11 18:30:00,0.0008,0.7708333333333334,0.544512,2018-08-11,19.8,Oran
2018-08-11 19:00:00,0.0007,0.7916666666666666,0.476448,2018-08-11,19.8,Oran
2018-08-11 19:30:00,0.0006000000000000001,0.8125,0.408384,2018-08-11,19.8,Oran
2018-08-11 20:00:00,0.0006000000000000001,0.8333333333333334,0.408384,2018-08-11,19.8,Oran
2018-08-11 20:30:00,0.0005,0.8541666666666666,0.34032,2018-08-11,19.8,Oran
2018-08-11 21:00:00,0.0005,0.875,0.34032,2018-08-11,19.8,Oran
2018-08-11 21:30:00,0.0004,0.8958333333333334,0.272256,2018-08-11,19.8,Oran
2018-08-11 22:00:00,0.00030000000000000003,0.9166666666666666,0.204192,2018-08-11,19.8,Oran
2018-08-11 22:30:00,0.0001,0.9375,0.068064,2018-08-11,19.8,Oran
2018-08-11 23:00:00,0.0001,0.9583333333333334,0.068064,2018-08-11,19.8,Oran
2018-08-11 23:30:00,0.0001,0.9791666666666666,0.068064,2018-08-11,19.8,Oran
2018-08-12 00:00:00,0.0,1.0,0.0,2018-08-11,19.8,Oran
2018-08-12 00:30:00,0.0002,1.0208333333333333,0.136128,2018-08-11,19.8,Oran
2018-08-12 01:00:00,0.0002,1.0416666666666667,0.136128,2018-08-11,19.8,Oran
2018-08-12 01:30:00,0.0,1.0625,0.0,2018-08-11,19.8,Oran
2018-08-12 02:00:00,0.0,1.0833333333333333,0.0,2018-08-11,19.8,Oran
2018-08-12 02:30:00,0.0002,1.1041666666666667,0.136128,2018-08-11,19.8,Oran
2018-08-12 03:00:00,0.0,1.125,0.0,2018-08-11,19.8,Oran
2018-08-12 03:30:00,0.0,1.1458333333333333,0.0,2018-08-11,19.8,Oran
2018-08-12 04:00:00,0.0,1.1666666666666667,0.0,2018-08-11,19.8,Oran
2018-08-12 04:30:00,0.0,1.1875,0.0,2018-08-11,19.8,Oran
2018-08-12 05:00:00,0.0,1.2083333333333333,0.0,2018-08-11,19.8,Oran
2018-08-12 05:30:00,0.0,1.2291666666666667,0.0,2018-08-11,19.8,Oran
2018-08-12 06:00:00,0.0015,1.25,1.02096,2018-08-11,19.8,Oran
2018-08-12 06:30:00,0.005,1.2708333333333333,3.4032,2018-08-11,19.8,Oran
2018-08-12 07:00:00,0.0103,1.2916666666666667,7.010592,2018-08-11,19.8,Oran
2018-08-12 07:30:00,0.0177,1.3125,12.047328,2018-08-11,19.8,Oran
2018-08-12 08:00:00,0.026600000000000002,1.3333333333333333,18.105024,2018-08-11,19.8,Oran
2018-08-12 08:30:00,0.0363,1.3541666666666667,24.707231999999998,2018-08-11,19.8,Oran
2018-08-12 09:00:00,0.0471,1.375,32.058144,2018-08-11,19.8,Oran
2018-08-12 09:30:00,0.057600000000000005,1.3958333333333333,39.204864,2018-08-11,19.8,Oran
2018-08-12 10:00:00,0.0678,1.4166666666666667,46.147391999999996,2018-08-11,19.8,Oran
2018-08-12 10:30:00,0.0761,1.4375,51.796704,2018-08-11,19.8,Oran
2018-08-12 11:00:00,0.085,1.4583333333333333,57.854400000000005,2018-08-11,19.8,Oran
2018-08-12 11:30:00,0.0908,1.4791666666666667,61.802112,2018-08-11,19.8,Oran
2018-08-12 12:00:00,0.0888,1.5,60.440832,2018-08-11,19.8,Oran
2018-08-12 12:30:00,0.0857,1.5208333333333333,58.330847999999996,2018-08-11,19.8,Oran
2018-08-12 13:00:00,0.0213,1.5416666666666667,14.497632,2018-08-11,19.8,Oran
2018-08-12 13:30:00,0.0332,1.5625,22.597248,2018-08-11,19.8,Oran
2018-08-12 14:00:00,0.0229,1.5833333333333333,15.586656,2018-08-11,19.8,Oran
2018-08-12 14:30:00,0.0245,1.6041666666666667,16.67568,2018-08-11,19.8,Oran
2018-08-12 15:00:00,0.046900000000000004,1.625,31.922016000000003,2018-08-11,19.8,Oran
2018-08-12 15:30:00,0.0395,1.6458333333333333,26.885279999999998,2018-08-11,19.8,Oran
2018-08-12 16:00:00,0.031400000000000004,1.6666666666666667,21.372096000000003,2018-08-11,19.8,Oran
2018-08-12 16:30:00,0.0256,1.6875,17.424384,2018-08-11,19.8,Oran
2018-08-12 17:00:00,0.0193,1.7083333333333333,13.136352,2018-08-11,19.8,Oran
2018-08-12 17:30:00,0.0125,1.7291666666666667,8.508000000000001,2018-08-11,19.8,Oran
2018-08-12 18:00:00,0.0061,1.75,4.151904,2018-08-11,19.8,Oran
2018-08-12 18:30:00,0.0011,1.7708333333333333,0.748704,2018-08-11,19.8,Oran
2018-08-12 19:00:00,0.001,1.7916666666666667,0.68064,2018-08-11,19.8,Oran
2018-08-12 19:30:00,0.001,1.8125,0.68064,2018-08-11,19.8,Oran
2018-08-12 20:00:00,0.0008,1.8333333333333333,0.544512,2018-08-11,19.8,Oran
2018-08-12 20:30:00,0.0007,1.8541666666666667,0.476448,2018-08-11,19.8,Oran
2018-08-12 21:00:00,0.0008,1.875,0.544512,2018-08-11,19.8,Oran
2018-08-12 21:30:00,0.0005,1.8958333333333333,0.34032,2018-08-11,19.8,Oran
2018-08-12 22:00:00,0.00030000000000000003,1.9166666666666667,0.204192,2018-08-11,19.8,Oran
2018-08-12 22:30:00,0.0005,1.9375,0.34032,2018-08-11,19.8,Oran
2018-08-12 23:00:00,0.0002,1.9583333333333333,0.136128,2018-08-11,19.8,Oran
2018-08-12 23:30:00,0.0002,1.9791666666666667,0.136128,2018-08-11,19.8,Oran
2018-08-13 00:00:00,0.00030000000000000003,2.0,0.204192,2018-08-11,19.8,Oran
2018-08-13 00:30:00,0.00030000000000000003,2.0208333333333335,0.204192,2018-08-11,19.8,Oran
2018-08-13 01:00:00,0.0002,2.0416666666666665,0.136128,2018-08-11,19.8,Oran
2018-08-13 01:30:00,0.0002,2.0625,0.136128,2018-08-11,19.8,Oran
2018-08-13 02:00:00,0.0002,2.0833333333333335,0.136128,2018-08-11,19.8,Oran
2018-08-13 02:30:00,0.0005,2.1041666666666665,0.34032,2018-08-11,19.8,Oran
2018-08-13 03:00:00,0.0006000000000000001,2.125,0.408384,2018-08-11,19.8,Oran
2018-08-13 03:30:00,0.0006000000000000001,2.1458333333333335,0.408384,2018-08-11,19.8,Oran
2018-08-13 04:00:00,0.0002,2.1666666666666665,0.136128,2018-08-11,19.8,Oran
2018-08-13 04:30:00,0.00030000000000000003,2.1875,0.204192,2018-08-11,19.8,Oran
2018-08-13 05:00:00,0.00030000000000000003,2.2083333333333335,0.204192,2018-08-11,19.8,Oran
2018-08-13 05:30:00,0.0006000000000000001,2.2291666666666665,0.408384,2018-08-11,19.8,Oran
2018-08-13 06:00:00,0.0051,2.25,3.471264,2018-08-11,19.8,Oran
2018-08-13 06:30:00,0.0119,2.2708333333333335,8.099616000000001,2018-08-11,19.8,Oran
2018-08-13 07:00:00,0.0212,2.2916666666666665,14.429568,2018-08-11,19.8,Oran
2018-08-13 07:30:00,0.033100000000000004,2.3125,22.529184000000004,2018-08-11,19.8,Oran
2018-08-13 08:00:00,0.0089,2.3333333333333335,6.057696,2018-08-11,19.8,Oran
2018-08-13 08:30:00,0.061900000000000004,2.3541666666666665,42.131616,2018-08-11,19.8,Oran
2018-08-13 09:00:00,0.0752,2.375,51.184128,2018-08-11,19.8,Oran
2018-08-13 09:30:00,0.0868,2.3958333333333335,59.079552,2018-08-11,19.8,Oran
2018-08-13 10:00:00,0.0942,2.4166666666666665,64.116288,2018-08-11,19.8,Oran
2018-08-13 10:30:00,0.1067,2.4375,72.624288,2018-08-11,19.8,Oran
2018-08-13 11:00:00,0.11810000000000001,2.4583333333333335,80.383584,2018-08-11,19.8,Oran
2018-08-13 11:30:00,0.1264,2.4791666666666665,86.03289600000001,2018-08-11,19.8,Oran
2018-08-13 12:00:00,0.1338,2.5,91.069632,2018-08-11,19.8,Oran
2018-08-13 12:30:00,0.135,2.5208333333333335,91.88640000000001,2018-08-11,19.8,Oran
2018-08-13 13:00:00,0.1335,2.5416666666666665,90.86544,2018-08-11,19.8,Oran
2018-08-13 13:30:00,0.1279,2.5625,87.05385600000001,2018-08-11,19.8,Oran
2018-08-13 14:00:00,0.1202,2.5833333333333335,81.812928,2018-08-11,19.8,Oran
2018-08-13 14:30:00,0.10840000000000001,2.6041666666666665,73.78137600000001,2018-08-11,19.8,Oran
2018-08-13 15:00:00,0.09580000000000001,2.625,65.205312,2018-08-11,19.8,Oran
2018-08-13 15:30:00,0.0824,2.6458333333333335,56.084736,2018-08-11,19.8,Oran
2018-08-13 16:00:00,0.0688,2.6666666666666665,46.828032,2018-08-11,19.8,Oran
2018-08-13 16:30:00,0.0551,2.6875,37.503264,2018-08-11,19.8,Oran
2018-08-13 17:00:00,0.041800000000000004,2.7083333333333335,28.450752,2018-08-11,19.8,Oran
2018-08-13 17:30:00,0.0291,2.7291666666666665,19.806624,2018-08-11,19.8,Oran
2018-08-13 18:00:00,0.0177,2.75,12.047328,2018-08-11,19.8,Oran
2018-08-13 18:30:00,0.0033,2.7708333333333335,2.246112,2018-08-11,19.8,Oran
2018-08-13 19:00:00,0.0031000000000000003,2.7916666666666665,2.1099840000000003,2018-08-11,19.8,Oran
2018-08-13 19:30:00,0.003,2.8125,2.04192,2018-08-11,19.8,Oran
2018-08-13 20:00:00,0.0029000000000000002,2.8333333333333335,1.973856,2018-08-11,19.8,Oran
2018-08-13 20:30:00,0.0027,2.8541666666666665,1.837728,2018-08-11,19.8,Oran
2018-08-13 21:00:00,0.0026000000000000003,2.875,1.7696640000000001,2018-08-11,19.8,Oran
2018-08-13 21:30:00,0.0023,2.8958333333333335,1.565472,2018-08-11,19.8,Oran
2018-08-13 22:00:00,0.0021000000000000003,2.9166666666666665,1.4293440000000002,2018-08-11,19.8,Oran
2018-08-13 22:30:00,0.002,2.9375,1.36128,2018-08-11,19.8,Oran
2018-08-13 23:00:00,0.0019,2.9583333333333335,1.293216,2018-08-11,19.8,Oran
2018-08-13 23:30:00,0.0018000000000000002,2.9791666666666665,1.225152,2018-08-11,19.8,Oran
2018-08-14 00:00:00,0.0008,3.0,0.544512,2018-08-11,19.8,Oran
2018-08-14 00:30:00,0.0008,3.0208333333333335,0.544512,2018-08-11,19.8,Oran
2018-08-14 01:00:00,0.0008,3.0416666666666665,0.544512,2018-08-11,19.8,Oran
2018-08-14 01:30:00,0.0007,3.0625,0.476448,2018-08-11,19.8,Oran
2018-08-14 02:00:00,0.0006000000000000001,3.0833333333333335,0.408384,2018-08-11,19.8,Oran
2018-08-14 02:30:00,0.0006000000000000001,3.1041666666666665,0.408384,2018-08-11,19.8,Oran
2018-08-14 03:00:00,0.0006000000000000001,3.125,0.408384,2018-08-11,19.8,Oran
2018-08-14 03:30:00,0.0006000000000000001,3.1458333333333335,0.408384,2018-08-11,19.8,Oran
2018-08-14 04:00:00,0.0005,3.1666666666666665,0.34032,2018-08-11,19.8,Oran
2018-08-14 04:30:00,0.0004,3.1875,0.272256,2018-08-11,19.8,Oran
2018-08-14 05:00:00,0.0004,3.2083333333333335,0.272256,2018-08-11,19.8,Oran
2018-08-14 05:30:00,0.00030000000000000003,3.2291666666666665,0.204192,2018-08-11,19.8,Oran
2018-08-14 06:00:00,0.0025,3.25,1.7016,2018-08-11,19.8,Oran
2018-08-14 06:30:00,0.0059,3.2708333333333335,4.015776,2018-08-11,19.8,Oran
2018-08-14 07:00:00,0.0106,3.2916666666666665,7.214784,2018-08-11,19.8,Oran
2018-08-14 07:30:00,0.0173,3.3125,11.775072,2018-08-11,19.8,Oran
2018-08-14 08:00:00,0.025,3.3333333333333335,17.016000000000002,2018-08-11,19.8,Oran
2018-08-14 08:30:00,0.0345,3.3541666666666665,23.48208,2018-08-11,19.8,Oran
2018-08-14 09:00:00,0.0448,3.375,30.492672,2018-08-11,19.8,Oran
2018-08-14 09:30:00,0.0558,3.3958333333333335,37.979712,2018-08-11,19.8,Oran
2018-08-14 10:00:00,0.0664,3.4166666666666665,45.194496,2018-08-11,19.8,Oran
2018-08-14 10:30:00,0.0758,3.4375,51.592512000000006,2018-08-11,19.8,Oran
2018-08-14 11:00:00,0.08360000000000001,3.4583333333333335,56.901504,2018-08-11,19.8,Oran
2018-08-14 11:30:00,0.0883,3.4791666666666665,60.100512,2018-08-11,19.8,Oran
2018-08-14 12:00:00,0.09140000000000001,3.5,62.210496000000006,2018-08-11,19.8,Oran
2018-08-14 12:30:00,0.09280000000000001,3.5208333333333335,63.163392,2018-08-11,19.8,Oran
2018-08-14 13:00:00,0.0918,3.5416666666666665,62.482752000000005,2018-08-11,19.8,Oran
2018-08-14 13:30:00,0.0887,3.5625,60.372768,2018-08-11,19.8,Oran
2018-08-14 14:00:00,0.08370000000000001,3.5833333333333335,56.96956800000001,2018-08-11,19.8,Oran
2018-08-14 14:30:00,0.0758,3.6041666666666665,51.592512000000006,2018-08-11,19.8,Oran
2018-08-14 15:00:00,0.0668,3.625,45.466752,2018-08-11,19.8,Oran
2018-08-14 15:30:00,0.058100000000000006,3.6458333333333335,39.545184000000006,2018-08-11,19.8,Oran
2018-08-14 16:00:00,0.0475,3.6666666666666665,32.3304,2018-08-11,19.8,Oran
2018-08-14 16:30:00,0.0363,3.6875,24.707231999999998,2018-08-11,19.8,Oran
2018-08-14 17:00:00,0.0187,3.7083333333333335,12.727968,2018-08-11,19.8,Oran
2018-08-14 17:30:00,0.0044,3.7291666666666665,2.994816,2018-08-11,19.8,Oran
2018-08-14 18:00:00,0.0085,3.75,5.78544,2018-08-11,19.8,Oran
2018-08-14 18:30:00,0.0011,3.7708333333333335,0.748704,2018-08-11,19.8,Oran
2018-08-14 19:00:00,0.0009000000000000001,3.7916666666666665,0.612576,2018-08-11,19.8,Oran
2018-08-14 19:30:00,0.0007,3.8125,0.476448,2018-08-11,19.8,Oran
2018-08-14 20:00:00,0.0005,3.8333333333333335,0.34032,2018-08-11,19.8,Oran
2018-08-14 20:30:00,0.0004,3.8541666666666665,0.272256,2018-08-11,19.8,Oran
2018-08-14 21:00:00,0.00030000000000000003,3.875,0.204192,2018-08-11,19.8,Oran
2018-08-14 21:30:00,0.0001,3.8958333333333335,0.068064,2018-08-11,19.8,Oran
2018-08-14 22:00:00,0.0,3.9166666666666665,0.0,2018-08-11,19.8,Oran
2018-08-14 22:30:00,0.0,3.9375,0.0,2018-08-11,19.8,Oran
2018-08-14 23:00:00,0.0,3.9583333333333335,0.0,2018-08-11,19.8,Oran
2018-08-14 23:30:00,0.0001,3.9791666666666665,0.068064,2018-08-11,19.8,Oran
2018-08-15 00:00:00,0.0,4.0,0.0,2018-08-11,19.8,Oran
2018-08-15 00:30:00,0.0,4.020833333333333,0.0,2018-08-11,19.8,Oran
2018-08-15 01:00:00,0.0,4.041666666666667,0.0,2018-08-11,19.8,Oran
2018-08-15 01:30:00,0.0,4.0625,0.0,2018-08-11,19.8,Oran
2018-08-15 02:00:00,0.0,4.083333333333333,0.0,2018-08-11,19.8,Oran
2018-08-15 02:30:00,0.0,4.104166666666667,0.0,2018-08-11,19.8,Oran
2018-08-15 03:00:00,0.0,4.125,0.0,2018-08-11,19.8,Oran
2018-08-15 03:30:00,0.0,4.145833333333333,0.0,2018-08-11,19.8,Oran
2018-08-15 04:00:00,0.0,4.166666666666667,0.0,2018-08-11,19.8,Oran
2018-08-15 04:30:00,0.0,4.1875,0.0,2018-08-11,19.8,Oran
2018-08-15 05:00:00,0.0,4.208333333333333,0.0,2018-08-11,19.8,Oran
2018-08-15 05:30:00,0.0,4.229166666666667,0.0,2018-08-11,19.8,Oran
2018-08-15 06:00:00,0.00030000000000000003,4.25,0.204192,2018-08-11,19.8,Oran
2018-08-15 06:30:00,0.0013000000000000002,4.270833333333333,0.8848320000000001,2018-08-11,19.8,Oran
2018-08-15 07:00:00,0.0025,4.291666666666667,1.7016,2018-08-11,19.8,Oran
2018-08-15 07:30:00,0.004200000000000001,4.3125,2.8586880000000003,2018-08-11,19.8,Oran
2018-08-15 08:00:00,0.0057,4.333333333333333,3.879648,2018-08-11,19.8,Oran
2018-08-15 08:30:00,0.007,4.354166666666667,4.76448,2018-08-11,19.8,Oran
2018-08-15 09:00:00,0.0111,4.375,7.555104,2018-08-11,19.8,Oran
2018-08-15 09:30:00,0.014400000000000001,4.395833333333333,9.801216,2018-08-11,19.8,Oran
2018-08-15 10:00:00,0.018500000000000003,4.416666666666667,12.591840000000001,2018-08-11,19.8,Oran
2018-08-15 10:30:00,0.020900000000000002,4.4375,14.225376,2018-08-11,19.8,Oran
2018-08-15 11:00:00,0.023,4.458333333333333,15.65472,2018-08-11,19.8,Oran
2018-08-15 11:30:00,0.024900000000000002,4.479166666666667,16.947936000000002,2018-08-11,19.8,Oran
2018-08-15 12:00:00,0.0262,4.5,17.832768,2018-08-11,19.8,Oran
2018-08-15 12:30:00,0.0269,4.520833333333333,18.309216,2018-08-11,19.8,Oran
2018-08-15 13:00:00,0.0269,4.541666666666667,18.309216,2018-08-11,19.8,Oran
2018-08-15 13:30:00,0.0252,4.5625,17.152128,2018-08-11,19.8,Oran
2018-08-15 14:00:00,0.0235,4.583333333333333,15.99504,2018-08-11,19.8,Oran
2018-08-15 14:30:00,0.016900000000000002,4.604166666666667,11.502816000000001,2018-08-11,19.8,Oran
2018-08-15 15:00:00,0.0094,4.625,6.398016,2018-08-11,19.8,Oran
2018-08-15 15:30:00,0.005,4.645833333333333,3.4032,2018-08-11,19.8,Oran
2018-08-15 16:00:00,0.0027,4.666666666666667,1.837728,2018-08-11,19.8,Oran
2018-08-15 16:30:00,0.0006000000000000001,4.6875,0.408384,2018-08-11,19.8,Oran
2018-08-15 17:00:00,0.00030000000000000003,4.708333333333333,0.204192,2018-08-11,19.8,Oran
2018-08-15 17:30:00,0.00030000000000000003,4.729166666666667,0.204192,2018-08-11,19.8,Oran
2018-08-15 18:00:00,0.00030000000000000003,4.75,0.204192,2018-08-11,19.8,Oran
2018-08-15 18:30:00,0.00030000000000000003,4.770833333333333,0.204192,2018-08-11,19.8,Oran
2018-08-15 19:00:00,0.00030000000000000003,4.791666666666667,0.204192,2018-08-11,19.8,Oran
2018-08-15 19:30:00,0.00030000000000000003,4.8125,0.204192,2018-08-11,19.8,Oran
2018-08-15 20:00:00,0.0002,4.833333333333333,0.136128,2018-08-11,19.8,Oran
2018-08-15 20:30:00,0.0002,4.854166666666667,0.136128,2018-08-11,19.8,Oran
2018-08-15 21:00:00,0.0002,4.875,0.136128,2018-08-11,19.8,Oran
2018-08-15 21:30:00,0.0001,4.895833333333333,0.068064,2018-08-11,19.8,Oran
2018-08-15 22:00:00,0.0001,4.916666666666667,0.068064,2018-08-11,19.8,Oran
2018-08-15 22:30:00,0.0001,4.9375,0.068064,2018-08-11,19.8,Oran
2018-08-15 23:00:00,0.0001,4.958333333333333,0.068064,2018-08-11,19.8,Oran
2018-08-15 23:30:00,0.0,4.979166666666667,0.0,2018-08-11,19.8,Oran
2018-08-16 00:00:00,0.0002,5.0,0.136128,2018-08-11,19.8,Oran
2018-08-16 00:30:00,0.0002,5.020833333333333,0.136128,2018-08-11,19.8,Oran
2018-08-16 01:00:00,0.0002,5.041666666666667,0.136128,2018-08-11,19.8,Oran
2018-08-16 01:30:00,0.0002,5.0625,0.136128,2018-08-11,19.8,Oran
2018-08-16 02:00:00,0.0002,5.083333333333333,0.136128,2018-08-11,19.8,Oran
2018-08-16 02:30:00,0.0002,5.104166666666667,0.136128,2018-08-11,19.8,Oran
2018-08-16 03:00:00,0.0001,5.125,0.068064,2018-08-11,19.8,Oran
2018-08-16 03:30:00,0.0,5.145833333333333,0.0,2018-08-11,19.8,Oran
2018-08-16 04:00:00,0.0001,5.166666666666667,0.068064,2018-08-11,19.8,Oran
2018-08-16 04:30:00,0.0,5.1875,0.0,2018-08-11,19.8,Oran
2018-08-16 05:00:00,0.0002,5.208333333333333,0.136128,2018-08-11,19.8,Oran
2018-08-16 05:30:00,0.0002,5.229166666666667,0.136128,2018-08-11,19.8,Oran
2018-08-16 06:00:00,0.0002,5.25,0.136128,2018-08-11,19.8,Oran
2018-08-16 06:30:00,0.0002,5.270833333333333,0.136128,2018-08-11,19.8,Oran
2018-08-16 07:00:00,0.0054,5.291666666666667,3.675456,2018-08-11,19.8,Oran
2018-08-16 07:30:00,0.0118,5.3125,8.031552,2018-08-11,19.8,Oran
2018-08-16 08:00:00,0.0118,5.333333333333333,8.031552,2018-08-11,19.8,Oran
2018-08-16 08:30:00,0.029900000000000003,5.354166666666667,20.351136,2018-08-11,19.8,Oran
2018-08-16 09:00:00,0.032600000000000004,5.375,22.188864000000002,2018-08-11,19.8,Oran
2018-08-16 09:30:00,0.0461,5.395833333333333,31.377504000000002,2018-08-11,19.8,Oran
2018-08-16 10:00:00,0.0818,5.416666666666667,55.676351999999994,2018-08-11,19.8,Oran
2018-08-16 10:30:00,0.091,5.4375,61.93824,2018-08-11,19.8,Oran
2018-08-16 11:00:00,0.0985,5.458333333333333,67.04304,2018-08-11,19.8,Oran
2018-08-16 11:30:00,0.1028,5.479166666666667,69.969792,2018-08-11,19.8,Oran
2018-08-16 12:00:00,0.10490000000000001,5.5,71.399136,2018-08-11,19.8,Oran
2018-08-16 12:30:00,0.0845,5.520833333333333,57.51408,2018-08-11,19.8,Oran
2018-08-16 13:00:00,0.0123,5.541666666666667,8.371872,2018-08-11,19.8,Oran
2018-08-16 13:30:00,0.0056,5.5625,3.811584,2018-08-11,19.8,Oran
2018-08-16 14:00:00,0.0031000000000000003,5.583333333333333,2.1099840000000003,2018-08-11,19.8,Oran
2018-08-16 14:30:00,0.0043,5.604166666666667,2.926752,2018-08-11,19.8,Oran
2018-08-16 15:00:00,0.0329,5.625,22.393055999999998,2018-08-11,19.8,Oran
2018-08-16 15:30:00,0.041600000000000005,5.645833333333333,28.314624000000002,2018-08-11,19.8,Oran
2018-08-16 16:00:00,0.008,5.666666666666667,5.44512,2018-08-11,19.8,Oran
2018-08-16 16:30:00,0.0058000000000000005,5.6875,3.947712,2018-08-11,19.8,Oran
2018-08-16 17:00:00,0.0059,5.708333333333333,4.015776,2018-08-11,19.8,Oran
2018-08-16 17:30:00,0.0007,5.729166666666667,0.476448,2018-08-11,19.8,Oran
2018-08-16 18:00:00,0.0009000000000000001,5.75,0.612576,2018-08-11,19.8,Oran
2018-08-16 18:30:00,0.0006000000000000001,5.770833333333333,0.408384,2018-08-11,19.8,Oran
2018-08-16 19:00:00,0.0005,5.791666666666667,0.34032,2018-08-11,19.8,Oran
2018-08-16 19:30:00,0.0005,5.8125,0.34032,2018-08-11,19.8,Oran
2018-08-16 20:00:00,0.0005,5.833333333333333,0.34032,2018-08-11,19.8,Oran
2018-08-16 20:30:00,0.0005,5.854166666666667,0.34032,2018-08-11,19.8,Oran
2018-08-16 21:00:00,0.0004,5.875,0.272256,2018-08-11,19.8,Oran
2018-08-16 21:30:00,0.0005,5.895833333333333,0.34032,2018-08-11,19.8,Oran
2018-08-16 22:00:00,0.0005,5.916666666666667,0.34032,2018-08-11,19.8,Oran
2018-08-16 22:30:00,0.0005,5.9375,0.34032,2018-08-11,19.8,Oran
2018-08-16 23:00:00,0.0006000000000000001,5.958333333333333,0.408384,2018-08-11,19.8,Oran
2018-08-16 23:30:00,0.0005,5.979166666666667,0.34032,2018-08-11,19.8,Oran
2018-08-17 00:00:00,0.0011,6.0,0.748704,2018-08-11,19.8,Oran
2018-08-17 00:30:00,0.001,6.020833333333333,0.68064,2018-08-11,19.8,Oran
2018-08-17 01:00:00,0.0012000000000000001,6.041666666666667,0.816768,2018-08-11,19.8,Oran
2018-08-17 01:30:00,0.0011,6.0625,0.748704,2018-08-11,19.8,Oran
2018-08-17 02:00:00,0.0011,6.083333333333333,0.748704,2018-08-11,19.8,Oran
2018-08-17 02:30:00,0.0011,6.104166666666667,0.748704,2018-08-11,19.8,Oran
2018-08-17 03:00:00,0.0012000000000000001,6.125,0.816768,2018-08-11,19.8,Oran
2018-08-17 03:30:00,0.0012000000000000001,6.145833333333333,0.816768,2018-08-11,19.8,Oran
2018-08-17 04:00:00,0.0012000000000000001,6.166666666666667,0.816768,2018-08-11,19.8,Oran
2018-08-17 04:30:00,0.0011,6.1875,0.748704,2018-08-11,19.8,Oran
2018-08-17 05:00:00,0.0008,6.208333333333333,0.544512,2018-08-11,19.8,Oran
2018-08-17 05:30:00,0.001,6.229166666666667,0.68064,2018-08-11,19.8,Oran
2018-08-17 06:00:00,0.0053,6.25,3.607392,2018-08-11,19.8,Oran
2018-08-17 06:30:00,0.0053,6.270833333333333,3.607392,2018-08-11,19.8,Oran
2018-08-17 07:00:00,0.009600000000000001,6.291666666666667,6.534144,2018-08-11,19.8,Oran
2018-08-17 07:30:00,0.0211,6.3125,14.361504,2018-08-11,19.8,Oran
2018-08-17 08:00:00,0.0219,6.333333333333333,14.906016,2018-08-11,19.8,Oran
2018-08-17 08:30:00,0.0422,6.354166666666667,28.723008,2018-08-11,19.8,Oran
2018-08-17 09:00:00,0.1037,6.375,70.582368,2018-08-11,19.8,Oran
2018-08-17 09:30:00,0.058100000000000006,6.395833333333333,39.545184000000006,2018-08-11,19.8,Oran
2018-08-17 10:00:00,0.1376,6.416666666666667,93.656064,2018-08-11,19.8,Oran
2018-08-17 10:30:00,0.1559,6.4375,106.111776,2018-08-11,19.8,Oran
2018-08-17 11:00:00,0.1719,6.458333333333333,117.002016,2018-08-11,19.8,Oran
2018-08-17 11:30:00,0.1809,6.479166666666667,123.127776,2018-08-11,19.8,Oran
2018-08-17 12:00:00,0.1751,6.5,119.180064,2018-08-11,19.8,Oran
2018-08-17 12:30:00,0.17650000000000002,6.520833333333333,120.13296000000001,2018-08-11,19.8,Oran
2018-08-17 13:00:00,0.16970000000000002,6.541666666666667,115.504608,2018-08-11,19.8,Oran
2018-08-17 13:30:00,0.1499,6.5625,102.027936,2018-08-11,19.8,Oran
2018-08-17 14:00:00,0.1202,6.583333333333333,81.812928,2018-08-11,19.8,Oran
2018-08-17 14:30:00,0.10880000000000001,6.604166666666667,74.05363200000001,2018-08-11,19.8,Oran
2018-08-17 15:00:00,0.07300000000000001,6.625,49.68672000000001,2018-08-11,19.8,Oran
2018-08-17 15:30:00,0.0366,6.645833333333333,24.911424,2018-08-11,19.8,Oran
2018-08-17 16:00:00,0.058300000000000005,6.666666666666667,39.681312000000005,2018-08-11,19.8,Oran
2018-08-17 16:30:00,0.0417,6.6875,28.382688,2018-08-11,19.8,Oran
2018-08-17 17:00:00,0.0023,6.708333333333333,1.565472,2018-08-11,19.8,Oran
2018-08-17 17:30:00,0.0023,6.729166666666667,1.565472,2018-08-11,19.8,Oran
2018-08-17 18:00:00,0.0022,6.75,1.497408,2018-08-11,19.8,Oran
2018-08-17 18:30:00,0.002,6.770833333333333,1.36128,2018-08-11,19.8,Oran
2018-08-17 19:00:00,0.0018000000000000002,6.791666666666667,1.225152,2018-08-11,19.8,Oran
2018-08-17 19:30:00,0.0015,6.8125,1.02096,2018-08-11,19.8,Oran
2018-08-17 20:00:00,0.0013000000000000002,6.833333333333333,0.8848320000000001,2018-08-11,19.8,Oran
2018-08-17 20:30:00,0.0012000000000000001,6.854166666666667,0.816768,2018-08-11,19.8,Oran
2018-08-17 21:00:00,0.0011,6.875,0.748704,2018-08-11,19.8,Oran
2018-08-17 21:30:00,0.0006000000000000001,6.895833333333333,0.408384,2018-08-11,19.8,Oran
2018-08-17 22:00:00,0.0007,6.916666666666667,0.476448,2018-08-11,19.8,Oran
2018-08-17 22:30:00,0.0006000000000000001,6.9375,0.408384,2018-08-11,19.8,Oran
2018-08-17 23:00:00,0.0005,6.958333333333333,0.34032,2018-08-11,19.8,Oran
2018-08-17 23:30:00,0.0,6.979166666666667,0.0,2018-08-11,19.8,Oran
2018-08-18 00:00:00,0.0,7.0,0.0,2018-08-11,19.8,Oran
2018-08-18 00:30:00,0.0016,7.020833333333333,1.089024,2018-08-11,19.8,Oran
2018-08-18 01:00:00,0.0,7.041666666666667,0.0,2018-08-11,19.8,Oran
2018-08-18 01:30:00,0.0,7.0625,0.0,2018-08-11,19.8,Oran
2018-08-18 02:00:00,0.0,7.083333333333333,0.0,2018-08-11,19.8,Oran
2018-08-18 02:30:00,0.0012000000000000001,7.104166666666667,0.816768,2018-08-11,19.8,Oran
2018-08-18 03:00:00,0.0012000000000000001,7.125,0.816768,2018-08-11,19.8,Oran
2018-08-18 03:30:00,0.0,7.145833333333333,0.0,2018-08-11,19.8,Oran
2018-08-18 04:00:00,0.0007,7.166666666666667,0.476448,2018-08-11,19.8,Oran
2018-08-18 04:30:00,0.0006000000000000001,7.1875,0.408384,2018-08-11,19.8,Oran
2018-08-18 05:00:00,0.0,7.208333333333333,0.0,2018-08-11,19.8,Oran
2018-08-18 05:30:00,0.0,7.229166666666667,0.0,2018-08-11,19.8,Oran
2018-08-18 06:00:00,0.0039000000000000003,7.25,2.654496,2018-08-11,19.8,Oran
2018-08-18 06:30:00,0.0114,7.270833333333333,7.759296,2018-08-11,19.8,Oran
2018-08-18 07:00:00,0.028900000000000002,7.291666666666667,19.670496,2018-08-11,19.8,Oran
2018-08-18 07:30:00,0.05,7.3125,34.032000000000004,2018-08-11,19.8,Oran
2018-08-18 08:00:00,0.07300000000000001,7.333333333333333,49.68672000000001,2018-08-11,19.8,Oran
2018-08-18 08:30:00,0.09530000000000001,7.354166666666667,64.864992,2018-08-11,19.8,Oran
2018-08-18 09:00:00,0.11860000000000001,7.375,80.723904,2018-08-11,19.8,Oran
2018-08-18 09:30:00,0.1492,7.395833333333333,101.55148799999999,2018-08-11,19.8,Oran
2018-08-18 10:00:00,0.1791,7.416666666666667,121.902624,2018-08-11,19.8,Oran
2018-08-18 10:30:00,0.2029,7.4375,138.101856,2018-08-11,19.8,Oran
2018-08-18 11:00:00,0.22410000000000002,7.458333333333333,152.53142400000002,2018-08-11,19.8,Oran
2018-08-18 11:30:00,0.24050000000000002,7.479166666666667,163.69392000000002,2018-08-11,19.8,Oran
2018-08-18 12:00:00,0.2514,7.5,171.112896,2018-08-11,19.8,Oran
2018-08-18 12:30:00,0.25070000000000003,7.520833333333333,170.63644800000003,2018-08-11,19.8,Oran
2018-08-18 13:00:00,0.253,7.541666666666667,172.20192,2018-08-11,19.8,Oran
2018-08-18 13:30:00,0.2378,7.5625,161.856192,2018-08-11,19.8,Oran
2018-08-18 14:00:00,0.0839,7.583333333333333,57.105696,2018-08-11,19.8,Oran
2018-08-18 14:30:00,0.0438,7.604166666666667,29.812032,2018-08-11,19.8,Oran
2018-08-18 15:00:00,0.0858,7.625,58.398912,2018-08-11,19.8,Oran
2018-08-18 15:30:00,0.0913,7.645833333333333,62.142432,2018-08-11,19.8,Oran
2018-08-18 16:00:00,0.0083,7.666666666666667,5.649312,2018-08-11,19.8,Oran
2018-08-18 16:30:00,0.0073,7.6875,4.968672,2018-08-11,19.8,Oran
2018-08-18 17:00:00,0.006500000000000001,7.708333333333333,4.4241600000000005,2018-08-11,19.8,Oran
2018-08-18 17:30:00,0.0068000000000000005,7.729166666666667,4.6283520000000005,2018-08-11,19.8,Oran
2018-08-18 18:00:00,0.012700000000000001,7.75,8.644128,2018-08-11,19.8,Oran
2018-08-18 18:30:00,0.004,7.770833333333333,2.72256,2018-08-11,19.8,Oran
2018-08-18 19:00:00,0.0034000000000000002,7.791666666666667,2.3141760000000002,2018-08-11,19.8,Oran
2018-08-18 19:30:00,0.0028,7.8125,1.905792,2018-08-11,19.8,Oran
2018-08-18 20:00:00,0.0037,7.833333333333333,2.518368,2018-08-11,19.8,Oran
2018-08-18 20:30:00,0.0018000000000000002,7.854166666666667,1.225152,2018-08-11,19.8,Oran
2018-08-18 21:00:00,0.0014,7.875,0.952896,2018-08-11,19.8,Oran
2018-08-18 21:30:00,0.0012000000000000001,7.895833333333333,0.816768,2018-08-11,19.8,Oran
2018-08-18 22:00:00,0.0032,7.916666666666667,2.178048,2018-08-11,19.8,Oran
2018-08-18 22:30:00,0.0005,7.9375,0.34032,2018-08-11,19.8,Oran
2018-08-18 23:00:00,0.0,7.958333333333333,0.0,2018-08-11,19.8,Oran
2018-08-18 23:30:00,0.0,7.979166666666667,0.0,2018-08-11,19.8,Oran
2018-08-19 00:00:00,0.002,8.0,1.36128,2018-08-11,19.8,Oran
2018-08-19 00:30:00,0.0017000000000000001,8.020833333333334,1.1570880000000001,2018-08-11,19.8,Oran
2018-08-19 01:00:00,0.0013000000000000002,8.041666666666666,0.8848320000000001,2018-08-11,19.8,Oran
2018-08-19 01:30:00,0.0,8.0625,0.0,2018-08-11,19.8,Oran
2018-08-19 02:00:00,0.0,8.083333333333334,0.0,2018-08-11,19.8,Oran
2018-08-19 02:30:00,0.0,8.104166666666666,0.0,2018-08-11,19.8,Oran
2018-08-19 03:00:00,0.0,8.125,0.0,2018-08-11,19.8,Oran
2018-08-19 03:30:00,0.0,8.145833333333334,0.0,2018-08-11,19.8,Oran
2018-08-19 04:00:00,0.0,8.166666666666666,0.0,2018-08-11,19.8,Oran
2018-08-19 04:30:00,0.0,8.1875,0.0,2018-08-11,19.8,Oran
2018-08-19 05:00:00,0.0,8.208333333333334,0.0,2018-08-11,19.8,Oran
2018-08-19 05:30:00,0.0007,8.229166666666666,0.476448,2018-08-11,19.8,Oran
2018-08-19 06:00:00,0.0057,8.25,3.879648,2018-08-11,19.8,Oran
2018-08-19 06:30:00,0.018500000000000003,8.270833333333334,12.591840000000001,2018-08-11,19.8,Oran
2018-08-19 07:00:00,0.0374,8.291666666666666,25.455936,2018-08-11,19.8,Oran
2018-08-19 07:30:00,0.0608,8.3125,41.382912,2018-08-11,19.8,Oran
2018-08-19 08:00:00,0.0858,8.333333333333334,58.398912,2018-08-11,19.8,Oran
2018-08-19 08:30:00,0.1135,8.354166666666666,77.25264,2018-08-11,19.8,Oran
2018-08-19 09:00:00,0.125,8.375,85.08,2018-08-11,19.8,Oran
2018-08-19 09:30:00,0.132,8.395833333333334,89.84448,2018-08-11,19.8,Oran
2018-08-19 10:00:00,0.16190000000000002,8.416666666666666,110.19561600000002,2018-08-11,19.8,Oran
2018-08-19 10:30:00,0.19290000000000002,8.4375,131.295456,2018-08-11,19.8,Oran
2018-08-19 11:00:00,0.23820000000000002,8.458333333333334,162.12844800000002,2018-08-11,19.8,Oran
2018-08-19 11:30:00,0.2437,8.479166666666666,165.871968,2018-08-11,19.8,Oran
2018-08-19 12:00:00,0.27290000000000003,8.5,185.74665600000003,2018-08-11,19.8,Oran
2018-08-19 12:30:00,0.2745,8.520833333333334,186.83568000000002,2018-08-11,19.8,Oran
2018-08-19 13:00:00,0.2722,8.541666666666666,185.270208,2018-08-11,19.8,Oran
2018-08-19 13:30:00,0.24780000000000002,8.5625,168.66259200000002,2018-08-11,19.8,Oran
2018-08-19 14:00:00,0.24760000000000001,8.583333333333334,168.526464,2018-08-11,19.8,Oran
2018-08-19 14:30:00,0.2335,8.604166666666666,158.92944,2018-08-11,19.8,Oran
2018-08-19 15:00:00,0.2081,8.625,141.641184,2018-08-11,19.8,Oran
2018-08-19 15:30:00,0.1773,8.645833333333334,120.67747200000001,2018-08-11,19.8,Oran
2018-08-19 16:00:00,0.13090000000000002,8.666666666666666,89.09577600000001,2018-08-11,19.8,Oran
2018-08-19 16:30:00,0.1047,8.6875,71.263008,2018-08-11,19.8,Oran
2018-08-19 17:00:00,0.0876,8.708333333333334,59.624064,2018-08-11,19.8,Oran
2018-08-19 17:30:00,0.031200000000000002,8.729166666666666,21.235968,2018-08-11,19.8,Oran
2018-08-19 18:00:00,0.031,8.75,21.09984,2018-08-11,19.8,Oran
2018-08-19 18:30:00,0.0095,8.770833333333334,6.46608,2018-08-11,19.8,Oran
2018-08-19 19:00:00,0.0081,8.791666666666666,5.513184,2018-08-11,19.8,Oran
2018-08-19 19:30:00,0.0071,8.8125,4.832544,2018-08-11,19.8,Oran
2018-08-19 20:00:00,0.0061,8.833333333333334,4.151904,2018-08-11,19.8,Oran
2018-08-19 20:30:00,0.0051,8.854166666666666,3.471264,2018-08-11,19.8,Oran
2018-08-19 21:00:00,0.0041,8.875,2.790624,2018-08-11,19.8,Oran
2018-08-19 21:30:00,0.003,8.895833333333334,2.04192,2018-08-11,19.8,Oran
2018-08-19 22:00:00,0.002,8.916666666666666,1.36128,2018-08-11,19.8,Oran
2018-08-19 22:30:00,0.0015,8.9375,1.02096,2018-08-11,19.8,Oran
2018-08-19 23:00:00,0.001,8.958333333333334,0.68064,2018-08-11,19.8,Oran
2018-08-19 23:30:00,0.0005,8.979166666666666,0.34032,2018-08-11,19.8,Oran
2018-08-20 00:00:00,0.0001,9.0,0.068064,2018-08-11,19.8,Oran
2018-08-20 00:30:00,0.0,9.020833333333334,0.0,2018-08-11,19.8,Oran
2018-08-20 01:00:00,0.0,9.041666666666666,0.0,2018-08-11,19.8,Oran
2018-08-20 01:30:00,0.0,9.0625,0.0,2018-08-11,19.8,Oran
2018-08-20 02:00:00,0.0,9.083333333333334,0.0,2018-08-11,19.8,Oran
2018-08-20 02:30:00,0.0,9.104166666666666,0.0,2018-08-11,19.8,Oran
2018-08-20 03:00:00,0.0,9.125,0.0,2018-08-11,19.8,Oran
2018-08-20 03:30:00,0.0,9.145833333333334,0.0,2018-08-11,19.8,Oran
2018-08-20 04:00:00,0.0,9.166666666666666,0.0,2018-08-11,19.8,Oran
2018-08-20 04:30:00,0.0,9.1875,0.0,2018-08-11,19.8,Oran
2018-08-20 05:00:00,0.0,9.208333333333334,0.0,2018-08-11,19.8,Oran
2018-08-20 05:30:00,0.0,9.229166666666666,0.0,2018-08-11,19.8,Oran
2018-08-20 06:00:00,0.0027,9.25,1.837728,2018-08-11,19.8,Oran
2018-08-20 06:30:00,0.0149,9.270833333333334,10.141536,2018-08-11,19.8,Oran
2018-08-20 07:00:00,0.0332,9.291666666666666,22.597248,2018-08-11,19.8,Oran
2018-08-20 07:30:00,0.0603,9.3125,41.042592,2018-08-11,19.8,Oran
2018-08-20 08:00:00,0.0917,9.333333333333334,62.414688,2018-08-11,19.8,Oran
2018-08-20 08:30:00,0.12430000000000001,9.354166666666666,84.60355200000001,2018-08-11,19.8,Oran
2018-08-20 09:00:00,0.1584,9.375,107.813376,2018-08-11,19.8,Oran
2018-08-20 09:30:00,0.1913,9.395833333333334,130.206432,2018-08-11,19.8,Oran
2018-08-20 10:00:00,0.22190000000000001,9.416666666666666,151.034016,2018-08-11,19.8,Oran
2018-08-20 10:30:00,0.2452,9.4375,166.89292799999998,2018-08-11,19.8,Oran
2018-08-20 11:00:00,0.2641,9.458333333333334,179.757024,2018-08-11,19.8,Oran
2018-08-20 11:30:00,0.2752,9.479166666666666,187.312128,2018-08-11,19.8,Oran
2018-08-20 12:00:00,0.2783,9.5,189.422112,2018-08-11,19.8,Oran
2018-08-20 12:30:00,0.2795,9.520833333333334,190.23888000000002,2018-08-11,19.8,Oran
2018-08-20 13:00:00,0.275,9.541666666666666,187.17600000000002,2018-08-11,19.8,Oran
2018-08-20 13:30:00,0.26630000000000004,9.5625,181.254432,2018-08-11,19.8,Oran
2018-08-20 14:00:00,0.2526,9.583333333333334,171.929664,2018-08-11,19.8,Oran
2018-08-20 14:30:00,0.2331,9.604166666666666,158.657184,2018-08-11,19.8,Oran
2018-08-20 15:00:00,0.20800000000000002,9.625,141.57312000000002,2018-08-11,19.8,Oran
2018-08-20 15:30:00,0.17950000000000002,9.645833333333334,122.17488000000002,2018-08-11,19.8,Oran
2018-08-20 16:00:00,0.1497,9.666666666666666,101.891808,2018-08-11,19.8,Oran
2018-08-20 16:30:00,0.11910000000000001,9.6875,81.06422400000001,2018-08-11,19.8,Oran
2018-08-20 17:00:00,0.0892,9.708333333333334,60.713088,2018-08-11,19.8,Oran
2018-08-20 17:30:00,0.060200000000000004,9.729166666666666,40.974528,2018-08-11,19.8,Oran
2018-08-20 18:00:00,0.035500000000000004,9.75,24.162720000000004,2018-08-11,19.8,Oran
2018-08-20 18:30:00,0.012100000000000001,9.770833333333334,8.235744,2018-08-11,19.8,Oran
2018-08-20 19:00:00,0.0109,9.791666666666666,7.418976,2018-08-11,19.8,Oran
2018-08-20 19:30:00,0.0095,9.8125,6.46608,2018-08-11,19.8,Oran
2018-08-20 20:00:00,0.0082,9.833333333333334,5.581248,2018-08-11,19.8,Oran
2018-08-20 20:30:00,0.0071,9.854166666666666,4.832544,2018-08-11,19.8,Oran
2018-08-20 21:00:00,0.0061,9.875,4.151904,2018-08-11,19.8,Oran
2018-08-20 21:30:00,0.005200000000000001,9.895833333333334,3.5393280000000003,2018-08-11,19.8,Oran
2018-08-20 22:00:00,0.0043,9.916666666666666,2.926752,2018-08-11,19.8,Oran
2018-08-20 22:30:00,0.0039000000000000003,9.9375,2.654496,2018-08-11,19.8,Oran
2018-08-20 23:00:00,0.0035,9.958333333333334,2.38224,2018-08-11,19.8,Oran
2018-08-20 23:30:00,0.0032,9.979166666666666,2.178048,2018-08-11,19.8,Oran
