date,site,SWC,LE,H,G,Rn,EF,VPD_ec,ET,VPD,NDWI_s2,NDWI_anom,GWS_cm,group_le,group
2020-06-18,Tarazona,10.45698924731183,177.0648379310345,49.50357236551724,34.5384903209876,306.7962621483376,0.6503573313724125,1858.293266758621,0.2741339996428571,16.558481,0.08759126574741996,-0.0571973756392444,-2.4620259121497208,surface_dependent,compound_dry
2020-06-19,Tarazona,9.896874999999989,184.8817817241379,34.57329896551724,48.23721966790129,305.8360858541317,0.7177119389589166,2031.456286206896,0.2670783288888889,16.989874,0.0770366724095495,-0.06775196897711486,-2.525338587378033,surface_dependent,compound_dry
2020-06-20,Tarazona,9.7875,250.9446705263158,13.43192478947369,38.27815100000026,342.1300749956733,0.8258781686368041,2769.873540350877,0.3866488241818182,23.834852,0.08182209623857281,-0.06296654514809155,-2.5886512626063456,deep_access,true_drought
2020-06-21,Tarazona,10.359375,298.6804803448276,-19.10780274137931,38.58841492222224,337.0867025121893,1.0006103644892959,3180.474293103448,0.4502424321428571,27.836456,0.08182209623857281,-0.06296654514809155,-2.6519639378346582,deep_access,true_drought
2020-06-22,Tarazona,9.60833333333333,235.2402033898305,0.5716387118644067,39.72039406222204,327.5409003238731,0.8173156473290997,2622.91279661017,0.3484625389830509,22.70358,0.0866075200675961,-0.05818112131906826,-2.715276613062971,deep_access,true_drought
2020-06-23,Tarazona,8.915625,247.9965210526316,26.54074914736842,44.76264387654336,340.0460786236692,0.8398592398690102,2570.404070175438,0.3671561561403509,22.52742,0.09895217903365874,-0.04583646235300562,-2.7785892882912835,deep_access,true_drought
2020-06-24,Tarazona,8.34062499999999,172.408025862069,-22.84344556896552,11.4073439755555,187.1602480251471,0.9809682906486781,2099.427965517241,0.2546743034482759,18.984776,0.09895217903365874,-0.04583646235300562,-2.8419019635195957,surface_dependent,true_drought
2020-06-25,Tarazona,7.98645833333333,224.7515588421053,29.44314290561404,44.77005872839513,335.2287306501548,0.7737815412949565,2769.739228070176,0.3330918240350877,22.728676,0.09895217903365874,-0.04583646235300562,-2.9052146387479083,deep_access,true_drought
2020-06-26,Tarazona,8.26770833333333,216.7288830357143,-4.013480248214286,42.01832040740739,286.7534622827392,0.8855650290962958,2479.886321428572,0.3208764053571428,23.132118,0.09895217903365874,-0.04583646235300562,-2.968527313976221,deep_access,true_drought
2020-06-27,Tarazona,9.80104166666667,273.7148117543859,-3.496767543859649,33.35517559259279,325.4896077598087,0.9369481362529469,2738.165596491228,0.4052120964912281,24.8611,0.1112968379997214,-0.033491803386942964,-3.031839989204533,deep_access,true_drought
2020-06-28,Tarazona,11.40625,251.9005882758621,0.5986273637931034,48.51334966666668,338.1207307900672,0.869800304462987,2813.356120689655,0.3811705521052632,25.86648,0.0960356430718794,-0.04875299831478497,-3.095152664432846,deep_access,true_drought
2020-06-29,Tarazona,10.55416666666667,267.9029846034483,-22.47236965517241,41.2261860246912,328.0834378252051,0.9339243924352773,2961.293448275862,0.3978543740689655,29.048716,0.0807744481440374,-0.06401419324262696,-3.1584653396611584,deep_access,true_drought
2020-06-30,Tarazona,9.779166666666669,254.7991607142857,-19.5803375,41.16024864197536,328.0704899133567,0.8880796990208427,2824.152703571428,0.3750063945454545,26.707832,0.084965200595216,-0.05982344079144836,-3.221778014889471,deep_access,true_drought
2020-07-01,Tarazona,9.13437499999999,319.1915717241379,-32.0181425862069,47.60808346913576,334.5742528378668,1.1122968690919084,3327.721453448276,0.4740551370689655,28.298515,0.084965200595216,-0.02819964723605589,-3.2850906901177837,deep_access,true_drought
2020-07-02,Tarazona,8.53854166666667,292.8741030357143,-4.260001803571429,42.85267680246913,329.8606101634057,1.0204390506077077,3311.479732142857,0.4345921366071429,29.034042,0.0891559530463946,-0.02400889478487729,-3.348403365346096,deep_access,true_drought
2020-07-03,Tarazona,8.04583333333334,219.6013841071428,46.54674628070175,43.96126381481495,326.137785698261,0.7782411613885081,2677.845878947368,0.3444337649056604,24.0857,0.0892837184355764,-0.02388112939569549,-3.411716040574409,deep_access,true_drought
2020-07-04,Tarazona,7.676041666666671,203.0882254385965,43.94076561403509,40.63742577777793,324.6531032248139,0.7150599124108878,2943.917719298246,0.3015727550877193,21.188229,0.0894114838247582,-0.02375336400651369,-3.475028715802721,deep_access,true_drought
2020-07-05,Tarazona,7.360416666666671,199.2039514285714,39.99676029824561,42.36274676543216,331.4268746097982,0.6891341132989843,2964.770810526316,0.3379780603773585,23.64344,0.0882531956160828,-0.024911652215189095,-3.5383413910310337,deep_access,true_drought
2020-07-06,Tarazona,7.103125,239.0842548214286,16.68273839285714,47.20895748148142,316.4066697113628,0.8881362803605948,3608.29475,0.3556894857142857,28.583107,0.0882531956160828,-0.024911652215189095,-3.6016540662593464,deep_access,true_drought
2020-07-07,Tarazona,6.816666666666659,247.8085840350877,17.60315028070175,42.9879716296294,330.3716261882328,0.8622918530829471,3802.08598245614,0.3688948512280702,32.190662,0.0870949074074074,-0.0260699404238645,-3.6649667414876586,deep_access,true_drought
2020-07-08,Tarazona,6.503125,142.2384946296296,5.763172909090909,7.466660012345777,162.9703577573322,0.9146952560760921,1574.887222222222,0.2101731222222222,19.51563,0.0870949074074074,-0.0260699404238645,-3.728279416715971,surface_dependent,true_drought
2020-07-09,Tarazona,7.1927083333333295,170.2574390566038,0.9880092452830188,30.45518768055541,217.9724679962223,0.907955996215347,1645.280566037736,0.2518248018867925,17.15748,0.0870949074074074,-0.0260699404238645,-3.791592091944284,surface_dependent,compound_dry
2020-07-10,Tarazona,7.26770833333333,209.412541754386,32.02229607017544,38.99605791358031,331.9597646481934,0.7148071141251857,2098.519074545455,0.3097860680357143,20.227821,0.0870949074074074,-0.0260699404238645,-3.8549047671725964,deep_access,true_drought
2020-07-11,Tarazona,7.05729166666666,210.1922929824561,47.96876894736842,40.60598146913579,340.5103337627958,0.7008644301921975,1775.81705,0.3110664805263158,18.85572,0.0870949074074074,-0.0260699404238645,-3.918217442400909,deep_access,true_drought
2020-07-12,Tarazona,6.753125,128.1354205660377,14.8805266,9.114006296296257,171.7687832929219,0.7877753296400015,758.6149090909091,0.2363600676,14.115094,0.05198851834248695,-0.061176329488784945,-3.9815301176292213,surface_dependent,compound_dry
2020-07-13,Tarazona,6.78854166666666,193.6132335087719,32.63075438596491,39.09548538271608,310.6572023216609,0.7129621792467232,1972.181544,0.2864208736842105,18.42935,0.0168821292775665,-0.0962827185537054,-4.0448427928575335,deep_access,true_drought
2020-07-14,Tarazona,8.971875,144.7966493877551,26.02385096153846,8.450897076543047,188.4045809139709,0.8046328716369374,1143.617839787234,0.2298403065217391,10.709977,0.0168821292775665,-0.0962827185537054,-4.1081554680858465,surface_dependent,compound_dry
2020-07-15,Tarazona,9.32916666666666,163.6209633333333,72.10623512280702,53.68512034567915,328.5123706196438,0.5953593145156671,1652.533884615385,0.2547129335849057,14.094433,0.0168821292775665,-0.0962827185537054,-4.171468143314159,surface_dependent,compound_dry
2020-07-16,Tarazona,9.10520833333333,185.6410223214286,49.11065439285714,56.10404356790113,328.302693747064,0.6820056682839482,2327.018345283019,0.2900187032075472,19.615412,0.0168821292775665,-0.0962827185537054,-4.234780818542472,surface_dependent,true_drought
2020-07-17,Tarazona,8.78645833333333,215.3272277777778,40.50216961111111,49.27262872839496,326.2917684900047,0.77730090405695,2307.123512962963,0.3337712711538461,19.99091,0.0168821292775665,-0.0962827185537054,-4.3887116162788375,deep_access,true_drought
2020-07-18,Tarazona,8.31770833333333,184.72332375,61.85606482142857,54.73122165432089,334.7630145232006,0.6596512555147397,2588.558135849057,0.2913627939622642,20.017061,0.02054047601877015,-0.09262437181250174,-4.479329738786891,surface_dependent,true_drought
2020-07-19,Tarazona,10.43333333333333,199.4899084615384,23.70559845454546,35.85705546913564,286.3970779552928,0.796239684510129,1997.241163265306,0.3146732071428571,22.030401,0.0241988227599738,-0.0889660250712981,-4.569947861294945,deep_access,true_drought
2020-07-20,Tarazona,9.703125,202.2070648214286,17.713373375,57.0859601358024,309.5392293700089,0.8009682957753127,2434.297476648148,0.300143265,23.386345,0.01981758347229925,-0.09334726435897264,-4.660565983802998,deep_access,true_drought
2020-07-21,Tarazona,8.94270833333334,207.2915830357143,40.2315425,48.89897637037016,304.451042134245,0.8111520539507112,2379.601287037037,0.3122601258181818,20.866272,0.01981758347229925,-0.09334726435897264,-4.751184106311052,deep_access,true_drought
2020-07-22,Tarazona,8.22395833333333,179.705587962963,94.67890196296295,41.17287560493831,308.8034040988376,0.6714689425539861,1428.558858823529,0.2772923496153846,17.706152,0.0154363441846247,-0.0977285036466472,-4.841802228819105,surface_dependent,true_drought
2020-07-23,Tarazona,11.289583333333331,259.2010071428571,13.93098685535714,64.67425427160512,314.786870250274,1.036337196061167,2969.266982142857,0.38606294,25.295351,0.0157952955941362,-0.0973695522371357,-4.932420351327159,deep_access,true_drought
2020-07-24,Tarazona,10.284374999999999,276.0699369642857,-5.311891428571428,60.884623802469,322.1410047692991,1.056701221775465,3308.142732142857,0.4070653745454546,27.400198,0.0161542470036477,-0.0970106008276242,-5.0230384738352125,deep_access,true_drought
2020-07-25,Tarazona,12.68854166666666,217.6345563636364,10.93793218181818,61.92752182716015,310.203078413658,0.8765847083613877,2591.437509090909,0.3230763636363637,25.314247,0.02100620258847135,-0.09215864524280054,-5.113656596343266,deep_access,true_drought
2020-07-26,Tarazona,14.33958333333332,222.0310342857143,2.009218321428571,65.93834714814841,324.5901783952712,0.8584166337240426,3127.469141818182,0.3302805482142857,29.422644,0.02100620258847135,-0.09215864524280054,-5.20427471885132,wet_active,wet_shallow
2020-07-27,Tarazona,12.34999999999999,264.2937607142857,-17.37379018181818,44.17284192592613,298.3408831097657,1.0398386810681766,3248.778260714286,0.3929978392857143,31.811247,0.025858158173295,-0.0873066896579769,-5.294892841359373,deep_access,true_drought
2020-07-28,Tarazona,11.262500000000001,222.1505946428572,4.032435714285715,62.46563681481452,312.4362813560207,0.8887067321468501,3283.599839285714,0.3304997446428571,30.5165,0.022704119258045448,-0.09046072857322646,-5.385510963867427,deep_access,true_drought
2020-07-29,Tarazona,10.35833333333334,195.5005146428572,59.87927678571428,46.04761286419734,319.8928906062425,0.7139086576727951,1955.720964285714,0.2876262541818182,22.371971,0.0195500803427959,-0.093614767488476,-5.476129086375481,deep_access,true_drought
2020-07-30,Tarazona,13.508333333333331,248.2752566037736,-16.48039433962264,41.65641775308661,278.2356388002289,1.0494381353732696,2631.799,0.3684070867924528,25.60974,0.0238434812360367,-0.0893213665952352,-5.566747208883534,deep_access,true_drought
2020-07-31,Tarazona,13.31666666666666,302.8260872727272,-24.93874950909091,52.95833796296277,344.4888840535424,1.038745652329132,3382.591339622641,0.4507508363636364,30.935204,0.0238434812360367,-0.0893213665952352,-5.657365331391588,deep_access,true_drought
2020-08-01,Tarazona,14.95416666666666,397.9348443636364,-74.24827290740741,55.71636407407404,319.6333718005779,1.5,3878.732818181818,0.592255944,36.31397,0.0281368821292775,-0.0648863736846759,-5.747983453899641,wet_active,wet_shallow
2020-08-02,Tarazona,12.856249999999992,336.8761956727272,-41.43974976363636,60.34481427160467,315.9917153950909,1.3177401884875748,3988.903381818182,0.510876977537037,35.460175,0.0262597751227223,-0.0667634806912311,-5.8386015764076955,deep_access,true_drought
2020-08-03,Tarazona,11.80208333333334,207.4354711538462,27.65713198076923,42.32302806172849,300.6705111706519,0.8029320381123595,2401.887788461539,0.3076702769230769,22.249247,0.0262597751227223,-0.0667634806912311,-5.929219698915748,deep_access,true_drought
2020-08-04,Tarazona,14.844791666666652,210.6475867924528,38.4143416981132,50.80610833333343,306.3180151039907,0.8244139752811056,2200.715547169812,0.3121557924528302,19.80766,0.0262597751227223,-0.0667634806912311,-6.019837821423803,wet_active,wet_shallow
2020-08-05,Tarazona,13.26354166666666,201.3184746296296,47.88727148148148,52.67328537037027,331.5995547368706,0.7217623319842402,2343.984113461539,0.2988078351851852,21.389288,0.0262597751227223,-0.0667634806912311,-6.110455943931855,deep_access,true_drought
2020-08-06,Tarazona,12.009375,200.1667349056604,36.29783698113207,50.37877790123452,321.656350100992,0.7378668766552732,2560.12438627451,0.3028726788461538,22.803461,0.0243826681161671,-0.0686405876977863,-6.20107406643991,deep_access,true_drought
2020-08-07,Tarazona,10.98020833333333,210.8209509433962,4.565836226415095,49.41223741975294,298.3102155093375,0.8470175312855154,3360.969811320755,0.3133826924528302,29.057203,0.0243826681161671,-0.0686405876977863,-6.291692188947963,deep_access,true_drought
2020-08-08,Tarazona,14.084375,296.4445062,-28.032721,44.92953612500021,307.6660848447205,1.128295654504613,3646.0297,0.4505907326530612,27.621803,0.0278600525807472,-0.06516320323320621,-6.382310311456017,wet_active,wet_shallow
2020-08-09,Tarazona,12.31145833333333,257.2340490566038,-13.24761205660377,57.31969556790112,309.830234494454,1.018706190047081,3471.075018867924,0.3805321192307692,33.243896,0.0278600525807472,-0.06516320323320621,-6.4729284339640705,deep_access,true_drought
2020-08-10,Tarazona,10.941666666666661,200.3747703703704,-16.07420018518518,21.36322706172845,211.7783175550413,1.0523050975175066,2327.187074074074,0.2968319,26.981737,0.0278600525807472,-0.06516320323320621,-6.563546556472124,deep_access,true_drought
2020-08-11,Tarazona,12.00625,168.649481632653,51.85075622448979,28.2953313209876,272.2299325046789,0.6913717070652639,1640.581303541667,0.2495938367346939,15.140354,0.0278600525807472,-0.06516320323320621,-6.654164678980178,surface_dependent,compound_dry
2020-08-12,Tarazona,22.177083333333318,223.6368339622641,54.28543172222222,28.6380343580249,338.3300538572917,0.7221265640743886,1385.616675,0.3471162529411765,15.081963,0.0313374370453273,-0.061685818768626104,-6.744782801488231,wet_active,wet_shallow
2020-08-13,Tarazona,16.80208333333332,251.8331492592592,22.44637618518518,49.62392577777788,327.6589945804409,0.9057603788750807,2468.719471698113,0.373033937037037,20.191484,0.0313374370453273,-0.061685818768626104,-6.835400923996285,wet_active,wet_shallow
2020-08-14,Tarazona,14.88020833333332,186.9031509433962,37.98662811320754,61.92430653086426,321.567977244056,0.7198448182080034,2297.895698113207,0.2816010076923077,21.802885,0.03465606029481555,-0.058367195519137854,-6.926019046504338,wet_inactive,wet_shallow
2020-08-15,Tarazona,13.5780487804878,240.1534403846154,51.03098226415094,-8.115960555555821,319.9479720255617,0.7320324379920513,2574.455826923077,0.3556691538461538,22.563185,0.03465606029481555,-0.058367195519137854,-7.016637169012392,deep_access,true_drought
2020-08-16,Tarazona,12.58571428571428,199.7225509433962,81.00548526415095,,313.3105458393366,,2314.131773584906,0.2951063075471698,20.947577,0.0379746835443038,-0.055048572269649605,-7.107255291520445,deep_access,true_drought
2020-08-18,Tarazona,11.230303030303029,179.518185,73.415993775,-7.906620370370418,274.4560070522056,0.6357717614354752,2024.72275,0.2657393225,20.411604,0.0344544168104367,-0.058568839003516705,-7.1298829141102145,surface_dependent,true_drought
2020-08-26,Tarazona,9.33125,223.5628633333333,16.68497625,48.28040986419768,307.1629281021872,0.8635687911835475,4302.604583333334,0.3647181,29.156921,0.0274409700063816,-0.0655822858075718,-6.857920914437078,deep_access,true_drought
2020-08-27,Tarazona,8.845833333333331,220.5501874509804,18.44846490196078,41.94610728395066,292.4324145514984,0.8804879989524049,4036.215836734694,0.3326059402,31.130774,0.0187779881208297,-0.0742452676931237,-6.823925664477936,deep_access,true_drought
2020-08-28,Tarazona,8.37604166666667,184.6248850980392,82.53636098039216,37.5073156419755,288.3854503642889,0.7359146116993928,2982.220980392157,0.279617198,27.073725,0.0101150062352778,-0.0829082495786756,-6.7899304145187935,surface_dependent,true_drought
2020-08-29,Tarazona,7.875,118.7346133333333,135.2647809803921,29.21246472469129,271.1199493147643,0.49082653864363207,1744.996196078431,0.1866632285416667,18.050268,0.02335018604446815,-0.06967306976948526,-6.755935164559652,surface_dependent,true_drought
2020-08-30,Tarazona,7.538541666666671,112.1445349019608,133.9825347647059,38.40974048518537,284.8835724673501,0.45499570481817214,1799.210280392157,0.168283172,15.000305,0.02335018604446815,-0.06967306976948526,-6.72193991460051,surface_dependent,compound_dry
2020-08-31,Tarazona,7.351041666666661,99.41796529411764,106.6029362745098,48.57910062222197,271.7996418004542,0.44538000297533803,1899.995188235294,0.1516235230612245,15.440597,0.0365853658536585,-0.056437889960294904,-6.687944664641368,surface_dependent,compound_dry
2020-09-01,Tarazona,7.233333333333331,66.9567768,54.370222498,23.30942715555559,169.5449202849836,0.45786953199343244,1311.934563265306,0.0986709142,13.255748,0.03692492298265615,-0.011793573876183551,-6.653949414682225,surface_dependent,compound_dry
2020-09-02,Tarazona,7.27187499999999,82.59039090196079,108.7370239215686,51.84689824691373,278.7683999297929,0.36396018133786256,1912.730693829787,0.1317710715909091,14.512208,0.0372644801116538,-0.0114540167471859,-6.619954164723083,surface_dependent,compound_dry
2020-09-03,Tarazona,7.19583333333333,86.06501176470589,118.150966372549,49.77125013580241,282.8712557616397,0.3692192607788005,2087.527522222222,0.135346135625,15.763051,0.045861916456773996,-0.0028565804020657046,-6.585958914763941,surface_dependent,compound_dry
2020-09-04,Tarazona,7.082291666666669,77.64207415686275,124.6020670784314,43.17676661728402,280.0936048342611,0.3277186828137361,1848.8306644,0.1195179620408163,15.772206,0.045861916456773996,-0.0028565804020657046,-6.551963664804799,surface_dependent,compound_dry
2020-09-05,Tarazona,10.973958333333329,122.65120376,88.252662,58.30412616049353,289.7000932846182,0.5300490120219244,2215.934115909091,0.2020583384888889,17.158703,0.0544593528018942,0.005740855943054499,-6.517968414845657,surface_dependent,atm_driven
2020-09-06,Tarazona,11.37083333333333,131.1465672040816,77.9953906122449,54.58876814814813,284.3823468269295,0.5707146733956643,2153.790101914894,0.1993024704255319,17.690363,0.0487184968588397,0.0,-6.483973164886515,surface_dependent,compound_dry
2020-09-07,Tarazona,10.20104166666667,112.8163585416667,90.80112479166668,53.04224169444437,264.0163193048959,0.5347403805218858,1469.246338297872,0.1663508660416667,11.831042,0.0429776409157852,-0.005740855943054499,-6.449977914927373,surface_dependent,compound_dry
2020-09-08,Tarazona,9.41041666666666,92.0454612244898,105.1275023673469,48.38139702222221,257.8791363626196,0.4393625511869221,1163.104924489796,0.1401125234042553,11.009574,0.04188759346402755,-0.0068309033948121475,-6.415982664968231,surface_dependent,compound_dry
2020-09-09,Tarazona,8.95520833333333,115.9726002244898,99.93695348979593,45.20918813888913,276.6081674185202,0.5011802583811065,1778.247632653061,0.1747106845833333,14.189214,0.04188759346402755,-0.0068309033948121475,-6.381987415009089,surface_dependent,compound_dry
2020-09-10,Tarazona,8.665625,101.4640668297872,85.35036028297873,54.23060056944414,255.1927149791594,0.5048915171290715,1897.313104545455,0.1591664717954545,14.956748,0.0407975460122699,-0.007920950846569803,-6.347992165049947,surface_dependent,compound_dry
2020-09-11,Tarazona,8.416666666666659,128.1839160416667,85.42282708333333,56.12666216666666,271.9737595298989,0.5938644420404504,2335.306266666666,0.1898146533333333,18.257442,0.03874295132539285,-0.009975545533446852,-6.313996915090804,surface_dependent,true_drought
2020-09-12,Tarazona,8.17187499999999,100.4776808163265,84.65643040816326,48.86886695833341,268.1028041278623,0.4583126230982626,2385.027836734694,0.1486808126530612,19.4555,0.0366883566385158,-0.0120301402203239,-6.280001665131662,surface_dependent,true_drought
2020-09-13,Tarazona,11.078125,129.6736324489796,60.21610173877551,51.02671301388896,257.9656290367079,0.626627581419633,1954.238969387755,0.1935144766666667,16.737669,0.040710227803118254,-0.008008269055721447,-6.24600641517252,surface_dependent,compound_dry
2020-09-14,Tarazona,14.523958333333331,122.0486912765957,42.69234638297872,62.92874838095253,226.4166151478168,0.7465305755725509,1770.551510638298,0.1822621239130435,16.020369,0.040710227803118254,-0.008008269055721447,-6.2120111652133785,wet_inactive,wet_shallow
2020-09-15,Tarazona,17.41875,128.6754442916667,60.07545333333334,56.93662049999966,265.986589673913,0.6155248183013065,1612.255735681818,0.199955806,16.580381,0.0447320989677207,-0.003986397891119001,-6.178015915254236,wet_inactive,wet_shallow
2020-09-16,Tarazona,19.27187499999999,149.9942172083333,36.75328833333333,44.94030415277765,249.5716569769212,0.732997241811892,1944.406934090909,0.2265881326170213,18.357738,0.0447320989677207,-0.003986397891119001,-6.144020665295094,wet_inactive,wet_shallow
2020-09-17,Tarazona,17.404166666666658,95.09825170212764,13.19775910638298,25.49420445833314,143.7830411617006,0.8039495048937308,1098.043177234043,0.1401685174468085,11.432738,0.0447320989677207,-0.003986397891119001,-6.116136148800039,wet_inactive,wet_shallow
2020-09-18,Tarazona,19.90210526315789,103.7349014285714,25.26947253333334,-9.006190965416723,136.5556264872679,0.712651870139577,246.8975757575758,0.16523982425,5.8962784,0.0447320989677207,-0.003986397891119001,-6.088251632304984,wet_inactive,wet_shallow
2020-09-19,Tarazona,22.09479166666667,185.1049638297872,54.247805,,231.9848411049202,,798.5144724444444,0.2703433545454546,8.091445,0.0447320989677207,-0.003986397891119001,-6.060367115809929,wet_inactive,wet_shallow
2020-09-20,Tarazona,18.84791666666666,151.447227375,58.34432979166667,-0.070774128518736,240.4132866200828,0.6297599387816422,1001.193,0.2323539872173913,9.780702,0.041889543858446704,-0.006828953000392997,-6.032482599314875,wet_inactive,wet_shallow
2020-09-21,Tarazona,16.984375,140.7582744319149,57.54347808510639,,254.9800677166334,,1236.541966666667,0.2106273136086957,10.300337,0.0390469887491727,-0.009671508109667,-6.00459808281982,wet_inactive,wet_shallow
2020-09-22,Tarazona,15.947222222222221,154.4532487234042,60.90612180851064,46.63736197777737,265.6585223143837,0.7051978378985398,1492.346857777778,0.2275379621276596,13.139829,0.0390469887491727,-0.009671508109667,-5.976713566324765,wet_inactive,wet_shallow
2020-09-29,Tarazona,14.38157894736842,98.2128365,68.87791173913044,56.31016533333321,253.051446521898,0.49919791060966434,1679.829487804878,0.1591021327380952,12.995683,0.0498507462686567,0.0011322494098170016,-5.781521950859381,wet_inactive,wet_deep
2020-09-30,Tarazona,13.828124999999991,125.8067856521739,33.75253217391305,47.48857606349205,198.7399059665454,0.8317730874354065,1826.4696,0.1854651306521739,13.50494,0.0498507462686567,0.0011322494098170016,-5.753637434364326,surface_dependent,wet_deep
2020-10-01,Tarazona,13.004166666666661,125.7511086956522,54.07666021739131,42.06041160317464,217.5303468888501,0.7166533029770711,1472.043913043478,0.1871977337777778,13.761463,0.0498507462686567,0.0105494362249886,-5.725752917869271,surface_dependent,atm_driven
2020-10-02,Tarazona,17.53125000000001,81.37173928571428,29.15529,-13.45167593650783,83.69865147566273,0.8375858471427077,289.9241892857143,0.1185720285714286,5.283567,0.0353467940988803,-0.003954515944787802,-5.697868401374217,wet_inactive,wet_shallow
2020-10-03,Tarazona,20.49166666666665,145.1997391304348,107.4559030434783,75.59907264148146,259.3439021858271,0.7902248977046277,608.5206976190476,0.2117715217391304,7.2698445,0.0208428419291039,-0.018458468114564204,-5.669983884879162,wet_inactive,wet_shallow
2020-10-04,Tarazona,17.78780487804877,99.3105628888889,95.66030377777776,81.91820333333325,215.267784679089,0.7447384677675987,559.5251976190476,0.1466840215909091,5.8039246,0.0208428419291039,-0.018458468114564204,-5.642099368384107,wet_inactive,wet_shallow
2020-10-05,Tarazona,16.075,111.741238,93.01031466666666,-22.90342666666659,243.3357281451711,0.41970249672318927,1030.264195121951,0.1635105895555556,7.062547,0.0208428419291039,-0.018458468114564204,-5.614214851889052,wet_inactive,wet_shallow
2020-10-10,Tarazona,17.46363636363637,70.3839653125,75.02933534374999,69.07152065000015,237.1467511874315,0.41876465132573515,875.8976423076923,0.1164968983333333,8.557892,0.0162365407622628,-0.023064769281405304,-5.474792269413778,wet_inactive,wet_shallow
2021-05-08,Tarazona,18.26078431372549,114.07156,26.7818886,8.835122640624993,141.3966754712115,0.8605176807621084,1473.819333333333,0.16854918,16.044348,0.1294042280589366,-0.041133848977229215,-2.3419757198768427,wet_inactive,wet_shallow
2021-05-09,Tarazona,17.66170212765957,155.7884523809524,98.09751142857142,0.8364909119565379,260.6184818688345,0.5996891924922241,906.3190952380952,0.2290861476190476,8.706915,0.1294042280589366,-0.041133848977229215,-2.418062797528867,wet_inactive,wet_shallow
2021-05-10,Tarazona,16.92884615384615,145.4132852,83.29916968,11.27239250315844,249.2076360065766,0.6111464743889906,656.49808,0.2330483913043478,6.604586,0.1294042280589366,-0.041133848977229215,-2.4941498751808915,wet_inactive,wet_shallow
2021-05-11,Tarazona,16.39166666666666,170.3566454545455,190.1414906818182,48.09039159169083,390.2276619065758,0.497918994027626,690.3581590909091,0.2489534272727273,8.218627,0.1294042280589366,-0.041133848977229215,-2.570236952832916,wet_inactive,wet_shallow
2021-05-12,Tarazona,16.09607843137254,148.7287047619048,128.9265647619048,10.84498908571968,269.062620244317,0.5759819888927554,1007.311857142857,0.2181069380952381,9.291875,0.1294042280589366,-0.041133848977229215,-2.6463240304849407,wet_inactive,wet_shallow
2021-05-13,Tarazona,15.877049180327859,141.9528045454545,80.87784636363637,8.822230979939867,238.9044753988552,0.6169654894664458,974.3160909090908,0.2086412772727273,10.51094,0.1294042280589366,-0.041133848977229215,-2.722411108136965,wet_inactive,wet_shallow
2021-05-14,Tarazona,15.661702127659572,144.4604466666667,32.92242,4.764355063725492,130.0752827507815,1.1528160339490388,1488.299333333333,0.2127129,11.598098,0.12883680471075254,-0.04170127232541326,-2.7984981857889895,wet_inactive,wet_shallow
2021-05-15,Tarazona,15.49811320754716,171.1957,-22.317165,7.525404326797369,128.2029531522754,1.4186209586306773,1665.229285714286,0.2527613285714286,16.940657,0.12883680471075254,-0.04170127232541326,-2.874585263441014,wet_inactive,wet_shallow
2021-05-16,Tarazona,15.39318181818182,177.83665625,-28.63239875,6.390298833333358,114.4650612998823,1.5,1437.3875,0.26260558125,16.907,0.12883680471075254,-0.04170127232541326,-2.950672341093038,wet_inactive,wet_shallow
2021-05-17,Tarazona,15.11388888888888,167.8539,15.78499214285714,4.530055708333344,126.6372464484515,1.374643859895565,1924.346428571429,0.2482252428571428,13.567065,0.12883680471075254,-0.04170127232541326,-3.0096863957639077,wet_inactive,wet_shallow
2021-05-18,Tarazona,14.5025,85.292466,92.96163333333334,52.19928902957516,262.4438763244428,0.40568210148676737,348.0944166666667,0.1511374230769231,16.587688,0.1282693813625685,-0.04226869567359731,-2.9926133727827526,wet_inactive,wet_shallow
2021-05-19,Tarazona,14.511428571428569,200.5577126,75.70844818181818,33.36631434126986,304.4120700127878,0.7399404285195934,2078.375818181818,0.3858558888888889,16.294361,0.12722001846484304,-0.04331805857132276,-2.975540349801597,wet_active,wet_shallow
2021-05-20,Tarazona,14.26979166666666,162.9547846666667,71.17689711111112,53.48655461172839,342.0074506826886,0.5647937008575934,1638.7991075,0.2461021363636364,13.410081,0.1261706555671176,-0.04436742146904821,-2.958467326820442,wet_inactive,wet_shallow
2021-05-21,Tarazona,14.061458333333329,224.0163017857143,50.63159603571429,51.83803968859127,329.1363236925205,0.8078531844882966,1666.180375925926,0.3311637119642857,19.157927,0.1261706555671176,-0.04436742146904821,-2.941394303839287,wet_active,wet_shallow
2021-05-22,Tarazona,13.76354166666666,197.6528428571428,45.6350245,37.61041388531746,283.9016504449606,0.8025167505676889,1383.460232142857,0.2909560392857143,17.980742,0.1261706555671176,-0.04436742146904821,-2.924321280858132,deep_access,true_drought
2021-05-23,Tarazona,22.07291666666667,254.05694,-2.47979376,-34.02945206111112,55.70871948118378,1.5,456.2568571428571,0.507966225,2.2094429,0.1261706555671176,-0.04436742146904821,-2.9072482578769767,wet_active,wet_shallow
2021-05-24,Tarazona,31.41458333333333,276.190785,81.40845607142857,39.80322979387402,381.5375542173391,0.8082032305825801,829.027076923077,0.4157869679245283,9.024353,0.1261706555671176,-0.04436742146904821,-2.8901752348958216,wet_active,wet_shallow
2021-05-25,Tarazona,27.040625000000002,203.0200058823529,82.57551156862745,41.45807508446502,355.5974034609891,0.6462737630832879,700.417359574468,0.2979693641176471,8.100924,0.11858208661409189,-0.05195599042207391,-2.8731022119146665,wet_active,wet_shallow
2021-05-26,Tarazona,23.81666666666667,169.3396333333333,62.65383518518519,46.11663294866254,314.2088589967388,0.6316469366887426,978.960368,0.2476822094339623,8.7358885,0.1109935176610662,-0.0595445593750996,-2.856029188933511,wet_inactive,wet_shallow
2021-05-27,Tarazona,21.36979166666665,155.8163455357143,29.98852042857143,33.67983113955356,254.2584125476278,0.7063983481127359,934.6297171698112,0.2313367183636364,9.826161,0.1109935176610662,-0.0595445593750996,-2.838956165952356,wet_inactive,wet_shallow
2021-05-28,Tarazona,19.53854166666666,87.27065714285715,19.09207380952381,-3.163207838164257,68.88612687645947,1.2112624979609141,1187.058285714286,0.13746504,11.015264,0.1109935176610662,-0.0595445593750996,-2.821883142971201,wet_inactive,wet_shallow
2021-05-29,Tarazona,18.41770833333333,201.2712645454546,53.70441763636364,58.05763941955339,357.2413651310326,0.6727346685279016,1921.471761538462,0.303150497962963,14.956517,0.1109935176610662,-0.0595445593750996,-2.8048101199900457,wet_active,wet_shallow
2021-05-30,Tarazona,17.90520833333333,182.6234163636364,32.12198727272727,40.44311108889413,309.227726595144,0.6794414777782918,1356.772454545455,0.2695126436363636,14.67445,0.1109935176610662,-0.0595445593750996,-2.7877370970088906,wet_inactive,wet_shallow
2021-06-01,Tarazona,16.77017543859649,228.7221382352941,22.69681,38.69795915666668,308.799884227833,0.8467993635181627,1381.851411764706,0.366370109375,8.986741,0.1109935176610662,-0.03379512372559816,-2.75359105104658,wet_active,wet_shallow
2021-06-02,Tarazona,16.571874999999988,200.7484253703704,62.94454539074074,48.79218322162038,337.8533434890865,0.6944842578803025,1158.996854166667,0.3137257607843137,13.022969,0.14478864138666436,0.0,-2.736518028065425,wet_active,wet_shallow
2021-06-03,Tarazona,16.52291666666665,170.3066916071429,82.98311660714286,38.53243932812501,325.3177005323869,0.593847434460178,814.5270576923077,0.2509831248214286,11.811413,0.14478864138666436,0.0,-2.71944500508427,wet_inactive,wet_shallow
2021-06-04,Tarazona,16.233684210526313,137.9221843396226,44.52866758490566,37.09367486830709,263.8186938322499,0.6083236202598225,1000.493425,0.2157823736,11.640449,0.14478864138666436,0.0,-2.7023719821031147,wet_inactive,wet_shallow
2021-06-06,Tarazona,29.75116279069767,273.7866454545455,-2.2986725,18.5930826736111,263.1879297040555,1.119347560991208,1715.9295,0.4051978454545455,10.251984,0.1785837651122625,0.03379512372559815,-2.6682259361408045,wet_active,wet_deep
2021-06-07,Tarazona,27.32604166666668,256.8887946296296,3.718326688888889,57.35924808406709,359.2985727141098,0.8507960827705626,1673.355333333333,0.3950822692307692,12.98703,0.1785837651122625,0.03379512372559815,-2.651152913159649,wet_active,wet_deep
2021-06-08,Tarazona,24.12604166666667,265.488955,-1.905611826923077,61.26056593970586,368.2387995840477,0.8648461874583252,2183.33025,0.3936566140384615,13.338341,0.1427348424739113,-0.002053798912753063,-2.634079890178494,wet_active,wet_shallow
2021-06-09,Tarazona,21.37263157894737,285.743960877193,-9.346294245614036,59.43212544895835,351.5310303251736,0.978243862291386,2030.989796296296,0.4240070940350877,16.716263,0.1068859198355601,-0.03790272155110426,-2.6170068671973388,wet_active,wet_shallow
2021-06-10,Tarazona,18.70645161290322,161.5853818181818,-42.70469090909091,-30.01313409884261,44.12204322531689,1.5,1965.214545454545,0.2398309090909091,15.131271,0.1119473587447595,-0.03284128264190486,-2.5999338442161837,wet_inactive,wet_shallow
2021-06-11,Tarazona,17.97471264367816,252.7060482142857,14.06532482142857,46.8231422689484,334.4695584777389,0.878530146646628,1586.354428571429,0.3730086981818182,16.597591,0.1119473587447595,-0.03284128264190486,-2.5828608212350286,wet_active,wet_shallow
2021-06-12,Tarazona,16.86060606060606,150.6318416666667,1.067734166666667,-22.25928661309522,85.24036682499086,1.4012309514413681,1596.369166666667,0.222617825,14.898266,0.1170087976539589,-0.027779843732705464,-2.5657877982538735,wet_inactive,wet_shallow
2021-06-13,Tarazona,16.63749999999998,235.9961927272727,30.66067472727273,47.143673154899,347.1335960341449,0.7866804006688837,1553.970874545455,0.3559486037037037,18.287334,0.09288223127550979,-0.05190641011115457,-2.548714775272718,wet_active,wet_shallow
2021-06-14,Tarazona,16.33421052631578,192.923518125,-31.75772058823529,-12.03254125767972,146.3816412941988,1.2178424621912884,1676.762352941176,0.3489177252941176,18.554903,0.0687556648970607,-0.07603297648960367,-2.531641752291563,wet_active,wet_shallow
2021-06-15,Tarazona,15.97735849056603,183.1671166666667,0.7474027777777779,14.91955666111109,191.8982906379944,1.034966815225335,1621.056111111111,0.2714641944444444,20.041918,0.0687556648970607,-0.07603297648960367,-2.5145687293104078,wet_inactive,wet_shallow
2021-06-16,Tarazona,15.337974683544289,173.0439180434782,-12.95722956862745,12.3761985862451,168.832964545409,1.1060174801813532,790.1336333333334,0.2550275152173913,14.089207,0.0687556648970607,-0.07603297648960367,-2.4974957063292527,wet_inactive,wet_shallow
2021-06-17,Tarazona,30.31090909090909,303.0841363636364,81.324095,7.006257165909126,360.8396265172736,0.8565730725715331,929.6210303030304,0.4457449363636364,8.553505,0.0687556648970607,-0.07603297648960367,-2.5862023321408043,wet_active,wet_shallow
2021-06-18,Tarazona,26.322916666666668,163.8844021818182,-0.0449674363636366,17.85129380447097,220.3057731491016,0.8094876572369828,601.310166,0.2404430740740741,10.131579,0.0687556648970607,-0.07603297648960367,-2.674908957952356,wet_inactive,wet_shallow
2021-06-19,Tarazona,22.90937499999999,149.5342115384615,14.27231075636364,19.77469642886868,216.3697796459295,0.7606203018483461,467.2901142857143,0.2232980941176471,7.470444,0.0721629732666774,-0.07262566811998697,-2.7636155837639076,wet_inactive,wet_shallow
2021-06-20,Tarazona,20.284374999999997,210.4976053571428,41.26402,26.04553132525793,274.4456875424083,0.8474133372650808,825.6809464285715,0.3049230018181818,10.7404175,0.0755702816362941,-0.06921835975037026,-2.8523222095754592,wet_active,wet_shallow
2021-06-21,Tarazona,18.341666666666658,201.081777962963,83.43747925925926,37.72461365422838,337.2268861554284,0.6713864849294502,989.4555326530613,0.300302300754717,11.831977,0.0755702816362941,-0.06921835975037026,-2.9410288353870104,wet_active,wet_shallow
2021-06-22,Tarazona,17.19166666666667,197.5090478947369,59.3975298245614,46.4639861572612,318.4050480741496,0.7262935817875873,1471.472722222222,0.2960943357142857,12.128829,0.0755702816362941,-0.06921835975037026,-3.0297354611985625,wet_active,wet_shallow
2021-06-23,Tarazona,16.485416666666662,180.2923089285714,78.76562460714285,44.42931608343252,333.0254658385093,0.6247218096346062,1155.357378846154,0.2704777332727273,10.702953,0.0755702816362941,-0.06921835975037026,-3.1184420870101137,wet_inactive,wet_shallow
2021-06-24,Tarazona,16.15104166666666,176.4660464285714,71.112049,50.7160386343254,352.9095142165562,0.583950550515948,1364.561589285714,0.26077114,12.528293,0.0755702816362941,-0.06921835975037026,-3.2071487128216654,wet_inactive,wet_shallow
2021-06-25,Tarazona,15.71979166666667,174.6958722222222,63.00197888888889,52.49692445534978,334.9326492916007,0.618533198388789,1670.361203703704,0.2584270740740741,16.203098,0.0908510000157246,-0.05393764137093976,-3.295855338633217,wet_inactive,wet_shallow
2021-06-26,Tarazona,15.529166666666661,207.6454843636364,15.25041523636364,47.06415063186868,310.9410952934533,0.7869027156955163,1867.761576363636,0.3077066638181818,20.769949,0.0908510000157246,-0.05393764137093976,-3.3845619644447686,wet_active,wet_shallow
2021-06-27,Tarazona,15.27916666666666,239.2726463392857,27.07960392857143,51.98462916552579,338.9872940915497,0.8336948592479418,1800.734839285714,0.3575918037735849,23.264788,0.1061317183951551,-0.03865692299150926,-3.4732685902563203,wet_active,wet_shallow
2021-06-28,Tarazona,14.74895833333332,211.0301857142857,72.4750875,43.48931315631449,344.733940107444,0.7005276338041402,1529.289375,0.3117420678571429,21.441208,0.10506687882541335,-0.03972176256125101,-3.561975216067872,wet_active,wet_shallow
2021-06-29,Tarazona,14.33437500000001,205.4158547272727,65.55492072727273,57.4920843171717,342.8705175306838,0.7198016066392317,2396.138854545455,0.3029033955555556,20.718904,0.1040020392556716,-0.04078660213099276,-3.6506818418794236,wet_active,wet_shallow
2021-06-30,Tarazona,14.149999999999999,169.8052905357143,70.90788803571428,55.38703824851191,349.4309560585104,0.5774827508774961,2354.173571153846,0.2519492360714286,17.088465,0.11205603185277466,-0.032732609533889706,-3.7393884676909748,wet_inactive,wet_shallow
2021-07-01,Tarazona,13.896874999999989,220.0803210909091,45.62943014545455,54.31162514828282,346.1885179792075,0.7540176235136054,2397.627350980392,0.3322996773584906,22.676245,0.11205603185277466,-0.0011088159784972407,-3.828095093502527,deep_access,wet_shallow
2021-07-02,Tarazona,13.67187499999999,276.3900997592593,-7.097541388888889,50.08626924641415,335.7581830139171,0.9675088324720721,3246.901326923077,0.4248801636346154,28.759657,0.1201100244498777,0.006945176618605803,-3.916801719314078,deep_access,deep_access
2021-07-03,Tarazona,13.44583333333332,278.5555454545454,-15.41332945454545,47.40595233030304,318.227344072807,1.0285581344305144,2452.856727272727,0.409161262962963,27.196806,0.11142224963868785,-0.001742598192584044,-4.00550834512563,deep_access,true_drought
2021-07-04,Tarazona,13.24895833333333,283.1932275438596,13.2882098245614,43.67218627334307,339.0297952659325,0.9588147348218986,1779.441157894737,0.4192675350877193,24.206705,0.102734474827498,-0.01043037300377389,-4.094214970937181,deep_access,true_drought
2021-07-05,Tarazona,13.20937499999999,281.879442,-13.91715036363636,56.66086822232509,332.6768364167802,1.0212432412657155,2533.439345454545,0.4268123877777778,26.757467,0.11383005716389771,0.0006652093326258157,-4.1829215967487325,deep_access,deep_access
2021-07-06,Tarazona,13.004166666666661,233.2100764912281,70.55680929824561,40.80601206387915,342.2383136613914,0.7736731440369059,1949.192631578947,0.3512029892857143,19.782999,0.11383005716389771,0.0006652093326258157,-4.271628222560285,deep_access,deep_access
2021-07-07,Tarazona,12.705208333333328,229.6815688235294,48.60655015686275,33.67925046147794,321.5653261923499,0.7978210416756849,1443.220470588235,0.3391470276470588,18.008776,0.1249256395002974,0.011760791669025508,-4.360334848371837,deep_access,deep_access
2021-07-08,Tarazona,12.63333333333333,201.923396,50.55017907272727,49.97050939060608,334.9656551632511,0.7085152115576189,1967.704672727273,0.2990504272727273,17.517624,0.1131648478312719,0.0,-4.449041474183388,deep_access,compound_dry
2021-07-09,Tarazona,12.58229166666667,176.8385216666667,76.935985,43.94085525046297,326.108092328719,0.6267152894778583,1745.942844,0.2617376942592592,16.109331,0.1014040561622464,-0.011760791669025494,-4.537748099994939,surface_dependent,compound_dry
2021-07-10,Tarazona,12.52395833333333,257.6818890909091,-2.558598269090909,54.27387869348485,340.9161817916099,0.8989667132373618,2542.120981818182,0.3827598109090909,26.512476,0.10971295041122026,-0.0034518974200516417,-4.626454725806491,deep_access,true_drought
2021-07-11,Tarazona,12.557291666666659,255.2764826923077,-52.90343938461538,43.45287822238247,295.0418256161997,1.0146569844847688,1889.224153846154,0.38904407,29.3175,0.10971295041122026,-0.0034518974200516417,-4.715161351618043,deep_access,true_drought
2021-07-12,Tarazona,12.43229166666666,303.2736946428572,28.72814339285714,30.84386456334326,327.7482053082102,1.0214525455640393,2286.799464285714,0.4489442339285714,30.01787,0.1180218446601941,0.004856996828922197,-4.8038679774295945,deep_access,deep_access
2021-07-13,Tarazona,11.99583333333333,225.0471154716981,88.18251471698113,37.51569504004191,329.1629249074527,0.7716415327312022,1749.749886792453,0.3320292811320755,18.598206,0.11650397262072125,0.003339124789449352,-4.892574603241146,deep_access,deep_access
2021-07-14,Tarazona,11.88854166666667,199.3512187037037,85.69249703703704,43.8824385492977,330.2950870106497,0.696027985407229,1589.527907407407,0.2930380786792453,18.480766,0.1149861005812484,0.0018212527499765069,-4.981281229052698,deep_access,deep_access
2021-07-15,Tarazona,11.85000000000001,183.2590166666667,62.28072240740741,44.04327739228396,329.1216127011191,0.6428374028076737,1674.671722222222,0.2710620592592592,17.053156,0.11380598599937711,0.0006411381681052097,-5.069987854864249,surface_dependent,atm_driven
2021-07-16,Tarazona,11.91354166666666,263.8678592592593,8.803392388888888,52.99177044938271,336.803445628493,0.929728698062669,2286.124361111111,0.3982862849056604,22.345123,0.11380598599937711,0.0006411381681052097,-5.1586944806758,deep_access,deep_access
2021-07-17,Tarazona,11.95833333333333,289.062238245614,-25.95526280701754,54.41595413255362,343.6070929754053,0.9995542719678292,2401.20250877193,0.4314315057142857,24.863005,0.1126258714175058,-0.0005389764137661013,-5.317725190584381,deep_access,true_drought
2021-07-18,Tarazona,11.928125000000001,317.1104012962963,-16.41049555555556,51.56106075823047,348.1510429369816,1.0691878362404625,2580.601916666667,0.4712587462962963,25.530024,0.1134348934158948,0.0002700455846229022,-5.38804927468141,deep_access,deep_access
2021-07-19,Tarazona,11.86875000000001,291.6780729090909,-12.23282036363636,44.450161536214,338.5995873916365,0.9915983077677456,2106.595490909091,0.4410226592592593,24.900888,0.1142439154142838,0.0010790675830119056,-5.458373358778439,deep_access,deep_access
2021-07-20,Tarazona,11.85000000000001,279.7000765384615,-11.15837115384615,47.73726375432693,334.3129782397909,0.9760076042753747,2144.301865384615,0.4156988480769231,25.526154,0.1195443179555891,0.0063794701243172075,-5.528697442875468,deep_access,deep_access
2021-07-21,Tarazona,11.803125,293.4393314814815,-24.28802142592593,49.06784317283951,346.4409649656964,0.9867715337295493,2305.331962962963,0.4359353759259259,26.4283,0.1195443179555891,0.0063794701243172075,-5.599021526972496,deep_access,deep_access
2021-07-22,Tarazona,11.74479166666667,288.6957735849057,-36.17229586792453,48.45183848883647,323.5641843086702,1.0493741119635813,2335.363981132075,0.4374312807692308,31.3212,0.1248447204968944,0.01167987266562251,-5.6693456110695255,deep_access,deep_access
2021-07-23,Tarazona,11.6875,302.5946288461539,-80.21819784313726,37.47680465924145,264.0590218796549,1.3354738626809248,2248.526096153846,0.4492301596153846,31.20992,0.12284313605383836,0.009678288222566458,-5.739669695166555,deep_access,deep_access
2021-07-24,Tarazona,11.51250000000001,343.5360613636363,-21.31965176363636,43.10445083065152,342.839035705982,1.1461342090587388,2144.813872727273,0.5183926314814815,27.241316,0.1208415516107823,0.007676703779510408,-5.809993779263583,deep_access,deep_access
2021-07-25,Tarazona,11.36145833333333,272.4004805882353,0.391380156862745,40.78182503549999,326.7601747297384,0.9525213390436015,1911.147490196078,0.4139898895918367,24.759676,0.1146529498565266,0.0014881020252547061,-5.880317863360612,deep_access,deep_access
2021-07-26,Tarazona,11.34583333333333,188.67459,41.57570089583334,27.38337419618054,301.3954335951772,0.6885630888429826,979.0884552083334,0.2856585969565217,11.40625,0.1146529498565266,0.0014881020252547061,-5.95064194745764,deep_access,atm_driven
2021-07-27,Tarazona,11.407291666666671,198.0811769074074,44.81530555555555,50.56885599035495,347.9157446650158,0.666161928884805,2046.1296,0.2938044090925926,17.900276,0.1084643481022709,-0.004700499729000995,-6.02096603155467,deep_access,true_drought
2021-07-28,Tarazona,11.51562500000001,202.7390413207547,43.90760281132076,48.19538923836477,337.4739238665113,0.7008437096149075,1682.24596,0.30097935,21.264193,0.1012909975805472,-0.011873850250724696,-6.091290115651699,deep_access,true_drought
2021-07-29,Tarazona,11.51041666666668,145.7151325686274,45.36013627450981,49.073675796142,312.5114122924532,0.5531293067827728,2791.703871739131,0.238423895106383,24.155603,0.0941176470588235,-0.019047200772448397,-6.161614199748728,surface_dependent,true_drought
2021-07-30,Tarazona,11.469791666666671,266.5497527777778,5.463662037037037,46.13535058574074,340.0676508680767,0.9068406314030275,2225.268055555556,0.3958297351851852,29.332327,0.119125862635557,0.0059610148042850974,-6.231938283845756,deep_access,deep_access
2021-07-31,Tarazona,11.24791666666666,252.7144824074074,39.67443612962963,28.82146465859053,330.3346125793313,0.838154104224466,1819.290518518518,0.3732058555555556,21.115778,0.119125862635557,0.0059610148042850974,-6.302262367942785,deep_access,deep_access
2021-08-01,Tarazona,11.07083333333334,184.8230027777778,51.76790092592593,35.70360932211935,313.4797789550603,0.6653666620214638,1593.638555555556,0.278197120754717,16.837763,0.1441340782122905,0.051110822398337086,-6.372586452039814,surface_dependent,atm_driven
2021-08-02,Tarazona,11.19479166666667,161.8210638181818,58.09340309090909,35.21443866680303,321.874717102335,0.5645046628062015,1461.0906,0.2391923872727273,12.230395,0.11778594056010319,0.024762684746149788,-6.442910536136843,surface_dependent,atm_driven
2021-08-03,Tarazona,11.21145833333334,184.3700254716981,40.81876132075472,38.6805870395283,315.6361507159057,0.6657025517896238,1962.694471698113,0.2838389572549019,17.788448,0.11778594056010319,0.024762684746149788,-6.513234620233872,surface_dependent,deep_access
2021-08-04,Tarazona,11.284375,244.4540076923077,17.86973192307692,40.58309067172658,333.4462253379613,0.8347039239708436,1843.908288461538,0.3617923384615385,23.475525,0.11778594056010319,0.024762684746149788,-6.583558704330901,deep_access,deep_access
2021-08-05,Tarazona,11.25208333333334,229.8849238461538,35.41665192307693,43.88063094860566,337.8526011775948,0.7819960646829192,2351.866711538461,0.3410944240384615,26.183578,0.11778594056010319,0.024762684746149788,-6.6538827884279295,deep_access,deep_access
2021-08-06,Tarazona,11.27395833333333,225.8211305555556,37.72058761111111,45.31903234380344,339.4388227851527,0.767786248646151,2659.023981481481,0.3484712417307692,30.344835,0.0914378029079159,-0.00158545290603751,-6.724206872524959,deep_access,true_drought
2021-08-07,Tarazona,11.056250000000011,228.1445685185185,64.17305342592593,33.46412403847737,331.5617053749036,0.7653351882148942,1837.168425925926,0.3372997574074074,24.08455,0.10478733757157435,0.011764081757620948,-6.794530956621987,deep_access,wet_shallow
2021-08-08,Tarazona,10.96354166666667,140.5003698076923,91.7472175,35.89794391779379,337.0779819285574,0.4664996084590144,1265.553403846154,0.2072337779591837,13.884521,0.1181368722352328,0.02511361642127939,-6.864855040719016,surface_dependent,wet_shallow
2021-08-09,Tarazona,11.103125,139.6449708,64.106321,28.68193210395556,286.1953521154549,0.5422823043310291,1157.20982,0.2063023666,13.084823,0.0928387410477959,-0.00018451476615750917,-6.935179124816045,surface_dependent,compound_dry
2021-08-10,Tarazona,11.15625000000001,159.516787755102,40.13566632653061,38.74417730340135,307.4966779581398,0.5935453153607317,1834.713979591837,0.2444673595744681,18.139757,0.0928387410477959,-0.00018451476615750917,-7.005503208913074,surface_dependent,true_drought
2021-08-11,Tarazona,11.27395833333333,210.9862441860465,-23.12471420930233,52.30638213326878,306.9188089148703,0.8286565068837894,2435.305767441861,0.3183379571428571,25.36719,0.0928387410477959,-0.00018451476615750917,-7.075827293010103,deep_access,true_drought
2021-08-12,Tarazona,11.30624999999999,247.7679321153846,-21.98721288461538,49.6396148340278,327.6133278716169,0.891335836787848,3165.326826923077,0.3690441711538461,29.033113,0.0928387410477959,-0.00018451476615750917,-7.146151377107132,deep_access,true_drought
2021-08-13,Tarazona,11.289583333333331,245.995093877551,-32.59708424,54.20454797177773,321.6230897552064,0.9198879488198404,3059.3442,0.38448829,35.380802,0.067540609860359,-0.02548264595359441,-7.21647546120416,deep_access,true_drought
2021-08-14,Tarazona,11.28229166666666,290.902556,-54.9106472,48.1670362138889,333.4111516697114,1.0198371858964916,3979.11268,0.434511012,36.816746,0.0792543328205638,-0.01376892299338961,-7.286799545301189,deep_access,true_drought
2021-08-15,Tarazona,11.203125,313.9921480392157,-81.02415647058824,46.01208695390524,313.4741823307328,1.1739687733950932,3749.713529411765,0.4683658074509804,37.671688,0.0792543328205638,-0.01376892299338961,-7.3571236293982185,deep_access,true_drought
2021-08-16,Tarazona,11.05312500000001,305.7749776923077,-41.35525938461539,44.8320241262874,328.389614358787,1.0783522932381786,3233.757634615385,0.4751341272,32.956043,0.0909680557807686,-0.002055200033184809,-7.427447713495248,deep_access,true_drought
2021-08-17,Tarazona,10.925,157.0905479166667,57.7820898125,35.83689374112021,337.0284426988187,0.5215635978509132,1496.219333333333,0.2333174787234042,17.24533,0.09105713323743544,-0.001966122576517959,-7.43852688674298,surface_dependent,compound_dry
2021-08-18,Tarazona,10.92083333333334,168.5679053061224,54.5623552,31.70366452789353,327.3707682807138,0.5701273600158316,1398.672489795918,0.2493109306122449,15.648247,0.0911462106941023,-0.001877045119851109,-7.379281975893684,surface_dependent,compound_dry
2021-08-19,Tarazona,10.94687500000001,172.3472704,48.0924728,35.25749021913889,353.1048243770552,0.5422328642667571,1515.906513166667,0.2684372272916667,15.182883,0.096863983143953,0.003840727329999599,-7.320037065044388,surface_dependent,wet_shallow
2021-08-20,Tarazona,11.03229166666667,182.0610790196078,39.69943980392157,40.4261427890414,337.5448836209676,0.6127552860174375,2148.757779591837,0.2808097059183673,19.385551,0.096863983143953,0.003840727329999599,-7.260792154195092,surface_dependent,wet_shallow
2021-08-21,Tarazona,11.06770833333334,213.0206835294118,15.46781670588235,40.01281246138343,340.8389894832613,0.7081188400500122,2041.531264705882,0.3296756530612245,22.277063,0.1025817555938037,0.009558499779850294,-7.201547243345796,deep_access,wet_shallow
2021-08-22,Tarazona,11.00729166666668,177.0406137254902,-50.54719039215686,20.22468711129629,159.7637621698296,1.2687529543335867,1747.143078431372,0.262266862745098,24.928017,0.0866337564706019,-0.006389499343351507,-7.1423023324965,surface_dependent,true_drought
2021-08-23,Tarazona,10.96458333333334,179.3246666666667,37.62835809803921,38.34590132903051,330.1843633003073,0.6144655007273033,1783.511823529412,0.2712623338,21.634521,0.0706857573474001,-0.022337498466553307,-7.0830574216472035,surface_dependent,true_drought
2021-08-24,Tarazona,10.84895833333333,134.3704404651163,50.23517767441861,30.48401053306847,307.9278816137173,0.48431576427239514,1279.9084,0.2091176446341463,12.253146,0.07126139189743125,-0.021761863916522156,-7.0238125107979075,surface_dependent,compound_dry
2021-08-25,Tarazona,10.82604166666666,168.8680825490196,73.9285229607843,30.8071329298475,349.5804875525658,0.5297434057776946,1234.788379166667,0.2495192588235294,8.281234,0.07126139189743125,-0.021761863916522156,-6.964567599948611,surface_dependent,compound_dry
2021-08-26,Tarazona,11.22083333333334,199.2346017391304,51.68718484782609,39.43008658689615,350.7541765738432,0.6399588343693022,1679.279878409091,0.2954037806521739,12.569579,0.0718370264474624,-0.021186229366491005,-6.905322689099315,deep_access,compound_dry
2021-08-27,Tarazona,11.43229166666667,240.8636519795919,13.84105339326531,43.9622753586168,345.040689612491,0.8000030575971208,1907.33855,0.3573563947959184,19.260485,0.07174888004001351,-0.021274375773939896,-6.846077778250019,deep_access,true_drought
2021-08-28,Tarazona,11.373958333333329,223.8185489795918,46.56569224489796,39.4989412831066,355.1456936314899,0.7090792074190596,2243.647346938776,0.331416012244898,18.872404,0.0716607336325646,-0.0213625221813888,-6.786832867400723,deep_access,true_drought
2021-08-29,Tarazona,11.21666666666667,138.4130730612245,87.68948,41.84617208849206,336.925280763237,0.4690710693917414,1556.892482978723,0.2276489793333333,16.19916,0.0452608056584858,-0.0477624501554676,-6.727587956551427,surface_dependent,compound_dry
2021-08-30,Tarazona,11.07500000000001,167.0214404,76.6957412,29.4686528815,352.4188353379612,0.5171740084788995,1477.304014,0.2506949854166667,12.465458,0.0452608056584858,-0.0477624501554676,-6.668343045702132,surface_dependent,compound_dry
2021-08-31,Tarazona,11.16875,111.7878586956522,81.9887595,26.95957644423912,295.9382822592175,0.4156011471500923,1012.472630434783,0.1651053739130435,9.771889,0.018860877684407,-0.0741623781295464,-6.609098134852836,surface_dependent,compound_dry
2021-09-01,Tarazona,16.28229166666666,114.8533052380952,97.89862976190476,28.90321495095236,304.2946944777912,0.4170546795254133,904.1553533333332,0.1693350243902439,6.1590347,0.024772539089964102,-0.0239459577688756,-6.54985322400354,wet_inactive,wet_shallow
2021-09-02,Tarazona,30.00416666666667,204.3873542857143,111.9978005714286,35.98061339521276,376.2972611649655,0.6005799470145116,1304.965657142857,0.3015465942857143,6.620327,0.024772539089964102,-0.0239459577688756,-6.490608313154244,wet_active,wet_shallow
2021-09-03,Tarazona,26.070833333333322,211.1022436808511,62.15584544680851,34.4952294515603,373.2083425399762,0.623247921392834,1404.244719148936,0.3188207680434783,11.813195,0.024772539089964102,-0.0239459577688756,-6.431363402304948,wet_active,wet_shallow
2021-09-04,Tarazona,23.171875,171.0689236170213,57.57434021276596,32.36214048038192,335.8176917245159,0.5637363459513519,1918.617957446809,0.2607789034782609,12.64306,0.024772539089964102,-0.0239459577688756,-6.372118491455652,wet_inactive,wet_shallow
2021-09-05,Tarazona,20.94791666666668,173.7251285714286,47.96875122448979,35.50654925833334,363.2641493218405,0.5300414957205177,1660.076826530612,0.2633772729166667,13.601043,0.0306842004955212,-0.018034296363318502,-6.312873580606356,wet_inactive,wet_shallow
2021-09-06,Tarazona,18.77291666666666,149.7804895833333,-4.620532499999999,20.0331040107639,214.0779252298746,0.7718860448958068,1661.9325,0.22131246875,15.515935,0.033989266609735,-0.014729230249104698,-6.2536286697570596,wet_inactive,wet_shallow
2021-09-07,Tarazona,16.97916666666667,170.0988282608696,28.24427154347826,37.713936517814,304.6369707391464,0.6372579599849136,1969.035413043478,0.2519496652173913,19.041767,0.033989266609735,-0.014729230249104698,-6.1943837589077635,wet_inactive,wet_shallow
2021-09-08,Tarazona,15.85520833333334,153.8508388888889,96.76743888888888,31.23304171358022,351.7134567368977,0.4800631541796245,1316.718422222222,0.2466722380952381,14.403457,0.033989266609735,-0.014729230249104698,-6.135138848058467,wet_inactive,wet_shallow
2021-09-09,Tarazona,15.083333333333329,129.9368270212766,87.7740214893617,29.86792326932624,317.956723715203,0.4510304698418425,1046.946127659574,0.1915970914893617,13.582347,0.033989266609735,-0.014729230249104698,-6.075893937209171,wet_inactive,wet_shallow
2021-09-10,Tarazona,14.62187499999999,134.6824197777778,93.36156088888887,34.67734303555552,338.522639629765,0.44325984732173895,1281.921355555555,0.2042561744186047,15.099728,0.0372943327239488,-0.011424164134890898,-6.016649026359875,wet_inactive,wet_shallow
2021-09-11,Tarazona,14.228124999999988,116.4825189130435,79.21718695652174,34.40208160229469,317.4583459357278,0.4115171914225154,1591.031869565217,0.1762523911111111,17.37361,0.023393483874249353,-0.025325012984590348,-5.957404115510579,wet_inactive,wet_shallow
2021-09-12,Tarazona,13.97395833333332,124.088977826087,81.76595130434782,36.40942945000002,333.1325423742276,0.4181978835527209,1999.03302173913,0.1922588477272727,18.177725,0.0094926350245499,-0.039225861834289805,-5.898159204661283,wet_inactive,wet_shallow
2021-09-13,Tarazona,13.563541666666659,85.74199136363636,20.6104212,15.71348763826693,156.8280871709743,0.6076053905660073,1253.982659090909,0.1284087953488372,11.490085,0.0061201955119085496,-0.04259830134693115,-5.838914293811987,surface_dependent,compound_dry
2021-09-14,Tarazona,13.255208333333341,90.8897924390244,38.74142543181818,4.790369673642677,170.7072321719202,0.5478032254857037,420.533212195122,0.1465202184210526,5.055316,0.0061201955119085496,-0.04259830134693115,-5.779669382962691,surface_dependent,compound_dry
2021-09-15,Tarazona,13.166666666666679,110.86939308,91.52331826086956,27.77709571692633,304.1490340900065,0.4011600950974086,992.9765897435898,0.1811028622585366,9.041441,0.0061201955119085496,-0.04259830134693115,-5.720424472113395,surface_dependent,compound_dry
2021-09-16,Tarazona,13.144791666666661,111.58278825,68.51148982222222,19.45863070356792,272.385423537531,0.4411663430344839,810.6054725,0.1693483043589744,9.386677,0.0061201955119085496,-0.04259830134693115,-5.661179561264099,surface_dependent,compound_dry
2021-09-17,Tarazona,13.236458333333331,136.3492106382979,105.0429176382979,32.68430714332151,341.7694010059158,0.44113809868460624,1310.089860465116,0.2029797393478261,9.960285,0.0027477559992672,-0.0459707408595725,-5.76728724445837,surface_dependent,compound_dry
2021-09-18,Tarazona,13.410416666666661,148.447706,71.8176132,30.93004962648149,322.0204038322576,0.5099712300843199,1333.607523255814,0.2192608522727273,14.402318,0.01208887900103555,-0.03662961785780415,-5.87339492765264,surface_dependent,compound_dry
2021-09-19,Tarazona,13.444791666666662,121.0916069565217,102.0743899130435,30.34337603599033,343.119036552239,0.3871516305221934,1260.761071111111,0.181777978,13.430302,0.01208887900103555,-0.03662961785780415,-5.979502610846911,surface_dependent,compound_dry
2021-09-20,Tarazona,13.93020833333333,119.5530754318182,95.04323386363636,33.04588000978536,310.4157511874315,0.4310240147000265,1241.841431818182,0.1862298317073171,10.462899,0.0214300020028039,-0.0272884948560358,-6.085610294041182,wet_inactive,wet_shallow
2021-09-21,Tarazona,27.66770833333333,139.5999,109.767185,8.60971760501208,352.3770737557783,0.4060882963499756,601.2179282608696,0.2044721934782609,6.991302,0.01406396282323715,-0.03465453403560255,-6.191717977235452,wet_inactive,wet_shallow
2021-09-22,Tarazona,22.70416666666666,119.6847434090909,117.9059209318182,22.87210937619949,354.5465671438536,0.36085004620082295,753.3278162790698,0.1756007181818182,5.8572583,0.0066979236436704,-0.042020573215169305,-6.297825660429723,wet_inactive,wet_shallow
2021-09-23,Tarazona,19.22604166666665,91.47455276595744,118.7243216276596,19.42368282807328,314.2172123539518,0.31030040894410915,449.1018755555556,0.1402129331111111,6.047226,0.00752878719801945,-0.04118970966082025,-6.403933343623994,wet_inactive,wet_shallow
2021-09-24,Tarazona,18.87708333333331,55.40653,55.2562941,21.96048555013889,180.6497414048228,0.34915111109183894,494.836025,0.0829837105263157,5.0444183,0.00752878719801945,-0.04118970966082025,-6.510041026818264,wet_inactive,wet_shallow
2021-09-25,Tarazona,22.57916666666665,124.7395833333333,54.61199093181818,24.19876863806817,248.5804886654267,0.555925782715829,627.6320238095238,0.1950501902439024,10.027086,0.00752878719801945,-0.04118970966082025,-6.616148710012535,wet_inactive,wet_shallow
2021-09-26,Tarazona,19.34270833333331,143.6333756818182,84.7825609090909,28.32778969960228,350.4154321669379,0.4459450060906473,1020.274887804878,0.2113011543181818,11.032459,0.00752878719801945,-0.04118970966082025,-6.722256393206806,wet_inactive,wet_shallow
2021-09-27,Tarazona,16.83854166666667,130.552575,76.8230409090909,36.83052375871214,350.1717088218687,0.4166467136252326,1284.694931818182,0.1930571390243903,13.538467,0.0083596507523685,-0.0403588461064712,-6.828364076401076,wet_inactive,wet_shallow
2021-09-28,Tarazona,15.58229166666666,118.3487711111111,71.917948,34.23362858851853,330.5330067957618,0.3994229479223995,1554.410511111111,0.1746285377777778,14.045325,0.00703463777422665,-0.04168385908461305,-6.934471759595347,wet_inactive,wet_shallow
2021-09-29,Tarazona,14.92083333333332,110.3526139534884,100.4999920930233,34.89980688682171,323.1215088834321,0.3828740625325507,1553.917348780488,0.1628416109302326,12.772536,0.00703463777422665,-0.04168385908461305,-7.040579442789618,wet_inactive,wet_shallow
2021-09-30,Tarazona,14.73124999999998,75.37358217391305,85.34829456521739,26.12282443339373,279.8692663976744,0.29704291256435916,919.65245,0.1174940827906977,10.085878,0.0057096247960848,-0.0430088720627549,-7.146687125983888,wet_inactive,wet_shallow
2021-10-01,Tarazona,14.438541666666671,98.61043722727273,72.09560227272728,25.68426787980428,233.7792108396718,0.47387233838878245,1065.613453488372,0.1486536404651163,11.283897,-0.00804805298310735,-0.047349363026775455,-7.252794809178159,wet_inactive,wet_shallow
2021-10-02,Tarazona,14.278125,77.70023795348837,101.756311627907,30.51037836143411,316.6146437705517,0.27158014523963897,1004.900997674419,0.1213947246341463,14.657493,-0.0218057307622995,-0.0611070408059676,-7.3589024923724295,wet_inactive,wet_shallow
2021-10-03,Tarazona,13.895833333333329,76.90273823529412,73.96669521428572,12.85151784888228,225.8868651547575,0.3609858138934921,651.3062647058823,0.1185717181818182,7.6544013,-0.019576843446952298,-0.0588781534906204,-7.4650101755667,surface_dependent,wet_shallow
2021-10-04,Tarazona,13.321874999999991,95.99746888888887,83.43179933333333,9.027990861179015,211.8263708764665,0.47336408151609655,611.4438088888888,0.1441445069767442,6.0512576,-0.019576843446952298,-0.0588781534906204,-7.571117858760971,surface_dependent,compound_dry
2021-10-05,Tarazona,13.22916666666665,77.15036590909091,127.7588156818182,31.94885034741162,335.5167201315309,0.254145361180536,879.2536818181818,0.1131758272727273,8.575549,-0.0173479561316051,-0.0566492661752732,-7.6772255419552415,surface_dependent,compound_dry
2021-10-06,Tarazona,13.28229166666666,83.62809306976744,115.9195979069767,38.00406464023255,331.7249613989175,0.2847195892176326,1197.91373902439,0.1293684448780488,8.972288,-0.01126743183078195,-0.050568741874450054,-7.783333225149512,surface_dependent,compound_dry
2021-10-07,Tarazona,13.27395833333333,82.32109214285714,118.9971795238095,34.25919034523808,329.1325020616943,0.27917444160567273,1246.748428571429,0.1212806419047619,9.35862,-0.0051869075299588,-0.044488217573626906,-7.889440908343783,surface_dependent,compound_dry
2021-10-08,Tarazona,13.065624999999988,60.63368,127.7533046511628,25.70952043578811,305.9483835297517,0.2163642805661456,917.4206627906976,0.092480583902439,7.7495103,-0.02003531423009565,-0.05933662427376375,-7.9955485915380535,surface_dependent,compound_dry
2021-10-09,Tarazona,13.051041666666672,71.9329656904762,93.29519976190475,28.53977302453704,286.9576788889469,0.2783590612649688,1014.274647619048,0.1080251956097561,7.4621053,-0.02003531423009565,-0.05933662427376375,-8.101656274732324,surface_dependent,compound_dry
2021-10-10,Tarazona,13.084374999999989,60.70769261904762,78.17256,16.94598765304234,217.0980605720549,0.3033078385533971,618.045230952381,0.089109319047619,6.514442,-0.02003531423009565,-0.05933662427376375,-8.207763957926595,surface_dependent,compound_dry
2021-10-11,Tarazona,12.907291666666659,63.53687325,76.5444925,22.21856336847918,222.1310678936792,0.3178234067994023,792.7939625,0.093288292,6.0522575,-0.02003531423009565,-0.05933662427376375,-8.313871641120866,surface_dependent,compound_dry
2021-10-12,Tarazona,12.73854166666667,63.37960185365854,116.8285954878049,22.62975526172087,284.4237386135791,0.24209724395565896,759.1289756097561,0.0991320628648648,6.359941,-0.0348837209302325,-0.07418503097390061,-8.419979324315136,surface_dependent,compound_dry
2021-10-13,Tarazona,12.49374999999999,66.77318321951219,108.4797894390244,32.78144936470867,318.462611868077,0.23373323825201428,1174.265073170732,0.10068994725,7.53832,-0.024577538857076,-0.0638788489007441,-8.526087007509407,surface_dependent,compound_dry
2021-10-14,Tarazona,12.45312499999999,58.95505095,109.00635025,27.92002621791665,301.9294134362441,0.21515704826209225,839.59709775,0.0984171347222222,7.476986,-0.024577538857076,-0.0638788489007441,-8.632194690703678,surface_dependent,compound_dry
2021-10-15,Tarazona,12.30416666666667,80.93953611111111,97.216107825,28.65356413367208,302.2339211705892,0.2958528784293862,888.9435277777778,0.1227021484848485,9.194565,-0.0142713567839195,-0.0535726668275876,-8.738302373897948,surface_dependent,compound_dry
2021-10-16,Tarazona,12.20312499999999,64.70855825,57.7943106,28.92617916111113,208.3558147789551,0.3606347303063064,912.7652125,0.0975352679487179,10.355609,-0.0114602253441838,-0.0507615353878519,-8.844410057092219,surface_dependent,compound_dry
2021-10-17,Tarazona,12.583333333333321,68.97473325,67.554429575,22.52666257361113,246.9124397972232,0.30739351710898816,1011.91554,0.1268641888888889,9.407146,-0.0114602253441838,-0.0507615353878519,-8.836342316624762,surface_dependent,compound_dry
2021-10-18,Tarazona,12.67708333333332,51.52055871794872,79.73763915384615,20.94357544337608,230.1759273207611,0.24623610190139694,734.0081512820512,0.092554765,6.8763957,-0.0114602253441838,-0.0507615353878519,-8.722166892963033,surface_dependent,compound_dry
2021-10-19,Tarazona,12.73229166666667,63.46890097560976,94.8073712195122,23.86023293944442,298.4906129998129,0.23110662761220446,736.1067317073171,0.0947231512820512,7.627701,-0.0114602253441838,-0.0507615353878519,-8.607991469301306,surface_dependent,compound_dry
2021-10-20,Tarazona,12.58854166666666,71.20294345238095,96.76139785714284,31.68713379113756,308.3539233954452,0.2573599222162382,942.1999476190476,0.1106992666666667,9.738765,-0.0086490939044481,-0.0479504039481162,-8.493816045639578,surface_dependent,compound_dry
2021-10-21,Tarazona,12.50833333333334,69.60209155714286,89.09588047619047,26.74155605198413,251.1709710144927,0.3101290959064793,841.9719809523809,0.10746985425,9.544616,-0.0086490939044481,-0.0479504039481162,-8.379640621977849,surface_dependent,compound_dry
2021-10-22,Tarazona,19.52916666666665,44.55017307692308,37.35489174358975,-4.107389850935675,132.5669782093439,0.32595850786940855,359.3090384615385,0.0693049291666666,2.3392613,-0.0086490939044481,-0.0479504039481162,-8.265465198316122,wet_inactive,wet_shallow
2021-10-23,Tarazona,25.269791666666652,88.471085,99.4171065,16.19508144672223,302.483695250274,0.3090276061789447,617.87316925,0.1322554948717949,4.819157,-0.0086490939044481,-0.0479504039481162,-8.151289774654394,wet_inactive,wet_shallow
2021-10-24,Tarazona,22.53333333333332,78.64135705882353,87.73825376923077,15.08465188391737,246.3390857199067,0.3400642130589275,769.2335875,0.127902534375,7.054169,-0.0086490939044481,-0.0479504039481162,-8.037114350992665,wet_inactive,wet_shallow
2021-10-25,Tarazona,20.2125,72.16927736842105,83.48824828947369,27.49258976228071,276.225992538892,0.2901471075569076,841.9153351351351,0.1057399357894737,5.876623,-0.0086490939044481,-0.0479504039481162,-7.922938927330938,wet_inactive,wet_shallow
2022-05-03,Tarazona,33.79374999999999,114.7618116666667,93.10637416666668,23.45023332372689,265.7950695833333,0.47354758383929707,308.4080909090909,0.1760908173913044,3.0102742,0.1776107594936709,0.007072682457505086,-5.398540228484654,wet_inactive,wet_deep
2022-05-04,Tarazona,35.1375,129.1160142857143,22.34459761904762,20.69086761164019,189.6860714285714,0.7640217673016497,412.1166357142857,0.2095753076923077,3.525983,0.1776107594936709,0.007072682457505086,-5.466499060769896,wet_inactive,wet_deep
2022-05-05,Tarazona,34.014583333333334,207.3140219230769,109.1105853846154,71.82980369135804,403.6430384615385,0.6247912988361244,1093.99452,0.3040330719230769,9.210114,0.1776107594936709,0.007072682457505086,-5.534457893055137,wet_active,wet_deep
2022-05-06,Tarazona,31.36666666666667,167.3172388333333,110.5663683333333,69.89503262499994,400.65585125,0.505855680031525,1409.734652173913,0.245602675625,10.765464,0.1776107594936709,0.007072682457505086,-5.602416725340378,wet_inactive,wet_deep
2022-05-07,Tarazona,29.131249999999998,152.98176032,129.2848388,62.91609174122805,393.2879412,0.4630593089896149,1561.965208333333,0.2396520869565217,11.568879,0.1776107594936709,0.007072682457505086,-5.6703755576256185,wet_inactive,wet_deep
2022-05-08,Tarazona,27.139583333333327,166.0485619565218,122.6826216956522,72.20321980555556,384.4100713043478,0.5318543176082865,1790.687886956522,0.25558061,13.875225,0.1776107594936709,0.007072682457505086,-5.73833438991086,wet_inactive,wet_deep
2022-05-09,Tarazona,25.172916666666662,137.2522496,113.4866868,58.25582048143268,375.666508,0.4324121871037227,1846.973832,0.202172112,11.7720375,0.1596665173381923,-0.010871559697973515,-5.806293222196102,wet_inactive,wet_shallow
2022-05-10,Tarazona,23.46458333333333,162.2215904347826,134.0113139130435,61.78779420915029,421.9105639130435,0.4504619093321075,2032.527826086957,0.2454907380952381,15.475826,0.1417222751827137,-0.028815801853452117,-5.874252054481342,wet_inactive,wet_shallow
2022-05-11,Tarazona,22.195833333333333,142.01585125,106.8783983333333,71.21425202256947,373.709625,0.4694810695851402,2073.8125375,0.2095442508333333,16.560656,0.159463939560308,-0.01107413747585781,-5.942210886766584,wet_inactive,wet_shallow
2022-05-12,Tarazona,21.20833333333334,150.2525204,108.1432596,65.19116930564248,385.8003068,0.4686470310056099,1676.826628,0.2211415188,13.218793,0.159463939560308,-0.01107413747585781,-6.010169719051825,wet_inactive,wet_shallow
2022-05-13,Tarazona,20.60208333333333,172.7251492307692,88.50835461538462,77.82714406388878,398.778155,0.538166708766504,2398.190342307692,0.2552995423076923,16.32701,0.1772056039379023,0.006667526901736498,-6.078128551337066,wet_inactive,wet_deep
2022-05-14,Tarazona,20.10416666666666,159.9437252,98.233138,66.91321998458336,382.1281292,0.5074116754125201,1972.5094,0.235948108,17.398565,0.18427542661617596,0.01373734958001016,-6.146087383622307,wet_inactive,wet_deep
2022-05-15,Tarazona,19.60833333333333,186.4106820833333,77.385425125,43.92995557539685,372.3794316666667,0.5675475092903888,2015.167041666667,0.27523495375,16.214067,0.18427542661617596,0.01373734958001016,-6.2140462159075485,wet_inactive,wet_deep
2022-05-16,Tarazona,19.10833333333333,176.463964125,104.3498439166667,95.0313086797386,398.1138916666667,0.5822306329381219,2033.381608333333,0.2718501873913043,19.188646,0.18427542661617596,0.01373734958001016,-6.28200504819279,wet_inactive,wet_deep
2022-05-17,Tarazona,18.69791666666667,198.3231913846154,90.34358923076924,81.63915453888893,405.7723088461539,0.611857160395919,2169.836696153846,0.2930488741923077,20.112574,0.18427542661617596,0.01373734958001016,-6.4035625456904,wet_active,wet_deep
2022-05-18,Tarazona,18.44166666666666,162.0507584615385,83.25112769230769,78.89845790058477,376.9730307692308,0.5436584439322512,2605.024884615385,0.249802812,23.272036,0.1913452492944496,0.020807172258283796,-6.45716121090277,wet_inactive,wet_deep
2022-05-19,Tarazona,18.15208333333333,204.8030622272727,88.36086954545455,70.19619862205236,406.7615527272727,0.6085090450612607,2655.483136363636,0.3175226952380952,20.471878,0.1913452492944496,0.020807172258283796,-6.51075987611514,wet_active,wet_deep
2022-05-20,Tarazona,17.76875,163.968002173913,90.91096217391303,53.77752246212117,356.8226116086956,0.5410680062022265,1624.954066086957,0.2531424886363636,16.802837,0.1970600312640871,0.026521954227921307,-6.56435854132751,wet_inactive,wet_deep
2022-05-21,Tarazona,17.54583333333332,199.7301080769231,71.89732115384615,58.17693589810609,380.6487692307692,0.6193722596257912,2818.587192307692,0.2958056230769231,24.42781,0.1970600312640871,0.026521954227921307,-6.61795720653988,wet_active,wet_deep
2022-05-22,Tarazona,17.32083333333333,186.547375,34.09525142857143,22.35232438125002,292.0662225,0.6916491004029265,2287.993678571429,0.2758265785714286,23.478312,0.1970600312640871,0.026521954227921307,-6.67155587175225,wet_inactive,wet_deep
2022-05-23,Tarazona,16.87916666666666,172.659919875,147.906902875,52.5139455002639,407.4843833333333,0.4864064763505634,1583.537354166667,0.2655376695652174,17.447592,0.1970600312640871,0.026521954227921307,-6.725154536964619,wet_inactive,wet_deep
2022-05-24,Tarazona,16.556249999999988,161.31431,85.46813875,4.288762338492091,312.6728916666667,0.5230953692442888,1641.53475,0.247951397826087,16.521353,0.2027748132337246,0.03223673619755879,-6.778753202176989,wet_inactive,wet_deep
2022-05-25,Tarazona,16.09166666666666,116.1015907037037,133.1860444444444,8.988446761980656,349.2370111111111,0.34122580627429594,1301.326351851852,0.1685147666923077,12.595592,0.2027748132337246,0.03223673619755879,-6.832351867389359,wet_inactive,wet_deep
2022-05-26,Tarazona,15.86041666666666,128.311142,153.76710444,62.6688161128655,392.004056,0.38960647528631653,1897.52704,0.19665602375,15.336651,0.2091729372815703,0.038634860245404495,-6.885950532601728,wet_inactive,wet_deep
2022-05-27,Tarazona,15.85,158.9518727142857,120.4358639285714,59.00772761111113,402.5647714285714,0.46266515437459776,2674.51875,0.23503435275,19.590788,0.2091729372815703,0.038634860245404495,-6.939549197814099,wet_inactive,wet_deep
2022-05-28,Tarazona,15.85833333333333,198.4417164,110.4878852,52.97011482163747,405.28878,0.5632449711386657,3090.10116,0.3062199833333333,25.272669,0.215571061329416,0.0450329842932502,-6.9931478630264685,wet_active,wet_deep
2022-05-29,Tarazona,15.70416666666666,204.5200491304348,108.3964404347826,73.8214522897396,395.7881913043478,0.6352210472310788,2642.362608695652,0.3023166130434783,25.346512,0.215571061329416,0.0450329842932502,-7.046746528238838,wet_active,wet_deep
2022-05-30,Tarazona,15.391666666666659,130.1275054166667,145.3114170833333,34.78051363622685,357.846525,0.40278921594801503,1415.0195,0.2001415913043478,15.288959,0.19486708205830774,0.024329005022141942,-7.100345193451208,wet_inactive,wet_deep
2022-05-31,Tarazona,15.32708333333333,171.7172596296296,119.4646914814815,49.6099154029101,411.1703444444444,0.474933775482116,2639.901259259259,0.274847168,20.847261,0.19486708205830774,0.024329005022141942,-7.1539438586635775,wet_inactive,wet_deep
2022-06-01,Tarazona,15.30208333333332,159.95558146,125.741442,39.69123762169318,388.894728,0.45805836959623,2455.690583333334,0.2571816373913043,21.49148,0.19486708205830774,0.05007844067164338,-7.207542523875947,wet_inactive,wet_deep
2022-06-02,Tarazona,15.22708333333333,146.80291,109.164313875,36.15212336243389,390.8243875,0.4139114468309814,2127.463125,0.2167969704166667,19.785425,0.19486708205830774,0.05007844067164338,-7.261141189088317,wet_inactive,wet_deep
2022-06-03,Tarazona,15.08124999999999,141.5069708333333,145.2986958333333,58.48355050396827,416.6983070833333,0.3950338958243933,2407.237208333333,0.2090329782608696,19.682428,0.1741631027871995,0.029374461400535123,-7.3147398543006865,wet_inactive,wet_deep
2022-06-04,Tarazona,14.97499999999999,182.139132,131.564952,42.56343230674607,417.814908,0.4853788560418295,2188.00244,0.2689944016,20.124884,0.1741631027871995,0.029374461400535123,-7.368338519513056,wet_inactive,wet_deep
2022-06-05,Tarazona,15.25833333333333,201.7766144444444,97.98816185185186,33.91235936886572,397.7499025925926,0.5545788723632904,2166.643518518519,0.2978406,19.773203,0.18949988743402563,0.044711246047361264,-7.421937184725427,wet_active,wet_deep
2022-06-06,Tarazona,15.51249999999999,237.0128752,40.3973416,27.55768675264544,394.780728,0.6454194006861148,2808.3174,0.350902084,24.806135,0.18949988743402563,0.044711246047361264,-7.475535849937796,wet_active,wet_deep
2022-06-07,Tarazona,15.456249999999999,231.9288452,46.9430696,37.17667109469698,381.4171172,0.6737408338387206,2934.5308,0.3434675404,25.218954,0.2048366720808518,0.06004803069418743,-7.529134515150166,wet_active,wet_deep
2022-06-08,Tarazona,15.306249999999991,185.3185846153846,37.02921615384616,27.77133888888888,286.4396873076923,0.7164331691457663,2046.702384615385,0.2736008730769231,22.401571,0.1758366202306763,0.031047978844011948,-7.582733180362536,wet_inactive,wet_deep
2022-06-09,Tarazona,15.25833333333332,189.1886488461539,99.1416953846154,52.41906868822753,408.4551884615385,0.5313748755789462,2775.553192307692,0.2917632696,22.560205,0.1468365683805008,0.0020479269938364353,-7.636331845574905,wet_active,wet_deep
2022-06-10,Tarazona,15.13548387096774,186.758083423,109.6775285,62.2622613854167,462.55649,0.46655202616677477,2431.53525,0.276719625,23.13262,0.1620492966355918,0.017260655248927448,-7.689930510787275,wet_inactive,wet_deep
2022-06-13,Tarazona,15.35384615384615,108.51665,-52.720725,,26.838875,,4826.5925,0.161759825,35.58552,0.16511665361679428,0.02032801223012992,-7.850726506424385,wet_inactive,wet_deep
2022-06-14,Tarazona,15.249999999999991,222.54658,8.6024725,46.64601936309526,363.2129,0.7030001987329055,4300.49065,0.33137418,34.328915,0.1529712823429058,0.008182640956241438,-7.904325171636755,wet_active,wet_deep
2022-06-15,Tarazona,15.18333333333333,180.4463684615385,15.98298846153846,39.64224371643522,301.5599924230769,0.6889428813151782,3821.849,0.2685752965384615,34.29371,0.1698646747778732,0.02507603339120884,-7.957923836849124,wet_inactive,wet_deep
2022-06-16,Tarazona,15.08749999999999,156.7340613043478,51.59335,31.88597485317469,318.7034317391305,0.5464592811262122,3422.038173913043,0.2373897961904762,32.386875,0.1698646747778732,0.02507603339120884,-8.011522502061494,wet_inactive,wet_deep
2022-06-17,Tarazona,15.02083333333333,257.5779,29.56240038461538,42.87836405366162,396.6883446153846,0.7280119673025022,4025.852269230769,0.380380992,34.69634,0.1867580672128406,0.04196942582617624,-8.020926435137183,wet_active,wet_deep
2022-06-18,Tarazona,15.05833333333333,281.6626788461538,5.387797884615384,39.90399352777774,384.0070653846154,0.8185415995453194,3664.513807692308,0.4189029265384616,36.208656,0.1752927190124396,0.030504077625775228,-8.030330368212871,wet_active,wet_deep
2022-06-19,Tarazona,15.08124999999999,290.4340825,90.9961625,27.75918290138894,425.62638875,0.7299774352614287,2668.69817826087,0.4491722956521739,27.119354,0.1638273708120386,0.01903872942537424,-8.039734301288561,wet_active,wet_deep
2022-06-20,Tarazona,14.96874999999999,232.7419355769231,63.81067776923076,30.85035137152776,365.1783961538462,0.6961484063607699,2249.049730769231,0.3581639668,22.871529,0.1783218486713254,0.033533207284661026,-8.04913823436425,wet_active,wet_deep
2022-06-21,Tarazona,14.66041666666666,145.9050472,6.827229285714286,-5.845090351495756,165.2359157142857,0.8528418820725125,1024.18648,0.2146412556,12.928941,0.1783218486713254,0.033533207284661026,-8.058542167439938,wet_inactive,wet_deep
2022-06-22,Tarazona,14.545833333333318,178.2709704,147.7987128,26.61705334642864,377.3305,0.5083094820031038,1170.044434782609,0.262507292,16.50459,0.1928163265306122,0.04802768514394784,-8.067946100515627,wet_inactive,wet_deep
2022-06-23,Tarazona,14.51041666666665,175.7097523076923,175.2125303846154,39.24986007804233,408.0975,0.4763748856977089,1352.273347826087,0.258901615,16.420782,0.1805524105463593,0.035763769159694925,-8.077350033591317,wet_inactive,wet_deep
2022-06-24,Tarazona,14.408333333333331,170.1728195833333,175.2611108333333,41.98219271637436,426.12415,0.44299461789249095,1397.373181818182,0.2740912545454545,16.727587,0.1682884945621064,0.023499853175442037,-8.086753966667006,wet_inactive,wet_deep
2022-06-25,Tarazona,14.46249999999999,233.9023362962963,108.7742464074074,42.07204882971011,422.8709592592593,0.6142410860168942,1891.629,0.34565788,19.934664,0.18963631618775625,0.04484767480109189,-8.096157899742694,wet_active,wet_deep
2022-06-26,Tarazona,14.62708333333333,239.9681212857143,94.08959678571428,45.26473854516906,417.7489178571428,0.6442370833815447,1838.023411111111,0.3678642703703704,21.954016,0.18963631618775625,0.04484767480109189,-8.105561832818383,wet_active,wet_deep
2022-06-27,Tarazona,14.478723404255309,225.9790120833333,99.65382958333332,47.65443541137568,382.8301041666667,0.6742106696543021,1823.064366666667,0.32962441,22.106512,0.2109841378134061,0.06619549642674175,-8.114965765894071,wet_active,wet_deep
2022-06-28,Tarazona,14.49583333333332,177.7999784615385,125.2362761538461,51.44658739583333,414.0748692307693,0.49030918813571994,2190.962924,0.2744269732,20.095446,0.1749345019262541,0.03014586053958973,-8.124369698969762,wet_inactive,wet_deep
2022-06-29,Tarazona,14.577083333333329,153.9645959259259,88.01614666666667,23.09815193923615,357.2257259259259,0.460795839412102,2345.81885,0.2370354153846154,25.019224,0.1388848660391021,-0.005903775347562257,-8.13377363204545,wet_inactive,wet_shallow
2022-06-30,Tarazona,14.45416666666666,186.3424273076923,125.0148465384615,42.17260919444447,394.0659357692307,0.5295423733137771,2227.92552,0.287044832,26.522211,0.14070811146880985,-0.004080529917854514,-8.143177565121139,wet_inactive,wet_shallow
2022-07-01,Tarazona,14.52083333333333,169.5272797307692,144.5091538461539,41.55431020144447,393.7729230769231,0.4813126664339653,1208.857818181818,0.26073444412,16.085741,0.14070811146880985,0.02754326363753795,-8.152581498196827,wet_inactive,wet_deep
2022-07-02,Tarazona,14.8125,190.8143560740741,112.1405611111111,44.08942875633333,464.2481904761905,0.4541482255255229,1397.634527272727,0.2933917907692308,16.705957,0.1425313568985176,0.029366509067245694,-8.161985431272518,wet_active,wet_deep
2022-07-03,Tarazona,14.70624999999999,256.3459771904762,14.18318928571428,37.60764430815971,302.6781571428572,0.9670859819490295,1673.552961111111,0.3801804,21.541817,0.14447212061616943,0.03130727278489753,-8.171389364348206,wet_active,wet_deep
2022-07-04,Tarazona,14.799999999999999,211.1952468148148,70.15189074074074,42.55013834953703,399.6079037037037,0.5914876171516101,3221.331807692308,0.32550634,27.679602,0.1464128843338213,0.0332480365025494,-8.180793297423895,wet_active,wet_deep
2022-07-05,Tarazona,14.90833333333333,210.606258,45.71052846153846,33.47450949236112,367.0241319230769,0.6314090733043677,1871.844192307692,0.35494235,21.967852,0.1765385938861591,0.06337374605488721,-8.190197230499583,wet_active,wet_deep
2022-07-06,Tarazona,14.97916666666666,170.54515276,123.5999664,56.76482199199734,368.956072,0.546284217625024,1248.310661904762,0.2778303913043478,15.804017,0.1765385938861591,0.06337374605488721,-8.199601163575274,wet_inactive,wet_deep
2022-07-07,Tarazona,15.01249999999999,202.514964,93.311888,39.20720391666669,398.970216,0.5629121315925903,2167.746264,0.2975520883333334,18.99675,0.2066643034384969,0.093499455607225,-8.209005096650962,wet_active,wet_deep
2022-07-08,Tarazona,15.174999999999999,220.0374333333333,49.97939583333334,34.18262183095239,418.3172333333333,0.5728133491349541,2877.437092083333,0.3265167208333333,23.038916,0.17525841097313144,0.06209356314185954,-8.21840902972665,wet_active,wet_deep
2022-07-09,Tarazona,15.135416666666659,232.5948444,50.62005688,43.97578160441913,399.4296988,0.6543600538576135,3220.15676,0.345297604,26.303986,0.143852518507766,0.03068767067649411,-8.22781296280234,wet_active,wet_deep
2022-07-10,Tarazona,15.07291666666666,208.9765639130435,61.04739347826087,50.52215360493824,401.5646465217391,0.5953027571581545,3175.792869565217,0.3106141695652174,29.30509,0.15886735222762322,0.04570250439635132,-8.237216895878028,wet_active,wet_deep
2022-07-11,Tarazona,14.958333333333321,176.0838176923077,90.33656038461538,41.82063222486774,379.7775884615385,0.521024392138851,3485.342807692308,0.26166475,31.649698,0.15886735222762322,0.04570250439635132,-8.246620828953718,wet_inactive,wet_deep
2022-07-12,Tarazona,14.918749999999989,230.026087037037,39.10236407407407,36.1638056014493,385.1892974074074,0.6590523971381459,3402.944481481481,0.3419004133333333,30.970078,0.1738821859474804,0.0607173381162085,-8.256024762029407,wet_active,wet_deep
2022-07-13,Tarazona,14.98749999999999,250.5813538461539,20.77250192307692,46.57206768750007,383.0798155,0.7446525539904546,4026.616769230769,0.3731367615384615,35.17256,0.1555370982223187,0.042372250391046806,-8.265428695105095,wet_active,wet_deep
2022-07-14,Tarazona,14.891666666666659,226.3642769230769,25.39566538461538,48.14689467222215,350.0156526923077,0.7498764642216311,4228.056923076923,0.3374765346153846,36.65227,0.137192010497157,0.024027162665885116,-8.274832628180784,wet_active,wet_deep
2022-07-15,Tarazona,14.78297872340425,185.4418676,85.39921712,52.33482940277774,400.265544,0.532985045067592,3556.95364,0.27585738,32.026604,0.15873937442420571,0.04557452659293382,-8.284236561256474,wet_inactive,wet_deep
2022-07-16,Tarazona,14.72499999999999,229.1916996153846,37.37458311538462,45.02007400264549,391.6879730769231,0.6611275524137228,3862.919,0.3412377615384615,34.47975,0.15873937442420571,0.04557452659293382,-8.293640494332163,wet_active,wet_deep
2022-07-17,Tarazona,14.85106382978723,258.0610642307692,15.21109153846154,49.43596143749999,381.6927680769231,0.7766915803498535,3662.767038461539,0.3839812461538462,32.90529,0.1802867383512544,0.06712189051998249,-8.33805540553279,wet_active,wet_deep
2022-07-18,Tarazona,14.78333333333333,226.8793672,43.4287884,39.69656934210533,383.9008104,0.6591416959381369,3725.56492,0.33739734,32.79027,0.1538095880142598,0.040644740182987915,-8.37306638365773,wet_active,wet_deep
2022-07-19,Tarazona,14.839583333333332,260.448562,27.0992064,45.66160975138891,409.695988,0.7154504562262277,3191.47172,0.387279954,32.660847,0.1273324376772652,0.014167589845993311,-8.408077361782668,wet_active,wet_deep
2022-07-20,Tarazona,14.89375,211.8719247826087,39.22617347826087,47.22627429444433,342.0502926086957,0.7186386170097429,2679.889965217391,0.3147739260869565,28.834524,0.12955490824617294,0.016390060414901042,-8.443088339907607,wet_active,wet_deep
2022-07-21,Tarazona,14.787234042553191,133.3016483846154,71.46867,41.01303525757576,260.2172334615385,0.6081163110780493,3174.861916666667,0.264716585,26.723494,0.12955490824617294,0.016390060414901042,-8.478099318032546,wet_inactive,wet_deep
2022-07-22,Tarazona,14.75714285714285,216.8342295,93.4620265,60.14578619753096,419.86728,0.602783634661176,3722.77635,0.323035864,33.922882,0.1317773788150807,0.0186125309838088,-8.513110296157484,wet_active,wet_deep
2022-07-25,Tarazona,14.67142857142856,187.0842,-53.69878,,53.7182,,5208.076,0.278914,39.527508,0.16932885901443057,0.05616401118315867,-8.6181432305323,wet_inactive,wet_deep
2022-07-26,Tarazona,14.410344827586199,203.6553888235294,107.0765882352941,73.29222237703695,413.5661058823529,0.5985043187140391,2574.447213333333,0.3995935230769231,32.11511,0.16932885901443057,0.05616401118315867,-8.65315420865724,wet_active,wet_deep
2022-07-29,Tarazona,14.77708333333333,192.9726758846154,79.52163615384616,50.28835505555556,373.3468065384615,0.5973305295027274,3251.352954166667,0.3276395744782609,27.517805,0.1344524872940089,0.021287639462737012,-8.758187143032057,wet_active,wet_deep
2022-07-30,Tarazona,14.885416666666659,199.35712125,81.95580458333333,38.05732960687822,374.1266875,0.5932023154381139,1967.9076,0.2958669125,15.688315,0.13280608803381436,0.01964124020254246,-8.793198121156996,wet_active,wet_deep
2022-07-31,Tarazona,14.92291666666666,221.5682639565217,79.54239926086957,42.59010608677265,405.1196,0.6111730705407236,2445.957680952381,0.3442315209090909,22.911562,0.13280608803381436,0.01964124020254246,-8.828209099281935,wet_active,wet_deep
2022-08-01,Tarazona,15.01612903225806,212.8379861111111,86.89364388888889,59.15169511111115,449.2834055555555,0.5455541818649979,1980.076905882353,0.3161565722222222,22.999596,0.1311596887736198,0.0381364329596664,-8.863220077406872,wet_active,wet_deep
2022-08-03,Tarazona,17.05833333333333,90.428,-30.0604,,-5.978333333333332,,3818.803333333333,0.1345116666666667,31.713287,0.1096376252891287,0.016614369475175292,-8.93324203365675,wet_inactive,wet_deep
2022-08-04,Tarazona,16.73333333333333,163.0084458333333,96.12305936,60.29590035555549,392.214536,0.49110965257145134,3421.65268,0.2420499666666667,30.189692,0.12399312457116984,0.03096986875721644,-8.96825301178169,wet_inactive,wet_deep
2022-08-05,Tarazona,16.37857142857142,142.0684157142857,114.6388535714286,67.96350528703691,416.0883857142857,0.40809612786057436,2614.003714285714,0.210855105,30.659273,0.12399312457116984,0.03096986875721644,-9.003263989906628,wet_inactive,wet_deep
2022-08-08,Tarazona,16.372727272727268,252.4897764705882,67.63384705882353,70.32031500854691,467.2270588235294,0.6361438307742283,3891.531176470588,0.3752499411764706,28.02848,0.1176288978079654,0.024605641994011995,-9.108296924281445,wet_active,wet_deep
2022-08-09,Tarazona,16.052083333333318,191.856605,84.0744565,53.81951615277785,418.06642,0.5267213062721635,3348.185894736842,0.3009991157894737,27.641203,0.1069884257804738,0.013965169966520391,-9.143307902406384,wet_active,wet_deep
2022-08-10,Tarazona,15.78958333333332,178.8196268421053,109.7795494736842,57.24174200653609,419.0057352631579,0.49429912919845886,3158.535421052632,0.2655732105263158,25.212515,0.1069884257804738,0.013965169966520391,-9.178318880531323,wet_inactive,wet_deep
2022-08-11,Tarazona,15.46041666666666,136.5051044736842,108.9594605263158,41.85574543703697,354.5647210526316,0.4365244208451711,3787.899333333333,0.2141708611111111,29.019577,0.0963479537529822,0.0033246979390288006,-9.213329858656262,wet_inactive,wet_deep
2022-08-12,Tarazona,15.21666666666666,143.8110161904762,100.0207020952381,50.42385932986119,331.1338952380952,0.5123116304879424,3738.522523809524,0.2194332410526316,31.703325,0.0963479537529822,0.0033246979390288006,-9.2483408367812,wet_inactive,wet_deep
2022-08-13,Tarazona,14.70624999999999,218.97700625,1.93379,-3.482043833333343,204.101375,1.0548867895167218,1203.305125,0.32310883125,21.113203,0.10024222088099775,0.00721896506704435,-9.283351814906139,wet_active,wet_deep
2022-08-14,Tarazona,15.17291666666666,252.3799947368421,90.0174852631579,36.11815459411758,394.3773826315789,0.7044619509715798,2122.528777777778,0.396855,24.124313,0.10024222088099775,0.00721896506704435,-9.318362793031078,wet_active,wet_deep
2022-08-15,Tarazona,15.32916666666666,225.4293035,74.873465,68.18448650718955,388.788555,0.703139247607693,2345.0901,0.3310452736842106,25.065744,0.10024222088099775,0.00721896506704435,-9.353373771156017,wet_active,wet_deep
2022-08-16,Tarazona,15.233333333333329,210.7238081818182,74.6419635,46.03321007239765,363.9208772727273,0.6628876484504262,2155.8995,0.3115272409090909,23.085493,0.10024222088099775,0.00721896506704435,-9.388384749280956,wet_active,wet_deep
2022-08-17,Tarazona,15.03333333333332,183.5213515,114.3522975,68.4390067888889,369.21205,0.6101655571945233,1990.8523,0.2846004947368421,20.828354,0.1041364880090133,0.0111132321950599,-9.551033727933039,wet_inactive,wet_deep
2022-08-18,Tarazona,14.80416666666666,165.1383075,149.0093525,48.57417137857151,388.3564,0.48601219719466365,2037.746157894737,0.2361747621052632,18.276533,0.1041364880090133,0.0111132321950599,-9.678671728460182,wet_inactive,wet_deep
2022-08-19,Tarazona,14.68124999999999,153.6481122727273,134.0582436363636,61.86251487654329,371.4369090909091,0.4963204811000394,2461.4405,0.2274890331818182,22.610245,0.1123615104525097,0.01933825463855629,-9.806309728987326,wet_inactive,wet_deep
2022-08-20,Tarazona,14.73749999999999,213.2315211111111,49.03227222222223,46.22312698290604,365.7142927777778,0.6674097563248922,2944.3356,0.3167210083333333,23.332613,0.1123615104525097,0.01933825463855629,-9.93394772951447,wet_active,wet_deep
2022-08-21,Tarazona,14.87916666666666,281.2755625217391,11.37539565217391,53.06108516172848,335.4509246521739,0.9960541180563829,3189.485140909091,0.4580716666666667,29.931929,0.1205865328960061,0.027563277082052695,-10.061585730041614,wet_active,wet_deep
2022-08-22,Tarazona,14.866666666666669,187.71478,37.874676,29.22212877777771,334.92028,0.6140527158881762,2675.5376,0.2759561736842105,26.403955,0.10564510634471061,0.012621850530757206,-10.189223730568758,wet_inactive,wet_deep
2022-08-23,Tarazona,14.85,157.0323805,74.3992925,36.0447916055555,345.66167,0.5071828813542409,2702.473947368421,0.233189107,24.236525,0.0907036797934151,-0.002319576020538297,-10.316861731095901,wet_inactive,wet_shallow
2022-08-24,Tarazona,14.787499999999989,159.4548041666667,78.51908666666667,20.84968731249996,346.3759038888889,0.4898370578065209,2904.3034375,0.2368275552222222,23.65005,0.08558556276815996,-0.007437693045793448,-10.444499731623045,wet_inactive,wet_shallow
2022-08-25,Tarazona,14.67291666666666,148.170770625,116.37111875,41.03275311851857,341.89729375,0.4924833292551057,2793.932538461539,0.2377004613333333,17.63811,0.08558556276815996,-0.007437693045793448,-10.572137732150189,wet_inactive,wet_shallow
2022-08-26,Tarazona,14.37916666666666,119.0272785913044,132.8324795652174,67.14342439181286,335.2348143478261,0.44398023603381537,1483.646252631579,0.1878973913636364,16.576204,0.08558556276815996,-0.007437693045793448,-10.699775732677333,wet_inactive,wet_shallow
2022-08-27,Tarazona,14.35,106.4766985714286,143.0558919047619,37.98021668518525,353.6059904761905,0.3373510892108995,1823.070736842105,0.16008284,17.032328,0.08558556276815996,-0.007437693045793448,-10.827413733204477,wet_inactive,wet_shallow
2022-08-28,Tarazona,14.387500000000001,120.5687495238095,146.706219047619,40.31454334502918,359.0079442857143,0.3783220774823939,2090.648144444444,0.190706705,18.687136,0.0804674457429048,-0.012555810071048598,-10.95505173373162,wet_inactive,wet_shallow
2022-08-29,Tarazona,14.24166666666666,215.1422533333333,79.22615,37.18797571999998,365.5121306666667,0.655273911748227,2592.069866666667,0.3189126666666667,21.71432,0.07692135389870605,-0.016101901915247352,-11.082689734258764,wet_active,wet_shallow
2022-08-30,Tarazona,14.472916666666661,144.9031058823529,97.75919705882352,47.70690842638889,332.2164058823529,0.5093085017479277,2392.03075,0.23270988125,20.712511,0.07692135389870605,-0.016101901915247352,-11.210327734785906,wet_inactive,wet_shallow
2022-08-31,Tarazona,14.49375,165.2236147368421,150.7696136842105,52.08721232026141,382.1389526315789,0.500599132066375,2081.544823529412,0.2446016668421053,18.677576,0.0733752620545073,-0.019647993759446106,-11.337965735313052,wet_inactive,wet_shallow
2022-09-01,Tarazona,14.27826086956521,107.5847105882353,63.18197317647058,30.08232421527773,247.6322141176471,0.494528913053077,2351.846075,0.15570381625,23.16777,0.08386991494726685,0.03515141808842715,-11.465603735840194,wet_inactive,wet_deep
2022-09-02,Tarazona,14.12083333333333,116.9716388888889,152.7385022222222,39.85187305555555,344.5779666666667,0.3838582955031317,2141.151444444445,0.1819493470588235,23.813078,0.0943645678400264,0.045646070981186705,-11.59324173636734,wet_inactive,wet_deep
2022-09-03,Tarazona,13.90416666666666,104.0842675,144.7850449,30.16413592156866,310.31113,0.37153447904159936,1996.95335,0.1623570984210526,20.024357,0.09856606561151696,0.049847568752677256,-11.720879736894481,wet_inactive,wet_deep
2022-09-04,Tarazona,13.78124999999999,102.2737771428571,163.0537652380952,26.27327603703707,340.2229142857143,0.32576491475950287,2586.518761904762,0.151463220952381,21.647713,0.09856606561151696,0.049847568752677256,-11.848517737421627,surface_dependent,wet_shallow
2022-09-05,Tarazona,13.67291666666666,105.2330942105263,185.205457,41.42674961111118,359.1833157894737,0.33117519954397123,2167.147055555556,0.1903344,21.921417,0.1027675633830075,0.054049066524167806,-11.976155737948769,surface_dependent,wet_shallow
2022-09-06,Tarazona,13.65416666666667,127.5439752777778,131.5821127777778,45.71690886111102,355.9811,0.4110818422506355,1752.400764705882,0.1996408405882353,19.507166,0.0914928159594165,0.042774319100576795,-12.103793738475913,surface_dependent,wet_shallow
2022-09-07,Tarazona,13.80625,150.6746175,107.853535,29.54989382098768,317.287765,0.5236523676310227,1746.985231578947,0.2224996585,18.928007,0.0914928159594165,0.042774319100576795,-12.231431739003057,surface_dependent,wet_deep
2022-09-08,Tarazona,13.79999999999999,164.2687166666667,142.181385,54.35787322222219,387.2955111111111,0.4933918487205943,1664.083222222222,0.2426144777777778,19.050016,0.0914928159594165,0.042774319100576795,-12.3590697395302,surface_dependent,wet_shallow
2022-09-09,Tarazona,13.600000000000001,158.939,148.314,,515.803,,932.333,0.23448,19.1426,0.0914928159594165,0.042774319100576795,-12.486707740057344,surface_dependent,wet_shallow
2022-09-13,Tarazona,15.41363636363636,89.05624285714286,17.43134555555556,-0.3904137083332943,117.2929555555556,0.7567445036133049,451.548875,0.1309331428571429,5.7225895,0.06765372598626371,0.018935229127424007,-12.99725974216592,wet_inactive,wet_deep
2022-09-14,Tarazona,18.21458333333333,219.7885311764706,103.6317247058823,26.6626068699346,352.1109,0.6753408630987415,1317.649333333333,0.3240045311764706,12.601075,0.06765372598626371,0.018935229127424007,-13.124897742693063,wet_active,wet_deep
2022-09-15,Tarazona,17.99375,161.015565,106.791875,41.72292244970751,365.4835315,0.4973290774078946,1337.385842105263,0.237317465,10.972997,0.06765372598626371,0.018935229127424007,-13.252535743220207,wet_inactive,wet_deep
2022-09-16,Tarazona,17.260416666666657,182.6286447058824,99.96556470588236,42.82557071111113,341.9459588235294,0.6105523125934337,1753.2224375,0.2698702835294118,13.685357,0.0550893834367019,0.006370886577862202,-13.380173743747351,wet_inactive,wet_deep
2022-09-17,Tarazona,16.68333333333333,132.2309903333333,105.7085614285714,43.32969094944444,349.5534538095238,0.4318116566079579,1387.804789473684,0.1953472743809524,10.931378,0.0550893834367019,0.006370886577862202,-13.30181536323902,wet_inactive,wet_deep
2022-09-18,Tarazona,16.30625,104.4948552631579,106.595977368421,37.52068403333335,292.7633278947368,0.40939418931853144,951.558375,0.1540179557894737,7.865108,0.054734396990248,0.0060159001314082985,-13.22345698273069,wet_inactive,wet_deep
2022-09-19,Tarazona,15.95833333333333,107.5569588235294,96.1880394117647,45.68649579281051,257.1943764705882,0.5085245924589796,1367.35435625,0.16736529375,10.442675,0.054734396990248,0.0060159001314082985,-13.14509860222236,wet_inactive,wet_deep
2022-09-20,Tarazona,15.80833333333333,103.4415578947368,93.55692315789474,45.86339297426905,309.9199105263158,0.39174021854752367,1588.848,0.1641650464705882,9.88849,0.0543794105437941,0.005660913684954402,-13.06674022171403,wet_inactive,wet_deep
2022-09-21,Tarazona,15.41249999999999,54.16192789411765,38.553815,11.03058180000004,107.4211911111111,0.5619004618935876,612.88658,0.1064389529615385,6.7459235,0.058238166668617156,0.009519669809777455,-12.9883818412057,wet_inactive,wet_deep
2022-09-22,Tarazona,15.35416666666666,90.16559058823528,124.5222411764706,44.03356261481476,323.2160117647059,0.3229629615428511,1276.640764705882,0.1331108288235294,10.761306,0.0620969227934402,0.0133784259346005,-12.910023460697367,wet_inactive,wet_deep
2022-09-23,Tarazona,15.49583333333333,108.2275,120.70714375,38.32769083416665,316.99470625,0.3883757101230673,1077.75683125,0.1595903333333333,13.220783,0.06727228944934191,0.01855379259050221,-12.831665080189037,wet_inactive,wet_deep
2022-09-24,Tarazona,15.28421052631578,144.064225,75.58148416666667,48.67249280707068,289.6090583333333,0.5979342516372704,1884.0875,0.21239225,17.410526,0.06727228944934191,0.01855379259050221,-12.753306699680707,wet_inactive,wet_deep
2022-09-25,Tarazona,14.92222222222222,121.9944235294118,77.77934941176471,7.208485591666665,249.8547429411765,0.502766557629982,561.05721,0.1789432647058823,8.245674,0.06727228944934191,0.01855379259050221,-12.674948319172376,wet_inactive,wet_deep
2022-09-26,Tarazona,14.87666666666666,129.9484823529412,139.9687657647059,37.06950111388892,346.0790882352941,0.4205322027820658,1073.825647058824,0.1909574529411765,7.5121303,0.06727228944934191,0.01855379259050221,-12.596589938664046,wet_inactive,wet_deep
2022-09-27,Tarazona,14.670270270270262,150.2508153846154,183.5768846153846,33.68202746574079,373.2475615384615,0.44247958143018706,1718.827692307692,0.220924,12.117488,0.0724476561052436,0.023729159246403904,-12.518231558155716,wet_inactive,wet_deep
2022-09-28,Tarazona,14.68541666666666,122.8443366666667,111.1138185714286,28.34411360561406,281.8408904761905,0.48459920549358804,1279.564142857143,0.188903465,13.188403,0.0970703888991826,0.048351892040342896,-12.439873177647385,wet_inactive,wet_deep
2022-09-29,Tarazona,14.74418604651162,95.09184647058824,108.7121915789474,15.1711952263158,237.3683173684211,0.4279616475400281,512.986,0.1390916294117647,7.29513,0.0970703888991826,0.048351892040342896,-12.361514797139055,wet_inactive,wet_deep
2022-09-30,Tarazona,14.68965517241379,182.8091214285714,152.9496714285714,28.69165950462964,375.0392,0.527819892028409,1332.621785714286,0.2682313571428571,7.798926,0.1216931216931216,0.07297462483428191,-12.283156416630725,wet_inactive,wet_deep
2022-10-01,Tarazona,14.75999999999999,136.1959333333333,129.39848,33.63882439898988,347.9385858333333,0.4333313290210191,2048.6325,0.20062175,10.6139555,0.12072070484063815,0.08141939479697005,-12.204798036122394,wet_inactive,wet_deep
2022-10-02,Tarazona,14.903124999999989,177.533325,79.71078,42.58549143434345,332.10795,0.6131936219370692,2444.320833333333,0.262052475,14.569012,0.1197482879881547,0.0804469779444866,-12.126439655614064,wet_inactive,wet_deep
2022-10-03,Tarazona,15.159259259259251,146.35025,27.39926214285714,56.9717576666667,265.8092714285714,0.7007852533949129,2254.707142857143,0.2162154214285714,13.638949,0.12039555926409595,0.08109424922042785,-12.048081275105732,wet_inactive,wet_deep
2022-10-04,Tarazona,15.090909090909092,196.831705,42.29182785714286,18.88705432478631,307.2623592857143,0.6825539552586473,2325.518571428571,0.2911491071428571,17.242624,0.12039555926409595,0.08109424922042785,-11.969722894597401,wet_active,wet_deep
2022-10-05,Tarazona,15.016216216216211,122.4459363157895,101.0748084210526,41.09106671988302,281.8480442105263,0.5085872799701027,1368.693714285714,0.1805332042105263,9.053276,0.1210428305400372,0.0817415204963691,-11.891364514089071,wet_inactive,wet_deep
2022-10-06,Tarazona,15.21904761904761,109.69576875,117.7640075,29.14798836000002,289.33304125,0.42160672771766305,564.0318125,0.161119575,5.9791093,0.1210428305400372,0.0817415204963691,-11.81300613358074,wet_inactive,wet_deep
2022-10-07,Tarazona,15.127777777777771,112.50385625,97.111925,39.64480300000001,285.1782875,0.45820168470748845,906.3985625,0.165525725,8.101897,0.1210428305400372,0.0817415204963691,-11.73464775307241,wet_inactive,wet_deep
2022-10-08,Tarazona,15.16470588235294,114.5123875,135.18659375,28.63153021709407,344.263895625,0.36280305839995364,896.4752875,0.1685580625,6.9362583,0.1210428305400372,0.0817415204963691,-11.65628937256408,wet_inactive,wet_deep
2022-10-09,Tarazona,15.11249999999999,110.1890933333333,132.6129226666667,52.24212482777772,324.57142,0.4046171134972799,1133.3128,0.1623588466666667,7.2070966,0.1210428305400372,0.0817415204963691,-11.57793099205575,wet_inactive,wet_deep
2022-10-10,Tarazona,14.719230769230759,53.52346307692308,38.7423,3.447411509259256,141.8020176923077,0.3868571098103485,175.51694,0.0929246083333333,2.2051227,0.11003938196589941,0.0707380719222313,-11.49957261154742,wet_inactive,wet_deep
2022-10-11,Tarazona,14.60882352941175,88.58550714285714,108.2241324285714,42.61048570634918,251.6978357142857,0.42367702847395894,535.5090428571428,0.1300516071428571,4.316895,0.0990359333917616,0.0597346233480935,-11.42121423103909,wet_inactive,wet_deep
2022-10-12,Tarazona,14.44374999999999,91.3935529,116.6603008095238,39.9350996317222,275.7039619047619,0.3876404713450191,976.5693333333334,0.1415740763157895,5.542685,0.0990359333917616,0.0597346233480935,-11.342855850530757,wet_inactive,wet_deep
2022-10-13,Tarazona,14.341666666666661,117.9030888888889,106.9806767142857,37.3373998818713,280.0155823809524,0.48584132151778964,1312.312666666667,0.1781730529411765,8.20757,0.0990359333917616,0.0597346233480935,-11.264497470022427,wet_inactive,wet_deep
2022-10-14,Tarazona,14.359999999999989,159.0683571428571,116.0233357142857,47.42544777777778,314.2663428571428,0.5961168624304992,2187.890714285714,0.2350587142857143,12.799679,0.0990359333917616,0.0597346233480935,-11.186139089514096,wet_inactive,wet_deep
2022-10-15,Tarazona,14.58571428571428,171.6377,65.90219285714285,47.03331341880346,310.3947,0.6517193056586624,2560.572857142857,0.2539849357142857,15.2526245,0.0990359333917616,0.0597346233480935,-11.107780709005766,wet_inactive,wet_deep
2022-10-16,Tarazona,14.733333333333329,126.0841714285714,29.02517085714286,31.55631864957266,228.6612071428571,0.6396805903313109,1669.05,0.1859215285714286,14.47922,0.09018121185971814,0.05087990181605004,-11.029422328497436,wet_inactive,wet_deep
2022-10-17,Tarazona,14.76785714285713,161.5700846153846,52.50829907692308,30.24168112037035,284.0047615384615,0.6366965767801501,1700.555076923077,0.2411954545454545,12.384235,0.0813264903276747,0.04202518028400659,-10.867897910190678,wet_inactive,wet_deep
2022-10-18,Tarazona,14.90645161290321,151.7586583333333,45.582425,36.02619680808073,276.936975,0.6299371886650759,1608.9725,0.2242246333333333,10.826683,0.0813264903276747,0.04202518028400659,-10.78473187239225,wet_inactive,wet_deep
2022-10-19,Tarazona,14.960606060606048,174.0057272727273,-4.025930190909091,41.53337216161616,221.5633909090909,0.9665372946319714,2034.094545454545,0.2573012090909091,13.606922,0.0813264903276747,0.04202518028400659,-10.701565834593824,wet_inactive,wet_deep
2022-10-20,Tarazona,14.65999999999999,61.26045555555555,-28.11466577777778,1.946305052962928,51.67968316666666,1.231777487857307,125.8688408333333,0.12871416,9.876361,0.0813264903276747,0.04202518028400659,-10.618399796795396,wet_inactive,wet_deep
2022-10-27,Tarazona,14.921428571428569,144.1550307692308,22.02091,38.70404391666671,235.4954538461539,0.7325270489239512,2638.732307692308,0.2131420615384615,16.310978,0.0927791771620487,0.053477867118380595,-10.036237532206403,wet_inactive,wet_deep
2022-10-28,Tarazona,14.7074074074074,125.6770583333333,27.1455725,42.08100116161621,228.2708916666667,0.674993996679558,2017.438333333333,0.1854471166666667,11.642784,0.0927791771620487,0.053477867118380595,-9.953071494407975,wet_inactive,wet_deep
2022-10-29,Tarazona,14.58148148148148,117.9578846153846,67.01322384615385,28.08830866666669,208.0615384615384,0.6554190573221894,1396.952615384615,0.1736726769230769,8.455794,0.0927791771620487,0.053477867118380595,-9.869905456609548,wet_inactive,wet_deep
2022-10-30,Tarazona,14.643999999999991,65.51355,48.51238333333333,33.0169711444444,165.8522166666667,0.4931940295095859,285.9855454545454,0.0960599,7.28418,0.0927791771620487,0.053477867118380595,-9.786739418811122,wet_inactive,wet_deep
2022-10-31,Tarazona,14.628571428571421,65.96603333333333,27.7779835,36.10881306203699,146.1569391666667,0.5994289559334728,312.2724083333333,0.0967251916666666,7.9423137,0.0927791771620487,0.053477867118380595,-9.703573381012694,wet_inactive,wet_deep
2023-05-01,Tarazona,16.078958333333322,210.96055,97.02556269230767,37.57422614235766,405.27855,0.5737233323415417,2305.457269230769,0.30881164,17.553493,0.1705380770361658,0.0,-8.826621138543727,wet_active,wet_shallow
2023-05-03,Tarazona,16.278653191489358,159.74522,34.89619266666666,19.78332520885936,288.94302,0.5934960660583198,2642.866666666667,0.2357174866666667,18.220594,0.1705380770361658,0.0,-8.906990057496696,wet_inactive,wet_shallow
2023-05-04,Tarazona,15.9707625,178.5845111111111,68.98819037037038,56.09738908111951,338.1088740740741,0.6332526177633249,1857.540259259259,0.2629379407407407,16.565256,0.1705380770361658,0.0,-8.94717451697318,wet_inactive,wet_shallow
2023-05-05,Tarazona,15.99159583333333,208.1461143928571,75.40061592857143,41.43313339333339,377.3237703571428,0.6196841813583623,2494.63175,0.318738527037037,19.352665,0.1705380770361658,0.0,-8.987358976449665,wet_active,wet_shallow
2023-05-06,Tarazona,16.07506666666666,216.9789623076923,50.53796461538462,39.36806421045399,379.5743115384615,0.6377865309995133,2326.864384615385,0.3202514561538461,20.881416,0.1868429236827579,0.016304846646592097,-9.027543435926148,wet_active,wet_deep
2023-05-07,Tarazona,15.929235416666659,225.8326307692308,64.71504807692308,26.20170282071507,374.5055384615384,0.6483782481284908,1599.685038461538,0.3324761192307693,14.532483,0.1868429236827579,0.016304846646592097,-9.067727895402633,wet_active,wet_deep
2023-05-08,Tarazona,15.84963055555555,260.0979279166667,71.10514375,55.04530749197891,427.7178041666667,0.6979262763887581,2052.590017391304,0.38375250625,17.20706,0.1868429236827579,0.016304846646592097,-9.107912354879117,wet_active,wet_deep
2023-06-12,Tarazona,18.21256666666667,215.9200260714286,21.36067607142857,27.94118914657007,325.5946785714286,0.7254073402218145,1182.190321428571,0.3438742346153846,8.135799,0.1877061989928807,0.04291755760621635,-5.122965275373401,wet_active,wet_deep
2023-06-13,Tarazona,17.958675,204.0653413793104,3.19618275862069,11.13609811144911,275.1098827586207,0.7730515424176114,1074.611668965517,0.3134094535714286,8.225215,0.1877061989928807,0.04291755760621635,-4.961979822973621,wet_active,wet_deep
2023-06-14,Tarazona,17.67499791666666,240.4294857142857,42.11137892857143,26.38250458062964,386.5661771428572,0.6675191132456111,1534.064285714286,0.3541711892857143,12.012822,0.1877061989928807,0.04291755760621635,-4.80099437057384,wet_active,wet_deep
2023-06-15,Tarazona,17.662497916666663,277.0747080714286,32.20634,45.64744182254235,422.2002510714286,0.7358189907654981,2411.397892857143,0.4097354599285714,18.276243,0.1877061989928807,0.04291755760621635,-4.640008918174059,wet_active,wet_deep
2023-06-16,Tarazona,17.60833124999999,230.9735131034483,24.72092117241379,44.48093748885483,396.3473389655172,0.6564238930859321,2545.739551724138,0.3419600862068966,20.37732,0.1877061989928807,0.04291755760621635,-4.479023465774279,wet_active,wet_deep
2023-06-17,Tarazona,17.60416458333333,288.4498655172414,-1.236496,38.93519124153842,420.7671827586207,0.7554366106705251,2680.829655172414,0.4276185931034483,23.052689,0.1877061989928807,0.04291755760621635,-4.636977208295319,wet_active,wet_deep
2023-06-18,Tarazona,17.54603958333332,263.07468,-20.96483692307692,12.49877846970663,289.2515730769231,0.9505764173885607,1280.70288,0.387912224,16.266918,0.21510309949644035,0.07031445810977599,-4.794930950816358,wet_active,wet_deep
2023-06-19,Tarazona,17.23347083333334,197.1686956521739,-52.26196538461539,9.796248195760716,128.4978665384615,1.5,818.8478333333334,0.38494575,14.22145,0.21510309949644035,0.07031445810977599,-4.952884693337397,wet_active,wet_deep
2023-06-20,Tarazona,17.175,335.331008,19.71150576923077,43.03270827594646,385.2210384615385,0.979960385610249,1087.0909152,0.4937915,10.996166,0.21510309949644035,0.07031445810977599,-5.110838435858437,wet_active,wet_deep
2023-06-21,Tarazona,17.080165,118.3976727272727,-22.83706227272727,10.75920894941405,137.8819609090909,0.9313649280093328,507.067,0.1850241333333333,4.698655,0.21510309949644035,0.07031445810977599,-5.268792178379476,wet_inactive,wet_deep
2023-06-22,Tarazona,17.119996875,359.3912484,50.99707328,58.31177409762979,488.840868,0.8347664617562363,2069.7846,0.5532804208333333,13.624943,0.2425,0.09771135861333563,-5.426745920900515,wet_active,wet_deep
2023-06-23,Tarazona,17.14479512195122,288.5916042307692,29.50465636538462,46.09025158655066,456.3190769230769,0.7034893366989181,2275.482615384615,0.4268573746153846,17.001852,0.1965717259651779,0.05178308457851355,-5.584699663421555,wet_active,wet_deep
2023-06-24,Tarazona,17.183262499999998,258.7743127586207,15.7323375862069,39.17190479680346,417.2899631034483,0.6843743827457212,2472.747537931034,0.3834677655172414,20.693056,0.1506434519303558,0.005854810543691441,-5.742653405942594,wet_active,wet_deep
2023-06-25,Tarazona,17.366525,316.0019451724138,-24.8284975862069,45.6474252501024,421.0603781724138,0.8417449177301237,2947.806103448276,0.4693424817241379,26.067764,0.14174022126298355,-0.0030484201236808117,-5.900607148463633,wet_active,wet_shallow
2023-06-26,Tarazona,17.42820975609756,283.65976,1.88691872,48.00645911615565,419.8963708,0.7627519625785073,2458.03904,0.420671752,22.42127,0.14174022126298355,-0.0030484201236808117,-6.058560890984673,wet_active,wet_shallow
2023-06-27,Tarazona,17.202394871794873,254.8635777777778,38.64330888888889,50.32430571435155,411.6026692592592,0.7054493252156734,2704.785359259259,0.3782485037037037,22.06719,0.1328369905956113,-0.011951650791053064,-6.216514633505712,wet_active,wet_shallow
2023-06-28,Tarazona,17.24291666666666,271.6725947368421,27.88306842105263,45.43863334045628,393.5665105263158,0.7803816141727733,3780.264736842105,0.4041209263157894,22.622114,0.11526573364579035,-0.029522907740874016,-6.374468376026751,wet_active,wet_shallow
2023-06-29,Tarazona,17.01673541666667,264.7367275862069,43.72694275862069,47.56938103809062,371.3621148275862,0.8176117002005294,3115.391685714286,0.3932600034482759,24.754374,0.0976944766959694,-0.04709416469069497,-6.532422118547791,wet_active,wet_shallow
2023-06-30,Tarazona,16.808539583333328,192.3444732142857,104.82264,33.26458162169553,382.8886896551724,0.5501464824498559,2086.152137931034,0.2844864107142857,18.05363,0.1001167695979847,-0.044671871788679665,-6.69037586106883,wet_active,wet_shallow
2023-07-01,Tarazona,16.616672916666662,232.2959620689655,76.03913103448276,27.54633772052997,406.9928344827586,0.6121968816450252,2345.312862068965,0.3550974035714285,18.045649,0.1001167695979847,-0.0130480782332872,-6.848329603589869,wet_active,wet_shallow
2023-07-02,Tarazona,16.90826458333333,251.5216068965517,42.43320931034483,34.75114008793148,390.587505862069,0.7068462672424036,2284.55224137931,0.3730986620689655,17.619009,0.1001167695979847,-0.0130480782332872,-7.006283346110909,wet_active,wet_shallow
2023-07-03,Tarazona,16.72937291666666,210.0707676923077,39.79468703703704,48.52534864773749,336.9220260714285,0.7284091119527265,1991.000832142857,0.324636748,20.99021,0.1001167695979847,-0.0130480782332872,-7.164237088631948,wet_active,wet_shallow
2023-07-04,Tarazona,16.52499791666666,236.822435862069,85.76616310344828,41.95110313709404,396.6482161034482,0.6676751154851759,3198.507518518518,0.3514729637931034,26.096277,0.1025390625,-0.010625785331271898,-7.322190831152987,wet_active,wet_shallow
2023-07-05,Tarazona,16.49530454545455,244.3961407142857,68.33981471428572,44.78636361608875,403.26455,0.6817601460763649,1629.423461538462,0.3618784075,20.356844,0.11107204757425546,-0.0020928002570164417,-7.480144573674027,wet_active,wet_shallow
2023-07-10,Tarazona,16.812503125,379.0610583333333,-59.44951016666667,53.35068807826474,423.7399291666667,1.0234127136615763,3074.79,0.5634428625,25.210196,0.11461382166651975,0.0014489738352478493,-8.269913286279223,wet_active,wet_deep
2023-07-11,Tarazona,16.7334,386.6829777777778,-57.76352888888889,52.56647036566665,405.5199874074074,1.0955634640468765,4021.313185185185,0.5763915,30.31701,0.11461382166651975,0.0014489738352478493,-8.427867028800263,wet_active,wet_deep
2023-07-12,Tarazona,16.57506666666666,287.006048275862,43.81415365517241,32.81832466304018,393.9974231034483,0.7946363715817732,3743.56775862069,0.4265181137931034,33.032402,0.11461382166651975,0.0014489738352478493,-8.585820771321302,wet_active,wet_deep
2023-07-13,Tarazona,16.39582916666666,281.5568524137931,30.10082517241379,36.0219399073503,401.0447965517241,0.7713403346906079,2754.229517241379,0.4751560769230769,28.820139,0.11461382166651975,0.0014489738352478493,-8.743774513842341,wet_active,wet_deep
2023-07-14,Tarazona,16.57499999999999,304.2552235714286,23.04685892857143,48.70113979054727,413.5366310714286,0.8339518244325278,3435.446,0.4695172222222222,25.377619,0.1096226106845286,-0.0035422371467433017,-8.90172825636338,wet_active,wet_shallow
2023-07-15,Tarazona,16.38763333333333,290.4144232142857,69.46462964285715,34.35946712951847,414.6041417857143,0.7637567139549514,3095.377785714286,0.4309968428571428,29.6902,0.0881446386755976,-0.025020209155674294,-9.05968199888442,wet_active,wet_shallow
2023-07-16,Tarazona,16.233262500000002,253.2271460714286,43.89437428571429,41.3761408818489,420.547725,0.667843152488247,2137.681785714286,0.3758497810714286,24.367498,0.0881446386755976,-0.025020209155674294,-9.21763574140546,wet_active,wet_shallow
2023-07-17,Tarazona,16.43122894736841,321.8476538461538,-9.604906153846152,60.00378493544899,381.0001296153846,1.002652083677361,3390.486825,0.47899655,27.6977,0.0881446386755976,-0.025020209155674294,-9.40900181893037,wet_active,wet_shallow
2023-07-18,Tarazona,16.70051153846154,350.454168125,-49.306814375,27.81190119484442,387.147751875,0.975283060294863,5047.683125,0.56183009,34.094597,0.0881446386755976,-0.025020209155674294,-9.442414153934243,wet_active,wet_shallow
2023-07-19,Tarazona,16.49166666666666,347.2507666666667,-10.17499148148148,50.57462579233793,397.4067307407407,1.0012071019732334,3672.763703703704,0.5377963076923077,37.444347,0.0666666666666666,-0.0464981811646053,-9.475826488938115,wet_active,wet_shallow
2023-07-20,Tarazona,16.41256666666667,402.8513111111111,-59.88378674074074,35.83583157488908,401.0422333333333,1.1030784487112197,3378.439851851852,0.65038898,31.93866,0.10886264929424534,-0.004302198537026555,-9.509238823941988,wet_active,wet_shallow
2023-07-24,Tarazona,16.27486041666667,421.3065814814815,-48.70543555555555,33.30110294437041,365.5050714814815,1.2682165819292934,2992.586666666667,0.6243525185185185,30.07374,0.13828908320945735,0.02512423537818545,-9.642888163957476,wet_active,wet_deep
2023-07-27,Tarazona,16.29145625,314.04636,-74.4897,-5.369382220889084,238.94884,1.2853988423183165,3489.829,0.46680301,21.908327,0.13828908320945735,0.02512423537818545,-9.743125168969092,wet_active,wet_deep
2023-07-28,Tarazona,16.01659375,304.9992535714286,11.86259821428571,37.15469163367084,396.5683214285714,0.8486023575273883,3283.165642857143,0.4529409928571428,31.565256,0.1255195344970906,0.01235468666581871,-9.776537503972964,wet_active,wet_deep
2023-07-29,Tarazona,16.08339791666667,291.1287018518519,46.02651555555556,42.66606895271494,408.7104925925926,0.7953370767321688,3232.746333333333,0.4495509153846154,31.582422,0.1255195344970906,0.01235468666581871,-9.809949838976838,wet_active,wet_deep
2023-07-30,Tarazona,16.10819166666667,378.2940764285714,-38.05261142857142,28.19190317847092,404.636475,1.0049130861366733,3172.935392857143,0.5624285203571429,33.692814,0.13657985599400715,0.023415008162735257,-9.84336217398071,wet_active,wet_deep
2023-07-31,Tarazona,16.40866666666666,412.2266571428572,-32.70331285714285,41.98419448748149,465.7961952380953,0.9726639557463267,3396.080952380953,0.61241095,30.228384,0.13657985599400715,0.023415008162735257,-9.876774508984582,wet_active,wet_deep
2023-08-01,Tarazona,16.229008108108108,413.1361739130435,1.610817826086956,53.5189796075063,451.2433652173913,1.0387499204493722,3535.908695652174,0.6135307347826087,35.072147,0.1476401774909237,0.0546169216769703,-9.910186843988454,wet_active,wet_deep
2023-08-02,Tarazona,16.104024999999993,412.914562962963,-37.44889888888889,28.6685810914999,411.5410888888889,1.0784649055592987,2973.916037037037,0.6131799925925926,33.938995,0.1345519200176963,0.041528664203742904,-9.943599178992326,wet_active,wet_deep
2023-08-03,Tarazona,16.24333181818181,382.97575,51.164283,53.81153928969372,485.67592,0.8867963349283471,2709.863,0.56782565,26.72703,0.1214636625444689,0.028440406730515497,-9.977011513996198,wet_active,wet_deep
2023-08-04,Tarazona,15.893640909090909,290.9290041666667,85.82685166666667,50.00148033366077,439.214125,0.7474808646468095,2412.383041666666,0.4297694041666666,21.099976,0.1418019569309292,0.0487787011169758,-10.01042384900007,wet_active,wet_deep
2023-08-05,Tarazona,15.755521875,295.562352,72.951204,45.89506718215592,428.010636,0.7734894260246582,2823.66976,0.437453716,26.218966,0.1418019569309292,0.0487787011169758,-10.043836184003943,wet_active,wet_deep
2023-08-06,Tarazona,15.81652499999999,379.6504653846154,-13.15774777777778,35.34685404262954,406.4281111111111,1.0230925387712386,2960.846740740741,0.5636566269230769,30.207357,0.1621402513173895,0.06911699550343609,-10.077248519007815,wet_active,wet_deep
2023-08-07,Tarazona,15.92492916666666,277.7252614814815,30.17412074074074,38.82555152405329,395.1580381481481,0.77939921816464,2050.727083333333,0.4114786977777778,18.833551,0.15528396213668216,0.06226070632272876,-10.110660854011687,wet_active,wet_deep
2023-08-08,Tarazona,16.05416666666666,259.0582115384615,11.69483196153846,39.11185490301851,367.1658961538462,0.7896815126882937,2419.215565217391,0.3844727923076923,20.63596,0.15528396213668216,0.06226070632272876,-10.14407318901556,wet_active,wet_deep
2023-08-09,Tarazona,16.19360540540541,369.4075583333333,-38.02254904761904,62.17168666001936,369.9584041666667,1.2002063030070658,2892.226125,0.5800268434782608,30.092112,0.15528396213668216,0.06226070632272876,-10.177485524019431,wet_active,wet_deep
2023-08-10,Tarazona,16.17096874999999,420.1071318518519,-65.56918592592592,42.34222270264924,369.3867407407407,1.2845564095433675,3504.681,0.62494166,36.32125,0.15528396213668216,0.06226070632272876,-10.210897859023303,wet_active,wet_deep
2023-08-11,Tarazona,16.03749791666666,252.5548703703704,16.55360444444445,50.66634475712959,388.2667751851852,0.7480881172164001,3334.411111111111,0.409075694,29.284822,0.1484276729559748,0.055404417142021406,-10.244310194027175,wet_active,wet_deep
2023-08-12,Tarazona,16.03007674418605,233.7225585185185,33.72846555555556,36.56734519064699,385.1974111111111,0.6704027603053594,3255.080576923077,0.3612163230769231,26.096994,0.13954622935402336,0.046522973540069956,-10.277722529031047,wet_active,wet_deep
2023-08-13,Tarazona,16.25666785714285,408.957115,-43.2493402,36.64819169364688,441.994035,1.0089091124364078,2971.6305,0.6074927,22.045824,0.1306647857520719,0.037641529938118506,-10.31113486403492,wet_active,wet_deep
2023-08-14,Tarazona,16.120695833333322,316.9096588461538,-12.99330130769231,26.97651887729485,393.7332923076923,0.8640867239669301,2645.2694,0.4705524346153846,25.868822,0.12429945265643445,0.03127619684248105,-10.344547199038793,wet_active,wet_deep
2023-08-15,Tarazona,16.28196176470588,357.9331789473684,-14.69587473684211,52.92416589174979,453.6223473684211,0.8932737793525706,3275.685263157895,0.5320326789473684,24.366617,0.12429945265643445,0.03127619684248105,-10.377959534042665,wet_active,wet_deep
2023-08-16,Tarazona,16.181081081081082,383.9016277777778,-47.95142333333333,35.67777453975013,444.8782444444444,0.938174943609403,3236.042222222222,0.610186,24.297197,0.117934119560797,0.024910863746843592,-10.411371869046537,wet_active,wet_deep
2023-08-17,Tarazona,16.05666428571428,396.4337058823529,-16.97263507647059,62.90408447282547,515.2088411764706,0.876474766198624,3351.513529411765,0.5888572941176471,26.798134,0.12339407813719765,0.030370822323244243,-10.396998429224423,wet_active,wet_deep
2023-08-18,Tarazona,16.01793809523809,382.5494473684211,-6.208305210526315,34.83859165558501,428.0925087894737,0.9727797504383838,3495.100526315789,0.5680188421052632,31.89279,0.1288540367135983,0.03583078089964489,-10.349212654398437,wet_active,wet_deep
2023-08-19,Tarazona,15.977857142857141,359.400795,8.186487,36.49121280032595,452.663555,0.8635864485861587,3706.761,0.534362705,31.17182,0.1309251498142623,0.03790189400030888,-10.301426879572452,wet_active,wet_deep
2023-08-20,Tarazona,16.09544999999999,369.6087428571428,-24.06757952380952,51.49095657686293,453.7714,0.9187837711225033,3739.297619047619,0.5500133333333334,27.502447,0.1309251498142623,0.03790189400030888,-10.253641104746464,wet_active,wet_deep
2023-08-21,Tarazona,15.89113999999999,347.0910545454545,-1.220682954545455,48.66263062056128,445.1738181818182,0.8753625759722921,3161.700772727273,0.5134085571428572,30.317795,0.1329962629149263,0.0399730071009729,-10.205855329920478,wet_active,wet_deep
2023-08-22,Tarazona,15.823780000000001,327.765375,77.1696596875,89.5105339796297,530.095875,0.7439316393071869,3930.56125,0.487650125,30.858795,0.11165109865245025,0.018627842838496847,-10.158069555094492,wet_active,wet_deep
2023-08-23,Tarazona,15.85277666666666,252.3152428571429,76.7024419047619,55.39209747030567,421.5161142857143,0.689152394458609,4225.6495,0.3754319380952381,31.574274,0.0903059343899742,-0.0027173214239792076,-10.110283780268507,wet_active,wet_shallow
2023-08-24,Tarazona,15.66521739130434,286.5082580769231,1.25462076923077,31.82526559828032,374.5232076923077,0.8360372878991864,3668.137192307692,0.442969164,32.85899,0.119919322335174,0.02689606652122059,-10.06249800544252,wet_active,wet_deep
2023-08-25,Tarazona,15.823562068965519,378.09307,-4.44522,53.06568829291675,414.797715,1.0452297338498182,4170.299,0.5627897000000001,34.88754,0.119919322335174,0.02689606652122059,-10.014712230616535,wet_active,wet_deep
2023-08-26,Tarazona,15.570602272727271,297.7947,-74.51915134166667,5.114474189544645,249.4454416666667,1.2188168494355263,2611.549166666667,0.4638656956521739,29.446142,0.119919322335174,0.02689606652122059,-9.96692645579055,wet_active,wet_deep
2023-08-27,Tarazona,15.44814444444444,310.3833666666667,126.6420788888889,2.36482568017762,403.7223722222222,0.773333825016673,917.2011176470588,0.4566982222222222,18.474632,0.119919322335174,0.02689606652122059,-9.919140680964563,wet_active,wet_deep
2023-08-28,Tarazona,15.281140625,301.4523277777778,126.1597895555556,39.27168644711092,419.0704833333334,0.7937158575783609,1228.7755,0.4446786611111111,17.718363,0.1495327102803738,0.05650945446642039,-9.871354906138576,wet_active,wet_deep
2023-08-29,Tarazona,15.079233333333331,222.5419592307692,106.9055773076923,36.45039356862997,348.8068961538461,0.7124614259312755,1030.88112,0.3282269653846154,18.742586,0.15170629376359765,0.058683037949644246,-9.82356913131259,wet_active,wet_deep
2023-08-30,Tarazona,15.19871111111111,342.1018666666667,38.51503866666667,57.54389278803231,387.7439533333333,1.0360442275561996,1563.3256,0.5054054,18.007975,0.15170629376359765,0.058683037949644246,-9.775783356486604,wet_active,wet_deep
2023-08-31,Tarazona,15.52925925925925,299.7193588888889,46.79955500000001,32.70942690891674,407.7689777777778,0.799124720846491,1832.173055555555,0.4708318529411765,16.748343,0.1538798772468215,0.0608566214328681,-9.727997581660619,wet_active,wet_deep
2023-09-01,Tarazona,15.22098999999999,267.9814470588235,21.30326352941177,23.85265799999994,322.2363176470589,0.8981103300891325,1649.767588235294,0.3970742764705882,19.118168,0.1538798772468215,0.10516138038798181,-9.680211806834633,wet_active,wet_deep
2023-09-04,Tarazona,24.9700037037037,187.8787411764706,24.96559117647059,38.17515694141578,272.4242607647059,0.8020467874156745,713.9685,0.2770643058823529,7.7874584,0.1538798772468215,0.10516138038798181,-9.536854482356675,wet_active,wet_deep
2023-09-05,Tarazona,21.822307692307692,243.9890857142857,54.91233333333334,42.22830595791799,386.1496823809524,0.7094327437622581,1007.335590476191,0.3605006476190476,9.787513,0.1538798772468215,0.10516138038798181,-9.489068707530688,wet_active,wet_deep
2023-09-15,Tarazona,28.90297222222223,88.0740575,-24.92458,,36.74558,,506.38865,0.129139615,7.203441,0.1621895590471363,0.11347106218829661,-9.011210959270828,wet_inactive,wet_deep
2023-09-16,Tarazona,28.142004999999997,120.6189166666667,37.02941083333333,38.73349699284433,219.8408641666667,0.6660077861487526,954.0845,0.1775694833333333,8.2398615,0.1621895590471363,0.11347106218829661,-8.963425184444842,wet_inactive,wet_deep
2023-09-17,Tarazona,26.05946428571429,170.7670726086957,54.69082652173913,32.14058037189425,287.1349418695652,0.6696896025689394,831.0612260869565,0.2705236272727273,7.0610194,0.1621895590471363,0.11347106218829661,-8.95435459154271,wet_inactive,wet_deep
2023-09-18,Tarazona,22.78444545454545,251.5157166666667,38.61153083333333,5.000082645374012,310.4851916666667,0.8233321665742329,1430.849333333333,0.3700473833333333,10.310036,0.1621895590471363,0.11347106218829661,-8.945283998640578,wet_active,wet_deep
2024-05-02,Tarazona,15.345760416666671,137.7880518518519,175.1366814814815,26.4128559609068,377.0421974074074,0.39297353519649963,388.5002285714286,0.2009024955555556,8.251111,0.1982502187226596,0.027712141686493802,-1.0680075953252794,wet_inactive,wet_deep
2024-05-03,Tarazona,15.437358333333329,144.5903633333333,155.97761,34.31966336055554,401.64621,0.3936289512863833,1282.931518518518,0.2115302314814815,9.160806,0.1982502187226596,0.027712141686493802,-1.1866525308995,wet_inactive,wet_deep
2024-05-04,Tarazona,15.670622916666671,167.0840961538462,121.6762153846154,49.83243727783594,415.1324461538462,0.45738869995636294,1719.635923076923,0.2455967846153846,14.405201,0.1982502187226596,0.027712141686493802,-1.305297466473721,wet_inactive,wet_deep
2024-05-05,Tarazona,15.82916458333333,151.6248961538462,63.56931269230769,39.13784210294443,330.0637538461538,0.5211804450326186,1781.720115384615,0.22282445,11.953109,0.1982502187226596,0.027712141686493802,-1.4239424020479419,wet_inactive,wet_deep
2024-05-06,Tarazona,15.820899999999998,160.4861923076923,85.789075,41.91914548620524,302.0050973076923,0.6170505987876032,1066.109423076923,0.230396264,10.41214,0.1982502187226596,0.027712141686493802,-1.5425873376221628,wet_inactive,wet_deep
2024-05-07,Tarazona,15.737495833333329,168.1574666666667,117.255062962963,40.95207577379549,409.6866037037037,0.45603938315923404,257.7944,0.2471010296296296,11.77992,0.1982502187226596,0.027712141686493802,-1.6612322731963838,wet_inactive,wet_deep
2024-05-10,Tarazona,15.68333191489362,225.2935789473684,77.9198847368421,51.07243410165442,449.9473,0.5648227005729288,22.573,0.3206741333333333,16.980814,0.18760131328732896,0.017063236251163155,-2.0171670799190466,wet_active,wet_deep
2024-05-11,Tarazona,15.695833333333331,177.4737571428572,33.41314642857143,45.39295983566675,299.7841928571428,0.6976410115826384,309.3532888888889,0.2641083037037037,17.81361,0.18760131328732896,0.017063236251163155,-2.1358120154932676,wet_inactive,wet_deep
2024-05-12,Tarazona,15.7457625,213.4623692307692,56.98364807692307,51.6525533585372,418.0833846153846,0.5825447834141011,1277.568070588235,0.3148694615384616,18.12152,0.18760131328732896,0.017063236251163155,-2.2544569510674886,wet_active,wet_deep
2024-05-13,Tarazona,15.79583333333332,193.6869475,30.69261035714286,33.93559847256416,339.0123321428571,0.6348794454752628,1622.835214285714,0.2855444035714286,18.567635,0.1769524078519983,0.0064143308158325085,-2.3731018866417095,wet_active,wet_deep
2024-05-14,Tarazona,15.725206250000001,220.5269076923077,139.8752867857143,24.28275588278193,394.2306156071429,0.596102672026855,2084.323475,0.334280012,12.340554,0.1769524078519983,0.0064143308158325085,-2.4917468222159305,wet_active,wet_deep
2024-05-15,Tarazona,15.40846875,155.684562962963,169.4047918518519,35.26147468247845,410.0279407407407,0.4154175388220563,1818.652990909091,0.2278700074074074,12.163888,0.1769524078519983,0.0064143308158325085,-2.6103917577901514,wet_inactive,wet_deep
2024-05-16,Tarazona,15.046108333333342,88.21672111111111,126.6474588888889,14.8446931006419,246.5137444444445,0.38078768225366155,3618.177777777778,0.1284716266666667,11.425687,0.1769524078519983,0.0064143308158325085,-2.7290366933643724,wet_inactive,wet_deep
2024-05-19,Tarazona,15.29965416666666,196.53313125,91.56195,24.417159614254,373.134625,0.5635884369387636,270.3077454545455,0.28748386,13.913676,0.16864586044108745,-0.0018922165950783498,-2.9976199716116545,wet_active,wet_shallow
2024-05-20,Tarazona,15.331318749999989,143.45106,111.5751642857143,18.15944613653355,344.3054035714286,0.43983700159348316,1324.839462962963,0.2225869334615385,12.415871,0.1603393130301766,-0.010198764005989208,-3.0475994191693414,wet_inactive,wet_shallow
2024-05-21,Tarazona,15.24489148936169,132.9803884615385,98.9381296153846,16.78620426200969,321.1717884615385,0.4368813615508416,1569.732153846154,0.1950769615384615,11.691924,0.1603393130301766,-0.010198764005989208,-3.0975788667270283,wet_inactive,wet_shallow
2024-05-22,Tarazona,15.249929166666659,178.1421257142857,121.6312863214286,28.9910609784358,400.9139285714286,0.4789759953916907,1397.786428571429,0.2616086571428571,13.148727,0.1603393130301766,-0.010198764005989208,-3.147558314284715,wet_inactive,wet_shallow
2024-05-23,Tarazona,15.36242708333334,187.9093642857143,64.67126964285714,45.20286298776057,369.3542142857143,0.5796963780446857,1296.654436,0.2767452964285714,13.938523,0.1603393130301766,-0.010198764005989208,-3.197537761842402,wet_active,wet_shallow
2024-05-24,Tarazona,15.462427083333319,196.2374418518519,89.47648214285714,40.00661327646217,414.0053071428571,0.5247008748163026,1793.324703913044,0.2893827592592593,15.640141,0.1603393130301766,-0.010198764005989208,-3.247517209400089,wet_active,wet_shallow
2024-05-25,Tarazona,15.529095833333331,230.5602123928571,63.40482814285714,36.70583066190741,409.6536214285714,0.6182104254295151,1107.810392857143,0.3535458148148148,20.443079,0.14967128934200863,-0.020866787694157174,-3.297496656957776,wet_active,wet_shallow
2024-05-26,Tarazona,15.654093749999989,241.46109,32.96759571428571,36.41478539824082,404.5496285714286,0.6559039288938088,1173.755221538461,0.3715441133333333,23.598734,0.14967128934200863,-0.020866787694157174,-3.3474761045154633,wet_active,wet_shallow
2024-05-27,Tarazona,15.55231739130434,159.924115,94.02013083333333,50.17218817338282,323.92975,0.5841815434537185,676.8059772727272,0.2580889145454546,20.584873,0.14967128934200863,-0.020866787694157174,-3.39745555207315,wet_inactive,wet_shallow
2024-05-29,Tarazona,16.05772727272727,317.9147533333334,-7.81872,30.03073308652969,406.4423133333333,0.8445934450924296,414.7988666666666,0.4721352,22.706682,0.1390032656538407,-0.03153481138232511,-3.497414447188524,wet_active,wet_shallow
2024-05-30,Tarazona,15.933331249999998,294.2692642857143,-0.5066085714285716,43.53809652963551,420.9483071428571,0.7797066852207876,1348.063527272727,0.4362831392857143,25.767405,0.1390032656538407,-0.03153481138232511,-3.547393894746211,wet_active,wet_shallow
2024-05-31,Tarazona,15.88347083333333,225.164537037037,85.55654777777778,40.73902018639296,429.1657407407407,0.5796834386565651,2042.344113636364,0.3361892384615385,16.13373,0.1390032656538407,-0.03153481138232511,-3.597373342303898,wet_active,wet_shallow
2024-06-01,Tarazona,15.74589999999999,175.9708596428571,90.34086107142858,35.21537073149192,359.0255464285714,0.5434383254449537,2669.712928571429,0.2744557185185185,9.259087,0.1390032656538407,-0.005785375732823672,-3.6473527898615847,wet_inactive,wet_shallow
2024-06-02,Tarazona,15.658331249999998,202.3852260714286,102.258525,30.95856640837332,427.7027964285714,0.5101151088224403,2559.0805,0.2981083289285714,12.800477,0.1390032656538407,-0.005785375732823672,-3.697332237419272,wet_active,wet_shallow
2024-06-03,Tarazona,15.64977708333333,217.5188545454545,99.8021295652174,34.35687877811117,448.7819769565218,0.5248689220357313,2807.107565217391,0.3200818227272727,12.98467,0.1390032656538407,-0.005785375732823672,-3.747311684976959,wet_active,wet_shallow
2024-06-08,Tarazona,16.35097291666666,213.7625047619048,55.47967143478261,46.36095521418352,353.1615913043478,0.6967472671702124,2687.192260869565,0.3148438523809524,9.487056,0.1736564150357253,0.02886777364906093,-3.9972089227653935,wet_active,wet_deep
2024-06-09,Tarazona,25.141527083333333,216.0520535714286,62.5113425,22.79259970134978,320.7346692857143,0.72514785801423,2778.162,0.3173331857142857,9.535068,0.1736564150357253,0.02886777364906093,-4.047188370323081,wet_active,wet_deep
2024-06-10,Tarazona,22.476589583333332,185.956064,33.08055857142857,20.85692855303683,255.5692453571428,0.7922722869085793,2494.87912,0.2823353916666667,7.719955,0.1736564150357253,0.02886777364906093,-4.097167817880768,wet_inactive,wet_deep
2024-06-11,Tarazona,20.580902083333342,238.205748,46.50419571428571,27.37149402148145,313.7878476071429,0.8316764912962883,2420.755216666666,0.350641924,6.770147,0.1736564150357253,0.02886777364906093,-4.147147265438455,wet_active,wet_deep
2024-06-12,Tarazona,23.18680416666666,145.8052730434783,65.591576,6.517563488363459,251.4718418518518,0.5952346454921578,2487.220629629629,0.2242626813636364,4.824138,0.1736564150357253,0.02886777364906093,-4.197126712996141,wet_inactive,wet_deep
2024-06-13,Tarazona,23.50194166666666,250.8399321428572,58.01992428571429,35.38414895708195,447.7282621428571,0.608326696372273,2039.873392857143,0.3699614857142857,12.9626875,0.1736564150357253,0.02886777364906093,-4.2471061605538285,wet_active,wet_deep
2024-06-14,Tarazona,19.201518749999998,256.726625,34.694355,42.78639179755548,440.4333107142857,0.6456145207898875,2131.126498076923,0.3952403629629629,20.578444,0.17687936292445988,0.03209072153779552,-4.297085608111516,wet_active,wet_deep
2024-06-15,Tarazona,17.81701041666666,295.1088928571428,39.43025714285714,35.28419785301329,439.9659153571429,0.7292370277491751,1532.08675,0.4360489321428571,23.669523,0.17687936292445988,0.03209072153779552,-4.347065055669202,wet_active,wet_deep
2024-06-16,Tarazona,17.60006666666666,258.7077214285714,51.81964428571428,47.02670418223939,431.9788582142857,0.6720516269848814,2118.805714285714,0.3974788,22.800009,0.1801023108131945,0.035313669426530137,-4.39704450322689,wet_active,wet_deep
2024-06-17,Tarazona,17.54173333333333,230.409625,50.17252285714286,38.41345770096303,430.3641285714286,0.5878536308875136,2900.861785714286,0.3729029307692308,21.122103,0.15298475302800454,0.008196111641340181,-4.43540508467785,wet_active,wet_deep
2024-06-18,Tarazona,17.33353541666667,257.0142785714286,61.54344678571429,29.24527898629604,436.9785953571429,0.6303489762844536,2968.545642857143,0.3801884821428572,21.200212,0.1258671952428146,-0.018921446143849774,-4.47376566612881,wet_active,wet_shallow
2024-06-19,Tarazona,17.0251375,221.3218535714286,102.5254082142857,35.12645423415652,405.0541428571429,0.5982840981578696,2058.820833333333,0.3259971071428571,17.347511,0.13852208933893123,-0.006266552047733132,-4.51212624757977,wet_active,wet_shallow
2024-06-20,Tarazona,16.808539583333328,221.405575,101.0856222857143,32.45982321855571,376.2574892857143,0.6439996452935486,2262.638878571428,0.3252101178571429,14.144643,0.13852208933893123,-0.006266552047733132,-4.5504868290307305,wet_active,wet_shallow
2024-06-21,Tarazona,16.666664583333322,240.7211135714286,84.13070142857143,35.43879240955549,441.7836071428571,0.5924060178531436,3185.642857142857,0.3549688796428571,17.153477,0.1511769834350479,0.0063883420483835385,-4.588847410481691,wet_active,wet_deep
2024-06-22,Tarazona,16.66666249999999,246.8474192857143,37.42133428571429,36.69494145329638,421.7560842857143,0.6410603195896724,3027.590964285714,0.3650526714285715,24.852602,0.13590367796394226,-0.008884963422722103,-4.627207991932651,wet_active,wet_shallow
2024-06-23,Tarazona,16.65423541666666,253.6587464285714,50.18254482758621,37.05926862085198,425.2084355172414,0.6535084139347948,2574.466541666667,0.3751419321428571,20.80638,0.1206303724928366,-0.02415826889382776,-4.665568573383611,wet_active,wet_shallow
2024-06-24,Tarazona,16.641597916666658,234.3787392857143,50.87149067857143,34.46207052298674,414.1788535714286,0.6172461943980331,2256.7318936,0.3464316071428571,17.657204,0.1206303724928366,-0.02415826889382776,-4.703929154834572,wet_active,wet_shallow
2024-07-01,Tarazona,16.4796347826087,322.140052,35.86819571428571,32.86638313550873,441.4783761904762,0.7883763998005437,1117.940852380952,0.47578517,15.194851,0.1251242721204374,0.011959424289165493,-4.972453224991294,wet_active,wet_deep
2024-07-02,Tarazona,16.08326249999999,273.7707931034483,50.87420713793104,28.37558200682678,424.716,0.6907465922593942,2160.101862068966,0.4049204241379311,19.845177,0.1251242721204374,0.011959424289165493,-5.010813806442254,wet_active,wet_deep
2024-07-03,Tarazona,16.17083125,268.5791253571429,51.04905357142857,33.32722870551849,430.9512607142857,0.6754599916919032,2176.098857142857,0.39804535,27.605202,0.1251242721204374,0.011959424289165493,-5.049174387893214,wet_active,wet_deep
2024-07-04,Tarazona,16.1707625,219.073225,54.20996142857143,46.2794280182223,428.6453560714286,0.5729412819688158,2334.792535714286,0.3382927333333333,26.827614,0.1241985975710746,0.0110337497398027,-5.0875349693441745,wet_active,wet_deep
2024-07-05,Tarazona,16.19173958333333,206.2260571428571,95.30123607142858,34.66619622648165,409.6446057142857,0.5499678166125574,2451.282125,0.3059458107142857,25.83577,0.1241985975710746,0.0110337497398027,-5.125895550795135,wet_active,wet_deep
2024-07-06,Tarazona,16.095833333333328,252.9175413793103,58.90085793103448,22.33845167285325,408.5274931034483,0.6549060544090142,1783.302,0.374570075862069,24.513582,0.1232729230217118,0.010108075190439908,-5.164256132246095,wet_active,wet_deep
2024-07-07,Tarazona,16.279027083333332,195.2015506206897,62.13751393103448,27.58637241088075,379.2867,0.5550223736178537,2440.189517241379,0.2868896632857143,15.674382,0.11476327100709216,0.0015984231758202627,-5.202616713697055,wet_active,wet_deep
2024-07-08,Tarazona,16.40409791666666,244.9654107142857,51.20345928571429,39.58204441338482,412.7293346428572,0.6564844958773267,2428.2055,0.3629172428571429,16.706732,0.1062536189924725,-0.006911228838799396,-5.240977295148015,wet_active,wet_shallow
2024-07-09,Tarazona,16.31673333333333,227.1106637931034,37.2438524137931,40.9071138424364,381.8379265517241,0.6661488352675271,2397.273758620689,0.3624515629629629,26.31067,0.1084018320390676,-0.004763015792204298,-5.2793378765989765,wet_active,wet_shallow
2024-07-10,Tarazona,16.27909374999999,322.652825,9.386468571428573,31.44870720975928,434.2094607142857,0.8011029431058354,2119.867285714286,0.4808601962962963,30.722101,0.1084018320390676,-0.004763015792204298,-5.317698458049936,wet_active,wet_shallow
2024-07-11,Tarazona,16.38117916666666,335.0385414285714,-13.23114453571429,35.68725020220357,434.1464285714285,0.8408352966037441,2297.636268518519,0.4981535435714285,32.79887,0.1105500450856627,-0.002614802745609199,-5.356059039500897,wet_active,wet_shallow
2024-07-12,Tarazona,16.31263541666666,291.9810392857143,39.79982635714286,24.32377281453692,424.4913071428571,0.7296469959158567,1983.049337037037,0.4330636035714286,29.622353,0.10890622615220405,-0.004258621679067848,-5.394419620951857,wet_active,wet_shallow
2024-07-13,Tarazona,16.16256666666666,257.329337037037,47.57307857142857,37.33255469054667,410.5211214285714,0.6895423921646562,668.4206948148149,0.3816906444444444,22.501848,0.1072624072187454,-0.005902440612526497,-5.432780202402817,wet_active,wet_shallow
2024-07-14,Tarazona,16.2041625,333.2621132142857,-9.823251857142855,27.95404780207983,422.5873117857143,0.8444856114007313,1663.862285185185,0.4941075403571428,27.665499,0.11443105949119575,0.0012662116599238549,-5.471140783853778,wet_active,wet_deep
2024-07-15,Tarazona,16.147845833333328,325.293605,17.52961210714286,26.74431010938888,424.6215167857143,0.817572858011511,1676.556464285714,0.4817745860714286,27.723427,0.11443105949119575,0.0012662116599238549,-5.509501365304738,wet_active,wet_deep
2024-07-16,Tarazona,16.19166458333334,258.1359814814815,47.19086832142857,31.81944808874083,424.2425714285714,0.6578001298306291,1925.979714285714,0.3792480846153846,24.851084,0.1215997117636461,0.008434863932374206,-5.547861946755698,wet_active,wet_deep
2024-07-17,Tarazona,16.20833125,273.1116785214286,35.15260353571428,35.82320860068361,415.5105357142857,0.7193068059385448,2543.002857142857,0.4048337321785714,18.863163,0.08258368829410935,-0.030581159537162547,-5.64349981939258,wet_active,wet_shallow
2024-07-23,Tarazona,16.13398695652174,243.6926791666667,75.15993666666667,55.43015774034696,463.2015,0.5976209064036987,209.9554875,0.3629047291666667,29.12737,0.0873583780560524,-0.025806469775219498,-5.9871635665081095,wet_active,wet_shallow
2024-07-24,Tarazona,16.09159375,333.5684796428571,-28.33655053571428,36.22961048513772,404.5735571428572,0.9055896877621903,1180.126825,0.5152171111111111,37.171753,0.102115936573868,-0.011048911257403898,-6.044440857694031,wet_active,wet_shallow
2024-07-25,Tarazona,16.150000000000002,287.1980428571429,-15.3987025,35.15687540620419,398.2220832142857,0.7910370828177995,1380.318966666667,0.4273331357142857,29.956991,0.102115936573868,-0.011048911257403898,-6.101718148879953,wet_active,wet_shallow
2024-07-26,Tarazona,16.07492708333332,209.5325703703704,73.06555555555556,41.84227445592861,415.7566050740741,0.5603758754685239,593.9135336842105,0.3313904434615385,21.640059,0.1168734950916836,0.0037086472604117016,-6.158995440065874,wet_active,wet_deep
2024-07-27,Tarazona,15.995902083333318,273.2023851851852,8.956751851851852,38.52692661159099,411.9873692592593,0.7315430337100816,391.3552,0.4062155038461538,25.533773,0.1051153830934181,-0.008049464737853798,-6.216272731251796,wet_active,wet_shallow
2024-07-28,Tarazona,16.01249791666666,321.3665740740741,9.362498555555556,34.76652011109311,415.6083111111111,0.8438322202776819,370.8806407407407,0.4761958074074074,22.849054,0.0933572710951526,-0.019807576736119298,-6.273550022437718,wet_active,wet_shallow
2024-07-29,Tarazona,16.12493125,285.3298538461539,-48.98301438461539,51.07171823717955,330.3879846153846,1.0215296715294275,349.19594215,0.423539626923077,24.785217,0.10272583318769425,-0.010439014643577646,-6.330827313623639,wet_active,wet_shallow
2024-07-30,Tarazona,16.18749791666666,296.9772307692307,2.464257307692308,45.98479667801841,384.0077615384615,0.8785711671745183,329.463584,0.4413739230769231,32.0756,0.10272583318769425,-0.010439014643577646,-6.388104604809561,wet_active,wet_shallow
2024-07-31,Tarazona,16.14166458333333,353.3001148148148,-47.25306114814815,40.91984431444454,415.4522814814815,0.9433097904341118,140.1197736363636,0.5258862074074074,35.672207,0.1120943952802359,-0.0010704525510359941,-6.445381895995482,wet_active,wet_shallow
2024-08-01,Tarazona,16.13332916666666,326.8921333333333,-22.84685777777778,37.59075929250258,407.3992714814815,0.8839497268421053,189.8764888888889,0.4870142185185185,37.75765,0.0988956732961167,0.0058724174821633,-6.502659187181404,wet_active,wet_deep
2024-08-02,Tarazona,15.96680208333333,260.374197037037,45.99201666666666,36.63160993205526,398.9343962962963,0.7186646275893386,540.6302592592592,0.3867334555555555,32.17162,0.0856969513119975,-0.007326304501955899,-6.559936478367325,wet_active,wet_shallow
2024-08-03,Tarazona,15.94159583333333,245.643562962963,28.9958562962963,39.67803667189314,403.7504062962963,0.6747108087778872,337.7910222222222,0.3651409592592593,26.585793,0.1045514013874316,0.011528145573478199,-6.617213769553247,wet_active,wet_deep
2024-08-04,Tarazona,16.09569166666666,273.4574629629629,5.806864,45.17882067609252,404.2521581481482,0.7615643781522605,1016.3288,0.4063788851851852,26.810724,0.1045514013874316,0.011528145573478199,-6.674491060739168,wet_active,wet_deep
2024-08-05,Tarazona,16.17485625,296.4263037037037,-36.78481222222222,38.80504523608906,381.0688296296296,0.8660755745132178,1138.341565,0.4406819666666666,32.65565,0.1234058514628657,0.030382595648912297,-6.731768351925091,wet_active,wet_deep
2024-08-06,Tarazona,16.166731249999998,286.8307777777778,-7.922328148148148,38.02540185514825,392.3433444444445,0.809529361346102,848.5424814814814,0.4442473346153846,33.55216,0.10460416029933406,0.011580904485380655,-6.789045643111011,wet_active,wet_deep
2024-08-07,Tarazona,16.10423541666666,243.7585185185185,6.658107037037038,30.65747746538929,378.7706925925926,0.7002277073263284,853.5624074074074,0.3621778703703704,28.79893,0.0858024691358024,-0.0072207866781510005,-6.846322934296933,wet_active,wet_shallow
2024-08-08,Tarazona,16.037495833333328,237.7190962962963,38.40381925925926,37.80576772444448,381.3263222222222,0.6920083621890932,873.993424,0.3533648222222222,27.898783,0.0967386850676183,0.003715429253664901,-6.903600225482855,wet_active,wet_deep
2024-08-09,Tarazona,16.03312291666666,282.5016259259259,-2.861698518518519,35.24600770546277,385.8088,0.8058517108357939,723.6783515,0.4202844222222222,30.778051,0.0967386850676183,0.003715429253664901,-6.960877516668776,wet_active,wet_deep
2024-08-12,Tarazona,16.129025,312.6228788888889,-14.65490333333333,24.89103673101474,392.420737037037,0.8506057568370248,394.6893045454545,0.4645801362962963,31.208334,0.0930232558139534,0.0,-7.132709390226541,wet_active,wet_shallow
2024-08-13,Tarazona,16.11055416666666,302.4783759259259,-4.208959185185186,19.51246674240745,361.6284714814815,0.8841397997635946,798.5482851851853,0.4656653923076923,28.156837,0.13295874633636234,0.03993549052240894,-7.189986681412463,wet_active,wet_deep
2024-08-14,Tarazona,21.77062708333332,210.809164,32.162085,35.57423386276798,312.8191461538461,0.7603716232623684,668.2761153846154,0.310838904,17.961119,0.13295874633636234,0.03993549052240894,-7.247263972598384,wet_active,wet_deep
2024-08-15,Tarazona,26.19660212765958,243.54016,61.51732396,22.86127016785844,406.29262548,0.6351597401358587,436.731776,0.3599397,20.14479,0.1728942368587713,0.07987098104481791,-7.304541263784306,wet_active,wet_deep
2024-08-16,Tarazona,22.285831249999998,256.9722,39.60774615384615,31.02058417288918,415.1021,0.6690564096702654,318.22158,0.3804192038461539,21.420347,0.1290782912688918,0.036055035454938406,-7.3618185549702275,wet_active,wet_deep
2024-08-17,Tarazona,19.37221666666666,280.7978038461538,-4.202078461538462,28.76522475611602,400.9688692307692,0.7544198129561194,277.0601090909091,0.4165332576923077,25.091036,0.1290782912688918,0.036055035454938406,-7.460659499538005,wet_active,wet_deep
2024-08-18,Tarazona,18.12103749999999,295.1518330769231,-13.98590715384615,31.70315955619309,404.5472834615385,0.7916225954840416,131.7579203846154,0.455515672,29.79622,0.1290782912688918,0.036055035454938406,-7.502223152919862,wet_active,wet_deep
2024-08-19,Tarazona,18.0595,361.1440941176471,-24.33664058823529,43.90529663514894,448.3543547058824,0.8929285083277094,1260.648470588235,0.5365260588235294,26.228546,0.1290782912688918,0.036055035454938406,-7.543786806301719,wet_active,wet_deep
2024-08-20,Tarazona,17.75430416666666,236.9951584615385,26.83680130769231,43.83236134616668,394.7589192307692,0.6753411878831672,1075.941388461539,0.3519988561538462,22.321457,0.0852623456790123,-0.00776091013494111,-7.585350459683576,wet_active,wet_shallow
2024-08-21,Tarazona,17.48595357142857,225.4888,49.47131,36.97504610666675,387.9393183333333,0.6424836310813155,457.5710222222222,0.33406045,16.586111,0.0852623456790123,-0.00776091013494111,-7.626914113065432,wet_active,wet_shallow
2024-08-22,Tarazona,17.1709,244.24042,29.883912,45.58432955930418,397.380184,0.6942674761995326,349.0029264,0.385082325,22.774345,0.0623251832561728,-0.030698072557780606,-7.668477766447289,wet_active,wet_shallow
2024-08-25,Tarazona,16.60787878787878,197.2556647058823,60.74165705882353,32.52094447113881,368.7298451176471,0.5867056592689017,844.9946363636363,0.2918176411764706,11.445499,0.0623251832561728,-0.030698072557780606,-7.793168726592858,wet_active,wet_shallow
2024-08-26,Tarazona,16.27486041666667,164.637408,86.569318544,52.61361355996468,353.035656,0.5480204004433591,729.66108,0.2500804291666667,12.715748,0.0393880208333333,-0.0536352349806201,-7.8347323799747155,wet_inactive,wet_shallow
2024-08-27,Tarazona,16.46045227272728,190.5158754545455,26.79192454545455,28.44339823746633,258.3934909090909,0.8285096702553094,361.2145454545454,0.2836587454545454,18.319122,0.0393880208333333,-0.0536352349806201,-7.876296033356572,wet_active,wet_shallow
2024-08-28,Tarazona,16.11664999999999,151.4133548,98.92944,46.86327183335177,358.659668,0.4856161157137715,992.252756,0.224691368,16.95403,0.0393880208333333,-0.0536352349806201,-7.917859686738428,wet_inactive,wet_shallow
2024-08-29,Tarazona,15.912706249999989,121.76302,82.784338528,24.38230990842504,296.4304424,0.4475789592261615,1279.44656,0.178778475,14.776813,0.0393880208333333,-0.0536352349806201,-7.959423340120285,wet_inactive,wet_shallow
2024-08-30,Tarazona,15.754233333333332,143.5270375,138.4509645833333,45.60629081538882,350.6873375,0.4704554381851731,1481.711125,0.2122668083333333,11.585842,0.0677744491735222,-0.025248806640431207,-8.000986993502142,wet_inactive,wet_shallow
2024-08-31,Tarazona,15.75402916666665,137.87326,92.61478964,40.84430524814218,317.43877468,0.49846716126754165,807.5314166666667,0.203894768,11.405102,0.0677744491735222,-0.025248806640431207,-8.042550646883997,wet_inactive,wet_shallow
2024-09-01,Tarazona,16.33298958333333,177.1800166666667,78.98898,31.62697741356501,340.1675828,0.5742518604472032,1050.6052,0.2624030083333334,16.356398,0.0677744491735222,0.019055952314682496,-8.084114300265854,wet_inactive,wet_deep
2024-09-02,Tarazona,16.450068749999993,121.620124,76.5383696,36.45421752783847,294.784124,0.4707938219809102,719.340932,0.1950467958333333,9.560458,0.0961608775137111,0.04744238065487139,-8.125677953647712,wet_inactive,wet_deep
2024-09-03,Tarazona,16.32090416666666,143.5744541666667,119.0598702916667,47.55590185529289,374.6236791666666,0.43897462277362026,778.5915416666667,0.2125227,11.981872,0.0961608775137111,0.04744238065487139,-8.167241607029569,wet_inactive,wet_deep
2024-09-04,Tarazona,16.13770625,133.0729591666667,100.6127433333333,29.61394668025122,334.6363316666666,0.4362727646123195,1166.940333333333,0.1964677333333333,12.067359,0.0961608775137111,0.04744238065487139,-8.208805260411424,wet_inactive,wet_deep
2024-09-05,Tarazona,15.829304166666661,89.76817916666667,99.28872708333331,40.62766779974077,293.92312625,0.3544010607844943,775.6093956521739,0.1324576916666667,14.11774,0.0907251391504989,0.0420066422916592,-8.250368913793281,wet_inactive,wet_deep
2024-09-06,Tarazona,15.862429166666669,195.665025,84.0660625,48.82138721831481,365.1141541666667,0.6186199794823338,551.62775,0.2894292333333333,19.869448,0.0852894007872867,0.036570903928446995,-8.291932567175138,wet_active,wet_deep
2024-09-07,Tarazona,15.862495833333329,177.7688291666667,91.17607416666668,44.73502936587444,366.2056679166667,0.552986207288039,442.6508260869566,0.2622959583333334,22.677362,0.0941496545906895,0.045431157731849796,-8.333496220556995,wet_inactive,wet_deep
2024-09-08,Tarazona,15.864327083333329,182.2286,86.41092316666666,37.95773147509269,327.0503654166666,0.6303467422031539,254.4176216666667,0.2687365375,18.83816,0.0941496545906895,0.045431157731849796,-8.37505987393885,wet_inactive,wet_deep
2024-09-09,Tarazona,15.77499583333333,181.1101666666667,80.1087375,34.84303295980948,356.7299291666667,0.5626515673700434,616.7872173913044,0.2675341666666667,20.255226,0.1030099083940923,0.0542914115352526,-8.416623527320708,wet_inactive,wet_deep
2024-09-10,Tarazona,15.708327083333328,165.9138508333333,70.12940833333333,38.67562786209511,349.8586375,0.5331713033638694,247.1391866666667,0.2455162541666667,20.873861,0.09562022050755284,0.04690172364871314,-8.458187180702565,wet_inactive,wet_deep
2024-09-11,Tarazona,15.733402083333331,136.5331956521739,100.0037086956522,26.66697786260008,337.0787130434783,0.4398454703157903,340.7417391304348,0.1970084636363637,16.331804,0.0882305326210134,0.03951203576217369,-8.49975083408442,wet_inactive,wet_deep
2024-09-12,Tarazona,15.61673124999999,152.2663625,107.6543225,22.83898204962972,335.1045554166666,0.4876181541825816,259.9997916666667,0.2247567208333333,17.374529,0.09792146660266704,0.04920296974382734,-8.541314487466277,wet_inactive,wet_deep
2024-09-13,Tarazona,15.41701875,107.4436375,136.5004666666667,33.06345235580696,327.9811654166667,0.36431734257286785,183.7964584615385,0.1672613086956522,12.893636,0.09792146660266704,0.04920296974382734,-8.582878140848134,wet_inactive,wet_deep
2024-09-17,Tarazona,15.36861249999999,112.0664791666667,99.3481825,29.28334816897365,321.772875,0.38314698095637606,1581.825625,0.1650494791666667,13.2981415,0.1076124005843207,0.058893903725481,-8.602159303777249,wet_inactive,wet_deep
2024-09-18,Tarazona,15.3375,71.90004304347826,97.07331608695652,25.6028989417777,227.0830713043478,0.3568591499618722,604.6974782608696,0.1056208913043478,7.1607227,0.1076124005843207,0.058893903725481,-8.496749506560795,wet_inactive,wet_deep
2024-09-19,Tarazona,15.11284374999999,58.44534555555555,2.361268478260869,-10.21152413045407,59.16622739130435,0.8424220196474048,561.8103777777777,0.10532671625,3.653199,0.1076124005843207,0.058893903725481,-8.391339709344342,wet_inactive,wet_deep
2024-09-20,Tarazona,15.108127083333331,102.767052173913,54.90837434782608,30.8784689342608,212.4880143478261,0.5658681207526267,512.4086391304348,0.1509470304347826,5.938545,0.1076124005843207,0.058893903725481,-8.285929912127887,wet_inactive,wet_deep
2024-09-21,Tarazona,15.35396041666666,130.0012173913044,40.13699534782609,28.82873136730428,242.5512317391304,0.6082710859415051,942.746795652174,0.2129105261904762,5.9208045,0.1076124005843207,0.058893903725481,-8.180520114911433,wet_inactive,wet_deep
2024-09-24,Tarazona,15.033470833333329,117.8127717391304,39.37187130434783,27.75858306284051,197.0051098695652,0.6961015623893402,924.150347826087,0.1808239272727273,11.759376,0.0393013100436681,-0.009417186815171598,-7.86429072326207,wet_inactive,wet_shallow
2024-09-27,Tarazona,14.989202173913041,181.5897466666667,148.8767566666667,-6.206091093682844,373.431822,0.4783235298784713,1143.379866666667,0.2664454,10.60603,0.0393013100436681,-0.009417186815171598,-7.548061331612708,wet_inactive,wet_shallow
2024-09-28,Tarazona,14.812568749999992,119.2554108695652,116.4836828,3.710161852755094,315.1603565217391,0.3829036324614034,1382.507130434783,0.1752095760869565,11.804656,0.0393013100436681,-0.009417186815171598,-7.442651534396254,wet_inactive,wet_shallow
2024-09-29,Tarazona,14.95812708333332,111.4482131778261,110.6060056956522,23.00226070577808,313.8444043478261,0.38319141711109866,1209.233043478261,0.1684605,10.718482,0.0393013100436681,-0.009417186815171598,-7.3372417371797996,wet_inactive,wet_shallow
2024-09-30,Tarazona,15.15402916666666,119.4012517391304,68.42150608695653,25.05298190413349,310.8270173913044,0.4178170054378177,1495.051826086956,0.1840593047619048,12.631905,0.0393013100436681,-0.009417186815171598,-7.231831939963346,wet_inactive,wet_shallow
2024-10-01,Tarazona,15.32493124999999,137.4708517391304,37.75794,29.04520427195792,271.089952173913,0.567956350760462,1607.49147826087,0.1968370045454546,14.493661,0.0393013100436681,0.0,-7.1264221427468915,wet_inactive,wet_shallow
2024-10-02,Tarazona,15.420620833333329,119.9960090909091,55.06592636363636,42.07147847883602,257.4146986363637,0.5572314234138865,1130.216590909091,0.1766907818181818,12.860446,0.0393013100436681,0.0,-7.021012345530437,wet_inactive,wet_shallow
2024-10-03,Tarazona,15.40444166666666,167.9187086956522,91.1158608695652,18.90231240452178,306.6480739130435,0.5835662281012582,1236.89552173913,0.2468313391304348,11.432237,0.0393013100436681,0.0,-6.915602548313983,wet_inactive,wet_shallow
2024-10-04,Tarazona,15.11673541666666,111.2406782608696,81.60798391304348,19.53430949593628,273.0611839130435,0.4387727278089435,1132.225347826087,0.1634552739130435,12.908904,0.0393013100436681,0.0,-6.810192751097529,wet_inactive,wet_shallow
2024-10-14,Tarazona,15.34965624999999,86.2810655,62.502183,39.14880194084429,213.719605,0.4942468270067044,428.8826,0.12697566,6.3733215,0.0414201183431952,0.0021188082995270974,-5.7560947789329875,wet_inactive,wet_deep
2024-10-15,Tarazona,15.557807894736838,99.9133,41.88790985,20.53475387913334,170.7637235,0.6650734558863816,496.7457894736842,0.1466816823529412,6.126253,0.0414201183431952,0.0021188082995270974,-5.650684981716534,wet_inactive,wet_deep
