date,SWC,LE,H,G,Rn,VPD,ET,EF,site,NDVI
2018-01-01,14.905544999999998,15.666822091666667,0.9407501687500002,-13.4968061875,4.187606145833335,0.5124524729166666,1.205245812552432,0.8859113775658967,Oran,0.218
2018-01-02,14.500921875000001,6.598005159375,-2.4719371875,-2.694706666666667,2.6232904166666664,0.4393803,0.5508804190392729,,Oran,0.218
2018-01-03,14.572797083333334,2.13944265125,5.457809789166667,2.936559491666667,11.668451770833334,0.34122809374999996,0.3576021006316903,,Oran,0.218
2018-01-04,14.709615625,7.6081265,23.19894616666667,6.885801355833333,42.55300341666666,0.37534866250000004,0.5340056058173323,0.21330875595522514,Oran,0.218
2018-01-05,14.18256625,9.395367370833332,17.406296541666666,-12.50146608125,15.633855583333334,0.47495951666666664,0.6883507896425672,0.33393495488840264,Oran,0.218
2018-01-06,14.207360208333334,15.181162347916667,-3.3267091229166668,-11.305374670833332,-0.4551537187500004,0.29885928125,1.074205086981001,1.3991569770753616,Oran,0.218
2018-01-07,15.359618333333332,19.831297062916665,21.483327833333334,-14.774901875,28.094102708333335,0.3282149125,1.4057805078359038,0.46260222871204015,Oran,0.2224
2018-01-08,14.601343125,8.700051761875,29.585876011666667,-10.754002729166666,26.863009479166667,0.26835154375000003,0.6374952502541781,0.23127971231983355,Oran,0.2224
2018-01-09,13.940622500000002,8.955775055625,7.995603958333334,-9.219585135416667,6.949224770833332,0.28025808333333335,0.6594717336350611,0.5538920370486375,Oran,0.2224
2018-01-10,15.600166041666666,27.68981046521739,-4.343730815217391,4.255414011458334,25.18478142875,0.33040342826086955,1.9041141046348669,1.3230122971772336,Oran,0.2224
2018-01-11,18.159041041666665,22.59620575,-0.6911252083333329,-13.030570270833332,14.20997319375,0.35392885416666664,1.570701241868414,0.829506422270112,Oran,0.2224
2018-01-12,16.382618958333335,9.973425731875,15.36746075,-10.623119714583334,17.570455604166664,0.35919097291666663,0.7219443885470543,0.3537481720256396,Oran,0.2268
2018-01-13,15.658551875,11.053787776666667,3.2977229458333333,-5.3828459125,5.8454889375,0.39919848333333335,0.8011962338193379,0.9844547677224524,Oran,0.2268
2018-01-14,15.896470833333334,15.426792339791668,0.8912514854166663,-2.3606252277083333,15.750579979166668,0.28582849791666665,1.0778632790506082,0.8517816547037779,Oran,0.2268
2018-01-15,15.716131666666667,8.273583181666666,23.653266918750003,-8.295490916666667,28.581695333333332,0.2979996020833333,0.6280928601806018,0.22435505587595272,Oran,0.2268
2018-01-16,15.251118750000002,10.45758484625,18.167595490416666,-5.544475066666667,25.99012689583333,0.44095507708333337,0.8357519318316409,0.33162254144465964,Oran,0.2268
2018-01-17,15.026845416666667,5.708794785416667,21.47568247291667,1.325553458333334,33.54625700208334,0.4131837583333334,0.5034441591379069,0.17717784398050573,Oran,0.2268
2018-01-18,14.708328125,6.591526158333333,26.512359495833334,-3.0821340187499993,30.749713645833335,0.37556910416666667,0.5727342146105109,0.1948319885949839,Oran,0.2268
2018-01-19,14.530355416666666,5.991967778749999,8.688819425,-5.215985854166667,11.843739229166667,0.4323402458333333,0.5020820901738854,0.351234720927825,Oran,0.2268
2018-01-20,14.326106875,11.256732745208334,-2.4932372916666665,-0.7257641666666665,10.582062229166667,0.6694803916666667,0.8316581390064772,0.9954815674704888,Oran,0.2268
2018-01-21,14.246690000000001,7.2520568875,8.019126145833335,3.9292653645833333,26.0623848125,0.595096275,0.5357930606369669,0.3276563389343032,Oran,0.2268
2018-01-22,14.059928124999999,5.897764958333333,16.794025375,-1.7293091000000003,20.0480475625,0.5924196645833334,0.5811594387580494,0.27082097472780614,Oran,0.2268
2018-01-23,13.585630625,7.672274929791667,28.992068283124997,-8.026470187500001,30.045572916666668,0.4438338062500001,0.6092213951650236,0.2015199160391789,Oran,0.2213
2018-01-24,13.486590208333332,9.253950327916668,15.757287333333332,0.2913138749999998,24.386339354166665,0.6480987270833334,0.7159417144678356,0.3840606159938669,Oran,0.2213
2018-01-25,13.263877916666667,12.045518556041666,22.162743759479167,-2.1661343958333332,32.53658472916667,0.4767636666666667,0.862494709520546,0.3471059000493139,Oran,0.2213
2018-01-26,16.10315625,35.76936110416667,-1.9774346250000001,-15.964021412500001,35.81802002083333,0.3169166297916667,2.528199739448844,0.690767689223258,Oran,0.2213
2018-01-27,15.847175208333333,12.014760437500001,22.621886916666668,-7.442864854166667,31.154714520833334,0.41233905416666666,0.8393370393682978,0.31128274446355747,Oran,0.2213
2018-01-28,20.111433958333333,24.34125742770833,-0.8078219208333332,1.6000661458333332,27.195770395833335,0.37737536875,1.8368859192946805,0.9509899469833236,Oran,0.2158
2018-01-29,19.47017375,12.605584285979168,14.872366729166666,-0.8608003187500001,28.26387766666667,0.3645205395833333,0.9572877935805976,0.43281454621716486,Oran,0.2158
2018-01-30,17.992008541666667,13.862347710416666,24.939397608333334,-7.3066710187499995,38.3955079625,0.28474845625,1.134886626117999,0.30331918563672644,Oran,0.2158
2018-01-31,17.470188958333335,11.82010571875,20.210305916666666,-0.8592741875,39.15796395833333,0.3731990208333334,0.9942509588653367,0.29537534988482783,Oran,0.2158
2018-02-01,17.521336666666667,19.3975004375,5.538624785416666,-4.709779683333333,33.120953725,0.36933802708333335,1.4962750034183656,0.5127444987156166,Oran,0.2158
2018-02-02,20.143,26.196095208333332,14.896524666666666,-23.60925457916667,33.04569427083333,0.35994044375,1.865689000176821,0.4623796462633879,Oran,0.2158
2018-02-03,17.752473124999998,19.903801727083334,19.19691729166667,-10.337133064583332,40.00317270833333,0.4469443541666666,1.384644189139347,0.395384998590765,Oran,0.2158
2018-02-04,18.14014125,14.295311839583334,2.7747768416666667,-2.361584316666667,19.916562062500002,0.32501307916666666,1.0075601816947346,0.641674203781673,Oran,0.2158
2018-02-05,20.921086041666666,13.620242379166667,8.761004024375,-10.690836270833332,47.957549943749996,0.27347271249999994,1.0867403167278027,0.23223558665932909,Oran,0.2158
2018-02-06,19.187284791666666,12.403148822916668,-1.1529663541666666,-16.894953333333333,-4.2956700833333334,0.19955168958333333,0.9281846993745183,0.9844328900944955,Oran,0.2158
2018-02-07,17.944033333333334,18.003918952083335,30.494750089583334,-9.5045083125,45.31369039583333,0.30199247083333336,1.269092950915978,0.32842959776688946,Oran,0.2158
2018-02-08,17.22382083333333,12.348449172291666,35.681618343749996,-8.8252889375,49.75473970833334,0.30507705416666664,0.8861986080834987,0.21079622966640496,Oran,0.2158
2018-02-09,16.690781666666666,12.692989537499999,34.068225375,-4.3409077499999995,54.16195199999999,0.38502306875,0.9014674089182034,0.21696357394734025,Oran,0.2158
2018-02-10,16.539830833333333,11.58819073125,20.6844699375,-6.642006583333333,32.04353329166667,0.38551141875,0.8313692916543112,0.2995483782491739,Oran,0.2158
2018-02-11,16.23034541666667,12.469931430833334,24.6518809375,7.705286379166666,59.11819333333333,0.5806573541666666,0.8689622182817747,0.24254476491574323,Oran,0.2158
2018-02-12,18.323136875,18.375181163829787,-26.411370021276596,-3.4957244583333336,-6.594133145833333,0.3472024957446808,1.3115611771012283,,Oran,0.2158
2018-02-13,18.648957333333332,23.763230446666668,13.78576611111111,-12.453099733333334,29.304251333333337,0.4466279888888889,1.5665527982207361,0.5690789726754474,Oran,
2018-02-14,17.844857708333333,15.182175458333333,17.494224625,5.026701779166666,41.18294916666667,0.47287540833333336,1.0682216484146885,0.41990462382946686,Oran,
2018-02-15,17.720546458333335,9.092773688541667,43.76057794375,10.5411629375,75.56965364583333,0.4965146020833333,0.686594170047279,0.13982753696875266,Oran,
2018-02-16,17.24000625,7.0958676164583325,32.500080484166666,4.344568979166667,51.63748714583334,0.3296648083333333,0.5508659854813618,0.15004080719763432,Oran,
2018-02-17,17.079150000000002,11.698718385416667,35.29179332270834,3.5538181874999997,68.92429202083333,0.46343024166666663,0.8943607836026426,0.1789602812921837,Oran,
2018-02-18,16.648388125,6.787769527083333,24.894260310416666,-4.375526533333335,30.121676041666664,0.38578694166666666,0.48790559481216245,0.19676289729076196,Oran,
2018-02-19,16.285805416666665,12.068415595833335,49.426393906250006,-0.5604265208333336,70.4909223125,0.49320658958333335,0.8660388483408317,0.1698548415195111,Oran,
2018-02-20,15.982613125,12.757272827083334,36.475353354166664,-1.882914895833333,53.79813979166667,0.5673436041666666,0.9442870764977874,0.22911334741558426,Oran,
2018-02-21,15.470853333333332,11.889758522916667,34.23081360416667,-9.579853604166667,42.475617104166666,0.4954821083333333,0.8584642160966295,0.2284055520222832,Oran,
2018-02-22,15.284516250000001,14.274132222916668,47.87546302083334,-14.793528520833334,65.2735328125,0.5617001354166666,0.9947248959380345,0.17827720894477359,Oran,
2018-02-23,14.574031249999999,10.045224658333334,48.212851568750004,-8.26292420625,56.91285219166667,0.5280852729166667,0.7028730478947695,0.15412512460157554,Oran,
2018-02-24,14.424945208333334,9.850643371458334,37.68071929166667,-0.8512834166666673,60.695613,0.5248111770833334,0.7996506959889127,0.16005101711011405,Oran,0.2468
2018-02-25,14.356672083333335,12.5934453075,42.167298125,-2.666661479166667,63.89826229166667,0.6689232041666667,1.020015491589948,0.18919041131716963,Oran,0.2468
2018-02-26,14.235222499999999,10.562018725,45.908886417687505,1.9343524375000003,69.98088979166667,0.8487738541666667,0.7575049259485058,0.1552175780822925,Oran,0.2468
2018-02-27,19.189283958333334,8.8989790125,0.4091433999999999,-2.8144472916666667,8.567790791666667,0.3357055854166667,0.7309289643689894,0.7818303348908598,Oran,0.2468
2018-02-28,21.07119416666667,23.145781195833333,23.775391441666667,9.613003751666666,46.949739658333336,0.4950323104166666,1.6217779015690692,0.6199197823208893,Oran,0.2468
2018-03-01,19.44369,16.49302633192,5.02837886,4.123405399999999,25.2574526,0.48886640000000003,0.6040825692529865,0.7804007522004587,Oran,0.2468
2018-03-05,22.395013793103452,58.69878517241379,23.299240396551724,4.593986365517242,106.27951479310344,0.44377633793103444,2.470291828645097,0.5772580039667614,Oran,0.2468
2018-03-06,20.905797291666666,39.96418360416667,20.40815022916667,-4.237639135416667,61.1997228125,0.4715195875,2.784033591211743,0.6107242470436877,Oran,0.2468
2018-03-07,21.032426458333333,28.216425356145834,39.74308960416666,0.8300607166666673,85.92445225,0.4996393270833333,1.9787739410025766,0.33158971875476473,Oran,0.2468
2018-03-08,22.020181875000002,42.23494920625,19.774238258333334,14.546162095833333,92.22788831666666,0.4631054875,2.9621283627763106,0.5436922074335042,Oran,0.2468
2018-03-09,23.309452708333335,34.46240136875,37.964840200000005,13.736686416666666,108.642747359375,0.6812029708333334,2.543172076513814,0.36312118558533185,Oran,0.2468
2018-03-10,21.39211625,29.101427295833332,18.623468562499998,0.033408912499999666,55.63587464583333,0.8408771229166666,2.051562137387998,0.5233837548752305,Oran,0.2468
2018-03-11,21.518330416666668,51.576059547916664,9.83829775,-14.5688355,68.10052566666667,0.49028200833333335,3.5955155438520814,0.6238836108087984,Oran,0.2468
2018-03-12,21.053104791666666,41.85789584166667,37.752494,-6.840980397916667,80.75509529166666,0.6007242708333334,2.9221527169193715,0.47785126801798367,Oran,0.24255
2018-03-13,20.330060416666665,24.789020458333336,50.4952586375,10.79892363125,97.94006640625001,0.6623694479166666,1.7990073380106673,0.284469765588673,Oran,0.24255
2018-03-14,19.72275608695652,15.920500282608696,12.45056427826087,-1.441059434782609,32.3425636673913,0.6709991195652174,1.2401493069753673,0.47124904970847376,Oran,0.24255
2018-03-15,19.538524374999998,42.852386225000004,32.18480160208333,-7.262041943749999,85.6583460375,0.56656808125,2.9893093055830127,0.4611731306335806,Oran,0.24255
2018-03-16,18.3877545,7.74185035,-17.2501206,-29.22935417,-39.1332915,0.36985646,0.2640243064129665,,Oran,0.24255
2018-03-23,19.830993703703705,24.48845877777778,115.03295296296295,24.79826562222222,179.6647382962963,0.7087190814814814,0.9623312219217536,0.15812627714014793,Oran,0.2383
2018-03-24,19.4026375,41.13588154166667,19.394780895833332,-8.176882227083334,65.13238779166666,0.6054671291666666,2.8623631967629612,0.5611279655512259,Oran,0.2383
2018-03-25,19.173653333333334,16.27510924375,34.79363727083334,-1.6656280270833335,61.554241875,0.5439524375,1.2549870034445876,0.25743661397844275,Oran,0.2383
2018-03-26,19.182593125,20.748936091458333,42.718414375,0.8520743750000004,80.73963375,0.6367378625,1.4610901646055279,0.25972674911823007,Oran,0.2383
2018-03-27,19.111436041666668,22.710587682083332,60.574698895833336,14.4343979375,124.30349341666665,0.9384802583333334,1.5948506786855767,0.2067058765072814,Oran,0.2383
2018-03-28,18.84314125,29.4971624375,45.2565363125,20.03873264583333,113.9411275,1.29314615625,2.0749111964548144,0.3141257737175927,Oran,0.28245
2018-03-29,18.4339725,26.555257733333335,48.49689120833333,-0.4757872083333326,96.40379374999999,0.9925232604166666,1.8725721167842817,0.27410582777762443,Oran,0.28245
2018-03-30,17.75122479166667,28.655717841666668,50.9699193125,-10.15037925,82.86636770833333,0.6741926708333333,2.000446657011257,0.30807052255335204,Oran,0.28245
2018-03-31,18.049195,38.545147433333334,46.46544139583333,-6.995146479166667,106.87963764583333,0.6832843875000001,2.685114822173814,0.33848711749058025,Oran,0.28245
2018-04-01,18.293395,25.27097549583333,60.1377706875,6.636919833333333,106.53788066666665,0.8766472208333334,1.7774960720075044,0.252960284716314,Oran,0.28245
2018-04-02,18.119303541666667,23.2550519053125,39.054987904166666,15.888087854166665,92.57882341666668,1.111481675,1.630551165634294,0.30323156682152985,Oran,0.3266
2018-04-03,18.143153541666667,30.275525864583333,89.1345081375,6.983342520833333,144.99646997916668,0.9377452875000001,2.152047187085026,0.21936700096680023,Oran,0.3266
2018-04-04,17.668386875,25.568977129166665,69.50171793125,-5.796909520833334,104.5815211875,0.8584252104166668,1.7961111670204755,0.23164831176781953,Oran,0.3266
2018-04-05,17.25671125,29.065424162499998,62.432294006250004,15.093674666666667,125.492208125,0.9743238958333335,2.0768997191391336,0.26327726693461817,Oran,0.3266
2018-04-06,17.622332500000002,26.541405793750002,33.0770415625,2.77068511875,73.49272433333333,1.0437569520833334,1.8744897050959766,0.37529186217635246,Oran,0.3266
2018-04-07,20.609705416666667,6.335579074468085,12.421925631914894,-9.478102979166666,21.770647135416667,0.5393657429787234,0.887898263136524,0.2027466395051546,Oran,0.3266
2018-04-08,24.16693020833333,43.812712848958334,46.6630996875,-6.371797145833334,109.91380470833333,0.5846596104166667,3.0696650384282926,0.3767681651930021,Oran,0.3266
2018-04-09,22.168485833333335,40.41297406458333,61.15779185416667,-8.312532416666665,109.92187479166667,0.5957889291666667,2.82033453574994,0.34180383712986523,Oran,0.3266
2018-04-10,21.476052499999998,27.90050958333333,1.8330876937500002,-11.240991270833334,30.132486125,0.54130676875,1.9438238314450917,0.6743573743246236,Oran,0.3266
2018-04-11,23.736542916666668,39.97387620833333,-4.9115054375,-17.454471304166667,35.37719445833333,0.38968428722916665,3.2008688861658343,0.7566272164885411,Oran,0.3266
2018-04-12,23.675537708333334,39.2496193125,33.9843763875,8.20228925,92.05633227083332,0.5543524604166666,2.737000984626249,0.46807068447192857,Oran,0.3266
2018-04-13,23.471479791666667,30.386117645833334,47.03194338958334,3.7202234583333333,96.16768225,0.5400376916666667,2.144385261078403,0.3286852666692487,Oran,0.38615
2018-04-14,22.570744791666666,36.05513493895833,78.14647301875,12.756468437499999,153.22299979166667,0.7407392854166667,2.554517663471582,0.256681321816443,Oran,0.38615
2018-04-15,21.766543541666667,38.58143963854167,80.39714333333333,11.893662291666665,146.81939772916667,0.74517603125,2.754608933276459,0.2859457427705723,Oran,0.38615
2018-04-16,21.776958125000004,44.581716166666666,59.15695547916667,0.42177445833333405,137.24009625,0.7482950791666667,3.115869601734527,0.3258460970932773,Oran,0.38615
2018-04-17,20.517006458333334,34.871646131458334,64.24226778541667,19.7454015,147.76321020833333,0.9295982666666666,2.5131745143070505,0.2723968366847101,Oran,0.38615
2018-04-18,20.371488125,55.19724014583333,58.553778666666666,14.381188875,151.45057183333333,1.1424000291666667,3.893727855705108,0.4026956199446255,Oran,0.4457
2018-04-19,19.592849166666667,43.28748273958333,56.927653666666664,3.1137663395833326,128.26732208333334,0.9197550395833334,3.0600497607781727,0.3458749732066246,Oran,0.4457
2018-04-20,19.510715625,36.033418635416666,36.632210625,-0.4945338541666664,83.96886804166667,0.7283732729166666,2.580023144075243,0.4266157628821985,Oran,0.4457
2018-04-21,19.032792291666667,36.945712354166666,38.63598228125,5.614257500000001,96.24989766666666,0.82211015625,2.681918494274112,0.4076289667754154,Oran,0.4457
2018-04-22,18.87128125,42.94269143541666,34.16695757708333,8.175324010416666,101.805356,1.1204241666666666,3.029071307488744,0.45864228093176546,Oran,0.4457
2018-04-23,18.632971041666668,42.155995652083334,31.824967695833333,11.562573958333333,107.42893348125,1.2666602437499999,2.975116813721646,0.43973710759305534,Oran,0.4457
2018-04-24,18.188932916666666,46.210799342916665,45.83956697916667,7.613338958333333,137.73528079166667,1.30854620625,3.255641953280477,0.3551345660219686,Oran,0.4457
2018-04-25,17.72914875,37.58004157270833,49.10521149375,7.0202932083333325,117.429096,1.1100428666666666,2.6483634658838935,0.3403717875975806,Oran,0.4457
2018-04-26,17.393598333333333,39.89508092291667,48.527015847916665,13.750384583333334,131.36361114583335,1.1449823625,2.8228447651917437,0.33920573466893456,Oran,0.4457
2018-04-27,16.989920208333334,57.03928665754167,62.7795575125,13.676666625000001,164.02745895833334,1.28915009375,4.0871648997343994,0.3793746994766974,Oran,0.4457
2018-04-28,16.720446666666668,43.222344659583335,39.83595600208333,0.8643131979166666,101.24587270833332,1.1764806770833334,3.062362514950286,0.430580525650213,Oran,0.4457
2018-04-29,16.660359375,44.60603879166666,85.96860783333334,-14.881326589583333,145.93615770833333,0.8543660833333332,3.1144455655975425,0.2773705793645755,Oran,0.49069999999999997
2018-04-30,16.381705,33.96847694042553,44.15297606382979,-9.500966937500001,87.47770035416666,0.7553582451063829,2.3249410248397995,0.35026751644528353,Oran,0.49069999999999997
2018-05-01,15.840893541666667,29.430131330208336,89.39154309787233,5.3017156875,166.51400008333334,0.9063777680851064,2.191911357968975,0.18255514113271248,Oran,0.49069999999999997
2018-05-02,15.779131249999999,30.526941124999997,63.46528672916667,3.0283737708333334,130.34799127083332,1.1062420708333334,2.138329160287646,0.23976620197590523,Oran,0.49069999999999997
2018-05-03,15.731962916666667,36.65198570208333,74.0335530625,6.3013351250000005,149.51893979166667,1.2608337395833333,2.5725856387842305,0.25591815885616426,Oran,0.49069999999999997
2018-05-04,15.251271875,34.237063790625,74.33438245,14.838126166666667,147.57827791666668,1.0988998166666666,2.4085531795337993,0.25792545314477533,Oran,0.5357
2018-05-05,15.141476041666666,28.28296033958333,32.43227038333333,6.805892604166666,83.840604,1.1508708166666666,2.054811650291552,0.36714566494907525,Oran,0.5357
2018-05-06,15.020628958333333,33.574198016666664,73.6791596,10.908845416666665,146.65990102083333,1.108915875,2.434533307968503,0.24732181909925538,Oran,0.5357
2018-05-07,14.710401666666668,34.66436276666666,74.92131263750001,14.812783645833335,152.97655239583335,1.2935627625000001,2.470619769124479,0.2508932919265541,Oran,0.5357
2018-05-08,14.430174375,34.501702585,61.67230959583333,7.740707520833333,137.578841125,1.2051106958333333,2.433306243523756,0.26572857778581616,Oran,0.5357
2018-05-09,14.582783124999999,83.55376618187499,48.47600370625,4.426641083333332,133.45296041666666,1.0379136662500001,5.919652710923733,0.6475714924954019,Oran,0.5357
2018-05-10,16.708161875,87.20422485416667,35.935793875,3.309647420833334,120.83187610416667,0.6585509104166667,6.461271896213999,0.7420232396131687,Oran,0.5357
2018-05-11,19.168838125,62.5548379375,39.2226575625,11.371849145833332,149.11545104166666,1.0155841458333332,4.46659677263593,0.45413969924211955,Oran,0.5357
2018-05-12,17.416498333333333,66.29098762854167,61.48035164583334,-3.511518416666666,164.73991179166669,1.1662198541666666,4.665344783994141,0.39399954904667633,Oran,0.5357
2018-05-13,16.199897083333333,47.692570520833335,77.789460625,-7.133803727083333,173.16852641666665,1.1386531208333333,3.3393947134711692,0.2645144435061343,Oran,0.5357
2018-05-14,15.432671041666666,42.007432979166666,81.12102573333333,3.1241481249999996,165.31461713958333,1.1484647479166665,2.9475299003023907,0.2590006258344908,Oran,0.5357
2018-05-15,14.959430625000001,39.104060635416666,79.827130903125,10.183276062500001,171.29854947916667,1.0997827958333333,2.7535656094782985,0.2427085887399892,Oran,0.58335
2018-05-16,14.520544375,42.346816446458334,84.08177256604166,8.1447355,174.2033079375,1.3097401625000002,3.0152681960916192,0.2550113241663362,Oran,0.58335
2018-05-17,14.1340475,35.851410029166665,91.9085846625,6.3597862291666685,171.05162045833333,1.18834914375,2.5286674949705477,0.2176878422477211,Oran,0.58335
2018-05-18,13.888939583333332,41.53486014020833,76.96941170833334,7.342180333333332,152.44342938125,1.16203198125,2.9342902916874336,0.2862474335179038,Oran,0.58335
2018-05-19,14.192749375,44.86689367922917,70.77752534270833,4.001590379166665,158.86334133333332,1.184100760416667,3.2079387693213226,0.28972224195313473,Oran,0.58335
2018-05-20,13.868509375,36.261529658125,65.11417203541667,6.737497520833334,134.48984927708332,1.1493520479166668,2.600589116861359,0.28384236501032545,Oran,0.631
2018-05-21,13.607895,36.080201995833335,50.07976936875,2.874864291666666,109.26361335416668,1.0694045479166667,2.5792168559449173,0.339135503648392,Oran,0.631
2018-05-22,13.424623958333333,35.85017035208333,68.56118128958333,12.337597542291668,143.81477166666667,1.1946286666666666,2.559616904717972,0.2726722002571315,Oran,0.631
2018-05-23,13.1657825,41.280477624999996,63.48501058333333,2.8378145208333336,139.79083664583334,1.4612695729166667,2.918285330697717,0.3014207133547035,Oran,0.631
2018-05-24,13.110385208333334,39.28800945,49.9911170625,2.9121731979166667,105.12082945833333,1.3838853916666667,2.7909419630344385,0.3843902354992162,Oran,0.631
2018-05-25,13.539114680851064,27.925570870212766,43.42361238085106,1.9985298042553186,97.37311964999999,0.897717415319149,2.177386249953721,0.29279885675396927,Oran,0.631
2018-05-26,16.445240000000002,54.15637065208333,60.318364029166666,7.739168770833333,171.42274235416667,1.102574975,3.890733851038561,0.3308601435470961,Oran,0.631
2018-05-27,19.5803475,30.83087468780488,21.134301743170735,-10.178715979166666,58.522186049999995,0.7403535790243903,2.0363727030460357,0.44876957619444025,Oran,0.631
2018-05-28,23.452608333333334,113.62777818666667,52.098185126666664,13.302002875,157.9142766875,0.763238996,7.4778423351643415,0.78574090007044,Oran,0.631
2018-05-29,26.640314583333335,75.5116351125,41.3311095625,-6.641531541666666,106.41578033125,0.273689029375,3.7310066121673064,0.6679058069006603,Oran,0.631
2018-05-30,24.758312291666666,73.441602875,39.021862500000005,-1.8599823125000003,149.38320108333332,0.9239093229166666,5.20646993189219,0.4855862011498978,Oran,0.631
2018-05-31,22.194424375,61.98215459583333,24.655571222916667,7.762610062500001,118.59055985416666,1.1664436895833332,4.369416241759556,0.5592646504094573,Oran,0.5502
2018-06-01,20.362304375,95.508351625,46.216768699999996,5.4008751875,193.22232520833333,1.4316805916666666,6.739260579188883,0.5085060924319673,Oran,0.5502
2018-06-02,22.261452083333335,49.57880562025641,18.839075613846155,-10.054995499999999,59.84819754166666,0.7693177153846154,2.852664349948672,0.7092495129758144,Oran,0.5502
2018-06-03,28.378437708333333,106.10086751612904,78.63377489354839,10.228336110416667,180.64625527083334,1.1564980612903226,5.395676557876301,0.622592201799242,Oran,0.5502
2018-06-04,23.645775625,82.25098020958333,51.135413666666665,5.812772229166668,171.28494141666667,1.1690649208333332,5.805327933102948,0.4970683626947744,Oran,0.5502
2018-06-05,22.148785833333335,68.34001401249999,49.610645075,0.35731206250000086,149.25850538958335,1.0501989020833333,4.870104624052807,0.45896216467776124,Oran,0.4694
2018-06-06,21.713185208333332,54.23475160416667,12.817131208333334,-11.8086984375,76.51906583333333,0.74824354375,3.806581599862006,0.6140170313591363,Oran,0.4694
2018-06-07,21.356695000000002,69.40085432083333,45.89168114583333,15.301516458125,155.37723520833333,1.1442776791666667,4.917587089925223,0.4954524234467304,Oran,0.4694
2018-06-08,20.294612708333332,63.71294738833333,27.24764872291667,6.2604723125,112.52811376041666,1.2371182020833333,4.523259641098347,0.5995517216739961,Oran,0.4694
2018-06-09,19.675943541666665,61.068640789583334,41.3011708125,7.749494145833334,130.11004210416667,0.9762243583333333,4.327991606417196,0.4990876700746605,Oran,0.4694
2018-06-10,18.775085208333333,72.39765160416667,57.115733033333335,9.452904708333334,178.70188875,1.1892354312499998,5.104116314677999,0.4277582640398208,Oran,0.4694
2018-06-11,17.656130625,71.64297225,51.42331725,4.580155833333333,159.25587494166666,1.2210152458333332,5.042760171389886,0.46318176287140433,Oran,0.4694
2018-06-12,16.791981458333336,79.15242234583333,51.348496687499996,10.663367379166667,186.134802,1.4245633145833332,5.5817857421791865,0.4510843745984609,Oran,0.4694
2018-06-13,15.865114166666666,76.39856582291667,60.650880499375,8.0298984375,200.68721743749998,1.5588131708333335,5.393748129663997,0.3965515881746319,Oran,0.4694
2018-06-14,15.054892916666667,79.58141136249999,66.44270808125,9.422027833333333,196.74842856249998,1.5970008916666667,5.627185750009438,0.4248275259265642,Oran,0.4694
2018-06-15,14.302792708333333,85.95644086854166,51.182182141666665,15.869412708333334,194.49665716666667,1.8167303291666665,6.094805281217741,0.4812056589082742,Oran,0.4694
2018-06-16,13.57130375,91.00868834791667,50.147389645833336,13.892136270833333,190.28513135416665,1.858179970833333,6.448789496159911,0.5159427578454657,Oran,0.38255
2018-06-17,12.864933333333333,85.78184762916668,45.20999454375001,17.124833541666668,191.01793,2.0915352416666666,6.081133509371521,0.4933022033437707,Oran,0.38255
2018-06-18,12.165185319148936,76.18531857872341,55.15187355319149,10.882083723404255,179.4499463829787,1.9008039489361699,5.303235145052528,0.45195636568389613,Oran,0.38255
2018-06-19,11.5478575,62.755127458333334,85.25706939583334,7.297872533333333,194.58910743750002,1.7322587020833335,4.440802310596102,0.3350670814384022,Oran,0.38255
2018-06-20,10.994426666666667,61.87172892541667,77.09326604166667,11.382848479166666,188.82497222916666,1.9231883875000002,4.388397706379911,0.34868681470803614,Oran,0.38255
2018-06-21,10.337410625,57.55237849583333,75.54504352083333,12.987013916666667,186.0211839791667,2.0681114729166667,4.085791578947635,0.33260701325666125,Oran,0.2957
2018-06-22,9.657217041666668,55.92284994604167,70.13218327083332,13.8512585,183.56740402083335,2.354875752083333,3.9734001806033397,0.32950813120591943,Oran,0.2957
2018-06-23,9.038571333333334,50.49600016666667,80.16092783333333,10.388606291666667,180.4517096666667,2.38026711875,3.58587245936614,0.29692507760087006,Oran,0.2957
2018-06-24,8.560503083333334,45.649227925,76.54083825,15.479604354166668,173.11372708333332,2.3257712645833335,3.244530886907154,0.28958976098995115,Oran,0.2957
2018-06-25,8.128152520833334,41.17408008333333,81.91566405625,13.321102806250002,169.22244033333334,2.1433380041666665,2.925607010519548,0.2641034434754643,Oran,0.2957
2018-06-26,7.75333775,33.2558073125,86.52683354166668,9.116625395833335,161.09247029166667,2.1575219375,2.3595774125727935,0.2188229802919935,Oran,0.2957
2018-06-27,7.393811875,30.461403520833333,84.71940585416667,14.067291479166665,168.43217533333333,2.3722548958333336,2.163225007991481,0.19733376374390418,Oran,0.2957
2018-06-28,7.145338229166666,45.02864819541667,75.383629,8.02124234375,150.26214920833334,2.241941977083333,3.194159114796481,0.3165660933129806,Oran,0.2957
2018-06-29,7.365022979166667,25.399768343749997,107.96568768125,6.675562062499999,176.988556625,1.7609928812499998,1.8224312291020501,0.1491358214268789,Oran,0.2957
2018-06-30,7.0101676875,18.65013486875,118.16235829166668,10.75657675,178.5214703125,1.8159276708333334,1.4018311521387015,0.11116828123401146,Oran,0.2957
2018-07-01,6.770549208333333,22.79869009375,93.35234173125001,8.187950145833334,156.42049166666666,1.9383849416666667,1.6401963950638978,0.1538035431345941,Oran,0.2957
2018-07-02,6.4802653958333325,23.959011460416665,100.3289509,11.066942252083335,174.08327520833333,2.3036392083333337,1.6973759874242105,0.14697307334748314,Oran,0.26845
2018-07-03,6.244549729166667,19.298410010416667,93.64759197916668,14.0394289375,168.37781708333333,2.7264342708333333,1.3878799742998407,0.12503959800449468,Oran,0.26845
2018-07-04,6.045012770833334,24.64295445,104.22137099999999,8.0037956875,172.61238583333332,2.5563709833333332,1.7697230157293835,0.14970636968683,Oran,0.26845
2018-07-05,5.801468729166667,17.701175525,108.57562300000001,9.465498666666667,172.609729375,2.3144007916666665,1.257125200758321,0.10850016239094523,Oran,0.26845
2018-07-06,5.752824708333333,9.099738261666667,71.33277284583333,5.262618333333334,92.207617375,1.7107931333333333,0.3280169499959003,0.10466085872639781,Oran,0.26845
2018-07-10,5.44176625,21.203882634375,149.238407125,44.65488738125,275.6398015625,4.093666499999999,1.053540570771718,0.09179769470891362,Oran,0.2412
2018-07-11,5.6212086875,11.315997750000001,59.66543127291666,-3.060076875,117.395516875,2.6101714166666667,2.474540144153955,0.09394331469143584,Oran,0.2412
2018-07-12,6.514462604166667,19.85389995,75.59671708541667,11.133835916666667,155.87138583333333,2.2373480437500004,1.6788315642807543,0.1371717288390675,Oran,0.2412
2018-07-13,5.954880083333333,11.005109158333333,104.72420310833333,13.612734625000002,159.12996666666666,1.9769047270833333,0.9286673435724906,0.0756275322443062,Oran,0.2412
2018-07-14,5.553738125,12.991162554166666,86.18913987479168,13.891522961249999,151.85826278333334,2.55432188125,1.245287448705741,0.09416155350861789,Oran,0.2412
2018-07-15,5.2586040625,11.02033225625,85.4203883125,8.295370166666666,137.21068610416665,2.6127932708333335,0.8510040359664902,0.08548505021383818,Oran,0.2412
2018-07-16,5.080846833333333,7.093818656479166,112.04206907291666,7.370171,164.24335604166666,2.3585699375,0.5563619530402308,0.04522008432859316,Oran,0.2412
2018-07-17,4.951625,0.47987833249999995,0.4489198999999998,-42.779176875,-54.940531875,1.3544136875,0.0184577333352682,,Oran,0.2412
2018-08-09,4.752410526315789,11.303116814210526,85.96460610526316,-23.61232210526316,133.0700205263158,3.649352210526316,0.3281428264296736,0.07214033581811158,Oran,0.2341
2018-08-10,4.513937958333334,8.27709816875,96.78919755208334,10.635555187500001,129.96899991666666,2.0165975416666666,0.7762883776235279,0.06936109309117236,Oran,0.2341
2018-08-11,4.5854179375,4.5476582875,105.3903144125,10.588707479166667,141.59078068333335,2.089882666666667,0.4677156243195823,0.034714399369943374,Oran,0.2341
2018-08-12,4.346664708333333,4.066905110416667,47.31465664583334,3.4337697083333345,64.75322420833334,2.503895291666667,0.41359716714311423,0.06632324347270029,Oran,0.2341
2018-08-13,4.572098895833333,14.644562158333335,81.91949833958334,12.428484291666665,131.205995875,2.9118422083333333,1.1137972983916478,0.12329406436553292,Oran,0.2341
2018-08-14,4.349420708333334,20.153361425208335,72.67204475625,14.504288541666668,130.66648360416667,2.9356911666666665,1.5758273475308433,0.17349329025992496,Oran,0.2341
2018-08-15,4.469413270833333,9.983721247826088,99.20464488478262,3.9369351666666668,129.40163735416667,2.001522123913044,1.2905483415213084,0.07957394449401373,Oran,0.2341
2018-08-16,6.750231604166667,50.846774697916665,41.55488027104167,-10.426239541666666,105.30434020833333,1.4908532604166667,3.844111914842568,0.43935470476131155,Oran,0.2341
2018-08-17,7.533561708333333,11.693016848958335,55.87681370208333,1.8346587500000016,156.41593427083333,1.5745178872291667,3.7143998643830884,0.0756431644748748,Oran,0.2341
2018-08-18,7.797658125000001,39.136401408333334,71.72087105416666,-3.958689895833334,123.15411885416667,1.4828999020833336,2.773302748969744,0.3078871578182583,Oran,0.2341
2018-08-19,7.239602520833333,13.596169958333334,78.12210962500001,3.397068125,111.93894291666668,1.6533206500000002,1.0686813870145404,0.12526197824046784,Oran,0.2375
2018-08-20,6.339003916666667,13.109257652083334,86.93091249574468,7.763040083333333,137.36222216666667,2.1332505510638295,1.1798629010871957,0.10115231779513835,Oran,0.2375
2018-08-21,5.6388665,11.713513105833334,88.29205337500001,8.9178630625,133.18356604166667,2.3997550416666664,0.8810846933563107,0.09426183431962014,Oran,0.2375
2018-08-22,5.1709935625000005,13.340607894791667,78.97353420833333,10.527331116666664,125.91181229166666,2.51451275,1.0039143468131204,0.11561873623679417,Oran,0.2375
2018-08-23,5.073907270833334,52.405490058333335,73.50366822916666,2.3492620958333337,129.53727376875,2.1351954375,3.791762452434534,0.412031679472292,Oran,0.2375
2018-08-24,5.707259645833333,41.53749534791667,59.25940717458334,4.619962041666667,127.210959375,2.40698595,2.9550439778643747,0.33882989984144896,Oran,0.2409
2018-08-25,5.1595349375,12.735564850000001,55.78510502083333,9.249569104166666,98.95928833333333,2.4741954145833334,1.106207444324487,0.1419641590613671,Oran,0.2409
2018-08-26,4.9576029791666665,7.370030021666667,90.82694624999999,9.292531895833333,128.49543172916665,1.9788607187500002,0.7572858428976659,0.061827606811338226,Oran,0.2409
2018-08-27,4.844023458333333,6.3033765187499995,98.05202183333334,8.859334604833334,135.10174552083333,1.9566679624999999,0.6939053593322871,0.049930736216248134,Oran,0.2409
2018-08-28,4.912907354166667,-7.689881083333333,78.73017579166667,1.2664340125000002,112.81747456250001,1.9901212458333333,1.2374890853987217,0.0,Oran,0.2409
2018-08-29,7.014131791666666,42.1976613375,40.9817971625,-0.32379089583333265,104.24940120833334,2.2064347708333334,3.064458111200208,0.40352274314688974,Oran,0.2409
2018-08-30,6.490891208333333,11.373981895833333,95.15653535416668,6.7172651666666665,137.97648270833335,1.7502992458333335,1.1790892888587272,0.08665282415098047,Oran,0.2409
2018-08-31,5.7086439375,9.605972372916666,90.46442183749998,9.568714622916668,134.07940166666666,1.9984090791666667,0.8140161354771103,0.07714978208690924,Oran,0.2409
2018-09-01,5.1287427291666665,6.493200558333334,101.34660674999999,4.125886895833333,130.20852583333334,1.9318358749999998,0.5679999077536556,0.05149956102641583,Oran,0.2409
2018-09-02,5.009299520833333,10.695895226729165,83.358576375,16.002428625,120.283973125,2.2018735604166664,0.888026414593303,0.10256747996985378,Oran,0.2409
2018-09-03,15.2446,57.38080540833334,2.8443118750000003,-24.841995070833335,57.80995785416667,1.7200674958333333,4.127320636780791,0.6942462141263837,Oran,0.2409
2018-09-04,15.339570208333333,45.49623759791667,38.183072708333334,0.6507871249999994,101.27639604166666,1.5453226858333333,3.6922006152057345,0.45213378669434423,Oran,0.2573
2018-09-05,16.80988,43.879217977083336,49.119584874999994,-5.448298125,122.12723770833333,1.88950464375,3.194765655248715,0.3439469620132173,Oran,0.2573
2018-09-06,14.117501249999998,33.72373252083333,59.694242895833334,0.4174872916666681,118.39346645833332,1.9569536458333334,2.432871332859398,0.2858525333635184,Oran,0.2573
2018-09-07,12.635137083333333,25.740806754166666,78.65513352083333,-0.6042015208333339,125.23280520833333,1.7030193666666666,1.8499070493475043,0.20455673114958503,Oran,0.2573
2018-09-08,11.939715416666667,91.71578549999998,-0.010719870833333209,-24.307502291666665,15.356247541666669,0.8874452002083333,6.743970122091391,1.5,Oran,0.2573
2018-09-09,12.086349375,28.486589470208333,24.875987639583332,-1.796333791666667,62.85939675,1.0240523083333335,2.1261372175407534,0.4405887804770911,Oran,0.2737
2018-09-10,25.79759208333333,149.244122171875,57.50369821875,3.305285208333332,119.11590554166668,1.08372898778125,7.64874415665094,1.2886911558051521,Oran,0.2737
2018-09-11,22.297551458333334,36.9563033173913,14.255411922826088,-4.183361125,49.48520097916667,0.9409582643478259,2.5398213284337428,0.6886024493382528,Oran,0.2737
2018-09-12,21.06154625,32.63514099166667,43.20574852083333,5.855954604166667,96.58430281250001,1.3925723104166665,2.3361351803004013,0.35970169893018233,Oran,0.2737
2018-09-13,19.458694166666668,39.31869972916667,49.15422554458333,7.697251860416667,127.04880625,1.8500991708333334,2.8814163098501373,0.32943600885853475,Oran,0.2737
2018-09-14,18.178491458333333,33.962395125,53.727330647916666,0.4187139583333333,108.18706677083333,1.6098458125000001,2.413293285319442,0.3151425649428755,Oran,0.2737
2018-09-15,18.470623749999998,46.46956791630434,12.83369897826087,-13.733779875000002,41.84966775,0.8637883565217391,3.3824638186154896,0.8360324863224844,Oran,0.2737
2018-09-16,18.68385239130435,35.31783151304348,52.401354019565225,8.31745360869565,133.30097260869564,1.335031347826087,2.452568552691786,0.282579909700282,Oran,0.2737
2018-09-17,17.497160833333336,27.303252377083336,50.37918360208334,-3.081274541666667,89.19023333333332,1.10138005625,1.9895272805937574,0.29590122678032954,Oran,0.2737
2018-09-18,16.731368749999998,18.699080332340426,45.686470080851066,7.748319708333333,98.50353033333333,1.297353444680851,2.252674413865719,0.2060386417877968,Oran,0.2737
2018-09-19,19.435741458333332,37.499725695348836,58.12907949069768,2.3969147916666667,130.33338216666667,1.4114939906976744,2.8142623624872787,0.29311209278142564,Oran,0.2737
2018-09-20,17.342938333333333,38.02127715729167,39.21009379791666,1.5276151249999994,102.67258833333334,1.7010345812499998,2.7934360440115036,0.37590871747009463,Oran,0.28185
2018-09-21,15.982329791666666,39.794724870833335,44.79680378333333,5.67988125,113.29491363125,1.9335260041666669,2.872775625053962,0.3697877888458161,Oran,0.28185
2018-09-22,14.853484166666666,36.5807146875,39.04451605541667,5.6752845729166665,105.41781156249999,2.207385777083333,2.6104422930868685,0.3667514328298533,Oran,0.28185
2018-09-23,13.932013541666668,34.8902621875,43.40375247916666,5.036707104166667,105.67345729166668,2.4244835291666664,2.4776714524364523,0.3466950405542178,Oran,0.28185
2018-09-24,13.151633124999998,32.96236285416666,42.222700583333335,5.680572666666667,103.14331833333334,2.3473766041666666,2.357365046942669,0.33820474303998754,Oran,0.28185
2018-09-25,12.621458958333333,25.509689577083336,67.07622220833333,1.3709014999999998,115.9703178125,1.4382270020833334,1.8549352884004529,0.2225987740419307,Oran,0.29
2018-09-26,12.374247916666667,18.04700170625,34.784956147708336,-10.634126666666667,59.31673863191667,1.1817004395833335,1.2726165819884496,0.2579954033337096,Oran,0.29
2018-09-27,12.215359166666666,18.270514935416667,41.3646887625,-2.403095145833334,77.50404435416667,1.3557386541666667,1.3172877498410198,0.22864683994121285,Oran,0.29
2018-09-28,11.967729375,22.69556338125,60.8065540625,-2.5039594791666677,107.78282166666666,1.6748973020833333,1.7749510896179035,0.20578679643609715,Oran,0.29
2018-09-29,11.662117291666666,22.145761495416668,47.89638548395833,-2.171855999999999,90.00720687500001,1.7864818854166669,1.601518018229236,0.24024719719105372,Oran,0.29
2018-09-30,11.319789375,23.993153070833333,40.1204686875,2.844071458333333,84.657355625,1.9054485687500002,1.7598302872015958,0.29326720367263914,Oran,0.29
2018-10-01,11.002647916666668,21.51848726458333,54.905352324999996,-4.5694752916666665,89.16603189583333,1.8227207229166666,1.5389803738467982,0.2295660194331664,Oran,0.29
2018-10-02,10.741930208333335,15.971637260541668,57.675767291666666,-8.515526333333334,82.66573125000001,1.5088347791666665,1.1326324503263154,0.17516359922920233,Oran,0.29
2018-10-03,10.530968125,17.703144156458333,48.43000463125,1.6158343124999994,86.89132458333334,1.8088015083333335,1.257221293983292,0.20759944153042664,Oran,0.29
2018-10-04,10.260512229166666,15.528690596041669,44.556024710416665,3.875618583333333,80.3589625,1.7641323562500002,1.1128228500130477,0.20303362537288036,Oran,0.29
2018-10-05,10.106200625,12.57715214375,46.82827431250001,1.5465984375000001,79.88638541666667,1.4518649083333335,0.9711125851407657,0.16054616215761106,Oran,0.29
2018-10-06,9.9868730625,24.28289078125,36.68836820833334,2.9259507916666667,78.70475872916667,1.865783375,1.7851136505879592,0.32044434904911373,Oran,0.28505
2018-10-07,9.77668675,17.131312286041666,46.0156433125,-6.116374708333333,71.871363875,1.738209841666667,1.2073749483213574,0.21966673989060606,Oran,0.28505
2018-10-08,9.627320458333333,11.587282276666668,58.487643966875,-1.6698978125000004,90.43727341666666,1.2403029333333335,0.8477877571164931,0.12580217286053663,Oran,0.28505
2018-10-09,11.0153360625,1.0718933145681815,6.928440095681818,-17.883366445833335,19.277302980833333,0.6421219068181818,1.503929853026312,0.028844833290300895,Oran,0.28505
2018-10-10,12.130368541666668,24.926104456250002,39.42862977083333,-0.24269610416666687,75.21821072499999,1.0184417145833335,1.785983955134562,0.3303181144202169,Oran,0.28505
2018-10-11,11.65619125,16.72828008333333,37.97144706388889,1.4907865000000005,51.06339379166667,1.111107886111111,1.3047144950492093,0.3374500757023005,Oran,0.2801
2018-10-12,11.274015416666666,14.800162465,42.23904547729167,3.554529916666667,77.45413125,1.1543321874999999,1.1711650111337073,0.200273914851611,Oran,0.2801
2018-10-13,10.904237083333333,17.414090872916667,44.1229620625,4.3667454375,83.03007143541667,1.2929790958333334,1.3821902400063022,0.22137496288140504,Oran,0.2801
2018-10-14,11.497642916666665,26.155118222222224,3.7753627333333335,-20.7571984375,38.36742375,0.7888861637777779,2.783689153726441,0.4423726910131847,Oran,0.2801
2018-10-15,11.932015,26.145362568750002,32.145586208333334,-12.753781791666666,59.030748125,1.0651879604166665,1.8349875466443155,0.364220015079874,Oran,0.2801
2018-10-16,11.484840624999999,18.673666068124998,40.128940199999995,2.822289172916666,80.53536889583334,0.9598392208333333,1.3291047123737696,0.24028987314240172,Oran,0.2801
2018-10-17,11.159531458333333,-13.853446233770832,46.51023956458334,-5.991442604166667,66.80317895208333,0.9473094354166667,0.998554854269785,0.0,Oran,0.2801
2018-10-18,11.150415,18.60661391111111,36.45478786111111,-6.131109645833333,53.921038687499994,0.7307964066666667,1.3570084894356476,0.3098409370440971,Oran,0.2801
2018-10-19,14.812120833333333,7.707934489473684,5.050556839473684,-7.593204958333334,29.0669600625,0.6185588125,1.3215455791825992,0.21025367684770102,Oran,0.2801
2018-10-20,16.192170625,18.917093247916664,15.794205514583332,-0.21341177083333326,44.88610825,0.8975620916666667,1.354235993020166,0.4194522078988441,Oran,0.2801
2018-10-21,15.105865,16.893034664583332,26.849918208333335,4.769656760208334,62.4511716,1.0782413520833332,1.191655708139564,0.2928673893448036,Oran,0.2801
2018-10-22,14.183824583333333,13.199636014583334,37.014357741666664,-3.103272312500001,72.31662390416666,1.0174614583333335,1.209938996187466,0.17501530334466853,Oran,0.27845
2018-10-23,13.569513958333333,14.030429537083334,30.724461920833335,-5.839369458333333,50.79251633333333,1.0577022270833334,1.0326357430186655,0.24774787808934134,Oran,0.27845
2018-10-24,13.021124166666667,13.484495388958335,42.40274914978723,-8.753394270833333,67.78467604166666,1.2577495872340425,1.1190828558410568,0.1761802372845567,Oran,0.27845
2018-10-25,12.455092083333334,12.785398275270834,41.32059191458333,-4.540666666666667,62.447035354166665,1.5251074333333334,0.9131149738381295,0.19086187299415863,Oran,0.27845
2018-10-26,12.163145416666666,9.751347865208333,28.25669192166667,-1.828544520833333,45.554770789375,1.2427706208333333,0.7289553423101031,0.20579707859967933,Oran,0.27845
2018-10-27,15.46771125,10.585514470588233,18.737406111764706,-15.257907354166667,42.02939919791667,0.5654486332352942,1.378459340168683,0.1847794059049417,Oran,0.2768
2018-10-28,18.387974375,29.608533257083334,33.586570389583336,-30.58146045416667,55.63998866666666,0.6533256020833333,2.068156564298004,0.34340101632470876,Oran,0.2768
2018-10-29,16.267299791666666,27.250809333333333,16.025324270833334,-24.837707447916667,36.256317708333334,0.7568924958333334,1.8962304032332304,0.44604704410355156,Oran,0.2768
2018-10-30,16.999357916666668,13.997151439024389,-15.504745058536587,-8.638917691666666,-3.7263410208333334,0.5896913787804878,1.41077240872592,,Oran,0.2768
2018-10-31,22.173568958333334,27.98148098787879,-1.0601244,-13.594154958333334,21.413190520833336,0.6285354848484849,1.627781342904098,0.7993031349529468,Oran,0.2768
2018-11-01,20.404507916666667,16.894677733333335,22.701241881874996,-5.301901497916666,50.017608208333336,0.673012175,1.2338391462333265,0.3054017980825411,Oran,0.2768
2018-11-02,19.800027916666668,15.010812662500001,0.8485326875000004,-0.7348272979166662,17.916931416666667,0.7781346124999999,1.0910724922620785,0.8047934187977368,Oran,0.2768
2018-11-03,18.843305,16.15952091875,28.396501618749998,-12.24390125,46.15752058333334,0.7453213604166666,1.225087959891074,0.2766973887188266,Oran,0.2768
2018-11-04,18.06764625,16.385809653520834,29.852856639583333,-6.644633833333333,51.938525,0.8701901187500001,1.1519597528221095,0.279701709157367,Oran,0.2768
2018-11-05,18.762865625,14.298741786969696,-11.115450546666667,-12.784054359375,0.00960328333333275,0.5461545181818181,1.2776656839169083,1.1176429904796754,Oran,0.2768
2018-11-06,20.106428541666666,25.74342477916667,8.673152125,-8.556733085416667,33.65833039583333,0.7202403416666667,1.8014383517928931,0.6098160859239433,Oran,0.2768
2018-11-07,19.439501458333332,15.667284323541667,19.96678054375,3.7573578125,48.5339756125,0.7702544104166666,1.1847185771638755,0.3498987885490017,Oran,0.31205
2018-11-08,20.95982875,0.02443204600000115,26.9048757625,9.727668229166667,48.31387846875,0.7261017045,0.9263339968315321,0.000633180761943233,Oran,0.31205
2018-11-09,25.775834791666668,55.28856563414634,2.287515731707317,-22.563882500000002,31.471789625,0.6951116560975611,3.289381855669387,1.0231864148233047,Oran,0.31205
2018-11-10,23.129667708333333,18.441989043750002,15.193505493749997,-2.0430530885416665,45.46321239583333,0.7646131604166666,1.3442657069808506,0.3882011952679304,Oran,0.31205
2018-11-11,22.423684583333337,16.372563924375,12.413235510416667,7.1149432625,50.2290454975,0.8995501041666666,1.3350399457282276,0.37974961962872006,Oran,0.31205
2018-11-12,22.181315416666667,14.674241969583333,8.124934729166666,-4.629955916666666,20.751896456249998,0.8185991666666667,1.2239147136846675,0.5781391268842643,Oran,0.3473
2018-11-13,21.950596458333333,7.766165576666666,5.762827949361702,-2.6998127291666667,16.605789206249998,0.7066410595744681,0.7590230925645711,0.4022752361022952,Oran,0.3473
2018-11-14,21.545163125000002,18.503830089583335,2.478359747916667,-0.7391789416666668,20.781063670833333,0.71332951875,1.3606316971622237,0.859833712043535,Oran,0.3473
2018-11-15,27.484972499999998,6.234249794117647,-4.541675925,3.7749655145833327,24.647101854166667,0.3976041617647059,1.0423167100020914,0.29868767109836253,Oran,0.3473
2018-11-16,29.080095416666666,29.473118238461538,2.2578879615384615,-1.1857225583333335,31.958582916666668,0.49118549589743593,2.4705668731199086,0.8892362599268354,Oran,0.3473
2018-11-17,26.608228333333333,26.143597145833336,14.832321650833334,-2.4775980000000004,38.77610575,0.67296821875,1.8593362697113043,0.6337272722048221,Oran,0.3473
2018-11-18,25.657777916666664,35.47164573913044,-1.2181578,-11.042839020833334,14.819039018749999,0.5872415717391305,2.4591295260088315,1.3715804275636407,Oran,0.3473
2018-11-19,27.28792270833333,31.41146819868421,-1.9436139236842105,-6.379643104166667,22.428266068750002,0.5342171289473685,1.7608517095780938,1.0903765354903034,Oran,0.3473
2018-11-20,26.5598375,19.266924025,-7.06169575,-14.108458395833333,2.164508062499999,0.6576826825000001,1.3321293723399261,1.18398351488849,Oran,0.3473
2018-11-21,25.953925416666667,21.655885372916668,-10.952062791666668,-7.639932770833334,2.823319916666666,0.7484794833333333,1.5409371964641998,1.5,Oran,0.3473
2018-11-22,24.76188625,13.806818956458335,2.5603108020833334,-7.3882782083333325,12.4808199375,0.65516125625,0.9801717465293948,0.6948890611501511,Oran,0.3473
2018-11-23,24.011332083333333,14.396910195833334,-3.5306565333333335,-11.5934153125,-0.07368681250000038,0.6131881895833333,1.117116013019859,1.2497612418411888,Oran,0.3836
2018-11-24,22.608367291666667,15.887916006875,18.6620920875,-20.0777384375,23.665839416666667,0.6099536020833334,1.1717530703223118,0.36320568152524,Oran,0.3836
2018-11-25,22.480095416666668,24.8778449125,3.1071595,3.978173491666667,41.95706766666667,0.7705480875,1.7600521116997339,0.6550439514607063,Oran,0.3836
2018-11-26,21.278232083333332,27.63293260416667,-18.369089291666665,-14.458425270833333,1.2929348541666663,0.7653072008333333,1.9305173744096997,1.5,Oran,0.3836
2018-11-27,20.65774083333333,15.781315622916665,2.9136028193750003,-14.657565833333335,14.431950083333335,0.7065939083333334,1.1418348020986744,0.5425087054774552,Oran,0.3836
2018-11-28,20.200656875,12.406934936250002,16.93278860145833,-14.333731645833334,20.967976916666668,0.6747323333333333,0.884306853366747,0.3514542338449175,Oran,0.4199
2018-11-29,19.68488770833333,14.977131238124999,13.491600848333334,-10.259020395833334,24.699591458333334,0.8802850958333333,1.0838515798040846,0.4284246554355074,Oran,0.4199
2018-11-30,20.072876875000002,4.9570502422222225,3.188256544444444,-4.51485535625,30.60087333125,0.5892802155555557,1.39381031106127,0.14116324585873574,Oran,0.4199
2018-12-01,19.59617666666667,13.710435448958334,3.404638625,-8.135548375,18.583934,0.7103473708333333,1.0305068661092185,0.5131250394950189,Oran,0.4199
2018-12-02,19.64592625,9.220650692708334,5.6538793541666665,-6.068439070833333,15.253331041666668,0.6891540520833334,0.7472289156278318,0.43245240165602755,Oran,0.4199
2018-12-03,19.279761458333333,4.525030922229167,12.924757413043476,-10.093460647916666,18.8592696875,0.5666727326086958,0.4836376562857665,0.15629030042440886,Oran,0.4199
2018-12-04,19.639846875,12.476486466170213,6.659888451085107,-0.2722933749999999,29.77231185416667,0.9209509170212765,0.9627480552503385,0.4152654485224623,Oran,0.4199
2018-12-05,19.518038333333333,12.746339374166666,12.104714016666668,-2.7395445004166668,26.80861479166667,0.9694510375000001,0.9191824443419825,0.43137507308557516,Oran,0.4199
2018-12-06,19.103785,12.489860766666666,11.59940961875,-8.103319041666667,25.214157229166663,0.8385009854166666,0.9669160195961248,0.37487415508720556,Oran,0.4199
2018-12-07,18.64968875,14.250293443750001,6.648835840425531,-8.610283995833333,22.033534875,1.1534597872340424,1.0617411905715224,0.46502994629410804,Oran,0.4199
2018-12-08,18.557973333333333,9.864992223541668,-6.610433222916668,-5.9919643124999995,7.440685541666666,0.7780397125,0.8183114524629733,0.7344040327591544,Oran,0.4199
2018-12-09,18.434982291666667,13.697352935916667,4.186408306250001,-4.773392554166667,22.004608750000003,1.0002069125,0.9740201538050212,0.5115151343944909,Oran,0.42925
2018-12-10,17.773496666666666,14.113095124791668,10.095581084583332,-14.0634521875,19.202952854166664,0.8987134750000001,1.0091088410127322,0.4242446728798861,Oran,0.42925
2018-12-11,17.467388333333332,10.777897113125,-1.7369566416666666,-5.929111104166666,14.855683645833333,0.8574555187499999,0.8530058228261201,0.5185471996602228,Oran,0.42925
2018-12-12,17.5167525,2.531221427659575,3.4487637978260874,-1.9190138624999997,23.599882624999996,0.6514255608695652,0.6257640619334505,0.09919008170668553,Oran,0.42925
2018-12-13,21.785652916666667,301.0801672925926,-55.412643396296296,-7.059258964583333,11.379839062499999,,12.53049671490072,1.5,Oran,0.42925
2018-12-14,23.888323749999998,21.251909283333333,-6.2761725,-14.607851333333334,12.288970358333332,0.6438814895833332,1.4832668660690949,0.7901271580321226,Oran,0.4386
2018-12-15,22.547978333333333,13.876458645833333,-0.8389935831249997,-3.9898982291666667,22.27320875,0.6579637333333334,1.0600996191709815,0.5283631771686762,Oran,0.4386
2018-12-16,22.261403125,16.203281744042553,-2.6149999297608697,-1.1383673708333337,30.49734054166667,0.6763570630434783,1.2231613200738294,0.5121833147802032,Oran,0.4386
2018-12-17,21.58997875,10.522926731250001,4.918347271458334,-11.8987678,17.470115133333334,0.6415928895833333,0.8900210235657132,0.3583019059709147,Oran,0.4386
2018-12-18,21.177758541666666,3.9089495710256412,-0.4765428961538469,-5.358006956250001,13.983295720833333,0.6161094110256411,0.5903324175011844,0.20210373811362692,Oran,0.4386
2018-12-19,21.15843729166667,13.658515425,-0.45016282916666644,-2.6691456708333337,16.157145133333334,0.6942696,0.9818847203654286,0.7255022015264458,Oran,0.4386
2018-12-20,20.74635041666667,9.089212483333332,10.042950429166668,-7.9421533124999995,17.494366501875,0.5544728520833334,0.7117496039617153,0.3573292474624113,Oran,0.4386
2018-12-21,20.38105416666667,3.125014388,7.968436969268293,-9.349020229166667,6.659229395833333,0.5869214853658538,0.3501445164938344,0.19521274725249668,Oran,0.4386
2018-12-22,20.662065208333335,33.28247577419355,-7.137874722580645,2.1451256041666666,27.220039933333336,0.4104669019354839,1.7830482054172534,1.3273216146337934,Oran,0.44584999999999997
2018-12-23,20.810386458333333,5.750934957608696,13.913242457954546,-10.484363020833333,40.505054625,0.9109224136363636,0.6599431496815389,0.11278683348678412,Oran,0.44584999999999997
2018-12-24,20.464175625,14.128576177391304,14.642382363414635,-10.468459604166666,36.15947833333333,0.6788419341463415,1.0491943263814378,0.30300666944202465,Oran,0.44584999999999997
2018-12-25,20.150751875,13.900630849999999,-3.542430699375,-7.162119229166667,10.3734886275,0.7344192770833333,1.0029346855803332,0.7927088107593188,Oran,0.44584999999999997
2018-12-26,20.045625416666667,12.04959716375,0.40241562499999933,-5.006438395833334,16.273848958333332,0.6651216541666667,0.9122024847119093,0.5662328221047587,Oran,0.44584999999999997
2018-12-27,19.607737916666668,9.495019845833333,15.280628568541667,-11.122783208333333,18.629611937499998,0.5847403395833333,0.7094654164771694,0.3191346377087581,Oran,0.44584999999999997
2018-12-28,19.20899125,6.870602653125,15.349459965869565,-11.315668075,19.240536583333334,0.4627649260869566,0.6232716099484498,0.2248513102313981,Oran,0.44584999999999997
2018-12-29,19.461429791666667,4.849185441854167,3.0747863466666665,-2.823428958333333,14.834198412500001,0.5655479395833333,0.40290110365694676,0.2746227077973112,Oran,0.44584999999999997
2018-12-30,19.014658125,7.370748901739131,19.275263535348838,-14.607075104166666,18.900597708333336,1.1782087046511627,0.7565285036721375,0.2199719730756557,Oran,0.4531
2018-12-31,18.43379416666667,10.653600308958334,12.673359302083334,-11.278048937500001,18.143296604166665,0.77638746875,0.793254098331128,0.3621044555515195,Oran,0.4531
2019-01-01,18.099977916666667,13.433451038500001,10.023530152083334,-9.666425875,21.101633520833335,0.8194880791666668,0.9521008982327581,0.4366037800979799,Oran,0.4531
2019-01-02,17.831440833333335,13.872377127083334,11.616961729166666,-10.788271583333334,21.382806666666667,0.7473904958333333,0.9861471141213878,0.43120647120627154,Oran,0.4531
2019-01-03,17.319708125000002,8.482845645875,9.253648852291667,-7.967841479166666,18.946037770833332,0.6069255250000001,0.703308127594986,0.31518479989743586,Oran,0.4531
2019-01-04,17.723066666666668,13.208581856206896,24.371680950000002,-8.747281904166668,40.360705875,0.7031234185714286,0.6997061103947187,0.2689701299838321,Oran,0.4531
2019-01-05,16.838653333333333,12.420323807499999,4.754644460416666,-9.574707291666666,18.158418958333332,0.7960993479166667,0.912387577194648,0.44785155829664175,Oran,0.4531
2019-01-06,17.25817041666667,13.282121067354167,3.076138485416667,-8.4644048125,16.798774375,0.864111475,0.9317793884967491,0.5257501824602521,Oran,0.4531
2019-01-07,16.430510833333333,10.167186367957447,16.367544529787235,-11.129592333333333,24.413490291666665,0.7411341234042552,0.71152477674154,0.2860524641384407,Oran,0.4672
2019-01-08,15.991733125000001,10.413714350895834,14.138854276875,-8.885541166666666,22.914557083333335,0.7579209395833334,0.7298828116602327,0.32747428228137104,Oran,0.4672
2019-01-09,16.773959166666668,12.138984475,-19.145403666666667,0.7479271812499997,15.988843750000001,0.9020776375,1.013338631543977,0.7964733892638578,Oran,0.4672
2019-01-10,16.246950208333335,12.75494618923077,13.757119999999999,-13.631501375,14.601035833333333,0.8292770263157895,0.7210530038665032,0.4517817897523543,Oran,0.4672
2019-01-11,14.460010833333333,1.0574492184444444,29.8649162,-15.269744645833335,18.177521875,,0.0181248419909305,0.031615415202488666,Oran,0.4672
2019-01-12,14.342192500000001,9.962818063636364,28.499195757575755,-9.218032552083333,27.088404458333333,,0.4793389404106044,0.2744091374424303,Oran,0.4813
2019-01-13,15.492782708333335,9.90644467,-11.449796604166666,1.8812110624999996,17.70015025,0.8537989604166667,0.7272577567061937,0.6262395064915601,Oran,0.4813
2019-01-14,15.76115375,13.672251145833334,-14.721420910416667,4.848338891666667,21.364169875,1.0487621458333334,0.9613987309084456,0.8278270200046519,Oran,0.4813
2019-01-15,15.251179583333332,11.813192039583333,7.912270504166667,-4.835616458333333,23.346553895833335,0.80298090625,0.8666801963998931,0.41917254388595304,Oran,0.4813
2019-01-16,15.115665,9.340977090930233,12.962121682500001,-3.4429587291666657,27.83756807083333,0.6703009824999999,0.6861483389373771,0.29861955812490454,Oran,0.4813
2019-01-17,15.085133333333333,8.512851566304349,11.104891023255814,-2.378763620833333,25.385978291666664,0.682854623255814,0.6857468639642826,0.3066065441246464,Oran,0.4813
2019-01-18,14.914356458333332,9.04742823787234,15.971131075555556,-8.420253125,23.34443657916667,0.7000731444444445,0.6967870294013176,0.28482658959157287,Oran,0.4813
2019-01-19,14.879498750000002,9.190053848958334,8.866919854166667,1.803266835416667,33.43797100416667,0.7064576333333334,0.7554380846788441,0.2905054461687247,Oran,0.4813
2019-01-20,18.155736041666668,-1.1153569323529409,-18.82305238235294,-1.4500540708333334,12.9822981875,0.5849173882352942,0.8170575205429447,0.0,Oran,0.4813
2019-01-21,18.312185,16.965085078125,4.172440791666667,-10.740751572916666,22.552484588125,0.6279114541666666,1.2198937063815896,0.5095655164329391,Oran,0.4813
2019-01-22,17.524260833333333,19.21624492307692,6.515031384615385,-5.3194055,24.60142270833333,0.6787816871794872,1.1357376244618336,0.6422363976450676,Oran,0.4813
2019-01-23,18.474507,8.684400700000001,-40.77581655,-8.65230613,-39.036015750000004,0.48520914500000006,0.2739298517641998,,Oran,0.52295
2019-02-27,13.456249545454545,33.792702895,43.64854515454545,2.4268841363636366,126.82763954545455,1.686769968181818,1.101845095001533,0.27164387212821145,Oran,0.5419499999999999
2019-02-28,12.784447916666666,29.66394058541667,22.052137708333333,2.7760163749999998,76.44213597916666,1.4226288791666666,2.0892299469362814,0.40268091688297414,Oran,0.5419499999999999
2019-03-01,12.819482916666667,27.558250285416666,21.818866697708334,4.754930972916667,78.17278041666667,1.3300820770833333,1.9442602513378353,0.37536172053814737,Oran,0.5408
2019-03-02,12.849369583333333,28.379319350416665,17.178667083333334,3.2918741458333334,75.63672860416666,1.3895275458333332,1.9939380549616805,0.3922783391147963,Oran,0.5408
2019-03-03,12.591420833333332,30.645478802499998,24.148092710416666,3.096479941666667,81.22320802083333,1.5277438666666667,2.16243732724097,0.39225345225575814,Oran,0.5408
2019-03-04,12.539385625,24.88876174375,15.503910437499998,2.584081458333333,64.42209670833334,1.3056919791666668,1.7767451895078308,0.4024831916601656,Oran,0.5408
2019-03-05,13.605081875000002,45.457856709285714,2.8838784490476193,-2.023468020833333,51.92586283333333,0.8368114904761905,2.8294861453447187,0.8426027902397026,Oran,0.5408
2019-03-06,14.2418475,46.829564272727275,3.8161594159090915,-3.232027308333334,49.74650760416667,0.9054241113636363,3.005759243923969,0.8839346793955618,Oran,0.5408
2019-03-07,14.105993958333334,37.2849602125,29.590609004166666,-9.636522433333333,83.70724300166667,0.8550524062500001,2.6188054007055737,0.39943707047540755,Oran,0.5408
2019-03-08,13.444556874999998,22.433487770416665,27.62059863125,-3.1862066666666666,73.81043920833334,0.8407663479166667,1.6009050372957967,0.2913566885346701,Oran,0.5408
2019-03-09,13.205779999999999,29.398543809166668,41.953483168958336,1.7306829104166672,99.59679308541666,0.9990168708333333,2.078384666313131,0.30039554812792135,Oran,0.5408
2019-03-10,13.068004166666666,33.37460057125,33.28718158333333,7.709654999999999,101.70783897916668,1.3040998604166667,2.3502347876779464,0.35505580170194556,Oran,0.5408
2019-03-11,13.042995833333334,26.438399797291666,27.050098833333333,4.500637816666667,93.26390039583333,1.1203417312500001,1.8828251579362678,0.29785295210066937,Oran,0.5408
2019-03-12,12.75902875,35.14067189208333,17.726842191489364,4.9156506875,87.70922979166666,1.3822439255319148,2.5292997887556687,0.42443716375482615,Oran,0.5145
2019-03-13,12.720326458333332,29.030211716666667,13.049573958333333,-5.887225,67.68338854166667,1.1835335541666665,2.0355350902239673,0.39458977326898903,Oran,0.5145
2019-03-14,12.011107916666667,29.444666752083332,40.085903375,-1.3901917083333333,94.76214191666666,1.1965972458333334,2.061091110975104,0.3062293513012314,Oran,0.5145
2019-03-15,11.892272916666668,29.50121462066667,38.00017930229166,4.914910166666666,98.85836862500001,1.5176080562499998,2.1011375763743243,0.3140316005478052,Oran,0.5145
2019-03-16,11.834480833333332,32.750552325,27.019941791666668,5.901650520833333,99.61997114583333,1.735272285416667,2.3129093509774825,0.3494573110848464,Oran,0.5145
2019-03-17,11.806162708333334,33.2104590625,20.05382585,4.248388354166667,95.28357745833334,1.7723527708333333,2.3376444633010975,0.3648090303245161,Oran,0.4882
2019-03-18,11.432371875000001,17.983214870833333,37.842038770833334,-3.7301478541666664,80.18514708333333,0.9495501333333334,1.3261123329076527,0.21430199207697725,Oran,0.4882
2019-03-19,11.323644999999999,18.33584623125,39.41358858125,-3.653496964583333,75.2627388125,0.9347849854166667,1.3356816679532049,0.23234567704222137,Oran,0.4882
2019-03-20,11.094706041666667,13.64408311125,32.62355842708333,-6.6681885625,53.732207916666674,0.8197801124999999,0.9800623714725338,0.22589393293065752,Oran,0.4882
2019-03-21,10.871661875000001,13.66722798125,70.37342412954546,-5.198800562500001,110.08454229166666,0.9301508181818182,0.992364924745189,0.11855336289596523,Oran,0.4882
2019-03-22,10.766044458333333,13.966668722386363,66.69114728181817,1.1499563750000001,108.19137820833333,0.9644803113636364,0.9107655725859335,0.130479103165622,Oran,0.4882
2019-03-23,10.774835833333334,11.098790363541667,29.401708045625,-2.4899498333333336,53.18250195833334,0.9185426187500001,0.7895631408654459,0.19935874936988116,Oran,0.4882
2019-03-24,10.703262500000001,17.905292576086957,64.29677115,5.1099713895833325,106.39892347916667,1.1637091113636364,1.2866041576626883,0.17677438858535052,Oran,0.4882
2019-03-25,10.6485283125,21.48205492979167,52.87607443770833,5.643695416666667,108.89907854166667,1.3258142895833331,1.5160385947893278,0.2080477964406533,Oran,0.4882
2019-03-26,10.507806416666666,16.47875142575,62.76746114583333,0.40930320833333367,115.67921729166666,1.1085031625,1.3064804025361083,0.14295795704191155,Oran,0.4882
2019-03-27,10.3303329375,17.478239406521737,65.14268874318181,-1.493683141666666,114.90246854166666,1.1432950613636363,1.2408534021843647,0.1501616604479582,Oran,0.4882
2019-03-28,10.1029491875,17.420861118636363,66.53951555581396,0.5265242916666657,114.70906458333333,1.1987997162790698,1.1318974703553768,0.15257027102512083,Oran,0.5071
2019-03-29,10.062631583333333,15.11297455952381,78.62049171428572,0.11532356250000042,110.293119375,1.0265088047619046,0.9672011646939785,0.13716896810354592,Oran,0.5071
2019-03-30,10.078297229166667,14.700540635416667,71.98261558333333,6.9368559375,121.68089541666667,0.9948986249999999,1.067226135857027,0.12811594137825127,Oran,0.5071
2019-03-31,19.822795833333334,26.995545556521737,-6.525882569565217,-6.2246610250000005,21.208057008333334,0.31940729565217396,1.4193078814298767,0.9840638293194137,Oran,0.5071
2019-04-01,26.052782708333336,20.741935299999998,29.273727431999998,8.392561687499999,105.08669337708334,0.3820584203333333,2.305847328846496,0.21451079747618731,Oran,0.5071
2019-04-02,26.607078333333334,47.29889244102564,45.39653025384615,3.4205240833333335,135.403187375,0.7915301002564102,2.9242568038409873,0.3583720108488831,Oran,0.526
2019-04-03,23.324161875,55.079653479166666,40.112900958333334,-0.16817918750000085,124.96619575,1.1384631791666666,3.8980553962432367,0.4401640516978402,Oran,0.526
2019-04-04,20.33199,40.764143873125,53.82623317708334,-4.465692145833333,131.48959552083332,0.9408914895833332,2.8723170639841733,0.29983492788504096,Oran,0.526
2019-04-05,20.010369583333333,26.28446602777778,3.5585004583333335,-17.070807708333334,28.598219479166662,0.6605712836111112,2.4426252610436805,0.5755424988551555,Oran,0.526
2019-04-06,20.521438333333332,66.95741021621622,33.017851351351354,-8.079124229166668,86.74618229166667,0.6652730459459459,3.731353262693853,0.7061133011102424,Oran,0.526
2019-04-07,22.445455416666665,35.83903552564102,47.8743433051282,5.642309604166667,123.00429119375,0.7000083230769231,3.068610452629291,0.30537176554304174,Oran,0.526
2019-04-08,22.890779374999997,16.07718059090909,23.770620486363637,7.005919791666667,94.46866043749999,0.6620302018181817,2.079434068776935,0.1838174801314667,Oran,0.526
2019-04-09,22.396810416666668,43.701948506818184,38.85039220443181,-5.337747125,102.38201166666666,0.7779138709090909,3.333065483976431,0.40570039328939733,Oran,0.526
2019-04-10,23.2012625,70.71042935483871,-2.6272667290322578,-9.215995770833333,49.17951295833333,0.4112557741935484,3.3376756644513095,1.2108881469427313,Oran,0.526
2019-04-11,23.492470208333334,48.29051913958333,45.24525045833334,6.017244020833334,136.98935925,0.8873948979166666,3.385094347258738,0.3687084006781723,Oran,0.526
2019-04-12,21.116393541666667,43.694829632083334,54.326260749999996,3.2045661666666674,149.64115731249998,1.0248599666666667,3.0591783661673473,0.29838737224201367,Oran,0.526
2019-04-13,19.165427083333334,50.78422172583333,52.112627500624995,5.9132163958333335,154.86000260416668,1.2684644145833333,3.572503364823228,0.3409554715386805,Oran,0.52185
2019-04-14,17.692111666666666,57.460697170833335,32.263273416666664,16.2654417,148.8894625,1.51395928125,4.04979822024266,0.43326010495101297,Oran,0.52185
2019-04-15,16.110902916666667,61.81020680638298,33.513081006382976,11.003884249999999,130.36183117708333,1.457195565957447,4.271345459411501,0.5178558143610102,Oran,0.52185
2019-04-16,14.986430208333333,50.291543079375,46.253327291666665,8.516038843749998,150.20530541666668,1.2693898979166667,3.5386249363867632,0.3549425040851191,Oran,0.52185
2019-04-17,14.0469125,37.37276478541667,60.82743709375,0.03325575000000006,127.5697144375,1.0591345604166666,2.6381036167236394,0.29303593003934975,Oran,0.52185
2019-04-18,19.319745,10.44637912,2.1365827100000003,-11.84000723125,7.650606541666666,0.487238709,1.9376423090867596,0.5359697360847531,Oran,0.5177
2019-04-19,30.893216666666664,-7.8242012421052625,-0.10467737368421051,-11.620770077083334,14.800751704166666,0.2780740415789474,0.1722999209711889,0.0,Oran,0.5177
2019-04-20,31.784564791666668,-140.98558987179487,-11.561742974358973,-11.0096721125,16.78982584583333,0.34986008461538465,11.191488992238744,0.0,Oran,0.5177
2019-04-21,29.229681041666666,7.413904961538462,-2.5068589538461534,-8.13038291875,7.791392208333334,0.8665901730769232,0.4911618669309577,0.4656456269707783,Oran,0.5177
2019-04-22,29.813428958333333,36.01536148214286,30.9066646,6.985118212500001,77.22855008333333,0.9339924321428571,1.9489285315274822,0.5127221225234192,Oran,0.5177
2019-04-23,28.62487,47.354038935714286,-6.626697630952381,-3.7715718124999995,48.9782501875,0.9142424814285715,2.955394162086478,0.8977099284944371,Oran,0.5177
2019-04-24,25.640906458333333,58.27214405625,65.57147463125,16.042153375,178.61376756250002,1.1416823979166666,4.094951016149567,0.35843984417256586,Oran,0.5177
2019-04-25,27.936395833333336,95.24544540625,0.4553440624999998,-0.7300084189583337,71.60428312500001,0.7397872299999999,4.436434771358632,1.3167398667113273,Oran,0.5177
2019-04-26,26.787657291666665,58.415080790416674,57.70032770416666,10.57130050625,169.27051704166666,0.9991622520833333,4.091385902741538,0.3680867622769913,Oran,0.5177
2019-04-27,24.415728541666667,58.30017635895833,56.916475112499995,13.391975729166667,177.79248979166667,1.2160033812499997,4.1073145497295,0.3546228349188397,Oran,0.5177
2019-04-28,22.78480375,66.0592779375,41.870505,15.353569145833333,169.7572900625,1.4147015416666666,4.659220914517146,0.42783475388622855,Oran,0.5177
2019-04-29,21.085381458333334,64.49666527083333,46.4592465625,10.917610937500001,168.97400510416668,1.3729432833333335,4.541507873235649,0.4080610949710971,Oran,0.4439
2019-04-30,19.553774999999998,67.24681657645833,50.827481729166664,14.730862229166668,182.43440035416666,1.28775254375,4.780700490315893,0.4009862721341934,Oran,0.4439
2019-05-01,18.503,37.123854916666666,54.27857368541667,2.391285875,122.73475277083334,0.9819805395833333,2.6472328453891034,0.30848251155004747,Oran,0.4439
2019-05-02,18.082506875,68.30913025,60.70305663958334,11.0919434375,184.34075085416666,1.2649728464583334,4.953878903334896,0.3942834081721281,Oran,0.4439
2019-05-03,20.932100833333333,65.66606557555555,39.13967233555556,2.1707048333333328,113.49018610416665,1.096998991111111,4.325988620963443,0.5898883540051191,Oran,0.4439
2019-05-04,23.883443125,68.36676405106384,60.27265665723404,3.074689770833333,189.90179435416667,1.246530395744681,4.738335025067131,0.36593600379097657,Oran,0.3701
2019-05-05,21.398725833333334,62.0799717525,53.239922489583336,6.8817336666666655,164.4385975,1.376606252083333,4.3865566322134635,0.3940162950829574,Oran,0.3701
2019-05-06,19.565721666666665,66.96387403095834,50.122011818541665,13.175432458333333,167.32591425,1.3955622229166667,4.752314033382072,0.4344058692042206,Oran,0.3701
2019-05-07,18.095996875,77.1988798125,33.00556254166667,9.629174354166667,156.10919770833334,1.6640676187500003,5.466478538918784,0.5270266760256087,Oran,0.3701
2019-05-08,16.899332291666667,63.73094435833334,59.93238639583333,6.052112666666667,158.12166158124998,1.4234992499999999,4.489743405497624,0.4190907700668638,Oran,0.3701
2019-05-09,17.702257708333335,77.97517571714286,41.70489837142857,3.4372120416666667,116.35057570833334,1.2033087714285715,4.004016511232305,0.6905752621747645,Oran,0.3701
2019-05-10,17.16324375,70.49859210208334,55.75632632083333,15.192662916666668,193.88150879166668,1.5191465708333332,4.994202095328405,0.3945326959658127,Oran,0.3701
2019-05-11,15.643732083333333,77.3431704125,52.33821125416667,11.228787166666669,190.61529458333334,1.7500526583333333,5.51531738577306,0.43115377809799593,Oran,0.3701
2019-05-12,14.528034583333332,63.20497514583334,65.79458840208333,7.893351937499999,189.7420508125,1.6047913145833335,4.473623439352979,0.347569025991654,Oran,0.3701
2019-05-13,13.68370375,57.284833325,70.99465340208333,8.094293208333333,189.64579949791667,1.4962775875,4.048970459361821,0.3155293750833879,Oran,0.3701
2019-05-14,12.955799999999998,57.51843106250001,82.75409497916667,8.143782291666666,190.1092681875,1.5385541520833335,4.106343333625287,0.31609527916423996,Oran,0.3701
2019-05-15,12.266897291666666,70.27609977541667,45.665045541666665,12.871436666666668,182.49910291666666,2.2514195,4.984615838202949,0.4142962131651485,Oran,0.3183
2019-05-16,11.680537708333333,48.63899630625,91.55445898958334,9.575879979166666,190.07304264583334,1.4142211979166668,3.447551009281698,0.26947235949672027,Oran,0.3183
2019-05-17,11.215269791666666,43.41528381041667,74.62329004583333,-4.307819625,153.717868125,1.4123337,3.051618793243512,0.27473561057427937,Oran,0.3183
2019-05-18,11.008536666666666,34.3676668875,59.093138418749994,-5.573972804166666,120.78406702083333,1.3304428604166667,2.4126039346402197,0.2719863883224021,Oran,0.3183
2019-05-19,10.815854166666666,35.87331746875,84.20821964645833,4.151737674999999,165.25734,1.3157233645833335,2.5242081594535226,0.22266958411776636,Oran,0.3183
2019-05-20,10.606573181818181,17.00599975,22.280360363636365,-13.420651818181819,23.521458636363636,0.9726681181818181,0.5469175255313257,0.46034185759161295,Oran,0.2665
2019-05-22,10.578615625,47.907146368125005,64.370008,11.634265125,162.2609454125,1.570184525,3.3792121270681292,0.31805219551201025,Oran,0.2665
2019-05-23,10.285327291666666,39.75409460416667,31.138742520833333,8.864188416666666,109.19297310416665,2.0015534374999997,2.8105584348852823,0.39623817559428337,Oran,0.2665
2019-05-24,10.30826375,32.97418576,30.627965722222225,-1.2992936208333337,86.64434443541667,1.458292508888889,2.176996525270062,0.37494680102850914,Oran,0.2665
2019-05-25,11.082149791666666,40.67644518479167,75.47388427083332,3.84172325,162.10510250000002,1.3295034645833332,2.883874970777209,0.2570174185434099,Oran,0.2665
2019-05-26,10.773587916666665,37.20524770833334,98.16576525770834,12.1511646875,197.56824520833334,1.5659099875,2.6674718086808586,0.2006570678592525,Oran,0.2665
2019-05-27,10.1420835,37.97460906458333,89.24375791458334,13.282578541666666,189.90066608333333,1.8244845916666665,2.7161213212598665,0.21500973990347727,Oran,0.2665
2019-05-28,9.607441333333332,38.88499605854167,94.93266626041667,10.222919041666666,188.86268735416664,1.9364759604166668,2.7630269452970295,0.2176726740404128,Oran,0.2665
2019-05-29,9.123077604166667,26.31229681666667,102.80678352916665,7.450536125,191.60389916666668,1.6672907062499998,1.9188701020117636,0.14288252129673695,Oran,0.2665
2019-05-30,8.674743520833333,30.1600576875,106.52815479166667,10.257461895833334,187.83604125,1.768635247916667,2.1282604525563085,0.1698406294114343,Oran,0.2665
2019-05-31,8.2936505,28.23265767291667,105.58529941666666,11.0760224375,189.48367770833332,1.8695847125,2.0080009229427516,0.1582480170486958,Oran,0.25265000000000004
2019-06-01,7.919345458333333,29.169174479166667,98.00914547916666,11.521757875,187.5123599375,2.151183452083333,2.064396063223923,0.1657427961341239,Oran,0.25265000000000004
2019-06-02,7.5500627499999995,32.03599552083333,93.26397110687499,12.654011542291665,182.53850456249998,2.4679082708333335,2.2695086465206047,0.1885751604004407,Oran,0.25265000000000004
2019-06-03,7.2301334375,27.258006229166668,59.44226210416667,10.117384020833333,125.76887097916666,2.6109020625,1.9334677353926153,0.23569092751040133,Oran,0.25265000000000004
2019-06-04,7.006764729166666,33.034573625,74.19408489583333,16.516722458333334,172.94809202916667,2.8361271041666667,2.3483687309710852,0.21117614526823975,Oran,0.25265000000000004
2019-06-05,6.730644895833334,18.990021285416667,104.57490572916667,2.4516985625000003,164.691767875,1.9078133541666666,1.348171725941968,0.11704889775927602,Oran,0.2388
2019-06-06,6.519677208333333,19.62677566875,106.44816908333333,9.058987520833334,175.438954375,2.0022596770833334,1.3965305613681487,0.1179635748211984,Oran,0.2388
2019-06-07,6.382819729166666,17.752811321666666,118.56966179375,4.040359029166668,172.11528270833332,1.7890302333333334,1.3212828394614675,0.10562439020085168,Oran,0.2388
2019-06-08,6.253985749999999,15.061265301041667,122.55844712083332,9.196052083333333,177.64711291666666,1.6829586250000002,1.1075914964611895,0.08941033215542282,Oran,0.2388
2019-06-09,6.2412269375,18.86075070125,67.76234947708333,5.8517890625,123.5489416875,2.0825764166666665,1.3423970458263763,0.16024814772998847,Oran,0.2388
2019-06-10,6.0341138333333335,18.218393458333335,94.94165227083333,13.0555210625,171.6526895833333,2.34702375,1.3033288074068632,0.11487212305395078,Oran,0.2388
2019-06-11,5.8541000625,15.46118595875,95.91055941666667,6.654268820833334,150.77723541666668,2.0379921249999997,1.115608936238104,0.10727773875282545,Oran,0.2388
2019-06-12,5.819536437499999,12.948683285416665,123.41328120208334,3.8432105833333323,162.48675385416666,1.4826226541666665,0.9714982026413425,0.0816212435655885,Oran,0.2388
2019-06-13,5.825651729166666,15.415873118124999,96.12808264583333,9.19574970875,154.98388445833334,1.5992050604166665,1.1053922085036263,0.10574161707058304,Oran,0.2388
2019-06-14,11.686257625000001,74.54042015454546,91.15591906818182,6.47717568125,202.5144405625,2.113567847727273,4.830200610547815,0.38023597299063766,Oran,0.2388
2019-06-15,12.074761458333334,34.80195697916667,102.00270082291667,1.485455232291666,189.69802645833332,1.8832561250000002,2.4534543233946833,0.18490771765383207,Oran,0.2388
2019-06-16,10.773165208333333,22.581428583333334,80.66500858333333,0.711730170833333,127.77172120833335,1.8217884583333332,1.594426195087835,0.17772257339974734,Oran,0.22685
2019-06-17,9.725891125,26.27715974375,91.5749843125,16.094782187499998,179.320244875,2.366371125,1.868864182848419,0.16098689083858445,Oran,0.22685
2019-06-18,8.470982604166666,23.307285804166668,95.10945716666667,14.679880500000001,178.91895183333335,2.594633375,1.6796105879964174,0.14191072571801802,Oran,0.22685
2019-06-19,7.504769270833333,26.171444251041667,91.80336967916666,9.770945083333332,181.83906083333332,2.5565689375000002,1.8706531625193377,0.15209932495028017,Oran,0.22685
2019-06-20,6.828241062499999,19.9647530275,87.30541260833333,13.466051395833334,161.07570729166667,2.477074395833333,1.4359609324397493,0.13525370617752086,Oran,0.22685
2019-06-21,6.4318435208333335,17.001076229166667,71.34832866666666,7.985508166666666,131.76231312500002,2.2249478125,1.3361502123205609,0.13735268279779633,Oran,0.2149
2019-06-22,6.1613479375,18.21760580625,101.94327553749999,10.708184166666667,161.256214,2.160455708333333,1.3124372591239148,0.12100859656827191,Oran,0.2149
2019-06-23,5.907399083333334,22.35020685041667,100.80978229166668,14.280456854166665,175.326436875,2.74860475,1.59087662894634,0.13878152591902873,Oran,0.2149
2019-06-24,5.5417415000000005,17.377590849375,89.22328710208335,13.618792104166666,166.29109416666668,2.6507633124999996,1.2413610564308406,0.11382281274740373,Oran,0.2149
2019-06-25,5.5165589375,18.725751947916667,92.06207697916666,17.265211270833333,174.2178854583333,2.7104446458333333,1.4485851873369644,0.11930826948221582,Oran,0.2149
2019-06-26,5.380208770833334,17.753468708333333,106.46146276458335,13.854611377083332,179.8433949375,2.2351041416666666,1.3849207679956834,0.10695583356613622,Oran,0.2149
2019-06-27,5.217310854166667,23.066908235416665,83.25721195833333,12.026545208333332,151.54409208333334,3.0797518333333334,1.7102762508934477,0.16533338459629984,Oran,0.2149
2019-06-28,5.105377520833334,17.752758557916668,81.73543585416667,15.691448333333334,163.78781520833334,3.3345061041666666,1.3858171920413274,0.11987301871423217,Oran,0.2149
2019-06-29,4.925701083333333,23.909765252083332,71.11724431914894,16.200323333333333,158.68102525,3.7598350851063826,1.724134691856575,0.16781055209896104,Oran,0.2149
2019-06-30,4.728875270833333,23.122534760416666,77.20247514583333,15.694560020833334,154.66915833333334,3.7187885416666666,1.6533769466971286,0.16637957613248897,Oran,0.2149
2019-07-01,4.5592772083333335,20.591815008333334,61.40619807708333,8.660495,121.19884166666667,2.9571618749999997,1.6657528802233883,0.18297598657038502,Oran,0.2149
2019-07-02,4.724898270833333,13.224828275,106.13111654791668,14.671494937499999,174.73219500000002,2.0973942083333332,1.1506149205442526,0.08262383127048682,Oran,0.21115
2019-07-03,4.6261706875,18.77430915875,98.36699364583332,13.043894979166668,169.222040625,2.6263231666666664,1.3401421286987667,0.12021085972761311,Oran,0.21115
2019-07-04,4.493580125,13.087316766666667,93.42231468541667,10.848121520833333,155.85937854166667,2.456479520833333,1.0003154932024096,0.09025035045925056,Oran,0.21115
2019-07-05,4.51952525,16.737913420833333,83.30456963125,14.65264879166667,163.96661187499998,2.5396408374999995,1.3278493298396914,0.11209878215804754,Oran,0.21115
2019-07-06,4.48195825,34.12073551291667,39.126956229166666,3.9093819645833325,106.34056395833333,3.250240208333333,2.6444457037853586,0.3331088722084511,Oran,0.21115
2019-07-07,5.127298354166666,16.89169343111111,47.187052031111115,2.6134741666666663,110.82896102083333,2.57999742,2.2623559719886566,0.15609312421127572,Oran,0.2074
2019-07-08,9.732340354166666,54.08210826249999,49.03476222708334,-0.5991098337500008,148.51510185416666,1.8026546687499998,4.502905861253925,0.362689160545537,Oran,0.2074
2019-07-09,11.755935833333332,58.057405895833334,76.44585823770834,-0.8938511875000009,183.2534045,2.420690083333333,4.13123071173438,0.31527706279998774,Oran,0.2074
2019-07-10,10.379453645833333,36.669100175000004,88.44829397916668,10.210580770833333,180.198705,2.6105161666666663,2.6035856715171226,0.21571565861604053,Oran,0.2074
2019-07-11,9.017952729166668,34.51611839583334,72.90389502083333,15.040255383749999,167.75855020833333,3.113764729166667,2.46515037123691,0.22601168010341888,Oran,0.2074
2019-07-12,7.594230020833333,29.768345770833335,53.348097270833335,11.599228958333335,126.85579091666666,3.6215033541666664,2.1248596531543242,0.2582789670716966,Oran,0.2074
2019-07-13,6.5655046666666665,27.780788264583332,71.25010575,11.711178758333334,145.13593416666666,3.952007125,2.013066658931565,0.2082131473995434,Oran,0.2074
2019-07-14,5.9399399375,24.939781174999997,94.18316891666666,6.179731833333332,163.27091,2.7902171874999997,1.781467393424196,0.15875990915632457,Oran,0.2074
2019-07-15,5.6200618125,27.129115439583334,95.83669222083334,11.925507797916666,181.668070625,3.1350568541666664,1.9532804667250185,0.15982506089070744,Oran,0.2074
2019-07-16,5.309578833333333,17.46692725833333,115.61521258541667,13.019956166666667,178.74926666666667,2.275559708333333,1.2733706925424435,0.1053943156200685,Oran,0.2074
2019-07-17,5.097227416666667,23.612994472916668,82.09820918749999,10.899155375,152.45691979166665,2.5639369375000003,1.7082279223290857,0.16680819007153333,Oran,0.2074
2019-07-18,4.8997130625,24.46966905875,80.85892625000001,12.890941541666665,163.455936875,2.8658843333333333,1.7422361701912388,0.16251897729998271,Oran,0.21625
2019-07-19,4.692292354166667,23.014026360625,89.75079402083333,12.683196020833334,163.80050104166665,3.070515395833333,1.6431240648510792,0.15229246152485476,Oran,0.21625
2019-07-20,4.548852208333334,24.19880298958333,76.65254477083333,13.77498525,149.69903010208336,3.1854654583333333,1.773891696516159,0.17803180457083367,Oran,0.21625
2019-07-21,4.470415729166667,32.18277976666666,85.76517739583333,13.5466575,157.43206170208336,3.2176277499999997,2.311511071118881,0.22366952329276413,Oran,0.21625
2019-07-22,4.387456583333333,24.9381203625,88.36650760416667,12.040239979166666,157.0938744375,3.1915596041666663,1.7851399683356248,0.17192344373600288,Oran,0.21625
2019-07-23,4.260801645833333,24.813090137499998,69.72971185208333,11.600294258333333,133.96416808333333,3.5432634999999997,1.8106259634931334,0.20278117521014988,Oran,0.2251
2019-07-24,4.21898775,23.800242366666666,82.797206875,14.046545791666667,155.70331537500002,3.6509739583333336,1.6968407397315686,0.16801344853953867,Oran,0.2251
2019-07-25,4.173686666666667,24.9307524875,79.4185294375,15.064247625,154.23213020833333,3.5035189791666665,1.78670473301512,0.17914156646431362,Oran,0.2251
2019-07-26,4.1153669375,21.908012339583333,81.58454254583334,8.528962854166666,153.24261311083333,3.1687164374999996,1.6110584592382349,0.15138870659904508,Oran,0.2251
2019-07-27,3.9580886250000002,14.434320270833332,94.9227835,2.3875673125000003,137.25049416666667,2.607458875,1.0676022805135013,0.10702956407317046,Oran,0.2251
2019-07-28,4.124212104166666,18.932512686666666,78.57609026458333,10.356279729166667,152.09881916666666,2.374337645833333,1.4775973634583484,0.13356972974944317,Oran,0.2251
2019-07-29,4.1582543124999995,31.88911653604167,70.71233229166667,13.359357833333332,150.07116349999998,2.9113266666666666,2.291393627786523,0.23325795735442426,Oran,0.2251
2019-07-30,4.1052106041666665,22.0607992425,75.52196914583332,11.90748625,152.951532875,3.0903219791666667,1.6918683367094087,0.15641070835945325,Oran,0.2251
2019-07-31,4.110185166666667,19.177326217708334,94.78983441666666,7.069822124999999,142.52984529166667,2.061813125,1.42188386020771,0.14157185101107672,Oran,0.2251
2019-08-01,4.2079774375,22.273103347916663,71.47929489166667,12.462974,143.61397518750002,2.7245086041666666,1.6851743577661777,0.16982793227841184,Oran,0.2251
2019-08-02,4.19043,18.3091641375,73.98516733333334,12.105227647916665,153.82542084791666,2.807589645833333,1.7708366303421745,0.12919234531145138,Oran,0.2251
2019-08-03,4.2050340833333335,16.933102327083333,80.10360366666667,12.872651312499999,152.57402079166667,2.6400488125,1.5337234820124745,0.1212092794094515,Oran,0.24514999999999998
2019-08-04,4.137375895833333,27.77406701875,65.43426269166666,12.1346530625,145.812413125,3.2146518333333334,2.0290538394738604,0.20776879419407124,Oran,0.24514999999999998
2019-08-05,4.085008125,22.641687822916666,58.3438179375,11.654631250000001,134.38315764583334,3.0760353124999997,1.7156056709863439,0.18448594216711262,Oran,0.24514999999999998
2019-08-06,4.0698838749999995,28.10895385909091,57.52443575,10.039991062499999,137.5767628125,3.408434727272727,2.0811051629170487,0.22039881889272386,Oran,0.24514999999999998
2019-08-07,3.8514803124999997,21.31437674416667,50.428072354166666,5.7944031874999995,99.52489327083333,3.606445020833333,1.6074779639633603,0.227400675332185,Oran,0.24514999999999998
2019-08-08,3.965439875,26.202024304166667,71.98266370833333,12.77720131875,150.524983125,3.3791508749999997,1.876504037729103,0.19021739559495257,Oran,0.2652
2019-08-09,3.93902025,25.24772345,70.84777179166666,10.587154770833333,146.53827458333333,3.7744835,1.8501550754891143,0.18571177261960736,Oran,0.2652
2019-08-10,3.9307500625,17.572027954166668,78.15000847708333,11.153218770833334,146.61664922916665,2.8819663125000003,1.3861229851561427,0.12971787215717662,Oran,0.2652
2019-08-11,3.9006594375,25.674745690833333,69.0091783125,4.517413958333334,134.19095604166668,3.155885854166667,1.894669108405157,0.19799525237255974,Oran,0.2652
2019-08-12,3.7909815208333337,19.465270604166665,74.47758916666666,6.089912041666666,138.58120604166666,2.80741,1.4595233467341198,0.1469173559748512,Oran,0.2652
2019-08-13,3.8950158333333333,14.61882095,86.85829961875,8.591113572916667,137.46220575,2.0799967708333336,1.1307917295420309,0.11343754990383802,Oran,0.2652
2019-08-14,3.9809676666666665,22.8552098625,70.74589542708334,9.008160708333333,141.18234041666668,2.5815873333333332,1.811971922768536,0.17291735733056354,Oran,0.2652
2019-08-15,3.9790845208333336,23.779073851666666,63.62300835416667,9.8457966875,127.09782083333334,2.800647520833333,1.7722892418703418,0.20280309892212361,Oran,0.2652
2019-08-16,3.9751293125,18.860595658333335,75.0373551875,10.571097666666667,140.31205,2.796076041666667,1.3754474818494498,0.14537118249198816,Oran,0.2652
2019-08-17,3.9632398541666665,22.282504496041668,50.95831302083334,9.1722515625,108.141686875,3.2559902291666667,1.6348475323046514,0.22514531305229493,Oran,0.2652
2019-08-18,3.9378731666666664,25.26688797916667,45.77227772916667,10.7739966875,118.68044247916667,3.7397220624999994,1.80262166167721,0.23415550196092144,Oran,0.2652
2019-08-19,3.8535864791666667,20.918138602083335,64.68149527083334,9.265952291666666,133.64654645833335,3.2897257083333336,1.5546530299724126,0.1681784746425442,Oran,0.2694
2019-08-20,3.7432513333333333,13.326151766666667,57.81101972916667,-0.8319384791666661,87.49327341666667,1.9668526875,1.0634757511583082,0.15087596712910142,Oran,0.2694
2019-08-21,4.3199595,75.024869275,6.081653437500001,-15.433916820833332,27.92286900625,1.4194296328145835,6.772732826915338,1.5,Oran,0.2694
2019-08-22,4.558652458333333,20.967225529166665,80.20697274999999,7.403748129166666,150.192371875,2.1653193125000003,1.6227068047091722,0.14684100861206392,Oran,0.2694
2019-08-23,4.2469731458333335,14.666310322916667,81.033077,6.583559166666667,138.82706822916666,2.427471708333333,1.1162318507277287,0.11090381998246265,Oran,0.2694
2019-08-24,4.102158291666666,15.893812070833334,72.79878789583334,8.5980373,131.96775704166666,2.5168358541666667,1.3071878451020544,0.12883073824042568,Oran,0.2736
2019-08-25,4.056170145833334,11.600835464583334,86.06439357583334,7.240936270833333,137.52565458333333,2.336196375,1.0497992082266705,0.0890421809621421,Oran,0.2736
2019-08-26,4.052327375,19.982337972916667,37.4890386875,-4.336553416666667,48.615946625,1.8486078833333335,1.6619550508726824,0.3773634475651422,Oran,0.2736
2019-08-27,12.56105,96.81918,-17.82926,401.3473,-8.865125,1.199357,0.141976502427517,,Oran,0.2736
2019-09-06,10.118791,73.14356143478261,109.59182086956521,17.407199782608696,230.48661652173914,2.0648231739130436,2.49904179668784,0.3432690146901005,Oran,0.31755
2019-09-07,14.118598749999999,50.80011312916667,53.93418667291667,-9.270332916666666,123.26684772916667,1.6103203541666666,3.590971997637015,0.38328952586455756,Oran,0.31755
2019-09-08,12.775247083333333,30.8794381875,42.510293499999996,-8.118409416666667,86.17035141666668,1.5774221625,2.2315381499849143,0.32749861080561976,Oran,0.31755
2019-09-09,11.88707,35.14000174791666,53.450113854166666,1.131195479166667,116.52543687500001,2.2102877375000003,2.549342514017149,0.30452127699663095,Oran,0.3615
2019-09-10,11.051321666666666,31.849788133333334,61.011881208333335,-12.957551229166667,106.53335854166666,1.9158509791666667,2.24475135138119,0.26654569953828894,Oran,0.3615
2019-09-11,10.521374375,24.0551005375,26.674216983333334,-15.645572814583334,41.383662125,1.3064377291666667,1.7277916267797375,0.42180296760045843,Oran,0.3615
2019-09-12,24.7798525,-73.8616364275862,-4.226586127586207,-0.21988747916666598,41.51523923125,0.6019761068965517,6.713081792280416,0.0,Oran,0.3615
2019-09-13,28.432830624999998,361.94539885902435,-3.628341439024389,-7.8651035,52.065447746249994,0.26079647658536587,23.105225779049693,1.5,Oran,0.3615
2019-09-14,26.238290208333336,-125.47564876086956,23.228432106521737,-3.186798625,46.759460625,1.0294899804347826,3.33760968240793,0.0,Oran,0.3615
2019-09-15,23.867760833333335,26.778915833333333,41.213808575,10.070978229166666,107.68547273749999,1.1664645979166666,2.084483397307942,0.27433339657408384,Oran,0.3615
2019-09-16,22.625619375,31.645093487500002,41.63285366875,6.479745666666666,103.91064077083333,1.5164802291666668,2.251843390181204,0.3247952659540607,Oran,0.3615
2019-09-17,22.855748958333333,45.378232195652174,44.48110215217391,5.100101249999999,110.23383693749999,1.5358935639130435,3.176187068338939,0.4316238921684914,Oran,0.3615
2019-09-18,23.989196458333335,50.299851395833336,52.017084277083335,0.7308301249999992,134.0129830625,1.5952988395833332,3.6229087299317166,0.3773937491797604,Oran,0.3615
2019-09-19,22.310821875000002,50.976421447916664,39.21762995833333,1.515987625000001,112.73615958333333,1.6033736937499998,3.67562097310379,0.45833791254174716,Oran,0.3615
2019-09-20,21.513862916666668,35.18483945416667,33.25782279166666,-3.1004056041666668,79.32909,1.2969941083333334,2.498880199652853,0.4268476859682269,Oran,0.36445
2019-09-21,21.053518125,29.541691916666664,30.082486985416665,-1.2760697499999998,72.598331375,1.3048236583333335,2.1191134600044452,0.39989078038927606,Oran,0.36445
2019-09-22,20.720777916666666,52.02765947170834,38.07216435625,-5.852331458333333,92.31257575000001,1.3363418675,3.688434754388116,0.5300026348651369,Oran,0.36445
2019-09-23,20.18262041666667,38.457124423541664,51.98296763333334,-6.525930129166667,109.21147639583334,1.49863931875,2.7169204105930915,0.3322791271915591,Oran,0.36445
2019-09-24,19.28198375,50.94580298539583,47.64592751666667,-2.744023624999999,123.94196354166667,1.9259695729166666,3.6146235111054765,0.4021423688980858,Oran,0.36445
2019-09-25,18.420163958333333,42.99462389166666,41.305397604166664,-0.9820083875000002,109.34075758333334,1.6993255,3.0387524333009615,0.3897166963982157,Oran,0.3674
2019-09-26,17.62634291666667,40.879335597291664,45.83476889916667,1.7363665624999998,118.59644447916666,1.6822318270833332,2.909388087714607,0.3498143790939696,Oran,0.3674
2019-09-27,16.955099583333332,44.497818824999996,42.72576063541667,-1.5262075624999996,112.531748125,2.0102921770833335,3.198586750753959,0.39013340679993147,Oran,0.3674
2019-09-28,16.205650833333333,46.089432476458335,46.20585243125,0.3294051666666662,110.263038125,1.9342701875,3.2865882026259494,0.4192477882899312,Oran,0.3674
2019-09-29,15.477073333333335,50.22566584,49.451236540000004,-1.1790774375000002,113.0664125,2.380269,3.116543191168238,0.43962930937122185,Oran,0.3674
2019-09-30,14.781311875,39.35455345208333,36.017716058333335,0.8606134583333335,107.58596854166666,2.2269547166666666,2.794348730643735,0.3687460530944544,Oran,0.3674
2019-10-01,14.210745416666667,36.47836636708333,31.54635968145833,-5.164773833333333,90.46136088125,2.14620440625,2.691733119219128,0.38146858571624614,Oran,0.3674
2019-10-02,13.680725416666666,28.781557333333335,38.382945625,-6.788010750000001,94.68292104166666,1.8337618958333333,2.0295194135432397,0.28364337278803853,Oran,0.3674
2019-10-03,13.243260208333332,26.904481467291664,56.72110816666666,-6.070841208333333,102.79554166666667,1.815697558333333,1.9009745925034358,0.24713305206606612,Oran,0.3674
2019-10-04,12.857141458333333,28.406267507708332,48.71453864166667,-0.34896158749999984,100.35568666666667,1.9235578,2.0161514494305197,0.2820750382446524,Oran,0.3674
2019-10-05,12.501760833333334,24.98541364770833,47.06166058125,0.035823154166666406,99.14533583333333,1.9797900645833333,1.773455875095431,0.25209904652230614,Oran,0.3674
2019-10-06,12.201086666666667,22.94825755591667,49.32339383833334,-1.6328687124999999,92.19778722916668,1.90731619375,1.6260422594331214,0.24457100214862942,Oran,0.3688
2019-10-07,11.931159166666667,23.017014937499997,33.6312566875,1.9455586041666664,85.20793770833333,2.3356077083333333,1.628043627064035,0.276439553915511,Oran,0.3688
2019-10-08,11.666692708333334,18.49367231777778,56.64014084444444,2.0976587500000003,99.09104835416667,1.50487916,1.613258962777319,0.19066940946440872,Oran,0.3688
2019-10-09,11.515996666666666,23.204219518749998,34.61040441666667,5.12355575,88.48859281249999,1.7994874729166668,1.710942625326361,0.27834473943019367,Oran,0.3688
2019-10-10,11.358283125,18.95288,46.93752142083333,0.2641477083333333,86.32008595833334,1.3398193250000001,1.408208360654728,0.22023907222927758,Oran,0.3688
2019-10-11,11.259973125,25.713007958333336,45.83929441666667,1.9330018958333337,93.12129027083334,1.5576373125000003,1.8239728113403355,0.281977087371044,Oran,0.3702
2019-10-12,11.172522083333334,16.331308322916666,23.313121654166665,-2.592996979166666,45.043874241666664,1.3758328666666666,1.2760411793619246,0.34282915532400443,Oran,0.3702
2019-10-13,11.182640833333332,23.968621405208335,35.84426577083333,3.3937589791666665,85.77493635416666,1.7916647208333334,1.9013605360491947,0.29094778891181555,Oran,0.3702
2019-10-14,11.222518749999999,28.594034400869567,-1.3808137130434779,-9.964190678749999,22.60489266666666,1.3748517913043479,2.0534318113574477,0.8779502357377066,Oran,0.3702
2019-10-15,11.428167916666666,18.60711251851064,59.972323361702124,-15.037979524999999,89.23760814583333,1.084799555319149,1.4469528101250275,0.17844169411202646,Oran,0.3702
2019-10-16,11.407842500000001,13.150552813333334,57.101353624375,-7.949567999999999,83.3994366875,1.30573936875,0.9670603591063135,0.14395945372717156,Oran,0.3702
2019-10-17,11.305459166666667,14.236032070833334,51.657875070833335,-5.2413394166666665,74.92322877083333,1.4816776958333333,1.0145524451741943,0.17758509018019195,Oran,0.3702
2019-10-18,11.223651875,12.25544804,39.25425331458333,-0.28026545833333333,68.67550145833333,1.50671286875,0.8811778989352341,0.17772912387169532,Oran,0.3702
2019-10-19,11.182369791666666,13.316258916666667,32.549205352083334,-0.826478625,54.4032105625,1.3959968166666668,0.9908040382504844,0.24110689581212605,Oran,0.3702
2019-10-20,12.029622708333333,24.29085884,10.661956337777779,-12.904790366666667,29.43371196041667,0.9816109444444445,1.9066173791846857,0.5737297614436749,Oran,0.3702
2019-10-21,12.282163958333333,13.524600283749999,41.56214048333333,-9.775915,60.103529583333334,0.9197984833333332,0.9937785131287789,0.1935418972545139,Oran,0.3702
2019-10-22,22.474825416666665,-11.065102348000002,-3.73095272,-6.138492474791666,8.796758375,0.5504450411333334,0.3905587944889427,0.0,Oran,0.372
2019-10-23,27.276205,49.12039350344828,11.323489551724137,-14.062179875,44.056869206250006,0.6683383931034482,2.077468842047635,0.8451685683084444,Oran,0.372
2019-10-24,25.927860624999997,29.002650754166666,16.869678985416666,-8.474568019791667,55.79163225,0.82822290625,2.0458464084545818,0.4512893345555294,Oran,0.372
2019-10-25,23.907275833333333,15.690259134541668,48.72884389347826,-4.007274541666667,80.808505,1.0534793434782608,1.1878019340099752,0.18499221747804204,Oran,0.372
2019-10-26,23.432284166666665,17.248707836041667,32.845552877083335,-0.0686532437500007,71.56868291666667,1.2100997729166667,1.3014574167658537,0.2407781857970937,Oran,0.372
2019-10-27,22.934974791666665,21.99126841935484,33.29784600322581,4.134437145833333,72.29256931249999,1.1445094193548386,1.1244714490491794,0.3226506906847113,Oran,0.3738
2019-10-28,22.50500083333333,14.305912675,21.497530428333334,-2.803596254166667,45.703264104166664,1.1457393708333332,1.0953304604851588,0.2949255542271412,Oran,0.3738
2019-10-29,22.061835000000002,17.7039443975,38.72466470625,-4.613432104166667,67.46004735416666,1.1255035083333333,1.3048328087531127,0.24563743183420045,Oran,0.3738
2019-10-30,21.611925416666665,19.916330666875,35.0946815375,-0.002942929166666682,73.66112729166666,1.1849089270833333,1.509702419402438,0.27036695918605863,Oran,0.3738
2019-10-31,21.153132083333333,18.043576564583333,13.066439708333334,0.9832104729166667,44.889510145833334,1.2838114437500001,1.2709896444318758,0.41095643903039736,Oran,0.3738
2019-11-01,20.658394583333333,19.116771008541665,3.573995208333333,0.1391392729166665,35.31963572916667,1.2592186479166665,1.3620410573212878,0.5433911665321445,Oran,0.3738
2019-11-02,20.1133375,27.4755775875,12.261196958333334,-4.23183911875,47.79778041666666,1.26849825,1.9333169492345228,0.5280756967441848,Oran,0.3738
2019-11-03,19.466380833333336,36.0397245625,22.753554708333336,-10.995103375,65.8985124375,1.2636200625,2.531588196669276,0.4686959272455139,Oran,0.3738
2019-11-04,18.584203958333333,25.683247100000003,19.356288625,-4.030207595833334,53.747215958333335,1.17550769375,1.8062347460339712,0.4445204635322967,Oran,0.3738
2019-11-05,19.283864583333333,77.5782200487805,6.755207414634145,-14.319708166666667,42.65928420833333,0.9089745926829268,4.710651668318644,1.3615232003087963,Oran,0.3738
2019-11-06,18.90523895833333,19.7050048625,12.965189604166666,-14.616928999999999,33.916761666666666,0.9547896395833334,1.4039040621617607,0.40600672629319656,Oran,0.3738
2019-11-07,18.355540208333334,20.839015173913044,-1.2960982608695648,-7.405925854166667,26.44151340625,0.9835215326086957,1.4390105563120028,0.6156747934040465,Oran,0.3462
2019-11-08,18.123041041666667,27.20704102222222,13.216054742222223,-17.873008208333335,45.794796312500004,0.8504317111111112,1.9254688278381498,0.4273280856310908,Oran,0.3462
2019-11-09,17.706549166666665,27.106021066666667,19.525194884444446,-7.760171820833334,48.02840522916667,0.8576851333333334,1.8799942652179806,0.48587045054712796,Oran,0.3462
2019-11-10,18.579253541666667,24.422948514680854,9.255453170212768,-12.814741920833333,30.477438135416666,0.7616045787234043,1.6665017536825029,0.5641422650221785,Oran,0.3462
2019-11-11,17.999323125,11.063351010416667,5.382193979166668,-9.676270479166666,13.783066666666665,0.7707137854166667,0.8404995647424521,0.4715969143391443,Oran,0.3462
2019-11-12,17.631156666666666,15.483415810416666,23.386987690791667,-9.863802541666667,40.069441250000004,0.8729684416666667,1.1303480921191722,0.31008231460021196,Oran,0.3186
2019-11-13,18.473699375,-31.721157972093025,2.038496302325581,4.4037941062499995,47.01259177083333,0.8313462325581396,1.8180351508442796,0.0,Oran,0.3186
2019-11-14,19.233197083333334,20.594844700000003,-28.09912625,-16.862497479166667,-0.6942491666666667,0.9037105775000001,1.2115869385975013,1.2737833005742316,Oran,0.3186
2019-11-15,19.70415375,16.6865025375,1.6203590666666672,-13.808232645833334,7.290122187499999,0.7431949479166666,1.1649548445891131,0.7908911699189438,Oran,0.3186
2019-11-16,18.934355625,13.145009892645833,12.320752541666666,-13.326387500000001,26.99257379166667,0.7596225958333334,0.9242369487506741,0.32602550937647073,Oran,0.3186
2019-11-17,18.660215833333336,12.016118989555556,24.296797,-1.6336582083333335,41.04989960416667,0.7988993533333333,0.8667959761562101,0.2815163403749019,Oran,0.3186
2019-11-18,24.54997625,18.509277655882354,15.112576588235292,-11.011963729166666,42.628562583333334,0.7183228235294117,1.2222544302179676,0.34506144753410234,Oran,0.3186
2019-11-19,22.667023333333333,12.122332971791666,13.540547358749999,-11.270400945833332,22.033991874999998,0.7585017583333333,0.8568168015985945,0.36398600740166104,Oran,0.3186
2019-11-20,22.489106666666668,19.513266528432435,29.65102807972973,-2.6592515458333335,41.568252729166666,0.786903754054054,1.0703378553531437,0.441202072065877,Oran,0.3186
2019-11-21,24.58518020833333,19.71121659090909,10.637868221212122,0.8284253354166667,51.28479639291667,0.6753379272727272,1.0150083260199152,0.3906586260126837,Oran,0.3186
2019-11-22,26.790245625,-60.133187,24.9805565,0.36880175208333327,34.199286775,0.50427881,0.5275501592283247,0.0,Oran,0.3186
2019-11-23,26.389137291666668,42.1299616097561,-4.906584878048781,-12.40117574375,33.328427166666664,0.8224424512195123,2.5190479934419194,0.9212842213453681,Oran,0.32165
2019-11-24,24.044573333333332,11.986701095833332,-1.2084656666666664,-12.394458666666667,2.1790812500000016,0.7768049520833333,0.8908310358563071,0.8224975650648226,Oran,0.32165
2019-11-25,24.708798958333333,28.734136255952382,9.9396825,11.48509925,45.35542211458334,0.8607250642857143,1.7589376461088944,0.848357317727206,Oran,0.32165
2019-11-26,24.547338333333332,11.725506733333333,8.931295041666667,-0.8160663333333336,28.1473594,0.89854419375,0.9158087462588435,0.4048383931269125,Oran,0.32165
2019-11-27,24.86750625,20.470231700833335,6.985333047916666,-3.617113546458333,35.98577591666667,0.9235783729166667,1.4842429166303823,0.5168873276252621,Oran,0.32165
2019-11-28,23.064205,10.607028174791667,5.733148078541667,-5.011214333333333,18.543122812500002,0.8505345104166666,0.8457121409876224,0.4503216587722149,Oran,0.3247
2019-11-29,23.081738333333334,8.826485035625,0.5708934999999999,1.3607688468749999,12.487689804166665,0.9149103562500001,0.6480900597477487,0.7932549417312837,Oran,0.3247
2019-11-30,23.64312,8.255940566666666,25.463100812500002,-3.4359240625,41.413841749999996,0.9456511333333333,0.7856171376707823,0.18407990358704768,Oran,0.3247
2019-12-01,21.806932083333333,12.495249318541667,13.231771152083335,-9.473836458333333,21.969715625000003,0.870609325,0.9699915730074061,0.39738669745155086,Oran,0.3247
2019-12-02,27.42586208333333,54.17263735483871,15.100764246451613,-3.00790058125,23.938888604166667,0.4928029670967741,4.111561385927661,1.5,Oran,0.3247
2019-12-03,25.809481875,4.882260742857144,-5.529137351142857,-9.10516655,7.6653905770833335,0.2652042154285714,2.069983479390185,0.2911209631177141,Oran,0.3247
2019-12-04,26.6327275,87.10997833333334,-4.736054433333333,-5.823726783333334,21.078930366666665,,2.5507131257866176,1.5,Oran,0.3247
2019-12-05,27.732159999999997,13.690023942307693,-1.7526356023076919,-6.006390469583334,27.093744139583336,0.5487304461538461,0.5923580782229021,0.4135942075146852,Oran,0.3247
2019-12-06,26.09790729166667,9.125614317291666,9.29076893125,-5.691983222916668,29.001359467916668,0.7072418,0.729485147150944,0.2630364677919269,Oran,0.3247
2019-12-07,24.909790625,8.28380697652174,20.565578741860467,-13.157451327083335,26.258072645833334,0.7553825534883721,0.7217576192235453,0.210166100600711,Oran,0.3247
2019-12-08,23.93146,4.951643415348838,25.817943594871792,-5.078497507083333,49.16362589583333,0.6295636564102565,0.6474867198732087,0.09128778714224492,Oran,0.3247
2019-12-09,24.438122083333337,14.228303666666667,15.026275377777777,-3.445091185416666,32.77643764583333,0.7289002155555555,1.380534654221652,0.392813448956115,Oran,0.3383
2019-12-10,23.331335208333332,11.76561178125,12.40212845,-15.631540014583335,15.477038679041668,0.8333494270833333,0.8469947540968056,0.37821116474411914,Oran,0.3383
2019-12-11,22.784845,13.29979424175,5.323941930625,-12.084979485416667,4.211598958333335,0.7382566291666667,0.9827528956716878,0.8161096077717274,Oran,0.3383
2019-12-12,22.62468125,13.153427441666667,-2.7407270416666667,-5.893444458333334,8.583588125,0.7142914541666666,1.0449748126699505,0.9085720686164328,Oran,0.3383
2019-12-13,22.879382708333335,17.991022824999998,-18.600352895833332,5.091715439583333,11.478259125000001,0.9113509000000001,1.2600103507207951,,Oran,0.3383
2019-12-14,22.475842916666664,10.376752828125,-13.625505161666666,-2.908107047916667,-7.2005122083333335,0.8820769395833332,0.7364927896737282,,Oran,0.3519
2019-12-15,22.508523541666666,9.537802589166667,23.180385988125,-5.7895381666666665,35.434816972916664,0.86375871875,0.6894407450020315,0.2313632937828186,Oran,0.3519
2019-12-16,21.754407291666666,8.951480886046513,-18.111194837209304,-4.491207416666667,-10.39387806875,0.8180444511627908,0.6119878449386142,,Oran,0.3519
2019-12-17,22.198071458333335,5.7485076125,4.013774179166666,-0.8191574583333335,18.500651083333334,0.9671928979166667,0.8531423697680957,0.2975447505135624,Oran,0.3519
2019-12-18,21.606168125,8.96814255625,19.024102385625,-13.663031645833334,23.386667666666664,0.7922801479166666,0.7118809274701814,0.24205709419143076,Oran,0.3519
2019-12-19,21.354716874999998,6.374534928541666,-13.126232591666666,-3.282577208333333,-10.2369169375,0.7893859354166668,0.4815732799987637,,Oran,0.3519
2019-12-20,23.082272916666668,7.218214195652173,-38.64463398913044,12.6807343375,-4.1682726627083335,1.1246444913043478,1.2174308381743468,,Oran,0.3519
2019-12-21,26.41672145833333,57.47892428571429,-19.395849679999998,7.299248891041667,31.11426002083333,1.0654102542857145,3.8832701044308626,1.5,Oran,0.3519
2019-12-22,24.016161666666665,30.043703229166667,-22.004030437500003,-10.469539062499999,6.162051666666666,1.0431233833333333,2.1019248010113296,1.5,Oran,0.3519
2019-12-23,23.143191041666668,11.132541954791668,4.543636411875,-8.760712725,13.1535025,0.9717390729166666,0.8085332129193994,0.5080055042122399,Oran,0.3519
2019-12-24,22.37885833333333,7.850749358666667,22.114924686363636,-10.736543333333332,21.737203735416667,0.8873615022727271,0.5618977279472458,0.2417568056450611,Oran,0.3519
2019-12-25,21.76702,,,-38.89658,-47.58672,,0.0,,Oran,0.3519
2020-03-09,16.286586,8.577380000000002,-40.314228,-26.299742000000002,-65.510833,1.2824620999999998,0.125002284416963,,Oran,0.5408
2020-03-10,15.69064914893617,29.815486361702128,26.270825234042555,3.2020169574468085,95.18725634042553,1.5022189957446808,2.0555453848613796,0.32413337793867053,Oran,0.5408
2020-03-11,15.639201666666667,32.27663276229166,31.137762891666668,6.789871222916666,113.56466658333333,1.62885464375,2.297993714261871,0.302287001846666,Oran,0.5611999999999999
2020-03-12,15.684771666666668,39.9634973375,15.019764272916667,7.012421729166667,95.97758625,1.7743231791666667,2.83866651561234,0.449203882809002,Oran,0.5611999999999999
2020-03-13,15.303856875000001,30.99814838125,21.516306633333333,1.1242524583333335,90.14232541666667,1.37434624375,2.2029431305798926,0.3482230894366731,Oran,0.5611999999999999
2020-03-14,14.990619166666667,30.249536294583333,33.169389187499995,3.697558160416667,94.51226175,1.1547755562500002,2.1596645782436625,0.3330907341975075,Oran,0.5611999999999999
2020-03-15,14.810336249999999,31.48906549772727,65.96479790227274,2.6410638333333334,129.19393226666668,1.234724665909091,2.2740071732870835,0.24882142844763225,Oran,0.5611999999999999
2020-03-16,18.071777291666667,33.29299724827586,19.470322765862072,-16.527044939583334,39.497650408333335,0.6084658620689656,1.7793304077613918,0.5942557481397155,Oran,0.5816
2020-03-17,18.352396666666667,18.743923471666665,17.999896941666666,-1.5076370437500002,63.87586352083333,0.79706113125,1.3848017845341545,0.28667665863427017,Oran,0.5816
2020-03-18,18.532723125,23.628802991666664,21.626329779166667,-3.6973677041666666,64.07212102083334,0.9553430229166666,1.6647986494597045,0.34866432425880256,Oran,0.5816
2020-03-19,17.208354583333335,18.08939248333333,9.942596579166667,-2.6571392708333335,40.22056191666667,0.8937980874999999,1.330521211905656,0.42188344949348344,Oran,0.5816
2020-03-20,17.162053333333333,19.310293689999998,21.038991983333332,-0.9743187395833336,54.90025241666667,0.9103686125000001,1.3538876533627568,0.34560074986526307,Oran,0.5816
2020-03-21,19.672757083333334,-2.485597285714286,14.343448904761905,-5.2403370166666665,41.28878356145833,0.7262353666666665,0.6936460624378668,0.0,Oran,0.5816
2020-03-22,24.233996875,18.371842859512196,3.7116215565853654,-5.784581338958333,45.456415916666664,0.5268952609756098,1.3965339491337032,0.3585379645884121,Oran,0.5816
2020-03-23,24.595423333333333,-13.250588635681822,14.702418881818181,4.135057825625,71.36758675,0.24451372613636368,6.811149611682064,0.0,Oran,0.5816
2020-03-24,28.307113125,-142.1847935846154,-2.740489769743589,-9.508246420833332,15.767637395833333,,10.437869414833811,0.0,Oran,0.5816
2020-03-25,26.920495208333335,36.425925753125,35.34256964042553,1.4050428083333333,113.49701134375,0.8049300638297872,2.5959877036753864,0.324964635995449,Oran,0.5816
2020-03-26,25.483017916666668,67.40251057674419,66.64679961627907,-1.6505656458333329,161.80171516666667,0.8648065293023256,4.466914836558522,0.41236812506803266,Oran,0.5816
2020-03-27,26.997525624999998,-111.67515704761904,-4.342972095238095,-18.097174312499998,12.973028291666667,,0.3948486181477654,0.0,Oran,0.62965
2020-03-28,29.10074416666667,45.441571482571426,51.54646090285714,2.1266983333333322,124.63137739583334,0.7266615542857143,2.3708740189330797,0.3709374354541008,Oran,0.62965
2020-03-29,26.495187708333333,49.36949527397917,50.60802153333333,2.325440208333333,149.65503875,0.9190689104166667,3.482730041583934,0.33509556642154875,Oran,0.62965
2020-03-30,26.510400625,143.81775011904762,-16.236624264285712,-0.6287478791666664,31.193629041666668,0.11697129999999997,11.364129620202965,1.5,Oran,0.62965
2020-03-31,30.578911666666666,64.11402542307692,54.802828115384614,6.3355079375,119.21043858333333,0.35813601384615384,4.026301594539652,0.5680094335937794,Oran,0.62965
2020-04-01,31.451009374999998,77.80439806,45.76911672999999,1.831020960416666,118.84799077083333,1.0155415733333333,3.414531297296851,0.6648984176060417,Oran,0.6777
2020-04-02,28.79777354166667,43.16729238181818,52.75548753409091,2.9841394791666667,141.47925943750002,0.7946728477272728,3.389881843598099,0.3116881836327892,Oran,0.6777
2020-04-03,30.068034166666667,42.47845947209303,49.7434241255814,3.083291860416667,169.79216865208335,0.8161748581395349,3.8885290493265217,0.25480622441705764,Oran,0.6777
2020-04-04,28.220242916666667,58.69322406875,49.30429785416666,-0.5327050562499999,153.1880175,0.8816014958333334,4.142246398056742,0.38181725334574057,Oran,0.6777
2020-04-05,26.558262708333334,59.51107830833333,50.59128916666666,4.151806625,163.6712320625,0.9248882208333333,4.188730923870357,0.3730647734288003,Oran,0.6777
2020-04-06,25.801096458333333,43.23874089347826,30.128215104347824,5.7197902916666665,108.1593304375,0.8703366086956523,3.3953395803518687,0.42209034550451335,Oran,0.6777
2020-04-07,25.155550208333334,61.24845208333334,39.767367625,4.293183608333333,154.60880054166668,0.9683818354166667,4.304394307837295,0.4074656601416053,Oran,0.6777
2020-04-08,24.024810833333333,74.55515913541667,32.7259421875,0.7259137708333337,160.412116875,1.1736312916666667,5.237095612526798,0.46688541455759186,Oran,0.6777
2020-04-09,22.86090833333333,50.892123375000004,4.572247083333333,-5.3592959166666665,74.96833483333334,1.1343181020833333,3.5647195707014543,0.6335568832272573,Oran,0.6777
2020-04-10,22.508334583333333,58.83700270833333,11.018311623478262,0.5342789166666665,99.71979872916667,1.175113164347826,4.154947032979428,0.5932015360665409,Oran,0.6777
2020-04-11,21.780715,67.36459733125,30.7234399375,0.8298565625000002,165.85264520833334,1.3857410625,4.749916327590687,0.40821390720663286,Oran,0.6777
2020-04-12,20.79261125,64.867470975,35.614277725,0.5670889916666665,144.52336429166667,1.13888996875,4.550446814664787,0.4506053719424068,Oran,0.6646
2020-04-13,22.925010416666666,46.40414067142857,31.955039457142856,9.6404758125,113.57686274999999,0.9278977885714286,3.024953105781378,0.4464667479670305,Oran,0.6646
2020-04-14,31.088761041666668,43.01729236153846,22.59674782051282,-1.1392239583333337,92.3510144625,0.7381250151282052,2.7958327976083686,0.4601260312108959,Oran,0.6646
2020-04-15,29.804528333333334,52.6827801125,12.14099185,0.8485547875,87.92091227708333,0.7298071824999999,3.7696781967227144,0.6050459828057666,Oran,0.6646
2020-04-16,30.106689166666666,70.00478773170731,26.901646707317074,1.4992351666666668,143.519000125,0.9430201731707317,4.267941548885587,0.4929228530426435,Oran,0.6646
2020-04-17,28.10151625,39.722654964583334,7.5395720625,3.2748666666666666,76.3513648125,1.0062841749999998,2.8926238006372222,0.5435763340125,Oran,0.6515
2020-04-18,27.093079375000002,48.26989608333333,23.02689760625,5.566767675208332,121.34550064583334,0.9572785854166665,3.6968259965565893,0.41691504860033496,Oran,0.6515
2020-04-19,26.394029166666666,45.01741566086957,16.32789060547826,4.3307653749999995,93.86445366666668,0.9978592795652175,3.11357336148941,0.502798628313177,Oran,0.6515
2020-04-20,26.215270625,62.56592166666667,14.621691791666665,-7.4431610416666665,99.59110508333333,1.0412018229166669,4.402220123215798,0.5845410440204172,Oran,0.6515
2020-04-21,25.904969583333337,35.21535171794872,16.13792430769231,-5.262892625,84.17337683333334,0.9308451128205129,3.1373983474612155,0.393747994311803,Oran,0.6515
2020-04-22,26.410443541666666,64.28292727272728,30.82453103030303,6.203359458333334,130.053789031875,0.8298377878787878,4.465188383161734,0.5190367727756362,Oran,0.6515
2020-04-23,26.68312979166667,79.167497104375,29.909371395833332,2.2432662708333333,179.23248541458335,1.0716850145833334,5.656799669386517,0.4473012395182977,Oran,0.6515
2020-04-24,25.411619375,74.23964158333334,26.88293525,1.4057579166666667,157.99710041666665,1.1002334833333334,5.268060571110743,0.4740979954452676,Oran,0.6515
2020-04-25,24.289185208333333,58.74932122291667,7.010531145833333,-0.14469956666666672,99.841175,1.1256493083333332,4.121518415298851,0.5875762099149807,Oran,0.6515
2020-04-26,24.12531854166667,76.02710370810811,14.149943270270267,4.949491502083333,103.9167141875,1.1338131567567569,4.123958870905813,0.7682048828405801,Oran,0.6515
2020-04-27,27.5192125,114.29181421935483,25.409623932258068,-4.252700166666667,124.01535864583333,1.0693851774193548,5.1837851457665645,0.8910387767419526,Oran,0.6515
2020-04-28,26.306636875,56.68170604166667,-7.041620093541667,-2.9480236895833336,69.0084066875,1.0523770645833332,3.9727940139817832,0.7877225946955624,Oran,0.6536500000000001
2020-04-29,24.897712291666664,86.52952631250001,34.52411327083333,3.0499172291666667,177.25650916666666,1.2340080166666667,6.102171154499203,0.4967063837833655,Oran,0.6536500000000001
2020-04-30,23.171638125,85.23991158333332,43.13609758333333,1.2977159187500005,180.84305868750002,1.2060782,6.036115686208746,0.47475423349254026,Oran,0.6536500000000001
2020-05-01,21.64362,89.34820941666668,24.047729354166666,7.292012658333333,179.49984068749998,1.3796250125,6.2993530900553,0.5188394188534442,Oran,0.6536500000000001
2020-05-02,20.321770416666666,94.83794558729166,23.33372946458333,6.125131416666666,185.22658875000002,1.5572801645833332,6.745211009622734,0.52952079228917,Oran,0.6536500000000001
2020-05-03,19.090665208333334,110.626273149375,10.720745129583333,5.7962319395833335,185.59939979166666,1.8534937770833335,7.85432413591517,0.6152632040408914,Oran,0.6558
2020-05-04,17.964481666666668,105.65273560416666,-10.700142062500001,1.0127814083333333,149.06500545833333,2.040657416666667,7.474955166149397,0.7136180241945286,Oran,0.6558
2020-05-05,17.19869458333333,84.67927726666666,31.23055104291667,4.635810208333333,171.88800335416667,1.5360296020833333,5.998678026591379,0.5062969619347932,Oran,0.6558
2020-05-06,16.658447291666665,93.64598695833332,20.870189208333333,6.5749586041666666,173.68770479166665,1.8891460833333333,6.627031386131715,0.5603760879691535,Oran,0.6558
2020-05-07,16.23273125,68.31757048541667,10.805297368749999,-1.9896170833333333,107.16714233333333,1.5509602979166668,4.824974211819673,0.6258666055176567,Oran,0.6558
2020-05-08,15.903381458333333,73.03747688395833,37.48142040625,5.125286,168.56279982499998,1.5557294812499998,5.1850335737869555,0.44688318596281934,Oran,0.6558
2020-05-09,18.558286875,81.42151992307693,25.475025474358972,6.750893041666667,110.38235371458335,1.0855016451282054,5.215375762305516,0.785683415001366,Oran,0.6558
2020-05-10,28.703995208333335,94.50934702439025,38.35511807317073,-8.606008416666667,149.34727225,1.0907841829268292,5.661519655538586,0.5983373477619375,Oran,0.6558
2020-05-11,26.1156075,74.2921126875,34.88521125,-0.8497481770833337,140.360713125,1.0963639645833332,5.232965705045352,0.5261091281939175,Oran,0.6558
2020-05-12,27.687227083333337,-10.594038792592587,9.412680777777776,-8.39332535,45.74073270833333,0.5711474518518519,1.5587856824735442,0.0,Oran,0.6558
2020-05-13,29.08627375,77.52616799583333,31.4743321625,-1.7158262291666668,161.1262895625,1.0233004708333335,5.60623795968808,0.47608180241908077,Oran,0.6558
2020-05-14,30.958363541666667,55.376237296666666,-0.5346315666666663,-7.960095816666667,71.6311888125,0.9016463979999999,2.5527056966928305,0.6957575512780924,Oran,0.57805
2020-05-15,30.93364,48.40341821944444,11.410120299722223,-6.263644312499999,63.1719658125,1.0793055666666667,3.3608476531237748,0.6970979031120661,Oran,0.57805
2020-05-16,31.14842125,44.29958081363637,17.054840555000002,-1.09481825625,108.29924922708334,0.9697596681818181,2.869088854469091,0.4049541426950379,Oran,0.57805
2020-05-17,29.132599374999998,55.68654139583333,29.316214833333333,4.4914703125,130.84244677083333,1.161238625,3.9223752452897642,0.44072901497676226,Oran,0.57805
2020-05-18,27.067873958333333,101.481158441875,38.56694230208333,8.353657708333333,219.4214479375,1.6598876125,7.190682167891447,0.48079888613839145,Oran,0.57805
2020-05-19,24.877833541666664,104.21657807708333,34.591711966666665,5.850983783333334,216.84295445833334,1.7284981145833331,7.433265906599232,0.49393622773263063,Oran,0.5003
2020-05-20,22.793847291666665,118.11079008604167,25.381885999999998,6.665097791666667,215.88290270833332,1.96838510625,8.379354973424489,0.5645350792829811,Oran,0.5003
2020-05-21,20.870271875,113.82344250645833,16.987435729166666,9.055251564583333,210.02505770833332,2.14591083125,8.081544443101075,0.5663708628202713,Oran,0.5003
2020-05-22,19.1767075,123.46469225416666,6.310258375,8.922255429166666,208.792765,2.3061497687499997,8.771321558789541,0.6177234076166261,Oran,0.5003
2020-05-23,17.742546458333333,119.95534958333333,-6.0584984375,7.2696805,187.573344375,2.3395156041666665,8.509935372593182,0.6652962397175431,Oran,0.5003
2020-05-24,16.78537,98.29754485625,32.5914309375,1.0827434999999999,199.0335311875,1.9150719583333333,6.959633296095969,0.49657566915788126,Oran,0.5003
2020-05-25,16.15067875,65.33035500000001,3.1466992000000005,-7.16976726375,88.28400564583335,1.5410922239130433,4.464115229481517,0.6844187820829551,Oran,0.5003
2020-05-26,18.874704166666668,84.93578095000001,18.9603936975,6.970567856250001,161.84469136041668,1.5103833925,5.835350917354013,0.5484181542290694,Oran,0.5003
2020-05-27,18.886646666666667,89.86821636666667,40.50059010416667,1.0519042708333333,208.18986195833335,1.7226511770833333,6.39618881309963,0.43385682358733557,Oran,0.5003
2020-05-28,17.226679583333333,83.69638993541666,45.46690233333334,1.804793145833333,203.82411787499998,1.77713885,5.973593387895551,0.4142989293109589,Oran,0.5003
2020-05-29,15.971759583333332,86.56720632708334,44.853863770833335,0.7840158020833338,205.31438083333333,2.0307047125,6.120837975464287,0.4232486766151169,Oran,0.5003
2020-05-30,15.134888958333333,76.9871928372093,32.50126885348837,1.003867879166666,200.29363987500003,2.092519627906977,4.877126989953138,0.3863077972652752,Oran,0.4141
2020-05-31,14.404475416666665,75.57304627083333,37.20850364583333,1.1658130708333332,169.52376458333333,2.1836409375,5.340804161976007,0.44888314209039476,Oran,0.4141
2020-06-01,13.859265833333334,71.845053125,50.715477916666664,6.919312333333333,190.16575954583334,2.2858912291666664,5.086697499569903,0.39206791846657507,Oran,0.4141
2020-06-02,13.367184375,67.57041404166667,40.7225536875,6.359646772916666,168.869571875,2.3515422708333333,4.788600524912724,0.4157925369741029,Oran,0.4141
2020-06-03,12.950911458333332,58.396485247916665,74.90674702708334,6.810021083333333,194.43151791666665,2.3864486875,4.142550010957178,0.31124623901594306,Oran,0.4141
2020-06-04,12.658958333333333,21.190037574999998,10.924541349999998,-9.91657444375,69.11142469583334,1.475027961,2.0153559569832895,0.26813329206997966,Oran,0.3279
2020-06-05,13.067159583333334,57.08948576645833,86.41228000625,3.9236104937499996,211.46455083333333,1.9722128333333333,4.063781735656639,0.275075778653827,Oran,0.3279
2020-06-06,12.808214583333333,56.13468995833333,65.50262077083333,8.825985697916666,185.66943147916666,2.5801811458333335,3.9740136038266782,0.3174259001250759,Oran,0.3279
2020-06-07,12.353295416666667,36.73310877083333,76.565478,-0.22604426250000018,160.28309529166668,2.1815579375,2.5949691645137007,0.22885368940898898,Oran,0.3279
2020-06-08,12.0902975,61.45569289770833,33.792359972916664,-5.956708395833334,100.11724339583334,1.6717817458333333,4.325799442017826,0.5793664878104068,Oran,0.3279
2020-06-09,12.022663541666667,30.292548270833333,107.9106399375,2.9990133354166666,199.56254679166668,1.7936321124999999,2.2047508146231625,0.15411072307354343,Oran,0.3279
2020-06-10,11.71541125,26.840071974833332,97.73295149375001,5.109517464583333,176.75023333333334,1.9605595708333332,1.9162419872633696,0.1563735727795342,Oran,0.3279
2020-06-11,11.392153958333333,30.81689785416667,104.41991958333334,5.704576854166667,199.68468097916664,2.3780280416666666,2.178400998476115,0.15886628163839106,Oran,0.3279
2020-06-12,11.078623958333333,40.535328655813956,131.0610553255814,-1.2354477645833335,204.67624097916666,1.849091165116279,2.5530917964872617,0.19685783212753297,Oran,0.3279
2020-06-13,10.782205208333332,23.133405085416666,113.41313487708334,3.355783854166667,196.75821183333335,1.9998757083333334,1.6331432861203243,0.119612795594834,Oran,0.3279
2020-06-14,10.455902083333333,21.45857260625,106.17648867916667,6.808926270833333,189.917045,2.3131343749999997,1.5175131842945213,0.11719072182697238,Oran,0.3279
2020-06-15,10.109565395833334,21.947523445833337,109.3139575625,8.672657562500001,197.95486629166666,2.708235541666667,1.5586005760082702,0.11595132787803011,Oran,0.27815
2020-06-16,9.778891604166667,16.5929013125,59.445947875,2.0911151958333334,111.24359341666667,2.528330145833333,1.173474770813586,0.152015800126222,Oran,0.27815
2020-06-17,9.570595270833334,14.834016721666666,103.70742952500001,7.142832270833334,172.77778750000002,2.416983645833333,1.0666261904717351,0.08955849144972354,Oran,0.27815
2020-06-18,9.3431545625,11.943428695833333,78.16040695833333,5.646493124999999,139.40371135416666,2.102611104166667,0.97226741278773,0.08929184423804792,Oran,0.27815
2020-06-19,9.211039020833333,14.3054112,88.79608441666666,6.9924732291666665,155.7302755625,2.1139313541666667,1.0433207380359573,0.0961787183593074,Oran,0.27815
2020-06-20,9.007726166666666,15.248637125,108.33528908333334,11.791529770833334,190.63189175,2.9131787916666667,1.1725683665459374,0.08526395806991452,Oran,0.2284
2020-06-21,8.595669854166667,10.452922247104167,100.22356564583333,11.292253104166667,183.60851085416667,3.64008425,1.0217375618171236,0.06066126541739018,Oran,0.2284
2020-06-22,8.238519979166666,10.127111545833333,118.318388375,5.222535979166667,193.05154816666666,2.7458382916666664,0.7635350448308866,0.05391665232059019,Oran,0.2284
2020-06-23,8.013023541666668,9.366283004166666,120.4263263125,5.252794083333334,191.76627277083333,2.59763375,0.6917859264916513,0.050217727266026205,Oran,0.2284
2020-06-24,7.858468520833333,10.192623886249999,48.329447764583335,3.2262715395833337,91.145591375,2.7861441875,0.7702076023452079,0.11593155981336528,Oran,0.2284
2020-06-25,7.786593652173913,7.596926035217391,34.70585413043478,-2.897715913043478,66.93464265217392,2.0964290869565216,0.26488308697189134,0.10878804885449367,Oran,0.2284
2020-07-18,5.5547826,-1.23471536,-33.884128,-31.707460000000005,-78.813412,2.2140054,0.0008105209360467,,Oran,0.20795
2020-07-19,5.949547208333333,26.744530150000003,93.63538386363638,3.2377171249999996,168.52738579166666,2.698166565909091,2.025217356103741,0.16180400363639588,Oran,0.20795
2020-07-20,7.768334374999999,41.553252729166665,72.85127658333333,-0.41509506249999983,178.99521252083332,3.214163166666667,3.060052590953889,0.23161017496091088,Oran,0.20795
2020-07-21,7.310640500000001,19.888079869583333,78.72577660625,0.9635610833333336,161.30561970833335,6.805241458333333,1.412392001897604,0.12403532822349861,Oran,0.20795
2020-07-22,6.615326562500001,12.802148514583331,80.43217921666667,5.107546458333334,155.60747264583333,2.787619958333333,0.9635462034880751,0.08506415145103662,Oran,0.2044
2020-07-23,6.223096583333334,10.860637706250001,91.06718419583332,11.473949687500001,174.5252075,3.268801416666667,0.8380581096452465,0.06660873305705584,Oran,0.2044
2020-07-24,5.826507708333334,14.839938546041667,71.12137795208334,11.899637083333333,143.66912166666665,3.6187223541666667,1.0958721745067086,0.11262044921073235,Oran,0.2044
2020-07-25,5.638727416666666,8.819346484375,88.84051687499999,8.748908583333334,166.03126,3.4044866249999997,0.6274389392564516,0.05607333820315993,Oran,0.2044
2020-07-26,5.4233888125,8.9162227325,73.66918083333333,12.211653066666665,159.34776841666667,4.0981895,0.6486643043296046,0.060598464974357495,Oran,0.2044
2020-07-27,5.225093791666667,8.858075270833334,81.02000908333333,7.630292733333334,155.317863125,4.089163770833333,0.6601721234459637,0.05997847515089973,Oran,0.2044
2020-07-28,5.062543166666667,8.615256345833332,70.97016647916666,14.369530770833334,156.61688287500002,4.190862979166666,0.6648919275975883,0.06056531962383696,Oran,0.2044
2020-07-29,5.056676854166667,5.303668433333333,94.59478860416665,8.1522535375,164.51764952083332,3.3887023125,0.5946341662312273,0.03391842805104168,Oran,0.2044
2020-07-30,5.064359270833333,18.545703140425534,74.53869555319149,4.668072583333333,136.3060357916667,3.5397279787234046,1.3836581341460241,0.1408841544522735,Oran,0.2044
2020-07-31,4.9754785,9.54309508,77.81317348888889,16.691846020833335,153.220063125,4.232382977777777,0.8155528838184898,0.06989833517505707,Oran,0.2044
2020-08-01,4.855739270833333,17.448298800090907,89.5605130625,6.824904791666667,144.12989697916666,4.14852815625,0.9249092553029301,0.1270769439778561,Oran,0.2044
2020-08-02,4.648892979166667,13.277102185185186,131.8985624,12.945623791666668,137.05846354166667,4.836956,0.6718849430871416,0.1069760567232947,Oran,0.2032
2020-08-03,4.702750541666666,13.232546579545454,87.4028664090909,6.301134229166666,136.28522895833333,3.100428659090909,1.1609345203910695,0.10180127504920225,Oran,0.2032
2020-08-04,4.850597708333333,10.812801208333333,81.98800066666666,7.696074862500001,140.72395958333334,2.841081,1.0109497348273773,0.08128221561234789,Oran,0.2032
2020-08-05,4.9063173749999995,4.891562445833333,84.86614427083333,8.095433229166668,156.13758310416668,2.963469895833333,0.4435951509872863,0.033041687451604455,Oran,0.2032
2020-08-06,4.903698645833333,5.833007083541666,94.81219375,4.27167275,161.5484661875,3.1017841458333333,0.487895828820152,0.03708752547692064,Oran,0.2032
2020-08-07,4.7996419375,8.364628115208333,76.80449741666668,7.033578083333334,145.68913999999998,3.690916958333333,0.6120010782714009,0.06032666846956747,Oran,0.202
2020-08-08,4.663047041666666,8.506782882978724,58.72157110869565,12.704126458333334,120.91148454166667,4.205686826086956,0.6446231272173546,0.07861556768096516,Oran,0.202
2020-08-09,4.5716710208333335,8.238884297727273,41.21909890697675,11.410242895833333,135.20387360416666,4.193659302325582,0.5780499496987865,0.06655337799356313,Oran,0.202
2020-08-10,4.589575729166667,47.672497145833326,39.89441958333334,-1.1241237291666668,93.05676197916667,3.4159257500000004,3.489742453354929,0.5061801743240046,Oran,0.202
2020-08-11,4.800190583333333,17.123493252173912,68.72954715217392,0.5515405625000005,110.29859379166668,3.118672956521739,1.3817220510500814,0.15602690685842602,Oran,0.202
2020-08-12,6.459657208333333,38.89038311276595,72.71809112340426,-2.4805965833333334,176.18981914583333,2.5760074808510636,2.9088403561251672,0.21766548733908486,Oran,0.202
2020-08-13,6.799269333333334,17.67093895,81.13634654916667,0.5255382500000003,155.38299118749998,3.0016410625,1.314868962314162,0.11411100089016665,Oran,0.202
2020-08-14,6.220742916666667,8.767731641666666,78.49492260416666,5.218020191666667,154.498753375,3.1404285208333333,0.6794724600295639,0.05873317644346585,Oran,0.202
2020-08-15,5.757713645833333,16.94899282727273,85.677979171875,1.7983709375000008,145.6474545,2.75521209375,0.8739853222855771,0.11782482312380306,Oran,0.202
2020-08-16,5.3744099375,14.503954,215.44899076923076,0.18162624166666705,145.87685854166668,6.047018153846154,0.2781041895760937,0.09954995624108695,Oran,0.202
2020-08-17,5.149782854166667,13.558123634782609,159.16273194545454,5.976986341666667,144.01029083333333,,0.465770902046698,0.09822356774484914,Oran,0.202
2020-08-18,5.061620125,7.726726758125,63.60944125625,6.58853973375,117.47834625,3.1107046041666666,0.566124364165221,0.06967932401426556,Oran,0.2131
2020-08-19,4.99473375,5.722503593617021,71.76032481229787,8.1554950625,141.92001729166665,3.5431123191489364,0.4565839956945225,0.04278042860881433,Oran,0.2131
2020-08-20,4.868211416666667,6.169427559574468,73.25093574468085,9.8179256625,133.67499395833332,3.783963829787234,0.4572511639280038,0.049810863800189065,Oran,0.2131
2020-08-21,4.820938020833333,2.5545252,25.921970842105264,5.896795354166667,133.165581575,2.6317346315789476,0.1606249784548626,0.02007189096285917,Oran,0.2131
2020-08-22,4.691466020833333,2.611815245,99.531986,13.7474537,140.282829375,3.6959158000000003,0.5648226099932127,0.020640988585740015,Oran,0.2131
2020-08-23,4.87238225,1.6344945866666667,79.20526381250001,5.350111254166666,132.4838468125,2.7649036041666664,0.3869632941620827,0.012856497761891881,Oran,0.2242
2020-08-24,4.998793875,3.709622925,90.52704812500001,5.866025333333333,145.16136550000002,2.801523125,0.4481663833472579,0.026631349767777167,Oran,0.2242
2020-08-25,4.997500666666666,6.0435530875,70.438729375,10.007803479166666,134.567810625,3.336225375,0.5415693823365517,0.0485192095439131,Oran,0.2242
2020-08-26,4.844660270833333,6.786883538333334,65.47434154166666,9.263343937499998,130.27448716666666,3.8603365625,0.5137696734461467,0.056084781593051906,Oran,0.2242
2020-08-27,4.719259125,8.145067513999999,52.98887786666666,9.894413479166667,118.40373312500002,3.997888866666666,0.5847283946999815,0.07506329908421615,Oran,0.2242
2020-08-28,4.645547666666666,7.938834785416667,58.76188436170212,4.798410337500001,108.66452404375,3.8394931914893617,0.5870613682018875,0.07643334772175035,Oran,0.2242
2020-08-29,4.653381270833333,11.250072758333333,202.79845333333333,-6.615988783333333,118.345413125,2.9239949166666666,0.20029670239729241,0.09002838145642712,Oran,0.2242
2020-08-30,4.6871189583333335,3.7627440500000002,212.2781,-2.7546953750000003,128.17982520833334,8.246055,0.0121481356778716,0.02873760130816838,Oran,0.2242
2020-08-31,4.7098781875,-2.4720796235294116,55.98709867352941,2.745015083333333,124.40304247916667,2.2941210294117647,0.1187788897292817,0.0,Oran,0.2242
2020-09-01,4.881098479166667,0.7317075708333333,35.83459893617021,-0.7227010016666666,61.175924875,2.2471317234042556,0.3143646790861006,0.011821063237999248,Oran,0.2242
2020-09-02,4.9700414375,0.3635017916666666,61.44966502083333,1.4805712708333336,94.6786418125,2.2814541458333335,0.311028923036526,0.003900314561814383,Oran,0.2242
2020-09-03,5.0216893958333335,2.5982031604166664,70.9109325,5.2411030625,123.00504145833334,2.5130466250000003,0.3125021097351443,0.022062807985271955,Oran,0.22910000000000003
2020-09-04,5.016675333333334,4.630925541666667,80.15754431250001,3.525803041666667,129.33189914583332,2.3930847291666666,0.464908208709591,0.03681002499141448,Oran,0.22910000000000003
2020-09-05,5.029257354166667,3.8574079536249997,69.71947908510639,6.444273291666666,125.07050333333332,2.58417355319149,0.4454301198849739,0.03251732734210732,Oran,0.22910000000000003
2020-09-06,5.0293228333333335,-1.4772628409302322,86.14916761904763,3.588148875,130.5099891875,2.7491867095238094,0.2547823089182767,0.0,Oran,0.22910000000000003
2020-09-07,5.059907583333334,6.076057937419355,110.87281938709677,1.560013479166667,111.55282666666666,2.62120735483871,0.35366050238705593,0.05524049945937615,Oran,0.22910000000000003
2020-09-08,5.029851979166667,-0.23502595814285726,92.41570792592593,-2.2829863125,123.95884739583333,2.359059851851852,0.10199901441773526,0.0,Oran,0.234
2020-09-09,5.013437458333333,3.912640289677419,104.58803843333334,4.203797766666667,122.02277375,2.5060880333333335,0.2529509158956146,0.033208914413166354,Oran,0.234
2020-09-10,5.021149895833333,3.50777763,76.74223103448276,4.962202833333333,117.957278125,2.8633478275862068,0.2692377370470541,0.0310436328392685,Oran,0.234
2020-09-11,5.017048458333334,7.672172935714286,63.37147973076923,6.386982770833332,103.77477708333333,3.0576468846153846,0.3298483559739852,0.07877961493917457,Oran,0.234
2020-09-12,4.9154900625,3.2779958129999995,54.62099620512821,3.1674251250000007,113.81937587499999,2.998854794871795,0.2117930972407221,0.029624383400217637,Oran,0.234
2020-09-13,4.940320604166667,1.4880577811458335,59.505995604166664,3.105466520833333,93.37005814583334,2.859660729166667,0.19684203480507909,0.016485509482255228,Oran,0.234
2020-09-14,4.9978223125,2.427211213125,61.932511562500004,2.0234105208333335,91.15238895833333,2.7468543541666666,0.2317753577973781,0.027232570771884654,Oran,0.234
2020-09-15,5.030379395833333,5.298921595,78.38429959999999,4.338437397916667,97.47703558333335,3.162574225,0.3216267235302771,0.056892863949392004,Oran,0.234
2020-09-16,4.989898041666667,2.12179076053125,23.371005290322582,4.533639270833333,91.39857395833333,3.8986367096774197,0.15455201843298977,0.02442632079520321,Oran,0.234
2020-09-17,5.507644375000001,22.832448995,57.22764135,-2.4392626624999996,101.3634819,2.4787138275,1.4922122921836902,0.21995997399907383,Oran,0.234
2020-09-18,8.8469020625,20.824576595238096,25.886739021428575,-13.609794720833333,64.26017593750001,1.3625586404761905,3.934180198802991,0.26742756442800236,Oran,0.234
2020-09-19,9.5388140625,29.373987629166667,58.24395704166667,-9.128417333333333,98.87909604166667,1.6947455625,2.1416877694298333,0.2719624469751539,Oran,0.2295
2020-09-20,9.505992270833334,16.741339495541666,30.350400879166667,-9.545359920833333,50.11657056666667,1.6606910833333335,1.2573869049953796,0.280603382403947,Oran,0.2295
2020-09-21,9.365666625000001,18.13543095,64.67092630208333,-2.1145487499999995,107.86252125,1.8296209791666667,1.3147609453089768,0.16490192864748987,Oran,0.2295
2020-09-22,9.055427354166666,16.149364654375,64.65350355625,-1.2188204375,104.91976514583332,2.1601404583333332,1.1429020379859485,0.15215356946409972,Oran,0.2295
2020-09-23,8.68043275,12.35111502,62.00114323333333,1.043537854166667,98.4716326875,2.235445125,0.8803981809605728,0.12677159541227404,Oran,0.2295
2020-09-24,8.3028291875,7.084951602645834,25.102970270833335,-6.588672191666667,32.33554208333333,1.8835782083333332,0.5352159337876832,0.18201912959862399,Oran,0.225
2020-09-25,8.101386395833334,9.68007716923077,53.03995920512821,-9.190861145833333,91.289805,1.583542564102564,0.577396493248744,0.0963377089397628,Oran,0.225
2020-09-26,7.765349895833334,7.808760066666667,62.8472743125,-5.603666729166666,92.55913375,1.6806930416666668,0.5480569581732321,0.07954907590807722,Oran,0.225
2020-09-27,7.499339875,7.430007321578948,49.57903345945946,-1.0483066666666667,97.6936625,1.8298711621621622,0.4213878172672018,0.07524669990161764,Oran,0.225
2020-09-28,7.218125041666667,6.5240753609999995,56.50879361111111,-3.137888145833333,93.24058541666666,1.8480003888888887,0.19059271771357947,0.06769224620235591,Oran,0.225
2020-09-29,6.994387333333333,3.2507218837209297,64.01498262790697,6.24745854375,87.28713166666667,1.9773515813953488,0.30574120932491533,0.04011272205886625,Oran,0.225
2020-09-30,6.962948229166667,7.839421927083333,32.81248504166667,1.1111067291666663,54.22712420833333,2.040618739583333,0.6949373184670622,0.14759054423005522,Oran,0.225
2020-10-01,6.808925291666667,8.792482566666667,51.56413067291667,2.734900833333333,76.24335466666666,2.368726625,0.6383885341886378,0.1196118556187017,Oran,0.225
2020-10-02,10.3221520625,9.81631475434782,13.494254934782608,-14.180676812500002,37.15186079166667,1.0889948695652174,6.044722142619645,0.19122987509487602,Oran,0.225
2020-10-03,18.343018125,32.06304185416666,46.60569916666666,-18.569796479166666,84.44116541666666,1.2286423645833333,2.242825906897355,0.3112585424315271,Oran,0.225
2020-10-04,17.911704166666667,18.578428328333334,40.082425625,-10.328568479166666,61.271752916666664,1.331385125,1.3168705141637984,0.2594740912631501,Oran,0.225
2020-10-05,17.349313541666668,15.924491377083333,45.64727832083333,-8.856795270833333,76.03108964583333,1.3760686874999999,1.1165576032673734,0.187594394567802,Oran,0.2258
2020-10-06,16.77921125,14.129653838541666,57.894651706249995,1.1496555000000006,95.29525749999999,1.59580618125,0.9988358028915432,0.15008299419596538,Oran,0.2258
2020-10-07,16.294200416666666,13.757756664583333,51.98097900395833,1.0099713541666675,84.39782408333333,1.7119494083333333,1.0071710060749637,0.16498514129230318,Oran,0.2258
2020-10-08,15.807614375,11.244497216666666,43.043523416666666,1.2222828424999994,76.65099908333333,1.7065520416666669,0.8697235143087907,0.14907448750373212,Oran,0.2258
2020-10-09,15.471652291666667,16.18635898333333,37.2294410375,5.74448636425,73.24066541666666,1.8103120270833333,1.2836966856082739,0.2398114857844503,Oran,0.2258
2020-10-10,15.090136874999999,8.808585747916666,46.92060205833334,1.5630116250000006,80.18981395833333,1.4984026479166666,0.7846860830817586,0.11203031900716535,Oran,0.2266
2020-10-11,14.800881875,11.9169845749375,84.9873960375,-12.17739306875,90.95597339583333,1.40885286875,0.5680209590942691,0.11554926386534536,Oran,0.2266
2020-10-12,14.360098541666666,12.209024326086958,49.679041311111106,-12.750263375000001,68.86010935416667,1.3909250866666667,0.8188397310056822,0.1496013793075544,Oran,0.2266
2020-10-13,14.035393541666666,10.824594879791666,41.39165403541667,-4.438206020833333,63.76817181249999,1.6279989104166668,0.7651633932247999,0.15870355857691582,Oran,0.2266
2020-10-14,13.746896041666666,9.467569333333334,30.213180999999995,-7.0271945625,73.43681314583334,1.5878004523809524,0.5830978622316946,0.11766216477373914,Oran,0.2266
2020-10-15,13.438457708333333,12.6448880875,120.26747316666666,-10.919914185416665,67.50634795833334,1.4929426666666665,0.4434032572684128,0.16123282867061522,Oran,0.2266
2020-10-16,13.031651875,8.6326440144,36.802257352941176,-11.1320404375,69.64222691666667,1.020269311764706,0.2579880932795619,0.1068736900645462,Oran,0.2266
2020-10-17,12.660825,12.204724135047618,117.59706857142857,-6.0750115,66.0881854375,1.9358285857142856,0.37528103962204656,0.16912671074728072,Oran,0.2266
2020-10-18,12.52328,9.0827079609375,67.3791628846875,-0.2835353958333335,63.36565789583333,1.8540632625,0.4376576293004101,0.14269949847308847,Oran,0.2266
2020-10-19,12.701761249999999,5.5019046593750005,38.0356271875,0.0869872291666665,56.985299375000004,1.3541392520833333,0.4731288441030019,0.0966971506162315,Oran,0.2266
2020-10-20,12.609485,5.897095679375,12.95192365,2.0305559291666664,26.219834702083332,1.4520291041666666,0.4737337796916686,0.24378964477343726,Oran,0.2266
2020-10-21,12.507286875,16.78261566666667,23.710869604166664,3.196920633333333,42.7088319375,1.6624456729166668,1.3614132684096634,0.4247482623017754,Oran,0.23385
2020-10-22,13.324750416666667,-21.6358087475,-4.760744882500001,-2.539921833333333,23.970036775,0.8625558625,0.5799574413063528,0.0,Oran,0.23385
2020-10-23,15.708873958333333,25.446981484791667,33.989132354166664,-10.053501875,87.04994088541667,1.2108192229166668,1.8733468045641561,0.2620605486416893,Oran,0.23385
2020-10-24,15.759687708333333,14.88975423361702,44.414588678723405,-8.320032291666667,59.3290615,1.7064313148936172,1.0823949916754556,0.22010278924758056,Oran,0.23385
2020-10-25,15.699145416666667,13.397634855,40.731993942173915,-5.590499479166667,60.4654425,1.3042097652173914,1.0492989513742448,0.20282255393807672,Oran,0.23385
2020-10-26,17.389701666666667,29.011641799756095,32.51154251219512,-15.738580958333335,62.908917270833335,1.0404683731707318,1.7356920430885852,0.36888194097694815,Oran,0.2411
2020-10-27,17.061484375000003,13.573669274583333,33.396018250000004,-8.812830125,54.3605225,1.1660904916666666,0.9611549979886744,0.2148638422778869,Oran,0.2411
2020-10-28,17.039909375,6.965072925,39.8792278125,-4.198181354166667,57.059233437500005,1.0175798708333335,0.5833753495757465,0.11370171184480861,Oran,0.2411
2020-10-29,16.952125625,6.456471529808511,41.930936112765956,-0.23789289583333315,62.6994811875,1.1797560212765956,0.6468502792445215,0.10258565159168712,Oran,0.2411
2020-10-30,16.818780416666666,11.345477210625,34.49334941708333,-0.08103790624999974,57.27772375,1.3935750166666667,0.9145714423203907,0.19779850336759774,Oran,0.2411
2020-10-31,16.747213958333333,8.185225205291667,28.6747728025,-2.3472473541666674,46.9838675,1.4443777083333331,0.6500486364899629,0.16592418860771632,Oran,0.2411
2020-11-01,16.404207708333335,8.507089594479167,41.6293775875,-3.2097958749999993,54.61403395833333,1.4293331770833333,0.6138530682296398,0.14712082577372176,Oran,0.2411
2020-11-02,16.055546875,8.031453054375,38.37410905625,-2.107395354166667,51.52737645833333,1.4710634375,0.5843005077542616,0.14974339934645173,Oran,0.2411
2020-11-03,15.793583333333332,8.203595489166666,37.57253129375,1.8240944791666667,53.5015510625,1.3798691812500001,0.5831665513072912,0.15874611545438239,Oran,0.2411
2020-11-04,19.899187708333333,38.50454077837838,-10.87382432162162,-7.932485517958334,16.03256475,0.4713478137837838,3.046741421656517,1.5,Oran,0.2411
2020-11-05,27.01035895833333,110.21546897727272,-37.44193458409091,-2.0865505210416666,6.3840025625,0.4568439940909091,11.830701374408449,,Oran,0.2411
2020-11-06,26.56731458333333,20.243836416666667,7.596199583333334,4.68914994375,43.38562452083334,1.0751458041666666,1.561138307640682,0.523144204683064,Oran,0.2527
2020-11-07,27.716409791666667,0.5718280965789473,2.7440573157894734,-9.568462142916667,35.541900641666665,0.946509794736842,1.1576440954574974,0.01267620256812415,Oran,0.2527
2020-11-08,25.72067854166667,14.82425146,28.02017468958333,-9.624942875,41.65629997916667,0.9931458125000001,1.105062947821369,0.289077460586459,Oran,0.2527
2020-11-09,24.934454583333334,11.672942254229168,34.004008769375,-3.331847083333333,48.45828358333333,0.9839029208333333,0.9110365091004898,0.22538931846607882,Oran,0.2527
2020-11-10,24.698556874999998,8.699029796458333,36.50836983617021,-8.36668075,50.18221215,0.9539049978723405,0.6576000926884706,0.14857718678500126,Oran,0.2527
2020-11-11,24.083180833333333,8.661136166666667,28.429463124999998,-5.418200895833333,43.75514475,0.9517515520833333,0.8450269495682854,0.17613477490524507,Oran,0.2643
2020-11-12,23.72140770833333,14.133705904166668,31.50899815319149,-2.913617910416667,52.59648510416667,1.0479628106382979,1.1619464493475873,0.2546150184670623,Oran,0.2643
2020-11-13,23.285259791666665,6.4299543615625,29.920619381041664,1.480406895833334,53.3414004375,1.0525830541666665,0.5664892833887027,0.12398440373874603,Oran,0.2643
2020-11-14,23.019445,0.5111611275333341,0.06577048,1.6955875958333335,22.307749583333333,0.7958875329777778,0.8469943896838216,0.024799005938499888,Oran,0.2643
2020-11-15,22.80692,11.7096303625,32.5608481975,-1.3592578041666663,46.49402735416666,1.1032790666666665,0.9373612195151887,0.24469856821231942,Oran,0.2643
2020-11-16,22.54203520833333,3.876209325,1.9059796875000001,-2.6671759979166665,6.708032041666666,1.0610166479166667,0.4181290570510165,,Oran,0.2643
2020-11-17,22.148010208333332,11.19691349875,39.32137212304348,-8.071703052083333,46.83869625,0.99044045,0.8728609785399803,0.20391243992147007,Oran,0.2643
2020-11-18,21.495884166666666,12.87251915,31.992981935416665,-7.7991024979166665,46.428434687499994,1.0912527020833331,1.048035605626708,0.23737974870564085,Oran,0.2643
2020-11-19,21.095880416666667,10.725782461666666,36.79667728176087,-6.874603104166667,38.583031041666665,1.0173231108695653,0.7731259150656249,0.2359511809888108,Oran,0.2643
2020-11-20,20.763931875,10.702934652083334,32.48127550638298,-14.278735672916667,36.781841875,1.1139575127659573,0.8692732339028055,0.20961248709024888,Oran,0.2643
2020-11-21,19.87304479166667,9.834029336875,29.436374187499997,-10.4843449375,33.04660313958333,0.9346217375,0.7874815184909042,0.22590891701832885,Oran,0.2643
2020-11-22,19.608995833333335,6.627182471458333,31.46703346808511,-11.741327041666667,31.76159529166667,1.0480268957446808,0.5750823408954611,0.15233878820091065,Oran,0.2545
2020-11-23,19.136539791666667,11.858270903857143,25.28940955,-10.668073791666666,31.55993689583333,1.0400457175,0.8565055056363529,0.2808152861287244,Oran,0.2545
2020-11-24,19.276067916666666,3.7707275108695653,14.687648673913044,-5.541583458333332,21.3012425,0.9676569913043478,0.6874422340591143,0.1404743120833351,Oran,0.2545
2020-11-25,19.187566666666665,8.894847887500001,19.214086666666667,-3.355410827083333,30.435459702083335,0.9534081416666668,0.7623064753334073,0.263232279849742,Oran,0.2545
2020-11-26,19.651731458333334,7.648609235416667,5.068078583333334,0.7792373277083331,17.906081041666667,1.0274990645833333,0.5624483022643613,0.44658603553339316,Oran,0.2545
2020-11-27,24.138281666666668,17.165005404074073,-15.25499472962963,-4.368291958333334,3.0536549125000003,0.6227966703703703,1.0077105854802964,,Oran,0.2447
2020-11-28,24.935740208333332,10.48896981875,4.804002081458333,-11.04153575,17.12224766875,0.7266365312499999,0.8696153578323506,0.3724275841351266,Oran,0.2447
2020-11-29,23.740167083333333,6.442715213043478,27.18725428652174,-9.479877104166667,42.887189825,0.7943642782608696,0.5947805252775618,0.12302990392335884,Oran,0.2447
2020-11-30,23.684328958333335,11.375720244217392,16.572093428260867,0.10703896604166678,28.191635458333334,0.8067513152173914,0.9315652905275752,0.40505193825162017,Oran,0.2447
2020-12-01,22.820337291666664,8.506847890212766,24.46372263413043,-9.42473779375,38.32714223958333,0.8435578347826087,0.8615150006359074,0.17814686844318042,Oran,0.2447
2020-12-02,21.778796458333332,12.27379655116279,8.794847625000001,-14.705892604166666,9.4778928125,0.9117933949999999,0.7705932247661604,0.5075217274589318,Oran,0.2447
2020-12-03,21.082106041666666,22.83875630769231,55.96352000000001,-15.351833020833332,16.911564895833333,1.0598532583333333,0.4309079458053372,0.7078844071750496,Oran,0.2447
2020-12-04,20.95722125,2.301940238095238,-15.201016896190476,-9.126116229166668,11.521033875,0.7957045023809524,0.9244656385047983,0.11148949014666668,Oran,0.2447
2020-12-05,21.11211666666667,22.86173298372093,-3.5140805348837207,-18.7280586875,13.875493770833332,0.6976538279069768,1.551347613604964,0.7012037419216128,Oran,0.2447
2020-12-06,21.023294791666668,12.054715045833333,12.610330375000002,-10.3019613125,17.524310625000002,0.7687867770833333,0.8783372179313047,0.43321344206328366,Oran,0.2447
2020-12-07,20.873552291666666,14.369989282978723,-1.3106151744680852,2.58553495625,16.705525520833334,0.8775985510638298,0.9844471771671982,1.017705303502288,Oran,0.2447
2020-12-08,22.819801041666665,71.95677757142857,-7.749332457142859,-10.973686916666667,22.554823879166666,0.7594504288571429,4.789746154351816,1.5,Oran,0.2679
2020-12-09,22.849248125,9.318047012500001,3.44030675,-11.6442845,7.491240229166664,0.7730851916666667,0.660195739451599,0.48695016961292364,Oran,0.2679
2020-12-10,22.66190895833333,7.835716310416667,-6.30977894375,9.88499921875,10.905313083333333,0.8686628916666667,0.6047031354397632,,Oran,0.2679
2020-12-11,24.149952291666665,16.32798983043478,-1.9307369565217398,16.222879177083332,23.979152770833334,0.9648652382608697,1.3806652076575803,,Oran,0.2679
2020-12-12,23.98450875,12.000385464583333,0.3917357145833334,-4.4560133025,13.774523125,1.0316900541666667,0.8842900228745739,0.6582573975432372,Oran,0.2679
2020-12-13,22.42752833333333,3.1475950020833334,9.110585743750002,-5.3810661458333335,13.115415208333332,0.76968769375,0.45820830549597297,0.17017263672013386,Oran,0.2911
2020-12-14,22.373936458333333,8.493960646458333,0.5557010597916662,-2.830314835416667,11.184822685416668,0.9127752083333333,0.68016587254376,0.6060561756052812,Oran,0.2911
2020-12-15,22.080251041666667,6.24606544488372,28.223895172093023,-8.033589852083333,40.62834118958334,0.8161059093023256,0.8846166293347134,0.12835630052443953,Oran,0.2911
2020-12-16,21.42490041666667,6.499791022916667,20.903374082978722,-9.198211770833334,20.089380000000002,0.8096745191489362,0.55593756517874,0.22192985595318288,Oran,0.2911
2020-12-17,21.279075,3.980754171875,28.60843919555555,-8.892140375,32.955086378333334,0.8810580488888891,0.5555224261978013,0.09512587764392091,Oran,0.2911
2020-12-18,21.03899625,8.563200692208333,19.799716308086957,-3.859811375,20.3091271875,0.8825329108695653,0.6365945862100851,0.3543060308612315,Oran,0.2911
2020-12-19,20.76281875,8.82081344047619,20.3399717,-2.0621689166666664,24.233653739583332,0.9989441452380952,0.7343098126065936,0.33544542628635565,Oran,0.2911
2020-12-20,22.103182083333333,0.5235372953124995,23.556253737499997,-3.4394211520833333,39.08450301152083,0.71696172940625,0.8951638473067911,0.012311594134592834,Oran,0.2911
2020-12-21,21.709823333333333,6.335936338958334,20.38905099,-8.4174018125,22.015720708333333,1.2017946333333334,0.5733402457992874,0.20819212141708424,Oran,0.2911
2020-12-22,22.180699583333332,9.761504567391304,18.415205632608696,4.013127745833333,41.470752770833336,0.7905655552173914,0.9809354556019276,0.26060126772256037,Oran,0.2911
2020-12-23,21.909683541666666,4.470233093829787,21.758968336170213,-3.8928828925,27.328918354166664,0.860081489361702,0.5300985283904448,0.14317665590504786,Oran,0.2911
2020-12-24,21.792303750000002,6.036781449583334,24.70829085,-2.1667475625000003,30.061289791666667,0.8515119625,0.5501591468601343,0.18731458522412492,Oran,0.2911
2020-12-25,20.98330916666667,8.596326292733332,27.51470384,-16.001585241666668,21.235914145833334,1.1034965966666668,0.3783207754995906,0.23085133089304524,Oran,0.2911
2020-12-26,20.093428125,1.9706443333333332,123.60716666666667,-19.259332770833332,3.0091525208333323,,0.0085641955789719,0.088494763228049,Oran,0.2911
2020-12-27,19.80082416666667,2.5149310669999996,74.194575,-10.657818166666667,10.162017729166665,1.2285270000000001,0.011892223360340338,0.12079495148678439,Oran,0.2911
2020-12-28,20.52599125,14.572871441860475,-27.002577441860467,-7.751780687499999,-2.2677209583333333,0.6959773860465117,7.870808939932487,,Oran,0.2911
2020-12-29,20.993864791666667,18.163982055882354,-16.44895625882353,-10.366528458333333,-5.492874125000001,0.6458814823529412,0.983018347758583,,Oran,
2020-12-30,21.880989375,17.084751474130435,5.580787355555556,-12.955079479166665,19.677592708333332,0.7416611022222223,1.1541206174168737,0.5235474243716632,Oran,
2020-12-31,21.261824375,13.0492334325,12.036200775000001,-7.7681268333333335,20.809328750000002,0.8188886475,0.8067235061240379,0.45662684679704113,Oran,
