date,site,crop,year,doy,ET_mm,LE_Wm2,H_Wm2,G_Wm2,Rn_Wm2,Ta_mean,Ta_max,Ta_min,VPD_kPa_mean,VPD_kPa_max,SWC,P_mm,Irrig_mm,NDVI,GPP_gC_m2_d,n_obs_le,days_since_irrig,irrig_bucket,season,swc_q,vpd_q,drought_class,is_growing,EBR,qc_frac
2018-01-01,Oran,vetch,2018,1,0.49849178,,,,4.187606146,6.573822917,12.6,-1.6132,0.512656667,1.17,13.19439611,0.0,0.0,0.18,1.19144088,48.0,,no_irrig,winter,low,lo,normal,False,,0.3541666666666667
2018-01-02,Oran,vetch,2018,2,0.308069118,,,,2.623290417,7.83435625,12.7,5.2148,0.439380833,0.81327,12.89574167,0.0,0.0,0.173333333,0.3508704,48.0,,no_irrig,winter,low,lo,normal,False,,0.16666666666666666
2018-01-03,Oran,vetch,2018,3,0.242243486,,,,11.66845177,8.736533333,13.0,5.6227,0.341227708,0.58392,12.92761813,0.0,0.0,0.166666667,0.338377176,48.0,,no_irrig,winter,low,lo,normal,False,,0.3541666666666667
2018-01-04,Oran,vetch,2018,4,0.347889453,,,,42.55300342,10.05362917,12.4,8.2939,0.375348542,0.53324,13.02048236,0.0,0.0,0.16,0.317358648,48.0,,no_irrig,winter,low,lo,normal,False,,0.16666666666666666
2018-01-05,Oran,vetch,2018,5,0.426897992,,,,15.63385558,8.527485417,11.9,2.3185,0.474959792,0.72814,12.61475167,0.0,0.0,0.158,0.7239456,48.0,,no_irrig,winter,low,lo,normal,False,,0.10416666666666667
2018-01-06,Oran,vetch,2018,6,0.385686147,,,,-0.455153719,4.985195833,9.3027,1.749,0.298859375,0.46429,12.54976,1.99,0.0,0.156,0.2614032,48.0,,no_irrig,winter,low,lo,normal,False,,0.3541666666666667
2018-01-07,Oran,vetch,2018,7,0.624414049,,,,28.09410271,3.021572917,6.7643,-1.6295,0.328214167,0.62456,13.61033757,0.0,0.0,0.154,1.84345632,48.0,,no_irrig,winter,low,lo,normal,False,,0.4583333333333333
2018-01-08,Oran,vetch,2018,8,0.439907069,,,,26.86300948,1.86036875,8.6516,-3.4324,0.268351667,0.66212,13.03248889,0.2,0.0,0.152,1.55503368,48.0,,no_irrig,winter,low,lo,normal,False,,0.20833333333333334
2018-01-09,Oran,vetch,2018,9,0.394183763,,,,6.949224771,1.79163125,6.8277,-3.757,0.280258125,0.49806,12.45855549,1.0,0.0,0.15,0.42805152,48.0,,no_irrig,winter,low,lo,normal,False,,0.2708333333333333
2018-01-10,Oran,vetch,2018,10,0.442858776,,,,25.18478143,6.315222917,9.9226,3.4086,0.330403261,0.59283,13.80959194,7.36,0.0,0.148,0.21025008,48.0,,no_irrig,winter,low,lo,normal,False,,0.22916666666666666
2018-01-11,Oran,vetch,2018,11,0.543769714,,,,14.20997319,4.93465,7.5558,2.7796,0.353929583,0.55923,15.84737257,0.2,0.0,0.146,0.21396528,48.0,,no_irrig,winter,mid,lo,normal,False,,0.16666666666666666
2018-01-12,Oran,vetch,2018,12,0.524259918,,,,17.5704556,3.698709375,8.6215,-0.396,0.35919125,0.6494,14.3991966,0.0,0.0,0.144,0.17178696,48.0,,no_irrig,winter,low,lo,normal,False,,0.3958333333333333
2018-01-13,Oran,vetch,2018,13,0.356443127,,,,5.845488938,3.916025,10.5,-2.1758,0.399198958,0.88532,13.76120069,0.2,0.0,0.142,0.17259048,48.0,,no_irrig,winter,low,lo,normal,False,,0.1875
2018-01-14,Oran,vetch,2018,14,0.380790661,,,,15.75057998,4.52405625,6.1714,2.8978,0.285827917,0.3646,13.90475847,0.4,0.0,0.14,0.247151952,48.0,,no_irrig,winter,low,lo,normal,False,,0.4166666666666667
2018-01-15,Oran,vetch,2018,15,0.451761429,,,,28.58169533,3.540108333,8.4612,0.168,0.297999167,0.62421,13.83692757,0.0,0.0,0.145,0.138711528,48.0,,no_irrig,winter,low,lo,normal,False,,0.4583333333333333
2018-01-16,Oran,vetch,2018,16,0.395311224,,,,25.9901269,5.541125,12.8,-1.1549,0.440955625,0.88316,13.45593257,0.2,0.0,0.15,1.44144792,48.0,,no_irrig,winter,low,lo,normal,False,,0.375
2018-01-17,Oran,vetch,2018,17,0.357423576,,,,33.546257,7.284675,13.3,1.8961,0.41318375,0.90075,13.32035958,0.0,0.0,0.15,0.092215908,48.0,,no_irrig,winter,low,lo,normal,False,,0.4166666666666667
2018-01-18,Oran,vetch,2018,18,0.303592335,,,,30.74971365,6.166722917,13.4,-1.6286,0.375568958,0.8785,13.05528528,0.2,0.0,0.15,0.121904568,48.0,,no_irrig,winter,low,lo,normal,False,,0.3541666666666667
2018-01-19,Oran,vetch,2018,19,0.303472286,,,,11.84373923,6.556647917,13.6,0.818,0.432187083,1.02,12.86672208,0.0,0.0,0.15,0.13509504,48.0,,no_irrig,winter,low,lo,normal,False,,0.2708333333333333
2018-01-20,Oran,vetch,2018,20,0.319139559,,,,10.58206223,9.030977083,15.6,4.4455,0.669470417,1.38,12.70645681,0.0,0.0,0.16,0.0822636,48.0,,no_irrig,winter,low,lo,normal,False,,0.3541666666666667
2018-01-21,Oran,vetch,2018,21,0.351959878,,,,26.06238481,10.12156875,15.5,4.5712,0.59502625,1.02,12.66233375,0.0,0.0,0.17,0.0929556,48.0,,no_irrig,winter,low,lo,normal,False,,0.4583333333333333
2018-01-22,Oran,vetch,2018,22,0.340257306,,,,20.04804756,10.51423125,17.8,5.7771,0.592296667,1.2,12.57807549,0.0,0.0,0.14,0.16443,48.0,,no_irrig,winter,low,lo,normal,False,,0.4166666666666667
2018-01-23,Oran,vetch,2018,23,0.385528041,,,,30.04557292,6.316085417,16.3,-1.5786,0.443890417,1.19,12.24488528,0.2,0.0,0.17,0.2061072,48.0,,no_irrig,winter,low,lo,normal,False,,0.14583333333333334
2018-01-24,Oran,vetch,2018,24,0.343845918,,,,24.38633935,9.247733333,17.6,2.1652,0.647840417,1.4,12.14158431,0.2,0.0,0.2,0.2094984,48.0,,no_irrig,winter,low,lo,normal,False,,0.4166666666666667
2018-01-25,Oran,vetch,2018,25,0.399230669,,,,32.53658473,7.286595833,14.5,0.229,0.476763542,0.96116,11.93410549,1.19,0.0,0.18,0.43829208,48.0,,no_irrig,winter,low,lo,normal,False,,0.25
2018-01-26,Oran,vetch,2018,26,0.605965371,,,,35.81802002,4.081027083,7.2636,0.118,0.316917917,0.54985,13.99740514,2.19,0.0,0.16,0.25758432,48.0,,no_irrig,winter,low,lo,normal,False,,0.16666666666666666
2018-01-27,Oran,vetch,2018,27,0.650782873,,,,31.15471452,3.821320833,8.6254,0.0552,0.412339167,0.78003,14.06665924,0.0,0.0,0.164,0.46295064,48.0,,no_irrig,winter,low,lo,normal,False,,0.4166666666666667
2018-01-28,Oran,vetch,2018,28,0.472005478,,,,27.1957704,6.375960417,10.5,2.2818,0.377375417,0.61692,17.58099361,11.74,0.0,0.168,0.3353076,48.0,,no_irrig,winter,mid,lo,normal,False,,0.3541666666666667
2018-01-29,Oran,vetch,2018,29,0.558115714,,,,28.26387767,7.91313125,11.5,3.8191,0.364520833,0.67105,17.0122116,0.0,0.0,0.172,0.64564992,48.0,,no_irrig,winter,mid,lo,normal,False,,0.375
2018-01-30,Oran,vetch,2018,30,0.699395951,,,,38.39550796,5.462216667,9.5626,1.9033,0.284748125,0.54994,15.80013236,0.2,0.0,0.176,0.170964,48.0,,no_irrig,winter,mid,lo,normal,False,,0.4375
2018-01-31,Oran,vetch,2018,31,0.723098718,19.325116557142856,36.00088689655173,-0.8592741875,39.15796396,6.743166667,12.2,2.7516,0.373198333,0.78172,15.32875431,0.0,0.0,0.18,0.2132568,48.0,,no_irrig,winter,low,lo,normal,False,1.3909489605780012,0.5833333333333334
2018-02-01,Oran,vetch,2018,32,0.579869045,,,,33.12095373,5.484772917,10.6,-0.65,0.3693375,0.6423,15.43452292,3.98,0.0,0.168,0.2518992,48.0,,no_irrig,winter,mid,lo,normal,False,,0.16666666666666666
2018-02-02,Oran,vetch,2018,33,0.666793469,,,,33.04569427,1.971372917,6.2078,-0.874,0.35994,0.6768,17.84909528,0.0,0.0,0.156,0.21708,48.0,,no_irrig,winter,mid,lo,normal,False,,0.2708333333333333
2018-02-03,Oran,vetch,2018,34,0.632779788,,,,40.00317271,2.71655625,7.2829,-1.9292,0.44694375,0.71401,15.69183868,0.0,0.0,0.144,0.1966896,48.0,,no_irrig,winter,mid,lo,normal,False,,0.3958333333333333
2018-02-04,Oran,vetch,2018,35,0.379377478,,,,19.91656206,3.32365,6.7085,0.671,0.325013333,0.54911,16.11966451,7.36,0.0,0.132,0.21389616,48.0,,no_irrig,winter,mid,lo,normal,False,,0.2916666666666667
2018-02-05,Oran,vetch,2018,36,0.558243037,,,,47.95754994,1.297725,3.7696,-2.8804,0.273472708,0.36229,18.85038083,6.37,0.0,0.12,0.166973119,48.0,,no_irrig,winter,mid,lo,normal,False,,0.20833333333333334
2018-02-06,Oran,vetch,2018,37,0.315012931,,,,-4.295670083,-0.431891667,1.0855,-3.0205,0.199552292,0.29641,17.04513917,0.6,0.0,0.135,4.03431192,48.0,,no_irrig,winter,mid,lo,normal,False,,0.16666666666666666
2018-02-07,Oran,vetch,2018,38,0.643453156,,,,45.3136904,-0.063133333,4.6979,-3.6503,0.301991875,0.49461,16.04327167,0.0,0.0,0.15,0.187488,48.0,,no_irrig,winter,mid,lo,normal,False,,0.3541666666666667
2018-02-08,Oran,vetch,2018,39,0.645104571,22.797208189583333,78.44117939130435,-8.8252889375,49.75473971,-0.675372917,4.438,-4.342,0.305077083,0.58015,15.39398701,0.0,0.0,0.19,0.1964952,48.0,,no_irrig,winter,mid,lo,normal,False,1.8573727686069987,0.5
2018-02-09,Oran,vetch,2018,40,0.638223135,,,,54.161952,1.413458333,6.0048,-2.5323,0.385022917,0.65124,14.94217069,0.0,0.0,0.19,0.31133808,48.0,,no_irrig,winter,low,lo,normal,False,,0.4375
2018-02-10,Oran,vetch,2018,41,0.593927633,,,,32.04353329,2.59700625,6.2307,0.636,0.385511667,0.6293,14.95876868,0.0,0.0,0.19,0.19180368,48.0,,no_irrig,winter,low,lo,normal,False,,0.2708333333333333
2018-02-11,Oran,vetch,2018,42,0.500513216,12.231367675,30.67997708333333,7.705286379166666,59.11819333,6.690222917,13.2,0.755,0.580657917,0.9297,14.87858722,0.0,0.0,0.19,0.30495744,48.0,,no_irrig,winter,low,lo,normal,False,0.8561938091054654,0.5
2018-02-12,Oran,vetch,2018,43,0.3937572,,,,-6.594133146,6.149541667,8.7273,2.1158,0.347201489,0.5006,16.75668542,11.34,0.0,0.19,0.1838376,48.0,,no_irrig,winter,mid,lo,normal,False,,0.2708333333333333
2018-02-13,Oran,vetch,2018,44,0.759049127,,,,29.30425133,3.501311111,9.5677,-3.2181,0.446628,0.78656,16.95731874,0.0,0.0,0.19,0.1758132,48.0,,no_irrig,winter,mid,lo,normal,False,,0.375
2018-02-14,Oran,vetch,2018,45,0.55537031,,,,41.18294917,7.158860417,10.0,4.4637,0.472875417,0.64535,16.23341285,0.0,0.0,0.19,0.16652736,48.0,,no_irrig,winter,mid,lo,normal,False,,0.1875
2018-02-15,Oran,vetch,2018,46,0.378101388,,,,75.56965365,9.513958333,14.5,6.345,0.496514792,0.85758,16.11519771,0.0,0.0,0.19,0.1897344,48.0,,no_irrig,winter,mid,lo,normal,False,,0.4791666666666667
2018-02-16,Oran,vetch,2018,47,0.307759004,,,,51.63748715,7.64829375,14.3,3.2386,0.329665625,0.72839,15.70917035,0.0,0.0,0.186,0.153270576,48.0,,no_irrig,winter,mid,lo,normal,False,,0.1875
2018-02-17,Oran,vetch,2018,48,0.378292041,,,,68.92429202,7.921302083,14.6,2.0556,0.463430625,0.98324,15.55655271,0.2,0.0,0.182,0.152584128,48.0,,no_irrig,winter,mid,lo,normal,False,,0.3958333333333333
2018-02-18,Oran,vetch,2018,49,0.358149306,,,,30.12167604,6.971822917,11.5,1.6302,0.385787083,0.71471,15.23384493,0.0,0.0,0.178,0.143995104,48.0,,no_irrig,winter,low,lo,normal,False,,0.3125
2018-02-19,Oran,vetch,2018,50,0.456655151,,,,70.49092231,6.488964583,13.4,1.3181,0.493206042,0.98873,14.93079333,0.0,0.0,0.174,0.164686176,48.0,,no_irrig,winter,low,lo,normal,False,,0.375
2018-02-20,Oran,vetch,2018,51,0.346314784,17.540780341666668,56.31478629629629,-1.882914895833333,53.79813979,8.328895833,13.9,4.273,0.567187708,1.04,14.64378792,0.0,0.0,0.17,0.1742256,48.0,,no_irrig,winter,low,lo,normal,False,1.3378278881173915,0.5
2018-02-21,Oran,vetch,2018,52,0.445812098,,,,42.4756171,4.996102083,10.1,1.2615,0.495482708,0.95949,14.12282382,0.0,0.0,0.16,0.161147232,48.0,,no_irrig,winter,low,lo,normal,False,,0.4583333333333333
2018-02-22,Oran,vetch,2018,53,0.48502775,,,,65.27353281,2.538079167,9.4208,-3.6414,0.561843125,1.01,13.81516438,0.0,0.0,0.15,0.171137448,48.0,,no_irrig,winter,low,lo,normal,False,,0.3125
2018-02-23,Oran,vetch,2018,54,0.461115404,,,,56.91285219,0.732320833,8.6458,-5.5202,0.528085,0.95056,13.38599354,0.0,0.0,0.14,0.172708416,48.0,,no_irrig,winter,low,lo,normal,False,,0.2916666666666667
2018-02-24,Oran,vetch,2018,55,0.413794727,,,,60.695613,3.468735,10.9,-3.9356,0.524841875,1.03,13.38018701,0.0,0.0,0.165,0.17240256,48.0,,no_irrig,winter,low,lo,normal,False,,0.4583333333333333
2018-02-25,Oran,vetch,2018,56,0.392311763,19.527655115384615,80.90692518518519,-2.666661479166667,63.89826229,5.3442375,12.4,-3.0735,0.668954375,1.33,13.32680479,0.0,0.0,0.19,0.17883072,48.0,,no_irrig,winter,low,lo,normal,False,1.5300559876751705,0.5416666666666666
2018-02-26,Oran,vetch,2018,57,0.476222547,,,,69.98088979,6.874910417,15.7,-4.2444,0.849025625,1.65,13.24404396,0.0,0.0,0.19,0.18603648,48.0,,no_irrig,winter,low,mid,normal,False,,0.2708333333333333
2018-02-27,Oran,vetch,2018,58,0.377991331,,,,8.567790792,5.033647917,6.5787,3.6667,0.335705417,0.58555,17.46643625,16.0,0.0,0.19,0.12208968,48.0,,no_irrig,winter,mid,lo,normal,False,,0.10416666666666667
2018-02-28,Oran,vetch,2018,59,0.721267861,,,,46.94973966,9.013683333,13.3,5.3497,0.495032292,0.83041,18.89143694,0.2,0.0,0.19,0.129976056,48.0,,no_irrig,winter,mid,lo,normal,False,,0.3958333333333333
2018-03-01,Oran,vetch,2018,60,0.735356131,,,,25.2574526,9.758716,12.3,7.702,0.488866,0.60023,17.42663947,1.6,0.0,0.19,0.1396494,48.0,,no_irrig,spring,mid,lo,normal,False,,0.14583333333333334
2018-03-02,Oran,vetch,2018,61,0.766840041,,,,,,,,0.0,0.0,,10.2,0.0,0.19,0.142309008,48.0,,no_irrig,spring,,lo,normal,False,,0.0
2018-03-03,Oran,vetch,2018,62,1.288823951,,,,,,,,0.0,0.0,,1.2,0.0,0.19,0.158864544,48.0,,no_irrig,spring,,lo,normal,False,,0.0
2018-03-04,Oran,vetch,2018,63,1.660040816,,,,,,,,0.0,0.0,,1.8,0.0,0.19,0.16335864,48.0,,no_irrig,spring,,lo,normal,False,,0.0
2018-03-05,Oran,vetch,2018,64,1.482465306,,,,106.2795148,7.1356,10.2,4.8691,0.443776552,0.65973,20.65140046,3.8,0.0,0.19,0.15534936,48.0,,no_irrig,spring,wet,lo,normal,False,,0.25
2018-03-06,Oran,vetch,2018,65,1.441736816,,,,61.19972281,7.021522917,10.6,4.1496,0.471520417,0.7171,19.32136146,0.6,0.0,0.19,0.16460928,48.0,,no_irrig,spring,mid,lo,normal,False,,0.25
2018-03-07,Oran,vetch,2018,66,1.449507527,,,,85.92445225,6.285554167,10.7,2.7958,0.499639167,0.90655,19.67691618,0.0,0.0,0.19,0.18062028,48.0,,no_irrig,spring,mid,lo,normal,False,,0.4583333333333333
2018-03-08,Oran,vetch,2018,67,1.245290106,,,,92.22788832,9.8130875,15.6,4.289,0.463105625,0.84047,20.7047666,4.2,0.0,0.186666667,0.152986104,48.0,,no_irrig,spring,wet,lo,normal,False,,0.375
2018-03-09,Oran,vetch,2018,68,1.178900155,,,,108.6427474,12.7469625,18.6,5.5647,0.681,1.41,21.89936333,3.0,0.0,0.183333333,0.176893416,48.0,,no_irrig,spring,wet,lo,normal,False,,0.375
2018-03-10,Oran,vetch,2018,69,1.004971224,,,,55.63587465,13.51382708,19.7,8.8306,0.841015833,1.69,20.29064097,1.4,0.0,0.18,0.149598576,48.0,,no_irrig,spring,wet,mid,normal,False,,0.4583333333333333
2018-03-11,Oran,vetch,2018,70,1.413869731,,,,68.10052567,7.492372917,10.6,5.0655,0.490281667,0.69975,20.43094403,3.4,0.0,0.185,0.15050772,48.0,,no_irrig,spring,wet,lo,normal,False,,0.22916666666666666
2018-03-12,Oran,vetch,2018,71,1.509528784,,,,80.75509529,8.200175,11.9,5.9758,0.600724167,0.94579,19.92313924,0.0,0.0,0.19,0.182423098,48.0,,no_irrig,spring,wet,lo,normal,False,,0.1875
2018-03-13,Oran,vetch,2018,72,1.087627078,,,,97.94006641,10.7880125,16.6,2.4147,0.662373542,1.25,19.43033993,0.0,0.0,0.1925,0.178803504,48.0,,no_irrig,spring,mid,lo,normal,False,,0.4166666666666667
2018-03-14,Oran,vetch,2018,73,0.797792106,,,,32.34256367,10.9914913,16.1,4.7146,0.670734565,1.2,19.55575457,0.0,0.0,0.195,0.151471728,48.0,,no_irrig,spring,mid,lo,normal,False,,0.2916666666666667
2018-03-15,Oran,vetch,2018,74,1.456132996,,,,85.65834604,8.782839583,13.6,5.8522,0.566567917,0.91036,19.72516806,2.0,0.0,0.1975,0.159443424,48.0,,no_irrig,spring,wet,lo,normal,False,,0.4583333333333333
2018-03-16,Oran,vetch,2018,75,1.229752212,,,,-39.1332915,5.167745,6.6812,3.3731,0.3698555,0.46572,18.69482567,0.0,0.0,0.2,0.15084792,48.0,,no_irrig,spring,mid,lo,normal,False,,0.16666666666666666
2018-03-17,Oran,vetch,2018,76,1.173299437,,,,,,,,0.0,0.0,,2.6,0.0,0.2025,0.133714152,48.0,,no_irrig,spring,,lo,normal,False,,0.0
2018-03-18,Oran,vetch,2018,77,0.961151069,,,,,,,,0.0,0.0,,0.0,0.0,0.205,0.11223792,48.0,,no_irrig,spring,,lo,normal,False,,0.0
2018-03-19,Oran,vetch,2018,78,0.986189804,,,,,,,,0.0,0.0,,3.6,0.0,0.2075,0.097156368,48.0,,no_irrig,spring,,lo,normal,False,,0.0
2018-03-20,Oran,vetch,2018,79,0.900227535,,,,,,,,0.0,0.0,,0.0,0.0,0.21,0.077734944,48.0,,no_irrig,spring,,lo,normal,False,,0.0
2018-03-21,Oran,vetch,2018,80,0.724995992,,,,,,,,0.0,0.0,,0.0,0.0,0.205,0.057563568,48.0,,no_irrig,spring,,lo,normal,False,,0.0
2018-03-22,Oran,vetch,2018,81,0.996050865,,,,,,,,0.0,0.0,,0.0,0.0,0.2,0.036046512,48.0,,no_irrig,spring,,lo,normal,False,,0.0
2018-03-23,Oran,vetch,2018,82,1.115455078,,,,179.6647383,10.01056667,12.4,7.7632,0.70865,1.01,20.07648901,0.0,0.0,0.194,0.01534356,48.0,,no_irrig,spring,wet,mid,normal,False,,0.10416666666666667
2018-03-24,Oran,vetch,2018,83,1.16880649,,,,65.13238779,7.117885417,10.3,2.0725,0.605466667,0.81649,19.59207021,3.2,0.0,0.188,0.044075016,48.0,,no_irrig,spring,mid,lo,normal,False,,0.125
2018-03-25,Oran,vetch,2018,84,0.787491845,,,,61.55424188,6.289891667,9.5957,3.6857,0.543952917,0.84298,19.33584319,0.0,0.0,0.182,0.087127488,48.0,,no_irrig,spring,mid,lo,normal,False,,0.2916666666666667
2018-03-26,Oran,vetch,2018,85,0.830501706,28.626723832142858,50.62301361111111,0.8520743750000004,80.73963375,7.238104167,13.4,2.2999,0.636935833,1.2,19.47260174,0.2,0.0,0.176,0.141163776,48.0,,no_irrig,spring,mid,lo,normal,False,0.992100262261271,0.5833333333333334
2018-03-27,Oran,vetch,2018,86,0.930133029,29.11207,98.53469923076923,14.4343979375,124.3034934,11.29719375,18.5,3.8194,0.9379375,1.63,19.49838819,0.0,0.0,0.17,0.193276217,48.0,,no_irrig,spring,mid,mid,normal,False,1.1430182954875745,0.5
2018-03-28,Oran,vetch,2018,87,1.063448743,30.29165525,51.97647007692308,20.03873264583333,113.9411275,15.40448958,22.1,7.5233,1.293216458,2.2,19.21703799,0.0,0.0,0.172857143,0.20465352,48.0,,no_irrig,spring,mid,hi,normal,False,0.8978922731193477,0.75
2018-03-29,Oran,vetch,2018,88,0.935020653,,,,96.40379375,12.1788375,18.0,7.559,0.992639792,1.65,18.90048222,0.0,0.0,0.175714286,0.242843832,48.0,,no_irrig,spring,mid,mid,normal,False,,0.4791666666666667
2018-03-30,Oran,vetch,2018,89,0.882233265,34.956899375,70.87983814285714,-10.15037925,82.86636771,8.249639583,11.5,4.88,0.674159375,1.05,18.1627125,2.8,0.0,0.178571429,0.278159184,48.0,,no_irrig,spring,mid,lo,normal,False,1.1547067998038314,0.5
2018-03-31,Oran,vetch,2018,90,1.312147396,,,,106.8796376,7.30524375,12.2,3.8936,0.68346875,1.12,18.20057431,0.2,0.0,0.181428571,0.274430182,48.0,,no_irrig,spring,mid,mid,normal,False,,0.3125
2018-04-01,Oran,vetch,2018,91,0.894597061,33.5982724,80.85919461538461,6.636919833333333,106.5378807,9.629275,16.9,0.874,0.876477083,1.54,18.40222604,0.0,0.0,0.184285714,0.381392496,48.0,,no_irrig,spring,mid,mid,normal,False,1.1366322109184372,0.5208333333333334
2018-04-02,Oran,vetch,2018,92,0.862629061,,,,92.57882342,12.367675,20.8,6.3778,1.111164375,1.97,18.17503458,0.0,0.0,0.187142857,0.56909736,48.0,,no_irrig,spring,mid,mid,normal,False,,0.4791666666666667
2018-04-03,Oran,vetch,2018,93,0.968080849,,,,144.99647,12.6195125,18.5,6.6916,0.937735625,1.59,18.12817153,0.0,0.0,0.19,0.730022328,48.0,,no_irrig,spring,mid,mid,normal,False,,0.4375
2018-04-04,Oran,vetch,2018,94,0.921970367,,,,104.5815212,10.69828958,15.2,4.6461,0.858108333,1.35,17.67474708,0.0,0.0,0.15,0.64543392,48.0,,no_irrig,spring,mid,mid,normal,False,,0.3541666666666667
2018-04-05,Oran,vetch,2018,95,1.125809706,43.398392041666675,93.89456333333334,15.093674666666667,125.4922081,11.81551875,19.2,1.963,0.974492292,1.77,17.3674034,0.0,0.0,0.15375,0.6966702,48.0,,no_irrig,spring,mid,mid,normal,False,1.214311488486024,0.5
2018-04-06,Oran,vetch,2018,96,0.953034465,,,,73.49272433,13.41834375,19.9,7.9255,1.043747917,1.75,18.17060924,0.2,0.0,0.1575,0.712357848,48.0,,no_irrig,spring,mid,mid,normal,False,,0.25
2018-04-07,Oran,vetch,2018,97,0.402406604,,,,21.77064714,8.730120833,14.1,5.3337,0.539364894,0.96294,20.61532222,12.6,0.0,0.16125,0.487027944,48.0,,no_irrig,spring,wet,lo,normal,False,,0.25
2018-04-08,Oran,vetch,2018,98,1.258628253,47.27923062878788,57.448343470588235,-6.371797145833334,109.9138047,8.48158125,12.1,5.5532,0.584660417,0.88423,23.60737313,0.2,0.0,0.165,0.92789604,48.0,,no_irrig,spring,wet,lo,normal,False,0.8948446213334087,0.6875
2018-04-09,Oran,vetch,2018,99,1.504302024,50.48801761538462,93.134764,-8.312532416666665,109.9218748,6.924004167,11.1,3.5894,0.59575875,1.05,21.75167111,0.0,0.0,0.16875,0.991868112,48.0,,no_irrig,spring,wet,lo,normal,False,1.2309674435154012,0.5416666666666666
2018-04-10,Oran,vetch,2018,100,0.966858171,,,,30.13248613,6.8203375,10.5,3.0612,0.541306875,0.73322,21.0560741,5.6,0.0,0.1725,0.737825544,48.0,,no_irrig,spring,wet,lo,normal,False,,0.3958333333333333
2018-04-11,Oran,vetch,2018,101,1.153291739,,,,35.37719446,4.873835417,7.7199,2.5416,0.438721556,0.60848,23.05059021,1.2,0.0,0.17625,0.76347684,48.0,,no_irrig,spring,wet,lo,normal,False,,0.08333333333333333
2018-04-12,Oran,vetch,2018,102,1.321330188,,,,92.05633227,7.7858,12.0,5.6598,0.554352083,0.93362,22.9258641,2.2,0.0,0.18,0.895510944,48.0,,no_irrig,spring,wet,lo,normal,False,,0.4166666666666667
2018-04-13,Oran,vetch,2018,103,1.12614502,,,,96.16768225,7.390095833,12.4,0.701,0.540037917,0.90554,22.72420319,0.2,0.0,0.205,1.047161304,48.0,,no_irrig,spring,wet,lo,normal,False,,0.3541666666666667
2018-04-14,Oran,vetch,2018,104,1.468499069,,,,153.2229998,9.459127083,16.1,2.8295,0.74049625,1.36,21.82829875,0.0,0.0,0.23,1.297065528,48.0,,no_irrig,spring,wet,mid,normal,False,,0.4791666666666667
2018-04-15,Oran,vetch,2018,105,1.381004302,62.85741384,141.97079634615386,11.893662291666665,146.8193977,11.64649375,17.3,5.7848,0.745070417,1.28,21.07422611,0.0,0.0,0.205,1.317927672,48.0,,no_irrig,spring,wet,mid,normal,False,1.4761119840417873,0.5208333333333334
2018-04-16,Oran,vetch,2018,106,1.519685486,52.295940384615385,113.41752956,0.42177445833333405,137.2400963,10.93023958,14.7,7.1585,0.748470625,1.2,21.12248653,1.6,0.0,0.18,1.417293936,48.0,,no_irrig,spring,wet,mid,normal,False,1.2105445051591381,0.5416666666666666
2018-04-17,Oran,vetch,2018,107,1.610856735,,,,147.7632102,12.5572625,20.6,2.9959,0.929380208,1.81,19.98184431,0.0,0.0,0.203333333,1.860743016,48.0,,no_irrig,spring,wet,mid,normal,False,,0.4583333333333333
2018-04-18,Oran,vetch,2018,108,1.785820482,67.59484403888888,83.45738583333333,14.381188875,151.4505718,15.07696667,21.5,8.2313,1.143189792,2.02,19.97262861,0.0,0.0,0.226666667,2.42935524,48.0,,no_irrig,spring,wet,hi,normal,False,1.0923261414243886,0.75
2018-04-19,Oran,vetch,2018,109,1.510371918,,,,128.2673221,13.14365208,19.4,4.8995,0.919693125,1.65,20.10827431,0.0,0.0,0.25,2.737360656,48.0,,no_irrig,spring,wet,mid,normal,False,,0.4791666666666667
2018-04-20,Oran,vetch,2018,110,1.124387853,41.66198696551724,58.98867334375,-0.4945338541666664,83.96886804,12.6170625,17.7,8.3051,0.728581458,1.27,20.45803444,0.0,0.0,0.261428571,2.678117688,48.0,,no_irrig,spring,wet,mid,normal,False,1.1927769039997245,0.6041666666666666
2018-04-21,Oran,vetch,2018,111,1.227997543,57.18885314814815,79.02891003571428,5.614257500000001,96.24989767,12.86379792,19.9,6.9386,0.822307083,1.62,20.33159681,0.0,0.0,0.272857143,3.086684496,48.0,,no_irrig,spring,wet,mid,normal,False,1.473581002392918,0.5625
2018-04-22,Oran,vetch,2018,112,1.413507673,50.750649875,47.63395928125,8.175324010416666,101.805356,15.07041458,22.2,8.5005,1.120154792,2.11,20.17126188,0.0,0.0,0.284285714,3.095936424,48.0,,no_irrig,spring,wet,mid,normal,False,1.0467026230591117,0.6666666666666666
2018-04-23,Oran,vetch,2018,113,1.509792539,,,,107.4289335,15.7375,22.4,10.2,1.266453958,2.17,19.79800493,0.0,0.0,0.295714286,3.226544928,48.0,,no_irrig,spring,wet,hi,normal,False,,0.2916666666666667
2018-04-24,Oran,vetch,2018,114,1.675291298,,,,137.7352808,15.92291667,23.2,10.6,1.308682917,2.19,19.34255694,0.0,0.0,0.307142857,3.33564048,48.0,,no_irrig,spring,mid,hi,normal,True,,0.20833333333333334
2018-04-25,Oran,vetch,2018,115,1.43821418,,,,117.429096,14.22132917,20.7,8.2043,1.110275208,1.94,18.88606361,0.0,0.0,0.318571429,3.692347416,48.0,,no_irrig,spring,mid,mid,normal,True,,0.2708333333333333
2018-04-26,Oran,vetch,2018,116,1.554847935,,,,131.3636111,15.48187708,22.0,9.4408,1.145484792,2.02,18.51094972,0.0,0.0,0.33,4.029002424,48.0,,no_irrig,spring,mid,hi,normal,True,,0.3333333333333333
2018-04-27,Oran,vetch,2018,117,1.841324033,,,,164.027459,17.75208333,23.9,10.2,1.289022708,2.28,18.09381368,0.0,0.0,0.3,4.582037592,48.0,,no_irrig,spring,mid,hi,normal,False,,0.3958333333333333
2018-04-28,Oran,vetch,2018,118,1.465068269,,,,101.2458727,15.33395,22.3,7.487,1.176546458,2.09,17.81678278,0.0,0.0,0.27,4.02211224,48.0,,no_irrig,spring,mid,hi,normal,False,,0.22916666666666666
2018-04-29,Oran,vetch,2018,119,1.360414212,,,,145.9361577,9.35973125,12.0,5.3395,0.854497708,1.1,17.83404049,0.0,0.0,0.31,4.2788412,48.0,,no_irrig,spring,mid,mid,normal,True,,0.25
2018-04-30,Oran,vetch,2018,120,1.079116531,42.602988653846154,66.90782603333334,-9.500966937500001,87.47770035,8.3572375,13.3,3.9071,0.780273696,1.29,17.61288382,0.2,0.0,0.31,3.18969792,48.0,,no_irrig,spring,mid,mid,normal,True,1.1432610521855804,0.5416666666666666
2018-05-01,Oran,vetch,2018,121,1.146535861,,,,166.5140001,7.816845833,14.8,-0.836,0.906125319,1.7,16.98982972,0.0,0.0,0.31,3.126322872,48.0,,no_irrig,spring,mid,mid,normal,True,,0.2916666666666667
2018-05-02,Oran,vetch,2018,122,1.190627339,44.10046629166666,130.88151,3.0283737708333334,130.3479913,11.40621667,16.6,6.5821,1.106159583,1.67,16.95460313,0.0,0.0,0.31,2.652749136,48.0,,no_irrig,spring,mid,mid,normal,True,1.3656547241501802,0.5
2018-05-03,Oran,vetch,2018,123,1.347194645,47.21694875000001,125.81697035714285,6.3013351250000005,149.5189398,13.4965,18.6,8.4872,1.261609792,1.84,16.7825091,0.0,0.0,0.31,2.856780144,48.0,,no_irrig,spring,mid,hi,normal,True,1.1994149669735552,0.5833333333333334
2018-05-04,Oran,vetch,2018,124,1.358292343,,,,147.5782779,12.03485417,19.4,3.6989,1.099038542,1.76,16.27950194,0.0,0.0,0.31,3.259733976,48.0,,no_irrig,spring,mid,mid,normal,True,,0.4791666666666667
2018-05-05,Oran,vetch,2018,125,1.125105869,,,,83.840604,14.84583333,20.9,10.9,1.151258958,1.92,16.10312097,0.0,0.0,0.34,2.93636448,48.0,,no_irrig,spring,mid,hi,normal,True,,0.4583333333333333
2018-05-06,Oran,vetch,2018,126,1.405034155,,,,146.659901,14.39151875,20.9,6.6869,1.109038125,1.92,15.94752049,3.4,0.0,0.37,3.808239408,48.0,,no_irrig,spring,mid,mid,normal,True,,0.2916666666666667
2018-05-07,Oran,vetch,2018,127,1.552090041,,,,152.9765524,15.76661042,22.5,6.9252,1.29398875,2.2,15.60305576,0.0,0.0,0.366666667,3.769140168,48.0,,no_irrig,spring,mid,hi,normal,True,,0.3125
2018-05-08,Oran,vetch,2018,128,1.436327853,,,,137.5788411,15.7375,22.8,10.6,1.205013542,2.14,15.28939319,0.0,0.0,0.363333333,3.120888744,48.0,,no_irrig,spring,low,hi,normal,True,,0.4583333333333333
2018-05-09,Oran,vetch,2018,129,2.468920335,,,,133.4529604,16.05362083,24.1,6.9514,1.037707917,2.18,15.2775491,1.2,0.0,0.36,3.66596928,48.0,,no_irrig,spring,low,mid,normal,True,,0.2708333333333333
2018-05-10,Oran,vetch,2018,130,2.816253918,,,,120.8318761,16.2375,22.5,13.2,0.658766458,1.65,16.8376475,4.4,0.0,0.365,5.2706808,48.0,,no_irrig,spring,mid,lo,normal,True,,0.25
2018-05-11,Oran,vetch,2018,131,1.562032139,,,,149.115451,16.86875,23.3,10.9,1.015494167,1.89,19.17783681,0.0,0.0,0.37,6.03369216,48.0,,no_irrig,spring,mid,mid,normal,True,,0.4375
2018-05-12,Oran,vetch,2018,132,1.75722098,73.76013932400001,63.650772800000006,-3.511518416666666,164.7399118,16.06458333,20.5,10.6,1.1664875,1.74,17.76204729,0.0,0.0,0.366666667,5.36341392,48.0,,no_irrig,spring,mid,hi,normal,True,0.8127926757461492,0.5208333333333334
2018-05-13,Oran,vetch,2018,133,1.639807494,57.10576734482758,115.93429258064516,-7.133803727083333,173.1685264,11.08378958,16.2,4.9264,1.139194583,1.69,16.72141222,0.0,0.0,0.363333333,5.35197672,48.0,,no_irrig,spring,mid,hi,normal,True,0.9580624125610259,0.6041666666666666
2018-05-14,Oran,vetch,2018,134,1.517509249,63.513027517241376,135.74364233333333,3.1241481249999996,165.3146171,12.52964792,18.9,6.5978,1.1481625,1.78,15.97609472,0.0,0.0,0.36,4.96118736,48.0,,no_irrig,spring,mid,hi,normal,True,1.2242161127512066,0.6041666666666666
2018-05-15,Oran,vetch,2018,135,1.538786939,,,,171.2985495,12.78235208,20.0,3.0132,1.100363542,1.9,15.40534708,0.0,0.0,0.36,4.8157956,48.0,,no_irrig,spring,mid,mid,normal,True,,0.4791666666666667
2018-05-16,Oran,vetch,2018,136,1.594348604,56.888775587096774,106.02340600000001,8.1447355,174.2033079,14.899875,21.6,5.0577,1.310100417,2.2,14.86928743,0.0,0.0,0.36,3.89102832,48.0,,no_irrig,spring,low,hi,normal,True,0.9819383977970608,0.6458333333333334
2018-05-17,Oran,vetch,2018,137,1.639504947,48.61698225,137.170473125,6.3597862291666685,171.0516205,14.19197083,21.1,4.2433,1.188620208,2.02,14.39342049,0.0,0.0,0.368,4.05861624,48.0,,no_irrig,spring,low,hi,normal,True,1.1233289757168483,0.6666666666666666
2018-05-18,Oran,vetch,2018,138,1.508825608,,,,152.4434294,15.07830417,21.6,8.0525,1.161413333,2.05,14.05634146,0.0,0.0,0.376,3.912913872,48.0,,no_irrig,spring,low,hi,normal,True,,0.4375
2018-05-19,Oran,vetch,2018,139,1.458861061,,,,158.8633413,15.047025,21.7,6.1992,1.183353542,2.13,14.20565813,0.0,0.0,0.384,4.33183248,48.0,,no_irrig,spring,low,hi,normal,True,,0.3125
2018-05-20,Oran,vetch,2018,140,1.365998767,,,,134.4898493,14.93989375,21.3,7.7015,1.149991667,2.06,13.95559819,0.0,0.0,0.392,3.86528112,48.0,,no_irrig,spring,low,hi,normal,True,,0.4166666666666667
2018-05-21,Oran,vetch,2018,141,1.279495543,,,,109.2636134,14.62905833,20.9,6.5599,1.069448333,1.9,13.66256771,0.0,0.0,0.4,3.89633328,48.0,,no_irrig,spring,low,mid,normal,True,,0.2916666666666667
2018-05-22,Oran,vetch,2018,142,1.427994882,,,,143.8147717,15.65966667,24.1,4.6566,1.194966042,2.17,13.44064681,0.0,0.0,0.393333333,4.30874208,48.0,,no_irrig,spring,low,hi,normal,True,,0.3333333333333333
2018-05-23,Oran,vetch,2018,143,1.411460082,42.84765790322581,95.67493857142858,2.8378145208333336,139.7908366,17.87083333,25.5,12.2,1.461220833,2.96,13.13161507,0.0,0.0,0.386666667,3.530088,48.0,,no_irrig,spring,low,hi,normal,True,1.011228020285986,0.6458333333333334
2018-05-24,Oran,vetch,2018,144,1.368615453,,,,105.1208295,17.135425,24.3,8.9937,1.383948958,2.56,13.04992444,0.2,0.0,0.38,3.78811728,48.0,,no_irrig,spring,low,hi,normal,True,,0.4791666666666667
2018-05-25,Oran,vetch,2018,145,1.48295351,,,,97.37311965,15.66405957,21.6,8.9581,0.943875556,1.72,13.27689787,5.6,0.0,0.31,4.206708,48.0,,no_irrig,spring,low,mid,normal,True,,0.2916666666666667
2018-05-26,Oran,vetch,2018,146,1.899897722,,,,171.4227424,16.95237917,24.1,8.3048,1.102750417,2.11,15.71101139,0.0,0.0,0.24,4.1468652,48.0,,no_irrig,spring,mid,mid,normal,False,,0.4583333333333333
2018-05-27,Oran,vetch,2018,147,1.218308033,,,,58.52218605,14.21117708,21.2,9.5365,0.823951026,1.51,19.10439132,11.4,0.0,0.24,3.24764208,48.0,,no_irrig,spring,mid,mid,normal,False,,0.3541666666666667
2018-05-28,Oran,vetch,2018,148,2.111753784,,,,157.9142767,15.13541667,20.4,10.7,0.827426512,1.51,22.6093459,4.0,0.0,0.24,4.94755128,48.0,,no_irrig,spring,wet,mid,normal,False,,0.2916666666666667
2018-05-29,Oran,vetch,2018,149,1.607066376,,,,106.4157803,14.20509375,21.3,9.3966,0.940728095,1.6,25.79064535,7.8,0.0,0.24,4.28394528,48.0,,no_irrig,spring,wet,mid,normal,False,,0.10416666666666667
2018-05-30,Oran,vetch,2018,150,2.303762327,98.85253003846154,56.92287203571429,-1.8599823125000003,149.3832011,14.8875,19.7,10.3,0.923645417,1.59,24.19244333,0.0,0.0,0.24,6.12426312,48.0,,no_irrig,spring,wet,mid,normal,False,1.0303395471878676,0.5416666666666666
2018-05-31,Oran,vetch,2018,151,2.296253608,,,,118.5905599,16.91467917,23.2,9.842,1.166534583,1.93,21.84057389,0.0,0.0,0.258181818,6.55396272,48.0,,no_irrig,spring,wet,hi,normal,False,,0.3333333333333333
2018-06-01,Oran,vetch,2018,152,3.164636865,104.76407918518518,64.99359961538461,5.4008751875,193.2223252,17.8375,23.8,11.4,1.430981667,2.28,20.42627056,0.0,0.0,0.276363636,6.932736,48.0,,no_irrig,summer,wet,hi,normal,False,0.9065130222359808,0.5625
2018-06-02,Oran,vetch,2018,153,1.496548065,,,,59.84819754,13.68498333,19.3,9.3203,0.769403077,1.21,22.22953535,34.0,0.0,0.294545455,4.66664328,48.0,,no_irrig,summer,wet,mid,normal,False,,0.3541666666666667
2018-06-03,Oran,vetch,2018,154,2.677554808,,,,180.6462553,15.66458333,21.8,10.2,1.255533667,1.75,28.55691556,11.2,0.0,0.312727273,6.64671312,48.0,,no_irrig,summer,wet,hi,normal,True,,0.4583333333333333
2018-06-04,Oran,vetch,2018,155,2.790076482,101.40422225,78.15395806451613,5.812772229166668,171.2849414,16.79583333,21.7,10.1,1.1688725,1.86,24.00430021,0.0,0.0,0.330909091,6.48745848,48.0,,no_irrig,summer,wet,hi,normal,True,1.0822373000832022,0.6666666666666666
2018-06-05,Oran,vetch,2018,156,2.317395747,92.29965883999999,87.47926988461539,0.35731206250000086,149.2585054,15.04166667,18.6,11.9,1.050349792,1.51,22.50606,0.0,0.0,0.349090909,5.76840096,48.0,,no_irrig,summer,wet,mid,normal,True,1.2068742100621823,0.5208333333333334
2018-06-06,Oran,vetch,2018,157,1.601607673,,,,76.51906583,13.04375,15.3,11.4,0.748192917,1.03,21.99717819,3.8,0.0,0.367272727,5.27929704,48.0,,no_irrig,summer,wet,mid,normal,True,,0.4583333333333333
2018-06-07,Oran,vetch,2018,158,2.585616686,85.1849655,59.90157172413792,15.301516458125,155.3772352,16.40625,22.0,10.3,1.144289375,1.91,21.57799306,0.2,0.0,0.385454545,6.126779304,48.0,,no_irrig,summer,wet,hi,normal,True,1.0322493733860756,0.5416666666666666
2018-06-08,Oran,vetch,2018,159,2.130195086,,,,112.5281138,17.84791667,24.0,11.2,1.23743625,2.16,20.47036097,0.0,0.0,0.403636364,4.60704348,48.0,,no_irrig,summer,wet,hi,normal,True,,0.25
2018-06-09,Oran,vetch,2018,160,2.154944498,,,,130.1100421,16.13958333,22.6,11.0,0.976485833,1.73,19.84102611,0.0,0.0,0.421818182,4.8023874,48.0,,no_irrig,summer,wet,mid,normal,True,,0.4583333333333333
2018-06-10,Oran,vetch,2018,161,2.525021853,113.44788832142856,105.50722325925926,9.452904708333334,178.7018888,16.7375,21.7,12.1,1.189772917,1.96,18.96834465,0.0,0.0,0.44,4.93476732,48.0,,no_irrig,summer,mid,hi,normal,True,1.2781511034198354,0.5833333333333334
2018-06-11,Oran,vetch,2018,162,2.557224808,79.12464278787878,70.80334575757576,4.580155833333333,159.2558749,16.7,20.9,12.2,1.221172708,1.79,17.94594826,0.0,0.0,0.443333333,4.945020624,48.0,,no_irrig,summer,mid,hi,normal,True,0.970188035043493,0.6875
2018-06-12,Oran,vetch,2018,163,2.838048098,102.62352533333333,90.84648033333333,10.663367379166667,186.134802,17.86666667,23.4,12.5,1.424181667,2.28,17.09128056,0.0,0.0,0.446666667,4.964085864,48.0,,no_irrig,summer,mid,hi,normal,True,1.0966964310405172,0.625
2018-06-13,Oran,vetch,2018,164,2.845754082,107.06301792307691,106.4254423076923,8.0298984375,200.6872174,18.21458333,24.2,12.4,1.559110625,2.63,16.1613209,0.0,0.0,0.45,4.229235288,48.0,,no_irrig,summer,mid,hi,normal,True,1.1037990435900915,0.5416666666666666
2018-06-14,Oran,vetch,2018,165,2.730901371,149.26349625,141.32418791666666,9.422027833333333,196.7484286,17.7359625,24.7,9.9262,1.597155,2.76,15.38703,0.0,0.0,0.44,3.886283016,48.0,,no_irrig,summer,mid,hi,normal,True,1.5248391775830505,0.5
2018-06-15,Oran,vetch,2018,166,2.775181731,,,,194.4966572,19.95783958,28.4,9.2217,1.81718,3.42,14.65375618,0.0,0.0,0.43,3.842219016,48.0,,no_irrig,summer,low,hi,normal,True,,0.4583333333333333
2018-06-16,Oran,vetch,2018,167,2.796020522,123.82465679310344,99.90641285714285,13.892136270833333,190.2851314,21.70208333,29.1,13.5,1.858044375,3.1,13.95868451,0.0,0.0,0.42,3.77369172,48.0,,no_irrig,summer,low,hi,normal,True,1.2487744272504686,0.6041666666666666
2018-06-17,Oran,vetch,2018,168,2.609065984,110.29421666666667,72.58934640000001,17.124833541666668,191.01793,22.22291667,30.4,12.8,2.091353125,3.65,13.29478771,0.0,0.0,0.41,3.673478736,48.0,,no_irrig,summer,low,xhi,atm,True,1.0470660875046303,0.5
2018-06-18,Oran,vetch,2018,169,2.440914245,,,,179.4499464,21.61489362,30.1,11.5,1.900834255,3.61,12.68871094,0.0,0.0,0.4,3.38267448,48.0,,no_irrig,summer,low,xhi,atm,True,,0.2916666666666667
2018-06-19,Oran,vetch,2018,170,2.558561878,71.56730365517241,112.41397862068966,7.297872533333333,194.5891074,20.88958333,27.0,14.7,1.732061875,2.87,12.18047378,0.0,0.0,0.385,2.990313288,48.0,,no_irrig,summer,low,hi,normal,True,0.9829900415707096,0.6041666666666666
2018-06-20,Oran,vetch,2018,171,2.4320232,70.90671931846154,96.02384384615385,11.382848479166666,188.8249722,21.29791667,28.2,13.3,1.923614792,3.16,11.69666268,0.0,0.0,0.37,2.390452776,48.0,,no_irrig,summer,low,xhi,atm,True,0.944331724446768,0.8125
2018-06-21,Oran,vetch,2018,172,2.131513861,73.12288690909091,100.11320484848486,12.987013916666667,186.021184,21.95208333,29.4,13.3,2.067881667,3.6,11.16229675,0.0,0.0,0.37,1.921931064,48.0,,no_irrig,summer,low,xhi,atm,True,1.0010854768836346,0.6875
2018-06-22,Oran,vetch,2018,173,1.892114082,72.9371046875,103.35681483870968,13.8512585,183.567404,23.38333333,31.1,11.5,2.355269375,3.94,10.63864639,0.0,0.0,0.37,1.434625344,48.0,,no_irrig,summer,dry,xhi,compound,True,1.0358330175254304,0.6666666666666666
2018-06-23,Oran,vetch,2018,174,1.851544653,57.908362129032255,108.86064677419354,10.388606291666667,180.4517097,23.74375,30.8,15.4,2.38086625,3.95,10.15684306,0.0,0.0,0.33,1.204913016,48.0,,no_irrig,summer,dry,xhi,compound,True,0.9817452853294705,0.6458333333333334
2018-06-24,Oran,vetch,2018,175,1.682485273,68.47452653846155,143.11536703703703,15.479604354166668,173.1137271,24.40416667,33.0,15.8,2.325570417,4.28,9.754172931,0.0,0.0,0.31,1.065779856,48.0,,no_irrig,summer,dry,xhi,compound,True,1.3116781768574526,0.5416666666666666
2018-06-25,Oran,vetch,2018,176,1.446220653,57.35728051851852,144.09440925925927,13.321102806250002,169.2224403,24.4375,33.0,16.5,2.143305417,4.12,9.387998174,0.0,0.0,0.29,0.958077072,48.0,,no_irrig,summer,dry,xhi,compound,False,1.2691744201358262,0.5625
2018-06-26,Oran,vetch,2018,177,1.347014351,48.30038856,169.16012192307693,9.116625395833335,161.0924703,23.82291667,31.7,17.0,2.157083333,3.8,9.083955854,0.0,0.0,0.29,0.85780296,48.0,,no_irrig,summer,dry,xhi,compound,False,1.4065035781540878,0.5208333333333334
2018-06-27,Oran,vetch,2018,178,1.371206424,,,,168.4321753,24.59375,31.7,17.6,2.371458333,3.94,8.782875382,0.0,0.0,0.29,0.724059216,48.0,,no_irrig,summer,dry,xhi,compound,False,,0.4166666666666667
2018-06-28,Oran,vetch,2018,179,1.528202131,47.109918962962965,123.72573285714286,8.02124234375,150.2621492,24.11875,31.3,15.6,2.242124375,3.79,8.554898847,0.0,0.0,0.29,0.573629926,48.0,,no_irrig,summer,dry,xhi,compound,False,1.1902990547265289,0.5625
2018-06-29,Oran,vetch,2018,180,0.997511363,39.43820534615384,180.38845068965517,6.675562062499999,176.9885566,22.53541667,28.9,16.3,1.760299375,3.14,8.711871,0.0,0.0,0.275,0.493897133,48.0,,no_irrig,summer,dry,hi,soil,False,1.2797562871718178,0.5416666666666666
2018-06-30,Oran,vetch,2018,181,0.82607231,28.481948742307694,144.72999384615383,10.75657675,178.5214703,22.31875,29.2,13.9,1.8159275,3.23,8.414266611,0.0,0.0,0.26,0.415466971,48.0,,no_irrig,summer,dry,hi,soil,False,1.0305120107762191,0.5416666666666666
2018-07-01,Oran,vetch,2018,182,0.819841592,,,,156.4204917,22.41458333,29.6,14.7,1.938524167,3.61,8.178095326,0.0,0.0,0.28,0.297971158,48.0,,no_irrig,summer,dry,xhi,compound,False,,0.4166666666666667
2018-07-02,Oran,vetch,2018,183,0.87710569,34.78726446153846,188.3884723076923,11.066942252083335,174.0832752,22.84166667,30.0,16.3,2.303958333,3.93,7.898534139,0.0,0.0,0.27,0.240435864,48.0,,no_irrig,summer,dry,xhi,compound,False,1.345578308662824,0.5416666666666666
2018-07-03,Oran,vetch,2018,184,0.835967167,24.819189013793103,117.28180210526317,14.0394289375,168.3778171,24.78125,33.3,16.6,2.726041667,4.75,7.596991326,0.0,0.0,0.26,0.209965154,48.0,,no_irrig,summer,dry,xhi,compound,False,0.9273217978546393,0.6041666666666666
2018-07-04,Oran,vetch,2018,185,0.85410022,,,,172.6123858,23.6625,31.7,13.6,2.556519583,4.68,7.364368868,0.0,0.0,0.26,0.132414242,48.0,,no_irrig,summer,dry,xhi,compound,False,,0.25
2018-07-05,Oran,vetch,2018,186,0.834311682,,,,172.6097294,22.37291667,29.1,16.7,2.314583333,3.71,7.132401229,0.0,0.0,0.26,0.052334035,48.0,,no_irrig,summer,dry,xhi,compound,False,,0.4166666666666667
2018-07-06,Oran,vetch,2018,187,0.626625154,,,,92.20761738,18.64166667,27.4,12.5,1.710661667,3.15,7.133496597,0.0,0.0,0.26,0.140944536,48.0,,no_irrig,summer,dry,hi,soil,False,,0.10416666666666667
2018-07-07,Oran,vetch,2018,188,0.560397938,,,,,,,,0.0,0.0,,0.0,0.0,0.26,0.207947088,48.0,,no_irrig,summer,,lo,normal,False,,0.0
2018-07-08,Oran,vetch,2018,189,0.509692526,,,,,,,,0.0,0.0,,0.0,0.0,0.26,0.170138664,48.0,,no_irrig,summer,,lo,normal,False,,0.0
2018-07-09,Oran,vetch,2018,190,0.53814578,,,,,,,,0.0,0.0,,0.0,0.0,0.245,0.138922776,48.0,,no_irrig,summer,,lo,normal,False,,0.0
2018-07-10,Oran,vetch,2018,191,0.613273886,,,,275.6398016,30.975,34.7,22.6,3.605,4.96,6.592412063,0.0,0.0,0.23,0.1486512,48.0,,no_irrig,summer,dry,xhi,compound,False,,0.2708333333333333
2018-07-11,Oran,vetch,2018,192,0.906770278,,,,117.3955169,25.325,32.5,16.5,2.609583333,4.41,6.554434681,0.0,0.0,0.223333333,0.138653856,48.0,,no_irrig,summer,dry,xhi,compound,False,,0.1875
2018-07-12,Oran,vetch,2018,193,0.511137184,,,,155.8713858,23.53541667,32.4,13.7,2.237461042,4.29,7.308695194,0.0,0.0,0.216666667,0.242935567,48.0,,no_irrig,summer,dry,xhi,compound,False,,0.125
2018-07-13,Oran,vetch,2018,194,0.582432318,,,,159.1299667,24.19375,31.0,17.7,1.977076667,3.65,7.010093118,0.0,0.0,0.21,0.207071705,48.0,,no_irrig,summer,dry,xhi,compound,False,,0.22916666666666666
2018-07-14,Oran,vetch,2018,195,0.470779053,,,,151.8582628,25.31666667,34.4,14.6,2.377656222,4.75,6.649806285,0.0,0.0,0.215,0.18828031,48.0,,no_irrig,summer,dry,xhi,compound,False,,0.14583333333333334
2018-07-15,Oran,vetch,2018,196,0.494319086,,,,137.2106861,24.60833333,32.4,16.3,2.612708333,4.59,6.279048583,0.0,0.0,0.22,0.220736491,48.0,,no_irrig,summer,dry,xhi,compound,False,,0.22916666666666666
2018-07-16,Oran,vetch,2018,197,0.578694857,,,,164.243356,22.6625,28.7,16.4,2.358125,3.63,6.10787666,0.0,0.0,0.22,0.181898136,48.0,,no_irrig,summer,dry,xhi,compound,False,,0.2708333333333333
2018-07-17,Oran,vetch,2018,198,0.24507529,,,,-54.94053188,15.36875,19.0,12.3,1.354375,1.83,5.996669708,0.0,0.0,0.22,0.180623347,48.0,,no_irrig,summer,dry,hi,soil,False,,0.0
2018-07-18,Oran,vetch,2018,199,0.239372522,,,,,,,,0.0,0.0,,0.0,0.0,0.23,0.18832811,48.0,,no_irrig,summer,,lo,normal,False,,0.0
2018-07-19,Oran,vetch,2018,200,0.421613339,,,,,,,,0.0,0.0,,0.0,0.0,0.225,0.186066202,48.0,,no_irrig,summer,,lo,normal,False,,0.0
2018-07-20,Oran,vetch,2018,201,0.374859404,,,,,,,,0.0,0.0,,0.0,0.0,0.22,0.19737054,48.0,,no_irrig,summer,,lo,normal,False,,0.0
2018-07-21,Oran,vetch,2018,202,0.367041967,,,,,,,,0.0,0.0,,0.0,0.0,0.22,0.204129094,48.0,,no_irrig,summer,,lo,normal,False,,0.0
2018-07-22,Oran,vetch,2018,203,0.317053543,,,,,,,,0.0,0.0,,0.0,0.0,0.22,0.21361307,48.0,,no_irrig,summer,,lo,normal,False,,0.0
2018-07-23,Oran,vetch,2018,204,0.244934008,,,,,,,,0.0,0.0,,0.0,0.0,0.22,0.229098348,48.0,,no_irrig,summer,,lo,normal,False,,0.0
2018-07-24,Oran,vetch,2018,205,0.547930727,,,,,,,,0.0,0.0,,0.0,0.0,0.22,0.222280481,48.0,,no_irrig,summer,,lo,normal,False,,0.0
2018-07-25,Oran,vetch,2018,206,0.572568465,,,,,,,,0.0,0.0,,0.0,0.0,0.23,0.233990942,48.0,,no_irrig,summer,,lo,normal,False,,0.0
2018-07-26,Oran,vetch,2018,207,0.435467167,,,,,,,,0.0,0.0,,0.0,0.0,0.23,0.242487065,48.0,,no_irrig,summer,,lo,normal,False,,0.0
2018-07-27,Oran,vetch,2018,208,0.356499992,,,,,,,,0.0,0.0,,0.0,0.0,0.23,0.246261881,48.0,,no_irrig,summer,,lo,normal,False,,0.0
2018-07-28,Oran,vetch,2018,209,0.314795608,,,,,,,,0.0,0.0,,0.0,0.0,0.23,0.251237527,48.0,,no_irrig,summer,,lo,normal,False,,0.0
2018-07-29,Oran,vetch,2018,210,0.258631788,,,,,,,,0.0,0.0,,0.0,0.0,0.225,0.252485878,48.0,,no_irrig,summer,,lo,normal,False,,0.0
2018-07-30,Oran,vetch,2018,211,0.285695633,,,,,,,,0.0,0.0,,0.0,0.0,0.22,0.257605618,48.0,,no_irrig,summer,,lo,normal,False,,0.0
2018-07-31,Oran,vetch,2018,212,0.365785127,,,,,,,,0.0,0.0,,0.0,0.0,0.216666667,0.25996896,48.0,,no_irrig,summer,,lo,normal,False,,0.0
2018-08-01,Oran,vetch,2018,213,0.391397143,,,,,,,,0.0,0.0,,0.0,0.0,0.213333333,0.265081766,48.0,,no_irrig,summer,,lo,normal,False,,0.0
2018-08-02,Oran,vetch,2018,214,0.507494278,,,,,,,,0.0,0.0,,0.0,0.0,0.21,0.27790277,48.0,,no_irrig,summer,,lo,normal,False,,0.0
2018-08-03,Oran,vetch,2018,215,0.314124465,,,,,,,,0.0,0.0,,0.0,0.0,0.215,0.281077409,48.0,,no_irrig,summer,,lo,normal,False,,0.0
2018-08-04,Oran,vetch,2018,216,0.25542529,,,,,,,,0.0,0.0,,0.0,0.0,0.22,0.288396461,48.0,,no_irrig,summer,,lo,normal,False,,0.0
2018-08-05,Oran,vetch,2018,217,0.225283886,,,,,,,,0.0,0.0,,0.0,0.0,0.223333333,0.289563617,48.0,,no_irrig,summer,,lo,normal,False,,0.0
2018-08-06,Oran,vetch,2018,218,0.294590718,,,,,,,,0.0,0.0,,0.0,0.0,0.226666667,0.299523701,48.0,,no_irrig,summer,,lo,normal,False,,0.0
2018-08-07,Oran,vetch,2018,219,0.376202373,,,,,,,,0.0,0.0,,0.2,0.0,0.23,0.317452889,48.0,,no_irrig,summer,,lo,normal,False,,0.0
2018-08-08,Oran,vetch,2018,220,0.337540114,,,,,,,,0.0,0.0,,0.6,0.0,0.23,0.325184198,48.0,,no_irrig,summer,,lo,normal,False,,0.0
2018-08-09,Oran,vetch,2018,221,0.400952204,,,,133.0700205,27.68947368,31.8,18.9,3.648947368,4.65,5.422398737,0.0,0.0,0.23,0.326460845,48.0,,no_irrig,summer,dry,xhi,compound,False,,0.10416666666666667
2018-08-10,Oran,vetch,2018,222,0.469034449,,,,129.9689999,23.63125,30.5,19.3,2.016666667,3.61,5.12848934,0.0,0.0,0.23,0.304305487,48.0,,no_irrig,summer,dry,xhi,compound,False,,0.14583333333333334
2018-08-11,Oran,vetch,2018,223,0.465728694,,,,141.5907807,24.37083333,30.0,19.9,2.089583333,3.32,5.172898188,0.0,0.0,0.23,0.362322158,48.0,,no_irrig,summer,dry,xhi,compound,False,,0.2916666666666667
2018-08-12,Oran,vetch,2018,224,0.348260885,,,,64.75322421,25.05,31.7,19.3,2.50375,4.29,4.958119903,0.0,0.0,0.23,0.361253693,48.0,,no_irrig,summer,dry,xhi,compound,False,,0.16666666666666666
2018-08-13,Oran,vetch,2018,225,0.602453682,,,,131.2059959,26.04583333,32.7,19.3,2.911875,4.78,5.150111625,0.0,0.0,0.23,0.624356035,48.0,,no_irrig,summer,dry,xhi,compound,False,,0.2916666666666667
2018-08-14,Oran,vetch,2018,226,0.547900604,,,,130.6664836,25.60416667,32.7,15.3,2.935625,4.66,4.942740569,0.0,0.0,0.23,0.854748914,48.0,,no_irrig,summer,dry,xhi,compound,False,,0.3541666666666667
2018-08-15,Oran,vetch,2018,227,1.024206098,,,,129.4016374,24.06875,29.7,20.2,2.00149913,3.37,4.965332778,0.0,0.0,0.23,0.806650985,48.0,,no_irrig,summer,dry,xhi,compound,False,,0.20833333333333334
2018-08-16,Oran,vetch,2018,228,1.087956367,,,,105.3043402,21.91041667,27.3,19.0,1.490695833,2.65,6.606029972,0.0,0.0,0.23,0.491537873,48.0,,no_irrig,summer,dry,hi,soil,False,,0.375
2018-08-17,Oran,vetch,2018,229,1.443993429,,,,156.4159343,21.6375,29.5,16.5,1.661436304,3.41,7.523636535,12.8,0.0,0.23,0.372565375,48.0,,no_irrig,summer,dry,hi,soil,False,,0.0625
2018-08-18,Oran,vetch,2018,230,1.266431657,,,,123.1541189,21.26875,26.8,17.5,1.483822083,2.47,7.939234257,0.0,0.0,0.228,0.157890531,48.0,,no_irrig,summer,dry,hi,soil,False,,0.3541666666666667
2018-08-19,Oran,vetch,2018,231,0.805815404,,,,111.9389429,22.02291667,27.4,17.0,1.653555833,2.73,7.633804875,0.0,0.0,0.226,0.090258291,48.0,,no_irrig,summer,dry,hi,soil,False,,0.4583333333333333
2018-08-20,Oran,vetch,2018,232,0.571210604,,,,137.3622222,22.44791667,29.3,14.7,2.132765319,3.63,6.939793882,0.0,0.0,0.224,0.188286604,48.0,,no_irrig,summer,dry,xhi,compound,False,,0.2708333333333333
2018-08-21,Oran,vetch,2018,233,0.590038824,11.924914577857143,78.24630153846154,8.9178630625,133.183566,23.46041667,30.1,16.4,2.400625,3.94,6.242904653,0.0,0.0,0.222,0.293169694,48.0,,no_irrig,summer,dry,xhi,compound,False,0.7440037995965547,0.5833333333333334
2018-08-22,Oran,vetch,2018,234,0.606930925,,,,125.9118123,24.25416667,31.3,15.6,2.515416667,4.23,5.755750368,0.0,0.0,0.22,0.403026581,48.0,,no_irrig,summer,dry,xhi,compound,False,,0.20833333333333334
2018-08-23,Oran,vetch,2018,235,1.379042082,,,,129.5372738,23.19583333,31.9,17.1,2.134898542,4.29,5.593806,0.8,0.0,0.225,0.437969614,48.0,,no_irrig,summer,dry,xhi,compound,False,,0.22916666666666666
2018-08-24,Oran,vetch,2018,236,0.855995584,,,,127.2109594,23.69791667,32.1,13.6,2.407091458,4.52,5.973412625,0.0,0.0,0.23,0.447094966,48.0,,no_irrig,summer,dry,xhi,compound,False,,0.375
2018-08-25,Oran,vetch,2018,237,0.598880131,,,,98.95928833,25.08333333,32.6,17.3,2.473828333,4.67,5.604019472,0.0,0.0,0.23,0.35891478,48.0,,no_irrig,summer,dry,xhi,compound,False,,0.2916666666666667
2018-08-26,Oran,vetch,2018,238,0.436259388,,,,128.4954317,24.15625,31.0,18.7,1.979140208,3.66,5.421095806,0.0,0.0,0.235,0.336125078,48.0,,no_irrig,summer,dry,xhi,compound,False,,0.2708333333333333
2018-08-27,Oran,vetch,2018,239,0.425447853,,,,135.1017455,24.25208333,31.8,18.9,1.956455625,3.91,5.328488785,0.2,0.0,0.24,0.268348486,48.0,,no_irrig,summer,dry,xhi,compound,False,,0.22916666666666666
2018-08-28,Oran,vetch,2018,240,0.948029804,,,,112.8174746,24.08958333,31.0,19.1,2.053199362,3.99,5.337048778,7.4,0.0,0.235,0.145706487,48.0,,no_irrig,summer,dry,xhi,compound,False,,0.2916666666666667
2018-08-29,Oran,vetch,2018,241,1.024060629,,,,104.2494012,23.76875,30.7,16.4,2.206875,3.67,6.814075264,2.6,0.0,0.23,0.12712353,48.0,,no_irrig,summer,dry,xhi,compound,False,,0.2708333333333333
2018-08-30,Oran,vetch,2018,242,0.728447363,,,,137.9764827,22.91666667,28.8,17.4,1.750562917,3.04,6.789649688,0.0,0.0,0.23,0.182826614,48.0,,no_irrig,summer,dry,hi,soil,False,,0.3958333333333333
2018-08-31,Oran,vetch,2018,243,0.58380142,,,,134.0794017,24.22916667,30.9,19.2,1.998925208,3.68,6.205817083,0.0,0.0,0.23,0.249903554,48.0,,no_irrig,summer,dry,xhi,compound,False,,0.3541666666666667
2018-09-01,Oran,vetch,2018,244,0.693964212,,,,130.2085258,23.45625,30.0,18.9,1.93204375,3.43,5.735825972,0.0,0.0,0.23,0.374740214,48.0,,no_irrig,fall,dry,xhi,compound,False,,0.16666666666666666
2018-09-02,Oran,vetch,2018,245,0.654970335,,,,120.2839731,24.3,31.6,18.1,2.202289583,3.99,5.562613465,0.2,0.0,0.24,0.440068205,48.0,,no_irrig,fall,dry,xhi,compound,False,,0.16666666666666666
2018-09-03,Oran,vetch,2018,246,1.274886955,,,,57.80995785,22.87708333,28.8,19.4,1.719923333,3.1,14.87701097,3.8,0.0,0.25,0.283113792,48.0,,no_irrig,fall,low,hi,normal,False,,0.25
2018-09-04,Oran,vetch,2018,247,1.047364751,,,,101.276396,22.13541667,28.3,17.4,1.545384375,3.27,15.29080896,0.2,0.0,0.253333333,0.440621424,48.0,,no_irrig,fall,low,hi,normal,False,,0.3333333333333333
2018-09-05,Oran,vetch,2018,248,1.020107461,,,,122.1272377,22.10833333,28.2,14.9,1.889375208,3.58,16.94232931,0.0,0.0,0.256666667,0.496152238,48.0,,no_irrig,fall,mid,xhi,atm,False,,0.4375
2018-09-06,Oran,vetch,2018,249,1.150976351,39.543078888888886,78.17406518518519,0.4174872916666681,118.3934665,21.4625,26.9,16.0,1.956458333,2.97,14.73228986,0.0,0.0,0.26,0.487139638,48.0,,no_irrig,fall,low,xhi,atm,False,0.9978137721587562,0.5625
2018-09-07,Oran,vetch,2018,250,1.255140882,33.385393892857145,112.59433334285715,-0.6042015208333339,125.2328052,21.38333333,26.9,16.6,1.702277917,2.98,13.35723937,0.0,0.0,0.26,0.473036566,48.0,,no_irrig,fall,low,hi,normal,False,1.1608422048283504,0.5833333333333334
2018-09-08,Oran,vetch,2018,251,0.962294327,,,,15.35624754,17.1625,20.6,13.9,0.934025,1.59,12.66705326,0.4,0.0,0.26,0.129296542,48.0,,no_irrig,fall,low,mid,normal,False,,0.20833333333333334
2018-09-09,Oran,vetch,2018,252,0.862409535,,,,62.85939675,17.65,23.4,11.6,1.054262128,1.86,12.66034521,42.2,0.0,0.26,0.139682344,48.0,,no_irrig,fall,low,mid,normal,False,,0.375
2018-09-10,Oran,vetch,2018,253,1.299960514,,,,119.1159055,18.025,24.1,14.1,1.222765806,2.04,24.90542931,34.6,0.0,0.26,0.155170387,48.0,,no_irrig,fall,wet,hi,normal,False,,0.16666666666666666
2018-09-11,Oran,vetch,2018,254,1.340192865,,,,49.48520098,18.70833333,22.3,14.8,0.940767609,1.54,21.60502264,1.4,0.0,0.26,0.078932675,48.0,,no_irrig,fall,wet,mid,normal,False,,0.2708333333333333
2018-09-12,Oran,vetch,2018,255,1.168314686,52.81890235714286,63.96060885714286,5.855954604166667,96.58430281,21.00625,25.7,17.5,1.392995833,2.24,20.57221688,0.0,0.0,0.26,0.136087156,48.0,,no_irrig,fall,wet,hi,normal,False,1.2697246058350262,0.5833333333333334
2018-09-13,Oran,vetch,2018,256,1.221115445,,,,127.0488063,21.9,29.2,14.0,1.85050375,3.44,19.15095354,0.2,0.0,0.26,0.147777692,48.0,,no_irrig,fall,mid,hi,normal,False,,0.2708333333333333
2018-09-14,Oran,vetch,2018,257,1.260454555,53.764486960000006,93.3772332413793,0.4187139583333333,108.1870668,21.67708333,27.1,18.3,1.609791667,2.83,17.87855896,0.0,0.0,0.266666667,0.101026384,48.0,,no_irrig,fall,mid,hi,normal,False,1.3639378399294415,0.5208333333333334
2018-09-15,Oran,vetch,2018,258,0.874297029,,,,41.84966775,18.21666667,21.9,15.5,1.035850952,1.68,18.09955819,3.4,0.0,0.273333333,0.069195017,48.0,,no_irrig,fall,mid,mid,normal,False,,0.16666666666666666
2018-09-16,Oran,vetch,2018,259,1.281171306,,,,131.6363873,19.49166667,27.2,14.0,1.316030625,2.71,18.30126201,0.0,0.0,0.28,0.083242372,48.0,,no_irrig,fall,mid,hi,normal,False,,0.34782608695652173
2018-09-17,Oran,vetch,2018,260,1.051555224,,,,89.19023333,19.85625,23.9,16.9,1.100894375,1.8,17.4422359,0.0,0.0,0.26,0.058567279,48.0,,no_irrig,fall,mid,mid,normal,False,,0.3958333333333333
2018-09-18,Oran,vetch,2018,261,0.54242302,,,,98.50353033,20.92083333,26.0,16.5,1.347683478,2.22,17.01571146,0.0,0.0,0.24,0.04519268,48.0,,no_irrig,fall,mid,hi,normal,False,,0.4791666666666667
2018-09-19,Oran,vetch,2018,262,0.933654637,,,,130.3333822,20.27916667,27.4,13.5,1.451206667,2.57,19.19524819,0.0,0.0,0.26,0.074050541,48.0,,no_irrig,fall,mid,hi,normal,False,,0.3125
2018-09-20,Oran,vetch,2018,263,1.227640188,,,,102.6725883,22.16666667,28.4,15.8,1.700771042,3.08,17.67051924,2.6,0.0,0.255,0.082972322,48.0,,no_irrig,fall,mid,hi,normal,False,,0.3541666666666667
2018-09-21,Oran,vetch,2018,264,1.239581976,,,,113.2949136,22.55625,30.1,13.7,1.934044792,3.59,16.60886007,0.2,0.0,0.25,0.108362219,48.0,,no_irrig,fall,mid,xhi,atm,False,,0.3541666666666667
2018-09-22,Oran,vetch,2018,265,1.25534498,48.57646684615384,50.82621290322581,5.6752845729166665,105.4178116,24.24375,31.0,17.1,2.207117083,3.83,15.61694451,0.0,0.0,0.26,0.118893003,48.0,,no_irrig,fall,mid,xhi,atm,False,0.9967761876748675,0.5416666666666666
2018-09-23,Oran,vetch,2018,266,1.302749339,38.0667225,45.08090249999999,5.036707104166667,105.6734573,24.5125,31.1,16.4,2.424625625,3.98,14.77849847,0.0,0.0,0.27,0.127706779,48.0,,no_irrig,fall,low,xhi,atm,False,0.8344984101425893,0.5416666666666666
2018-09-24,Oran,vetch,2018,267,1.258005673,,,,103.1433183,23.84791667,31.4,16.0,2.347916667,4.02,14.02404389,0.0,0.0,0.203333333,0.282340102,48.0,,no_irrig,fall,low,xhi,atm,False,,0.3125
2018-09-25,Oran,vetch,2018,268,1.045241045,42.92212076923077,124.28520432142857,1.3709014999999998,115.9703178,21.14375,26.4,18.3,1.438317083,2.47,13.4729766,0.0,0.0,0.136666667,0.583552037,48.0,,no_irrig,fall,low,hi,normal,False,1.4536325308965303,0.5416666666666666
2018-09-26,Oran,vetch,2018,269,0.766908,,,,59.31673863,18.68125,22.0,16.3,1.181418542,1.68,13.21790521,0.0,0.0,0.07,0.569250223,48.0,,no_irrig,fall,low,hi,normal,False,,0.22916666666666666
2018-09-27,Oran,vetch,2018,270,0.689497273,,,,77.50404435,18.69166667,23.3,15.6,1.356277708,2.27,13.04078431,0.0,0.0,0.175,0.545859583,48.0,,no_irrig,fall,low,hi,normal,False,,0.25
2018-09-28,Oran,vetch,2018,271,0.680618645,,,,107.7828217,16.68037917,24.4,9.5114,1.475674468,2.61,12.8059264,0.0,0.0,0.28,0.530630417,48.0,,no_irrig,fall,low,hi,normal,False,,0.2916666666666667
2018-09-29,Oran,vetch,2018,272,0.732345576,,,,90.00720688,17.97678333,26.4,8.0978,1.786539375,3.36,12.48144628,0.2,0.0,0.278,0.465047158,48.0,,no_irrig,fall,low,hi,normal,False,,0.4375
2018-09-30,Oran,vetch,2018,273,0.729114759,,,,84.65735563,19.37189583,27.5,9.5133,1.905697083,3.54,12.11148424,0.0,0.0,0.276,0.447055135,48.0,,no_irrig,fall,low,xhi,atm,False,,0.3125
2018-10-01,Oran,vetch,2018,274,0.69096262,,,,89.1660319,17.93333333,26.1,11.4,1.822932083,3.46,11.77603388,0.0,0.0,0.274,0.460021702,48.0,,no_irrig,fall,low,hi,normal,False,,0.2916666666666667
2018-10-02,Oran,vetch,2018,275,0.574312996,,,,82.66573125,13.66618125,23.0,5.4879,1.509585208,2.79,11.5562176,0.0,0.0,0.272,0.481821696,48.0,,no_irrig,fall,low,hi,normal,False,,0.3333333333333333
2018-10-03,Oran,vetch,2018,276,0.674433037,,,,86.89132458,16.60614167,25.6,6.2959,1.808748125,3.09,11.33176697,0.0,0.0,0.27,0.431496828,48.0,,no_irrig,fall,low,hi,normal,False,,0.4375
2018-10-04,Oran,vetch,2018,277,0.688282604,24.187540625,76.00067655172414,3.875618583333333,80.3589625,18.44645417,25.8,9.5245,1.764065833,2.92,11.0349951,0.0,0.0,0.27,0.434071159,48.0,,no_irrig,fall,dry,hi,soil,False,1.2949872985238886,0.5
2018-10-05,Oran,vetch,2018,278,0.593611127,,,,79.88638542,17.66458333,25.0,12.1,1.452095625,2.66,10.85298008,0.0,0.0,0.27,0.474477026,48.0,,no_irrig,fall,dry,hi,soil,False,,0.3541666666666667
2018-10-06,Oran,vetch,2018,279,0.794245959,,,,78.70475873,19.49375,27.2,12.3,1.865269792,3.38,10.7057061,0.2,0.0,0.28,0.437938423,48.0,,no_irrig,fall,dry,hi,soil,False,,0.3541666666666667
2018-10-07,Oran,vetch,2018,280,0.721500318,20.875710333333334,71.10628,-6.116374708333333,71.87136388,17.08607083,22.0,9.6314,1.738331875,2.42,10.51804881,0.0,0.0,0.265,0.454838738,48.0,,no_irrig,fall,dry,hi,soil,False,1.194712483463359,0.6875
2018-10-08,Oran,vetch,2018,281,0.605627559,,,,90.43727342,13.1884875,19.1,5.9462,1.240135833,1.93,10.39813925,0.0,0.0,0.25,0.44519207,48.0,,no_irrig,fall,dry,hi,soil,False,,0.3333333333333333
2018-10-09,Oran,vetch,2018,282,0.501157029,,,,19.27730298,12.44375,15.4,11.0,0.8185045,1.06,11.24145178,5.03,0.0,0.25,0.247013345,48.0,,no_irrig,fall,low,mid,normal,False,,0.2916666666666667
2018-10-10,Oran,vetch,2018,283,0.757244204,,,,75.21821072,15.05625,21.2,10.6,1.018526667,1.83,12.2126441,0.0,0.0,0.25,0.346328698,48.0,,no_irrig,fall,low,mid,normal,False,,0.4375
2018-10-11,Oran,vetch,2018,284,0.441105208,,,,51.06339379,17.12916667,22.5,13.6,1.216034857,1.88,12.03666156,0.0,0.0,0.25,0.259831498,48.0,,no_irrig,fall,low,hi,normal,False,,0.3541666666666667
2018-10-12,Oran,vetch,2018,285,0.600563829,,,,77.45413125,16.97083333,24.4,10.2,1.154436042,2.15,11.76575474,0.0,0.0,0.25,0.280979777,48.0,,no_irrig,fall,low,hi,normal,False,,0.2708333333333333
2018-10-13,Oran,vetch,2018,286,0.630821424,,,,83.03007144,18.74375,25.0,14.4,1.293139375,2.43,11.46500134,0.0,0.0,0.25,0.263442089,48.0,,no_irrig,fall,low,hi,normal,False,,0.4583333333333333
2018-10-14,Oran,vetch,2018,287,0.791127478,,,,38.36742375,14.76666667,18.8,10.5,0.878201191,1.38,11.75286181,0.0,0.0,0.246666667,0.144426454,48.0,,no_irrig,fall,low,mid,normal,False,,0.22916666666666666
2018-10-15,Oran,vetch,2018,288,0.82461409,,,,59.03074813,11.91855417,17.0,7.4068,1.065360625,1.77,12.15689696,0.0,0.0,0.243333333,0.176940493,48.0,,no_irrig,fall,low,mid,normal,False,,0.3333333333333333
2018-10-16,Oran,vetch,2018,289,0.625294727,,,,80.5353689,13.22266667,19.3,8.4773,0.959823542,1.76,11.92208901,0.0,0.0,0.24,0.208748208,48.0,,no_irrig,fall,low,mid,normal,False,,0.2708333333333333
2018-10-17,Oran,vetch,2018,290,0.259939102,,,,66.80317895,12.23325208,19.8,6.7549,0.947453333,1.76,11.68663902,0.0,0.0,0.236818182,0.272339284,48.0,,no_irrig,fall,low,mid,normal,False,,0.20833333333333334
2018-10-18,Oran,vetch,2018,291,0.470350727,,,,53.92103869,12.16306042,17.1,8.7911,0.846455143,1.28,11.64481122,4.4,0.0,0.233636364,0.220733212,48.0,,no_irrig,fall,low,mid,normal,False,,0.020833333333333332
2018-10-19,Oran,vetch,2018,292,0.429866522,,,,29.06696006,12.40510833,17.6,9.3939,0.771605,1.33,14.21765018,4.2,0.0,0.230454545,0.125204264,48.0,,no_irrig,fall,low,mid,normal,False,,0.125
2018-10-20,Oran,vetch,2018,293,0.556662563,,,,44.88610825,14.5771,18.8,9.1217,0.897987708,1.33,15.75372201,0.0,0.0,0.227272727,0.187545197,48.0,,no_irrig,fall,mid,mid,normal,False,,0.2708333333333333
2018-10-21,Oran,vetch,2018,294,0.540056278,19.97305884848485,35.94139082857143,4.769656760208334,62.4511716,17.19791667,21.1,15.1,1.077909583,1.68,15.08665882,0.0,0.0,0.224090909,0.220139035,48.0,,no_irrig,fall,low,mid,normal,False,0.9717048516871157,0.6875
2018-10-22,Oran,vetch,2018,295,0.409363788,,,,72.3166239,15.01404167,22.2,8.7077,1.017441458,1.88,14.40619632,0.0,0.0,0.220909091,0.210116354,48.0,,no_irrig,fall,low,mid,normal,False,,0.2708333333333333
2018-10-23,Oran,vetch,2018,296,0.508938098,,,,50.79251633,15.20416667,20.1,12.2,1.057769375,1.74,13.88482,0.0,0.0,0.217727273,0.078360128,48.0,,no_irrig,fall,low,mid,normal,False,,0.3333333333333333
2018-10-24,Oran,vetch,2018,297,0.442316278,,,,67.78467604,13.26859583,22.6,5.0254,1.257793404,2.52,13.42789444,0.0,0.0,0.214545455,0.017788242,48.0,,no_irrig,fall,low,hi,normal,False,,0.25
2018-10-25,Oran,vetch,2018,298,0.517762506,,,,62.44703535,14.8233375,24.2,5.5793,1.524874167,2.78,12.94811583,0.0,0.0,0.211363636,0.003883821,48.0,,no_irrig,fall,low,hi,normal,False,,0.20833333333333334
2018-10-26,Oran,vetch,2018,299,0.494643086,,,,45.55477079,13.88146458,22.1,5.7407,1.242669583,2.41,12.64739049,0.2,0.0,0.208181818,0.002682333,48.0,,no_irrig,fall,low,hi,normal,False,,0.25
2018-10-27,Oran,vetch,2018,300,0.387695829,,,,42.0293992,10.78992083,16.1,4.5495,0.742057742,1.22,14.53889299,5.98,0.0,0.205,0.011998077,48.0,,no_irrig,fall,low,mid,normal,False,,0.25
2018-10-28,Oran,vetch,2018,301,0.960830008,40.72529164074074,53.60293272413793,-30.58146045416667,55.63998867,4.5903625,7.8805,1.5306,0.653325625,0.93667,17.36446181,0.0,0.0,0.201818182,0.027946209,48.0,,no_irrig,fall,mid,lo,normal,False,1.145700519326346,0.5625
2018-10-29,Oran,vetch,2018,302,0.944859306,,,,36.25631771,4.647125,8.9564,0.862,0.756930208,1.1,15.81673556,0.0,0.0,0.198636364,0.0150871,48.0,,no_irrig,fall,mid,mid,normal,False,,0.22916666666666666
2018-10-30,Oran,vetch,2018,303,0.334357494,,,,-3.726341021,6.608516667,8.7285,4.3429,0.663678684,0.77902,16.28555375,12.0,0.0,0.195454545,0.004472268,48.0,,no_irrig,fall,mid,lo,normal,False,,0.16666666666666666
2018-10-31,Oran,vetch,2018,304,0.752434163,,,,21.41319052,6.276054167,9.1283,2.5802,0.681283226,0.88392,20.9145509,3.8,0.0,0.192272727,0.008708894,48.0,,no_irrig,fall,wet,lo,normal,False,,0.20833333333333334
2018-11-01,Oran,vetch,2018,305,0.694523902,27.999716035714282,40.11185486666667,-5.301901497916666,50.01760821,6.693252083,12.5,0.27,0.673059583,1.06,19.81779556,0.2,0.0,0.189090909,0.019114017,48.0,,no_irrig,fall,wet,lo,normal,False,1.2557511575293536,0.5833333333333334
2018-11-02,Oran,vetch,2018,306,0.544460914,,,,17.91693142,10.36276042,14.7,7.208,0.777988125,1.1,19.30567813,0.0,0.0,0.185909091,0.009543172,48.0,,no_irrig,fall,mid,mid,normal,False,,0.4166666666666667
2018-11-03,Oran,vetch,2018,307,0.693872449,,,,46.15752058,7.485547917,12.9,2.7562,0.745412917,1.26,18.39564917,0.0,0.0,0.182727273,0.016413632,48.0,,no_irrig,fall,mid,mid,normal,False,,0.4791666666666667
2018-11-04,Oran,vetch,2018,308,0.70677227,,,,51.938525,7.905752083,17.1,-0.688,0.87032625,1.59,17.67963215,0.2,0.0,0.179545455,0.015580891,48.0,,no_irrig,fall,mid,mid,normal,False,,0.2708333333333333
2018-11-05,Oran,vetch,2018,309,0.437789314,,,,0.009603283,7.150025,9.382,4.5982,0.615090667,0.82267,17.88862396,3.4,0.0,0.176363636,0.00537712,48.0,,no_irrig,fall,mid,lo,normal,False,,0.16666666666666666
2018-11-06,Oran,vetch,2018,310,0.838225469,,,,33.6583304,7.4689875,10.0,3.6163,0.720240625,0.90616,19.12163958,0.0,0.0,0.173181818,0.013724332,48.0,,no_irrig,fall,mid,mid,normal,False,,0.3541666666666667
2018-11-07,Oran,vetch,2018,311,0.565972237,,,,48.53397561,9.259483333,15.2,0.646,0.770342292,1.2,18.68637806,0.0,0.0,0.17,0.014493531,48.0,,no_irrig,fall,mid,mid,normal,False,,0.2708333333333333
2018-11-08,Oran,vetch,2018,312,,,,,48.31387847,11.05292917,16.3,6.4286,0.745829744,1.3,19.8564859,19.8,0.0,0.177777778,0.013767182,48.0,,no_irrig,fall,wet,mid,normal,False,,0.1875
2018-11-09,Oran,vetch,2018,313,0.89492569,,,,31.47178963,7.7759625,10.1,5.8053,0.72563525,0.94926,24.1367375,0.2,0.0,0.185555556,0.073191403,48.0,,no_irrig,fall,wet,mid,normal,False,,0.2916666666666667
2018-11-10,Oran,vetch,2018,314,0.683505404,,,,45.4632124,10.09672708,13.5,7.4243,0.764540417,1.01,21.86206639,0.0,0.0,0.193333333,0.215594546,48.0,,no_irrig,fall,wet,mid,normal,False,,0.2916666666666667
2018-11-11,Oran,vetch,2018,315,0.62820529,,,,50.2290455,13.02823958,19.0,7.7507,0.899805417,1.58,21.23604396,0.0,0.0,0.201111111,0.277539221,48.0,,no_irrig,fall,wet,mid,normal,False,,0.2708333333333333
2018-11-12,Oran,vetch,2018,316,0.554862196,,,,20.75189646,11.66197708,16.9,5.5776,0.818871042,1.4,21.07807049,0.2,0.0,0.208888889,0.227106266,48.0,,no_irrig,fall,wet,mid,normal,False,,0.14583333333333334
2018-11-13,Oran,vetch,2018,317,0.400201861,,,,16.60578921,11.23475833,15.6,6.0901,0.706414468,1.07,20.9010084,0.2,0.0,0.216666667,0.278536536,48.0,,no_irrig,fall,wet,mid,normal,False,,0.22916666666666666
2018-11-14,Oran,vetch,2018,318,0.622268743,,,,20.78106367,12.21101458,15.6,9.3292,0.73674234,1.06,20.64899014,0.0,0.0,0.224444444,0.517700678,48.0,,no_irrig,fall,wet,mid,normal,False,,0.3333333333333333
2018-11-15,Oran,vetch,2018,319,0.429472065,,,,24.64710185,11.85775833,13.6,9.9244,0.626247931,0.81668,25.71638889,7.2,0.0,0.232222222,0.29873219,48.0,,no_irrig,fall,wet,lo,normal,False,,0.16666666666666666
2018-11-16,Oran,vetch,2018,320,1.067748098,,,,31.95858292,12.20497708,14.5,9.7389,0.684328182,0.90161,27.12311549,0.6,0.0,0.24,0.28865376,48.0,,no_irrig,fall,wet,mid,normal,False,,0.22916666666666666
2018-11-17,Oran,vetch,2018,321,0.814504805,,,,38.77610575,11.46658125,14.6,9.5386,0.702112128,1.06,24.70944104,0.0,0.0,0.247777778,0.277134191,48.0,,no_irrig,fall,wet,mid,normal,False,,0.3333333333333333
2018-11-18,Oran,vetch,2018,322,0.893191592,,,,14.81903902,10.21125,12.2,8.9845,0.651695,0.88253,23.9089016,1.2,0.0,0.255555556,0.177113412,48.0,,no_irrig,fall,wet,lo,normal,False,,0.14583333333333334
2018-11-19,Oran,vetch,2018,323,0.866374016,,,,22.42826607,9.192333333,11.0,8.1352,0.637209706,0.80405,25.44195111,2.0,0.0,0.263333333,0.245967127,48.0,,no_irrig,fall,wet,lo,normal,False,,0.25
2018-11-20,Oran,vetch,2018,324,0.558643812,,,,2.164508062,9.319502083,12.0,6.4702,0.705562308,0.93522,24.72689417,5.0,0.0,0.271111111,0.497854469,48.0,,no_irrig,fall,wet,mid,normal,False,,0.4583333333333333
2018-11-21,Oran,vetch,2018,325,0.750358506,,,,2.823319917,9.257691667,12.4,4.049,0.74847875,0.99624,24.13423201,0.0,0.0,0.278888889,0.57789396,48.0,,no_irrig,fall,wet,mid,normal,False,,0.3958333333333333
2018-11-22,Oran,vetch,2018,326,0.550138922,,,,12.48081994,8.44330625,11.3,5.6978,0.655161042,0.92455,22.99117486,0.8,0.0,0.286666667,0.447564074,48.0,,no_irrig,fall,wet,lo,normal,False,,0.3125
2018-11-23,Oran,vetch,2018,327,0.4314204,,,,-0.073686813,8.412902083,10.5,5.511,0.61318875,0.85198,22.42086875,0.0,0.0,0.294444444,0.381748658,48.0,,no_irrig,fall,wet,lo,normal,False,,0.375
2018-11-24,Oran,vetch,2018,328,0.581614604,,,,23.66583942,5.0934625,10.2,-0.379,0.609953333,0.92886,21.25634819,0.4,0.0,0.302222222,0.591280322,48.0,,no_irrig,fall,wet,lo,normal,True,,0.2916666666666667
2018-11-25,Oran,vetch,2018,329,0.815531437,,,,41.95706767,9.5184375,13.7,1.577,0.770538542,1.04,21.14323868,0.6,0.0,0.31,0.559957082,48.0,,no_irrig,fall,wet,mid,normal,True,,0.25
2018-11-26,Oran,vetch,2018,330,0.821671494,,,,1.292934854,8.7228,13.2,5.0553,0.7653075,0.98163,20.15525681,0.2,0.0,0.31,0.433667282,48.0,,no_irrig,fall,wet,mid,normal,True,,0.1875
2018-11-27,Oran,vetch,2018,331,0.577152661,,,,14.43195008,6.552639583,11.9,1.894,0.706421667,1.1,19.66737597,0.0,0.0,0.31,0.567138218,48.0,,no_irrig,fall,mid,mid,normal,True,,0.4791666666666667
2018-11-28,Oran,vetch,2018,332,0.558739308,,,,20.96797692,5.31783125,13.8,0.254,0.674577917,1.22,19.31293743,0.0,0.0,0.31,0.583187234,48.0,,no_irrig,fall,mid,lo,normal,True,,0.20833333333333334
2018-11-29,Oran,vetch,2018,333,0.512180155,,,,24.69959146,5.9003875,17.3,-2.1668,0.88011875,1.85,18.98608924,0.2,0.0,0.31,0.563977922,48.0,,no_irrig,fall,mid,mid,normal,True,,0.16666666666666666
2018-11-30,Oran,vetch,2018,334,0.373865437,,,,30.60087333,7.536325,9.8801,4.3397,0.682944524,1.06,19.18933792,0.2,0.0,0.315,0.483002114,48.0,,no_irrig,fall,mid,lo,normal,True,,0.3541666666666667
2018-12-01,Oran,vetch,2018,335,0.451617649,,,,18.583934,6.342283333,12.5,1.7873,0.710267292,1.16,18.85363354,0.0,0.0,0.32,0.598480056,48.0,,no_irrig,winter,mid,mid,normal,True,,0.3541666666666667
2018-12-02,Oran,vetch,2018,336,0.395983837,,,,15.25333104,7.234977083,14.4,2.2496,0.689114583,1.1,18.88920882,0.2,0.0,0.325,0.786795984,48.0,,no_irrig,winter,mid,mid,normal,True,,0.22916666666666666
2018-12-03,Oran,vetch,2018,337,0.282519771,,,,18.85926969,5.2713625,12.3,1.9285,0.566673261,0.85528,18.63656667,0.0,0.0,0.33,0.846585216,48.0,,no_irrig,winter,mid,lo,normal,True,,0.125
2018-12-04,Oran,vetch,2018,338,0.439586669,,,,29.77231185,9.070097917,21.7,0.804,0.920889362,2.04,18.97548417,0.2,0.0,0.335,1.029776112,48.0,,no_irrig,winter,mid,mid,normal,True,,0.14583333333333334
2018-12-05,Oran,vetch,2018,339,0.452695812,,,,26.80861479,10.56924583,22.8,2.4832,0.969331875,2.18,18.93528646,0.2,0.0,0.34,1.04440968,48.0,,no_irrig,winter,mid,mid,normal,True,,0.14583333333333334
2018-12-06,Oran,vetch,2018,340,0.439734784,,,,25.21415723,9.594335417,17.3,4.1508,0.838486667,1.53,18.65548979,0.0,0.0,0.355,0.87158052,48.0,,no_irrig,winter,mid,mid,normal,True,,0.1875
2018-12-07,Oran,vetch,2018,341,0.471826065,,,,22.03353488,8.227414583,17.1,0.475,0.849679348,1.67,18.28844882,0.2,0.0,0.37,0.805999205,48.0,,no_irrig,winter,mid,mid,normal,True,,0.14583333333333334
2018-12-08,Oran,vetch,2018,342,0.416717265,,,,7.440685542,8.71084375,13.5,4.8304,0.777934792,1.17,18.25608681,0.2,0.0,0.36,0.779427101,48.0,,no_irrig,winter,mid,mid,normal,True,,0.3958333333333333
2018-12-09,Oran,vetch,2018,343,0.525590449,,,,22.00460875,10.43792083,17.2,4.3031,1.000496458,1.61,18.16295028,0.0,0.0,0.35,0.823885949,48.0,,no_irrig,winter,mid,mid,normal,True,,0.2916666666666667
2018-12-10,Oran,vetch,2018,344,0.511156947,,,,19.20295285,7.0473875,15.9,0.0471,0.8985125,1.72,17.65281,0.2,0.0,0.34,0.856497197,48.0,,no_irrig,winter,mid,mid,normal,True,,0.1875
2018-12-11,Oran,vetch,2018,345,0.446844453,,,,14.85568365,7.49620625,14.8,0.247,0.8572975,1.4,17.41630326,0.0,0.0,0.36,0.839495837,48.0,,no_irrig,winter,mid,mid,normal,True,,0.3125
2018-12-12,Oran,vetch,2018,346,0.265859045,,,,23.59988262,7.048308333,10.5,3.5466,0.651425217,0.80565,17.454405,0.0,0.0,0.38,0.775918397,48.0,,no_irrig,winter,mid,lo,normal,True,,0.3125
2018-12-13,Oran,vetch,2018,347,0.33114791,,,,11.37983906,7.05473125,10.4,2.9702,0.6829665,0.831,20.81487479,8.8,0.0,0.37,0.389399573,48.0,,no_irrig,winter,wet,lo,normal,True,,0.10416666666666667
2018-12-14,Oran,vetch,2018,348,0.748955167,,,,12.28897036,4.91084375,8.2328,1.6355,0.643881875,0.82458,22.57269368,0.0,0.0,0.36,0.798114557,48.0,,no_irrig,winter,wet,lo,normal,True,,0.3125
2018-12-15,Oran,vetch,2018,349,0.500877331,,,,22.27320875,6.56465625,12.2,2.8329,0.657964167,0.98127,21.25996222,0.0,0.0,0.35,0.876025541,48.0,,no_irrig,winter,wet,lo,normal,True,,0.3333333333333333
2018-12-16,Oran,vetch,2018,350,0.463940522,,,,30.49734054,7.437827083,13.8,1.5934,0.67648587,1.08,20.89528049,0.2,0.0,0.38,0.82295568,48.0,,no_irrig,winter,wet,lo,normal,True,,0.16666666666666666
2018-12-17,Oran,vetch,2018,351,0.458846229,,,,17.47011513,5.513404167,11.3,-0.221,0.641770625,1.11,20.45769792,0.0,0.0,0.41,0.944594136,48.0,,no_irrig,winter,wet,lo,normal,True,,0.375
2018-12-18,Oran,vetch,2018,352,0.484470213,,,,13.98329572,5.415829167,11.2,2.2002,0.634395,0.96718,20.02806931,0.2,0.0,0.408571429,1.00229076,48.0,,no_irrig,winter,wet,lo,normal,True,,0.2916666666666667
2018-12-19,Oran,vetch,2018,353,0.426089535,,,,16.15714513,8.077470833,11.2,3.9511,0.694285,1.04,20.00688708,0.6,0.0,0.407142857,0.892081728,48.0,,no_irrig,winter,wet,mid,normal,True,,0.3333333333333333
2018-12-20,Oran,vetch,2018,354,0.389419273,,,,17.4943665,5.207852083,8.3301,2.6852,0.554472917,0.69332,19.67667132,0.2,0.0,0.405714286,1.048338072,48.0,,no_irrig,winter,mid,lo,normal,True,,0.3125
2018-12-21,Oran,vetch,2018,355,0.115027964,,,,6.659229396,3.02465,5.575,-0.617,0.587013415,3.79,19.38288653,0.2,0.0,0.404285714,0.85911084,48.0,,no_irrig,winter,mid,lo,normal,True,,0.14583333333333334
2018-12-22,Oran,vetch,2018,356,0.034534065,,,,27.22003993,4.30896875,7.0766,1.2866,0.481671333,1.41,19.63511792,0.2,0.0,0.402857143,0.901075104,48.0,,no_irrig,winter,mid,lo,normal,True,,0.08333333333333333
2018-12-23,Oran,vetch,2018,357,0.214579763,,,,40.50505463,2.764085417,11.9,-0.936,0.604231861,4.43,19.74762167,0.4,0.0,0.401428571,1.166084856,48.0,,no_irrig,winter,wet,lo,normal,True,,0.10416666666666667
2018-12-24,Oran,vetch,2018,358,0.44178649,,,,36.15947833,4.693885417,14.2,-1.6655,0.67850439,1.25,19.46191354,0.2,0.0,0.4,1.268146152,48.0,,no_irrig,winter,mid,lo,normal,True,,0.125
2018-12-25,Oran,vetch,2018,359,0.368426645,,,,10.37348863,5.643239583,13.4,-1.0598,0.734141458,1.32,19.17412035,0.2,0.0,0.406666667,0.987110993,48.0,,no_irrig,winter,mid,mid,normal,True,,0.22916666666666666
2018-12-26,Oran,vetch,2018,360,0.427735102,,,,16.27384896,6.852939583,12.6,1.5833,0.665231458,1.05,19.07811563,0.0,0.0,0.413333333,1.116807264,48.0,,no_irrig,winter,mid,lo,normal,True,,0.4583333333333333
2018-12-27,Oran,vetch,2018,361,0.41309532,,,,18.62961194,4.14193125,11.4,-1.9422,0.584739792,0.93295,18.73226042,0.2,0.0,0.42,1.187187624,48.0,,no_irrig,winter,mid,lo,normal,True,,0.14583333333333334
2018-12-28,Oran,vetch,2018,362,0.297661445,,,,19.24053658,1.146822917,6.2473,-3.1918,0.462765,0.56249,18.43522694,0.4,0.0,0.436666667,1.04112756,48.0,,no_irrig,winter,mid,lo,normal,True,,0.14583333333333334
2018-12-29,Oran,vetch,2018,363,0.158799233,,,,14.83419841,4.7005375,10.3,2.9168,0.565548125,0.86089,18.60147264,0.2,0.0,0.453333333,0.811021248,48.0,,no_irrig,winter,mid,lo,normal,True,,0.10416666666666667
2018-12-30,Oran,vetch,2018,364,0.279892139,,,,18.90059771,2.130714583,10.9,-3.2602,0.568672927,0.99848,18.29014542,0.0,0.0,0.47,1.231991273,48.0,,no_irrig,winter,mid,lo,normal,True,,0.20833333333333334
2018-12-31,Oran,vetch,2018,365,0.454103251,,,,18.1432966,3.567027083,16.3,-3.681,0.776763542,1.86,17.88378792,0.4,0.0,0.46,1.246843584,48.0,,no_irrig,winter,mid,mid,normal,True,,0.10416666666666667
2019-02-27,Oran,wheat,2019,58,0.646044767,,,,126.8276395,13.81902273,21.116,4.9458,1.686769545,2.4208,13.17830111,0.0,0.0,0.575,1.938616267,22.0,,no_irrig,winter,low,hi,normal,True,,0.10416666666666667
2019-02-28,Oran,wheat,2019,59,1.041571359,,,,76.44213598,11.60627292,19.687,1.8783,1.422631042,2.3092,12.5679942,0.0,0.0,0.58,3.294562366,48.0,,no_irrig,winter,low,hi,normal,True,,0.4166666666666667
2019-03-01,Oran,wheat,2019,60,1.025369383,,,,78.17278042,11.12973104,18.945,0.77128,1.330081875,2.0907,12.57276542,0.0,0.0,0.582857143,3.356873439,48.0,,no_irrig,spring,low,hi,normal,True,,0.3125
2019-03-02,Oran,wheat,2019,61,1.10459351,33.98490097142857,27.83849382352941,3.2918741458333334,75.6367286,12.94030833,18.601,6.9099,1.389528333,2.0625,12.60620981,0.0,0.0,0.585714286,3.878180693,48.0,,no_irrig,spring,low,hi,normal,True,0.8608948343279388,0.7291666666666666
2019-03-03,Oran,wheat,2019,62,1.107926016,,,,81.22320802,13.07893958,22.97,1.6833,1.527741667,2.6543,12.34374399,0.0,0.0,0.588571429,3.749400566,48.0,,no_irrig,spring,low,hi,normal,True,,0.1875
2019-03-04,Oran,wheat,2019,63,0.993168073,30.104497729166667,23.78138583333333,2.584081458333333,64.42209671,13.0057125,18.096,8.1808,1.305689375,1.824,12.30074084,0.0,0.0,0.591428571,4.283546039,48.0,,no_irrig,spring,low,hi,normal,True,0.8765620479025582,0.5
2019-03-05,Oran,wheat,2019,64,0.735328727,,,,51.92586283,10.76904375,15.439,7.4099,0.836808571,1.2911,12.96515881,1.24,0.0,0.594285714,3.492795675,48.0,,no_irrig,spring,low,mid,normal,True,,0.125
2019-03-06,Oran,wheat,2019,65,0.901914612,,,,49.7465076,10.54217292,17.406,6.6873,0.905424773,1.7409,13.45848901,0.41,0.0,0.597142857,3.683984758,48.0,,no_irrig,spring,low,mid,normal,True,,0.4166666666666667
2019-03-07,Oran,wheat,2019,66,0.964743061,,,,83.707243,7.146652083,11.782,1.4925,0.855056458,1.3612,13.32679462,0.0,0.0,0.6,4.309437873,48.0,,no_irrig,spring,low,mid,normal,True,,0.4375
2019-03-08,Oran,wheat,2019,67,0.878009952,,,,73.81043921,7.050703515,14.178,-0.29154,0.8407675,1.4203,12.90164422,0.0,0.0,0.6,3.86329193,48.0,,no_irrig,spring,low,mid,normal,True,,0.2708333333333333
2019-03-09,Oran,wheat,2019,68,1.092466865,,,,99.59679309,7.942466458,17.328,-1.6371,0.999017917,1.7916,12.7134361,0.21,0.0,0.6,4.023836724,48.0,,no_irrig,spring,low,mid,normal,True,,0.22916666666666666
2019-03-10,Oran,wheat,2019,69,1.169200506,,,,101.707839,12.70544792,20.864,3.9023,1.3041,2.1874,12.6086244,0.0,0.0,0.6,4.316167527,48.0,,no_irrig,spring,low,hi,normal,True,,0.4791666666666667
2019-03-11,Oran,wheat,2019,70,1.112856245,,,,93.2639004,12.24303542,19.203,3.5133,1.12034125,1.8279,12.59571222,0.0,0.0,0.595,4.674043612,48.0,,no_irrig,spring,low,mid,normal,True,,0.4583333333333333
2019-03-12,Oran,wheat,2019,71,1.181151323,,,,87.70922979,13.3538,22.463,1.3132,1.382239362,2.6497,12.35297677,0.0,0.0,0.59,4.595994746,48.0,,no_irrig,spring,low,hi,normal,True,,0.3958333333333333
2019-03-13,Oran,wheat,2019,72,0.942956229,38.15352428148148,37.89924466666666,-5.887225,67.68338854,11.80383958,15.236,6.0994,1.183536458,1.7832,12.38532201,0.0,0.0,0.58,4.420611972,48.0,,no_irrig,spring,low,hi,normal,True,1.0366730369144184,0.5625
2019-03-14,Oran,wheat,2019,73,1.029978007,35.82684878787879,54.164651666666664,-1.3901917083333333,94.76214192,9.036191667,16.966,1.9182,1.196595625,1.9559,11.71944794,0.0,0.0,0.57,4.544610869,48.0,,no_irrig,spring,low,hi,normal,True,0.934986345328999,0.6875
2019-03-15,Oran,wheat,2019,74,1.102220625,,,,98.85836863,12.69973333,21.71,6.1723,1.517610833,2.5502,11.58569528,0.0,0.0,0.6,3.963081656,48.0,,no_irrig,spring,low,hi,normal,True,,0.3958333333333333
2019-03-16,Oran,wheat,2019,75,1.181593322,51.409437153846156,54.75256653846154,5.901650520833333,99.61997115,14.26013542,22.834,3.3783,1.735278958,2.9101,11.5072275,0.0,0.0,0.585,3.798537758,48.0,,no_irrig,spring,low,hi,normal,True,1.124911530531277,0.5416666666666666
2019-03-17,Oran,wheat,2019,76,1.193402424,33.95835594444444,25.495538378378377,4.248388354166667,95.28357746,15.50962708,20.592,9.9931,1.772354167,2.5468,11.49663324,0.0,0.0,0.57,4.117231272,48.0,,no_irrig,spring,low,hi,normal,True,0.6685546909156085,0.75
2019-03-18,Oran,wheat,2019,77,0.651643722,,,,80.18514708,8.749222917,14.148,2.1093,0.949550625,1.5143,11.1489661,0.0,0.0,0.56,4.130107827,48.0,,no_irrig,spring,low,mid,normal,True,,0.3541666666666667
2019-03-19,Oran,wheat,2019,78,0.533011224,,,,75.26273881,7.6773625,13.126,3.3545,0.934790417,1.5445,11.03848713,0.0,0.0,0.55,3.906953961,48.0,,no_irrig,spring,dry,mid,soil,True,,0.375
2019-03-20,Oran,wheat,2019,79,0.450241655,,,,53.73220792,5.8209425,11.056,-2.3717,0.819779583,1.1655,10.83036901,0.0,0.0,0.54,3.993861992,48.0,,no_irrig,spring,dry,mid,soil,True,,0.20833333333333334
2019-03-21,Oran,wheat,2019,80,0.616172264,,,,110.0845423,5.037311875,12.724,-3.6425,0.930153636,1.5024,10.62078283,0.0,0.0,0.53,4.398621076,48.0,,no_irrig,spring,dry,mid,soil,True,,0.22916666666666666
2019-03-22,Oran,wheat,2019,81,0.582950307,,,,108.1913782,5.899359167,15.273,-3.6871,0.964479318,1.6465,10.51708958,0.0,0.0,0.39,4.254165622,48.0,,no_irrig,spring,dry,mid,soil,True,,0.1875
2019-03-23,Oran,wheat,2019,82,0.403484167,,,,53.18250196,8.056341667,14.23,1.0526,0.918539583,1.3957,10.53107806,0.0,0.0,0.436666667,3.337894809,48.0,,no_irrig,spring,dry,mid,soil,True,,0.1875
2019-03-24,Oran,wheat,2019,83,0.58957081,,,,106.3989235,9.11278375,17.904,0.41542,1.163700455,1.9305,10.4439244,0.0,0.0,0.483333333,3.892568852,48.0,,no_irrig,spring,dry,hi,soil,True,,0.4166666666666667
2019-03-25,Oran,wheat,2019,84,0.756626393,,,,108.8990785,10.10861694,19.891,-1.3634,1.325815417,2.3444,10.39136669,0.0,0.0,0.53,3.878443786,48.0,,no_irrig,spring,dry,hi,soil,True,,0.3333333333333333
2019-03-26,Oran,wheat,2019,85,0.683456738,,,,115.6792173,9.252809375,16.587,-1.2856,1.108504375,1.7331,10.29050372,0.0,0.0,0.53,3.988771373,48.0,,no_irrig,spring,dry,mid,soil,True,,0.375
2019-03-27,Oran,wheat,2019,86,0.698989151,,,,114.9024685,7.435450104,15.453,-2.9178,1.143291136,1.8333,10.13539085,0.0,0.0,0.53,3.985438525,48.0,,no_irrig,spring,dry,hi,soil,True,,0.2708333333333333
2019-03-28,Oran,wheat,2019,87,0.76677062,,,,114.7090646,7.494555833,15.991,-3.6788,1.198798837,1.9148,9.912655417,0.0,0.0,0.506666667,3.837305295,48.0,,no_irrig,spring,dry,hi,soil,True,,0.3541666666666667
2019-03-29,Oran,wheat,2019,88,0.833702994,,,,110.2931194,7.354666667,13.752,0.4463,1.026505952,2.1027,9.872919528,0.0,0.0,0.483333333,3.798890633,48.0,,no_irrig,spring,dry,mid,soil,True,,0.4166666666666667
2019-03-30,Oran,wheat,2019,89,0.885405336,,,,121.6808954,9.048270833,16.389,3.4526,0.994893542,1.6598,9.885152632,0.0,0.0,0.46,3.575769893,48.0,,no_irrig,spring,dry,mid,soil,True,,0.4791666666666667
2019-03-31,Oran,wheat,2019,90,0.479858694,,,,21.20805701,7.466229167,9.4325,5.4842,0.319410435,0.81942,19.14352008,18.75,0.0,0.468,1.244264335,48.0,,no_irrig,spring,mid,lo,normal,True,,0.041666666666666664
2019-04-01,Oran,wheat,2019,91,0.736464931,,,,105.0866934,9.976572917,14.982,7.7735,0.382054833,1.1343,24.92998028,8.45,0.0,0.476,2.477766763,48.0,,no_irrig,spring,wet,lo,normal,True,,0.041666666666666664
2019-04-02,Oran,wheat,2019,92,1.258850792,,,,135.4031874,11.18879583,16.853,6.3053,0.791529795,1.5264,25.31688847,4.12,0.0,0.484,3.167867204,48.0,,no_irrig,spring,wet,mid,normal,True,,0.4166666666666667
2019-04-03,Oran,wheat,2019,93,1.361511624,,,,124.9661958,12.18621042,17.781,5.5051,1.138461458,1.7478,22.16307715,0.21,0.0,0.492,3.278071133,48.0,,no_irrig,spring,wet,mid,normal,True,,0.4791666666666667
2019-04-04,Oran,wheat,2019,94,1.499495966,48.98527852,64.57930538461538,-4.465692145833333,131.4895955,7.8268,13.584,1.2243,0.940894583,1.4046,19.54566549,0.0,0.0,0.5,3.547289536,48.0,,no_irrig,spring,mid,mid,normal,True,0.829715015295612,0.5208333333333334
2019-04-05,Oran,wheat,2019,95,1.236109886,,,,28.59821948,6.892983333,11.617,3.5585,0.660571667,1.0711,19.10195861,1.44,0.0,0.501428571,2.076403826,48.0,,no_irrig,spring,mid,lo,normal,True,,0.22916666666666666
2019-04-06,Oran,wheat,2019,96,1.402553902,,,,86.74618229,5.658352083,9.8422,2.9312,0.665273784,0.99318,19.46307014,0.82,0.0,0.502857143,2.916635694,48.0,,no_irrig,spring,mid,lo,normal,True,,0.20833333333333334
2019-04-07,Oran,wheat,2019,97,1.501846898,,,,123.0042912,7.561970833,12.672,3.0274,0.700007692,1.2612,21.39974632,1.24,0.0,0.504285714,3.405123843,48.0,,no_irrig,spring,wet,mid,normal,True,,0.16666666666666666
2019-04-08,Oran,wheat,2019,98,1.280689273,,,,94.46866044,10.60725,15.163,7.5787,0.662029159,1.2154,21.59702681,6.39,0.0,0.505714286,3.227520353,48.0,,no_irrig,spring,wet,lo,normal,True,,0.3333333333333333
2019-04-09,Oran,wheat,2019,99,1.52181889,,,,102.3820117,8.5997,12.343,4.6629,0.777913523,1.2051,21.14494826,1.65,0.0,0.507142857,3.446882509,48.0,,no_irrig,spring,wet,mid,normal,True,,0.4166666666666667
2019-04-10,Oran,wheat,2019,100,1.161671437,,,,49.17951296,7.438902083,10.089,5.7809,0.411255807,0.90454,21.66457562,3.09,0.0,0.508571429,2.296760198,48.0,,no_irrig,spring,wet,lo,normal,True,,0.10416666666666667
2019-04-11,Oran,wheat,2019,101,1.694621682,57.90200886388888,58.771741621621615,6.017244020833334,136.9893593,8.3825125,14.09,3.5831,0.887393542,1.4623,22.2827634,0.21,0.0,0.51,3.369484471,48.0,,no_irrig,spring,wet,mid,normal,True,0.8956242673012125,0.75
2019-04-12,Oran,wheat,2019,102,1.803508163,57.76863472,88.34371692307693,3.2045661666666674,149.6411573,9.19248125,15.1,3.1187,1.02485875,1.5832,20.03438535,0.0,0.0,0.504,3.273265085,48.0,,no_irrig,spring,wet,mid,normal,True,0.9978332197599937,0.5208333333333334
2019-04-13,Oran,wheat,2019,103,1.897382792,,,,154.8600026,11.06612708,18.881,1.7211,1.268460833,2.1759,18.16793,0.0,0.0,0.498,3.771944139,48.0,,no_irrig,spring,mid,hi,normal,True,,0.4375
2019-04-14,Oran,wheat,2019,104,2.054695078,75.90057875,60.4146403125,16.2654417,148.8894625,16.10150833,22.37,8.4654,1.5139625,2.2495,16.74393965,0.0,0.0,0.492,4.4490859,48.0,,no_irrig,spring,mid,hi,normal,True,1.024791534609106,0.6666666666666666
2019-04-15,Oran,wheat,2019,105,1.972796988,,,,130.3618312,16.79735417,23.713,10.042,1.457197234,2.52,15.28374688,0.0,0.0,0.486,4.964230825,48.0,,no_irrig,spring,low,hi,normal,True,,0.3958333333333333
2019-04-16,Oran,wheat,2019,106,2.031868286,63.993711083103456,61.75400903225806,8.516038843749998,150.2053054,14.23921042,21.099,8.3944,1.269392083,2.3239,14.29609563,0.0,0.0,0.48,6.001867622,48.0,,no_irrig,spring,low,hi,normal,True,0.8938682863875307,0.6041666666666666
2019-04-17,Oran,wheat,2019,107,1.631248604,,,,127.5697144,12.96939375,18.174,9.6722,1.059138333,1.6897,13.45635597,0.0,0.0,0.477,5.206321964,48.0,,no_irrig,spring,low,mid,normal,True,,0.16666666666666666
2019-04-18,Oran,wheat,2019,108,0.816382653,,,,7.650606542,8.969235417,11.34,5.7548,0.487237525,0.94854,17.43663361,12.15,0.0,0.474,2.326767404,48.0,,no_irrig,spring,mid,lo,normal,True,,0.14583333333333334
2019-04-19,Oran,wheat,2019,109,0.890537407,,,,14.8007517,7.87086875,9.9987,6.5745,0.278074632,0.55384,28.86638826,58.3,0.0,0.471,1.54441964,48.0,,no_irrig,spring,wet,lo,normal,True,,0.020833333333333332
2019-04-20,Oran,wheat,2019,110,0.988199309,,,,16.78982585,8.926385417,9.9487,6.5258,0.349858872,1.03,30.17416833,15.04,0.0,0.468,1.631684542,48.0,,no_irrig,spring,wet,lo,normal,True,,0.16666666666666666
2019-04-21,Oran,wheat,2019,111,0.597612343,,,,7.791392208,7.569916667,8.2951,6.476,0.866589615,0.95979,27.98704785,26.57,0.0,0.465,1.061007452,48.0,,no_irrig,spring,wet,mid,normal,True,,0.125
2019-04-22,Oran,wheat,2019,112,1.211207584,,,,77.22855008,9.481097917,12.786,6.8343,0.933988929,1.1077,28.98082958,2.68,0.0,0.462,3.096451779,48.0,,no_irrig,spring,wet,mid,normal,True,,0.22916666666666666
2019-04-23,Oran,wheat,2019,113,1.208311935,,,,48.97825019,9.834385417,13.856,4.0904,0.914244167,1.3805,27.95446687,1.44,0.0,0.459,2.864306524,48.0,,no_irrig,spring,wet,mid,normal,True,,0.2916666666666667
2019-04-24,Oran,wheat,2019,114,2.07684382,73.49992270294118,93.97148969696968,16.042153375,178.6137676,10.38451875,18.019,1.6137,1.141685417,1.8287,25.42184181,0.0,0.0,0.456,4.330449688,48.0,,no_irrig,spring,wet,hi,normal,True,1.027432365820828,0.7083333333333334
2019-04-25,Oran,wheat,2019,115,1.396273665,,,,71.60428313,10.20443542,12.86,7.3593,0.739786719,1.1947,27.75217667,8.86,0.0,0.453,2.348187203,48.0,,no_irrig,spring,wet,mid,normal,True,,0.4166666666666667
2019-04-26,Oran,wheat,2019,116,2.145308694,,,,169.270517,10.03483958,15.343,5.7645,0.99917,1.5093,26.53562854,0.0,0.0,0.45,3.771122717,48.0,,no_irrig,spring,wet,mid,normal,True,,0.4791666666666667
2019-04-27,Oran,wheat,2019,117,2.280407319,,,,177.7924898,11.82746458,20.156,1.2236,1.216001458,2.0354,24.48524757,0.0,0.0,0.44,3.719439281,48.0,,no_irrig,spring,wet,hi,normal,True,,0.375
2019-04-28,Oran,wheat,2019,118,2.460567453,81.77728809090908,65.18481666666666,15.353569145833333,169.7572901,15.04598542,21.372,7.8665,1.4147025,2.2642,23.07293986,0.0,0.0,0.43,3.890573163,48.0,,no_irrig,spring,wet,hi,normal,True,0.9561632012601571,0.6875
2019-04-29,Oran,wheat,2019,119,2.42672951,84.05996969696969,75.62616393939395,10.917610937500001,168.9740051,14.79370208,21.924,7.9719,1.372947917,2.1936,21.53368785,0.0,0.0,0.42,4.582583003,48.0,,no_irrig,spring,wet,hi,normal,True,1.009644912356148,0.6875
2019-04-30,Oran,wheat,2019,120,2.493522588,,,,182.4344004,15.27595417,23.868,9.2467,1.287749583,2.6825,20.11758896,0.0,0.0,0.405,5.064274092,48.0,,no_irrig,spring,wet,hi,normal,True,,0.4166666666666667
2019-05-01,Oran,wheat,2019,121,1.533504563,,,,122.7347528,13.82135417,18.535,10.461,0.981983542,1.4523,19.12099382,0.41,0.0,0.39,3.634422709,48.0,,no_irrig,spring,mid,mid,normal,True,,0.3958333333333333
2019-05-02,Oran,wheat,2019,122,2.247945943,,,,184.3407509,15.0434375,20.686,10.699,1.264975979,2.1171,18.69271465,2.06,0.0,0.403333333,4.703741906,48.0,,no_irrig,spring,mid,hi,normal,True,,0.4791666666666667
2019-05-03,Oran,wheat,2019,123,1.592677322,,,,113.4901861,12.3220375,19.781,6.7718,1.096997778,1.9927,21.42134444,0.0,0.0,0.416666667,3.811624711,48.0,,no_irrig,spring,wet,mid,normal,True,,0.4166666666666667
2019-05-04,Oran,wheat,2019,124,2.34910512,112.6862268,112.827364,3.074689770833333,189.9017944,11.55620208,18.889,2.9667,1.246532128,2.1302,24.45798819,0.21,0.0,0.43,4.721850459,48.0,,no_irrig,spring,wet,hi,normal,True,1.2037183816415995,0.5208333333333334
2019-05-05,Oran,wheat,2019,125,2.270059494,,,,164.4385975,14.27918542,21.646,5.0633,1.376603125,2.3346,21.81060069,0.0,0.0,0.422857143,4.872940966,48.0,,no_irrig,spring,wet,hi,normal,True,,0.3958333333333333
2019-05-06,Oran,wheat,2019,126,2.323239282,,,,167.3259143,15.70161667,23.233,6.6237,1.395562292,2.4926,20.08489604,0.0,0.0,0.415714286,5.062564966,48.0,,no_irrig,spring,wet,hi,normal,True,,0.4791666666666667
2019-05-07,Oran,wheat,2019,127,2.53784689,104.05434492307693,49.14838551724138,9.629174354166667,156.1091977,17.99872917,24.633,10.512,1.664068958,2.8035,18.67774819,0.0,0.0,0.408571429,5.634684041,48.0,,no_irrig,spring,mid,hi,normal,True,1.0430641319335456,0.5416666666666666
2019-05-08,Oran,wheat,2019,128,2.150590776,,,,158.1216616,17.2290625,20.71,14.041,1.423491667,1.9538,17.55360854,0.0,0.0,0.401428571,5.611093992,48.0,,no_irrig,spring,mid,hi,normal,True,,0.2916666666666667
2019-05-09,Oran,wheat,2019,129,1.759986808,,,,116.3505757,16.23727083,20.538,12.263,1.203311143,1.6654,17.80447063,2.27,0.0,0.394285714,4.948581585,48.0,,no_irrig,spring,mid,hi,normal,True,,0.2916666666666667
2019-05-10,Oran,wheat,2019,130,2.383929257,113.15253976923077,109.19247308,15.192662916666668,193.8815088,18.3415625,25.031,11.51,1.519145208,2.6967,17.43664868,0.0,0.0,0.387142857,4.964254168,48.0,,no_irrig,spring,mid,hi,normal,True,1.2251693173129834,0.5416666666666666
2019-05-11,Oran,wheat,2019,131,2.561095102,122.40321606896552,108.05936185185185,11.228787166666669,190.6152946,18.924625,25.773,10.996,1.7500525,3.0203,16.25643021,0.0,0.0,0.38,4.417642694,48.0,,no_irrig,spring,mid,hi,normal,True,1.2679536844920973,0.6041666666666666
2019-05-12,Oran,wheat,2019,132,2.414555192,,,,189.7420508,17.3633875,24.52,9.7906,1.60479125,2.8514,15.29688167,0.0,0.0,0.383333333,3.702270546,48.0,,no_irrig,spring,low,hi,normal,True,,0.3333333333333333
2019-05-13,Oran,wheat,2019,133,2.262767054,,,,189.6457995,15.80074375,24.927,5.7261,1.496276875,2.7067,14.56411736,0.0,0.0,0.386666667,3.800119257,48.0,,no_irrig,spring,low,hi,normal,True,,0.2916666666666667
2019-05-14,Oran,wheat,2019,134,2.178310849,,,,190.1092682,15.98899375,23.577,9.2777,1.538555625,2.6568,13.96116333,0.0,0.0,0.39,3.883697184,48.0,,no_irrig,spring,low,hi,normal,True,,0.4791666666666667
2019-05-15,Oran,wheat,2019,135,2.398662441,91.59040621428572,71.13398535714286,12.871436666666668,182.4991029,19.74435833,29.474,7.7753,2.251426667,4.1752,13.34460396,0.0,0.0,0.375,3.847080661,48.0,,no_irrig,spring,low,xhi,atm,True,0.9621736514413245,0.5833333333333334
2019-05-16,Oran,wheat,2019,136,2.00861111,,,,190.0730426,17.29445833,25.097,12.324,1.414219167,2.651,12.84398479,0.0,0.0,0.36,3.770356275,48.0,,no_irrig,spring,low,hi,normal,True,,0.3541666666666667
2019-05-17,Oran,wheat,2019,137,1.438602906,,,,153.7178681,14.088775,18.96,9.8619,1.412335417,2.051,12.45737556,0.0,0.0,0.356,3.330696762,48.0,,no_irrig,spring,low,hi,normal,True,,0.22916666666666666
2019-05-18,Oran,wheat,2019,138,1.236489502,54.030060416666664,121.87149583333333,-5.573972804166666,120.784067,12.32995625,16.634,7.3163,1.330445417,1.8922,12.28112764,0.0,0.0,0.352,2.746701036,48.0,,no_irrig,spring,low,hi,normal,True,1.410182548468537,0.5
2019-05-19,Oran,wheat,2019,139,1.34839513,,,,165.25734,11.46094792,18.192,2.7662,1.315725,2.0465,12.10675844,0.0,0.0,0.348,2.965075373,48.0,,no_irrig,spring,low,hi,normal,True,,0.4375
2019-05-20,Oran,wheat,2019,140,1.218956506,,,,23.52145864,9.337777273,14.528,3.7527,0.972671364,1.2881,11.97364136,0.0,0.0,0.344,2.857358455,48.0,,no_irrig,spring,low,mid,normal,True,,0.10416666666666667
2019-05-21,Oran,wheat,2019,141,1.550460122,,,,,,,,0.0,0.0,,0.82,0.0,0.34,2.700145497,48.0,,no_irrig,spring,,lo,normal,True,,0.0
2019-05-22,Oran,wheat,2019,142,1.462266367,60.64904360333333,102.292429,11.634265125,162.2609454,17.20691667,24.999,10.535,1.570189792,2.7523,11.83943292,0.0,0.0,0.336,2.462682112,48.0,,no_irrig,spring,low,hi,normal,True,1.0758949868344885,0.625
2019-05-23,Oran,wheat,2019,143,1.234379829,55.38843125,68.29337045833334,8.864188416666666,109.1929731,19.45810417,26.307,12.54,2.001552083,3.1442,11.61137852,0.0,0.0,0.332,1.941039883,48.0,,no_irrig,spring,low,xhi,atm,True,1.2138692294654831,0.5
2019-05-24,Oran,wheat,2019,144,0.927603845,,,,86.64434444,16.82958333,23.263,11.098,1.458295111,2.4392,11.54849142,1.44,0.0,0.328,1.358887633,48.0,,no_irrig,spring,low,hi,normal,True,,0.22916666666666666
2019-05-25,Oran,wheat,2019,145,1.187813976,,,,162.1051025,14.59113333,21.402,7.688,1.329503542,2.2618,11.96941958,0.21,0.0,0.324,1.630922248,48.0,,no_irrig,spring,low,hi,normal,True,,0.4583333333333333
2019-05-26,Oran,wheat,2019,146,1.320928457,59.968110241666665,148.0212532142857,12.1511646875,197.5682452,16.32622292,23.869,7.1583,1.565906458,2.8634,11.80409856,0.0,0.0,0.32,1.402971561,48.0,,no_irrig,spring,low,hi,normal,True,1.1142505614265938,0.5
2019-05-27,Oran,wheat,2019,147,1.32593508,,,,189.9006661,17.91089792,26.926,6.2866,1.824485625,3.3358,11.36802688,0.0,0.0,0.313333333,1.015847848,48.0,,no_irrig,spring,low,hi,normal,True,,0.3958333333333333
2019-05-28,Oran,wheat,2019,148,1.345208473,,,,188.8626874,18.93789583,26.59,10.339,1.936474167,3.3644,10.93486853,0.0,0.0,0.306666667,0.786886486,48.0,,no_irrig,spring,dry,xhi,compound,True,,0.4791666666666667
2019-05-29,Oran,wheat,2019,149,1.156344113,44.07301119230769,166.49906466666664,7.450536125,191.6038992,15.76006667,23.628,8.3434,1.667292708,2.8644,10.53483867,0.0,0.0,0.3,0.987416113,48.0,,no_irrig,spring,dry,hi,soil,False,1.137881916454776,0.5416666666666666
2019-05-30,Oran,wheat,2019,150,1.097494046,32.07340105263158,113.46572820512822,10.257461895833334,187.8360413,16.72185417,24.149,9.0212,1.768636875,2.8441,10.17731024,0.0,0.0,0.3,1.071353867,48.0,,no_irrig,spring,dry,hi,soil,False,0.8294286342323195,0.7916666666666666
2019-05-31,Oran,wheat,2019,151,1.112524824,43.752883812,163.81249793103447,11.0760224375,189.4836777,18.06498125,25.493,9.5743,1.869578125,3.1019,9.849565688,0.0,0.0,0.3,0.963239533,48.0,,no_irrig,spring,dry,hi,soil,False,1.1538798846678646,0.5208333333333334
2019-06-01,Oran,wheat,2019,152,1.110870367,29.12423870588235,97.32505888888889,11.521757875,187.5123599,19.14354167,27.192,10.482,2.15118375,3.5006,9.512581403,0.0,0.0,0.28,0.818957327,48.0,,no_irrig,summer,dry,xhi,compound,False,0.7357971256708548,0.7083333333333334
2019-06-02,Oran,wheat,2019,153,1.050045135,42.623761125,156.7853696875,12.654011542291665,182.5385046,20.49304167,28.999,12.095,2.467904167,4.0023,9.169760194,0.0,0.0,0.26,0.745111918,48.0,,no_irrig,summer,dry,xhi,compound,False,1.1617447116872959,0.6666666666666666
2019-06-03,Oran,wheat,2019,154,0.935126816,,,,125.768871,22.16445833,30.262,13.327,2.6109,4.2267,8.843022007,0.0,0.0,0.27,0.657987424,48.0,,no_irrig,summer,dry,xhi,compound,False,,0.4791666666666667
2019-06-04,Oran,wheat,2019,155,1.11706729,,,,172.948092,23.50652083,31.354,14.47,2.836122917,4.5731,8.563206542,0.0,0.0,0.27,0.655484559,48.0,,no_irrig,summer,dry,xhi,compound,False,,0.4791666666666667
2019-06-05,Oran,wheat,2019,156,0.72364342,,,,164.6917679,17.95983333,21.204,13.873,1.9078125,2.571,8.27097241,0.0,0.0,0.27,0.695430557,48.0,,no_irrig,summer,dry,xhi,compound,False,,0.4791666666666667
2019-06-06,Oran,wheat,2019,157,0.784255085,,,,175.4389544,17.55525625,25.013,7.0138,2.002255,3.2427,8.071972722,0.0,0.0,0.266666667,0.596139587,48.0,,no_irrig,summer,dry,xhi,compound,False,,0.4791666666666667
2019-06-07,Oran,wheat,2019,158,0.807321372,,,,172.1152827,17.15416042,24.013,9.2927,1.789030208,2.8933,7.885056542,0.0,0.0,0.263333333,0.554239519,48.0,,no_irrig,summer,dry,hi,soil,False,,0.4166666666666667
2019-06-08,Oran,wheat,2019,159,0.761416899,,,,177.6471129,17.108725,24.468,8.3213,1.682960417,2.6002,7.749923444,0.0,0.0,0.26,0.484750496,48.0,,no_irrig,summer,dry,hi,soil,False,,0.4791666666666667
2019-06-09,Oran,wheat,2019,160,0.742969102,,,,123.5489417,19.66604167,27.371,13.57,2.082570833,3.6176,7.685293049,0.0,0.0,0.26,0.340010084,48.0,,no_irrig,summer,dry,xhi,compound,False,,0.4791666666666667
2019-06-10,Oran,wheat,2019,161,0.979687543,19.587917964285715,112.333405,13.0555210625,171.6526896,20.450375,26.406,14.817,2.347020833,3.4368,7.475554896,0.0,0.0,0.26,0.306732879,48.0,,no_irrig,summer,dry,xhi,compound,False,0.8445940717777269,0.5833333333333334
2019-06-11,Oran,wheat,2019,162,0.765609502,21.768936076923076,145.2692319090909,6.654268820833334,150.7772354,18.76666667,24.045,11.583,2.037989375,2.8746,7.284417028,0.0,0.0,0.253333333,0.225701612,48.0,,no_irrig,summer,dry,xhi,compound,False,1.1519805116923347,0.5416666666666666
2019-06-12,Oran,wheat,2019,163,0.649313493,,,,162.4867539,14.93859792,23.277,6.151,1.482622917,2.6513,7.237088229,0.0,0.0,0.246666667,0.279288066,48.0,,no_irrig,summer,dry,hi,soil,False,,0.3333333333333333
2019-06-13,Oran,wheat,2019,164,0.735788645,,,,154.9838845,17.981625,25.796,12.866,1.599206875,2.8608,7.208739028,0.21,0.0,0.24,0.25909119,48.0,,no_irrig,summer,dry,hi,soil,False,,0.3541666666666667
2019-06-14,Oran,wheat,2019,165,0.993253959,,,,202.5144406,19.69114583,26.715,12.752,2.113565909,3.5215,11.60363699,15.45,0.0,0.25,0.255953827,48.0,,no_irrig,summer,low,xhi,atm,False,,0.4791666666666667
2019-06-15,Oran,wheat,2019,166,0.909871273,40.92360282758621,132.86094535714287,1.485455232291666,189.6980265,17.73452083,25.103,10.794,1.883252083,2.9901,12.81068639,0.0,0.0,0.26,0.308514661,48.0,,no_irrig,summer,low,xhi,atm,False,0.9239421552733884,0.6041666666666666
2019-06-16,Oran,wheat,2019,167,0.781626269,,,,127.7717212,18.49916667,25.034,11.988,1.821785417,3.116,11.87578694,0.0,0.0,0.25,0.279695941,48.0,,no_irrig,summer,low,hi,normal,False,,0.375
2019-06-17,Oran,wheat,2019,168,0.84331631,,,,179.3202449,21.59633333,29.379,12.121,2.3663725,4.0596,11.07817556,0.0,0.0,0.24,0.281212235,48.0,,no_irrig,summer,dry,xhi,compound,False,,0.375
2019-06-18,Oran,wheat,2019,169,0.848804767,,,,178.9189518,22.74758333,30.006,13.92,2.594633333,4.1522,10.12087539,0.0,0.0,0.23,0.335735098,48.0,,no_irrig,summer,dry,xhi,compound,False,,0.3958333333333333
2019-06-19,Oran,wheat,2019,170,0.979041086,,,,181.8390608,22.7896875,30.679,16.421,2.55656875,4.5424,9.283135792,0.0,0.0,0.235,0.42245107,48.0,,no_irrig,summer,dry,xhi,compound,False,,0.375
2019-06-20,Oran,wheat,2019,171,0.755078128,19.075352859310343,74.11747470588236,13.466051395833334,161.0757073,23.1109375,30.066,16.221,2.477077083,4.0157,8.607114257,0.0,0.0,0.24,0.420336187,48.0,,no_irrig,summer,dry,xhi,compound,False,0.6621661376156135,0.6041666666666666
2019-06-21,Oran,wheat,2019,172,0.705108475,,,,131.7623131,22.2460625,28.35,16.025,2.22495,3.6232,8.14813384,0.0,0.0,0.24,0.437423567,48.0,,no_irrig,summer,dry,xhi,compound,False,,0.3333333333333333
2019-06-22,Oran,wheat,2019,173,0.677218335,,,,161.256214,21.98179167,29.178,15.385,2.160458333,3.6838,7.821207215,0.0,0.0,0.24,0.494542996,48.0,,no_irrig,summer,dry,xhi,compound,False,,0.4583333333333333
2019-06-23,Oran,wheat,2019,174,0.779170188,32.88415119230769,161.2403734375,14.280456854166665,175.3264369,23.5526875,31.325,15.405,2.7486,4.5572,7.452546292,0.0,0.0,0.24,0.525441113,48.0,,no_irrig,summer,dry,xhi,compound,False,1.188668321780576,0.5416666666666666
2019-06-24,Oran,wheat,2019,175,0.730825127,,,,166.2910942,23.31422917,31.964,11.762,2.650760417,4.4259,7.045653215,0.0,0.0,0.235,0.514834765,48.0,,no_irrig,summer,dry,xhi,compound,False,,0.3125
2019-06-25,Oran,wheat,2019,176,0.731838745,,,,174.2178855,25.10527083,33.98,15.791,2.71044375,5.1422,6.883518493,0.0,0.0,0.23,0.506791249,48.0,,no_irrig,summer,dry,xhi,compound,False,,0.2708333333333333
2019-06-26,Oran,wheat,2019,177,0.664179299,,,,179.8433949,23.41916667,33.33,13.457,2.2351025,4.7129,6.669537875,0.0,0.0,0.233333333,0.475568205,48.0,,no_irrig,summer,dry,xhi,compound,False,,0.3125
2019-06-27,Oran,wheat,2019,178,0.772162744,,,,151.5440921,25.99235417,35.68,16.597,3.07975625,5.9347,6.463322042,0.0,0.0,0.236666667,0.436888607,48.0,,no_irrig,summer,dry,xhi,compound,False,,0.3541666666666667
2019-06-28,Oran,wheat,2019,179,0.752080529,25.219993362962963,118.22177264705883,15.691448333333334,163.7878152,26.33116667,35.609,15.465,3.334516667,6.0643,6.280235674,0.0,0.0,0.24,0.421081594,48.0,,no_irrig,summer,dry,xhi,compound,False,0.9715815193025336,0.5625
2019-06-29,Oran,wheat,2019,180,0.961030058,,,,158.6810253,27.403625,35.789,15.773,3.759840426,6.1074,6.060515778,0.0,0.0,0.235,0.416342482,48.0,,no_irrig,summer,dry,xhi,compound,False,,0.4583333333333333
2019-06-30,Oran,wheat,2019,181,0.979217302,,,,154.6691583,27.18858333,34.248,15.811,3.7187875,5.5139,5.824043806,0.0,0.0,0.23,0.495688918,48.0,,no_irrig,summer,dry,xhi,compound,False,,0.4791666666666667
2019-07-01,Oran,wheat,2019,182,0.661625838,,,,121.1988417,25.61497917,33.428,17.275,2.95716875,4.8085,5.595079618,0.0,0.0,0.233333333,0.491588583,48.0,,no_irrig,summer,dry,xhi,compound,False,,0.25
2019-07-02,Oran,wheat,2019,183,0.8943871,,,,174.732195,23.63645833,30.122,18.211,2.0974,3.5529,5.718638653,0.0,0.0,0.236666667,0.70052984,48.0,,no_irrig,summer,dry,xhi,compound,False,,0.375
2019-07-03,Oran,wheat,2019,184,0.93668771,25.022359493333333,118.03851111111112,13.043894979166668,169.2220406,23.86447917,31.235,16.02,2.626327083,4.3989,5.632198486,0.0,0.0,0.24,0.814733088,48.0,,no_irrig,summer,dry,xhi,compound,False,0.922484831213819,0.5625
2019-07-04,Oran,wheat,2019,185,0.952117273,,,,155.8593785,23.23875,30.546,13.571,2.456477083,4.0569,5.458254889,0.0,0.0,0.22,0.723974627,48.0,,no_irrig,summer,dry,xhi,compound,False,,0.3541666666666667
2019-07-05,Oran,wheat,2019,186,1.080222813,,,,163.9666119,24.7021875,33.335,14.717,2.539638542,4.7526,5.483983083,0.0,0.0,0.22,0.635907297,48.0,,no_irrig,summer,dry,xhi,compound,False,,0.2708333333333333
2019-07-06,Oran,wheat,2019,187,0.970015643,,,,106.340564,26.95497917,34.29,15.812,3.250241667,5.3217,5.429352424,0.0,0.0,0.206666667,0.524020871,48.0,,no_irrig,summer,dry,xhi,compound,False,,0.25
2019-07-07,Oran,wheat,2019,188,0.832538498,,,,110.828961,25.06835417,34.807,19.416,2.579999778,5.3754,5.828845611,15.04,0.0,0.193333333,0.513465437,48.0,,no_irrig,summer,dry,xhi,compound,False,,0.16666666666666666
2019-07-08,Oran,wheat,2019,189,0.99837229,,,,148.5151019,22.05139583,28.498,17.984,1.802649792,3.4405,9.070659951,0.0,0.0,0.18,0.716019226,48.0,,no_irrig,summer,dry,hi,soil,False,,0.16666666666666666
2019-07-09,Oran,wheat,2019,190,1.203999576,71.31820034482759,127.38320714285715,-0.8938511875000009,183.2534045,22.6030625,27.882,17.218,2.4207,3.5464,11.64408194,0.0,0.0,0.21,0.886596502,48.0,,no_irrig,summer,low,xhi,atm,False,1.0794209081129773,0.6041666666666666
2019-07-10,Oran,wheat,2019,191,0.987209581,,,,180.198705,23.31445833,31.052,13.399,2.610514583,4.3005,11.17541666,0.0,0.0,0.24,0.895605928,48.0,,no_irrig,summer,low,xhi,atm,False,,0.4583333333333333
2019-07-11,Oran,wheat,2019,192,1.137118335,,,,167.7585502,26.04904167,34.432,18.262,3.113764583,5.3358,10.285607,0.0,0.0,0.23,0.895070422,48.0,,no_irrig,summer,dry,xhi,compound,False,,0.4166666666666667
2019-07-12,Oran,wheat,2019,193,1.065787127,,,,126.8557909,28.19483333,36.816,19.08,3.621502083,6.2264,9.103996917,0.0,0.0,0.2275,0.797177408,48.0,,no_irrig,summer,dry,xhi,compound,False,,0.375
2019-07-13,Oran,wheat,2019,194,0.969824131,41.5407308,124.80532035714285,11.711178758333334,145.1359342,29.63170833,34.38,23.223,3.952008333,5.5029,8.028515764,0.0,0.0,0.225,0.879259922,48.0,,no_irrig,summer,dry,xhi,compound,False,1.2268307703246284,0.5208333333333334
2019-07-14,Oran,wheat,2019,195,1.117897347,29.978062483870968,146.7918113030303,6.179731833333332,163.27091,25.03164583,30.737,19.869,2.790220833,4.0829,7.252997,0.0,0.0,0.2225,0.969716981,48.0,,no_irrig,summer,dry,xhi,compound,False,1.120527873705332,0.6458333333333334
2019-07-15,Oran,wheat,2019,196,1.078183029,,,,181.6680706,26.20941667,33.135,17.611,3.135052083,4.9519,6.806752785,0.0,0.0,0.22,0.918750031,48.0,,no_irrig,summer,dry,xhi,compound,False,,0.3958333333333333
2019-07-16,Oran,wheat,2019,197,0.932690645,,,,178.7492667,24.29779167,30.396,19.135,2.2755625,3.6814,6.426756583,0.0,0.0,0.223333333,0.968700877,48.0,,no_irrig,summer,dry,xhi,compound,False,,0.2916666666666667
2019-07-17,Oran,wheat,2019,198,0.882189845,,,,152.4569198,24.36277083,30.732,18.0,2.5639375,4.2038,6.148431014,0.0,0.0,0.226666667,1.009871592,48.0,,no_irrig,summer,dry,xhi,compound,False,,0.4583333333333333
2019-07-18,Oran,wheat,2019,199,0.916209911,30.528641474074075,85.06894193548388,12.890941541666665,163.4559369,25.02291667,32.161,16.994,2.865879167,4.5672,5.928149542,0.0,0.0,0.23,1.115335579,48.0,,no_irrig,summer,dry,xhi,compound,False,0.7860743843735938,0.5625
2019-07-19,Oran,wheat,2019,200,0.91837526,,,,163.800501,25.046375,32.478,16.172,3.070514583,4.9884,5.680101458,0.0,0.0,0.225,1.189105643,48.0,,no_irrig,summer,dry,xhi,compound,False,,0.4583333333333333
2019-07-20,Oran,wheat,2019,201,0.855855184,,,,149.6990301,26.370125,34.396,17.713,3.1854625,5.1745,5.496771799,0.0,0.0,0.22,1.148514702,48.0,,no_irrig,summer,dry,xhi,compound,False,,0.3958333333333333
2019-07-21,Oran,wheat,2019,202,0.869892833,,,,157.4320617,26.36264583,33.594,18.679,3.217625,5.1536,5.392597896,0.0,0.0,0.226666667,1.178734372,48.0,,no_irrig,summer,dry,xhi,compound,False,,0.3958333333333333
2019-07-22,Oran,wheat,2019,203,0.894586944,,,,157.0938744,26.0954375,33.787,18.63,3.191564583,5.501,5.289818903,0.0,0.0,0.233333333,1.15490721,48.0,,no_irrig,summer,dry,xhi,compound,False,,0.4791666666666667
2019-07-23,Oran,wheat,2019,204,0.868730106,37.81581355555556,116.860845,11.600294258333333,133.9641681,26.76847917,34.101,18.174,3.543264583,5.4696,5.131431736,0.0,0.0,0.24,1.082183276,48.0,,no_irrig,summer,dry,xhi,compound,False,1.241204683258699,0.5625
2019-07-24,Oran,wheat,2019,205,0.936719192,,,,155.7033154,27.21489583,34.21,18.502,3.650972917,5.4691,5.075450965,0.0,0.0,0.235,1.041096435,48.0,,no_irrig,summer,dry,xhi,compound,False,,0.4166666666666667
2019-07-25,Oran,wheat,2019,206,0.932921927,34.70764166923077,131.39336931034484,15.064247625,154.2321302,26.95979167,33.56,18.851,3.503520833,5.3261,5.010145576,0.0,0.0,0.23,0.969207907,48.0,,no_irrig,summer,dry,xhi,compound,False,1.174627221707057,0.5416666666666666
2019-07-26,Oran,wheat,2019,207,0.876432931,,,,153.2426131,25.85158333,32.125,18.272,3.16871875,4.7138,4.930863535,0.0,0.0,0.24,0.959609635,48.0,,no_irrig,summer,dry,xhi,compound,False,,0.4375
2019-07-27,Oran,wheat,2019,208,0.687536353,,,,137.2504942,22.7811875,27.329,18.185,2.607464583,3.3964,4.733471104,0.0,0.0,0.25,1.0414329,48.0,,no_irrig,summer,dry,xhi,compound,False,,0.4166666666666667
2019-07-28,Oran,wheat,2019,209,0.718260642,,,,152.0988192,22.82083333,29.003,15.83,2.374339583,3.6267,4.878729229,0.0,0.0,0.25,1.256723287,48.0,,no_irrig,summer,dry,xhi,compound,False,,0.22916666666666666
2019-07-29,Oran,wheat,2019,210,0.803716675,,,,150.0711635,25.54185417,33.243,17.345,2.911327083,4.9105,4.930228118,0.0,0.0,0.255,1.398092725,48.0,,no_irrig,summer,dry,xhi,compound,False,,0.3333333333333333
2019-07-30,Oran,wheat,2019,211,0.789091046,,,,152.9515329,25.50997917,33.446,17.344,3.090322917,5.104,4.897278861,0.0,0.0,0.26,1.432417973,48.0,,no_irrig,summer,dry,xhi,compound,False,,0.375
2019-07-31,Oran,wheat,2019,212,0.592562513,,,,142.5298453,23.13489583,28.025,17.94,2.06181875,3.1321,4.850298403,0.0,0.0,0.263333333,1.369100908,48.0,,no_irrig,summer,dry,xhi,compound,False,,0.375
2019-08-01,Oran,wheat,2019,213,0.759225122,,,,143.6139752,25.052375,34.095,15.957,2.724504167,4.6852,4.983862694,0.0,0.0,0.266666667,1.355113099,48.0,,no_irrig,summer,dry,xhi,compound,False,,0.3333333333333333
2019-08-02,Oran,wheat,2019,214,0.76422409,,,,153.8254208,25.62404167,33.794,16.421,2.8075875,5.1614,4.979186896,0.0,0.0,0.27,1.403446725,48.0,,no_irrig,summer,dry,xhi,compound,False,,0.4166666666666667
2019-08-03,Oran,wheat,2019,215,0.754804396,,,,152.5740208,25.73252083,32.864,19.202,2.6400625,4.5725,4.991184403,0.0,0.0,0.265,1.563356083,48.0,,no_irrig,summer,dry,xhi,compound,False,,0.4791666666666667
2019-08-04,Oran,wheat,2019,216,0.842467537,,,,145.8124131,26.70377083,35.056,16.532,3.214654167,5.5869,4.928010861,0.0,0.0,0.26,1.737495509,48.0,,no_irrig,summer,dry,xhi,compound,False,,0.20833333333333334
2019-08-05,Oran,wheat,2019,217,0.791762459,,,,134.3831576,26.8904375,35.539,16.341,3.076039583,5.6152,4.875714271,0.0,0.0,0.26,1.677282969,48.0,,no_irrig,summer,dry,xhi,compound,False,,0.22916666666666666
2019-08-06,Oran,wheat,2019,218,0.874461042,,,,137.5767628,27.54664583,37.696,13.985,3.408436364,8.3686,4.861129972,0.0,0.0,0.2625,1.76952373,48.0,,no_irrig,summer,dry,xhi,compound,False,,0.22916666666666666
2019-08-07,Oran,wheat,2019,219,0.752515714,27.63782028,86.87612633333333,5.7944031874999995,99.52489327,27.38585417,32.226,22.759,3.606441667,4.8646,4.59167966,0.0,0.0,0.265,1.529079961,48.0,,no_irrig,summer,dry,xhi,compound,False,1.208826715075622,0.5208333333333334
2019-08-08,Oran,wheat,2019,220,0.865564501,,,,150.5249831,26.90891667,35.136,17.758,3.379158333,5.5191,4.745060389,0.0,0.0,0.2675,1.695020802,48.0,,no_irrig,summer,dry,xhi,compound,False,,0.4583333333333333
2019-08-09,Oran,wheat,2019,221,0.950529605,,,,146.5382746,27.96570833,35.204,17.542,3.77448125,5.7155,4.708754146,0.0,0.0,0.27,1.745037499,48.0,,no_irrig,summer,dry,xhi,compound,False,,0.4791666666666667
2019-08-10,Oran,wheat,2019,222,0.743452398,,,,146.6166492,26.25,34.821,19.02,2.88196875,5.1652,4.696982174,0.0,0.0,0.27,1.768970551,48.0,,no_irrig,summer,dry,xhi,compound,False,,0.1875
2019-08-11,Oran,wheat,2019,223,0.828933928,,,,134.190956,25.87610417,32.312,18.615,3.1558875,4.9751,4.680400014,0.0,0.0,0.27,1.653263427,48.0,,no_irrig,summer,dry,xhi,compound,False,,0.4791666666666667
2019-08-12,Oran,wheat,2019,224,0.766909217,18.994187088235293,79.882285,6.089912041666666,138.581206,22.9314375,28.919,17.304,2.807410417,4.1552,4.546687792,0.0,0.0,0.27,1.740731434,48.0,,no_irrig,summer,dry,xhi,compound,False,0.7574359260399431,0.7083333333333334
2019-08-13,Oran,wheat,2019,225,0.593411657,,,,137.4622058,22.54133333,28.18,18.338,2.079997917,3.351,4.629260972,0.0,0.0,0.265,1.487882057,48.0,,no_irrig,summer,dry,xhi,compound,False,,0.4375
2019-08-14,Oran,wheat,2019,226,0.747233118,,,,141.1823404,24.12725,32.027,16.735,2.58159375,4.726,4.741611632,0.0,0.0,0.26,1.483247667,48.0,,no_irrig,summer,dry,xhi,compound,False,,0.2708333333333333
2019-08-15,Oran,wheat,2019,227,0.789135316,,,,127.0978208,25.66408333,33.467,17.565,2.800647917,4.8906,4.745861181,0.0,0.0,0.266666667,1.472101064,48.0,,no_irrig,summer,dry,xhi,compound,False,,0.25
2019-08-16,Oran,wheat,2019,228,0.776763187,,,,140.31205,24.98439583,32.959,17.48,2.79608125,4.7833,4.734701792,0.0,0.0,0.273333333,1.525900714,48.0,,no_irrig,summer,dry,xhi,compound,False,,0.4791666666666667
2019-08-17,Oran,wheat,2019,229,0.687466212,,,,108.1416869,27.2650625,35.26,18.177,3.255979167,5.4984,4.695284361,0.0,0.0,0.28,1.540726808,48.0,,no_irrig,summer,dry,xhi,compound,False,,0.375
2019-08-18,Oran,wheat,2019,230,0.835036002,,,,118.6804425,28.351,36.058,21.383,3.73971875,6.0518,4.705770514,0.0,0.0,0.28,1.630460297,48.0,,no_irrig,summer,dry,xhi,compound,False,,0.25
2019-08-19,Oran,wheat,2019,231,0.758712835,,,,133.6465465,26.29860417,34.341,17.209,3.289727083,5.4573,4.617139528,0.0,0.0,0.28,1.690319079,48.0,,no_irrig,summer,dry,xhi,compound,False,,0.22916666666666666
2019-08-20,Oran,wheat,2019,232,0.528294732,,,,87.49327342,22.73877083,29.748,18.991,1.966854167,3.6185,4.521750806,0.0,0.0,0.283333333,1.469253656,48.0,,no_irrig,summer,dry,xhi,compound,False,,0.16666666666666666
2019-08-21,Oran,wheat,2019,233,0.422161119,,,,27.92286901,19.93677083,23.14,17.178,1.41943336,2.1198,5.004542208,4.53,0.0,0.286666667,0.744348275,48.0,,no_irrig,summer,dry,hi,soil,False,,0.22916666666666666
2019-08-22,Oran,wheat,2019,234,0.643391162,,,,150.1923719,21.06372917,29.192,12.066,2.16531875,3.8257,5.296982118,0.21,0.0,0.29,1.538729365,48.0,,no_irrig,summer,dry,xhi,compound,False,,0.1875
2019-08-23,Oran,wheat,2019,235,0.599682216,,,,138.8270682,21.67108333,28.724,13.263,2.427472917,3.8978,5.005974306,0.0,0.0,0.29,1.593991932,48.0,,no_irrig,summer,dry,xhi,compound,False,,0.3125
2019-08-24,Oran,wheat,2019,236,0.612995709,,,,131.967757,22.58,31.097,14.065,2.516829167,4.4716,4.856278826,0.0,0.0,0.29,1.616276684,48.0,,no_irrig,summer,dry,xhi,compound,False,,0.3333333333333333
2019-08-25,Oran,wheat,2019,237,0.61468934,,,,137.5256546,22.28377083,28.434,14.417,2.336189583,3.8647,4.7961725,0.0,0.0,0.29,1.650304589,48.0,,no_irrig,summer,dry,xhi,compound,False,,0.4375
2019-08-26,Oran,wheat,2019,238,0.567019984,,,,48.61594663,20.9826875,25.452,17.845,1.848610625,2.7422,4.835824201,9.68,0.0,0.29,1.059670943,48.0,,no_irrig,summer,dry,hi,soil,False,,0.3333333333333333
2020-03-09,Oran,pea,2020,69,0.020544726,,,,-65.510833,10.84894,14.1,8.5737,1.2824621,1.597755,17.43463133,0.0,0.0,0.484545455,0.04885109,10.0,,no_irrig,spring,mid,hi,normal,True,,0.16666666666666666
2020-03-10,Oran,pea,2020,70,1.042805505,39.49082790909091,48.27768636363636,3.2020169574468085,95.18725634,13.11465319,20.4,6.1354,1.502219,2.2541,16.84678234,0.0,0.0,0.487272727,3.855553516,48.0,,no_irrig,spring,mid,hi,normal,True,0.9557007390236057,0.6875
2020-03-11,Oran,pea,2020,71,1.255964513,,,,113.5646666,15.264825,25.6,4.5847,1.628854646,3.022854,16.8316734,0.0,0.0,0.49,3.807520789,48.0,,no_irrig,spring,mid,hi,normal,True,,0.2916666666666667
2020-03-12,Oran,pea,2020,72,1.337867612,54.3784684516129,28.76431322580645,7.012421729166667,95.97758625,16.98252917,24.5,7.6189,1.774323188,2.951345,17.04622785,0.0,0.0,0.486666667,3.995315296,48.0,,no_irrig,spring,mid,hi,normal,True,0.9393360150957746,0.6458333333333334
2020-03-13,Oran,pea,2020,73,1.076671601,,,,90.14232542,14.00453542,20.7,5.6376,1.37434625,2.138979,16.78152965,0.0,0.0,0.483333333,4.570152735,48.0,,no_irrig,spring,mid,hi,normal,True,,0.3958333333333333
2020-03-14,Oran,pea,2020,74,1.097626066,29.51793381259259,25.41856862068965,3.697558160416667,94.51226175,12.56221667,20.3,5.9583,1.154775583,1.87408,16.54229451,0.0,0.0,0.48,4.934072823,48.0,,no_irrig,spring,mid,hi,normal,True,0.6203857521555812,0.5625
2020-03-15,Oran,pea,2020,75,1.156024681,,,,129.1939323,12.24012708,18.6,8.9264,1.234724659,2.09305,16.36772097,0.59,0.0,0.486666667,4.461879906,48.0,,no_irrig,spring,mid,hi,normal,True,,0.3125
2020-03-16,Oran,pea,2020,76,0.596567439,,,,39.49765041,5.797175,10.3,-0.2,0.608465931,0.868509,18.59953646,3.72,0.0,0.493333333,2.505206498,48.0,,no_irrig,spring,mid,lo,normal,True,,0.16666666666666666
2020-03-17,Oran,pea,2020,77,0.72271631,,,,63.87586352,6.764989583,12.2,-0.775,0.797061146,1.014804,18.9256075,0.2,0.0,0.5,2.874424068,48.0,,no_irrig,spring,mid,mid,normal,True,,0.16666666666666666
2020-03-18,Oran,pea,2020,78,0.950275988,,,,64.07212102,9.8242,13.1,5.1313,0.955343,1.270451,19.6098725,0.0,0.0,0.506666667,3.352125978,48.0,,no_irrig,spring,mid,mid,normal,True,,0.22916666666666666
2020-03-19,Oran,pea,2020,79,0.697973656,,,,40.22056192,8.384108333,11.8,4.222,0.893798104,1.163496,18.31423424,0.0,0.0,0.513333333,2.759583266,48.0,,no_irrig,spring,mid,mid,normal,True,,0.3541666666666667
2020-03-20,Oran,pea,2020,80,0.892201478,,,,54.90025242,8.816916667,11.4,6.6529,0.910368521,1.160796,18.35433833,0.0,0.0,0.52,2.966761183,48.0,,no_irrig,spring,mid,mid,normal,True,,0.4791666666666667
2020-03-21,Oran,pea,2020,81,0.856109278,,,,41.28878356,7.032489583,10.9,2.2668,0.726235333,0.958114,21.04279625,9.8,0.0,0.526666667,1.655610545,48.0,,no_irrig,spring,wet,mid,normal,True,,0.14583333333333334
2020-03-22,Oran,pea,2020,82,0.923304794,,,,45.45641592,5.847283333,9.2374,1.2673,0.52689522,0.845005,24.77574382,2.74,0.0,0.533333333,2.240188837,48.0,,no_irrig,spring,wet,lo,normal,True,,0.20833333333333334
2020-03-23,Oran,pea,2020,83,1.384589159,,,,71.36758675,8.667035417,12.0,6.1078,0.244513773,1.060797,25.39381229,6.27,0.0,0.54,3.034809282,48.0,,no_irrig,spring,wet,lo,normal,True,,0.20833333333333334
2020-03-24,Oran,pea,2020,84,1.522419372,,,,15.7676374,7.761741667,9.0063,4.2952,,0.803215,29.47338417,11.96,0.0,0.546666667,1.293966937,48.0,,no_irrig,spring,wet,,normal,True,,0.020833333333333332
2020-03-25,Oran,pea,2020,85,1.36894604,,,,113.4970113,6.523308333,12.8,1.0044,0.80493,1.308507,27.75447653,0.0,0.0,0.553333333,4.66202958,48.0,,no_irrig,spring,wet,mid,normal,True,,0.2708333333333333
2020-03-26,Oran,pea,2020,86,1.978638067,,,,161.8017152,7.603147917,12.9,1.9468,0.864806488,1.521847,26.55339,0.0,0.0,0.56,5.125829723,48.0,,no_irrig,spring,wet,mid,normal,True,,0.4166666666666667
2020-03-27,Oran,pea,2020,87,0.889539566,,,,12.97302829,3.006783333,5.1828,1.4273,,0.783818,28.23854708,39.59,0.0,0.566666667,1.155941816,48.0,,no_irrig,spring,wet,,normal,True,,0.020833333333333332
2020-03-28,Oran,pea,2020,88,1.548083265,,,,124.6313774,5.98095625,12.5,0.0746,0.726661543,1.127724,29.87467785,0.59,0.0,0.573333333,5.483686702,48.0,,no_irrig,spring,wet,mid,normal,True,,0.22916666666666666
2020-03-29,Oran,pea,2020,89,1.94778975,,,,149.6550388,7.566857083,15.4,-1.3052,0.919068875,1.558563,27.5034191,0.0,0.0,0.58,5.724181059,48.0,,no_irrig,spring,wet,mid,normal,True,,0.3333333333333333
2020-03-30,Oran,pea,2020,90,1.779889137,,,,31.19362904,8.89943125,12.8,4.7723,0.116971286,1.100522,27.80095458,13.72,0.0,0.58,2.755385358,48.0,,no_irrig,spring,wet,lo,normal,True,,0.2916666666666667
2020-03-31,Oran,pea,2020,91,1.70523108,,,,119.2104386,8.513779167,13.0,4.7229,0.358136,1.089976,32.03011472,14.5,0.0,0.58,4.717602918,48.0,,no_irrig,spring,wet,lo,normal,True,,0.2708333333333333
2020-04-01,Oran,pea,2020,92,1.60776159,,,,118.8479908,10.02561667,14.1,4.6635,1.015541567,1.349341,32.78494736,5.49,0.0,0.58,5.443997161,48.0,,no_irrig,spring,wet,mid,normal,True,,0.3125
2020-04-02,Oran,pea,2020,93,1.780152359,,,,141.4792594,8.034220833,13.7,-0.0483,0.794672841,1.321397,30.0980791,3.33,0.0,0.58,6.149607721,48.0,,no_irrig,spring,wet,mid,normal,True,,0.375
2020-04-03,Oran,pea,2020,94,2.270930072,,,,169.7921687,9.414020833,15.7,4.3669,0.816174791,1.432477,30.86640389,0.0,0.0,0.58,6.84093306,48.0,,no_irrig,spring,wet,mid,normal,True,,0.3333333333333333
2020-04-04,Oran,pea,2020,95,2.074274785,,,,153.1880175,9.280016667,14.1,4.8279,0.881601521,1.366666,29.41372792,0.2,0.0,0.61,7.139585287,48.0,,no_irrig,spring,wet,mid,normal,True,,0.3541666666666667
2020-04-05,Oran,pea,2020,96,2.349173038,,,,163.6712321,10.64776667,16.2,6.3809,0.924888271,1.394796,27.98322958,0.0,0.0,0.64,8.346347056,48.0,,no_irrig,spring,wet,mid,normal,True,,0.2916666666666667
2020-04-06,Oran,pea,2020,97,1.826203692,,,,108.1593304,11.68374583,17.3,7.9234,0.87033663,1.395281,27.27000014,0.2,0.0,0.596666667,7.01686614,48.0,,no_irrig,spring,wet,mid,normal,True,,0.4375
2020-04-07,Oran,pea,2020,98,2.28586428,102.76186885185186,82.25434722222222,4.293183608333333,154.6088005,12.12110833,17.0,9.0233,0.968381875,1.528809,26.60406986,0.59,0.0,0.553333333,9.142779896,48.0,,no_irrig,spring,wet,mid,normal,True,1.2244412932457165,0.5625
2020-04-08,Oran,pea,2020,99,2.457280803,,,,160.4121169,11.98804583,18.1,6.4696,1.173631292,1.743264,25.614155,0.0,0.0,0.51,10.69925508,48.0,,no_irrig,spring,wet,hi,normal,True,,0.4791666666666667
2020-04-09,Oran,pea,2020,100,1.543527096,,,,74.96833483,11.18155417,15.0,7.2869,1.134318083,1.44141,24.62044819,0.0,0.0,0.519375,8.243694151,48.0,,no_irrig,spring,wet,mid,normal,True,,0.4375
2020-04-10,Oran,pea,2020,101,1.907038148,80.92899923076924,20.538750724137934,0.5342789166666665,99.71979873,11.99165,15.9,8.2618,1.17511313,1.616241,24.09720681,0.2,0.0,0.52875,9.161029521,48.0,,no_irrig,spring,wet,hi,normal,True,1.022886429490352,0.5416666666666666
2020-04-11,Oran,pea,2020,102,2.436447389,,,,165.8526452,12.40230833,17.5,7.9763,1.385741063,1.855835,23.27743194,0.0,0.0,0.538125,11.44673801,48.0,,no_irrig,spring,wet,hi,normal,True,,0.4375
2020-04-12,Oran,pea,2020,103,2.287053767,,,,144.5233643,11.01445,16.7,6.699,1.138889938,1.744152,22.30116361,0.0,0.0,0.5475,11.12614184,48.0,,no_irrig,spring,wet,hi,normal,True,,0.4583333333333333
2020-04-13,Oran,pea,2020,104,1.833778972,,,,113.5768627,11.6229,17.8,7.3674,0.927897857,1.45645,23.99856667,2.55,0.0,0.556875,8.956485883,48.0,,no_irrig,spring,wet,mid,normal,True,,0.14583333333333334
2020-04-14,Oran,pea,2020,105,1.423128498,,,,92.35101446,11.56236458,14.4,8.3187,0.738125026,1.064717,31.80608521,0.59,0.0,0.56625,8.219035613,48.0,,no_irrig,spring,wet,mid,normal,True,,0.3125
2020-04-15,Oran,pea,2020,106,1.52518005,,,,87.92091228,12.0375,15.5,10.2,0.72980725,1.225721,30.64670194,8.04,0.0,0.575625,8.195019089,48.0,,no_irrig,spring,wet,mid,normal,True,,0.3333333333333333
2020-04-16,Oran,pea,2020,107,2.134190046,,,,143.5190001,12.56923542,16.0,9.2089,0.943020195,1.281654,30.83626632,0.2,0.0,0.585,11.82218489,48.0,,no_irrig,spring,wet,mid,normal,True,,0.20833333333333334
2020-04-17,Oran,pea,2020,108,1.718720806,,,,76.35136481,13.47083333,18.3,10.1,1.006284188,1.547555,29.14934354,0.0,0.0,0.594375,10.12653691,48.0,,no_irrig,spring,wet,mid,normal,True,,0.3958333333333333
2020-04-18,Oran,pea,2020,109,1.88756438,,,,121.3455006,12.92329792,18.7,7.5433,0.957278542,1.532762,28.12827236,0.2,0.0,0.60375,9.94088127,48.0,,no_irrig,spring,wet,mid,normal,True,,0.2708333333333333
2020-04-19,Oran,pea,2020,110,1.622744867,,,,93.86445367,13.50208333,17.1,10.3,0.997859348,1.443321,27.37274611,0.0,0.0,0.613125,10.42306311,48.0,,no_irrig,spring,wet,mid,normal,True,,0.2916666666666667
2020-04-20,Oran,pea,2020,111,2.05957209,,,,99.59110508,11.39850625,15.2,8.0253,1.041201833,1.321463,27.14314535,0.0,0.0,0.6225,12.67184259,48.0,,no_irrig,spring,wet,mid,normal,True,,0.4791666666666667
2020-04-21,Oran,pea,2020,112,1.481671594,,,,84.17337683,9.290102083,12.6,5.0006,0.930845103,1.217282,26.82327604,1.37,0.0,0.631875,10.19638529,48.0,,no_irrig,spring,wet,mid,normal,True,,0.16666666666666666
2020-04-22,Oran,pea,2020,113,2.035032117,,,,130.053789,12.28773125,18.1,8.7169,0.829837788,1.571113,26.84031826,2.55,0.0,0.64125,10.46492751,48.0,,no_irrig,spring,wet,mid,normal,True,,0.125
2020-04-23,Oran,pea,2020,114,2.696072835,,,,179.2324854,12.78439375,18.4,8.3677,1.071685021,1.703332,26.78641632,0.0,0.0,0.650625,13.47531559,48.0,,no_irrig,spring,wet,mid,normal,True,,0.4791666666666667
2020-04-24,Oran,pea,2020,115,2.839523801,108.01411175862069,51.15041172413793,1.4057579166666667,157.9971004,12.362625,18.2,6.6062,1.100233438,1.642963,25.67751347,0.0,0.0,0.66,14.88025065,48.0,,no_irrig,spring,wet,mid,normal,True,1.0162862544690547,0.6041666666666666
2020-04-25,Oran,pea,2020,116,2.186904916,78.27525175000001,13.295947600000002,-0.14469956666666672,99.841175,12.38538333,17.3,7.4514,1.125649271,1.62486,24.6777166,0.0,0.0,0.656666667,13.60969529,48.0,,no_irrig,spring,wet,mid,normal,True,0.9157193891531559,0.5
2020-04-26,Oran,pea,2020,117,2.016149326,,,,103.9167142,13.66875,18.2,10.4,1.133813162,1.544745,24.28035632,6.08,0.0,0.653333333,11.62737338,48.0,,no_irrig,spring,wet,mid,normal,True,,0.4375
2020-04-27,Oran,pea,2020,118,2.220669766,,,,124.0153586,11.82480625,16.9,5.6246,1.069385194,1.593802,26.39896715,2.55,0.0,0.65,13.0657876,48.0,,no_irrig,spring,wet,mid,normal,True,,0.3958333333333333
2020-04-28,Oran,pea,2020,119,1.790898173,72.26856875,8.12619125,-2.9480236895833336,69.00840669,11.68676042,15.5,8.6153,1.052377063,1.394467,25.9065391,0.0,0.0,0.646666667,11.09232098,48.0,,no_irrig,spring,wet,mid,normal,True,1.122279734136293,0.5
2020-04-29,Oran,pea,2020,120,3.031192568,107.03075914285715,51.82620085714286,3.0499172291666667,177.2565092,12.76529583,19.0,5.6243,1.234008,1.887749,24.91743521,0.0,0.0,0.643333333,13.41530399,48.0,,no_irrig,spring,wet,hi,normal,True,0.9134044103110066,0.7291666666666666
2020-04-30,Oran,pea,2020,121,2.999402732,,,,180.8430587,13.79861042,19.1,7.0948,1.206078208,1.834418,23.58799403,0.0,0.0,0.64,12.05647383,48.0,,no_irrig,spring,wet,hi,normal,True,,0.3333333333333333
2020-05-01,Oran,pea,2020,122,3.235460198,,,,179.4998407,16.02029167,22.6,9.6831,1.379624979,2.157379,22.30568646,0.0,0.0,0.636666667,11.96949574,48.0,,no_irrig,spring,wet,hi,normal,True,,0.4166666666666667
2020-05-02,Oran,pea,2020,123,3.308631411,,,,185.2265888,17.39780833,26.4,8.433,1.557280188,3.038558,21.06680417,0.0,0.0,0.633333333,11.33437898,48.0,,no_irrig,spring,wet,hi,normal,True,,0.375
2020-05-03,Oran,pea,2020,124,3.758579871,,,,185.5993998,18.76549167,27.3,7.7205,1.853493771,3.326832,19.93172083,0.0,0.0,0.63,11.61692812,48.0,,no_irrig,spring,wet,hi,normal,True,,0.3333333333333333
2020-05-04,Oran,pea,2020,125,3.435872095,,,,149.0650055,19.82083333,26.2,13.9,2.040657417,3.205126,18.87450986,0.0,0.0,0.646,10.91293003,48.0,,no_irrig,spring,mid,xhi,atm,True,,0.20833333333333334
2020-05-05,Oran,pea,2020,126,3.166208156,,,,171.8880034,17.75758958,25.6,8.4852,1.536029563,2.628733,18.14767833,0.0,0.0,0.662,11.87468834,48.0,,no_irrig,spring,mid,hi,normal,True,,0.2916666666666667
2020-05-06,Oran,pea,2020,127,3.450125481,105.04179607692308,34.18947961538461,6.5749586041666666,173.6877048,18.97708333,26.9,10.7,1.889146083,3.026319,17.59874278,0.0,0.0,0.678,11.39087406,48.0,,no_irrig,spring,mid,xhi,atm,True,0.839473550942277,0.5416666666666666
2020-05-07,Oran,pea,2020,128,2.52412891,,,,107.1671423,17.29791667,22.6,12.5,1.550960292,2.474656,17.13004826,0.0,0.0,0.694,9.846484609,48.0,,no_irrig,spring,mid,hi,normal,True,,0.4166666666666667
2020-05-08,Oran,pea,2020,129,3.197003878,,,,168.5627998,16.90205,24.9,8.5123,1.555729479,2.764324,16.78127403,0.2,0.0,0.71,10.60444971,48.0,,no_irrig,spring,mid,hi,normal,True,,0.3958333333333333
2020-05-09,Oran,pea,2020,130,2.086468066,,,,110.3823537,16.07916667,23.1,11.0,1.08550159,2.020017,18.64311299,0.98,0.0,0.72,7.420457968,48.0,,no_irrig,spring,mid,mid,normal,True,,0.16666666666666666
2020-05-10,Oran,pea,2020,131,2.578853771,,,,149.3472723,13.05833333,16.8,10.5,1.090784195,1.544502,28.29703368,3.72,0.0,0.73,8.339844812,48.0,,no_irrig,spring,wet,mid,normal,True,,0.3541666666666667
2020-05-11,Oran,pea,2020,132,2.41922347,,,,140.3607131,13.92478958,18.6,9.0444,1.096363917,1.568521,26.22267583,1.18,0.0,0.72625,8.655711465,48.0,,no_irrig,spring,wet,mid,normal,True,,0.3125
2020-05-12,Oran,pea,2020,133,0.962187024,,,,45.74073271,10.34651458,14.5,7.0705,0.571147407,1.044174,27.72819069,11.96,0.0,0.7225,3.934439892,48.0,,no_irrig,spring,wet,lo,normal,True,,0.125
2020-05-13,Oran,pea,2020,134,2.359941418,,,,161.1262896,12.23253958,18.7,4.9873,1.023300438,1.675672,29.4572834,0.2,0.0,0.71875,9.609455236,48.0,,no_irrig,spring,wet,mid,normal,True,,0.3541666666666667
2020-05-14,Oran,pea,2020,135,1.308590252,,,,71.63118881,10.64793125,14.1,7.0021,0.901646467,1.281518,31.33049681,13.72,0.0,0.715,5.493536047,48.0,,no_irrig,spring,wet,mid,normal,True,,0.1875
2020-05-15,Oran,pea,2020,136,1.129938412,,,,63.17196581,9.308577083,13.4,4.4621,0.548577943,1.075621,31.44668326,9.02,0.0,0.71125,4.166109051,48.0,,no_irrig,spring,wet,lo,normal,True,,0.10416666666666667
2020-05-16,Oran,pea,2020,137,1.563830866,,,,108.2992492,11.43248333,16.8,5.16,0.969759614,1.399284,31.72982438,2.55,0.0,0.7075,6.373185729,48.0,,no_irrig,spring,wet,mid,normal,True,,0.14583333333333334
2020-05-17,Oran,pea,2020,138,2.094744483,,,,130.8424468,13.56943125,18.7,9.8327,1.161238646,1.749374,29.77698625,0.0,0.0,0.70375,7.529388616,48.0,,no_irrig,spring,wet,hi,normal,True,,0.4791666666666667
2020-05-18,Oran,pea,2020,139,3.686862506,,,,219.4214479,15.84816042,23.4,4.7781,1.659887646,2.682514,27.82504868,0.0,0.0,0.7,9.940208656,48.0,,no_irrig,spring,wet,hi,normal,True,,0.4375
2020-05-19,Oran,pea,2020,140,3.770627587,,,,216.8429545,16.91975833,25.5,7.2165,1.728498104,3.047546,25.87516368,0.0,0.0,0.64,9.520205704,48.0,,no_irrig,spring,wet,hi,normal,True,,0.3125
2020-05-20,Oran,pea,2020,141,4.0462675,,,,215.8829027,18.69950625,27.5,8.5469,1.968385125,3.46855,24.10891944,0.0,0.0,0.65,8.711655301,48.0,,no_irrig,spring,wet,xhi,atm,True,,0.25
2020-05-21,Oran,pea,2020,142,4.21156724,,,,210.0250577,20.80208333,29.3,11.1,2.145910833,3.67652,22.48596174,0.0,0.0,0.616666667,8.900922485,48.0,,no_irrig,spring,wet,xhi,atm,True,,0.16666666666666666
2020-05-22,Oran,pea,2020,143,4.256289544,,,,208.792765,22.02083333,30.8,11.4,2.306149771,3.919569,21.00996222,0.0,0.0,0.583333333,9.876051196,48.0,,no_irrig,spring,wet,xhi,atm,True,,0.3125
2020-05-23,Oran,pea,2020,144,4.111437032,,,,187.5733444,22.22916667,30.1,15.0,2.339515604,3.728207,19.71060458,0.0,0.0,0.55,10.05856152,48.0,,no_irrig,spring,wet,xhi,atm,True,,0.4166666666666667
2020-05-24,Oran,pea,2020,145,3.499249524,120.9460672,52.66055384615384,1.0827434999999999,199.0335312,19.30208333,25.1,13.3,1.915071958,2.968887,18.85245597,1.96,0.0,0.53,10.28620063,48.0,,no_irrig,spring,mid,xhi,atm,True,0.8776881136756164,0.5208333333333334
2020-05-25,Oran,pea,2020,146,1.810693877,,,,88.28400565,16.32916667,20.5,13.4,1.541092217,2.212814,18.29594806,11.37,0.0,0.51,6.948100775,48.0,,no_irrig,spring,mid,hi,normal,True,,0.22916666666666666
2020-05-26,Oran,pea,2020,147,2.643007579,,,,161.8446914,17.12291667,24.0,12.7,1.5103834,2.578001,20.67619889,4.31,0.0,0.523333333,7.228817507,48.0,,no_irrig,spring,wet,hi,normal,True,,0.4375
2020-05-27,Oran,pea,2020,148,3.170792745,,,,208.189862,17.26530208,24.3,8.5699,1.722651167,2.801403,20.66399514,0.0,0.0,0.536666667,8.39871056,48.0,,no_irrig,spring,wet,hi,normal,True,,0.4166666666666667
2020-05-28,Oran,pea,2020,149,3.159787987,99.9329488972973,60.54428850000001,1.804793145833333,203.8241179,17.46458333,24.5,11.5,1.777138854,3.041849,19.28579049,0.0,0.0,0.55,7.750938013,48.0,,no_irrig,spring,mid,hi,normal,True,0.7961865957523927,0.7708333333333334
2020-05-29,Oran,pea,2020,150,2.991970849,118.1144035483871,76.38727548387097,0.7840158020833338,205.3143808,17.86135833,25.4,6.9945,2.030704708,3.207196,18.22493486,0.0,0.0,0.535,6.89703123,48.0,,no_irrig,spring,mid,xhi,atm,True,0.9511544882619165,0.6458333333333334
2020-05-30,Oran,pea,2020,151,2.808416899,62.596003153846155,15.411113461538463,1.003867879166666,200.2936399,18.63541667,26.1,11.5,2.092519628,3.497127,17.40230368,0.0,0.0,0.52,6.205516495,48.0,,no_irrig,spring,mid,xhi,atm,True,0.3944757534181352,0.5416666666666666
2020-05-31,Oran,pea,2020,152,2.573900093,,,,169.5237646,18.74375,26.0,10.7,2.183640938,3.371558,16.70271396,0.0,0.0,0.496666667,5.77398225,48.0,,no_irrig,spring,mid,xhi,atm,True,,0.375
2020-06-01,Oran,pea,2020,153,2.48949656,90.14883466666667,97.22920655172415,6.919312333333333,190.1657595,20.50416667,28.0,12.4,2.285891229,3.638118,16.09537583,0.0,0.0,0.473333333,5.685688102,48.0,,no_irrig,summer,mid,xhi,atm,True,1.0217262772002602,0.625
2020-06-02,Oran,pea,2020,154,2.346562732,84.01978041666666,81.37373913043479,6.359646772916666,168.8695719,21.13541667,29.9,13.1,2.351542271,4.114188,15.54813743,0.0,0.0,0.45,5.176466864,48.0,,no_irrig,summer,mid,xhi,atm,True,1.0170758675645404,0.5
2020-06-03,Oran,pea,2020,155,2.328404849,76.1857834,112.55969520000001,6.810021083333333,194.4315179,21.63125,28.5,11.0,2.386448688,3.786909,15.11169542,0.0,0.0,0.432857143,4.169706492,48.0,,no_irrig,summer,low,xhi,atm,True,1.0057808619647173,0.5208333333333334
2020-06-04,Oran,pea,2020,156,1.174658905,,,,69.1114247,16.72291667,21.0,12.5,1.475027975,2.246148,14.87137757,3.14,0.0,0.415714286,2.412534912,48.0,,no_irrig,summer,low,hi,normal,True,,0.20833333333333334
2020-06-05,Oran,pea,2020,157,2.007157243,92.26979750000001,172.8491032,3.9236104937499996,211.4645508,17.95208333,26.3,10.0,1.972212833,3.456401,15.12532979,0.0,0.0,0.398571429,2.845279226,48.0,,no_irrig,summer,low,xhi,atm,True,1.272281855911618,0.5416666666666666
2020-06-06,Oran,pea,2020,158,2.020856527,53.7632930625,71.23451967741936,8.825985697916666,185.6694315,22.08541667,28.4,16.3,2.580181146,3.984946,14.86692521,0.0,0.0,0.381428571,2.290229328,48.0,,no_irrig,summer,low,xhi,atm,True,0.720763764781883,0.6666666666666666
2020-06-07,Oran,pea,2020,159,1.401449646,37.22110703703704,73.31697666666666,-0.22604426250000018,160.2830953,19.94791667,24.6,14.4,2.181557938,2.945609,14.49842458,0.0,0.0,0.364285714,1.711149202,48.0,,no_irrig,summer,low,xhi,atm,True,0.6882325253356831,0.5625
2020-06-08,Oran,pea,2020,160,1.062391657,,,,100.1172434,16.32291667,21.9,11.3,1.67178175,2.580263,14.30777667,0.0,0.0,0.347142857,1.302371334,48.0,,no_irrig,summer,low,hi,normal,True,,0.3125
2020-06-09,Oran,pea,2020,161,1.116074244,49.05706626923077,177.0953526551724,2.9990133354166666,199.5625468,15.80124583,23.0,9.4598,1.793632104,2.936507,14.22533479,0.0,0.0,0.33,1.356719374,48.0,,no_irrig,summer,low,hi,normal,True,1.1482687305000296,0.5416666666666666
2020-06-10,Oran,pea,2020,162,1.047493976,,,,176.7502333,17.00420417,25.4,5.6286,1.960559583,3.290248,13.97066271,0.0,0.0,0.32,1.161813318,48.0,,no_irrig,summer,low,xhi,atm,True,,0.3958333333333333
2020-06-11,Oran,pea,2020,163,1.176412667,,,,199.684681,20.44583333,25.4,15.7,2.378028042,3.292751,13.67843313,0.0,0.0,0.31,1.056462032,48.0,,no_irrig,summer,low,xhi,atm,True,,0.4583333333333333
2020-06-12,Oran,pea,2020,164,1.004717249,,,,204.676241,16.5375,20.8,11.9,1.849091163,2.486984,13.41395208,0.2,0.0,0.32,0.954431238,48.0,,no_irrig,summer,low,hi,normal,True,,0.375
2020-06-13,Oran,pea,2020,165,0.955442296,33.73021203571428,180.79230933333335,3.355783854166667,196.7582118,17.24923958,24.0,9.7341,1.999875708,3.067408,13.18299771,0.0,0.0,0.295,0.850226087,48.0,,no_irrig,summer,low,xhi,atm,False,1.1073403401722872,0.5833333333333334
2020-06-14,Oran,pea,2020,166,0.840194593,26.12500775,142.24647911764706,6.808926270833333,189.917045,19.38958333,26.9,13.5,2.313134375,3.651493,12.9121891,0.0,0.0,0.27,0.707885647,48.0,,no_irrig,summer,low,xhi,atm,False,0.922404901247702,0.6666666666666666
2020-06-15,Oran,pea,2020,167,0.775164124,29.642359774193547,173.9118829032258,8.672657562500001,197.9548663,21.575,28.7,12.2,2.708235542,4.08819,12.62294097,0.0,0.0,0.264,0.670369631,48.0,,no_irrig,summer,low,xhi,atm,False,1.072097413999534,0.6458333333333334
2020-06-16,Oran,pea,2020,168,0.588814622,18.108918857142857,74.15315000000001,2.0911151958333334,111.2435934,21.41666667,26.4,17.7,2.528330146,3.486702,12.33411199,0.2,0.0,0.258,0.510594335,48.0,,no_irrig,summer,low,xhi,atm,False,0.8481673519802002,0.5833333333333334
2020-06-17,Oran,pea,2020,169,0.612055147,22.990895639999998,159.19818032258064,7.142832270833334,172.7777875,20.77357917,27.5,9.8318,2.416983646,3.780158,12.15733926,0.0,0.0,0.252,0.715285826,48.0,,no_irrig,summer,low,xhi,atm,False,1.0958116258631565,0.5208333333333334
2020-06-18,Oran,pea,2020,170,0.510826746,,,,139.4037114,20.00625,28.5,12.1,2.102611104,3.863479,11.9604786,0.0,0.0,0.246,0.72231203,48.0,,no_irrig,summer,low,xhi,atm,False,,0.2708333333333333
2020-06-19,Oran,pea,2020,171,0.524250837,,,,155.7302756,21.21458333,27.7,15.2,2.113931354,3.481052,11.79731245,0.0,0.0,0.24,0.841071376,48.0,,no_irrig,summer,low,xhi,atm,False,,0.3333333333333333
2020-06-20,Oran,pea,2020,172,0.489463555,,,,190.6318918,23.6,32.5,12.5,2.913178792,5.178171,11.58435463,0.0,0.0,0.23,0.819858565,48.0,,no_irrig,summer,low,xhi,atm,False,,0.4583333333333333
2020-06-21,Oran,pea,2020,173,0.472372875,,,,183.6085109,26.37083333,33.3,17.1,3.64008425,5.451258,11.24865717,0.0,0.0,0.235,0.612647385,48.0,,no_irrig,summer,low,xhi,atm,False,,0.4583333333333333
2020-06-22,Oran,pea,2020,174,0.497905386,,,,193.0515482,23.2875,30.8,13.7,2.745838292,4.385529,10.9899486,0.0,0.0,0.24,0.417446487,48.0,,no_irrig,summer,dry,xhi,compound,False,,0.2916666666666667
2020-06-23,Oran,pea,2020,175,0.466521961,,,,191.7662728,22.65,30.8,15.1,2.59763375,4.437365,10.81643125,0.0,0.0,0.232,0.226158234,48.0,,no_irrig,summer,dry,xhi,compound,False,,0.10416666666666667
2020-06-24,Oran,pea,2020,176,0.34642395,,,,91.14559138,23.41875,32.5,15.7,2.786144188,5.102414,10.67345152,0.0,0.0,0.224,0.153784837,48.0,,no_irrig,summer,dry,xhi,compound,False,,0.3333333333333333
2020-06-25,Oran,pea,2020,177,0.154581948,,,,66.93464265,19.30869565,28.0,13.3,2.096429087,3.854396,10.61859513,0.0,0.0,0.216,0.059826925,23.0,,no_irrig,summer,dry,xhi,compound,False,,0.0625
2020-06-18,TzM,almond,2020,170,3.837875995,177.0648379310345,49.50357236551724,34.5384903209876,306.7962621483376,24.80241379310347,30.87300000000005,13.69800000000004,1.858293266758621,3.3679,0.1045698924731183,0.0,0.0,,7.849331445295357,,,no_irrig,summer,dry,hi,soil,False,,
2020-06-19,TzM,almond,2020,171,3.60555744,184.8817817241379,34.57329896551724,48.23721966790129,305.8360858541317,26.3522931034483,34.38900000000001,17.12,2.031456286206896,4.2399700000000005,0.0989687499999999,0.0,0.0,0.46,7.726897990868551,,,no_irrig,summer,dry,hi,soil,True,,
2020-06-20,TzM,almond,2020,172,5.3164213325,250.9446705263158,13.43192478947369,38.27815100000026,342.1300749956733,28.86478947368423,35.57800000000003,14.61900000000003,2.7698735403508774,4.73548,0.097875,0.0,13.65,0.46,8.13146930029632,,0.0,irrig_d0-3,summer,dry,xhi,compound,True,,
2020-06-21,TzM,almond,2020,173,6.30339405,298.6804803448276,-19.10780274137931,38.58841492222224,337.0867025121893,29.68427586206899,37.07800000000003,12.79900000000004,3.180474293103448,5.27358,0.10359375,0.0,0.0,0.46,7.872965460717463,,1.0,irrig_d0-3,summer,dry,xhi,compound,True,,
2020-06-22,TzM,almond,2020,174,5.13982245,235.2402033898305,0.5716387118644067,39.72039406222204,327.5409003238731,28.96401694915257,35.964,17.48700000000002,2.62291279661017,4.541600000000001,0.0960833333333333,0.0,0.0,0.46,8.152331377180289,,2.0,irrig_d0-3,summer,dry,xhi,compound,True,,
2020-06-23,TzM,almond,2020,175,5.231975225,247.9965210526316,26.54074914736842,44.76264387654336,340.0460786236692,28.52180701754388,35.90300000000002,16.63300000000004,2.570404070175438,4.49176,0.08915625,0.0,0.0,0.462,9.154067713868413,,3.0,irrig_d0-3,summer,dry,xhi,compound,True,,
2020-06-24,TzM,almond,2020,176,3.6927774,172.408025862069,-22.84344556896552,11.4073439755555,187.1602480251471,26.86232758620692,29.952,17.16700000000003,2.0994279655172408,2.93584,0.0834062499999999,0.0,0.0,0.464,8.458090133636569,,4.0,irrig_d4-7,summer,dry,hi,soil,True,,
2020-06-25,TzM,almond,2020,177,4.7465584925,224.7515588421053,29.44314290561404,44.77005872839513,335.2287306501548,29.08326315789476,35.95500000000004,15.17900000000003,2.769739228070176,4.55546,0.0798645833333333,0.0,0.0,0.466,10.15419598326867,,5.0,irrig_d4-7,summer,dry,xhi,compound,True,,
2020-06-26,TzM,almond,2020,178,4.492269675,216.7288830357143,-4.013480248214286,42.01832040740739,286.7534622827392,28.23176785714288,34.32800000000003,17.01000000000005,2.479886321428572,4.12691,0.0826770833333333,0.0,12.35052,0.468,8.088832212775218,,0.0,irrig_d0-3,summer,dry,xhi,compound,True,,
2020-06-27,TzM,almond,2020,179,5.774272375,273.7148117543859,-3.496767543859649,33.35517559259279,325.4896077598087,28.17401754385967,35.86900000000003,14.17700000000002,2.738165596491228,4.60616,0.0980104166666667,0.0,12.48,0.47,8.74851266041378,,0.0,irrig_d0-3,summer,dry,xhi,compound,True,,
2020-06-28,TzM,almond,2020,180,5.4316803675,251.9005882758621,0.5986273637931034,48.51334966666668,338.1207307900672,29.92174137931037,37.29900000000004,15.48600000000005,2.813356120689656,4.84854,0.1140625,0.0,10.92,0.465,9.08635217573772,,0.0,irrig_d0-3,summer,dry,xhi,compound,True,,
2020-06-29,TzM,almond,2020,181,5.768888424,267.9029846034483,-22.47236965517241,41.2261860246912,328.0834378252051,30.97403448275864,37.42100000000005,17.63100000000003,2.9612934482758617,4.80393,0.1055416666666667,0.0,0.0,0.46,8.3533126020211,,1.0,irrig_d0-3,summer,dry,xhi,compound,True,,
2020-06-30,TzM,almond,2020,182,5.156337925,254.7991607142857,-19.5803375,41.16024864197536,328.0704899133567,29.86046428571431,35.69,17.58500000000004,2.824152703571428,4.48436,0.0977916666666667,0.0,0.0,0.4566666666666667,7.593191551534331,,2.0,irrig_d0-3,summer,dry,xhi,compound,True,,
2020-07-01,TzM,almond,2020,183,6.8737994875,319.1915717241379,-32.0181425862069,47.60808346913576,334.5742528378668,31.48093103448279,38.27700000000004,16.90900000000005,3.327721453448276,5.597060000000001,0.0913437499999999,0.0,0.0,0.4533333333333334,7.954931455425965,,3.0,irrig_d0-3,summer,dry,xhi,compound,True,,
2020-07-02,TzM,almond,2020,184,6.0842899125,292.8741030357143,-4.260001803571429,42.85267680246913,329.8606101634057,30.67564285714288,36.17100000000005,16.41000000000003,3.311479732142857,5.026,0.0853854166666667,0.0,0.0,0.45,7.520642661836863,,4.0,irrig_d4-7,summer,dry,xhi,compound,True,,
2020-07-03,TzM,almond,2020,185,4.563747385,219.6013841071428,46.54674628070175,43.96126381481495,326.137785698261,29.14056140350879,37.08700000000005,17.09800000000001,2.677845878947368,5.14245,0.0804583333333334,0.0,0.0,0.455,8.163220807443047,,5.0,irrig_d4-7,summer,dry,xhi,compound,True,,
2020-07-04,TzM,almond,2020,186,4.29741176,203.0882254385965,43.94076561403509,40.63742577777793,324.6531032248139,30.69773684210529,38.94600000000003,20.32400000000001,2.943917719298246,5.73116,0.0767604166666667,0.0,0.0,0.46,8.065642198939754,,6.0,irrig_d4-7,summer,dry,xhi,compound,True,,
2020-07-05,TzM,almond,2020,187,4.4782093,199.2039514285714,39.99676029824561,42.36274676543216,331.4268746097982,30.94785964912283,39.33100000000002,18.06400000000002,2.964770810526316,5.87587,0.0736041666666667,0.0,0.0,0.45,8.072145780621,,7.0,irrig_d4-7,summer,dry,xhi,compound,True,,
2020-07-06,TzM,almond,2020,188,4.9796528,239.0842548214286,16.68273839285714,47.20895748148142,316.4066697113628,32.48000000000003,41.24400000000003,16.70700000000005,3.60829475,6.48623,0.07103125,0.0,0.0,0.44,8.23279860650971,,8.0,irrig_d8plus,summer,dry,xhi,compound,True,,
2020-07-07,TzM,almond,2020,189,5.25675163,247.8085840350877,17.60315028070175,42.9879716296294,330.3716261882328,33.11887719298248,40.38100000000003,18.68700000000001,3.80208598245614,6.158939999999999,0.0681666666666666,0.0,2.60052,0.43,7.746155573379689,,0.0,irrig_d0-3,summer,dry,xhi,compound,True,,
2020-07-08,TzM,almond,2020,190,2.83733715,142.2384946296296,5.763172909090909,7.466660012345777,162.9703577573322,26.44881818181821,31.53100000000001,19.19100000000003,1.574887222222222,2.93398,0.06503125,0.254,0.0,0.435,6.080439483479701,,1.0,irrig_d0-3,summer,dry,mid,soil,True,,
2020-07-09,TzM,almond,2020,191,3.336678625,170.2574390566038,0.9880092452830188,30.45518768055541,217.9724679962223,26.39450943396229,31.85400000000004,18.50200000000001,1.645280566037736,2.92862,0.0719270833333333,0.0,0.0,0.44,6.835271735719996,,2.0,irrig_d0-3,summer,dry,mid,soil,True,,
2020-07-10,TzM,almond,2020,192,4.3370049525,209.412541754386,32.02229607017544,38.99605791358031,331.9597646481934,27.94457894736844,35.90700000000004,14.28500000000003,2.098519074545455,4.21066,0.0726770833333333,0.0,0.0,0.432,8.547715651373936,,3.0,irrig_d0-3,summer,dry,hi,soil,True,,
2020-07-11,TzM,almond,2020,193,4.4326973475,210.1922929824561,47.96876894736842,40.60598146913579,340.5103337627958,28.02884210526318,33.37400000000002,17.56800000000004,1.77581705,3.03473,0.0705729166666666,0.0,0.0,0.424,8.924785345847383,,4.0,irrig_d4-7,summer,dry,hi,soil,True,,
2020-07-12,TzM,almond,2020,194,2.954500845,128.1354205660377,14.8805266,9.114006296296257,171.7687832929219,24.11578181818184,28.60000000000002,18.108,0.7586149090909091,1.90075,0.06753125,3.3020000000000005,0.0,0.416,5.83912028584172,,5.0,irrig_d4-7,summer,dry,lo,soil,True,,
2020-07-13,TzM,almond,2020,195,4.08149745,193.6132335087719,32.63075438596491,39.09548538271608,310.6572023216609,27.514350877193,35.18700000000001,16.96600000000001,1.972181544,3.75254,0.0678854166666666,0.0,0.0,0.408,6.932501513986355,,6.0,irrig_d4-7,summer,dry,hi,soil,True,,
2020-07-14,TzM,almond,2020,196,2.643163525,144.7966493877551,26.02385096153846,8.450897076543047,188.4045809139709,23.90244230769233,30.589,17.05100000000004,1.143617839787234,2.37266,0.08971875,2.794,0.0,0.4,4.859610385397086,,7.0,irrig_d4-7,summer,dry,mid,soil,True,,
2020-07-15,TzM,almond,2020,197,3.37494637,163.6209633333333,72.10623512280702,53.68512034567915,328.5123706196438,26.46184210526318,35.09200000000004,15.113,1.652533884615385,3.70032,0.0932916666666666,0.0,0.0,0.4033333333333333,6.20605699791003,,8.0,irrig_d8plus,summer,dry,mid,soil,True,,
2020-07-16,TzM,almond,2020,198,3.8427478175,185.6410223214286,49.11065439285714,56.10404356790113,328.302693747064,28.58092857142859,37.495,15.78700000000003,2.327018345283019,4.7157,0.0910520833333333,0.0,0.0,0.4066666666666667,6.353727300660291,,9.0,irrig_d8plus,summer,dry,hi,soil,True,,
2020-07-17,TzM,almond,2020,199,4.339026525,215.3272277777778,40.50216961111111,49.27262872839496,326.2917684900047,29.74433333333335,37.79900000000004,17.69200000000001,2.307123512962963,4.66562,0.0878645833333333,0.0,0.0,0.41,6.604861424197697,,10.0,irrig_d8plus,summer,dry,hi,soil,True,,
2020-07-18,TzM,almond,2020,200,3.86055702,184.72332375,61.85606482142857,54.73122165432089,334.7630145232006,29.54892857142859,38.46500000000003,17.815,2.5885581358490573,5.36695,0.0831770833333333,0.0,0.0,0.415,6.676035283754546,,11.0,irrig_d8plus,summer,dry,xhi,compound,True,,
2020-07-19,TzM,almond,2020,201,3.8547467875,199.4899084615384,23.70559845454546,35.85705546913564,286.3970779552928,28.69430909090912,36.00700000000001,17.93200000000002,1.9972411632653064,4.0104,0.1043333333333333,0.254,10.92,0.42,5.160612817730573,,0.0,irrig_d0-3,summer,dry,hi,soil,True,,
2020-07-20,TzM,almond,2020,202,4.20200571,202.2070648214286,17.713373375,57.0859601358024,309.5392293700089,29.97600000000002,37.54700000000003,18.964,2.434297476648148,4.900510000000001,0.09703125,0.0,0.0,0.41,6.164764615968132,,1.0,irrig_d0-3,summer,dry,hi,soil,True,,
2020-07-21,TzM,almond,2020,203,4.29357673,207.2915830357143,40.2315425,48.89897637037016,304.451042134245,29.35376785714288,35.786,17.89700000000005,2.379601287037037,4.51656,0.0894270833333334,0.0,0.0,0.4,6.787467123225846,,2.0,irrig_d0-3,summer,dry,hi,soil,True,,
2020-07-22,TzM,almond,2020,204,3.604800545,179.705587962963,94.67890196296295,41.17287560493831,308.8034040988376,25.94742592592594,30.47700000000003,17.83700000000005,1.428558858823529,2.28851,0.0822395833333333,0.0,0.0,0.39,6.034513505508582,,3.0,irrig_d0-3,summer,dry,mid,soil,True,,
2020-07-23,TzM,almond,2020,205,5.308365425,259.2010071428571,13.93098685535714,64.67425427160512,314.786870250274,31.19126785714288,37.55900000000003,15.65800000000002,2.969266982142857,4.71995,0.1128958333333333,0.0,12.35052,0.395,6.457875728106662,,0.0,irrig_d0-3,summer,dry,xhi,compound,True,,
2020-07-24,TzM,almond,2020,206,5.5971489,276.0699369642857,-5.311891428571428,60.884623802469,322.1410047692991,32.50833928571431,39.45300000000003,17.56400000000002,3.3081427321428567,5.58551,0.10284375,0.0,0.0,0.4,7.24175086750631,,1.0,irrig_d0-3,summer,dry,xhi,compound,True,,
2020-07-25,TzM,almond,2020,207,4.4423,217.6345563636364,10.93793218181818,61.92752182716015,310.203078413658,30.64065454545457,38.82900000000001,19.45400000000001,2.591437509090909,4.88009,0.1268854166666666,0.0,20.28,0.3933333333333334,6.802624959929567,,0.0,irrig_d0-3,summer,dry,xhi,compound,True,,
2020-07-26,TzM,almond,2020,208,4.623927675,222.0310342857143,2.009218321428571,65.93834714814841,324.5901783952712,32.46123214285716,40.21000000000004,18.60200000000003,3.127469141818182,5.55198,0.1433958333333332,0.0,0.0,0.3866666666666667,6.349502023131451,,1.0,irrig_d0-3,summer,low,xhi,atm,True,,
2020-07-27,TzM,almond,2020,209,5.50196975,264.2937607142857,-17.37379018181818,44.17284192592613,298.3408831097657,32.25817857142859,38.27800000000002,19.33300000000003,3.248778260714286,5.23041,0.1234999999999999,0.254,0.0,0.38,5.81499659888308,,2.0,irrig_d0-3,summer,dry,xhi,compound,True,,
2020-07-28,TzM,almond,2020,210,4.626996425,222.1505946428572,4.032435714285715,62.46563681481452,312.4362813560207,32.89539285714288,39.36100000000005,18.82100000000003,3.283599839285714,5.54332,0.112625,0.0,0.0,0.385,5.99806297016757,,3.0,irrig_d0-3,summer,dry,xhi,compound,True,,
2020-07-29,TzM,almond,2020,211,3.954860995,195.5005146428572,59.87927678571428,46.04761286419734,319.8928906062425,30.03853571428574,35.78900000000004,19.952,1.955720964285714,3.59394,0.1035833333333334,0.0,0.0,0.39,7.113360806532639,,4.0,irrig_d4-7,summer,dry,hi,soil,True,,
2020-07-30,TzM,almond,2020,212,4.8813939,248.2752566037736,-16.48039433962264,41.65641775308661,278.2356388002289,30.54033962264153,36.83800000000002,20.35300000000001,2.631799,4.40883,0.1350833333333333,3.81,12.48,0.3866666666666667,5.542712947886293,,0.0,irrig_d0-3,summer,dry,xhi,compound,True,,
2020-07-31,TzM,almond,2020,213,6.197824,302.8260872727272,-24.93874950909091,52.95833796296277,344.4888840535424,33.18009090909093,41.07800000000003,18.56200000000001,3.382591339622641,6.04755,0.1331666666666666,2.286,0.0,0.3833333333333334,5.201755772637571,,1.0,irrig_d0-3,summer,dry,xhi,compound,True,,
2020-08-01,TzM,almond,2020,214,8.14351923,397.9348443636364,-74.24827290740741,55.71636407407404,319.6333718005779,33.61867272727275,39.00700000000001,19.82400000000001,3.878732818181818,5.95794,0.1495416666666666,0.0,11.31,0.38,5.926773405883836,,0.0,irrig_d0-3,summer,low,xhi,atm,True,,
2020-08-02,TzM,almond,2020,215,6.89683919675,336.8761956727272,-41.43974976363636,60.34481427160467,315.9917153950909,33.03932727272729,38.637,16.762,3.988903381818182,5.8779,0.1285624999999999,0.0,0.0,0.39,5.611601361683617,,1.0,irrig_d0-3,summer,dry,xhi,compound,True,,
2020-08-03,TzM,almond,2020,216,3.9997136,207.4354711538462,27.65713198076923,42.32302806172849,300.6705111706519,29.56251923076925,37.03700000000003,19.37700000000001,2.401887788461539,4.927149999999999,0.1180208333333334,0.0,0.0,0.4,6.343473188618734,,2.0,irrig_d0-3,summer,dry,hi,soil,True,,
2020-08-04,TzM,almond,2020,217,4.13606425,210.6475867924528,38.4143416981132,50.80610833333343,306.3180151039907,29.41513207547172,35.61100000000005,20.59200000000004,2.200715547169812,4.16163,0.1484479166666665,0.0,12.48,0.3933333333333334,6.714212338697017,,0.0,irrig_d0-3,summer,low,hi,normal,True,,
2020-08-05,TzM,almond,2020,218,4.033905775,201.3184746296296,47.88727148148148,52.67328537037027,331.5995547368706,30.31503703703706,38.53700000000003,20.30200000000002,2.343984113461539,5.02256,0.1326354166666666,0.0,0.0,0.3866666666666667,6.413187548504141,,1.0,irrig_d0-3,summer,dry,hi,soil,True,,
2020-08-06,TzM,almond,2020,219,3.937344825,200.1667349056604,36.29783698113207,50.37877790123452,321.656350100992,30.47503773584908,36.875,19.13100000000003,2.56012438627451,4.43232,0.12009375,0.0,0.0,0.38,5.700998435759786,,2.0,irrig_d0-3,summer,dry,xhi,compound,True,,
2020-08-07,TzM,almond,2020,220,4.152320675,210.8209509433962,4.565836226415095,49.41223741975294,298.3102155093375,32.28622641509436,38.09400000000005,19.27800000000002,3.360969811320755,5.1638,0.1098020833333333,0.0,0.0,0.38,5.350340485317543,,3.0,irrig_d0-3,summer,dry,xhi,compound,True,,
2020-08-08,TzM,almond,2020,221,5.519736475,296.4445062,-28.032721,44.92953612500021,307.6660848447205,33.72126000000003,38.67900000000003,19.59500000000003,3.6460297,5.25958,0.14084375,1.016,12.35052,0.38,5.785244152278431,,0.0,irrig_d0-3,summer,low,xhi,atm,True,,
2020-08-09,TzM,almond,2020,222,4.94691755,257.2340490566038,-13.24761205660377,57.31969556790112,309.830234494454,33.51935849056606,39.34500000000003,20.03900000000004,3.471075018867924,5.37121,0.1231145833333333,0.508,0.0,0.38,5.210760694734692,,1.0,irrig_d0-3,summer,dry,xhi,compound,True,,
2020-08-10,TzM,almond,2020,223,4.00723065,200.3747703703704,-16.07420018518518,21.36322706172845,211.7783175550413,29.02485185185187,33.541,19.67200000000003,2.3271870740740743,3.46121,0.1094166666666666,0.0,0.0,0.38,5.741427129493431,,2.0,irrig_d0-3,summer,dry,hi,soil,True,,
2020-08-11,TzM,almond,2020,224,3.0575245,168.649481632653,51.85075622448979,28.2953313209876,272.2299325046789,27.89410204081635,32.97200000000004,20.24800000000005,1.640581303541667,3.16666,0.1200625,10.668,0.0,0.38,5.691524844666814,,3.0,irrig_d0-3,summer,dry,mid,soil,True,,
2020-08-12,TzM,almond,2020,225,4.425732225,223.6368339622641,54.28543172222222,28.6380343580249,338.3300538572917,25.87290740740744,31.99800000000005,14.649,1.385616675,2.70742,0.2217708333333332,10.414,0.0,0.39,4.749161014511644,,4.0,irrig_d4-7,summer,wet,mid,normal,True,,
2020-08-13,TzM,almond,2020,226,5.03595815,251.8331492592592,22.44637618518518,49.62392577777788,327.6589945804409,28.94650000000003,34.596,15.05100000000004,2.468719471698113,4.0486,0.1680208333333332,0.0,0.0,0.4,5.107110011749288,,5.0,irrig_d4-7,summer,wet,xhi,atm,True,,
2020-08-14,TzM,almond,2020,227,3.6608131,186.9031509433962,37.98662811320754,61.92430653086426,321.567977244056,29.2648490566038,36.18900000000002,18.47900000000004,2.297895698113207,4.44421,0.1488020833333332,0.0,0.0,0.3966666666666667,5.355823928003503,,6.0,irrig_d4-7,summer,low,hi,normal,True,,
2020-08-15,TzM,almond,2020,228,4.623699,240.1534403846154,51.03098226415094,-8.115960555555821,319.9479720255617,28.8918490566038,33.38400000000001,17.21800000000002,2.574455826923077,3.9023,0.135780487804878,0.0,0.0,0.3933333333333334,5.164539222925731,,7.0,irrig_d4-7,summer,dry,xhi,compound,True,,
2020-08-16,TzM,almond,2020,229,3.910158575,199.7225509433962,81.00548526415095,,313.3105458393366,26.87054716981134,31.62400000000002,15.613,2.314131773584906,3.5318,0.1258571428571428,0.0,0.0,0.39,5.639336371990245,,8.0,irrig_d8plus,summer,dry,hi,soil,True,,
2020-08-17,TzM,almond,2020,230,3.490943255,183.6544735849056,73.96898245283019,,307.7289720876045,27.90107547169814,33.51100000000002,15.822,2.328028132075472,3.65834,,0.0,0.0,0.39,5.66044633154852,,9.0,irrig_d8plus,summer,,hi,normal,True,,
2020-08-18,TzM,almond,2020,231,2.657393225,179.518185,73.415993775,-7.906620370370418,274.4560070522056,27.72992500000002,32.68900000000002,17.14800000000002,2.02472275,3.25335,0.1123030303030303,0.0,0.0,0.39,4.951404015026381,,10.0,irrig_d8plus,summer,dry,hi,soil,True,,
2020-08-19,TzM,almond,2020,232,0.0,,,56.83023761728374,314.4781815856778,,,,,,0.1438709677419355,0.0,12.48,0.39,,,0.0,irrig_d0-3,summer,low,,normal,True,,
2020-08-20,TzM,almond,2020,233,0.0,,,56.2484735802467,304.2761519498694,,,,,,0.1306458333333333,0.0,0.0,0.39,,,1.0,irrig_d0-3,summer,dry,,normal,True,,
2020-08-21,TzM,almond,2020,234,0.0,,,55.86705012345683,298.7939068533768,,,,,,0.1191145833333334,0.0,0.0,0.39,,,2.0,irrig_d0-3,summer,dry,,normal,True,,
2020-08-22,TzM,almond,2020,235,0.0,,,55.74049203703713,310.0072228717574,,,,,,0.1106145833333333,0.0,0.0,0.385,,,3.0,irrig_d0-3,summer,dry,,normal,True,,
2020-08-23,TzM,almond,2020,236,0.0,,,47.04688464197505,298.1982170399933,,,,,,0.1038333333333333,0.0,0.0,0.38,,,4.0,irrig_d4-7,summer,dry,,normal,True,,
2020-08-24,TzM,almond,2020,237,0.0,,,46.30022206172848,299.3210991540429,,,,,,0.0987395833333333,0.0,0.0,0.38,,,5.0,irrig_d4-7,summer,dry,,normal,True,,
2020-08-25,TzM,almond,2020,238,0.0,,,44.94191122222204,294.847617688069,,,,,,0.0939791666666667,0.0,0.0,0.38,,,6.0,irrig_d4-7,summer,dry,,normal,True,,
2020-08-26,TzM,almond,2020,239,2.00594955,223.5628633333333,16.68497625,48.28040986419768,307.1629281021872,35.69483333333335,38.40500000000003,28.13200000000001,4.302604583333333,5.19466,0.0933125,0.0,6.36948,0.38,2.367887039502988,,0.0,irrig_d0-3,summer,dry,xhi,compound,True,,
2020-08-27,TzM,almond,2020,240,4.1575742525,220.5501874509804,18.44846490196078,41.94610728395066,292.4324145514984,33.30417647058826,38.536,16.49400000000003,4.036215836734694,5.6581,0.0884583333333333,0.0,0.0,0.37,5.074574777369989,,1.0,irrig_d0-3,summer,dry,xhi,compound,True,,
2020-08-28,TzM,almond,2020,241,3.495214975,184.6248850980392,82.53636098039216,37.5073156419755,288.3854503642889,30.91168627450983,34.97800000000001,16.93800000000005,2.982220980392157,4.05985,0.0837604166666667,0.0,0.0,0.36,5.044133924250056,,2.0,irrig_d0-3,summer,dry,xhi,compound,True,,
2020-08-29,TzM,almond,2020,242,2.2399587425,118.7346133333333,135.2647809803921,29.21246472469129,271.1199493147643,23.62623529411767,27.03100000000001,14.42600000000004,1.744996196078431,2.63854,0.07875,0.0,0.0,0.37,5.369770390407411,,3.0,irrig_d0-3,summer,dry,hi,soil,True,,
2020-08-30,TzM,almond,2020,243,2.10353965,112.1445349019608,133.9825347647059,38.40974048518537,284.8835724673501,22.55180392156865,26.85200000000003,9.766999999999996,1.799210280392157,2.59084,0.0753854166666667,0.0,0.0,0.38,5.197408348903214,,4.0,irrig_d4-7,summer,dry,hi,soil,True,,
2020-08-31,TzM,almond,2020,244,1.8573881575,99.41796529411764,106.6029362745098,48.57910062222197,271.7996418004542,23.42558823529414,29.928,9.79400000000004,1.899995188235294,3.32059,0.0735104166666666,0.0,0.0,0.39,4.448313533409493,,5.0,irrig_d4-7,summer,dry,hi,soil,True,,
2020-09-01,TzM,almond,2020,245,1.2333864275,66.9567768,54.370222498,23.30942715555559,169.5449202849836,22.57398000000003,28.97700000000003,14.00900000000001,1.311934563265306,2.9418200000000003,0.0723333333333333,0.0,0.0,0.39,4.339920302338568,,6.0,irrig_d4-7,fall,dry,mid,soil,True,,
2020-09-02,TzM,almond,2020,246,1.4494817875,82.59039090196079,108.7370239215686,51.84689824691373,278.7683999297929,25.62901960784315,31.73600000000005,14.94,1.912730693829787,3.50051,0.0727187499999999,0.0,0.0,0.39,4.643801307303978,,7.0,irrig_d4-7,fall,dry,hi,soil,True,,
2020-09-03,TzM,almond,2020,247,1.6241536275,86.06501176470589,118.150966372549,49.77125013580241,282.8712557616397,26.11811764705885,31.31200000000001,14.63200000000001,2.087527522222222,3.20677,0.0719583333333333,0.0,0.0,0.3966666666666667,4.609894294700217,,8.0,irrig_d8plus,fall,dry,hi,soil,True,,
2020-09-04,TzM,almond,2020,248,1.464095035,77.64207415686275,124.6020670784314,43.17676661728402,280.0936048342611,25.57376470588238,30.017,13.51800000000003,1.8488306644,2.74908,0.0708229166666667,0.0,0.0,0.4033333333333333,4.408617318236265,,9.0,irrig_d8plus,fall,dry,hi,soil,True,,
2020-09-05,TzM,almond,2020,249,2.273156308,122.65120376,88.252662,58.30412616049353,289.7000932846182,26.39746000000003,31.46600000000001,14.01400000000001,2.215934115909091,3.23997,0.1097395833333333,0.0,12.74052,0.41,4.534897019348291,,0.0,irrig_d0-3,fall,dry,hi,soil,True,,
2020-09-06,TzM,almond,2020,250,2.3418040275,131.1465672040816,77.9953906122449,54.58876814814813,284.3823468269295,26.66191836734696,32.54200000000003,13.363,2.153790101914894,3.51907,0.1137083333333333,0.0,0.0,0.405,4.665832144727699,,1.0,irrig_d0-3,fall,dry,hi,soil,True,,
2020-09-07,TzM,almond,2020,251,1.9962103925,112.8163585416667,90.80112479166668,53.04224169444437,264.0163193048959,23.99877083333336,29.14000000000004,15.22300000000001,1.469246338297872,2.50367,0.1020104166666667,0.0,0.0,0.4,5.201625254348061,,2.0,irrig_d0-3,fall,dry,mid,soil,True,,
2020-09-08,TzM,almond,2020,252,1.64632215,92.0454612244898,105.1275023673469,48.38139702222221,257.8791363626196,21.68659183673472,25.15000000000003,13.75900000000001,1.163104924489796,1.95513,0.0941041666666666,0.0,0.0,0.3933333333333334,4.862720127460709,,3.0,irrig_d0-3,fall,dry,mid,soil,True,,
2020-09-09,TzM,almond,2020,253,2.096528215,115.9726002244898,99.93695348979593,45.20918813888913,276.6081674185202,24.62489795918369,29.64800000000002,12.22400000000005,1.778247632653061,2.76312,0.0895520833333333,0.0,0.0,0.3866666666666667,5.342984625286561,,4.0,irrig_d4-7,fall,dry,hi,soil,True,,
2020-09-10,TzM,almond,2020,254,1.75083118975,101.4640668297872,85.35036028297873,54.23060056944414,255.1927149791594,25.44891489361704,29.77800000000002,13.21200000000005,1.897313104545455,2.77787,0.08665625,0.0,0.0,0.38,4.714442040832446,,5.0,irrig_d4-7,fall,dry,hi,soil,True,,
2020-09-11,TzM,almond,2020,255,2.27777584,128.1839160416667,85.42282708333333,56.12666216666666,271.9737595298989,27.89168750000002,33.149,14.39500000000004,2.335306266666666,3.78209,0.0841666666666666,0.0,0.0,0.38,5.00723616759721,,6.0,irrig_d4-7,fall,dry,hi,soil,True,,
2020-09-12,TzM,almond,2020,256,1.821339955,100.4776808163265,84.65643040816326,48.86886695833341,268.1028041278623,27.91644897959186,33.346,16.30500000000001,2.385027836734694,3.78556,0.0817187499999999,0.0,0.0,0.38,4.50084464386226,,7.0,irrig_d4-7,fall,dry,hi,soil,True,,
2020-09-13,TzM,almond,2020,257,2.32217372,129.6736324489796,60.21610173877551,51.02671301388896,257.9656290367079,26.72171428571431,31.01400000000001,15.07000000000005,1.954238969387755,2.9966500000000003,0.11078125,0.0,12.99948,,4.511714454040953,,0.0,irrig_d0-3,fall,dry,hi,soil,False,,
2020-09-14,TzM,almond,2020,258,2.096014425,122.0486912765957,42.69234638297872,62.92874838095253,226.4166151478168,25.82368085106385,30.05800000000005,15.85000000000002,1.770551510638298,2.78953,0.1452395833333333,0.0,12.99948,,4.143153895829606,,0.0,irrig_d0-3,fall,low,hi,normal,False,,
2020-09-15,TzM,almond,2020,259,2.2495028175,128.6754442916667,60.07545333333334,56.93662049999966,265.986589673913,26.03147916666669,30.90900000000005,15.80200000000002,1.612255735681818,2.61247,0.1741875,0.0,12.99948,,4.667897091229975,,0.0,irrig_d0-3,fall,wet,mid,normal,False,,
2020-09-16,TzM,almond,2020,260,2.66241055825,149.9942172083333,36.75328833333333,44.94030415277765,249.5716569769212,27.06206250000002,31.57900000000001,16.161,1.9444069340909087,3.06728,0.1927187499999999,0.0,7.14948,,4.565092489505652,,0.0,irrig_d0-3,fall,wet,hi,normal,False,,
2020-09-17,TzM,almond,2020,261,1.64698008,95.09825170212764,13.19775910638298,25.49420445833314,143.7830411617006,24.5397391304348,28.35500000000002,19.178,1.098043177234043,1.83791,0.1740416666666666,0.508,0.0,,3.400752005168236,,1.0,irrig_d0-3,fall,wet,mid,normal,False,,
2020-09-18,TzM,almond,2020,262,1.6523982425,103.7349014285714,25.26947253333334,-9.006190965416723,136.5556264872679,18.93302173913046,23.90000000000003,15.75400000000002,0.2468975757575758,0.8409220000000001,0.1990210526315789,15.748,0.0,,1.899638286969102,,2.0,irrig_d0-3,fall,wet,lo,normal,False,,
2020-09-19,TzM,almond,2020,263,2.9737769,185.1049638297872,54.247805,,231.9848411049202,20.65197916666669,23.58300000000003,15.44600000000003,0.7985144724444444,1.24915,0.2209479166666667,0.0,0.0,,2.634748469561789,,3.0,irrig_d0-3,fall,wet,lo,normal,False,,
2020-09-20,TzM,almond,2020,264,2.672070853,151.447227375,58.34432979166667,-0.070774128518736,240.4132866200828,21.32643750000002,24.87100000000004,12.96600000000001,1.001193,1.5093800000000002,0.1884791666666666,0.0,0.0,,3.493750605433523,,4.0,irrig_d4-7,fall,wet,lo,normal,False,,
2020-09-21,TzM,almond,2020,265,2.4222141065,140.7582744319149,57.54347808510639,,254.9800677166334,21.86772340425534,26.29000000000002,12.16900000000004,1.2365419666666668,2.02501,0.16984375,0.0,0.0,,3.826468070131495,,5.0,irrig_d4-7,fall,wet,mid,normal,False,,
2020-09-22,TzM,almond,2020,266,2.673571055,154.4532487234042,60.90612180851064,46.63736197777737,265.6585223143837,22.9858936170213,27.22900000000004,11.03400000000005,1.492346857777778,2.13468,0.1594722222222222,0.0,0.0,,4.082965779702072,,6.0,irrig_d4-7,fall,mid,mid,normal,False,,
2020-09-23,TzM,almond,2020,267,2.22315449725,131.2776118043478,43.25362315217392,,214.738418682785,23.24219565217394,26.52500000000003,13.45000000000005,1.291038218181818,1.83194,,0.0,0.0,,3.974130171632533,,7.0,irrig_d4-7,fall,,mid,normal,False,,
2020-09-24,TzM,almond,2020,268,1.729068525,103.6901218133333,73.72735444444444,,198.5744280948674,21.68493333333335,24.32900000000001,13.18100000000004,0.868166580952381,1.21402,,0.0,0.0,,3.986973019364796,,8.0,irrig_d8plus,fall,,lo,normal,False,,
2020-09-25,TzM,almond,2020,269,2.00462555,123.022797826087,141.5429673478261,,269.5830648837985,18.11486956521742,21.50200000000001,11.96700000000004,1.100982586956522,1.66448,,0.0,0.0,,4.396438634923247,,9.0,irrig_d8plus,fall,,mid,normal,False,,
2020-09-26,TzM,almond,2020,270,1.731404375,105.07438,114.5360182222222,,253.5318764990054,17.80271111111113,20.822,8.40500000000003,1.073258777777778,1.42355,,0.0,0.0,,4.105030890368851,,10.0,irrig_d8plus,fall,,mid,normal,False,,
2020-09-27,TzM,almond,2020,271,2.17448938,128.7847643478261,95.34936065217391,,253.7378126002764,19.83763043478263,24.57400000000001,10.21300000000002,1.320807113043478,2.19784,,0.0,0.0,,4.345126341835218,,11.0,irrig_d8plus,fall,,mid,normal,False,,
2020-09-28,TzM,almond,2020,272,2.03894507,121.0014387234043,65.80325787234042,,243.1888777664628,21.15234042553194,28.61100000000005,7.098000000000013,1.8251409893617017,3.28027,,0.0,0.0,,3.921036021215321,,12.0,irrig_d8plus,fall,,hi,normal,False,,
2020-09-29,TzM,almond,2020,273,1.67057239375,98.2128365,68.87791173913044,56.31016533333321,253.051446521898,22.38284782608699,30.78700000000003,10.47700000000003,1.679829487804878,3.28853,0.1438157894736842,0.0,9.48948,,3.79413216756707,,0.0,irrig_d0-3,fall,low,mid,normal,False,,
2020-09-30,TzM,almond,2020,274,2.1328490025,125.8067856521739,33.75253217391305,47.48857606349205,198.7399059665454,23.26589130434785,27.84300000000002,10.22000000000003,1.8264696,2.69792,0.1382812499999999,0.0,0.0,,4.096934564428847,,1.0,irrig_d0-3,fall,low,hi,normal,False,,
2020-10-01,TzM,almond,2020,275,2.105974505,125.7511086956522,54.07666021739131,42.06041160317464,217.5303468888501,21.94704347826089,25.21500000000003,12.06100000000004,1.472043913043478,2.26666,0.1300416666666666,0.0,0.0,,3.791965076143123,,2.0,irrig_d0-3,fall,dry,mid,soil,False,,
2020-10-02,TzM,almond,2020,276,0.8300042,81.37173928571428,29.15529,-13.45167593650783,83.69865147566273,13.07229545454548,19.00900000000001,7.80400000000003,0.2899241892857143,0.581398,0.1753125000000001,0.0,0.0,,1.383486163442951,,3.0,irrig_d0-3,fall,wet,lo,normal,False,,
2020-10-03,TzM,almond,2020,277,2.4353725,145.1997391304348,107.4559030434783,75.59907264148146,259.3439021858271,13.49223913043481,18.79000000000002,5.357000000000028,0.6085206976190476,1.12828,0.2049166666666665,0.0,0.0,,2.429879268119363,,4.0,irrig_d4-7,fall,wet,lo,normal,False,,
2020-10-04,TzM,almond,2020,278,1.6135242375,99.3105628888889,95.66030377777776,81.91820333333325,215.267784679089,14.8971777777778,18.28300000000002,5.536000000000001,0.5595251976190476,0.787026,0.1778780487804877,0.0,0.0,,2.856845513985407,,5.0,irrig_d4-7,fall,wet,lo,normal,False,,
2020-10-05,TzM,almond,2020,279,1.8394941325,111.741238,93.01031466666666,-22.90342666666659,243.3357281451711,16.66015555555558,20.99299999999999,7.253000000000043,1.0302641951219509,1.58681,0.16075,0.0,0.0,,3.376157628249,,6.0,irrig_d4-7,fall,mid,lo,normal,False,,
2020-10-06,TzM,almond,2020,280,1.6842819675,101.9177213333333,70.10971231111111,,245.6298009174685,20.21926666666669,25.01500000000004,5.56800000000004,1.2566247928571428,1.7615,,0.0,0.0,,3.048332529142964,,7.0,irrig_d4-7,fall,,mid,normal,False,,
2020-10-07,TzM,almond,2020,281,1.8718796805,112.8093248222222,58.99417035555555,,242.305929338692,23.43913333333336,30.79200000000003,8.866000000000042,1.813005829268293,3.24111,,0.0,0.0,,3.563196031306738,,8.0,irrig_d8plus,fall,,hi,normal,False,,
2020-10-08,TzM,almond,2020,282,1.30242625,80.48695836363636,56.10679911363636,14.31554666666667,236.5830484634434,22.76559090909093,29.70800000000003,12.60300000000001,1.504017173170732,2.91654,,0.0,0.0,,3.232229353500003,,9.0,irrig_d8plus,fall,,mid,normal,False,,
2020-10-09,TzM,almond,2020,283,1.131058725,84.60996,61.45304685714286,-7.320365666666667,229.1479859207586,20.96374285714288,29.327,13.37,1.335655962962963,2.87599,,0.0,0.0,,2.82596665042243,,10.0,irrig_d8plus,fall,,mid,normal,False,,
2020-10-10,TzM,almond,2020,284,0.8737267375,70.3839653125,75.02933534374999,69.07152065000015,237.1467511874315,18.72912500000003,25.12,13.99900000000002,0.8758976423076923,1.52439,0.1746363636363637,0.0,11.04948,,2.213201306028907,,0.0,irrig_d0-3,fall,wet,lo,normal,False,,
2021-05-01,TzM,almond,2021,121,3.57653525,203.9259541666667,107.6689672916667,45.56009207774884,351.8065596176359,16.28152083333336,21.38500000000005,10.86400000000003,0.668075375,1.71247,0.2560724637681159,0.0,0.0,,7.42264410839288,,1.0,irrig_d0-3,spring,wet,lo,normal,False,,
2021-05-02,TzM,almond,2021,122,2.736501575,169.6827636363636,137.1649663636364,59.84446524431522,395.2773176097451,19.26950000000002,26.69500000000005,12.899,0.8818288863636363,2.26412,0.2407126436781609,0.0,0.0,,7.492361442422107,,2.0,irrig_d0-3,spring,wet,lo,normal,False,,
2021-05-03,TzM,almond,2021,123,1.333772625,98.80698108108108,101.512372972973,22.01318933717948,254.7475758129339,14.72332432432435,16.36100000000005,11.63,0.2758784,0.47777,0.2273382352941177,0.0,0.0,,5.950121965079216,,3.0,irrig_d0-3,spring,wet,lo,normal,False,,
2021-05-04,TzM,almond,2021,124,2.840881,198.3506128205128,136.0074743589743,53.35039119894896,397.5433547331976,21.76656410256412,27.40800000000002,17.24200000000002,1.0521127692307688,2.4914,0.2173709677419354,0.0,0.0,,6.492242194539992,,4.0,irrig_d4-7,spring,wet,lo,normal,False,,
2021-05-05,TzM,almond,2021,125,2.89731292,151.3424824038462,77.74299192307693,61.07347782714885,331.9244455270031,21.51525000000003,29.70100000000002,7.021000000000015,1.0672055836734688,2.81381,0.2058541666666668,0.0,0.0,,7.193355007693085,,5.0,irrig_d4-7,spring,wet,lo,normal,False,,
2021-05-06,TzM,almond,2021,126,0.689855175,143.7545384615385,24.11988384615385,11.10357854166662,144.7015416192052,26.44538461538464,29.68300000000005,21.92900000000003,1.369026923076923,2.9615,0.1965882352941176,0.0,0.0,,1.062306169190682,,6.0,irrig_d4-7,spring,wet,mid,normal,False,,
2021-05-07,TzM,almond,2021,127,1.042844965,108.9442288461538,21.07333307692308,13.86918298044872,133.1568243384311,21.71023076923079,33.94400000000002,10.49000000000001,0.94217,4.13377,0.1877285714285713,0.0,0.0,,2.626683096900786,,7.0,irrig_d4-7,spring,wet,lo,normal,False,,
2021-05-08,TzM,almond,2021,128,0.632059425,114.07156,26.7818886,8.835122640624993,141.3966754712115,26.39080000000002,31.29200000000003,21.30200000000002,1.473819333333333,3.19785,0.1826078431372549,0.0,0.90948,,1.252028651776809,,0.0,irrig_d0-3,spring,wet,mid,normal,False,,
2021-05-09,TzM,almond,2021,129,1.202702275,155.7884523809524,98.09751142857142,0.8364909119565379,260.6184818688345,20.6461904761905,25.39100000000002,15.995,0.9063190952380952,1.7858699999999998,0.1766170212765957,1.016,0.0,,2.653396336621818,,1.0,irrig_d0-3,spring,wet,lo,normal,False,,
2021-05-10,TzM,almond,2021,130,1.34002825,145.4132852,83.29916968,11.27239250315844,249.2076360065766,17.48384000000003,20.26600000000002,11.44100000000003,0.65649808,1.37476,0.1692884615384615,0.254,0.0,,3.700854361271464,,2.0,irrig_d0-3,spring,wet,lo,normal,False,,
2021-05-11,TzM,almond,2021,131,2.7384877,170.3566454545455,190.1414906818182,48.09039159169083,390.2276619065758,16.51600000000002,21.53400000000005,10.56300000000005,0.6903581590909091,1.6885599999999998,0.1639166666666666,0.0,0.0,,8.286752968470383,,3.0,irrig_d0-3,spring,mid,lo,normal,False,,
2021-05-12,TzM,almond,2021,132,1.145061425,148.7287047619048,128.9265647619048,10.84498908571968,269.062620244317,19.83447619047621,21.685,16.69500000000005,1.007311857142857,1.4468,0.1609607843137254,0.0,1.68948,,3.120265394958601,,0.0,irrig_d0-3,spring,mid,lo,normal,False,,
2021-05-13,TzM,almond,2021,133,1.147527025,141.9528045454545,80.87784636363637,8.822230979939867,238.9044753988552,21.66077272727275,25.06100000000004,18.90800000000002,0.9743160909090908,1.96728,0.1587704918032786,0.0,0.0,,2.653863651235072,,1.0,irrig_d0-3,spring,mid,lo,normal,False,,
2021-05-14,TzM,almond,2021,134,0.797673375,144.4604466666667,32.92242,4.764355063725492,130.0752827507815,23.47786666666669,26.70700000000005,19.29300000000001,1.488299333333333,2.4451,0.1566170212765957,0.0,2.21052,,1.50357423435982,,0.0,irrig_d0-3,spring,mid,mid,normal,False,,
2021-05-15,TzM,almond,2021,135,0.8846646499999999,171.1957,-22.317165,7.525404326797369,128.2029531522754,26.2577142857143,29.75600000000003,22.733,1.665229285714286,2.87732,0.1549811320754716,0.0,7.14948,,1.224466793753169,,0.0,irrig_d0-3,spring,mid,mid,normal,False,,
2021-05-16,TzM,almond,2021,136,1.050422325,177.83665625,-28.63239875,6.390298833333358,114.4650612998823,26.84200000000002,29.733,23.62400000000002,1.4373875,2.6895100000000003,0.1539318181818182,0.0,4.94052,,1.583836989949263,,0.0,irrig_d0-3,spring,mid,mid,normal,False,,
2021-05-17,TzM,almond,2021,137,0.86878835,167.8539,15.78499214285714,4.530055708333344,126.6372464484515,28.00985714285716,30.41800000000001,23.33800000000002,1.924346428571429,2.95365,0.1511388888888888,0.0,0.0,,1.434348685663924,,1.0,irrig_d0-3,spring,low,hi,normal,False,,
2021-05-18,TzM,almond,2021,138,0.491196625,85.292466,92.96163333333334,52.19928902957516,262.4438763244428,16.49293333333335,21.39500000000004,11.68000000000001,0.3480944166666667,0.8761319999999999,0.145025,0.0,0.0,0.52,2.144543854968075,,2.0,irrig_d0-3,spring,low,lo,normal,True,,
2021-05-19,TzM,almond,2021,139,0.86817575,200.5577126,75.70844818181818,33.36631434126986,304.4120700127878,28.1118181818182,31.80200000000002,22.28000000000003,2.078375818181818,3.39984,0.1451142857142857,0.0,0.0,0.515,1.466749173266079,,3.0,irrig_d0-3,spring,low,hi,normal,True,,
2021-05-20,TzM,almond,2021,140,2.7071235,162.9547846666667,71.17689711111112,53.48655461172839,342.0074506826886,25.20293333333336,35.56700000000001,14.38100000000003,1.6387991075,4.4351400000000005,0.1426979166666666,0.0,0.0,0.51,6.32438861853174,,4.0,irrig_d4-7,spring,low,mid,normal,True,,
2021-05-21,TzM,almond,2021,141,4.6362919675,224.0163017857143,50.63159603571429,51.83803968859127,329.1363236925205,25.96848214285717,32.82000000000005,12.69900000000001,1.666180375925926,3.99386,0.1406145833333333,0.0,0.0,0.509,9.394484213972898,,5.0,irrig_d4-7,spring,low,mid,normal,True,,
2021-05-22,TzM,almond,2021,142,4.07338455,197.6528428571428,45.6350245,37.61041388531746,283.9016504449606,22.65244642857145,29.62200000000001,12.85500000000002,1.383460232142857,3.4664,0.1376354166666666,0.0,1.95,0.508,9.63246684810366,,0.0,irrig_d0-3,spring,dry,mid,soil,True,,
2021-05-23,TzM,almond,2021,143,0.507966225,254.05694,-2.47979376,-34.02945206111112,55.70871948118378,12.25028000000002,13.26100000000002,10.88900000000001,0.4562568571428571,0.8518450000000001,0.2207291666666667,25.147,0.26052,0.507,-0.2758856120766887,,1.0,irrig_d0-3,spring,wet,lo,normal,True,,
2021-05-24,TzM,almond,2021,144,5.509177325,276.190785,81.40845607142857,39.80322979387402,381.5375542173391,18.58489285714288,26.54200000000003,8.26600000000002,0.829027076923077,2.16897,0.3141458333333333,0.0,0.0,0.506,6.297697719023768,,2.0,irrig_d0-3,spring,wet,lo,normal,True,,
2021-05-25,TzM,almond,2021,145,3.7991093925,203.0200058823529,82.57551156862745,41.45807508446502,355.5974034609891,19.66874509803924,25.03500000000003,9.525000000000034,0.700417359574468,1.58294,0.27040625,0.0,0.0,0.505,8.852891952366383,,3.0,irrig_d0-3,spring,wet,lo,normal,True,,
2021-05-26,TzM,almond,2021,146,3.281789275,169.3396333333333,62.65383518518519,46.11663294866254,314.2088589967388,22.1197777777778,30.55600000000004,13.61100000000005,0.978960368,2.84722,0.2381666666666667,0.0,0.0,0.504,8.190468668315953,,4.0,irrig_d4-7,spring,wet,lo,normal,True,,
2021-05-27,TzM,almond,2021,147,3.1808798775,155.8163455357143,29.98852042857143,33.67983113955356,254.2584125476278,21.11407142857145,26.72500000000002,11.63400000000001,0.9346297171698112,1.89694,0.2136979166666665,0.0,0.0,0.503,8.625203703511913,,5.0,irrig_d4-7,spring,wet,lo,normal,True,,
2021-05-28,TzM,almond,2021,148,0.6873252,87.27065714285715,19.09207380952381,-3.163207838164257,68.88612687645947,22.33200000000003,28.98200000000003,14.52800000000002,1.187058285714286,2.52576,0.1953854166666666,0.0,0.0,0.502,1.536440059667479,,6.0,irrig_d4-7,spring,wet,mid,normal,True,,
2021-05-29,TzM,almond,2021,149,4.0925317225,201.2712645454546,53.70441763636364,58.05763941955339,357.2413651310326,27.22309090909093,35.62600000000003,11.64100000000002,1.921471761538462,4.36672,0.1841770833333333,0.0,12.48,0.501,8.153566248721274,,0.0,irrig_d0-3,spring,wet,hi,normal,True,,
2021-05-30,TzM,almond,2021,150,3.70579885,182.6234163636364,32.12198727272727,40.44311108889413,309.227726595144,24.82927272727275,32.363,15.697,1.3567724545454551,3.19824,0.1790520833333333,0.0,0.0,0.5,7.286065631604627,,1.0,irrig_d0-3,spring,wet,mid,normal,True,,
2021-06-01,TzM,almond,2021,152,2.930960875,228.7221382352941,22.69681,38.69795915666668,308.799884227833,25.30054054054056,31.96200000000005,15.87900000000002,1.381851411764706,2.7663800000000003,0.1677017543859649,1.778,0.0,0.5133333333333333,5.817188492902876,,2.0,irrig_d0-3,summer,wet,mid,normal,True,,
2021-06-02,TzM,almond,2021,153,4.00000345,200.7484253703704,62.94454539074074,48.79218322162038,337.8533434890865,24.09629629629632,32.995,14.49800000000005,1.1589968541666669,3.71616,0.1657187499999999,0.0,0.0,0.52,8.259038983133031,,3.0,irrig_d0-3,summer,wet,mid,normal,True,,
2021-06-03,TzM,almond,2021,154,3.5137637475,170.3066916071429,82.98311660714286,38.53243932812501,325.3177005323869,23.29387500000002,29.22800000000001,15.12200000000001,0.8145270576923077,2.12891,0.1652291666666665,0.0,0.0,0.524,9.288600390210211,,4.0,irrig_d4-7,summer,wet,lo,normal,True,,
2021-06-04,TzM,almond,2021,155,2.69727967,137.9221843396226,44.52866758490566,37.09367486830709,263.8186938322499,23.09960377358493,32.34900000000005,14.803,1.000493425,3.21924,0.1623368421052631,0.0,0.0,0.528,8.041513489504322,,5.0,irrig_d4-7,summer,mid,lo,normal,True,,
2021-06-06,TzM,almond,2021,157,2.22858815,273.7866454545455,-2.2986725,18.5930826736111,263.1879297040555,29.32868181818183,33.113,22.58700000000005,1.7159295,3.5449,0.2975116279069767,0.0,0.0,0.536,2.663020487849967,,6.0,irrig_d4-7,summer,wet,mid,normal,True,,
2021-06-07,TzM,almond,2021,158,5.1360695,256.8887946296296,3.718326688888889,57.35924808406709,359.2985727141098,27.0948703703704,35.43700000000001,13.77200000000005,1.6733553333333329,4.43258,0.2732604166666668,0.0,0.0,0.54,7.615101828647992,,7.0,irrig_d4-7,summer,wet,mid,normal,True,,
2021-06-08,TzM,almond,2021,159,5.1175359825,265.488955,-1.905611826923077,61.26056593970586,368.2387995840477,29.06950000000003,38.06,16.12600000000003,2.18333025,5.22968,0.2412604166666667,0.0,0.0,0.51,7.823193997172919,,8.0,irrig_d8plus,summer,wet,hi,normal,True,,
2021-06-09,TzM,almond,2021,160,6.04210109,285.743960877193,-9.346294245614036,59.43212544895835,351.5310303251736,30.04721052631582,37.97200000000004,15.27200000000005,2.030989796296296,4.97628,0.2137263157894737,0.0,0.0,0.48,8.99519971865271,,9.0,irrig_d8plus,summer,wet,hi,normal,True,,
2021-06-10,TzM,almond,2021,161,0.659535,161.5853818181818,-42.70469090909091,-30.01313409884261,44.12204322531689,30.92690909090912,35.88900000000001,26.00400000000002,1.965214545454545,4.45728,0.1870645161290322,0.0,0.0,0.48,0.8085826203277194,,10.0,irrig_d8plus,summer,wet,hi,normal,True,,
2021-06-11,TzM,almond,2021,162,5.1288696,252.7060482142857,14.06532482142857,46.8231422689484,334.4695584777389,27.19496428571431,34.339,15.47900000000004,1.586354428571429,3.95429,0.1797471264367816,0.0,0.0,0.48,8.09418717607301,,11.0,irrig_d8plus,summer,wet,mid,normal,True,,
2021-06-12,TzM,almond,2021,163,0.667853475,150.6318416666667,1.067734166666667,-22.25928661309522,85.24036682499086,27.40408333333336,30.00400000000002,23.62300000000005,1.596369166666667,2.4744,0.1686060606060606,1.016,0.0,0.48,1.118075908456952,,12.0,irrig_d8plus,summer,wet,mid,normal,True,,
2021-06-13,TzM,almond,2021,164,4.80530615,235.9961927272727,30.66067472727273,47.143673154899,347.1335960341449,26.56416363636366,32.87600000000003,16.16200000000003,1.553970874545455,3.22618,0.1663749999999998,0.0,0.0,0.46,8.424989812384862,,13.0,irrig_d8plus,summer,wet,mid,normal,True,,
2021-06-14,TzM,almond,2021,165,1.4829003325,192.923518125,-31.75772058823529,-12.03254125767972,146.3816412941988,30.34258823529414,38.11700000000002,25.83100000000002,1.676762352941176,4.57475,0.1633421052631578,0.508,0.0,0.44,1.075687558696003,,14.0,irrig_d8plus,summer,mid,mid,normal,True,,
2021-06-15,TzM,almond,2021,166,1.221588875,183.1671166666667,0.7474027777777779,14.91955666111109,191.8982906379944,30.36472222222226,33.95800000000003,26.31600000000003,1.621056111111111,2.81791,0.1597735849056603,0.0,0.0,0.444,1.957942519290392,,15.0,irrig_d8plus,summer,mid,mid,normal,True,,
2021-06-16,TzM,almond,2021,167,2.932816425,173.0439180434782,-12.95722956862745,12.3761985862451,168.832964545409,23.39098039215688,30.64300000000003,16.51000000000005,0.7901336333333334,2.5411,0.1533797468354429,1.27,0.0,0.448,5.123726495588548,,16.0,irrig_d8plus,summer,low,lo,normal,True,,
2021-06-17,TzM,almond,2021,168,3.677395725,303.0841363636364,81.324095,7.006257165909126,360.8396265172736,22.93160606060609,26.65600000000001,17.02200000000005,0.9296210303030304,1.75752,0.3031090909090909,17.018,0.0,0.452,5.672692233208096,,17.0,irrig_d8plus,summer,wet,lo,normal,True,,
2021-06-18,TzM,almond,2021,169,3.2459815,163.8844021818182,-0.0449674363636366,17.85129380447097,220.3057731491016,21.38176363636366,25.928,13.99299999999999,0.601310166,1.4337,0.2632291666666667,0.0,0.0,0.456,6.474312276354566,,18.0,irrig_d8plus,summer,wet,lo,normal,True,,
2021-06-19,TzM,almond,2021,170,2.8470507,149.5342115384615,14.27231075636364,19.77469642886868,216.3697796459295,20.6907272727273,24.02000000000004,15.47000000000003,0.4672901142857143,1.29732,0.2290937499999999,0.0,0.0,0.46,7.132069351434938,,19.0,irrig_d8plus,summer,wet,lo,normal,True,,
2021-06-20,TzM,almond,2021,171,4.192691275,210.4976053571428,41.26402,26.04553132525793,274.4456875424083,20.80451785714288,27.327,13.56700000000001,0.8256809464285715,1.92361,0.20284375,0.0,0.0,0.464,7.275755513222602,,20.0,irrig_d8plus,summer,wet,lo,normal,True,,
2021-06-21,TzM,almond,2021,172,3.979005485,201.081777962963,83.43747925925926,37.72461365422838,337.2268861554284,21.39520370370373,26.91200000000003,13.84100000000001,0.9894555326530612,2.2789,0.1834166666666666,0.0,0.0,0.468,7.202463006686036,,21.0,irrig_d8plus,summer,wet,lo,normal,True,,
2021-06-22,TzM,almond,2021,173,4.1453207,197.5090478947369,59.3975298245614,46.4639861572612,318.4050480741496,23.58205263157897,31.88,10.83200000000005,1.471472722222222,3.54541,0.1719166666666667,0.0,0.0,0.472,8.760503251810247,,22.0,irrig_d8plus,summer,wet,mid,normal,True,,
2021-06-23,TzM,almond,2021,174,3.7190688325,180.2923089285714,78.76562460714285,44.42931608343252,333.0254658385093,23.01071428571431,30.387,12.67000000000002,1.155357378846154,2.79166,0.1648541666666666,0.0,0.0,0.476,8.494386738989386,,23.0,irrig_d8plus,summer,wet,mid,normal,True,,
2021-06-24,TzM,almond,2021,175,3.585603175,176.4660464285714,71.112049,50.7160386343254,352.9095142165562,25.50207142857145,33.82500000000005,16.23700000000002,1.364561589285714,3.67377,0.1615104166666666,0.0,0.0,0.48,7.958575316883187,,24.0,irrig_d8plus,summer,mid,mid,normal,True,,
2021-06-25,TzM,almond,2021,176,3.4887655,174.6958722222222,63.00197888888889,52.49692445534978,334.9326492916007,27.3770740740741,35.81900000000002,13.90100000000001,1.670361203703704,4.43381,0.1571979166666667,0.0,0.0,0.48,7.135179007836385,,25.0,irrig_d8plus,summer,mid,mid,normal,True,,
2021-06-26,TzM,almond,2021,177,4.2309666275,207.6454843636364,15.25041523636364,47.06415063186868,310.9410952934533,28.72178181818184,36.03900000000004,15.78400000000005,1.867761576363636,4.38191,0.1552916666666666,0.0,7.02,0.48,6.780970677910166,,0.0,irrig_d0-3,summer,mid,hi,normal,True,,
2021-06-27,TzM,almond,2021,178,4.7380914,239.2726463392857,27.07960392857143,51.98462916552579,338.9872940915497,28.62275000000002,36.30900000000003,14.82600000000002,1.800734839285714,4.35266,0.1527916666666666,0.0,0.0,0.48,7.228478060767594,,1.0,irrig_d0-3,summer,low,hi,normal,True,,
2021-06-28,TzM,almond,2021,179,4.36438895,211.0301857142857,72.4750875,43.48931315631449,344.733940107444,26.26190909090911,33.58000000000004,16.08000000000004,1.529289375,4.3553500000000005,0.1474895833333332,0.0,0.0,0.48,7.266561578833464,,2.0,irrig_d0-3,summer,low,mid,normal,True,,
2021-06-29,TzM,almond,2021,180,4.08919584,205.4158547272727,65.55492072727273,57.4920843171717,342.8705175306838,28.74314545454548,38.298,11.50400000000002,2.396138854545455,5.79346,0.1433437500000001,0.0,0.0,0.48,7.436147180722532,,3.0,irrig_d0-3,summer,low,hi,normal,True,,
2021-06-30,TzM,almond,2021,181,3.527289305,169.8052905357143,70.90788803571428,55.38703824851191,349.4309560585104,29.86426785714288,40.375,17.48000000000002,2.354173571153846,5.36271,0.1415,0.0,0.0,0.48,7.349751282532917,,4.0,irrig_d4-7,summer,low,hi,normal,True,,
2021-07-01,TzM,almond,2021,182,4.402970725,220.0803210909091,45.62943014545455,54.31162514828282,346.1885179792075,31.1317272727273,40.99400000000003,16.05400000000003,2.397627350980392,6.37495,0.1389687499999999,0.0,2.85948,0.48,7.697920287197539,,0.0,irrig_d0-3,summer,low,hi,normal,True,,
2021-07-02,TzM,almond,2021,183,5.52344212725,276.3900997592593,-7.097541388888889,50.08626924641415,335.7581830139171,31.68800000000002,40.452,15.13900000000001,3.246901326923077,6.47491,0.1367187499999999,0.0,10.26948,0.48,6.841944270685586,,0.0,irrig_d0-3,summer,dry,xhi,compound,True,,
2021-07-03,TzM,almond,2021,184,5.52367705,278.5555454545454,-15.41332945454545,47.40595233030304,318.227344072807,29.2777272727273,35.77100000000002,17.22300000000001,2.452856727272727,4.89142,0.1344583333333332,0.0,18.45948,0.475,6.795517818488252,,0.0,irrig_d0-3,summer,dry,xhi,compound,True,,
2021-07-04,TzM,almond,2021,185,5.974562375,283.1932275438596,13.2882098245614,43.67218627334307,339.0297952659325,28.23315789473686,34.83300000000003,16.92400000000004,1.779441157894737,4.46324,0.1324895833333333,0.0,0.0,0.47,7.446886873440344,,1.0,irrig_d0-3,summer,dry,hi,soil,True,,
2021-07-05,TzM,almond,2021,186,5.761967235,281.879442,-13.91715036363636,56.66086822232509,332.6768364167802,31.53705454545457,39.52200000000005,15.12900000000002,2.5334393454545454,5.78791,0.1320937499999999,0.0,0.0,0.4766666666666666,6.965559042557516,,2.0,irrig_d0-3,summer,dry,xhi,compound,True,,
2021-07-06,TzM,almond,2021,187,4.91684185,233.2100764912281,70.55680929824561,40.80601206387915,342.2383136613914,27.94485964912283,33.59500000000003,17.14300000000003,1.949192631578947,3.81724,0.1300416666666666,0.0,0.0,0.4833333333333333,7.162077034598701,,3.0,irrig_d0-3,summer,dry,hi,soil,True,,
2021-07-07,TzM,almond,2021,188,4.3241246025,229.6815688235294,48.60655015686275,33.67925046147794,321.5653261923499,25.53450980392159,31.762,18.41700000000003,1.443220470588235,3.61126,0.1270520833333333,0.0,5.97948,0.49,7.571637488864069,,0.0,irrig_d0-3,summer,dry,mid,soil,True,,
2021-07-08,TzM,almond,2021,189,4.111943375,201.923396,50.55017907272727,49.97050939060608,334.9656551632511,27.94247272727275,37.85500000000002,14.37700000000001,1.967704672727273,5.36727,0.1263333333333333,0.0,0.12948,0.47,8.155955468781489,,1.0,irrig_d0-3,summer,dry,hi,soil,True,,
2021-07-09,TzM,almond,2021,190,3.5334588725,176.8385216666667,76.935985,43.94085525046297,326.108092328719,27.88653703703706,35.67100000000005,17.81100000000004,1.745942844,3.89234,0.1258229166666667,0.0,0.0,0.45,7.705977220997561,,2.0,irrig_d0-3,summer,dry,hi,soil,True,,
2021-07-10,TzM,almond,2021,191,5.2629474,257.6818890909091,-2.558598269090909,54.27387869348485,340.9161817916099,31.13396363636366,40.97700000000003,16.279,2.542120981818182,5.913810000000001,0.1252395833333333,0.0,21.18948,0.4566666666666667,7.547987363835656,,0.0,irrig_d0-3,summer,dry,xhi,compound,True,,
2021-07-11,TzM,almond,2021,192,4.863050875,255.2764826923077,-52.90343938461538,43.45287822238247,295.0418256161997,31.13955769230772,37.74100000000004,20.06300000000005,1.889224153846154,4.748399999999999,0.1255729166666666,0.0,0.0,0.4633333333333333,6.866274775706001,,1.0,irrig_d0-3,summer,dry,hi,soil,True,,
2021-07-12,TzM,almond,2021,193,6.285219275,303.2736946428572,28.72814339285714,30.84386456334326,327.7482053082102,29.24376785714288,33.20400000000001,23.42900000000003,2.2867994642857137,3.79248,0.1243229166666666,0.0,0.0,0.47,5.17225157242585,,2.0,irrig_d0-3,summer,dry,hi,soil,True,,
2021-07-13,TzM,almond,2021,194,4.399387975,225.0471154716981,88.18251471698113,37.51569504004191,329.1629249074527,24.88309433962267,32.03400000000005,12.81600000000003,1.749749886792453,3.77455,0.1199583333333333,0.0,0.0,0.47,8.063307102664538,,3.0,irrig_d0-3,summer,dry,hi,soil,True,,
2021-07-14,TzM,almond,2021,195,3.8827545425,199.3512187037037,85.69249703703704,43.8824385492977,330.2950870106497,26.43103703703706,35.39800000000002,11.77800000000002,1.589527907407407,4.6269,0.1188854166666667,0.0,0.0,0.47,8.192712443221263,,4.0,irrig_d4-7,summer,dry,mid,soil,True,,
2021-07-15,TzM,almond,2021,196,3.6593378,183.2590166666667,62.28072240740741,44.04327739228396,329.1216127011191,26.89055555555558,37.11600000000004,16.09900000000005,1.6746717222222218,4.6357,0.1185000000000001,0.0,5.97948,0.4666666666666667,7.979913641280675,,0.0,irrig_d0-3,summer,dry,mid,soil,True,,
2021-07-16,TzM,almond,2021,197,5.277293275,263.8678592592593,8.803392388888888,52.99177044938271,336.803445628493,30.29753703703706,39.673,15.80400000000003,2.286124361111111,5.662319999999999,0.1191354166666666,0.0,5.19948,0.4633333333333333,7.425232861514877,,0.0,irrig_d0-3,summer,dry,hi,soil,True,,
2021-07-17,TzM,almond,2021,198,6.04004108,289.062238245614,-25.95526280701754,54.41595413255362,343.6070929754053,31.72800000000002,40.69,18.00700000000001,2.40120250877193,5.9429300000000005,0.1195833333333333,0.0,12.35052,0.46,7.907900814158966,,0.0,irrig_d0-3,summer,dry,hi,soil,True,,
2021-07-18,TzM,almond,2021,199,6.361993075,317.1104012962963,-16.41049555555556,51.56106075823047,348.1510429369816,31.43900000000002,38.72400000000005,17.71500000000003,2.580601916666667,5.7228,0.11928125,0.0,0.0,0.46,7.679750094838838,,1.0,irrig_d0-3,summer,dry,xhi,compound,True,,
2021-07-19,TzM,almond,2021,200,5.9538059,291.6780729090909,-12.23282036363636,44.450161536214,338.5995873916365,30.51989090909094,37.75900000000001,17.73200000000003,2.106595490909091,4.9287,0.1186875000000001,0.0,6.24,0.46,7.283598183284354,,0.0,irrig_d0-3,summer,dry,hi,soil,True,,
2021-07-20,TzM,almond,2021,201,5.404085025,279.7000765384615,-11.15837115384615,47.73726375432693,334.3129782397909,31.3826730769231,41.12,18.25200000000001,2.144301865384615,5.82916,0.1185000000000001,0.0,6.36948,0.4633333333333333,8.235424088535222,,0.0,irrig_d0-3,summer,dry,hi,soil,True,,
2021-07-21,TzM,almond,2021,202,5.885127575,293.4393314814815,-24.28802142592593,49.06784317283951,346.4409649656964,31.57085185185187,38.79500000000002,18.678,2.3053319629629634,5.38375,0.11803125,0.0,6.36948,0.4666666666666667,7.427354046590572,,0.0,irrig_d0-3,summer,dry,hi,soil,True,,
2021-07-22,TzM,almond,2021,203,5.68660665,288.6957735849057,-36.17229586792453,48.45183848883647,323.5641843086702,32.52781132075474,41.89300000000003,17.649,2.3353639811320748,6.72842,0.1174479166666667,0.0,6.36948,0.47,6.451006139289746,,0.0,irrig_d0-3,summer,dry,hi,soil,True,,
2021-07-23,TzM,almond,2021,204,5.839992075,302.5946288461539,-80.21819784313726,37.47680465924145,264.0590218796549,31.12259615384618,36.58000000000004,19.38400000000001,2.2485260961538462,4.59456,0.116875,0.0,6.11052,0.47,6.205701501975306,,0.0,irrig_d0-3,summer,dry,hi,soil,True,,
2021-07-24,TzM,almond,2021,205,6.998300525,343.5360613636363,-21.31965176363636,43.10445083065152,342.839035705982,28.80305454545457,36.12700000000001,15.98400000000004,2.144813872727273,4.9499,0.1151250000000001,0.0,11.18052,0.47,6.486218099515183,,0.0,irrig_d0-3,summer,dry,hi,soil,True,,
2021-07-25,TzM,almond,2021,206,5.0713761475,272.4004805882353,0.391380156862745,40.78182503549999,326.7601747297384,27.65484313725492,36.55600000000004,13.07500000000005,1.911147490196078,4.27744,0.1136145833333333,0.0,0.0,0.4666666666666667,6.80047660806395,,1.0,irrig_d0-3,summer,dry,hi,soil,True,,
2021-07-26,TzM,almond,2021,207,3.285073865,188.67459,41.57570089583334,27.38337419618054,301.3954335951772,25.13436170212768,32.59500000000003,16.69,0.9790884552083332,2.8776,0.1134583333333333,0.762,0.0,0.4633333333333333,5.847891696499,,2.0,irrig_d0-3,summer,dry,lo,soil,True,,
2021-07-27,TzM,almond,2021,208,3.96635952275,198.0811769074074,44.81530555555555,50.56885599035495,347.9157446650158,29.21222641509436,39.81600000000003,15.76000000000005,2.0461296,5.52468,0.1140729166666667,0.0,0.0,0.46,6.678241539660127,,3.0,irrig_d0-3,summer,dry,hi,soil,True,,
2021-07-28,TzM,almond,2021,209,3.9879763875,202.7390413207547,43.90760281132076,48.19538923836477,337.4739238665113,30.47841509433965,36.14000000000004,17.649,1.68224596,3.8281,0.1151562500000001,0.0,0.0,0.445,7.074321596795481,,4.0,irrig_d4-7,summer,dry,mid,soil,True,,
2021-07-29,TzM,almond,2021,210,2.8014807675,145.7151325686274,45.36013627450981,49.073675796142,312.5114122924532,31.35854901960787,41.10400000000004,18.36600000000004,2.791703871739131,6.32215,0.1151041666666668,0.0,0.0,0.43,5.715691877718569,,5.0,irrig_d4-7,summer,dry,xhi,compound,True,,
2021-07-30,TzM,almond,2021,211,5.343701425,266.5497527777778,5.463662037037037,46.13535058574074,340.0676508680767,31.00381481481484,37.85900000000004,17.73400000000004,2.2252680555555564,5.28194,0.1146979166666667,0.0,11.82948,0.4433333333333333,6.938496169102574,,0.0,irrig_d0-3,summer,dry,hi,soil,True,,
2021-07-31,TzM,almond,2021,212,5.03827905,252.7144824074074,39.67443612962963,28.82146465859053,330.3346125793313,26.15025925925928,29.96300000000002,15.32500000000005,1.819290518518518,3.15357,0.1124791666666666,0.0,8.19,0.4566666666666667,7.717001057874304,,0.0,irrig_d0-3,summer,dry,hi,soil,True,,
2021-08-01,TzM,almond,2021,213,3.68611185,184.8230027777778,51.76790092592593,35.70360932211935,313.4797789550603,24.84694444444447,32.55400000000003,12.15000000000003,1.593638555555556,3.82383,0.1107083333333334,0.0,4.29,0.47,7.770592379413446,,0.0,irrig_d0-3,summer,dry,mid,soil,True,,
2021-08-02,TzM,almond,2021,214,3.288895325,161.8210638181818,58.09340309090909,35.21443866680303,321.874717102335,26.34640000000002,33.60400000000004,17.35500000000002,1.4610906,3.76616,0.1119479166666667,0.0,0.0,0.466,7.009366841292245,,1.0,irrig_d0-3,summer,dry,mid,soil,True,,
2021-08-03,TzM,almond,2021,215,3.618946705,184.3700254716981,40.81876132075472,38.6805870395283,315.6361507159057,27.88864150943398,36.267,16.06900000000002,1.962694471698113,4.81926,0.1121145833333334,0.0,0.0,0.462,6.977127426111024,,2.0,irrig_d0-3,summer,dry,hi,soil,True,,
2021-08-04,TzM,almond,2021,216,4.7033004,244.4540076923077,17.86973192307692,40.58309067172658,333.4462253379613,28.10361538461541,34.92200000000003,18.09300000000002,1.8439082884615376,4.27717,0.11284375,0.0,6.36948,0.458,6.696133656212877,,0.0,irrig_d0-3,summer,dry,hi,soil,True,,
2021-08-05,TzM,almond,2021,217,4.4342275125,229.8849238461538,35.41665192307693,43.88063094860566,337.8526011775948,29.83763461538464,37.245,14.72900000000004,2.351866711538461,5.37547,0.1125208333333334,0.0,0.0,0.454,6.005968249396225,,1.0,irrig_d0-3,summer,dry,hi,soil,True,,
2021-08-06,TzM,almond,2021,218,4.5301261425,225.8211305555556,37.72058761111111,45.31903234380344,339.4388227851527,31.69457407407409,38.59300000000002,16.108,2.659023981481481,5.6845,0.1127395833333333,0.0,0.0,0.45,5.62442955659427,,2.0,irrig_d0-3,summer,dry,xhi,compound,True,,
2021-08-07,TzM,almond,2021,219,4.553546725,228.1445685185185,64.17305342592593,33.46412403847737,331.5617053749036,26.87196226415097,33.524,15.43100000000004,1.837168425925926,4.17135,0.1105625000000001,0.0,11.18052,0.455,6.456533164391636,,0.0,irrig_d0-3,summer,dry,hi,soil,True,,
2021-08-08,TzM,almond,2021,220,2.53861378,140.5003698076923,91.7472175,35.89794391779379,337.0779819285574,26.27401923076926,30.58100000000002,13.87300000000005,1.265553403846154,2.65735,0.1096354166666667,0.0,0.0,0.46,6.802790799165889,,1.0,irrig_d0-3,summer,dry,mid,soil,True,,
2021-08-09,TzM,almond,2021,221,2.5787795825,139.6449708,64.106321,28.68193210395556,286.1953521154549,26.40288000000002,32.20100000000002,19.56200000000001,1.15720982,2.85442,0.11103125,0.0,0.0,0.446,7.253685758077216,,2.0,irrig_d0-3,summer,dry,mid,soil,True,,
2021-08-10,TzM,almond,2021,222,2.872491475,159.516787755102,40.13566632653061,38.74417730340135,307.4966779581398,28.51822448979594,34.68100000000004,18.87100000000004,1.834713979591837,3.79896,0.1115625000000001,0.0,0.0,0.432,6.089748627097048,,3.0,irrig_d0-3,summer,dry,hi,soil,True,,
2021-08-11,TzM,almond,2021,223,3.34254855,210.9862441860465,-23.12471420930233,52.30638213326878,306.9188089148703,31.94453488372095,40.15500000000003,20.53800000000001,2.435305767441861,5.86253,0.1127395833333333,0.0,6.36948,0.418,5.597276344647559,,0.0,irrig_d0-3,summer,dry,hi,soil,True,,
2021-08-12,TzM,almond,2021,224,4.797574225,247.7679321153846,-21.98721288461538,49.6396148340278,327.6133278716169,33.57244230769233,42.048,21.34900000000005,3.165326826923077,6.6326,0.1130624999999999,0.0,6.36948,0.404,6.984859104884764,,0.0,irrig_d0-3,summer,dry,xhi,compound,True,,
2021-08-13,TzM,almond,2021,225,4.806103625,245.995093877551,-32.59708424,54.20454797177773,321.6230897552064,35.37492000000002,43.49900000000002,20.916,3.0593442,7.62428,0.1128958333333333,0.0,0.0,0.39,5.311158529845787,,1.0,irrig_d0-3,summer,dry,xhi,compound,True,,
2021-08-14,TzM,almond,2021,226,5.43138765,290.902556,-54.9106472,48.1670362138889,333.4111516697114,36.09890000000002,43.25900000000001,20.54700000000003,3.97911268,7.67626,0.1128229166666666,0.0,18.59052,0.4,5.73661463803684,,0.0,irrig_d0-3,summer,dry,xhi,compound,True,,
2021-08-15,TzM,almond,2021,227,5.971664045,313.9921480392157,-81.02415647058824,46.01208695390524,313.4741823307328,34.87729411764708,41.07300000000004,20.31700000000001,3.749713529411765,6.881399999999999,0.11203125,0.0,0.0,0.41,5.103022338306539,,1.0,irrig_d0-3,summer,dry,xhi,compound,True,,
2021-08-16,TzM,almond,2021,228,5.93917659,305.7749776923077,-41.35525938461539,44.8320241262874,328.389614358787,33.45790384615387,39.74299999999999,17.71000000000004,3.233757634615385,6.59564,0.1105312500000001,0.0,6.36948,0.42,6.314965185702467,,0.0,irrig_d0-3,summer,dry,xhi,compound,True,,
2021-08-17,TzM,almond,2021,229,2.741480375,157.0905479166667,57.7820898125,35.83689374112021,337.0284426988187,28.90429166666669,39.65500000000003,20.10700000000003,1.496219333333333,5.274859999999999,0.10925,0.0,0.0,0.415,5.98419966911827,,1.0,irrig_d0-3,summer,dry,mid,soil,True,,
2021-08-18,TzM,almond,2021,230,3.0540589,168.5679053061224,54.5623552,31.70366452789353,327.3707682807138,27.67534000000002,34.37900000000002,20.029,1.398672489795918,3.53744,0.1092083333333334,1.27,0.0,0.41,4.842395861236581,,2.0,irrig_d0-3,summer,dry,mid,soil,True,,
2021-08-19,TzM,almond,2021,231,3.2212467275,172.3472704,48.0924728,35.25749021913889,353.1048243770552,28.42564000000002,35.59800000000001,18.67200000000003,1.5159065131666671,4.18358,0.1094687500000001,0.0,8.70948,0.4166666666666666,5.280662090304334,,0.0,irrig_d0-3,summer,dry,mid,soil,True,,
2021-08-20,TzM,almond,2021,232,3.4399188975,182.0610790196078,39.69943980392157,40.4261427890414,337.5448836209676,30.0078823529412,38.83800000000002,17.69,2.1487577795918367,5.26857,0.1103229166666667,0.0,0.0,0.4233333333333333,5.839163598134849,,1.0,irrig_d0-3,summer,dry,hi,soil,True,,
2021-08-21,TzM,almond,2021,233,4.03852675,213.0206835294118,15.46781670588235,40.01281246138343,340.8389894832613,30.73333333333336,40.32100000000003,18.363,2.041531264705882,6.22896,0.1106770833333334,0.0,11.04948,0.43,5.821295509594649,,0.0,irrig_d0-3,summer,dry,hi,soil,True,,
2021-08-22,TzM,almond,2021,234,3.3439025,177.0406137254902,-50.54719039215686,20.22468711129629,159.7637621698296,28.55933333333335,37.10400000000004,19.31,1.747143078431372,4.79411,0.1100729166666668,0.0,0.0,0.415,4.508330853498213,,1.0,irrig_d0-3,summer,dry,hi,soil,True,,
2021-08-23,TzM,almond,2021,235,3.3907791725,179.3246666666667,37.62835809803921,38.34590132903051,330.1843633003073,28.83792156862748,35.81800000000004,18.45700000000005,1.7835118235294118,4.54967,0.1096458333333334,0.0,0.0,0.4,5.991879492303484,,2.0,irrig_d0-3,summer,dry,hi,soil,True,,
2021-08-24,TzM,almond,2021,236,2.1434558575,134.3704404651163,50.23517767441861,30.48401053306847,307.9278816137173,26.27439534883723,32.53400000000005,17.959,1.2799084,3.21824,0.1084895833333333,1.778,0.0,0.4033333333333333,4.219807254081762,,3.0,irrig_d0-3,summer,dry,mid,soil,True,,
2021-08-25,TzM,almond,2021,237,3.18137055,168.8680825490196,73.9285229607843,30.8071329298475,349.5804875525658,26.27200000000002,34.161,16.92200000000003,1.234788379166667,3.35757,0.1082604166666666,1.778,0.0,0.4066666666666667,4.857262006051669,,4.0,irrig_d4-7,summer,dry,mid,soil,True,,
2021-08-26,TzM,almond,2021,238,3.3971434775,199.2346017391304,51.68718484782609,39.43008658689615,350.7541765738432,29.38780434782611,36.87700000000001,18.15100000000001,1.679279878409091,4.37849,0.1122083333333334,0.0,11.31,0.41,5.459489136147777,,0.0,irrig_d0-3,summer,dry,mid,soil,True,,
2021-08-27,TzM,almond,2021,239,4.37761583625,240.8636519795919,13.84105339326531,43.9622753586168,345.040689612491,29.99020408163268,37.35900000000004,16.11600000000004,1.90733855,4.94155,0.1143229166666667,0.0,0.12948,0.415,5.353206222386003,,1.0,irrig_d0-3,summer,dry,hi,soil,True,,
2021-08-28,TzM,almond,2021,240,4.05984615,223.8185489795918,46.56569224489796,39.4989412831066,355.1456936314899,29.02051020408165,34.78700000000003,19.11900000000003,2.243647346938776,4.54288,0.1137395833333333,0.0,0.0,0.42,5.404153137923084,,2.0,irrig_d0-3,summer,dry,hi,soil,True,,
2021-08-29,TzM,almond,2021,241,2.5610510175,138.4130730612245,87.68948,41.84617208849206,336.925280763237,27.67802040816329,35.63600000000002,15.98400000000004,1.556892482978723,4.11567,0.1121666666666667,3.3020000000000005,0.0,0.4033333333333333,5.263584691542365,,3.0,irrig_d0-3,summer,dry,mid,soil,True,,
2021-08-30,TzM,almond,2021,242,3.008339825,167.0214404,76.6957412,29.4686528815,352.4188353379612,27.54316000000003,36.42500000000001,16.79300000000001,1.477304014,4.45236,0.1107500000000001,0.0,0.0,0.3866666666666667,4.521998336802368,,4.0,irrig_d4-7,summer,dry,mid,soil,True,,
2021-08-31,TzM,almond,2021,243,1.8987118,111.7878586956522,81.9887595,26.95957644423912,295.9382822592175,25.45758695652176,30.964,19.34800000000001,1.012472630434783,2.48325,0.1116875,0.0,0.0,0.37,4.558761140524469,,5.0,irrig_d4-7,summer,dry,lo,soil,True,,
2021-09-01,TzM,almond,2021,244,1.735684,114.8533052380952,97.89862976190476,28.90321495095236,304.2946944777912,25.02178571428573,28.42700000000002,18.88600000000002,0.9041553533333332,1.7232,0.1628229166666666,43.943,0.0,0.415,5.187693751946671,,6.0,irrig_d4-7,fall,mid,lo,normal,True,,
2021-09-02,TzM,almond,2021,245,2.6385327,204.3873542857143,111.9978005714286,35.98061339521276,376.2972611649655,26.23145714285716,32.654,21.01100000000002,1.304965657142857,3.12271,0.3000416666666667,0.762,0.0,0.46,2.881592415977742,,7.0,irrig_d4-7,fall,wet,mid,normal,True,,
2021-09-03,TzM,almond,2021,246,3.6664388325,211.1022436808511,62.15584544680851,34.4952294515603,373.2083425399762,26.20197872340427,33.44800000000004,17.05900000000003,1.404244719148936,3.65666,0.2607083333333332,0.0,0.0,0.4433333333333334,3.541365119071732,,8.0,irrig_d8plus,fall,wet,mid,normal,True,,
2021-09-04,TzM,almond,2021,247,2.99895739,171.0689236170213,57.57434021276596,32.36214048038192,335.8176917245159,27.24272340425534,35.93400000000003,18.10200000000003,1.918617957446809,4.3632,0.23171875,0.0,0.0,0.4266666666666666,3.985659793254542,,9.0,irrig_d8plus,fall,wet,hi,normal,True,,
2021-09-05,TzM,almond,2021,248,3.160527275,173.7251285714286,47.96875122448979,35.50654925833334,363.2641493218405,28.18440816326533,36.44800000000004,17.49400000000003,1.6600768265306118,4.57458,0.2094791666666668,0.0,0.0,0.41,3.885229422457086,,10.0,irrig_d8plus,fall,wet,mid,normal,True,,
2021-09-06,TzM,almond,2021,249,2.655749625,149.7804895833333,-4.620532499999999,20.0331040107639,214.0779252298746,26.64633333333336,30.98000000000002,18.25,1.6619324999999998,3.13367,0.1877291666666666,0.0,0.0,0.408,3.904516259869232,,11.0,irrig_d8plus,fall,wet,mid,normal,True,,
2021-09-07,TzM,almond,2021,250,2.89742115,170.0988282608696,28.24427154347826,37.713936517814,304.6369707391464,28.71747826086959,34.34800000000001,18.75300000000004,1.969035413043478,4.164470000000001,0.1697916666666667,0.0,0.0,0.406,4.100300350997667,,12.0,irrig_d8plus,fall,wet,hi,normal,True,,
2021-09-08,TzM,almond,2021,251,2.5900585,153.8508388888889,96.76743888888888,31.23304171358022,351.7134567368977,25.48251111111114,30.529,16.428,1.316718422222222,2.92836,0.1585520833333334,0.0,0.0,0.404,3.852094864463288,,13.0,irrig_d8plus,fall,mid,mid,normal,True,,
2021-09-09,TzM,almond,2021,252,2.251265825,129.9368270212766,87.7740214893617,29.86792326932624,317.956723715203,24.11604255319151,29.22200000000004,15.07900000000001,1.046946127659574,2.67342,0.1508333333333333,0.0,0.0,0.402,4.231377353357036,,14.0,irrig_d8plus,fall,low,lo,normal,True,,
2021-09-10,TzM,almond,2021,253,2.195753875,134.6824197777778,93.36156088888887,34.67734303555552,338.522639629765,25.02855555555558,32.44200000000001,15.50900000000001,1.281921355555555,3.22644,0.1462187499999999,0.0,0.0,0.4,4.304663010947132,,15.0,irrig_d8plus,fall,low,mid,normal,True,,
2021-09-11,TzM,almond,2021,254,1.9828394,116.4825189130435,79.21718695652174,34.40208160229469,317.4583459357278,26.66778260869567,34.99800000000005,14.69200000000001,1.591031869565217,4.29378,0.1422812499999999,0.0,0.0,0.39,4.395844655877829,,16.0,irrig_d8plus,fall,low,mid,normal,True,,
2021-09-12,TzM,almond,2021,255,2.114847325,124.088977826087,81.76595130434782,36.40942945000002,333.1325423742276,28.41254347826089,37.12700000000001,16.25800000000004,1.99903302173913,4.5438,0.1397395833333332,0.0,0.0,0.38,4.45488013854568,,17.0,irrig_d8plus,fall,low,hi,normal,True,,
2021-09-13,TzM,almond,2021,256,1.38039455,85.74199136363636,20.6104212,15.71348763826693,156.8280871709743,24.1751739130435,29.791,17.47500000000002,1.2539826590909091,2.59393,0.1356354166666666,0.254,0.0,0.4,2.496119139506218,,18.0,irrig_d8plus,fall,dry,mid,soil,True,,
2021-09-14,TzM,almond,2021,257,1.391942075,90.8897924390244,38.74142543181818,4.790369673642677,170.7072321719202,20.61997727272729,22.42900000000003,17.91500000000002,0.420533212195122,0.7595,0.1325520833333334,1.27,0.0,0.42,3.312501458958172,,19.0,irrig_d8plus,fall,dry,lo,soil,True,,
2021-09-15,TzM,almond,2021,258,1.85630433815,110.86939308,91.52331826086956,27.77709571692633,304.1490340900065,22.86519565217393,27.94600000000003,13.87,0.9929765897435898,2.26581,0.1316666666666668,3.81,0.0,0.44,3.76319153477906,,20.0,irrig_d8plus,fall,dry,lo,soil,True,,
2021-09-16,TzM,almond,2021,259,1.6511459675,111.58278825,68.51148982222222,19.45863070356792,272.385423537531,22.24902222222225,26.76800000000003,13.44200000000001,0.8106054725,1.98916,0.1314479166666666,1.778,0.0,,2.377115200584515,,21.0,irrig_d8plus,fall,dry,lo,soil,False,,
2021-09-17,TzM,almond,2021,260,2.3342670025,136.3492106382979,105.0429176382979,32.68430714332151,341.7694010059158,24.2268936170213,29.55600000000004,14.28100000000001,1.310089860465116,2.6941,0.1323645833333333,0.254,0.0,,3.456822112780458,,22.0,irrig_d8plus,fall,dry,mid,soil,False,,
2021-09-18,TzM,almond,2021,261,2.411869375,148.447706,71.8176132,30.93004962648149,322.0204038322576,24.8369777777778,29.27100000000002,13.68200000000002,1.333607523255814,2.55394,0.1341041666666666,0.0,10.92,,4.184348244606862,,0.0,irrig_d0-3,fall,dry,mid,soil,False,,
2021-09-19,TzM,almond,2021,262,2.0450022525,121.0916069565217,102.0743899130435,30.34337603599033,343.119036552239,23.56041304347828,31.51600000000002,11.49400000000003,1.260761071111111,3.49112,0.1344479166666666,0.0,0.0,,4.260224991627547,,1.0,irrig_d0-3,fall,dry,mid,soil,False,,
2021-09-20,TzM,almond,2021,263,1.908855775,119.5530754318182,95.04323386363636,33.04588000978536,310.4157511874315,23.82890909090911,29.52100000000002,15.346,1.241841431818182,2.8217,0.1393020833333333,0.0,0.0,,4.383853248537156,,2.0,irrig_d0-3,fall,low,mid,normal,False,,
2021-09-21,TzM,almond,2021,264,2.351430225,139.5999,109.767185,8.60971760501208,352.3770737557783,17.86400000000002,22.34700000000004,9.307000000000016,0.6012179282608696,1.37155,0.2766770833333333,14.478,0.0,,3.057743310076545,,3.0,irrig_d0-3,fall,wet,lo,normal,False,,
2021-09-22,TzM,almond,2021,265,1.9316079,119.6847434090909,117.9059209318182,22.87210937619949,354.5465671438536,19.62836363636366,24.42500000000001,12.673,0.7533278162790698,1.62337,0.2270416666666666,0.0,0.0,,3.451194707310894,,4.0,irrig_d4-7,fall,wet,lo,normal,False,,
2021-09-23,TzM,almond,2021,266,1.5773954975,91.47455276595744,118.7243216276596,19.42368282807328,314.2172123539518,20.34410638297875,23.65800000000002,15.02300000000002,0.4491018755555556,1.2631199999999998,0.1922604166666665,0.0,0.0,,3.792973046048843,,5.0,irrig_d4-7,fall,wet,lo,normal,False,,
2021-09-24,TzM,almond,2021,267,0.78834525,55.40653,55.2562941,21.96048555013889,180.6497414048228,21.05727500000002,24.22700000000003,16.678,0.494836025,0.939357,0.1887708333333331,8.128,0.0,,2.868221899342866,,6.0,irrig_d4-7,fall,wet,lo,normal,False,,
2021-09-25,TzM,almond,2021,268,1.99926445,124.7395833333333,54.61199093181818,24.19876863806817,248.5804886654267,21.89711363636366,25.80800000000005,16.113,0.6276320238095239,1.49879,0.2257916666666665,1.016,0.0,,2.293268782482047,,7.0,irrig_d4-7,fall,wet,lo,normal,False,,
2021-09-26,TzM,almond,2021,269,2.3243126975,143.6333756818182,84.7825609090909,28.32778969960228,350.4154321669379,21.35348837209304,27.63900000000001,10.822,1.020274887804878,2.39474,0.1934270833333331,0.0,0.0,,2.690196289111815,,8.0,irrig_d8plus,fall,wet,lo,normal,False,,
2021-09-27,TzM,almond,2021,270,1.978835675,130.552575,76.8230409090909,36.83052375871214,350.1717088218687,24.0354772727273,31.28500000000003,11.88200000000001,1.2846949318181822,3.2345,0.1683854166666667,0.0,0.0,,3.33152950690374,,9.0,irrig_d8plus,fall,wet,mid,normal,False,,
2021-09-28,TzM,almond,2021,271,1.96457105,118.3487711111111,71.917948,34.23362858851853,330.5330067957618,24.49815555555558,33.03300000000002,14.11900000000003,1.554410511111111,3.85554,0.1558229166666666,0.0,0.0,,3.520594734967128,,10.0,irrig_d8plus,fall,mid,mid,normal,False,,
2021-09-29,TzM,almond,2021,272,1.7505473175,110.3526139534884,100.4999920930233,34.89980688682171,323.1215088834321,24.27383720930235,32.786,10.35599999999999,1.553917348780488,3.5979,0.1492083333333332,0.0,0.0,,3.79904644634231,,11.0,irrig_d8plus,fall,low,mid,normal,False,,
2021-09-30,TzM,almond,2021,273,1.26306139,75.37358217391305,85.34829456521739,26.12282443339373,279.8692663976744,23.4045777777778,29.73400000000004,16.16700000000003,0.91965245,2.54489,0.1473124999999998,0.0,0.0,,3.746820457225396,,12.0,irrig_d8plus,fall,low,lo,normal,False,,
2021-10-01,TzM,almond,2021,274,1.598026635,98.61043722727273,72.09560227272728,25.68426787980428,233.7792108396718,23.27004545454548,28.84900000000005,15.99600000000004,1.065613453488372,2.77999,0.1443854166666667,0.0,0.0,,3.640004769467748,,13.0,irrig_d8plus,fall,low,lo,normal,False,,
2021-10-02,TzM,almond,2021,275,1.2442959275,77.70023795348837,101.756311627907,30.51037836143411,316.6146437705517,24.57134883720932,31.16500000000002,15.91500000000002,1.004900997674419,3.13367,0.14278125,0.0,0.0,,3.692585836523296,,14.0,irrig_d8plus,fall,low,lo,normal,False,,
2021-10-03,TzM,almond,2021,276,0.978216675,76.90273823529412,73.96669521428572,12.85151784888228,225.8868651547575,19.08861904761907,24.09100000000001,13.57500000000005,0.6513062647058823,1.58139,0.1389583333333333,0.0,0.0,,3.00439147570453,,15.0,irrig_d8plus,fall,low,lo,normal,False,,
2021-10-04,TzM,almond,2021,277,1.54955345,95.99746888888887,83.43179933333333,9.027990861179015,211.8263708764665,15.04402222222224,21.16200000000003,6.701999999999998,0.6114438088888888,1.55361,0.1332187499999999,0.0,0.0,,3.180411406581085,,16.0,irrig_d8plus,fall,dry,lo,soil,False,,
2021-10-05,TzM,almond,2021,278,1.2449341,77.15036590909091,127.7588156818182,31.94885034741162,335.5167201315309,19.22043181818184,25.37100000000004,7.826000000000022,0.8792536818181818,1.67716,0.1322916666666665,0.0,0.0,,3.079302272546783,,17.0,irrig_d8plus,fall,dry,lo,soil,False,,
2021-10-06,TzM,almond,2021,279,1.32602656,83.62809306976744,115.9195979069767,38.00406464023255,331.7249613989175,23.04697674418607,29.577,10.012,1.19791373902439,2.81929,0.1328229166666666,0.0,0.0,,3.727170068772806,,18.0,irrig_d8plus,fall,dry,mid,soil,False,,
2021-10-07,TzM,almond,2021,280,1.27344674,82.32109214285714,118.9971795238095,34.25919034523808,329.1325020616943,23.68326190476193,30.46600000000001,15.41700000000003,1.246748428571429,3.33258,0.1327395833333333,0.0,0.0,,3.452056522778689,,19.0,irrig_d8plus,fall,dry,mid,soil,False,,
2021-10-08,TzM,almond,2021,281,0.947925985,60.63368,127.7533046511628,25.70952043578811,305.9483835297517,21.19553488372095,27.77100000000002,14.33500000000004,0.9174206627906976,2.25253,0.1306562499999999,0.0,0.0,,3.825816777645907,,20.0,irrig_d8plus,fall,dry,lo,soil,False,,
2021-10-09,TzM,almond,2021,282,1.107258255,71.9329656904762,93.29519976190475,28.53977302453704,286.9576788889469,22.3779523809524,29.327,14.553,1.014274647619048,2.68515,0.1305104166666667,0.0,2.85948,,3.628185911171125,,0.0,irrig_d0-3,fall,dry,lo,soil,False,,
2021-10-10,TzM,almond,2021,283,0.93564785,60.70769261904762,78.17256,16.94598765304234,217.0980605720549,20.02388095238098,26.81300000000005,14.72700000000003,0.618045230952381,1.8746,0.1308437499999999,0.0,0.0,,3.291963934186791,,1.0,irrig_d0-3,fall,dry,lo,soil,False,,
2021-10-11,TzM,almond,2021,284,0.93288292,63.53687325,76.5444925,22.21856336847918,222.1310678936792,20.23417500000002,23.61700000000002,14.14800000000002,0.7927939625,1.59121,0.1290729166666666,0.0,0.0,,3.281546748829681,,2.0,irrig_d0-3,fall,dry,lo,soil,False,,
2021-10-12,TzM,almond,2021,285,0.9169715815,63.37960185365854,116.8285954878049,22.62975526172087,284.4237386135791,20.53590243902442,27.142,12.024,0.7591289756097561,2.22825,0.1273854166666667,0.0,0.0,,3.878576565091153,,3.0,irrig_d0-3,fall,dry,lo,soil,False,,
2021-10-13,TzM,almond,2021,286,1.0068994725,66.77318321951219,108.4797894390244,32.78144936470867,318.462611868077,21.05656097560978,29.029,7.136000000000024,1.174265073170732,2.59914,0.1249374999999999,0.0,0.0,,3.405514995410924,,4.0,irrig_d4-7,fall,dry,mid,soil,False,,
2021-10-14,TzM,almond,2021,287,0.8857542125,58.95505095,109.00635025,27.92002621791665,301.9294134362441,20.40760000000002,28.541,11.83600000000001,0.83959709775,2.7322800000000003,0.1245312499999999,0.0,0.0,,3.276113704062324,,5.0,irrig_d4-7,fall,dry,lo,soil,False,,
2021-10-15,TzM,almond,2021,288,1.012292725,80.93953611111111,97.216107825,28.65356413367208,302.2339211705892,20.48042500000003,26.80700000000002,11.19300000000004,0.8889435277777779,2.41331,0.1230416666666667,0.0,0.0,,3.065029694382944,,6.0,irrig_d4-7,fall,dry,lo,soil,False,,
2021-10-16,TzM,almond,2021,289,0.9509688625,64.70855825,57.7943106,28.92617916111113,208.3558147789551,19.70855000000003,24.49800000000005,6.796000000000049,0.9127652125,1.91293,0.1220312499999999,0.0,10.79052,,2.860147750645961,,0.0,irrig_d0-3,fall,dry,lo,soil,False,,
2021-10-17,TzM,almond,2021,290,1.1417777,68.97473325,67.554429575,22.52666257361113,246.9124397972232,21.10747500000002,26.55400000000003,14.28800000000001,1.01191554,2.24827,0.1258333333333332,0.0,0.0,,2.816329280679505,,1.0,irrig_d0-3,fall,dry,lo,soil,False,,
2021-10-18,TzM,almond,2021,291,0.74043812,51.52055871794872,79.73763915384615,20.94357544337608,230.1759273207611,20.38174358974361,27.20000000000005,12.74900000000002,0.7340081512820512,2.27446,0.1267708333333332,0.0,0.0,,3.001519503399682,,2.0,irrig_d0-3,fall,dry,lo,soil,False,,
2021-10-19,TzM,almond,2021,292,0.923550725,63.46890097560976,94.8073712195122,23.86023293944442,298.4906129998129,21.03748780487807,25.18100000000004,14.92400000000004,0.7361067317073171,1.83894,0.1273229166666667,0.0,0.0,,3.170505336488773,,3.0,irrig_d0-3,fall,dry,lo,soil,False,,
2021-10-20,TzM,almond,2021,293,1.07931785,71.20294345238095,96.76139785714284,31.68713379113756,308.3539233954452,21.24257142857145,26.649,9.387,0.9421999476190476,1.96261,0.1258854166666666,0.0,0.0,,3.325475096143297,,4.0,irrig_d4-7,fall,dry,lo,soil,False,,
2021-10-21,TzM,almond,2021,294,1.0746985425,69.60209155714286,89.09588047619047,26.74155605198413,251.1709710144927,20.23302380952383,23.351,10.06700000000001,0.8419719809523809,1.6789,0.1250833333333334,0.0,0.0,,3.336215675210578,,5.0,irrig_d4-7,fall,dry,lo,soil,False,,
2021-10-22,TzM,almond,2021,295,0.415829575,44.55017307692308,37.35489174358975,-4.107389850935675,132.5669782093439,14.4257948717949,18.065,11.23700000000002,0.3593090384615385,0.85354,0.1952916666666665,0.0,0.0,,1.692975811242462,,6.0,irrig_d4-7,fall,wet,lo,normal,False,,
2021-10-23,TzM,almond,2021,296,1.289491075,88.471085,99.4171065,16.19508144672223,302.483695250274,16.76490000000003,22.70100000000002,7.221000000000004,0.61787316925,1.56392,0.2526979166666665,0.0,0.0,,2.290744548312523,,7.0,irrig_d4-7,fall,wet,lo,normal,False,,
2021-10-24,TzM,almond,2021,297,1.023220275,78.64135705882353,87.73825376923077,15.08465188391737,246.3390857199067,14.46207692307695,22.79000000000002,6.358000000000004,0.7692335875,1.83241,0.2253333333333332,0.0,0.0,,2.512105452681234,,8.0,irrig_d8plus,fall,wet,lo,normal,False,,
2021-10-25,TzM,almond,2021,298,1.00452939,72.16927736842105,83.48824828947369,27.49258976228071,276.225992538892,17.13723684210529,21.82300000000004,2.637,0.8419153351351352,1.62281,0.202125,0.0,0.0,,2.398101830344494,,9.0,irrig_d8plus,fall,wet,lo,normal,False,,
2021-10-26,TzM,almond,2021,299,0.392434495,54.037865,86.516191,33.00746936255557,301.3129441176471,15.20930000000003,18.84700000000004,9.894000000000004,0.3829438222222223,0.7688780000000001,0.1862708333333332,0.0,0.0,,1.410196931770554,,10.0,irrig_d8plus,fall,wet,lo,normal,False,,
2022-05-01,TzM,almond,2022,121,2.7833438,158.917244,99.44805668,66.65112822222217,368.7433908,20.15736000000002,25.79000000000002,10.21200000000005,0.9205515363636364,1.82393,0.286375,0.254,0.0,,5.300963044443761,,11.0,irrig_d8plus,spring,wet,lo,normal,False,,
2022-05-02,TzM,almond,2022,122,2.10977387,151.2433873684211,143.079951,55.42488364285709,427.745265,19.67965000000003,24.572,9.92100000000005,1.00005966,1.91292,0.2903555555555556,8.382,0.0,,5.796300258018262,,12.0,irrig_d8plus,spring,wet,lo,normal,False,,
2022-05-03,TzM,almond,2022,123,2.0250444,114.7618116666667,93.10637416666668,23.45023332372689,265.7950695833333,14.07112500000003,16.85200000000003,10.68000000000001,0.3084080909090909,0.634752,0.3379374999999999,0.0,0.0,,6.016312007045553,,13.0,irrig_d8plus,spring,wet,lo,normal,False,,
2022-05-04,TzM,almond,2022,124,1.3622395,129.1160142857143,22.34459761904762,20.69086761164019,189.6860714285714,13.29709523809526,16.34900000000005,9.210000000000036,0.4121166357142857,0.694732,0.351375,6.858,0.0,,3.303833383839547,,14.0,irrig_d8plus,spring,wet,lo,normal,False,,
2022-05-05,TzM,almond,2022,125,3.952429935,207.3140219230769,109.1105853846154,71.82980369135804,403.6430384615385,18.92973076923079,24.291,7.496000000000038,1.09399452,1.95585,0.3401458333333333,0.0,0.0,,7.583055710996181,,15.0,irrig_d8plus,spring,wet,mid,normal,False,,
2022-05-06,TzM,almond,2022,126,2.9472321075,167.3172388333333,110.5663683333333,69.89503262499994,400.65585125,19.47100000000002,27.00100000000003,5.997000000000014,1.409734652173913,2.65344,0.3136666666666667,0.0,0.0,,5.829610535636503,,16.0,irrig_d8plus,spring,wet,mid,normal,False,,
2022-05-07,TzM,almond,2022,127,2.755999,152.98176032,129.2848388,62.91609174122805,393.2879412,20.75864000000002,30.108,6.661000000000001,1.561965208333333,3.21024,0.2913125,0.0,0.0,,6.247627498299432,,17.0,irrig_d8plus,spring,wet,mid,normal,False,,
2022-05-08,TzM,almond,2022,128,2.81138671,166.0485619565218,122.6826216956522,72.20321980555556,384.4100713043478,22.43265217391307,29.41700000000003,8.111000000000047,1.790687886956522,3.34489,0.2713958333333333,0.0,0.0,,6.002669231390975,,18.0,irrig_d8plus,spring,wet,hi,normal,False,,
2022-05-09,TzM,almond,2022,129,2.5271514,137.2522496,113.4866868,58.25582048143268,375.666508,22.96708000000002,31.08700000000005,9.256000000000029,1.846973832,3.39317,0.2517291666666666,0.0,0.0,,6.511402700040248,,19.0,irrig_d8plus,spring,wet,hi,normal,False,,
2022-05-10,TzM,almond,2022,130,2.57765275,162.2215904347826,134.0113139130435,61.78779420915029,421.9105639130435,23.67295652173916,31.875,9.566000000000033,2.032527826086957,3.6643,0.2346458333333333,0.0,0.0,,6.282351986551599,,20.0,irrig_d8plus,spring,wet,hi,normal,False,,
2022-05-11,TzM,almond,2022,131,2.51453101,142.01585125,106.8783983333333,71.21425202256947,373.709625,24.4362916666667,30.93800000000005,10.03700000000003,2.0738125375,3.38157,0.2219583333333333,0.0,0.0,,5.834945766720934,,21.0,irrig_d8plus,spring,wet,hi,normal,False,,
2022-05-12,TzM,almond,2022,132,2.764268985,150.2525204,108.1432596,65.19116930564248,385.8003068,22.10772000000003,28.95300000000003,9.09200000000004,1.676826628,3.02234,0.2120833333333334,0.0,0.0,,8.403515192862743,,22.0,irrig_d8plus,spring,wet,mid,normal,False,,
2022-05-13,TzM,almond,2022,133,3.31889405,172.7251492307692,88.50835461538462,77.82714406388878,398.778155,26.17946153846156,35.87600000000003,9.314999999999998,2.398190342307692,4.70803,0.2060208333333333,0.0,0.0,,7.764189304572504,,23.0,irrig_d8plus,spring,wet,hi,normal,False,,
2022-05-14,TzM,almond,2022,134,2.94935135,159.9437252,98.233138,66.91321998458336,382.1281292,24.80788000000002,31.71500000000003,13.82300000000004,1.9725094,3.31862,0.2010416666666666,0.0,0.0,,6.847313541136969,,24.0,irrig_d8plus,spring,wet,hi,normal,False,,
2022-05-15,TzM,almond,2022,135,3.302819445,186.4106820833333,77.385425125,43.92995557539685,372.3794316666667,25.04087500000002,30.87200000000001,11.88300000000004,2.015167041666667,3.10518,0.1960833333333333,0.0,0.0,0.53,8.160557657428807,,25.0,irrig_d8plus,spring,wet,hi,normal,True,,
2022-05-16,TzM,almond,2022,136,3.126277155,176.463964125,104.3498439166667,95.0313086797386,398.1138916666667,25.37737500000003,34.62800000000004,12.09900000000005,2.033381608333333,4.200939999999999,0.1910833333333333,0.0,0.0,0.54,7.863018160799822,,26.0,irrig_d8plus,spring,wet,hi,normal,True,,
2022-05-17,TzM,almond,2022,137,3.8096353645,198.3231913846154,90.34358923076924,81.63915453888893,405.7723088461539,25.94811538461541,32.80800000000005,11.05500000000001,2.169836696153846,3.7914,0.1869791666666667,0.0,0.0,0.55,8.202715033855858,,27.0,irrig_d8plus,spring,wet,hi,normal,True,,
2022-05-18,TzM,almond,2022,138,3.12253515,162.0507584615385,83.25112769230769,78.89845790058477,376.9730307692308,28.07030769230772,35.14100000000002,12.38100000000003,2.605024884615385,4.37488,0.1844166666666666,0.0,0.0,0.56,6.555145151634296,,28.0,irrig_d8plus,spring,wet,xhi,atm,True,,
2022-05-19,TzM,almond,2022,139,3.3339883,204.8030622272727,88.36086954545455,70.19619862205236,406.7615527272727,27.93863636363639,34.23000000000002,15.05200000000002,2.655483136363636,4.32095,0.1815208333333333,0.0,0.0,0.562,6.284058846988374,,29.0,irrig_d8plus,spring,wet,xhi,atm,True,,
2022-05-20,TzM,almond,2022,140,2.784567375,163.968002173913,90.91096217391303,53.77752246212117,356.8226116086956,24.69630434782611,31.03200000000004,14.26300000000003,1.624954066086957,2.95979,0.1776875,0.0,0.0,0.5640000000000001,8.380476430761313,,30.0,irrig_d8plus,spring,wet,mid,normal,True,,
2022-05-21,TzM,almond,2022,141,3.8454731,199.7301080769231,71.89732115384615,58.17693589810609,380.6487692307692,28.15853846153849,35.32400000000001,14.13500000000005,2.818587192307692,4.73749,0.1754583333333332,0.0,0.0,0.566,7.960456161074848,,31.0,irrig_d8plus,spring,wet,xhi,atm,True,,
2022-05-22,TzM,almond,2022,142,3.8615721,186.547375,34.09525142857143,22.35232438125002,292.0662225,26.94753571428573,32.81900000000002,17.93400000000003,2.287993678571429,3.43101,0.1732083333333333,0.0,0.0,0.568,9.529119179800473,,32.0,irrig_d8plus,spring,wet,hi,normal,True,,
2022-05-23,TzM,almond,2022,143,3.0536832,172.659919875,147.906902875,52.5139455002639,407.4843833333333,23.59629166666669,30.49700000000001,13.60900000000004,1.583537354166667,3.05462,0.1687916666666666,0.0,0.0,0.57,8.595468401448315,,33.0,irrig_d8plus,spring,wet,mid,normal,True,,
2022-05-24,TzM,almond,2022,144,2.851441075,161.31431,85.46813875,4.288762338492091,312.6728916666667,22.37329166666669,26.93200000000002,11.71500000000003,1.64153475,2.66677,0.1655624999999999,0.0,0.0,0.58,7.633536808636129,,34.0,irrig_d8plus,spring,wet,mid,normal,True,,
2022-05-25,TzM,almond,2022,145,2.190691967,116.1015907037037,133.1860444444444,8.988446761980656,349.2370111111111,18.70522222222225,27.44300000000004,6.40300000000002,1.301326351851852,2.70502,0.1609166666666666,0.0,0.0,0.59,8.731647339432708,,35.0,irrig_d8plus,spring,mid,mid,normal,True,,
2022-05-26,TzM,almond,2022,146,2.359872285,128.311142,153.76710444,62.6688161128655,392.004056,22.61696000000002,31.72900000000004,7.497000000000014,1.89752704,3.62695,0.1586041666666666,0.0,0.0,0.5833333333333333,7.236111120041032,,36.0,irrig_d8plus,spring,mid,hi,normal,True,,
2022-05-27,TzM,almond,2022,147,3.2904809385,158.9518727142857,120.4358639285714,59.00772761111113,402.5647714285714,27.26810714285716,34.96600000000001,10.65500000000003,2.6745187500000003,4.532439999999999,0.1585,0.0,0.0,0.5766666666666667,8.090643575734944,,37.0,irrig_d8plus,spring,mid,xhi,atm,True,,
2022-05-28,TzM,almond,2022,148,3.6746398,198.4417164,110.4878852,52.97011482163747,405.28878,28.98636000000002,35.64000000000004,13.18200000000002,3.09010116,4.88509,0.1585833333333333,0.0,0.0,0.57,6.715333588420688,,38.0,irrig_d8plus,spring,mid,xhi,atm,True,,
2022-05-29,TzM,almond,2022,149,3.47664105,204.5200491304348,108.3964404347826,73.8214522897396,395.7881913043478,26.88434782608698,32.959,13.67100000000005,2.642362608695652,4.20538,0.1570416666666666,0.0,0.0,0.5671428571428571,6.860589966939321,,39.0,irrig_d8plus,spring,mid,xhi,atm,True,,
2022-05-30,TzM,almond,2022,150,2.3016283,130.1275054166667,145.3114170833333,34.78051363622685,357.846525,22.34512500000002,28.291,14.303,1.4150195,2.60692,0.1539166666666666,0.0,0.0,0.5642857142857143,8.895246602521336,,40.0,irrig_d8plus,spring,mid,mid,normal,True,,
2022-05-31,TzM,almond,2022,151,3.4355896,171.7172596296296,119.4646914814815,49.6099154029101,411.1703444444444,26.99744444444447,35.64100000000002,10.77500000000003,2.639901259259259,4.87329,0.1532708333333333,0.0,0.0,0.5614285714285714,7.379542047638922,,41.0,irrig_d8plus,spring,low,xhi,atm,True,,
2022-06-01,TzM,almond,2022,152,2.95758883,159.95558146,125.741442,39.69123762169318,388.894728,27.03080000000001,32.97000000000003,13.55000000000001,2.455690583333334,3.80372,0.1530208333333332,0.0,0.0,0.5585714285714286,7.279094855682879,,42.0,irrig_d8plus,summer,low,xhi,atm,True,,
2022-06-02,TzM,almond,2022,153,2.601563645,146.80291,109.164313875,36.15212336243389,390.8243875,26.02870833333335,31.18300000000005,15.02100000000002,2.127463125,3.39837,0.1522708333333333,0.0,0.0,0.5557142857142857,7.274220730978731,,43.0,irrig_d8plus,summer,low,hi,normal,True,,
2022-06-03,TzM,almond,2022,154,2.40387925,141.5069708333333,145.2986958333333,58.48355050396827,416.6983070833333,27.08879166666669,34.38400000000001,16.19900000000001,2.407237208333333,4.12279,0.1508124999999999,0.0,0.0,0.5528571428571429,6.694814791767968,,44.0,irrig_d8plus,summer,low,hi,normal,True,,
2022-06-04,TzM,almond,2022,155,3.36243002,182.139132,131.564952,42.56343230674607,417.814908,25.62844000000002,32.20400000000001,15.53500000000003,2.18800244,3.89015,0.1497499999999999,0.0,21.71052,0.55,7.633368154151809,,0.0,irrig_d0-3,summer,low,hi,normal,True,,
2022-06-05,TzM,almond,2022,156,4.0208481,201.7766144444444,97.98816185185186,33.91235936886572,397.7499025925926,24.81025925925928,34.01800000000003,11.98099999999999,2.16664351851852,4.28258,0.1525833333333333,0.0,0.0,0.5533333333333333,8.920868877512591,,1.0,irrig_d0-3,summer,low,hi,normal,True,,
2022-06-06,TzM,almond,2022,157,4.38627605,237.0128752,40.3973416,27.55768675264544,394.780728,28.17364000000003,33.80800000000005,13.20700000000005,2.8083174,4.17937,0.1551249999999999,0.0,0.0,0.5566666666666668,7.746498567540816,,2.0,irrig_d0-3,summer,mid,xhi,atm,True,,
2022-06-07,TzM,almond,2022,158,4.293344255,231.9288452,46.9430696,37.17667109469698,381.4171172,28.44408000000003,35.31400000000002,13.774,2.9345308,4.569319999999999,0.1545625,0.0,0.0,0.56,6.811536764012283,,3.0,irrig_d0-3,summer,mid,xhi,atm,True,,
2022-06-08,TzM,almond,2022,159,3.55681135,185.3185846153846,37.02921615384616,27.77133888888888,286.4396873076923,25.94715384615387,29.61700000000002,16.185,2.046702384615385,2.74408,0.1530624999999999,0.0,0.0,0.545,8.630729891752031,,4.0,irrig_d4-7,summer,low,hi,normal,True,,
2022-06-09,TzM,almond,2022,160,3.64704087,189.1886488461539,99.1416953846154,52.41906868822753,408.4551884615385,29.14207692307695,38.85400000000004,15.79300000000001,2.775553192307692,5.72023,0.1525833333333332,0.0,0.0,0.53,8.001962831943898,,5.0,irrig_d4-7,summer,low,xhi,atm,True,,
2022-06-10,TzM,almond,2022,161,2.76719625,186.758083423,109.6775285,62.2622613854167,462.55649,27.69610000000002,35.85900000000004,15.45400000000001,2.43153525,4.64271,0.1513548387096774,0.0,0.0,0.5233333333333333,5.987326154086228,,6.0,irrig_d4-7,summer,low,hi,normal,True,,
2022-06-13,TzM,almond,2022,164,0.32351965,108.51665,-52.720725,,26.838875,36.05875000000005,39.16400000000004,32.23600000000005,4.826592499999999,5.90667,0.1535384615384615,0.0,0.0,0.495,,,7.0,irrig_d4-7,summer,low,xhi,atm,True,,
2022-06-14,TzM,almond,2022,165,3.3137418,222.54658,8.6024725,46.64601936309526,363.2129,33.34425000000003,41.50600000000003,19.08700000000005,4.30049065,6.92646,0.1524999999999999,0.0,0.0,0.48,3.507187801303184,,8.0,irrig_d8plus,summer,low,xhi,atm,True,,
2022-06-15,TzM,almond,2022,166,3.491478855,180.4463684615385,15.98298846153846,39.64224371643522,301.5599924230769,33.3654230769231,39.69400000000002,20.41300000000001,3.821849,5.939010000000001,0.1518333333333333,0.0,0.0,0.4833333333333333,5.681835183677269,,9.0,irrig_d8plus,summer,low,xhi,atm,True,,
2022-06-16,TzM,almond,2022,167,2.49259286,156.7340613043478,51.59335,31.88597485317469,318.7034317391305,32.10926086956524,40.70500000000004,20.24299999999999,3.422038173913043,6.06615,0.1508749999999999,0.0,0.0,0.4866666666666666,4.700130305658819,,10.0,irrig_d8plus,summer,low,xhi,atm,True,,
2022-06-17,TzM,almond,2022,168,4.7547624,257.5779,29.56240038461538,42.87836405366162,396.6883446153846,33.92815384615387,40.24299999999999,19.92500000000001,4.025852269230769,6.1196,0.1502083333333333,0.0,11.7,0.49,6.63927952562153,,0.0,irrig_d0-3,summer,low,xhi,atm,True,,
2022-06-18,TzM,almond,2022,169,5.445738045,281.6626788461538,5.387797884615384,39.90399352777774,384.0070653846154,32.47411538461541,37.91300000000001,18.959,3.664513807692308,5.22542,0.1505833333333333,0.0,13.26,0.51,6.19800592016173,,0.0,irrig_d0-3,summer,low,xhi,atm,True,,
2022-06-19,TzM,almond,2022,170,5.1654814,290.4340825,90.9961625,27.75918290138894,425.62638875,28.48012500000002,33.31200000000001,15.928,2.66869817826087,3.85229,0.1508124999999999,0.0,0.0,0.53,6.728901225428722,,1.0,irrig_d0-3,summer,low,xhi,atm,True,,
2022-06-20,TzM,almond,2022,171,4.477049585,232.7419355769231,63.81067776923076,30.85035137152776,365.1783961538462,27.28961538461541,32.35000000000002,15.02600000000001,2.2490497307692308,3.50287,0.1496874999999999,0.0,0.0,0.5366666666666667,7.359020591479889,,2.0,irrig_d0-3,summer,low,hi,normal,True,,
2022-06-21,TzM,almond,2022,172,2.683015695,145.9050472,6.827229285714286,-5.845090351495756,165.2359157142857,22.13139285714288,26.36000000000001,14.26300000000003,1.02418648,2.00545,0.1466041666666666,0.762,0.0,0.5433333333333333,5.780752632889193,,3.0,irrig_d0-3,summer,low,lo,normal,True,,
2022-06-22,TzM,almond,2022,173,3.28134115,178.2709704,147.7987128,26.61705334642864,377.3305,22.36548000000003,29.05600000000004,11.125,1.1700444347826089,2.25737,0.1454583333333332,0.0,0.0,0.55,7.115927527786616,,4.0,irrig_d4-7,summer,low,mid,normal,True,,
2022-06-23,TzM,almond,2022,174,3.365720995,175.7097523076923,175.2125303846154,39.24986007804233,408.0975,23.74280769230771,29.11400000000003,13.20000000000005,1.352273347826087,2.38435,0.1451041666666665,0.0,0.0,0.535,7.964190601365376,,5.0,irrig_d4-7,summer,low,mid,normal,True,,
2022-06-24,TzM,almond,2022,175,3.0150038,170.1728195833333,175.2611108333333,41.98219271637436,426.12415,24.19112500000002,29.81300000000005,11.42500000000001,1.397373181818182,2.42736,0.1440833333333333,0.0,0.0,0.52,6.9607363921154,,6.0,irrig_d4-7,summer,low,mid,normal,True,,
2022-06-25,TzM,almond,2022,176,4.66638138,233.9023362962963,108.7742464074074,42.07204882971011,422.8709592592593,26.39559259259261,32.84700000000004,13.50100000000003,1.891629,3.22843,0.1446249999999999,0.0,10.53,0.5266666666666667,7.507539854448988,,0.0,irrig_d0-3,summer,low,hi,normal,True,,
2022-06-26,TzM,almond,2022,177,4.96616765,239.9681212857143,94.08959678571428,45.26473854516906,417.7489178571428,26.7791785714286,33.11799999999999,12.91000000000003,1.8380234111111111,3.18524,0.1462708333333333,0.0,0.0,0.5333333333333333,7.780368373231046,,1.0,irrig_d0-3,summer,low,hi,normal,True,,
2022-06-27,TzM,almond,2022,178,3.790680715,225.9790120833333,99.65382958333332,47.65443541137568,382.8301041666667,25.70145833333335,31.38,11.07600000000002,1.823064366666667,3.08477,0.1447872340425531,0.0,0.0,0.54,6.954542289193269,,2.0,irrig_d0-3,summer,low,hi,normal,True,,
2022-06-28,TzM,almond,2022,179,3.430337165,177.7999784615385,125.2362761538461,51.44658739583333,414.0748692307693,28.13738461538464,36.923,13.50400000000002,2.190962924,4.6372,0.1449583333333332,0.0,0.0,0.515,6.60093799378043,,3.0,irrig_d0-3,summer,low,hi,normal,True,,
2022-06-29,TzM,almond,2022,180,3.0814604,153.9645959259259,88.01614666666667,23.09815193923615,357.2257259259259,29.50314814814817,35.49200000000002,15.53000000000003,2.34581885,3.94078,0.1457708333333333,0.0,0.0,0.49,5.509714787242057,,4.0,irrig_d4-7,summer,low,hi,normal,True,,
2022-06-30,TzM,almond,2022,181,3.5880604,186.3424273076923,125.0148465384615,42.17260919444447,394.0659357692307,27.79826923076925,33.96900000000005,13.09800000000001,2.22792552,3.63386,0.1445416666666666,0.0,0.0,0.47,6.248203191630588,,5.0,irrig_d4-7,summer,low,hi,normal,True,,
2022-07-01,TzM,almond,2022,182,3.2591805515,169.5272797307692,144.5091538461539,41.55431020144447,393.7729230769231,26.79650000000002,32.536,16.66400000000004,1.208857818181818,2.35865,0.1452083333333333,0.0,11.7,0.45,8.186611706275848,,0.0,irrig_d0-3,summer,low,mid,normal,True,,
2022-07-02,TzM,almond,2022,183,3.81409328,190.8143560740741,112.1405611111111,44.08942875633333,464.2481904761905,27.08629629629632,35.178,15.87800000000004,1.3976345272727269,3.02063,0.148125,0.0,0.12948,0.43,7.687136507615359,,1.0,irrig_d0-3,summer,low,mid,normal,True,,
2022-07-03,TzM,almond,2022,184,3.9918942,256.3459771904762,14.18318928571428,37.60764430815971,302.6781571428572,28.63495238095241,36.65700000000004,17.83300000000003,1.673552961111111,3.35077,0.1470624999999999,0.254,0.0,0.455,3.388873135502049,,2.0,irrig_d0-3,summer,low,mid,normal,True,,
2022-07-04,TzM,almond,2022,185,4.23158242,211.1952468148148,70.15189074074074,42.55013834953703,399.6079037037037,31.06659259259261,38.88900000000001,16.108,3.221331807692308,5.4507200000000005,0.148,0.0,0.0,0.48,6.108909655163865,,3.0,irrig_d0-3,summer,low,xhi,atm,True,,
2022-07-05,TzM,almond,2022,186,4.61425055,210.606258,45.71052846153846,33.47450949236112,367.0241319230769,28.75488461538465,35.65700000000004,19.69500000000005,1.871844192307692,4.00743,0.1490833333333333,0.508,11.7,0.5,6.342809713025579,,0.0,irrig_d0-3,summer,low,hi,normal,True,,
2022-07-06,TzM,almond,2022,187,3.1950495,170.54515276,123.5999664,56.76482199199734,368.956072,26.87272000000002,32.10500000000002,18.95500000000004,1.248310661904762,2.40254,0.1497916666666666,0.762,0.12948,0.52,5.642022732883501,,1.0,irrig_d0-3,summer,low,mid,normal,True,,
2022-07-07,TzM,almond,2022,188,3.57062506,202.514964,93.311888,39.20720391666669,398.970216,28.69176000000002,36.84000000000003,17.72500000000002,2.167746264,4.50545,0.1501249999999999,0.0,11.82948,0.54,7.078205568432891,,0.0,irrig_d0-3,summer,low,hi,normal,True,,
2022-07-08,TzM,almond,2022,189,3.91820065,220.0374333333333,49.97939583333334,34.18262183095239,418.3172333333333,30.67787500000002,39.85599999999999,16.26100000000002,2.877437092083333,5.74526,0.15175,0.0,0.12948,0.525,6.290213687195296,,1.0,irrig_d0-3,summer,low,xhi,atm,True,,
2022-07-09,TzM,almond,2022,190,4.31622005,232.5948444,50.62005688,43.97578160441913,399.4296988,31.53288000000002,40.839,18.42500000000001,3.22015676,6.22545,0.1513541666666666,0.0,0.0,0.51,6.84237563032785,,2.0,irrig_d0-3,summer,low,xhi,atm,True,,
2022-07-10,TzM,almond,2022,191,3.57206295,208.9765639130435,61.04739347826087,50.52215360493824,401.5646465217391,31.60447826086959,40.11400000000003,18.12200000000001,3.175792869565217,5.87176,0.1507291666666666,0.0,0.0,0.5033333333333333,5.43096853084579,,3.0,irrig_d0-3,summer,low,xhi,atm,True,,
2022-07-11,TzM,almond,2022,192,3.40164175,176.0838176923077,90.33656038461538,41.82063222486774,379.7775884615385,32.19323076923079,38.40200000000004,18.09500000000003,3.485342807692308,5.35598,0.1495833333333332,0.0,0.0,0.4966666666666666,5.47708127357742,,4.0,irrig_d4-7,summer,low,xhi,atm,True,,
2022-07-12,TzM,almond,2022,193,4.61565558,230.026087037037,39.10236407407407,36.1638056014493,385.1892974074074,31.97396296296299,39.38800000000003,17.76300000000003,3.402944481481481,5.68279,0.1491874999999999,0.0,11.57052,0.49,7.063524178729804,,0.0,irrig_d0-3,summer,low,xhi,atm,True,,
2022-07-13,TzM,almond,2022,194,4.8507779,250.5813538461539,20.77250192307692,46.57206768750007,383.0798155,33.81469230769233,41.19,18.99299999999999,4.026616769230769,6.42166,0.1498749999999999,0.0,0.0,0.47,6.143425105963904,,1.0,irrig_d0-3,summer,low,xhi,atm,True,,
2022-07-14,TzM,almond,2022,195,4.38719495,226.3642769230769,25.39566538461538,48.14689467222215,350.0156526923077,34.28565384615387,43.10900000000004,18.99400000000003,4.228056923076923,7.31034,0.1489166666666666,0.0,0.0,0.45,6.05048766310804,,2.0,irrig_d0-3,summer,low,xhi,atm,True,,
2022-07-15,TzM,almond,2022,196,3.44821725,185.4418676,85.39921712,52.33482940277774,400.265544,32.53076000000003,39.54200000000003,19.25200000000001,3.55695364,5.761850000000001,0.1478297872340425,0.0,0.0,0.4633333333333333,5.587974290825944,,3.0,irrig_d0-3,summer,low,xhi,atm,True,,
2022-07-16,TzM,almond,2022,197,4.4360909,229.1916996153846,37.37458311538462,45.02007400264549,391.6879730769231,33.22953846153848,41.017,17.60400000000004,3.862919,6.3179300000000005,0.1472499999999999,0.0,18.20052,0.4766666666666667,6.050604830099432,,0.0,irrig_d0-3,summer,low,xhi,atm,True,,
2022-07-17,TzM,almond,2022,198,4.9917562,258.0610642307692,15.21109153846154,49.43596143749999,381.6927680769231,32.96838461538464,39.64100000000002,18.137,3.662767038461539,5.85941,0.1485106382978723,0.0,0.0,0.49,6.412174264630355,,1.0,irrig_d0-3,summer,low,xhi,atm,True,,
2022-07-18,TzM,almond,2022,199,4.21746675,226.8793672,43.4287884,39.69656934210533,383.9008104,32.64704000000002,40.28300000000002,18.53400000000005,3.72556492,6.15161,0.1478333333333333,0.0,0.0,0.475,5.559601687291869,,2.0,irrig_d0-3,summer,low,xhi,atm,True,,
2022-07-19,TzM,almond,2022,200,4.840999425,260.448562,27.0992064,45.66160975138891,409.695988,32.61992000000003,40.16200000000003,19.61100000000005,3.19147172,5.53693,0.1483958333333333,0.0,10.65948,0.46,6.828175853781766,,0.0,irrig_d0-3,summer,low,xhi,atm,True,,
2022-07-20,TzM,almond,2022,201,3.61990015,211.8719247826087,39.22617347826087,47.22627429444433,342.0502926086957,31.05400000000002,39.03900000000004,17.42700000000002,2.679889965217391,5.18558,0.1489375,0.0,0.12948,0.4633333333333333,5.797094885929749,,1.0,irrig_d0-3,summer,low,xhi,atm,True,,
2022-07-21,TzM,almond,2022,202,2.64716585,133.3016483846154,71.46867,41.01303525757576,260.2172334615385,31.63676923076925,38.50100000000003,18.91800000000001,3.1748619166666674,5.09549,0.1478723404255319,0.0,0.0,0.4666666666666667,4.381570612095067,,2.0,irrig_d0-3,summer,low,xhi,atm,True,,
2022-07-22,TzM,almond,2022,203,3.23035864,216.8342295,93.4620265,60.14578619753096,419.86728,33.48890000000002,40.57800000000003,19.62700000000001,3.72277635,6.42199,0.1475714285714285,0.0,0.0,0.47,4.209910105472287,,3.0,irrig_d0-3,summer,low,xhi,atm,True,,
2022-07-25,TzM,almond,2022,206,0.697285,187.0842,-53.69878,,53.7182,36.80520000000003,38.18600000000004,34.38,5.208076,5.54912,0.1467142857142856,0.0,0.0,0.4933333333333333,,,4.0,irrig_d4-7,summer,low,xhi,atm,True,,
2022-07-26,TzM,almond,2022,207,2.5973579,203.6553888235294,107.0765882352941,73.29222237703695,413.5661058823529,29.24747058823532,37.13600000000002,19.904,2.574447213333333,5.16084,0.144103448275862,0.0,2.73,0.4966666666666666,4.123652850535753,,0.0,irrig_d0-3,summer,low,xhi,atm,True,,
2022-07-29,TzM,almond,2022,210,3.7678551065,192.9726758846154,79.52163615384616,50.28835505555556,373.3468065384615,32.58496153846156,40.39000000000004,19.733,3.251352954166668,5.86179,0.1477708333333333,0.0,0.0,0.47,6.130904839502485,,1.0,irrig_d0-3,summer,low,xhi,atm,True,,
2022-07-30,TzM,almond,2022,211,3.55040295,199.35712125,81.95580458333333,38.05732960687822,374.1266875,30.20958333333336,36.48600000000005,22.452,1.9679076,3.55427,0.1488541666666666,0.762,13.26,0.4666666666666667,5.909424484339334,,0.0,irrig_d0-3,summer,low,hi,normal,True,,
2022-07-31,TzM,almond,2022,212,3.78654673,221.5682639565217,79.54239926086957,42.59010608677265,405.1196,31.08978260869567,39.44100000000003,20.661,2.445957680952381,5.1706,0.1492291666666666,0.0,0.0,0.4633333333333333,5.118452156528499,,1.0,irrig_d0-3,summer,low,xhi,atm,True,,
2022-08-01,TzM,almond,2022,213,2.84540915,212.8379861111111,86.89364388888889,59.15169511111115,449.2834055555555,30.37972222222225,37.55700000000002,21.12,1.980076905882353,4.16207,0.1501612903225806,11.684,0.0,0.46,4.827366243562014,,2.0,irrig_d0-3,summer,low,hi,normal,True,,
2022-08-03,TzM,almond,2022,215,0.2017675,90.428,-30.0604,,-5.978333333333332,34.42866666666669,36.61900000000003,31.95100000000002,3.818803333333333,4.61134,0.1705833333333333,0.0,0.0,0.46,,,3.0,irrig_d0-3,summer,wet,xhi,atm,True,,
2022-08-04,TzM,almond,2022,216,2.9045996,163.0084458333333,96.12305936,60.29590035555549,392.214536,31.65332000000002,37.91300000000001,20.18700000000001,3.42165268,5.33628,0.1673333333333333,0.0,0.0,0.47,4.454583383768594,,4.0,irrig_d4-7,summer,wet,xhi,atm,True,,
2022-08-05,TzM,almond,2022,217,1.475985735,142.0684157142857,114.6388535714286,67.96350528703691,416.0883857142857,29.59828571428573,37.74100000000004,19.721,2.614003714285714,5.50525,0.1637857142857142,0.0,0.0,0.48,2.784206613587835,,5.0,irrig_d4-7,summer,mid,xhi,atm,True,,
2022-08-08,TzM,almond,2022,220,3.1896245,252.4897764705882,67.63384705882353,70.32031500854691,467.2270588235294,33.70723529411768,38.14700000000005,26.92600000000004,3.891531176470588,5.546729999999999,0.1637272727272727,0.0,1.17,0.48,4.165314551946729,,0.0,irrig_d0-3,summer,mid,xhi,atm,True,,
2022-08-09,TzM,almond,2022,221,2.8594916,191.856605,84.0744565,53.81951615277785,418.06642,31.51685000000003,38.12100000000004,19.58500000000004,3.348185894736842,5.37529,0.1605208333333332,0.0,0.0,0.47,4.512798602736063,,1.0,irrig_d0-3,summer,mid,xhi,atm,True,,
2022-08-10,TzM,almond,2022,222,2.5229455,178.8196268421053,109.7795494736842,57.24174200653609,419.0057352631579,31.87678947368424,37.42500000000001,23.06800000000004,3.158535421052632,5.12428,0.1578958333333332,0.0,0.0,0.46,4.494415140684302,,2.0,irrig_d0-3,summer,mid,xhi,atm,True,,
2022-08-11,TzM,almond,2022,223,1.92753775,136.5051044736842,108.9594605263158,41.85574543703697,354.5647210526316,32.59915789473686,39.18800000000005,19.01800000000003,3.787899333333333,5.64778,0.1546041666666666,0.0,0.0,0.45,3.541391726196802,,3.0,irrig_d0-3,summer,mid,xhi,atm,True,,
2022-08-12,TzM,almond,2022,224,2.08461579,143.8110161904762,100.0207020952381,50.42385932986119,331.1338952380952,33.57238095238097,40.78700000000003,18.57400000000001,3.738522523809524,6.07762,0.1521666666666666,0.0,0.0,0.458,4.026599845782647,,4.0,irrig_d4-7,summer,low,xhi,atm,True,,
2022-08-13,TzM,almond,2022,225,2.58487065,218.97700625,1.93379,-3.482043833333343,204.101375,26.06593750000003,30.40800000000002,20.58500000000004,1.2033051250000002,2.09237,0.1470624999999999,0.0,19.11,0.466,1.165913713668599,,0.0,irrig_d0-3,summer,low,mid,normal,True,,
2022-08-14,TzM,almond,2022,226,3.571695,252.3799947368421,90.0174852631579,36.11815459411758,394.3773826315789,29.01821052631581,33.726,18.05100000000004,2.122528777777778,3.352,0.1517291666666666,0.0,0.0,0.474,3.658195443366257,,1.0,irrig_d0-3,summer,low,hi,normal,True,,
2022-08-15,TzM,almond,2022,227,3.1449301,225.4293035,74.873465,68.18448650718955,388.788555,27.22430000000002,33.77200000000005,12.76800000000003,2.3450901,3.96037,0.1532916666666666,0.0,0.0,0.482,4.28930386952259,,2.0,irrig_d0-3,summer,low,hi,normal,True,,
2022-08-16,TzM,almond,2022,228,3.42679965,210.7238081818182,74.6419635,46.03321007239765,363.9208772727273,27.32709090909093,30.84200000000004,17.94,2.1558995,3.05252,0.1523333333333333,0.0,0.0,0.49,5.188020672997427,,3.0,irrig_d0-3,summer,low,hi,normal,True,,
2022-08-17,TzM,almond,2022,229,2.7037047,183.5213515,114.3522975,68.4390067888889,369.21205,25.33100000000002,30.90600000000001,13.75800000000004,1.9908523,3.27456,0.1503333333333332,0.0,0.0,0.49,4.545866916344989,,4.0,irrig_d4-7,summer,low,hi,normal,True,,
2022-08-18,TzM,almond,2022,230,2.24366024,165.1383075,149.0093525,48.57417137857151,388.3564,25.60995000000002,31.435,13.012,2.037746157894737,3.32002,0.1480416666666666,0.0,0.0,0.49,4.730730552382103,,5.0,irrig_d4-7,summer,low,hi,normal,True,,
2022-08-19,TzM,almond,2022,231,2.502379365,153.6481122727273,134.0582436363636,61.86251487654329,371.4369090909091,28.42463636363638,37.19200000000001,14.69900000000001,2.4614405,4.85147,0.1468124999999999,0.0,0.0,0.4933333333333333,5.075810425797624,,6.0,irrig_d4-7,summer,low,xhi,atm,True,,
2022-08-20,TzM,almond,2022,232,2.850489075,213.2315211111111,49.03227222222223,46.22312698290604,365.7142927777778,30.80694444444446,36.995,17.42000000000002,2.9443356,4.79073,0.1473749999999999,0.0,16.77,0.4966666666666666,4.101170781352035,,0.0,irrig_d0-3,summer,low,xhi,atm,True,,
2022-08-21,TzM,almond,2022,233,4.8097525,281.2755625217391,11.37539565217391,53.06108516172848,335.4509246521739,30.94765217391306,37.04700000000003,15.548,3.189485140909091,4.97393,0.1487916666666666,0.0,0.0,0.5,5.134501473105346,,1.0,irrig_d0-3,summer,low,xhi,atm,True,,
2022-08-22,TzM,almond,2022,234,2.62158365,187.71478,37.874676,29.22212877777771,334.92028,30.66280000000001,38.32800000000003,17.399,2.6755376,4.91229,0.1486666666666667,0.0,0.0,0.48,4.398008180640042,,2.0,irrig_d0-3,summer,low,xhi,atm,True,,
2022-08-23,TzM,almond,2022,235,2.33189107,157.0323805,74.3992925,36.0447916055555,345.66167,31.12760000000002,40.21600000000001,19.14100000000002,2.702473947368421,5.518479999999999,0.1485,0.0,0.0,0.46,4.272257784463868,,3.0,irrig_d0-3,summer,low,xhi,atm,True,,
2022-08-24,TzM,almond,2022,236,2.131447997,159.4548041666667,78.51908666666667,20.84968731249996,346.3759038888889,31.06994444444447,37.06800000000004,18.86000000000001,2.9043034375000003,4.545520000000001,0.1478749999999999,0.0,0.0,0.46,3.874062638528739,,4.0,irrig_d4-7,summer,low,xhi,atm,True,,
2022-08-25,TzM,almond,2022,237,1.78275346,148.170770625,116.37111875,41.03275311851857,341.89729375,30.61193750000002,37.65000000000003,21.03900000000004,2.793932538461539,4.54992,0.1467291666666666,0.0,0.0,0.46,3.559590299962555,,5.0,irrig_d4-7,summer,low,xhi,atm,True,,
2022-08-26,TzM,almond,2022,238,2.066871305,119.0272785913044,132.8324795652174,67.14342439181286,335.2348143478261,26.55434782608699,34.59400000000005,17.96900000000005,1.483646252631579,3.14375,0.1437916666666666,0.254,0.0,0.46,5.782567935208272,,6.0,irrig_d4-7,summer,low,mid,normal,True,,
2022-08-27,TzM,almond,2022,239,1.6008284,106.4766985714286,143.0558919047619,37.98021668518525,353.6059904761905,28.61347619047621,35.56,17.04600000000005,1.8230707368421049,3.46097,0.1435,0.0,0.0,0.46,4.673832860163299,,7.0,irrig_d4-7,summer,low,hi,normal,True,,
2022-08-28,TzM,almond,2022,240,1.90706705,120.5687495238095,146.706219047619,40.31454334502918,359.0079442857143,29.00200000000002,34.971,18.53200000000004,2.090648144444444,3.3277,0.143875,0.0,0.0,0.46,4.494952505450527,,8.0,irrig_d8plus,summer,low,hi,normal,True,,
2022-08-29,TzM,almond,2022,241,2.391845,215.1422533333333,79.22615,37.18797571999998,365.5121306666667,30.94453333333335,34.399,20.43200000000002,2.592069866666668,3.4864,0.1424166666666666,6.096,0.0,0.45,2.357780831604029,,9.0,irrig_d8plus,summer,low,xhi,atm,True,,
2022-08-30,TzM,almond,2022,242,1.86167905,144.9031058823529,97.75919705882352,47.70690842638889,332.2164058823529,30.74394117647062,35.38,19.57500000000005,2.39203075,3.67619,0.1447291666666666,0.254,0.0,0.44,3.391045981841839,,10.0,irrig_d8plus,summer,low,hi,normal,True,,
2022-08-31,TzM,almond,2022,243,2.323715835,165.2236147368421,150.7696136842105,52.08721232026141,382.1389526315789,28.79005263157897,34.38500000000005,15.94300000000004,2.081544823529412,3.61999,0.1449375,0.762,0.0,0.43,3.771240746720126,,11.0,irrig_d8plus,summer,low,hi,normal,True,,
2022-09-01,TzM,almond,2022,244,1.24563053,107.5847105882353,63.18197317647058,30.08232421527773,247.6322141176471,26.86329411764708,31.733,11.13,2.351846075,3.16269,0.1427826086956521,0.0,0.0,0.465,2.247938616972023,,12.0,irrig_d8plus,fall,low,hi,normal,True,,
2022-09-02,TzM,almond,2022,245,1.54656945,116.9716388888889,152.7385022222222,39.85187305555555,344.5779666666667,27.6956666666667,32.339,17.99700000000001,2.141151444444445,3.29514,0.1412083333333333,0.0,0.0,0.5,3.39614031036509,,13.0,irrig_d8plus,fall,low,hi,normal,True,,
2022-09-03,TzM,almond,2022,246,1.542392435,104.0842675,144.7850449,30.16413592156866,310.31113,26.39875000000001,33.19,12.27600000000001,1.99695335,3.56974,0.1390416666666666,0.0,0.0,0.4933333333333333,3.323110136217275,,14.0,irrig_d8plus,fall,low,hi,normal,True,,
2022-09-04,TzM,almond,2022,247,1.59036382,102.2737771428571,163.0537652380952,26.27327603703707,340.2229142857143,28.85247619047621,37.50900000000001,12.642,2.586518761904762,4.87025,0.1378124999999999,0.0,0.0,0.4866666666666666,3.328125905523311,,15.0,irrig_d8plus,fall,dry,xhi,compound,True,,
2022-09-05,TzM,almond,2022,248,1.5226752,105.2330942105263,185.205457,41.42674961111118,359.1833157894737,27.76257894736844,33.31,13.05400000000003,2.167147055555556,3.54854,0.1367291666666666,0.0,0.0,0.48,3.686018333846397,,16.0,irrig_d8plus,fall,dry,hi,soil,True,,
2022-09-06,TzM,almond,2022,249,1.696947145,127.5439752777778,131.5821127777778,45.71690886111102,355.9811,26.00272222222225,32.54600000000005,13.375,1.752400764705882,3.1958,0.1365416666666667,0.0,11.82948,0.48,3.291047483425615,,0.0,irrig_d0-3,fall,dry,hi,soil,True,,
2022-09-07,TzM,almond,2022,250,2.224996585,150.6746175,107.853535,29.54989382098768,317.287765,25.73200000000002,30.572,13.93200000000002,1.746985231578947,2.7743,0.1380625,0.0,0.0,0.48,4.255884596925476,,1.0,irrig_d0-3,fall,dry,hi,normal,True,,
2022-09-08,TzM,almond,2022,251,2.1835303,164.2687166666667,142.181385,54.35787322222219,387.2955111111111,26.27988888888891,31.28300000000002,16.10500000000002,1.6640832222222222,2.63165,0.1379999999999999,0.0,0.0,0.48,4.153685747438476,,2.0,irrig_d0-3,fall,dry,mid,soil,True,,
2022-09-09,TzM,almond,2022,252,0.11724,158.939,148.314,,515.803,26.42600000000004,26.42600000000004,26.42600000000004,0.932333,0.932333,0.136,0.0,0.0,0.48,,,3.0,irrig_d0-3,fall,dry,lo,soil,True,,
2022-09-13,TzM,almond,2022,256,0.458266,89.05624285714286,17.43134555555556,-0.3904137083332943,117.2929555555556,22.42466666666668,23.80100000000004,20.06700000000001,0.451548875,0.626229,0.1541363636363636,14.732,11.04948,0.492,0.0137686303559945,,0.0,irrig_d0-3,fall,mid,lo,normal,True,,
2022-09-14,TzM,almond,2022,257,2.754038515,219.7885311764706,103.6317247058823,26.6626068699346,352.1109,24.11441176470591,28.04700000000003,16.87100000000004,1.317649333333333,2.18197,0.1821458333333333,0.0,0.0,0.496,1.948427546885423,,1.0,irrig_d0-3,fall,wet,mid,normal,True,,
2022-09-15,TzM,almond,2022,258,2.37317465,161.015565,106.791875,41.72292244970751,365.4835315,24.36365000000002,29.30200000000002,15.58300000000003,1.337385842105263,2.25894,0.1799375,0.0,0.0,0.5,3.761250630110906,,2.0,irrig_d0-3,fall,wet,mid,normal,True,,
2022-09-16,TzM,almond,2022,259,2.29389741,182.6286447058824,99.96556470588236,42.82557071111113,341.9459588235294,26.21194117647061,31.85500000000002,14.69800000000004,1.7532224375,2.99158,0.1726041666666666,0.0,0.0,,3.705840223322479,,3.0,irrig_d0-3,fall,wet,hi,normal,False,,
2022-09-17,TzM,almond,2022,260,2.051146381,132.2309903333333,105.7085614285714,43.32969094944444,349.5534538095238,25.62528571428574,32.24800000000005,14.84400000000005,1.387804789473684,2.88743,0.1668333333333333,0.0,0.0,,5.007690646149419,,4.0,irrig_d4-7,fall,wet,mid,normal,False,,
2022-09-18,TzM,almond,2022,261,1.46317058,104.4948552631579,106.595977368421,37.52068403333335,292.7633278947368,24.10973684210528,27.76800000000003,17.71700000000004,0.951558375,1.41949,0.1630625,0.0,0.0,,5.122766855816519,,5.0,irrig_d4-7,fall,mid,lo,normal,False,,
2022-09-19,TzM,almond,2022,262,1.33892235,107.5569588235294,96.1880394117647,45.68649579281051,257.1943764705882,25.20029411764709,33.27100000000002,15.73600000000005,1.36735435625,3.20568,0.1595833333333333,0.0,0.0,,4.060232696734111,,6.0,irrig_d4-7,fall,mid,mid,normal,False,,
2022-09-20,TzM,almond,2022,263,1.395402895,103.4415578947368,93.55692315789474,45.86339297426905,309.9199105263158,25.77610526315792,31.30000000000001,14.76600000000002,1.588848,2.71541,0.1580833333333333,0.0,0.0,,4.004579769762307,,7.0,irrig_d4-7,fall,mid,mid,normal,False,,
2022-09-21,TzM,almond,2022,264,0.69185319425,54.16192789411765,38.553815,11.03058180000004,107.4211911111111,20.4202777777778,24.05900000000003,15.24100000000004,0.61288658,1.0179,0.1541249999999999,0.0,0.0,,2.523365161950449,,8.0,irrig_d8plus,fall,mid,lo,normal,False,,
2022-09-22,TzM,almond,2022,265,1.131442045,90.16559058823528,124.5222411764706,44.03356261481476,323.2160117647059,24.44335294117649,30.298,12.82300000000004,1.276640764705882,2.62023,0.1535416666666666,0.0,0.0,,3.889974968381737,,9.0,irrig_d8plus,fall,low,mid,normal,False,,
2022-09-23,TzM,almond,2022,266,1.1969275,108.2275,120.70714375,38.32769083416665,316.99470625,25.42206250000003,29.55200000000002,19.57500000000005,1.07775683125,2.01626,0.1549583333333333,0.0,0.0,,3.712732068996098,,10.0,irrig_d8plus,fall,mid,mid,normal,False,,
2022-09-24,TzM,almond,2022,267,1.2743535,144.064225,75.58148416666667,48.67249280707068,289.6090583333333,25.86766666666669,28.28100000000001,23.82000000000005,1.8840875,2.38585,0.1528421052631578,0.0,0.0,,2.942482570191951,,11.0,irrig_d8plus,fall,low,hi,normal,False,,
2022-09-25,TzM,almond,2022,268,1.52101775,121.9944235294118,77.77934941176471,7.208485591666665,249.8547429411765,20.4078823529412,23.66400000000004,16.77800000000002,0.5610572100000001,0.97829,0.1492222222222222,3.556,0.0,,2.853646235879252,,12.0,irrig_d8plus,fall,low,lo,normal,False,,
2022-09-26,TzM,almond,2022,269,1.62313835,129.9484823529412,139.9687657647059,37.06950111388892,346.0790882352941,22.19176470588238,26.07000000000005,17.72300000000001,1.073825647058824,1.92767,0.1487666666666666,0.0,0.0,,4.054269840304061,,13.0,irrig_d8plus,fall,low,mid,normal,False,,
2022-09-27,TzM,almond,2022,270,1.436006,150.2508153846154,183.5768846153846,33.68202746574079,373.2475615384615,23.19130769230771,25.86600000000004,19.90700000000004,1.718827692307692,2.26621,0.1467027027027026,0.0,0.0,,2.899350619115677,,14.0,irrig_d8plus,fall,low,mid,normal,False,,
2022-09-28,TzM,almond,2022,271,1.88903465,122.8443366666667,111.1138185714286,28.34411360561406,281.8408904761905,20.5789523809524,26.173,9.263000000000034,1.279564142857143,2.17893,0.1468541666666666,0.0,11.43948,,4.352250860145153,,0.0,irrig_d0-3,fall,low,mid,normal,False,,
2022-09-29,TzM,almond,2022,272,1.18227885,95.09184647058824,108.7121915789474,15.1711952263158,237.3683173684211,16.0885263157895,19.88900000000001,11.55400000000003,0.5129859999999999,1.0664,0.1474418604651162,2.54,0.12948,,3.285836027971474,,1.0,irrig_d0-3,fall,low,lo,normal,False,,
2022-09-30,TzM,almond,2022,273,1.8776195,182.8091214285714,152.9496714285714,28.69165950462964,375.0392,20.89414285714289,23.69300000000004,14.40900000000005,1.332621785714286,1.7879500000000002,0.1468965517241379,0.0,0.0,,3.218873384926615,,2.0,irrig_d0-3,fall,low,mid,normal,False,,
2022-10-01,TzM,almond,2022,274,1.2037305,136.1959333333333,129.39848,33.63882439898988,347.9385858333333,25.1044166666667,28.84200000000004,21.55200000000002,2.0486325,2.86032,0.1475999999999999,0.0,9.87948,,2.536015622303464,,0.0,irrig_d0-3,fall,low,hi,normal,False,,
2022-10-02,TzM,almond,2022,275,1.57231485,177.533325,79.71078,42.58549143434345,332.10795,26.67308333333336,30.10900000000004,22.56700000000001,2.4443208333333333,3.19906,0.1490312499999999,0.0,0.0,,2.516415717768476,,1.0,irrig_d0-3,fall,low,xhi,atm,False,,
2022-10-03,TzM,almond,2022,276,1.51350795,146.35025,27.39926214285714,56.9717576666667,265.8092714285714,27.48628571428573,30.70400000000001,23.43700000000001,2.2547071428571432,2.93772,0.1515925925925925,0.0,0.0,,3.307399510629202,,2.0,irrig_d0-3,fall,low,hi,normal,False,,
2022-10-04,TzM,almond,2022,277,2.03804375,196.831705,42.29182785714286,18.88705432478631,307.2623592857143,28.87757142857146,32.12,23.71700000000004,2.325518571428571,3.37249,0.1509090909090909,0.0,0.0,,2.660105399728777,,3.0,irrig_d0-3,fall,low,hi,normal,False,,
2022-10-05,TzM,almond,2022,278,1.71506544,122.4459363157895,101.0748084210526,41.09106671988302,281.8480442105263,23.61363157894739,29.02500000000003,15.47400000000005,1.3686937142857138,2.15462,0.1501621621621621,0.0,0.0,,4.573445992314098,,4.0,irrig_d4-7,fall,low,mid,normal,False,,
2022-10-06,TzM,almond,2022,279,1.2889566,109.69576875,117.7640075,29.14798836000002,289.33304125,21.39668750000002,22.85700000000003,18.75900000000001,0.5640318125,0.887258,0.1521904761904761,0.0,0.0,,4.366521103669056,,5.0,irrig_d4-7,fall,low,lo,normal,False,,
2022-10-07,TzM,almond,2022,280,1.3242058,112.50385625,97.111925,39.64480300000001,285.1782875,23.21181250000002,27.75900000000001,19.09100000000001,0.9063985625,1.87504,0.1512777777777777,0.0,0.0,,3.754229977187171,,6.0,irrig_d4-7,fall,low,lo,normal,False,,
2022-10-08,TzM,almond,2022,281,1.3484645,114.5123875,135.18659375,28.63153021709407,344.263895625,23.32893750000002,26.60000000000002,17.63900000000001,0.8964752875,1.4891,0.1516470588235294,0.0,0.0,,4.574253801652774,,7.0,irrig_d4-7,fall,low,lo,normal,False,,
2022-10-09,TzM,almond,2022,282,1.21769135,110.1890933333333,132.6129226666667,52.24212482777772,324.57142,24.85593333333335,28.31400000000002,19.91900000000004,1.1333128,1.88796,0.1511249999999999,0.0,0.0,,3.965860187811288,,8.0,irrig_d8plus,fall,low,mid,normal,False,,
2022-10-10,TzM,almond,2022,283,0.5575476500000001,53.52346307692308,38.7423,3.447411509259256,141.8020176923077,19.6492307692308,21.435,17.78900000000004,0.17551694,0.409553,0.1471923076923076,0.0,0.0,,3.333479161824471,,9.0,irrig_d8plus,fall,low,lo,normal,False,,
2022-10-11,TzM,almond,2022,284,0.91036125,88.58550714285714,108.2241324285714,42.61048570634918,251.6978357142857,20.98335714285716,23.18000000000001,18.08200000000005,0.5355090428571428,0.892294,0.1460882352941175,0.0,0.0,,3.912915020050231,,10.0,irrig_d8plus,fall,low,lo,normal,False,,
2022-10-12,TzM,almond,2022,285,1.344953725,91.3935529,116.6603008095238,39.9350996317222,275.7039619047619,21.34133333333335,26.72700000000003,10.67000000000002,0.9765693333333334,1.82894,0.1444374999999999,0.0,0.0,,4.974079237490726,,11.0,irrig_d8plus,fall,low,lo,normal,False,,
2022-10-13,TzM,almond,2022,286,1.51447095,117.9030888888889,106.9806767142857,37.3373998818713,280.0155823809524,21.9729523809524,28.65800000000002,8.337000000000046,1.312312666666667,2.16874,0.1434166666666666,0.0,0.0,,4.35610276753681,,12.0,irrig_d8plus,fall,low,mid,normal,False,,
2022-10-14,TzM,almond,2022,287,1.645411,159.0683571428571,116.0233357142857,47.42544777777778,314.2663428571428,28.16228571428573,30.50200000000001,24.84700000000004,2.1878907142857136,2.75018,0.1435999999999999,0.0,0.0,,2.962850896178716,,13.0,irrig_d8plus,fall,low,hi,normal,False,,
2022-10-15,TzM,almond,2022,288,1.77789455,171.6377,65.90219285714285,47.03331341880346,310.3947,29.33892857142859,31.95600000000002,26.43900000000002,2.560572857142857,3.1381,0.1458571428571428,0.0,15.08052,,3.088967677447902,,0.0,irrig_d0-3,fall,low,xhi,atm,False,,
2022-10-16,TzM,almond,2022,289,1.3014507,126.0841714285714,29.02517085714286,31.55631864957266,228.6612071428571,25.5449285714286,27.642,22.61100000000005,1.66905,1.97084,0.1473333333333333,0.0,0.0,,2.679620869274333,,1.0,irrig_d0-3,fall,low,mid,normal,False,,
2022-10-17,TzM,almond,2022,290,1.326575,161.5700846153846,52.50829907692308,30.24168112037035,284.0047615384615,26.79553846153849,29.20000000000005,24.27700000000004,1.700555076923077,2.37758,0.1476785714285713,0.0,0.0,,2.761389037501347,,2.0,irrig_d0-3,fall,low,mid,normal,False,,
2022-10-18,TzM,almond,2022,291,1.3453478,151.7586583333333,45.582425,36.02619680808073,276.936975,27.71908333333336,30.45600000000002,24.35599999999999,1.6089725,2.3330900000000003,0.1490645161290321,0.0,0.0,,2.464935251197683,,3.0,irrig_d0-3,fall,low,mid,normal,False,,
2022-10-19,TzM,almond,2022,292,1.41515665,174.0057272727273,-4.025930190909091,41.53337216161616,221.5633909090909,28.35354545454548,30.33300000000003,25.78000000000003,2.0340945454545447,2.53923,0.1496060606060605,0.0,0.0,,2.450896339039781,,4.0,irrig_d4-7,fall,low,hi,normal,False,,
2022-10-20,TzM,almond,2022,293,0.9653562,61.26045555555555,-28.11466577777778,1.946305052962928,51.67968316666666,19.1048888888889,21.70300000000003,16.67400000000004,0.1258688408333333,0.601734,0.1465999999999999,0.0,0.0,,-0.2130977327905417,,5.0,irrig_d4-7,fall,low,lo,normal,False,,
2022-10-27,TzM,almond,2022,300,1.3854234,144.1550307692308,22.02091,38.70404391666671,235.4954538461539,28.42753846153848,31.608,25.435,2.638732307692308,3.4536,0.1492142857142857,0.0,0.0,,2.215344456310153,,6.0,irrig_d4-7,fall,low,xhi,atm,False,,
2022-10-28,TzM,almond,2022,301,1.1126827,125.6770583333333,27.1455725,42.08100116161621,228.2708916666667,26.42633333333336,28.69600000000003,24.01300000000003,2.017438333333333,2.52341,0.147074074074074,0.0,0.0,,2.418568834388445,,7.0,irrig_d4-7,fall,low,hi,normal,False,,
2022-10-29,TzM,almond,2022,302,1.1288724,117.9578846153846,67.01322384615385,28.08830866666669,208.0615384615384,23.97476923076925,27.16000000000003,19.11400000000003,1.396952615384615,2.06449,0.1458148148148148,0.0,9.36,,2.556883652952715,,0.0,irrig_d0-3,fall,low,mid,normal,False,,
2022-10-30,TzM,almond,2022,303,0.5763594,65.51355,48.51238333333333,33.0169711444444,165.8522166666667,19.89258333333335,22.08300000000003,16.35300000000001,0.2859855454545454,0.692493,0.1464399999999999,0.0,0.0,,2.42779956677064,,1.0,irrig_d0-3,fall,low,lo,normal,False,,
2022-10-31,TzM,almond,2022,304,0.58035115,65.96603333333333,27.7779835,36.10881306203699,146.1569391666667,19.98166666666669,21.53500000000003,18.72200000000004,0.3122724083333333,0.470669,0.1462857142857142,0.0,0.0,,2.072433340592634,,2.0,irrig_d0-3,fall,low,lo,normal,False,,
2023-05-01,TzM,almond,2023,121,3.8601455,210.96055,97.02556269230767,37.57422614235766,405.27855,23.74480769230772,29.745,15.21900000000005,2.305457269230769,3.66987,0.1607895833333332,0.0,0.0,,9.72910175757754,,3.0,irrig_d0-3,spring,mid,hi,normal,False,,
2023-05-03,TzM,almond,2023,123,1.76788115,159.74522,34.89619266666666,19.78332520885936,288.94302,25.78246666666668,27.81300000000005,20.67500000000001,2.642866666666667,3.10295,0.1627865319148936,0.0,11.7,,3.783799760035574,,0.0,irrig_d0-3,spring,mid,xhi,atm,False,,
2023-05-04,TzM,almond,2023,124,3.5496622,178.5845111111111,68.98819037037038,56.09738908111951,338.1088740740741,23.46974074074077,28.95400000000001,15.10700000000003,1.8575402592592591,2.97106,0.159707625,0.0,0.26052,,10.39348059185193,,1.0,irrig_d0-3,spring,mid,hi,normal,False,,
2023-05-05,TzM,almond,2023,125,4.302970115,208.1461143928571,75.40061592857143,41.43313339333339,377.3237703571428,25.23964285714288,33.01400000000001,8.941000000000031,2.49463175,4.158390000000001,0.1599159583333333,0.0,9.48948,,9.794996065694283,,0.0,irrig_d0-3,spring,mid,xhi,atm,False,,
2023-05-06,TzM,almond,2023,126,4.16326893,216.9789623076923,50.53796461538462,39.36806421045399,379.5743115384615,25.27103846153849,32.93300000000005,14.32000000000005,2.326864384615385,4.08432,0.1607506666666666,0.0,0.0,,9.977822194893758,,1.0,irrig_d0-3,spring,mid,hi,normal,False,,
2023-05-07,TzM,almond,2023,127,4.32218955,225.8326307692308,64.71504807692308,26.20170282071507,374.5055384615384,23.32338461538464,29.19800000000004,13.25100000000003,1.599685038461538,2.71624,0.1592923541666666,0.0,14.30052,,9.426783917472209,,0.0,irrig_d0-3,spring,mid,mid,normal,False,,
2023-05-08,TzM,almond,2023,128,4.605030075,260.0979279166667,71.10514375,55.04530749197891,427.7178041666667,24.6994166666667,30.90000000000003,11.86100000000005,2.0525900173913043,3.40542,0.1584963055555555,0.0,0.0,,9.776299601355138,,1.0,irrig_d0-3,spring,mid,hi,normal,False,,
2023-05-10,TzM,almond,2023,130,0.0,,117.874,31.86666666666666,151.5,19.017,19.017,19.017,1.16581,1.16581,0.164,0.0,11.7,,,,0.0,irrig_d0-3,spring,mid,mid,normal,False,,
2023-06-02,TzM,almond,2023,153,3.2946294,236.1434105263158,75.51832315789474,60.62104926271645,385.2803,20.20515789473687,25.57000000000005,15.37700000000001,0.843984947368421,1.84242,0.26041992,0.0,0.0,0.54,6.4698465457704,,1.0,irrig_d0-3,summer,wet,lo,normal,True,,
2023-06-03,TzM,almond,2023,154,4.0293252,189.0003379310345,66.6792475862069,50.03067680427981,344.8045724137931,20.5429655172414,26.10700000000003,14.00900000000001,0.9993922269230768,1.86085,0.2495110208333332,0.0,0.0,0.54,9.590451102457008,,2.0,irrig_d0-3,summer,wet,lo,normal,True,,
2023-06-04,TzM,almond,2023,155,4.039380025,196.1748810714286,63.74023142857143,44.40523948851536,354.4651892857143,21.65907142857145,28.32600000000002,13.08500000000004,1.125880423076923,2.42423,0.23234575,0.0,0.0,0.54,8.80804585633975,,3.0,irrig_d0-3,summer,wet,mid,normal,True,,
2023-06-05,TzM,almond,2023,156,3.660756643,218.8119275909091,59.95677208333333,46.17841447076052,366.4148220833333,21.17045833333335,28.09200000000004,15.0,1.045840523809524,2.22265,0.2153715531914893,3.81,0.0,0.54,6.942432218568287,,4.0,irrig_d4-7,summer,wet,lo,normal,True,,
2023-06-10,TzM,almond,2023,161,3.9719426,284.1394789473684,47.43945773684211,36.74225301489153,444.1661210526316,26.87210526315792,32.02100000000002,20.613,2.081946210526316,3.45032,0.187576375,0.0,0.0,0.54,6.068368899919515,,5.0,irrig_d4-7,summer,wet,hi,normal,True,,
2023-06-11,TzM,almond,2023,162,5.427910515,284.6375978888889,13.00789892857143,27.20794108689763,376.3317239285714,25.40696428571431,30.43400000000003,16.58600000000001,1.691135746428571,2.77368,0.1847937291666666,0.508,0.0,0.54,10.54569366386331,,6.0,irrig_d4-7,summer,wet,mid,normal,True,,
2023-06-12,TzM,almond,2023,163,4.47036505,215.9200260714286,21.36067607142857,27.94118914657007,325.5946785714286,24.32814285714288,27.48500000000001,18.05000000000001,1.182190321428571,2.00039,0.1821256666666667,2.794,0.0,0.54,8.946970075649421,,7.0,irrig_d4-7,summer,wet,mid,normal,True,,
2023-06-13,TzM,almond,2023,164,4.38773235,204.0653413793104,3.19618275862069,11.13609811144911,275.1098827586207,21.34834482758623,24.74700000000001,15.06400000000002,1.0746116689655172,1.55774,0.17958675,0.508,0.0,0.548,8.34498659914065,,8.0,irrig_d8plus,summer,wet,mid,normal,True,,
2023-06-14,TzM,almond,2023,165,4.95839665,240.4294857142857,42.11137892857143,26.38250458062964,386.5661771428572,24.2009642857143,29.964,14.18000000000001,1.534064285714286,2.76883,0.1767499791666666,0.0,0.0,0.556,10.57163758425928,,9.0,irrig_d8plus,summer,wet,mid,normal,True,,
2023-06-15,TzM,almond,2023,166,5.736296439,277.0747080714286,32.20634,45.64744182254235,422.2002510714286,27.66396428571431,33.58300000000003,15.51100000000002,2.411397892857143,3.90315,0.1766249791666666,0.0,0.0,0.564,10.15204834791075,,10.0,irrig_d8plus,summer,wet,hi,normal,True,,
2023-06-16,TzM,almond,2023,167,4.95842125,230.9735131034483,24.72092117241379,44.48093748885483,396.3473389655172,28.79837931034486,35.34000000000003,17.274,2.545739551724138,4.3510100000000005,0.1760833124999999,0.0,0.0,0.572,9.22616016742839,,11.0,irrig_d8plus,summer,wet,xhi,atm,True,,
2023-06-17,TzM,almond,2023,168,6.2004696,288.4498655172414,-1.236496,38.93519124153842,420.7671827586207,29.81724137931037,35.59200000000004,18.84100000000001,2.680829655172414,4.25138,0.1760416458333333,0.0,10.01052,0.58,8.908591809862049,,0.0,irrig_d0-3,summer,wet,xhi,atm,True,,
2023-06-18,TzM,almond,2023,169,4.8489028,263.07468,-20.96483692307692,12.49877846970663,289.2515730769231,24.29138461538464,28.22500000000002,16.61600000000004,1.28070288,1.97695,0.1754603958333332,4.318,0.0,0.586,8.701453436945373,,1.0,irrig_d0-3,summer,wet,mid,normal,True,,
2023-06-19,TzM,almond,2023,170,4.23440325,197.1686956521739,-52.26196538461539,9.796248195760716,128.4978665384615,21.28926923076925,26.096,16.79300000000001,0.8188478333333333,1.37262,0.1723347083333334,1.778,0.0,0.592,5.290589349978808,,2.0,irrig_d0-3,summer,wet,lo,normal,True,,
2023-06-20,TzM,almond,2023,171,6.17239375,335.331008,19.71150576923077,43.03270827594646,385.2210384615385,23.73153846153848,30.14100000000002,16.548,1.0870909152,2.28049,0.17175,3.3020000000000005,0.0,0.598,11.27148964399358,,3.0,irrig_d0-3,summer,wet,mid,normal,True,,
2023-06-21,TzM,almond,2023,172,1.9427534,118.3976727272727,-22.83706227272727,10.75920894941405,137.8819609090909,20.93754545454548,24.68400000000003,17.26800000000003,0.507067,0.957549,0.17080165,6.35,0.0,0.604,4.472467280383032,,4.0,irrig_d4-7,summer,wet,lo,normal,True,,
2023-06-22,TzM,almond,2023,173,6.63936505,359.3912484,50.99707328,58.31177409762979,488.840868,27.69752000000002,33.90100000000001,20.959,2.0697846,3.73983,0.17119996875,0.0,0.0,0.61,10.20919234931913,,5.0,irrig_d4-7,summer,wet,hi,normal,True,,
2023-06-23,TzM,almond,2023,174,5.54914587,288.5916042307692,29.50465636538462,46.09025158655066,456.3190769230769,28.93496153846156,34.25400000000002,22.72000000000003,2.275482615384615,3.69841,0.1714479512195122,0.0,0.0,0.59,9.209182439299653,,6.0,irrig_d4-7,summer,wet,hi,normal,True,,
2023-06-24,TzM,almond,2023,175,5.5602826,258.7743127586207,15.7323375862069,39.17190479680346,417.2899631034483,29.58031034482761,36.76000000000005,18.19400000000002,2.472747537931034,4.47552,0.171832625,0.0,12.35052,0.57,8.877900464837868,,0.0,irrig_d0-3,summer,wet,xhi,atm,True,,
2023-06-25,TzM,almond,2023,176,6.805465985,316.0019451724138,-24.8284975862069,45.6474252501024,421.0603781724138,31.85465517241381,38.79600000000005,18.59300000000002,2.947806103448276,5.05118,0.17366525,0.0,0.0,0.5399999999999999,8.858545752017996,,1.0,irrig_d0-3,summer,wet,xhi,atm,True,,
2023-06-26,TzM,almond,2023,177,5.2583969,283.65976,1.88691872,48.00645911615565,419.8963708,31.00176000000003,35.61700000000002,24.56800000000004,2.45803904,3.87896,0.1742820975609756,0.254,0.0,0.51,7.127868077279868,,2.0,irrig_d0-3,summer,wet,xhi,atm,True,,
2023-06-27,TzM,almond,2023,178,5.1063548,254.8635777777778,38.64330888888889,50.32430571435155,411.6026692592592,31.12844444444447,37.48000000000002,19.35700000000003,2.704785359259259,4.62927,0.1720239487179487,0.0,0.0,0.48,7.973091962906905,,3.0,irrig_d0-3,summer,wet,xhi,atm,True,,
2023-06-28,TzM,almond,2023,179,3.8391488,271.6725947368421,27.88306842105263,45.43863334045628,393.5665105263158,34.51973684210527,37.73900000000003,29.10500000000002,3.780264736842105,4.9794,0.1724291666666666,0.0,0.0,0.45,5.062568351385639,,4.0,irrig_d4-7,summer,wet,xhi,atm,True,,
2023-06-29,TzM,almond,2023,180,5.70227005,264.7367275862069,43.72694275862069,47.56938103809062,371.3621148275862,31.35465517241382,37.495,18.83300000000003,3.1153916857142856,5.06898,0.1701673541666667,0.0,0.0,0.42,8.81552552457677,,5.0,irrig_d4-7,summer,wet,xhi,atm,True,,
2023-06-30,TzM,almond,2023,181,3.98280975,192.3444732142857,104.82264,33.26458162169553,382.8886896551724,27.85137931034485,34.49600000000004,19.19600000000003,2.086152137931034,3.89926,0.1680853958333333,0.0,0.0,0.46,9.806892314701486,,6.0,irrig_d4-7,summer,wet,hi,normal,True,,
2023-07-01,TzM,almond,2023,182,4.97136365,232.2959620689655,76.03913103448276,27.54633772052997,406.9928344827586,28.57700000000002,35.803,17.23000000000002,2.345312862068965,4.27141,0.1661667291666666,0.0,13.26,0.5,9.51242695918949,,0.0,irrig_d0-3,summer,wet,hi,normal,True,,
2023-07-02,TzM,almond,2023,183,5.4099306,251.5216068965517,42.43320931034483,34.75114008793148,390.587505862069,29.98431034482761,37.96500000000003,19.42200000000003,2.28455224137931,4.66213,0.1690826458333333,0.0,0.0,0.54,9.08540374633548,,1.0,irrig_d0-3,summer,wet,hi,normal,True,,
2023-07-03,TzM,almond,2023,184,4.05795935,210.0707676923077,39.79468703703704,48.52534864773749,336.9220260714285,29.08889285714288,36.92600000000004,19.74800000000005,1.991000832142857,4.20143,0.1672937291666666,0.0,0.0,0.52,7.388513731121738,,2.0,irrig_d0-3,summer,wet,hi,normal,True,,
2023-07-04,TzM,almond,2023,185,5.096357975,236.822435862069,85.76616310344828,41.95110313709404,396.6482161034482,30.85700000000002,36.50700000000001,18.238,3.1985075185185177,4.942279999999999,0.1652499791666666,0.0,0.0,0.5,7.368690901385604,,3.0,irrig_d0-3,summer,wet,xhi,atm,True,,
2023-07-05,TzM,almond,2023,186,5.066297705,244.3961407142857,68.33981471428572,44.78636361608875,403.26455,28.02250000000003,32.91200000000003,17.98400000000004,1.6294234615384622,2.88197,0.1649530454545455,0.0,11.82948,0.496,10.02549728578,,0.0,irrig_d0-3,summer,wet,mid,normal,True,,
2023-07-10,TzM,almond,2023,191,6.76131435,379.0610583333333,-59.44951016666667,53.35068807826474,423.7399291666667,33.75729166666669,39.98700000000002,27.30000000000001,3.07479,5.16718,0.16812503125,0.0,12.74052,0.49,7.680255500532095,,0.0,irrig_d0-3,summer,wet,xhi,atm,True,,
2023-07-11,TzM,almond,2023,192,7.78128525,386.6829777777778,-57.76352888888889,52.56647036566665,405.5199874074074,35.49874074074076,41.10400000000004,22.74000000000001,4.021313185185185,6.33809,0.167334,0.0,0.12948,0.5,7.698396435290574,,1.0,irrig_d0-3,summer,wet,xhi,atm,True,,
2023-07-12,TzM,almond,2023,193,6.18451265,287.006048275862,43.81415365517241,32.81832466304018,393.9974231034483,32.60927586206899,39.024,19.42200000000003,3.74356775862069,5.89593,0.1657506666666666,0.0,0.0,0.51,6.93853901052613,,2.0,irrig_d0-3,summer,wet,xhi,atm,True,,
2023-07-13,TzM,almond,2023,194,6.177029,281.5568524137931,30.10082517241379,36.0219399073503,401.0447965517241,31.0047931034483,38.33000000000004,17.072,2.754229517241379,5.18936,0.1639582916666666,0.0,11.57052,0.505,8.443728454351481,,0.0,irrig_d0-3,summer,mid,xhi,atm,True,,
2023-07-14,TzM,almond,2023,195,6.3384825,304.2552235714286,23.04685892857143,48.70113979054727,413.5366310714286,32.86707142857145,39.51600000000002,21.29700000000003,3.435446,5.85478,0.1657499999999999,0.0,0.12948,0.5,7.641020906163352,,1.0,irrig_d0-3,summer,wet,xhi,atm,True,,
2023-07-15,TzM,almond,2023,196,6.0339558,290.4144232142857,69.46462964285715,34.35946712951847,414.6041417857143,31.54396428571431,38.04700000000003,17.29200000000003,3.0953777857142857,5.10417,0.1638763333333333,0.0,0.0,0.4666666666666667,7.173983676211651,,2.0,irrig_d0-3,summer,mid,xhi,atm,True,,
2023-07-16,TzM,almond,2023,197,5.261896935,253.2271460714286,43.89437428571429,41.3761408818489,420.547725,30.35289285714288,37.858,16.279,2.137681785714286,4.43656,0.162332625,0.0,11.04948,0.4333333333333333,8.990207701494572,,0.0,irrig_d0-3,summer,mid,hi,normal,True,,
2023-07-17,TzM,almond,2023,198,6.22695515,321.8476538461538,-9.604906153846152,60.00378493544899,381.0001296153846,33.04596153846156,41.161,21.048,3.390486825,6.13891,0.1643122894736841,0.0,0.0,0.4,7.664072446961504,,1.0,irrig_d0-3,summer,wet,xhi,atm,True,,
2023-07-18,TzM,almond,2023,199,4.213725675,350.454168125,-49.306814375,27.81190119484442,387.147751875,37.42443750000002,41.48000000000002,29.35300000000001,5.047683125,6.58581,0.1670051153846154,0.0,11.7,0.39,3.994248186691786,,0.0,irrig_d0-3,summer,wet,xhi,atm,True,,
2023-07-19,TzM,almond,2023,200,6.991352,347.2507666666667,-10.17499148148148,50.57462579233793,397.4067307407407,34.37229629629632,38.99100000000004,23.55500000000001,3.672763703703704,5.18366,0.1649166666666666,0.0,0.12948,0.38,7.785261490668375,,1.0,irrig_d0-3,summer,wet,xhi,atm,True,,
2023-07-20,TzM,almond,2023,201,8.12986225,402.8513111111111,-59.88378674074074,35.83583157488908,401.0422333333333,33.17251851851854,38.012,22.71000000000004,3.378439851851852,5.08413,0.1641256666666667,0.0,11.31,0.42,8.312788849440627,,0.0,irrig_d0-3,summer,mid,xhi,atm,True,,
2023-07-24,TzM,almond,2023,205,8.428759,421.3065814814815,-48.70543555555555,33.30110294437041,365.5050714814815,29.96744444444447,34.37900000000002,22.30400000000003,2.992586666666667,4.30647,0.1627486041666667,0.0,10.01052,0.46,8.49582074447036,,0.0,irrig_d0-3,summer,mid,xhi,atm,True,,
2023-07-27,TzM,almond,2023,208,2.33401505,314.04636,-74.4897,-5.369382220889084,238.94884,33.44790000000002,35.19300000000004,28.84300000000002,3.4898290000000003,4.1378900000000005,0.1629145625,0.0,11.7,0.472,2.276519616736815,,0.0,irrig_d0-3,summer,mid,xhi,atm,True,,
2023-07-28,TzM,almond,2023,209,6.3411739,304.9992535714286,11.86259821428571,37.15469163367084,396.5683214285714,31.59235714285716,39.53000000000003,15.005,3.2831656428571434,5.6022,0.1601659375,0.0,0.12948,0.476,7.371222973816409,,1.0,irrig_d0-3,summer,mid,xhi,atm,True,,
2023-07-29,TzM,almond,2023,210,5.8441619,291.1287018518519,46.02651555555556,42.66606895271494,408.7104925925926,32.38596296296299,37.762,20.86200000000002,3.232746333333333,5.19247,0.1608339791666667,0.0,4.16052,0.48,6.919590291059066,,0.0,irrig_d0-3,summer,mid,xhi,atm,True,,
2023-07-30,TzM,almond,2023,211,7.873999285,378.2940764285714,-38.05261142857142,28.19190317847092,404.636475,32.51035714285717,38.04900000000004,17.84200000000004,3.172935392857143,4.91769,0.1610819166666667,0.0,21.71052,0.4833333333333333,7.325600532722583,,0.0,irrig_d0-3,summer,mid,xhi,atm,True,,
2023-07-31,TzM,almond,2023,212,6.1241095,412.2266571428572,-32.70331285714285,41.98419448748149,465.7961952380953,34.36509523809526,38.56700000000001,28.78200000000004,3.396080952380953,5.05097,0.1640866666666666,0.0,0.0,0.4866666666666666,6.272536236710926,,1.0,irrig_d0-3,summer,mid,xhi,atm,True,,
2023-08-01,TzM,almond,2023,213,7.05560345,413.1361739130435,1.610817826086956,53.5189796075063,451.2433652173913,32.96243478260872,37.18000000000001,26.19500000000005,3.535908695652174,4.9111,0.1622900810810811,0.0,0.0,0.49,6.923918740486358,,2.0,irrig_d0-3,summer,mid,xhi,atm,True,,
2023-08-02,TzM,almond,2023,214,8.2779299,412.914562962963,-37.44889888888889,28.6685810914999,411.5410888888889,32.01751851851854,37.01800000000003,20.38100000000003,2.973916037037037,4.78812,0.1610402499999999,0.0,11.7,0.49,7.081700667719735,,0.0,irrig_d0-3,summer,mid,xhi,atm,True,,
2023-08-03,TzM,almond,2023,215,5.6782565,382.97575,51.164283,53.81153928969372,485.67592,31.60995000000003,34.70600000000002,28.44800000000004,2.709863,3.69083,0.1624333181818181,0.0,0.0,0.49,6.519796416724267,,1.0,irrig_d0-3,summer,mid,xhi,atm,True,,
2023-08-04,TzM,almond,2023,216,5.15723285,290.9290041666667,85.82685166666667,50.00148033366077,439.214125,27.54062500000002,34.06800000000004,21.58200000000005,2.412383041666666,4.0599,0.1589364090909091,0.0,0.0,0.5,8.076353608833108,,2.0,irrig_d0-3,summer,mid,hi,normal,True,,
2023-08-05,TzM,almond,2023,217,5.46817145,295.562352,72.951204,45.89506718215592,428.010636,28.91784000000002,35.63800000000003,18.99600000000004,2.82366976,4.4405600000000005,0.15755521875,0.0,15.33948,0.51,6.97920610201671,,0.0,irrig_d0-3,summer,mid,xhi,atm,True,,
2023-08-06,TzM,almond,2023,218,7.32753615,379.6504653846154,-13.15774777777778,35.34685404262954,406.4281111111111,31.06892592592595,37.92700000000002,18.29700000000003,2.9608467407407413,4.96145,0.1581652499999999,0.0,10.79052,0.52,7.807591946665438,,0.0,irrig_d0-3,summer,mid,xhi,atm,True,,
2023-08-07,TzM,almond,2023,219,5.55496242,277.7252614814815,30.17412074074074,38.82555152405329,395.1580381481481,29.13766666666669,37.197,19.01900000000001,2.0507270833333333,4.04338,0.1592492916666666,0.0,0.0,0.47,7.571752837791712,,1.0,irrig_d0-3,summer,mid,hi,normal,True,,
2023-08-08,TzM,almond,2023,220,4.9981463,259.0582115384615,11.69483196153846,39.11185490301851,367.1658961538462,30.88638461538464,38.71900000000005,21.54600000000005,2.419215565217391,4.72316,0.1605416666666666,0.0,0.0,0.42,7.613076428479779,,2.0,irrig_d0-3,summer,mid,hi,normal,True,,
2023-08-09,TzM,almond,2023,221,6.6703087,369.4075583333333,-38.02254904761904,62.17168666001936,369.9584041666667,33.3561666666667,38.23400000000004,25.428,2.892226125,4.81043,0.1619360540540541,0.0,11.57052,0.4433333333333333,8.543370311818089,,0.0,irrig_d0-3,summer,mid,xhi,atm,True,,
2023-08-10,TzM,almond,2023,222,8.43671241,420.1071318518519,-65.56918592592592,42.34222270264924,369.3867407407407,33.50929629629632,39.36700000000002,21.78800000000001,3.504681,5.659890000000001,0.1617096874999999,0.0,0.0,0.4666666666666667,7.096284221859182,,1.0,irrig_d0-3,summer,mid,xhi,atm,True,,
2023-08-11,TzM,almond,2023,223,5.113446175,252.5548703703704,16.55360444444445,50.66634475712959,388.2667751851852,33.37703703703706,42.57100000000003,22.00900000000001,3.334411111111111,6.8316300000000005,0.1603749791666666,0.0,0.0,0.49,6.350990311286449,,2.0,irrig_d0-3,summer,mid,xhi,atm,True,,
2023-08-12,TzM,almond,2023,224,4.6958122,233.7225585185185,33.72846555555556,36.56734519064699,385.1974111111111,33.38755555555559,41.42000000000002,21.14100000000002,3.255080576923077,6.172350000000001,0.1603007674418605,0.0,14.55948,0.485,6.574584342728804,,0.0,irrig_d0-3,summer,mid,xhi,atm,True,,
2023-08-13,TzM,almond,2023,225,6.074927,408.957115,-43.2493402,36.64819169364688,441.994035,33.03890000000002,37.29900000000004,28.14100000000002,2.9716305000000003,4.45725,0.1625666785714285,0.0,10.79052,0.48,5.202236306364289,,0.0,irrig_d0-3,summer,mid,xhi,atm,True,,
2023-08-14,TzM,almond,2023,226,6.11718165,316.9096588461538,-12.99330130769231,26.97651887729485,393.7332923076923,31.4576153846154,38.53200000000004,19.86900000000003,2.6452694,4.841609999999999,0.1612069583333332,0.0,0.0,0.47,6.610482314764137,,1.0,irrig_d0-3,summer,mid,xhi,atm,True,,
2023-08-15,TzM,almond,2023,227,5.05431045,357.9331789473684,-14.69587473684211,52.92416589174979,453.6223473684211,34.02584210526318,39.05200000000002,28.56700000000001,3.2756852631578948,5.14327,0.1628196176470588,0.0,3.24948,0.46,5.096461855189941,,0.0,irrig_d0-3,summer,mid,xhi,atm,True,,
2023-08-16,TzM,almond,2023,228,5.186581,383.9016277777778,-47.95142333333333,35.67777453975013,444.8782444444444,33.32572222222225,37.11900000000003,27.38,3.236042222222222,4.6936,0.1618108108108108,0.0,10.40052,0.45,5.146640525628446,,0.0,irrig_d0-3,summer,mid,xhi,atm,True,,
2023-08-17,TzM,almond,2023,229,5.005287,396.4337058823529,-16.97263507647059,62.90408447282547,515.2088411764706,33.65294117647061,38.35000000000002,28.35400000000004,3.351513529411765,5.06819,0.1605666428571428,0.0,0.0,0.46,4.679552905060669,,1.0,irrig_d0-3,summer,mid,xhi,atm,True,,
2023-08-18,TzM,almond,2023,230,5.396179,382.5494473684211,-6.208305210526315,34.83859165558501,428.0925087894737,32.85652631578949,35.16000000000003,29.197,3.495100526315789,4.12379,0.1601793809523809,0.0,0.0,0.47,4.857612697552575,,2.0,irrig_d0-3,summer,mid,xhi,atm,True,,
2023-08-19,TzM,almond,2023,231,5.34362705,359.400795,8.186487,36.49121280032595,452.663555,34.32600000000003,38.04000000000002,29.5,3.706761,4.84394,0.1597785714285714,0.0,13.65,0.4666666666666667,4.709817407637757,,0.0,irrig_d0-3,summer,mid,xhi,atm,True,,
2023-08-20,TzM,almond,2023,232,5.77514,369.6087428571428,-24.06757952380952,51.49095657686293,453.7714,35.53523809523811,41.28700000000003,29.327,3.7392976190476186,5.92424,0.1609544999999999,0.0,0.0,0.4633333333333333,5.463770748962707,,1.0,irrig_d0-3,summer,mid,xhi,atm,True,,
2023-08-21,TzM,almond,2023,233,5.39078985,347.0910545454545,-1.220682954545455,48.66263062056128,445.1738181818182,32.81404545454548,38.33600000000001,20.07100000000003,3.161700772727273,5.09423,0.1589113999999999,0.0,0.0,0.46,5.877482520468494,,2.0,irrig_d0-3,summer,mid,xhi,atm,True,,
2023-08-22,TzM,almond,2023,234,3.901201,327.765375,77.1696596875,89.5105339796297,530.095875,35.22881250000002,38.23000000000002,30.00100000000003,3.93056125,4.860729999999999,0.1582378,0.0,0.0,0.45,4.275470146104969,,3.0,irrig_d0-3,summer,mid,xhi,atm,True,,
2023-08-23,TzM,almond,2023,235,3.94203535,252.3152428571429,76.7024419047619,55.39209747030567,421.5161142857143,35.27680952380955,39.85700000000003,29.13200000000001,4.2256495,5.81028,0.1585277666666666,0.0,0.0,0.44,4.481461614256194,,4.0,irrig_d4-7,summer,mid,xhi,atm,True,,
2023-08-24,TzM,almond,2023,236,5.53711455,286.5082580769231,1.25462076923077,31.82526559828032,374.5232076923077,33.23973076923079,41.101,20.16400000000004,3.668137192307692,6.41825,0.1566521739130434,0.0,11.7,0.448,5.648410858791134,,0.0,irrig_d0-3,summer,mid,xhi,atm,True,,
2023-08-25,TzM,almond,2023,237,5.627897,378.09307,-4.44522,53.06568829291675,414.797715,35.31055000000002,38.52800000000002,29.71800000000002,4.170299,5.228260000000001,0.1582356206896552,0.0,0.0,0.456,4.657590091899414,,1.0,irrig_d0-3,summer,mid,xhi,atm,True,,
2023-08-26,TzM,almond,2023,238,5.3344555,297.7947,-74.51915134166667,5.114474189544645,249.4454416666667,30.68395833333336,34.21600000000001,23.83700000000005,2.611549166666668,3.61267,0.1557060227272727,0.0,12.60948,0.464,6.817597513575427,,0.0,irrig_d0-3,summer,mid,xhi,atm,True,,
2023-08-27,TzM,almond,2023,239,4.110284,310.3833666666667,126.6420788888889,2.36482568017762,403.7223722222222,23.6801666666667,25.84400000000005,20.95100000000002,0.9172011176470588,1.40677,0.1544814444444444,0.0,0.0,0.472,5.685839733609772,,1.0,irrig_d0-3,summer,mid,lo,normal,True,,
2023-08-28,TzM,almond,2023,240,4.00210795,301.4523277777778,126.1597895555556,39.27168644711092,419.0704833333334,26.41883333333335,30.04000000000002,21.72500000000002,1.2287755,2.02328,0.15281140625,0.0,0.0,0.48,5.387383643160039,,2.0,irrig_d0-3,summer,low,mid,normal,True,,
2023-08-29,TzM,almond,2023,241,4.26695055,222.5419592307692,106.9055773076923,36.45039356862997,348.8068961538461,25.27146153846156,29.97000000000003,16.11900000000003,1.03088112,1.88459,0.1507923333333333,0.0,0.0,0.4866666666666666,7.173524537751018,,3.0,irrig_d0-3,summer,low,lo,normal,True,,
2023-08-30,TzM,almond,2023,242,3.7905405,342.1018666666667,38.51503866666667,57.54389278803231,387.7439533333333,27.92746666666669,31.90500000000003,24.666,1.5633256,2.49668,0.1519871111111111,0.0,11.7,0.4933333333333333,4.830732003663006,,0.0,irrig_d0-3,summer,low,mid,normal,True,,
2023-08-31,TzM,almond,2023,243,4.00207075,299.7193588888889,46.79955500000001,32.70942690891674,407.7689777777778,30.14933333333335,35.49700000000001,24.35700000000003,1.832173055555555,3.35142,0.1552925925925925,0.0,0.0,0.5,4.701225843391389,,1.0,irrig_d0-3,summer,mid,hi,normal,True,,
2023-09-01,TzM,almond,2023,244,3.37513135,267.9814470588235,21.30326352941177,23.85265799999994,322.2363176470589,30.47817647058826,32.57800000000003,26.642,1.649767588235294,2.24398,0.1522098999999999,0.0,0.0,0.49,4.217236489363912,,2.0,irrig_d0-3,fall,low,mid,normal,True,,
2023-09-02,TzM,almond,2023,245,2.9621465,187.5994333333333,32.36308954545454,12.82484460317439,295.6726109090909,22.61154545454547,27.50100000000003,16.01100000000002,0.8470913684210526,1.87066,,2.286,0.0,0.48,2.047470452954792,,3.0,irrig_d0-3,fall,,lo,normal,True,,
2023-09-04,TzM,almond,2023,247,2.3550466,187.8787411764706,24.96559117647059,38.17515694141578,272.4242607647059,25.3333529411765,27.91200000000003,21.13600000000002,0.7139684999999999,1.16279,0.249700037037037,0.0,0.0,0.46,2.624697022736064,,4.0,irrig_d4-7,fall,wet,lo,normal,True,,
2023-09-05,TzM,almond,2023,248,3.7852568,243.9890857142857,54.91233333333334,42.22830595791799,386.1496823809524,27.01514285714289,31.20500000000004,21.70000000000005,1.007335590476191,1.96344,0.2182230769230769,0.0,0.0,0.45,4.362980358286398,,5.0,irrig_d4-7,fall,wet,lo,normal,True,,
2023-09-06,TzM,almond,2023,249,3.2723837,246.1374111111111,61.57513777777778,43.27723509074982,388.7667944444444,27.58388888888891,30.59800000000001,24.495,1.3025093333333329,2.07473,0.1815856428571428,0.0,0.0,0.43,4.852092383522503,,6.0,irrig_d4-7,fall,wet,mid,normal,True,,
2023-09-07,TzM,almond,2023,250,3.33882435,172.0853846153846,62.30007346153846,38.14302369166214,320.8225769230769,26.56126923076924,32.57400000000001,17.46000000000004,1.395781096,2.78716,0.1715464791666665,0.0,0.0,0.41,5.754502239311758,,7.0,irrig_d4-7,fall,wet,mid,normal,True,,
2023-09-08,TzM,almond,2023,251,2.82327195,159.0546966666667,103.3872291666667,33.64781348090992,362.4601404166667,27.62170833333336,32.98500000000001,19.13600000000002,1.455904995652174,2.75288,0.1661693958333333,0.0,0.0,0.4366666666666666,5.134435272507301,,8.0,irrig_d8plus,fall,wet,mid,normal,True,,
2023-09-09,TzM,almond,2023,252,2.16831625,139.9466195833333,81.67249583333333,26.7039205836823,315.3017666666667,26.99866666666669,33.14500000000004,18.39600000000002,1.722433913043478,3.29001,0.162460375,0.0,0.0,0.4633333333333333,5.012557081883736,,9.0,irrig_d8plus,fall,mid,mid,normal,True,,
2023-09-10,TzM,almond,2023,253,3.13675785,192.9938181818182,63.49168181818182,25.99099570580096,327.3402136363636,26.79490909090912,31.63200000000001,17.94400000000002,1.583628272727273,3.00098,0.1607857872340425,0.0,18.84948,0.49,4.803073956558912,,0.0,irrig_d0-3,fall,mid,mid,normal,True,,
2023-09-11,TzM,almond,2023,254,3.37227765,189.9116,61.69713,27.19922269151513,309.41135,25.58395833333336,29.27500000000003,17.733,1.347283947826087,2.2200100000000003,0.1631451041666666,0.0,0.0,0.488,5.310194812064271,,1.0,irrig_d0-3,fall,mid,mid,normal,True,,
2023-09-12,TzM,almond,2023,255,0.07103435,48.25275,-34.0133,,-41.9835,23.77350000000002,24.59300000000002,22.95400000000001,1.36922,1.49174,0.1634403571428571,0.0,0.0,0.486,,,2.0,irrig_d0-3,fall,mid,mid,normal,True,,
2023-09-13,TzM,almond,2023,256,2.51076695,179.0878473684211,65.06910894736842,53.78116385730839,329.6995105263158,26.05152631578949,29.89100000000002,20.81400000000002,1.161544368421053,2.2190700000000003,0.1617555151515151,0.0,0.0,0.484,4.55670264466426,,3.0,irrig_d0-3,fall,mid,mid,normal,True,,
2023-09-15,TzM,almond,2023,258,0.25827923,88.0740575,-24.92458,,36.74558,19.65780000000001,22.05500000000001,16.315,0.50638865,1.68471,0.2890297222222223,32.766,0.0,0.48,,,4.0,irrig_d4-7,fall,wet,lo,normal,True,,
2023-09-16,TzM,almond,2023,259,1.0654169,120.6189166666667,37.02941083333333,38.73349699284433,219.8408641666667,24.07033333333336,26.27100000000002,21.36600000000004,0.9540845,1.3211700000000002,0.28142005,0.0,0.0,,1.423880490242335,,5.0,irrig_d4-7,fall,wet,lo,normal,False,,
2023-09-17,TzM,almond,2023,260,2.9757599,170.7670726086957,54.69082652173913,32.14058037189425,287.1349418695652,23.25734782608699,28.50600000000003,18.26800000000003,0.8310612260869564,1.70428,0.2605946428571429,0.0,0.0,,3.607458549599197,,6.0,irrig_d4-7,fall,wet,lo,normal,False,,
2023-09-18,TzM,almond,2023,261,2.2202843,251.5157166666667,38.61153083333333,5.000082645374012,310.4851916666667,22.74441666666669,25.10000000000002,18.13600000000002,1.4308493333333332,1.85968,0.2278444545454545,0.0,0.0,,2.286290110136684,,7.0,irrig_d4-7,fall,wet,mid,normal,False,,
2024-04-30,TzM,almond,2024,121,3.48548835,193.250856,92.6757208,36.89043580919097,321.367852,15.08256000000003,20.55000000000001,9.40300000000002,0.6377398095238095,1.74796,0.1554576249999999,0.0,0.0,,6.945396927270517,,8.0,irrig_d8plus,spring,mid,lo,normal,False,,
2024-05-01,TzM,almond,2024,122,2.664755,140.7835769230769,137.2878030769231,18.31335045382893,310.71705,12.01157692307694,15.077,8.597000000000037,0.9376640196,2.98868,0.1548770625,0.0,0.0,,8.689751578752459,,9.0,irrig_d8plus,spring,mid,lo,normal,False,,
2024-05-02,TzM,almond,2024,123,2.71218369,137.7880518518519,175.1366814814815,26.4128559609068,377.0421974074074,13.3457777777778,18.39500000000004,5.477000000000032,0.3885002285714286,1.4082,0.1534576041666667,0.0,0.0,,8.428109732975397,,10.0,irrig_d8plus,spring,low,lo,normal,False,,
2024-05-03,TzM,almond,2024,124,2.855658125,144.5903633333333,155.97761,34.31966336055554,401.64621,16.67137037037039,22.43800000000005,5.228000000000009,1.282931518518518,3.55902,0.1543735833333333,0.0,0.0,,8.473847846684821,,11.0,irrig_d8plus,spring,mid,mid,normal,False,,
2024-05-04,TzM,almond,2024,125,3.1927582,167.0840961538462,121.6762153846154,49.83243727783594,415.1324461538462,21.81580769230771,28.38400000000001,11.93700000000001,1.7196359230769231,4.29716,0.1567062291666667,0.0,13.0,,7.583643806783035,,0.0,irrig_d0-3,spring,mid,mid,normal,False,,
2024-05-05,TzM,almond,2024,126,2.89671785,151.6248961538462,63.56931269230769,39.13784210294443,330.0637538461538,21.90057692307694,23.70500000000004,17.37600000000003,1.781720115384615,4.229640000000001,0.1582916458333333,0.0,0.0,,8.753121005535602,,1.0,irrig_d0-3,spring,mid,hi,normal,False,,
2024-05-06,TzM,almond,2024,127,2.8799533,160.4861923076923,85.789075,41.91914548620524,302.0050973076923,19.44834615384618,24.536,13.28500000000003,1.0661094230769228,2.3583000000000003,0.158209,0.0,0.0,,9.117992418101384,,2.0,irrig_d0-3,spring,mid,lo,normal,False,,
2024-05-07,TzM,almond,2024,128,3.3358639,168.1574666666667,117.255062962963,40.95207577379549,409.6866037037037,21.23174074074076,26.69800000000004,11.16500000000002,0.2577944,0.716964,0.1573749583333333,0.0,0.0,,9.094890067028704,,3.0,irrig_d0-3,spring,mid,lo,normal,False,,
2024-05-10,TzM,almond,2024,131,2.8860672,225.2935789473684,77.9198847368421,51.07243410165442,449.9473,26.80636842105266,31.524,20.43600000000004,0.022573,0.045146,0.1568333191489362,0.0,2.8,,5.098709184185313,,0.0,irrig_d0-3,spring,mid,lo,normal,False,,
2024-05-11,TzM,almond,2024,132,3.5654621,177.4737571428572,33.41314642857143,45.39295983566675,299.7841928571428,22.18225000000002,28.125,11.81800000000004,0.3093532888888889,0.668356,0.1569583333333333,0.0,12.6,,8.616493333062689,,0.0,irrig_d0-3,spring,mid,lo,normal,False,,
2024-05-12,TzM,almond,2024,133,4.093303,213.4623692307692,56.98364807692307,51.6525533585372,418.0833846153846,24.8544230769231,32.10400000000004,14.68600000000004,1.277568070588235,2.99925,0.157457625,0.0,0.0,,8.96433744362091,,1.0,irrig_d0-3,spring,mid,mid,normal,False,,
2024-05-13,TzM,almond,2024,134,3.99762165,193.6869475,30.69261035714286,33.93559847256416,339.0123321428571,24.38153571428574,28.09300000000002,12.315,1.622835214285714,4.14229,0.1579583333333332,0.0,0.0,,8.763786664894987,,2.0,irrig_d0-3,spring,mid,mid,normal,False,,
2024-05-14,TzM,almond,2024,135,4.17850015,220.5269076923077,139.8752867857143,24.28275588278193,394.2306156071429,19.07714285714288,24.23700000000002,13.09800000000001,2.084323475,3.68846,0.1572520625,0.0,0.0,0.58,8.924309692997495,,3.0,irrig_d0-3,spring,mid,hi,normal,True,,
2024-05-15,TzM,almond,2024,136,3.0762451,155.684562962963,169.4047918518519,35.26147468247845,410.0279407407407,17.36574074074077,22.26500000000004,8.997000000000014,1.818652990909091,4.33915,0.1540846875,0.0,0.0,0.58,9.246769771131348,,4.0,irrig_d4-7,spring,mid,hi,normal,True,,
2024-05-16,TzM,almond,2024,137,0.57812232,88.21672111111111,126.6474588888889,14.8446931006419,246.5137444444445,11.85044444444446,14.35300000000001,8.060000000000002,3.618177777777778,4.45336,0.1504610833333334,0.0,0.0,0.58,2.662937638867151,,5.0,irrig_d4-7,spring,low,xhi,atm,True,,
2024-05-19,TzM,almond,2024,140,2.15612895,196.53313125,91.56195,24.417159614254,373.134625,24.42700000000002,27.32300000000004,19.19300000000004,0.2703077454545455,0.614401,0.1529965416666666,0.0,0.0,0.56,4.512852603927798,,6.0,irrig_d4-7,spring,low,lo,normal,True,,
2024-05-20,TzM,almond,2024,141,2.893630135,143.45106,111.5751642857143,18.15944613653355,344.3054035714286,19.17846428571431,23.36700000000002,8.653999999999996,1.324839462962963,3.30051,0.1533131874999999,0.0,0.0,0.556,8.86094480808311,,7.0,irrig_d4-7,spring,low,mid,normal,True,,
2024-05-21,TzM,almond,2024,142,2.5360005,132.9803884615385,98.9381296153846,16.78620426200969,321.1717884615385,19.74284615384617,24.16300000000001,11.14100000000002,1.569732153846154,3.85338,0.1524489148936169,0.0,0.12948,0.552,7.85974255850221,,8.0,irrig_d8plus,spring,low,mid,normal,True,,
2024-05-22,TzM,almond,2024,143,3.6625212,178.1421257142857,121.6312863214286,28.9910609784358,400.9139285714286,20.46646428571431,27.036,9.50200000000001,1.397786428571429,4.04729,0.1524992916666666,0.0,11.04948,0.548,9.94796247361042,,0.0,irrig_d0-3,spring,low,mid,normal,True,,
2024-05-23,TzM,almond,2024,144,3.87443415,187.9093642857143,64.67126964285714,45.20286298776057,369.3542142857143,22.61414285714288,29.661,10.221,1.296654436,3.75895,0.1536242708333334,0.0,0.0,0.544,10.04566369998916,,1.0,irrig_d0-3,spring,mid,mid,normal,True,,
2024-05-24,TzM,almond,2024,145,3.90666725,196.2374418518519,89.47648214285714,40.00661327646217,414.0053071428571,24.32025000000002,33.02300000000002,12.42700000000002,1.793324703913044,4.39139,0.1546242708333332,0.0,0.0,0.54,8.525399469397113,,2.0,irrig_d0-3,spring,mid,hi,normal,True,,
2024-05-25,TzM,almond,2024,146,4.7728685,230.5602123928571,63.40482814285714,36.70583066190741,409.6536214285714,26.02221428571431,32.86200000000002,12.17400000000004,1.107810392857143,2.53398,0.1552909583333333,0.0,17.03052,0.536,8.736759943540036,,0.0,irrig_d0-3,spring,mid,mid,normal,True,,
2024-05-26,TzM,almond,2024,147,5.01584553,241.46109,32.96759571428571,36.41478539824082,404.5496285714286,26.97914285714287,33.13800000000003,12.25600000000003,1.173755221538461,2.58256,0.1565409374999999,0.0,0.0,0.532,9.222625970699486,,1.0,irrig_d0-3,spring,mid,mid,normal,True,,
2024-05-27,TzM,almond,2024,148,1.41948903,159.924115,94.02013083333333,50.17218817338282,323.92975,21.55683333333336,28.99000000000001,14.63100000000003,0.6768059772727272,1.45136,0.1555231739130434,0.0,0.0,0.528,5.042882599965797,,2.0,irrig_d0-3,spring,mid,lo,normal,True,,
2024-05-29,TzM,almond,2024,150,3.541014,317.9147533333334,-7.81872,30.03073308652969,406.4423133333333,32.78026666666669,35.92000000000002,26.86799999999999,0.4147988666666666,1.0234,0.1605772727272727,0.0,11.04948,0.52,4.114486615919311,,0.0,irrig_d0-3,spring,mid,lo,normal,True,,
2024-05-30,TzM,almond,2024,151,6.10796395,294.2692642857143,-0.5066085714285716,43.53809652963551,420.9483071428571,29.62250000000003,35.64400000000001,16.76000000000005,1.348063527272727,2.91099,0.1593333125,0.0,1.68948,0.488,8.843262556980369,,0.0,irrig_d0-3,spring,mid,mid,normal,True,,
2024-05-31,TzM,almond,2024,152,4.3704601,225.164537037037,85.55654777777778,40.73902018639296,429.1657407407407,24.62114814814817,29.80500000000001,16.77700000000004,2.042344113636364,3.92533,0.1588347083333333,0.0,9.75,0.456,10.42207819434803,,0.0,irrig_d0-3,spring,mid,hi,normal,True,,
2024-06-01,TzM,almond,2024,153,3.7051522,175.9708596428571,90.34086107142858,35.21537073149192,359.0255464285714,22.1811785714286,27.21000000000004,15.113,2.669712928571429,5.37357,0.1574589999999999,0.0,15.08052,0.424,9.765107633286144,,0.0,irrig_d0-3,summer,mid,xhi,atm,True,,
2024-06-02,TzM,almond,2024,154,4.173516605,202.3852260714286,102.258525,30.95856640837332,427.7027964285714,23.42585714285716,30.82900000000001,13.09500000000003,2.5590805,6.30815,0.1565833125,0.0,0.0,0.392,9.361311723812204,,1.0,irrig_d0-3,summer,mid,xhi,atm,True,,
2024-06-03,TzM,almond,2024,155,3.52090005,217.5188545454545,99.8021295652174,34.35687877811117,448.7819769565218,22.10430434782612,26.41500000000002,13.452,2.807107565217391,4.8628,0.1564977708333333,3.048,0.0,0.36,7.674418822261078,,2.0,irrig_d0-3,summer,mid,xhi,atm,True,,
2024-06-06,TzM,almond,2024,158,1.52823975,228.7388888888889,-50.32341555555556,14.32811549211128,211.2381444444445,31.21688888888891,34.41900000000004,25.69,0.071515425,0.173565,0.1603389787234041,0.0,10.65948,0.384,1.602722770311353,,0.0,irrig_d0-3,summer,mid,lo,normal,True,,
2024-06-07,TzM,almond,2024,159,5.6906095,275.2293,-3.058378571428571,45.9696546308253,362.6257179642857,25.93350000000002,30.81800000000004,18.18000000000001,2.439703857142857,5.5298,0.1603340208333333,0.0,0.0,0.392,10.14626886248761,,1.0,irrig_d0-3,summer,mid,xhi,atm,True,,
2024-06-08,TzM,almond,2024,160,3.30586045,213.7625047619048,55.47967143478261,46.36095521418352,353.1615913043478,22.81308695652177,27.37600000000003,15.54500000000002,2.687192260869565,4.74727,0.1635097291666666,10.922,0.0,0.4,7.576551171880554,,2.0,irrig_d0-3,summer,mid,xhi,atm,True,,
2024-06-09,TzM,almond,2024,161,4.4426646,216.0520535714286,62.5113425,22.79259970134978,320.7346692857143,20.68357142857145,25.34700000000004,14.00600000000003,2.778162,4.86698,0.2514152708333333,1.27,0.0,0.4320000000000001,5.793699888472286,,3.0,irrig_d0-3,summer,wet,xhi,atm,True,,
2024-06-10,TzM,almond,2024,162,3.3880247,185.956064,33.08055857142857,20.85692855303683,255.5692453571428,20.1559285714286,25.34400000000005,15.53700000000003,2.49487912,5.11457,0.2247658958333333,4.318,0.0,0.464,9.461549732509305,,4.0,irrig_d4-7,summer,wet,xhi,atm,True,,
2024-06-11,TzM,almond,2024,163,4.38302405,238.205748,46.50419571428571,27.37149402148145,313.7878476071429,21.93214285714288,27.69500000000005,15.42000000000002,2.420755216666666,4.983899999999999,0.2058090208333334,0.0,0.0,0.4960000000000001,6.524342157009363,,5.0,irrig_d4-7,summer,wet,hi,normal,True,,
2024-06-12,TzM,almond,2024,164,2.466889495,145.8052730434783,65.591576,6.517563488363459,251.4718418518518,17.45288888888891,20.66700000000003,13.92200000000003,2.487220629629629,4.78769,0.2318680416666666,5.334,0.0,0.528,6.321890404685417,,6.0,irrig_d4-7,summer,wet,xhi,atm,True,,
2024-06-13,TzM,almond,2024,165,5.1794608,250.8399321428572,58.01992428571429,35.38414895708195,447.7282621428571,24.20703571428574,31.26000000000005,12.05500000000001,2.039873392857143,4.02969,0.2350194166666666,0.0,0.0,0.56,8.243528657183619,,7.0,irrig_d4-7,summer,wet,hi,normal,True,,
2024-06-14,TzM,almond,2024,166,5.3357449,256.726625,34.694355,42.78639179755548,440.4333107142857,28.11328571428574,35.09400000000005,14.63500000000005,2.131126498076923,4.93687,0.1920151875,0.0,0.0,0.5633333333333334,7.537635501387139,,8.0,irrig_d8plus,summer,wet,hi,normal,True,,
2024-06-15,TzM,almond,2024,167,6.10468505,295.1088928571428,39.43025714285714,35.28419785301329,439.9659153571429,26.96125000000002,31.911,17.81800000000004,1.53208675,3.03186,0.1781701041666666,0.0,11.43948,0.5666666666666667,7.909681743645995,,0.0,irrig_d0-3,summer,wet,mid,normal,True,,
2024-06-16,TzM,almond,2024,168,5.3659638,258.7077214285714,51.81964428571428,47.02670418223939,431.9788582142857,26.53357142857145,33.78800000000001,14.67500000000001,2.118805714285714,4.12096,0.1760006666666666,0.0,0.0,0.57,7.861252889666536,,1.0,irrig_d0-3,summer,wet,hi,normal,True,,
2024-06-17,TzM,almond,2024,169,4.8477381,230.409625,50.17252285714286,38.41345770096303,430.3641285714286,28.13196428571431,35.78800000000001,14.98200000000003,2.900861785714286,6.019,0.1754173333333333,0.0,0.0,0.5549999999999999,7.919588311718151,,2.0,irrig_d0-3,summer,wet,xhi,atm,True,,
2024-06-18,TzM,almond,2024,170,5.32263875,257.0142785714286,61.54344678571429,29.24527898629604,436.9785953571429,27.95414285714288,33.50900000000001,16.68200000000002,2.968545642857143,5.243270000000001,0.1733353541666667,0.0,0.0,0.54,7.438226598479306,,3.0,irrig_d0-3,summer,wet,xhi,atm,True,,
2024-06-19,TzM,almond,2024,171,4.5639595,221.3218535714286,102.5254082142857,35.12645423415652,405.0541428571429,23.81350000000002,30.25400000000002,15.81800000000004,2.0588208333333333,4.8674,0.170251375,0.0,11.82948,0.5466666666666667,9.848405234559223,,0.0,irrig_d0-3,summer,wet,hi,normal,True,,
2024-06-20,TzM,almond,2024,172,4.55294165,221.405575,101.0856222857143,32.45982321855571,376.2574892857143,21.13117857142859,26.24299999999999,14.51500000000004,2.262638878571428,5.65176,0.1680853958333333,0.508,1.17,0.5533333333333333,9.34392466984032,,0.0,irrig_d0-3,summer,wet,hi,normal,True,,
2024-06-21,TzM,almond,2024,173,4.969564315,240.7211135714286,84.13070142857143,35.43879240955549,441.7836071428571,24.89992857142859,31.50800000000004,13.178,3.1856428571428568,6.73715,0.1666666458333332,0.0,0.0,0.56,8.536035989420359,,1.0,irrig_d0-3,summer,wet,xhi,atm,True,,
2024-06-22,TzM,almond,2024,174,5.1107374,246.8474192857143,37.42133428571429,36.69494145329638,421.7560842857143,27.31889285714288,33.44100000000003,14.56600000000003,3.027590964285714,6.20364,0.1666666249999999,0.0,0.0,0.545,8.280738829176249,,2.0,irrig_d0-3,summer,wet,xhi,atm,True,,
2024-06-23,TzM,almond,2024,175,5.25198705,253.6587464285714,50.18254482758621,37.05926862085198,425.2084355172414,27.6404482758621,35.238,17.58100000000002,2.574466541666667,6.350149999999999,0.1665423541666666,0.0,10.65948,0.53,9.442237213050234,,0.0,irrig_d0-3,summer,wet,xhi,atm,True,,
2024-06-24,TzM,almond,2024,176,4.8500425,234.3787392857143,50.87149067857143,34.46207052298674,414.1788535714286,27.30210714285717,34.88800000000003,16.50300000000004,2.2567318936,5.74354,0.1664159791666666,0.0,0.0,0.506,8.468674485282541,,1.0,irrig_d0-3,summer,wet,hi,normal,True,,
2024-07-01,TzM,almond,2024,183,4.7578517,322.140052,35.86819571428571,32.86638313550873,441.4783761904762,27.1284285714286,31.97400000000005,20.98700000000002,1.117940852380952,4.25472,0.164796347826087,4.318,0.0,0.54,5.772012411942223,,2.0,irrig_d0-3,summer,wet,mid,normal,True,,
2024-07-02,TzM,almond,2024,184,5.87134615,273.7707931034483,50.87420713793104,28.37558200682678,424.716,27.67124137931037,34.36600000000004,15.31100000000004,2.160101862068966,5.45938,0.1608326249999999,0.0,0.0,0.53,7.699882942083265,,3.0,irrig_d0-3,summer,mid,hi,normal,True,,
2024-07-03,TzM,almond,2024,185,5.5726349,268.5791253571429,51.04905357142857,33.32722870551849,430.9512607142857,29.82135714285717,36.36400000000003,16.17200000000003,2.176098857142857,5.43853,0.1617083125,0.0,0.0,0.52,6.856077124384164,,4.0,irrig_d4-7,summer,mid,hi,normal,True,,
2024-07-04,TzM,almond,2024,186,4.5669519,219.073225,54.20996142857143,46.2794280182223,428.6453560714286,32.28107142857145,40.79600000000005,17.077,2.334792535714286,5.60337,0.161707625,0.0,0.0,0.5066666666666667,6.272459874776563,,5.0,irrig_d4-7,summer,mid,hi,normal,True,,
2024-07-05,TzM,almond,2024,187,4.28324135,206.2260571428571,95.30123607142858,34.66619622648165,409.6446057142857,30.64596428571431,37.03100000000001,18.536,2.451282125,5.6119200000000005,0.1619173958333333,0.0,0.0,0.4933333333333333,7.590775458198951,,6.0,irrig_d4-7,summer,mid,xhi,atm,True,,
2024-07-06,TzM,almond,2024,188,5.4312661,252.9175413793103,58.90085793103448,22.33845167285325,408.5274931034483,28.83400000000003,33.58800000000002,18.16800000000001,1.783302,4.84003,0.1609583333333333,0.0,20.67,0.48,8.846199085589724,,0.0,irrig_d0-3,summer,mid,hi,normal,True,,
2024-07-07,TzM,almond,2024,189,4.016455286,195.2015506206897,62.13751393103448,27.58637241088075,379.2867,27.23324137931037,34.03200000000004,17.85500000000002,2.440189517241379,5.93051,0.1627902708333333,0.0,0.0,0.49,8.142258278467015,,1.0,irrig_d0-3,summer,mid,xhi,atm,True,,
2024-07-08,TzM,almond,2024,190,5.0808414,244.9654107142857,51.20345928571429,39.58204441338482,412.7293346428572,29.30282142857145,36.08700000000005,19.48700000000002,2.4282055,6.17549,0.1640409791666666,0.0,0.0,0.5,7.937694256740722,,2.0,irrig_d0-3,summer,mid,hi,normal,True,,
2024-07-09,TzM,almond,2024,191,4.8930961,227.1106637931034,37.2438524137931,40.9071138424364,381.8379265517241,30.4814482758621,38.99600000000004,17.14300000000003,2.397273758620689,5.24123,0.1631673333333333,0.0,0.0,0.5066666666666667,7.393085234371593,,3.0,irrig_d0-3,summer,mid,hi,normal,True,,
2024-07-10,TzM,almond,2024,192,6.49161265,322.652825,9.386468571428573,31.44870720975928,434.2094607142857,30.72478571428574,37.51900000000001,18.495,2.119867285714286,4.67979,0.1627909374999999,0.0,11.57052,0.5133333333333333,7.686464034649386,,0.0,irrig_d0-3,summer,mid,hi,normal,True,,
2024-07-11,TzM,almond,2024,193,6.97414961,335.0385414285714,-13.23114453571429,35.68725020220357,434.1464285714285,32.61989285714288,38.11900000000003,19.42400000000004,2.297636268518519,5.46495,0.1638117916666666,0.0,0.39,0.52,7.420023805349429,,1.0,irrig_d0-3,summer,mid,hi,normal,True,,
2024-07-12,TzM,almond,2024,194,6.06289045,291.9810392857143,39.79982635714286,24.32377281453692,424.4913071428571,30.91982142857145,36.32600000000002,21.31200000000001,1.983049337037037,3.71552,0.1631263541666666,0.0,0.0,0.51,6.922890908105897,,2.0,irrig_d0-3,summer,mid,hi,normal,True,,
2024-07-13,TzM,almond,2024,195,5.1528237,257.329337037037,47.57307857142857,37.33255469054667,410.5211214285714,29.77467857142859,36.54600000000005,20.75700000000001,0.6684206948148148,2.23879,0.1616256666666666,0.0,14.30052,0.5,7.646689231610281,,0.0,irrig_d0-3,summer,mid,lo,normal,True,,
2024-07-14,TzM,almond,2024,196,6.917505565,333.2621132142857,-9.823251857142855,27.95404780207983,422.5873117857143,29.64060714285717,35.81200000000001,17.95800000000003,1.6638622851851852,4.6962600000000005,0.162041625,0.0,0.0,0.4966666666666666,7.331040867320061,,1.0,irrig_d0-3,summer,mid,mid,normal,True,,
2024-07-15,TzM,almond,2024,197,6.744844205,325.293605,17.52961210714286,26.74431010938888,424.6215167857143,29.28560714285717,34.60900000000004,16.45300000000003,1.6765564642857138,4.4852,0.1614784583333333,0.0,0.0,0.4933333333333333,7.290676225653494,,2.0,irrig_d0-3,summer,mid,mid,normal,True,,
2024-07-16,TzM,almond,2024,198,4.9302251,258.1359814814815,47.19086832142857,31.81944808874083,424.2425714285714,31.12157142857145,38.11700000000002,18.75,1.925979714285714,4.4192,0.1619166458333334,0.0,0.0,0.49,7.295912555317585,,3.0,irrig_d0-3,summer,mid,hi,normal,True,,
2024-07-17,TzM,almond,2024,199,5.6676722505,273.1116785214286,35.15260353571428,35.82320860068361,415.5105357142857,29.36803571428574,34.28300000000002,20.08500000000004,2.543002857142857,4.57505,0.1620833125,0.0,11.57052,0.44,8.589655921095293,,0.0,irrig_d0-3,summer,mid,xhi,atm,True,,
2024-07-23,TzM,almond,2024,205,4.35485675,243.6926791666667,75.15993666666667,55.43015774034696,463.2015,35.56091666666669,42.45300000000003,26.49299999999999,0.2099554875,0.5542050000000001,0.1613398695652174,0.0,0.0,0.46,5.580212629614084,,1.0,irrig_d0-3,summer,mid,lo,normal,True,,
2024-07-24,TzM,almond,2024,206,6.955431,333.5684796428571,-28.33655053571428,36.22961048513772,404.5735571428572,34.01255555555558,40.36000000000001,20.28400000000005,1.180126825,3.91515,0.1609159375,0.0,11.43948,0.46,7.000939501377098,,0.0,irrig_d0-3,summer,mid,mid,normal,True,,
2024-07-25,TzM,almond,2024,207,5.9826639,287.1980428571429,-15.3987025,35.15687540620419,398.2220832142857,33.32235714285717,41.18900000000002,20.94800000000004,1.3803189666666669,4.65854,0.1615,0.0,0.26052,0.46,6.719619413644215,,1.0,irrig_d0-3,summer,mid,mid,normal,True,,
2024-07-26,TzM,almond,2024,208,4.308075765,209.5325703703704,73.06555555555556,41.84227445592861,415.7566050740741,31.5173703703704,39.87100000000004,20.57900000000001,0.5939135336842105,2.57243,0.1607492708333332,0.0,0.0,0.46,6.853042034579572,,2.0,irrig_d0-3,summer,mid,lo,normal,True,,
2024-07-27,TzM,almond,2024,209,5.28080155,273.2023851851852,8.956751851851852,38.52692661159099,411.9873692592593,31.55581481481483,38.67500000000001,20.77600000000001,0.3913552,1.28894,0.1599590208333332,0.0,13.13052,0.465,7.298717082052597,,0.0,irrig_d0-3,summer,mid,lo,normal,True,,
2024-07-28,TzM,almond,2024,210,6.4286434,321.3665740740741,9.362498555555556,34.76652011109311,415.6083111111111,29.58266666666669,34.75900000000001,20.99400000000003,0.3708806407407407,1.43509,0.1601249791666666,0.0,0.0,0.47,8.262818097707953,,1.0,irrig_d0-3,summer,mid,lo,normal,True,,
2024-07-29,TzM,almond,2024,211,5.50601515,285.3298538461539,-48.98301438461539,51.07171823717955,330.3879846153846,31.11750000000002,38.077,21.22200000000004,0.34919594215,1.10065,0.1612493125,0.0,0.0,0.4733333333333333,7.007965538781886,,2.0,irrig_d0-3,summer,mid,lo,normal,True,,
2024-07-30,TzM,almond,2024,212,5.737861,296.9772307692307,2.464257307692308,45.98479667801841,384.0077615384615,33.35757692307695,38.92100000000005,22.88300000000004,0.329463584,2.03916,0.1618749791666666,0.0,0.0,0.4766666666666666,5.588447420943583,,3.0,irrig_d0-3,summer,mid,lo,normal,True,,
2024-07-31,TzM,almond,2024,213,7.099463800000001,353.3001148148148,-47.25306114814815,40.91984431444454,415.4522814814815,34.03418518518521,39.83200000000005,21.94400000000002,0.1401197736363635,0.549476,0.1614166458333333,0.0,11.31,0.48,6.846920220890632,,0.0,irrig_d0-3,summer,mid,lo,normal,True,,
2024-08-01,TzM,almond,2024,214,6.57469195,326.8921333333333,-22.84685777777778,37.59075929250258,407.3992714814815,34.93266666666669,40.91500000000002,21.48099999999999,0.1898764888888889,0.807654,0.1613332916666666,0.0,0.0,0.465,5.860365850898253,,1.0,irrig_d0-3,summer,mid,lo,normal,True,,
2024-08-02,TzM,almond,2024,215,5.22090165,260.374197037037,45.99201666666666,36.63160993205526,398.9343962962963,32.35185185185188,37.10000000000002,20.42400000000004,0.5406302592592592,1.40425,0.1596680208333333,0.0,0.0,0.45,5.951342447071691,,2.0,irrig_d0-3,summer,mid,lo,normal,True,,
2024-08-03,TzM,almond,2024,216,4.92940295,245.643562962963,28.9958562962963,39.67803667189314,403.7504062962963,32.46062962962965,39.28800000000001,21.77200000000005,0.3377910222222222,1.1688,0.1594159583333333,0.0,24.83052,0.4566666666666667,7.256618844240957,,0.0,irrig_d0-3,summer,mid,lo,normal,True,,
2024-08-04,TzM,almond,2024,217,5.48611495,273.4574629629629,5.806864,45.17882067609252,404.2521581481482,32.37455555555557,39.79900000000004,22.19100000000003,1.0163288,3.01387,0.1609569166666666,0.0,10.01052,0.4633333333333333,6.853017490540839,,0.0,irrig_d0-3,summer,mid,lo,normal,True,,
2024-08-05,TzM,almond,2024,218,5.94920655,296.4263037037037,-36.78481222222222,38.80504523608906,381.0688296296296,32.80118518518521,39.43700000000001,21.791,1.138341565,2.39889,0.1617485625,0.0,0.0,0.47,6.128311489036746,,1.0,irrig_d0-3,summer,mid,mid,normal,True,,
2024-08-06,TzM,almond,2024,219,5.77521535,286.8307777777778,-7.922328148148148,38.02540185514825,392.3433444444445,33.61222222222225,39.45800000000003,22.46500000000003,0.8485424814814815,2.23684,0.1616673125,0.0,0.0,0.46,6.058681314142301,,2.0,irrig_d0-3,summer,mid,lo,normal,True,,
2024-08-07,TzM,almond,2024,220,4.88940125,243.7585185185185,6.658107037037038,30.65747746538929,378.7706925925926,32.28129629629632,37.28100000000001,21.82000000000005,0.8535624074074074,2.62142,0.1610423541666666,0.0,0.0,0.45,6.245727246639922,,3.0,irrig_d0-3,summer,mid,lo,normal,True,,
2024-08-08,TzM,almond,2024,221,4.7704251,237.7190962962963,38.40381925925926,37.80576772444448,381.3263222222222,33.17925925925928,40.286,21.286,0.873993424,2.78842,0.1603749583333333,0.0,0.0,0.45,5.884073459947532,,4.0,irrig_d4-7,summer,mid,lo,normal,True,,
2024-08-09,TzM,almond,2024,222,5.6738397,282.5016259259259,-2.861698518518519,35.24600770546277,385.8088,33.57900000000002,40.42000000000002,22.697,0.7236783514999999,2.73699,0.1603312291666666,0.0,11.04948,0.45,6.082626051657751,,0.0,irrig_d0-3,summer,mid,lo,normal,True,,
2024-08-12,TzM,almond,2024,225,6.27183184,312.6228788888889,-14.65490333333333,24.89103673101474,392.420737037037,32.48296296296299,39.70400000000001,22.33800000000002,0.3946893045454545,1.40633,0.16129025,0.0,0.0,0.45,6.408001290564936,,1.0,irrig_d0-3,summer,mid,lo,normal,True,,
2024-08-13,TzM,almond,2024,226,6.0536501,302.4783759259259,-4.208959185185186,19.51246674240745,361.6284714814815,29.68322222222224,33.48000000000002,22.62,0.7985482851851853,2.79499,0.1611055416666666,0.0,0.0,0.4733333333333333,5.888464632887032,,2.0,irrig_d0-3,summer,mid,lo,normal,True,,
2024-08-14,TzM,almond,2024,227,3.8854863,210.809164,32.162085,35.57423386276798,312.8191461538461,24.89588461538463,29.75,16.51300000000003,0.6682761153846154,1.83488,0.2177062708333332,11.43,11.57052,0.4966666666666667,2.829844085557784,,0.0,irrig_d0-3,summer,wet,lo,normal,True,,
2024-08-15,TzM,almond,2024,228,4.49924625,243.54016,61.51732396,22.86127016785844,406.29262548,27.39168000000002,35.37900000000002,19.78500000000003,0.436731776,1.46893,0.2619660212765958,0.0,0.0,0.52,4.722023549179645,,1.0,irrig_d0-3,summer,wet,lo,normal,True,,
2024-08-16,TzM,almond,2024,229,4.94544965,256.9722,39.60774615384615,31.02058417288918,415.1021,29.05003846153848,36.63100000000003,20.88800000000003,0.31822158,1.21007,0.2228583125,0.0,0.0,0.505,5.143191416445951,,2.0,irrig_d0-3,summer,wet,lo,normal,True,,
2024-08-17,TzM,almond,2024,230,5.41493235,280.7978038461538,-4.202078461538462,28.76522475611602,400.9688692307692,30.78926923076926,35.52100000000002,23.08200000000005,0.2770601090909091,1.08031,0.1937221666666666,0.0,0.0,0.49,5.343595710399928,,3.0,irrig_d0-3,summer,wet,lo,normal,True,,
2024-08-18,TzM,almond,2024,231,5.6939459,295.1518330769231,-13.98590715384615,31.70315955619309,404.5472834615385,31.53826923076926,36.30900000000003,23.09200000000004,0.1317579203846154,1.08337,0.1812103749999999,0.0,10.65948,0.4766666666666667,5.330269281247252,,0.0,irrig_d0-3,summer,wet,lo,normal,True,,
2024-08-19,TzM,almond,2024,232,4.5604715,361.1440941176471,-24.33664058823529,43.90529663514894,448.3543547058824,33.35664705882355,36.75100000000003,29.19100000000003,1.260648470588235,2.35092,0.180595,0.0,0.0,0.4633333333333333,3.777027292963521,,1.0,irrig_d0-3,summer,wet,mid,normal,True,,
2024-08-20,TzM,almond,2024,233,4.57598513,236.9951584615385,26.83680130769231,43.83236134616668,394.7589192307692,31.51330769230771,39.19900000000001,21.476,1.075941388461539,1.83474,0.1775430416666666,0.0,0.0,0.45,6.061953746133272,,2.0,irrig_d0-3,summer,wet,mid,normal,True,,
2024-08-21,TzM,almond,2024,234,3.00654405,225.4888,49.47131,36.97504610666675,387.9393183333333,30.04494444444446,32.52700000000004,26.55800000000005,0.4575710222222222,1.4539000000000002,0.1748595357142857,0.0,0.0,0.4457142857142857,3.875927498576928,,3.0,irrig_d0-3,summer,wet,lo,normal,True,,
2024-08-22,TzM,almond,2024,235,4.6209879,244.24042,29.883912,45.58432955930418,397.380184,31.56256000000003,36.75300000000004,21.80800000000005,0.3490029263999999,1.1201199999999998,0.171709,0.0,0.0,0.4414285714285714,5.954376925013894,,4.0,irrig_d4-7,summer,wet,lo,normal,True,,
2024-08-25,TzM,almond,2024,238,2.48044995,197.2556647058823,60.74165705882353,32.52094447113881,368.7298451176471,28.39582352941179,30.77100000000002,24.18600000000004,0.8449946363636364,1.17938,0.1660787878787878,0.508,0.0,0.4285714285714285,4.079586244085934,,5.0,irrig_d4-7,summer,wet,lo,normal,True,,
2024-08-26,TzM,almond,2024,239,3.00096515,164.637408,86.569318544,52.61361355996468,353.035656,29.13428000000003,36.988,20.67900000000003,0.72966108,1.80253,0.1627486041666667,0.0,0.0,0.4242857142857143,6.722496257192064,,6.0,irrig_d4-7,summer,mid,lo,normal,True,,
2024-08-27,TzM,almond,2024,240,1.5601231,190.5158754545455,26.79192454545455,28.44339823746633,258.3934909090909,34.70818181818184,38.20500000000004,27.262,0.3612145454545454,0.4543109999999999,0.1646045227272728,0.0,0.0,0.42,1.797124487171187,,7.0,irrig_d4-7,summer,wet,lo,normal,True,,
2024-08-28,TzM,almond,2024,241,2.8086421,151.4133548,98.92944,46.86327183335177,358.659668,31.27296000000002,37.601,22.21300000000002,0.992252756,3.46898,0.1611664999999999,0.0,0.0,0.4233333333333333,4.781956946209332,,8.0,irrig_d8plus,summer,mid,lo,normal,True,,
2024-08-29,TzM,almond,2024,242,2.1453417,121.76302,82.784338528,24.38230990842504,296.4304424,28.96652000000002,33.15900000000005,21.392,1.27944656,4.02717,0.1591270624999999,0.0,0.0,0.4266666666666666,5.494770877466792,,9.0,irrig_d8plus,summer,mid,mid,normal,True,,
2024-08-30,TzM,almond,2024,243,2.5472017,143.5270375,138.4509645833333,45.60629081538882,350.6873375,27.80920833333336,32.42500000000001,21.05800000000005,1.481711125,3.12895,0.1575423333333333,0.0,0.0,0.43,6.153763306591739,,10.0,irrig_d8plus,summer,mid,mid,normal,True,,
2024-08-31,TzM,almond,2024,244,2.5486846,137.87326,92.61478964,40.84430524814218,317.43877468,27.47544000000002,31.54700000000003,19.94600000000003,0.8075314166666667,1.70009,0.1575402916666665,0.0,18.72,0.436,5.913605472446384,,0.0,irrig_d0-3,summer,mid,lo,normal,True,,
2024-09-01,TzM,almond,2024,245,3.1488361,177.1800166666667,78.98898,31.62697741356501,340.1675828,28.93684000000002,32.553,20.30900000000003,1.0506052,2.34621,0.1633298958333333,0.0,0.0,0.442,6.17774614479342,,1.0,irrig_d0-3,fall,mid,lo,normal,True,,
2024-09-02,TzM,almond,2024,246,2.34056155,121.620124,76.5383696,36.45421752783847,294.784124,27.51184000000002,34.61000000000001,21.709,0.7193409319999999,1.73425,0.1645006874999999,0.0,0.0,0.448,4.562454627184631,,2.0,irrig_d0-3,fall,wet,lo,normal,True,,
2024-09-03,TzM,almond,2024,247,2.5502724,143.5744541666667,119.0598702916667,47.55590185529289,374.6236791666666,28.27720833333336,33.48000000000002,21.09000000000003,0.7785915416666667,2.00601,0.1632090416666666,0.0,0.0,0.454,2.163239547752526,,3.0,irrig_d0-3,fall,mid,lo,normal,True,,
2024-09-04,TzM,almond,2024,248,2.3576128,133.0729591666667,100.6127433333333,29.61394668025122,334.6363316666666,26.17479166666669,30.22000000000003,19.97200000000004,1.166940333333333,2.44877,0.1613770625,0.0,0.0,0.46,5.115245504348669,,4.0,irrig_d4-7,fall,mid,mid,normal,True,,
2024-09-05,TzM,almond,2024,249,1.5894923,89.76817916666667,99.28872708333331,40.62766779974077,293.92312625,25.20691666666669,29.13,16.95600000000002,0.7756093956521739,2.33371,0.1582930416666666,0.0,0.0,0.465,4.862573967334352,,5.0,irrig_d4-7,fall,mid,lo,normal,True,,
2024-09-06,TzM,almond,2024,250,3.4731508,195.665025,84.0660625,48.82138721831481,365.1141541666667,28.1589166666667,32.46900000000005,20.34900000000005,0.55162775,1.2923099999999998,0.1586242916666667,0.0,11.7,0.47,4.862399625249663,,0.0,irrig_d0-3,fall,mid,lo,normal,True,,
2024-09-07,TzM,almond,2024,251,3.1475515,177.7688291666667,91.17607416666668,44.73502936587444,366.2056679166667,25.53891666666669,32.33500000000004,16.822,0.4426508260869566,1.18227,0.1586249583333333,0.0,0.0,0.4766666666666666,4.910216251416173,,1.0,irrig_d0-3,fall,mid,lo,normal,True,,
2024-09-08,TzM,almond,2024,252,3.22483845,182.2286,86.41092316666666,37.95773147509269,327.0503654166666,25.02900000000003,29.35700000000003,18.16400000000004,0.2544176216666667,1.26619,0.1586432708333333,0.762,7.14948,0.4833333333333333,4.649030334039632,,0.0,irrig_d0-3,fall,mid,lo,normal,True,,
2024-09-09,TzM,almond,2024,253,3.21041,181.1101666666667,80.1087375,34.84303295980948,356.7299291666667,26.46416666666669,32.90900000000005,14.76800000000003,0.6167872173913044,1.47799,0.1577499583333333,0.0,0.0,0.49,4.913695808233913,,1.0,irrig_d0-3,fall,mid,lo,normal,True,,
2024-09-10,TzM,almond,2024,254,2.94619505,165.9138508333333,70.12940833333333,38.67562786209511,349.8586375,28.06937500000002,33.952,15.10599999999999,0.2471391866666666,0.5594410000000001,0.1570832708333333,0.0,0.0,0.475,4.87517789653241,,2.0,irrig_d0-3,fall,mid,lo,normal,True,,
2024-09-11,TzM,almond,2024,255,2.1670931,136.5331956521739,100.0037086956522,26.66697786260008,337.0787130434783,27.1166086956522,32.60900000000004,19.04500000000002,0.3407417391304347,0.991535,0.1573340208333333,0.0,0.0,0.46,4.975917830587042,,3.0,irrig_d0-3,fall,mid,lo,normal,True,,
2024-09-12,TzM,almond,2024,256,2.69708065,152.2663625,107.6543225,22.83898204962972,335.1045554166666,26.16404166666668,30.197,16.267,0.2599997916666667,0.7865850000000001,0.1561673124999999,0.0,0.0,,5.265877841060735,,4.0,irrig_d4-7,fall,mid,lo,normal,False,,
2024-09-13,TzM,almond,2024,257,1.92350505,107.4436375,136.5004666666667,33.06345235580696,327.9811654166667,23.42287500000002,30.233,15.13400000000001,0.1837964584615385,0.8727619999999999,0.1541701875,0.0,0.0,,5.674909321923571,,5.0,irrig_d4-7,fall,mid,lo,normal,False,,
2024-09-17,TzM,almond,2024,261,1.98059375,112.0664791666667,99.3481825,29.28334816897365,321.772875,23.62541666666669,28.19600000000003,13.88900000000001,1.581825625,2.53787,0.1536861249999999,0.0,0.0,,4.98635100952713,,6.0,irrig_d4-7,fall,mid,mid,normal,False,,
2024-09-18,TzM,almond,2024,262,1.21464025,71.90004304347826,97.07331608695652,25.6028989417777,227.0830713043478,21.38465217391306,23.59700000000004,18.286,0.6046974782608696,1.2229100000000002,0.153375,2.032,0.0,,4.987931800479706,,7.0,irrig_d4-7,fall,low,lo,normal,False,,
2024-09-19,TzM,almond,2024,263,0.421306865,58.44534555555555,2.361268478260869,-10.21152413045407,59.16622739130435,16.19186956521742,18.11500000000001,14.30400000000003,0.5618103777777778,1.46748,0.1511284374999999,8.128,0.0,,-0.9367519190436636,,8.0,irrig_d8plus,fall,low,lo,normal,False,,
2024-09-20,TzM,almond,2024,264,1.73589085,102.767052173913,54.90837434782608,30.8784689342608,212.4880143478261,20.90517391304351,25.01500000000004,15.08000000000004,0.5124086391304349,1.3781199999999998,0.1510812708333333,0.0,0.0,,1.171782883163495,,9.0,irrig_d8plus,fall,low,lo,normal,False,,
2024-09-21,TzM,almond,2024,265,2.235560525,130.0012173913044,40.13699534782609,28.82873136730428,242.5512317391304,22.52986956521742,27.52200000000005,16.41400000000004,0.942746795652174,2.15321,0.1535396041666666,4.826,0.0,,1.346497939456692,,10.0,irrig_d8plus,fall,low,lo,normal,False,,
2024-09-22,TzM,almond,2024,266,2.5932748,153.373357826087,76.97679086956522,18.73438979144993,299.9758,22.13126086956524,25.17700000000002,15.97800000000001,0.9890950913043478,1.83474,0.154001375,0.0,0.0,,3.015353066937398,,11.0,irrig_d8plus,fall,mid,lo,normal,False,,
2024-09-23,TzM,almond,2024,267,2.323880015,137.43287,75.9082504347826,13.41960636122744,285.3691,22.07278260869568,24.827,15.21700000000004,1.050436695652174,1.91715,0.1528548541666666,0.0,0.0,,3.956441523007086,,12.0,irrig_d8plus,fall,low,lo,normal,False,,
2024-09-24,TzM,almond,2024,268,1.9890632,117.8127717391304,39.37187130434783,27.75858306284051,197.0051098695652,19.53282608695654,23.21000000000004,12.459,0.924150347826087,1.7457,0.1503347083333333,0.0,0.0,,3.776248867983256,,13.0,irrig_d8plus,fall,low,lo,normal,False,,
2024-09-27,TzM,almond,2024,271,1.9983405,181.5897466666667,148.8767566666667,-6.206091093682844,373.431822,20.95280000000002,23.78500000000003,18.47800000000001,1.143379866666667,1.79265,0.1498920217391304,3.556,0.0,,2.2934227878339,,14.0,irrig_d8plus,fall,low,mid,normal,False,,
2024-09-28,TzM,almond,2024,272,2.014910125,119.2554108695652,116.4836828,3.710161852755094,315.1603565217391,20.43356521739133,27.59500000000003,8.951000000000022,1.382507130434783,3.17349,0.1481256874999999,0.0,16.89948,,4.017335385979686,,0.0,irrig_d0-3,fall,low,mid,normal,False,,
2024-09-29,TzM,almond,2024,273,1.76883525,111.4482131778261,110.6060056956522,23.00226070577808,313.8444043478261,22.87756521739133,31.02800000000002,11.34000000000003,1.209233043478261,3.46898,0.1495812708333332,0.0,0.0,,4.14503836198725,,1.0,irrig_d0-3,fall,low,mid,normal,False,,
2024-09-30,TzM,almond,2024,274,1.9326227,119.4012517391304,68.42150608695653,25.05298190413349,310.8270173913044,25.17321739130437,33.11000000000001,9.93900000000002,1.495051826086956,3.81326,0.1515402916666666,0.0,0.0,,4.316887032772428,,2.0,irrig_d0-3,fall,low,mid,normal,False,,
2024-10-01,TzM,almond,2024,275,2.16520705,137.4708517391304,37.75794,29.04520427195792,271.089952173913,24.36286956521742,29.01400000000001,12.43800000000005,1.60749147826087,3.12895,0.1532493124999999,0.0,0.0,,4.507736542517237,,3.0,irrig_d0-3,fall,low,mid,normal,False,,
2024-10-02,TzM,almond,2024,276,1.9435986,119.9960090909091,55.06592636363636,42.07147847883602,257.4146986363637,23.51436363636366,26.85300000000001,17.827,1.130216590909091,1.92186,0.1542062083333333,0.0,0.0,,4.12344503711659,,4.0,irrig_d4-7,fall,mid,mid,normal,False,,
2024-10-03,TzM,almond,2024,277,2.8385604,167.9187086956522,91.1158608695652,18.90231240452178,306.6480739130435,22.10347826086959,25.99400000000003,14.93000000000001,1.23689552173913,2.34621,0.1540444166666666,0.0,0.0,,3.697444216267755,,5.0,irrig_d4-7,fall,mid,mid,normal,False,,
2024-10-04,TzM,almond,2024,278,1.87973565,111.2406782608696,81.60798391304348,19.53430949593628,273.0611839130435,21.32800000000002,25.18800000000005,10.45300000000003,1.132225347826087,1.9947,0.1511673541666666,0.0,0.0,,4.102170234946204,,6.0,irrig_d4-7,fall,low,mid,normal,False,,
2024-10-05,TzM,almond,2024,279,1.742518985,102.9228517391304,105.7358104347826,29.12367041310047,289.3575347826087,22.73600000000002,27.31200000000001,11.35700000000003,1.1886545652173912,2.25647,0.1512902916666666,0.0,0.0,,4.275615453328019,,7.0,irrig_d4-7,fall,low,mid,normal,False,,
2024-10-06,TzM,almond,2024,280,2.0298361,125.1512736363636,74.66864727272727,35.95752004010574,261.1250031818182,23.99881818181821,28.96900000000005,15.77800000000002,0.8885005,2.59451,0.1524166666666666,0.0,0.0,,4.072501580229935,,8.0,irrig_d8plus,fall,low,lo,normal,False,,
2024-10-07,TzM,almond,2024,281,0.7713506,87.22659166666666,5.295658333333334,38.42550001107409,149.8480083333333,22.89775000000003,27.84800000000001,15.56300000000005,0.9847256666666668,2.5884,0.1507089166666665,0.0,0.0,,1.746991309837942,,9.0,irrig_d8plus,fall,low,lo,normal,False,,
2024-10-09,TzM,almond,2024,283,1.07090252,66.39732504545455,50.105055,27.23967612137564,139.1870136363636,19.0633181818182,22.27800000000002,13.654,0.5364815454545454,1.14947,0.1483139166666667,0.0,0.0,,2.943615396721398,,10.0,irrig_d8plus,fall,low,lo,normal,False,,
2024-10-10,TzM,almond,2024,284,1.46086925,117.4847705882353,102.7572747058824,22.52024701520031,232.8107823529412,17.0454117647059,20.93200000000002,12.56800000000004,0.5649068235294118,1.37734,0.1469385909090908,0.0,0.0,,3.15214231264686,,11.0,irrig_d8plus,fall,low,lo,normal,False,,
2024-10-11,TzM,almond,2024,285,1.2155821,78.93324285714286,93.4829638095238,48.88187844645499,257.6766619047619,19.42300000000002,25.233,11.738,0.9430236666666666,1.92596,0.1447076458333333,0.0,0.0,,3.845114992685824,,12.0,irrig_d8plus,fall,low,lo,normal,False,,
2024-10-12,TzM,almond,2024,286,0.63136064,42.7011675,0.6715125714285712,18.15050285974597,106.01867,16.87200000000003,20.19300000000004,13.82600000000002,0.7177992941176471,1.63945,0.1462083333333333,0.0,14.30052,,-1.087221214709335,,0.0,irrig_d0-3,fall,low,lo,normal,False,,
2024-10-13,TzM,almond,2024,287,1.8379167,118.9751527142857,59.02712380952381,44.61127168048868,269.0435252380952,22.12061904761907,26.11200000000002,14.98000000000002,0.8673289523809524,1.79157,0.1483715833333333,0.0,0.0,,3.246636203729357,,1.0,irrig_d0-3,fall,low,lo,normal,False,,
2024-10-14,TzM,almond,2024,288,1.2697566,86.2810655,62.502183,39.14880194084429,213.719605,21.87975000000002,26.27600000000001,16.553,0.4288826,1.2915,0.1534965624999999,0.0,0.0,,3.477148482207252,,2.0,irrig_d0-3,fall,low,lo,normal,False,,
2024-10-15,TzM,almond,2024,289,1.2467943,99.9133,41.88790985,20.53475387913334,170.7637235,20.22865000000002,24.11400000000003,16.94400000000002,0.4967457894736842,1.15166,0.1555780789473684,0.0,0.0,,1.597701767431264,,3.0,irrig_d0-3,fall,mid,lo,normal,False,,
