date,site,ET_mm,n_obs,qflag_mean
2018-01-01,Oran,0.6385000000000001,48,1879.6666666666667
2018-01-01,TzM,0.6149,48,1909.1666666666667
2018-01-02,Oran,0.5298,48,1953.4166666666667
2018-01-02,TzM,0.4365,48,1672.9166666666667
2018-01-03,Oran,0.29635,48,1732.25
2018-01-03,TzM,0.20325,48,1570.0
2018-01-04,Oran,0.42255,48,1584.75
2018-01-04,TzM,0.2079,48,1555.25
2018-01-05,Oran,0.4982,48,1923.9583333333333
2018-01-05,TzM,0.33125,48,1628.8958333333333
2018-01-06,Oran,0.13075,48,1421.7291666666667
2018-01-06,TzM,0.1427,48,1525.0416666666667
2018-01-07,Oran,0.5944,48,1584.5416666666667
2018-01-07,TzM,0.46045,48,1569.7083333333333
2018-01-08,Oran,0.61145,48,1805.6666666666667
2018-01-08,TzM,0.4324,48,1761.6875
2018-01-09,Oran,0.43405,48,1658.5
2018-01-09,TzM,0.39415,48,1629.1041666666667
2018-01-10,Oran,0.3118,48,1643.7083333333333
2018-01-10,TzM,0.38185,48,1555.4791666666667
2018-01-11,Oran,0.45355,48,1688.3125
2018-01-11,TzM,0.4616,48,1747.1458333333333
2018-01-12,Oran,0.61345,48,1746.5833333333333
2018-01-12,TzM,0.6194000000000001,48,1776.1666666666667
2018-01-13,Oran,0.4477,48,1555.0833333333333
2018-01-13,TzM,0.51025,48,1451.3541666666667
2018-01-14,Oran,0.37585,48,1319.1041666666667
2018-01-14,TzM,0.391,48,1363.3541666666667
2018-01-15,Oran,0.5688500000000001,48,1820.2916666666667
2018-01-15,TzM,0.5827,48,1820.3333333333333
2018-01-16,Oran,0.6516500000000001,47,1983.0
2018-01-16,TzM,0.5284500000000001,47,1983.0
2018-01-17,Oran,0.5866,48,1805.8958333333333
2018-01-17,TzM,0.57915,48,1732.0416666666667
2018-01-18,Oran,0.5920000000000001,48,1657.8125
2018-01-18,TzM,0.55255,48,1761.4166666666667
2018-01-19,Oran,0.63565,48,1672.8541666666667
2018-01-19,TzM,0.6223500000000001,48,1687.375
2018-01-20,Oran,0.64735,48,1776.3958333333333
2018-01-20,TzM,0.6618,48,1761.4583333333333
2018-01-21,Oran,0.5937,48,1849.9583333333333
2018-01-21,TzM,0.56205,48,1879.75
2018-01-22,Oran,0.5702,48,1983.0
2018-01-22,TzM,0.41955,48,1983.0
2018-01-23,Oran,0.5377000000000001,46,1967.5652173913045
2018-01-23,TzM,0.3903,46,1967.608695652174
2018-01-24,Oran,0.63195,48,1790.9166666666667
2018-01-24,TzM,0.4763,48,1850.0
2018-01-25,Oran,0.46005,48,1598.9791666666667
2018-01-25,TzM,0.2857,48,1584.375
2018-01-26,Oran,0.31175,48,1539.7916666666667
2018-01-26,TzM,0.55935,48,1554.4375
2018-01-27,Oran,0.5766,48,1658.0208333333333
2018-01-27,TzM,0.77775,48,1716.9583333333333
2018-01-28,Oran,0.2136,48,1569.75
2018-01-28,TzM,0.10395,48,1495.7291666666667
2018-01-29,Oran,0.66815,48,1746.4583333333333
2018-01-29,TzM,0.7038000000000001,48,1776.1666666666667
2018-01-30,Oran,0.7071500000000001,48,1731.8958333333333
2018-01-30,TzM,0.5931500000000001,48,1983.0
2018-01-31,Oran,0.79725,48,1613.5416666666667
2018-01-31,TzM,0.6463000000000001,48,1909.3958333333333
2018-02-01,Oran,0.5637,48,1524.6666666666667
2018-02-01,TzM,0.43075,48,1510.1875
2018-02-02,Oran,0.7269,48,1629.0208333333333
2018-02-02,TzM,0.7337,48,1805.8333333333333
2018-02-03,Oran,0.97585,48,1835.0833333333333
2018-02-03,TzM,0.89275,48,1805.5833333333333
2018-02-04,Oran,0.45785,48,1274.7083333333333
2018-02-04,TzM,0.2946,48,1274.6666666666667
2018-02-05,Oran,0.15325,43,1240.5
2018-02-05,TzM,0.36955,48,1319.2916666666667
2018-02-06,Oran,0.22385,48,1437.6666666666667
2018-02-06,TzM,0.297,48,1363.8125
2018-02-07,Oran,0.88895,48,1909.25
2018-02-07,TzM,0.7625000000000001,48,1953.5416666666667
2018-02-08,Oran,0.8876000000000001,46,1875.2608695652173
2018-02-08,TzM,0.7304,46,1921.434782608696
2018-02-09,Oran,0.93075,48,1717.3958333333333
2018-02-09,TzM,0.7416,48,1761.5625
2018-02-10,Oran,0.77415,47,1576.659574468085
2018-02-10,TzM,0.76405,47,1591.6170212765958
2018-02-11,Oran,1.13675,48,1879.8125
2018-02-11,TzM,0.9166,48,1864.9583333333333
2018-02-12,Oran,0.4012,48,1850.2083333333333
2018-02-12,TzM,0.4734,48,1776.5
2018-02-13,Oran,1.1811,48,1879.7083333333333
2018-02-13,TzM,0.9346,48,1835.4166666666667
2018-02-14,Oran,0.8686,48,1643.6875
2018-02-14,TzM,0.6716,48,1599.25
2018-02-15,Oran,1.2219,48,1732.25
2018-02-15,TzM,0.98355,48,1658.5
2018-02-16,Oran,1.1766,48,1688.0
2018-02-16,TzM,0.89775,48,1702.75
2018-02-17,Oran,1.0519,48,1731.8333333333333
2018-02-17,TzM,0.8571500000000001,48,1643.25
2018-02-18,Oran,0.6917,48,1599.2916666666667
2018-02-18,TzM,0.78115,48,1628.875
2018-02-19,Oran,1.3646,48,1731.75
2018-02-19,TzM,1.1454,48,1628.5833333333333
2018-02-20,Oran,1.12115,48,1909.25
2018-02-20,TzM,1.0804,48,1894.4791666666667
2018-02-21,Oran,1.04695,48,1776.375
2018-02-21,TzM,0.96285,48,1879.7708333333333
2018-02-22,Oran,1.03235,48,1983.0
2018-02-22,TzM,0.9067,48,1983.0
2018-02-23,Oran,1.15025,48,1983.0
2018-02-23,TzM,0.8653500000000001,48,1983.0
2018-02-24,Oran,1.0822,48,1983.0
2018-02-24,TzM,0.6524500000000001,48,1983.0
2018-02-25,Oran,1.1584,48,1983.0
2018-02-25,TzM,0.6444500000000001,48,1983.0
2018-02-26,Oran,1.3438,48,1820.5
2018-02-26,TzM,0.80705,48,1850.1041666666667
2018-02-27,Oran,0.10295,48,1510.8333333333333
2018-02-27,TzM,0.03825,48,1481.3333333333333
2018-02-28,Oran,0.6389,48,1511.0
2018-02-28,TzM,0.5135000000000001,48,1481.5
2018-03-01,Oran,0.7104,46,1721.2608695652175
2018-03-01,TzM,0.65885,46,1613.608695652174
2018-03-02,Oran,0.36735,48,1569.5416666666667
2018-03-02,TzM,0.4791,48,1643.3333333333333
2018-03-03,Oran,1.13405,48,1688.0
2018-03-03,TzM,1.0017,48,1570.0
2018-03-04,Oran,0.88815,48,1687.6666666666667
2018-03-04,TzM,0.8965,48,1658.2083333333333
2018-03-05,Oran,0.86445,48,1598.9166666666667
2018-03-05,TzM,0.6715,48,1702.4166666666667
2018-03-06,Oran,1.02055,48,1746.5833333333333
2018-03-06,TzM,0.9465,48,1761.3541666666667
2018-03-07,Oran,1.6605500000000002,48,1687.6666666666667
2018-03-07,TzM,1.31155,48,1746.5833333333333
2018-03-08,Oran,0.99945,48,1658.5
2018-03-08,TzM,0.5542,48,1599.5
2018-03-09,Oran,1.9231,47,1817.2978723404256
2018-03-09,TzM,1.3120500000000002,47,1741.978723404255
2018-03-10,Oran,1.2541,48,1599.5
2018-03-10,TzM,1.00605,48,1702.75
2018-03-11,Oran,0.9872,47,1726.3617021276596
2018-03-11,TzM,0.9201,47,1726.4468085106382
2018-03-12,Oran,1.5229,48,1864.6666666666667
2018-03-12,TzM,1.4544,48,1702.125
2018-03-13,Oran,1.55055,48,1687.9166666666667
2018-03-13,TzM,1.184,48,1673.2083333333333
2018-03-14,Oran,0.8679,48,1658.4583333333333
2018-03-14,TzM,0.8591000000000001,48,1613.8333333333333
2018-03-15,Oran,1.0836,48,1702.5833333333333
2018-03-15,TzM,1.18825,48,1673.0416666666667
2018-03-16,Oran,1.22845,48,1776.3333333333333
2018-03-16,TzM,1.08065,48,1746.875
2018-03-17,Oran,0.7262500000000001,48,1672.8958333333333
2018-03-17,TzM,0.53795,48,1540.25
2018-03-18,Oran,1.128,48,1584.4375
2018-03-18,TzM,1.19795,48,1658.2083333333333
2018-03-19,Oran,0.9328,48,1732.0833333333333
2018-03-19,TzM,0.6122500000000001,48,1702.8125
2018-03-20,Oran,0.7999,47,1652.2553191489362
2018-03-20,TzM,1.18185,47,1862.659574468085
2018-03-21,Oran,1.7029,48,1968.25
2018-03-21,TzM,1.66385,48,1968.25
2018-03-22,Oran,1.58675,48,1983.0
2018-03-22,TzM,1.6684,48,1983.0
2018-03-23,Oran,1.32,48,1732.3125
2018-03-23,TzM,1.2745,48,1658.6458333333333
2018-03-24,Oran,0.84785,47,1530.914893617021
2018-03-24,TzM,1.16505,47,1651.3829787234042
2018-03-25,Oran,0.98605,47,1560.7446808510638
2018-03-25,TzM,1.3109,46,1535.595744680851
2018-03-26,Oran,1.3686,48,1938.7083333333333
2018-03-26,TzM,1.7148,48,1968.2291666666667
2018-03-27,Oran,2.18105,48,1968.2291666666667
2018-03-27,TzM,1.9523,48,1983.0
2018-03-28,Oran,2.26525,48,1879.75
2018-03-28,TzM,2.3213,48,1953.5
2018-03-29,Oran,1.89395,48,1879.75
2018-03-29,TzM,1.4699,48,1865.0416666666667
2018-03-30,Oran,0.6434000000000001,48,1761.7291666666667
2018-03-30,TzM,0.8136000000000001,48,1717.375
2018-03-31,Oran,1.3572,48,1820.3958333333333
2018-03-31,TzM,1.27535,48,1835.3958333333333
2018-04-01,Oran,2.0464,48,1702.625
2018-04-01,TzM,1.8375,48,1658.4166666666667
2018-04-02,Oran,1.5617500000000002,48,1584.75
2018-04-02,TzM,1.68595,48,1584.5416666666667
2018-04-03,Oran,1.7593,48,1717.5
2018-04-03,TzM,1.35155,48,1702.75
2018-04-04,Oran,0.9277,43,1950.0697674418604
2018-04-04,TzM,0.872,43,1818.3488372093025
2018-04-05,Oran,1.95055,48,1806.0
2018-04-05,TzM,1.79015,48,1835.4583333333333
2018-04-06,Oran,1.21955,48,1732.25
2018-04-06,TzM,1.0841,48,1702.75
2018-04-07,Oran,0.3957,48,1643.4583333333333
2018-04-07,TzM,0.30135,48,1569.9583333333333
2018-04-08,Oran,1.6386500000000002,48,1805.9166666666667
2018-04-08,TzM,1.34745,48,1717.3541666666667
2018-04-09,Oran,1.9248,48,1658.0416666666667
2018-04-09,TzM,1.5156500000000002,48,1614.0833333333333
2018-04-10,Oran,0.48355,48,1658.0416666666667
2018-04-10,TzM,0.5145000000000001,48,1554.5
2018-04-11,Oran,0.79445,48,1717.8333333333333
2018-04-11,TzM,0.5272,48,1496.1458333333333
2018-04-12,Oran,1.65005,48,1495.9375
2018-04-12,TzM,1.2906,48,1599.4583333333333
2018-04-13,Oran,2.1077,48,1805.7291666666667
2018-04-13,TzM,2.12725,48,1776.3125
2018-04-14,Oran,2.8404000000000003,48,1953.4583333333333
2018-04-14,TzM,3.18615,48,1938.625
2018-04-15,Oran,2.59025,48,1776.4583333333333
2018-04-15,TzM,2.5829500000000003,48,1791.1875
2018-04-16,Oran,2.0483,48,1732.25
2018-04-16,TzM,2.18835,48,1761.75
2018-04-17,Oran,3.1265500000000004,48,1983.0
2018-04-17,TzM,3.39935,48,1938.7291666666667
2018-04-18,Oran,3.0719000000000003,48,1953.5
2018-04-18,TzM,3.61785,48,1968.25
2018-04-19,Oran,2.33985,48,1983.0
2018-04-19,TzM,3.0259500000000004,48,1983.0
2018-04-20,Oran,1.2495,48,1791.25
2018-04-20,TzM,2.0648,48,1850.25
2018-04-21,Oran,1.6375000000000002,48,1702.75
2018-04-21,TzM,1.85465,48,1717.5
2018-04-22,Oran,1.8064,48,1629.0
2018-04-22,TzM,2.32355,48,1584.75
2018-04-23,Oran,2.03795,48,1614.25
2018-04-23,TzM,2.4345,48,1629.0
2018-04-24,Oran,1.91335,48,1658.5
2018-04-24,TzM,2.2378,48,1776.5
2018-04-25,Oran,1.2868,48,1643.75
2018-04-25,TzM,2.51425,48,1599.5
2018-04-26,Oran,1.69745,48,1717.5
2018-04-26,TzM,2.61195,48,1835.5
2018-04-27,Oran,1.45785,48,1938.75
2018-04-27,TzM,2.55215,48,1968.25
2018-04-28,Oran,1.149,48,1747.0
2018-04-28,TzM,2.3778,48,1879.75
2018-04-29,Oran,0.8036000000000001,48,1805.9166666666667
2018-04-29,TzM,1.3538,48,1791.375
2018-04-30,Oran,0.65485,48,1761.4583333333333
2018-04-30,TzM,1.31765,48,1776.3125
2018-05-01,Oran,1.46455,48,1909.25
2018-05-01,TzM,1.8117,48,1879.75
2018-05-02,Oran,1.39555,48,1776.4583333333333
2018-05-02,TzM,2.0585,48,1820.7916666666667
2018-05-03,Oran,1.4391500000000002,48,1806.0
2018-05-03,TzM,2.18925,48,1806.0
2018-05-04,Oran,1.6953,48,1732.125
2018-05-04,TzM,2.2830000000000004,48,1732.2083333333333
2018-05-05,Oran,1.3059500000000002,48,1643.75
2018-05-05,TzM,1.8499,48,1614.25
2018-05-06,Oran,1.5294500000000002,45,1794.2
2018-05-06,TzM,2.1028,45,1825.6666666666667
2018-05-07,Oran,1.4099000000000002,47,1877.5531914893616
2018-05-07,TzM,2.20695,47,1847.4255319148936
2018-05-08,Oran,1.194,48,1850.25
2018-05-08,TzM,1.35395,48,1835.5
2018-05-09,Oran,1.33395,48,1761.75
2018-05-09,TzM,2.3240000000000003,48,1776.5
2018-05-10,Oran,0.9978,47,1591.340425531915
2018-05-10,TzM,1.62175,47,1636.531914893617
2018-05-11,Oran,2.9733,48,1879.75
2018-05-11,TzM,2.74115,48,1865.0
2018-05-12,Oran,2.59545,48,1865.0
2018-05-12,TzM,2.5116,48,1968.25
2018-05-13,Oran,2.1174,48,1983.0
2018-05-13,TzM,2.4200500000000003,48,1953.5
2018-05-14,Oran,1.64485,48,1850.25
2018-05-14,TzM,2.1553500000000003,48,1776.5
2018-05-15,Oran,1.77035,48,1983.0
2018-05-15,TzM,2.4408,48,1983.0
2018-05-16,Oran,1.4071,48,1968.25
2018-05-16,TzM,2.09,48,1983.0
2018-05-17,Oran,1.16845,48,1983.0
2018-05-17,TzM,1.94925,48,1938.75
2018-05-18,Oran,0.99935,48,1835.5
2018-05-18,TzM,1.54245,48,1629.0
2018-05-19,Oran,1.02095,48,1938.75
2018-05-19,TzM,1.7517,48,1835.5
2018-05-20,Oran,0.91665,48,1820.75
2018-05-20,TzM,1.51205,48,1688.0
2018-05-21,Oran,0.8047500000000001,48,1835.5
2018-05-21,TzM,1.6833,48,1909.25
2018-05-22,Oran,0.92105,48,1865.0
2018-05-22,TzM,1.9587,48,1865.0
2018-05-23,Oran,0.81045,48,1599.5
2018-05-23,TzM,1.82845,48,1702.75
2018-05-24,Oran,0.6356,48,1776.5
2018-05-24,TzM,1.40345,48,1732.25
2018-05-25,Oran,0.55635,48,1850.25
2018-05-25,TzM,0.8047500000000001,48,1702.75
2018-05-26,Oran,1.2802,48,1850.25
2018-05-26,TzM,1.9932,48,1820.75
2018-05-27,Oran,0.5056,48,1776.5
2018-05-27,TzM,1.09315,48,1614.25
2018-05-28,Oran,2.52325,48,1629.0
2018-05-28,TzM,2.9875000000000003,48,1614.25
2018-05-29,Oran,1.5082000000000002,48,1702.75
2018-05-29,TzM,1.42305,48,1643.75
2018-05-30,Oran,2.5605,48,1776.5
2018-05-30,TzM,3.72565,48,1791.25
2018-05-31,Oran,3.3467,48,1894.5
2018-05-31,TzM,4.3408,48,1953.5
2018-06-01,Oran,2.91025,48,1835.5
2018-06-01,TzM,3.88265,48,1791.25
2018-06-02,Oran,0.994,48,1643.75
2018-06-02,TzM,1.67685,48,1614.25
2018-06-03,Oran,3.32295,48,1702.75
2018-06-03,TzM,3.9438,48,1643.75
2018-06-04,Oran,3.61545,48,1806.0
2018-06-04,TzM,3.7911,48,1806.0
2018-06-05,Oran,2.6261,47,1591.340425531915
2018-06-05,TzM,3.2772,47,1636.531914893617
2018-06-06,Oran,1.30935,48,1747.0
2018-06-06,TzM,1.95685,48,1761.75
2018-06-07,Oran,3.4515,48,1806.0
2018-06-07,TzM,3.97605,48,1835.5
2018-06-08,Oran,2.66765,48,1761.75
2018-06-08,TzM,3.5732500000000003,48,1717.5
2018-06-09,Oran,2.1753500000000003,48,1732.25
2018-06-09,TzM,2.44235,48,1658.5
2018-06-10,Oran,3.4189000000000003,48,1717.5
2018-06-10,TzM,3.9627,48,1835.5
2018-06-11,Oran,3.1233500000000003,48,1850.25
2018-06-11,TzM,4.121,48,1835.5
2018-06-12,Oran,4.03885,48,1953.5
2018-06-12,TzM,4.4081,48,1924.0
2018-06-13,Oran,3.61115,48,1968.25
2018-06-13,TzM,4.40655,48,1983.0
2018-06-14,Oran,3.51195,48,1938.75
2018-06-14,TzM,4.2024,48,1909.25
2018-06-15,Oran,3.5414000000000003,48,1983.0
2018-06-15,TzM,4.20585,48,1983.0
2018-06-16,Oran,2.89245,48,1983.0
2018-06-16,TzM,3.61715,48,1953.5
2018-06-17,Oran,3.1079000000000003,48,1983.0
2018-06-17,TzM,3.68645,48,1983.0
2018-06-18,Oran,2.8286,48,1983.0
2018-06-18,TzM,3.55825,48,1953.5
2018-06-19,Oran,2.2828500000000003,48,1983.0
2018-06-19,TzM,3.4276500000000003,48,1983.0
2018-06-20,Oran,2.19125,47,1983.0
2018-06-20,TzM,3.1461,47,1983.0
2018-06-21,Oran,2.0383,48,1983.0
2018-06-21,TzM,3.04145,48,1983.0
2018-06-22,Oran,1.98525,48,1983.0
2018-06-22,TzM,3.0673,48,1983.0
2018-06-23,Oran,1.68285,48,1983.0
2018-06-23,TzM,2.8965,48,1983.0
2018-06-24,Oran,1.52655,48,1983.0
2018-06-24,TzM,2.5752,48,1983.0
2018-06-25,Oran,1.19385,48,1894.5
2018-06-25,TzM,2.2656,48,1953.5
2018-06-26,Oran,1.126,48,1909.25
2018-06-26,TzM,1.95525,48,1865.0
2018-06-27,Oran,1.26825,48,1953.5
2018-06-27,TzM,2.11785,48,1879.75
2018-06-28,Oran,1.0444,48,1850.25
2018-06-28,TzM,1.82585,48,1761.75
2018-06-29,Oran,0.7833,48,1776.5
2018-06-29,TzM,1.33265,48,1865.0
2018-06-30,Oran,0.8069500000000001,48,1983.0
2018-06-30,TzM,1.649,48,1909.25
2018-07-01,Oran,0.66505,48,1968.25
2018-07-01,TzM,1.6131000000000002,48,1865.0
2018-07-02,Oran,0.5356000000000001,48,1983.0
2018-07-02,TzM,1.46565,48,1983.0
2018-07-03,Oran,0.42695,47,1967.936170212766
2018-07-03,TzM,1.4979,47,1983.0
2018-07-04,Oran,0.3548,48,1983.0
2018-07-04,TzM,1.15945,48,1983.0
2018-07-05,Oran,0.32615,48,1983.0
2018-07-05,TzM,1.1875,48,1983.0
2018-07-06,Oran,0.17305,48,1983.0
2018-07-06,TzM,1.23485,48,1983.0
2018-07-07,Oran,0.1662,48,1983.0
2018-07-07,TzM,1.12615,48,1820.75
2018-07-08,Oran,0.21635,48,1953.5
2018-07-08,TzM,1.2204000000000002,48,1909.25
2018-07-09,Oran,0.2606,48,1924.0
2018-07-09,TzM,1.2832,48,1924.0
2018-07-10,Oran,0.239,47,1892.617021276596
2018-07-10,TzM,1.2721,47,1952.872340425532
2018-07-11,Oran,0.1891,40,1965.3
2018-07-11,TzM,1.18955,40,1947.6
2018-07-12,Oran,0.206,46,1952.217391304348
2018-07-12,TzM,0.95955,46,1952.217391304348
2018-07-13,Oran,0.1706,48,1924.0
2018-07-13,TzM,0.83465,48,1938.75
2018-07-14,Oran,0.2185,48,1938.75
2018-07-14,TzM,1.059,48,1983.0
2018-07-15,Oran,0.18495,48,1850.25
2018-07-15,TzM,0.8791000000000001,48,1909.25
2018-07-16,Oran,0.1457,48,1968.25
2018-07-16,TzM,0.74655,48,1968.25
2018-07-17,Oran,0.1692,48,1983.0
2018-07-17,TzM,0.95285,48,1983.0
2018-07-18,Oran,0.2066,48,1968.25
2018-07-18,TzM,1.0076,48,1983.0
2018-07-19,Oran,0.2184,48,1953.5
2018-07-19,TzM,1.05385,48,1983.0
2018-07-20,Oran,0.1913,48,1938.75
2018-07-20,TzM,0.9091,48,1983.0
2018-07-21,Oran,0.19925,48,1968.25
2018-07-21,TzM,0.7223,48,1909.25
2018-07-22,Oran,0.17535,48,1938.75
2018-07-22,TzM,0.67965,48,1879.75
2018-07-23,Oran,0.02135,48,1835.5
2018-07-23,TzM,0.86445,48,1924.0
2018-07-24,Oran,0.02695,48,1983.0
2018-07-24,TzM,0.80705,48,1983.0
2018-07-25,Oran,0.0279,48,1968.25
2018-07-25,TzM,0.8679,48,1983.0
2018-07-26,Oran,0.0298,48,1968.25
2018-07-26,TzM,0.8521500000000001,48,1953.5
2018-07-27,Oran,0.02815,48,1953.5
2018-07-27,TzM,0.90415,48,1938.75
2018-07-28,Oran,0.0295,48,1983.0
2018-07-28,TzM,0.7903,48,1983.0
2018-07-29,Oran,0.0278,48,1968.25
2018-07-29,TzM,0.72265,48,1938.75
2018-07-30,Oran,0.0326,48,1894.5
2018-07-30,TzM,0.88775,48,1879.75
2018-07-31,Oran,0.03075,48,1968.25
2018-07-31,TzM,0.9066,48,1983.0
2018-08-01,Oran,0.027,48,1983.0
2018-08-01,TzM,0.79925,48,1983.0
2018-08-02,Oran,0.0292,48,1968.25
2018-08-02,TzM,0.85335,48,1983.0
2018-08-03,Oran,0.01585,48,1983.0
2018-08-03,TzM,0.72465,48,1983.0
2018-08-04,Oran,0.0323,48,1983.0
2018-08-04,TzM,0.69165,48,1968.25
2018-08-05,Oran,0.01465,48,1835.5
2018-08-05,TzM,0.6768000000000001,48,1865.0
2018-08-06,Oran,0.01685,48,1747.0
2018-08-06,TzM,0.69135,48,1776.5
2018-08-07,Oran,0.02515,48,1732.25
2018-08-07,TzM,0.498,48,1658.5
2018-08-08,Oran,0.11235,48,1688.0
2018-08-08,TzM,0.4636,48,1806.0
2018-08-09,Oran,0.6526000000000001,48,1983.0
2018-08-09,TzM,0.7149,48,1953.5
2018-08-10,Oran,0.2422,48,1732.25
2018-08-10,TzM,0.4581,48,1806.0
2018-08-11,Oran,0.468,48,1820.75
2018-08-11,TzM,0.55435,48,1761.75
2018-08-12,Oran,0.4936,48,1806.0
2018-08-12,TzM,0.38305,48,1717.5
2018-08-13,Oran,0.9655,48,1835.5
2018-08-13,TzM,1.13555,48,1850.25
2018-08-14,Oran,0.6431,48,1968.25
2018-08-14,TzM,0.8561000000000001,48,1983.0
2018-08-15,Oran,0.14995,48,1673.25
2018-08-15,TzM,0.5638,48,1643.75
2018-08-16,Oran,0.415,48,1584.75
2018-08-16,TzM,0.38295,48,1525.75
2018-08-17,Oran,1.02725,48,1599.5
2018-08-17,TzM,0.94085,48,1643.75
2018-08-18,Oran,1.37175,48,1776.5
2018-08-18,TzM,1.29095,48,1688.0
2018-08-19,Oran,1.8942,48,1924.0
2018-08-19,TzM,2.12515,48,1894.5
2018-08-20,Oran,2.09165,48,1983.0
2018-08-20,TzM,1.9728,48,1983.0
2018-08-21,Oran,1.4241,48,1983.0
2018-08-21,TzM,1.47365,48,1924.0
2018-08-22,Oran,1.01325,48,1865.0
2018-08-22,TzM,1.11865,48,1702.75
2018-08-23,Oran,0.7797000000000001,48,1688.0
2018-08-23,TzM,0.7799,48,1643.75
2018-08-24,Oran,0.7982,48,1894.5
2018-08-24,TzM,0.72075,48,1850.25
2018-08-25,Oran,0.4995,48,1850.25
2018-08-25,TzM,0.55375,48,1850.25
2018-08-26,Oran,0.3576,48,1953.5
2018-08-26,TzM,0.56935,48,1835.5
2018-08-27,Oran,0.3263,48,1776.5
2018-08-27,TzM,0.5516,48,1776.5
2018-08-28,Oran,0.14045,48,1599.5
2018-08-28,TzM,0.3642,48,1629.0
2018-08-29,Oran,0.59435,48,1806.0
2018-08-29,TzM,1.0517,48,1850.25
2018-08-30,Oran,0.49305,48,1894.5
2018-08-30,TzM,0.62515,48,1806.0
2018-08-31,Oran,0.6293500000000001,48,1806.0
2018-08-31,TzM,0.62465,48,1909.25
2018-09-01,Oran,0.43485,47,1847.4255319148936
2018-09-01,TzM,0.48475,47,1967.936170212766
2018-09-02,Oran,0.3868,48,1776.5
2018-09-02,TzM,0.5428000000000001,48,1865.0
2018-09-03,Oran,0.1636,48,1673.25
2018-09-03,TzM,0.2035,48,1688.0
2018-09-04,Oran,1.57245,48,1835.5
2018-09-04,TzM,1.5074,48,1983.0
2018-09-05,Oran,1.4016,48,1953.5
2018-09-05,TzM,1.0163,48,1983.0
2018-09-06,Oran,0.8615,48,1791.25
2018-09-06,TzM,0.73685,48,1879.75
2018-09-07,Oran,0.4169,48,1820.75
2018-09-07,TzM,0.34745,48,1820.75
2018-09-08,Oran,0.1137,48,1658.5
2018-09-08,TzM,0.16875,48,1717.5
2018-09-09,Oran,0.4845,48,1658.5
2018-09-09,TzM,0.44395,48,1614.25
2018-09-10,Oran,1.7467,48,1747.0
2018-09-10,TzM,1.9331,48,1747.0
2018-09-11,Oran,0.7942,48,1643.75
2018-09-11,TzM,1.9893,48,1865.0
2018-09-12,Oran,1.78275,48,1688.0
2018-09-12,TzM,2.1947,48,1761.75
2018-09-13,Oran,2.7235,48,1850.25
2018-09-13,TzM,2.8199,48,1835.5
2018-09-14,Oran,1.96125,48,1599.5
2018-09-14,TzM,2.12305,48,1643.75
2018-09-15,Oran,0.5514,48,1865.0
2018-09-15,TzM,1.07075,48,1806.0
2018-09-16,Oran,2.6532,48,1850.25
2018-09-16,TzM,2.20485,48,1894.5
2018-09-17,Oran,1.4468,48,1747.0
2018-09-17,TzM,1.3399,48,1688.0
2018-09-18,Oran,2.03385,48,1702.75
2018-09-18,TzM,1.9574,48,1658.5
2018-09-19,Oran,2.3815500000000003,48,1791.25
2018-09-19,TzM,2.18545,48,1968.25
2018-09-20,Oran,2.5115000000000003,48,1938.75
2018-09-20,TzM,1.9571,48,1968.25
2018-09-21,Oran,2.6226000000000003,48,1983.0
2018-09-21,TzM,1.82645,48,1924.0
2018-09-22,Oran,2.28945,48,1938.75
2018-09-22,TzM,1.626,48,1968.25
2018-09-23,Oran,1.96185,48,1968.25
2018-09-23,TzM,1.52495,48,1983.0
2018-09-24,Oran,1.64405,48,1968.25
2018-09-24,TzM,1.3452,48,1938.75
2018-09-25,Oran,0.9053,48,1688.0
2018-09-25,TzM,0.7541500000000001,48,1761.75
2018-09-26,Oran,0.4902,48,1747.0
2018-09-26,TzM,0.4861,48,1806.0
2018-09-27,Oran,0.83775,48,1761.75
2018-09-27,TzM,0.7354,48,1909.25
2018-09-28,Oran,1.0788,48,1983.0
2018-09-28,TzM,0.8724500000000001,48,1894.5
2018-09-29,Oran,1.07295,48,1983.0
2018-09-29,TzM,0.95215,48,1983.0
2018-09-30,Oran,1.0161,48,1909.25
2018-09-30,TzM,0.8572500000000001,48,1865.0
2018-10-01,Oran,0.8214,48,1879.75
2018-10-01,TzM,0.8310500000000001,48,1879.75
2018-10-02,Oran,0.7856500000000001,48,1938.75
2018-10-02,TzM,0.70565,48,1894.5
2018-10-03,Oran,0.6748000000000001,48,1983.0
2018-10-03,TzM,0.66225,48,1983.0
2018-10-04,Oran,0.60455,48,1983.0
2018-10-04,TzM,0.61555,48,1983.0
2018-10-05,Oran,0.5095500000000001,48,1983.0
2018-10-05,TzM,0.4869,48,1953.5
2018-10-06,Oran,0.55095,48,1983.0
2018-10-06,TzM,0.46785,48,1865.0
2018-10-07,Oran,0.4745,48,1879.75
2018-10-07,TzM,0.4099,48,1983.0
2018-10-08,Oran,0.38885,48,1732.25
2018-10-08,TzM,0.38215,48,1747.0
2018-10-09,Oran,0.10435,48,1599.5
2018-10-09,TzM,0.1772,48,1658.5
2018-10-10,Oran,0.5108,48,1747.0
2018-10-10,TzM,0.4261,48,1747.0
2018-10-11,Oran,0.33365,48,1717.5
2018-10-11,TzM,0.38255,48,1673.25
2018-10-12,Oran,0.5856,48,1599.5
2018-10-12,TzM,0.5764,48,1599.5
2018-10-13,Oran,0.49345,48,1747.0
2018-10-13,TzM,0.55625,48,1791.25
2018-10-14,Oran,0.19735,48,1540.5
2018-10-14,TzM,0.14115,48,1599.5
2018-10-15,Oran,0.6166,48,1702.75
2018-10-15,TzM,0.8522500000000001,48,1658.5
2018-10-16,Oran,0.66115,48,1702.75
2018-10-16,TzM,0.97475,48,1717.5
2018-10-17,Oran,0.8026000000000001,48,1924.0
2018-10-17,TzM,1.0285,48,1879.75
2018-10-18,Oran,0.22895,48,1599.5
2018-10-18,TzM,0.2485,48,1555.25
2018-10-19,Oran,0.4584,48,1688.0
2018-10-19,TzM,0.38255,48,1629.0
2018-10-20,Oran,0.5447500000000001,48,1540.5
2018-10-20,TzM,0.7504000000000001,48,1570.0
2018-10-21,Oran,0.76165,48,1673.25
2018-10-21,TzM,0.93375,48,1732.25
2018-10-22,Oran,1.13305,48,1879.75
2018-10-22,TzM,1.29435,48,1909.25
2018-10-23,Oran,1.04585,48,1747.0
2018-10-23,TzM,1.35005,48,1761.75
2018-10-24,Oran,1.24825,48,1983.0
2018-10-24,TzM,1.3776000000000002,48,1850.25
2018-10-25,Oran,1.2135,48,1924.0
2018-10-25,TzM,1.4533,48,1924.0
2018-10-26,Oran,0.685,48,1555.25
2018-10-26,TzM,0.78035,48,1570.0
2018-10-27,Oran,0.29175,48,1584.5416666666667
2018-10-27,TzM,0.2783,48,1466.5208333333333
2018-10-28,Oran,0.64845,48,1628.3333333333333
2018-10-28,TzM,1.00895,48,1864.8333333333333
2018-10-29,Oran,0.4823,48,1835.5833333333333
2018-10-29,TzM,0.80445,48,1776.3333333333333
2018-10-30,Oran,0.10925,47,1546.063829787234
2018-10-30,TzM,0.2655,47,1591.3191489361702
2018-10-31,Oran,0.3964,48,1673.1875
2018-10-31,TzM,0.25945,48,1628.9583333333333
2018-11-01,Oran,0.92145,48,1835.25
2018-11-01,TzM,1.1317000000000002,48,1835.4791666666667
2018-11-02,Oran,0.57855,48,1761.625
2018-11-02,TzM,1.0706,48,1614.125
2018-11-03,Oran,1.13925,48,1702.4375
2018-11-03,TzM,1.30385,48,1761.4583333333333
2018-11-04,Oran,1.1368,48,1865.0
2018-11-04,TzM,1.1864,48,1879.75
2018-11-05,Oran,0.21,48,1598.9166666666667
2018-11-05,TzM,0.33425,48,1555.0
2018-11-06,Oran,0.61005,48,1702.3958333333333
2018-11-06,TzM,0.68735,48,1761.4583333333333
2018-11-07,Oran,0.71165,48,1658.1875
2018-11-07,TzM,0.5949,48,1717.25
2018-11-08,Oran,0.67035,48,1643.75
2018-11-08,TzM,0.65815,48,1599.5
2018-11-09,Oran,0.70175,48,1584.75
2018-11-09,TzM,0.90565,48,1599.3333333333333
2018-11-10,Oran,0.882,48,1732.25
2018-11-10,TzM,0.81,48,1702.75
2018-11-11,Oran,1.04435,48,1865.0
2018-11-11,TzM,1.1213,48,1865.0
2018-11-12,Oran,0.8522000000000001,48,1761.75
2018-11-12,TzM,1.0445,48,1791.25
2018-11-13,Oran,0.40365,48,1688.0
2018-11-13,TzM,0.57515,48,1732.25
2018-11-14,Oran,0.3465,48,1555.25
2018-11-14,TzM,0.62185,48,1570.0
2018-11-15,Oran,0.23435,48,1540.5
2018-11-15,TzM,0.5352,48,1540.5
2018-11-16,Oran,0.4007,48,1555.25
2018-11-16,TzM,0.5802,48,1584.75
2018-11-17,Oran,0.50255,48,1673.25
2018-11-17,TzM,0.71765,48,1761.75
2018-11-18,Oran,0.2227,48,1496.25
2018-11-18,TzM,0.219,48,1481.5
2018-11-19,Oran,0.2788,48,1511.0
2018-11-19,TzM,0.457,48,1511.0
2018-11-20,Oran,0.48115,48,1805.9583333333333
2018-11-20,TzM,0.4047,48,1658.5
2018-11-21,Oran,0.57225,48,1717.3333333333333
2018-11-21,TzM,0.8697,48,1702.625
2018-11-22,Oran,0.4727,48,1525.4583333333333
2018-11-22,TzM,0.60345,48,1540.375
2018-11-23,Oran,0.39425,48,1687.9583333333333
2018-11-23,TzM,0.52,48,1747.0
2018-11-24,Oran,0.88515,48,1953.4583333333333
2018-11-24,TzM,0.7765000000000001,48,1953.4583333333333
2018-11-25,Oran,0.8184,48,1658.5
2018-11-25,TzM,0.5325,48,1584.75
2018-11-26,Oran,0.6875000000000001,48,1894.5
2018-11-26,TzM,0.86075,48,1879.7291666666667
2018-11-27,Oran,0.96495,48,1732.1666666666667
2018-11-27,TzM,0.8557,48,1687.6041666666667
2018-11-28,Oran,1.1419,48,1746.5625
2018-11-28,TzM,0.93475,48,1554.6041666666667
2018-11-29,Oran,1.07325,47,1726.595744680851
2018-11-29,TzM,0.9242,47,1741.5531914893618
2018-11-30,Oran,0.6878500000000001,48,1835.4583333333333
2018-11-30,TzM,0.6851,48,1850.25
2018-12-01,Oran,0.8205,48,1658.4583333333333
2018-12-01,TzM,0.7598,48,1746.7083333333333
2018-12-02,Oran,0.8852500000000001,48,1806.0
2018-12-02,TzM,0.74855,48,1820.75
2018-12-03,Oran,0.94445,48,1746.7916666666667
2018-12-03,TzM,0.75175,48,1732.2916666666667
2018-12-04,Oran,1.00475,48,1864.7916666666667
2018-12-04,TzM,0.80255,48,1865.0
2018-12-05,Oran,1.0113,48,1924.0
2018-12-05,TzM,0.80935,48,1938.625
2018-12-06,Oran,0.8681000000000001,48,1983.0
2018-12-06,TzM,0.7624500000000001,48,1983.0
2018-12-07,Oran,0.75445,48,1953.5
2018-12-07,TzM,0.5974,48,1879.6458333333333
2018-12-08,Oran,0.6998,48,1776.4166666666667
2018-12-08,TzM,0.71775,48,1761.4791666666667
2018-12-09,Oran,0.8552000000000001,48,1820.4583333333333
2018-12-09,TzM,0.7733,48,1894.3333333333333
2018-12-10,Oran,0.8396,48,1805.9166666666667
2018-12-10,TzM,0.7683500000000001,48,1746.6458333333333
2018-12-11,Oran,0.755,46,1567.0
2018-12-11,TzM,0.67195,46,1490.0869565217392
2018-12-12,Oran,0.6162000000000001,48,1702.2916666666667
2018-12-12,TzM,0.2502,48,1540.0833333333333
2018-12-13,Oran,0.18285,48,1466.1458333333333
2018-12-13,TzM,0.274,48,1481.0416666666667
2018-12-14,Oran,0.61105,48,1820.6666666666667
2018-12-14,TzM,0.73505,48,1850.1666666666667
2018-12-15,Oran,0.7259,48,1835.5
2018-12-15,TzM,0.60445,48,1806.0
2018-12-16,Oran,0.5457500000000001,48,1850.0833333333333
2018-12-16,TzM,0.4859,48,1717.4791666666667
2018-12-17,Oran,0.7210500000000001,48,1820.4583333333333
2018-12-17,TzM,0.6375500000000001,48,1658.25
2018-12-18,Oran,0.6441,48,1657.7916666666667
2018-12-18,TzM,0.5404,48,1599.25
2018-12-19,Oran,0.55745,48,1584.5
2018-12-19,TzM,0.5966,48,1599.125
2018-12-20,Oran,0.4717,47,1681.404255319149
2018-12-20,TzM,0.3839,47,1666.063829787234
2018-12-21,Oran,0.3836,48,1658.3541666666667
2018-12-21,TzM,0.3835,48,1584.5625
2018-12-22,Oran,0.35825,48,1672.7291666666667
2018-12-22,TzM,0.433,48,1628.5208333333333
2018-12-23,Oran,0.6717500000000001,48,1731.8125
2018-12-23,TzM,0.4373,48,1584.4583333333333
2018-12-24,Oran,0.7465,48,1525.2083333333333
2018-12-24,TzM,0.6121,48,1481.2083333333333
2018-12-25,Oran,0.60585,48,1510.1041666666667
2018-12-25,TzM,0.5896,48,1481.3125
2018-12-26,Oran,0.63265,48,1524.75
2018-12-26,TzM,0.61255,48,1465.8333333333333
2018-12-27,Oran,0.6475000000000001,48,1909.0833333333333
2018-12-27,TzM,0.5639500000000001,48,1835.3333333333333
2018-12-28,Oran,0.4895,48,1790.9791666666667
2018-12-28,TzM,0.40325,48,1525.5208333333333
2018-12-29,Oran,0.4148,48,1643.4166666666667
2018-12-29,TzM,0.51885,48,1909.0625
2018-12-30,Oran,0.6072000000000001,48,1968.2916666666667
2018-12-30,TzM,0.5720000000000001,48,1983.0
2018-12-31,Oran,0.7675000000000001,48,1983.0
2018-12-31,TzM,0.6244500000000001,48,1983.0
2019-01-01,Oran,0.7165,48,1983.0
2019-01-01,TzM,0.55565,48,1983.0
2019-01-02,Oran,0.65595,48,1983.0
2019-01-02,TzM,0.5428000000000001,48,1983.0
2019-01-03,Oran,0.48865,48,1953.4166666666667
2019-01-03,TzM,0.4578,48,1968.2083333333333
2019-01-04,Oran,0.5155500000000001,48,1938.7083333333333
2019-01-04,TzM,0.3493,48,1879.75
2019-01-05,Oran,0.562,48,1983.0
2019-01-05,TzM,0.3857,48,1968.25
2019-01-06,Oran,0.69525,48,1983.0
2019-01-06,TzM,0.6085,48,1983.0
2019-01-07,Oran,0.62185,48,1983.0
2019-01-07,TzM,0.51495,48,1983.0
2019-01-08,Oran,0.5366500000000001,48,1983.0
2019-01-08,TzM,0.38255,48,1938.6666666666667
2019-01-09,Oran,0.55425,48,1938.625
2019-01-09,TzM,0.5748,48,1953.5
2019-01-10,Oran,0.4661,48,1938.7916666666667
2019-01-10,TzM,0.48145,48,1953.5625
2019-01-11,Oran,0.4475,48,1983.0
2019-01-11,TzM,0.35105,48,1983.0
2019-01-12,Oran,0.46435,48,1983.0
2019-01-12,TzM,0.29525,48,1968.25
2019-01-13,Oran,0.40215,48,1968.2916666666667
2019-01-13,TzM,0.31795,48,1968.2916666666667
2019-01-14,Oran,0.5253,48,1968.2083333333333
2019-01-14,TzM,0.48455,48,1983.0
2019-01-15,Oran,0.5563,48,1953.5416666666667
2019-01-15,TzM,0.44075,48,1968.25
2019-01-16,Oran,0.4459,47,1952.787234042553
2019-01-16,TzM,0.3115,47,1967.893617021277
2019-01-17,Oran,0.2515,48,1525.3541666666667
2019-01-17,TzM,0.2659,48,1510.4583333333333
2019-01-18,Oran,0.37925,48,1731.8333333333333
2019-01-18,TzM,0.31395,48,1731.8958333333333
2019-01-19,Oran,0.35,48,1761.7083333333333
2019-01-19,TzM,0.282,48,1747.1041666666667
2019-01-20,Oran,0.15845,48,1687.9791666666667
2019-01-20,TzM,0.3254,48,1791.25
2019-01-21,Oran,0.4219,48,1938.625
2019-01-21,TzM,0.4573,48,1983.0
2019-01-22,Oran,0.25105,46,1644.0652173913045
2019-01-22,TzM,0.226,46,1597.9565217391305
2019-01-23,Oran,0.279,48,1761.25
2019-01-23,TzM,0.3057,48,1702.25
2019-01-24,Oran,0.2781,48,1805.9166666666667
2019-01-24,TzM,0.4489,48,1761.7083333333333
2019-01-25,Oran,0.483,48,1938.625
2019-01-25,TzM,0.49095,48,1938.7083333333333
2019-01-26,Oran,0.6185,48,1983.0
2019-01-26,TzM,0.4459,48,1953.4583333333333
2019-01-27,Oran,0.34195,48,1805.75
2019-01-27,TzM,0.3541,48,1864.8541666666667
2019-01-28,Oran,0.3896,48,1923.9583333333333
2019-01-28,TzM,0.3262,48,1924.0
2019-01-29,Oran,0.2401,48,1658.3333333333333
2019-01-29,TzM,0.16855,48,1643.625
2019-01-30,Oran,0.27915,48,1436.9583333333333
2019-01-30,TzM,0.3213,48,1495.8541666666667
2019-01-31,Oran,0.2591,48,1599.5
2019-01-31,TzM,0.1998,48,1584.75
2019-02-01,Oran,0.33645,48,1687.8333333333333
2019-02-01,TzM,0.3452,48,1599.125
2019-02-02,Oran,0.52695,48,1747.0
2019-02-02,TzM,0.7090000000000001,48,1791.3125
2019-02-03,Oran,0.6042000000000001,48,1894.7708333333333
2019-02-03,TzM,0.7081000000000001,48,1938.875
2019-02-04,Oran,0.75005,48,1968.2083333333333
2019-02-04,TzM,0.6435000000000001,48,1894.4375
2019-02-05,Oran,0.8208500000000001,48,1953.4375
2019-02-05,TzM,0.6588,48,1968.2083333333333
2019-02-06,Oran,0.8677,48,1983.0
2019-02-06,TzM,0.6081500000000001,48,1968.2083333333333
2019-02-07,Oran,0.7774500000000001,48,1864.7916666666667
2019-02-07,TzM,0.52975,48,1879.4583333333333
2019-02-08,Oran,0.8232,48,1968.2083333333333
2019-02-08,TzM,0.53335,48,1953.4583333333333
2019-02-09,Oran,0.7626000000000001,48,1820.6875
2019-02-09,TzM,0.4947,48,1835.375
2019-02-10,Oran,0.3476,48,1790.8958333333333
2019-02-10,TzM,0.2827,48,1658.1458333333333
2019-02-11,Oran,0.48925,48,1776.375
2019-02-11,TzM,0.50865,48,1776.5
2019-02-12,Oran,0.5255,48,1731.8958333333333
2019-02-12,TzM,0.4153,48,1923.9375
2019-02-13,Oran,0.5702,48,1717.0208333333333
2019-02-13,TzM,0.4457,48,1879.5
2019-02-14,Oran,0.4339,48,1628.5625
2019-02-14,TzM,0.3117,48,1791.1666666666667
2019-02-15,Oran,0.43085,48,1613.8541666666667
2019-02-15,TzM,0.2891,48,1673.1041666666667
2019-02-16,Oran,0.4921,48,1717.1666666666667
2019-02-16,TzM,0.3445,48,1746.6041666666667
2019-02-17,Oran,0.50725,48,1909.0416666666667
2019-02-17,TzM,0.3843,48,1953.4375
2019-02-18,Oran,0.4262,48,1790.8333333333333
2019-02-18,TzM,0.3139,48,1687.6458333333333
2019-02-19,Oran,0.52685,48,1775.9791666666667
2019-02-19,TzM,0.35215,48,1968.2291666666667
2019-02-20,Oran,0.5437500000000001,48,1849.9583333333333
2019-02-20,TzM,0.3285,48,1687.6666666666667
2019-02-21,Oran,0.5479,48,1717.125
2019-02-21,TzM,0.37145,48,1879.7916666666667
2019-02-22,Oran,0.7054,48,1983.0
2019-02-22,TzM,0.43975,48,1983.0
2019-02-23,Oran,0.58985,48,1791.25
2019-02-23,TzM,0.471,48,1806.0
2019-02-24,Oran,0.4809,48,1938.625
2019-02-24,TzM,0.3429,48,1953.5
2019-02-25,Oran,0.60575,48,1983.0
2019-02-25,TzM,0.442,48,1983.0
2019-02-26,Oran,0.5890500000000001,48,1983.0
2019-02-26,TzM,0.44615,48,1983.0
2019-02-27,Oran,0.6798000000000001,48,1968.25
2019-02-27,TzM,0.49885,48,1983.0
2019-02-28,Oran,0.59125,48,1776.4583333333333
2019-02-28,TzM,0.49155,48,1746.9791666666667
2019-03-01,Oran,0.6031500000000001,48,1628.875
2019-03-01,TzM,0.5522,48,1599.25
2019-03-02,Oran,0.53895,48,1835.5
2019-03-02,TzM,0.5508000000000001,48,1820.6666666666667
2019-03-03,Oran,0.64065,48,1924.0
2019-03-03,TzM,0.5889500000000001,48,1879.75
2019-03-04,Oran,0.29455,48,1717.5
2019-03-04,TzM,0.3532,48,1688.0
2019-03-05,Oran,0.1746,48,1570.0
2019-03-05,TzM,0.22855,48,1570.0
2019-03-06,Oran,0.24135,48,1643.7083333333333
2019-03-06,TzM,0.1861,48,1688.0
2019-03-07,Oran,0.4258,48,1702.3958333333333
2019-03-07,TzM,0.39185,48,1702.2291666666667
2019-03-08,Oran,0.38655,48,1894.5833333333333
2019-03-08,TzM,0.4814,48,1835.4583333333333
2019-03-09,Oran,0.6787000000000001,48,1968.25
2019-03-09,TzM,0.6747000000000001,48,1968.2083333333333
2019-03-10,Oran,0.6866500000000001,48,1983.0
2019-03-10,TzM,0.6732,48,1968.25
2019-03-11,Oran,0.69745,48,1924.0
2019-03-11,TzM,0.6444,48,1953.5
2019-03-12,Oran,0.5456,46,1952.1739130434785
2019-03-12,TzM,0.5414,46,1967.608695652174
2019-03-13,Oran,0.32185,48,1850.25
2019-03-13,TzM,0.4615,48,1953.5
2019-03-14,Oran,0.4684,48,1968.25
2019-03-14,TzM,0.5752,48,1968.2916666666667
2019-03-15,Oran,0.57675,48,1983.0
2019-03-15,TzM,0.6849500000000001,48,1983.0
2019-03-16,Oran,0.5579500000000001,48,1968.2083333333333
2019-03-16,TzM,0.6948500000000001,48,1983.0
2019-03-17,Oran,0.45245,48,1968.25
2019-03-17,TzM,0.55605,48,1968.25
2019-03-18,Oran,0.3485,48,1820.5
2019-03-18,TzM,0.4623,48,1746.75
2019-03-19,Oran,0.22865,48,1510.4375
2019-03-19,TzM,0.37465,48,1658.0416666666667
2019-03-20,Oran,0.1894,48,1835.2291666666667
2019-03-20,TzM,0.41915,48,1820.5
2019-03-21,Oran,0.33855,48,1983.0
2019-03-21,TzM,0.43735,48,1968.25
2019-03-22,Oran,0.337,48,1923.875
2019-03-22,TzM,0.4316,48,1938.8125
2019-03-23,Oran,0.19055,48,1761.4791666666667
2019-03-23,TzM,0.33145,48,1761.4583333333333
2019-03-24,Oran,0.394,48,1968.25
2019-03-24,TzM,0.52805,48,1924.0
2019-03-25,Oran,0.5518500000000001,48,1968.25
2019-03-25,TzM,0.6888000000000001,48,1983.0
2019-03-26,Oran,0.3048,48,1983.0
2019-03-26,TzM,0.42995,48,1953.4166666666667
2019-03-27,Oran,0.3588,48,1983.0
2019-03-27,TzM,0.48325,48,1938.625
2019-03-28,Oran,0.3707,48,1983.0
2019-03-28,TzM,0.53035,48,1983.0
2019-03-29,Oran,0.27005,48,1923.8333333333333
2019-03-29,TzM,0.39525,48,1953.5
2019-03-30,Oran,0.3095,48,1614.0833333333333
2019-03-30,TzM,0.43365,48,1687.9166666666667
2019-03-31,Oran,0.041,48,1452.0
2019-03-31,TzM,0.05835,48,1496.25
2019-04-01,Oran,1.0588,48,1658.5
2019-04-01,TzM,0.8928,48,1688.0
2019-04-02,Oran,1.58975,48,1746.9583333333333
2019-04-02,TzM,1.52705,48,1879.75
2019-04-03,Oran,2.1463,48,1953.5
2019-04-03,TzM,2.19585,48,1894.375
2019-04-04,Oran,2.1507,48,1968.2083333333333
2019-04-04,TzM,2.0121,48,1983.0
2019-04-05,Oran,0.5810000000000001,48,1702.2291666666667
2019-04-05,TzM,0.51595,48,1643.125
2019-04-06,Oran,0.9613,48,1658.125
2019-04-06,TzM,1.0479,48,1717.2083333333333
2019-04-07,Oran,1.2389,48,1569.9375
2019-04-07,TzM,1.2987,48,1628.9583333333333
2019-04-08,Oran,1.1161,48,1643.75
2019-04-08,TzM,1.11085,48,1643.75
2019-04-09,Oran,1.2193500000000002,48,1879.7083333333333
2019-04-09,TzM,1.0632,48,1717.25
2019-04-10,Oran,0.86155,48,1791.25
2019-04-10,TzM,1.3359,48,1791.0
2019-04-11,Oran,2.00435,48,1953.5
2019-04-11,TzM,2.12895,48,1923.9583333333333
2019-04-12,Oran,1.7867,47,1952.8297872340424
2019-04-12,TzM,1.93475,47,1952.787234042553
2019-04-13,Oran,2.0421,48,1968.25
2019-04-13,TzM,2.2197500000000003,48,1968.2083333333333
2019-04-14,Oran,1.95215,48,1909.25
2019-04-14,TzM,2.0214,48,1894.5
2019-04-15,Oran,1.6989500000000002,48,1658.5
2019-04-15,TzM,1.7535500000000002,48,1673.25
2019-04-16,Oran,1.74485,48,1865.0
2019-04-16,TzM,2.0604,48,1835.5
2019-04-17,Oran,0.8403,47,1651.595744680851
2019-04-17,TzM,1.1741,47,1621.468085106383
2019-04-18,Oran,0.11,48,1584.75
2019-04-18,TzM,0.14035,48,1629.0
2019-04-19,Oran,0.27505,48,1466.7083333333333
2019-04-19,TzM,0.2556,48,1437.25
2019-04-20,Oran,0.281,48,1496.25
2019-04-20,TzM,0.8112,48,1570.0
2019-04-21,Oran,0.30595,48,1466.75
2019-04-21,TzM,0.4986,48,1511.0
2019-04-22,Oran,1.22605,48,1629.0
2019-04-22,TzM,1.51625,48,1643.75
2019-04-23,Oran,1.18095,48,1746.9166666666667
2019-04-23,TzM,1.14505,48,1673.0833333333333
2019-04-24,Oran,3.03865,48,1835.4166666666667
2019-04-24,TzM,2.9584,48,1761.5208333333333
2019-04-25,Oran,1.15575,48,1702.75
2019-04-25,TzM,1.7704000000000002,48,1776.5
2019-04-26,Oran,3.1611,41,1983.0
2019-04-26,TzM,3.17775,41,1931.2439024390244
2019-04-27,Oran,3.71105,48,1983.0
2019-04-27,TzM,3.82,48,1968.2083333333333
2019-04-28,Oran,3.77285,48,1953.5
2019-04-28,TzM,3.96965,48,1938.75
2019-04-29,Oran,3.5714,48,1924.0
2019-04-29,TzM,3.78235,48,1938.75
2019-04-30,Oran,3.4241,48,1717.5
2019-04-30,TzM,3.49425,48,1850.25
2019-05-01,Oran,1.86945,48,1584.75
2019-05-01,TzM,2.7333000000000003,48,1702.75
2019-05-02,Oran,3.1904000000000003,48,1673.25
2019-05-02,TzM,3.5846500000000003,48,1688.0
2019-05-03,Oran,2.26725,48,1820.75
2019-05-03,TzM,2.72575,48,1953.5
2019-05-04,Oran,3.4560500000000003,48,1983.0
2019-05-04,TzM,3.76805,48,1924.0416666666667
2019-05-05,Oran,3.4524000000000004,48,1983.0
2019-05-05,TzM,3.81695,48,1983.0
2019-05-06,Oran,3.28365,48,1909.25
2019-05-06,TzM,3.53535,48,1938.75
2019-05-07,Oran,3.23135,48,1717.5
2019-05-07,TzM,3.2521,48,1717.5
2019-05-08,Oran,1.9214,48,1570.0
2019-05-08,TzM,1.64045,48,1629.0
2019-05-09,Oran,1.5656,48,1791.25
2019-05-09,TzM,2.3369500000000003,48,1776.5
2019-05-10,Oran,2.5849,48,1776.5
2019-05-10,TzM,2.8199,48,1909.25
2019-05-11,Oran,2.89915,48,1938.75
2019-05-11,TzM,3.4228,48,1938.75
2019-05-12,Oran,2.70665,48,1894.5
2019-05-12,TzM,3.3226500000000003,48,1924.0
2019-05-13,Oran,2.40615,48,1983.0
2019-05-13,TzM,3.01805,48,1983.0
2019-05-14,Oran,2.3215,48,1938.75
2019-05-14,TzM,3.051,48,1983.0
2019-05-15,Oran,2.60025,48,1924.0
2019-05-15,TzM,3.2658500000000004,48,1953.5
2019-05-16,Oran,1.97875,48,1776.5
2019-05-16,TzM,2.6111,48,1717.5
2019-05-17,Oran,1.2181,48,1702.75
2019-05-17,TzM,1.414,48,1820.75
2019-05-18,Oran,1.26415,48,1791.25
2019-05-18,TzM,1.7656500000000002,48,1791.25
2019-05-19,Oran,1.44485,48,1791.0416666666667
2019-05-19,TzM,1.8683,48,1864.875
2019-05-20,Oran,1.6168,48,1791.25
2019-05-20,TzM,2.14905,48,1791.25
2019-05-21,Oran,1.32,48,1761.75
2019-05-21,TzM,1.7323000000000002,48,1658.5
2019-05-22,Oran,2.141,48,1791.25
2019-05-22,TzM,2.5940000000000003,48,1820.75
2019-05-23,Oran,1.59985,48,1747.0
2019-05-23,TzM,2.3113,48,1761.75
2019-05-24,Oran,0.7732000000000001,47,1606.404255319149
2019-05-24,TzM,1.06835,47,1772.106382978723
2019-05-25,Oran,2.4158500000000003,48,1924.0
2019-05-25,TzM,2.42045,48,1924.0
2019-05-26,Oran,2.95675,48,1938.75
2019-05-26,TzM,2.97045,48,1968.25
2019-05-27,Oran,2.5274,48,1894.5
2019-05-27,TzM,2.69865,48,1953.5
2019-05-28,Oran,2.25,48,1894.5
2019-05-28,TzM,2.592,48,1879.75
2019-05-29,Oran,2.01295,48,1983.0
2019-05-29,TzM,2.1898500000000003,48,1983.0
2019-05-30,Oran,1.7798500000000002,48,1983.0
2019-05-30,TzM,2.0406,48,1983.0
2019-05-31,Oran,1.68795,48,1983.0
2019-05-31,TzM,1.9382,48,1983.0
2019-06-01,Oran,1.2321,48,1983.0
2019-06-01,TzM,2.0833,48,1983.0
2019-06-02,Oran,0.9908,43,1983.0
2019-06-02,TzM,2.128,43,1950.0697674418604
2019-06-03,Oran,0.7514000000000001,47,1817.2978723404256
2019-06-03,TzM,1.92685,47,1862.489361702128
2019-06-04,Oran,0.62805,48,1879.75
2019-06-04,TzM,1.6768,48,1968.25
2019-06-05,Oran,0.1942,48,1747.0
2019-06-05,TzM,0.8111,48,1717.5
2019-06-06,Oran,0.3325,48,1983.0
2019-06-06,TzM,1.2593,48,1953.5
2019-06-07,Oran,0.2725,48,1953.5
2019-06-07,TzM,0.96295,48,1983.0
2019-06-08,Oran,0.24615,48,1865.0
2019-06-08,TzM,0.77775,48,1806.0
2019-06-09,Oran,0.43035,48,1688.0
2019-06-09,TzM,1.11115,48,1673.25
2019-06-10,Oran,0.25925,48,1983.0
2019-06-10,TzM,1.0718,48,1953.5
2019-06-11,Oran,0.21115,48,1879.75
2019-06-11,TzM,0.7995500000000001,48,1953.5
2019-06-12,Oran,0.198,48,1938.75
2019-06-12,TzM,0.89485,48,1968.25
2019-06-13,Oran,0.1892,48,1776.5
2019-06-13,TzM,0.7767000000000001,48,1732.25
2019-06-14,Oran,0.42215,48,1732.25
2019-06-14,TzM,0.9142,48,1629.0
2019-06-15,Oran,1.06925,48,1776.5
2019-06-15,TzM,1.1299,48,1850.25
2019-06-16,Oran,0.54535,48,1747.0
2019-06-16,TzM,0.7071500000000001,48,1747.0
2019-06-17,Oran,0.6229,48,1938.75
2019-06-17,TzM,1.32405,48,1953.5
2019-06-18,Oran,0.3195,48,1938.75
2019-06-18,TzM,1.4014,48,1850.25
2019-06-19,Oran,0.22405,48,1850.25
2019-06-19,TzM,0.9271,48,1879.75
2019-06-20,Oran,0.2328,48,1953.5
2019-06-20,TzM,1.0671,48,1924.0
2019-06-21,Oran,0.2203,48,1761.75
2019-06-21,TzM,1.0589,48,1850.25
2019-06-22,Oran,0.1804,48,1850.25
2019-06-22,TzM,0.8877,48,1865.0
2019-06-23,Oran,0.2017,48,1850.25
2019-06-23,TzM,1.04465,48,1835.5
2019-06-24,Oran,0.24065,48,1835.5
2019-06-24,TzM,1.0402,48,1732.25
2019-06-25,Oran,0.2195,48,1953.5
2019-06-25,TzM,1.04845,48,1938.75
2019-06-26,Oran,0.1877,48,1879.75
2019-06-26,TzM,0.8217000000000001,48,1894.5
2019-06-27,Oran,0.16845,48,1791.25
2019-06-27,TzM,0.6554000000000001,48,1820.75
2019-06-28,Oran,0.21335,48,1983.0
2019-06-28,TzM,0.979,48,1983.0
2019-06-29,Oran,0.26855,48,1968.25
2019-06-29,TzM,1.1787500000000002,48,1983.0
2019-06-30,Oran,0.23065,48,1983.0
2019-06-30,TzM,1.0601,48,1983.0
2019-07-01,Oran,0.18085,46,1752.1304347826087
2019-07-01,TzM,0.77525,46,1767.5217391304348
2019-07-02,Oran,0.14775,42,1848.142857142857
2019-07-02,TzM,0.6803,42,1848.142857142857
2019-07-03,Oran,0.1682,48,1983.0
2019-07-03,TzM,0.7599,48,1968.25
2019-07-04,Oran,0.15155,48,1968.25
2019-07-04,TzM,0.70065,48,1938.75
2019-07-05,Oran,0.02255,48,1924.0
2019-07-05,TzM,0.7110500000000001,48,1983.0
2019-07-06,Oran,0.1485,48,1658.5
2019-07-06,TzM,0.8033,48,1673.25
2019-07-07,Oran,0.26155,48,1584.75
2019-07-07,TzM,0.83455,48,1555.25
2019-07-08,Oran,0.21955,48,1584.75
2019-07-08,TzM,0.799,48,1806.0
2019-07-09,Oran,1.28945,48,1894.5
2019-07-09,TzM,1.2946,48,1894.5
2019-07-10,Oran,0.9789,48,1938.75
2019-07-10,TzM,1.22195,48,1968.25
2019-07-11,Oran,0.5977,48,1983.0
2019-07-11,TzM,1.1505,48,1983.0
2019-07-12,Oran,0.21055,48,1820.75
2019-07-12,TzM,0.89145,48,1806.0
2019-07-13,Oran,0.17165,48,1761.75
2019-07-13,TzM,0.61185,48,1776.5
2019-07-14,Oran,0.01815,48,1968.25
2019-07-14,TzM,0.4973,48,1983.0
2019-07-15,Oran,0.02275,48,1924.0
2019-07-15,TzM,0.6059,48,1983.0
2019-07-16,Oran,0.01465,48,1953.5
2019-07-16,TzM,0.5198,48,1968.25
2019-07-17,Oran,0.1644,48,1924.0
2019-07-17,TzM,0.6705,48,1820.75
2019-07-18,Oran,0.8106500000000001,48,1983.0
2019-07-18,TzM,1.0212,48,1983.0
2019-07-19,Oran,0.4345,48,1953.5
2019-07-19,TzM,0.75275,48,1983.0
2019-07-20,Oran,0.19,48,1879.75
2019-07-20,TzM,0.6414500000000001,48,1968.25
2019-07-21,Oran,0.1571,48,1953.5
2019-07-21,TzM,0.52,48,1968.25
2019-07-22,Oran,0.02125,48,1879.75
2019-07-22,TzM,0.535,48,1924.0
2019-07-23,Oran,0.022,48,1761.75
2019-07-23,TzM,0.549,48,1806.0
2019-07-24,Oran,0.02385,48,1820.75
2019-07-24,TzM,0.6195,48,1879.75
2019-07-25,Oran,0.0238,48,1835.5
2019-07-25,TzM,0.68345,48,1791.25
2019-07-26,Oran,0.02145,48,1806.0
2019-07-26,TzM,0.5304,48,1820.75
2019-07-27,Oran,0.01595,48,1938.75
2019-07-27,TzM,0.3459,48,1953.5
2019-07-28,Oran,0.0225,48,1953.5
2019-07-28,TzM,0.58755,48,1983.0
2019-07-29,Oran,0.02605,48,1968.25
2019-07-29,TzM,0.64275,48,1924.0
2019-07-30,Oran,0.0269,48,1894.5
2019-07-30,TzM,0.6598,48,1938.75
2019-07-31,Oran,0.0135,48,1850.25
2019-07-31,TzM,0.37055,48,1909.25
2019-08-01,Oran,0.025,48,1894.5
2019-08-01,TzM,0.6349,48,1968.25
2019-08-02,Oran,0.2021,48,1983.0
2019-08-02,TzM,0.72035,48,1983.0
2019-08-03,Oran,0.0218,48,1924.0
2019-08-03,TzM,0.47125,48,1983.0
2019-08-04,Oran,0.03245,48,1983.0
2019-08-04,TzM,0.5325,48,1968.25
2019-08-05,Oran,0.0301,48,1983.0
2019-08-05,TzM,0.52335,48,1983.0
2019-08-06,Oran,0.03145,48,1894.5
2019-08-06,TzM,0.5122,48,1879.75
2019-08-07,Oran,0.02655,48,1584.75
2019-08-07,TzM,0.29805,48,1584.75
2019-08-08,Oran,0.03195,48,1894.5
2019-08-08,TzM,0.45045,48,1924.0
2019-08-09,Oran,0.0141,48,1983.0
2019-08-09,TzM,0.38375,48,1983.0
2019-08-10,Oran,0.0285,48,1983.0
2019-08-10,TzM,0.42555,48,1953.5
2019-08-11,Oran,0.0258,48,1732.25
2019-08-11,TzM,0.36045,48,1776.5
2019-08-12,Oran,0.02485,48,1835.5
2019-08-12,TzM,0.43115,48,1791.25
2019-08-13,Oran,0.1101,48,1732.25
2019-08-13,TzM,0.29855,48,1791.25
2019-08-14,Oran,0.42415,48,1953.5
2019-08-14,TzM,0.42005,48,1983.0
2019-08-15,Oran,0.17345,48,1983.0
2019-08-15,TzM,0.4454,48,1983.0
2019-08-16,Oran,0.01285,48,1983.0
2019-08-16,TzM,0.4553,48,1983.0
2019-08-17,Oran,0.0143,48,1924.0
2019-08-17,TzM,0.4772,48,1924.0
2019-08-18,Oran,0.0153,48,1938.75
2019-08-18,TzM,0.44385,48,1953.5
2019-08-19,Oran,0.0134,48,1983.0
2019-08-19,TzM,0.43595,48,1924.0
2019-08-20,Oran,0.00745,48,1747.0
2019-08-20,TzM,0.2781,48,1791.25
2019-08-21,Oran,0.0015,48,1688.0
2019-08-21,TzM,0.0385,48,1673.25
2019-08-22,Oran,2.50685,48,1983.0
2019-08-22,TzM,2.3929,48,1983.0
2019-08-23,Oran,2.24075,48,1983.0
2019-08-23,TzM,1.81725,48,1983.0
2019-08-24,Oran,1.8064,48,1968.25
2019-08-24,TzM,1.3177,48,1983.0
2019-08-25,Oran,1.1386,48,1938.75
2019-08-25,TzM,0.8290500000000001,48,1909.25
2019-08-26,Oran,0.3221,48,1614.25
2019-08-26,TzM,0.3427,48,1540.5
2019-08-27,Oran,0.84535,48,1938.75
2019-08-27,TzM,2.4996,48,1909.25
2019-08-28,Oran,1.31285,48,1983.0
2019-08-28,TzM,2.58895,48,1983.0
2019-08-29,Oran,0.7745000000000001,48,1850.25
2019-08-29,TzM,1.7428500000000002,48,1850.25
2019-08-30,Oran,0.50205,48,1820.75
2019-08-30,TzM,1.41535,48,1673.25
2019-08-31,Oran,0.7126,48,1968.25
2019-08-31,TzM,1.5632,48,1968.25
2019-09-01,Oran,0.4962,48,1791.25
2019-09-01,TzM,1.2268,48,1806.0
2019-09-02,Oran,0.17585,48,1673.25
2019-09-02,TzM,0.63315,48,1688.0
2019-09-03,Oran,0.3315,48,1850.25
2019-09-03,TzM,0.95675,48,1983.0
2019-09-04,Oran,0.3356,48,1879.75
2019-09-04,TzM,0.8284,48,1924.0
2019-09-05,Oran,0.22555,48,1820.75
2019-09-05,TzM,0.6318,48,1879.75
2019-09-06,Oran,0.3819,48,1806.0
2019-09-06,TzM,0.4287,48,1732.25
2019-09-07,Oran,0.44005,48,1835.5
2019-09-07,TzM,0.5209,48,1688.0
2019-09-08,Oran,0.50065,48,1806.0
2019-09-08,TzM,0.65385,48,1761.75
2019-09-09,Oran,0.5489,48,1835.5
2019-09-09,TzM,0.55035,48,1835.5
2019-09-10,Oran,0.28965,48,1850.25
2019-09-10,TzM,0.3373,48,1776.5
2019-09-11,Oran,0.09265,48,1673.25
2019-09-11,TzM,0.1335,48,1702.75
2019-09-12,Oran,0.06275,48,1511.0
2019-09-12,TzM,0.13855,48,1599.5
2019-09-13,Oran,0.5658500000000001,48,1437.25
2019-09-13,TzM,0.436,48,1466.75
2019-09-14,Oran,0.7974,48,1599.5
2019-09-14,TzM,1.3681,48,1658.5
2019-09-15,Oran,1.7851,48,1599.5
2019-09-15,TzM,1.4138000000000002,48,1599.5
2019-09-16,Oran,2.05035,48,1820.75
2019-09-16,TzM,2.1073500000000003,48,1835.5
2019-09-17,Oran,2.51135,48,1673.25
2019-09-17,TzM,2.26795,48,1658.5
2019-09-18,Oran,2.7756000000000003,48,1894.5
2019-09-18,TzM,2.5737,48,1909.25
2019-09-19,Oran,2.47675,48,1776.5
2019-09-19,TzM,1.68315,48,1953.5
2019-09-20,Oran,1.413,48,1599.5
2019-09-20,TzM,1.042,48,1584.75
2019-09-21,Oran,1.49455,48,1614.25
2019-09-21,TzM,1.8476,48,1643.75
2019-09-22,Oran,1.9142,48,1776.5
2019-09-22,TzM,1.3982,48,1806.0
2019-09-23,Oran,2.2710000000000004,48,1806.0
2019-09-23,TzM,2.28,48,1835.5
2019-09-24,Oran,2.6407000000000003,48,1983.0
2019-09-24,TzM,2.387,48,1983.0
2019-09-25,Oran,2.0919000000000003,48,1776.5
2019-09-25,TzM,1.803,48,1776.5
2019-09-26,Oran,2.05355,48,1938.75
2019-09-26,TzM,1.7435500000000002,48,1924.0
2019-09-27,Oran,2.0539,48,1983.0
2019-09-27,TzM,1.6238,48,1983.0
2019-09-28,Oran,1.71815,48,1938.75
2019-09-28,TzM,1.55135,48,1968.25
2019-09-29,Oran,1.71465,48,1983.0
2019-09-29,TzM,1.37285,48,1983.0
2019-09-30,Oran,1.62745,47,1802.234042553192
2019-09-30,TzM,1.3597,47,1817.2978723404256
2019-10-01,Oran,1.19975,42,1966.142857142857
2019-10-01,TzM,0.9774,42,1932.4285714285716
2019-10-02,Oran,1.0579,48,1879.75
2019-10-02,TzM,0.8387,48,1865.0
2019-10-03,Oran,0.98515,48,1761.75
2019-10-03,TzM,0.7468,48,1761.75
2019-10-04,Oran,1.2090500000000002,48,1938.75
2019-10-04,TzM,0.8361000000000001,48,1983.0
2019-10-05,Oran,1.0530000000000002,48,1983.0
2019-10-05,TzM,0.7493500000000001,48,1968.25
2019-10-06,Oran,0.8908,48,1791.25
2019-10-06,TzM,0.6404000000000001,48,1791.25
2019-10-07,Oran,0.70525,48,1924.0
2019-10-07,TzM,0.61615,48,1953.5
2019-10-08,Oran,0.6274500000000001,47,1983.0
2019-10-08,TzM,0.5324,47,1983.0
2019-10-09,Oran,0.79825,48,1983.0
2019-10-09,TzM,0.60665,48,1983.0
2019-10-10,Oran,0.42935,48,1702.75
2019-10-10,TzM,0.3484,48,1747.0
2019-10-11,Oran,0.34585,48,1599.5
2019-10-11,TzM,0.4297,48,1555.25
2019-10-12,Oran,0.24165,48,1732.25
2019-10-12,TzM,0.3138,48,1673.25
2019-10-13,Oran,0.65235,47,1892.617021276596
2019-10-13,TzM,0.44725,47,1817.2978723404256
2019-10-14,Oran,0.17515,48,1761.75
2019-10-14,TzM,0.22695,48,1643.75
2019-10-15,Oran,0.3144,47,1832.36170212766
2019-10-15,TzM,0.371,47,1757.042553191489
2019-10-16,Oran,0.489,48,1894.5
2019-10-16,TzM,0.4358,48,1879.75
2019-10-17,Oran,0.32465,48,1983.0
2019-10-17,TzM,0.3354,48,1968.25
2019-10-18,Oran,0.31935,48,1658.5
2019-10-18,TzM,0.28125,48,1717.5
2019-10-19,Oran,0.1809,48,1820.75
2019-10-19,TzM,0.22515,48,1791.25
2019-10-20,Oran,0.0997,48,1673.25
2019-10-20,TzM,0.1635,48,1732.25
2019-10-21,Oran,0.30555,48,1732.25
2019-10-21,TzM,0.33615,48,1850.1875
2019-10-22,Oran,0.03895,48,1481.375
2019-10-22,TzM,0.06175,48,1481.5
2019-10-23,Oran,0.44965,48,1673.25
2019-10-23,TzM,0.46245,48,1688.0
2019-10-24,Oran,0.8825000000000001,48,1835.5
2019-10-24,TzM,1.14115,48,1865.0
2019-10-25,Oran,1.50795,48,1983.0
2019-10-25,TzM,1.50215,48,1983.0
2019-10-26,Oran,1.54345,48,1968.25
2019-10-26,TzM,1.50685,48,1938.75
2019-10-27,Oran,1.1436,48,1732.25
2019-10-27,TzM,0.977,48,1761.75
2019-10-28,Oran,1.02945,48,1599.5
2019-10-28,TzM,1.0470000000000002,48,1584.75
2019-10-29,Oran,1.1345,48,1894.5
2019-10-29,TzM,1.067,48,1909.25
2019-10-30,Oran,1.07055,48,1599.5
2019-10-30,TzM,1.0344,48,1599.5
2019-10-31,Oran,0.7305,48,1629.0
2019-10-31,TzM,0.7863,48,1584.75
2019-11-01,Oran,0.63065,47,1696.787234042553
2019-11-01,TzM,0.60395,47,1757.042553191489
2019-11-02,Oran,0.7008500000000001,48,1555.25
2019-11-02,TzM,0.6906,48,1658.5
2019-11-03,Oran,0.6873,48,1865.0
2019-11-03,TzM,0.6919000000000001,48,1820.75
2019-11-04,Oran,0.63725,48,1806.0
2019-11-04,TzM,0.7109000000000001,48,1747.0
2019-11-05,Oran,0.40875,48,1806.0
2019-11-05,TzM,0.5156000000000001,48,1747.0
2019-11-06,Oran,0.6225,48,1983.0
2019-11-06,TzM,0.8061,48,1968.2083333333333
2019-11-07,Oran,0.3504,48,1776.375
2019-11-07,TzM,0.4529,48,1717.4166666666667
2019-11-08,Oran,0.466,48,1850.0833333333333
2019-11-08,TzM,0.64595,48,1909.1041666666667
2019-11-09,Oran,0.48245,48,1761.7083333333333
2019-11-09,TzM,0.6116,48,1746.9166666666667
2019-11-10,Oran,0.31345,48,1643.3958333333333
2019-11-10,TzM,0.4801,48,1835.3541666666667
2019-11-11,Oran,0.269,46,1567.195652173913
2019-11-11,TzM,0.29405,46,1566.8260869565215
2019-11-12,Oran,0.4889,48,1820.4583333333333
2019-11-12,TzM,0.5858,48,1702.2708333333333
2019-11-13,Oran,0.3381,47,1666.659574468085
2019-11-13,TzM,0.4038,47,1741.978723404255
2019-11-14,Oran,0.2278,48,1658.5208333333333
2019-11-14,TzM,0.3374,48,1437.1458333333333
2019-11-15,Oran,0.40475,48,1762.0208333333333
2019-11-15,TzM,0.6373,48,1702.2708333333333
2019-11-16,Oran,0.5235500000000001,48,1938.6458333333333
2019-11-16,TzM,0.69975,48,1938.6666666666667
2019-11-17,Oran,0.39475,48,1717.4583333333333
2019-11-17,TzM,0.4296,48,1687.9375
2019-11-18,Oran,0.5456000000000001,48,1850.0
2019-11-18,TzM,0.74055,48,1923.9166666666667
2019-11-19,Oran,0.7753500000000001,48,1761.3125
2019-11-19,TzM,0.7754000000000001,48,1746.5208333333333
2019-11-20,Oran,0.7765500000000001,48,1717.2083333333333
2019-11-20,TzM,0.7397,48,1599.1041666666667
2019-11-21,Oran,0.44335,48,1599.2291666666667
2019-11-21,TzM,0.49425,48,1628.7083333333333
2019-11-22,Oran,0.29955,48,1673.25
2019-11-22,TzM,0.34065,48,1643.75
2019-11-23,Oran,0.761,48,1761.625
2019-11-23,TzM,0.8731500000000001,48,1776.5416666666667
2019-11-24,Oran,0.6715500000000001,48,1968.2916666666667
2019-11-24,TzM,0.77215,48,1938.8333333333333
2019-11-25,Oran,0.60085,48,1673.25
2019-11-25,TzM,0.3366,48,1614.25
2019-11-26,Oran,0.8375,48,1702.75
2019-11-26,TzM,0.5830500000000001,48,1658.5
2019-11-27,Oran,0.85875,48,1835.5
2019-11-27,TzM,0.8437,48,1865.0
2019-11-28,Oran,0.7129000000000001,48,1864.9583333333333
2019-11-28,TzM,0.41175,48,1850.25
2019-11-29,Oran,0.5179,48,1791.25
2019-11-29,TzM,0.5578500000000001,48,1717.5
2019-11-30,Oran,0.8497,48,1776.5
2019-11-30,TzM,0.77005,48,1879.75
2019-12-01,Oran,0.7584000000000001,48,1805.6666666666667
2019-12-01,TzM,0.7189000000000001,48,1761.7083333333333
2019-12-02,Oran,0.1534,48,1481.5
2019-12-02,TzM,0.3064,48,1540.5
2019-12-03,Oran,0.1561,48,1481.5
2019-12-03,TzM,0.2326,48,1511.0
2019-12-04,Oran,0.19535,48,1540.5
2019-12-04,TzM,0.2459,48,1525.75
2019-12-05,Oran,0.1944,48,1614.25
2019-12-05,TzM,0.31645,48,1629.0
2019-12-06,Oran,0.47715,48,1805.9583333333333
2019-12-06,TzM,0.4901,48,1746.9583333333333
2019-12-07,Oran,0.6775500000000001,48,1850.4375
2019-12-07,TzM,0.5626,48,1805.9166666666667
2019-12-08,Oran,0.8592000000000001,48,1732.3333333333333
2019-12-08,TzM,0.50105,48,1451.625
2019-12-09,Oran,0.9489,48,1569.6041666666667
2019-12-09,TzM,0.62385,48,1614.0416666666667
2019-12-10,Oran,0.8692500000000001,48,1687.4583333333333
2019-12-10,TzM,0.686,48,1805.7708333333333
2019-12-11,Oran,0.74815,48,1849.9583333333333
2019-12-11,TzM,0.56655,48,1953.5208333333333
2019-12-12,Oran,0.5299,48,1525.6041666666667
2019-12-12,TzM,0.4748,48,1525.625
2019-12-13,Oran,0.7432000000000001,48,1540.5
2019-12-13,TzM,0.75055,48,1702.75
2019-12-14,Oran,0.5176000000000001,48,1687.7083333333333
2019-12-14,TzM,0.4392,48,1481.5
2019-12-15,Oran,0.8247,48,1495.8958333333333
2019-12-15,TzM,0.71095,48,1480.3958333333333
2019-12-16,Oran,0.2906,48,1495.7916666666667
2019-12-16,TzM,0.3451,48,1495.75
2019-12-17,Oran,0.4049,48,1569.875
2019-12-17,TzM,0.3749,48,1569.9583333333333
2019-12-18,Oran,0.73075,47,1756.7021276595744
2019-12-18,TzM,0.6486500000000001,47,1651.3829787234042
2019-12-19,Oran,0.2288,48,1510.7708333333333
2019-12-19,TzM,0.4118,48,1555.25
2019-12-20,Oran,0.28425,47,1470.8297872340424
2019-12-20,TzM,0.4681,47,1455.7659574468084
2019-12-21,Oran,0.94775,48,1747.0
2019-12-21,TzM,0.75355,48,1673.25
2019-12-22,Oran,1.06925,48,1983.0
2019-12-22,TzM,1.04745,48,1968.25
2019-12-23,Oran,1.06305,48,1835.375
2019-12-23,TzM,0.8249500000000001,48,1761.5
2019-12-24,Oran,0.988,48,1968.2083333333333
2019-12-24,TzM,0.75495,48,1953.5
2019-12-25,Oran,1.0285,48,1909.25
2019-12-25,TzM,0.7200500000000001,48,1909.25
2019-12-26,Oran,0.96665,48,1614.0
2019-12-26,TzM,0.676,48,1673.1666666666667
2019-12-27,Oran,0.87655,48,1909.125
2019-12-27,TzM,0.6827000000000001,48,1894.2708333333333
2019-12-28,Oran,0.8256000000000001,48,1953.4375
2019-12-28,TzM,0.6339,48,1923.9583333333333
2019-12-29,Oran,0.5608000000000001,48,1673.0625
2019-12-29,TzM,0.45305,48,1806.2916666666667
2019-12-30,Oran,0.58955,48,1658.2083333333333
2019-12-30,TzM,0.44255,48,1658.6041666666667
2019-12-31,Oran,0.70235,48,1923.8958333333333
2019-12-31,TzM,0.5246000000000001,48,1747.1875
2020-01-01,Oran,0.7009500000000001,48,1983.0
2020-01-01,TzM,0.46215,48,1688.1041666666667
2020-01-02,Oran,0.7363500000000001,48,1983.0
2020-01-02,TzM,0.5408000000000001,48,1909.3333333333333
2020-01-03,Oran,,26,1928.423076923077
2020-01-03,TzM,,26,1819.6153846153843
2020-01-04,Oran,0.5372,48,1717.5416666666667
2020-01-04,TzM,0.47215,48,1717.2708333333333
2020-01-05,Oran,0.7050500000000001,48,1983.0
2020-01-05,TzM,0.5437500000000001,48,1983.0
2020-01-06,Oran,0.80855,48,1983.0
2020-01-06,TzM,0.6325000000000001,48,1983.0
2020-01-07,Oran,0.8042,48,1983.0
2020-01-07,TzM,0.6025,48,1983.0
2020-01-08,Oran,0.8108000000000001,48,1820.6666666666667
2020-01-08,TzM,0.5926,48,1761.8125
2020-01-09,Oran,0.6935,48,1687.6041666666667
2020-01-09,TzM,0.4329,48,1776.3958333333333
2020-01-10,Oran,0.58925,48,1835.625
2020-01-10,TzM,0.6756,48,1865.0208333333333
2020-01-11,Oran,0.72275,48,1968.2083333333333
2020-01-11,TzM,0.616,48,1983.0
2020-01-12,Oran,0.7003,48,1983.0
2020-01-12,TzM,0.5732,48,1983.0
2020-01-13,Oran,0.6771,48,1820.4375
2020-01-13,TzM,0.53055,48,1732.2083333333333
2020-01-14,Oran,0.7130000000000001,48,1835.2916666666667
2020-01-14,TzM,0.49925,48,1865.0
2020-01-15,Oran,0.77725,48,1732.2291666666667
2020-01-15,TzM,0.61195,48,1658.2291666666667
2020-01-16,Oran,0.84125,47,1922.595744680851
2020-01-16,TzM,0.7101500000000001,47,1847.042553191489
2020-01-17,Oran,0.66705,48,1776.0625
2020-01-17,TzM,0.5982500000000001,48,1731.7083333333333
2020-01-18,Oran,0.37175,48,1658.1666666666667
2020-01-18,TzM,0.42085,48,1599.0
2020-01-19,Oran,0.1427,48,1377.9375
2020-01-19,TzM,0.27725,48,1348.5208333333333
2020-01-20,Oran,0.1179,48,1274.6041666666667
2020-01-20,TzM,0.3007,48,1274.6041666666667
2020-01-21,Oran,0.07255,48,1451.625
2020-01-21,TzM,0.13645,48,1451.5208333333333
2020-01-22,Oran,0.5785,48,1761.25
2020-01-22,TzM,0.5921000000000001,48,1673.0833333333333
2020-01-23,Oran,0.4583,48,1673.0416666666667
2020-01-23,TzM,0.43985,48,1613.9166666666667
2020-01-24,Oran,0.26915,48,1599.1666666666667
2020-01-24,TzM,0.3166,48,1658.2291666666667
2020-01-25,Oran,0.38775,48,1495.4791666666667
2020-01-25,TzM,0.2468,48,1510.9166666666667
2020-01-26,Oran,0.5111,48,1806.0
2020-01-26,TzM,0.5920500000000001,48,1688.0
2020-01-27,Oran,0.9472,48,1865.0
2020-01-27,TzM,0.6742,48,1672.9166666666667
2020-01-28,Oran,0.6651,48,1599.5
2020-01-28,TzM,0.456,48,1688.0
2020-01-29,Oran,0.9131,48,1540.5
2020-01-29,TzM,0.6766500000000001,48,1540.5
2020-01-30,Oran,1.18345,48,1569.5833333333333
2020-01-30,TzM,0.8336,48,1554.9375
2020-01-31,Oran,0.76995,48,1747.0
2020-01-31,TzM,0.5834,48,1643.75
2020-02-01,Oran,0.55395,48,1747.0
2020-02-01,TzM,0.65475,48,1673.25
2020-02-02,Oran,1.04155,48,1761.4166666666667
2020-02-02,TzM,0.6568,48,1791.0833333333333
2020-02-03,Oran,1.5457500000000002,48,1923.875
2020-02-03,TzM,1.1235000000000002,48,1820.6666666666667
2020-02-04,Oran,1.4672,46,1983.0
2020-02-04,TzM,1.11535,46,1983.0
2020-02-05,Oran,0.8726,48,1791.2083333333333
2020-02-05,TzM,0.8581,48,1953.4166666666667
2020-02-06,Oran,0.965,48,1525.0833333333333
2020-02-06,TzM,0.942,48,1524.9583333333333
2020-02-07,Oran,1.0521,47,1681.468085106383
2020-02-07,TzM,0.6916500000000001,47,1681.2553191489362
2020-02-08,Oran,0.81635,48,1791.25
2020-02-08,TzM,0.8813500000000001,48,1673.0416666666667
2020-02-09,Oran,1.2106,48,1835.2916666666667
2020-02-09,TzM,0.7978500000000001,48,1717.1041666666667
2020-02-10,Oran,1.346,48,1894.5
2020-02-10,TzM,0.9984,48,1924.0
2020-02-11,Oran,1.20025,48,1864.9583333333333
2020-02-11,TzM,0.89395,48,1776.5
2020-02-12,Oran,0.6182500000000001,48,1540.5
2020-02-12,TzM,0.5375,48,1540.5
2020-02-13,Oran,0.66335,48,1806.0
2020-02-13,TzM,0.74345,48,1702.75
2020-02-14,Oran,1.3021,48,1968.2916666666667
2020-02-14,TzM,1.0706,48,1968.2916666666667
2020-02-15,Oran,1.506,48,1894.4583333333333
2020-02-15,TzM,1.2483,48,1879.75
2020-02-16,Oran,1.5800500000000002,48,1968.2083333333333
2020-02-16,TzM,1.23005,48,1983.0
2020-02-17,Oran,1.2871,48,1820.75
2020-02-17,TzM,0.9918,48,1806.0
2020-02-18,Oran,0.32175,48,1570.0
2020-02-18,TzM,0.2564,48,1540.5
2020-02-19,Oran,0.9909,48,1673.0
2020-02-19,TzM,1.06385,48,1761.75
2020-02-20,Oran,1.4067,48,1717.125
2020-02-20,TzM,1.22815,48,1761.4583333333333
2020-02-21,Oran,1.4829,48,1938.6458333333333
2020-02-21,TzM,1.4136,48,1968.2083333333333
2020-02-22,Oran,1.67915,48,1983.0
2020-02-22,TzM,1.54265,48,1968.2083333333333
2020-02-23,Oran,1.63195,48,1983.0
2020-02-23,TzM,1.5214,48,1983.0
2020-02-24,Oran,1.67125,48,1983.0
2020-02-24,TzM,1.50545,48,1983.0
2020-02-25,Oran,1.3179500000000002,47,1832.36170212766
2020-02-25,TzM,1.18055,47,1817.212765957447
2020-02-26,Oran,1.0844,48,1835.5
2020-02-26,TzM,1.04145,48,1864.75
2020-02-27,Oran,1.122,48,1983.0
2020-02-27,TzM,0.96835,48,1968.2083333333333
2020-02-28,Oran,1.24635,48,1835.5
2020-02-28,TzM,1.0744,48,1835.5
2020-02-29,Oran,0.92495,48,1599.4166666666667
2020-02-29,TzM,0.74005,48,1732.2083333333333
2020-03-01,Oran,0.6879000000000001,48,1702.75
2020-03-01,TzM,0.5690000000000001,48,1673.25
2020-03-02,Oran,0.5446500000000001,47,1636.3617021276596
2020-03-02,TzM,0.5444,47,1606.3191489361702
2020-03-03,Oran,0.8073,48,1879.5833333333333
2020-03-03,TzM,0.6579,48,1776.3333333333333
2020-03-04,Oran,0.6204500000000001,47,1847.4255319148936
2020-03-04,TzM,0.54035,47,1696.787234042553
2020-03-05,Oran,0.65905,48,1820.75
2020-03-05,TzM,0.675,48,1791.25
2020-03-06,Oran,0.5625,48,1924.0416666666667
2020-03-06,TzM,0.7101000000000001,48,1938.7708333333333
2020-03-07,Oran,0.9627,48,1776.2291666666667
2020-03-07,TzM,1.06375,48,1776.1875
2020-03-08,Oran,1.28075,48,1850.25
2020-03-08,TzM,1.1472,48,1850.25
2020-03-09,Oran,1.12345,48,1746.9166666666667
2020-03-09,TzM,1.07035,48,1732.25
2020-03-10,Oran,1.502,48,1658.5
2020-03-10,TzM,1.3545,48,1658.5
2020-03-11,Oran,1.768,48,1938.75
2020-03-11,TzM,1.5132,48,1865.0
2020-03-12,Oran,1.69995,48,1806.0
2020-03-12,TzM,1.5415,48,1717.5
2020-03-13,Oran,1.29775,48,1658.5
2020-03-13,TzM,1.08755,48,1717.5
2020-03-14,Oran,1.31055,48,1717.5
2020-03-14,TzM,1.1747,48,1938.75
2020-03-15,Oran,1.12905,48,1584.75
2020-03-15,TzM,0.78655,48,1599.5
2020-03-16,Oran,0.2579,48,1511.25
2020-03-16,TzM,0.4187,48,1349.1666666666667
2020-03-17,Oran,0.69265,48,1584.3958333333333
2020-03-17,TzM,0.61115,48,1628.625
2020-03-18,Oran,1.0061,48,1761.75
2020-03-18,TzM,1.5304,48,1629.0
2020-03-19,Oran,0.7302500000000001,48,1776.5
2020-03-19,TzM,1.18975,48,1806.0
2020-03-20,Oran,0.6803,48,1658.0833333333333
2020-03-20,TzM,0.7689,48,1599.3333333333333
2020-03-21,Oran,0.32165,48,1658.4583333333333
2020-03-21,TzM,0.39925,48,1496.25
2020-03-22,Oran,0.42945,48,1584.25
2020-03-22,TzM,0.63905,48,1540.2291666666667
2020-03-23,Oran,0.8455,48,1510.5
2020-03-23,TzM,0.81615,48,1555.25
2020-03-24,Oran,0.3249,48,1599.375
2020-03-24,TzM,0.4794,48,1525.4583333333333
2020-03-25,Oran,2.01945,48,1672.9791666666667
2020-03-25,TzM,1.90775,48,1599.3333333333333
2020-03-26,Oran,2.10285,48,1761.25
2020-03-26,TzM,2.0728,48,1672.8958333333333
2020-03-27,Oran,0.16,48,1289.1666666666667
2020-03-27,TzM,0.14765,48,1289.3125
2020-03-28,Oran,1.73975,48,1820.3958333333333
2020-03-28,TzM,1.8124,48,1805.8958333333333
2020-03-29,Oran,2.46905,48,1850.25
2020-03-29,TzM,2.47745,48,1850.1666666666667
2020-03-30,Oran,0.7663000000000001,48,1540.2083333333333
2020-03-30,TzM,1.02445,48,1540.2291666666667
2020-03-31,Oran,0.7604,45,1495.2666666666669
2020-03-31,TzM,0.52585,45,1511.0
2020-04-01,Oran,1.25465,48,1643.5
2020-04-01,TzM,2.6340000000000003,48,1717.3333333333333
2020-04-02,Oran,2.2342,48,1791.1458333333333
2020-04-02,TzM,2.4358,48,1732.0
2020-04-03,Oran,2.65775,48,1864.7083333333333
2020-04-03,TzM,2.8672500000000003,48,1835.5
2020-04-04,Oran,2.16275,48,1643.6666666666667
2020-04-04,TzM,2.9681,48,1806.0
2020-04-05,Oran,2.55485,48,1761.8333333333333
2020-04-05,TzM,2.94855,48,1717.5
2020-04-06,Oran,2.05995,48,1629.0
2020-04-06,TzM,2.1833,48,1673.25
2020-04-07,Oran,2.3764000000000003,48,1761.75
2020-04-07,TzM,2.09085,48,1820.75
2020-04-08,Oran,2.897,48,1909.25
2020-04-08,TzM,3.0633000000000004,48,1835.5
2020-04-09,Oran,1.7776,48,1614.25
2020-04-09,TzM,1.7466000000000002,48,1599.5
2020-04-10,Oran,1.7939500000000002,48,1570.0
2020-04-10,TzM,1.81605,48,1614.25
2020-04-11,Oran,2.8489,48,1643.75
2020-04-11,TzM,3.02105,48,1599.5
2020-04-12,Oran,2.34995,48,1614.3333333333333
2020-04-12,TzM,2.82835,48,1614.25
2020-04-13,Oran,1.5780500000000002,48,1570.0
2020-04-13,TzM,2.5804,48,1658.5
2020-04-14,Oran,1.11665,48,1702.75
2020-04-14,TzM,1.45345,48,1732.25
2020-04-15,Oran,1.30265,48,1614.25
2020-04-15,TzM,1.5266000000000002,48,1584.75
2020-04-16,Oran,2.14825,48,1688.0
2020-04-16,TzM,2.5053,48,1614.25
2020-04-17,Oran,1.63115,47,1726.914893617021
2020-04-17,TzM,2.2041,47,1711.851063829787
2020-04-18,Oran,1.8334,47,1591.340425531915
2020-04-18,TzM,2.27295,47,1591.340425531915
2020-04-19,Oran,1.5533,48,1673.25
2020-04-19,TzM,2.02405,48,1643.75
2020-04-20,Oran,2.12595,48,1879.75
2020-04-20,TzM,2.49255,48,1909.25
2020-04-21,Oran,1.4309500000000002,48,1569.9166666666667
2020-04-21,TzM,0.87105,48,1555.25
2020-04-22,Oran,2.3287500000000003,48,1555.25
2020-04-22,TzM,2.9037,48,1629.0
2020-04-23,Oran,2.5147500000000003,48,1717.5
2020-04-23,TzM,2.29555,48,1776.5
2020-04-24,Oran,3.0145,48,1732.25
2020-04-24,TzM,3.22175,48,1688.0
2020-04-25,Oran,1.96455,48,1702.75
2020-04-25,TzM,3.2926,48,1688.0
2020-04-26,Oran,1.86855,48,1629.0
2020-04-26,TzM,2.2233,48,1702.75
2020-04-27,Oran,2.0173,48,1791.25
2020-04-27,TzM,1.7727,48,1747.0
2020-04-28,Oran,1.84275,48,1924.0
2020-04-28,TzM,2.7847500000000003,48,1865.0
2020-04-29,Oran,3.4679,48,1894.5
2020-04-29,TzM,3.83755,48,1909.25
2020-04-30,Oran,2.7298,48,1717.5
2020-04-30,TzM,2.8857,48,1776.5
2020-05-01,Oran,3.2768,47,1741.978723404255
2020-05-01,TzM,3.93165,47,1711.851063829787
2020-05-02,Oran,3.8378,48,1732.25
2020-05-02,TzM,4.33465,48,1776.5
2020-05-03,Oran,3.98695,48,1732.25
2020-05-03,TzM,4.44165,48,1879.75
2020-05-04,Oran,3.2322,48,1732.25
2020-05-04,TzM,3.9347,48,1747.0
2020-05-05,Oran,3.15865,48,1879.75
2020-05-05,TzM,3.11925,48,1909.25
2020-05-06,Oran,2.90635,48,1806.0
2020-05-06,TzM,3.8266,48,1865.0
2020-05-07,Oran,1.8166,48,1747.0
2020-05-07,TzM,2.79125,48,1747.0
2020-05-08,Oran,2.5172,48,1791.25
2020-05-08,TzM,3.0261500000000003,48,1806.0
2020-05-09,Oran,1.5495,48,1629.0
2020-05-09,TzM,2.65405,48,1702.75
2020-05-10,Oran,1.61595,48,1820.75
2020-05-10,TzM,2.0128,48,1747.0
2020-05-11,Oran,1.7018,48,1702.75
2020-05-11,TzM,1.91265,48,1761.75
2020-05-12,Oran,0.5283,48,1614.25
2020-05-12,TzM,0.3985,48,1584.75
2020-05-13,Oran,2.9131500000000004,48,1747.0
2020-05-13,TzM,3.0312,48,1688.0
2020-05-14,Oran,1.2675500000000002,48,1673.25
2020-05-14,TzM,1.22785,48,1614.25
2020-05-15,Oran,0.93915,48,1629.0
2020-05-15,TzM,1.08065,48,1643.75
2020-05-16,Oran,1.619,48,1702.75
2020-05-16,TzM,2.10995,48,1629.0
2020-05-17,Oran,2.2672,48,1717.5
2020-05-17,TzM,4.007750000000001,48,1673.25
2020-05-18,Oran,4.6739500000000005,48,1983.0
2020-05-18,TzM,5.0992,48,1938.75
2020-05-19,Oran,4.8598,48,1968.25
2020-05-19,TzM,5.1065000000000005,48,1968.25
2020-05-20,Oran,4.9681500000000005,48,1938.75
2020-05-20,TzM,5.2942,48,1983.0
2020-05-21,Oran,4.6862,48,1953.5
2020-05-21,TzM,5.041650000000001,48,1953.5
2020-05-22,Oran,4.55625,48,1968.25
2020-05-22,TzM,4.8946,48,1983.0
2020-05-23,Oran,4.24435,48,1953.5
2020-05-23,TzM,4.6601,48,1879.75
2020-05-24,Oran,3.22255,48,1806.0
2020-05-24,TzM,3.7219,48,1835.5
2020-05-25,Oran,1.37105,48,1599.5
2020-05-25,TzM,1.8366,48,1673.25
2020-05-26,Oran,2.5192,48,1747.0
2020-05-26,TzM,2.49595,48,1791.25
2020-05-27,Oran,3.23945,48,1983.0
2020-05-27,TzM,3.5656000000000003,48,1983.0
2020-05-28,Oran,2.9494,48,1953.5
2020-05-28,TzM,3.1729000000000003,48,1953.5
2020-05-29,Oran,3.3296,48,1983.0
2020-05-29,TzM,3.73685,48,1953.5
2020-05-30,Oran,3.2574,48,1938.75
2020-05-30,TzM,3.6729,48,1924.0
2020-05-31,Oran,2.83875,48,1747.0
2020-05-31,TzM,3.5620000000000003,48,1747.0
2020-06-01,Oran,2.7534,48,1688.0
2020-06-01,TzM,3.4201,48,1643.75
2020-06-02,Oran,3.0824000000000003,48,1909.25
2020-06-02,TzM,3.17985,48,1865.0
2020-06-03,Oran,2.56425,47,1983.0
2020-06-03,TzM,3.2496,47,1862.489361702128
2020-06-04,Oran,0.7525000000000001,48,1747.0
2020-06-04,TzM,0.81875,48,1835.5
2020-06-05,Oran,3.6114,48,1983.0
2020-06-05,TzM,4.562,48,1983.0
2020-06-06,Oran,3.6385,48,1835.5
2020-06-06,TzM,4.2208000000000006,48,1865.0
2020-06-07,Oran,2.32675,48,1865.0
2020-06-07,TzM,3.1372500000000003,48,1820.75
2020-06-08,Oran,1.87105,48,1702.75
2020-06-08,TzM,2.7639,48,1806.0
2020-06-09,Oran,2.62515,48,1791.25
2020-06-09,TzM,3.54055,48,1938.75
2020-06-10,Oran,2.5232,48,1776.5
2020-06-10,TzM,3.2564,48,1747.0
2020-06-11,Oran,2.4738,48,1909.25
2020-06-11,TzM,3.00525,48,1938.75
2020-06-12,Oran,1.924,48,1865.0
2020-06-12,TzM,2.3390500000000003,48,1820.75
2020-06-13,Oran,1.5827,48,1865.0
2020-06-13,TzM,2.39,48,1968.25
2020-06-14,Oran,1.64,48,1791.25
2020-06-14,TzM,2.56935,48,1806.0
2020-06-15,Oran,1.51675,48,1865.0
2020-06-15,TzM,2.5732500000000003,48,1850.25
2020-06-16,Oran,0.8929,48,1673.25
2020-06-16,TzM,1.6771,48,1688.0
2020-06-17,Oran,1.20685,48,1879.75
2020-06-17,TzM,2.28105,48,1938.75
2020-06-18,Oran,1.3315,48,1820.75
2020-06-18,TzM,2.3347,48,1879.75
2020-06-19,Oran,1.1451,47,1847.4255319148936
2020-06-19,TzM,2.2047,47,1802.234042553192
2020-06-20,Oran,1.4229,48,1968.25
2020-06-20,TzM,2.4376,48,1983.0
2020-06-21,Oran,1.33615,48,1983.0
2020-06-21,TzM,2.40665,48,1983.0
2020-06-22,Oran,0.95125,48,1983.0
2020-06-22,TzM,2.06965,48,1983.0
2020-06-23,Oran,0.7466,48,1953.5
2020-06-23,TzM,2.00685,48,1983.0
2020-06-24,Oran,0.57635,48,1879.75
2020-06-24,TzM,1.1224,48,1776.5
2020-06-25,Oran,0.7667,48,1983.0
2020-06-25,TzM,1.8858,48,1983.0
2020-06-26,Oran,0.9,48,1806.0
2020-06-26,TzM,1.9355,48,1909.25
2020-06-27,Oran,0.806,48,1835.5
2020-06-27,TzM,1.93915,48,1879.75
2020-06-28,Oran,0.82225,48,1983.0
2020-06-28,TzM,2.08185,48,1953.5
2020-06-29,Oran,0.85485,48,1983.0
2020-06-29,TzM,2.119,48,1983.0
2020-06-30,Oran,0.4908,48,1953.5
2020-06-30,TzM,1.7652,48,1968.25
2020-07-01,Oran,0.5331,48,1983.0
2020-07-01,TzM,1.65505,48,1983.0
2020-07-02,Oran,0.4757,48,1983.0
2020-07-02,TzM,1.62585,48,1953.5
2020-07-03,Oran,0.56165,48,1968.25
2020-07-03,TzM,1.6648500000000002,48,1983.0
2020-07-04,Oran,0.5422,48,1983.0
2020-07-04,TzM,1.6527500000000002,48,1938.75
2020-07-05,Oran,0.5371,48,1983.0
2020-07-05,TzM,1.7188,48,1983.0
2020-07-06,Oran,0.6195,48,1983.0
2020-07-06,TzM,1.7661,48,1983.0
2020-07-07,Oran,0.61645,48,1983.0
2020-07-07,TzM,1.6284500000000002,48,1983.0
2020-07-08,Oran,0.14465,48,1702.75
2020-07-08,TzM,0.59435,48,1732.25
2020-07-09,Oran,0.2584,48,1761.75
2020-07-09,TzM,0.9274,48,1776.5
2020-07-10,Oran,0.466,48,1924.0
2020-07-10,TzM,1.41365,48,1968.25
2020-07-11,Oran,0.27725,48,1983.0
2020-07-11,TzM,1.13635,48,1983.0
2020-07-12,Oran,0.13715,48,1629.0
2020-07-12,TzM,0.5002,48,1688.0
2020-07-13,Oran,0.4567,48,1968.25
2020-07-13,TzM,1.31295,48,1953.5
2020-07-14,Oran,0.1348,48,1791.25
2020-07-14,TzM,0.5292,48,1747.0
2020-07-15,Oran,0.919,47,1952.872340425532
2020-07-15,TzM,2.03105,47,1877.5531914893616
2020-07-16,Oran,0.7685000000000001,48,1968.25
2020-07-16,TzM,1.8874,48,1968.25
2020-07-17,Oran,0.68155,48,1953.5
2020-07-17,TzM,1.6357000000000002,48,1938.75
2020-07-18,Oran,0.4585,48,1909.25
2020-07-18,TzM,1.51455,48,1953.5
2020-07-19,Oran,0.368,48,1761.75
2020-07-19,TzM,1.18575,48,1747.0
2020-07-20,Oran,0.5319,48,1791.25
2020-07-20,TzM,1.4585,48,1835.5
2020-07-21,Oran,0.3858,48,1865.0
2020-07-21,TzM,1.1091,48,1924.0
2020-07-22,Oran,0.2502,48,1968.25
2020-07-22,TzM,0.9496,48,1894.5
2020-07-23,Oran,0.5294,48,1983.0
2020-07-23,TzM,1.45635,48,1983.0
2020-07-24,Oran,0.36435,48,1865.0
2020-07-24,TzM,1.34845,48,1938.75
2020-07-25,Oran,0.35605,48,1953.5
2020-07-25,TzM,1.32695,48,1983.0
2020-07-26,Oran,0.4251,48,1983.0
2020-07-26,TzM,1.4527,48,1983.0
2020-07-27,Oran,0.31165,48,1924.0
2020-07-27,TzM,1.2381000000000002,48,1865.0
2020-07-28,Oran,0.41975,48,1983.0
2020-07-28,TzM,1.40925,48,1924.0
2020-07-29,Oran,0.301,48,1983.0
2020-07-29,TzM,0.9384,48,1983.0
2020-07-30,Oran,0.1312,48,1835.5
2020-07-30,TzM,0.80335,48,1791.25
2020-07-31,Oran,0.4029,48,1938.75
2020-07-31,TzM,1.3761,48,1909.25
2020-08-01,Oran,0.18365,48,1865.0
2020-08-01,TzM,1.0713,48,1938.75
2020-08-02,Oran,0.369,48,1894.5
2020-08-02,TzM,1.09235,48,1850.25
2020-08-03,Oran,0.3265,48,1643.75
2020-08-03,TzM,1.0285,48,1658.5
2020-08-04,Oran,0.27735,48,1938.75
2020-08-04,TzM,1.0372,48,1879.75
2020-08-05,Oran,0.18505,48,1835.5
2020-08-05,TzM,1.0752000000000002,48,1835.5
2020-08-06,Oran,0.1519,48,1983.0
2020-08-06,TzM,0.96985,48,1983.0
2020-08-07,Oran,0.1819,48,1938.75
2020-08-07,TzM,1.10775,48,1909.25
2020-08-08,Oran,0.2039,48,1761.75
2020-08-08,TzM,1.11355,48,1806.0
2020-08-09,Oran,0.2055,48,1835.5
2020-08-09,TzM,0.97355,48,1835.5
2020-08-10,Oran,0.1698,48,1791.25
2020-08-10,TzM,0.6965,48,1673.25
2020-08-11,Oran,0.09625,48,1702.75
2020-08-11,TzM,0.4804,48,1570.0
2020-08-12,Oran,0.4835,48,1865.0
2020-08-12,TzM,1.75605,48,1909.25
2020-08-13,Oran,0.4528,48,1983.0
2020-08-13,TzM,1.6448,48,1983.0
2020-08-14,Oran,0.29125,48,1983.0
2020-08-14,TzM,1.2934,48,1983.0
2020-08-15,Oran,0.1633,48,1968.25
2020-08-15,TzM,1.0277,48,1983.0
2020-08-16,Oran,0.14645,48,1983.0
2020-08-16,TzM,0.76925,48,1983.0
2020-08-17,Oran,0.15355,48,1983.0
2020-08-17,TzM,0.81515,48,1983.0
2020-08-18,Oran,0.13905,48,1835.5
2020-08-18,TzM,0.8468,48,1865.0
2020-08-19,Oran,0.1559,48,1983.0
2020-08-19,TzM,0.9004500000000001,48,1983.0
2020-08-20,Oran,0.167,48,1983.0
2020-08-20,TzM,0.9156,48,1983.0
2020-08-21,Oran,0.189,48,1983.0
2020-08-21,TzM,0.8611500000000001,48,1968.25
2020-08-22,Oran,0.17605,48,1983.0
2020-08-22,TzM,0.8310500000000001,48,1968.25
2020-08-23,Oran,0.14665,48,1968.25
2020-08-23,TzM,0.72275,48,1968.25
2020-08-24,Oran,0.13195,48,1894.5
2020-08-24,TzM,0.76575,48,1894.5
2020-08-25,Oran,0.182,48,1820.75
2020-08-25,TzM,0.86345,48,1968.25
2020-08-26,Oran,0.18365,48,1983.0
2020-08-26,TzM,0.9052,48,1983.0
2020-08-27,Oran,0.1915,48,1983.0
2020-08-27,TzM,0.8609,48,1983.0
2020-08-28,Oran,0.137,48,1938.75
2020-08-28,TzM,0.6694,48,1879.75
2020-08-29,Oran,0.09045,48,1850.25
2020-08-29,TzM,0.503,48,1820.75
2020-08-30,Oran,0.1183,48,1953.5
2020-08-30,TzM,0.5806,48,1953.5
2020-08-31,Oran,0.1131,48,1879.75
2020-08-31,TzM,0.6251,48,1953.5
2020-09-01,Oran,0.07675,48,1776.5
2020-09-01,TzM,0.39555,48,1688.0
2020-09-02,Oran,0.0949,48,1850.25
2020-09-02,TzM,0.62185,48,1894.5
2020-09-03,Oran,0.1623,48,1865.0
2020-09-03,TzM,0.6409,48,1983.0
2020-09-04,Oran,0.10875,41,1965.7317073170727
2020-09-04,TzM,0.42055,41,1983.0
2020-09-05,Oran,0.1878,48,1938.75
2020-09-05,TzM,0.66355,48,1983.0
2020-09-06,Oran,0.12825,48,1953.5
2020-09-06,TzM,0.62815,48,1983.0
2020-09-07,Oran,0.1441,48,1924.0
2020-09-07,TzM,0.50225,48,1924.0
2020-09-08,Oran,0.1142,47,1847.4255319148936
2020-09-08,TzM,0.4047,47,1802.234042553192
2020-09-09,Oran,0.31275,48,1968.25
2020-09-09,TzM,0.5245500000000001,48,1791.25
2020-09-10,Oran,0.16935,48,1983.0
2020-09-10,TzM,0.57355,48,1968.25
2020-09-11,Oran,0.19225,48,1806.0
2020-09-11,TzM,0.6021500000000001,48,1835.5
2020-09-12,Oran,0.156,48,1879.75
2020-09-12,TzM,0.5668000000000001,48,1924.0
2020-09-13,Oran,0.13275,48,1909.25
2020-09-13,TzM,0.47495,48,1924.0
2020-09-14,Oran,0.1101,48,1820.75
2020-09-14,TzM,0.38175,48,1761.75
2020-09-15,Oran,0.1421,48,1806.0
2020-09-15,TzM,0.49245,48,1806.0
2020-09-16,Oran,0.1401,48,1776.5
2020-09-16,TzM,0.4844,48,1717.5
2020-09-17,Oran,0.0759,48,1584.75
2020-09-17,TzM,0.2318,48,1614.25
2020-09-18,Oran,0.1448,48,1570.0
2020-09-18,TzM,0.182,48,1614.25
2020-09-19,Oran,1.2154,48,1983.0
2020-09-19,TzM,1.2619,48,1865.0
2020-09-20,Oran,0.74715,43,1917.139534883721
2020-09-20,TzM,1.08785,43,1983.0
2020-09-21,Oran,,31,1868.8064516129032
2020-09-21,TzM,,31,1914.483870967742
2020-09-22,Oran,0.7229,48,1688.0
2020-09-22,TzM,0.82165,48,1747.0
2020-09-23,Oran,0.47385,48,1614.25
2020-09-23,TzM,0.5145000000000001,48,1599.5
2020-09-24,Oran,0.15485,48,1909.25
2020-09-24,TzM,0.3431,48,1894.5
2020-09-25,Oran,0.1709,48,1806.0
2020-09-25,TzM,0.41725,48,1835.5
2020-09-26,Oran,0.2792,48,1820.75
2020-09-26,TzM,0.40685,48,1879.75
2020-09-27,Oran,0.2391,48,1983.0
2020-09-27,TzM,0.415,48,1983.0
2020-09-28,Oran,0.16745,48,1894.5
2020-09-28,TzM,0.4496,48,1909.25
2020-09-29,Oran,0.2185,48,1732.25
2020-09-29,TzM,0.43855,48,1761.75
2020-09-30,Oran,0.2054,48,1717.5
2020-09-30,TzM,0.4208,48,1717.5
2020-10-01,Oran,0.17225,48,1761.75
2020-10-01,TzM,0.28905,48,1732.25
2020-10-02,Oran,0.03635,47,1648.6041666666667
2020-10-02,TzM,0.06195,48,1776.5
2020-10-03,Oran,0.6355500000000001,48,1983.0
2020-10-03,TzM,0.8798,48,1968.25
2020-10-04,Oran,0.4575,48,1938.75
2020-10-04,TzM,0.522,48,1865.0
2020-10-05,Oran,0.476,48,1938.75
2020-10-05,TzM,0.6746000000000001,48,1924.0
2020-10-06,Oran,0.5155500000000001,48,1938.75
2020-10-06,TzM,0.65585,48,1938.75
2020-10-07,Oran,0.5165000000000001,48,1953.5
2020-10-07,TzM,0.67235,48,1909.25
2020-10-08,Oran,0.4127,48,1894.5
2020-10-08,TzM,0.56815,48,1820.75
2020-10-09,Oran,0.42155,48,1643.75
2020-10-09,TzM,0.4867,48,1717.5
2020-10-10,Oran,0.3786,48,1879.75
2020-10-10,TzM,0.4055,48,1791.25
2020-10-11,Oran,0.3307,47,1772.106382978723
2020-10-11,TzM,0.3813,47,1787.1702127659576
2020-10-12,Oran,0.32445,48,1983.0
2020-10-12,TzM,0.38415,48,1968.25
2020-10-13,Oran,0.29665,48,1938.75
2020-10-13,TzM,0.3482,48,1938.75
2020-10-14,Oran,0.25685,48,1924.0
2020-10-14,TzM,0.31495,48,1879.75
2020-10-15,Oran,0.246,48,1968.25
2020-10-15,TzM,0.2763,48,1894.5
2020-10-16,Oran,0.22775,48,1983.0
2020-10-16,TzM,0.28985,48,1938.6666666666667
2020-10-17,Oran,0.3165,48,1894.4166666666667
2020-10-17,TzM,0.32425,48,1894.4583333333333
2020-10-18,Oran,0.29,48,1865.0
2020-10-18,TzM,0.3663,48,1820.75
2020-10-19,Oran,0.21705,48,1850.25
2020-10-19,TzM,0.31475,48,1732.25
2020-10-20,Oran,0.10685,42,1511.0
2020-10-20,TzM,0.14525,42,1477.2857142857142
2020-10-21,Oran,0.18725,47,1621.468085106383
2020-10-21,TzM,0.2216,47,1606.404255319149
2020-10-22,Oran,0.04165,48,1525.75
2020-10-22,TzM,0.0955,48,1540.5
2020-10-23,Oran,0.5405,48,1909.25
2020-10-23,TzM,0.4968,48,1879.75
2020-10-24,Oran,0.5249,48,1983.0
2020-10-24,TzM,0.4612,48,1983.0
2020-10-25,Oran,0.4136,48,1820.75
2020-10-25,TzM,0.32865,48,1702.75
2020-10-26,Oran,0.2369,48,1791.25
2020-10-26,TzM,0.2971,48,1806.0
2020-10-27,Oran,0.3678,48,1732.0416666666667
2020-10-27,TzM,0.4217,48,1790.9791666666667
2020-10-28,Oran,0.35185,48,1953.5
2020-10-28,TzM,0.3496,48,1835.5
2020-10-29,Oran,0.4123,48,1983.0
2020-10-29,TzM,0.3832,48,1909.125
2020-10-30,Oran,0.4548,48,1983.0
2020-10-30,TzM,0.42665,48,1983.0
2020-10-31,Oran,0.46535,48,1968.25
2020-10-31,TzM,0.39335,48,1953.5
2020-11-01,Oran,0.45525,48,1953.5
2020-11-01,TzM,0.37245,48,1865.0
2020-11-02,Oran,0.49765,48,1983.0
2020-11-02,TzM,0.3672,48,1983.0
2020-11-03,Oran,0.43835,48,1806.0
2020-11-03,TzM,0.34565,48,1747.0
2020-11-04,Oran,0.0485,48,1437.25
2020-11-04,TzM,0.0726,48,1525.75
2020-11-05,Oran,0.0678,43,1489.046511627907
2020-11-05,TzM,0.12595,43,1489.046511627907
2020-11-06,Oran,,32,1518.375
2020-11-06,TzM,,32,1540.5
2020-11-07,Oran,0.7844000000000001,48,1761.75
2020-11-07,TzM,0.65605,48,1717.5
2020-11-08,Oran,1.2631,48,1791.25
2020-11-08,TzM,1.17775,48,1791.2083333333333
2020-11-09,Oran,1.136,48,1776.5
2020-11-09,TzM,0.9561,48,1865.0
2020-11-10,Oran,1.0465,48,1835.5
2020-11-10,TzM,0.923,48,1953.4583333333333
2020-11-11,Oran,0.9881,48,1673.25
2020-11-11,TzM,0.77995,48,1672.8333333333333
2020-11-12,Oran,0.95695,48,1525.75
2020-11-12,TzM,0.8703000000000001,48,1599.0208333333333
2020-11-13,Oran,0.94545,48,1599.5
2020-11-13,TzM,0.80605,48,1584.6666666666667
2020-11-14,Oran,0.39255,48,1570.0
2020-11-14,TzM,0.34455,48,1599.5
2020-11-15,Oran,1.00485,48,1747.0
2020-11-15,TzM,0.7872,48,1540.5
2020-11-16,Oran,0.5326000000000001,48,1555.25
2020-11-16,TzM,0.8310500000000001,48,1614.25
2020-11-17,Oran,1.02125,48,1968.25
2020-11-17,TzM,0.8763500000000001,48,1953.5
2020-11-18,Oran,0.97235,48,1983.0
2020-11-18,TzM,0.84385,48,1953.5
2020-11-19,Oran,0.8772000000000001,48,1983.0
2020-11-19,TzM,0.89485,48,1968.25
2020-11-20,Oran,0.9216,48,1983.0
2020-11-20,TzM,1.0114,48,1968.2291666666667
2020-11-21,Oran,0.6788000000000001,48,1894.2708333333333
2020-11-21,TzM,0.7564500000000001,48,1879.6458333333333
2020-11-22,Oran,0.6549,48,1849.875
2020-11-22,TzM,0.47915,48,1791.1666666666667
2020-11-23,Oran,0.6516000000000001,46,1983.0
2020-11-23,TzM,0.6333000000000001,46,1936.717391304348
2020-11-24,Oran,,35,1983.0
2020-11-24,TzM,,35,1902.0857142857144
2020-11-25,Oran,0.6041500000000001,47,1802.063829787234
2020-11-25,TzM,0.5173500000000001,47,1801.893617021277
2020-11-26,Oran,0.1986,47,1516.021276595745
2020-11-26,TzM,0.21085,47,1500.957446808511
2020-11-27,Oran,0.08965,48,1437.25
2020-11-27,TzM,0.10315,48,1407.75
2020-11-28,Oran,0.3121,48,1805.9166666666667
2020-11-28,TzM,0.5608000000000001,48,1761.7083333333333
2020-11-29,Oran,0.79535,48,1835.3125
2020-11-29,TzM,0.62195,48,1790.7083333333333
2020-11-30,Oran,0.6898,48,1658.375
2020-11-30,TzM,0.6981,48,1717.5
2020-12-01,Oran,0.7863,48,1879.5
2020-12-01,TzM,0.675,48,1776.2916666666667
2020-12-02,Oran,0.8407,48,1747.0
2020-12-02,TzM,0.8299000000000001,48,1806.0208333333333
2020-12-03,Oran,0.8200500000000001,48,1775.9166666666667
2020-12-03,TzM,0.7297,48,1746.375
2020-12-04,Oran,0.3377,47,1426.8958333333333
2020-12-04,TzM,0.37815,48,1436.5416666666667
2020-12-05,Oran,0.5103,48,1835.7083333333333
2020-12-05,TzM,0.4794,48,1466.7708333333333
2020-12-06,Oran,0.5593,48,1865.1875
2020-12-06,TzM,0.5872,48,1658.6875
2020-12-07,Oran,0.5663,48,1540.1875
2020-12-07,TzM,0.47365,48,1628.9166666666667
2020-12-08,Oran,0.4825,48,1732.2916666666667
2020-12-08,TzM,0.64425,48,1776.25
2020-12-09,Oran,0.6968000000000001,48,1864.6666666666667
2020-12-09,TzM,0.632,48,1849.8958333333333
2020-12-10,Oran,0.44915,48,1643.75
2020-12-10,TzM,0.40775,48,1540.5
2020-12-11,Oran,0.3323,37,1581.162162162162
2020-12-11,TzM,0.29195,37,1562.027027027027
2020-12-12,Oran,0.8976000000000001,48,1953.5
2020-12-12,TzM,0.91645,48,1909.25
2020-12-13,Oran,0.8361500000000001,48,1717.5
2020-12-13,TzM,0.5975,48,1673.25
2020-12-14,Oran,0.5362,48,1599.5
2020-12-14,TzM,0.4279,48,1584.75
2020-12-15,Oran,0.7151000000000001,48,1805.9583333333333
2020-12-15,TzM,0.6136,48,1864.9166666666667
2020-12-16,Oran,0.76105,48,1805.9583333333333
2020-12-16,TzM,0.6342,48,1805.6041666666667
2020-12-17,Oran,0.6381,48,1879.6666666666667
2020-12-17,TzM,0.56315,47,1958.3541666666667
2020-12-18,Oran,0.6835,48,1938.6875
2020-12-18,TzM,0.47975,48,1806.0208333333333
2020-12-19,Oran,0.53395,48,1687.8333333333333
2020-12-19,TzM,0.3365,48,1629.0
2020-12-20,Oran,0.59755,48,1761.4166666666667
2020-12-20,TzM,0.63015,48,1776.375
2020-12-21,Oran,0.7332000000000001,48,1894.5
2020-12-21,TzM,0.5632,48,1865.0
2020-12-22,Oran,0.6548,48,1732.25
2020-12-22,TzM,0.35035,48,1643.75
2020-12-23,Oran,0.76205,48,1938.75
2020-12-23,TzM,0.5449,48,1776.3333333333333
2020-12-24,Oran,0.56505,48,1702.375
2020-12-24,TzM,0.52635,48,1584.375
2020-12-25,Oran,0.6165,48,1791.125
2020-12-25,TzM,0.64325,48,1805.8958333333333
2020-12-26,Oran,0.4966,38,1983.0
2020-12-26,TzM,0.5143,38,1983.0
2020-12-27,Oran,0.7254,48,1761.25
2020-12-27,TzM,0.6573,48,1731.7708333333333
2020-12-28,Oran,0.519,48,1835.5
2020-12-28,TzM,0.6868000000000001,47,1781.0625
2020-12-29,Oran,0.19945,43,1588.3023255813953
2020-12-29,TzM,0.26945,43,1571.7441860465117
2020-12-30,Oran,0.48845,39,1983.0
2020-12-30,TzM,0.48175,39,1983.0
2020-12-31,Oran,0.5871500000000001,48,1879.5208333333333
2020-12-31,TzM,0.5237,48,1805.6041666666667
2021-01-01,Oran,0.2527,48,1511.0
2021-01-01,TzM,0.3341,48,1540.375
2021-01-02,Oran,0.29095,48,1614.5
2021-01-02,TzM,0.38835,48,1658.5416666666667
2021-01-03,Oran,0.45,48,1879.75
2021-01-03,TzM,0.3887,48,1879.75
2021-01-04,Oran,0.22725,48,1555.375
2021-01-04,TzM,0.15995,48,1688.2916666666667
2021-01-05,Oran,0.5135000000000001,48,1894.6041666666667
2021-01-05,TzM,0.2559,48,1702.8333333333333
2021-01-06,Oran,0.2826,48,1540.6666666666667
2021-01-06,TzM,0.20045,48,1643.7916666666667
2021-01-07,Oran,0.0297,48,1436.9583333333333
2021-01-07,TzM,0.0437,48,1407.5416666666667
2021-01-08,Oran,0.0602,48,1452.0
2021-01-08,TzM,0.06225,48,1422.5
2021-01-09,Oran,0.067,47,1471.7916666666667
2021-01-09,TzM,0.04635,47,1339.0
2021-01-10,Oran,0.0491,48,1392.5
2021-01-10,TzM,0.0927,46,1431.7083333333333
2021-01-11,Oran,0.02045,36,1436.5
2021-01-11,TzM,0.01,36,1569.0
2021-01-12,Oran,,31,1549.2708333333333
2021-01-12,TzM,,31,1564.0208333333333
2021-01-13,Oran,,31,1549.2708333333333
2021-01-13,TzM,,31,1490.1875
2021-01-14,Oran,,32,1455.7708333333333
2021-01-14,TzM,0.02145,36,1510.3333333333333
2021-01-15,Oran,,33,1524.7708333333333
2021-01-15,TzM,,33,1524.8958333333333
2021-01-16,Oran,0.1646,42,1835.125
2021-01-16,TzM,,31,1505.0208333333333
2021-01-17,Oran,1.02455,38,1964.315789473684
2021-01-17,TzM,,24,1528.4736842105262
2021-01-18,Oran,,34,1983.0
2021-01-18,TzM,,21,1530.6764705882354
2021-01-19,Oran,1.2656,48,1894.25
2021-01-19,TzM,,31,1445.7708333333333
2021-01-20,Oran,0.18485,48,1569.5
2021-01-20,TzM,0.15305,47,1560.0416666666667
2021-01-21,Oran,0.72675,48,1805.9583333333333
2021-01-21,TzM,0.37995,48,1746.875
2021-01-22,Oran,0.4942,48,1761.625
2021-01-22,TzM,0.5678000000000001,48,1761.7083333333333
2021-01-23,Oran,0.58115,48,1643.9375
2021-01-23,TzM,0.56735,48,1540.1041666666667
2021-01-24,Oran,1.0115500000000002,48,1761.6666666666667
2021-01-24,TzM,0.7051000000000001,48,1584.75
2021-01-25,Oran,0.6808500000000001,48,1776.5
2021-01-25,TzM,0.4846,48,1776.5
2021-01-26,Oran,0.4653,48,1850.25
2021-01-26,TzM,0.3706,48,1747.0
2021-01-27,Oran,0.6826500000000001,48,1776.5
2021-01-27,TzM,0.5896,48,1717.5
2021-01-28,Oran,1.39185,48,1688.0
2021-01-28,TzM,0.6079,48,1584.75
2021-01-29,Oran,1.63825,48,1924.0
2021-01-29,TzM,0.8223,48,1924.0
2021-01-30,Oran,0.9359,48,1776.5
2021-01-30,TzM,0.77595,48,1643.75
2021-01-31,Oran,0.6776500000000001,48,1938.75
2021-01-31,TzM,0.49065,48,1702.4583333333333
2021-02-01,Oran,0.9634,48,1983.0
2021-02-01,TzM,0.8168000000000001,48,1924.0
2021-02-02,Oran,1.17555,48,1747.0
2021-02-02,TzM,0.75275,48,1717.3333333333333
2021-02-03,Oran,1.123,48,1540.5
2021-02-03,TzM,0.8674000000000001,48,1525.0833333333333
2021-02-04,Oran,0.83145,37,1504.6216216216217
2021-02-04,TzM,0.73,37,1523.4864864864865
2021-02-05,Oran,0.9436,48,1658.4166666666667
2021-02-05,TzM,0.8364,48,1599.2916666666667
2021-02-06,Oran,0.7067,48,1672.7916666666667
2021-02-06,TzM,0.54055,48,1629.0
2021-02-07,Oran,0.37595,48,1569.5416666666667
2021-02-07,TzM,0.76925,48,1629.0
2021-02-08,Oran,0.8346,48,1687.5416666666667
2021-02-08,TzM,0.5387500000000001,48,1599.4166666666667
2021-02-09,Oran,0.42045,48,1628.625
2021-02-09,TzM,0.56455,48,1643.6666666666667
2021-02-10,Oran,1.12385,48,1820.75
2021-02-10,TzM,0.97935,48,1835.4583333333333
2021-02-11,Oran,0.9448,48,1791.25
2021-02-11,TzM,0.8145500000000001,48,1717.5
2021-02-12,Oran,0.9962,48,1747.0
2021-02-12,TzM,0.88025,48,1732.25
2021-02-13,Oran,1.25775,48,1864.8333333333333
2021-02-13,TzM,1.0762,48,1864.7916666666667
2021-02-14,Oran,1.27075,48,1894.5
2021-02-14,TzM,1.04,48,1879.75
2021-02-15,Oran,0.73055,48,1835.375
2021-02-15,TzM,0.7938500000000001,48,1850.2083333333333
2021-02-16,Oran,1.49235,48,1820.6875
2021-02-16,TzM,1.09755,48,1761.5208333333333
2021-02-17,Oran,1.5023,45,1715.4444444444443
2021-02-17,TzM,1.01865,45,1793.8666666666666
2021-02-18,Oran,1.52295,48,1894.5
2021-02-18,TzM,1.12915,48,1894.3333333333333
2021-02-19,Oran,1.6021,48,1938.75
2021-02-19,TzM,1.2039,48,1924.0
2021-02-20,Oran,1.25725,47,1711.851063829787
2021-02-20,TzM,1.0448,47,1666.404255319149
2021-02-21,Oran,0.27765,48,1510.4166666666667
2021-02-21,TzM,0.1605,48,1525.5833333333333
2021-02-22,Oran,0.6437,48,1525.375
2021-02-22,TzM,0.44215,48,1481.0833333333333
2021-02-23,Oran,0.8802000000000001,46,1767.304347826087
2021-02-23,TzM,0.9539,46,1921.4130434782608
2021-02-24,Oran,0.9133,48,1924.0416666666667
2021-02-24,TzM,0.9038,48,1776.2708333333333
2021-02-25,Oran,0.81125,48,1584.0416666666667
2021-02-25,TzM,1.0076,48,1613.9791666666667
2021-02-26,Oran,1.1646,48,1643.125
2021-02-26,TzM,1.07435,48,1717.0416666666667
2021-02-27,Oran,1.48565,48,1805.6458333333333
2021-02-27,TzM,1.057,48,1746.6875
2021-02-28,Oran,0.45545,48,1525.4375
2021-02-28,TzM,0.6000500000000001,48,1746.8333333333333
2021-03-01,Oran,0.24375,48,1496.25
2021-03-01,TzM,0.2651,48,1511.0
2021-03-02,Oran,0.37955,48,1540.5
2021-03-02,TzM,0.3742,48,1584.75
2021-03-03,Oran,0.8845500000000001,48,1628.9583333333333
2021-03-03,TzM,0.69745,48,1688.0
2021-03-04,Oran,1.3346,47,1892.36170212766
2021-03-04,TzM,1.092,47,1862.2978723404256
2021-03-05,Oran,0.7411500000000001,36,1628.3333333333333
2021-03-05,TzM,0.7411500000000001,36,1707.2222222222222
2021-03-06,Oran,0.7177,48,1540.5
2021-03-06,TzM,0.5669000000000001,48,1599.5
2021-03-07,Oran,0.4393,48,1496.25
2021-03-07,TzM,0.3666,48,1525.75
2021-03-08,Oran,1.17385,48,1554.9166666666667
2021-03-08,TzM,0.9814,47,1545.3958333333333
2021-03-09,Oran,1.0309,48,1629.1041666666667
2021-03-09,TzM,1.31305,48,1643.8333333333333
2021-03-10,Oran,2.1119000000000003,48,1953.4166666666667
2021-03-10,TzM,1.91005,48,1983.0
2021-03-11,Oran,2.2884,48,1983.0
2021-03-11,TzM,1.76785,48,1968.25
2021-03-12,Oran,1.4195000000000002,48,1924.0
2021-03-12,TzM,1.0,48,1835.2083333333333
2021-03-13,Oran,2.24195,48,1953.5208333333333
2021-03-13,TzM,1.807,48,1894.5208333333333
2021-03-14,Oran,2.04135,48,1983.0
2021-03-14,TzM,1.66635,48,1983.0
2021-03-15,Oran,2.18335,48,1968.2083333333333
2021-03-15,TzM,1.7421,48,1983.0
2021-03-16,Oran,2.0421,48,1983.0
2021-03-16,TzM,1.66505,48,1983.0
2021-03-17,Oran,2.25985,48,1983.0
2021-03-17,TzM,1.77515,48,1983.0
2021-03-18,Oran,0.9078,47,1787.0
2021-03-18,TzM,1.00735,47,1756.595744680851
2021-03-19,Oran,0.80735,48,1525.25
2021-03-19,TzM,0.64425,48,1687.7708333333333
2021-03-20,Oran,1.0186,48,1805.9166666666667
2021-03-20,TzM,1.29725,48,1776.2291666666667
2021-03-21,Oran,1.9236,48,1938.6666666666667
2021-03-21,TzM,1.6242,48,1968.2083333333333
2021-03-22,Oran,2.06435,48,1850.0416666666667
2021-03-22,TzM,1.71265,48,1879.7708333333333
2021-03-23,Oran,2.58965,48,1983.0
2021-03-23,TzM,1.65345,48,1983.0
2021-03-24,Oran,2.59155,48,1983.0
2021-03-24,TzM,1.7271,48,1983.0
2021-03-25,Oran,2.5671,48,1865.0
2021-03-25,TzM,1.98095,48,1894.5
2021-03-26,Oran,2.47215,48,1673.25
2021-03-26,TzM,1.7931,48,1791.125
2021-03-27,Oran,1.80465,48,1673.2083333333333
2021-03-27,TzM,1.0101,48,1790.9583333333333
2021-03-28,Oran,1.6579000000000002,47,1741.978723404255
2021-03-28,TzM,1.28145,47,1757.1702127659576
2021-03-29,Oran,1.37285,48,1628.5416666666667
2021-03-29,TzM,0.8778,48,1746.8333333333333
2021-03-30,Oran,1.45665,48,1923.9583333333333
2021-03-30,TzM,1.0483,48,1983.0
2021-03-31,Oran,1.7789,48,1835.4583333333333
2021-03-31,TzM,1.3856,48,1865.0
2021-04-01,Oran,1.7313,43,1703.093023255814
2021-04-01,TzM,1.21605,43,1752.4883720930231
2021-04-02,Oran,1.93475,48,1879.75
2021-04-02,TzM,1.22185,48,1791.25
2021-04-03,Oran,0.7433500000000001,48,1879.75
2021-04-03,TzM,0.918,48,1761.75
2021-04-04,Oran,1.7644000000000002,48,1850.25
2021-04-04,TzM,1.36105,48,1776.5
2021-04-05,Oran,2.2891000000000004,48,1806.0
2021-04-05,TzM,1.937,48,1865.0
2021-04-06,Oran,2.436,48,1938.75
2021-04-06,TzM,2.0637,48,1924.0
2021-04-07,Oran,1.0896,48,1643.7083333333333
2021-04-07,TzM,1.1609,48,1687.9166666666667
2021-04-08,Oran,0.7535000000000001,48,1629.0
2021-04-08,TzM,1.08875,48,1629.0
2021-04-09,Oran,1.07485,48,1629.0
2021-04-09,TzM,0.74975,48,1599.5
2021-04-10,Oran,1.1748,48,1614.25
2021-04-10,TzM,0.8015500000000001,48,1629.0
2021-04-11,Oran,1.4437,48,1761.75
2021-04-11,TzM,1.3434,48,1747.0
2021-04-12,Oran,2.0516,48,1746.875
2021-04-12,TzM,2.70285,48,1776.6041666666667
2021-04-13,Oran,1.65265,48,1629.0
2021-04-13,TzM,1.6999,48,1643.75
2021-04-14,Oran,1.13845,48,1614.25
2021-04-14,TzM,1.41645,48,1584.75
2021-04-15,Oran,0.28525,48,1481.2916666666667
2021-04-15,TzM,0.32495,48,1496.25
2021-04-16,Oran,1.824,48,1790.7916666666667
2021-04-16,TzM,1.20715,48,1879.7083333333333
2021-04-17,Oran,2.09055,48,1761.375
2021-04-17,TzM,2.1926,48,1938.625
2021-04-18,Oran,2.1036,48,1864.875
2021-04-18,TzM,2.0982,48,1864.9166666666667
2021-04-19,Oran,2.46545,48,1658.1666666666667
2021-04-19,TzM,2.147,48,1717.4791666666667
2021-04-20,Oran,1.44145,48,1673.25
2021-04-20,TzM,1.5057,48,1673.25
2021-04-21,Oran,1.2939,48,1629.0
2021-04-21,TzM,1.12075,48,1570.0
2021-04-22,Oran,1.1104,48,1643.75
2021-04-22,TzM,0.95565,48,1688.0
2021-04-23,Oran,1.0775,48,1629.0
2021-04-23,TzM,1.5638,48,1702.75
2021-04-24,Oran,0.589,47,1591.340425531915
2021-04-24,TzM,0.7458,47,1621.468085106383
2021-04-25,Oran,1.2492,48,1643.75
2021-04-25,TzM,1.49065,48,1584.75
2021-04-26,Oran,1.9066,48,1584.75
2021-04-26,TzM,2.2425,48,1584.75
2021-04-27,Oran,1.35405,46,1705.9565217391305
2021-04-27,TzM,1.77275,46,1721.3478260869565
2021-04-28,Oran,1.94585,48,1850.25
2021-04-28,TzM,2.00565,48,1820.75
2021-04-29,Oran,2.2739000000000003,48,1835.5
2021-04-29,TzM,2.0637,48,1776.5
2021-04-30,Oran,1.9725,48,1658.4583333333333
2021-04-30,TzM,2.4337500000000003,48,1791.25
2021-05-01,Oran,2.71855,48,1702.75
2021-05-01,TzM,3.1114,48,1702.75
2021-05-02,Oran,2.7960000000000003,48,1761.75
2021-05-02,TzM,3.13835,48,1746.6666666666667
2021-05-03,Oran,1.1988,48,1599.5
2021-05-03,TzM,1.58335,48,1629.0
2021-05-04,Oran,3.1347,48,1820.75
2021-05-04,TzM,3.08625,48,1835.5
2021-05-05,Oran,3.4416,48,1983.0
2021-05-05,TzM,3.3012,48,1953.5
2021-05-06,Oran,3.6765,48,1983.0
2021-05-06,TzM,3.26445,48,1983.0
2021-05-07,Oran,3.59975,47,1983.0
2021-05-07,TzM,3.2643500000000003,47,1983.0
2021-05-08,Oran,2.77355,48,1850.25
2021-05-08,TzM,3.01215,48,1820.75
2021-05-09,Oran,1.9353,48,1643.75
2021-05-09,TzM,1.59805,48,1643.75
2021-05-10,Oran,1.1036,47,1681.723404255319
2021-05-10,TzM,1.59295,47,1726.914893617021
2021-05-11,Oran,1.88755,48,1909.25
2021-05-11,TzM,2.01355,48,1909.25
2021-05-12,Oran,1.863,47,1877.5531914893616
2021-05-12,TzM,1.3897000000000002,47,1817.2978723404256
2021-05-13,Oran,2.0879000000000003,46,1875.2608695652173
2021-05-13,TzM,1.92655,46,1798.304347826087
2021-05-14,Oran,2.06835,48,1791.25
2021-05-14,TzM,2.1255,48,1806.0
2021-05-15,Oran,2.83625,47,1817.2978723404256
2021-05-15,TzM,2.5358,47,1741.978723404255
2021-05-16,Oran,2.5014000000000003,47,1817.2978723404256
2021-05-16,TzM,2.08255,47,1892.617021276596
2021-05-17,Oran,2.2774,47,1847.4255319148936
2021-05-17,TzM,2.1875,47,1832.36170212766
2021-05-18,Oran,2.3311,45,1825.6666666666667
2021-05-18,TzM,1.8422,45,1809.9333333333332
2021-05-19,Oran,2.4126000000000003,48,1820.75
2021-05-19,TzM,2.03695,48,1865.0
2021-05-20,Oran,1.72005,46,1721.3478260869565
2021-05-20,TzM,1.7667000000000002,46,1736.7391304347825
2021-05-21,Oran,2.2003500000000003,48,1688.0
2021-05-21,TzM,1.65775,48,1776.5
2021-05-22,Oran,1.6746,46,1798.304347826087
2021-05-22,TzM,1.4289500000000002,46,1767.5217391304348
2021-05-23,Oran,0.08125,41,1464.9512195121952
2021-05-23,TzM,0.0434,41,1499.4878048780488
2021-05-24,Oran,3.4873000000000003,38,1983.0
2021-05-24,TzM,3.3187,38,1983.0
2021-05-25,Oran,3.5863500000000004,48,1924.0
2021-05-25,TzM,3.1113500000000003,48,1924.0
2021-05-26,Oran,3.12435,48,1702.75
2021-05-26,TzM,2.87175,48,1747.0
2021-05-27,Oran,2.662,48,1629.0
2021-05-27,TzM,2.4840500000000003,48,1673.25
2021-05-28,Oran,3.166,48,1791.25
2021-05-28,TzM,2.1263,48,1791.25
2021-05-29,Oran,3.8173,48,1850.25
2021-05-29,TzM,2.66705,48,1953.5
2021-05-30,Oran,2.66475,48,1673.25
2021-05-30,TzM,1.86595,48,1629.0
2021-05-31,Oran,1.4382,48,1673.25
2021-05-31,TzM,0.97435,48,1776.5
2021-06-01,Oran,1.6388,48,1835.5
2021-06-01,TzM,1.06395,48,1806.0
2021-06-02,Oran,3.1374,48,1924.0
2021-06-02,TzM,1.79105,48,1879.75
2021-06-03,Oran,2.2965500000000003,48,1673.25
2021-06-03,TzM,1.2395,48,1835.5
2021-06-04,Oran,1.7377,48,1629.0
2021-06-04,TzM,1.0882500000000002,48,1717.5
2021-06-05,Oran,0.6222500000000001,48,1481.5
2021-06-05,TzM,0.214,48,1525.75
2021-06-06,Oran,3.83105,48,1953.5
2021-06-06,TzM,4.4608,48,1953.5
2021-06-07,Oran,4.2099,48,1983.0
2021-06-07,TzM,4.7614,48,1983.0
2021-06-08,Oran,3.2626500000000003,47,1757.042553191489
2021-06-08,TzM,4.37985,47,1847.4255319148936
2021-06-09,Oran,3.6596,48,1879.75
2021-06-09,TzM,4.33265,48,1835.5
2021-06-10,Oran,2.7821,48,1835.5
2021-06-10,TzM,3.61805,48,1776.5
2021-06-11,Oran,2.3114,48,1820.75
2021-06-11,TzM,3.04125,48,1865.0
2021-06-12,Oran,1.92345,48,1894.5
2021-06-12,TzM,2.37285,48,1879.75
2021-06-13,Oran,1.74875,48,1953.5
2021-06-13,TzM,2.1614,48,1879.75
2021-06-14,Oran,1.95035,48,1835.5
2021-06-14,TzM,2.0707,48,1791.25
2021-06-15,Oran,1.57375,48,1747.0
2021-06-15,TzM,1.64345,48,1820.75
2021-06-16,Oran,1.0325,48,1614.25
2021-06-16,TzM,0.83945,48,1629.0
2021-06-17,Oran,1.2394,48,1747.0
2021-06-17,TzM,0.9857,48,1761.75
2021-06-18,Oran,1.7839,48,1717.5
2021-06-18,TzM,2.5806500000000003,48,1673.25
2021-06-19,Oran,1.5846,48,1629.0
2021-06-19,TzM,1.7662,48,1629.0
2021-06-20,Oran,3.2,48,1865.0
2021-06-20,TzM,2.97065,48,1879.75
2021-06-21,Oran,3.5745,48,1983.0
2021-06-21,TzM,2.8159,48,1953.5
2021-06-22,Oran,3.0789500000000003,48,1791.25
2021-06-22,TzM,2.78445,48,1820.75
2021-06-23,Oran,2.3758,48,1879.75
2021-06-23,TzM,2.26615,48,1820.75
2021-06-24,Oran,2.48285,48,1879.75
2021-06-24,TzM,2.3160000000000003,48,1835.5
2021-06-25,Oran,2.4542,48,1983.0
2021-06-25,TzM,2.1738500000000003,48,1983.0
2021-06-26,Oran,2.4598,48,1968.25
2021-06-26,TzM,2.0649,48,1968.25
2021-06-27,Oran,2.35995,48,1909.25
2021-06-27,TzM,1.7541,48,1850.25
2021-06-28,Oran,2.10255,48,1968.25
2021-06-28,TzM,1.24675,48,1924.0
2021-06-29,Oran,2.1788000000000003,48,1983.0
2021-06-29,TzM,1.5394500000000002,48,1983.0
2021-06-30,Oran,1.58385,48,1909.25
2021-06-30,TzM,1.3186,48,1924.0
2021-07-01,Oran,1.6790500000000002,48,1983.0
2021-07-01,TzM,1.1283,48,1983.0
2021-07-02,Oran,1.9718,48,1983.0
2021-07-02,TzM,1.16905,48,1983.0
2021-07-03,Oran,1.5932000000000002,48,1924.0
2021-07-03,TzM,0.7406,48,1924.0
2021-07-04,Oran,1.41605,48,1865.0
2021-07-04,TzM,0.69245,48,1879.75
2021-07-05,Oran,1.49805,48,1983.0
2021-07-05,TzM,0.6423000000000001,48,1983.0
2021-07-06,Oran,1.2239,48,1983.0
2021-07-06,TzM,0.4401,48,1820.75
2021-07-07,Oran,0.7596,48,1850.25
2021-07-07,TzM,0.40375,48,1806.0
2021-07-08,Oran,1.0175,48,1968.25
2021-07-08,TzM,0.5552,48,1968.25
2021-07-09,Oran,0.6811,48,1938.75
2021-07-09,TzM,0.2225,48,1924.0
2021-07-10,Oran,0.871,48,1953.5
2021-07-10,TzM,0.3561,48,1983.0
2021-07-11,Oran,0.83365,48,1747.0
2021-07-11,TzM,0.2619,48,1850.25
2021-07-12,Oran,0.7497,48,1865.0
2021-07-12,TzM,0.21325,48,1909.25
2021-07-13,Oran,0.79225,48,1865.0
2021-07-13,TzM,0.21915,48,1909.25
2021-07-14,Oran,0.7303000000000001,47,1847.4255319148936
2021-07-14,TzM,0.26515,47,1892.617021276596
2021-07-15,Oran,0.672,48,1806.0
2021-07-15,TzM,0.2513,48,1806.0
2021-07-16,Oran,0.84675,48,1983.0
2021-07-16,TzM,0.3191,48,1983.0
2021-07-17,Oran,0.6914,48,1983.0
2021-07-17,TzM,0.0188,48,1983.0
2021-07-18,Oran,0.7675000000000001,48,1983.0
2021-07-18,TzM,0.01615,48,1983.0
2021-07-19,Oran,0.61265,47,1892.617021276596
2021-07-19,TzM,0.0174,47,1922.744680851064
2021-07-20,Oran,0.6960000000000001,48,1820.75
2021-07-20,TzM,0.0201,48,1791.25
2021-07-21,Oran,0.57965,47,1983.0
2021-07-21,TzM,0.0163,47,1983.0
2021-07-22,Oran,0.69005,48,1983.0
2021-07-22,TzM,0.0184,48,1983.0
2021-07-23,Oran,0.66095,48,1791.25
2021-07-23,TzM,0.0171,48,1909.25
2021-07-24,Oran,0.66855,48,1894.5
2021-07-24,TzM,0.01475,48,1820.75
2021-07-25,Oran,0.51315,48,1865.0
2021-07-25,TzM,0.0141,48,1776.5
2021-07-26,Oran,0.33975,48,1894.5
2021-07-26,TzM,0.0085,48,1717.5
2021-07-27,Oran,0.5748,48,1983.0
2021-07-27,TzM,2.7636000000000003,48,1983.0
2021-07-28,Oran,0.56855,47,1983.0
2021-07-28,TzM,1.8787,47,1983.0
2021-07-29,Oran,0.43255,48,1983.0
2021-07-29,TzM,1.2715,48,1983.0
2021-07-30,Oran,0.516,48,1983.0
2021-07-30,TzM,0.72675,48,1983.0
2021-07-31,Oran,0.3578,47,1892.617021276596
2021-07-31,TzM,0.19005,47,1937.8085106382975
2021-08-01,Oran,0.42805,48,1924.0
2021-08-01,TzM,0.2212,48,1806.0
2021-08-02,Oran,0.2733,48,1791.25
2021-08-02,TzM,0.00675,48,1776.5
2021-08-03,Oran,0.5832,48,1820.75
2021-08-03,TzM,0.27675,48,1820.75
2021-08-04,Oran,0.4149,47,1832.36170212766
2021-08-04,TzM,0.0124,47,1787.1702127659576
2021-08-05,Oran,0.6262500000000001,48,1983.0
2021-08-05,TzM,0.01565,48,1983.0
2021-08-06,Oran,0.54085,47,1967.936170212766
2021-08-06,TzM,0.01695,47,1983.0
2021-08-07,Oran,0.4098,48,1968.25
2021-08-07,TzM,0.0115,48,1968.25
2021-08-08,Oran,0.4052,48,1865.0
2021-08-08,TzM,0.0069,48,1909.25
2021-08-09,Oran,0.3289,48,1717.5
2021-08-09,TzM,0.0095,48,1688.0
2021-08-10,Oran,0.2916,48,1673.25
2021-08-10,TzM,0.01265,48,1643.75
2021-08-11,Oran,0.2552,48,1776.5
2021-08-11,TzM,0.01455,48,1732.25
2021-08-12,Oran,0.3418,48,1702.75
2021-08-12,TzM,0.0219,48,1835.5
2021-08-13,Oran,0.3696,48,1806.0
2021-08-13,TzM,0.0231,48,1791.25
2021-08-14,Oran,0.31305,48,1629.0
2021-08-14,TzM,0.02515,48,1717.5
2021-08-15,Oran,0.29205,48,1673.25
2021-08-15,TzM,0.02445,48,1702.75
2021-08-16,Oran,0.3719,48,1850.25
2021-08-16,TzM,0.0222,48,1938.75
2021-08-17,Oran,0.2294,48,1909.25
2021-08-17,TzM,0.0132,48,1894.5
2021-08-18,Oran,0.21855,48,1835.5
2021-08-18,TzM,0.0122,48,1865.0
2021-08-19,Oran,0.2494,48,1894.5
2021-08-19,TzM,0.01265,48,1865.0
2021-08-20,Oran,0.2871,48,1938.75
2021-08-20,TzM,0.0161,48,1983.0
2021-08-21,Oran,0.3063,48,1909.25
2021-08-21,TzM,0.01895,48,1924.0
2021-08-22,Oran,0.1855,48,1791.25
2021-08-22,TzM,0.0133,48,1835.5
2021-08-23,Oran,0.23505,48,1761.75
2021-08-23,TzM,0.01385,48,1865.0
2021-08-24,Oran,0.2113,48,1806.0
2021-08-24,TzM,0.0089,48,1688.0
2021-08-25,Oran,0.2234,48,1702.75
2021-08-25,TzM,0.00885,48,1643.75
2021-08-26,Oran,0.5227,48,1924.0
2021-08-26,TzM,0.0152,48,1938.75
2021-08-27,Oran,0.5239,48,1953.5
2021-08-27,TzM,0.01665,48,1953.5
2021-08-28,Oran,0.4203,48,1953.5
2021-08-28,TzM,0.01545,48,1879.75
2021-08-29,Oran,0.40145,48,1924.0
2021-08-29,TzM,0.0146,48,1850.25
2021-08-30,Oran,0.4133,48,1894.5
2021-08-30,TzM,0.01435,48,1894.5
2021-08-31,Oran,0.3186,48,1717.5
2021-08-31,TzM,0.0088,48,1643.75
2021-09-01,Oran,0.2845,48,1614.25
2021-09-01,TzM,0.006,48,1614.25
2021-09-02,Oran,2.41355,48,1909.25
2021-09-02,TzM,2.67875,48,1865.0
2021-09-03,Oran,2.5916,48,1968.25
2021-09-03,TzM,2.9385000000000003,48,1909.25
2021-09-04,Oran,2.5214000000000003,48,1983.0
2021-09-04,TzM,2.4129,48,1850.25
2021-09-05,Oran,2.2559,48,1894.5
2021-09-05,TzM,2.3681,48,1850.25
2021-09-06,Oran,1.3607,48,1599.5
2021-09-06,TzM,1.42785,48,1614.25
2021-09-07,Oran,1.50485,48,1761.75
2021-09-07,TzM,1.4045,48,1761.75
2021-09-08,Oran,1.3706,48,1835.5
2021-09-08,TzM,0.9497,48,1776.5
2021-09-09,Oran,0.93355,48,1924.0
2021-09-09,TzM,0.72965,48,1909.25
2021-09-10,Oran,1.01045,48,1879.75
2021-09-10,TzM,0.6526500000000001,48,1909.25
2021-09-11,Oran,0.96105,48,1924.0
2021-09-11,TzM,0.6334000000000001,48,1909.25
2021-09-12,Oran,1.1309,48,1938.75
2021-09-12,TzM,0.5838,48,1850.25
2021-09-13,Oran,0.48995,48,1496.25
2021-09-13,TzM,0.2592,48,1540.5
2021-09-14,Oran,0.32305,48,1702.75
2021-09-14,TzM,0.12865,48,1629.0
2021-09-15,Oran,0.6279,47,1576.276595744681
2021-09-15,TzM,0.2936,47,1651.595744680851
2021-09-16,Oran,0.5652,48,1879.75
2021-09-16,TzM,0.2637,48,1938.75
2021-09-17,Oran,0.6776000000000001,48,1879.75
2021-09-17,TzM,0.38835,48,1924.0
2021-09-18,Oran,0.7736000000000001,48,1938.75
2021-09-18,TzM,0.3309,48,1924.0
2021-09-19,Oran,0.8079000000000001,48,1983.0
2021-09-19,TzM,0.2662,48,1983.0
2021-09-20,Oran,0.6425000000000001,47,1787.1702127659576
2021-09-20,TzM,0.23925,47,1772.106382978723
2021-09-21,Oran,0.6786000000000001,47,1621.468085106383
2021-09-21,TzM,0.309,47,1666.659574468085
2021-09-22,Oran,0.8794000000000001,48,1732.25
2021-09-22,TzM,0.522,48,1894.5
2021-09-23,Oran,0.967,48,1702.75
2021-09-23,TzM,0.44185,48,1732.25
2021-09-24,Oran,0.744,48,1525.75
2021-09-24,TzM,0.2941,48,1578.2916666666667
2021-09-25,Oran,1.08095,48,1732.25
2021-09-25,TzM,0.533,48,1702.75
2021-09-26,Oran,1.92705,48,1879.75
2021-09-26,TzM,0.7163,48,1865.0
2021-09-27,Oran,1.93205,48,1732.25
2021-09-27,TzM,0.59545,48,1806.0
2021-09-28,Oran,1.3084,48,1968.25
2021-09-28,TzM,0.4618,48,1924.0
2021-09-29,Oran,1.2582,46,1936.8260869565215
2021-09-29,TzM,0.3773,46,1906.0434782608693
2021-09-30,Oran,0.8427,48,1879.75
2021-09-30,TzM,0.2093,48,1761.75
2021-10-01,Oran,0.8410000000000001,48,1776.5
2021-10-01,TzM,0.18365,48,1761.75
2021-10-02,Oran,0.80515,48,1732.25
2021-10-02,TzM,0.11895,48,1629.0
2021-10-03,Oran,0.5501,48,1658.5
2021-10-03,TzM,0.04755,48,1673.25
2021-10-04,Oran,0.7853,48,1924.0
2021-10-04,TzM,0.8035,48,1909.25
2021-10-05,Oran,1.11715,48,1879.75
2021-10-05,TzM,0.74385,48,1924.0
2021-10-06,Oran,1.02635,48,1983.0
2021-10-06,TzM,0.74705,48,1938.75
2021-10-07,Oran,0.9571,48,1924.0
2021-10-07,TzM,0.52105,48,1806.0
2021-10-08,Oran,0.5850500000000001,46,1921.434782608696
2021-10-08,TzM,0.29205,46,1829.0869565217392
2021-10-09,Oran,0.6466500000000001,48,1717.5
2021-10-09,TzM,0.28505,48,1732.25
2021-10-10,Oran,0.4978,48,1806.0
2021-10-10,TzM,0.16445,48,1761.75
2021-10-11,Oran,0.391,44,1838.1818181818185
2021-10-11,TzM,0.1061,44,1725.5454545454545
2021-10-12,Oran,,34,1983.0
2021-10-12,TzM,,34,1983.0
2021-10-13,Oran,0.57035,47,1952.872340425532
2021-10-13,TzM,0.1503,47,1967.936170212766
2021-10-14,Oran,0.4317,48,1747.0
2021-10-14,TzM,0.0642,48,1776.5
2021-10-15,Oran,0.57645,48,1732.25
2021-10-15,TzM,0.0692,48,1791.25
2021-10-16,Oran,0.4976,48,1776.5
2021-10-16,TzM,0.05425,48,1776.5
2021-10-17,Oran,0.46025,48,1732.25
2021-10-17,TzM,0.0618,48,1747.0
2021-10-18,Oran,0.50915,48,1806.0
2021-10-18,TzM,0.06355,48,1791.25
2021-10-19,Oran,0.3642,48,1835.5
2021-10-19,TzM,0.04905,48,1806.0
2021-10-20,Oran,0.5931,48,1702.75
2021-10-20,TzM,0.06885,48,1835.5
2021-10-21,Oran,0.52855,48,1850.25
2021-10-21,TzM,0.0443,48,1820.75
2021-10-22,Oran,0.0746,48,1732.25
2021-10-22,TzM,0.0032,48,1643.75
2021-10-23,Oran,0.3358,48,1879.75
2021-10-23,TzM,0.3455,48,1894.4166666666667
2021-10-24,Oran,0.51265,48,1983.0
2021-10-24,TzM,0.2735,48,1923.9166666666667
2021-10-25,Oran,0.4893,48,1835.5
2021-10-25,TzM,0.27715,48,1776.5
2021-10-26,Oran,0.30855,48,1673.25
2021-10-26,TzM,0.14235,48,1761.75
2021-10-27,Oran,0.3696,48,1702.75
2021-10-27,TzM,0.10495,48,1776.5
2021-10-28,Oran,0.29725,48,1673.25
2021-10-28,TzM,0.08495,48,1688.0
2021-10-29,Oran,0.17995,48,1525.75
2021-10-29,TzM,0.0415,48,1525.75
2021-10-30,Oran,0.12425,48,1511.0
2021-10-30,TzM,0.1319,48,1511.0
2021-10-31,Oran,1.0151,48,1584.75
2021-10-31,TzM,0.9261,48,1555.25
2021-11-01,Oran,0.7321000000000001,48,1658.5
2021-11-01,TzM,0.89425,48,1732.25
2021-11-02,Oran,0.8264,48,1629.0
2021-11-02,TzM,0.8986000000000001,48,1702.75
2021-11-03,Oran,0.7079500000000001,48,1820.75
2021-11-03,TzM,0.8688,48,1865.0
2021-11-04,Oran,0.7389,48,1938.7083333333333
2021-11-04,TzM,0.8085,48,1938.625
2021-11-05,Oran,0.68955,48,1835.1666666666667
2021-11-05,TzM,0.7673500000000001,48,1864.875
2021-11-06,Oran,0.73945,48,1909.1666666666667
2021-11-06,TzM,0.89805,48,1953.5
2021-11-07,Oran,0.79185,48,1938.7083333333333
2021-11-07,TzM,0.6686000000000001,48,1953.5
2021-11-08,Oran,0.6819500000000001,48,1983.0
2021-11-08,TzM,0.7090000000000001,48,1923.9166666666667
2021-11-09,Oran,0.68405,48,1938.8541666666667
2021-11-09,TzM,0.63885,48,1909.1458333333333
2021-11-10,Oran,0.6339,48,1924.0
2021-11-10,TzM,0.5448000000000001,48,1894.5
2021-11-11,Oran,0.7230000000000001,48,1983.0
2021-11-11,TzM,0.531,48,1983.0
2021-11-12,Oran,0.6192,48,1850.2916666666667
2021-11-12,TzM,0.4629,48,1835.5
2021-11-13,Oran,0.65945,48,1865.0
2021-11-13,TzM,0.43675,48,1835.5
2021-11-14,Oran,0.5752,48,1924.0
2021-11-14,TzM,0.38875,48,1923.9583333333333
2021-11-15,Oran,0.33,48,1909.2083333333333
2021-11-15,TzM,0.3188,48,1983.0
2021-11-16,Oran,0.5155000000000001,48,1983.0
2021-11-16,TzM,0.30015,48,1983.0
2021-11-17,Oran,0.44105,48,1702.6041666666667
2021-11-17,TzM,0.2761,48,1983.0
2021-11-18,Oran,0.12345,48,1673.25
2021-11-18,TzM,0.1338,48,1732.25
2021-11-19,Oran,0.1063,48,1687.9583333333333
2021-11-19,TzM,0.119,48,1835.5
2021-11-20,Oran,0.0775,48,1511.0
2021-11-20,TzM,0.0577,48,1466.75
2021-11-21,Oran,0.28365,48,1555.25
2021-11-21,TzM,0.27545,48,1540.5
2021-11-22,Oran,0.21695,48,1570.0
2021-11-22,TzM,0.0977,48,1452.0
2021-11-23,Oran,0.70945,48,1687.3541666666667
2021-11-23,TzM,0.44735,48,1510.8333333333333
2021-11-24,Oran,0.30985,48,1304.2083333333333
2021-11-24,TzM,0.25885,48,1333.7916666666667
2021-11-25,Oran,0.42665,48,1731.9791666666667
2021-11-25,TzM,0.47025,48,1628.25
2021-11-26,Oran,0.5095500000000001,48,1790.8333333333333
2021-11-26,TzM,0.64035,48,1820.3958333333333
2021-11-27,Oran,0.42875,48,1717.2291666666667
2021-11-27,TzM,0.41265,48,1747.0833333333333
2021-11-28,Oran,0.53545,48,1880.0
2021-11-28,TzM,0.5690000000000001,48,1806.5416666666667
2021-11-29,Oran,0.49775,48,1938.625
2021-11-29,TzM,0.50865,48,1850.0625
2021-11-30,Oran,0.73945,48,1953.4375
2021-11-30,TzM,0.6273500000000001,48,1983.0
2021-12-01,Oran,0.6923,48,1761.625
2021-12-01,TzM,0.5218,48,1776.375
2021-12-02,Oran,0.45695,48,1599.2708333333333
2021-12-02,TzM,0.6072500000000001,48,1746.5625
2021-12-03,Oran,0.5486,48,1938.625
2021-12-03,TzM,0.6122500000000001,47,1877.404255319149
2021-12-04,Oran,0.5396000000000001,48,1924.0
2021-12-04,TzM,0.42935,48,1850.3333333333333
2021-12-05,Oran,0.5128,48,1702.2916666666667
2021-12-05,TzM,0.4955,48,1658.25
2021-12-06,Oran,0.6067,48,1864.9166666666667
2021-12-06,TzM,0.5572,48,1835.3541666666667
2021-12-07,Oran,0.7772,48,1673.25
2021-12-07,TzM,0.3627,48,1732.25
2021-12-08,Oran,0.36995,48,1791.25
2021-12-08,TzM,0.4576,48,1746.875
2021-12-09,Oran,0.48415,48,1909.2083333333333
2021-12-09,TzM,0.47655,48,1864.8333333333333
2021-12-10,Oran,0.3962,48,1747.0
2021-12-10,TzM,0.45505,48,1776.5
2021-12-11,Oran,0.6465500000000001,48,1879.75
2021-12-11,TzM,0.5724,48,1879.75
2021-12-12,Oran,0.6801,48,1983.0
2021-12-12,TzM,0.5466500000000001,48,1968.25
2021-12-13,Oran,0.5394,48,1687.625
2021-12-13,TzM,0.4798,48,1849.9583333333333
2021-12-14,Oran,0.68355,47,1862.148936170213
2021-12-14,TzM,0.55315,47,1983.0
2021-12-15,Oran,0.5467000000000001,47,1937.723404255319
2021-12-15,TzM,0.46645,47,1952.872340425532
2021-12-16,Oran,0.2842,42,1696.2380952380952
2021-12-16,TzM,0.2442,42,1712.8333333333333
2021-12-17,Oran,0.32425,48,1642.8333333333333
2021-12-17,TzM,0.3155,48,1672.4166666666667
2021-12-18,Oran,0.1288,48,1466.2083333333333
2021-12-18,TzM,0.19265,48,1495.875
2021-12-19,Oran,0.19745,44,1628.409090909091
2021-12-19,TzM,0.2243,44,1612.4318181818182
2021-12-20,Oran,0.5527500000000001,48,1628.6458333333333
2021-12-20,TzM,0.4216,48,1672.9583333333333
2021-12-21,Oran,0.44365,47,1546.148936170213
2021-12-21,TzM,0.39,47,1606.404255319149
2021-12-22,Oran,0.45215,48,1702.75
2021-12-22,TzM,0.36125,48,1673.25
2021-12-23,Oran,0.34355,47,1561.127659574468
2021-12-23,TzM,0.23945,47,1591.340425531915
2021-12-24,Oran,0.3198,47,1531.085106382979
2021-12-24,TzM,0.23635,47,1531.085106382979
2021-12-25,Oran,0.31385,48,1628.9583333333333
2021-12-25,TzM,0.23965,48,1599.5
2021-12-26,Oran,0.45765,48,1570.0
2021-12-26,TzM,0.3671,48,1555.25
2021-12-27,Oran,0.7231500000000001,48,1702.75
2021-12-27,TzM,0.75665,48,1791.25
2021-12-28,Oran,0.67755,48,1938.75
2021-12-28,TzM,0.50785,48,1850.25
2021-12-29,Oran,0.80715,48,1909.25
2021-12-29,TzM,0.45395,48,1790.75
2021-12-30,Oran,1.219,48,1983.0
2021-12-30,TzM,0.6219,48,1983.0
2021-12-31,Oran,1.21245,48,1983.0
2021-12-31,TzM,0.7985,48,1983.0
2022-01-01,Oran,1.2213,48,1968.25
2022-01-01,TzM,0.8750000000000001,48,1909.2083333333333
2022-01-02,Oran,1.0948,48,1835.5
2022-01-02,TzM,0.7082,48,1835.5416666666667
2022-01-03,Oran,0.99935,48,1909.25
2022-01-03,TzM,0.7225,48,1864.8333333333333
2022-01-04,Oran,0.87675,48,1850.0833333333333
2022-01-04,TzM,0.7497,48,1805.7916666666667
2022-01-05,Oran,0.36605,48,1687.6875
2022-01-05,TzM,0.44465,48,1731.9791666666667
2022-01-06,Oran,0.46705,47,1832.021276595745
2022-01-06,TzM,0.43,47,1937.6808510638296
2022-01-07,Oran,0.60035,48,1909.25
2022-01-07,TzM,0.5332,48,1909.25
2022-01-08,Oran,0.5291,48,1924.0
2022-01-08,TzM,0.40475,48,1850.25
2022-01-09,Oran,0.6163500000000001,48,1761.6666666666667
2022-01-09,TzM,0.4025,48,1673.0833333333333
2022-01-10,Oran,0.43185,48,1673.25
2022-01-10,TzM,0.36245,48,1820.75
2022-01-11,Oran,0.4139,48,1983.0
2022-01-11,TzM,0.3429,48,1923.9791666666667
2022-01-12,Oran,0.52995,48,1924.0833333333333
2022-01-12,TzM,0.4013,48,1983.0
2022-01-13,Oran,0.4718,48,1850.125
2022-01-13,TzM,0.31215,48,1865.0416666666667
2022-01-14,Oran,0.45695,48,1894.4375
2022-01-14,TzM,0.26235,48,1732.5
2022-01-15,Oran,0.53635,48,1909.25
2022-01-15,TzM,0.31895,48,1924.125
2022-01-16,Oran,0.58955,48,1983.0
2022-01-16,TzM,0.3529,48,1983.0
2022-01-17,Oran,0.57475,48,1953.5
2022-01-17,TzM,0.30765,48,1938.75
2022-01-18,Oran,0.6824,48,1983.0
2022-01-18,TzM,0.2846,48,1953.5
2022-01-19,Oran,0.606,48,1983.0
2022-01-19,TzM,0.23505,47,1958.3541666666667
2022-01-20,Oran,0.46485,47,1943.6041666666667
2022-01-20,TzM,0.18185,47,1914.1041666666667
2022-01-21,Oran,0.4323,47,1884.4791666666667
2022-01-21,TzM,0.2582,48,1968.2083333333333
2022-01-22,Oran,0.16025,48,1510.625
2022-01-22,TzM,0.1144,48,1672.875
2022-01-23,Oran,0.1555,48,1496.125
2022-01-23,TzM,0.1579,48,1524.9375
2022-01-24,Oran,0.3444,48,1480.6458333333333
2022-01-24,TzM,0.1554,47,1544.7708333333333
2022-01-25,Oran,0.28335,47,1618.9375
2022-01-25,TzM,0.17035,47,1692.5208333333333
2022-01-26,Oran,0.28685,48,1732.0833333333333
2022-01-26,TzM,0.1848,48,1688.0
2022-01-27,Oran,0.53105,47,1913.9791666666667
2022-01-27,TzM,0.31275,47,1958.3541666666667
2022-01-28,Oran,0.64315,48,1983.0
2022-01-28,TzM,0.3505,47,1958.3541666666667
2022-01-29,Oran,0.79015,48,1983.0
2022-01-29,TzM,0.39235,48,1983.0
2022-01-30,Oran,0.8358,48,1983.0
2022-01-30,TzM,0.37995,48,1983.0
2022-01-31,Oran,0.7158500000000001,48,1983.0
2022-01-31,TzM,0.2843,48,1983.0
2022-02-01,Oran,0.5596,48,1983.0
2022-02-01,TzM,0.2492,48,1983.0
2022-02-02,Oran,0.7944,47,1983.0
2022-02-02,TzM,0.2579,47,1983.0
2022-02-03,Oran,0.9045,48,1865.0
2022-02-03,TzM,0.2874,48,1673.25
2022-02-04,Oran,0.52795,48,1687.9583333333333
2022-02-04,TzM,0.18605,48,1569.8333333333333
2022-02-05,Oran,0.2232,48,1584.75
2022-02-05,TzM,0.132,48,1525.75
2022-02-06,Oran,0.5627500000000001,48,1820.7083333333333
2022-02-06,TzM,0.4986,48,1864.9583333333333
2022-02-07,Oran,0.8771500000000001,48,1983.0
2022-02-07,TzM,0.6745,48,1983.0
2022-02-08,Oran,0.64575,48,1968.2083333333333
2022-02-08,TzM,0.45555,48,1983.0
2022-02-09,Oran,0.5606,48,1673.0208333333333
2022-02-09,TzM,0.29035,48,1761.9583333333333
2022-02-10,Oran,0.754,48,1894.25
2022-02-10,TzM,0.32185,48,1673.4375
2022-02-11,Oran,0.7512,48,1820.3958333333333
2022-02-11,TzM,0.39595,48,1894.2916666666667
2022-02-12,Oran,0.45265,48,1525.3125
2022-02-12,TzM,0.29665,48,1525.3333333333333
2022-02-13,Oran,0.46315,48,1687.8125
2022-02-13,TzM,0.19405,48,1746.9583333333333
2022-02-14,Oran,0.45685,48,1791.25
2022-02-14,TzM,0.2568,48,1820.75
2022-02-15,Oran,0.685,48,1923.875
2022-02-15,TzM,0.30205,48,1924.0
2022-02-16,Oran,0.6626500000000001,48,1628.6875
2022-02-16,TzM,0.26075,48,1717.2083333333333
2022-02-17,Oran,0.8135,48,1879.5833333333333
2022-02-17,TzM,0.33615,48,1953.4375
2022-02-18,Oran,1.00615,48,1953.5
2022-02-18,TzM,0.328,48,1924.0
2022-02-19,Oran,0.16825,48,1525.75
2022-02-19,TzM,0.0624,48,1511.0
2022-02-20,Oran,0.69365,48,1761.2708333333333
2022-02-20,TzM,0.30355,48,1850.0625
2022-02-21,Oran,0.70625,48,1835.3958333333333
2022-02-21,TzM,0.29075,48,1805.5
2022-02-22,Oran,0.8557,48,1953.5
2022-02-22,TzM,0.31855,48,1983.0
2022-02-23,Oran,0.5353,48,1820.6875
2022-02-23,TzM,0.21155,48,1820.7083333333333
2022-02-24,Oran,0.6505000000000001,48,1746.875
2022-02-24,TzM,0.2013,48,1673.1875
2022-02-25,Oran,0.12095,48,1599.4166666666667
2022-02-25,TzM,0.0426,48,1540.5
2022-02-26,Oran,0.0734,48,1628.8125
2022-02-26,TzM,0.04955,48,1540.5
2022-02-27,Oran,0.4738,48,1539.9375
2022-02-27,TzM,0.3119,48,1599.5208333333333
2022-02-28,Oran,0.6965,48,1717.4375
2022-02-28,TzM,0.2986,48,1732.3125
2022-03-01,Oran,0.9496,48,1968.2291666666667
2022-03-01,TzM,0.55145,48,1983.0
2022-03-02,Oran,0.7013,48,1909.0416666666667
2022-03-02,TzM,0.34005,48,1835.3541666666667
2022-03-03,Oran,0.39615,46,1613.5652173913045
2022-03-03,TzM,0.22905,46,1567.2608695652175
2022-03-04,Oran,0.4266,48,1466.5416666666667
2022-03-04,TzM,0.731,48,1599.3333333333333
2022-03-05,Oran,0.9228,48,1510.2083333333333
2022-03-05,TzM,1.2948000000000002,48,1584.1458333333333
2022-03-06,Oran,0.23775,48,1333.5833333333333
2022-03-06,TzM,0.50095,48,1525.2291666666667
2022-03-07,Oran,0.3293,48,1466.375
2022-03-07,TzM,0.31825,48,1554.6041666666667
2022-03-08,Oran,0.8599,48,1717.3125
2022-03-08,TzM,0.70625,48,1702.6875
2022-03-09,Oran,1.86195,48,1805.7083333333333
2022-03-09,TzM,1.5759500000000002,48,1820.625
2022-03-10,Oran,1.5883,48,1584.5416666666667
2022-03-10,TzM,1.3015,48,1658.5416666666667
2022-03-11,Oran,0.5134500000000001,48,1540.0416666666667
2022-03-11,TzM,0.4858,48,1569.625
2022-03-12,Oran,1.6228,48,1643.5416666666667
2022-03-12,TzM,1.4308500000000002,48,1673.375
2022-03-13,Oran,1.73765,48,1599.5
2022-03-13,TzM,1.6728500000000002,48,1614.25
2022-03-14,Oran,0.622,48,1481.5
2022-03-14,TzM,0.3512,48,1481.5
2022-03-15,Oran,0.79905,47,1516.021276595745
2022-03-15,TzM,0.8656,47,1561.212765957447
2022-03-16,Oran,0.155,48,1437.25
2022-03-16,TzM,0.28575,48,1466.75
2022-03-17,Oran,0.3319,48,1540.5
2022-03-17,TzM,0.52075,48,1496.25
2022-03-18,Oran,0.5366000000000001,48,1555.25
2022-03-18,TzM,0.7238,48,1570.0
2022-03-19,Oran,0.4385,48,1614.25
2022-03-19,TzM,0.55755,48,1614.25
2022-03-20,Oran,0.51515,48,1599.375
2022-03-20,TzM,0.76275,48,1673.25
2022-03-21,Oran,1.0091,48,1525.75
2022-03-21,TzM,0.72185,48,1525.75
2022-03-22,Oran,0.5521,48,1555.25
2022-03-22,TzM,0.5317000000000001,48,1599.5
2022-03-23,Oran,0.2593,48,1466.75
2022-03-23,TzM,0.4775,48,1511.0
2022-03-24,Oran,0.40945,48,1525.75
2022-03-24,TzM,0.39135,48,1481.5
2022-03-25,Oran,0.25225,48,1496.25
2022-03-25,TzM,0.3296,48,1496.25
2022-03-26,Oran,0.4405,48,1570.0
2022-03-26,TzM,0.6759000000000001,48,1584.75
2022-03-27,Oran,0.8791,48,1702.0416666666667
2022-03-27,TzM,1.5094,48,1791.1666666666667
2022-03-28,Oran,0.9858,48,1554.8125
2022-03-28,TzM,1.2261,48,1554.625
2022-03-29,Oran,1.34275,48,1584.7083333333333
2022-03-29,TzM,1.1836,48,1599.5
2022-03-30,Oran,0.66635,48,1540.5
2022-03-30,TzM,0.5022,48,1496.25
2022-03-31,Oran,2.0094000000000003,48,1761.25
2022-03-31,TzM,2.235,48,1864.9583333333333
2022-04-01,Oran,2.1359,48,1805.7916666666667
2022-04-01,TzM,2.44075,48,1776.375
2022-04-02,Oran,2.26765,48,1983.0
2022-04-02,TzM,2.3735500000000003,48,1983.0
2022-04-03,Oran,2.3386,48,1776.1458333333333
2022-04-03,TzM,2.32125,48,1835.1666666666667
2022-04-04,Oran,0.34445,48,1393.0625
2022-04-04,TzM,0.52,48,1377.9375
2022-04-05,Oran,0.1997,48,1437.25
2022-04-05,TzM,0.3112,48,1496.25
2022-04-06,Oran,1.5568,46,1609.25
2022-04-06,TzM,2.1672,48,1688.1458333333333
2022-04-07,Oran,2.99675,48,1983.0
2022-04-07,TzM,3.1817,48,1983.0
2022-04-08,Oran,2.80385,48,1806.0
2022-04-08,TzM,3.1088500000000003,48,1850.25
2022-04-09,Oran,2.6113500000000003,48,1835.5
2022-04-09,TzM,2.29725,48,1776.5
2022-04-10,Oran,2.548,48,1761.75
2022-04-10,TzM,2.99895,48,1791.25
2022-04-11,Oran,2.54725,48,1688.0
2022-04-11,TzM,2.5542,48,1806.0
2022-04-12,Oran,1.40915,48,1555.25
2022-04-12,TzM,2.1553,48,1599.5
2022-04-13,Oran,1.13625,47,1576.276595744681
2022-04-13,TzM,1.7014,47,1576.276595744681
2022-04-14,Oran,2.02175,48,1776.5
2022-04-14,TzM,2.2863,48,1717.5
2022-04-15,Oran,2.3718000000000004,47,1907.6808510638296
2022-04-15,TzM,3.0736000000000003,47,1967.936170212766
2022-04-16,Oran,3.82905,48,1968.25
2022-04-16,TzM,3.9256,48,1968.25
2022-04-17,Oran,3.92335,48,1820.75
2022-04-17,TzM,3.7464,48,1820.75
2022-04-18,Oran,2.98515,48,1658.5
2022-04-18,TzM,3.10405,48,1702.75
2022-04-19,Oran,2.3114,48,1806.0
2022-04-19,TzM,3.0884,48,1791.25
2022-04-20,Oran,1.1919,48,1643.625
2022-04-20,TzM,1.3602500000000002,48,1643.75
2022-04-21,Oran,2.35295,48,1805.7083333333333
2022-04-21,TzM,3.0004500000000003,48,1732.0833333333333
2022-04-22,Oran,1.6941000000000002,48,1688.0
2022-04-22,TzM,1.66565,48,1599.5
2022-04-23,Oran,2.3017000000000003,48,1820.4583333333333
2022-04-23,TzM,2.58065,48,1732.125
2022-04-24,Oran,3.29495,48,1924.0
2022-04-24,TzM,3.0589500000000003,48,1938.75
2022-04-25,Oran,3.642,48,1953.5
2022-04-25,TzM,3.66755,48,1968.2083333333333
2022-04-26,Oran,3.47885,48,1761.75
2022-04-26,TzM,3.55975,48,1761.75
2022-04-27,Oran,0.4916,47,1500.957446808511
2022-04-27,TzM,0.67,47,1500.957446808511
2022-04-28,Oran,0.58775,48,1540.5
2022-04-28,TzM,0.7121000000000001,48,1584.75
2022-04-29,Oran,3.36635,48,1968.25
2022-04-29,TzM,3.5443,48,1879.75
2022-04-30,Oran,3.84125,48,1776.5
2022-04-30,TzM,3.6863,48,1658.3333333333333
2022-05-01,Oran,3.21275,48,1938.75
2022-05-01,TzM,4.0855500000000005,48,1879.75
2022-05-02,Oran,1.8406,48,1643.75
2022-05-02,TzM,3.22755,48,1717.5
2022-05-03,Oran,2.17635,48,1629.0
2022-05-03,TzM,1.84825,48,1643.75
2022-05-04,Oran,1.03555,48,1570.0
2022-05-04,TzM,1.83005,48,1614.25
2022-05-05,Oran,3.6749,48,1835.5
2022-05-05,TzM,4.01645,48,1894.5
2022-05-06,Oran,4.10815,48,1983.0
2022-05-06,TzM,4.26335,48,1983.0
2022-05-07,Oran,4.2929,48,1953.5
2022-05-07,TzM,4.15855,48,1909.25
2022-05-08,Oran,4.5974,48,1924.0
2022-05-08,TzM,4.6155,48,1983.0
2022-05-09,Oran,4.27595,48,1983.0
2022-05-09,TzM,4.3973,48,1983.0
2022-05-10,Oran,4.42875,48,1983.0
2022-05-10,TzM,4.82205,48,1983.0
2022-05-11,Oran,4.4903,48,1983.0
2022-05-11,TzM,4.9761500000000005,48,1938.75
2022-05-12,Oran,4.243650000000001,48,1865.0
2022-05-12,TzM,4.22555,48,1761.75
2022-05-13,Oran,4.7354,48,1865.0
2022-05-13,TzM,4.5686,48,1850.25
2022-05-14,Oran,4.4927,48,1702.75
2022-05-14,TzM,4.377800000000001,48,1747.0
2022-05-15,Oran,4.48825,48,1776.5
2022-05-15,TzM,4.09795,48,1865.0
2022-05-16,Oran,4.532150000000001,48,1983.0
2022-05-16,TzM,4.06105,48,1983.0
2022-05-17,Oran,4.724200000000001,48,1879.75
2022-05-17,TzM,4.07345,48,1865.0
2022-05-18,Oran,4.4144000000000005,48,1924.0
2022-05-18,TzM,4.195600000000001,48,1909.25
2022-05-19,Oran,4.03625,47,1802.234042553192
2022-05-19,TzM,3.9859,47,1772.106382978723
2022-05-20,Oran,3.86895,48,1747.0
2022-05-20,TzM,3.4122000000000003,48,1761.75
2022-05-21,Oran,3.89925,48,1761.75
2022-05-21,TzM,3.78805,48,1761.75
2022-05-22,Oran,3.5446500000000003,48,1717.5
2022-05-22,TzM,2.97905,48,1747.0
2022-05-23,Oran,3.3411500000000003,48,1865.0
2022-05-23,TzM,2.65625,48,1850.25
2022-05-24,Oran,2.5519000000000003,47,1726.914893617021
2022-05-24,TzM,2.3228500000000003,47,1726.914893617021
2022-05-25,Oran,2.35985,48,1953.5
2022-05-25,TzM,1.91375,48,1968.25
2022-05-26,Oran,2.9658,48,1983.0
2022-05-26,TzM,2.4905500000000003,48,1983.0
2022-05-27,Oran,3.7372,46,1983.0
2022-05-27,TzM,2.6869,46,1983.0
2022-05-28,Oran,4.04975,48,1909.25
2022-05-28,TzM,2.8083,48,1968.25
2022-05-29,Oran,4.0283,48,1850.25
2022-05-29,TzM,2.5806,48,1850.25
2022-05-30,Oran,3.11695,48,1761.75
2022-05-30,TzM,1.8933,48,1761.75
2022-05-31,Oran,3.53155,48,1924.0
2022-05-31,TzM,2.4916,48,1953.5
2022-06-01,Oran,3.002,48,1938.75
2022-06-01,TzM,2.21035,48,1909.25
2022-06-02,Oran,2.5495,48,1696.2916666666667
2022-06-02,TzM,1.80575,48,1761.75
2022-06-03,Oran,2.5172000000000003,47,1802.234042553192
2022-06-03,TzM,1.91085,47,1937.8085106382975
2022-06-04,Oran,2.95725,48,1894.5
2022-06-04,TzM,1.8867,48,1924.0
2022-06-05,Oran,2.7937000000000003,47,1802.234042553192
2022-06-05,TzM,1.7672,47,1907.6808510638296
2022-06-06,Oran,2.6838,48,1850.25
2022-06-06,TzM,1.89195,48,1968.25
2022-06-07,Oran,2.70495,48,1924.0
2022-06-07,TzM,1.7776500000000002,48,1924.0
2022-06-08,Oran,2.01975,48,1732.25
2022-06-08,TzM,1.04295,48,1740.5416666666667
2022-06-09,Oran,2.3213,48,1983.0
2022-06-09,TzM,1.64215,48,1983.0
2022-06-10,Oran,2.7485,48,1983.0
2022-06-10,TzM,1.6932,48,1983.0
2022-06-11,Oran,2.4599,48,1924.0
2022-06-11,TzM,1.22565,48,1879.75
2022-06-12,Oran,2.6432,48,1894.5
2022-06-12,TzM,1.27155,48,1879.75
2022-06-13,Oran,3.0773,48,1688.0
2022-06-13,TzM,1.6889,48,1747.0
2022-06-14,Oran,2.28915,48,1761.75
2022-06-14,TzM,1.6712,48,1747.0
2022-06-15,Oran,2.0645,48,1717.5
2022-06-15,TzM,1.4514,48,1732.25
2022-06-16,Oran,1.8989,48,1702.75
2022-06-16,TzM,1.5065,48,1673.25
2022-06-17,Oran,1.83555,48,1806.0
2022-06-17,TzM,1.41885,48,1820.75
2022-06-18,Oran,1.74765,48,1968.25
2022-06-18,TzM,1.0895,48,1938.75
2022-06-19,Oran,1.65505,48,1983.0
2022-06-19,TzM,0.959,48,1983.0
2022-06-20,Oran,1.7253,48,1924.0
2022-06-20,TzM,0.8913500000000001,48,1850.25
2022-06-21,Oran,0.62,48,1776.5
2022-06-21,TzM,0.36195,48,1820.75
2022-06-22,Oran,1.6207,47,1937.8085106382975
2022-06-22,TzM,2.1005000000000003,47,1937.8085106382975
2022-06-23,Oran,1.47575,48,1938.75
2022-06-23,TzM,1.8089,48,1894.5
2022-06-24,Oran,1.47005,48,1820.75
2022-06-24,TzM,1.41125,48,1983.0
2022-06-25,Oran,1.64795,48,1968.25
2022-06-25,TzM,1.62515,48,1983.0
2022-06-26,Oran,1.6347,48,1909.25
2022-06-26,TzM,1.4651,48,1938.75
2022-06-27,Oran,1.487,48,1894.5
2022-06-27,TzM,1.02065,48,1968.25
2022-06-28,Oran,1.33165,48,1938.75
2022-06-28,TzM,1.17825,48,1983.0
2022-06-29,Oran,1.26985,48,1983.0
2022-06-29,TzM,1.0316,48,1938.75
2022-06-30,Oran,1.4888,48,1909.25
2022-06-30,TzM,1.0624,48,1909.25
2022-07-01,Oran,0.8096,48,1968.25
2022-07-01,TzM,0.50815,48,1879.75
2022-07-02,Oran,0.8701,48,1835.5
2022-07-02,TzM,0.55255,48,1806.0
2022-07-03,Oran,0.76565,48,1673.25
2022-07-03,TzM,0.50895,48,1747.0
2022-07-04,Oran,1.1948,48,1865.0
2022-07-04,TzM,0.757,48,1968.25
2022-07-05,Oran,0.7662500000000001,48,1732.25
2022-07-05,TzM,0.5325000000000001,48,1717.5
2022-07-06,Oran,0.73845,48,1776.5
2022-07-06,TzM,0.49105,48,1850.25
2022-07-07,Oran,1.09825,48,1850.25
2022-07-07,TzM,0.68915,48,1894.5
2022-07-08,Oran,1.1565,48,1983.0
2022-07-08,TzM,0.5385,48,1983.0
2022-07-09,Oran,1.1061,48,1983.0
2022-07-09,TzM,0.53515,48,1983.0
2022-07-10,Oran,0.94395,48,1983.0
2022-07-10,TzM,0.56515,48,1983.0
2022-07-11,Oran,0.872,48,1983.0
2022-07-11,TzM,0.491,48,1983.0
2022-07-12,Oran,0.99655,48,1983.0
2022-07-12,TzM,0.5202,48,1983.0
2022-07-13,Oran,1.005,47,1983.0
2022-07-13,TzM,0.3258,47,1983.0
2022-07-14,Oran,0.97265,48,1983.0
2022-07-14,TzM,0.34895,48,1983.0
2022-07-15,Oran,0.8553000000000001,48,1983.0
2022-07-15,TzM,0.27955,48,1983.0
2022-07-16,Oran,0.89105,48,1983.0
2022-07-16,TzM,0.30895,48,1983.0
2022-07-17,Oran,0.8581500000000001,48,1968.25
2022-07-17,TzM,0.28845,48,1983.0
2022-07-18,Oran,0.81635,48,1983.0
2022-07-18,TzM,0.27945,48,1983.0
2022-07-19,Oran,0.8958,48,1983.0
2022-07-19,TzM,0.28395,48,1968.25
2022-07-20,Oran,0.7484000000000001,47,1983.0
2022-07-20,TzM,0.26005,47,1983.0
2022-07-21,Oran,0.62985,48,1983.0
2022-07-21,TzM,0.2363,48,1983.0
2022-07-22,Oran,0.8459500000000001,48,1983.0
2022-07-22,TzM,0.32615,48,1968.25
2022-07-23,Oran,0.79725,48,1983.0
2022-07-23,TzM,0.32815,48,1953.5
2022-07-24,Oran,0.9189,48,1938.75
2022-07-24,TzM,0.3125,48,1968.25
2022-07-25,Oran,0.7029000000000001,46,1875.2608695652173
2022-07-25,TzM,0.2449,46,1921.434782608696
2022-07-26,Oran,0.79185,48,1968.25
2022-07-26,TzM,0.0206,48,1983.0
2022-07-27,Oran,0.6128,48,1983.0
2022-07-27,TzM,0.01905,48,1924.0
2022-07-28,Oran,0.7687,48,1968.25
2022-07-28,TzM,0.02195,48,1953.5
2022-07-29,Oran,0.68305,48,1953.5
2022-07-29,TzM,0.02395,48,1983.0
2022-07-30,Oran,0.34,48,1643.75
2022-07-30,TzM,0.01095,48,1673.25
2022-07-31,Oran,0.5507000000000001,48,1953.5
2022-07-31,TzM,0.01745,48,1938.75
2022-08-01,Oran,0.43895,47,1922.744680851064
2022-08-01,TzM,0.01665,47,1862.489361702128
2022-08-02,Oran,0.6042000000000001,48,1909.25
2022-08-02,TzM,0.3063,48,1909.25
2022-08-03,Oran,0.5970000000000001,48,1968.25
2022-08-03,TzM,0.02565,48,1983.0
2022-08-04,Oran,0.48455,48,1983.0
2022-08-04,TzM,0.0204,48,1879.75
2022-08-05,Oran,0.59665,48,1983.0
2022-08-05,TzM,0.02385,48,1983.0
2022-08-06,Oran,0.5155500000000001,48,1983.0
2022-08-06,TzM,0.02,48,1983.0
2022-08-07,Oran,0.5375,48,1983.0
2022-08-07,TzM,0.02215,48,1983.0
2022-08-08,Oran,0.507,48,1983.0
2022-08-08,TzM,0.0202,48,1983.0
2022-08-09,Oran,0.45305,48,1879.75
2022-08-09,TzM,0.01815,48,1835.5
2022-08-10,Oran,0.30925,47,1937.8085106382975
2022-08-10,TzM,0.0161,47,1952.872340425532
2022-08-11,Oran,0.3704,48,1983.0
2022-08-11,TzM,0.02015,48,1983.0
2022-08-12,Oran,0.38715,48,1761.75
2022-08-12,TzM,0.0246,48,1865.0
2022-08-13,Oran,0.2524,48,1599.5
2022-08-13,TzM,0.0942,48,1643.75
2022-08-14,Oran,0.3661,48,1879.75
2022-08-14,TzM,0.19135,48,1983.0
2022-08-15,Oran,0.4858,48,1983.0
2022-08-15,TzM,0.017,48,1983.0
2022-08-16,Oran,0.38945,48,1938.75
2022-08-16,TzM,0.01645,48,1909.25
2022-08-17,Oran,0.33725,48,1983.0
2022-08-17,TzM,0.0154,48,1953.5
2022-08-18,Oran,0.3121,48,1983.0
2022-08-18,TzM,0.01435,48,1968.25
2022-08-19,Oran,0.3867,48,1953.5
2022-08-19,TzM,0.0197,48,1968.25
2022-08-20,Oran,0.4459,48,1983.0
2022-08-20,TzM,0.02,48,1968.25
2022-08-21,Oran,0.5487000000000001,48,1983.0
2022-08-21,TzM,0.0223,48,1953.5
2022-08-22,Oran,0.43265,48,1983.0
2022-08-22,TzM,0.0239,48,1968.25
2022-08-23,Oran,2.38225,48,1924.0
2022-08-23,TzM,2.7414,48,1953.5
2022-08-24,Oran,0.28425,48,1776.5
2022-08-24,TzM,0.01955,48,1835.5
2022-08-25,Oran,0.32045,48,1776.5
2022-08-25,TzM,0.02375,48,1806.0
2022-08-26,Oran,0.2365,48,1717.5
2022-08-26,TzM,0.0129,48,1761.75
2022-08-27,Oran,1.59335,48,1909.25
2022-08-27,TzM,0.60305,48,1850.25
2022-08-28,Oran,1.15425,48,1806.0
2022-08-28,TzM,0.4007,48,1909.25
2022-08-29,Oran,0.789,48,1761.75
2022-08-29,TzM,0.1465,48,1761.75
2022-08-30,Oran,0.6863,48,1717.5
2022-08-30,TzM,0.01845,48,1673.25
2022-08-31,Oran,0.97565,48,1820.75
2022-08-31,TzM,0.40725,48,1850.25
2022-09-01,Oran,1.1127,48,1820.75
2022-09-01,TzM,0.1754,48,1820.75
2022-09-02,Oran,0.7331000000000001,48,1761.75
2022-09-02,TzM,0.01585,48,1761.75
2022-09-03,Oran,0.5673,48,1894.5
2022-09-03,TzM,0.01655,48,1983.0
2022-09-04,Oran,0.4752,48,1983.0
2022-09-04,TzM,0.018,48,1924.0
2022-09-05,Oran,0.39825,48,1850.25
2022-09-05,TzM,0.01825,48,1968.25
2022-09-06,Oran,0.3815,48,1953.5
2022-09-06,TzM,0.01595,48,1983.0
2022-09-07,Oran,0.2524,48,1806.0
2022-09-07,TzM,0.0156,48,1835.5
2022-09-08,Oran,0.2519,48,1938.75
2022-09-08,TzM,0.01505,48,1850.25
2022-09-09,Oran,0.248,48,1909.25
2022-09-09,TzM,0.01605,48,1894.5
2022-09-10,Oran,0.21405,48,1983.0
2022-09-10,TzM,0.01905,48,1983.0
2022-09-11,Oran,0.24215,48,1835.5
2022-09-11,TzM,0.0214,48,1791.25
2022-09-12,Oran,0.13875,48,1658.5
2022-09-12,TzM,0.01675,48,1629.0
2022-09-13,Oran,0.0498,47,1546.148936170213
2022-09-13,TzM,0.00325,47,1500.957446808511
2022-09-14,Oran,0.194,48,1688.0
2022-09-14,TzM,0.0111,48,1776.5
2022-09-15,Oran,0.45865,48,1820.75
2022-09-15,TzM,0.00975,48,1850.25
2022-09-16,Oran,0.45595,48,1894.5
2022-09-16,TzM,0.0148,48,1938.75
2022-09-17,Oran,0.25455,48,1983.0
2022-09-17,TzM,0.0134,48,1909.25
2022-09-18,Oran,0.1362,48,1673.25
2022-09-18,TzM,0.0087,48,1702.75
2022-09-19,Oran,0.3087,48,1791.25
2022-09-19,TzM,0.01215,48,1894.5
2022-09-20,Oran,0.2502,48,1806.0
2022-09-20,TzM,0.01395,48,1806.0
2022-09-21,Oran,0.04995,48,1614.25
2022-09-21,TzM,0.0302,48,1658.5
2022-09-22,Oran,0.35135,48,1894.5
2022-09-22,TzM,0.10965,48,1865.0
2022-09-23,Oran,0.28635,48,1894.5
2022-09-23,TzM,0.0137,48,1791.25
2022-09-24,Oran,0.2214,48,1747.0
2022-09-24,TzM,0.0113,48,1865.0
2022-09-25,Oran,0.1254,48,1673.25
2022-09-25,TzM,0.00565,48,1702.75
2022-09-26,Oran,0.401,48,1806.0
2022-09-26,TzM,1.5479,48,1865.0
2022-09-27,Oran,0.5502,48,1968.25
2022-09-27,TzM,1.8746,48,1924.0
2022-09-28,Oran,0.561,48,1909.25
2022-09-28,TzM,1.519,48,1879.75
2022-09-29,Oran,0.21965,48,1761.75
2022-09-29,TzM,0.7202000000000001,48,1791.25
2022-09-30,Oran,0.41675,48,1938.75
2022-09-30,TzM,1.09565,48,1983.0
2022-10-01,Oran,0.5568,48,1983.0
2022-10-01,TzM,1.0418,48,1983.0
2022-10-02,Oran,0.4999,48,1791.25
2022-10-02,TzM,1.11545,48,1850.25
2022-10-03,Oran,0.36015,48,1614.25
2022-10-03,TzM,0.7306,48,1629.0
2022-10-04,Oran,0.455,48,1761.75
2022-10-04,TzM,0.6949000000000001,48,1806.0
2022-10-05,Oran,0.3913,48,1702.75
2022-10-05,TzM,0.50085,48,1835.5
2022-10-06,Oran,0.171,48,1850.25
2022-10-06,TzM,0.2675,48,1894.5
2022-10-07,Oran,0.5113500000000001,48,1835.5
2022-10-07,TzM,0.3616,48,1850.25
2022-10-08,Oran,0.43845,48,1806.0
2022-10-08,TzM,0.38275,48,1835.5
2022-10-09,Oran,0.4239,48,1702.75
2022-10-09,TzM,0.33455,48,1879.75
2022-10-10,Oran,0.1135,48,1584.75
2022-10-10,TzM,0.16165,48,1643.75
2022-10-11,Oran,0.76785,48,1776.5
2022-10-11,TzM,0.5124500000000001,48,1702.75
2022-10-12,Oran,1.1321,48,1865.0
2022-10-12,TzM,0.6652,48,1924.0
2022-10-13,Oran,1.3744500000000002,48,1953.5
2022-10-13,TzM,0.55395,48,1938.75
2022-10-14,Oran,1.4288500000000002,48,1983.0
2022-10-14,TzM,0.5446000000000001,48,1983.0
2022-10-15,Oran,1.2126,48,1938.75
2022-10-15,TzM,0.45615,48,1924.0
2022-10-16,Oran,0.8203,48,1820.75
2022-10-16,TzM,0.2819,48,1835.5
2022-10-17,Oran,0.7056,48,1761.75
2022-10-17,TzM,0.22245,48,1717.5
2022-10-18,Oran,0.7042,47,1787.1702127659576
2022-10-18,TzM,0.33,47,1576.276595744681
2022-10-19,Oran,0.5672,48,1525.75
2022-10-19,TzM,0.22715,48,1555.25
2022-10-20,Oran,0.2125,48,1540.5
2022-10-20,TzM,0.0532,48,1481.5
2022-10-21,Oran,0.21995,47,1546.148936170213
2022-10-21,TzM,0.12725,47,1576.276595744681
2022-10-22,Oran,0.5809000000000001,48,1584.75
2022-10-22,TzM,0.3173,48,1570.0
2022-10-23,Oran,0.3886,48,1584.75
2022-10-23,TzM,0.2177,48,1511.0
2022-10-24,Oran,0.54645,48,1673.25
2022-10-24,TzM,0.3191,48,1673.25
2022-10-25,Oran,0.3776,48,1614.25
2022-10-25,TzM,0.28505,48,1540.5
2022-10-26,Oran,0.4908,48,1673.25
2022-10-26,TzM,0.2435,48,1673.25
2022-10-27,Oran,0.4969,48,1776.5
2022-10-27,TzM,0.23435,48,1732.25
2022-10-28,Oran,0.4483,48,1761.75
2022-10-28,TzM,0.18015,48,1717.5
2022-10-29,Oran,0.34815,48,1599.5
2022-10-29,TzM,0.10825,48,1599.5
2022-10-30,Oran,0.1685,48,1673.25
2022-10-30,TzM,0.0616,48,1747.0
2022-10-31,Oran,0.16565,48,1584.75
2022-10-31,TzM,0.0523,48,1555.25
2022-11-01,Oran,0.42705,47,1847.4255319148936
2022-11-01,TzM,0.0619,47,1937.8085106382975
2022-11-02,Oran,0.33915,47,1741.978723404255
2022-11-02,TzM,0.0503,47,1711.851063829787
2022-11-03,Oran,0.16495,47,1621.468085106383
2022-11-03,TzM,0.02655,47,1621.468085106383
2022-11-04,Oran,0.25505,48,1717.5
2022-11-04,TzM,0.04725,48,1717.5
2022-11-05,Oran,0.36515,48,1924.0
2022-11-05,TzM,0.0512,48,1983.0
2022-11-06,Oran,0.4178,48,1879.75
2022-11-06,TzM,0.05275,48,1924.0
2022-11-07,Oran,0.35345,48,1968.25
2022-11-07,TzM,0.0577,48,1938.75
2022-11-08,Oran,0.2617,48,1761.75
2022-11-08,TzM,0.0515,48,1761.75
2022-11-09,Oran,0.1091,48,1732.25
2022-11-09,TzM,0.01325,48,1761.75
2022-11-10,Oran,0.36545,48,1791.25
2022-11-10,TzM,0.2566,48,1968.25
2022-11-11,Oran,0.10345,48,1776.5
2022-11-11,TzM,0.06655,48,1702.75
2022-11-12,Oran,0.27195,48,1717.5
2022-11-12,TzM,0.23,48,1643.75
2022-11-13,Oran,0.6113500000000001,48,1879.75
2022-11-13,TzM,0.48575,48,1850.25
2022-11-14,Oran,0.5333,48,1702.75
2022-11-14,TzM,0.33115,48,1599.5
2022-11-15,Oran,0.2859,48,1643.75
2022-11-15,TzM,0.1934,48,1570.0
2022-11-16,Oran,0.2448,48,1570.0
2022-11-16,TzM,0.17345,48,1555.25
2022-11-17,Oran,0.30425,48,1702.75
2022-11-17,TzM,0.14175,48,1702.75
2022-11-18,Oran,0.13345,48,1791.25
2022-11-18,TzM,0.1453,48,1865.0
2022-11-19,Oran,0.2822,48,1864.6666666666667
2022-11-19,TzM,0.2917,48,1835.2708333333333
2022-11-20,Oran,0.3399,48,1923.9583333333333
2022-11-20,TzM,0.1844,48,1850.2083333333333
2022-11-21,Oran,0.1489,48,1643.75
2022-11-21,TzM,0.07375,48,1584.75
2022-11-22,Oran,0.60795,48,1643.5833333333333
2022-11-22,TzM,0.5421,48,1687.8125
2022-11-23,Oran,0.48595,48,1717.5
2022-11-23,TzM,0.3883,48,1747.0
2022-11-24,Oran,0.66015,48,1584.75
2022-11-24,TzM,0.3436,48,1673.25
2022-11-25,Oran,0.5226000000000001,48,1732.25
2022-11-25,TzM,0.5095,48,1746.9791666666667
2022-11-26,Oran,0.7956000000000001,48,1672.8125
2022-11-26,TzM,0.47995,48,1672.75
2022-11-27,Oran,0.8643500000000001,48,1614.25
2022-11-27,TzM,0.48395,48,1628.5
2022-11-28,Oran,0.34065,48,1938.75
2022-11-28,TzM,0.2084,48,1938.75
2022-11-29,Oran,0.4419,48,1864.7291666666667
2022-11-29,TzM,0.46475,48,1835.1458333333333
2022-11-30,Oran,0.5404,48,1687.7916666666667
2022-11-30,TzM,0.4367,48,1717.125
2022-12-01,Oran,0.29795,48,1554.5
2022-12-01,TzM,0.2307,48,1717.2083333333333
2022-12-02,Oran,0.07805,48,1436.4791666666667
2022-12-02,TzM,0.1575,48,1569.4375
2022-12-03,Oran,0.32755,48,1820.3958333333333
2022-12-03,TzM,0.1819,48,1732.0
2022-12-04,Oran,0.16095,48,1731.875
2022-12-04,TzM,0.13195,48,1702.7083333333333
2022-12-05,Oran,0.27345,48,1540.5
2022-12-05,TzM,0.3168,48,1570.0
2022-12-06,Oran,0.25625,48,1525.75
2022-12-06,TzM,0.26745,48,1540.5
2022-12-07,Oran,0.4869,48,1584.7916666666667
2022-12-07,TzM,0.3802,48,1658.5
2022-12-08,Oran,0.1118,48,1481.5
2022-12-08,TzM,0.1278,48,1511.0
2022-12-09,Oran,0.31525,48,1629.0
2022-12-09,TzM,0.35145,48,1584.75
2022-12-10,Oran,0.4743,48,1702.75
2022-12-10,TzM,0.3522,48,1688.0
2022-12-11,Oran,0.2193,48,1629.0
2022-12-11,TzM,0.2201,48,1570.0
2022-12-12,Oran,0.3679,48,1702.75
2022-12-12,TzM,0.37885,48,1614.25
2022-12-13,Oran,0.4569,48,1599.5
2022-12-13,TzM,0.3463,47,1692.8541666666667
2022-12-14,Oran,0.4998,48,1688.0
2022-12-14,TzM,0.5194,48,1673.25
2022-12-15,Oran,0.45115,48,1658.5
2022-12-15,TzM,0.36735,48,1688.0
2022-12-16,Oran,0.6576500000000001,48,1820.7083333333333
2022-12-16,TzM,0.54945,48,1909.25
2022-12-17,Oran,0.4773,48,1835.4166666666667
2022-12-17,TzM,0.4228,48,1879.6666666666667
2022-12-18,Oran,0.8239,48,1820.75
2022-12-18,TzM,0.5177,48,1702.4375
2022-12-19,Oran,0.77615,48,1628.5833333333333
2022-12-19,TzM,0.56115,48,1687.7083333333333
2022-12-20,Oran,0.80125,48,1761.625
2022-12-20,TzM,0.7052,48,1702.75
2022-12-21,Oran,0.66625,48,1688.0
2022-12-21,TzM,0.4109,48,1555.25
2022-12-22,Oran,0.5952000000000001,48,1747.0
2022-12-22,TzM,0.3708,48,1702.75
2022-12-23,Oran,1.0177,48,1702.75
2022-12-23,TzM,0.61655,48,1599.4166666666667
2022-12-24,Oran,0.9997,48,1806.0
2022-12-24,TzM,0.55615,48,1850.0833333333333
2022-12-25,Oran,1.14585,48,1761.75
2022-12-25,TzM,0.8733500000000001,48,1806.0416666666667
2022-12-26,Oran,1.06515,48,1717.4166666666667
2022-12-26,TzM,0.85865,48,1820.75
2022-12-27,Oran,0.96655,47,1952.872340425532
2022-12-27,TzM,0.66385,47,1967.893617021277
2022-12-28,Oran,0.9843,48,1909.0833333333333
2022-12-28,TzM,0.66515,48,1968.25
2022-12-29,Oran,0.78225,48,1717.5
2022-12-29,TzM,0.6142000000000001,48,1717.4166666666667
2022-12-30,Oran,0.754,48,1688.0
2022-12-30,TzM,0.6930000000000001,48,1747.0
2022-12-31,Oran,1.1143500000000002,48,1879.75
2022-12-31,TzM,0.7638,48,1879.5208333333333
2023-01-01,Oran,1.08485,48,1540.5
2023-01-01,TzM,0.8952500000000001,48,1510.2708333333333
2023-01-02,Oran,0.6879500000000001,48,1570.0
2023-01-02,TzM,0.4404,48,1525.6458333333333
2023-01-03,Oran,0.35345,48,1658.5
2023-01-03,TzM,0.4732,48,1747.0833333333333
2023-01-04,Oran,0.3983,48,1805.6666666666667
2023-01-04,TzM,0.4456,48,1864.9166666666667
2023-01-05,Oran,0.6555,48,1983.0
2023-01-05,TzM,0.5673,48,1879.8958333333333
2023-01-06,Oran,0.7351500000000001,48,1983.0
2023-01-06,TzM,0.5569000000000001,48,1983.0
2023-01-07,Oran,0.5869500000000001,48,1761.7708333333333
2023-01-07,TzM,0.42345,48,1658.6458333333333
2023-01-08,Oran,0.5187,48,1584.75
2023-01-08,TzM,0.32835,48,1643.75
2023-01-09,Oran,0.4696,48,1894.5
2023-01-09,TzM,0.56265,48,1864.9791666666667
2023-01-10,Oran,0.9359,48,1923.9583333333333
2023-01-10,TzM,0.4511,48,1820.9375
2023-01-11,Oran,0.3906,48,1599.25
2023-01-11,TzM,0.2105,48,1599.0416666666667
2023-01-12,Oran,0.69655,48,1835.2708333333333
2023-01-12,TzM,0.55215,48,1835.1666666666667
2023-01-13,Oran,0.7058500000000001,48,1835.1875
2023-01-13,TzM,0.41165,48,1717.25
2023-01-14,Oran,1.01485,48,1731.9583333333333
2023-01-14,TzM,0.5689000000000001,48,1613.875
2023-01-15,Oran,0.63865,48,1643.25
2023-01-15,TzM,0.2406,48,1628.7916666666667
2023-01-16,Oran,0.4472,48,1702.6041666666667
2023-01-16,TzM,0.426,48,1672.75
2023-01-17,Oran,0.44935,48,1835.25
2023-01-17,TzM,0.4148,48,1805.7708333333333
2023-01-18,Oran,0.30695,48,1614.5208333333333
2023-01-18,TzM,0.4963,48,1702.9375
2023-01-19,Oran,0.58845,48,1968.2291666666667
2023-01-19,TzM,0.5693,48,1835.4583333333333
2023-01-20,Oran,0.47635,48,1790.7708333333333
2023-01-20,TzM,0.6314000000000001,48,1539.7083333333333
2023-01-21,Oran,0.6933,48,1761.6458333333333
2023-01-21,TzM,0.66235,48,1850.1875
2023-01-22,Oran,0.62855,48,1983.0
2023-01-22,TzM,0.6618,48,1983.0
2023-01-23,Oran,0.55875,48,1688.0
2023-01-23,TzM,0.506,48,1732.0
2023-01-24,Oran,0.442,48,1688.125
2023-01-24,TzM,0.44605,48,1806.1666666666667
2023-01-25,Oran,0.3476,48,1894.6875
2023-01-25,TzM,0.3474,48,1850.2083333333333
2023-01-26,Oran,0.20505,48,1614.7916666666667
2023-01-26,TzM,0.2455,48,1688.0625
2023-01-27,Oran,0.43645,48,1879.6041666666667
2023-01-27,TzM,0.4421,48,1909.0833333333333
2023-01-28,Oran,0.4746,48,1953.5
2023-01-28,TzM,0.44135,48,1953.5
2023-01-29,Oran,0.34105,48,1732.5
2023-01-29,TzM,0.31175,48,1806.0416666666667
2023-01-30,Oran,0.6456500000000001,48,1835.5
2023-01-30,TzM,0.35115,48,1835.5
2023-01-31,Oran,0.6966,47,1983.0
2023-01-31,TzM,0.27925,47,1983.0
2023-02-01,Oran,0.7128,48,1983.0
2023-02-01,TzM,0.2828,48,1983.0
2023-02-02,Oran,0.7635000000000001,48,1879.7083333333333
2023-02-02,TzM,0.35995,48,1983.0
2023-02-03,Oran,0.89065,48,1983.0
2023-02-03,TzM,0.41815,48,1983.0
2023-02-04,Oran,1.02615,48,1983.0
2023-02-04,TzM,0.45015,48,1983.0
2023-02-05,Oran,0.90415,48,1983.0
2023-02-05,TzM,0.3924,48,1983.0
2023-02-06,Oran,0.29055,48,1716.8541666666667
2023-02-06,TzM,0.0598,48,1584.4791666666667
2023-02-07,Oran,0.1106,48,1289.1041666666667
2023-02-07,TzM,0.17675,48,1495.7916666666667
2023-02-08,Oran,0.2674,48,1466.2291666666667
2023-02-08,TzM,0.1059,48,1466.3333333333333
2023-02-09,Oran,0.18475,48,1422.5833333333333
2023-02-09,TzM,0.15495,48,1481.8125
2023-02-10,Oran,0.30555,48,1555.5625
2023-02-10,TzM,0.20995,48,1629.4583333333333
2023-02-11,Oran,0.21735,48,1555.6875
2023-02-11,TzM,0.22655,48,1806.1458333333333
2023-02-12,Oran,0.33595,48,1584.5208333333333
2023-02-12,TzM,0.29525,48,1687.9791666666667
2023-02-13,Oran,0.2693,48,1407.3125
2023-02-13,TzM,0.22605,48,1643.5208333333333
2023-02-14,Oran,0.14075,48,1436.5833333333333
2023-02-14,TzM,0.21805,48,1481.0833333333333
2023-02-15,Oran,0.49315,48,1569.5833333333333
2023-02-15,TzM,0.30485,48,1643.75
2023-02-16,Oran,0.6818000000000001,48,1761.4791666666667
2023-02-16,TzM,0.33695,48,1673.3333333333333
2023-02-17,Oran,0.7151000000000001,48,1732.0416666666667
2023-02-17,TzM,0.4746,48,1865.0
2023-02-18,Oran,0.5469,48,1643.75
2023-02-18,TzM,0.2895,48,1643.6666666666667
2023-02-19,Oran,0.7767000000000001,48,1835.4791666666667
2023-02-19,TzM,0.36925,48,1835.375
2023-02-20,Oran,0.8344,48,1820.7083333333333
2023-02-20,TzM,0.42325,48,1894.4791666666667
2023-02-21,Oran,0.7279,48,1776.4166666666667
2023-02-21,TzM,0.2809,48,1732.1666666666667
2023-02-22,Oran,0.90445,48,1953.5
2023-02-22,TzM,0.35375,48,1938.75
2023-02-23,Oran,0.7473500000000001,48,1879.5416666666667
2023-02-23,TzM,0.2206,48,1746.5833333333333
2023-02-24,Oran,0.7655000000000001,48,1672.9375
2023-02-24,TzM,0.2662,48,1702.625
2023-02-25,Oran,0.5109,48,1717.5833333333333
2023-02-25,TzM,0.23255,48,1894.5833333333333
2023-02-26,Oran,0.52725,48,1909.2916666666667
2023-02-26,TzM,0.14805,48,1924.1041666666667
2023-02-27,Oran,0.42645,48,1673.625
2023-02-27,TzM,0.12655,48,1718.0833333333333
2023-02-28,Oran,0.5896,48,1968.25
2023-02-28,TzM,0.1716,48,1983.0
2023-03-01,Oran,0.6541,48,1938.875
2023-03-01,TzM,0.1987,48,1953.5416666666667
2023-03-02,Oran,0.629,48,1850.1666666666667
2023-03-02,TzM,0.2001,48,1850.1875
2023-03-03,Oran,0.71645,48,1968.2291666666667
2023-03-03,TzM,0.2153,48,1983.0
2023-03-04,Oran,0.93785,48,1983.0
2023-03-04,TzM,0.2638,48,1983.0
2023-03-05,Oran,0.6558,48,1599.2916666666667
2023-03-05,TzM,0.19375,48,1688.1041666666667
2023-03-06,Oran,0.30955,48,1540.25
2023-03-06,TzM,0.12555,48,1555.3333333333333
2023-03-07,Oran,0.748,48,1791.25
2023-03-07,TzM,0.3143,48,1791.25
2023-03-08,Oran,0.71485,48,1614.25
2023-03-08,TzM,0.2811,48,1732.25
2023-03-09,Oran,0.319,48,1629.0
2023-03-09,TzM,0.2083,48,1702.75
2023-03-10,Oran,0.965,48,1643.75
2023-03-10,TzM,0.31365,48,1688.0
2023-03-11,Oran,1.1264,48,1820.75
2023-03-11,TzM,0.26375,48,1850.25
2023-03-12,Oran,1.4818,48,1747.0
2023-03-12,TzM,0.43415,48,1820.75
2023-03-13,Oran,1.35795,48,1791.25
2023-03-13,TzM,0.38605,48,1835.5
2023-03-14,Oran,1.03035,48,1879.75
2023-03-14,TzM,0.2688,48,1850.2083333333333
2023-03-15,Oran,1.344,48,1983.0
2023-03-15,TzM,0.3678,48,1983.0
2023-03-16,Oran,1.1004,48,1879.75
2023-03-16,TzM,0.33225,48,1909.25
2023-03-17,Oran,0.9971,48,1673.25
2023-03-17,TzM,0.2173,48,1672.9375
2023-03-18,Oran,0.6909000000000001,48,1732.25
2023-03-18,TzM,0.19085,48,1732.25
2023-03-19,Oran,0.9372,48,1924.0416666666667
2023-03-19,TzM,0.28595,48,1850.0416666666667
2023-03-20,Oran,1.28295,48,1894.5
2023-03-20,TzM,0.32095,48,1864.9791666666667
2023-03-21,Oran,1.2616500000000002,46,1875.2608695652173
2023-03-21,TzM,0.3298,46,1875.1521739130435
2023-03-22,Oran,1.37475,48,1938.75
2023-03-22,TzM,0.3729,48,1909.25
2023-03-23,Oran,1.4051,48,1806.0
2023-03-23,TzM,0.37345,48,1717.5
2023-03-24,Oran,0.96695,48,1938.75
2023-03-24,TzM,0.2548,48,1968.25
2023-03-25,Oran,1.19205,48,1894.5
2023-03-25,TzM,0.29785,48,1894.4583333333333
2023-03-26,Oran,0.7210500000000001,48,1806.0
2023-03-26,TzM,0.22845,48,1909.25
2023-03-27,Oran,0.92035,48,1983.0
2023-03-27,TzM,0.3221,48,1938.8333333333333
2023-03-28,Oran,0.7347,48,1968.25
2023-03-28,TzM,0.35515,48,1983.0
2023-03-29,Oran,0.79445,48,1865.0
2023-03-29,TzM,0.36345,48,1924.0
2023-03-30,Oran,0.8525,48,1717.5
2023-03-30,TzM,0.31125,48,1688.0
2023-03-31,Oran,0.61465,48,1806.0
2023-03-31,TzM,0.25765,48,1732.25
2023-04-01,Oran,0.7345,48,1865.0
2023-04-01,TzM,0.24105,48,1909.25
2023-04-02,Oran,0.6842,48,1953.5
2023-04-02,TzM,0.2346,48,1983.0
2023-04-03,Oran,0.98565,48,1835.5
2023-04-03,TzM,0.35005,48,1835.5
2023-04-04,Oran,0.91735,48,1820.4583333333333
2023-04-04,TzM,0.38145,48,1791.0833333333333
2023-04-05,Oran,0.8196,48,1968.2083333333333
2023-04-05,TzM,0.378,48,1953.5
2023-04-06,Oran,0.7674500000000001,48,1953.4166666666667
2023-04-06,TzM,0.2869,48,1924.0
2023-04-07,Oran,0.95245,48,1983.0
2023-04-07,TzM,0.3719,48,1953.5
2023-04-08,Oran,1.19045,48,1953.5
2023-04-08,TzM,0.42235,48,1924.0
2023-04-09,Oran,1.1672,48,1924.0
2023-04-09,TzM,0.3816,48,1909.25
2023-04-10,Oran,1.0173,48,1806.0
2023-04-10,TzM,0.3803,48,1820.75
2023-04-11,Oran,1.1909,48,1909.25
2023-04-11,TzM,0.34295,48,1924.0
2023-04-12,Oran,0.6539,48,1776.5
2023-04-12,TzM,0.19465,48,1835.5
2023-04-13,Oran,0.5740500000000001,48,1658.5
2023-04-13,TzM,0.17925,48,1673.25
2023-04-14,Oran,0.5618500000000001,48,1938.75
2023-04-14,TzM,0.1843,48,1850.25
2023-04-15,Oran,0.6315500000000001,48,1953.5
2023-04-15,TzM,0.224,48,1968.25
2023-04-16,Oran,0.8349,48,1983.0
2023-04-16,TzM,0.3298,48,1983.0
2023-04-17,Oran,0.8982000000000001,48,1983.0
2023-04-17,TzM,0.326,48,1983.0
2023-04-18,Oran,0.5799000000000001,48,1864.875
2023-04-18,TzM,0.26435,48,1924.0
2023-04-19,Oran,0.5917,48,1791.2916666666667
2023-04-19,TzM,0.1788,48,1761.75
2023-04-20,Oran,0.9704,48,1806.0
2023-04-20,TzM,0.28385,48,1924.0
2023-04-21,Oran,0.8396,48,1820.75
2023-04-21,TzM,0.2685,48,1791.25
2023-04-22,Oran,0.4342,48,1776.5
2023-04-22,TzM,0.1294,48,1806.0
2023-04-23,Oran,1.7441,48,1894.5
2023-04-23,TzM,0.23025,48,1953.5
2023-04-24,Oran,1.94985,48,1806.0
2023-04-24,TzM,0.2916,48,1791.25
2023-04-25,Oran,1.6122,48,1820.75
2023-04-25,TzM,0.26985,48,1835.5
2023-04-26,Oran,1.6063,48,1924.0
2023-04-26,TzM,0.34165,48,1894.5
2023-04-27,Oran,1.43945,48,1717.5
2023-04-27,TzM,0.36215,48,1747.0
2023-04-28,Oran,0.9095,48,1673.25
2023-04-28,TzM,0.33385,48,1629.0
2023-04-29,Oran,0.5592,48,1747.0
2023-04-29,TzM,0.1593,48,1732.25
2023-04-30,Oran,1.1503,48,1599.5
2023-04-30,TzM,0.29195,48,1673.25
2023-05-01,Oran,1.29005,48,1835.5
2023-05-01,TzM,0.33525,48,1820.75
2023-05-02,Oran,1.325,48,1776.5
2023-05-02,TzM,0.22215,48,1776.5
2023-05-03,Oran,0.71825,48,1791.25
2023-05-03,TzM,0.1408,48,1806.0
2023-05-04,Oran,1.07925,48,1894.5
2023-05-04,TzM,0.1659,48,1938.75
2023-05-05,Oran,0.93875,48,1835.5
2023-05-05,TzM,0.24425,48,1806.0
2023-05-06,Oran,0.8447,48,1658.5
2023-05-06,TzM,0.248,48,1643.75
2023-05-07,Oran,0.92955,48,1820.75
2023-05-07,TzM,0.1934,48,1820.75
2023-05-08,Oran,0.8707,47,1832.36170212766
2023-05-08,TzM,0.1977,47,1862.489361702128
2023-05-09,Oran,0.7459,48,1702.75
2023-05-09,TzM,0.19465,48,1761.75
2023-05-10,Oran,0.73575,48,1806.0
2023-05-10,TzM,0.1953,48,1747.0
2023-05-11,Oran,0.39675,48,1820.75
2023-05-11,TzM,0.1532,48,1865.0
2023-05-12,Oran,0.5811000000000001,48,1688.0
2023-05-12,TzM,0.15355,48,1776.5
2023-05-13,Oran,1.1719000000000002,48,1791.25
2023-05-13,TzM,0.13935,48,1820.75
2023-05-14,Oran,0.9046,48,1953.5
2023-05-14,TzM,0.2113,48,1938.75
2023-05-15,Oran,1.0445,48,1953.5
2023-05-15,TzM,0.2421,48,1909.25
2023-05-16,Oran,0.87195,48,1850.25
2023-05-16,TzM,0.2822,48,1865.0
2023-05-17,Oran,0.6997,48,1702.75
2023-05-17,TzM,0.17365,48,1643.75
2023-05-18,Oran,0.44075,48,1747.0
2023-05-18,TzM,0.17405,48,1717.5
2023-05-19,Oran,0.8861,48,1643.75
2023-05-19,TzM,0.20845,48,1614.25
2023-05-20,Oran,1.1797,48,1747.0
2023-05-20,TzM,0.275,48,1806.0
2023-05-21,Oran,1.1323,48,1614.25
2023-05-21,TzM,0.238,48,1688.0
2023-05-22,Oran,0.5013500000000001,48,1702.75
2023-05-22,TzM,0.15175,48,1658.5
2023-05-23,Oran,0.41605,48,1555.25
2023-05-23,TzM,0.05425,48,1570.0
2023-05-24,Oran,1.8176,48,1747.0
2023-05-24,TzM,0.90925,48,1717.5
2023-05-25,Oran,2.932,48,1717.5
2023-05-25,TzM,1.38925,48,1702.75
2023-05-26,Oran,2.6189,48,1643.75
2023-05-26,TzM,1.54335,48,1584.75
2023-05-27,Oran,2.1886,48,1599.5
2023-05-27,TzM,2.01535,48,1643.75
2023-05-28,Oran,2.53255,48,1776.5
2023-05-28,TzM,2.9309000000000003,48,1629.0
2023-05-29,Oran,2.24105,48,1629.0
2023-05-29,TzM,2.7995,48,1776.5
2023-05-30,Oran,1.7354,48,1570.0
2023-05-30,TzM,2.47485,48,1614.25
2023-05-31,Oran,3.0045,48,1629.0
2023-05-31,TzM,3.844,48,1747.0
2023-06-01,Oran,2.7589,48,1776.5
2023-06-01,TzM,2.8159,48,1717.5
2023-06-02,Oran,2.27225,48,1629.0
2023-06-02,TzM,2.6846,48,1732.25
2023-06-03,Oran,3.19655,47,1832.36170212766
2023-06-03,TzM,3.4253500000000003,47,1802.234042553192
2023-06-04,Oran,4.0304,48,1953.5
2023-06-04,TzM,3.09755,48,1909.25
2023-06-05,Oran,2.8373500000000003,48,1820.75
2023-06-05,TzM,2.44255,48,1629.0
2023-06-06,Oran,3.92675,48,1776.5
2023-06-06,TzM,4.2606,48,1717.5
2023-06-07,Oran,0.6398,48,1599.5
2023-06-07,TzM,0.8812500000000001,48,1673.25
2023-06-08,Oran,2.17565,48,1688.0
2023-06-08,TzM,1.5344,48,1614.25
2023-06-09,Oran,3.8218,48,1820.75
2023-06-09,TzM,3.8951,48,1835.5
2023-06-10,Oran,4.05075,48,1599.5
2023-06-10,TzM,4.0673,48,1702.75
2023-06-11,Oran,3.72485,48,1673.25
2023-06-11,TzM,3.67345,48,1776.5
2023-06-12,Oran,3.775,48,1761.75
2023-06-12,TzM,3.49725,48,1747.0
2023-06-13,Oran,3.0088,48,1806.0
2023-06-13,TzM,2.3103,48,1865.0
2023-06-14,Oran,3.5380000000000003,47,1907.6808510638296
2023-06-14,TzM,4.0241,47,1907.6808510638296
2023-06-15,Oran,4.0550500000000005,48,1983.0
2023-06-15,TzM,4.5377,48,1953.5
2023-06-16,Oran,3.8212,48,1850.25
2023-06-16,TzM,4.277950000000001,48,1791.25
2023-06-17,Oran,3.4187000000000003,48,1806.0
2023-06-17,TzM,4.0777,48,1806.0
2023-06-18,Oran,0.91955,48,1511.0
2023-06-18,TzM,2.3392,48,1702.75
2023-06-19,Oran,2.22525,48,1658.5
2023-06-19,TzM,1.2092,48,1614.25
2023-06-20,Oran,2.86235,48,1629.0
2023-06-20,TzM,3.18975,48,1570.0
2023-06-21,Oran,1.5571000000000002,48,1525.75
2023-06-21,TzM,0.96745,48,1599.5
2023-06-22,Oran,3.8103,48,1953.5
2023-06-22,TzM,4.4483500000000005,48,1924.0
2023-06-23,Oran,3.2651000000000003,48,1983.0
2023-06-23,TzM,4.492900000000001,48,1983.0
2023-06-24,Oran,3.0648500000000003,47,1983.0
2023-06-24,TzM,3.93525,47,1983.0
2023-06-25,Oran,3.4498,48,1938.75
2023-06-25,TzM,3.86475,48,1953.5
2023-06-26,Oran,2.5157000000000003,48,1570.0
2023-06-26,TzM,2.54825,48,1584.75
2023-06-27,Oran,2.59015,48,1879.75
2023-06-27,TzM,2.6245000000000003,48,1909.25
2023-06-28,Oran,2.3833,48,1938.75
2023-06-28,TzM,2.34425,48,1924.0
2023-06-29,Oran,2.29615,48,1953.5
2023-06-29,TzM,1.87355,48,1983.0
2023-06-30,Oran,1.82105,48,1865.0
2023-06-30,TzM,1.55705,48,1865.0
2023-07-01,Oran,2.02665,48,1909.25
2023-07-01,TzM,1.48075,48,1938.75
2023-07-02,Oran,1.6854,48,1629.0
2023-07-02,TzM,1.30825,48,1909.25
2023-07-03,Oran,2.18225,48,1732.25
2023-07-03,TzM,0.91185,48,1791.25
2023-07-04,Oran,2.2893,48,1983.0
2023-07-04,TzM,0.7824,48,1924.0
2023-07-05,Oran,1.7721,48,1968.25
2023-07-05,TzM,0.8556,48,1924.0
2023-07-06,Oran,1.62145,48,1924.0
2023-07-06,TzM,0.72365,48,1865.0
2023-07-07,Oran,1.29835,48,1850.25
2023-07-07,TzM,0.15315,48,1820.75
2023-07-08,Oran,1.85505,48,1983.0
2023-07-08,TzM,0.35325,48,1983.0
2023-07-09,Oran,1.79725,48,1953.5
2023-07-09,TzM,0.3557,48,1983.0
2023-07-10,Oran,1.53475,48,1835.5
2023-07-10,TzM,0.31495,48,1850.25
2023-07-11,Oran,1.5902,48,1924.0
2023-07-11,TzM,0.3508,48,1909.25
2023-07-12,Oran,1.58755,48,1761.75
2023-07-12,TzM,0.31145,48,1761.75
2023-07-13,Oran,1.5052,48,1865.0
2023-07-13,TzM,0.35045,48,1924.0
2023-07-14,Oran,1.1622,48,1938.75
2023-07-14,TzM,0.01955,48,1983.0
2023-07-15,Oran,1.33015,48,1983.0
2023-07-15,TzM,0.0199,48,1983.0
2023-07-16,Oran,0.995,48,1938.75
2023-07-16,TzM,0.0174,48,1968.25
2023-07-17,Oran,1.0779,48,1835.5
2023-07-17,TzM,0.0198,48,1806.0
2023-07-18,Oran,1.41335,48,1865.0
2023-07-18,TzM,0.0306,48,1924.0
2023-07-19,Oran,1.2157,48,1835.5
2023-07-19,TzM,0.02855,48,1924.0
2023-07-20,Oran,0.81455,48,1776.5
2023-07-20,TzM,0.0237,48,1791.25
2023-07-21,Oran,1.0788,48,1983.0
2023-07-21,TzM,0.02255,48,1983.0
2023-07-22,Oran,0.91255,48,1953.5
2023-07-22,TzM,0.0194,48,1983.0
2023-07-23,Oran,0.99285,48,1776.5
2023-07-23,TzM,0.02285,48,1865.0
2023-07-24,Oran,0.967,48,1761.75
2023-07-24,TzM,0.022,48,1747.0
2023-07-25,Oran,0.9165,48,1983.0
2023-07-25,TzM,0.01875,48,1983.0
2023-07-26,Oran,0.68755,48,1983.0
2023-07-26,TzM,0.01835,48,1983.0
2023-07-27,Oran,0.6954,48,1806.0
2023-07-27,TzM,0.01865,48,1894.5
2023-07-28,Oran,0.9495,48,1983.0
2023-07-28,TzM,0.02705,48,1983.0
2023-07-29,Oran,1.12985,48,1983.0
2023-07-29,TzM,0.0248,48,1983.0
2023-07-30,Oran,1.1009,48,1983.0
2023-07-30,TzM,0.02945,48,1983.0
2023-07-31,Oran,0.8429000000000001,48,1983.0
2023-07-31,TzM,0.02765,48,1983.0
2023-08-01,Oran,0.8716,48,1983.0
2023-08-01,TzM,0.0259,48,1983.0
2023-08-02,Oran,0.8236,48,1983.0
2023-08-02,TzM,0.02455,48,1983.0
2023-08-03,Oran,0.7249,48,1894.5
2023-08-03,TzM,0.0214,48,1968.25
2023-08-04,Oran,0.60035,48,1953.5
2023-08-04,TzM,0.01935,48,1879.75
2023-08-05,Oran,0.81215,48,1983.0
2023-08-05,TzM,0.0209,48,1983.0
2023-08-06,Oran,0.8310000000000001,48,1983.0
2023-08-06,TzM,0.02735,48,1983.0
2023-08-07,Oran,0.48075,48,1924.0
2023-08-07,TzM,0.0158,48,1983.0
2023-08-08,Oran,0.59665,48,1761.75
2023-08-08,TzM,0.02265,48,1688.0
2023-08-09,Oran,0.67235,48,1806.0
2023-08-09,TzM,0.0296,48,1806.0
2023-08-10,Oran,0.66745,48,1983.0
2023-08-10,TzM,0.02915,48,1983.0
2023-08-11,Oran,0.6587500000000001,48,1983.0
2023-08-11,TzM,0.0284,48,1983.0
2023-08-12,Oran,0.5204000000000001,48,1983.0
2023-08-12,TzM,0.03,48,1983.0
2023-08-13,Oran,0.43065,48,1983.0
2023-08-13,TzM,0.02075,48,1983.0
2023-08-14,Oran,0.52635,48,1938.75
2023-08-14,TzM,0.02565,48,1968.25
2023-08-15,Oran,0.48865,48,1894.5
2023-08-15,TzM,0.02625,48,1850.25
2023-08-16,Oran,0.4138,48,1835.5
2023-08-16,TzM,0.0267,48,1835.5
2023-08-17,Oran,0.6568,48,1968.25
2023-08-17,TzM,0.02975,48,1983.0
2023-08-18,Oran,0.6339,48,1850.25
2023-08-18,TzM,0.0302,48,1791.25
2023-08-19,Oran,0.51175,48,1924.0
2023-08-19,TzM,0.031,48,1924.0
2023-08-20,Oran,0.52315,48,1983.0
2023-08-20,TzM,0.03435,48,1983.0
2023-08-21,Oran,0.43455,48,1983.0
2023-08-21,TzM,0.0274,48,1983.0
2023-08-22,Oran,0.4136,48,1983.0
2023-08-22,TzM,0.0286,48,1983.0
2023-08-23,Oran,0.3869,48,1983.0
2023-08-23,TzM,0.0292,48,1983.0
2023-08-24,Oran,0.48565,48,1983.0
2023-08-24,TzM,0.03395,48,1983.0
2023-08-25,Oran,0.4212,48,1865.0
2023-08-25,TzM,0.02905,48,1850.25
2023-08-26,Oran,0.27585,48,1747.0
2023-08-26,TzM,0.02515,48,1673.25
2023-08-27,Oran,0.281,48,1791.25
2023-08-27,TzM,0.0137,48,1820.75
2023-08-28,Oran,0.36355,48,1924.0
2023-08-28,TzM,0.0135,48,1953.5
2023-08-29,Oran,0.46425,48,1820.75
2023-08-29,TzM,0.0164,48,1879.75
2023-08-30,Oran,0.36075,48,1835.5
2023-08-30,TzM,0.01755,48,1924.0
2023-08-31,Oran,0.33965,48,1938.75
2023-08-31,TzM,0.01975,48,1953.5
2023-09-01,Oran,0.35135,48,1820.75
2023-09-01,TzM,0.0191,48,1835.5
2023-09-02,Oran,0.12725,48,1599.5
2023-09-02,TzM,0.007,48,1511.0
2023-09-03,Oran,0.44195,48,1599.5
2023-09-03,TzM,0.2719,48,1614.25
2023-09-04,Oran,2.1130500000000003,48,1806.0
2023-09-04,TzM,1.9827,48,1806.0
2023-09-05,Oran,2.6104000000000003,48,1747.0
2023-09-05,TzM,2.56495,48,1806.0
2023-09-06,Oran,2.3004,48,1776.5
2023-09-06,TzM,2.25035,48,1806.0
2023-09-07,Oran,2.5537,48,1850.25
2023-09-07,TzM,2.2146,48,1850.25
2023-09-08,Oran,2.2599,48,1835.5
2023-09-08,TzM,1.8314,48,1938.75
2023-09-09,Oran,2.26535,48,1791.25
2023-09-09,TzM,1.7082000000000002,48,1953.5
2023-09-10,Oran,2.24695,48,1983.0
2023-09-10,TzM,1.54025,48,1924.0
2023-09-11,Oran,1.80365,48,1806.0
2023-09-11,TzM,1.2275,48,1924.0
2023-09-12,Oran,1.9297,48,1747.0
2023-09-12,TzM,1.0151,48,1820.75
2023-09-13,Oran,1.251,48,1879.75
2023-09-13,TzM,0.6970000000000001,48,1806.0
2023-09-14,Oran,1.52255,48,1702.75
2023-09-14,TzM,0.88705,48,1717.5
2023-09-15,Oran,0.91755,48,1614.25
2023-09-15,TzM,0.4959,48,1481.5
2023-09-16,Oran,1.64825,48,1806.0
2023-09-16,TzM,1.9752,48,1732.25
2023-09-17,Oran,1.4280000000000002,48,1614.25
2023-09-17,TzM,1.6766,48,1673.25
2023-09-18,Oran,2.10565,48,1732.25
2023-09-18,TzM,1.66655,48,1732.25
2023-09-19,Oran,0.9892,48,1584.75
2023-09-19,TzM,0.8719,48,1614.25
2023-09-20,Oran,2.55675,48,1894.5
2023-09-20,TzM,2.3983000000000003,48,1983.0
2023-09-21,Oran,2.39,48,1791.25
2023-09-21,TzM,2.0631,48,1688.0
2023-09-22,Oran,2.1188,48,1747.0
2023-09-22,TzM,2.1844,48,1717.5
2023-09-23,Oran,2.20315,48,1850.25
2023-09-23,TzM,2.2505,48,1894.5
2023-09-24,Oran,1.66565,48,1924.0
2023-09-24,TzM,1.9632,48,1983.0
2023-09-25,Oran,1.8194,48,1953.5
2023-09-25,TzM,1.79115,48,1983.0
2023-09-26,Oran,1.50195,48,1909.25
2023-09-26,TzM,1.4852,48,1894.5
2023-09-27,Oran,1.30895,48,1702.75
2023-09-27,TzM,1.2797,48,1658.5
2023-09-28,Oran,1.50385,48,1850.25
2023-09-28,TzM,1.21275,48,1894.5
2023-09-29,Oran,1.3532000000000002,48,1983.0
2023-09-29,TzM,1.07775,48,1983.0
2023-09-30,Oran,1.16615,48,1983.0
2023-09-30,TzM,0.9923,48,1983.0
2023-10-01,Oran,1.2144,48,1983.0
2023-10-01,TzM,0.9231,48,1983.0
2023-10-02,Oran,1.0747,48,1850.25
2023-10-02,TzM,0.73965,48,1835.5
2023-10-03,Oran,1.14765,48,1747.0
2023-10-03,TzM,0.63515,48,1909.25
2023-10-04,Oran,0.7344,48,1791.25
2023-10-04,TzM,0.4358,48,1953.5
2023-10-05,Oran,0.8813000000000001,48,1983.0
2023-10-05,TzM,0.4553,48,1983.0
2023-10-06,Oran,0.7971,48,1983.0
2023-10-06,TzM,0.42335,48,1983.0
2023-10-07,Oran,0.76565,48,1983.0
2023-10-07,TzM,0.36675,48,1983.0
2023-10-08,Oran,0.72465,48,1953.5
2023-10-08,TzM,0.31755,48,1968.25
2023-10-09,Oran,0.614,48,1820.75
2023-10-09,TzM,0.29515,48,1894.5
2023-10-10,Oran,0.5808,48,1850.25
2023-10-10,TzM,0.2298,48,1909.25
2023-10-11,Oran,0.6112500000000001,48,1924.0
2023-10-11,TzM,0.2183,48,1924.0
2023-10-12,Oran,0.614,48,1983.0
2023-10-12,TzM,0.2214,48,1894.5
2023-10-13,Oran,0.6435500000000001,48,1835.5
2023-10-13,TzM,0.16235,48,1776.5
2023-10-14,Oran,0.181,48,1702.75
2023-10-14,TzM,0.0471,48,1658.5
2023-10-15,Oran,0.4957,48,1776.5
2023-10-15,TzM,0.129,48,1732.25
2023-10-16,Oran,0.45525,48,1570.0
2023-10-16,TzM,0.0808,48,1555.25
2023-10-17,Oran,0.4052,48,1747.0
2023-10-17,TzM,0.09545,48,1658.5
2023-10-18,Oran,0.3004,48,1614.25
2023-10-18,TzM,0.07225,48,1747.0
2023-10-19,Oran,0.26315,48,1570.0
2023-10-19,TzM,0.0297,48,1540.5
2023-10-20,Oran,0.9008,48,1879.75
2023-10-20,TzM,0.8479500000000001,48,1894.5
2023-10-21,Oran,1.08125,48,1806.0
2023-10-21,TzM,0.8945000000000001,48,1879.75
2023-10-22,Oran,0.4073,48,1688.0
2023-10-22,TzM,0.48175,48,1614.25
2023-10-23,Oran,0.77405,48,1599.5
2023-10-23,TzM,0.74415,48,1555.25
2023-10-24,Oran,0.91345,48,1702.75
2023-10-24,TzM,0.87365,48,1717.5
2023-10-25,Oran,0.8328500000000001,48,1761.75
2023-10-25,TzM,0.76765,48,1702.75
2023-10-26,Oran,0.4717,48,1584.75
2023-10-26,TzM,0.343,48,1629.0
2023-10-27,Oran,1.00235,48,1614.25
2023-10-27,TzM,0.4671,48,1658.5
2023-10-28,Oran,0.94015,48,1835.5
2023-10-28,TzM,0.3828,48,1850.25
2023-10-29,Oran,0.9164,48,1688.0
2023-10-29,TzM,0.4042,48,1673.25
2023-10-30,Oran,0.47675,48,1658.5
2023-10-30,TzM,0.2583,48,1673.25
2023-10-31,Oran,0.5355000000000001,48,1511.0
2023-10-31,TzM,0.3902,48,1555.25
2023-11-01,Oran,0.6396000000000001,48,1835.5
2023-11-01,TzM,0.51205,48,1850.25
2023-11-02,Oran,0.43785,48,1643.75
2023-11-02,TzM,0.227,48,1702.75
2023-11-03,Oran,0.3993,48,1879.75
2023-11-03,TzM,0.54895,48,1879.75
2023-11-04,Oran,0.49485,48,1938.75
2023-11-04,TzM,0.4645,48,1879.75
2023-11-05,Oran,0.5092,48,1865.0
2023-11-05,TzM,0.5337000000000001,48,1894.5
2023-11-06,Oran,0.44375,48,1850.25
2023-11-06,TzM,0.43655,48,1865.0
2023-11-07,Oran,0.50415,48,1938.625
2023-11-07,TzM,0.45985,48,1879.625
2023-11-08,Oran,0.4259,48,1643.3333333333333
2023-11-08,TzM,0.3254,48,1687.8541666666667
2023-11-09,Oran,0.3786,48,1761.75
2023-11-09,TzM,0.277,48,1747.0
2023-11-10,Oran,0.3246,48,1776.5
2023-11-10,TzM,0.23945,48,1776.5
2023-11-11,Oran,0.29245,48,1806.0
2023-11-11,TzM,0.1446,48,1732.25
2023-11-12,Oran,0.31225,48,1865.0
2023-11-12,TzM,0.19015,48,1820.75
2023-11-13,Oran,0.38915,48,1850.25
2023-11-13,TzM,0.17705,48,1776.5
2023-11-14,Oran,0.6396000000000001,48,1850.25
2023-11-14,TzM,0.3117,48,1879.75
2023-11-15,Oran,0.60815,48,1894.5
2023-11-15,TzM,0.29615,48,1850.25
2023-11-16,Oran,0.4361,48,1909.25
2023-11-16,TzM,0.1926,48,1820.75
2023-11-17,Oran,0.46685,48,1761.75
2023-11-17,TzM,0.1813,48,1791.25
2023-11-18,Oran,0.40765,48,1909.25
2023-11-18,TzM,0.1743,48,1924.0
2023-11-19,Oran,0.4915,48,1983.0
2023-11-19,TzM,0.179,48,1983.0
2023-11-20,Oran,0.4194,48,1938.75
2023-11-20,TzM,0.1455,48,1938.75
2023-11-21,Oran,0.25175,48,1879.75
2023-11-21,TzM,0.1006,48,1953.5
2023-11-22,Oran,0.2374,48,1953.5
2023-11-22,TzM,0.1178,48,1983.0
2023-11-23,Oran,0.29305,48,1983.0
2023-11-23,TzM,0.10885,48,1983.0
2023-11-24,Oran,0.3498,48,1983.0
2023-11-24,TzM,0.08665,48,1983.0
2023-11-25,Oran,0.3508,48,1983.0
2023-11-25,TzM,0.1041,48,1983.0
2023-11-26,Oran,0.31445,48,1761.7083333333333
2023-11-26,TzM,0.07975,48,1687.7916666666667
2023-11-27,Oran,0.26755,48,1599.5
2023-11-27,TzM,0.07755,48,1614.0208333333333
2023-11-28,Oran,0.1535,48,1702.75
2023-11-28,TzM,0.02085,48,1643.75
2023-11-29,Oran,0.16795,48,1835.5
2023-11-29,TzM,0.03735,48,1806.0
2023-11-30,Oran,0.0677,48,1511.0
2023-11-30,TzM,0.04835,48,1584.75
2023-12-01,Oran,0.0922,48,1747.0
2023-12-01,TzM,0.0278,48,1761.6666666666667
2023-12-02,Oran,0.1472,48,1983.0
2023-12-02,TzM,0.1078,48,1924.0416666666667
2023-12-03,Oran,0.2566,48,1790.8333333333333
2023-12-03,TzM,0.12975,48,1731.9791666666667
2023-12-04,Oran,0.10115,48,1643.3125
2023-12-04,TzM,0.0618,48,1672.9583333333333
2023-12-05,Oran,0.2427,47,1500.723404255319
2023-12-05,TzM,0.2059,47,1470.6170212765958
2023-12-06,Oran,0.2284,48,1643.75
2023-12-06,TzM,0.1944,48,1658.5
2023-12-07,Oran,0.2492,48,1584.75
2023-12-07,TzM,0.24375,48,1584.75
2023-12-08,Oran,0.2599,48,1732.125
2023-12-08,TzM,0.2655,48,1747.0
2023-12-09,Oran,0.31865,48,1673.25
2023-12-09,TzM,0.2161,48,1643.75
2023-12-10,Oran,0.34725,48,1688.0
2023-12-10,TzM,0.14885,48,1570.0
2023-12-11,Oran,0.84265,48,1540.5
2023-12-11,TzM,0.3203,48,1540.5
2023-12-12,Oran,0.5962000000000001,48,1496.25
2023-12-12,TzM,0.49375,48,1555.25
2023-12-13,Oran,0.18595,48,1732.25
2023-12-13,TzM,0.1938,48,1761.75
2023-12-14,Oran,0.3104,47,1983.0
2023-12-14,TzM,0.19555,47,1983.0
2023-12-15,Oran,0.4076,48,1983.0
2023-12-15,TzM,0.20315,48,1983.0
2023-12-16,Oran,0.4064,48,1983.0
2023-12-16,TzM,0.16385,48,1983.0
2023-12-17,Oran,0.37005,48,1983.0
2023-12-17,TzM,0.1335,48,1968.25
2023-12-18,Oran,0.34275,48,1983.0
2023-12-18,TzM,0.1172,48,1924.1458333333333
2023-12-19,Oran,0.42865,48,1983.0
2023-12-19,TzM,0.1386,48,1983.0
2023-12-20,Oran,0.1512,48,1864.8333333333333
2023-12-20,TzM,0.07575,48,1924.0
2023-12-21,Oran,0.2586,48,1983.0
2023-12-21,TzM,0.10435,48,1983.0
2023-12-22,Oran,0.2843,48,1983.0
2023-12-22,TzM,0.10155,48,1983.0
2023-12-23,Oran,0.36305,48,1983.0
2023-12-23,TzM,0.1115,48,1983.0
2023-12-24,Oran,0.38965,48,1983.0
2023-12-24,TzM,0.09175,48,1983.0
2023-12-25,Oran,0.3454,48,1983.0
2023-12-25,TzM,0.07675,48,1983.0
2023-12-26,Oran,0.3421,48,1968.25
2023-12-26,TzM,0.07065,48,1924.1666666666667
2023-12-27,Oran,0.34925,48,1983.0
2023-12-27,TzM,0.0595,48,1983.0
2023-12-28,Oran,0.26145,48,1672.9583333333333
2023-12-28,TzM,0.05285,48,1555.2291666666667
2023-12-29,Oran,0.1807,48,1510.875
2023-12-29,TzM,0.0459,48,1421.625
2023-12-30,Oran,0.34415,48,1894.25
2023-12-30,TzM,0.0771,48,1864.6875
2023-12-31,Oran,0.1345,48,1629.0
2023-12-31,TzM,0.0267,48,1569.7291666666667
2024-01-01,Oran,0.1785,48,1732.25
2024-01-01,TzM,0.0375,48,1687.5625
2024-01-02,Oran,0.2556,48,1614.0
2024-01-02,TzM,0.03915,48,1525.6041666666667
2024-01-03,Oran,0.21375,48,1747.0
2024-01-03,TzM,0.0374,48,1717.5
2024-01-04,Oran,0.14325,48,1540.5
2024-01-04,TzM,0.03165,48,1511.0
2024-01-05,Oran,0.30905,48,1673.2291666666667
2024-01-05,TzM,0.43325,48,1806.0
2024-01-06,Oran,0.48495,48,1938.625
2024-01-06,TzM,0.47825,48,1983.0
2024-01-07,Oran,0.54155,48,1938.75
2024-01-07,TzM,0.40535,48,1865.0416666666667
2024-01-08,Oran,0.5602,48,1776.0208333333333
2024-01-08,TzM,0.36595,48,1776.0
2024-01-09,Oran,0.53595,48,1555.2916666666667
2024-01-09,TzM,0.39365,48,1614.4583333333333
2024-01-10,Oran,0.2657,48,1643.6666666666667
2024-01-10,TzM,0.23585,48,1525.9166666666667
2024-01-11,Oran,0.54255,48,1554.6666666666667
2024-01-11,TzM,0.4765,48,1805.8541666666667
2024-01-12,Oran,0.3381,48,1555.0833333333333
2024-01-12,TzM,0.37785,48,1761.6666666666667
2024-01-13,Oran,0.8313,48,1554.8125
2024-01-13,TzM,0.43025,48,1658.2083333333333
2024-01-14,Oran,1.0547,48,1614.25
2024-01-14,TzM,0.69945,48,1628.8125
2024-01-15,Oran,0.31235,48,1673.25
2024-01-15,TzM,0.2231,48,1717.5
2024-01-16,Oran,0.81265,48,1584.75
2024-01-16,TzM,0.8909,48,1570.0
2024-01-17,Oran,0.6224000000000001,48,1761.75
2024-01-17,TzM,0.6977000000000001,48,1629.0
2024-01-18,Oran,0.4681,48,1717.5
2024-01-18,TzM,0.46235,48,1688.0
2024-01-19,Oran,0.23335,48,1570.0
2024-01-19,TzM,0.18775,48,1614.25
2024-01-20,Oran,0.3038,48,1628.9583333333333
2024-01-20,TzM,0.37655,48,1673.3333333333333
2024-01-21,Oran,0.59595,48,1731.875
2024-01-21,TzM,0.6052000000000001,48,1687.4791666666667
2024-01-22,Oran,1.1155,48,1983.0
2024-01-22,TzM,0.68805,48,1953.5833333333333
2024-01-23,Oran,1.05385,48,1894.5
2024-01-23,TzM,0.7159000000000001,48,1879.75
2024-01-24,Oran,1.37695,48,1983.0
2024-01-24,TzM,0.69515,48,1983.0
2024-01-25,Oran,1.6647500000000002,48,1894.5
2024-01-25,TzM,0.924,48,1850.1666666666667
2024-01-26,Oran,1.54715,48,1570.0
2024-01-26,TzM,0.95175,48,1495.875
2024-01-27,Oran,1.2197,48,1702.75
2024-01-27,TzM,1.04425,48,1525.25
2024-01-28,Oran,1.0747,48,1865.0
2024-01-28,TzM,0.8846,48,1820.4583333333333
2024-01-29,Oran,0.4503,48,1613.9583333333333
2024-01-29,TzM,0.4485,48,1525.125
2024-01-30,Oran,0.5218,48,1628.4166666666667
2024-01-30,TzM,0.39605,48,1702.2916666666667
2024-01-31,Oran,0.5304,48,1702.2916666666667
2024-01-31,TzM,0.4363,48,1702.3125
2024-02-01,Oran,0.9677,48,1968.25
2024-02-01,TzM,0.6869000000000001,48,1924.0833333333333
2024-02-02,Oran,0.88065,48,1835.1666666666667
2024-02-02,TzM,0.57675,48,1835.0833333333333
2024-02-03,Oran,0.77585,48,1790.9791666666667
2024-02-03,TzM,0.56875,48,1983.0
2024-02-04,Oran,1.08965,48,1983.0
2024-02-04,TzM,0.65635,48,1968.2916666666667
2024-02-05,Oran,1.05525,47,1787.1702127659576
2024-02-05,TzM,0.6452,47,1727.063829787234
2024-02-06,Oran,0.6853,48,1717.5
2024-02-06,TzM,0.4232,48,1657.875
2024-02-07,Oran,0.51835,48,1894.5
2024-02-07,TzM,0.2788,48,1805.9166666666667
2024-02-08,Oran,0.60775,48,1570.0
2024-02-08,TzM,0.4019,48,1555.25
2024-02-09,Oran,0.17855,48,1511.0
2024-02-09,TzM,0.16965,48,1555.25
2024-02-10,Oran,0.54715,48,1791.125
2024-02-10,TzM,0.6458,48,1879.6666666666667
2024-02-11,Oran,0.4357,48,1776.7708333333333
2024-02-11,TzM,0.3964,48,1717.75
2024-02-12,Oran,0.96095,48,1820.75
2024-02-12,TzM,0.753,48,1761.75
2024-02-13,Oran,1.18145,48,1968.25
2024-02-13,TzM,0.96235,48,1865.0
2024-02-14,Oran,0.83645,48,1732.25
2024-02-14,TzM,0.8702000000000001,48,1791.25
2024-02-15,Oran,0.7588,48,1525.75
2024-02-15,TzM,0.8045,48,1540.5
2024-02-16,Oran,0.7269,48,1791.25
2024-02-16,TzM,0.90995,48,1835.5
2024-02-17,Oran,1.1950500000000002,48,1983.0
2024-02-17,TzM,1.23185,48,1983.0
2024-02-18,Oran,1.40815,48,1820.625
2024-02-18,TzM,1.22885,48,1791.2083333333333
2024-02-19,Oran,1.30035,48,1983.0
2024-02-19,TzM,1.19585,48,1938.75
2024-02-20,Oran,1.57785,47,1847.4255319148936
2024-02-20,TzM,1.2979,47,1847.4255319148936
2024-02-21,Oran,1.39975,48,1702.75
2024-02-21,TzM,1.1387,48,1702.6458333333333
2024-02-22,Oran,0.8791,48,1658.5
2024-02-22,TzM,0.92485,48,1673.25
2024-02-23,Oran,0.48855,48,1776.375
2024-02-23,TzM,0.49515,48,1850.0416666666667
2024-02-24,Oran,0.44055,48,1747.2083333333333
2024-02-24,TzM,0.3647,48,1732.2708333333333
2024-02-25,Oran,0.30515,48,1658.5416666666667
2024-02-25,TzM,0.26505,48,1688.0
2024-02-26,Oran,0.4342,48,1732.0833333333333
2024-02-26,TzM,0.48735,48,1673.0416666666667
2024-02-27,Oran,0.6523,48,1599.1875
2024-02-27,TzM,0.7217,48,1584.2916666666667
2024-02-28,Oran,1.18635,48,1983.0
2024-02-28,TzM,1.1203,48,1983.0
2024-02-29,Oran,1.2549,48,1924.0
2024-02-29,TzM,0.9931,48,1983.0
2024-03-01,Oran,1.3020500000000002,48,1983.0
2024-03-01,TzM,0.91075,48,1983.0
2024-03-02,Oran,0.60595,48,1791.0416666666667
2024-03-02,TzM,0.426,48,1687.7291666666667
2024-03-03,Oran,0.95165,48,1864.8333333333333
2024-03-03,TzM,0.83725,48,1806.1458333333333
2024-03-04,Oran,0.57085,48,1968.2083333333333
2024-03-04,TzM,0.7292500000000001,48,1894.5
2024-03-05,Oran,1.6908500000000002,48,1983.0
2024-03-05,TzM,1.21455,48,1924.0416666666667
2024-03-06,Oran,1.93075,48,1805.9166666666667
2024-03-06,TzM,1.4696,48,1850.25
2024-03-07,Oran,1.07155,48,1643.2916666666667
2024-03-07,TzM,1.04585,48,1687.7083333333333
2024-03-08,Oran,1.0785,48,1776.4791666666667
2024-03-08,TzM,0.8388500000000001,48,1658.5416666666667
2024-03-09,Oran,0.3219,48,1496.4166666666667
2024-03-09,TzM,0.33635,48,1510.9375
2024-03-10,Oran,1.1257,48,1835.3541666666667
2024-03-10,TzM,0.9743,48,1776.3333333333333
2024-03-11,Oran,1.2634,48,1938.6666666666667
2024-03-11,TzM,1.3783,48,1879.5833333333333
2024-03-12,Oran,2.0204500000000003,48,1938.7083333333333
2024-03-12,TzM,1.94635,48,1938.6458333333333
2024-03-13,Oran,2.2394000000000003,48,1850.125
2024-03-13,TzM,1.9939,48,1864.8541666666667
2024-03-14,Oran,2.3919,48,1909.25
2024-03-14,TzM,1.8384,48,1953.5
2024-03-15,Oran,2.1885,48,1938.75
2024-03-15,TzM,1.67925,48,1924.0
2024-03-16,Oran,2.3656,48,1806.0
2024-03-16,TzM,1.9115,48,1835.5
2024-03-17,Oran,2.7071,48,1688.0
2024-03-17,TzM,2.1842,48,1629.0
2024-03-18,Oran,2.6603,48,1584.75
2024-03-18,TzM,1.7647000000000002,48,1629.0
2024-03-19,Oran,2.0161,48,1629.0
2024-03-19,TzM,1.8717,48,1643.75
2024-03-20,Oran,1.64745,48,1525.75
2024-03-20,TzM,1.4853,48,1555.25
2024-03-21,Oran,1.1444,48,1584.75
2024-03-21,TzM,1.1071,48,1584.75
2024-03-22,Oran,2.42635,48,1747.0
2024-03-22,TzM,2.1012,48,1732.25
2024-03-23,Oran,1.60405,48,1584.75
2024-03-23,TzM,1.5464,48,1629.0
2024-03-24,Oran,0.82965,48,1570.0
2024-03-24,TzM,0.9285,48,1584.75
2024-03-25,Oran,0.4572,48,1584.75
2024-03-25,TzM,0.32685,48,1481.5
2024-03-26,Oran,0.7931,48,1510.8958333333333
2024-03-26,TzM,0.9281,48,1525.625
2024-03-27,Oran,1.1522,48,1791.2291666666667
2024-03-27,TzM,1.2006,48,1791.0208333333333
2024-03-28,Oran,1.07355,48,1614.25
2024-03-28,TzM,0.7582,48,1614.25
2024-03-29,Oran,1.5185,48,1702.6875
2024-03-29,TzM,1.1328,48,1688.0
2024-03-30,Oran,1.41735,48,1687.6458333333333
2024-03-30,TzM,1.30365,48,1599.3541666666667
2024-03-31,Oran,0.59975,48,1643.5
2024-03-31,TzM,0.59835,48,1746.875
2024-04-01,Oran,2.0231,48,1835.5
2024-04-01,TzM,2.1557500000000003,48,1894.4583333333333
2024-04-02,Oran,2.51715,48,1938.75
2024-04-02,TzM,2.8272,48,1806.0
2024-04-03,Oran,2.85665,48,1909.25
2024-04-03,TzM,2.96145,48,1923.9583333333333
2024-04-04,Oran,3.47915,48,1746.9583333333333
2024-04-04,TzM,3.23585,48,1687.75
2024-04-05,Oran,3.98555,48,1791.25
2024-04-05,TzM,3.74745,48,1761.75
2024-04-06,Oran,2.98395,48,1629.0
2024-04-06,TzM,2.9501500000000003,48,1570.0
2024-04-07,Oran,2.66815,48,1629.0
2024-04-07,TzM,2.6122,48,1614.25
2024-04-08,Oran,2.83665,48,1776.5
2024-04-08,TzM,3.01945,48,1717.5
2024-04-09,Oran,2.6686,47,1952.872340425532
2024-04-09,TzM,2.55525,47,1983.0
2024-04-10,Oran,3.21525,48,1983.0
2024-04-10,TzM,2.9088000000000003,48,1938.75
2024-04-11,Oran,2.9171,48,1983.0
2024-04-11,TzM,2.81535,48,1924.0
2024-04-12,Oran,2.95445,48,1983.0
2024-04-12,TzM,2.8807500000000004,48,1983.0
2024-04-13,Oran,3.1014,48,1983.0
2024-04-13,TzM,2.8855500000000003,48,1983.0
2024-04-14,Oran,2.8417000000000003,48,1983.0
2024-04-14,TzM,2.8383000000000003,48,1968.25
2024-04-15,Oran,2.4344,48,1879.75
2024-04-15,TzM,2.03065,48,1835.5
2024-04-16,Oran,2.6981,48,1983.0
2024-04-16,TzM,2.608,48,1983.0
2024-04-17,Oran,2.4727,48,1894.5
2024-04-17,TzM,2.2866,48,1983.0
2024-04-18,Oran,2.4419,48,1702.75
2024-04-18,TzM,2.35,48,1791.25
2024-04-19,Oran,0.8851,48,1791.25
2024-04-19,TzM,1.2382000000000002,48,1761.75
2024-04-20,Oran,2.07765,48,1909.2083333333333
2024-04-20,TzM,2.06125,48,1938.6666666666667
2024-04-21,Oran,1.818,48,1983.0
2024-04-21,TzM,1.8011,48,1983.0
2024-04-22,Oran,1.8403,48,1968.25
2024-04-22,TzM,1.67855,48,1968.25
2024-04-23,Oran,1.5092,48,1923.875
2024-04-23,TzM,1.42055,48,1938.75
2024-04-24,Oran,1.6227,48,1894.5
2024-04-24,TzM,1.31735,48,1924.0
2024-04-25,Oran,1.35265,48,1820.75
2024-04-25,TzM,0.9407,48,1806.0
2024-04-26,Oran,1.22795,48,1747.0
2024-04-26,TzM,0.96355,48,1658.375
2024-04-27,Oran,0.4821,48,1658.5
2024-04-27,TzM,0.4444,48,1688.0
2024-04-28,Oran,1.1654,48,1628.9166666666667
2024-04-28,TzM,0.93005,48,1732.2083333333333
2024-04-29,Oran,0.46915,48,1555.25
2024-04-29,TzM,0.32335,48,1555.25
2024-04-30,Oran,1.90785,48,1688.0
2024-04-30,TzM,2.5547,48,1643.75
2024-05-01,Oran,1.73995,48,1776.5
2024-05-01,TzM,2.47485,48,1924.0
2024-05-02,Oran,2.8775,48,1938.75
2024-05-02,TzM,3.1444,48,1953.4583333333333
2024-05-03,Oran,3.44735,48,1805.9166666666667
2024-05-03,TzM,3.27985,48,1805.9583333333333
2024-05-04,Oran,3.9151,48,1879.75
2024-05-04,TzM,3.78785,48,1850.25
2024-05-05,Oran,2.93845,48,1747.0
2024-05-05,TzM,2.773,48,1835.5
2024-05-06,Oran,1.8976,48,1717.5
2024-05-06,TzM,2.40695,48,1820.75
2024-05-07,Oran,3.0909,48,1865.0
2024-05-07,TzM,3.10325,48,1806.0
2024-05-08,Oran,2.8729,48,1894.5
2024-05-08,TzM,2.9716500000000003,48,1835.5
2024-05-09,Oran,2.3924000000000003,48,1820.75
2024-05-09,TzM,2.7028000000000003,48,1806.0
2024-05-10,Oran,2.4785500000000003,48,1732.25
2024-05-10,TzM,2.70955,48,1820.75
2024-05-11,Oran,2.10975,48,1747.0
2024-05-11,TzM,1.9994,48,1688.0
2024-05-12,Oran,2.49295,48,1791.25
2024-05-12,TzM,2.3281,48,1791.25
2024-05-13,Oran,2.0001,48,1791.25
2024-05-13,TzM,1.8987,48,1717.5
2024-05-14,Oran,1.6444,48,1865.0
2024-05-14,TzM,1.33175,48,1806.0
2024-05-15,Oran,1.6356000000000002,48,1924.0
2024-05-15,TzM,1.3987500000000002,48,1894.5
2024-05-16,Oran,1.47595,48,1924.0
2024-05-16,TzM,1.2087,48,1938.75
2024-05-17,Oran,1.50455,48,1909.25
2024-05-17,TzM,1.04285,48,1879.75
2024-05-18,Oran,1.9134,48,1820.75
2024-05-18,TzM,1.4814,48,1879.75
2024-05-19,Oran,1.3046,48,1747.0
2024-05-19,TzM,1.3121,48,1909.25
2024-05-20,Oran,1.32705,48,1894.5
2024-05-20,TzM,0.86965,48,1924.0
2024-05-21,Oran,1.27025,48,1953.5
2024-05-21,TzM,0.8320000000000001,48,1983.0
2024-05-22,Oran,1.61675,48,1938.75
2024-05-22,TzM,1.0583,48,1865.0
2024-05-23,Oran,1.2732,48,1702.75
2024-05-23,TzM,1.127,48,1717.5
2024-05-24,Oran,1.6156,48,1909.25
2024-05-24,TzM,1.3332,48,1968.25
2024-05-25,Oran,1.73555,48,1968.25
2024-05-25,TzM,1.36025,48,1968.25
2024-05-26,Oran,1.41515,48,1835.5
2024-05-26,TzM,1.22555,48,1879.75
2024-05-27,Oran,1.42965,47,1862.489361702128
2024-05-27,TzM,1.20995,47,1907.6808510638296
2024-05-28,Oran,1.07565,48,1835.5
2024-05-28,TzM,0.7717,48,1938.75
2024-05-29,Oran,1.5062,48,1983.0
2024-05-29,TzM,1.06995,48,1983.0
2024-05-30,Oran,1.46575,48,1865.0
2024-05-30,TzM,1.088,48,1968.25
2024-05-31,Oran,0.8831500000000001,48,1865.0
2024-05-31,TzM,0.72935,48,1850.25
2024-06-01,Oran,0.6577000000000001,48,1820.75
2024-06-01,TzM,0.3961,48,1850.25
2024-06-02,Oran,0.69755,48,1953.5
2024-06-02,TzM,0.7804500000000001,48,1953.5
2024-06-03,Oran,0.59125,48,1761.75
2024-06-03,TzM,0.6555,48,1717.5
2024-06-04,Oran,0.96085,48,1850.25
2024-06-04,TzM,1.05725,48,1938.75
2024-06-05,Oran,1.1585,48,1865.0
2024-06-05,TzM,1.0256,48,1850.25
2024-06-06,Oran,0.73715,48,1806.0
2024-06-06,TzM,0.7857500000000001,48,1776.5
2024-06-07,Oran,0.67055,48,1776.5
2024-06-07,TzM,0.6095,48,1791.25
2024-06-08,Oran,0.57035,48,1688.0
2024-06-08,TzM,0.452,48,1688.0
2024-06-09,Oran,2.7903,48,1791.25
2024-06-09,TzM,2.54875,48,1688.0
2024-06-10,Oran,2.18045,48,1732.25
2024-06-10,TzM,1.7794,48,1702.75
2024-06-11,Oran,2.3672500000000003,48,1776.5
2024-06-11,TzM,2.72025,48,1688.0
2024-06-12,Oran,1.35415,47,1681.723404255319
2024-06-12,TzM,1.5018,47,1726.914893617021
2024-06-13,Oran,3.84285,48,1924.0
2024-06-13,TzM,4.1947,48,1938.75
2024-06-14,Oran,4.7695,48,1850.25
2024-06-14,TzM,4.7676,48,1894.5
2024-06-15,Oran,4.2656,48,1776.5
2024-06-15,TzM,4.12075,48,1835.5
2024-06-16,Oran,3.7816,48,1983.0
2024-06-16,TzM,3.3272500000000003,48,1983.0
2024-06-17,Oran,3.0577,48,1983.0
2024-06-17,TzM,3.0089,48,1983.0
2024-06-18,Oran,2.6677,48,1968.25
2024-06-18,TzM,2.40095,48,1983.0
2024-06-19,Oran,2.2491,48,1761.75
2024-06-19,TzM,2.0754,48,1806.0
2024-06-20,Oran,1.50985,48,1894.5
2024-06-20,TzM,1.0282,48,1894.5
2024-06-21,Oran,1.95895,48,1983.0
2024-06-21,TzM,1.48805,48,1983.0
2024-06-22,Oran,2.0724,48,1791.25
2024-06-22,TzM,1.5314,48,1806.0
2024-06-23,Oran,1.69755,48,1791.25
2024-06-23,TzM,1.35985,48,1835.5
2024-06-24,Oran,1.333,48,1983.0
2024-06-24,TzM,1.1328,48,1983.0
2024-06-25,Oran,1.3837000000000002,48,1879.75
2024-06-25,TzM,1.0513,48,1938.75
2024-06-26,Oran,0.94755,48,1835.5
2024-06-26,TzM,0.6533,48,1820.75
2024-06-27,Oran,1.07845,46,1736.7391304347825
2024-06-27,TzM,0.4613,46,1752.1304347826087
2024-06-28,Oran,0.52585,48,1702.75
2024-06-28,TzM,0.33985,48,1747.0
2024-06-29,Oran,0.79195,48,1938.75
2024-06-29,TzM,0.29015,48,1835.5
2024-06-30,Oran,3.2462,48,1806.0
2024-06-30,TzM,1.98625,48,1820.75
2024-07-01,Oran,3.07795,48,1894.5
2024-07-01,TzM,1.2324,48,1850.25
2024-07-02,Oran,3.15545,48,1983.0
2024-07-02,TzM,1.7141000000000002,48,1983.0
2024-07-03,Oran,3.0047,48,1983.0
2024-07-03,TzM,1.34895,48,1983.0
2024-07-04,Oran,2.4135500000000003,48,1983.0
2024-07-04,TzM,0.883,48,1983.0
2024-07-05,Oran,1.8125,48,1983.0
2024-07-05,TzM,0.4647,48,1983.0
2024-07-06,Oran,1.71545,48,1894.5
2024-07-06,TzM,0.2267,48,1924.0
2024-07-07,Oran,0.8399500000000001,48,1820.75
2024-07-07,TzM,0.22175,48,1983.0
2024-07-08,Oran,1.266,48,1879.75
2024-07-08,TzM,0.23045,48,1968.25
2024-07-09,Oran,1.4905000000000002,48,1968.25
2024-07-09,TzM,0.28025,48,1953.5
2024-07-10,Oran,1.5389000000000002,48,1983.0
2024-07-10,TzM,0.28575,48,1983.0
2024-07-11,Oran,1.38795,48,1983.0
2024-07-11,TzM,0.29475,48,1983.0
2024-07-12,Oran,1.0782500000000002,48,1968.25
2024-07-12,TzM,0.2367,48,1983.0
2024-07-13,Oran,0.7634000000000001,48,1924.0
2024-07-13,TzM,0.01895,48,1909.25
2024-07-14,Oran,0.9799,48,1968.25
2024-07-14,TzM,0.02255,48,1953.5
2024-07-15,Oran,0.9251,48,1983.0
2024-07-15,TzM,0.0203,48,1983.0
2024-07-16,Oran,0.8595,48,1983.0
2024-07-16,TzM,0.0249,48,1983.0
2024-07-17,Oran,0.6156,48,1938.75
2024-07-17,TzM,0.0174,48,1968.25
2024-07-18,Oran,0.6799000000000001,48,1835.5
2024-07-18,TzM,0.02945,48,1835.5
2024-07-19,Oran,0.77925,48,1909.25
2024-07-19,TzM,0.03095,48,1983.0
2024-07-20,Oran,0.6485500000000001,48,1909.25
2024-07-20,TzM,0.02865,48,1894.5
2024-07-21,Oran,0.6567000000000001,48,1983.0
2024-07-21,TzM,0.02405,48,1983.0
2024-07-22,Oran,0.44495,48,1983.0
2024-07-22,TzM,0.02415,48,1983.0
2024-07-23,Oran,0.53505,48,1983.0
2024-07-23,TzM,0.031,48,1983.0
2024-07-24,Oran,0.5866,48,1983.0
2024-07-24,TzM,0.0358,48,1983.0
2024-07-25,Oran,0.5301,48,1983.0
2024-07-25,TzM,0.0331,48,1968.25
2024-07-26,Oran,0.31365,48,1924.0
2024-07-26,TzM,0.0232,48,1983.0
2024-07-27,Oran,0.3738,48,1983.0
2024-07-27,TzM,0.02965,48,1983.0
2024-07-28,Oran,0.32365,48,1938.75
2024-07-28,TzM,0.0213,48,1924.0
2024-07-29,Oran,0.272,48,1820.75
2024-07-29,TzM,0.02435,48,1702.75
2024-07-30,Oran,0.2901,48,1806.0
2024-07-30,TzM,0.02685,48,1776.5
2024-07-31,Oran,0.41575,48,1983.0
2024-07-31,TzM,0.03415,48,1983.0
2024-08-01,Oran,0.42265,48,1983.0
2024-08-01,TzM,0.03535,48,1983.0
2024-08-02,Oran,0.32795,48,1983.0
2024-08-02,TzM,0.0276,48,1983.0
2024-08-03,Oran,0.2978,48,1983.0
2024-08-03,TzM,0.0288,48,1968.25
2024-08-04,Oran,0.31,48,1938.75
2024-08-04,TzM,0.03095,48,1968.25
2024-08-05,Oran,0.2015,48,1953.5
2024-08-05,TzM,0.03545,48,1938.75
2024-08-06,Oran,0.1807,48,1968.25
2024-08-06,TzM,0.0349,48,1983.0
2024-08-07,Oran,0.1862,48,1879.75
2024-08-07,TzM,0.03395,48,1968.25
2024-08-08,Oran,0.23805,48,1983.0
2024-08-08,TzM,0.0288,48,1983.0
2024-08-09,Oran,0.22965,48,1983.0
2024-08-09,TzM,0.02905,48,1983.0
2024-08-10,Oran,0.1993,48,1983.0
2024-08-10,TzM,0.0257,48,1983.0
2024-08-11,Oran,0.1915,48,1983.0
2024-08-11,TzM,0.02415,48,1983.0
2024-08-12,Oran,0.2873,48,1953.5
2024-08-12,TzM,0.03075,48,1924.0
2024-08-13,Oran,0.2511,48,1820.75
2024-08-13,TzM,0.0262,48,1761.75
2024-08-14,Oran,0.164,48,1791.25
2024-08-14,TzM,0.01385,48,1761.75
2024-08-15,Oran,0.19555,48,1953.5
2024-08-15,TzM,0.02025,48,1953.5
2024-08-16,Oran,0.2241,48,1983.0
2024-08-16,TzM,0.0213,48,1968.25
2024-08-17,Oran,0.1541,39,1964.8461538461536
2024-08-17,TzM,0.01495,39,1964.8461538461536
2024-08-18,Oran,0.2408,48,1894.5
2024-08-18,TzM,0.02405,48,1879.75
2024-08-19,Oran,0.187,48,1983.0
2024-08-19,TzM,0.0254,48,1983.0
2024-08-20,Oran,0.2004,47,1832.36170212766
2024-08-20,TzM,0.027,47,1937.8085106382975
2024-08-21,Oran,0.10235,48,1688.0
2024-08-21,TzM,0.0183,48,1776.5
2024-08-22,Oran,0.1554,48,1584.75
2024-08-22,TzM,0.0265,48,1717.5
2024-08-23,Oran,2.0834,48,1761.75
2024-08-23,TzM,1.6005,48,1717.5
2024-08-24,Oran,0.55515,48,1968.25
2024-08-24,TzM,0.0621,48,1953.5
2024-08-25,Oran,0.2836,48,1835.5
2024-08-25,TzM,0.0134,48,1791.25
2024-08-26,Oran,0.4638,48,1879.75
2024-08-26,TzM,0.14365,48,1806.0
2024-08-27,Oran,0.383,48,1865.0
2024-08-27,TzM,0.02805,48,1894.5
2024-08-28,Oran,0.32435,48,1968.25
2024-08-28,TzM,0.0208,48,1924.0
2024-08-29,Oran,0.2225,48,1702.75
2024-08-29,TzM,0.0164,48,1702.75
2024-08-30,Oran,0.179,47,1621.468085106383
2024-08-30,TzM,0.0123,47,1681.723404255319
2024-08-31,Oran,0.2628,48,1747.0
2024-08-31,TzM,0.0187,48,1629.0
2024-09-01,Oran,0.32595,48,1850.25
2024-09-01,TzM,0.14395,48,1702.75
2024-09-02,Oran,0.2304,48,1776.5
2024-09-02,TzM,0.0162,48,1673.25
2024-09-03,Oran,1.2366,48,1732.25
2024-09-03,TzM,2.1758,48,1806.0
2024-09-04,Oran,2.161,48,1835.5
2024-09-04,TzM,1.6582,48,1865.0
2024-09-05,Oran,1.3487,48,1835.5
2024-09-05,TzM,1.543,48,1673.25
2024-09-06,Oran,1.48075,48,1953.5
2024-09-06,TzM,1.1744,48,1968.25
2024-09-07,Oran,1.3509,48,1776.5
2024-09-07,TzM,0.8611000000000001,48,1791.25
2024-09-08,Oran,1.5525,48,1776.5
2024-09-08,TzM,0.4877,48,1806.0
2024-09-09,Oran,2.2199,48,1983.0
2024-09-09,TzM,0.5189,48,1983.0
2024-09-10,Oran,1.9465,48,1983.0
2024-09-10,TzM,0.3621,48,1983.0
2024-09-11,Oran,1.3160500000000002,48,1894.5
2024-09-11,TzM,0.2334,48,1835.5
2024-09-12,Oran,1.13605,48,1865.0
2024-09-12,TzM,0.1816,48,1909.25
2024-09-13,Oran,0.54495,48,1953.5
2024-09-13,TzM,0.16485,48,1968.25
2024-09-14,Oran,0.55045,48,1835.5
2024-09-14,TzM,0.0791,48,1850.25
2024-09-15,Oran,0.91955,48,1983.0
2024-09-15,TzM,0.11895,48,1983.0
2024-09-16,Oran,0.8611500000000001,48,1894.5
2024-09-16,TzM,0.12395,48,1894.5
2024-09-17,Oran,0.39245,48,1968.25
2024-09-17,TzM,0.07835,48,1968.25
2024-09-18,Oran,0.31645,48,1761.75
2024-09-18,TzM,0.05335,48,1747.0
2024-09-19,Oran,0.1458,48,1673.25
2024-09-19,TzM,0.07255,48,1658.5
2024-09-20,Oran,1.00405,48,1614.25
2024-09-20,TzM,1.1951,48,1614.25
2024-09-21,Oran,0.5951000000000001,48,1688.0
2024-09-21,TzM,0.8433,48,1570.0
2024-09-22,Oran,1.7181000000000002,48,1791.25
2024-09-22,TzM,1.9808,48,1806.0
2024-09-23,Oran,1.8428,48,1953.5
2024-09-23,TzM,1.9601,48,1924.0
2024-09-24,Oran,1.18355,48,1791.25
2024-09-24,TzM,1.48095,48,1850.25
2024-09-25,Oran,1.2482,48,1658.5
2024-09-25,TzM,1.11425,48,1643.75
2024-09-26,Oran,1.1013,48,1850.25
2024-09-26,TzM,1.0937,48,1879.75
2024-09-27,Oran,1.01545,48,1776.5
2024-09-27,TzM,0.8027000000000001,48,1776.5
2024-09-28,Oran,1.01605,48,1968.25
2024-09-28,TzM,0.9572,48,1968.25
2024-09-29,Oran,0.6075,48,1983.0
2024-09-29,TzM,0.83665,48,1983.0
2024-09-30,Oran,0.7384000000000001,48,1983.0
2024-09-30,TzM,0.79025,48,1983.0
2024-10-01,Oran,0.69365,47,1983.0
2024-10-01,TzM,0.614,47,1983.0
2024-10-02,Oran,0.3899,48,1732.25
2024-10-02,TzM,0.4795,48,1673.25
2024-10-03,Oran,0.31795,48,1909.25
2024-10-03,TzM,0.44615,48,1894.5
2024-10-04,Oran,0.4798,48,1879.75
2024-10-04,TzM,0.42715,48,1865.0
2024-10-05,Oran,0.42845,48,1953.5
2024-10-05,TzM,0.4099,48,1924.0
2024-10-06,Oran,0.4573,48,1717.5
2024-10-06,TzM,0.39775,48,1761.75
2024-10-07,Oran,0.24125,48,1555.25
2024-10-07,TzM,0.22945,48,1614.25
2024-10-08,Oran,1.1215000000000002,48,1717.5
2024-10-08,TzM,0.91505,48,1806.0
2024-10-09,Oran,0.5609500000000001,48,1525.75
2024-10-09,TzM,0.5945,48,1643.75
2024-10-10,Oran,0.8267,48,1850.25
2024-10-10,TzM,0.6061,48,1894.5
2024-10-11,Oran,0.8338,48,1835.5
2024-10-11,TzM,0.75385,48,1820.75
2024-10-12,Oran,0.60285,48,1570.0
2024-10-12,TzM,0.4487,48,1584.75
2024-10-13,Oran,0.7563500000000001,48,1688.0
2024-10-13,TzM,1.27505,48,1688.0
2024-10-14,Oran,0.69745,48,1643.75
2024-10-14,TzM,1.0156,48,1584.75
2024-10-15,Oran,0.3032,47,1606.404255319149
2024-10-15,TzM,0.53425,47,1651.595744680851
2024-10-16,Oran,0.5283,48,1806.0
2024-10-16,TzM,0.83975,48,1761.75
2024-10-17,Oran,0.6373500000000001,48,1865.0
2024-10-17,TzM,0.7165,48,1820.75
2024-10-18,Oran,1.18035,48,1865.0
2024-10-18,TzM,1.1890500000000002,48,1879.75
2024-10-19,Oran,1.1702,48,1732.25
2024-10-19,TzM,1.13345,48,1820.75
2024-10-20,Oran,1.32525,48,1806.0
2024-10-20,TzM,1.16185,48,1820.75
2024-10-21,Oran,1.21445,48,1894.5
2024-10-21,TzM,1.20945,48,1894.5
2024-10-22,Oran,0.4986,48,1747.0
2024-10-22,TzM,0.5497000000000001,48,1732.25
2024-10-23,Oran,0.3391,48,1850.25
2024-10-23,TzM,0.4795,48,1806.0
2024-10-24,Oran,0.7804000000000001,48,1820.75
2024-10-24,TzM,0.7299,48,1894.5
2024-10-25,Oran,0.38145,48,1540.5
2024-10-25,TzM,0.3947,48,1555.25
2024-10-26,Oran,1.05125,48,1673.2083333333333
2024-10-26,TzM,0.98525,48,1687.8333333333333
2024-10-27,Oran,0.57325,48,1629.125
2024-10-27,TzM,0.7393500000000001,48,1658.6458333333333
2024-10-28,Oran,1.03335,48,1688.0
2024-10-28,TzM,0.9431,48,1673.1666666666667
2024-10-29,Oran,0.31225,48,1570.0
2024-10-29,TzM,0.42495,48,1540.5
2024-10-30,Oran,1.16,48,1938.75
2024-10-30,TzM,1.4006500000000002,48,1924.0
2024-10-31,Oran,1.1967,48,1717.5
2024-10-31,TzM,1.26015,48,1702.75
2024-11-01,Oran,1.1156,48,1570.0
2024-11-01,TzM,0.96795,48,1540.5
2024-11-02,Oran,1.2258,48,1909.25
2024-11-02,TzM,1.1402,48,1909.25
2024-11-03,Oran,0.7362500000000001,48,1702.75
2024-11-03,TzM,0.8632500000000001,48,1761.75
2024-11-04,Oran,1.0184,48,1658.5
2024-11-04,TzM,0.7677,48,1673.25
2024-11-05,Oran,1.4427,48,1850.25
2024-11-05,TzM,1.1233,48,1820.75
2024-11-06,Oran,1.21255,48,1850.25
2024-11-06,TzM,0.8725,48,1673.25
2024-11-07,Oran,0.9768,48,1791.25
2024-11-07,TzM,0.8666,48,1850.25
2024-11-08,Oran,0.6123000000000001,48,1629.0
2024-11-08,TzM,0.71365,48,1673.25
2024-11-09,Oran,0.8225,48,1806.0
2024-11-09,TzM,0.8974000000000001,48,1835.5
2024-11-10,Oran,1.2098,48,1894.5
2024-11-10,TzM,1.0957,48,1953.5
2024-11-11,Oran,1.04765,48,1983.0
2024-11-11,TzM,0.93785,48,1983.0
2024-11-12,Oran,1.01395,48,1702.7083333333333
2024-11-12,TzM,0.9945,48,1791.25
2024-11-13,Oran,0.2098,48,1525.25
2024-11-13,TzM,0.35785,48,1569.7083333333333
2024-11-14,Oran,0.29675,48,1584.75
2024-11-14,TzM,0.38355,48,1525.75
2024-11-15,Oran,0.14705,48,1629.0
2024-11-15,TzM,0.1504,48,1673.25
2024-11-16,Oran,0.45025,48,1614.25
2024-11-16,TzM,0.472,48,1643.75
2024-11-17,Oran,1.14555,48,1629.0
2024-11-17,TzM,0.661,48,1614.25
2024-11-18,Oran,1.2338,48,1791.25
2024-11-18,TzM,0.77025,48,1806.0
2024-11-19,Oran,1.1314,48,1820.75
2024-11-19,TzM,0.7933,48,1879.75
2024-11-20,Oran,0.93465,48,1761.75
2024-11-20,TzM,0.6592,48,1761.75
2024-11-21,Oran,0.75795,47,1696.787234042553
2024-11-21,TzM,0.57345,47,1651.595744680851
2024-11-22,Oran,0.6115,48,1820.75
2024-11-22,TzM,0.307,48,1806.0
2024-11-23,Oran,0.69815,48,1835.5
2024-11-23,TzM,0.74595,48,1806.0
2024-11-24,Oran,0.72185,48,1732.25
2024-11-24,TzM,0.72035,48,1688.0
2024-11-25,Oran,1.0208,48,1673.25
2024-11-25,TzM,1.15515,48,1688.0
2024-11-26,Oran,0.8084,48,1643.75
2024-11-26,TzM,0.6611,48,1658.375
2024-11-27,Oran,0.7736500000000001,47,1817.2978723404256
2024-11-27,TzM,0.676,47,1756.8297872340424
2024-11-28,Oran,0.8307,48,1761.75
2024-11-28,TzM,0.4182,48,1820.3958333333333
2024-11-29,Oran,1.17945,48,1879.75
2024-11-29,TzM,0.72465,48,1938.75
2024-11-30,Oran,1.1019,48,1983.0
2024-11-30,TzM,0.6919000000000001,48,1983.0
2024-12-01,Oran,1.0196500000000002,48,1791.25
2024-12-01,TzM,0.63905,48,1761.75
2024-12-02,Oran,1.0345,48,1629.0
2024-12-02,TzM,0.6593,48,1702.75
2024-12-03,Oran,0.8693500000000001,48,1629.0
2024-12-03,TzM,0.5953,48,1673.25
2024-12-04,Oran,0.46635,48,1717.375
2024-12-04,TzM,0.5507500000000001,48,1732.0625
2024-12-05,Oran,0.8418,48,1584.7083333333333
2024-12-05,TzM,0.57315,48,1599.25
2024-12-06,Oran,0.8194,48,1717.5
2024-12-06,TzM,0.5628000000000001,48,1732.25
2024-12-07,Oran,0.7027,48,1968.25
2024-12-07,TzM,0.3752,48,1924.0
2024-12-08,Oran,0.50255,48,1983.0
2024-12-08,TzM,0.44515,48,1938.875
2024-12-09,Oran,0.4003,48,1716.9791666666667
2024-12-09,TzM,0.37595,48,1790.9583333333333
2024-12-10,Oran,0.39545,48,1879.875
2024-12-10,TzM,0.333,48,1805.8541666666667
2024-12-11,Oran,0.39105,48,1731.5833333333333
2024-12-11,TzM,0.24575,48,1702.375
2024-12-12,Oran,0.2808,48,1540.0416666666667
2024-12-12,TzM,0.2632,48,1628.6875
2024-12-13,Oran,0.42175,48,1820.375
2024-12-13,TzM,0.24435,48,1569.4375
2024-12-14,Oran,0.51545,48,1761.2708333333333
2024-12-14,TzM,0.33245,48,1850.0833333333333
2024-12-15,Oran,0.49145,48,1983.0
2024-12-15,TzM,0.34065,48,1983.0
2024-12-16,Oran,0.3753,48,1953.5
2024-12-16,TzM,0.28875,48,1968.25
2024-12-17,Oran,0.52405,48,1643.4166666666667
2024-12-17,TzM,0.28365,48,1747.25
2024-12-18,Oran,0.85785,48,1850.25
2024-12-18,TzM,0.36965,48,1865.0
2024-12-19,Oran,0.4964,48,1673.25
2024-12-19,TzM,0.3035,48,1717.5416666666667
2024-12-20,Oran,0.3839,48,1968.25
2024-12-20,TzM,0.26275,48,1983.0
2024-12-21,Oran,0.47895,48,1983.0
2024-12-21,TzM,0.26805,48,1983.0
2024-12-22,Oran,0.5992500000000001,48,1909.25
2024-12-22,TzM,0.28005,48,1953.4583333333333
2024-12-23,Oran,0.37805,48,1953.4375
2024-12-23,TzM,0.2312,48,1938.8125
2024-12-24,Oran,0.5848,48,1983.0
2024-12-24,TzM,0.28205,48,1968.2083333333333
2024-12-25,Oran,0.58585,48,1938.75
2024-12-25,TzM,0.2192,48,1983.0
2024-12-26,Oran,0.3683,48,1539.875
2024-12-26,TzM,0.13305,48,1643.125
2024-12-27,Oran,0.3065,48,1702.4583333333333
2024-12-27,TzM,0.1867,48,1746.7291666666667
2024-12-28,Oran,0.351,48,1864.7916666666667
2024-12-28,TzM,0.18525,48,1746.7916666666667
2024-12-29,Oran,0.2903,48,1850.3333333333333
2024-12-29,TzM,0.174,48,1747.0416666666667
2024-12-30,Oran,0.4028,48,1687.625
2024-12-30,TzM,0.18395,48,1864.75
2024-12-31,Oran,0.14405,48,1598.8541666666667
2024-12-31,TzM,0.10535,48,1614.375
