date,site,GPP_mgpp,qflag
2018-01-01,Oran,0.95,2.0
2018-01-02,Oran,0.95,2.0
2018-01-03,Oran,0.95,2.0
2018-01-04,Oran,0.95,2.0
2018-01-05,Oran,0.95,2.0
2018-01-06,Oran,0.95,2.0
2018-01-07,Oran,0.95,2.0
2018-01-08,Oran,0.95,2.0
2018-01-09,Oran,0.95,2.0
2018-01-10,Oran,0.95,2.0
2018-01-11,Oran,,
2018-01-12,Oran,,
2018-01-13,Oran,,
2018-01-14,Oran,,
2018-01-15,Oran,,
2018-01-16,Oran,,
2018-01-17,Oran,,
2018-01-18,Oran,,
2018-01-19,Oran,,
2018-01-20,Oran,,
2018-01-21,Oran,,
2018-01-22,Oran,,
2018-01-23,Oran,,
2018-01-24,Oran,,
2018-01-25,Oran,,
2018-01-26,Oran,,
2018-01-27,Oran,,
2018-01-28,Oran,,
2018-01-29,Oran,,
2018-01-30,Oran,,
2018-01-31,Oran,,
2018-02-01,Oran,,
2018-02-02,Oran,,
2018-02-03,Oran,,
2018-02-04,Oran,,
2018-02-05,Oran,,
2018-02-06,Oran,,
2018-02-07,Oran,,
2018-02-08,Oran,,
2018-02-09,Oran,,
2018-02-10,Oran,,
2018-02-11,Oran,,
2018-02-12,Oran,,
2018-02-13,Oran,,
2018-02-14,Oran,,
2018-02-15,Oran,,
2018-02-16,Oran,,
2018-02-17,Oran,,
2018-02-18,Oran,,
2018-02-19,Oran,,
2018-02-20,Oran,,
2018-02-21,Oran,,
2018-02-22,Oran,,
2018-02-23,Oran,,
2018-02-24,Oran,,
2018-02-25,Oran,,
2018-02-26,Oran,,
2018-02-27,Oran,,
2018-02-28,Oran,,
2018-03-01,Oran,,
2018-03-02,Oran,,
2018-03-03,Oran,,
2018-03-04,Oran,,
2018-03-05,Oran,,
2018-03-06,Oran,,
2018-03-07,Oran,,
2018-03-08,Oran,,
2018-03-09,Oran,,
2018-03-10,Oran,,
2018-03-11,Oran,,
2018-03-12,Oran,,
2018-03-13,Oran,,
2018-03-14,Oran,,
2018-03-15,Oran,,
2018-03-16,Oran,,
2018-03-17,Oran,,
2018-03-18,Oran,,
2018-03-19,Oran,,
2018-03-20,Oran,,
2018-03-21,Oran,1.41,1.0
2018-03-22,Oran,1.41,1.0
2018-03-23,Oran,1.41,1.0
2018-03-24,Oran,1.41,1.0
2018-03-25,Oran,1.41,1.0
2018-03-26,Oran,1.41,1.0
2018-03-27,Oran,1.41,1.0
2018-03-28,Oran,1.41,1.0
2018-03-29,Oran,1.41,1.0
2018-03-30,Oran,1.41,1.0
2018-03-31,Oran,,
2018-04-01,Oran,1.44,1.0
2018-04-02,Oran,1.44,1.0
2018-04-03,Oran,1.44,1.0
2018-04-04,Oran,1.44,1.0
2018-04-05,Oran,1.44,1.0
2018-04-06,Oran,1.44,1.0
2018-04-07,Oran,1.44,1.0
2018-04-08,Oran,1.44,1.0
2018-04-09,Oran,1.44,1.0
2018-04-10,Oran,1.44,1.0
2018-04-11,Oran,1.79,2.0
2018-04-12,Oran,1.79,2.0
2018-04-13,Oran,1.79,2.0
2018-04-14,Oran,1.79,2.0
2018-04-15,Oran,1.79,2.0
2018-04-16,Oran,1.79,2.0
2018-04-17,Oran,1.79,2.0
2018-04-18,Oran,1.79,2.0
2018-04-19,Oran,1.79,2.0
2018-04-20,Oran,1.79,2.0
2018-04-21,Oran,2.05,2.0
2018-04-22,Oran,2.05,2.0
2018-04-23,Oran,2.05,2.0
2018-04-24,Oran,2.05,2.0
2018-04-25,Oran,2.05,2.0
2018-04-26,Oran,2.05,2.0
2018-04-27,Oran,2.05,2.0
2018-04-28,Oran,2.05,2.0
2018-04-29,Oran,2.05,2.0
2018-04-30,Oran,2.05,2.0
2018-05-01,Oran,2.62,
2018-05-02,Oran,2.62,
2018-05-03,Oran,2.62,
2018-05-04,Oran,2.62,
2018-05-05,Oran,2.62,
2018-05-06,Oran,2.62,
2018-05-07,Oran,2.62,
2018-05-08,Oran,2.62,
2018-05-09,Oran,2.62,
2018-05-10,Oran,2.62,
2018-05-11,Oran,2.74,3.0
2018-05-12,Oran,2.74,3.0
2018-05-13,Oran,2.74,3.0
2018-05-14,Oran,2.74,3.0
2018-05-15,Oran,2.74,3.0
2018-05-16,Oran,2.74,3.0
2018-05-17,Oran,2.74,3.0
2018-05-18,Oran,2.74,3.0
2018-05-19,Oran,2.74,3.0
2018-05-20,Oran,2.74,3.0
2018-05-21,Oran,1.56,
2018-05-22,Oran,1.56,
2018-05-23,Oran,1.56,
2018-05-24,Oran,1.56,
2018-05-25,Oran,1.56,
2018-05-26,Oran,1.56,
2018-05-27,Oran,1.56,
2018-05-28,Oran,1.56,
2018-05-29,Oran,1.56,
2018-05-30,Oran,1.56,
2018-05-31,Oran,,
2018-06-01,Oran,1.59,3.0
2018-06-02,Oran,1.59,3.0
2018-06-03,Oran,1.59,3.0
2018-06-04,Oran,1.59,3.0
2018-06-05,Oran,1.59,3.0
2018-06-06,Oran,1.59,3.0
2018-06-07,Oran,1.59,3.0
2018-06-08,Oran,1.59,3.0
2018-06-09,Oran,1.59,3.0
2018-06-10,Oran,1.59,3.0
2018-06-11,Oran,1.56,2.0
2018-06-12,Oran,1.56,2.0
2018-06-13,Oran,1.56,2.0
2018-06-14,Oran,1.56,2.0
2018-06-15,Oran,1.56,2.0
2018-06-16,Oran,1.56,2.0
2018-06-17,Oran,1.56,2.0
2018-06-18,Oran,1.56,2.0
2018-06-19,Oran,1.56,2.0
2018-06-20,Oran,1.56,2.0
2018-06-21,Oran,0.51,4.0
2018-06-22,Oran,0.51,4.0
2018-06-23,Oran,0.51,4.0
2018-06-24,Oran,0.51,4.0
2018-06-25,Oran,0.51,4.0
2018-06-26,Oran,0.51,4.0
2018-06-27,Oran,0.51,4.0
2018-06-28,Oran,0.51,4.0
2018-06-29,Oran,0.51,4.0
2018-06-30,Oran,0.51,4.0
2018-07-01,Oran,0.6900000000000001,2.0
2018-07-02,Oran,0.6900000000000001,2.0
2018-07-03,Oran,0.6900000000000001,2.0
2018-07-04,Oran,0.6900000000000001,2.0
2018-07-05,Oran,0.6900000000000001,2.0
2018-07-06,Oran,0.6900000000000001,2.0
2018-07-07,Oran,0.6900000000000001,2.0
2018-07-08,Oran,0.6900000000000001,2.0
2018-07-09,Oran,0.6900000000000001,2.0
2018-07-10,Oran,0.6900000000000001,2.0
2018-07-11,Oran,0.73,1.0
2018-07-12,Oran,0.73,1.0
2018-07-13,Oran,0.73,1.0
2018-07-14,Oran,0.73,1.0
2018-07-15,Oran,0.73,1.0
2018-07-16,Oran,0.73,1.0
2018-07-17,Oran,0.73,1.0
2018-07-18,Oran,0.73,1.0
2018-07-19,Oran,0.73,1.0
2018-07-20,Oran,0.73,1.0
2018-07-21,Oran,1.13,2.0
2018-07-22,Oran,1.13,2.0
2018-07-23,Oran,1.13,2.0
2018-07-24,Oran,1.13,2.0
2018-07-25,Oran,1.13,2.0
2018-07-26,Oran,1.13,2.0
2018-07-27,Oran,1.13,2.0
2018-07-28,Oran,1.13,2.0
2018-07-29,Oran,1.13,2.0
2018-07-30,Oran,1.13,2.0
2018-07-31,Oran,,
2018-08-01,Oran,1.17,2.0
2018-08-02,Oran,1.17,2.0
2018-08-03,Oran,1.17,2.0
2018-08-04,Oran,1.17,2.0
2018-08-05,Oran,1.17,2.0
2018-08-06,Oran,1.17,2.0
2018-08-07,Oran,1.17,2.0
2018-08-08,Oran,1.17,2.0
2018-08-09,Oran,1.17,2.0
2018-08-10,Oran,1.17,2.0
2018-08-11,Oran,1.3,
2018-08-12,Oran,1.3,
2018-08-13,Oran,1.3,
2018-08-14,Oran,1.3,
2018-08-15,Oran,1.3,
2018-08-16,Oran,1.3,
2018-08-17,Oran,1.3,
2018-08-18,Oran,1.3,
2018-08-19,Oran,1.3,
2018-08-20,Oran,1.3,
2018-08-21,Oran,1.31,1.0
2018-08-22,Oran,1.31,1.0
2018-08-23,Oran,1.31,1.0
2018-08-24,Oran,1.31,1.0
2018-08-25,Oran,1.31,1.0
2018-08-26,Oran,1.31,1.0
2018-08-27,Oran,1.31,1.0
2018-08-28,Oran,1.31,1.0
2018-08-29,Oran,1.31,1.0
2018-08-30,Oran,1.31,1.0
2018-08-31,Oran,,
2018-09-01,Oran,1.03,1.0
2018-09-02,Oran,1.03,1.0
2018-09-03,Oran,1.03,1.0
2018-09-04,Oran,1.03,1.0
2018-09-05,Oran,1.03,1.0
2018-09-06,Oran,1.03,1.0
2018-09-07,Oran,1.03,1.0
2018-09-08,Oran,1.03,1.0
2018-09-09,Oran,1.03,1.0
2018-09-10,Oran,1.03,1.0
2018-09-11,Oran,1.41,1.0
2018-09-12,Oran,1.41,1.0
2018-09-13,Oran,1.41,1.0
2018-09-14,Oran,1.41,1.0
2018-09-15,Oran,1.41,1.0
2018-09-16,Oran,1.41,1.0
2018-09-17,Oran,1.41,1.0
2018-09-18,Oran,1.41,1.0
2018-09-19,Oran,1.41,1.0
2018-09-20,Oran,1.41,1.0
2018-09-21,Oran,1.51,1.0
2018-09-22,Oran,1.51,1.0
2018-09-23,Oran,1.51,1.0
2018-09-24,Oran,1.51,1.0
2018-09-25,Oran,1.51,1.0
2018-09-26,Oran,1.51,1.0
2018-09-27,Oran,1.51,1.0
2018-09-28,Oran,1.51,1.0
2018-09-29,Oran,1.51,1.0
2018-09-30,Oran,1.51,1.0
2018-10-01,Oran,1.28,1.0
2018-10-02,Oran,1.28,1.0
2018-10-03,Oran,1.28,1.0
2018-10-04,Oran,1.28,1.0
2018-10-05,Oran,1.28,1.0
2018-10-06,Oran,1.28,1.0
2018-10-07,Oran,1.28,1.0
2018-10-08,Oran,1.28,1.0
2018-10-09,Oran,1.28,1.0
2018-10-10,Oran,1.28,1.0
2018-10-11,Oran,0.92,1.0
2018-10-12,Oran,0.92,1.0
2018-10-13,Oran,0.92,1.0
2018-10-14,Oran,0.92,1.0
2018-10-15,Oran,0.92,1.0
2018-10-16,Oran,0.92,1.0
2018-10-17,Oran,0.92,1.0
2018-10-18,Oran,0.92,1.0
2018-10-19,Oran,0.92,1.0
2018-10-20,Oran,0.92,1.0
2018-10-21,Oran,1.03,
2018-10-22,Oran,1.03,
2018-10-23,Oran,1.03,
2018-10-24,Oran,1.03,
2018-10-25,Oran,1.03,
2018-10-26,Oran,1.03,
2018-10-27,Oran,1.03,
2018-10-28,Oran,1.03,
2018-10-29,Oran,1.03,
2018-10-30,Oran,1.03,
2018-10-31,Oran,,
2018-11-01,Oran,0.85,1.0
2018-11-02,Oran,0.85,1.0
2018-11-03,Oran,0.85,1.0
2018-11-04,Oran,0.85,1.0
2018-11-05,Oran,0.85,1.0
2018-11-06,Oran,0.85,1.0
2018-11-07,Oran,0.85,1.0
2018-11-08,Oran,0.85,1.0
2018-11-09,Oran,0.85,1.0
2018-11-10,Oran,0.85,1.0
2018-11-11,Oran,0.68,5.0
2018-11-12,Oran,0.68,5.0
2018-11-13,Oran,0.68,5.0
2018-11-14,Oran,0.68,5.0
2018-11-15,Oran,0.68,5.0
2018-11-16,Oran,0.68,5.0
2018-11-17,Oran,0.68,5.0
2018-11-18,Oran,0.68,5.0
2018-11-19,Oran,0.68,5.0
2018-11-20,Oran,0.68,5.0
2018-11-21,Oran,0.92,7.0
2018-11-22,Oran,0.92,7.0
2018-11-23,Oran,0.92,7.0
2018-11-24,Oran,0.92,7.0
2018-11-25,Oran,0.92,7.0
2018-11-26,Oran,0.92,7.0
2018-11-27,Oran,0.92,7.0
2018-11-28,Oran,0.92,7.0
2018-11-29,Oran,0.92,7.0
2018-11-30,Oran,0.92,7.0
2018-12-01,Oran,0.85,1.0
2018-12-02,Oran,0.85,1.0
2018-12-03,Oran,0.85,1.0
2018-12-04,Oran,0.85,1.0
2018-12-05,Oran,0.85,1.0
2018-12-06,Oran,0.85,1.0
2018-12-07,Oran,0.85,1.0
2018-12-08,Oran,0.85,1.0
2018-12-09,Oran,0.85,1.0
2018-12-10,Oran,0.85,1.0
2018-12-11,Oran,0.6900000000000001,1.0
2018-12-12,Oran,0.6900000000000001,1.0
2018-12-13,Oran,0.6900000000000001,1.0
2018-12-14,Oran,0.6900000000000001,1.0
2018-12-15,Oran,0.6900000000000001,1.0
2018-12-16,Oran,0.6900000000000001,1.0
2018-12-17,Oran,0.6900000000000001,1.0
2018-12-18,Oran,0.6900000000000001,1.0
2018-12-19,Oran,0.6900000000000001,1.0
2018-12-20,Oran,0.6900000000000001,1.0
2018-12-21,Oran,0.76,
2018-12-22,Oran,0.76,
2018-12-23,Oran,0.76,
2018-12-24,Oran,0.76,
2018-12-25,Oran,0.76,
2018-12-26,Oran,0.76,
2018-12-27,Oran,0.76,
2018-12-28,Oran,0.76,
2018-12-29,Oran,0.76,
2018-12-30,Oran,0.76,
2018-12-31,Oran,,
2019-01-01,Oran,0.95,2.0
2019-01-02,Oran,0.95,2.0
2019-01-03,Oran,0.95,2.0
2019-01-04,Oran,0.95,2.0
2019-01-05,Oran,0.95,2.0
2019-01-06,Oran,0.95,2.0
2019-01-07,Oran,0.95,2.0
2019-01-08,Oran,0.95,2.0
2019-01-09,Oran,0.95,2.0
2019-01-10,Oran,0.95,2.0
2019-01-11,Oran,0.71,3.0
2019-01-12,Oran,0.71,3.0
2019-01-13,Oran,0.71,3.0
2019-01-14,Oran,0.71,3.0
2019-01-15,Oran,0.71,3.0
2019-01-16,Oran,0.71,3.0
2019-01-17,Oran,0.71,3.0
2019-01-18,Oran,0.71,3.0
2019-01-19,Oran,0.71,3.0
2019-01-20,Oran,0.71,3.0
2019-01-21,Oran,0.8200000000000001,2.0
2019-01-22,Oran,0.8200000000000001,2.0
2019-01-23,Oran,0.8200000000000001,2.0
2019-01-24,Oran,0.8200000000000001,2.0
2019-01-25,Oran,0.8200000000000001,2.0
2019-01-26,Oran,0.8200000000000001,2.0
2019-01-27,Oran,0.8200000000000001,2.0
2019-01-28,Oran,0.8200000000000001,2.0
2019-01-29,Oran,0.8200000000000001,2.0
2019-01-30,Oran,0.8200000000000001,2.0
2019-01-31,Oran,,
2019-02-01,Oran,1.06,2.0
2019-02-02,Oran,1.06,2.0
2019-02-03,Oran,1.06,2.0
2019-02-04,Oran,1.06,2.0
2019-02-05,Oran,1.06,2.0
2019-02-06,Oran,1.06,2.0
2019-02-07,Oran,1.06,2.0
2019-02-08,Oran,1.06,2.0
2019-02-09,Oran,1.06,2.0
2019-02-10,Oran,1.06,2.0
2019-02-11,Oran,1.0,2.0
2019-02-12,Oran,1.0,2.0
2019-02-13,Oran,1.0,2.0
2019-02-14,Oran,1.0,2.0
2019-02-15,Oran,1.0,2.0
2019-02-16,Oran,1.0,2.0
2019-02-17,Oran,1.0,2.0
2019-02-18,Oran,1.0,2.0
2019-02-19,Oran,1.0,2.0
2019-02-20,Oran,1.0,2.0
2019-02-21,Oran,1.22,1.0
2019-02-22,Oran,1.22,1.0
2019-02-23,Oran,1.22,1.0
2019-02-24,Oran,1.22,1.0
2019-02-25,Oran,1.22,1.0
2019-02-26,Oran,1.22,1.0
2019-02-27,Oran,1.22,1.0
2019-02-28,Oran,1.22,1.0
2019-03-01,Oran,1.15,1.0
2019-03-02,Oran,1.15,1.0
2019-03-03,Oran,1.15,1.0
2019-03-04,Oran,1.15,1.0
2019-03-05,Oran,1.15,1.0
2019-03-06,Oran,1.15,1.0
2019-03-07,Oran,1.15,1.0
2019-03-08,Oran,1.15,1.0
2019-03-09,Oran,1.15,1.0
2019-03-10,Oran,1.15,1.0
2019-03-11,Oran,1.41,2.0
2019-03-12,Oran,1.41,2.0
2019-03-13,Oran,1.41,2.0
2019-03-14,Oran,1.41,2.0
2019-03-15,Oran,1.41,2.0
2019-03-16,Oran,1.41,2.0
2019-03-17,Oran,1.41,2.0
2019-03-18,Oran,1.41,2.0
2019-03-19,Oran,1.41,2.0
2019-03-20,Oran,1.41,2.0
2019-03-21,Oran,1.69,
2019-03-22,Oran,1.69,
2019-03-23,Oran,1.69,
2019-03-24,Oran,1.69,
2019-03-25,Oran,1.69,
2019-03-26,Oran,1.69,
2019-03-27,Oran,1.69,
2019-03-28,Oran,1.69,
2019-03-29,Oran,1.69,
2019-03-30,Oran,1.69,
2019-03-31,Oran,,
2019-04-01,Oran,1.44,
2019-04-02,Oran,1.44,
2019-04-03,Oran,1.44,
2019-04-04,Oran,1.44,
2019-04-05,Oran,1.44,
2019-04-06,Oran,1.44,
2019-04-07,Oran,1.44,
2019-04-08,Oran,1.44,
2019-04-09,Oran,1.44,
2019-04-10,Oran,1.44,
2019-04-11,Oran,1.75,
2019-04-12,Oran,1.75,
2019-04-13,Oran,1.75,
2019-04-14,Oran,1.75,
2019-04-15,Oran,1.75,
2019-04-16,Oran,1.75,
2019-04-17,Oran,1.75,
2019-04-18,Oran,1.75,
2019-04-19,Oran,1.75,
2019-04-20,Oran,1.75,
2019-04-21,Oran,1.93,
2019-04-22,Oran,1.93,
2019-04-23,Oran,1.93,
2019-04-24,Oran,1.93,
2019-04-25,Oran,1.93,
2019-04-26,Oran,1.93,
2019-04-27,Oran,1.93,
2019-04-28,Oran,1.93,
2019-04-29,Oran,1.93,
2019-04-30,Oran,1.93,
2019-05-01,Oran,2.6,
2019-05-02,Oran,2.6,
2019-05-03,Oran,2.6,
2019-05-04,Oran,2.6,
2019-05-05,Oran,2.6,
2019-05-06,Oran,2.6,
2019-05-07,Oran,2.6,
2019-05-08,Oran,2.6,
2019-05-09,Oran,2.6,
2019-05-10,Oran,2.6,
2019-05-11,Oran,2.84,
2019-05-12,Oran,2.84,
2019-05-13,Oran,2.84,
2019-05-14,Oran,2.84,
2019-05-15,Oran,2.84,
2019-05-16,Oran,2.84,
2019-05-17,Oran,2.84,
2019-05-18,Oran,2.84,
2019-05-19,Oran,2.84,
2019-05-20,Oran,2.84,
2019-05-21,Oran,1.84,
2019-05-22,Oran,1.84,
2019-05-23,Oran,1.84,
2019-05-24,Oran,1.84,
2019-05-25,Oran,1.84,
2019-05-26,Oran,1.84,
2019-05-27,Oran,1.84,
2019-05-28,Oran,1.84,
2019-05-29,Oran,1.84,
2019-05-30,Oran,1.84,
2019-05-31,Oran,,
2019-06-01,Oran,,
2019-06-02,Oran,,
2019-06-03,Oran,,
2019-06-04,Oran,,
2019-06-05,Oran,,
2019-06-06,Oran,,
2019-06-07,Oran,,
2019-06-08,Oran,,
2019-06-09,Oran,,
2019-06-10,Oran,,
2019-06-11,Oran,0.78,
2019-06-12,Oran,0.78,
2019-06-13,Oran,0.78,
2019-06-14,Oran,0.78,
2019-06-15,Oran,0.78,
2019-06-16,Oran,0.78,
2019-06-17,Oran,0.78,
2019-06-18,Oran,0.78,
2019-06-19,Oran,0.78,
2019-06-20,Oran,0.78,
2019-06-21,Oran,0.76,
2019-06-22,Oran,0.76,
2019-06-23,Oran,0.76,
2019-06-24,Oran,0.76,
2019-06-25,Oran,0.76,
2019-06-26,Oran,0.76,
2019-06-27,Oran,0.76,
2019-06-28,Oran,0.76,
2019-06-29,Oran,0.76,
2019-06-30,Oran,0.76,
2019-07-01,Oran,0.94,
2019-07-02,Oran,0.94,
2019-07-03,Oran,0.94,
2019-07-04,Oran,0.94,
2019-07-05,Oran,0.94,
2019-07-06,Oran,0.94,
2019-07-07,Oran,0.94,
2019-07-08,Oran,0.94,
2019-07-09,Oran,0.94,
2019-07-10,Oran,0.94,
2019-07-11,Oran,1.12,
2019-07-12,Oran,1.12,
2019-07-13,Oran,1.12,
2019-07-14,Oran,1.12,
2019-07-15,Oran,1.12,
2019-07-16,Oran,1.12,
2019-07-17,Oran,1.12,
2019-07-18,Oran,1.12,
2019-07-19,Oran,1.12,
2019-07-20,Oran,1.12,
2019-07-21,Oran,1.44,
2019-07-22,Oran,1.44,
2019-07-23,Oran,1.44,
2019-07-24,Oran,1.44,
2019-07-25,Oran,1.44,
2019-07-26,Oran,1.44,
2019-07-27,Oran,1.44,
2019-07-28,Oran,1.44,
2019-07-29,Oran,1.44,
2019-07-30,Oran,1.44,
2019-07-31,Oran,,
2019-08-01,Oran,1.65,
2019-08-02,Oran,1.65,
2019-08-03,Oran,1.65,
2019-08-04,Oran,1.65,
2019-08-05,Oran,1.65,
2019-08-06,Oran,1.65,
2019-08-07,Oran,1.65,
2019-08-08,Oran,1.65,
2019-08-09,Oran,1.65,
2019-08-10,Oran,1.65,
2019-08-11,Oran,1.56,
2019-08-12,Oran,1.56,
2019-08-13,Oran,1.56,
2019-08-14,Oran,1.56,
2019-08-15,Oran,1.56,
2019-08-16,Oran,1.56,
2019-08-17,Oran,1.56,
2019-08-18,Oran,1.56,
2019-08-19,Oran,1.56,
2019-08-20,Oran,1.56,
2019-08-21,Oran,1.51,
2019-08-22,Oran,1.51,
2019-08-23,Oran,1.51,
2019-08-24,Oran,1.51,
2019-08-25,Oran,1.51,
2019-08-26,Oran,1.51,
2019-08-27,Oran,1.51,
2019-08-28,Oran,1.51,
2019-08-29,Oran,1.51,
2019-08-30,Oran,1.51,
2019-08-31,Oran,,
2019-09-01,Oran,1.5,
2019-09-02,Oran,1.5,
2019-09-03,Oran,1.5,
2019-09-04,Oran,1.5,
2019-09-05,Oran,1.5,
2019-09-06,Oran,1.5,
2019-09-07,Oran,1.5,
2019-09-08,Oran,1.5,
2019-09-09,Oran,1.5,
2019-09-10,Oran,1.5,
2019-09-11,Oran,1.06,
2019-09-12,Oran,1.06,
2019-09-13,Oran,1.06,
2019-09-14,Oran,1.06,
2019-09-15,Oran,1.06,
2019-09-16,Oran,1.06,
2019-09-17,Oran,1.06,
2019-09-18,Oran,1.06,
2019-09-19,Oran,1.06,
2019-09-20,Oran,1.06,
2019-09-21,Oran,1.8,
2019-09-22,Oran,1.8,
2019-09-23,Oran,1.8,
2019-09-24,Oran,1.8,
2019-09-25,Oran,1.8,
2019-09-26,Oran,1.8,
2019-09-27,Oran,1.8,
2019-09-28,Oran,1.8,
2019-09-29,Oran,1.8,
2019-09-30,Oran,1.8,
2019-10-01,Oran,1.71,
2019-10-02,Oran,1.71,
2019-10-03,Oran,1.71,
2019-10-04,Oran,1.71,
2019-10-05,Oran,1.71,
2019-10-06,Oran,1.71,
2019-10-07,Oran,1.71,
2019-10-08,Oran,1.71,
2019-10-09,Oran,1.71,
2019-10-10,Oran,1.71,
2019-10-11,Oran,1.26,
2019-10-12,Oran,1.26,
2019-10-13,Oran,1.26,
2019-10-14,Oran,1.26,
2019-10-15,Oran,1.26,
2019-10-16,Oran,1.26,
2019-10-17,Oran,1.26,
2019-10-18,Oran,1.26,
2019-10-19,Oran,1.26,
2019-10-20,Oran,1.26,
2019-10-21,Oran,1.09,
2019-10-22,Oran,1.09,
2019-10-23,Oran,1.09,
2019-10-24,Oran,1.09,
2019-10-25,Oran,1.09,
2019-10-26,Oran,1.09,
2019-10-27,Oran,1.09,
2019-10-28,Oran,1.09,
2019-10-29,Oran,1.09,
2019-10-30,Oran,1.09,
2019-10-31,Oran,,
2019-11-01,Oran,1.1,
2019-11-02,Oran,1.1,
2019-11-03,Oran,1.1,
2019-11-04,Oran,1.1,
2019-11-05,Oran,1.1,
2019-11-06,Oran,1.1,
2019-11-07,Oran,1.1,
2019-11-08,Oran,1.1,
2019-11-09,Oran,1.1,
2019-11-10,Oran,1.1,
2019-11-11,Oran,1.08,
2019-11-12,Oran,1.08,
2019-11-13,Oran,1.08,
2019-11-14,Oran,1.08,
2019-11-15,Oran,1.08,
2019-11-16,Oran,1.08,
2019-11-17,Oran,1.08,
2019-11-18,Oran,1.08,
2019-11-19,Oran,1.08,
2019-11-20,Oran,1.08,
2019-11-21,Oran,0.81,
2019-11-22,Oran,0.81,
2019-11-23,Oran,0.81,
2019-11-24,Oran,0.81,
2019-11-25,Oran,0.81,
2019-11-26,Oran,0.81,
2019-11-27,Oran,0.81,
2019-11-28,Oran,0.81,
2019-11-29,Oran,0.81,
2019-11-30,Oran,0.81,
2019-12-01,Oran,0.67,
2019-12-02,Oran,0.67,
2019-12-03,Oran,0.67,
2019-12-04,Oran,0.67,
2019-12-05,Oran,0.67,
2019-12-06,Oran,0.67,
2019-12-07,Oran,0.67,
2019-12-08,Oran,0.67,
2019-12-09,Oran,0.67,
2019-12-10,Oran,0.67,
2019-12-11,Oran,0.59,
2019-12-12,Oran,0.59,
2019-12-13,Oran,0.59,
2019-12-14,Oran,0.59,
2019-12-15,Oran,0.59,
2019-12-16,Oran,0.59,
2019-12-17,Oran,0.59,
2019-12-18,Oran,0.59,
2019-12-19,Oran,0.59,
2019-12-20,Oran,0.59,
2019-12-21,Oran,1.01,
2019-12-22,Oran,1.01,
2019-12-23,Oran,1.01,
2019-12-24,Oran,1.01,
2019-12-25,Oran,1.01,
2019-12-26,Oran,1.01,
2019-12-27,Oran,1.01,
2019-12-28,Oran,1.01,
2019-12-29,Oran,1.01,
2019-12-30,Oran,1.01,
2019-12-31,Oran,,
2020-01-01,Oran,1.01,
2020-01-02,Oran,1.01,
2020-01-03,Oran,1.01,
2020-01-04,Oran,1.01,
2020-01-05,Oran,1.01,
2020-01-06,Oran,1.01,
2020-01-07,Oran,1.01,
2020-01-08,Oran,1.01,
2020-01-09,Oran,1.01,
2020-01-10,Oran,1.01,
2020-01-11,Oran,0.79,
2020-01-12,Oran,0.79,
2020-01-13,Oran,0.79,
2020-01-14,Oran,0.79,
2020-01-15,Oran,0.79,
2020-01-16,Oran,0.79,
2020-01-17,Oran,0.79,
2020-01-18,Oran,0.79,
2020-01-19,Oran,0.79,
2020-01-20,Oran,0.79,
2020-01-21,Oran,0.67,
2020-01-22,Oran,0.67,
2020-01-23,Oran,0.67,
2020-01-24,Oran,0.67,
2020-01-25,Oran,0.67,
2020-01-26,Oran,0.67,
2020-01-27,Oran,0.67,
2020-01-28,Oran,0.67,
2020-01-29,Oran,0.67,
2020-01-30,Oran,0.67,
2020-01-31,Oran,,
2020-02-01,Oran,1.19,
2020-02-02,Oran,1.19,
2020-02-03,Oran,1.19,
2020-02-04,Oran,1.19,
2020-02-05,Oran,1.19,
2020-02-06,Oran,1.19,
2020-02-07,Oran,1.19,
2020-02-08,Oran,1.19,
2020-02-09,Oran,1.19,
2020-02-10,Oran,1.19,
2020-02-11,Oran,1.4,
2020-02-12,Oran,1.4,
2020-02-13,Oran,1.4,
2020-02-14,Oran,1.4,
2020-02-15,Oran,1.4,
2020-02-16,Oran,1.4,
2020-02-17,Oran,1.4,
2020-02-18,Oran,1.4,
2020-02-19,Oran,1.4,
2020-02-20,Oran,1.4,
2020-02-21,Oran,2.14,
2020-02-22,Oran,2.14,
2020-02-23,Oran,2.14,
2020-02-24,Oran,2.14,
2020-02-25,Oran,2.14,
2020-02-26,Oran,2.14,
2020-02-27,Oran,2.14,
2020-02-28,Oran,2.14,
2020-02-29,Oran,2.14,
2020-03-01,Oran,1.94,
2020-03-02,Oran,1.94,
2020-03-03,Oran,1.94,
2020-03-04,Oran,1.94,
2020-03-05,Oran,1.94,
2020-03-06,Oran,1.94,
2020-03-07,Oran,1.94,
2020-03-08,Oran,1.94,
2020-03-09,Oran,1.94,
2020-03-10,Oran,1.94,
2020-03-11,Oran,1.91,
2020-03-12,Oran,1.91,
2020-03-13,Oran,1.91,
2020-03-14,Oran,1.91,
2020-03-15,Oran,1.91,
2020-03-16,Oran,1.91,
2020-03-17,Oran,1.91,
2020-03-18,Oran,1.91,
2020-03-19,Oran,1.91,
2020-03-20,Oran,1.91,
2020-03-21,Oran,1.7,
2020-03-22,Oran,1.7,
2020-03-23,Oran,1.7,
2020-03-24,Oran,1.7,
2020-03-25,Oran,1.7,
2020-03-26,Oran,1.7,
2020-03-27,Oran,1.7,
2020-03-28,Oran,1.7,
2020-03-29,Oran,1.7,
2020-03-30,Oran,1.7,
2020-03-31,Oran,,
2020-04-01,Oran,3.04,
2020-04-02,Oran,3.04,
2020-04-03,Oran,3.04,
2020-04-04,Oran,3.04,
2020-04-05,Oran,3.04,
2020-04-06,Oran,3.04,
2020-04-07,Oran,3.04,
2020-04-08,Oran,3.04,
2020-04-09,Oran,3.04,
2020-04-10,Oran,3.04,
2020-04-11,Oran,2.63,4.0
2020-04-12,Oran,2.63,4.0
2020-04-13,Oran,2.63,4.0
2020-04-14,Oran,2.63,4.0
2020-04-15,Oran,2.63,4.0
2020-04-16,Oran,2.63,4.0
2020-04-17,Oran,2.63,4.0
2020-04-18,Oran,2.63,4.0
2020-04-19,Oran,2.63,4.0
2020-04-20,Oran,2.63,4.0
2020-04-21,Oran,2.9,7.0
2020-04-22,Oran,2.9,7.0
2020-04-23,Oran,2.9,7.0
2020-04-24,Oran,2.9,7.0
2020-04-25,Oran,2.9,7.0
2020-04-26,Oran,2.9,7.0
2020-04-27,Oran,2.9,7.0
2020-04-28,Oran,2.9,7.0
2020-04-29,Oran,2.9,7.0
2020-04-30,Oran,2.9,7.0
2020-05-01,Oran,2.71,
2020-05-02,Oran,2.71,
2020-05-03,Oran,2.71,
2020-05-04,Oran,2.71,
2020-05-05,Oran,2.71,
2020-05-06,Oran,2.71,
2020-05-07,Oran,2.71,
2020-05-08,Oran,2.71,
2020-05-09,Oran,2.71,
2020-05-10,Oran,2.71,
2020-05-11,Oran,1.89,
2020-05-12,Oran,1.89,
2020-05-13,Oran,1.89,
2020-05-14,Oran,1.89,
2020-05-15,Oran,1.89,
2020-05-16,Oran,1.89,
2020-05-17,Oran,1.89,
2020-05-18,Oran,1.89,
2020-05-19,Oran,1.89,
2020-05-20,Oran,1.89,
2020-05-21,Oran,2.17,
2020-05-22,Oran,2.17,
2020-05-23,Oran,2.17,
2020-05-24,Oran,2.17,
2020-05-25,Oran,2.17,
2020-05-26,Oran,2.17,
2020-05-27,Oran,2.17,
2020-05-28,Oran,2.17,
2020-05-29,Oran,2.17,
2020-05-30,Oran,2.17,
2020-05-31,Oran,,
2020-06-01,Oran,1.43,
2020-06-02,Oran,1.43,
2020-06-03,Oran,1.43,
2020-06-04,Oran,1.43,
2020-06-05,Oran,1.43,
2020-06-06,Oran,1.43,
2020-06-07,Oran,1.43,
2020-06-08,Oran,1.43,
2020-06-09,Oran,1.43,
2020-06-10,Oran,1.43,
2020-06-11,Oran,1.41,
2020-06-12,Oran,1.41,
2020-06-13,Oran,1.41,
2020-06-14,Oran,1.41,
2020-06-15,Oran,1.41,
2020-06-16,Oran,1.41,
2020-06-17,Oran,1.41,
2020-06-18,Oran,1.41,
2020-06-19,Oran,1.41,
2020-06-20,Oran,1.41,
2020-06-21,Oran,1.45,
2020-06-22,Oran,1.45,
2020-06-23,Oran,1.45,
2020-06-24,Oran,1.45,
2020-06-25,Oran,1.45,
2020-06-26,Oran,1.45,
2020-06-27,Oran,1.45,
2020-06-28,Oran,1.45,
2020-06-29,Oran,1.45,
2020-06-30,Oran,1.45,
2020-07-01,Oran,1.66,
2020-07-02,Oran,1.66,
2020-07-03,Oran,1.66,
2020-07-04,Oran,1.66,
2020-07-05,Oran,1.66,
2020-07-06,Oran,1.66,
2020-07-07,Oran,1.66,
2020-07-08,Oran,1.66,
2020-07-09,Oran,1.66,
2020-07-10,Oran,1.66,
2020-07-11,Oran,1.59,
2020-07-12,Oran,1.59,
2020-07-13,Oran,1.59,
2020-07-14,Oran,1.59,
2020-07-15,Oran,1.59,
2020-07-16,Oran,1.59,
2020-07-17,Oran,1.59,
2020-07-18,Oran,1.59,
2020-07-19,Oran,1.59,
2020-07-20,Oran,1.59,
2020-07-21,Oran,1.32,
2020-07-22,Oran,1.32,
2020-07-23,Oran,1.32,
2020-07-24,Oran,1.32,
2020-07-25,Oran,1.32,
2020-07-26,Oran,1.32,
2020-07-27,Oran,1.32,
2020-07-28,Oran,1.32,
2020-07-29,Oran,1.32,
2020-07-30,Oran,1.32,
2020-07-31,Oran,,
2020-08-01,Oran,1.27,
2020-08-02,Oran,1.27,
2020-08-03,Oran,1.27,
2020-08-04,Oran,1.27,
2020-08-05,Oran,1.27,
2020-08-06,Oran,1.27,
2020-08-07,Oran,1.27,
2020-08-08,Oran,1.27,
2020-08-09,Oran,1.27,
2020-08-10,Oran,1.27,
2020-08-11,Oran,1.51,
2020-08-12,Oran,1.51,
2020-08-13,Oran,1.51,
2020-08-14,Oran,1.51,
2020-08-15,Oran,1.51,
2020-08-16,Oran,1.51,
2020-08-17,Oran,1.51,
2020-08-18,Oran,1.51,
2020-08-19,Oran,1.51,
2020-08-20,Oran,1.51,
2020-08-21,Oran,1.47,
2020-08-22,Oran,1.47,
2020-08-23,Oran,1.47,
2020-08-24,Oran,1.47,
2020-08-25,Oran,1.47,
2020-08-26,Oran,1.47,
2020-08-27,Oran,1.47,
2020-08-28,Oran,1.47,
2020-08-29,Oran,1.47,
2020-08-30,Oran,1.47,
2020-08-31,Oran,,
2020-09-01,Oran,1.42,
2020-09-02,Oran,1.42,
2020-09-03,Oran,1.42,
2020-09-04,Oran,1.42,
2020-09-05,Oran,1.42,
2020-09-06,Oran,1.42,
2020-09-07,Oran,1.42,
2020-09-08,Oran,1.42,
2020-09-09,Oran,1.42,
2020-09-10,Oran,1.42,
2020-09-11,Oran,1.19,
2020-09-12,Oran,1.19,
2020-09-13,Oran,1.19,
2020-09-14,Oran,1.19,
2020-09-15,Oran,1.19,
2020-09-16,Oran,1.19,
2020-09-17,Oran,1.19,
2020-09-18,Oran,1.19,
2020-09-19,Oran,1.19,
2020-09-20,Oran,1.19,
2020-09-21,Oran,1.22,
2020-09-22,Oran,1.22,
2020-09-23,Oran,1.22,
2020-09-24,Oran,1.22,
2020-09-25,Oran,1.22,
2020-09-26,Oran,1.22,
2020-09-27,Oran,1.22,
2020-09-28,Oran,1.22,
2020-09-29,Oran,1.22,
2020-09-30,Oran,1.22,
2020-10-01,Oran,1.22,
2020-10-02,Oran,1.22,
2020-10-03,Oran,1.22,
2020-10-04,Oran,1.22,
2020-10-05,Oran,1.22,
2020-10-06,Oran,1.22,
2020-10-07,Oran,1.22,
2020-10-08,Oran,1.22,
2020-10-09,Oran,1.22,
2020-10-10,Oran,1.22,
2020-10-11,Oran,1.13,
2020-10-12,Oran,1.13,
2020-10-13,Oran,1.13,
2020-10-14,Oran,1.13,
2020-10-15,Oran,1.13,
2020-10-16,Oran,1.13,
2020-10-17,Oran,1.13,
2020-10-18,Oran,1.13,
2020-10-19,Oran,1.13,
2020-10-20,Oran,1.13,
2020-10-21,Oran,0.84,
2020-10-22,Oran,0.84,
2020-10-23,Oran,0.84,
2020-10-24,Oran,0.84,
2020-10-25,Oran,0.84,
2020-10-26,Oran,0.84,
2020-10-27,Oran,0.84,
2020-10-28,Oran,0.84,
2020-10-29,Oran,0.84,
2020-10-30,Oran,0.84,
2020-10-31,Oran,,
2020-11-01,Oran,0.66,
2020-11-02,Oran,0.66,
2020-11-03,Oran,0.66,
2020-11-04,Oran,0.66,
2020-11-05,Oran,0.66,
2020-11-06,Oran,0.66,
2020-11-07,Oran,0.66,
2020-11-08,Oran,0.66,
2020-11-09,Oran,0.66,
2020-11-10,Oran,0.66,
2020-11-11,Oran,0.75,
2020-11-12,Oran,0.75,
2020-11-13,Oran,0.75,
2020-11-14,Oran,0.75,
2020-11-15,Oran,0.75,
2020-11-16,Oran,0.75,
2020-11-17,Oran,0.75,
2020-11-18,Oran,0.75,
2020-11-19,Oran,0.75,
2020-11-20,Oran,0.75,
2020-11-21,Oran,0.65,
2020-11-22,Oran,0.65,
2020-11-23,Oran,0.65,
2020-11-24,Oran,0.65,
2020-11-25,Oran,0.65,
2020-11-26,Oran,0.65,
2020-11-27,Oran,0.65,
2020-11-28,Oran,0.65,
2020-11-29,Oran,0.65,
2020-11-30,Oran,0.65,
2020-12-01,Oran,0.7000000000000001,
2020-12-02,Oran,0.7000000000000001,
2020-12-03,Oran,0.7000000000000001,
2020-12-04,Oran,0.7000000000000001,
2020-12-05,Oran,0.7000000000000001,
2020-12-06,Oran,0.7000000000000001,
2020-12-07,Oran,0.7000000000000001,
2020-12-08,Oran,0.7000000000000001,
2020-12-09,Oran,0.7000000000000001,
2020-12-10,Oran,0.7000000000000001,
2020-12-11,Oran,0.67,
2020-12-12,Oran,0.67,
2020-12-13,Oran,0.67,
2020-12-14,Oran,0.67,
2020-12-15,Oran,0.67,
2020-12-16,Oran,0.67,
2020-12-17,Oran,0.67,
2020-12-18,Oran,0.67,
2020-12-19,Oran,0.67,
2020-12-20,Oran,0.67,
2020-12-21,Oran,0.72,
2020-12-22,Oran,0.72,
2020-12-23,Oran,0.72,
2020-12-24,Oran,0.72,
2020-12-25,Oran,0.72,
2020-12-26,Oran,0.72,
2020-12-27,Oran,0.72,
2020-12-28,Oran,0.72,
2020-12-29,Oran,0.72,
2020-12-30,Oran,0.72,
2020-12-31,Oran,,
2021-01-01,Oran,0.45,
2021-01-02,Oran,0.45,
2021-01-03,Oran,0.45,
2021-01-04,Oran,0.45,
2021-01-05,Oran,0.45,
2021-01-06,Oran,0.45,
2021-01-07,Oran,0.45,
2021-01-08,Oran,0.45,
2021-01-09,Oran,0.45,
2021-01-10,Oran,0.45,
2021-01-11,Oran,0.49,
2021-01-12,Oran,0.49,
2021-01-13,Oran,0.49,
2021-01-14,Oran,0.49,
2021-01-15,Oran,0.49,
2021-01-16,Oran,0.49,
2021-01-17,Oran,0.49,
2021-01-18,Oran,0.49,
2021-01-19,Oran,0.49,
2021-01-20,Oran,0.49,
2021-01-21,Oran,0.7000000000000001,
2021-01-22,Oran,0.7000000000000001,
2021-01-23,Oran,0.7000000000000001,
2021-01-24,Oran,0.7000000000000001,
2021-01-25,Oran,0.7000000000000001,
2021-01-26,Oran,0.7000000000000001,
2021-01-27,Oran,0.7000000000000001,
2021-01-28,Oran,0.7000000000000001,
2021-01-29,Oran,0.7000000000000001,
2021-01-30,Oran,0.7000000000000001,
2021-01-31,Oran,,
2021-02-01,Oran,0.89,
2021-02-02,Oran,0.89,
2021-02-03,Oran,0.89,
2021-02-04,Oran,0.89,
2021-02-05,Oran,0.89,
2021-02-06,Oran,0.89,
2021-02-07,Oran,0.89,
2021-02-08,Oran,0.89,
2021-02-09,Oran,0.89,
2021-02-10,Oran,0.89,
2021-02-11,Oran,1.17,
2021-02-12,Oran,1.17,
2021-02-13,Oran,1.17,
2021-02-14,Oran,1.17,
2021-02-15,Oran,1.17,
2021-02-16,Oran,1.17,
2021-02-17,Oran,1.17,
2021-02-18,Oran,1.17,
2021-02-19,Oran,1.17,
2021-02-20,Oran,1.17,
2021-02-21,Oran,0.88,
2021-02-22,Oran,0.88,
2021-02-23,Oran,0.88,
2021-02-24,Oran,0.88,
2021-02-25,Oran,0.88,
2021-02-26,Oran,0.88,
2021-02-27,Oran,0.88,
2021-02-28,Oran,0.88,
2021-03-01,Oran,0.95,2.0
2021-03-02,Oran,0.95,2.0
2021-03-03,Oran,0.95,2.0
2021-03-04,Oran,0.95,2.0
2021-03-05,Oran,0.95,2.0
2021-03-06,Oran,0.95,2.0
2021-03-07,Oran,0.95,2.0
2021-03-08,Oran,0.95,2.0
2021-03-09,Oran,0.95,2.0
2021-03-10,Oran,0.95,2.0
2021-03-11,Oran,2.35,
2021-03-12,Oran,2.35,
2021-03-13,Oran,2.35,
2021-03-14,Oran,2.35,
2021-03-15,Oran,2.35,
2021-03-16,Oran,2.35,
2021-03-17,Oran,2.35,
2021-03-18,Oran,2.35,
2021-03-19,Oran,2.35,
2021-03-20,Oran,2.35,
2021-03-21,Oran,2.97,
2021-03-22,Oran,2.97,
2021-03-23,Oran,2.97,
2021-03-24,Oran,2.97,
2021-03-25,Oran,2.97,
2021-03-26,Oran,2.97,
2021-03-27,Oran,2.97,
2021-03-28,Oran,2.97,
2021-03-29,Oran,2.97,
2021-03-30,Oran,2.97,
2021-03-31,Oran,,
2021-04-01,Oran,3.0,
2021-04-02,Oran,3.0,
2021-04-03,Oran,3.0,
2021-04-04,Oran,3.0,
2021-04-05,Oran,3.0,
2021-04-06,Oran,3.0,
2021-04-07,Oran,3.0,
2021-04-08,Oran,3.0,
2021-04-09,Oran,3.0,
2021-04-10,Oran,3.0,
2021-04-11,Oran,3.64,
2021-04-12,Oran,3.64,
2021-04-13,Oran,3.64,
2021-04-14,Oran,3.64,
2021-04-15,Oran,3.64,
2021-04-16,Oran,3.64,
2021-04-17,Oran,3.64,
2021-04-18,Oran,3.64,
2021-04-19,Oran,3.64,
2021-04-20,Oran,3.64,
2021-04-21,Oran,2.26,2.0
2021-04-22,Oran,2.26,2.0
2021-04-23,Oran,2.26,2.0
2021-04-24,Oran,2.26,2.0
2021-04-25,Oran,2.26,2.0
2021-04-26,Oran,2.26,2.0
2021-04-27,Oran,2.26,2.0
2021-04-28,Oran,2.26,2.0
2021-04-29,Oran,2.26,2.0
2021-04-30,Oran,2.26,2.0
2021-05-01,Oran,4.05,2.0
2021-05-02,Oran,4.05,2.0
2021-05-03,Oran,4.05,2.0
2021-05-04,Oran,4.05,2.0
2021-05-05,Oran,4.05,2.0
2021-05-06,Oran,4.05,2.0
2021-05-07,Oran,4.05,2.0
2021-05-08,Oran,4.05,2.0
2021-05-09,Oran,4.05,2.0
2021-05-10,Oran,4.05,2.0
2021-05-11,Oran,3.87,
2021-05-12,Oran,3.87,
2021-05-13,Oran,3.87,
2021-05-14,Oran,3.87,
2021-05-15,Oran,3.87,
2021-05-16,Oran,3.87,
2021-05-17,Oran,3.87,
2021-05-18,Oran,3.87,
2021-05-19,Oran,3.87,
2021-05-20,Oran,3.87,
2021-05-21,Oran,2.42,
2021-05-22,Oran,2.42,
2021-05-23,Oran,2.42,
2021-05-24,Oran,2.42,
2021-05-25,Oran,2.42,
2021-05-26,Oran,2.42,
2021-05-27,Oran,2.42,
2021-05-28,Oran,2.42,
2021-05-29,Oran,2.42,
2021-05-30,Oran,2.42,
2021-05-31,Oran,,
2021-06-01,Oran,2.03,
2021-06-02,Oran,2.03,
2021-06-03,Oran,2.03,
2021-06-04,Oran,2.03,
2021-06-05,Oran,2.03,
2021-06-06,Oran,2.03,
2021-06-07,Oran,2.03,
2021-06-08,Oran,2.03,
2021-06-09,Oran,2.03,
2021-06-10,Oran,2.03,
2021-06-11,Oran,1.53,
2021-06-12,Oran,1.53,
2021-06-13,Oran,1.53,
2021-06-14,Oran,1.53,
2021-06-15,Oran,1.53,
2021-06-16,Oran,1.53,
2021-06-17,Oran,1.53,
2021-06-18,Oran,1.53,
2021-06-19,Oran,1.53,
2021-06-20,Oran,1.53,
2021-06-21,Oran,2.73,
2021-06-22,Oran,2.73,
2021-06-23,Oran,2.73,
2021-06-24,Oran,2.73,
2021-06-25,Oran,2.73,
2021-06-26,Oran,2.73,
2021-06-27,Oran,2.73,
2021-06-28,Oran,2.73,
2021-06-29,Oran,2.73,
2021-06-30,Oran,2.73,
2021-07-01,Oran,2.53,
2021-07-02,Oran,2.53,
2021-07-03,Oran,2.53,
2021-07-04,Oran,2.53,
2021-07-05,Oran,2.53,
2021-07-06,Oran,2.53,
2021-07-07,Oran,2.53,
2021-07-08,Oran,2.53,
2021-07-09,Oran,2.53,
2021-07-10,Oran,2.53,
2021-07-11,Oran,2.38,
2021-07-12,Oran,2.38,
2021-07-13,Oran,2.38,
2021-07-14,Oran,2.38,
2021-07-15,Oran,2.38,
2021-07-16,Oran,2.38,
2021-07-17,Oran,2.38,
2021-07-18,Oran,2.38,
2021-07-19,Oran,2.38,
2021-07-20,Oran,2.38,
2021-07-21,Oran,2.05,
2021-07-22,Oran,2.05,
2021-07-23,Oran,2.05,
2021-07-24,Oran,2.05,
2021-07-25,Oran,2.05,
2021-07-26,Oran,2.05,
2021-07-27,Oran,2.05,
2021-07-28,Oran,2.05,
2021-07-29,Oran,2.05,
2021-07-30,Oran,2.05,
2021-07-31,Oran,,
2021-08-01,Oran,1.89,
2021-08-02,Oran,1.89,
2021-08-03,Oran,1.89,
2021-08-04,Oran,1.89,
2021-08-05,Oran,1.89,
2021-08-06,Oran,1.89,
2021-08-07,Oran,1.89,
2021-08-08,Oran,1.89,
2021-08-09,Oran,1.89,
2021-08-10,Oran,1.89,
2021-08-11,Oran,1.53,
2021-08-12,Oran,1.53,
2021-08-13,Oran,1.53,
2021-08-14,Oran,1.53,
2021-08-15,Oran,1.53,
2021-08-16,Oran,1.53,
2021-08-17,Oran,1.53,
2021-08-18,Oran,1.53,
2021-08-19,Oran,1.53,
2021-08-20,Oran,1.53,
2021-08-21,Oran,1.77,
2021-08-22,Oran,1.77,
2021-08-23,Oran,1.77,
2021-08-24,Oran,1.77,
2021-08-25,Oran,1.77,
2021-08-26,Oran,1.77,
2021-08-27,Oran,1.77,
2021-08-28,Oran,1.77,
2021-08-29,Oran,1.77,
2021-08-30,Oran,1.77,
2021-08-31,Oran,,
2021-09-01,Oran,1.93,
2021-09-02,Oran,1.93,
2021-09-03,Oran,1.93,
2021-09-04,Oran,1.93,
2021-09-05,Oran,1.93,
2021-09-06,Oran,1.93,
2021-09-07,Oran,1.93,
2021-09-08,Oran,1.93,
2021-09-09,Oran,1.93,
2021-09-10,Oran,1.93,
2021-09-11,Oran,1.73,
2021-09-12,Oran,1.73,
2021-09-13,Oran,1.73,
2021-09-14,Oran,1.73,
2021-09-15,Oran,1.73,
2021-09-16,Oran,1.73,
2021-09-17,Oran,1.73,
2021-09-18,Oran,1.73,
2021-09-19,Oran,1.73,
2021-09-20,Oran,1.73,
2021-09-21,Oran,1.62,
2021-09-22,Oran,1.62,
2021-09-23,Oran,1.62,
2021-09-24,Oran,1.62,
2021-09-25,Oran,1.62,
2021-09-26,Oran,1.62,
2021-09-27,Oran,1.62,
2021-09-28,Oran,1.62,
2021-09-29,Oran,1.62,
2021-09-30,Oran,1.62,
2021-10-01,Oran,1.65,
2021-10-02,Oran,1.65,
2021-10-03,Oran,1.65,
2021-10-04,Oran,1.65,
2021-10-05,Oran,1.65,
2021-10-06,Oran,1.65,
2021-10-07,Oran,1.65,
2021-10-08,Oran,1.65,
2021-10-09,Oran,1.65,
2021-10-10,Oran,1.65,
2021-10-11,Oran,1.48,
2021-10-12,Oran,1.48,
2021-10-13,Oran,1.48,
2021-10-14,Oran,1.48,
2021-10-15,Oran,1.48,
2021-10-16,Oran,1.48,
2021-10-17,Oran,1.48,
2021-10-18,Oran,1.48,
2021-10-19,Oran,1.48,
2021-10-20,Oran,1.48,
2021-10-21,Oran,0.92,
2021-10-22,Oran,0.92,
2021-10-23,Oran,0.92,
2021-10-24,Oran,0.92,
2021-10-25,Oran,0.92,
2021-10-26,Oran,0.92,
2021-10-27,Oran,0.92,
2021-10-28,Oran,0.92,
2021-10-29,Oran,0.92,
2021-10-30,Oran,0.92,
2021-10-31,Oran,,
2021-11-01,Oran,1.12,
2021-11-02,Oran,1.12,
2021-11-03,Oran,1.12,
2021-11-04,Oran,1.12,
2021-11-05,Oran,1.12,
2021-11-06,Oran,1.12,
2021-11-07,Oran,1.12,
2021-11-08,Oran,1.12,
2021-11-09,Oran,1.12,
2021-11-10,Oran,1.12,
2021-11-11,Oran,0.85,
2021-11-12,Oran,0.85,
2021-11-13,Oran,0.85,
2021-11-14,Oran,0.85,
2021-11-15,Oran,0.85,
2021-11-16,Oran,0.85,
2021-11-17,Oran,0.85,
2021-11-18,Oran,0.85,
2021-11-19,Oran,0.85,
2021-11-20,Oran,0.85,
2021-11-21,Oran,0.76,
2021-11-22,Oran,0.76,
2021-11-23,Oran,0.76,
2021-11-24,Oran,0.76,
2021-11-25,Oran,0.76,
2021-11-26,Oran,0.76,
2021-11-27,Oran,0.76,
2021-11-28,Oran,0.76,
2021-11-29,Oran,0.76,
2021-11-30,Oran,0.76,
2021-12-01,Oran,0.79,
2021-12-02,Oran,0.79,
2021-12-03,Oran,0.79,
2021-12-04,Oran,0.79,
2021-12-05,Oran,0.79,
2021-12-06,Oran,0.79,
2021-12-07,Oran,0.79,
2021-12-08,Oran,0.79,
2021-12-09,Oran,0.79,
2021-12-10,Oran,0.79,
2021-12-11,Oran,0.71,1.0
2021-12-12,Oran,0.71,1.0
2021-12-13,Oran,0.71,1.0
2021-12-14,Oran,0.71,1.0
2021-12-15,Oran,0.71,1.0
2021-12-16,Oran,0.71,1.0
2021-12-17,Oran,0.71,1.0
2021-12-18,Oran,0.71,1.0
2021-12-19,Oran,0.71,1.0
2021-12-20,Oran,0.71,1.0
2021-12-21,Oran,0.6,
2021-12-22,Oran,0.6,
2021-12-23,Oran,0.6,
2021-12-24,Oran,0.6,
2021-12-25,Oran,0.6,
2021-12-26,Oran,0.6,
2021-12-27,Oran,0.6,
2021-12-28,Oran,0.6,
2021-12-29,Oran,0.6,
2021-12-30,Oran,0.6,
2021-12-31,Oran,,
2022-01-01,Oran,0.84,
2022-01-02,Oran,0.84,
2022-01-03,Oran,0.84,
2022-01-04,Oran,0.84,
2022-01-05,Oran,0.84,
2022-01-06,Oran,0.84,
2022-01-07,Oran,0.84,
2022-01-08,Oran,0.84,
2022-01-09,Oran,0.84,
2022-01-10,Oran,0.84,
2022-01-11,Oran,1.05,
2022-01-12,Oran,1.05,
2022-01-13,Oran,1.05,
2022-01-14,Oran,1.05,
2022-01-15,Oran,1.05,
2022-01-16,Oran,1.05,
2022-01-17,Oran,1.05,
2022-01-18,Oran,1.05,
2022-01-19,Oran,1.05,
2022-01-20,Oran,1.05,
2022-01-21,Oran,0.86,
2022-01-22,Oran,0.86,
2022-01-23,Oran,0.86,
2022-01-24,Oran,0.86,
2022-01-25,Oran,0.86,
2022-01-26,Oran,0.86,
2022-01-27,Oran,0.86,
2022-01-28,Oran,0.86,
2022-01-29,Oran,0.86,
2022-01-30,Oran,0.86,
2022-01-31,Oran,,
2022-02-01,Oran,1.03,
2022-02-02,Oran,1.03,
2022-02-03,Oran,1.03,
2022-02-04,Oran,1.03,
2022-02-05,Oran,1.03,
2022-02-06,Oran,1.03,
2022-02-07,Oran,1.03,
2022-02-08,Oran,1.03,
2022-02-09,Oran,1.03,
2022-02-10,Oran,1.03,
2022-02-11,Oran,1.07,
2022-02-12,Oran,1.07,
2022-02-13,Oran,1.07,
2022-02-14,Oran,1.07,
2022-02-15,Oran,1.07,
2022-02-16,Oran,1.07,
2022-02-17,Oran,1.07,
2022-02-18,Oran,1.07,
2022-02-19,Oran,1.07,
2022-02-20,Oran,1.07,
2022-02-21,Oran,1.09,
2022-02-22,Oran,1.09,
2022-02-23,Oran,1.09,
2022-02-24,Oran,1.09,
2022-02-25,Oran,1.09,
2022-02-26,Oran,1.09,
2022-02-27,Oran,1.09,
2022-02-28,Oran,1.09,
2022-03-01,Oran,1.03,
2022-03-02,Oran,1.03,
2022-03-03,Oran,1.03,
2022-03-04,Oran,1.03,
2022-03-05,Oran,1.03,
2022-03-06,Oran,1.03,
2022-03-07,Oran,1.03,
2022-03-08,Oran,1.03,
2022-03-09,Oran,1.03,
2022-03-10,Oran,1.03,
2022-03-11,Oran,0.89,4.0
2022-03-12,Oran,0.89,4.0
2022-03-13,Oran,0.89,4.0
2022-03-14,Oran,0.89,4.0
2022-03-15,Oran,0.89,4.0
2022-03-16,Oran,0.89,4.0
2022-03-17,Oran,0.89,4.0
2022-03-18,Oran,0.89,4.0
2022-03-19,Oran,0.89,4.0
2022-03-20,Oran,0.89,4.0
2022-03-21,Oran,,-10.0
2022-03-22,Oran,,-10.0
2022-03-23,Oran,,-10.0
2022-03-24,Oran,,-10.0
2022-03-25,Oran,,-10.0
2022-03-26,Oran,,-10.0
2022-03-27,Oran,,-10.0
2022-03-28,Oran,,-10.0
2022-03-29,Oran,,-10.0
2022-03-30,Oran,,-10.0
2022-03-31,Oran,,
2022-04-01,Oran,2.8000000000000003,1.0
2022-04-02,Oran,2.8000000000000003,1.0
2022-04-03,Oran,2.8000000000000003,1.0
2022-04-04,Oran,2.8000000000000003,1.0
2022-04-05,Oran,2.8000000000000003,1.0
2022-04-06,Oran,2.8000000000000003,1.0
2022-04-07,Oran,2.8000000000000003,1.0
2022-04-08,Oran,2.8000000000000003,1.0
2022-04-09,Oran,2.8000000000000003,1.0
2022-04-10,Oran,2.8000000000000003,1.0
2022-04-11,Oran,2.87,
2022-04-12,Oran,2.87,
2022-04-13,Oran,2.87,
2022-04-14,Oran,2.87,
2022-04-15,Oran,2.87,
2022-04-16,Oran,2.87,
2022-04-17,Oran,2.87,
2022-04-18,Oran,2.87,
2022-04-19,Oran,2.87,
2022-04-20,Oran,2.87,
2022-04-21,Oran,3.97,
2022-04-22,Oran,3.97,
2022-04-23,Oran,3.97,
2022-04-24,Oran,3.97,
2022-04-25,Oran,3.97,
2022-04-26,Oran,3.97,
2022-04-27,Oran,3.97,
2022-04-28,Oran,3.97,
2022-04-29,Oran,3.97,
2022-04-30,Oran,3.97,
2022-05-01,Oran,4.5200000000000005,
2022-05-02,Oran,4.5200000000000005,
2022-05-03,Oran,4.5200000000000005,
2022-05-04,Oran,4.5200000000000005,
2022-05-05,Oran,4.5200000000000005,
2022-05-06,Oran,4.5200000000000005,
2022-05-07,Oran,4.5200000000000005,
2022-05-08,Oran,4.5200000000000005,
2022-05-09,Oran,4.5200000000000005,
2022-05-10,Oran,4.5200000000000005,
2022-05-11,Oran,5.16,
2022-05-12,Oran,5.16,
2022-05-13,Oran,5.16,
2022-05-14,Oran,5.16,
2022-05-15,Oran,5.16,
2022-05-16,Oran,5.16,
2022-05-17,Oran,5.16,
2022-05-18,Oran,5.16,
2022-05-19,Oran,5.16,
2022-05-20,Oran,5.16,
2022-05-21,Oran,4.34,
2022-05-22,Oran,4.34,
2022-05-23,Oran,4.34,
2022-05-24,Oran,4.34,
2022-05-25,Oran,4.34,
2022-05-26,Oran,4.34,
2022-05-27,Oran,4.34,
2022-05-28,Oran,4.34,
2022-05-29,Oran,4.34,
2022-05-30,Oran,4.34,
2022-05-31,Oran,,
2022-06-01,Oran,2.23,
2022-06-02,Oran,2.23,
2022-06-03,Oran,2.23,
2022-06-04,Oran,2.23,
2022-06-05,Oran,2.23,
2022-06-06,Oran,2.23,
2022-06-07,Oran,2.23,
2022-06-08,Oran,2.23,
2022-06-09,Oran,2.23,
2022-06-10,Oran,2.23,
2022-06-11,Oran,0.89,
2022-06-12,Oran,0.89,
2022-06-13,Oran,0.89,
2022-06-14,Oran,0.89,
2022-06-15,Oran,0.89,
2022-06-16,Oran,0.89,
2022-06-17,Oran,0.89,
2022-06-18,Oran,0.89,
2022-06-19,Oran,0.89,
2022-06-20,Oran,0.89,
2022-06-21,Oran,1.81,
2022-06-22,Oran,1.81,
2022-06-23,Oran,1.81,
2022-06-24,Oran,1.81,
2022-06-25,Oran,1.81,
2022-06-26,Oran,1.81,
2022-06-27,Oran,1.81,
2022-06-28,Oran,1.81,
2022-06-29,Oran,1.81,
2022-06-30,Oran,1.81,
2022-07-01,Oran,1.31,
2022-07-02,Oran,1.31,
2022-07-03,Oran,1.31,
2022-07-04,Oran,1.31,
2022-07-05,Oran,1.31,
2022-07-06,Oran,1.31,
2022-07-07,Oran,1.31,
2022-07-08,Oran,1.31,
2022-07-09,Oran,1.31,
2022-07-10,Oran,1.31,
2022-07-11,Oran,1.73,
2022-07-12,Oran,1.73,
2022-07-13,Oran,1.73,
2022-07-14,Oran,1.73,
2022-07-15,Oran,1.73,
2022-07-16,Oran,1.73,
2022-07-17,Oran,1.73,
2022-07-18,Oran,1.73,
2022-07-19,Oran,1.73,
2022-07-20,Oran,1.73,
2022-07-21,Oran,1.57,
2022-07-22,Oran,1.57,
2022-07-23,Oran,1.57,
2022-07-24,Oran,1.57,
2022-07-25,Oran,1.57,
2022-07-26,Oran,1.57,
2022-07-27,Oran,1.57,
2022-07-28,Oran,1.57,
2022-07-29,Oran,1.57,
2022-07-30,Oran,1.57,
2022-07-31,Oran,,
2022-08-01,Oran,1.82,
2022-08-02,Oran,1.82,
2022-08-03,Oran,1.82,
2022-08-04,Oran,1.82,
2022-08-05,Oran,1.82,
2022-08-06,Oran,1.82,
2022-08-07,Oran,1.82,
2022-08-08,Oran,1.82,
2022-08-09,Oran,1.82,
2022-08-10,Oran,1.82,
2022-08-11,Oran,1.62,
2022-08-12,Oran,1.62,
2022-08-13,Oran,1.62,
2022-08-14,Oran,1.62,
2022-08-15,Oran,1.62,
2022-08-16,Oran,1.62,
2022-08-17,Oran,1.62,
2022-08-18,Oran,1.62,
2022-08-19,Oran,1.62,
2022-08-20,Oran,1.62,
2022-08-21,Oran,1.34,
2022-08-22,Oran,1.34,
2022-08-23,Oran,1.34,
2022-08-24,Oran,1.34,
2022-08-25,Oran,1.34,
2022-08-26,Oran,1.34,
2022-08-27,Oran,1.34,
2022-08-28,Oran,1.34,
2022-08-29,Oran,1.34,
2022-08-30,Oran,1.34,
2022-08-31,Oran,,
2022-09-01,Oran,1.56,
2022-09-02,Oran,1.56,
2022-09-03,Oran,1.56,
2022-09-04,Oran,1.56,
2022-09-05,Oran,1.56,
2022-09-06,Oran,1.56,
2022-09-07,Oran,1.56,
2022-09-08,Oran,1.56,
2022-09-09,Oran,1.56,
2022-09-10,Oran,1.56,
2022-09-11,Oran,1.19,
2022-09-12,Oran,1.19,
2022-09-13,Oran,1.19,
2022-09-14,Oran,1.19,
2022-09-15,Oran,1.19,
2022-09-16,Oran,1.19,
2022-09-17,Oran,1.19,
2022-09-18,Oran,1.19,
2022-09-19,Oran,1.19,
2022-09-20,Oran,1.19,
2022-09-21,Oran,1.4,
2022-09-22,Oran,1.4,
2022-09-23,Oran,1.4,
2022-09-24,Oran,1.4,
2022-09-25,Oran,1.4,
2022-09-26,Oran,1.4,
2022-09-27,Oran,1.4,
2022-09-28,Oran,1.4,
2022-09-29,Oran,1.4,
2022-09-30,Oran,1.4,
2022-10-01,Oran,1.28,
2022-10-02,Oran,1.28,
2022-10-03,Oran,1.28,
2022-10-04,Oran,1.28,
2022-10-05,Oran,1.28,
2022-10-06,Oran,1.28,
2022-10-07,Oran,1.28,
2022-10-08,Oran,1.28,
2022-10-09,Oran,1.28,
2022-10-10,Oran,1.28,
2022-10-11,Oran,1.36,
2022-10-12,Oran,1.36,
2022-10-13,Oran,1.36,
2022-10-14,Oran,1.36,
2022-10-15,Oran,1.36,
2022-10-16,Oran,1.36,
2022-10-17,Oran,1.36,
2022-10-18,Oran,1.36,
2022-10-19,Oran,1.36,
2022-10-20,Oran,1.36,
2022-10-21,Oran,1.11,
2022-10-22,Oran,1.11,
2022-10-23,Oran,1.11,
2022-10-24,Oran,1.11,
2022-10-25,Oran,1.11,
2022-10-26,Oran,1.11,
2022-10-27,Oran,1.11,
2022-10-28,Oran,1.11,
2022-10-29,Oran,1.11,
2022-10-30,Oran,1.11,
2022-10-31,Oran,,
2022-11-01,Oran,1.29,
2022-11-02,Oran,1.29,
2022-11-03,Oran,1.29,
2022-11-04,Oran,1.29,
2022-11-05,Oran,1.29,
2022-11-06,Oran,1.29,
2022-11-07,Oran,1.29,
2022-11-08,Oran,1.29,
2022-11-09,Oran,1.29,
2022-11-10,Oran,1.29,
2022-11-11,Oran,0.91,
2022-11-12,Oran,0.91,
2022-11-13,Oran,0.91,
2022-11-14,Oran,0.91,
2022-11-15,Oran,0.91,
2022-11-16,Oran,0.91,
2022-11-17,Oran,0.91,
2022-11-18,Oran,0.91,
2022-11-19,Oran,0.91,
2022-11-20,Oran,0.91,
2022-11-21,Oran,1.07,
2022-11-22,Oran,1.07,
2022-11-23,Oran,1.07,
2022-11-24,Oran,1.07,
2022-11-25,Oran,1.07,
2022-11-26,Oran,1.07,
2022-11-27,Oran,1.07,
2022-11-28,Oran,1.07,
2022-11-29,Oran,1.07,
2022-11-30,Oran,1.07,
2022-12-01,Oran,0.59,
2022-12-02,Oran,0.59,
2022-12-03,Oran,0.59,
2022-12-04,Oran,0.59,
2022-12-05,Oran,0.59,
2022-12-06,Oran,0.59,
2022-12-07,Oran,0.59,
2022-12-08,Oran,0.59,
2022-12-09,Oran,0.59,
2022-12-10,Oran,0.59,
2022-12-11,Oran,,-10.0
2022-12-12,Oran,,-10.0
2022-12-13,Oran,,-10.0
2022-12-14,Oran,,-10.0
2022-12-15,Oran,,-10.0
2022-12-16,Oran,,-10.0
2022-12-17,Oran,,-10.0
2022-12-18,Oran,,-10.0
2022-12-19,Oran,,-10.0
2022-12-20,Oran,,-10.0
2022-12-21,Oran,1.19,2.0
2022-12-22,Oran,1.19,2.0
2022-12-23,Oran,1.19,2.0
2022-12-24,Oran,1.19,2.0
2022-12-25,Oran,1.19,2.0
2022-12-26,Oran,1.19,2.0
2022-12-27,Oran,1.19,2.0
2022-12-28,Oran,1.19,2.0
2022-12-29,Oran,1.19,2.0
2022-12-30,Oran,1.19,2.0
2022-12-31,Oran,,
2023-01-01,Oran,0.98,
2023-01-02,Oran,0.98,
2023-01-03,Oran,0.98,
2023-01-04,Oran,0.98,
2023-01-05,Oran,0.98,
2023-01-06,Oran,0.98,
2023-01-07,Oran,0.98,
2023-01-08,Oran,0.98,
2023-01-09,Oran,0.98,
2023-01-10,Oran,0.98,
2023-01-11,Oran,1.12,
2023-01-12,Oran,1.12,
2023-01-13,Oran,1.12,
2023-01-14,Oran,1.12,
2023-01-15,Oran,1.12,
2023-01-16,Oran,1.12,
2023-01-17,Oran,1.12,
2023-01-18,Oran,1.12,
2023-01-19,Oran,1.12,
2023-01-20,Oran,1.12,
2023-01-21,Oran,1.24,
2023-01-22,Oran,1.24,
2023-01-23,Oran,1.24,
2023-01-24,Oran,1.24,
2023-01-25,Oran,1.24,
2023-01-26,Oran,1.24,
2023-01-27,Oran,1.24,
2023-01-28,Oran,1.24,
2023-01-29,Oran,1.24,
2023-01-30,Oran,1.24,
2023-01-31,Oran,,
2023-02-01,Oran,1.0,
2023-02-02,Oran,1.0,
2023-02-03,Oran,1.0,
2023-02-04,Oran,1.0,
2023-02-05,Oran,1.0,
2023-02-06,Oran,1.0,
2023-02-07,Oran,1.0,
2023-02-08,Oran,1.0,
2023-02-09,Oran,1.0,
2023-02-10,Oran,1.0,
2023-02-11,Oran,0.86,
2023-02-12,Oran,0.86,
2023-02-13,Oran,0.86,
2023-02-14,Oran,0.86,
2023-02-15,Oran,0.86,
2023-02-16,Oran,0.86,
2023-02-17,Oran,0.86,
2023-02-18,Oran,0.86,
2023-02-19,Oran,0.86,
2023-02-20,Oran,0.86,
2023-02-21,Oran,1.27,
2023-02-22,Oran,1.27,
2023-02-23,Oran,1.27,
2023-02-24,Oran,1.27,
2023-02-25,Oran,1.27,
2023-02-26,Oran,1.27,
2023-02-27,Oran,1.27,
2023-02-28,Oran,1.27,
2023-03-01,Oran,1.39,
2023-03-02,Oran,1.39,
2023-03-03,Oran,1.39,
2023-03-04,Oran,1.39,
2023-03-05,Oran,1.39,
2023-03-06,Oran,1.39,
2023-03-07,Oran,1.39,
2023-03-08,Oran,1.39,
2023-03-09,Oran,1.39,
2023-03-10,Oran,1.39,
2023-03-11,Oran,2.16,
2023-03-12,Oran,2.16,
2023-03-13,Oran,2.16,
2023-03-14,Oran,2.16,
2023-03-15,Oran,2.16,
2023-03-16,Oran,2.16,
2023-03-17,Oran,2.16,
2023-03-18,Oran,2.16,
2023-03-19,Oran,2.16,
2023-03-20,Oran,2.16,
2023-03-21,Oran,2.4,
2023-03-22,Oran,2.4,
2023-03-23,Oran,2.4,
2023-03-24,Oran,2.4,
2023-03-25,Oran,2.4,
2023-03-26,Oran,2.4,
2023-03-27,Oran,2.4,
2023-03-28,Oran,2.4,
2023-03-29,Oran,2.4,
2023-03-30,Oran,2.4,
2023-03-31,Oran,,
2023-04-01,Oran,2.66,
2023-04-02,Oran,2.66,
2023-04-03,Oran,2.66,
2023-04-04,Oran,2.66,
2023-04-05,Oran,2.66,
2023-04-06,Oran,2.66,
2023-04-07,Oran,2.66,
2023-04-08,Oran,2.66,
2023-04-09,Oran,2.66,
2023-04-10,Oran,2.66,
2023-04-11,Oran,2.6,
2023-04-12,Oran,2.6,
2023-04-13,Oran,2.6,
2023-04-14,Oran,2.6,
2023-04-15,Oran,2.6,
2023-04-16,Oran,2.6,
2023-04-17,Oran,2.6,
2023-04-18,Oran,2.6,
2023-04-19,Oran,2.6,
2023-04-20,Oran,2.6,
2023-04-21,Oran,2.23,
2023-04-22,Oran,2.23,
2023-04-23,Oran,2.23,
2023-04-24,Oran,2.23,
2023-04-25,Oran,2.23,
2023-04-26,Oran,2.23,
2023-04-27,Oran,2.23,
2023-04-28,Oran,2.23,
2023-04-29,Oran,2.23,
2023-04-30,Oran,2.23,
2023-05-01,Oran,2.24,
2023-05-02,Oran,2.24,
2023-05-03,Oran,2.24,
2023-05-04,Oran,2.24,
2023-05-05,Oran,2.24,
2023-05-06,Oran,2.24,
2023-05-07,Oran,2.24,
2023-05-08,Oran,2.24,
2023-05-09,Oran,2.24,
2023-05-10,Oran,2.24,
2023-05-11,Oran,1.46,
2023-05-12,Oran,1.46,
2023-05-13,Oran,1.46,
2023-05-14,Oran,1.46,
2023-05-15,Oran,1.46,
2023-05-16,Oran,1.46,
2023-05-17,Oran,1.46,
2023-05-18,Oran,1.46,
2023-05-19,Oran,1.46,
2023-05-20,Oran,1.46,
2023-05-21,Oran,0.62,4.0
2023-05-22,Oran,0.62,4.0
2023-05-23,Oran,0.62,4.0
2023-05-24,Oran,0.62,4.0
2023-05-25,Oran,0.62,4.0
2023-05-26,Oran,0.62,4.0
2023-05-27,Oran,0.62,4.0
2023-05-28,Oran,0.62,4.0
2023-05-29,Oran,0.62,4.0
2023-05-30,Oran,0.62,4.0
2023-05-31,Oran,,
2023-06-01,Oran,1.13,3.0
2023-06-02,Oran,1.13,3.0
2023-06-03,Oran,1.13,3.0
2023-06-04,Oran,1.13,3.0
2023-06-05,Oran,1.13,3.0
2023-06-06,Oran,1.13,3.0
2023-06-07,Oran,1.13,3.0
2023-06-08,Oran,1.13,3.0
2023-06-09,Oran,1.13,3.0
2023-06-10,Oran,1.13,3.0
2023-06-11,Oran,1.86,
2023-06-12,Oran,1.86,
2023-06-13,Oran,1.86,
2023-06-14,Oran,1.86,
2023-06-15,Oran,1.86,
2023-06-16,Oran,1.86,
2023-06-17,Oran,1.86,
2023-06-18,Oran,1.86,
2023-06-19,Oran,1.86,
2023-06-20,Oran,1.86,
2023-06-21,Oran,2.5,
2023-06-22,Oran,2.5,
2023-06-23,Oran,2.5,
2023-06-24,Oran,2.5,
2023-06-25,Oran,2.5,
2023-06-26,Oran,2.5,
2023-06-27,Oran,2.5,
2023-06-28,Oran,2.5,
2023-06-29,Oran,2.5,
2023-06-30,Oran,2.5,
2023-07-01,Oran,3.16,
2023-07-02,Oran,3.16,
2023-07-03,Oran,3.16,
2023-07-04,Oran,3.16,
2023-07-05,Oran,3.16,
2023-07-06,Oran,3.16,
2023-07-07,Oran,3.16,
2023-07-08,Oran,3.16,
2023-07-09,Oran,3.16,
2023-07-10,Oran,3.16,
2023-07-11,Oran,2.99,
2023-07-12,Oran,2.99,
2023-07-13,Oran,2.99,
2023-07-14,Oran,2.99,
2023-07-15,Oran,2.99,
2023-07-16,Oran,2.99,
2023-07-17,Oran,2.99,
2023-07-18,Oran,2.99,
2023-07-19,Oran,2.99,
2023-07-20,Oran,2.99,
2023-07-21,Oran,2.73,
2023-07-22,Oran,2.73,
2023-07-23,Oran,2.73,
2023-07-24,Oran,2.73,
2023-07-25,Oran,2.73,
2023-07-26,Oran,2.73,
2023-07-27,Oran,2.73,
2023-07-28,Oran,2.73,
2023-07-29,Oran,2.73,
2023-07-30,Oran,2.73,
2023-07-31,Oran,,
2023-08-01,Oran,2.4,
2023-08-02,Oran,2.4,
2023-08-03,Oran,2.4,
2023-08-04,Oran,2.4,
2023-08-05,Oran,2.4,
2023-08-06,Oran,2.4,
2023-08-07,Oran,2.4,
2023-08-08,Oran,2.4,
2023-08-09,Oran,2.4,
2023-08-10,Oran,2.4,
2023-08-11,Oran,2.24,
2023-08-12,Oran,2.24,
2023-08-13,Oran,2.24,
2023-08-14,Oran,2.24,
2023-08-15,Oran,2.24,
2023-08-16,Oran,2.24,
2023-08-17,Oran,2.24,
2023-08-18,Oran,2.24,
2023-08-19,Oran,2.24,
2023-08-20,Oran,2.24,
2023-08-21,Oran,1.95,
2023-08-22,Oran,1.95,
2023-08-23,Oran,1.95,
2023-08-24,Oran,1.95,
2023-08-25,Oran,1.95,
2023-08-26,Oran,1.95,
2023-08-27,Oran,1.95,
2023-08-28,Oran,1.95,
2023-08-29,Oran,1.95,
2023-08-30,Oran,1.95,
2023-08-31,Oran,,
2023-09-01,Oran,1.61,
2023-09-02,Oran,1.61,
2023-09-03,Oran,1.61,
2023-09-04,Oran,1.61,
2023-09-05,Oran,1.61,
2023-09-06,Oran,1.61,
2023-09-07,Oran,1.61,
2023-09-08,Oran,1.61,
2023-09-09,Oran,1.61,
2023-09-10,Oran,1.61,
2023-09-11,Oran,1.76,
2023-09-12,Oran,1.76,
2023-09-13,Oran,1.76,
2023-09-14,Oran,1.76,
2023-09-15,Oran,1.76,
2023-09-16,Oran,1.76,
2023-09-17,Oran,1.76,
2023-09-18,Oran,1.76,
2023-09-19,Oran,1.76,
2023-09-20,Oran,1.76,
2023-09-21,Oran,2.03,
2023-09-22,Oran,2.03,
2023-09-23,Oran,2.03,
2023-09-24,Oran,2.03,
2023-09-25,Oran,2.03,
2023-09-26,Oran,2.03,
2023-09-27,Oran,2.03,
2023-09-28,Oran,2.03,
2023-09-29,Oran,2.03,
2023-09-30,Oran,2.03,
2023-10-01,Oran,1.53,
2023-10-02,Oran,1.53,
2023-10-03,Oran,1.53,
2023-10-04,Oran,1.53,
2023-10-05,Oran,1.53,
2023-10-06,Oran,1.53,
2023-10-07,Oran,1.53,
2023-10-08,Oran,1.53,
2023-10-09,Oran,1.53,
2023-10-10,Oran,1.53,
2023-10-11,Oran,0.96,
2023-10-12,Oran,0.96,
2023-10-13,Oran,0.96,
2023-10-14,Oran,0.96,
2023-10-15,Oran,0.96,
2023-10-16,Oran,0.96,
2023-10-17,Oran,0.96,
2023-10-18,Oran,0.96,
2023-10-19,Oran,0.96,
2023-10-20,Oran,0.96,
2023-10-21,Oran,0.8,
2023-10-22,Oran,0.8,
2023-10-23,Oran,0.8,
2023-10-24,Oran,0.8,
2023-10-25,Oran,0.8,
2023-10-26,Oran,0.8,
2023-10-27,Oran,0.8,
2023-10-28,Oran,0.8,
2023-10-29,Oran,0.8,
2023-10-30,Oran,0.8,
2023-10-31,Oran,,
2023-11-01,Oran,0.91,
2023-11-02,Oran,0.91,
2023-11-03,Oran,0.91,
2023-11-04,Oran,0.91,
2023-11-05,Oran,0.91,
2023-11-06,Oran,0.91,
2023-11-07,Oran,0.91,
2023-11-08,Oran,0.91,
2023-11-09,Oran,0.91,
2023-11-10,Oran,0.91,
2023-11-11,Oran,0.94,
2023-11-12,Oran,0.94,
2023-11-13,Oran,0.94,
2023-11-14,Oran,0.94,
2023-11-15,Oran,0.94,
2023-11-16,Oran,0.94,
2023-11-17,Oran,0.94,
2023-11-18,Oran,0.94,
2023-11-19,Oran,0.94,
2023-11-20,Oran,0.94,
2023-11-21,Oran,0.78,
2023-11-22,Oran,0.78,
2023-11-23,Oran,0.78,
2023-11-24,Oran,0.78,
2023-11-25,Oran,0.78,
2023-11-26,Oran,0.78,
2023-11-27,Oran,0.78,
2023-11-28,Oran,0.78,
2023-11-29,Oran,0.78,
2023-11-30,Oran,0.78,
2023-12-01,Oran,0.5700000000000001,
2023-12-02,Oran,0.5700000000000001,
2023-12-03,Oran,0.5700000000000001,
2023-12-04,Oran,0.5700000000000001,
2023-12-05,Oran,0.5700000000000001,
2023-12-06,Oran,0.5700000000000001,
2023-12-07,Oran,0.5700000000000001,
2023-12-08,Oran,0.5700000000000001,
2023-12-09,Oran,0.5700000000000001,
2023-12-10,Oran,0.5700000000000001,
2023-12-11,Oran,0.74,
2023-12-12,Oran,0.74,
2023-12-13,Oran,0.74,
2023-12-14,Oran,0.74,
2023-12-15,Oran,0.74,
2023-12-16,Oran,0.74,
2023-12-17,Oran,0.74,
2023-12-18,Oran,0.74,
2023-12-19,Oran,0.74,
2023-12-20,Oran,0.74,
2023-12-21,Oran,0.76,
2023-12-22,Oran,0.76,
2023-12-23,Oran,0.76,
2023-12-24,Oran,0.76,
2023-12-25,Oran,0.76,
2023-12-26,Oran,0.76,
2023-12-27,Oran,0.76,
2023-12-28,Oran,0.76,
2023-12-29,Oran,0.76,
2023-12-30,Oran,0.76,
2023-12-31,Oran,,
2024-01-01,Oran,0.64,
2024-01-02,Oran,0.64,
2024-01-03,Oran,0.64,
2024-01-04,Oran,0.64,
2024-01-05,Oran,0.64,
2024-01-06,Oran,0.64,
2024-01-07,Oran,0.64,
2024-01-08,Oran,0.64,
2024-01-09,Oran,0.64,
2024-01-10,Oran,0.64,
2024-01-11,Oran,0.55,1.0
2024-01-12,Oran,0.55,1.0
2024-01-13,Oran,0.55,1.0
2024-01-14,Oran,0.55,1.0
2024-01-15,Oran,0.55,1.0
2024-01-16,Oran,0.55,1.0
2024-01-17,Oran,0.55,1.0
2024-01-18,Oran,0.55,1.0
2024-01-19,Oran,0.55,1.0
2024-01-20,Oran,0.55,1.0
2024-01-21,Oran,0.99,1.0
2024-01-22,Oran,0.99,1.0
2024-01-23,Oran,0.99,1.0
2024-01-24,Oran,0.99,1.0
2024-01-25,Oran,0.99,1.0
2024-01-26,Oran,0.99,1.0
2024-01-27,Oran,0.99,1.0
2024-01-28,Oran,0.99,1.0
2024-01-29,Oran,0.99,1.0
2024-01-30,Oran,0.99,1.0
2024-01-31,Oran,,
2024-02-01,Oran,0.94,
2024-02-02,Oran,0.94,
2024-02-03,Oran,0.94,
2024-02-04,Oran,0.94,
2024-02-05,Oran,0.94,
2024-02-06,Oran,0.94,
2024-02-07,Oran,0.94,
2024-02-08,Oran,0.94,
2024-02-09,Oran,0.94,
2024-02-10,Oran,0.94,
2024-02-11,Oran,1.17,
2024-02-12,Oran,1.17,
2024-02-13,Oran,1.17,
2024-02-14,Oran,1.17,
2024-02-15,Oran,1.17,
2024-02-16,Oran,1.17,
2024-02-17,Oran,1.17,
2024-02-18,Oran,1.17,
2024-02-19,Oran,1.17,
2024-02-20,Oran,1.17,
2024-02-21,Oran,1.29,
2024-02-22,Oran,1.29,
2024-02-23,Oran,1.29,
2024-02-24,Oran,1.29,
2024-02-25,Oran,1.29,
2024-02-26,Oran,1.29,
2024-02-27,Oran,1.29,
2024-02-28,Oran,1.29,
2024-02-29,Oran,1.29,
2024-03-01,Oran,1.47,
2024-03-02,Oran,1.47,
2024-03-03,Oran,1.47,
2024-03-04,Oran,1.47,
2024-03-05,Oran,1.47,
2024-03-06,Oran,1.47,
2024-03-07,Oran,1.47,
2024-03-08,Oran,1.47,
2024-03-09,Oran,1.47,
2024-03-10,Oran,1.47,
2024-03-11,Oran,2.03,
2024-03-12,Oran,2.03,
2024-03-13,Oran,2.03,
2024-03-14,Oran,2.03,
2024-03-15,Oran,2.03,
2024-03-16,Oran,2.03,
2024-03-17,Oran,2.03,
2024-03-18,Oran,2.03,
2024-03-19,Oran,2.03,
2024-03-20,Oran,2.03,
2024-03-21,Oran,1.48,2.0
2024-03-22,Oran,1.48,2.0
2024-03-23,Oran,1.48,2.0
2024-03-24,Oran,1.48,2.0
2024-03-25,Oran,1.48,2.0
2024-03-26,Oran,1.48,2.0
2024-03-27,Oran,1.48,2.0
2024-03-28,Oran,1.48,2.0
2024-03-29,Oran,1.48,2.0
2024-03-30,Oran,1.48,2.0
2024-03-31,Oran,,
2024-04-01,Oran,3.2,3.0
2024-04-02,Oran,3.2,3.0
2024-04-03,Oran,3.2,3.0
2024-04-04,Oran,3.2,3.0
2024-04-05,Oran,3.2,3.0
2024-04-06,Oran,3.2,3.0
2024-04-07,Oran,3.2,3.0
2024-04-08,Oran,3.2,3.0
2024-04-09,Oran,3.2,3.0
2024-04-10,Oran,3.2,3.0
2024-04-11,Oran,3.42,
2024-04-12,Oran,3.42,
2024-04-13,Oran,3.42,
2024-04-14,Oran,3.42,
2024-04-15,Oran,3.42,
2024-04-16,Oran,3.42,
2024-04-17,Oran,3.42,
2024-04-18,Oran,3.42,
2024-04-19,Oran,3.42,
2024-04-20,Oran,3.42,
2024-04-21,Oran,2.82,
2024-04-22,Oran,2.82,
2024-04-23,Oran,2.82,
2024-04-24,Oran,2.82,
2024-04-25,Oran,2.82,
2024-04-26,Oran,2.82,
2024-04-27,Oran,2.82,
2024-04-28,Oran,2.82,
2024-04-29,Oran,2.82,
2024-04-30,Oran,2.82,
2024-05-01,Oran,3.89,
2024-05-02,Oran,3.89,
2024-05-03,Oran,3.89,
2024-05-04,Oran,3.89,
2024-05-05,Oran,3.89,
2024-05-06,Oran,3.89,
2024-05-07,Oran,3.89,
2024-05-08,Oran,3.89,
2024-05-09,Oran,3.89,
2024-05-10,Oran,3.89,
2024-05-11,Oran,3.12,
2024-05-12,Oran,3.12,
2024-05-13,Oran,3.12,
2024-05-14,Oran,3.12,
2024-05-15,Oran,3.12,
2024-05-16,Oran,3.12,
2024-05-17,Oran,3.12,
2024-05-18,Oran,3.12,
2024-05-19,Oran,3.12,
2024-05-20,Oran,3.12,
2024-05-21,Oran,2.59,
2024-05-22,Oran,2.59,
2024-05-23,Oran,2.59,
2024-05-24,Oran,2.59,
2024-05-25,Oran,2.59,
2024-05-26,Oran,2.59,
2024-05-27,Oran,2.59,
2024-05-28,Oran,2.59,
2024-05-29,Oran,2.59,
2024-05-30,Oran,2.59,
2024-05-31,Oran,,
2024-06-01,Oran,2.07,
2024-06-02,Oran,2.07,
2024-06-03,Oran,2.07,
2024-06-04,Oran,2.07,
2024-06-05,Oran,2.07,
2024-06-06,Oran,2.07,
2024-06-07,Oran,2.07,
2024-06-08,Oran,2.07,
2024-06-09,Oran,2.07,
2024-06-10,Oran,2.07,
2024-06-11,Oran,3.1,
2024-06-12,Oran,3.1,
2024-06-13,Oran,3.1,
2024-06-14,Oran,3.1,
2024-06-15,Oran,3.1,
2024-06-16,Oran,3.1,
2024-06-17,Oran,3.1,
2024-06-18,Oran,3.1,
2024-06-19,Oran,3.1,
2024-06-20,Oran,3.1,
2024-06-21,Oran,3.63,
2024-06-22,Oran,3.63,
2024-06-23,Oran,3.63,
2024-06-24,Oran,3.63,
2024-06-25,Oran,3.63,
2024-06-26,Oran,3.63,
2024-06-27,Oran,3.63,
2024-06-28,Oran,3.63,
2024-06-29,Oran,3.63,
2024-06-30,Oran,3.63,
2024-07-01,Oran,3.72,
2024-07-02,Oran,3.72,
2024-07-03,Oran,3.72,
2024-07-04,Oran,3.72,
2024-07-05,Oran,3.72,
2024-07-06,Oran,3.72,
2024-07-07,Oran,3.72,
2024-07-08,Oran,3.72,
2024-07-09,Oran,3.72,
2024-07-10,Oran,3.72,
2024-07-11,Oran,3.68,
2024-07-12,Oran,3.68,
2024-07-13,Oran,3.68,
2024-07-14,Oran,3.68,
2024-07-15,Oran,3.68,
2024-07-16,Oran,3.68,
2024-07-17,Oran,3.68,
2024-07-18,Oran,3.68,
2024-07-19,Oran,3.68,
2024-07-20,Oran,3.68,
2024-07-21,Oran,3.04,
2024-07-22,Oran,3.04,
2024-07-23,Oran,3.04,
2024-07-24,Oran,3.04,
2024-07-25,Oran,3.04,
2024-07-26,Oran,3.04,
2024-07-27,Oran,3.04,
2024-07-28,Oran,3.04,
2024-07-29,Oran,3.04,
2024-07-30,Oran,3.04,
2024-07-31,Oran,,
2024-08-01,Oran,2.5500000000000003,
2024-08-02,Oran,2.5500000000000003,
2024-08-03,Oran,2.5500000000000003,
2024-08-04,Oran,2.5500000000000003,
2024-08-05,Oran,2.5500000000000003,
2024-08-06,Oran,2.5500000000000003,
2024-08-07,Oran,2.5500000000000003,
2024-08-08,Oran,2.5500000000000003,
2024-08-09,Oran,2.5500000000000003,
2024-08-10,Oran,2.5500000000000003,
2024-08-11,Oran,2.56,
2024-08-12,Oran,2.56,
2024-08-13,Oran,2.56,
2024-08-14,Oran,2.56,
2024-08-15,Oran,2.56,
2024-08-16,Oran,2.56,
2024-08-17,Oran,2.56,
2024-08-18,Oran,2.56,
2024-08-19,Oran,2.56,
2024-08-20,Oran,2.56,
2024-08-21,Oran,1.89,
2024-08-22,Oran,1.89,
2024-08-23,Oran,1.89,
2024-08-24,Oran,1.89,
2024-08-25,Oran,1.89,
2024-08-26,Oran,1.89,
2024-08-27,Oran,1.89,
2024-08-28,Oran,1.89,
2024-08-29,Oran,1.89,
2024-08-30,Oran,1.89,
2024-08-31,Oran,,
2024-09-01,Oran,2.18,
2024-09-02,Oran,2.18,
2024-09-03,Oran,2.18,
2024-09-04,Oran,2.18,
2024-09-05,Oran,2.18,
2024-09-06,Oran,2.18,
2024-09-07,Oran,2.18,
2024-09-08,Oran,2.18,
2024-09-09,Oran,2.18,
2024-09-10,Oran,2.18,
2024-09-11,Oran,1.69,
2024-09-12,Oran,1.69,
2024-09-13,Oran,1.69,
2024-09-14,Oran,1.69,
2024-09-15,Oran,1.69,
2024-09-16,Oran,1.69,
2024-09-17,Oran,1.69,
2024-09-18,Oran,1.69,
2024-09-19,Oran,1.69,
2024-09-20,Oran,1.69,
2024-09-21,Oran,1.71,
2024-09-22,Oran,1.71,
2024-09-23,Oran,1.71,
2024-09-24,Oran,1.71,
2024-09-25,Oran,1.71,
2024-09-26,Oran,1.71,
2024-09-27,Oran,1.71,
2024-09-28,Oran,1.71,
2024-09-29,Oran,1.71,
2024-09-30,Oran,1.71,
2024-10-01,Oran,1.38,
2024-10-02,Oran,1.38,
2024-10-03,Oran,1.38,
2024-10-04,Oran,1.38,
2024-10-05,Oran,1.38,
2024-10-06,Oran,1.38,
2024-10-07,Oran,1.38,
2024-10-08,Oran,1.38,
2024-10-09,Oran,1.38,
2024-10-10,Oran,1.38,
2024-10-11,Oran,1.24,
2024-10-12,Oran,1.24,
2024-10-13,Oran,1.24,
2024-10-14,Oran,1.24,
2024-10-15,Oran,1.24,
2024-10-16,Oran,1.24,
2024-10-17,Oran,1.24,
2024-10-18,Oran,1.24,
2024-10-19,Oran,1.24,
2024-10-20,Oran,1.24,
2024-10-21,Oran,0.99,
2024-10-22,Oran,0.99,
2024-10-23,Oran,0.99,
2024-10-24,Oran,0.99,
2024-10-25,Oran,0.99,
2024-10-26,Oran,0.99,
2024-10-27,Oran,0.99,
2024-10-28,Oran,0.99,
2024-10-29,Oran,0.99,
2024-10-30,Oran,0.99,
2024-10-31,Oran,,
2024-11-01,Oran,1.04,
2024-11-02,Oran,1.04,
2024-11-03,Oran,1.04,
2024-11-04,Oran,1.04,
2024-11-05,Oran,1.04,
2024-11-06,Oran,1.04,
2024-11-07,Oran,1.04,
2024-11-08,Oran,1.04,
2024-11-09,Oran,1.04,
2024-11-10,Oran,1.04,
2024-11-11,Oran,0.95,
2024-11-12,Oran,0.95,
2024-11-13,Oran,0.95,
2024-11-14,Oran,0.95,
2024-11-15,Oran,0.95,
2024-11-16,Oran,0.95,
2024-11-17,Oran,0.95,
2024-11-18,Oran,0.95,
2024-11-19,Oran,0.95,
2024-11-20,Oran,0.95,
2024-11-21,Oran,1.13,
2024-11-22,Oran,1.13,
2024-11-23,Oran,1.13,
2024-11-24,Oran,1.13,
2024-11-25,Oran,1.13,
2024-11-26,Oran,1.13,
2024-11-27,Oran,1.13,
2024-11-28,Oran,1.13,
2024-11-29,Oran,1.13,
2024-11-30,Oran,1.13,
2024-12-01,Oran,1.11,
2024-12-02,Oran,1.11,
2024-12-03,Oran,1.11,
2024-12-04,Oran,1.11,
2024-12-05,Oran,1.11,
2024-12-06,Oran,1.11,
2024-12-07,Oran,1.11,
2024-12-08,Oran,1.11,
2024-12-09,Oran,1.11,
2024-12-10,Oran,1.11,
2024-12-11,Oran,1.01,
2024-12-12,Oran,1.01,
2024-12-13,Oran,1.01,
2024-12-14,Oran,1.01,
2024-12-15,Oran,1.01,
2024-12-16,Oran,1.01,
2024-12-17,Oran,1.01,
2024-12-18,Oran,1.01,
2024-12-19,Oran,1.01,
2024-12-20,Oran,1.01,
2024-12-21,Oran,0.97,
2024-12-22,Oran,0.97,
2024-12-23,Oran,0.97,
2024-12-24,Oran,0.97,
2024-12-25,Oran,0.97,
2024-12-26,Oran,0.97,
2024-12-27,Oran,0.97,
2024-12-28,Oran,0.97,
2024-12-29,Oran,0.97,
2024-12-30,Oran,0.97,
2018-01-01,TzM,0.55,4.0
2018-01-02,TzM,0.55,4.0
2018-01-03,TzM,0.55,4.0
2018-01-04,TzM,0.55,4.0
2018-01-05,TzM,0.55,4.0
2018-01-06,TzM,0.55,4.0
2018-01-07,TzM,0.55,4.0
2018-01-08,TzM,0.55,4.0
2018-01-09,TzM,0.55,4.0
2018-01-10,TzM,0.55,4.0
2018-01-11,TzM,,
2018-01-12,TzM,,
2018-01-13,TzM,,
2018-01-14,TzM,,
2018-01-15,TzM,,
2018-01-16,TzM,,
2018-01-17,TzM,,
2018-01-18,TzM,,
2018-01-19,TzM,,
2018-01-20,TzM,,
2018-01-21,TzM,,
2018-01-22,TzM,,
2018-01-23,TzM,,
2018-01-24,TzM,,
2018-01-25,TzM,,
2018-01-26,TzM,,
2018-01-27,TzM,,
2018-01-28,TzM,,
2018-01-29,TzM,,
2018-01-30,TzM,,
2018-01-31,TzM,,
2018-02-01,TzM,,
2018-02-02,TzM,,
2018-02-03,TzM,,
2018-02-04,TzM,,
2018-02-05,TzM,,
2018-02-06,TzM,,
2018-02-07,TzM,,
2018-02-08,TzM,,
2018-02-09,TzM,,
2018-02-10,TzM,,
2018-02-11,TzM,,
2018-02-12,TzM,,
2018-02-13,TzM,,
2018-02-14,TzM,,
2018-02-15,TzM,,
2018-02-16,TzM,,
2018-02-17,TzM,,
2018-02-18,TzM,,
2018-02-19,TzM,,
2018-02-20,TzM,,
2018-02-21,TzM,,
2018-02-22,TzM,,
2018-02-23,TzM,,
2018-02-24,TzM,,
2018-02-25,TzM,,
2018-02-26,TzM,,
2018-02-27,TzM,,
2018-02-28,TzM,,
2018-03-01,TzM,,
2018-03-02,TzM,,
2018-03-03,TzM,,
2018-03-04,TzM,,
2018-03-05,TzM,,
2018-03-06,TzM,,
2018-03-07,TzM,,
2018-03-08,TzM,,
2018-03-09,TzM,,
2018-03-10,TzM,,
2018-03-11,TzM,,
2018-03-12,TzM,,
2018-03-13,TzM,,
2018-03-14,TzM,,
2018-03-15,TzM,,
2018-03-16,TzM,,
2018-03-17,TzM,,
2018-03-18,TzM,,
2018-03-19,TzM,,
2018-03-20,TzM,,
2018-03-21,TzM,1.82,2.0
2018-03-22,TzM,1.82,2.0
2018-03-23,TzM,1.82,2.0
2018-03-24,TzM,1.82,2.0
2018-03-25,TzM,1.82,2.0
2018-03-26,TzM,1.82,2.0
2018-03-27,TzM,1.82,2.0
2018-03-28,TzM,1.82,2.0
2018-03-29,TzM,1.82,2.0
2018-03-30,TzM,1.82,2.0
2018-03-31,TzM,,
2018-04-01,TzM,1.76,4.0
2018-04-02,TzM,1.76,4.0
2018-04-03,TzM,1.76,4.0
2018-04-04,TzM,1.76,4.0
2018-04-05,TzM,1.76,4.0
2018-04-06,TzM,1.76,4.0
2018-04-07,TzM,1.76,4.0
2018-04-08,TzM,1.76,4.0
2018-04-09,TzM,1.76,4.0
2018-04-10,TzM,1.76,4.0
2018-04-11,TzM,2.59,3.0
2018-04-12,TzM,2.59,3.0
2018-04-13,TzM,2.59,3.0
2018-04-14,TzM,2.59,3.0
2018-04-15,TzM,2.59,3.0
2018-04-16,TzM,2.59,3.0
2018-04-17,TzM,2.59,3.0
2018-04-18,TzM,2.59,3.0
2018-04-19,TzM,2.59,3.0
2018-04-20,TzM,2.59,3.0
2018-04-21,TzM,2.05,1.0
2018-04-22,TzM,2.05,1.0
2018-04-23,TzM,2.05,1.0
2018-04-24,TzM,2.05,1.0
2018-04-25,TzM,2.05,1.0
2018-04-26,TzM,2.05,1.0
2018-04-27,TzM,2.05,1.0
2018-04-28,TzM,2.05,1.0
2018-04-29,TzM,2.05,1.0
2018-04-30,TzM,2.05,1.0
2018-05-01,TzM,2.34,3.0
2018-05-02,TzM,2.34,3.0
2018-05-03,TzM,2.34,3.0
2018-05-04,TzM,2.34,3.0
2018-05-05,TzM,2.34,3.0
2018-05-06,TzM,2.34,3.0
2018-05-07,TzM,2.34,3.0
2018-05-08,TzM,2.34,3.0
2018-05-09,TzM,2.34,3.0
2018-05-10,TzM,2.34,3.0
2018-05-11,TzM,2.16,3.0
2018-05-12,TzM,2.16,3.0
2018-05-13,TzM,2.16,3.0
2018-05-14,TzM,2.16,3.0
2018-05-15,TzM,2.16,3.0
2018-05-16,TzM,2.16,3.0
2018-05-17,TzM,2.16,3.0
2018-05-18,TzM,2.16,3.0
2018-05-19,TzM,2.16,3.0
2018-05-20,TzM,2.16,3.0
2018-05-21,TzM,1.4,1.0
2018-05-22,TzM,1.4,1.0
2018-05-23,TzM,1.4,1.0
2018-05-24,TzM,1.4,1.0
2018-05-25,TzM,1.4,1.0
2018-05-26,TzM,1.4,1.0
2018-05-27,TzM,1.4,1.0
2018-05-28,TzM,1.4,1.0
2018-05-29,TzM,1.4,1.0
2018-05-30,TzM,1.4,1.0
2018-05-31,TzM,,
2018-06-01,TzM,1.28,4.0
2018-06-02,TzM,1.28,4.0
2018-06-03,TzM,1.28,4.0
2018-06-04,TzM,1.28,4.0
2018-06-05,TzM,1.28,4.0
2018-06-06,TzM,1.28,4.0
2018-06-07,TzM,1.28,4.0
2018-06-08,TzM,1.28,4.0
2018-06-09,TzM,1.28,4.0
2018-06-10,TzM,1.28,4.0
2018-06-11,TzM,1.86,1.0
2018-06-12,TzM,1.86,1.0
2018-06-13,TzM,1.86,1.0
2018-06-14,TzM,1.86,1.0
2018-06-15,TzM,1.86,1.0
2018-06-16,TzM,1.86,1.0
2018-06-17,TzM,1.86,1.0
2018-06-18,TzM,1.86,1.0
2018-06-19,TzM,1.86,1.0
2018-06-20,TzM,1.86,1.0
2018-06-21,TzM,0.97,3.0
2018-06-22,TzM,0.97,3.0
2018-06-23,TzM,0.97,3.0
2018-06-24,TzM,0.97,3.0
2018-06-25,TzM,0.97,3.0
2018-06-26,TzM,0.97,3.0
2018-06-27,TzM,0.97,3.0
2018-06-28,TzM,0.97,3.0
2018-06-29,TzM,0.97,3.0
2018-06-30,TzM,0.97,3.0
2018-07-01,TzM,1.45,3.0
2018-07-02,TzM,1.45,3.0
2018-07-03,TzM,1.45,3.0
2018-07-04,TzM,1.45,3.0
2018-07-05,TzM,1.45,3.0
2018-07-06,TzM,1.45,3.0
2018-07-07,TzM,1.45,3.0
2018-07-08,TzM,1.45,3.0
2018-07-09,TzM,1.45,3.0
2018-07-10,TzM,1.45,3.0
2018-07-11,TzM,1.41,3.0
2018-07-12,TzM,1.41,3.0
2018-07-13,TzM,1.41,3.0
2018-07-14,TzM,1.41,3.0
2018-07-15,TzM,1.41,3.0
2018-07-16,TzM,1.41,3.0
2018-07-17,TzM,1.41,3.0
2018-07-18,TzM,1.41,3.0
2018-07-19,TzM,1.41,3.0
2018-07-20,TzM,1.41,3.0
2018-07-21,TzM,1.48,1.0
2018-07-22,TzM,1.48,1.0
2018-07-23,TzM,1.48,1.0
2018-07-24,TzM,1.48,1.0
2018-07-25,TzM,1.48,1.0
2018-07-26,TzM,1.48,1.0
2018-07-27,TzM,1.48,1.0
2018-07-28,TzM,1.48,1.0
2018-07-29,TzM,1.48,1.0
2018-07-30,TzM,1.48,1.0
2018-07-31,TzM,,
2018-08-01,TzM,1.34,
2018-08-02,TzM,1.34,
2018-08-03,TzM,1.34,
2018-08-04,TzM,1.34,
2018-08-05,TzM,1.34,
2018-08-06,TzM,1.34,
2018-08-07,TzM,1.34,
2018-08-08,TzM,1.34,
2018-08-09,TzM,1.34,
2018-08-10,TzM,1.34,
2018-08-11,TzM,1.14,1.0
2018-08-12,TzM,1.14,1.0
2018-08-13,TzM,1.14,1.0
2018-08-14,TzM,1.14,1.0
2018-08-15,TzM,1.14,1.0
2018-08-16,TzM,1.14,1.0
2018-08-17,TzM,1.14,1.0
2018-08-18,TzM,1.14,1.0
2018-08-19,TzM,1.14,1.0
2018-08-20,TzM,1.14,1.0
2018-08-21,TzM,1.25,2.0
2018-08-22,TzM,1.25,2.0
2018-08-23,TzM,1.25,2.0
2018-08-24,TzM,1.25,2.0
2018-08-25,TzM,1.25,2.0
2018-08-26,TzM,1.25,2.0
2018-08-27,TzM,1.25,2.0
2018-08-28,TzM,1.25,2.0
2018-08-29,TzM,1.25,2.0
2018-08-30,TzM,1.25,2.0
2018-08-31,TzM,,
2018-09-01,TzM,0.98,1.0
2018-09-02,TzM,0.98,1.0
2018-09-03,TzM,0.98,1.0
2018-09-04,TzM,0.98,1.0
2018-09-05,TzM,0.98,1.0
2018-09-06,TzM,0.98,1.0
2018-09-07,TzM,0.98,1.0
2018-09-08,TzM,0.98,1.0
2018-09-09,TzM,0.98,1.0
2018-09-10,TzM,0.98,1.0
2018-09-11,TzM,1.33,1.0
2018-09-12,TzM,1.33,1.0
2018-09-13,TzM,1.33,1.0
2018-09-14,TzM,1.33,1.0
2018-09-15,TzM,1.33,1.0
2018-09-16,TzM,1.33,1.0
2018-09-17,TzM,1.33,1.0
2018-09-18,TzM,1.33,1.0
2018-09-19,TzM,1.33,1.0
2018-09-20,TzM,1.33,1.0
2018-09-21,TzM,1.25,
2018-09-22,TzM,1.25,
2018-09-23,TzM,1.25,
2018-09-24,TzM,1.25,
2018-09-25,TzM,1.25,
2018-09-26,TzM,1.25,
2018-09-27,TzM,1.25,
2018-09-28,TzM,1.25,
2018-09-29,TzM,1.25,
2018-09-30,TzM,1.25,
2018-10-01,TzM,1.21,3.0
2018-10-02,TzM,1.21,3.0
2018-10-03,TzM,1.21,3.0
2018-10-04,TzM,1.21,3.0
2018-10-05,TzM,1.21,3.0
2018-10-06,TzM,1.21,3.0
2018-10-07,TzM,1.21,3.0
2018-10-08,TzM,1.21,3.0
2018-10-09,TzM,1.21,3.0
2018-10-10,TzM,1.21,3.0
2018-10-11,TzM,0.87,
2018-10-12,TzM,0.87,
2018-10-13,TzM,0.87,
2018-10-14,TzM,0.87,
2018-10-15,TzM,0.87,
2018-10-16,TzM,0.87,
2018-10-17,TzM,0.87,
2018-10-18,TzM,0.87,
2018-10-19,TzM,0.87,
2018-10-20,TzM,0.87,
2018-10-21,TzM,0.77,1.0
2018-10-22,TzM,0.77,1.0
2018-10-23,TzM,0.77,1.0
2018-10-24,TzM,0.77,1.0
2018-10-25,TzM,0.77,1.0
2018-10-26,TzM,0.77,1.0
2018-10-27,TzM,0.77,1.0
2018-10-28,TzM,0.77,1.0
2018-10-29,TzM,0.77,1.0
2018-10-30,TzM,0.77,1.0
2018-10-31,TzM,,
2018-11-01,TzM,0.74,
2018-11-02,TzM,0.74,
2018-11-03,TzM,0.74,
2018-11-04,TzM,0.74,
2018-11-05,TzM,0.74,
2018-11-06,TzM,0.74,
2018-11-07,TzM,0.74,
2018-11-08,TzM,0.74,
2018-11-09,TzM,0.74,
2018-11-10,TzM,0.74,
2018-11-11,TzM,0.52,4.0
2018-11-12,TzM,0.52,4.0
2018-11-13,TzM,0.52,4.0
2018-11-14,TzM,0.52,4.0
2018-11-15,TzM,0.52,4.0
2018-11-16,TzM,0.52,4.0
2018-11-17,TzM,0.52,4.0
2018-11-18,TzM,0.52,4.0
2018-11-19,TzM,0.52,4.0
2018-11-20,TzM,0.52,4.0
2018-11-21,TzM,0.8200000000000001,6.0
2018-11-22,TzM,0.8200000000000001,6.0
2018-11-23,TzM,0.8200000000000001,6.0
2018-11-24,TzM,0.8200000000000001,6.0
2018-11-25,TzM,0.8200000000000001,6.0
2018-11-26,TzM,0.8200000000000001,6.0
2018-11-27,TzM,0.8200000000000001,6.0
2018-11-28,TzM,0.8200000000000001,6.0
2018-11-29,TzM,0.8200000000000001,6.0
2018-11-30,TzM,0.8200000000000001,6.0
2018-12-01,TzM,0.6,2.0
2018-12-02,TzM,0.6,2.0
2018-12-03,TzM,0.6,2.0
2018-12-04,TzM,0.6,2.0
2018-12-05,TzM,0.6,2.0
2018-12-06,TzM,0.6,2.0
2018-12-07,TzM,0.6,2.0
2018-12-08,TzM,0.6,2.0
2018-12-09,TzM,0.6,2.0
2018-12-10,TzM,0.6,2.0
2018-12-11,TzM,0.41,2.0
2018-12-12,TzM,0.41,2.0
2018-12-13,TzM,0.41,2.0
2018-12-14,TzM,0.41,2.0
2018-12-15,TzM,0.41,2.0
2018-12-16,TzM,0.41,2.0
2018-12-17,TzM,0.41,2.0
2018-12-18,TzM,0.41,2.0
2018-12-19,TzM,0.41,2.0
2018-12-20,TzM,0.41,2.0
2018-12-21,TzM,0.49,2.0
2018-12-22,TzM,0.49,2.0
2018-12-23,TzM,0.49,2.0
2018-12-24,TzM,0.49,2.0
2018-12-25,TzM,0.49,2.0
2018-12-26,TzM,0.49,2.0
2018-12-27,TzM,0.49,2.0
2018-12-28,TzM,0.49,2.0
2018-12-29,TzM,0.49,2.0
2018-12-30,TzM,0.49,2.0
2018-12-31,TzM,,
2019-01-01,TzM,0.55,4.0
2019-01-02,TzM,0.55,4.0
2019-01-03,TzM,0.55,4.0
2019-01-04,TzM,0.55,4.0
2019-01-05,TzM,0.55,4.0
2019-01-06,TzM,0.55,4.0
2019-01-07,TzM,0.55,4.0
2019-01-08,TzM,0.55,4.0
2019-01-09,TzM,0.55,4.0
2019-01-10,TzM,0.55,4.0
2019-01-11,TzM,0.43,1.0
2019-01-12,TzM,0.43,1.0
2019-01-13,TzM,0.43,1.0
2019-01-14,TzM,0.43,1.0
2019-01-15,TzM,0.43,1.0
2019-01-16,TzM,0.43,1.0
2019-01-17,TzM,0.43,1.0
2019-01-18,TzM,0.43,1.0
2019-01-19,TzM,0.43,1.0
2019-01-20,TzM,0.43,1.0
2019-01-21,TzM,0.44,3.0
2019-01-22,TzM,0.44,3.0
2019-01-23,TzM,0.44,3.0
2019-01-24,TzM,0.44,3.0
2019-01-25,TzM,0.44,3.0
2019-01-26,TzM,0.44,3.0
2019-01-27,TzM,0.44,3.0
2019-01-28,TzM,0.44,3.0
2019-01-29,TzM,0.44,3.0
2019-01-30,TzM,0.44,3.0
2019-01-31,TzM,,
2019-02-01,TzM,0.54,2.0
2019-02-02,TzM,0.54,2.0
2019-02-03,TzM,0.54,2.0
2019-02-04,TzM,0.54,2.0
2019-02-05,TzM,0.54,2.0
2019-02-06,TzM,0.54,2.0
2019-02-07,TzM,0.54,2.0
2019-02-08,TzM,0.54,2.0
2019-02-09,TzM,0.54,2.0
2019-02-10,TzM,0.54,2.0
2019-02-11,TzM,0.6,4.0
2019-02-12,TzM,0.6,4.0
2019-02-13,TzM,0.6,4.0
2019-02-14,TzM,0.6,4.0
2019-02-15,TzM,0.6,4.0
2019-02-16,TzM,0.6,4.0
2019-02-17,TzM,0.6,4.0
2019-02-18,TzM,0.6,4.0
2019-02-19,TzM,0.6,4.0
2019-02-20,TzM,0.6,4.0
2019-02-21,TzM,0.8200000000000001,
2019-02-22,TzM,0.8200000000000001,
2019-02-23,TzM,0.8200000000000001,
2019-02-24,TzM,0.8200000000000001,
2019-02-25,TzM,0.8200000000000001,
2019-02-26,TzM,0.8200000000000001,
2019-02-27,TzM,0.8200000000000001,
2019-02-28,TzM,0.8200000000000001,
2019-03-01,TzM,0.8200000000000001,1.0
2019-03-02,TzM,0.8200000000000001,1.0
2019-03-03,TzM,0.8200000000000001,1.0
2019-03-04,TzM,0.8200000000000001,1.0
2019-03-05,TzM,0.8200000000000001,1.0
2019-03-06,TzM,0.8200000000000001,1.0
2019-03-07,TzM,0.8200000000000001,1.0
2019-03-08,TzM,0.8200000000000001,1.0
2019-03-09,TzM,0.8200000000000001,1.0
2019-03-10,TzM,0.8200000000000001,1.0
2019-03-11,TzM,1.24,2.0
2019-03-12,TzM,1.24,2.0
2019-03-13,TzM,1.24,2.0
2019-03-14,TzM,1.24,2.0
2019-03-15,TzM,1.24,2.0
2019-03-16,TzM,1.24,2.0
2019-03-17,TzM,1.24,2.0
2019-03-18,TzM,1.24,2.0
2019-03-19,TzM,1.24,2.0
2019-03-20,TzM,1.24,2.0
2019-03-21,TzM,1.65,
2019-03-22,TzM,1.65,
2019-03-23,TzM,1.65,
2019-03-24,TzM,1.65,
2019-03-25,TzM,1.65,
2019-03-26,TzM,1.65,
2019-03-27,TzM,1.65,
2019-03-28,TzM,1.65,
2019-03-29,TzM,1.65,
2019-03-30,TzM,1.65,
2019-03-31,TzM,,
2019-04-01,TzM,1.62,
2019-04-02,TzM,1.62,
2019-04-03,TzM,1.62,
2019-04-04,TzM,1.62,
2019-04-05,TzM,1.62,
2019-04-06,TzM,1.62,
2019-04-07,TzM,1.62,
2019-04-08,TzM,1.62,
2019-04-09,TzM,1.62,
2019-04-10,TzM,1.62,
2019-04-11,TzM,2.03,
2019-04-12,TzM,2.03,
2019-04-13,TzM,2.03,
2019-04-14,TzM,2.03,
2019-04-15,TzM,2.03,
2019-04-16,TzM,2.03,
2019-04-17,TzM,2.03,
2019-04-18,TzM,2.03,
2019-04-19,TzM,2.03,
2019-04-20,TzM,2.03,
2019-04-21,TzM,2.33,
2019-04-22,TzM,2.33,
2019-04-23,TzM,2.33,
2019-04-24,TzM,2.33,
2019-04-25,TzM,2.33,
2019-04-26,TzM,2.33,
2019-04-27,TzM,2.33,
2019-04-28,TzM,2.33,
2019-04-29,TzM,2.33,
2019-04-30,TzM,2.33,
2019-05-01,TzM,3.08,
2019-05-02,TzM,3.08,
2019-05-03,TzM,3.08,
2019-05-04,TzM,3.08,
2019-05-05,TzM,3.08,
2019-05-06,TzM,3.08,
2019-05-07,TzM,3.08,
2019-05-08,TzM,3.08,
2019-05-09,TzM,3.08,
2019-05-10,TzM,3.08,
2019-05-11,TzM,3.02,
2019-05-12,TzM,3.02,
2019-05-13,TzM,3.02,
2019-05-14,TzM,3.02,
2019-05-15,TzM,3.02,
2019-05-16,TzM,3.02,
2019-05-17,TzM,3.02,
2019-05-18,TzM,3.02,
2019-05-19,TzM,3.02,
2019-05-20,TzM,3.02,
2019-05-21,TzM,2.12,
2019-05-22,TzM,2.12,
2019-05-23,TzM,2.12,
2019-05-24,TzM,2.12,
2019-05-25,TzM,2.12,
2019-05-26,TzM,2.12,
2019-05-27,TzM,2.12,
2019-05-28,TzM,2.12,
2019-05-29,TzM,2.12,
2019-05-30,TzM,2.12,
2019-05-31,TzM,,
2019-06-01,TzM,,
2019-06-02,TzM,,
2019-06-03,TzM,,
2019-06-04,TzM,,
2019-06-05,TzM,,
2019-06-06,TzM,,
2019-06-07,TzM,,
2019-06-08,TzM,,
2019-06-09,TzM,,
2019-06-10,TzM,,
2019-06-11,TzM,1.23,
2019-06-12,TzM,1.23,
2019-06-13,TzM,1.23,
2019-06-14,TzM,1.23,
2019-06-15,TzM,1.23,
2019-06-16,TzM,1.23,
2019-06-17,TzM,1.23,
2019-06-18,TzM,1.23,
2019-06-19,TzM,1.23,
2019-06-20,TzM,1.23,
2019-06-21,TzM,1.01,
2019-06-22,TzM,1.01,
2019-06-23,TzM,1.01,
2019-06-24,TzM,1.01,
2019-06-25,TzM,1.01,
2019-06-26,TzM,1.01,
2019-06-27,TzM,1.01,
2019-06-28,TzM,1.01,
2019-06-29,TzM,1.01,
2019-06-30,TzM,1.01,
2019-07-01,TzM,1.3,
2019-07-02,TzM,1.3,
2019-07-03,TzM,1.3,
2019-07-04,TzM,1.3,
2019-07-05,TzM,1.3,
2019-07-06,TzM,1.3,
2019-07-07,TzM,1.3,
2019-07-08,TzM,1.3,
2019-07-09,TzM,1.3,
2019-07-10,TzM,1.3,
2019-07-11,TzM,1.58,
2019-07-12,TzM,1.58,
2019-07-13,TzM,1.58,
2019-07-14,TzM,1.58,
2019-07-15,TzM,1.58,
2019-07-16,TzM,1.58,
2019-07-17,TzM,1.58,
2019-07-18,TzM,1.58,
2019-07-19,TzM,1.58,
2019-07-20,TzM,1.58,
2019-07-21,TzM,1.57,
2019-07-22,TzM,1.57,
2019-07-23,TzM,1.57,
2019-07-24,TzM,1.57,
2019-07-25,TzM,1.57,
2019-07-26,TzM,1.57,
2019-07-27,TzM,1.57,
2019-07-28,TzM,1.57,
2019-07-29,TzM,1.57,
2019-07-30,TzM,1.57,
2019-07-31,TzM,,
2019-08-01,TzM,1.73,
2019-08-02,TzM,1.73,
2019-08-03,TzM,1.73,
2019-08-04,TzM,1.73,
2019-08-05,TzM,1.73,
2019-08-06,TzM,1.73,
2019-08-07,TzM,1.73,
2019-08-08,TzM,1.73,
2019-08-09,TzM,1.73,
2019-08-10,TzM,1.73,
2019-08-11,TzM,1.54,
2019-08-12,TzM,1.54,
2019-08-13,TzM,1.54,
2019-08-14,TzM,1.54,
2019-08-15,TzM,1.54,
2019-08-16,TzM,1.54,
2019-08-17,TzM,1.54,
2019-08-18,TzM,1.54,
2019-08-19,TzM,1.54,
2019-08-20,TzM,1.54,
2019-08-21,TzM,1.49,
2019-08-22,TzM,1.49,
2019-08-23,TzM,1.49,
2019-08-24,TzM,1.49,
2019-08-25,TzM,1.49,
2019-08-26,TzM,1.49,
2019-08-27,TzM,1.49,
2019-08-28,TzM,1.49,
2019-08-29,TzM,1.49,
2019-08-30,TzM,1.49,
2019-08-31,TzM,,
2019-09-01,TzM,1.47,
2019-09-02,TzM,1.47,
2019-09-03,TzM,1.47,
2019-09-04,TzM,1.47,
2019-09-05,TzM,1.47,
2019-09-06,TzM,1.47,
2019-09-07,TzM,1.47,
2019-09-08,TzM,1.47,
2019-09-09,TzM,1.47,
2019-09-10,TzM,1.47,
2019-09-11,TzM,0.98,
2019-09-12,TzM,0.98,
2019-09-13,TzM,0.98,
2019-09-14,TzM,0.98,
2019-09-15,TzM,0.98,
2019-09-16,TzM,0.98,
2019-09-17,TzM,0.98,
2019-09-18,TzM,0.98,
2019-09-19,TzM,0.98,
2019-09-20,TzM,0.98,
2019-09-21,TzM,1.48,
2019-09-22,TzM,1.48,
2019-09-23,TzM,1.48,
2019-09-24,TzM,1.48,
2019-09-25,TzM,1.48,
2019-09-26,TzM,1.48,
2019-09-27,TzM,1.48,
2019-09-28,TzM,1.48,
2019-09-29,TzM,1.48,
2019-09-30,TzM,1.48,
2019-10-01,TzM,1.31,
2019-10-02,TzM,1.31,
2019-10-03,TzM,1.31,
2019-10-04,TzM,1.31,
2019-10-05,TzM,1.31,
2019-10-06,TzM,1.31,
2019-10-07,TzM,1.31,
2019-10-08,TzM,1.31,
2019-10-09,TzM,1.31,
2019-10-10,TzM,1.31,
2019-10-11,TzM,0.97,
2019-10-12,TzM,0.97,
2019-10-13,TzM,0.97,
2019-10-14,TzM,0.97,
2019-10-15,TzM,0.97,
2019-10-16,TzM,0.97,
2019-10-17,TzM,0.97,
2019-10-18,TzM,0.97,
2019-10-19,TzM,0.97,
2019-10-20,TzM,0.97,
2019-10-21,TzM,0.77,
2019-10-22,TzM,0.77,
2019-10-23,TzM,0.77,
2019-10-24,TzM,0.77,
2019-10-25,TzM,0.77,
2019-10-26,TzM,0.77,
2019-10-27,TzM,0.77,
2019-10-28,TzM,0.77,
2019-10-29,TzM,0.77,
2019-10-30,TzM,0.77,
2019-10-31,TzM,,
2019-11-01,TzM,0.65,
2019-11-02,TzM,0.65,
2019-11-03,TzM,0.65,
2019-11-04,TzM,0.65,
2019-11-05,TzM,0.65,
2019-11-06,TzM,0.65,
2019-11-07,TzM,0.65,
2019-11-08,TzM,0.65,
2019-11-09,TzM,0.65,
2019-11-10,TzM,0.65,
2019-11-11,TzM,0.68,
2019-11-12,TzM,0.68,
2019-11-13,TzM,0.68,
2019-11-14,TzM,0.68,
2019-11-15,TzM,0.68,
2019-11-16,TzM,0.68,
2019-11-17,TzM,0.68,
2019-11-18,TzM,0.68,
2019-11-19,TzM,0.68,
2019-11-20,TzM,0.68,
2019-11-21,TzM,0.39,
2019-11-22,TzM,0.39,
2019-11-23,TzM,0.39,
2019-11-24,TzM,0.39,
2019-11-25,TzM,0.39,
2019-11-26,TzM,0.39,
2019-11-27,TzM,0.39,
2019-11-28,TzM,0.39,
2019-11-29,TzM,0.39,
2019-11-30,TzM,0.39,
2019-12-01,TzM,0.34,2.0
2019-12-02,TzM,0.34,2.0
2019-12-03,TzM,0.34,2.0
2019-12-04,TzM,0.34,2.0
2019-12-05,TzM,0.34,2.0
2019-12-06,TzM,0.34,2.0
2019-12-07,TzM,0.34,2.0
2019-12-08,TzM,0.34,2.0
2019-12-09,TzM,0.34,2.0
2019-12-10,TzM,0.34,2.0
2019-12-11,TzM,0.33,2.0
2019-12-12,TzM,0.33,2.0
2019-12-13,TzM,0.33,2.0
2019-12-14,TzM,0.33,2.0
2019-12-15,TzM,0.33,2.0
2019-12-16,TzM,0.33,2.0
2019-12-17,TzM,0.33,2.0
2019-12-18,TzM,0.33,2.0
2019-12-19,TzM,0.33,2.0
2019-12-20,TzM,0.33,2.0
2019-12-21,TzM,0.59,2.0
2019-12-22,TzM,0.59,2.0
2019-12-23,TzM,0.59,2.0
2019-12-24,TzM,0.59,2.0
2019-12-25,TzM,0.59,2.0
2019-12-26,TzM,0.59,2.0
2019-12-27,TzM,0.59,2.0
2019-12-28,TzM,0.59,2.0
2019-12-29,TzM,0.59,2.0
2019-12-30,TzM,0.59,2.0
2019-12-31,TzM,,
2020-01-01,TzM,0.55,
2020-01-02,TzM,0.55,
2020-01-03,TzM,0.55,
2020-01-04,TzM,0.55,
2020-01-05,TzM,0.55,
2020-01-06,TzM,0.55,
2020-01-07,TzM,0.55,
2020-01-08,TzM,0.55,
2020-01-09,TzM,0.55,
2020-01-10,TzM,0.55,
2020-01-11,TzM,0.48,
2020-01-12,TzM,0.48,
2020-01-13,TzM,0.48,
2020-01-14,TzM,0.48,
2020-01-15,TzM,0.48,
2020-01-16,TzM,0.48,
2020-01-17,TzM,0.48,
2020-01-18,TzM,0.48,
2020-01-19,TzM,0.48,
2020-01-20,TzM,0.48,
2020-01-21,TzM,0.34,3.0
2020-01-22,TzM,0.34,3.0
2020-01-23,TzM,0.34,3.0
2020-01-24,TzM,0.34,3.0
2020-01-25,TzM,0.34,3.0
2020-01-26,TzM,0.34,3.0
2020-01-27,TzM,0.34,3.0
2020-01-28,TzM,0.34,3.0
2020-01-29,TzM,0.34,3.0
2020-01-30,TzM,0.34,3.0
2020-01-31,TzM,,
2020-02-01,TzM,0.75,2.0
2020-02-02,TzM,0.75,2.0
2020-02-03,TzM,0.75,2.0
2020-02-04,TzM,0.75,2.0
2020-02-05,TzM,0.75,2.0
2020-02-06,TzM,0.75,2.0
2020-02-07,TzM,0.75,2.0
2020-02-08,TzM,0.75,2.0
2020-02-09,TzM,0.75,2.0
2020-02-10,TzM,0.75,2.0
2020-02-11,TzM,0.94,
2020-02-12,TzM,0.94,
2020-02-13,TzM,0.94,
2020-02-14,TzM,0.94,
2020-02-15,TzM,0.94,
2020-02-16,TzM,0.94,
2020-02-17,TzM,0.94,
2020-02-18,TzM,0.94,
2020-02-19,TzM,0.94,
2020-02-20,TzM,0.94,
2020-02-21,TzM,1.43,
2020-02-22,TzM,1.43,
2020-02-23,TzM,1.43,
2020-02-24,TzM,1.43,
2020-02-25,TzM,1.43,
2020-02-26,TzM,1.43,
2020-02-27,TzM,1.43,
2020-02-28,TzM,1.43,
2020-02-29,TzM,1.43,
2020-03-01,TzM,1.27,
2020-03-02,TzM,1.27,
2020-03-03,TzM,1.27,
2020-03-04,TzM,1.27,
2020-03-05,TzM,1.27,
2020-03-06,TzM,1.27,
2020-03-07,TzM,1.27,
2020-03-08,TzM,1.27,
2020-03-09,TzM,1.27,
2020-03-10,TzM,1.27,
2020-03-11,TzM,1.24,
2020-03-12,TzM,1.24,
2020-03-13,TzM,1.24,
2020-03-14,TzM,1.24,
2020-03-15,TzM,1.24,
2020-03-16,TzM,1.24,
2020-03-17,TzM,1.24,
2020-03-18,TzM,1.24,
2020-03-19,TzM,1.24,
2020-03-20,TzM,1.24,
2020-03-21,TzM,1.42,
2020-03-22,TzM,1.42,
2020-03-23,TzM,1.42,
2020-03-24,TzM,1.42,
2020-03-25,TzM,1.42,
2020-03-26,TzM,1.42,
2020-03-27,TzM,1.42,
2020-03-28,TzM,1.42,
2020-03-29,TzM,1.42,
2020-03-30,TzM,1.42,
2020-03-31,TzM,,
2020-04-01,TzM,3.04,
2020-04-02,TzM,3.04,
2020-04-03,TzM,3.04,
2020-04-04,TzM,3.04,
2020-04-05,TzM,3.04,
2020-04-06,TzM,3.04,
2020-04-07,TzM,3.04,
2020-04-08,TzM,3.04,
2020-04-09,TzM,3.04,
2020-04-10,TzM,3.04,
2020-04-11,TzM,3.17,3.0
2020-04-12,TzM,3.17,3.0
2020-04-13,TzM,3.17,3.0
2020-04-14,TzM,3.17,3.0
2020-04-15,TzM,3.17,3.0
2020-04-16,TzM,3.17,3.0
2020-04-17,TzM,3.17,3.0
2020-04-18,TzM,3.17,3.0
2020-04-19,TzM,3.17,3.0
2020-04-20,TzM,3.17,3.0
2020-04-21,TzM,,-10.0
2020-04-22,TzM,,-10.0
2020-04-23,TzM,,-10.0
2020-04-24,TzM,,-10.0
2020-04-25,TzM,,-10.0
2020-04-26,TzM,,-10.0
2020-04-27,TzM,,-10.0
2020-04-28,TzM,,-10.0
2020-04-29,TzM,,-10.0
2020-04-30,TzM,,-10.0
2020-05-01,TzM,2.94,
2020-05-02,TzM,2.94,
2020-05-03,TzM,2.94,
2020-05-04,TzM,2.94,
2020-05-05,TzM,2.94,
2020-05-06,TzM,2.94,
2020-05-07,TzM,2.94,
2020-05-08,TzM,2.94,
2020-05-09,TzM,2.94,
2020-05-10,TzM,2.94,
2020-05-11,TzM,1.55,2.0
2020-05-12,TzM,1.55,2.0
2020-05-13,TzM,1.55,2.0
2020-05-14,TzM,1.55,2.0
2020-05-15,TzM,1.55,2.0
2020-05-16,TzM,1.55,2.0
2020-05-17,TzM,1.55,2.0
2020-05-18,TzM,1.55,2.0
2020-05-19,TzM,1.55,2.0
2020-05-20,TzM,1.55,2.0
2020-05-21,TzM,1.04,
2020-05-22,TzM,1.04,
2020-05-23,TzM,1.04,
2020-05-24,TzM,1.04,
2020-05-25,TzM,1.04,
2020-05-26,TzM,1.04,
2020-05-27,TzM,1.04,
2020-05-28,TzM,1.04,
2020-05-29,TzM,1.04,
2020-05-30,TzM,1.04,
2020-05-31,TzM,,
2020-06-01,TzM,1.48,
2020-06-02,TzM,1.48,
2020-06-03,TzM,1.48,
2020-06-04,TzM,1.48,
2020-06-05,TzM,1.48,
2020-06-06,TzM,1.48,
2020-06-07,TzM,1.48,
2020-06-08,TzM,1.48,
2020-06-09,TzM,1.48,
2020-06-10,TzM,1.48,
2020-06-11,TzM,1.76,
2020-06-12,TzM,1.76,
2020-06-13,TzM,1.76,
2020-06-14,TzM,1.76,
2020-06-15,TzM,1.76,
2020-06-16,TzM,1.76,
2020-06-17,TzM,1.76,
2020-06-18,TzM,1.76,
2020-06-19,TzM,1.76,
2020-06-20,TzM,1.76,
2020-06-21,TzM,1.92,
2020-06-22,TzM,1.92,
2020-06-23,TzM,1.92,
2020-06-24,TzM,1.92,
2020-06-25,TzM,1.92,
2020-06-26,TzM,1.92,
2020-06-27,TzM,1.92,
2020-06-28,TzM,1.92,
2020-06-29,TzM,1.92,
2020-06-30,TzM,1.92,
2020-07-01,TzM,1.93,
2020-07-02,TzM,1.93,
2020-07-03,TzM,1.93,
2020-07-04,TzM,1.93,
2020-07-05,TzM,1.93,
2020-07-06,TzM,1.93,
2020-07-07,TzM,1.93,
2020-07-08,TzM,1.93,
2020-07-09,TzM,1.93,
2020-07-10,TzM,1.93,
2020-07-11,TzM,1.79,
2020-07-12,TzM,1.79,
2020-07-13,TzM,1.79,
2020-07-14,TzM,1.79,
2020-07-15,TzM,1.79,
2020-07-16,TzM,1.79,
2020-07-17,TzM,1.79,
2020-07-18,TzM,1.79,
2020-07-19,TzM,1.79,
2020-07-20,TzM,1.79,
2020-07-21,TzM,1.73,
2020-07-22,TzM,1.73,
2020-07-23,TzM,1.73,
2020-07-24,TzM,1.73,
2020-07-25,TzM,1.73,
2020-07-26,TzM,1.73,
2020-07-27,TzM,1.73,
2020-07-28,TzM,1.73,
2020-07-29,TzM,1.73,
2020-07-30,TzM,1.73,
2020-07-31,TzM,,
2020-08-01,TzM,1.74,
2020-08-02,TzM,1.74,
2020-08-03,TzM,1.74,
2020-08-04,TzM,1.74,
2020-08-05,TzM,1.74,
2020-08-06,TzM,1.74,
2020-08-07,TzM,1.74,
2020-08-08,TzM,1.74,
2020-08-09,TzM,1.74,
2020-08-10,TzM,1.74,
2020-08-11,TzM,1.92,
2020-08-12,TzM,1.92,
2020-08-13,TzM,1.92,
2020-08-14,TzM,1.92,
2020-08-15,TzM,1.92,
2020-08-16,TzM,1.92,
2020-08-17,TzM,1.92,
2020-08-18,TzM,1.92,
2020-08-19,TzM,1.92,
2020-08-20,TzM,1.92,
2020-08-21,TzM,1.62,
2020-08-22,TzM,1.62,
2020-08-23,TzM,1.62,
2020-08-24,TzM,1.62,
2020-08-25,TzM,1.62,
2020-08-26,TzM,1.62,
2020-08-27,TzM,1.62,
2020-08-28,TzM,1.62,
2020-08-29,TzM,1.62,
2020-08-30,TzM,1.62,
2020-08-31,TzM,,
2020-09-01,TzM,1.42,
2020-09-02,TzM,1.42,
2020-09-03,TzM,1.42,
2020-09-04,TzM,1.42,
2020-09-05,TzM,1.42,
2020-09-06,TzM,1.42,
2020-09-07,TzM,1.42,
2020-09-08,TzM,1.42,
2020-09-09,TzM,1.42,
2020-09-10,TzM,1.42,
2020-09-11,TzM,1.1,
2020-09-12,TzM,1.1,
2020-09-13,TzM,1.1,
2020-09-14,TzM,1.1,
2020-09-15,TzM,1.1,
2020-09-16,TzM,1.1,
2020-09-17,TzM,1.1,
2020-09-18,TzM,1.1,
2020-09-19,TzM,1.1,
2020-09-20,TzM,1.1,
2020-09-21,TzM,1.27,
2020-09-22,TzM,1.27,
2020-09-23,TzM,1.27,
2020-09-24,TzM,1.27,
2020-09-25,TzM,1.27,
2020-09-26,TzM,1.27,
2020-09-27,TzM,1.27,
2020-09-28,TzM,1.27,
2020-09-29,TzM,1.27,
2020-09-30,TzM,1.27,
2020-10-01,TzM,1.08,
2020-10-02,TzM,1.08,
2020-10-03,TzM,1.08,
2020-10-04,TzM,1.08,
2020-10-05,TzM,1.08,
2020-10-06,TzM,1.08,
2020-10-07,TzM,1.08,
2020-10-08,TzM,1.08,
2020-10-09,TzM,1.08,
2020-10-10,TzM,1.08,
2020-10-11,TzM,0.98,
2020-10-12,TzM,0.98,
2020-10-13,TzM,0.98,
2020-10-14,TzM,0.98,
2020-10-15,TzM,0.98,
2020-10-16,TzM,0.98,
2020-10-17,TzM,0.98,
2020-10-18,TzM,0.98,
2020-10-19,TzM,0.98,
2020-10-20,TzM,0.98,
2020-10-21,TzM,0.67,
2020-10-22,TzM,0.67,
2020-10-23,TzM,0.67,
2020-10-24,TzM,0.67,
2020-10-25,TzM,0.67,
2020-10-26,TzM,0.67,
2020-10-27,TzM,0.67,
2020-10-28,TzM,0.67,
2020-10-29,TzM,0.67,
2020-10-30,TzM,0.67,
2020-10-31,TzM,,
2020-11-01,TzM,0.46,
2020-11-02,TzM,0.46,
2020-11-03,TzM,0.46,
2020-11-04,TzM,0.46,
2020-11-05,TzM,0.46,
2020-11-06,TzM,0.46,
2020-11-07,TzM,0.46,
2020-11-08,TzM,0.46,
2020-11-09,TzM,0.46,
2020-11-10,TzM,0.46,
2020-11-11,TzM,0.42,
2020-11-12,TzM,0.42,
2020-11-13,TzM,0.42,
2020-11-14,TzM,0.42,
2020-11-15,TzM,0.42,
2020-11-16,TzM,0.42,
2020-11-17,TzM,0.42,
2020-11-18,TzM,0.42,
2020-11-19,TzM,0.42,
2020-11-20,TzM,0.42,
2020-11-21,TzM,0.34,
2020-11-22,TzM,0.34,
2020-11-23,TzM,0.34,
2020-11-24,TzM,0.34,
2020-11-25,TzM,0.34,
2020-11-26,TzM,0.34,
2020-11-27,TzM,0.34,
2020-11-28,TzM,0.34,
2020-11-29,TzM,0.34,
2020-11-30,TzM,0.34,
2020-12-01,TzM,0.39,
2020-12-02,TzM,0.39,
2020-12-03,TzM,0.39,
2020-12-04,TzM,0.39,
2020-12-05,TzM,0.39,
2020-12-06,TzM,0.39,
2020-12-07,TzM,0.39,
2020-12-08,TzM,0.39,
2020-12-09,TzM,0.39,
2020-12-10,TzM,0.39,
2020-12-11,TzM,0.35,
2020-12-12,TzM,0.35,
2020-12-13,TzM,0.35,
2020-12-14,TzM,0.35,
2020-12-15,TzM,0.35,
2020-12-16,TzM,0.35,
2020-12-17,TzM,0.35,
2020-12-18,TzM,0.35,
2020-12-19,TzM,0.35,
2020-12-20,TzM,0.35,
2020-12-21,TzM,0.42,
2020-12-22,TzM,0.42,
2020-12-23,TzM,0.42,
2020-12-24,TzM,0.42,
2020-12-25,TzM,0.42,
2020-12-26,TzM,0.42,
2020-12-27,TzM,0.42,
2020-12-28,TzM,0.42,
2020-12-29,TzM,0.42,
2020-12-30,TzM,0.42,
2020-12-31,TzM,,
2021-01-01,TzM,0.26,
2021-01-02,TzM,0.26,
2021-01-03,TzM,0.26,
2021-01-04,TzM,0.26,
2021-01-05,TzM,0.26,
2021-01-06,TzM,0.26,
2021-01-07,TzM,0.26,
2021-01-08,TzM,0.26,
2021-01-09,TzM,0.26,
2021-01-10,TzM,0.26,
2021-01-11,TzM,,-10.0
2021-01-12,TzM,,-10.0
2021-01-13,TzM,,-10.0
2021-01-14,TzM,,-10.0
2021-01-15,TzM,,-10.0
2021-01-16,TzM,,-10.0
2021-01-17,TzM,,-10.0
2021-01-18,TzM,,-10.0
2021-01-19,TzM,,-10.0
2021-01-20,TzM,,-10.0
2021-01-21,TzM,0.46,
2021-01-22,TzM,0.46,
2021-01-23,TzM,0.46,
2021-01-24,TzM,0.46,
2021-01-25,TzM,0.46,
2021-01-26,TzM,0.46,
2021-01-27,TzM,0.46,
2021-01-28,TzM,0.46,
2021-01-29,TzM,0.46,
2021-01-30,TzM,0.46,
2021-01-31,TzM,,
2021-02-01,TzM,0.64,3.0
2021-02-02,TzM,0.64,3.0
2021-02-03,TzM,0.64,3.0
2021-02-04,TzM,0.64,3.0
2021-02-05,TzM,0.64,3.0
2021-02-06,TzM,0.64,3.0
2021-02-07,TzM,0.64,3.0
2021-02-08,TzM,0.64,3.0
2021-02-09,TzM,0.64,3.0
2021-02-10,TzM,0.64,3.0
2021-02-11,TzM,1.0,1.0
2021-02-12,TzM,1.0,1.0
2021-02-13,TzM,1.0,1.0
2021-02-14,TzM,1.0,1.0
2021-02-15,TzM,1.0,1.0
2021-02-16,TzM,1.0,1.0
2021-02-17,TzM,1.0,1.0
2021-02-18,TzM,1.0,1.0
2021-02-19,TzM,1.0,1.0
2021-02-20,TzM,1.0,1.0
2021-02-21,TzM,0.6900000000000001,
2021-02-22,TzM,0.6900000000000001,
2021-02-23,TzM,0.6900000000000001,
2021-02-24,TzM,0.6900000000000001,
2021-02-25,TzM,0.6900000000000001,
2021-02-26,TzM,0.6900000000000001,
2021-02-27,TzM,0.6900000000000001,
2021-02-28,TzM,0.6900000000000001,
2021-03-01,TzM,0.86,3.0
2021-03-02,TzM,0.86,3.0
2021-03-03,TzM,0.86,3.0
2021-03-04,TzM,0.86,3.0
2021-03-05,TzM,0.86,3.0
2021-03-06,TzM,0.86,3.0
2021-03-07,TzM,0.86,3.0
2021-03-08,TzM,0.86,3.0
2021-03-09,TzM,0.86,3.0
2021-03-10,TzM,0.86,3.0
2021-03-11,TzM,2.08,
2021-03-12,TzM,2.08,
2021-03-13,TzM,2.08,
2021-03-14,TzM,2.08,
2021-03-15,TzM,2.08,
2021-03-16,TzM,2.08,
2021-03-17,TzM,2.08,
2021-03-18,TzM,2.08,
2021-03-19,TzM,2.08,
2021-03-20,TzM,2.08,
2021-03-21,TzM,2.56,
2021-03-22,TzM,2.56,
2021-03-23,TzM,2.56,
2021-03-24,TzM,2.56,
2021-03-25,TzM,2.56,
2021-03-26,TzM,2.56,
2021-03-27,TzM,2.56,
2021-03-28,TzM,2.56,
2021-03-29,TzM,2.56,
2021-03-30,TzM,2.56,
2021-03-31,TzM,,
2021-04-01,TzM,2.68,
2021-04-02,TzM,2.68,
2021-04-03,TzM,2.68,
2021-04-04,TzM,2.68,
2021-04-05,TzM,2.68,
2021-04-06,TzM,2.68,
2021-04-07,TzM,2.68,
2021-04-08,TzM,2.68,
2021-04-09,TzM,2.68,
2021-04-10,TzM,2.68,
2021-04-11,TzM,3.17,
2021-04-12,TzM,3.17,
2021-04-13,TzM,3.17,
2021-04-14,TzM,3.17,
2021-04-15,TzM,3.17,
2021-04-16,TzM,3.17,
2021-04-17,TzM,3.17,
2021-04-18,TzM,3.17,
2021-04-19,TzM,3.17,
2021-04-20,TzM,3.17,
2021-04-21,TzM,2.16,2.0
2021-04-22,TzM,2.16,2.0
2021-04-23,TzM,2.16,2.0
2021-04-24,TzM,2.16,2.0
2021-04-25,TzM,2.16,2.0
2021-04-26,TzM,2.16,2.0
2021-04-27,TzM,2.16,2.0
2021-04-28,TzM,2.16,2.0
2021-04-29,TzM,2.16,2.0
2021-04-30,TzM,2.16,2.0
2021-05-01,TzM,3.46,
2021-05-02,TzM,3.46,
2021-05-03,TzM,3.46,
2021-05-04,TzM,3.46,
2021-05-05,TzM,3.46,
2021-05-06,TzM,3.46,
2021-05-07,TzM,3.46,
2021-05-08,TzM,3.46,
2021-05-09,TzM,3.46,
2021-05-10,TzM,3.46,
2021-05-11,TzM,2.91,
2021-05-12,TzM,2.91,
2021-05-13,TzM,2.91,
2021-05-14,TzM,2.91,
2021-05-15,TzM,2.91,
2021-05-16,TzM,2.91,
2021-05-17,TzM,2.91,
2021-05-18,TzM,2.91,
2021-05-19,TzM,2.91,
2021-05-20,TzM,2.91,
2021-05-21,TzM,1.81,
2021-05-22,TzM,1.81,
2021-05-23,TzM,1.81,
2021-05-24,TzM,1.81,
2021-05-25,TzM,1.81,
2021-05-26,TzM,1.81,
2021-05-27,TzM,1.81,
2021-05-28,TzM,1.81,
2021-05-29,TzM,1.81,
2021-05-30,TzM,1.81,
2021-05-31,TzM,,
2021-06-01,TzM,1.06,
2021-06-02,TzM,1.06,
2021-06-03,TzM,1.06,
2021-06-04,TzM,1.06,
2021-06-05,TzM,1.06,
2021-06-06,TzM,1.06,
2021-06-07,TzM,1.06,
2021-06-08,TzM,1.06,
2021-06-09,TzM,1.06,
2021-06-10,TzM,1.06,
2021-06-11,TzM,1.11,
2021-06-12,TzM,1.11,
2021-06-13,TzM,1.11,
2021-06-14,TzM,1.11,
2021-06-15,TzM,1.11,
2021-06-16,TzM,1.11,
2021-06-17,TzM,1.11,
2021-06-18,TzM,1.11,
2021-06-19,TzM,1.11,
2021-06-20,TzM,1.11,
2021-06-21,TzM,2.96,
2021-06-22,TzM,2.96,
2021-06-23,TzM,2.96,
2021-06-24,TzM,2.96,
2021-06-25,TzM,2.96,
2021-06-26,TzM,2.96,
2021-06-27,TzM,2.96,
2021-06-28,TzM,2.96,
2021-06-29,TzM,2.96,
2021-06-30,TzM,2.96,
2021-07-01,TzM,3.38,
2021-07-02,TzM,3.38,
2021-07-03,TzM,3.38,
2021-07-04,TzM,3.38,
2021-07-05,TzM,3.38,
2021-07-06,TzM,3.38,
2021-07-07,TzM,3.38,
2021-07-08,TzM,3.38,
2021-07-09,TzM,3.38,
2021-07-10,TzM,3.38,
2021-07-11,TzM,3.25,
2021-07-12,TzM,3.25,
2021-07-13,TzM,3.25,
2021-07-14,TzM,3.25,
2021-07-15,TzM,3.25,
2021-07-16,TzM,3.25,
2021-07-17,TzM,3.25,
2021-07-18,TzM,3.25,
2021-07-19,TzM,3.25,
2021-07-20,TzM,3.25,
2021-07-21,TzM,2.86,
2021-07-22,TzM,2.86,
2021-07-23,TzM,2.86,
2021-07-24,TzM,2.86,
2021-07-25,TzM,2.86,
2021-07-26,TzM,2.86,
2021-07-27,TzM,2.86,
2021-07-28,TzM,2.86,
2021-07-29,TzM,2.86,
2021-07-30,TzM,2.86,
2021-07-31,TzM,,
2021-08-01,TzM,2.6,
2021-08-02,TzM,2.6,
2021-08-03,TzM,2.6,
2021-08-04,TzM,2.6,
2021-08-05,TzM,2.6,
2021-08-06,TzM,2.6,
2021-08-07,TzM,2.6,
2021-08-08,TzM,2.6,
2021-08-09,TzM,2.6,
2021-08-10,TzM,2.6,
2021-08-11,TzM,1.7,
2021-08-12,TzM,1.7,
2021-08-13,TzM,1.7,
2021-08-14,TzM,1.7,
2021-08-15,TzM,1.7,
2021-08-16,TzM,1.7,
2021-08-17,TzM,1.7,
2021-08-18,TzM,1.7,
2021-08-19,TzM,1.7,
2021-08-20,TzM,1.7,
2021-08-21,TzM,1.64,
2021-08-22,TzM,1.64,
2021-08-23,TzM,1.64,
2021-08-24,TzM,1.64,
2021-08-25,TzM,1.64,
2021-08-26,TzM,1.64,
2021-08-27,TzM,1.64,
2021-08-28,TzM,1.64,
2021-08-29,TzM,1.64,
2021-08-30,TzM,1.64,
2021-08-31,TzM,,
2021-09-01,TzM,1.45,
2021-09-02,TzM,1.45,
2021-09-03,TzM,1.45,
2021-09-04,TzM,1.45,
2021-09-05,TzM,1.45,
2021-09-06,TzM,1.45,
2021-09-07,TzM,1.45,
2021-09-08,TzM,1.45,
2021-09-09,TzM,1.45,
2021-09-10,TzM,1.45,
2021-09-11,TzM,1.43,
2021-09-12,TzM,1.43,
2021-09-13,TzM,1.43,
2021-09-14,TzM,1.43,
2021-09-15,TzM,1.43,
2021-09-16,TzM,1.43,
2021-09-17,TzM,1.43,
2021-09-18,TzM,1.43,
2021-09-19,TzM,1.43,
2021-09-20,TzM,1.43,
2021-09-21,TzM,1.7,
2021-09-22,TzM,1.7,
2021-09-23,TzM,1.7,
2021-09-24,TzM,1.7,
2021-09-25,TzM,1.7,
2021-09-26,TzM,1.7,
2021-09-27,TzM,1.7,
2021-09-28,TzM,1.7,
2021-09-29,TzM,1.7,
2021-09-30,TzM,1.7,
2021-10-01,TzM,1.45,
2021-10-02,TzM,1.45,
2021-10-03,TzM,1.45,
2021-10-04,TzM,1.45,
2021-10-05,TzM,1.45,
2021-10-06,TzM,1.45,
2021-10-07,TzM,1.45,
2021-10-08,TzM,1.45,
2021-10-09,TzM,1.45,
2021-10-10,TzM,1.45,
2021-10-11,TzM,1.08,
2021-10-12,TzM,1.08,
2021-10-13,TzM,1.08,
2021-10-14,TzM,1.08,
2021-10-15,TzM,1.08,
2021-10-16,TzM,1.08,
2021-10-17,TzM,1.08,
2021-10-18,TzM,1.08,
2021-10-19,TzM,1.08,
2021-10-20,TzM,1.08,
2021-10-21,TzM,0.74,
2021-10-22,TzM,0.74,
2021-10-23,TzM,0.74,
2021-10-24,TzM,0.74,
2021-10-25,TzM,0.74,
2021-10-26,TzM,0.74,
2021-10-27,TzM,0.74,
2021-10-28,TzM,0.74,
2021-10-29,TzM,0.74,
2021-10-30,TzM,0.74,
2021-10-31,TzM,,
2021-11-01,TzM,0.88,
2021-11-02,TzM,0.88,
2021-11-03,TzM,0.88,
2021-11-04,TzM,0.88,
2021-11-05,TzM,0.88,
2021-11-06,TzM,0.88,
2021-11-07,TzM,0.88,
2021-11-08,TzM,0.88,
2021-11-09,TzM,0.88,
2021-11-10,TzM,0.88,
2021-11-11,TzM,0.65,
2021-11-12,TzM,0.65,
2021-11-13,TzM,0.65,
2021-11-14,TzM,0.65,
2021-11-15,TzM,0.65,
2021-11-16,TzM,0.65,
2021-11-17,TzM,0.65,
2021-11-18,TzM,0.65,
2021-11-19,TzM,0.65,
2021-11-20,TzM,0.65,
2021-11-21,TzM,0.49,
2021-11-22,TzM,0.49,
2021-11-23,TzM,0.49,
2021-11-24,TzM,0.49,
2021-11-25,TzM,0.49,
2021-11-26,TzM,0.49,
2021-11-27,TzM,0.49,
2021-11-28,TzM,0.49,
2021-11-29,TzM,0.49,
2021-11-30,TzM,0.49,
2021-12-01,TzM,0.5,
2021-12-02,TzM,0.5,
2021-12-03,TzM,0.5,
2021-12-04,TzM,0.5,
2021-12-05,TzM,0.5,
2021-12-06,TzM,0.5,
2021-12-07,TzM,0.5,
2021-12-08,TzM,0.5,
2021-12-09,TzM,0.5,
2021-12-10,TzM,0.5,
2021-12-11,TzM,0.44,1.0
2021-12-12,TzM,0.44,1.0
2021-12-13,TzM,0.44,1.0
2021-12-14,TzM,0.44,1.0
2021-12-15,TzM,0.44,1.0
2021-12-16,TzM,0.44,1.0
2021-12-17,TzM,0.44,1.0
2021-12-18,TzM,0.44,1.0
2021-12-19,TzM,0.44,1.0
2021-12-20,TzM,0.44,1.0
2021-12-21,TzM,0.36,1.0
2021-12-22,TzM,0.36,1.0
2021-12-23,TzM,0.36,1.0
2021-12-24,TzM,0.36,1.0
2021-12-25,TzM,0.36,1.0
2021-12-26,TzM,0.36,1.0
2021-12-27,TzM,0.36,1.0
2021-12-28,TzM,0.36,1.0
2021-12-29,TzM,0.36,1.0
2021-12-30,TzM,0.36,1.0
2021-12-31,TzM,,
2022-01-01,TzM,0.6,
2022-01-02,TzM,0.6,
2022-01-03,TzM,0.6,
2022-01-04,TzM,0.6,
2022-01-05,TzM,0.6,
2022-01-06,TzM,0.6,
2022-01-07,TzM,0.6,
2022-01-08,TzM,0.6,
2022-01-09,TzM,0.6,
2022-01-10,TzM,0.6,
2022-01-11,TzM,0.7000000000000001,
2022-01-12,TzM,0.7000000000000001,
2022-01-13,TzM,0.7000000000000001,
2022-01-14,TzM,0.7000000000000001,
2022-01-15,TzM,0.7000000000000001,
2022-01-16,TzM,0.7000000000000001,
2022-01-17,TzM,0.7000000000000001,
2022-01-18,TzM,0.7000000000000001,
2022-01-19,TzM,0.7000000000000001,
2022-01-20,TzM,0.7000000000000001,
2022-01-21,TzM,0.65,
2022-01-22,TzM,0.65,
2022-01-23,TzM,0.65,
2022-01-24,TzM,0.65,
2022-01-25,TzM,0.65,
2022-01-26,TzM,0.65,
2022-01-27,TzM,0.65,
2022-01-28,TzM,0.65,
2022-01-29,TzM,0.65,
2022-01-30,TzM,0.65,
2022-01-31,TzM,,
2022-02-01,TzM,0.73,
2022-02-02,TzM,0.73,
2022-02-03,TzM,0.73,
2022-02-04,TzM,0.73,
2022-02-05,TzM,0.73,
2022-02-06,TzM,0.73,
2022-02-07,TzM,0.73,
2022-02-08,TzM,0.73,
2022-02-09,TzM,0.73,
2022-02-10,TzM,0.73,
2022-02-11,TzM,0.88,
2022-02-12,TzM,0.88,
2022-02-13,TzM,0.88,
2022-02-14,TzM,0.88,
2022-02-15,TzM,0.88,
2022-02-16,TzM,0.88,
2022-02-17,TzM,0.88,
2022-02-18,TzM,0.88,
2022-02-19,TzM,0.88,
2022-02-20,TzM,0.88,
2022-02-21,TzM,0.88,
2022-02-22,TzM,0.88,
2022-02-23,TzM,0.88,
2022-02-24,TzM,0.88,
2022-02-25,TzM,0.88,
2022-02-26,TzM,0.88,
2022-02-27,TzM,0.88,
2022-02-28,TzM,0.88,
2022-03-01,TzM,1.14,
2022-03-02,TzM,1.14,
2022-03-03,TzM,1.14,
2022-03-04,TzM,1.14,
2022-03-05,TzM,1.14,
2022-03-06,TzM,1.14,
2022-03-07,TzM,1.14,
2022-03-08,TzM,1.14,
2022-03-09,TzM,1.14,
2022-03-10,TzM,1.14,
2022-03-11,TzM,0.99,3.0
2022-03-12,TzM,0.99,3.0
2022-03-13,TzM,0.99,3.0
2022-03-14,TzM,0.99,3.0
2022-03-15,TzM,0.99,3.0
2022-03-16,TzM,0.99,3.0
2022-03-17,TzM,0.99,3.0
2022-03-18,TzM,0.99,3.0
2022-03-19,TzM,0.99,3.0
2022-03-20,TzM,0.99,3.0
2022-03-21,TzM,,-10.0
2022-03-22,TzM,,-10.0
2022-03-23,TzM,,-10.0
2022-03-24,TzM,,-10.0
2022-03-25,TzM,,-10.0
2022-03-26,TzM,,-10.0
2022-03-27,TzM,,-10.0
2022-03-28,TzM,,-10.0
2022-03-29,TzM,,-10.0
2022-03-30,TzM,,-10.0
2022-03-31,TzM,,
2022-04-01,TzM,2.46,
2022-04-02,TzM,2.46,
2022-04-03,TzM,2.46,
2022-04-04,TzM,2.46,
2022-04-05,TzM,2.46,
2022-04-06,TzM,2.46,
2022-04-07,TzM,2.46,
2022-04-08,TzM,2.46,
2022-04-09,TzM,2.46,
2022-04-10,TzM,2.46,
2022-04-11,TzM,2.87,
2022-04-12,TzM,2.87,
2022-04-13,TzM,2.87,
2022-04-14,TzM,2.87,
2022-04-15,TzM,2.87,
2022-04-16,TzM,2.87,
2022-04-17,TzM,2.87,
2022-04-18,TzM,2.87,
2022-04-19,TzM,2.87,
2022-04-20,TzM,2.87,
2022-04-21,TzM,2.87,
2022-04-22,TzM,2.87,
2022-04-23,TzM,2.87,
2022-04-24,TzM,2.87,
2022-04-25,TzM,2.87,
2022-04-26,TzM,2.87,
2022-04-27,TzM,2.87,
2022-04-28,TzM,2.87,
2022-04-29,TzM,2.87,
2022-04-30,TzM,2.87,
2022-05-01,TzM,3.73,
2022-05-02,TzM,3.73,
2022-05-03,TzM,3.73,
2022-05-04,TzM,3.73,
2022-05-05,TzM,3.73,
2022-05-06,TzM,3.73,
2022-05-07,TzM,3.73,
2022-05-08,TzM,3.73,
2022-05-09,TzM,3.73,
2022-05-10,TzM,3.73,
2022-05-11,TzM,3.48,
2022-05-12,TzM,3.48,
2022-05-13,TzM,3.48,
2022-05-14,TzM,3.48,
2022-05-15,TzM,3.48,
2022-05-16,TzM,3.48,
2022-05-17,TzM,3.48,
2022-05-18,TzM,3.48,
2022-05-19,TzM,3.48,
2022-05-20,TzM,3.48,
2022-05-21,TzM,3.09,
2022-05-22,TzM,3.09,
2022-05-23,TzM,3.09,
2022-05-24,TzM,3.09,
2022-05-25,TzM,3.09,
2022-05-26,TzM,3.09,
2022-05-27,TzM,3.09,
2022-05-28,TzM,3.09,
2022-05-29,TzM,3.09,
2022-05-30,TzM,3.09,
2022-05-31,TzM,,
2022-06-01,TzM,2.52,
2022-06-02,TzM,2.52,
2022-06-03,TzM,2.52,
2022-06-04,TzM,2.52,
2022-06-05,TzM,2.52,
2022-06-06,TzM,2.52,
2022-06-07,TzM,2.52,
2022-06-08,TzM,2.52,
2022-06-09,TzM,2.52,
2022-06-10,TzM,2.52,
2022-06-11,TzM,1.76,
2022-06-12,TzM,1.76,
2022-06-13,TzM,1.76,
2022-06-14,TzM,1.76,
2022-06-15,TzM,1.76,
2022-06-16,TzM,1.76,
2022-06-17,TzM,1.76,
2022-06-18,TzM,1.76,
2022-06-19,TzM,1.76,
2022-06-20,TzM,1.76,
2022-06-21,TzM,2.63,
2022-06-22,TzM,2.63,
2022-06-23,TzM,2.63,
2022-06-24,TzM,2.63,
2022-06-25,TzM,2.63,
2022-06-26,TzM,2.63,
2022-06-27,TzM,2.63,
2022-06-28,TzM,2.63,
2022-06-29,TzM,2.63,
2022-06-30,TzM,2.63,
2022-07-01,TzM,2.32,
2022-07-02,TzM,2.32,
2022-07-03,TzM,2.32,
2022-07-04,TzM,2.32,
2022-07-05,TzM,2.32,
2022-07-06,TzM,2.32,
2022-07-07,TzM,2.32,
2022-07-08,TzM,2.32,
2022-07-09,TzM,2.32,
2022-07-10,TzM,2.32,
2022-07-11,TzM,2.38,
2022-07-12,TzM,2.38,
2022-07-13,TzM,2.38,
2022-07-14,TzM,2.38,
2022-07-15,TzM,2.38,
2022-07-16,TzM,2.38,
2022-07-17,TzM,2.38,
2022-07-18,TzM,2.38,
2022-07-19,TzM,2.38,
2022-07-20,TzM,2.38,
2022-07-21,TzM,2.39,
2022-07-22,TzM,2.39,
2022-07-23,TzM,2.39,
2022-07-24,TzM,2.39,
2022-07-25,TzM,2.39,
2022-07-26,TzM,2.39,
2022-07-27,TzM,2.39,
2022-07-28,TzM,2.39,
2022-07-29,TzM,2.39,
2022-07-30,TzM,2.39,
2022-07-31,TzM,,
2022-08-01,TzM,2.27,
2022-08-02,TzM,2.27,
2022-08-03,TzM,2.27,
2022-08-04,TzM,2.27,
2022-08-05,TzM,2.27,
2022-08-06,TzM,2.27,
2022-08-07,TzM,2.27,
2022-08-08,TzM,2.27,
2022-08-09,TzM,2.27,
2022-08-10,TzM,2.27,
2022-08-11,TzM,1.86,
2022-08-12,TzM,1.86,
2022-08-13,TzM,1.86,
2022-08-14,TzM,1.86,
2022-08-15,TzM,1.86,
2022-08-16,TzM,1.86,
2022-08-17,TzM,1.86,
2022-08-18,TzM,1.86,
2022-08-19,TzM,1.86,
2022-08-20,TzM,1.86,
2022-08-21,TzM,1.71,
2022-08-22,TzM,1.71,
2022-08-23,TzM,1.71,
2022-08-24,TzM,1.71,
2022-08-25,TzM,1.71,
2022-08-26,TzM,1.71,
2022-08-27,TzM,1.71,
2022-08-28,TzM,1.71,
2022-08-29,TzM,1.71,
2022-08-30,TzM,1.71,
2022-08-31,TzM,,
2022-09-01,TzM,1.73,
2022-09-02,TzM,1.73,
2022-09-03,TzM,1.73,
2022-09-04,TzM,1.73,
2022-09-05,TzM,1.73,
2022-09-06,TzM,1.73,
2022-09-07,TzM,1.73,
2022-09-08,TzM,1.73,
2022-09-09,TzM,1.73,
2022-09-10,TzM,1.73,
2022-09-11,TzM,1.21,
2022-09-12,TzM,1.21,
2022-09-13,TzM,1.21,
2022-09-14,TzM,1.21,
2022-09-15,TzM,1.21,
2022-09-16,TzM,1.21,
2022-09-17,TzM,1.21,
2022-09-18,TzM,1.21,
2022-09-19,TzM,1.21,
2022-09-20,TzM,1.21,
2022-09-21,TzM,1.17,
2022-09-22,TzM,1.17,
2022-09-23,TzM,1.17,
2022-09-24,TzM,1.17,
2022-09-25,TzM,1.17,
2022-09-26,TzM,1.17,
2022-09-27,TzM,1.17,
2022-09-28,TzM,1.17,
2022-09-29,TzM,1.17,
2022-09-30,TzM,1.17,
2022-10-01,TzM,1.12,
2022-10-02,TzM,1.12,
2022-10-03,TzM,1.12,
2022-10-04,TzM,1.12,
2022-10-05,TzM,1.12,
2022-10-06,TzM,1.12,
2022-10-07,TzM,1.12,
2022-10-08,TzM,1.12,
2022-10-09,TzM,1.12,
2022-10-10,TzM,1.12,
2022-10-11,TzM,0.9,
2022-10-12,TzM,0.9,
2022-10-13,TzM,0.9,
2022-10-14,TzM,0.9,
2022-10-15,TzM,0.9,
2022-10-16,TzM,0.9,
2022-10-17,TzM,0.9,
2022-10-18,TzM,0.9,
2022-10-19,TzM,0.9,
2022-10-20,TzM,0.9,
2022-10-21,TzM,0.62,
2022-10-22,TzM,0.62,
2022-10-23,TzM,0.62,
2022-10-24,TzM,0.62,
2022-10-25,TzM,0.62,
2022-10-26,TzM,0.62,
2022-10-27,TzM,0.62,
2022-10-28,TzM,0.62,
2022-10-29,TzM,0.62,
2022-10-30,TzM,0.62,
2022-10-31,TzM,,
2022-11-01,TzM,0.81,
2022-11-02,TzM,0.81,
2022-11-03,TzM,0.81,
2022-11-04,TzM,0.81,
2022-11-05,TzM,0.81,
2022-11-06,TzM,0.81,
2022-11-07,TzM,0.81,
2022-11-08,TzM,0.81,
2022-11-09,TzM,0.81,
2022-11-10,TzM,0.81,
2022-11-11,TzM,0.49,
2022-11-12,TzM,0.49,
2022-11-13,TzM,0.49,
2022-11-14,TzM,0.49,
2022-11-15,TzM,0.49,
2022-11-16,TzM,0.49,
2022-11-17,TzM,0.49,
2022-11-18,TzM,0.49,
2022-11-19,TzM,0.49,
2022-11-20,TzM,0.49,
2022-11-21,TzM,0.54,
2022-11-22,TzM,0.54,
2022-11-23,TzM,0.54,
2022-11-24,TzM,0.54,
2022-11-25,TzM,0.54,
2022-11-26,TzM,0.54,
2022-11-27,TzM,0.54,
2022-11-28,TzM,0.54,
2022-11-29,TzM,0.54,
2022-11-30,TzM,0.54,
2022-12-01,TzM,0.25,2.0
2022-12-02,TzM,0.25,2.0
2022-12-03,TzM,0.25,2.0
2022-12-04,TzM,0.25,2.0
2022-12-05,TzM,0.25,2.0
2022-12-06,TzM,0.25,2.0
2022-12-07,TzM,0.25,2.0
2022-12-08,TzM,0.25,2.0
2022-12-09,TzM,0.25,2.0
2022-12-10,TzM,0.25,2.0
2022-12-11,TzM,,-10.0
2022-12-12,TzM,,-10.0
2022-12-13,TzM,,-10.0
2022-12-14,TzM,,-10.0
2022-12-15,TzM,,-10.0
2022-12-16,TzM,,-10.0
2022-12-17,TzM,,-10.0
2022-12-18,TzM,,-10.0
2022-12-19,TzM,,-10.0
2022-12-20,TzM,,-10.0
2022-12-21,TzM,0.65,6.0
2022-12-22,TzM,0.65,6.0
2022-12-23,TzM,0.65,6.0
2022-12-24,TzM,0.65,6.0
2022-12-25,TzM,0.65,6.0
2022-12-26,TzM,0.65,6.0
2022-12-27,TzM,0.65,6.0
2022-12-28,TzM,0.65,6.0
2022-12-29,TzM,0.65,6.0
2022-12-30,TzM,0.65,6.0
2022-12-31,TzM,,
2023-01-01,TzM,0.55,2.0
2023-01-02,TzM,0.55,2.0
2023-01-03,TzM,0.55,2.0
2023-01-04,TzM,0.55,2.0
2023-01-05,TzM,0.55,2.0
2023-01-06,TzM,0.55,2.0
2023-01-07,TzM,0.55,2.0
2023-01-08,TzM,0.55,2.0
2023-01-09,TzM,0.55,2.0
2023-01-10,TzM,0.55,2.0
2023-01-11,TzM,0.55,
2023-01-12,TzM,0.55,
2023-01-13,TzM,0.55,
2023-01-14,TzM,0.55,
2023-01-15,TzM,0.55,
2023-01-16,TzM,0.55,
2023-01-17,TzM,0.55,
2023-01-18,TzM,0.55,
2023-01-19,TzM,0.55,
2023-01-20,TzM,0.55,
2023-01-21,TzM,0.63,
2023-01-22,TzM,0.63,
2023-01-23,TzM,0.63,
2023-01-24,TzM,0.63,
2023-01-25,TzM,0.63,
2023-01-26,TzM,0.63,
2023-01-27,TzM,0.63,
2023-01-28,TzM,0.63,
2023-01-29,TzM,0.63,
2023-01-30,TzM,0.63,
2023-01-31,TzM,,
2023-02-01,TzM,0.51,
2023-02-02,TzM,0.51,
2023-02-03,TzM,0.51,
2023-02-04,TzM,0.51,
2023-02-05,TzM,0.51,
2023-02-06,TzM,0.51,
2023-02-07,TzM,0.51,
2023-02-08,TzM,0.51,
2023-02-09,TzM,0.51,
2023-02-10,TzM,0.51,
2023-02-11,TzM,0.47,
2023-02-12,TzM,0.47,
2023-02-13,TzM,0.47,
2023-02-14,TzM,0.47,
2023-02-15,TzM,0.47,
2023-02-16,TzM,0.47,
2023-02-17,TzM,0.47,
2023-02-18,TzM,0.47,
2023-02-19,TzM,0.47,
2023-02-20,TzM,0.47,
2023-02-21,TzM,0.6900000000000001,
2023-02-22,TzM,0.6900000000000001,
2023-02-23,TzM,0.6900000000000001,
2023-02-24,TzM,0.6900000000000001,
2023-02-25,TzM,0.6900000000000001,
2023-02-26,TzM,0.6900000000000001,
2023-02-27,TzM,0.6900000000000001,
2023-02-28,TzM,0.6900000000000001,
2023-03-01,TzM,0.87,
2023-03-02,TzM,0.87,
2023-03-03,TzM,0.87,
2023-03-04,TzM,0.87,
2023-03-05,TzM,0.87,
2023-03-06,TzM,0.87,
2023-03-07,TzM,0.87,
2023-03-08,TzM,0.87,
2023-03-09,TzM,0.87,
2023-03-10,TzM,0.87,
2023-03-11,TzM,1.25,
2023-03-12,TzM,1.25,
2023-03-13,TzM,1.25,
2023-03-14,TzM,1.25,
2023-03-15,TzM,1.25,
2023-03-16,TzM,1.25,
2023-03-17,TzM,1.25,
2023-03-18,TzM,1.25,
2023-03-19,TzM,1.25,
2023-03-20,TzM,1.25,
2023-03-21,TzM,1.87,
2023-03-22,TzM,1.87,
2023-03-23,TzM,1.87,
2023-03-24,TzM,1.87,
2023-03-25,TzM,1.87,
2023-03-26,TzM,1.87,
2023-03-27,TzM,1.87,
2023-03-28,TzM,1.87,
2023-03-29,TzM,1.87,
2023-03-30,TzM,1.87,
2023-03-31,TzM,,
2023-04-01,TzM,2.4,
2023-04-02,TzM,2.4,
2023-04-03,TzM,2.4,
2023-04-04,TzM,2.4,
2023-04-05,TzM,2.4,
2023-04-06,TzM,2.4,
2023-04-07,TzM,2.4,
2023-04-08,TzM,2.4,
2023-04-09,TzM,2.4,
2023-04-10,TzM,2.4,
2023-04-11,TzM,2.76,
2023-04-12,TzM,2.76,
2023-04-13,TzM,2.76,
2023-04-14,TzM,2.76,
2023-04-15,TzM,2.76,
2023-04-16,TzM,2.76,
2023-04-17,TzM,2.76,
2023-04-18,TzM,2.76,
2023-04-19,TzM,2.76,
2023-04-20,TzM,2.76,
2023-04-21,TzM,2.76,
2023-04-22,TzM,2.76,
2023-04-23,TzM,2.76,
2023-04-24,TzM,2.76,
2023-04-25,TzM,2.76,
2023-04-26,TzM,2.76,
2023-04-27,TzM,2.76,
2023-04-28,TzM,2.76,
2023-04-29,TzM,2.76,
2023-04-30,TzM,2.76,
2023-05-01,TzM,3.01,
2023-05-02,TzM,3.01,
2023-05-03,TzM,3.01,
2023-05-04,TzM,3.01,
2023-05-05,TzM,3.01,
2023-05-06,TzM,3.01,
2023-05-07,TzM,3.01,
2023-05-08,TzM,3.01,
2023-05-09,TzM,3.01,
2023-05-10,TzM,3.01,
2023-05-11,TzM,2.37,
2023-05-12,TzM,2.37,
2023-05-13,TzM,2.37,
2023-05-14,TzM,2.37,
2023-05-15,TzM,2.37,
2023-05-16,TzM,2.37,
2023-05-17,TzM,2.37,
2023-05-18,TzM,2.37,
2023-05-19,TzM,2.37,
2023-05-20,TzM,2.37,
2023-05-21,TzM,1.3,4.0
2023-05-22,TzM,1.3,4.0
2023-05-23,TzM,1.3,4.0
2023-05-24,TzM,1.3,4.0
2023-05-25,TzM,1.3,4.0
2023-05-26,TzM,1.3,4.0
2023-05-27,TzM,1.3,4.0
2023-05-28,TzM,1.3,4.0
2023-05-29,TzM,1.3,4.0
2023-05-30,TzM,1.3,4.0
2023-05-31,TzM,,
2023-06-01,TzM,1.93,1.0
2023-06-02,TzM,1.93,1.0
2023-06-03,TzM,1.93,1.0
2023-06-04,TzM,1.93,1.0
2023-06-05,TzM,1.93,1.0
2023-06-06,TzM,1.93,1.0
2023-06-07,TzM,1.93,1.0
2023-06-08,TzM,1.93,1.0
2023-06-09,TzM,1.93,1.0
2023-06-10,TzM,1.93,1.0
2023-06-11,TzM,2.22,
2023-06-12,TzM,2.22,
2023-06-13,TzM,2.22,
2023-06-14,TzM,2.22,
2023-06-15,TzM,2.22,
2023-06-16,TzM,2.22,
2023-06-17,TzM,2.22,
2023-06-18,TzM,2.22,
2023-06-19,TzM,2.22,
2023-06-20,TzM,2.22,
2023-06-21,TzM,2.61,
2023-06-22,TzM,2.61,
2023-06-23,TzM,2.61,
2023-06-24,TzM,2.61,
2023-06-25,TzM,2.61,
2023-06-26,TzM,2.61,
2023-06-27,TzM,2.61,
2023-06-28,TzM,2.61,
2023-06-29,TzM,2.61,
2023-06-30,TzM,2.61,
2023-07-01,TzM,3.04,
2023-07-02,TzM,3.04,
2023-07-03,TzM,3.04,
2023-07-04,TzM,3.04,
2023-07-05,TzM,3.04,
2023-07-06,TzM,3.04,
2023-07-07,TzM,3.04,
2023-07-08,TzM,3.04,
2023-07-09,TzM,3.04,
2023-07-10,TzM,3.04,
2023-07-11,TzM,3.09,
2023-07-12,TzM,3.09,
2023-07-13,TzM,3.09,
2023-07-14,TzM,3.09,
2023-07-15,TzM,3.09,
2023-07-16,TzM,3.09,
2023-07-17,TzM,3.09,
2023-07-18,TzM,3.09,
2023-07-19,TzM,3.09,
2023-07-20,TzM,3.09,
2023-07-21,TzM,2.85,
2023-07-22,TzM,2.85,
2023-07-23,TzM,2.85,
2023-07-24,TzM,2.85,
2023-07-25,TzM,2.85,
2023-07-26,TzM,2.85,
2023-07-27,TzM,2.85,
2023-07-28,TzM,2.85,
2023-07-29,TzM,2.85,
2023-07-30,TzM,2.85,
2023-07-31,TzM,,
2023-08-01,TzM,2.51,
2023-08-02,TzM,2.51,
2023-08-03,TzM,2.51,
2023-08-04,TzM,2.51,
2023-08-05,TzM,2.51,
2023-08-06,TzM,2.51,
2023-08-07,TzM,2.51,
2023-08-08,TzM,2.51,
2023-08-09,TzM,2.51,
2023-08-10,TzM,2.51,
2023-08-11,TzM,2.03,
2023-08-12,TzM,2.03,
2023-08-13,TzM,2.03,
2023-08-14,TzM,2.03,
2023-08-15,TzM,2.03,
2023-08-16,TzM,2.03,
2023-08-17,TzM,2.03,
2023-08-18,TzM,2.03,
2023-08-19,TzM,2.03,
2023-08-20,TzM,2.03,
2023-08-21,TzM,1.63,
2023-08-22,TzM,1.63,
2023-08-23,TzM,1.63,
2023-08-24,TzM,1.63,
2023-08-25,TzM,1.63,
2023-08-26,TzM,1.63,
2023-08-27,TzM,1.63,
2023-08-28,TzM,1.63,
2023-08-29,TzM,1.63,
2023-08-30,TzM,1.63,
2023-08-31,TzM,,
2023-09-01,TzM,1.33,
2023-09-02,TzM,1.33,
2023-09-03,TzM,1.33,
2023-09-04,TzM,1.33,
2023-09-05,TzM,1.33,
2023-09-06,TzM,1.33,
2023-09-07,TzM,1.33,
2023-09-08,TzM,1.33,
2023-09-09,TzM,1.33,
2023-09-10,TzM,1.33,
2023-09-11,TzM,1.55,
2023-09-12,TzM,1.55,
2023-09-13,TzM,1.55,
2023-09-14,TzM,1.55,
2023-09-15,TzM,1.55,
2023-09-16,TzM,1.55,
2023-09-17,TzM,1.55,
2023-09-18,TzM,1.55,
2023-09-19,TzM,1.55,
2023-09-20,TzM,1.55,
2023-09-21,TzM,2.23,
2023-09-22,TzM,2.23,
2023-09-23,TzM,2.23,
2023-09-24,TzM,2.23,
2023-09-25,TzM,2.23,
2023-09-26,TzM,2.23,
2023-09-27,TzM,2.23,
2023-09-28,TzM,2.23,
2023-09-29,TzM,2.23,
2023-09-30,TzM,2.23,
2023-10-01,TzM,1.7,
2023-10-02,TzM,1.7,
2023-10-03,TzM,1.7,
2023-10-04,TzM,1.7,
2023-10-05,TzM,1.7,
2023-10-06,TzM,1.7,
2023-10-07,TzM,1.7,
2023-10-08,TzM,1.7,
2023-10-09,TzM,1.7,
2023-10-10,TzM,1.7,
2023-10-11,TzM,0.99,
2023-10-12,TzM,0.99,
2023-10-13,TzM,0.99,
2023-10-14,TzM,0.99,
2023-10-15,TzM,0.99,
2023-10-16,TzM,0.99,
2023-10-17,TzM,0.99,
2023-10-18,TzM,0.99,
2023-10-19,TzM,0.99,
2023-10-20,TzM,0.99,
2023-10-21,TzM,0.74,
2023-10-22,TzM,0.74,
2023-10-23,TzM,0.74,
2023-10-24,TzM,0.74,
2023-10-25,TzM,0.74,
2023-10-26,TzM,0.74,
2023-10-27,TzM,0.74,
2023-10-28,TzM,0.74,
2023-10-29,TzM,0.74,
2023-10-30,TzM,0.74,
2023-10-31,TzM,,
2023-11-01,TzM,0.77,
2023-11-02,TzM,0.77,
2023-11-03,TzM,0.77,
2023-11-04,TzM,0.77,
2023-11-05,TzM,0.77,
2023-11-06,TzM,0.77,
2023-11-07,TzM,0.77,
2023-11-08,TzM,0.77,
2023-11-09,TzM,0.77,
2023-11-10,TzM,0.77,
2023-11-11,TzM,0.75,
2023-11-12,TzM,0.75,
2023-11-13,TzM,0.75,
2023-11-14,TzM,0.75,
2023-11-15,TzM,0.75,
2023-11-16,TzM,0.75,
2023-11-17,TzM,0.75,
2023-11-18,TzM,0.75,
2023-11-19,TzM,0.75,
2023-11-20,TzM,0.75,
2023-11-21,TzM,0.61,
2023-11-22,TzM,0.61,
2023-11-23,TzM,0.61,
2023-11-24,TzM,0.61,
2023-11-25,TzM,0.61,
2023-11-26,TzM,0.61,
2023-11-27,TzM,0.61,
2023-11-28,TzM,0.61,
2023-11-29,TzM,0.61,
2023-11-30,TzM,0.61,
2023-12-01,TzM,0.36,
2023-12-02,TzM,0.36,
2023-12-03,TzM,0.36,
2023-12-04,TzM,0.36,
2023-12-05,TzM,0.36,
2023-12-06,TzM,0.36,
2023-12-07,TzM,0.36,
2023-12-08,TzM,0.36,
2023-12-09,TzM,0.36,
2023-12-10,TzM,0.36,
2023-12-11,TzM,0.5700000000000001,3.0
2023-12-12,TzM,0.5700000000000001,3.0
2023-12-13,TzM,0.5700000000000001,3.0
2023-12-14,TzM,0.5700000000000001,3.0
2023-12-15,TzM,0.5700000000000001,3.0
2023-12-16,TzM,0.5700000000000001,3.0
2023-12-17,TzM,0.5700000000000001,3.0
2023-12-18,TzM,0.5700000000000001,3.0
2023-12-19,TzM,0.5700000000000001,3.0
2023-12-20,TzM,0.5700000000000001,3.0
2023-12-21,TzM,0.46,
2023-12-22,TzM,0.46,
2023-12-23,TzM,0.46,
2023-12-24,TzM,0.46,
2023-12-25,TzM,0.46,
2023-12-26,TzM,0.46,
2023-12-27,TzM,0.46,
2023-12-28,TzM,0.46,
2023-12-29,TzM,0.46,
2023-12-30,TzM,0.46,
2023-12-31,TzM,,
2024-01-01,TzM,0.41,
2024-01-02,TzM,0.41,
2024-01-03,TzM,0.41,
2024-01-04,TzM,0.41,
2024-01-05,TzM,0.41,
2024-01-06,TzM,0.41,
2024-01-07,TzM,0.41,
2024-01-08,TzM,0.41,
2024-01-09,TzM,0.41,
2024-01-10,TzM,0.41,
2024-01-11,TzM,0.37,3.0
2024-01-12,TzM,0.37,3.0
2024-01-13,TzM,0.37,3.0
2024-01-14,TzM,0.37,3.0
2024-01-15,TzM,0.37,3.0
2024-01-16,TzM,0.37,3.0
2024-01-17,TzM,0.37,3.0
2024-01-18,TzM,0.37,3.0
2024-01-19,TzM,0.37,3.0
2024-01-20,TzM,0.37,3.0
2024-01-21,TzM,0.75,2.0
2024-01-22,TzM,0.75,2.0
2024-01-23,TzM,0.75,2.0
2024-01-24,TzM,0.75,2.0
2024-01-25,TzM,0.75,2.0
2024-01-26,TzM,0.75,2.0
2024-01-27,TzM,0.75,2.0
2024-01-28,TzM,0.75,2.0
2024-01-29,TzM,0.75,2.0
2024-01-30,TzM,0.75,2.0
2024-01-31,TzM,,
2024-02-01,TzM,0.72,
2024-02-02,TzM,0.72,
2024-02-03,TzM,0.72,
2024-02-04,TzM,0.72,
2024-02-05,TzM,0.72,
2024-02-06,TzM,0.72,
2024-02-07,TzM,0.72,
2024-02-08,TzM,0.72,
2024-02-09,TzM,0.72,
2024-02-10,TzM,0.72,
2024-02-11,TzM,0.95,
2024-02-12,TzM,0.95,
2024-02-13,TzM,0.95,
2024-02-14,TzM,0.95,
2024-02-15,TzM,0.95,
2024-02-16,TzM,0.95,
2024-02-17,TzM,0.95,
2024-02-18,TzM,0.95,
2024-02-19,TzM,0.95,
2024-02-20,TzM,0.95,
2024-02-21,TzM,1.22,
2024-02-22,TzM,1.22,
2024-02-23,TzM,1.22,
2024-02-24,TzM,1.22,
2024-02-25,TzM,1.22,
2024-02-26,TzM,1.22,
2024-02-27,TzM,1.22,
2024-02-28,TzM,1.22,
2024-02-29,TzM,1.22,
2024-03-01,TzM,1.44,
2024-03-02,TzM,1.44,
2024-03-03,TzM,1.44,
2024-03-04,TzM,1.44,
2024-03-05,TzM,1.44,
2024-03-06,TzM,1.44,
2024-03-07,TzM,1.44,
2024-03-08,TzM,1.44,
2024-03-09,TzM,1.44,
2024-03-10,TzM,1.44,
2024-03-11,TzM,2.15,
2024-03-12,TzM,2.15,
2024-03-13,TzM,2.15,
2024-03-14,TzM,2.15,
2024-03-15,TzM,2.15,
2024-03-16,TzM,2.15,
2024-03-17,TzM,2.15,
2024-03-18,TzM,2.15,
2024-03-19,TzM,2.15,
2024-03-20,TzM,2.15,
2024-03-21,TzM,1.73,1.0
2024-03-22,TzM,1.73,1.0
2024-03-23,TzM,1.73,1.0
2024-03-24,TzM,1.73,1.0
2024-03-25,TzM,1.73,1.0
2024-03-26,TzM,1.73,1.0
2024-03-27,TzM,1.73,1.0
2024-03-28,TzM,1.73,1.0
2024-03-29,TzM,1.73,1.0
2024-03-30,TzM,1.73,1.0
2024-03-31,TzM,,
2024-04-01,TzM,3.8,3.0
2024-04-02,TzM,3.8,3.0
2024-04-03,TzM,3.8,3.0
2024-04-04,TzM,3.8,3.0
2024-04-05,TzM,3.8,3.0
2024-04-06,TzM,3.8,3.0
2024-04-07,TzM,3.8,3.0
2024-04-08,TzM,3.8,3.0
2024-04-09,TzM,3.8,3.0
2024-04-10,TzM,3.8,3.0
2024-04-11,TzM,4.7,
2024-04-12,TzM,4.7,
2024-04-13,TzM,4.7,
2024-04-14,TzM,4.7,
2024-04-15,TzM,4.7,
2024-04-16,TzM,4.7,
2024-04-17,TzM,4.7,
2024-04-18,TzM,4.7,
2024-04-19,TzM,4.7,
2024-04-20,TzM,4.7,
2024-04-21,TzM,3.58,
2024-04-22,TzM,3.58,
2024-04-23,TzM,3.58,
2024-04-24,TzM,3.58,
2024-04-25,TzM,3.58,
2024-04-26,TzM,3.58,
2024-04-27,TzM,3.58,
2024-04-28,TzM,3.58,
2024-04-29,TzM,3.58,
2024-04-30,TzM,3.58,
2024-05-01,TzM,4.62,
2024-05-02,TzM,4.62,
2024-05-03,TzM,4.62,
2024-05-04,TzM,4.62,
2024-05-05,TzM,4.62,
2024-05-06,TzM,4.62,
2024-05-07,TzM,4.62,
2024-05-08,TzM,4.62,
2024-05-09,TzM,4.62,
2024-05-10,TzM,4.62,
2024-05-11,TzM,3.98,
2024-05-12,TzM,3.98,
2024-05-13,TzM,3.98,
2024-05-14,TzM,3.98,
2024-05-15,TzM,3.98,
2024-05-16,TzM,3.98,
2024-05-17,TzM,3.98,
2024-05-18,TzM,3.98,
2024-05-19,TzM,3.98,
2024-05-20,TzM,3.98,
2024-05-21,TzM,3.35,
2024-05-22,TzM,3.35,
2024-05-23,TzM,3.35,
2024-05-24,TzM,3.35,
2024-05-25,TzM,3.35,
2024-05-26,TzM,3.35,
2024-05-27,TzM,3.35,
2024-05-28,TzM,3.35,
2024-05-29,TzM,3.35,
2024-05-30,TzM,3.35,
2024-05-31,TzM,,
2024-06-01,TzM,2.38,
2024-06-02,TzM,2.38,
2024-06-03,TzM,2.38,
2024-06-04,TzM,2.38,
2024-06-05,TzM,2.38,
2024-06-06,TzM,2.38,
2024-06-07,TzM,2.38,
2024-06-08,TzM,2.38,
2024-06-09,TzM,2.38,
2024-06-10,TzM,2.38,
2024-06-11,TzM,3.03,
2024-06-12,TzM,3.03,
2024-06-13,TzM,3.03,
2024-06-14,TzM,3.03,
2024-06-15,TzM,3.03,
2024-06-16,TzM,3.03,
2024-06-17,TzM,3.03,
2024-06-18,TzM,3.03,
2024-06-19,TzM,3.03,
2024-06-20,TzM,3.03,
2024-06-21,TzM,3.23,
2024-06-22,TzM,3.23,
2024-06-23,TzM,3.23,
2024-06-24,TzM,3.23,
2024-06-25,TzM,3.23,
2024-06-26,TzM,3.23,
2024-06-27,TzM,3.23,
2024-06-28,TzM,3.23,
2024-06-29,TzM,3.23,
2024-06-30,TzM,3.23,
2024-07-01,TzM,3.3200000000000003,
2024-07-02,TzM,3.3200000000000003,
2024-07-03,TzM,3.3200000000000003,
2024-07-04,TzM,3.3200000000000003,
2024-07-05,TzM,3.3200000000000003,
2024-07-06,TzM,3.3200000000000003,
2024-07-07,TzM,3.3200000000000003,
2024-07-08,TzM,3.3200000000000003,
2024-07-09,TzM,3.3200000000000003,
2024-07-10,TzM,3.3200000000000003,
2024-07-11,TzM,3.0500000000000003,
2024-07-12,TzM,3.0500000000000003,
2024-07-13,TzM,3.0500000000000003,
2024-07-14,TzM,3.0500000000000003,
2024-07-15,TzM,3.0500000000000003,
2024-07-16,TzM,3.0500000000000003,
2024-07-17,TzM,3.0500000000000003,
2024-07-18,TzM,3.0500000000000003,
2024-07-19,TzM,3.0500000000000003,
2024-07-20,TzM,3.0500000000000003,
2024-07-21,TzM,2.5500000000000003,
2024-07-22,TzM,2.5500000000000003,
2024-07-23,TzM,2.5500000000000003,
2024-07-24,TzM,2.5500000000000003,
2024-07-25,TzM,2.5500000000000003,
2024-07-26,TzM,2.5500000000000003,
2024-07-27,TzM,2.5500000000000003,
2024-07-28,TzM,2.5500000000000003,
2024-07-29,TzM,2.5500000000000003,
2024-07-30,TzM,2.5500000000000003,
2024-07-31,TzM,,
2024-08-01,TzM,2.15,
2024-08-02,TzM,2.15,
2024-08-03,TzM,2.15,
2024-08-04,TzM,2.15,
2024-08-05,TzM,2.15,
2024-08-06,TzM,2.15,
2024-08-07,TzM,2.15,
2024-08-08,TzM,2.15,
2024-08-09,TzM,2.15,
2024-08-10,TzM,2.15,
2024-08-11,TzM,2.14,
2024-08-12,TzM,2.14,
2024-08-13,TzM,2.14,
2024-08-14,TzM,2.14,
2024-08-15,TzM,2.14,
2024-08-16,TzM,2.14,
2024-08-17,TzM,2.14,
2024-08-18,TzM,2.14,
2024-08-19,TzM,2.14,
2024-08-20,TzM,2.14,
2024-08-21,TzM,1.62,
2024-08-22,TzM,1.62,
2024-08-23,TzM,1.62,
2024-08-24,TzM,1.62,
2024-08-25,TzM,1.62,
2024-08-26,TzM,1.62,
2024-08-27,TzM,1.62,
2024-08-28,TzM,1.62,
2024-08-29,TzM,1.62,
2024-08-30,TzM,1.62,
2024-08-31,TzM,,
2024-09-01,TzM,1.83,
2024-09-02,TzM,1.83,
2024-09-03,TzM,1.83,
2024-09-04,TzM,1.83,
2024-09-05,TzM,1.83,
2024-09-06,TzM,1.83,
2024-09-07,TzM,1.83,
2024-09-08,TzM,1.83,
2024-09-09,TzM,1.83,
2024-09-10,TzM,1.83,
2024-09-11,TzM,1.41,
2024-09-12,TzM,1.41,
2024-09-13,TzM,1.41,
2024-09-14,TzM,1.41,
2024-09-15,TzM,1.41,
2024-09-16,TzM,1.41,
2024-09-17,TzM,1.41,
2024-09-18,TzM,1.41,
2024-09-19,TzM,1.41,
2024-09-20,TzM,1.41,
2024-09-21,TzM,1.31,
2024-09-22,TzM,1.31,
2024-09-23,TzM,1.31,
2024-09-24,TzM,1.31,
2024-09-25,TzM,1.31,
2024-09-26,TzM,1.31,
2024-09-27,TzM,1.31,
2024-09-28,TzM,1.31,
2024-09-29,TzM,1.31,
2024-09-30,TzM,1.31,
2024-10-01,TzM,1.03,
2024-10-02,TzM,1.03,
2024-10-03,TzM,1.03,
2024-10-04,TzM,1.03,
2024-10-05,TzM,1.03,
2024-10-06,TzM,1.03,
2024-10-07,TzM,1.03,
2024-10-08,TzM,1.03,
2024-10-09,TzM,1.03,
2024-10-10,TzM,1.03,
2024-10-11,TzM,0.78,
2024-10-12,TzM,0.78,
2024-10-13,TzM,0.78,
2024-10-14,TzM,0.78,
2024-10-15,TzM,0.78,
2024-10-16,TzM,0.78,
2024-10-17,TzM,0.78,
2024-10-18,TzM,0.78,
2024-10-19,TzM,0.78,
2024-10-20,TzM,0.78,
2024-10-21,TzM,0.73,
2024-10-22,TzM,0.73,
2024-10-23,TzM,0.73,
2024-10-24,TzM,0.73,
2024-10-25,TzM,0.73,
2024-10-26,TzM,0.73,
2024-10-27,TzM,0.73,
2024-10-28,TzM,0.73,
2024-10-29,TzM,0.73,
2024-10-30,TzM,0.73,
2024-10-31,TzM,,
2024-11-01,TzM,0.65,
2024-11-02,TzM,0.65,
2024-11-03,TzM,0.65,
2024-11-04,TzM,0.65,
2024-11-05,TzM,0.65,
2024-11-06,TzM,0.65,
2024-11-07,TzM,0.65,
2024-11-08,TzM,0.65,
2024-11-09,TzM,0.65,
2024-11-10,TzM,0.65,
2024-11-11,TzM,0.52,
2024-11-12,TzM,0.52,
2024-11-13,TzM,0.52,
2024-11-14,TzM,0.52,
2024-11-15,TzM,0.52,
2024-11-16,TzM,0.52,
2024-11-17,TzM,0.52,
2024-11-18,TzM,0.52,
2024-11-19,TzM,0.52,
2024-11-20,TzM,0.52,
2024-11-21,TzM,0.5,
2024-11-22,TzM,0.5,
2024-11-23,TzM,0.5,
2024-11-24,TzM,0.5,
2024-11-25,TzM,0.5,
2024-11-26,TzM,0.5,
2024-11-27,TzM,0.5,
2024-11-28,TzM,0.5,
2024-11-29,TzM,0.5,
2024-11-30,TzM,0.5,
2024-12-01,TzM,0.53,
2024-12-02,TzM,0.53,
2024-12-03,TzM,0.53,
2024-12-04,TzM,0.53,
2024-12-05,TzM,0.53,
2024-12-06,TzM,0.53,
2024-12-07,TzM,0.53,
2024-12-08,TzM,0.53,
2024-12-09,TzM,0.53,
2024-12-10,TzM,0.53,
2024-12-11,TzM,0.5,
2024-12-12,TzM,0.5,
2024-12-13,TzM,0.5,
2024-12-14,TzM,0.5,
2024-12-15,TzM,0.5,
2024-12-16,TzM,0.5,
2024-12-17,TzM,0.5,
2024-12-18,TzM,0.5,
2024-12-19,TzM,0.5,
2024-12-20,TzM,0.5,
2024-12-21,TzM,0.5,
2024-12-22,TzM,0.5,
2024-12-23,TzM,0.5,
2024-12-24,TzM,0.5,
2024-12-25,TzM,0.5,
2024-12-26,TzM,0.5,
2024-12-27,TzM,0.5,
2024-12-28,TzM,0.5,
2024-12-29,TzM,0.5,
2024-12-30,TzM,0.5,
