date,name,source,variable,value
2018-01-01,TzM,CHIRPS,precipitation,0.0
2018-01-02,TzM,CHIRPS,precipitation,0.0
2018-01-03,TzM,CHIRPS,precipitation,0.0
2018-01-04,TzM,CHIRPS,precipitation,0.0
2018-01-05,TzM,CHIRPS,precipitation,0.0
2018-01-06,TzM,CHIRPS,precipitation,16.177715301513672
2018-01-07,TzM,CHIRPS,precipitation,3.2355430126190186
2018-01-08,TzM,CHIRPS,precipitation,0.0
2018-01-09,TzM,CHIRPS,precipitation,0.0
2018-01-10,TzM,CHIRPS,precipitation,0.0
2018-01-11,TzM,CHIRPS,precipitation,0.0
2018-01-12,TzM,CHIRPS,precipitation,0.0
2018-01-13,TzM,CHIRPS,precipitation,5.294260501861572
2018-01-14,TzM,CHIRPS,precipitation,0.0
2018-01-15,TzM,CHIRPS,precipitation,0.0
2018-01-16,TzM,CHIRPS,precipitation,0.0
2018-01-17,TzM,CHIRPS,precipitation,0.0
2018-01-18,TzM,CHIRPS,precipitation,0.0
2018-01-19,TzM,CHIRPS,precipitation,5.024096012115479
2018-01-20,TzM,CHIRPS,precipitation,0.0
2018-01-21,TzM,CHIRPS,precipitation,0.0
2018-01-22,TzM,CHIRPS,precipitation,0.0
2018-01-23,TzM,CHIRPS,precipitation,0.0
2018-01-24,TzM,CHIRPS,precipitation,0.0
2018-01-25,TzM,CHIRPS,precipitation,0.0
2018-01-26,TzM,CHIRPS,precipitation,0.0
2018-01-27,TzM,CHIRPS,precipitation,0.0
2018-01-28,TzM,CHIRPS,precipitation,0.0
2018-01-29,TzM,CHIRPS,precipitation,0.0
2018-01-30,TzM,CHIRPS,precipitation,0.0
2018-01-31,TzM,CHIRPS,precipitation,0.0
2018-02-01,TzM,CHIRPS,precipitation,5.130765438079834
2018-02-02,TzM,CHIRPS,precipitation,0.0
2018-02-03,TzM,CHIRPS,precipitation,0.0
2018-02-04,TzM,CHIRPS,precipitation,10.261530876159668
2018-02-05,TzM,CHIRPS,precipitation,5.130765438079834
2018-02-06,TzM,CHIRPS,precipitation,0.0
2018-02-07,TzM,CHIRPS,precipitation,0.0
2018-02-08,TzM,CHIRPS,precipitation,0.0
2018-02-09,TzM,CHIRPS,precipitation,0.0
2018-02-10,TzM,CHIRPS,precipitation,0.0
2018-02-11,TzM,CHIRPS,precipitation,0.0
2018-02-12,TzM,CHIRPS,precipitation,0.0
2018-02-13,TzM,CHIRPS,precipitation,0.0
2018-02-14,TzM,CHIRPS,precipitation,0.0
2018-02-15,TzM,CHIRPS,precipitation,0.0
2018-02-16,TzM,CHIRPS,precipitation,0.0
2018-02-17,TzM,CHIRPS,precipitation,0.0
2018-02-18,TzM,CHIRPS,precipitation,0.0
2018-02-19,TzM,CHIRPS,precipitation,0.0
2018-02-20,TzM,CHIRPS,precipitation,0.0
2018-02-21,TzM,CHIRPS,precipitation,0.0
2018-02-22,TzM,CHIRPS,precipitation,0.0
2018-02-23,TzM,CHIRPS,precipitation,0.0
2018-02-24,TzM,CHIRPS,precipitation,0.0
2018-02-25,TzM,CHIRPS,precipitation,0.0
2018-02-26,TzM,CHIRPS,precipitation,0.0
2018-02-27,TzM,CHIRPS,precipitation,0.0
2018-02-28,TzM,CHIRPS,precipitation,8.260575294494629
2018-03-01,TzM,CHIRPS,precipitation,0.0
2018-03-02,TzM,CHIRPS,precipitation,0.0
2018-03-03,TzM,CHIRPS,precipitation,6.654151916503906
2018-03-04,TzM,CHIRPS,precipitation,6.654151916503906
2018-03-05,TzM,CHIRPS,precipitation,6.654151916503906
2018-03-06,TzM,CHIRPS,precipitation,0.0
2018-03-07,TzM,CHIRPS,precipitation,0.0
2018-03-08,TzM,CHIRPS,precipitation,0.0
2018-03-09,TzM,CHIRPS,precipitation,0.0
2018-03-10,TzM,CHIRPS,precipitation,0.0
2018-03-11,TzM,CHIRPS,precipitation,1.55709969997406
2018-03-12,TzM,CHIRPS,precipitation,0.0
2018-03-13,TzM,CHIRPS,precipitation,0.0
2018-03-14,TzM,CHIRPS,precipitation,3.11419939994812
2018-03-15,TzM,CHIRPS,precipitation,1.55709969997406
2018-03-16,TzM,CHIRPS,precipitation,0.0
2018-03-17,TzM,CHIRPS,precipitation,0.0
2018-03-18,TzM,CHIRPS,precipitation,0.0
2018-03-19,TzM,CHIRPS,precipitation,0.0
2018-03-20,TzM,CHIRPS,precipitation,0.0
2018-03-21,TzM,CHIRPS,precipitation,0.0
2018-03-22,TzM,CHIRPS,precipitation,0.0
2018-03-23,TzM,CHIRPS,precipitation,4.477563381195068
2018-03-24,TzM,CHIRPS,precipitation,0.0
2018-03-25,TzM,CHIRPS,precipitation,0.0
2018-03-26,TzM,CHIRPS,precipitation,0.0
2018-03-27,TzM,CHIRPS,precipitation,0.0
2018-03-28,TzM,CHIRPS,precipitation,0.0
2018-03-29,TzM,CHIRPS,precipitation,0.0
2018-03-30,TzM,CHIRPS,precipitation,0.0
2018-03-31,TzM,CHIRPS,precipitation,0.0
2018-04-01,TzM,CHIRPS,precipitation,0.0
2018-04-02,TzM,CHIRPS,precipitation,2.809817314147949
2018-04-03,TzM,CHIRPS,precipitation,0.0
2018-04-04,TzM,CHIRPS,precipitation,0.0
2018-04-05,TzM,CHIRPS,precipitation,0.0
2018-04-06,TzM,CHIRPS,precipitation,0.0
2018-04-07,TzM,CHIRPS,precipitation,12.810415267944336
2018-04-08,TzM,CHIRPS,precipitation,0.0
2018-04-09,TzM,CHIRPS,precipitation,0.0
2018-04-10,TzM,CHIRPS,precipitation,8.540277481079102
2018-04-11,TzM,CHIRPS,precipitation,13.598821640014648
2018-04-12,TzM,CHIRPS,precipitation,0.0
2018-04-13,TzM,CHIRPS,precipitation,0.0
2018-04-14,TzM,CHIRPS,precipitation,0.0
2018-04-15,TzM,CHIRPS,precipitation,0.0
2018-04-16,TzM,CHIRPS,precipitation,0.0
2018-04-17,TzM,CHIRPS,precipitation,0.0
2018-04-18,TzM,CHIRPS,precipitation,0.0
2018-04-19,TzM,CHIRPS,precipitation,0.0
2018-04-20,TzM,CHIRPS,precipitation,0.0
2018-04-21,TzM,CHIRPS,precipitation,2.2154407501220703
2018-04-22,TzM,CHIRPS,precipitation,2.2154407501220703
2018-04-23,TzM,CHIRPS,precipitation,2.2154407501220703
2018-04-24,TzM,CHIRPS,precipitation,1.1077203750610352
2018-04-25,TzM,CHIRPS,precipitation,0.0
2018-04-26,TzM,CHIRPS,precipitation,0.0
2018-04-27,TzM,CHIRPS,precipitation,0.0
2018-04-28,TzM,CHIRPS,precipitation,0.0
2018-04-29,TzM,CHIRPS,precipitation,0.0
2018-04-30,TzM,CHIRPS,precipitation,0.0
2018-05-01,TzM,CHIRPS,precipitation,0.0
2018-05-02,TzM,CHIRPS,precipitation,0.0
2018-05-03,TzM,CHIRPS,precipitation,0.0
2018-05-04,TzM,CHIRPS,precipitation,0.0
2018-05-05,TzM,CHIRPS,precipitation,0.0
2018-05-06,TzM,CHIRPS,precipitation,0.0
2018-05-07,TzM,CHIRPS,precipitation,0.0
2018-05-08,TzM,CHIRPS,precipitation,6.76497220993042
2018-05-09,TzM,CHIRPS,precipitation,0.0
2018-05-10,TzM,CHIRPS,precipitation,0.0
2018-05-11,TzM,CHIRPS,precipitation,0.0
2018-05-12,TzM,CHIRPS,precipitation,0.0
2018-05-13,TzM,CHIRPS,precipitation,0.0
2018-05-14,TzM,CHIRPS,precipitation,0.0
2018-05-15,TzM,CHIRPS,precipitation,0.0
2018-05-16,TzM,CHIRPS,precipitation,0.0
2018-05-17,TzM,CHIRPS,precipitation,0.0
2018-05-18,TzM,CHIRPS,precipitation,0.0
2018-05-19,TzM,CHIRPS,precipitation,0.0
2018-05-20,TzM,CHIRPS,precipitation,0.0
2018-05-21,TzM,CHIRPS,precipitation,8.388717651367188
2018-05-22,TzM,CHIRPS,precipitation,0.0
2018-05-23,TzM,CHIRPS,precipitation,0.0
2018-05-24,TzM,CHIRPS,precipitation,0.0
2018-05-25,TzM,CHIRPS,precipitation,0.0
2018-05-26,TzM,CHIRPS,precipitation,0.0
2018-05-27,TzM,CHIRPS,precipitation,14.146735191345217
2018-05-28,TzM,CHIRPS,precipitation,0.0
2018-05-29,TzM,CHIRPS,precipitation,9.431157112121582
2018-05-30,TzM,CHIRPS,precipitation,0.0
2018-05-31,TzM,CHIRPS,precipitation,0.0
2018-06-01,TzM,CHIRPS,precipitation,0.0
2018-06-02,TzM,CHIRPS,precipitation,23.71444129943848
2018-06-03,TzM,CHIRPS,precipitation,0.0
2018-06-04,TzM,CHIRPS,precipitation,0.0
2018-06-05,TzM,CHIRPS,precipitation,0.0
2018-06-06,TzM,CHIRPS,precipitation,0.0
2018-06-07,TzM,CHIRPS,precipitation,0.0
2018-06-08,TzM,CHIRPS,precipitation,0.0
2018-06-09,TzM,CHIRPS,precipitation,0.0
2018-06-10,TzM,CHIRPS,precipitation,0.0
2018-06-11,TzM,CHIRPS,precipitation,0.0
2018-06-12,TzM,CHIRPS,precipitation,0.0
2018-06-13,TzM,CHIRPS,precipitation,0.0
2018-06-14,TzM,CHIRPS,precipitation,0.0
2018-06-15,TzM,CHIRPS,precipitation,0.0
2018-06-16,TzM,CHIRPS,precipitation,0.0
2018-06-17,TzM,CHIRPS,precipitation,0.0
2018-06-18,TzM,CHIRPS,precipitation,0.0
2018-06-19,TzM,CHIRPS,precipitation,0.0
2018-06-20,TzM,CHIRPS,precipitation,0.0
2018-06-21,TzM,CHIRPS,precipitation,0.0
2018-06-22,TzM,CHIRPS,precipitation,0.0
2018-06-23,TzM,CHIRPS,precipitation,0.0
2018-06-24,TzM,CHIRPS,precipitation,0.0
2018-06-25,TzM,CHIRPS,precipitation,0.0
2018-06-26,TzM,CHIRPS,precipitation,0.0
2018-06-27,TzM,CHIRPS,precipitation,12.03103256225586
2018-06-28,TzM,CHIRPS,precipitation,0.0
2018-06-29,TzM,CHIRPS,precipitation,0.0
2018-06-30,TzM,CHIRPS,precipitation,0.0
2018-07-01,TzM,CHIRPS,precipitation,0.0
2018-07-02,TzM,CHIRPS,precipitation,0.0
2018-07-03,TzM,CHIRPS,precipitation,0.0
2018-07-04,TzM,CHIRPS,precipitation,0.0
2018-07-05,TzM,CHIRPS,precipitation,0.0
2018-07-06,TzM,CHIRPS,precipitation,0.0
2018-07-07,TzM,CHIRPS,precipitation,0.0
2018-07-08,TzM,CHIRPS,precipitation,0.0
2018-07-09,TzM,CHIRPS,precipitation,0.0
2018-07-10,TzM,CHIRPS,precipitation,0.0
2018-07-11,TzM,CHIRPS,precipitation,0.0
2018-07-12,TzM,CHIRPS,precipitation,0.0
2018-07-13,TzM,CHIRPS,precipitation,0.0
2018-07-14,TzM,CHIRPS,precipitation,0.0
2018-07-15,TzM,CHIRPS,precipitation,0.0
2018-07-16,TzM,CHIRPS,precipitation,0.0
2018-07-17,TzM,CHIRPS,precipitation,0.0
2018-07-18,TzM,CHIRPS,precipitation,0.0
2018-07-19,TzM,CHIRPS,precipitation,0.0
2018-07-20,TzM,CHIRPS,precipitation,0.0
2018-07-21,TzM,CHIRPS,precipitation,0.0
2018-07-22,TzM,CHIRPS,precipitation,0.0
2018-07-23,TzM,CHIRPS,precipitation,0.0
2018-07-24,TzM,CHIRPS,precipitation,0.0
2018-07-25,TzM,CHIRPS,precipitation,0.0
2018-07-26,TzM,CHIRPS,precipitation,0.0
2018-07-27,TzM,CHIRPS,precipitation,0.0
2018-07-28,TzM,CHIRPS,precipitation,0.0
2018-07-29,TzM,CHIRPS,precipitation,0.0
2018-07-30,TzM,CHIRPS,precipitation,0.0
2018-07-31,TzM,CHIRPS,precipitation,0.0
2018-08-01,TzM,CHIRPS,precipitation,0.0
2018-08-02,TzM,CHIRPS,precipitation,0.0
2018-08-03,TzM,CHIRPS,precipitation,0.0
2018-08-04,TzM,CHIRPS,precipitation,0.0
2018-08-05,TzM,CHIRPS,precipitation,0.0
2018-08-06,TzM,CHIRPS,precipitation,0.0
2018-08-07,TzM,CHIRPS,precipitation,1.771963119506836
2018-08-08,TzM,CHIRPS,precipitation,0.0
2018-08-09,TzM,CHIRPS,precipitation,0.0
2018-08-10,TzM,CHIRPS,precipitation,1.771963119506836
2018-08-11,TzM,CHIRPS,precipitation,1.2025538682937622
2018-08-12,TzM,CHIRPS,precipitation,2.4051077365875244
2018-08-13,TzM,CHIRPS,precipitation,1.2025538682937622
2018-08-14,TzM,CHIRPS,precipitation,0.0
2018-08-15,TzM,CHIRPS,precipitation,0.0
2018-08-16,TzM,CHIRPS,precipitation,3.432619571685791
2018-08-17,TzM,CHIRPS,precipitation,0.4664269983768463
2018-08-18,TzM,CHIRPS,precipitation,1.450138807296753
2018-08-19,TzM,CHIRPS,precipitation,0.0710963532328605
2018-08-20,TzM,CHIRPS,precipitation,7.173641733970726e-07
2018-08-21,TzM,CHIRPS,precipitation,0.0
2018-08-22,TzM,CHIRPS,precipitation,0.0
2018-08-23,TzM,CHIRPS,precipitation,0.0
2018-08-24,TzM,CHIRPS,precipitation,0.0
2018-08-25,TzM,CHIRPS,precipitation,0.0
2018-08-26,TzM,CHIRPS,precipitation,0.0
2018-08-27,TzM,CHIRPS,precipitation,0.0
2018-08-28,TzM,CHIRPS,precipitation,10.16709327697754
2018-08-29,TzM,CHIRPS,precipitation,0.0
2018-08-30,TzM,CHIRPS,precipitation,0.0
2018-08-31,TzM,CHIRPS,precipitation,0.0
2018-09-01,TzM,CHIRPS,precipitation,0.0
2018-09-02,TzM,CHIRPS,precipitation,2.8102896213531494
2018-09-03,TzM,CHIRPS,precipitation,8.430869102478027
2018-09-04,TzM,CHIRPS,precipitation,0.0
2018-09-05,TzM,CHIRPS,precipitation,0.0
2018-09-06,TzM,CHIRPS,precipitation,0.0
2018-09-07,TzM,CHIRPS,precipitation,8.437894821166992
2018-09-08,TzM,CHIRPS,precipitation,0.0
2018-09-09,TzM,CHIRPS,precipitation,8.437894821166992
2018-09-10,TzM,CHIRPS,precipitation,16.875789642333984
2018-09-11,TzM,CHIRPS,precipitation,0.0
2018-09-12,TzM,CHIRPS,precipitation,0.0
2018-09-13,TzM,CHIRPS,precipitation,0.0
2018-09-14,TzM,CHIRPS,precipitation,0.0
2018-09-15,TzM,CHIRPS,precipitation,0.0
2018-09-16,TzM,CHIRPS,precipitation,0.0
2018-09-17,TzM,CHIRPS,precipitation,0.0
2018-09-18,TzM,CHIRPS,precipitation,14.847929000854492
2018-09-19,TzM,CHIRPS,precipitation,0.0
2018-09-20,TzM,CHIRPS,precipitation,0.0
2018-09-21,TzM,CHIRPS,precipitation,0.0
2018-09-22,TzM,CHIRPS,precipitation,0.0
2018-09-23,TzM,CHIRPS,precipitation,0.0
2018-09-24,TzM,CHIRPS,precipitation,0.0
2018-09-25,TzM,CHIRPS,precipitation,0.0
2018-09-26,TzM,CHIRPS,precipitation,0.0
2018-09-27,TzM,CHIRPS,precipitation,0.0
2018-09-28,TzM,CHIRPS,precipitation,0.0
2018-09-29,TzM,CHIRPS,precipitation,0.0
2018-09-30,TzM,CHIRPS,precipitation,0.0
2018-10-01,TzM,CHIRPS,precipitation,0.0
2018-10-02,TzM,CHIRPS,precipitation,0.0
2018-10-03,TzM,CHIRPS,precipitation,0.0
2018-10-04,TzM,CHIRPS,precipitation,0.0
2018-10-05,TzM,CHIRPS,precipitation,0.0
2018-10-06,TzM,CHIRPS,precipitation,0.0
2018-10-07,TzM,CHIRPS,precipitation,0.0
2018-10-08,TzM,CHIRPS,precipitation,0.0
2018-10-09,TzM,CHIRPS,precipitation,0.0
2018-10-10,TzM,CHIRPS,precipitation,0.0
2018-10-11,TzM,CHIRPS,precipitation,0.0
2018-10-12,TzM,CHIRPS,precipitation,0.0
2018-10-13,TzM,CHIRPS,precipitation,0.0
2018-10-14,TzM,CHIRPS,precipitation,0.0
2018-10-15,TzM,CHIRPS,precipitation,0.0
2018-10-16,TzM,CHIRPS,precipitation,0.0
2018-10-17,TzM,CHIRPS,precipitation,0.0
2018-10-18,TzM,CHIRPS,precipitation,7.418014049530029
2018-10-19,TzM,CHIRPS,precipitation,7.418014049530029
2018-10-20,TzM,CHIRPS,precipitation,0.0
2018-10-21,TzM,CHIRPS,precipitation,0.0
2018-10-22,TzM,CHIRPS,precipitation,0.0
2018-10-23,TzM,CHIRPS,precipitation,0.0
2018-10-24,TzM,CHIRPS,precipitation,0.0
2018-10-25,TzM,CHIRPS,precipitation,0.0
2018-10-26,TzM,CHIRPS,precipitation,8.982765197753906
2018-10-27,TzM,CHIRPS,precipitation,17.965530395507812
2018-10-28,TzM,CHIRPS,precipitation,0.0
2018-10-29,TzM,CHIRPS,precipitation,0.0
2018-10-30,TzM,CHIRPS,precipitation,17.965530395507812
2018-10-31,TzM,CHIRPS,precipitation,0.0
2018-11-01,TzM,CHIRPS,precipitation,0.0
2018-11-02,TzM,CHIRPS,precipitation,0.0
2018-11-03,TzM,CHIRPS,precipitation,0.0
2018-11-04,TzM,CHIRPS,precipitation,0.0
2018-11-05,TzM,CHIRPS,precipitation,5.372714042663574
2018-11-06,TzM,CHIRPS,precipitation,0.0
2018-11-07,TzM,CHIRPS,precipitation,0.0
2018-11-08,TzM,CHIRPS,precipitation,7.967121124267578
2018-11-09,TzM,CHIRPS,precipitation,0.0
2018-11-10,TzM,CHIRPS,precipitation,0.0
2018-11-11,TzM,CHIRPS,precipitation,0.0
2018-11-12,TzM,CHIRPS,precipitation,0.0
2018-11-13,TzM,CHIRPS,precipitation,0.0
2018-11-14,TzM,CHIRPS,precipitation,0.0
2018-11-15,TzM,CHIRPS,precipitation,0.0
2018-11-16,TzM,CHIRPS,precipitation,0.0
2018-11-17,TzM,CHIRPS,precipitation,0.0
2018-11-18,TzM,CHIRPS,precipitation,0.0
2018-11-19,TzM,CHIRPS,precipitation,0.0
2018-11-20,TzM,CHIRPS,precipitation,0.0
2018-11-21,TzM,CHIRPS,precipitation,0.0
2018-11-22,TzM,CHIRPS,precipitation,0.0
2018-11-23,TzM,CHIRPS,precipitation,0.0
2018-11-24,TzM,CHIRPS,precipitation,0.0
2018-11-25,TzM,CHIRPS,precipitation,0.0
2018-11-26,TzM,CHIRPS,precipitation,5.385626792907715
2018-11-27,TzM,CHIRPS,precipitation,0.0
2018-11-28,TzM,CHIRPS,precipitation,0.0
2018-11-29,TzM,CHIRPS,precipitation,0.0
2018-11-30,TzM,CHIRPS,precipitation,0.0
2018-12-01,TzM,CHIRPS,precipitation,0.0
2018-12-02,TzM,CHIRPS,precipitation,0.0
2018-12-03,TzM,CHIRPS,precipitation,0.0
2018-12-04,TzM,CHIRPS,precipitation,0.0
2018-12-05,TzM,CHIRPS,precipitation,0.0
2018-12-06,TzM,CHIRPS,precipitation,0.0
2018-12-07,TzM,CHIRPS,precipitation,0.0
2018-12-08,TzM,CHIRPS,precipitation,0.0
2018-12-09,TzM,CHIRPS,precipitation,0.0
2018-12-10,TzM,CHIRPS,precipitation,0.0
2018-12-11,TzM,CHIRPS,precipitation,0.0
2018-12-12,TzM,CHIRPS,precipitation,0.0
2018-12-13,TzM,CHIRPS,precipitation,7.9811110496521
2018-12-14,TzM,CHIRPS,precipitation,0.0
2018-12-15,TzM,CHIRPS,precipitation,0.0
2018-12-16,TzM,CHIRPS,precipitation,0.0
2018-12-17,TzM,CHIRPS,precipitation,0.0
2018-12-18,TzM,CHIRPS,precipitation,3.110436201095581
2018-12-19,TzM,CHIRPS,precipitation,1.03681218624115
2018-12-20,TzM,CHIRPS,precipitation,0.0
2018-12-21,TzM,CHIRPS,precipitation,1.1780426502227783
2018-12-22,TzM,CHIRPS,precipitation,0.0
2018-12-23,TzM,CHIRPS,precipitation,0.0
2018-12-24,TzM,CHIRPS,precipitation,0.00024394776846747843
2018-12-25,TzM,CHIRPS,precipitation,8.051447366597131e-05
2018-12-26,TzM,CHIRPS,precipitation,0.0
2018-12-27,TzM,CHIRPS,precipitation,0.0
2018-12-28,TzM,CHIRPS,precipitation,0.0
2018-12-29,TzM,CHIRPS,precipitation,0.0
2018-12-30,TzM,CHIRPS,precipitation,0.0
2018-12-31,TzM,CHIRPS,precipitation,0.0
2019-01-01,TzM,CHIRPS,precipitation,0.0
2019-01-02,TzM,CHIRPS,precipitation,0.0
2019-01-03,TzM,CHIRPS,precipitation,0.0
2019-01-04,TzM,CHIRPS,precipitation,0.0
2019-01-05,TzM,CHIRPS,precipitation,0.0
2019-01-06,TzM,CHIRPS,precipitation,0.0
2019-01-07,TzM,CHIRPS,precipitation,0.0
2019-01-08,TzM,CHIRPS,precipitation,0.0
2019-01-09,TzM,CHIRPS,precipitation,0.0
2019-01-10,TzM,CHIRPS,precipitation,0.0
2019-01-11,TzM,CHIRPS,precipitation,0.0
2019-01-12,TzM,CHIRPS,precipitation,0.0
2019-01-13,TzM,CHIRPS,precipitation,0.0
2019-01-14,TzM,CHIRPS,precipitation,0.0
2019-01-15,TzM,CHIRPS,precipitation,0.0
2019-01-16,TzM,CHIRPS,precipitation,0.0
2019-01-17,TzM,CHIRPS,precipitation,0.0
2019-01-18,TzM,CHIRPS,precipitation,2.7572638988494877
2019-01-19,TzM,CHIRPS,precipitation,0.0
2019-01-20,TzM,CHIRPS,precipitation,0.0
2019-01-21,TzM,CHIRPS,precipitation,0.0
2019-01-22,TzM,CHIRPS,precipitation,0.0
2019-01-23,TzM,CHIRPS,precipitation,0.0
2019-01-24,TzM,CHIRPS,precipitation,0.0
2019-01-25,TzM,CHIRPS,precipitation,0.0
2019-01-26,TzM,CHIRPS,precipitation,0.0
2019-01-27,TzM,CHIRPS,precipitation,0.0
2019-01-28,TzM,CHIRPS,precipitation,0.0
2019-01-29,TzM,CHIRPS,precipitation,1.715341567993164
2019-01-30,TzM,CHIRPS,precipitation,0.0
2019-01-31,TzM,CHIRPS,precipitation,1.715341567993164
2019-02-01,TzM,CHIRPS,precipitation,5.105145454406738
2019-02-02,TzM,CHIRPS,precipitation,0.0
2019-02-03,TzM,CHIRPS,precipitation,0.0
2019-02-04,TzM,CHIRPS,precipitation,0.0
2019-02-05,TzM,CHIRPS,precipitation,0.0
2019-02-06,TzM,CHIRPS,precipitation,0.0
2019-02-07,TzM,CHIRPS,precipitation,0.0
2019-02-08,TzM,CHIRPS,precipitation,0.0
2019-02-09,TzM,CHIRPS,precipitation,0.0
2019-02-10,TzM,CHIRPS,precipitation,2.7786006927490234
2019-02-11,TzM,CHIRPS,precipitation,0.0
2019-02-12,TzM,CHIRPS,precipitation,0.0
2019-02-13,TzM,CHIRPS,precipitation,0.0
2019-02-14,TzM,CHIRPS,precipitation,0.0
2019-02-15,TzM,CHIRPS,precipitation,0.0
2019-02-16,TzM,CHIRPS,precipitation,0.0
2019-02-17,TzM,CHIRPS,precipitation,0.0
2019-02-18,TzM,CHIRPS,precipitation,0.0
2019-02-19,TzM,CHIRPS,precipitation,0.0
2019-02-20,TzM,CHIRPS,precipitation,0.0
2019-02-21,TzM,CHIRPS,precipitation,0.0
2019-02-22,TzM,CHIRPS,precipitation,0.0
2019-02-23,TzM,CHIRPS,precipitation,0.0
2019-02-24,TzM,CHIRPS,precipitation,0.0
2019-02-25,TzM,CHIRPS,precipitation,0.0
2019-02-26,TzM,CHIRPS,precipitation,0.0
2019-02-27,TzM,CHIRPS,precipitation,0.0
2019-02-28,TzM,CHIRPS,precipitation,0.0
2019-03-01,TzM,CHIRPS,precipitation,0.0
2019-03-02,TzM,CHIRPS,precipitation,0.0
2019-03-03,TzM,CHIRPS,precipitation,0.0
2019-03-04,TzM,CHIRPS,precipitation,0.0
2019-03-05,TzM,CHIRPS,precipitation,1.664203643798828
2019-03-06,TzM,CHIRPS,precipitation,3.726802110671997
2019-03-07,TzM,CHIRPS,precipitation,0.0
2019-03-08,TzM,CHIRPS,precipitation,0.0
2019-03-09,TzM,CHIRPS,precipitation,0.0
2019-03-10,TzM,CHIRPS,precipitation,0.0
2019-03-11,TzM,CHIRPS,precipitation,0.0
2019-03-12,TzM,CHIRPS,precipitation,0.0
2019-03-13,TzM,CHIRPS,precipitation,0.0
2019-03-14,TzM,CHIRPS,precipitation,0.0
2019-03-15,TzM,CHIRPS,precipitation,0.0
2019-03-16,TzM,CHIRPS,precipitation,0.0
2019-03-17,TzM,CHIRPS,precipitation,0.0
2019-03-18,TzM,CHIRPS,precipitation,0.0
2019-03-19,TzM,CHIRPS,precipitation,0.0
2019-03-20,TzM,CHIRPS,precipitation,0.0
2019-03-21,TzM,CHIRPS,precipitation,0.0
2019-03-22,TzM,CHIRPS,precipitation,0.0
2019-03-23,TzM,CHIRPS,precipitation,0.0
2019-03-24,TzM,CHIRPS,precipitation,0.0
2019-03-25,TzM,CHIRPS,precipitation,0.0
2019-03-26,TzM,CHIRPS,precipitation,0.0
2019-03-27,TzM,CHIRPS,precipitation,0.0
2019-03-28,TzM,CHIRPS,precipitation,0.0
2019-03-29,TzM,CHIRPS,precipitation,0.0
2019-03-30,TzM,CHIRPS,precipitation,0.0
2019-03-31,TzM,CHIRPS,precipitation,4.9096269607543945
2019-04-01,TzM,CHIRPS,precipitation,0.0
2019-04-02,TzM,CHIRPS,precipitation,0.0
2019-04-03,TzM,CHIRPS,precipitation,0.0
2019-04-04,TzM,CHIRPS,precipitation,0.0
2019-04-05,TzM,CHIRPS,precipitation,6.460599422454834
2019-04-06,TzM,CHIRPS,precipitation,3.726614236831665
2019-04-07,TzM,CHIRPS,precipitation,0.0
2019-04-08,TzM,CHIRPS,precipitation,0.0
2019-04-09,TzM,CHIRPS,precipitation,0.0
2019-04-10,TzM,CHIRPS,precipitation,0.0
2019-04-11,TzM,CHIRPS,precipitation,0.0
2019-04-12,TzM,CHIRPS,precipitation,0.0
2019-04-13,TzM,CHIRPS,precipitation,0.0
2019-04-14,TzM,CHIRPS,precipitation,0.0
2019-04-15,TzM,CHIRPS,precipitation,0.0
2019-04-16,TzM,CHIRPS,precipitation,0.0
2019-04-17,TzM,CHIRPS,precipitation,0.0
2019-04-18,TzM,CHIRPS,precipitation,11.91652774810791
2019-04-19,TzM,CHIRPS,precipitation,15.88870334625244
2019-04-20,TzM,CHIRPS,precipitation,27.80523109436035
2019-04-21,TzM,CHIRPS,precipitation,15.154390335083008
2019-04-22,TzM,CHIRPS,precipitation,4.323282241821289
2019-04-23,TzM,CHIRPS,precipitation,1.7936335802078247
2019-04-24,TzM,CHIRPS,precipitation,0.4712331295013428
2019-04-25,TzM,CHIRPS,precipitation,3.328181505203247
2019-04-26,TzM,CHIRPS,precipitation,0.0
2019-04-27,TzM,CHIRPS,precipitation,0.0
2019-04-28,TzM,CHIRPS,precipitation,0.0
2019-04-29,TzM,CHIRPS,precipitation,0.0
2019-04-30,TzM,CHIRPS,precipitation,0.0
2019-05-01,TzM,CHIRPS,precipitation,3.796083450317383
2019-05-02,TzM,CHIRPS,precipitation,3.796083450317383
2019-05-03,TzM,CHIRPS,precipitation,0.0
2019-05-04,TzM,CHIRPS,precipitation,0.0
2019-05-05,TzM,CHIRPS,precipitation,0.0
2019-05-06,TzM,CHIRPS,precipitation,0.0
2019-05-07,TzM,CHIRPS,precipitation,1.979662537574768
2019-05-08,TzM,CHIRPS,precipitation,0.0
2019-05-09,TzM,CHIRPS,precipitation,0.0
2019-05-10,TzM,CHIRPS,precipitation,0.0
2019-05-11,TzM,CHIRPS,precipitation,0.0
2019-05-12,TzM,CHIRPS,precipitation,0.0
2019-05-13,TzM,CHIRPS,precipitation,0.0
2019-05-14,TzM,CHIRPS,precipitation,0.0
2019-05-15,TzM,CHIRPS,precipitation,0.0
2019-05-16,TzM,CHIRPS,precipitation,0.0
2019-05-17,TzM,CHIRPS,precipitation,0.0
2019-05-18,TzM,CHIRPS,precipitation,0.0
2019-05-19,TzM,CHIRPS,precipitation,0.0
2019-05-20,TzM,CHIRPS,precipitation,0.0
2019-05-21,TzM,CHIRPS,precipitation,0.0
2019-05-22,TzM,CHIRPS,precipitation,0.0
2019-05-23,TzM,CHIRPS,precipitation,0.0
2019-05-24,TzM,CHIRPS,precipitation,3.324545621871948
2019-05-25,TzM,CHIRPS,precipitation,0.0
2019-05-26,TzM,CHIRPS,precipitation,0.0
2019-05-27,TzM,CHIRPS,precipitation,0.0
2019-05-28,TzM,CHIRPS,precipitation,0.0
2019-05-29,TzM,CHIRPS,precipitation,0.0
2019-05-30,TzM,CHIRPS,precipitation,0.0
2019-05-31,TzM,CHIRPS,precipitation,0.0
2019-06-01,TzM,CHIRPS,precipitation,0.0
2019-06-02,TzM,CHIRPS,precipitation,0.0
2019-06-03,TzM,CHIRPS,precipitation,0.0
2019-06-04,TzM,CHIRPS,precipitation,0.0
2019-06-05,TzM,CHIRPS,precipitation,3.3928825855255127
2019-06-06,TzM,CHIRPS,precipitation,0.0
2019-06-07,TzM,CHIRPS,precipitation,0.0
2019-06-08,TzM,CHIRPS,precipitation,0.0
2019-06-09,TzM,CHIRPS,precipitation,0.0
2019-06-10,TzM,CHIRPS,precipitation,0.0
2019-06-11,TzM,CHIRPS,precipitation,1.6338995695114136
2019-06-12,TzM,CHIRPS,precipitation,0.0227548982948064
2019-06-13,TzM,CHIRPS,precipitation,1.3172558546066284
2019-06-14,TzM,CHIRPS,precipitation,3.4542832374572754
2019-06-15,TzM,CHIRPS,precipitation,0.0
2019-06-16,TzM,CHIRPS,precipitation,3.167933464050293
2019-06-17,TzM,CHIRPS,precipitation,0.0
2019-06-18,TzM,CHIRPS,precipitation,0.0
2019-06-19,TzM,CHIRPS,precipitation,0.0
2019-06-20,TzM,CHIRPS,precipitation,0.0
2019-06-21,TzM,CHIRPS,precipitation,0.0
2019-06-22,TzM,CHIRPS,precipitation,0.0
2019-06-23,TzM,CHIRPS,precipitation,0.0
2019-06-24,TzM,CHIRPS,precipitation,0.0
2019-06-25,TzM,CHIRPS,precipitation,0.0
2019-06-26,TzM,CHIRPS,precipitation,0.0
2019-06-27,TzM,CHIRPS,precipitation,0.0
2019-06-28,TzM,CHIRPS,precipitation,0.0
2019-06-29,TzM,CHIRPS,precipitation,0.0
2019-06-30,TzM,CHIRPS,precipitation,0.0
2019-07-01,TzM,CHIRPS,precipitation,0.0
2019-07-02,TzM,CHIRPS,precipitation,0.0
2019-07-03,TzM,CHIRPS,precipitation,0.0
2019-07-04,TzM,CHIRPS,precipitation,0.0
2019-07-05,TzM,CHIRPS,precipitation,0.0
2019-07-06,TzM,CHIRPS,precipitation,0.0
2019-07-07,TzM,CHIRPS,precipitation,8.478168487548828
2019-07-08,TzM,CHIRPS,precipitation,0.0
2019-07-09,TzM,CHIRPS,precipitation,0.0
2019-07-10,TzM,CHIRPS,precipitation,0.0
2019-07-11,TzM,CHIRPS,precipitation,0.0
2019-07-12,TzM,CHIRPS,precipitation,0.0
2019-07-13,TzM,CHIRPS,precipitation,0.0
2019-07-14,TzM,CHIRPS,precipitation,0.0
2019-07-15,TzM,CHIRPS,precipitation,0.0
2019-07-16,TzM,CHIRPS,precipitation,0.0
2019-07-17,TzM,CHIRPS,precipitation,0.0
2019-07-18,TzM,CHIRPS,precipitation,0.0
2019-07-19,TzM,CHIRPS,precipitation,0.0
2019-07-20,TzM,CHIRPS,precipitation,0.0
2019-07-21,TzM,CHIRPS,precipitation,0.0
2019-07-22,TzM,CHIRPS,precipitation,0.0
2019-07-23,TzM,CHIRPS,precipitation,0.0
2019-07-24,TzM,CHIRPS,precipitation,0.0
2019-07-25,TzM,CHIRPS,precipitation,0.0
2019-07-26,TzM,CHIRPS,precipitation,0.0
2019-07-27,TzM,CHIRPS,precipitation,0.0
2019-07-28,TzM,CHIRPS,precipitation,0.0
2019-07-29,TzM,CHIRPS,precipitation,0.0
2019-07-30,TzM,CHIRPS,precipitation,0.0
2019-07-31,TzM,CHIRPS,precipitation,0.0
2019-08-01,TzM,CHIRPS,precipitation,0.0
2019-08-02,TzM,CHIRPS,precipitation,0.0
2019-08-03,TzM,CHIRPS,precipitation,0.0
2019-08-04,TzM,CHIRPS,precipitation,0.0
2019-08-05,TzM,CHIRPS,precipitation,0.0
2019-08-06,TzM,CHIRPS,precipitation,0.0
2019-08-07,TzM,CHIRPS,precipitation,0.0
2019-08-08,TzM,CHIRPS,precipitation,0.0
2019-08-09,TzM,CHIRPS,precipitation,0.0
2019-08-10,TzM,CHIRPS,precipitation,0.0
2019-08-11,TzM,CHIRPS,precipitation,0.0
2019-08-12,TzM,CHIRPS,precipitation,0.0
2019-08-13,TzM,CHIRPS,precipitation,0.0
2019-08-14,TzM,CHIRPS,precipitation,0.0
2019-08-15,TzM,CHIRPS,precipitation,0.0
2019-08-16,TzM,CHIRPS,precipitation,0.0
2019-08-17,TzM,CHIRPS,precipitation,0.0
2019-08-18,TzM,CHIRPS,precipitation,0.0
2019-08-19,TzM,CHIRPS,precipitation,0.0
2019-08-20,TzM,CHIRPS,precipitation,0.0
2019-08-21,TzM,CHIRPS,precipitation,0.0
2019-08-22,TzM,CHIRPS,precipitation,0.0
2019-08-23,TzM,CHIRPS,precipitation,0.0
2019-08-24,TzM,CHIRPS,precipitation,0.0
2019-08-25,TzM,CHIRPS,precipitation,0.0
2019-08-26,TzM,CHIRPS,precipitation,22.77506256103516
2019-08-27,TzM,CHIRPS,precipitation,0.0
2019-08-28,TzM,CHIRPS,precipitation,0.0
2019-08-29,TzM,CHIRPS,precipitation,0.0
2019-08-30,TzM,CHIRPS,precipitation,0.0
2019-08-31,TzM,CHIRPS,precipitation,0.0
2019-09-01,TzM,CHIRPS,precipitation,0.0
2019-09-02,TzM,CHIRPS,precipitation,0.0
2019-09-03,TzM,CHIRPS,precipitation,0.0
2019-09-04,TzM,CHIRPS,precipitation,0.0
2019-09-05,TzM,CHIRPS,precipitation,0.0
2019-09-06,TzM,CHIRPS,precipitation,0.0
2019-09-07,TzM,CHIRPS,precipitation,0.0
2019-09-08,TzM,CHIRPS,precipitation,0.0
2019-09-09,TzM,CHIRPS,precipitation,0.0
2019-09-10,TzM,CHIRPS,precipitation,0.0
2019-09-11,TzM,CHIRPS,precipitation,0.0
2019-09-12,TzM,CHIRPS,precipitation,8.770707130432129
2019-09-13,TzM,CHIRPS,precipitation,26.312122344970703
2019-09-14,TzM,CHIRPS,precipitation,0.0
2019-09-15,TzM,CHIRPS,precipitation,8.770707130432129
2019-09-16,TzM,CHIRPS,precipitation,0.0
2019-09-17,TzM,CHIRPS,precipitation,0.0
2019-09-18,TzM,CHIRPS,precipitation,0.0
2019-09-19,TzM,CHIRPS,precipitation,0.0
2019-09-20,TzM,CHIRPS,precipitation,8.397514343261719
2019-09-21,TzM,CHIRPS,precipitation,0.0
2019-09-22,TzM,CHIRPS,precipitation,0.0
2019-09-23,TzM,CHIRPS,precipitation,0.0
2019-09-24,TzM,CHIRPS,precipitation,0.0
2019-09-25,TzM,CHIRPS,precipitation,0.0
2019-09-26,TzM,CHIRPS,precipitation,0.0
2019-09-27,TzM,CHIRPS,precipitation,0.0
2019-09-28,TzM,CHIRPS,precipitation,0.0
2019-09-29,TzM,CHIRPS,precipitation,0.0
2019-09-30,TzM,CHIRPS,precipitation,0.0
2019-10-01,TzM,CHIRPS,precipitation,0.0
2019-10-02,TzM,CHIRPS,precipitation,0.0
2019-10-03,TzM,CHIRPS,precipitation,0.0
2019-10-04,TzM,CHIRPS,precipitation,0.0
2019-10-05,TzM,CHIRPS,precipitation,0.0
2019-10-06,TzM,CHIRPS,precipitation,0.0
2019-10-07,TzM,CHIRPS,precipitation,0.0
2019-10-08,TzM,CHIRPS,precipitation,0.0
2019-10-09,TzM,CHIRPS,precipitation,0.0
2019-10-10,TzM,CHIRPS,precipitation,0.0
2019-10-11,TzM,CHIRPS,precipitation,0.0
2019-10-12,TzM,CHIRPS,precipitation,0.0
2019-10-13,TzM,CHIRPS,precipitation,0.0
2019-10-14,TzM,CHIRPS,precipitation,0.0
2019-10-15,TzM,CHIRPS,precipitation,0.0
2019-10-16,TzM,CHIRPS,precipitation,0.0
2019-10-17,TzM,CHIRPS,precipitation,0.0
2019-10-18,TzM,CHIRPS,precipitation,1.7010128498077393
2019-10-19,TzM,CHIRPS,precipitation,0.0
2019-10-20,TzM,CHIRPS,precipitation,0.0
2019-10-21,TzM,CHIRPS,precipitation,0.0
2019-10-22,TzM,CHIRPS,precipitation,20.233360290527344
2019-10-23,TzM,CHIRPS,precipitation,0.0
2019-10-24,TzM,CHIRPS,precipitation,0.0
2019-10-25,TzM,CHIRPS,precipitation,0.0
2019-10-26,TzM,CHIRPS,precipitation,0.0
2019-10-27,TzM,CHIRPS,precipitation,0.0
2019-10-28,TzM,CHIRPS,precipitation,0.0
2019-10-29,TzM,CHIRPS,precipitation,0.0
2019-10-30,TzM,CHIRPS,precipitation,0.0
2019-10-31,TzM,CHIRPS,precipitation,0.0
2019-11-01,TzM,CHIRPS,precipitation,0.0
2019-11-02,TzM,CHIRPS,precipitation,0.0
2019-11-03,TzM,CHIRPS,precipitation,0.0
2019-11-04,TzM,CHIRPS,precipitation,0.0
2019-11-05,TzM,CHIRPS,precipitation,0.0
2019-11-06,TzM,CHIRPS,precipitation,0.0
2019-11-07,TzM,CHIRPS,precipitation,0.0
2019-11-08,TzM,CHIRPS,precipitation,0.0
2019-11-09,TzM,CHIRPS,precipitation,2.9384396076202397
2019-11-10,TzM,CHIRPS,precipitation,0.0
2019-11-11,TzM,CHIRPS,precipitation,0.0259563475847244
2019-11-12,TzM,CHIRPS,precipitation,0.0280771609395742
2019-11-13,TzM,CHIRPS,precipitation,2.6244890689849854
2019-11-14,TzM,CHIRPS,precipitation,3.8143041133880615
2019-11-15,TzM,CHIRPS,precipitation,0.5827476978302002
2019-11-16,TzM,CHIRPS,precipitation,0.0
2019-11-17,TzM,CHIRPS,precipitation,0.0
2019-11-18,TzM,CHIRPS,precipitation,0.0
2019-11-19,TzM,CHIRPS,precipitation,0.0
2019-11-20,TzM,CHIRPS,precipitation,0.0
2019-11-21,TzM,CHIRPS,precipitation,0.0
2019-11-22,TzM,CHIRPS,precipitation,10.282305717468262
2019-11-23,TzM,CHIRPS,precipitation,0.0
2019-11-24,TzM,CHIRPS,precipitation,0.0
2019-11-25,TzM,CHIRPS,precipitation,0.0
2019-11-26,TzM,CHIRPS,precipitation,0.0
2019-11-27,TzM,CHIRPS,precipitation,0.0
2019-11-28,TzM,CHIRPS,precipitation,0.0
2019-11-29,TzM,CHIRPS,precipitation,0.0
2019-11-30,TzM,CHIRPS,precipitation,0.0
2019-12-01,TzM,CHIRPS,precipitation,0.0
2019-12-02,TzM,CHIRPS,precipitation,0.0
2019-12-03,TzM,CHIRPS,precipitation,0.0
2019-12-04,TzM,CHIRPS,precipitation,0.0
2019-12-05,TzM,CHIRPS,precipitation,0.0
2019-12-06,TzM,CHIRPS,precipitation,0.0
2019-12-07,TzM,CHIRPS,precipitation,0.0
2019-12-08,TzM,CHIRPS,precipitation,0.0
2019-12-09,TzM,CHIRPS,precipitation,0.0
2019-12-10,TzM,CHIRPS,precipitation,0.0
2019-12-11,TzM,CHIRPS,precipitation,0.0
2019-12-12,TzM,CHIRPS,precipitation,0.0
2019-12-13,TzM,CHIRPS,precipitation,0.0
2019-12-14,TzM,CHIRPS,precipitation,0.0
2019-12-15,TzM,CHIRPS,precipitation,0.0
2019-12-16,TzM,CHIRPS,precipitation,8.24476146697998
2019-12-17,TzM,CHIRPS,precipitation,2.061190366744995
2019-12-18,TzM,CHIRPS,precipitation,0.0
2019-12-19,TzM,CHIRPS,precipitation,8.24476146697998
2019-12-20,TzM,CHIRPS,precipitation,10.305953025817873
2019-12-21,TzM,CHIRPS,precipitation,0.0
2019-12-22,TzM,CHIRPS,precipitation,0.0
2019-12-23,TzM,CHIRPS,precipitation,0.0
2019-12-24,TzM,CHIRPS,precipitation,0.0
2019-12-25,TzM,CHIRPS,precipitation,0.0
2019-12-26,TzM,CHIRPS,precipitation,0.0
2019-12-27,TzM,CHIRPS,precipitation,0.0
2019-12-28,TzM,CHIRPS,precipitation,0.0
2019-12-29,TzM,CHIRPS,precipitation,0.0
2019-12-30,TzM,CHIRPS,precipitation,0.0
2019-12-31,TzM,CHIRPS,precipitation,0.0
2020-01-01,TzM,CHIRPS,precipitation,0.0
2020-01-02,TzM,CHIRPS,precipitation,0.0
2020-01-03,TzM,CHIRPS,precipitation,0.0
2020-01-04,TzM,CHIRPS,precipitation,0.0
2020-01-05,TzM,CHIRPS,precipitation,0.0
2020-01-06,TzM,CHIRPS,precipitation,0.0
2020-01-07,TzM,CHIRPS,precipitation,0.0
2020-01-08,TzM,CHIRPS,precipitation,0.0
2020-01-09,TzM,CHIRPS,precipitation,0.0
2020-01-10,TzM,CHIRPS,precipitation,0.0
2020-01-11,TzM,CHIRPS,precipitation,0.0
2020-01-12,TzM,CHIRPS,precipitation,0.0
2020-01-13,TzM,CHIRPS,precipitation,0.0
2020-01-14,TzM,CHIRPS,precipitation,0.0
2020-01-15,TzM,CHIRPS,precipitation,0.0
2020-01-16,TzM,CHIRPS,precipitation,0.0
2020-01-17,TzM,CHIRPS,precipitation,0.0
2020-01-18,TzM,CHIRPS,precipitation,9.678411483764648
2020-01-19,TzM,CHIRPS,precipitation,2.419602870941162
2020-01-20,TzM,CHIRPS,precipitation,2.419602870941162
2020-01-21,TzM,CHIRPS,precipitation,18.226808547973636
2020-01-22,TzM,CHIRPS,precipitation,0.0
2020-01-23,TzM,CHIRPS,precipitation,0.0
2020-01-24,TzM,CHIRPS,precipitation,0.0
2020-01-25,TzM,CHIRPS,precipitation,6.075603008270264
2020-01-26,TzM,CHIRPS,precipitation,0.0
2020-01-27,TzM,CHIRPS,precipitation,0.0
2020-01-28,TzM,CHIRPS,precipitation,0.0
2020-01-29,TzM,CHIRPS,precipitation,0.0
2020-01-30,TzM,CHIRPS,precipitation,0.0
2020-01-31,TzM,CHIRPS,precipitation,0.0
2020-02-01,TzM,CHIRPS,precipitation,4.923286437988281
2020-02-02,TzM,CHIRPS,precipitation,0.0
2020-02-03,TzM,CHIRPS,precipitation,0.0
2020-02-04,TzM,CHIRPS,precipitation,0.0
2020-02-05,TzM,CHIRPS,precipitation,0.0
2020-02-06,TzM,CHIRPS,precipitation,0.0
2020-02-07,TzM,CHIRPS,precipitation,0.0
2020-02-08,TzM,CHIRPS,precipitation,0.0
2020-02-09,TzM,CHIRPS,precipitation,0.0
2020-02-10,TzM,CHIRPS,precipitation,0.0
2020-02-11,TzM,CHIRPS,precipitation,0.0
2020-02-12,TzM,CHIRPS,precipitation,0.0
2020-02-13,TzM,CHIRPS,precipitation,0.0
2020-02-14,TzM,CHIRPS,precipitation,0.0
2020-02-15,TzM,CHIRPS,precipitation,0.0
2020-02-16,TzM,CHIRPS,precipitation,0.0
2020-02-17,TzM,CHIRPS,precipitation,0.0
2020-02-18,TzM,CHIRPS,precipitation,0.0
2020-02-19,TzM,CHIRPS,precipitation,0.0
2020-02-20,TzM,CHIRPS,precipitation,0.0
2020-02-21,TzM,CHIRPS,precipitation,0.0
2020-02-22,TzM,CHIRPS,precipitation,0.0
2020-02-23,TzM,CHIRPS,precipitation,0.0
2020-02-24,TzM,CHIRPS,precipitation,0.0
2020-02-25,TzM,CHIRPS,precipitation,0.0
2020-02-26,TzM,CHIRPS,precipitation,0.0
2020-02-27,TzM,CHIRPS,precipitation,0.0
2020-02-28,TzM,CHIRPS,precipitation,0.0
2020-02-29,TzM,CHIRPS,precipitation,0.0
2020-03-01,TzM,CHIRPS,precipitation,0.0
2020-03-02,TzM,CHIRPS,precipitation,3.594930648803711
2020-03-03,TzM,CHIRPS,precipitation,0.0
2020-03-04,TzM,CHIRPS,precipitation,0.0
2020-03-05,TzM,CHIRPS,precipitation,0.0
2020-03-06,TzM,CHIRPS,precipitation,0.0
2020-03-07,TzM,CHIRPS,precipitation,0.0
2020-03-08,TzM,CHIRPS,precipitation,0.0
2020-03-09,TzM,CHIRPS,precipitation,0.0
2020-03-10,TzM,CHIRPS,precipitation,0.0
2020-03-11,TzM,CHIRPS,precipitation,0.0
2020-03-12,TzM,CHIRPS,precipitation,0.0
2020-03-13,TzM,CHIRPS,precipitation,0.0
2020-03-14,TzM,CHIRPS,precipitation,0.0
2020-03-15,TzM,CHIRPS,precipitation,1.8091013431549072
2020-03-16,TzM,CHIRPS,precipitation,0.0
2020-03-17,TzM,CHIRPS,precipitation,0.0
2020-03-18,TzM,CHIRPS,precipitation,7.052927494049072
2020-03-19,TzM,CHIRPS,precipitation,0.0
2020-03-20,TzM,CHIRPS,precipitation,0.0
2020-03-21,TzM,CHIRPS,precipitation,0.0
2020-03-22,TzM,CHIRPS,precipitation,0.0
2020-03-23,TzM,CHIRPS,precipitation,0.0
2020-03-24,TzM,CHIRPS,precipitation,13.66524887084961
2020-03-25,TzM,CHIRPS,precipitation,0.0
2020-03-26,TzM,CHIRPS,precipitation,0.0
2020-03-27,TzM,CHIRPS,precipitation,0.0
2020-03-28,TzM,CHIRPS,precipitation,0.0
2020-03-29,TzM,CHIRPS,precipitation,0.0
2020-03-30,TzM,CHIRPS,precipitation,0.0
2020-03-31,TzM,CHIRPS,precipitation,14.742855072021484
2020-04-01,TzM,CHIRPS,precipitation,0.0
2020-04-02,TzM,CHIRPS,precipitation,9.518310546875
2020-04-03,TzM,CHIRPS,precipitation,0.0
2020-04-04,TzM,CHIRPS,precipitation,0.0
2020-04-05,TzM,CHIRPS,precipitation,9.518310546875
2020-04-06,TzM,CHIRPS,precipitation,0.0
2020-04-07,TzM,CHIRPS,precipitation,0.0
2020-04-08,TzM,CHIRPS,precipitation,0.0
2020-04-09,TzM,CHIRPS,precipitation,0.0
2020-04-10,TzM,CHIRPS,precipitation,0.0
2020-04-11,TzM,CHIRPS,precipitation,0.0
2020-04-12,TzM,CHIRPS,precipitation,0.0
2020-04-13,TzM,CHIRPS,precipitation,0.0
2020-04-14,TzM,CHIRPS,precipitation,0.0
2020-04-15,TzM,CHIRPS,precipitation,0.0
2020-04-16,TzM,CHIRPS,precipitation,0.0
2020-04-17,TzM,CHIRPS,precipitation,0.0
2020-04-18,TzM,CHIRPS,precipitation,0.0
2020-04-19,TzM,CHIRPS,precipitation,0.0
2020-04-20,TzM,CHIRPS,precipitation,22.188419342041016
2020-04-21,TzM,CHIRPS,precipitation,0.0
2020-04-22,TzM,CHIRPS,precipitation,0.0
2020-04-23,TzM,CHIRPS,precipitation,0.0
2020-04-24,TzM,CHIRPS,precipitation,0.0
2020-04-25,TzM,CHIRPS,precipitation,0.0
2020-04-26,TzM,CHIRPS,precipitation,0.0
2020-04-27,TzM,CHIRPS,precipitation,0.0
2020-04-28,TzM,CHIRPS,precipitation,0.0
2020-04-29,TzM,CHIRPS,precipitation,0.0
2020-04-30,TzM,CHIRPS,precipitation,0.0
2020-05-01,TzM,CHIRPS,precipitation,0.0
2020-05-02,TzM,CHIRPS,precipitation,0.0
2020-05-03,TzM,CHIRPS,precipitation,0.0
2020-05-04,TzM,CHIRPS,precipitation,0.0
2020-05-05,TzM,CHIRPS,precipitation,0.0
2020-05-06,TzM,CHIRPS,precipitation,0.0
2020-05-07,TzM,CHIRPS,precipitation,0.0
2020-05-08,TzM,CHIRPS,precipitation,0.0
2020-05-09,TzM,CHIRPS,precipitation,4.384252071380615
2020-05-10,TzM,CHIRPS,precipitation,0.0
2020-05-11,TzM,CHIRPS,precipitation,0.0
2020-05-12,TzM,CHIRPS,precipitation,10.843223571777344
2020-05-13,TzM,CHIRPS,precipitation,0.0
2020-05-14,TzM,CHIRPS,precipitation,10.843223571777344
2020-05-15,TzM,CHIRPS,precipitation,0.0
2020-05-16,TzM,CHIRPS,precipitation,12.154723167419434
2020-05-17,TzM,CHIRPS,precipitation,0.0
2020-05-18,TzM,CHIRPS,precipitation,0.0
2020-05-19,TzM,CHIRPS,precipitation,0.0
2020-05-20,TzM,CHIRPS,precipitation,0.0
2020-05-21,TzM,CHIRPS,precipitation,0.0
2020-05-22,TzM,CHIRPS,precipitation,0.0
2020-05-23,TzM,CHIRPS,precipitation,0.0
2020-05-24,TzM,CHIRPS,precipitation,0.0323477312922477
2020-05-25,TzM,CHIRPS,precipitation,4.509137630462647
2020-05-26,TzM,CHIRPS,precipitation,0.0
2020-05-27,TzM,CHIRPS,precipitation,0.0
2020-05-28,TzM,CHIRPS,precipitation,0.0
2020-05-29,TzM,CHIRPS,precipitation,0.0
2020-05-30,TzM,CHIRPS,precipitation,0.0
2020-05-31,TzM,CHIRPS,precipitation,0.0
2020-06-01,TzM,CHIRPS,precipitation,0.6050617694854736
2020-06-02,TzM,CHIRPS,precipitation,0.0
2020-06-03,TzM,CHIRPS,precipitation,0.0
2020-06-04,TzM,CHIRPS,precipitation,14.793634414672852
2020-06-05,TzM,CHIRPS,precipitation,0.0441816002130508
2020-06-06,TzM,CHIRPS,precipitation,0.0
2020-06-07,TzM,CHIRPS,precipitation,0.0
2020-06-08,TzM,CHIRPS,precipitation,0.0
2020-06-09,TzM,CHIRPS,precipitation,0.0
2020-06-10,TzM,CHIRPS,precipitation,0.0
2020-06-11,TzM,CHIRPS,precipitation,2.2643847465515137
2020-06-12,TzM,CHIRPS,precipitation,3.959806442260742
2020-06-13,TzM,CHIRPS,precipitation,0.1099108755588531
2020-06-14,TzM,CHIRPS,precipitation,0.0
2020-06-15,TzM,CHIRPS,precipitation,0.0
2020-06-16,TzM,CHIRPS,precipitation,0.0
2020-06-17,TzM,CHIRPS,precipitation,0.0
2020-06-18,TzM,CHIRPS,precipitation,0.0
2020-06-19,TzM,CHIRPS,precipitation,0.0
2020-06-20,TzM,CHIRPS,precipitation,0.0
2020-06-21,TzM,CHIRPS,precipitation,0.0
2020-06-22,TzM,CHIRPS,precipitation,0.0
2020-06-23,TzM,CHIRPS,precipitation,0.0
2020-06-24,TzM,CHIRPS,precipitation,0.0
2020-06-25,TzM,CHIRPS,precipitation,0.0
2020-06-26,TzM,CHIRPS,precipitation,0.0
2020-06-27,TzM,CHIRPS,precipitation,0.0
2020-06-28,TzM,CHIRPS,precipitation,0.0
2020-06-29,TzM,CHIRPS,precipitation,0.0
2020-06-30,TzM,CHIRPS,precipitation,0.0
2020-07-01,TzM,CHIRPS,precipitation,0.0
2020-07-02,TzM,CHIRPS,precipitation,0.0
2020-07-03,TzM,CHIRPS,precipitation,0.0
2020-07-04,TzM,CHIRPS,precipitation,0.0
2020-07-05,TzM,CHIRPS,precipitation,0.0
2020-07-06,TzM,CHIRPS,precipitation,0.0
2020-07-07,TzM,CHIRPS,precipitation,0.0
2020-07-08,TzM,CHIRPS,precipitation,0.0
2020-07-09,TzM,CHIRPS,precipitation,3.389749765396118
2020-07-10,TzM,CHIRPS,precipitation,0.0
2020-07-11,TzM,CHIRPS,precipitation,0.0
2020-07-12,TzM,CHIRPS,precipitation,2.3828816413879395
2020-07-13,TzM,CHIRPS,precipitation,0.0
2020-07-14,TzM,CHIRPS,precipitation,4.765763282775879
2020-07-15,TzM,CHIRPS,precipitation,0.0
2020-07-16,TzM,CHIRPS,precipitation,0.0
2020-07-17,TzM,CHIRPS,precipitation,1.3213131427764893
2020-07-18,TzM,CHIRPS,precipitation,0.0
2020-07-19,TzM,CHIRPS,precipitation,0.0
2020-07-20,TzM,CHIRPS,precipitation,0.0
2020-07-21,TzM,CHIRPS,precipitation,0.0
2020-07-22,TzM,CHIRPS,precipitation,0.0
2020-07-23,TzM,CHIRPS,precipitation,0.0
2020-07-24,TzM,CHIRPS,precipitation,0.0
2020-07-25,TzM,CHIRPS,precipitation,0.0
2020-07-26,TzM,CHIRPS,precipitation,0.0
2020-07-27,TzM,CHIRPS,precipitation,0.0
2020-07-28,TzM,CHIRPS,precipitation,0.0
2020-07-29,TzM,CHIRPS,precipitation,0.0
2020-07-30,TzM,CHIRPS,precipitation,1.724445343017578
2020-07-31,TzM,CHIRPS,precipitation,0.0
2020-08-01,TzM,CHIRPS,precipitation,0.0
2020-08-02,TzM,CHIRPS,precipitation,0.0
2020-08-03,TzM,CHIRPS,precipitation,3.4810705184936523
2020-08-04,TzM,CHIRPS,precipitation,0.0
2020-08-05,TzM,CHIRPS,precipitation,0.0
2020-08-06,TzM,CHIRPS,precipitation,0.0
2020-08-07,TzM,CHIRPS,precipitation,0.0
2020-08-08,TzM,CHIRPS,precipitation,0.0
2020-08-09,TzM,CHIRPS,precipitation,0.0
2020-08-10,TzM,CHIRPS,precipitation,0.0
2020-08-11,TzM,CHIRPS,precipitation,7.285727500915527
2020-08-12,TzM,CHIRPS,precipitation,0.0
2020-08-13,TzM,CHIRPS,precipitation,0.0
2020-08-14,TzM,CHIRPS,precipitation,0.0
2020-08-15,TzM,CHIRPS,precipitation,0.0
2020-08-16,TzM,CHIRPS,precipitation,0.0
2020-08-17,TzM,CHIRPS,precipitation,0.0
2020-08-18,TzM,CHIRPS,precipitation,0.0
2020-08-19,TzM,CHIRPS,precipitation,0.0
2020-08-20,TzM,CHIRPS,precipitation,0.0
2020-08-21,TzM,CHIRPS,precipitation,0.0
2020-08-22,TzM,CHIRPS,precipitation,0.0
2020-08-23,TzM,CHIRPS,precipitation,0.0
2020-08-24,TzM,CHIRPS,precipitation,0.0
2020-08-25,TzM,CHIRPS,precipitation,0.0
2020-08-26,TzM,CHIRPS,precipitation,0.0
2020-08-27,TzM,CHIRPS,precipitation,0.0
2020-08-28,TzM,CHIRPS,precipitation,0.0
2020-08-29,TzM,CHIRPS,precipitation,0.0
2020-08-30,TzM,CHIRPS,precipitation,0.0
2020-08-31,TzM,CHIRPS,precipitation,0.0
2020-09-01,TzM,CHIRPS,precipitation,0.0
2020-09-02,TzM,CHIRPS,precipitation,0.0
2020-09-03,TzM,CHIRPS,precipitation,0.0
2020-09-04,TzM,CHIRPS,precipitation,0.0
2020-09-05,TzM,CHIRPS,precipitation,0.0
2020-09-06,TzM,CHIRPS,precipitation,0.0
2020-09-07,TzM,CHIRPS,precipitation,0.0
2020-09-08,TzM,CHIRPS,precipitation,0.0
2020-09-09,TzM,CHIRPS,precipitation,0.0
2020-09-10,TzM,CHIRPS,precipitation,0.0
2020-09-11,TzM,CHIRPS,precipitation,0.0
2020-09-12,TzM,CHIRPS,precipitation,0.0
2020-09-13,TzM,CHIRPS,precipitation,0.0
2020-09-14,TzM,CHIRPS,precipitation,0.0
2020-09-15,TzM,CHIRPS,precipitation,0.0
2020-09-16,TzM,CHIRPS,precipitation,0.2199530452489853
2020-09-17,TzM,CHIRPS,precipitation,2.873936176300049
2020-09-18,TzM,CHIRPS,precipitation,19.552492141723636
2020-09-19,TzM,CHIRPS,precipitation,0.7410767674446106
2020-09-20,TzM,CHIRPS,precipitation,0.125768169760704
2020-09-21,TzM,CHIRPS,precipitation,0.0
2020-09-22,TzM,CHIRPS,precipitation,0.0
2020-09-23,TzM,CHIRPS,precipitation,0.0
2020-09-24,TzM,CHIRPS,precipitation,0.0
2020-09-25,TzM,CHIRPS,precipitation,0.0
2020-09-26,TzM,CHIRPS,precipitation,0.0
2020-09-27,TzM,CHIRPS,precipitation,0.0
2020-09-28,TzM,CHIRPS,precipitation,0.0
2020-09-29,TzM,CHIRPS,precipitation,0.0
2020-09-30,TzM,CHIRPS,precipitation,0.0
2020-10-01,TzM,CHIRPS,precipitation,2.4801082611083984
2020-10-02,TzM,CHIRPS,precipitation,4.960216522216797
2020-10-03,TzM,CHIRPS,precipitation,0.0
2020-10-04,TzM,CHIRPS,precipitation,0.0
2020-10-05,TzM,CHIRPS,precipitation,0.0
2020-10-06,TzM,CHIRPS,precipitation,0.0
2020-10-07,TzM,CHIRPS,precipitation,0.0
2020-10-08,TzM,CHIRPS,precipitation,0.0
2020-10-09,TzM,CHIRPS,precipitation,0.0
2020-10-10,TzM,CHIRPS,precipitation,0.0
2020-10-11,TzM,CHIRPS,precipitation,0.0
2020-10-12,TzM,CHIRPS,precipitation,0.0
2020-10-13,TzM,CHIRPS,precipitation,0.0
2020-10-14,TzM,CHIRPS,precipitation,0.0
2020-10-15,TzM,CHIRPS,precipitation,0.0
2020-10-16,TzM,CHIRPS,precipitation,0.0
2020-10-17,TzM,CHIRPS,precipitation,0.0
2020-10-18,TzM,CHIRPS,precipitation,0.0
2020-10-19,TzM,CHIRPS,precipitation,0.0
2020-10-20,TzM,CHIRPS,precipitation,4.598595142364502
2020-10-21,TzM,CHIRPS,precipitation,5.578841209411621
2020-10-22,TzM,CHIRPS,precipitation,0.0
2020-10-23,TzM,CHIRPS,precipitation,0.0
2020-10-24,TzM,CHIRPS,precipitation,0.0
2020-10-25,TzM,CHIRPS,precipitation,0.0
2020-10-26,TzM,CHIRPS,precipitation,2.6266462802886963
2020-10-27,TzM,CHIRPS,precipitation,0.0
2020-10-28,TzM,CHIRPS,precipitation,0.0
2020-10-29,TzM,CHIRPS,precipitation,0.0
2020-10-30,TzM,CHIRPS,precipitation,0.0
2020-10-31,TzM,CHIRPS,precipitation,4.426795840117848e-06
2020-11-01,TzM,CHIRPS,precipitation,0.0
2020-11-02,TzM,CHIRPS,precipitation,0.0
2020-11-03,TzM,CHIRPS,precipitation,0.0
2020-11-04,TzM,CHIRPS,precipitation,0.0
2020-11-05,TzM,CHIRPS,precipitation,19.03983497619629
2020-11-06,TzM,CHIRPS,precipitation,7.283024311065674
2020-11-07,TzM,CHIRPS,precipitation,7.283024311065674
2020-11-08,TzM,CHIRPS,precipitation,0.0
2020-11-09,TzM,CHIRPS,precipitation,0.0
2020-11-10,TzM,CHIRPS,precipitation,0.0
2020-11-11,TzM,CHIRPS,precipitation,0.0
2020-11-12,TzM,CHIRPS,precipitation,0.0
2020-11-13,TzM,CHIRPS,precipitation,0.0
2020-11-14,TzM,CHIRPS,precipitation,0.0
2020-11-15,TzM,CHIRPS,precipitation,0.0
2020-11-16,TzM,CHIRPS,precipitation,0.0
2020-11-17,TzM,CHIRPS,precipitation,0.0
2020-11-18,TzM,CHIRPS,precipitation,0.0
2020-11-19,TzM,CHIRPS,precipitation,0.0
2020-11-20,TzM,CHIRPS,precipitation,0.0
2020-11-21,TzM,CHIRPS,precipitation,0.0
2020-11-22,TzM,CHIRPS,precipitation,0.0
2020-11-23,TzM,CHIRPS,precipitation,0.0
2020-11-24,TzM,CHIRPS,precipitation,0.0
2020-11-25,TzM,CHIRPS,precipitation,0.0
2020-11-26,TzM,CHIRPS,precipitation,10.449591636657717
2020-11-27,TzM,CHIRPS,precipitation,14.629427909851074
2020-11-28,TzM,CHIRPS,precipitation,0.0
2020-11-29,TzM,CHIRPS,precipitation,2.08991813659668
2020-11-30,TzM,CHIRPS,precipitation,0.0
2020-12-01,TzM,CHIRPS,precipitation,0.0
2020-12-02,TzM,CHIRPS,precipitation,0.0
2020-12-03,TzM,CHIRPS,precipitation,0.0
2020-12-04,TzM,CHIRPS,precipitation,0.0
2020-12-05,TzM,CHIRPS,precipitation,0.0
2020-12-06,TzM,CHIRPS,precipitation,0.0
2020-12-07,TzM,CHIRPS,precipitation,0.0
2020-12-08,TzM,CHIRPS,precipitation,0.0
2020-12-09,TzM,CHIRPS,precipitation,0.0
2020-12-10,TzM,CHIRPS,precipitation,0.0
2020-12-11,TzM,CHIRPS,precipitation,5.359764099121094
2020-12-12,TzM,CHIRPS,precipitation,0.0
2020-12-13,TzM,CHIRPS,precipitation,0.0
2020-12-14,TzM,CHIRPS,precipitation,0.0
2020-12-15,TzM,CHIRPS,precipitation,0.0
2020-12-16,TzM,CHIRPS,precipitation,0.0
2020-12-17,TzM,CHIRPS,precipitation,0.0
2020-12-18,TzM,CHIRPS,precipitation,0.0
2020-12-19,TzM,CHIRPS,precipitation,3.3560991287231445
2020-12-20,TzM,CHIRPS,precipitation,0.0
2020-12-21,TzM,CHIRPS,precipitation,0.0
2020-12-22,TzM,CHIRPS,precipitation,0.0
2020-12-23,TzM,CHIRPS,precipitation,0.0
2020-12-24,TzM,CHIRPS,precipitation,0.0
2020-12-25,TzM,CHIRPS,precipitation,0.0
2020-12-26,TzM,CHIRPS,precipitation,0.0
2020-12-27,TzM,CHIRPS,precipitation,0.0
2020-12-28,TzM,CHIRPS,precipitation,0.0
2020-12-29,TzM,CHIRPS,precipitation,0.0
2020-12-30,TzM,CHIRPS,precipitation,0.0
2020-12-31,TzM,CHIRPS,precipitation,0.0
2021-01-01,TzM,CHIRPS,precipitation,0.0
2021-01-02,TzM,CHIRPS,precipitation,0.0
2021-01-03,TzM,CHIRPS,precipitation,0.0
2021-01-04,TzM,CHIRPS,precipitation,0.0
2021-01-05,TzM,CHIRPS,precipitation,0.0
2021-01-06,TzM,CHIRPS,precipitation,7.403390407562256
2021-01-07,TzM,CHIRPS,precipitation,0.0
2021-01-08,TzM,CHIRPS,precipitation,7.403390407562256
2021-01-09,TzM,CHIRPS,precipitation,0.0
2021-01-10,TzM,CHIRPS,precipitation,0.0
2021-01-11,TzM,CHIRPS,precipitation,0.0
2021-01-12,TzM,CHIRPS,precipitation,0.0
2021-01-13,TzM,CHIRPS,precipitation,0.0
2021-01-14,TzM,CHIRPS,precipitation,0.0
2021-01-15,TzM,CHIRPS,precipitation,0.0
2021-01-16,TzM,CHIRPS,precipitation,0.0
2021-01-17,TzM,CHIRPS,precipitation,0.0
2021-01-18,TzM,CHIRPS,precipitation,0.0
2021-01-19,TzM,CHIRPS,precipitation,0.0
2021-01-20,TzM,CHIRPS,precipitation,4.394477844238281
2021-01-21,TzM,CHIRPS,precipitation,0.0
2021-01-22,TzM,CHIRPS,precipitation,6.615891933441162
2021-01-23,TzM,CHIRPS,precipitation,0.0
2021-01-24,TzM,CHIRPS,precipitation,0.0
2021-01-25,TzM,CHIRPS,precipitation,0.0
2021-01-26,TzM,CHIRPS,precipitation,0.0
2021-01-27,TzM,CHIRPS,precipitation,0.0
2021-01-28,TzM,CHIRPS,precipitation,0.0
2021-01-29,TzM,CHIRPS,precipitation,0.0
2021-01-30,TzM,CHIRPS,precipitation,0.0
2021-01-31,TzM,CHIRPS,precipitation,0.0
2021-02-01,TzM,CHIRPS,precipitation,0.0
2021-02-02,TzM,CHIRPS,precipitation,0.0
2021-02-03,TzM,CHIRPS,precipitation,0.0
2021-02-04,TzM,CHIRPS,precipitation,1.3554871082305908
2021-02-05,TzM,CHIRPS,precipitation,1.3554871082305908
2021-02-06,TzM,CHIRPS,precipitation,3.6485419273376474
2021-02-07,TzM,CHIRPS,precipitation,3.6485419273376474
2021-02-08,TzM,CHIRPS,precipitation,0.0
2021-02-09,TzM,CHIRPS,precipitation,0.0
2021-02-10,TzM,CHIRPS,precipitation,0.0
2021-02-11,TzM,CHIRPS,precipitation,0.0
2021-02-12,TzM,CHIRPS,precipitation,0.0
2021-02-13,TzM,CHIRPS,precipitation,0.0
2021-02-14,TzM,CHIRPS,precipitation,0.0
2021-02-15,TzM,CHIRPS,precipitation,0.0
2021-02-16,TzM,CHIRPS,precipitation,0.0
2021-02-17,TzM,CHIRPS,precipitation,0.0
2021-02-18,TzM,CHIRPS,precipitation,0.0
2021-02-19,TzM,CHIRPS,precipitation,0.0
2021-02-20,TzM,CHIRPS,precipitation,0.0
2021-02-21,TzM,CHIRPS,precipitation,11.167923927307127
2021-02-22,TzM,CHIRPS,precipitation,0.0
2021-02-23,TzM,CHIRPS,precipitation,0.0
2021-02-24,TzM,CHIRPS,precipitation,0.0
2021-02-25,TzM,CHIRPS,precipitation,0.0
2021-02-26,TzM,CHIRPS,precipitation,1.6359809637069702
2021-02-27,TzM,CHIRPS,precipitation,0.0
2021-02-28,TzM,CHIRPS,precipitation,0.0
2021-03-01,TzM,CHIRPS,precipitation,0.0
2021-03-02,TzM,CHIRPS,precipitation,3.789872407913208
2021-03-03,TzM,CHIRPS,precipitation,2.842404365539551
2021-03-04,TzM,CHIRPS,precipitation,0.0
2021-03-05,TzM,CHIRPS,precipitation,0.0
2021-03-06,TzM,CHIRPS,precipitation,0.0
2021-03-07,TzM,CHIRPS,precipitation,10.727079391479492
2021-03-08,TzM,CHIRPS,precipitation,0.0
2021-03-09,TzM,CHIRPS,precipitation,0.0
2021-03-10,TzM,CHIRPS,precipitation,0.0
2021-03-11,TzM,CHIRPS,precipitation,0.0
2021-03-12,TzM,CHIRPS,precipitation,0.0
2021-03-13,TzM,CHIRPS,precipitation,0.0
2021-03-14,TzM,CHIRPS,precipitation,0.0
2021-03-15,TzM,CHIRPS,precipitation,0.0
2021-03-16,TzM,CHIRPS,precipitation,0.0
2021-03-17,TzM,CHIRPS,precipitation,0.0
2021-03-18,TzM,CHIRPS,precipitation,0.0
2021-03-19,TzM,CHIRPS,precipitation,0.0
2021-03-20,TzM,CHIRPS,precipitation,0.0
2021-03-21,TzM,CHIRPS,precipitation,0.0
2021-03-22,TzM,CHIRPS,precipitation,0.0
2021-03-23,TzM,CHIRPS,precipitation,0.0
2021-03-24,TzM,CHIRPS,precipitation,0.0
2021-03-25,TzM,CHIRPS,precipitation,0.0
2021-03-26,TzM,CHIRPS,precipitation,0.0
2021-03-27,TzM,CHIRPS,precipitation,5.097238540649414
2021-03-28,TzM,CHIRPS,precipitation,0.0
2021-03-29,TzM,CHIRPS,precipitation,0.0
2021-03-30,TzM,CHIRPS,precipitation,0.0
2021-03-31,TzM,CHIRPS,precipitation,0.0
2021-04-01,TzM,CHIRPS,precipitation,0.0
2021-04-02,TzM,CHIRPS,precipitation,0.0
2021-04-03,TzM,CHIRPS,precipitation,0.0
2021-04-04,TzM,CHIRPS,precipitation,0.0
2021-04-05,TzM,CHIRPS,precipitation,0.0
2021-04-06,TzM,CHIRPS,precipitation,0.0
2021-04-07,TzM,CHIRPS,precipitation,0.0
2021-04-08,TzM,CHIRPS,precipitation,0.0
2021-04-09,TzM,CHIRPS,precipitation,0.0
2021-04-10,TzM,CHIRPS,precipitation,8.362327575683594
2021-04-11,TzM,CHIRPS,precipitation,6.332092761993408
2021-04-12,TzM,CHIRPS,precipitation,0.0
2021-04-13,TzM,CHIRPS,precipitation,0.0
2021-04-14,TzM,CHIRPS,precipitation,0.0
2021-04-15,TzM,CHIRPS,precipitation,18.996278762817383
2021-04-16,TzM,CHIRPS,precipitation,0.0
2021-04-17,TzM,CHIRPS,precipitation,0.0
2021-04-18,TzM,CHIRPS,precipitation,0.0
2021-04-19,TzM,CHIRPS,precipitation,0.0
2021-04-20,TzM,CHIRPS,precipitation,0.0
2021-04-21,TzM,CHIRPS,precipitation,0.0
2021-04-22,TzM,CHIRPS,precipitation,6.561258792877197
2021-04-23,TzM,CHIRPS,precipitation,0.0
2021-04-24,TzM,CHIRPS,precipitation,6.561258792877197
2021-04-25,TzM,CHIRPS,precipitation,13.122517585754396
2021-04-26,TzM,CHIRPS,precipitation,16.539287567138672
2021-04-27,TzM,CHIRPS,precipitation,0.0
2021-04-28,TzM,CHIRPS,precipitation,0.0
2021-04-29,TzM,CHIRPS,precipitation,0.0
2021-04-30,TzM,CHIRPS,precipitation,0.0
2021-05-01,TzM,CHIRPS,precipitation,0.0
2021-05-02,TzM,CHIRPS,precipitation,0.0
2021-05-03,TzM,CHIRPS,precipitation,0.0
2021-05-04,TzM,CHIRPS,precipitation,0.0
2021-05-05,TzM,CHIRPS,precipitation,0.0
2021-05-06,TzM,CHIRPS,precipitation,0.0
2021-05-07,TzM,CHIRPS,precipitation,0.0
2021-05-08,TzM,CHIRPS,precipitation,0.0
2021-05-09,TzM,CHIRPS,precipitation,0.0
2021-05-10,TzM,CHIRPS,precipitation,0.0
2021-05-11,TzM,CHIRPS,precipitation,0.0
2021-05-12,TzM,CHIRPS,precipitation,0.0
2021-05-13,TzM,CHIRPS,precipitation,0.0
2021-05-14,TzM,CHIRPS,precipitation,0.0
2021-05-15,TzM,CHIRPS,precipitation,0.0
2021-05-16,TzM,CHIRPS,precipitation,0.0
2021-05-17,TzM,CHIRPS,precipitation,0.0
2021-05-18,TzM,CHIRPS,precipitation,0.0
2021-05-19,TzM,CHIRPS,precipitation,0.0
2021-05-20,TzM,CHIRPS,precipitation,0.0
2021-05-21,TzM,CHIRPS,precipitation,0.0
2021-05-22,TzM,CHIRPS,precipitation,4.685043811798096
2021-05-23,TzM,CHIRPS,precipitation,14.055130958557127
2021-05-24,TzM,CHIRPS,precipitation,0.0
2021-05-25,TzM,CHIRPS,precipitation,0.0
2021-05-26,TzM,CHIRPS,precipitation,2.0854251384735107
2021-05-27,TzM,CHIRPS,precipitation,4.1708502769470215
2021-05-28,TzM,CHIRPS,precipitation,0.0
2021-05-29,TzM,CHIRPS,precipitation,0.0
2021-05-30,TzM,CHIRPS,precipitation,6.256275177001953
2021-05-31,TzM,CHIRPS,precipitation,0.0
2021-06-01,TzM,CHIRPS,precipitation,0.0
2021-06-02,TzM,CHIRPS,precipitation,0.0
2021-06-03,TzM,CHIRPS,precipitation,0.0
2021-06-04,TzM,CHIRPS,precipitation,6.429488658905029
2021-06-05,TzM,CHIRPS,precipitation,3.214744329452514
2021-06-06,TzM,CHIRPS,precipitation,0.0
2021-06-07,TzM,CHIRPS,precipitation,0.0
2021-06-08,TzM,CHIRPS,precipitation,0.0
2021-06-09,TzM,CHIRPS,precipitation,0.0
2021-06-10,TzM,CHIRPS,precipitation,0.0
2021-06-11,TzM,CHIRPS,precipitation,0.0
2021-06-12,TzM,CHIRPS,precipitation,0.0
2021-06-13,TzM,CHIRPS,precipitation,0.0
2021-06-14,TzM,CHIRPS,precipitation,5.733135223388672
2021-06-15,TzM,CHIRPS,precipitation,0.0
2021-06-16,TzM,CHIRPS,precipitation,9.980109214782717
2021-06-17,TzM,CHIRPS,precipitation,6.653406143188477
2021-06-18,TzM,CHIRPS,precipitation,3.3267030715942383
2021-06-19,TzM,CHIRPS,precipitation,3.3267030715942383
2021-06-20,TzM,CHIRPS,precipitation,0.0
2021-06-21,TzM,CHIRPS,precipitation,0.0
2021-06-22,TzM,CHIRPS,precipitation,0.0
2021-06-23,TzM,CHIRPS,precipitation,0.0
2021-06-24,TzM,CHIRPS,precipitation,0.0
2021-06-25,TzM,CHIRPS,precipitation,0.0
2021-06-26,TzM,CHIRPS,precipitation,0.0
2021-06-27,TzM,CHIRPS,precipitation,0.0
2021-06-28,TzM,CHIRPS,precipitation,0.0
2021-06-29,TzM,CHIRPS,precipitation,0.0
2021-06-30,TzM,CHIRPS,precipitation,0.0
2021-07-01,TzM,CHIRPS,precipitation,0.0
2021-07-02,TzM,CHIRPS,precipitation,0.0
2021-07-03,TzM,CHIRPS,precipitation,2.771868228912353
2021-07-04,TzM,CHIRPS,precipitation,0.0
2021-07-05,TzM,CHIRPS,precipitation,0.0
2021-07-06,TzM,CHIRPS,precipitation,0.0
2021-07-07,TzM,CHIRPS,precipitation,0.0
2021-07-08,TzM,CHIRPS,precipitation,0.0
2021-07-09,TzM,CHIRPS,precipitation,0.0
2021-07-10,TzM,CHIRPS,precipitation,0.0
2021-07-11,TzM,CHIRPS,precipitation,0.0
2021-07-12,TzM,CHIRPS,precipitation,0.0
2021-07-13,TzM,CHIRPS,precipitation,0.0
2021-07-14,TzM,CHIRPS,precipitation,0.0
2021-07-15,TzM,CHIRPS,precipitation,0.0
2021-07-16,TzM,CHIRPS,precipitation,0.0
2021-07-17,TzM,CHIRPS,precipitation,0.0
2021-07-18,TzM,CHIRPS,precipitation,0.0
2021-07-19,TzM,CHIRPS,precipitation,0.0
2021-07-20,TzM,CHIRPS,precipitation,0.0
2021-07-21,TzM,CHIRPS,precipitation,0.0
2021-07-22,TzM,CHIRPS,precipitation,0.0
2021-07-23,TzM,CHIRPS,precipitation,0.0
2021-07-24,TzM,CHIRPS,precipitation,0.0
2021-07-25,TzM,CHIRPS,precipitation,0.0
2021-07-26,TzM,CHIRPS,precipitation,2.9834465980529785
2021-07-27,TzM,CHIRPS,precipitation,0.0
2021-07-28,TzM,CHIRPS,precipitation,0.0
2021-07-29,TzM,CHIRPS,precipitation,0.0
2021-07-30,TzM,CHIRPS,precipitation,0.0
2021-07-31,TzM,CHIRPS,precipitation,0.0
2021-08-01,TzM,CHIRPS,precipitation,0.0
2021-08-02,TzM,CHIRPS,precipitation,0.0
2021-08-03,TzM,CHIRPS,precipitation,0.0
2021-08-04,TzM,CHIRPS,precipitation,0.0
2021-08-05,TzM,CHIRPS,precipitation,0.0
2021-08-06,TzM,CHIRPS,precipitation,0.0
2021-08-07,TzM,CHIRPS,precipitation,0.0
2021-08-08,TzM,CHIRPS,precipitation,0.0
2021-08-09,TzM,CHIRPS,precipitation,0.0
2021-08-10,TzM,CHIRPS,precipitation,0.0
2021-08-11,TzM,CHIRPS,precipitation,2.909295082092285
2021-08-12,TzM,CHIRPS,precipitation,0.0
2021-08-13,TzM,CHIRPS,precipitation,0.0
2021-08-14,TzM,CHIRPS,precipitation,0.0
2021-08-15,TzM,CHIRPS,precipitation,0.0
2021-08-16,TzM,CHIRPS,precipitation,0.0
2021-08-17,TzM,CHIRPS,precipitation,0.0
2021-08-18,TzM,CHIRPS,precipitation,0.0
2021-08-19,TzM,CHIRPS,precipitation,0.0
2021-08-20,TzM,CHIRPS,precipitation,0.0
2021-08-21,TzM,CHIRPS,precipitation,0.0
2021-08-22,TzM,CHIRPS,precipitation,0.0
2021-08-23,TzM,CHIRPS,precipitation,0.0
2021-08-24,TzM,CHIRPS,precipitation,8.213512420654297
2021-08-25,TzM,CHIRPS,precipitation,5.475675106048584
2021-08-26,TzM,CHIRPS,precipitation,0.0
2021-08-27,TzM,CHIRPS,precipitation,0.0
2021-08-28,TzM,CHIRPS,precipitation,0.0
2021-08-29,TzM,CHIRPS,precipitation,0.0
2021-08-30,TzM,CHIRPS,precipitation,0.0
2021-08-31,TzM,CHIRPS,precipitation,11.441571235656738
2021-09-01,TzM,CHIRPS,precipitation,13.94909954071045
2021-09-02,TzM,CHIRPS,precipitation,0.0
2021-09-03,TzM,CHIRPS,precipitation,0.0
2021-09-04,TzM,CHIRPS,precipitation,0.0
2021-09-05,TzM,CHIRPS,precipitation,0.0
2021-09-06,TzM,CHIRPS,precipitation,1.551861047744751
2021-09-07,TzM,CHIRPS,precipitation,0.0
2021-09-08,TzM,CHIRPS,precipitation,0.0
2021-09-09,TzM,CHIRPS,precipitation,0.0
2021-09-10,TzM,CHIRPS,precipitation,0.0
2021-09-11,TzM,CHIRPS,precipitation,0.0
2021-09-12,TzM,CHIRPS,precipitation,0.0
2021-09-13,TzM,CHIRPS,precipitation,2.738055467605591
2021-09-14,TzM,CHIRPS,precipitation,10.952221870422363
2021-09-15,TzM,CHIRPS,precipitation,0.0
2021-09-16,TzM,CHIRPS,precipitation,0.0
2021-09-17,TzM,CHIRPS,precipitation,0.0
2021-09-18,TzM,CHIRPS,precipitation,0.0
2021-09-19,TzM,CHIRPS,precipitation,0.0
2021-09-20,TzM,CHIRPS,precipitation,0.0
2021-09-21,TzM,CHIRPS,precipitation,0.0
2021-09-22,TzM,CHIRPS,precipitation,0.0
2021-09-23,TzM,CHIRPS,precipitation,0.0
2021-09-24,TzM,CHIRPS,precipitation,10.752148628234863
2021-09-25,TzM,CHIRPS,precipitation,0.0
2021-09-26,TzM,CHIRPS,precipitation,0.0
2021-09-27,TzM,CHIRPS,precipitation,0.0
2021-09-28,TzM,CHIRPS,precipitation,0.0
2021-09-29,TzM,CHIRPS,precipitation,0.0
2021-09-30,TzM,CHIRPS,precipitation,0.0
2021-10-01,TzM,CHIRPS,precipitation,0.0
2021-10-02,TzM,CHIRPS,precipitation,0.0
2021-10-03,TzM,CHIRPS,precipitation,7.746939659118652
2021-10-04,TzM,CHIRPS,precipitation,0.0
2021-10-05,TzM,CHIRPS,precipitation,0.0
2021-10-06,TzM,CHIRPS,precipitation,0.0
2021-10-07,TzM,CHIRPS,precipitation,0.0
2021-10-08,TzM,CHIRPS,precipitation,0.0
2021-10-09,TzM,CHIRPS,precipitation,0.0
2021-10-10,TzM,CHIRPS,precipitation,0.0
2021-10-11,TzM,CHIRPS,precipitation,0.0
2021-10-12,TzM,CHIRPS,precipitation,0.0
2021-10-13,TzM,CHIRPS,precipitation,0.0
2021-10-14,TzM,CHIRPS,precipitation,0.0
2021-10-15,TzM,CHIRPS,precipitation,0.0
2021-10-16,TzM,CHIRPS,precipitation,0.0
2021-10-17,TzM,CHIRPS,precipitation,2.24596905708313
2021-10-18,TzM,CHIRPS,precipitation,0.0
2021-10-19,TzM,CHIRPS,precipitation,0.0
2021-10-20,TzM,CHIRPS,precipitation,0.0
2021-10-21,TzM,CHIRPS,precipitation,0.0
2021-10-22,TzM,CHIRPS,precipitation,0.0
2021-10-23,TzM,CHIRPS,precipitation,0.0
2021-10-24,TzM,CHIRPS,precipitation,0.0
2021-10-25,TzM,CHIRPS,precipitation,0.0
2021-10-26,TzM,CHIRPS,precipitation,0.0
2021-10-27,TzM,CHIRPS,precipitation,0.0
2021-10-28,TzM,CHIRPS,precipitation,0.0
2021-10-29,TzM,CHIRPS,precipitation,10.3934965133667
2021-10-30,TzM,CHIRPS,precipitation,15.59024429321289
2021-10-31,TzM,CHIRPS,precipitation,5.19674825668335
2021-11-01,TzM,CHIRPS,precipitation,0.0
2021-11-02,TzM,CHIRPS,precipitation,0.0
2021-11-03,TzM,CHIRPS,precipitation,0.0
2021-11-04,TzM,CHIRPS,precipitation,0.0
2021-11-05,TzM,CHIRPS,precipitation,0.0
2021-11-06,TzM,CHIRPS,precipitation,0.0
2021-11-07,TzM,CHIRPS,precipitation,0.0
2021-11-08,TzM,CHIRPS,precipitation,0.0
2021-11-09,TzM,CHIRPS,precipitation,0.0
2021-11-10,TzM,CHIRPS,precipitation,0.0
2021-11-11,TzM,CHIRPS,precipitation,0.0
2021-11-12,TzM,CHIRPS,precipitation,0.0
2021-11-13,TzM,CHIRPS,precipitation,0.0
2021-11-14,TzM,CHIRPS,precipitation,0.0
2021-11-15,TzM,CHIRPS,precipitation,0.0
2021-11-16,TzM,CHIRPS,precipitation,0.0
2021-11-17,TzM,CHIRPS,precipitation,0.0
2021-11-18,TzM,CHIRPS,precipitation,0.0
2021-11-19,TzM,CHIRPS,precipitation,0.0
2021-11-20,TzM,CHIRPS,precipitation,22.91240692138672
2021-11-21,TzM,CHIRPS,precipitation,0.0
2021-11-22,TzM,CHIRPS,precipitation,0.0
2021-11-23,TzM,CHIRPS,precipitation,0.0
2021-11-24,TzM,CHIRPS,precipitation,0.0
2021-11-25,TzM,CHIRPS,precipitation,0.0
2021-11-26,TzM,CHIRPS,precipitation,0.0
2021-11-27,TzM,CHIRPS,precipitation,0.0
2021-11-28,TzM,CHIRPS,precipitation,0.0
2021-11-29,TzM,CHIRPS,precipitation,0.0
2021-11-30,TzM,CHIRPS,precipitation,0.0
2021-12-01,TzM,CHIRPS,precipitation,0.0
2021-12-02,TzM,CHIRPS,precipitation,4.486992359161377
2021-12-03,TzM,CHIRPS,precipitation,0.0
2021-12-04,TzM,CHIRPS,precipitation,0.0
2021-12-05,TzM,CHIRPS,precipitation,0.0
2021-12-06,TzM,CHIRPS,precipitation,0.0
2021-12-07,TzM,CHIRPS,precipitation,0.0
2021-12-08,TzM,CHIRPS,precipitation,0.0
2021-12-09,TzM,CHIRPS,precipitation,0.0
2021-12-10,TzM,CHIRPS,precipitation,1.3949939012527466
2021-12-11,TzM,CHIRPS,precipitation,0.0
2021-12-12,TzM,CHIRPS,precipitation,0.0
2021-12-13,TzM,CHIRPS,precipitation,0.0
2021-12-14,TzM,CHIRPS,precipitation,0.0
2021-12-15,TzM,CHIRPS,precipitation,0.0
2021-12-16,TzM,CHIRPS,precipitation,0.0
2021-12-17,TzM,CHIRPS,precipitation,0.0
2021-12-18,TzM,CHIRPS,precipitation,0.0
2021-12-19,TzM,CHIRPS,precipitation,0.0
2021-12-20,TzM,CHIRPS,precipitation,0.0
2021-12-21,TzM,CHIRPS,precipitation,0.5997169613838196
2021-12-22,TzM,CHIRPS,precipitation,0.0
2021-12-23,TzM,CHIRPS,precipitation,0.5997169613838196
2021-12-24,TzM,CHIRPS,precipitation,0.5997169613838196
2021-12-25,TzM,CHIRPS,precipitation,0.5997169613838196
2021-12-26,TzM,CHIRPS,precipitation,0.0
2021-12-27,TzM,CHIRPS,precipitation,0.0
2021-12-28,TzM,CHIRPS,precipitation,0.0
2021-12-29,TzM,CHIRPS,precipitation,0.0
2021-12-30,TzM,CHIRPS,precipitation,0.0
2021-12-31,TzM,CHIRPS,precipitation,0.0
2022-01-01,TzM,CHIRPS,precipitation,0.0
2022-01-02,TzM,CHIRPS,precipitation,0.0
2022-01-03,TzM,CHIRPS,precipitation,0.0
2022-01-04,TzM,CHIRPS,precipitation,0.0
2022-01-05,TzM,CHIRPS,precipitation,0.0
2022-01-06,TzM,CHIRPS,precipitation,0.0
2022-01-07,TzM,CHIRPS,precipitation,0.0
2022-01-08,TzM,CHIRPS,precipitation,4.82750940322876
2022-01-09,TzM,CHIRPS,precipitation,0.0
2022-01-10,TzM,CHIRPS,precipitation,0.0
2022-01-11,TzM,CHIRPS,precipitation,0.0
2022-01-12,TzM,CHIRPS,precipitation,0.0
2022-01-13,TzM,CHIRPS,precipitation,0.0
2022-01-14,TzM,CHIRPS,precipitation,0.0
2022-01-15,TzM,CHIRPS,precipitation,0.0
2022-01-16,TzM,CHIRPS,precipitation,0.0
2022-01-17,TzM,CHIRPS,precipitation,0.0
2022-01-18,TzM,CHIRPS,precipitation,0.0
2022-01-19,TzM,CHIRPS,precipitation,0.0
2022-01-20,TzM,CHIRPS,precipitation,0.0
2022-01-21,TzM,CHIRPS,precipitation,0.0
2022-01-22,TzM,CHIRPS,precipitation,0.0
2022-01-23,TzM,CHIRPS,precipitation,0.0
2022-01-24,TzM,CHIRPS,precipitation,0.0
2022-01-25,TzM,CHIRPS,precipitation,0.0
2022-01-26,TzM,CHIRPS,precipitation,0.0
2022-01-27,TzM,CHIRPS,precipitation,0.0
2022-01-28,TzM,CHIRPS,precipitation,0.0
2022-01-29,TzM,CHIRPS,precipitation,0.0
2022-01-30,TzM,CHIRPS,precipitation,0.0
2022-01-31,TzM,CHIRPS,precipitation,0.0
2022-02-01,TzM,CHIRPS,precipitation,0.0
2022-02-02,TzM,CHIRPS,precipitation,0.0
2022-02-03,TzM,CHIRPS,precipitation,0.0
2022-02-04,TzM,CHIRPS,precipitation,0.0
2022-02-05,TzM,CHIRPS,precipitation,0.0
2022-02-06,TzM,CHIRPS,precipitation,0.0
2022-02-07,TzM,CHIRPS,precipitation,0.0
2022-02-08,TzM,CHIRPS,precipitation,0.0
2022-02-09,TzM,CHIRPS,precipitation,0.0
2022-02-10,TzM,CHIRPS,precipitation,0.0
2022-02-11,TzM,CHIRPS,precipitation,0.0
2022-02-12,TzM,CHIRPS,precipitation,0.0
2022-02-13,TzM,CHIRPS,precipitation,2.106550693511963
2022-02-14,TzM,CHIRPS,precipitation,2.106550693511963
2022-02-15,TzM,CHIRPS,precipitation,0.0
2022-02-16,TzM,CHIRPS,precipitation,0.0
2022-02-17,TzM,CHIRPS,precipitation,0.0
2022-02-18,TzM,CHIRPS,precipitation,0.0
2022-02-19,TzM,CHIRPS,precipitation,0.0
2022-02-20,TzM,CHIRPS,precipitation,0.0
2022-02-21,TzM,CHIRPS,precipitation,1.769626259803772
2022-02-22,TzM,CHIRPS,precipitation,0.0
2022-02-23,TzM,CHIRPS,precipitation,1.769626259803772
2022-02-24,TzM,CHIRPS,precipitation,0.0
2022-02-25,TzM,CHIRPS,precipitation,3.539252519607544
2022-02-26,TzM,CHIRPS,precipitation,0.0
2022-02-27,TzM,CHIRPS,precipitation,0.0
2022-02-28,TzM,CHIRPS,precipitation,0.0
2022-03-01,TzM,CHIRPS,precipitation,0.0
2022-03-02,TzM,CHIRPS,precipitation,0.0
2022-03-03,TzM,CHIRPS,precipitation,0.0
2022-03-04,TzM,CHIRPS,precipitation,0.0
2022-03-05,TzM,CHIRPS,precipitation,0.0
2022-03-06,TzM,CHIRPS,precipitation,0.0
2022-03-07,TzM,CHIRPS,precipitation,0.0
2022-03-08,TzM,CHIRPS,precipitation,0.0
2022-03-09,TzM,CHIRPS,precipitation,3.41485333442688
2022-03-10,TzM,CHIRPS,precipitation,0.0
2022-03-11,TzM,CHIRPS,precipitation,1.220659255981445
2022-03-12,TzM,CHIRPS,precipitation,0.0
2022-03-13,TzM,CHIRPS,precipitation,0.0
2022-03-14,TzM,CHIRPS,precipitation,6.103295803070068
2022-03-15,TzM,CHIRPS,precipitation,6.103295803070068
2022-03-16,TzM,CHIRPS,precipitation,6.8852219581604
2022-03-17,TzM,CHIRPS,precipitation,4.3032636642456055
2022-03-18,TzM,CHIRPS,precipitation,2.581958293914795
2022-03-19,TzM,CHIRPS,precipitation,0.0
2022-03-20,TzM,CHIRPS,precipitation,0.0
2022-03-21,TzM,CHIRPS,precipitation,4.1296210289001465
2022-03-22,TzM,CHIRPS,precipitation,0.0
2022-03-23,TzM,CHIRPS,precipitation,2.7530806064605717
2022-03-24,TzM,CHIRPS,precipitation,8.259242057800293
2022-03-25,TzM,CHIRPS,precipitation,6.882701873779297
2022-03-26,TzM,CHIRPS,precipitation,7.037055492401123
2022-03-27,TzM,CHIRPS,precipitation,0.0
2022-03-28,TzM,CHIRPS,precipitation,4.691370487213135
2022-03-29,TzM,CHIRPS,precipitation,4.691370487213135
2022-03-30,TzM,CHIRPS,precipitation,2.3456852436065674
2022-03-31,TzM,CHIRPS,precipitation,0.0
2022-04-01,TzM,CHIRPS,precipitation,0.0
2022-04-02,TzM,CHIRPS,precipitation,0.0
2022-04-03,TzM,CHIRPS,precipitation,0.0
2022-04-04,TzM,CHIRPS,precipitation,0.0
2022-04-05,TzM,CHIRPS,precipitation,13.245237350463867
2022-04-06,TzM,CHIRPS,precipitation,0.0
2022-04-07,TzM,CHIRPS,precipitation,0.0
2022-04-08,TzM,CHIRPS,precipitation,0.0
2022-04-09,TzM,CHIRPS,precipitation,0.0
2022-04-10,TzM,CHIRPS,precipitation,0.0
2022-04-11,TzM,CHIRPS,precipitation,0.0
2022-04-12,TzM,CHIRPS,precipitation,27.06910896301269
2022-04-13,TzM,CHIRPS,precipitation,0.0
2022-04-14,TzM,CHIRPS,precipitation,0.0
2022-04-15,TzM,CHIRPS,precipitation,0.0
2022-04-16,TzM,CHIRPS,precipitation,0.0
2022-04-17,TzM,CHIRPS,precipitation,0.0
2022-04-18,TzM,CHIRPS,precipitation,0.0
2022-04-19,TzM,CHIRPS,precipitation,0.0
2022-04-20,TzM,CHIRPS,precipitation,0.0
2022-04-21,TzM,CHIRPS,precipitation,0.0
2022-04-22,TzM,CHIRPS,precipitation,10.403863906860352
2022-04-23,TzM,CHIRPS,precipitation,0.0
2022-04-24,TzM,CHIRPS,precipitation,0.0
2022-04-25,TzM,CHIRPS,precipitation,0.0
2022-04-26,TzM,CHIRPS,precipitation,0.0
2022-04-27,TzM,CHIRPS,precipitation,10.623278617858888
2022-04-28,TzM,CHIRPS,precipitation,10.623278617858888
2022-04-29,TzM,CHIRPS,precipitation,0.0
2022-04-30,TzM,CHIRPS,precipitation,0.0
2022-05-01,TzM,CHIRPS,precipitation,0.0
2022-05-02,TzM,CHIRPS,precipitation,12.169121742248535
2022-05-03,TzM,CHIRPS,precipitation,0.0
2022-05-04,TzM,CHIRPS,precipitation,12.169121742248535
2022-05-05,TzM,CHIRPS,precipitation,0.0
2022-05-06,TzM,CHIRPS,precipitation,0.0
2022-05-07,TzM,CHIRPS,precipitation,0.0
2022-05-08,TzM,CHIRPS,precipitation,0.0
2022-05-09,TzM,CHIRPS,precipitation,0.0
2022-05-10,TzM,CHIRPS,precipitation,0.0
2022-05-11,TzM,CHIRPS,precipitation,0.0
2022-05-12,TzM,CHIRPS,precipitation,0.0
2022-05-13,TzM,CHIRPS,precipitation,0.0
2022-05-14,TzM,CHIRPS,precipitation,0.0
2022-05-15,TzM,CHIRPS,precipitation,0.0
2022-05-16,TzM,CHIRPS,precipitation,0.0
2022-05-17,TzM,CHIRPS,precipitation,0.0
2022-05-18,TzM,CHIRPS,precipitation,0.0
2022-05-19,TzM,CHIRPS,precipitation,0.0
2022-05-20,TzM,CHIRPS,precipitation,0.0
2022-05-21,TzM,CHIRPS,precipitation,0.0
2022-05-22,TzM,CHIRPS,precipitation,0.0
2022-05-23,TzM,CHIRPS,precipitation,0.0
2022-05-24,TzM,CHIRPS,precipitation,0.0
2022-05-25,TzM,CHIRPS,precipitation,0.0
2022-05-26,TzM,CHIRPS,precipitation,0.0
2022-05-27,TzM,CHIRPS,precipitation,0.0
2022-05-28,TzM,CHIRPS,precipitation,0.0
2022-05-29,TzM,CHIRPS,precipitation,0.0
2022-05-30,TzM,CHIRPS,precipitation,0.0
2022-05-31,TzM,CHIRPS,precipitation,0.0
2022-06-01,TzM,CHIRPS,precipitation,0.0
2022-06-02,TzM,CHIRPS,precipitation,3.845121383666992
2022-06-03,TzM,CHIRPS,precipitation,0.0
2022-06-04,TzM,CHIRPS,precipitation,0.0
2022-06-05,TzM,CHIRPS,precipitation,0.0
2022-06-06,TzM,CHIRPS,precipitation,0.0
2022-06-07,TzM,CHIRPS,precipitation,0.0
2022-06-08,TzM,CHIRPS,precipitation,0.0
2022-06-09,TzM,CHIRPS,precipitation,0.0
2022-06-10,TzM,CHIRPS,precipitation,0.0
2022-06-11,TzM,CHIRPS,precipitation,0.0
2022-06-12,TzM,CHIRPS,precipitation,0.0
2022-06-13,TzM,CHIRPS,precipitation,0.0
2022-06-14,TzM,CHIRPS,precipitation,1.9989378452301023
2022-06-15,TzM,CHIRPS,precipitation,1.9989378452301023
2022-06-16,TzM,CHIRPS,precipitation,0.4538523852825165
2022-06-17,TzM,CHIRPS,precipitation,0.4498710036277771
2022-06-18,TzM,CHIRPS,precipitation,0.0006367341848090291
2022-06-19,TzM,CHIRPS,precipitation,0.0
2022-06-20,TzM,CHIRPS,precipitation,1.7236995697021484
2022-06-21,TzM,CHIRPS,precipitation,4.880376815795898
2022-06-22,TzM,CHIRPS,precipitation,0.0
2022-06-23,TzM,CHIRPS,precipitation,0.0
2022-06-24,TzM,CHIRPS,precipitation,0.0
2022-06-25,TzM,CHIRPS,precipitation,0.0
2022-06-26,TzM,CHIRPS,precipitation,0.0
2022-06-27,TzM,CHIRPS,precipitation,0.0
2022-06-28,TzM,CHIRPS,precipitation,0.0
2022-06-29,TzM,CHIRPS,precipitation,0.0
2022-06-30,TzM,CHIRPS,precipitation,0.0
2022-07-01,TzM,CHIRPS,precipitation,0.0
2022-07-02,TzM,CHIRPS,precipitation,0.0
2022-07-03,TzM,CHIRPS,precipitation,2.804684638977051
2022-07-04,TzM,CHIRPS,precipitation,0.0
2022-07-05,TzM,CHIRPS,precipitation,2.804684638977051
2022-07-06,TzM,CHIRPS,precipitation,0.0
2022-07-07,TzM,CHIRPS,precipitation,0.0
2022-07-08,TzM,CHIRPS,precipitation,0.0
2022-07-09,TzM,CHIRPS,precipitation,0.0
2022-07-10,TzM,CHIRPS,precipitation,0.0
2022-07-11,TzM,CHIRPS,precipitation,0.0
2022-07-12,TzM,CHIRPS,precipitation,0.0
2022-07-13,TzM,CHIRPS,precipitation,0.0
2022-07-14,TzM,CHIRPS,precipitation,0.0
2022-07-15,TzM,CHIRPS,precipitation,0.0
2022-07-16,TzM,CHIRPS,precipitation,0.0
2022-07-17,TzM,CHIRPS,precipitation,0.0
2022-07-18,TzM,CHIRPS,precipitation,0.0
2022-07-19,TzM,CHIRPS,precipitation,0.0
2022-07-20,TzM,CHIRPS,precipitation,0.0
2022-07-21,TzM,CHIRPS,precipitation,0.0
2022-07-22,TzM,CHIRPS,precipitation,0.0
2022-07-23,TzM,CHIRPS,precipitation,0.0
2022-07-24,TzM,CHIRPS,precipitation,0.0
2022-07-25,TzM,CHIRPS,precipitation,0.0
2022-07-26,TzM,CHIRPS,precipitation,0.0
2022-07-27,TzM,CHIRPS,precipitation,0.0
2022-07-28,TzM,CHIRPS,precipitation,0.0
2022-07-29,TzM,CHIRPS,precipitation,0.0
2022-07-30,TzM,CHIRPS,precipitation,0.0
2022-07-31,TzM,CHIRPS,precipitation,0.0
2022-08-01,TzM,CHIRPS,precipitation,0.0
2022-08-02,TzM,CHIRPS,precipitation,0.0
2022-08-03,TzM,CHIRPS,precipitation,0.0
2022-08-04,TzM,CHIRPS,precipitation,0.0
2022-08-05,TzM,CHIRPS,precipitation,0.0
2022-08-06,TzM,CHIRPS,precipitation,0.0
2022-08-07,TzM,CHIRPS,precipitation,0.0
2022-08-08,TzM,CHIRPS,precipitation,0.0
2022-08-09,TzM,CHIRPS,precipitation,0.0
2022-08-10,TzM,CHIRPS,precipitation,0.0
2022-08-11,TzM,CHIRPS,precipitation,0.0
2022-08-12,TzM,CHIRPS,precipitation,0.0
2022-08-13,TzM,CHIRPS,precipitation,6.179744720458984
2022-08-14,TzM,CHIRPS,precipitation,0.0
2022-08-15,TzM,CHIRPS,precipitation,0.0
2022-08-16,TzM,CHIRPS,precipitation,0.0
2022-08-17,TzM,CHIRPS,precipitation,0.0
2022-08-18,TzM,CHIRPS,precipitation,0.0
2022-08-19,TzM,CHIRPS,precipitation,0.0
2022-08-20,TzM,CHIRPS,precipitation,0.0
2022-08-21,TzM,CHIRPS,precipitation,0.0
2022-08-22,TzM,CHIRPS,precipitation,0.0
2022-08-23,TzM,CHIRPS,precipitation,0.0
2022-08-24,TzM,CHIRPS,precipitation,0.0
2022-08-25,TzM,CHIRPS,precipitation,0.0
2022-08-26,TzM,CHIRPS,precipitation,5.581690788269043
2022-08-27,TzM,CHIRPS,precipitation,0.0
2022-08-28,TzM,CHIRPS,precipitation,0.0
2022-08-29,TzM,CHIRPS,precipitation,0.0
2022-08-30,TzM,CHIRPS,precipitation,2.790845394134521
2022-08-31,TzM,CHIRPS,precipitation,0.0
2022-09-01,TzM,CHIRPS,precipitation,0.0
2022-09-02,TzM,CHIRPS,precipitation,0.0
2022-09-03,TzM,CHIRPS,precipitation,0.0
2022-09-04,TzM,CHIRPS,precipitation,0.0
2022-09-05,TzM,CHIRPS,precipitation,0.0
2022-09-06,TzM,CHIRPS,precipitation,0.0
2022-09-07,TzM,CHIRPS,precipitation,0.0
2022-09-08,TzM,CHIRPS,precipitation,0.0
2022-09-09,TzM,CHIRPS,precipitation,0.0
2022-09-10,TzM,CHIRPS,precipitation,0.0
2022-09-11,TzM,CHIRPS,precipitation,2.6848902702331543
2022-09-12,TzM,CHIRPS,precipitation,2.6848902702331543
2022-09-13,TzM,CHIRPS,precipitation,10.739561080932615
2022-09-14,TzM,CHIRPS,precipitation,0.0
2022-09-15,TzM,CHIRPS,precipitation,0.0
2022-09-16,TzM,CHIRPS,precipitation,0.0
2022-09-17,TzM,CHIRPS,precipitation,0.0
2022-09-18,TzM,CHIRPS,precipitation,0.0
2022-09-19,TzM,CHIRPS,precipitation,0.0
2022-09-20,TzM,CHIRPS,precipitation,0.0
2022-09-21,TzM,CHIRPS,precipitation,6.006929397583008
2022-09-22,TzM,CHIRPS,precipitation,0.0
2022-09-23,TzM,CHIRPS,precipitation,0.0
2022-09-24,TzM,CHIRPS,precipitation,0.0
2022-09-25,TzM,CHIRPS,precipitation,0.0
2022-09-26,TzM,CHIRPS,precipitation,3.682603359222412
2022-09-27,TzM,CHIRPS,precipitation,6.57273221804644e-06
2022-09-28,TzM,CHIRPS,precipitation,3.539061026458512e-06
2022-09-29,TzM,CHIRPS,precipitation,1.4752851724624634
2022-09-30,TzM,CHIRPS,precipitation,0.0007181863184086978
2022-10-01,TzM,CHIRPS,precipitation,0.0
2022-10-02,TzM,CHIRPS,precipitation,0.0
2022-10-03,TzM,CHIRPS,precipitation,0.0
2022-10-04,TzM,CHIRPS,precipitation,0.0
2022-10-05,TzM,CHIRPS,precipitation,0.0
2022-10-06,TzM,CHIRPS,precipitation,0.0
2022-10-07,TzM,CHIRPS,precipitation,0.0
2022-10-08,TzM,CHIRPS,precipitation,0.0
2022-10-09,TzM,CHIRPS,precipitation,0.0
2022-10-10,TzM,CHIRPS,precipitation,0.0
2022-10-11,TzM,CHIRPS,precipitation,0.0
2022-10-12,TzM,CHIRPS,precipitation,0.0
2022-10-13,TzM,CHIRPS,precipitation,0.0
2022-10-14,TzM,CHIRPS,precipitation,0.0
2022-10-15,TzM,CHIRPS,precipitation,0.0
2022-10-16,TzM,CHIRPS,precipitation,2.482175827026367
2022-10-17,TzM,CHIRPS,precipitation,0.0
2022-10-18,TzM,CHIRPS,precipitation,0.0
2022-10-19,TzM,CHIRPS,precipitation,0.0
2022-10-20,TzM,CHIRPS,precipitation,7.446527481079102
2022-10-21,TzM,CHIRPS,precipitation,2.3334991931915283
2022-10-22,TzM,CHIRPS,precipitation,0.0
2022-10-23,TzM,CHIRPS,precipitation,7.000497817993164
2022-10-24,TzM,CHIRPS,precipitation,0.0
2022-10-25,TzM,CHIRPS,precipitation,2.3334991931915283
2022-10-26,TzM,CHIRPS,precipitation,0.0
2022-10-27,TzM,CHIRPS,precipitation,0.0
2022-10-28,TzM,CHIRPS,precipitation,0.0
2022-10-29,TzM,CHIRPS,precipitation,0.0
2022-10-30,TzM,CHIRPS,precipitation,0.0
2022-10-31,TzM,CHIRPS,precipitation,7.236024856567383
2022-11-01,TzM,CHIRPS,precipitation,0.0
2022-11-02,TzM,CHIRPS,precipitation,0.0
2022-11-03,TzM,CHIRPS,precipitation,0.0
2022-11-04,TzM,CHIRPS,precipitation,0.0
2022-11-05,TzM,CHIRPS,precipitation,0.0
2022-11-06,TzM,CHIRPS,precipitation,0.0
2022-11-07,TzM,CHIRPS,precipitation,0.0
2022-11-08,TzM,CHIRPS,precipitation,0.0
2022-11-09,TzM,CHIRPS,precipitation,0.0
2022-11-10,TzM,CHIRPS,precipitation,0.0
2022-11-11,TzM,CHIRPS,precipitation,0.0
2022-11-12,TzM,CHIRPS,precipitation,0.0
2022-11-13,TzM,CHIRPS,precipitation,0.0
2022-11-14,TzM,CHIRPS,precipitation,0.0
2022-11-15,TzM,CHIRPS,precipitation,0.0
2022-11-16,TzM,CHIRPS,precipitation,0.0
2022-11-17,TzM,CHIRPS,precipitation,0.0
2022-11-18,TzM,CHIRPS,precipitation,0.0
2022-11-19,TzM,CHIRPS,precipitation,0.0
2022-11-20,TzM,CHIRPS,precipitation,0.0
2022-11-21,TzM,CHIRPS,precipitation,10.148687362670898
2022-11-22,TzM,CHIRPS,precipitation,0.0
2022-11-23,TzM,CHIRPS,precipitation,0.0
2022-11-24,TzM,CHIRPS,precipitation,0.0
2022-11-25,TzM,CHIRPS,precipitation,10.148687362670898
2022-11-26,TzM,CHIRPS,precipitation,0.0
2022-11-27,TzM,CHIRPS,precipitation,0.0
2022-11-28,TzM,CHIRPS,precipitation,0.0
2022-11-29,TzM,CHIRPS,precipitation,0.0
2022-11-30,TzM,CHIRPS,precipitation,0.0
2022-12-01,TzM,CHIRPS,precipitation,0.0
2022-12-02,TzM,CHIRPS,precipitation,0.0
2022-12-03,TzM,CHIRPS,precipitation,0.0
2022-12-04,TzM,CHIRPS,precipitation,0.0
2022-12-05,TzM,CHIRPS,precipitation,0.0
2022-12-06,TzM,CHIRPS,precipitation,0.0
2022-12-07,TzM,CHIRPS,precipitation,0.0
2022-12-08,TzM,CHIRPS,precipitation,8.515134811401367
2022-12-09,TzM,CHIRPS,precipitation,0.0
2022-12-10,TzM,CHIRPS,precipitation,0.0
2022-12-11,TzM,CHIRPS,precipitation,0.0
2022-12-12,TzM,CHIRPS,precipitation,9.592041969299316
2022-12-13,TzM,CHIRPS,precipitation,0.0
2022-12-14,TzM,CHIRPS,precipitation,9.592041969299316
2022-12-15,TzM,CHIRPS,precipitation,4.796020984649658
2022-12-16,TzM,CHIRPS,precipitation,0.0
2022-12-17,TzM,CHIRPS,precipitation,0.0
2022-12-18,TzM,CHIRPS,precipitation,0.0
2022-12-19,TzM,CHIRPS,precipitation,0.0
2022-12-20,TzM,CHIRPS,precipitation,0.0
2022-12-21,TzM,CHIRPS,precipitation,0.0
2022-12-22,TzM,CHIRPS,precipitation,0.0
2022-12-23,TzM,CHIRPS,precipitation,0.0
2022-12-24,TzM,CHIRPS,precipitation,0.0
2022-12-25,TzM,CHIRPS,precipitation,0.0
2022-12-26,TzM,CHIRPS,precipitation,0.0
2022-12-27,TzM,CHIRPS,precipitation,0.0
2022-12-28,TzM,CHIRPS,precipitation,0.0
2022-12-29,TzM,CHIRPS,precipitation,1.2413172721862793
2022-12-30,TzM,CHIRPS,precipitation,0.0
2022-12-31,TzM,CHIRPS,precipitation,0.0
2023-01-01,TzM,CHIRPS,precipitation,0.0
2023-01-02,TzM,CHIRPS,precipitation,0.0
2023-01-03,TzM,CHIRPS,precipitation,0.0
2023-01-04,TzM,CHIRPS,precipitation,0.0
2023-01-05,TzM,CHIRPS,precipitation,0.0
2023-01-06,TzM,CHIRPS,precipitation,0.0
2023-01-07,TzM,CHIRPS,precipitation,0.0
2023-01-08,TzM,CHIRPS,precipitation,2.9371321201324463
2023-01-09,TzM,CHIRPS,precipitation,0.0
2023-01-10,TzM,CHIRPS,precipitation,0.0
2023-01-11,TzM,CHIRPS,precipitation,0.0
2023-01-12,TzM,CHIRPS,precipitation,0.0
2023-01-13,TzM,CHIRPS,precipitation,0.0
2023-01-14,TzM,CHIRPS,precipitation,0.0
2023-01-15,TzM,CHIRPS,precipitation,2.1689674854278564
2023-01-16,TzM,CHIRPS,precipitation,0.0
2023-01-17,TzM,CHIRPS,precipitation,0.0
2023-01-18,TzM,CHIRPS,precipitation,0.0
2023-01-19,TzM,CHIRPS,precipitation,0.0
2023-01-20,TzM,CHIRPS,precipitation,0.0
2023-01-21,TzM,CHIRPS,precipitation,0.0
2023-01-22,TzM,CHIRPS,precipitation,0.0
2023-01-23,TzM,CHIRPS,precipitation,0.0
2023-01-24,TzM,CHIRPS,precipitation,0.0
2023-01-25,TzM,CHIRPS,precipitation,0.0
2023-01-26,TzM,CHIRPS,precipitation,0.0
2023-01-27,TzM,CHIRPS,precipitation,0.0
2023-01-28,TzM,CHIRPS,precipitation,0.0
2023-01-29,TzM,CHIRPS,precipitation,0.0
2023-01-30,TzM,CHIRPS,precipitation,0.0
2023-01-31,TzM,CHIRPS,precipitation,0.0
2023-02-01,TzM,CHIRPS,precipitation,0.0
2023-02-02,TzM,CHIRPS,precipitation,0.0
2023-02-03,TzM,CHIRPS,precipitation,0.0
2023-02-04,TzM,CHIRPS,precipitation,0.0
2023-02-05,TzM,CHIRPS,precipitation,0.0
2023-02-06,TzM,CHIRPS,precipitation,0.0
2023-02-07,TzM,CHIRPS,precipitation,0.0
2023-02-08,TzM,CHIRPS,precipitation,0.0
2023-02-09,TzM,CHIRPS,precipitation,0.0
2023-02-10,TzM,CHIRPS,precipitation,0.0
2023-02-11,TzM,CHIRPS,precipitation,0.0
2023-02-12,TzM,CHIRPS,precipitation,0.0
2023-02-13,TzM,CHIRPS,precipitation,0.0
2023-02-14,TzM,CHIRPS,precipitation,8.101243019104004
2023-02-15,TzM,CHIRPS,precipitation,0.0
2023-02-16,TzM,CHIRPS,precipitation,0.0
2023-02-17,TzM,CHIRPS,precipitation,0.0
2023-02-18,TzM,CHIRPS,precipitation,0.0
2023-02-19,TzM,CHIRPS,precipitation,0.0
2023-02-20,TzM,CHIRPS,precipitation,0.0
2023-02-21,TzM,CHIRPS,precipitation,0.0
2023-02-22,TzM,CHIRPS,precipitation,0.0
2023-02-23,TzM,CHIRPS,precipitation,0.0
2023-02-24,TzM,CHIRPS,precipitation,4.829912662506104
2023-02-25,TzM,CHIRPS,precipitation,0.0
2023-02-26,TzM,CHIRPS,precipitation,0.0
2023-02-27,TzM,CHIRPS,precipitation,0.0
2023-02-28,TzM,CHIRPS,precipitation,0.0
2023-03-01,TzM,CHIRPS,precipitation,0.0
2023-03-02,TzM,CHIRPS,precipitation,0.0
2023-03-03,TzM,CHIRPS,precipitation,0.0
2023-03-04,TzM,CHIRPS,precipitation,0.0
2023-03-05,TzM,CHIRPS,precipitation,3.466301441192627
2023-03-06,TzM,CHIRPS,precipitation,0.0
2023-03-07,TzM,CHIRPS,precipitation,0.0
2023-03-08,TzM,CHIRPS,precipitation,0.0
2023-03-09,TzM,CHIRPS,precipitation,3.2655234336853027
2023-03-10,TzM,CHIRPS,precipitation,0.0
2023-03-11,TzM,CHIRPS,precipitation,0.0
2023-03-12,TzM,CHIRPS,precipitation,0.0
2023-03-13,TzM,CHIRPS,precipitation,0.0
2023-03-14,TzM,CHIRPS,precipitation,0.0
2023-03-15,TzM,CHIRPS,precipitation,0.0
2023-03-16,TzM,CHIRPS,precipitation,0.0
2023-03-17,TzM,CHIRPS,precipitation,0.0
2023-03-18,TzM,CHIRPS,precipitation,0.0
2023-03-19,TzM,CHIRPS,precipitation,0.0
2023-03-20,TzM,CHIRPS,precipitation,0.0
2023-03-21,TzM,CHIRPS,precipitation,0.0
2023-03-22,TzM,CHIRPS,precipitation,0.0
2023-03-23,TzM,CHIRPS,precipitation,0.0
2023-03-24,TzM,CHIRPS,precipitation,0.0
2023-03-25,TzM,CHIRPS,precipitation,0.0
2023-03-26,TzM,CHIRPS,precipitation,0.0
2023-03-27,TzM,CHIRPS,precipitation,0.0
2023-03-28,TzM,CHIRPS,precipitation,0.0
2023-03-29,TzM,CHIRPS,precipitation,0.0
2023-03-30,TzM,CHIRPS,precipitation,0.0
2023-03-31,TzM,CHIRPS,precipitation,0.0
2023-04-01,TzM,CHIRPS,precipitation,0.0
2023-04-02,TzM,CHIRPS,precipitation,0.0
2023-04-03,TzM,CHIRPS,precipitation,0.0
2023-04-04,TzM,CHIRPS,precipitation,0.0
2023-04-05,TzM,CHIRPS,precipitation,0.0
2023-04-06,TzM,CHIRPS,precipitation,0.0
2023-04-07,TzM,CHIRPS,precipitation,0.0
2023-04-08,TzM,CHIRPS,precipitation,0.0
2023-04-09,TzM,CHIRPS,precipitation,0.0
2023-04-10,TzM,CHIRPS,precipitation,0.0
2023-04-11,TzM,CHIRPS,precipitation,0.0
2023-04-12,TzM,CHIRPS,precipitation,0.0
2023-04-13,TzM,CHIRPS,precipitation,0.0
2023-04-14,TzM,CHIRPS,precipitation,0.0
2023-04-15,TzM,CHIRPS,precipitation,0.0
2023-04-16,TzM,CHIRPS,precipitation,0.0
2023-04-17,TzM,CHIRPS,precipitation,0.0
2023-04-18,TzM,CHIRPS,precipitation,0.0
2023-04-19,TzM,CHIRPS,precipitation,0.0
2023-04-20,TzM,CHIRPS,precipitation,0.0
2023-04-21,TzM,CHIRPS,precipitation,5.141696453094482
2023-04-22,TzM,CHIRPS,precipitation,0.0
2023-04-23,TzM,CHIRPS,precipitation,0.0
2023-04-24,TzM,CHIRPS,precipitation,0.0
2023-04-25,TzM,CHIRPS,precipitation,0.0
2023-04-26,TzM,CHIRPS,precipitation,0.0
2023-04-27,TzM,CHIRPS,precipitation,0.0
2023-04-28,TzM,CHIRPS,precipitation,0.0
2023-04-29,TzM,CHIRPS,precipitation,2.761648654937744
2023-04-30,TzM,CHIRPS,precipitation,2.761648654937744
2023-05-01,TzM,CHIRPS,precipitation,0.0
2023-05-02,TzM,CHIRPS,precipitation,0.0
2023-05-03,TzM,CHIRPS,precipitation,0.0
2023-05-04,TzM,CHIRPS,precipitation,0.0
2023-05-05,TzM,CHIRPS,precipitation,0.0
2023-05-06,TzM,CHIRPS,precipitation,0.0
2023-05-07,TzM,CHIRPS,precipitation,0.0
2023-05-08,TzM,CHIRPS,precipitation,0.0
2023-05-09,TzM,CHIRPS,precipitation,0.0
2023-05-10,TzM,CHIRPS,precipitation,0.0
2023-05-11,TzM,CHIRPS,precipitation,0.0
2023-05-12,TzM,CHIRPS,precipitation,0.0
2023-05-13,TzM,CHIRPS,precipitation,0.0
2023-05-14,TzM,CHIRPS,precipitation,0.0
2023-05-15,TzM,CHIRPS,precipitation,0.0
2023-05-16,TzM,CHIRPS,precipitation,0.0
2023-05-17,TzM,CHIRPS,precipitation,0.0
2023-05-18,TzM,CHIRPS,precipitation,0.0
2023-05-19,TzM,CHIRPS,precipitation,0.0
2023-05-20,TzM,CHIRPS,precipitation,0.0
2023-05-21,TzM,CHIRPS,precipitation,0.0
2023-05-22,TzM,CHIRPS,precipitation,0.0
2023-05-23,TzM,CHIRPS,precipitation,0.0
2023-05-24,TzM,CHIRPS,precipitation,0.0
2023-05-25,TzM,CHIRPS,precipitation,21.602373123168945
2023-05-26,TzM,CHIRPS,precipitation,16.59212303161621
2023-05-27,TzM,CHIRPS,precipitation,0.0
2023-05-28,TzM,CHIRPS,precipitation,0.0
2023-05-29,TzM,CHIRPS,precipitation,0.0
2023-05-30,TzM,CHIRPS,precipitation,0.0
2023-05-31,TzM,CHIRPS,precipitation,16.59212303161621
2023-06-01,TzM,CHIRPS,precipitation,2.718878984451294
2023-06-02,TzM,CHIRPS,precipitation,2.718878984451294
2023-06-03,TzM,CHIRPS,precipitation,0.0
2023-06-04,TzM,CHIRPS,precipitation,0.0
2023-06-05,TzM,CHIRPS,precipitation,2.718878984451294
2023-06-06,TzM,CHIRPS,precipitation,0.0
2023-06-07,TzM,CHIRPS,precipitation,0.0
2023-06-08,TzM,CHIRPS,precipitation,9.55427360534668
2023-06-09,TzM,CHIRPS,precipitation,0.0
2023-06-10,TzM,CHIRPS,precipitation,0.0
2023-06-11,TzM,CHIRPS,precipitation,0.0
2023-06-12,TzM,CHIRPS,precipitation,8.572122573852539
2023-06-13,TzM,CHIRPS,precipitation,0.0
2023-06-14,TzM,CHIRPS,precipitation,0.0
2023-06-15,TzM,CHIRPS,precipitation,0.0
2023-06-16,TzM,CHIRPS,precipitation,0.0
2023-06-17,TzM,CHIRPS,precipitation,0.0
2023-06-18,TzM,CHIRPS,precipitation,0.0
2023-06-19,TzM,CHIRPS,precipitation,4.667773246765137
2023-06-20,TzM,CHIRPS,precipitation,3.111848831176758
2023-06-21,TzM,CHIRPS,precipitation,8.840535163879395
2023-06-22,TzM,CHIRPS,precipitation,0.0
2023-06-23,TzM,CHIRPS,precipitation,0.0
2023-06-24,TzM,CHIRPS,precipitation,0.0
2023-06-25,TzM,CHIRPS,precipitation,0.0
2023-06-26,TzM,CHIRPS,precipitation,5.368627071380615
2023-06-27,TzM,CHIRPS,precipitation,0.0
2023-06-28,TzM,CHIRPS,precipitation,0.0
2023-06-29,TzM,CHIRPS,precipitation,0.0
2023-06-30,TzM,CHIRPS,precipitation,0.0
2023-07-01,TzM,CHIRPS,precipitation,0.0
2023-07-02,TzM,CHIRPS,precipitation,0.0
2023-07-03,TzM,CHIRPS,precipitation,0.0
2023-07-04,TzM,CHIRPS,precipitation,0.0
2023-07-05,TzM,CHIRPS,precipitation,0.0
2023-07-06,TzM,CHIRPS,precipitation,0.0
2023-07-07,TzM,CHIRPS,precipitation,2.97412371635437
2023-07-08,TzM,CHIRPS,precipitation,0.0
2023-07-09,TzM,CHIRPS,precipitation,0.0
2023-07-10,TzM,CHIRPS,precipitation,0.0
2023-07-11,TzM,CHIRPS,precipitation,0.0
2023-07-12,TzM,CHIRPS,precipitation,0.0
2023-07-13,TzM,CHIRPS,precipitation,0.0
2023-07-14,TzM,CHIRPS,precipitation,0.0
2023-07-15,TzM,CHIRPS,precipitation,0.0
2023-07-16,TzM,CHIRPS,precipitation,0.0
2023-07-17,TzM,CHIRPS,precipitation,0.0
2023-07-18,TzM,CHIRPS,precipitation,0.0
2023-07-19,TzM,CHIRPS,precipitation,0.0
2023-07-20,TzM,CHIRPS,precipitation,0.0
2023-07-21,TzM,CHIRPS,precipitation,0.0
2023-07-22,TzM,CHIRPS,precipitation,0.0
2023-07-23,TzM,CHIRPS,precipitation,0.0
2023-07-24,TzM,CHIRPS,precipitation,0.0
2023-07-25,TzM,CHIRPS,precipitation,0.0
2023-07-26,TzM,CHIRPS,precipitation,3.471729278564453
2023-07-27,TzM,CHIRPS,precipitation,0.0
2023-07-28,TzM,CHIRPS,precipitation,0.0
2023-07-29,TzM,CHIRPS,precipitation,0.0
2023-07-30,TzM,CHIRPS,precipitation,0.0
2023-07-31,TzM,CHIRPS,precipitation,0.0
2023-08-01,TzM,CHIRPS,precipitation,0.0
2023-08-02,TzM,CHIRPS,precipitation,0.0
2023-08-03,TzM,CHIRPS,precipitation,0.0
2023-08-04,TzM,CHIRPS,precipitation,0.0
2023-08-05,TzM,CHIRPS,precipitation,0.0
2023-08-06,TzM,CHIRPS,precipitation,0.0
2023-08-07,TzM,CHIRPS,precipitation,0.0
2023-08-08,TzM,CHIRPS,precipitation,0.0
2023-08-09,TzM,CHIRPS,precipitation,0.0
2023-08-10,TzM,CHIRPS,precipitation,0.0
2023-08-11,TzM,CHIRPS,precipitation,0.0
2023-08-12,TzM,CHIRPS,precipitation,0.0
2023-08-13,TzM,CHIRPS,precipitation,0.0
2023-08-14,TzM,CHIRPS,precipitation,0.0
2023-08-15,TzM,CHIRPS,precipitation,0.0
2023-08-16,TzM,CHIRPS,precipitation,0.0
2023-08-17,TzM,CHIRPS,precipitation,0.0
2023-08-18,TzM,CHIRPS,precipitation,0.0
2023-08-19,TzM,CHIRPS,precipitation,0.0
2023-08-20,TzM,CHIRPS,precipitation,0.0
2023-08-21,TzM,CHIRPS,precipitation,0.0
2023-08-22,TzM,CHIRPS,precipitation,0.0
2023-08-23,TzM,CHIRPS,precipitation,0.0
2023-08-24,TzM,CHIRPS,precipitation,0.0
2023-08-25,TzM,CHIRPS,precipitation,0.0
2023-08-26,TzM,CHIRPS,precipitation,0.0
2023-08-27,TzM,CHIRPS,precipitation,0.0
2023-08-28,TzM,CHIRPS,precipitation,0.0
2023-08-29,TzM,CHIRPS,precipitation,0.0
2023-08-30,TzM,CHIRPS,precipitation,0.0
2023-08-31,TzM,CHIRPS,precipitation,0.0
2023-09-01,TzM,CHIRPS,precipitation,0.0
2023-09-02,TzM,CHIRPS,precipitation,13.066652297973633
2023-09-03,TzM,CHIRPS,precipitation,13.066652297973633
2023-09-04,TzM,CHIRPS,precipitation,0.0
2023-09-05,TzM,CHIRPS,precipitation,0.0
2023-09-06,TzM,CHIRPS,precipitation,0.0
2023-09-07,TzM,CHIRPS,precipitation,0.0
2023-09-08,TzM,CHIRPS,precipitation,0.0
2023-09-09,TzM,CHIRPS,precipitation,0.0
2023-09-10,TzM,CHIRPS,precipitation,0.0
2023-09-11,TzM,CHIRPS,precipitation,0.0
2023-09-12,TzM,CHIRPS,precipitation,0.0
2023-09-13,TzM,CHIRPS,precipitation,0.0
2023-09-14,TzM,CHIRPS,precipitation,0.0
2023-09-15,TzM,CHIRPS,precipitation,11.687036514282228
2023-09-16,TzM,CHIRPS,precipitation,0.0
2023-09-17,TzM,CHIRPS,precipitation,0.0
2023-09-18,TzM,CHIRPS,precipitation,0.0
2023-09-19,TzM,CHIRPS,precipitation,10.095514297485352
2023-09-20,TzM,CHIRPS,precipitation,0.0
2023-09-21,TzM,CHIRPS,precipitation,4.033394813537598
2023-09-22,TzM,CHIRPS,precipitation,0.0
2023-09-23,TzM,CHIRPS,precipitation,0.0
2023-09-24,TzM,CHIRPS,precipitation,0.0
2023-09-25,TzM,CHIRPS,precipitation,0.0
2023-09-26,TzM,CHIRPS,precipitation,0.0
2023-09-27,TzM,CHIRPS,precipitation,0.0
2023-09-28,TzM,CHIRPS,precipitation,0.0
2023-09-29,TzM,CHIRPS,precipitation,0.0
2023-09-30,TzM,CHIRPS,precipitation,0.0
2023-10-01,TzM,CHIRPS,precipitation,0.0
2023-10-02,TzM,CHIRPS,precipitation,0.0
2023-10-03,TzM,CHIRPS,precipitation,0.0
2023-10-04,TzM,CHIRPS,precipitation,0.0
2023-10-05,TzM,CHIRPS,precipitation,0.0
2023-10-06,TzM,CHIRPS,precipitation,0.0
2023-10-07,TzM,CHIRPS,precipitation,0.0
2023-10-08,TzM,CHIRPS,precipitation,0.0
2023-10-09,TzM,CHIRPS,precipitation,0.0
2023-10-10,TzM,CHIRPS,precipitation,0.0
2023-10-11,TzM,CHIRPS,precipitation,0.0
2023-10-12,TzM,CHIRPS,precipitation,0.0
2023-10-13,TzM,CHIRPS,precipitation,0.0
2023-10-14,TzM,CHIRPS,precipitation,0.0
2023-10-15,TzM,CHIRPS,precipitation,0.0
2023-10-16,TzM,CHIRPS,precipitation,0.0
2023-10-17,TzM,CHIRPS,precipitation,0.0
2023-10-18,TzM,CHIRPS,precipitation,0.0
2023-10-19,TzM,CHIRPS,precipitation,10.703729629516602
2023-10-20,TzM,CHIRPS,precipitation,0.0
2023-10-21,TzM,CHIRPS,precipitation,0.0
2023-10-22,TzM,CHIRPS,precipitation,0.0
2023-10-23,TzM,CHIRPS,precipitation,0.0
2023-10-24,TzM,CHIRPS,precipitation,0.0
2023-10-25,TzM,CHIRPS,precipitation,0.0
2023-10-26,TzM,CHIRPS,precipitation,3.758158206939697
2023-10-27,TzM,CHIRPS,precipitation,0.0
2023-10-28,TzM,CHIRPS,precipitation,0.0
2023-10-29,TzM,CHIRPS,precipitation,0.0
2023-10-30,TzM,CHIRPS,precipitation,3.758158206939697
2023-10-31,TzM,CHIRPS,precipitation,1.8790791034698489
2023-11-01,TzM,CHIRPS,precipitation,0.0
2023-11-02,TzM,CHIRPS,precipitation,0.0
2023-11-03,TzM,CHIRPS,precipitation,0.0
2023-11-04,TzM,CHIRPS,precipitation,0.0
2023-11-05,TzM,CHIRPS,precipitation,0.0
2023-11-06,TzM,CHIRPS,precipitation,0.0
2023-11-07,TzM,CHIRPS,precipitation,0.0
2023-11-08,TzM,CHIRPS,precipitation,0.0
2023-11-09,TzM,CHIRPS,precipitation,3.110720157623291
2023-11-10,TzM,CHIRPS,precipitation,0.0
2023-11-11,TzM,CHIRPS,precipitation,0.0
2023-11-12,TzM,CHIRPS,precipitation,0.0
2023-11-13,TzM,CHIRPS,precipitation,0.0
2023-11-14,TzM,CHIRPS,precipitation,0.0
2023-11-15,TzM,CHIRPS,precipitation,0.0
2023-11-16,TzM,CHIRPS,precipitation,0.0
2023-11-17,TzM,CHIRPS,precipitation,0.0
2023-11-18,TzM,CHIRPS,precipitation,0.0
2023-11-19,TzM,CHIRPS,precipitation,0.0
2023-11-20,TzM,CHIRPS,precipitation,0.0
2023-11-21,TzM,CHIRPS,precipitation,0.0
2023-11-22,TzM,CHIRPS,precipitation,0.0
2023-11-23,TzM,CHIRPS,precipitation,0.0
2023-11-24,TzM,CHIRPS,precipitation,0.0
2023-11-25,TzM,CHIRPS,precipitation,0.0
2023-11-26,TzM,CHIRPS,precipitation,0.0
2023-11-27,TzM,CHIRPS,precipitation,0.0
2023-11-28,TzM,CHIRPS,precipitation,0.0
2023-11-29,TzM,CHIRPS,precipitation,4.82832670211792
2023-11-30,TzM,CHIRPS,precipitation,0.0
2023-12-01,TzM,CHIRPS,precipitation,0.0
2023-12-02,TzM,CHIRPS,precipitation,0.0
2023-12-03,TzM,CHIRPS,precipitation,0.0
2023-12-04,TzM,CHIRPS,precipitation,4.076483726501465
2023-12-05,TzM,CHIRPS,precipitation,0.0
2023-12-06,TzM,CHIRPS,precipitation,0.0
2023-12-07,TzM,CHIRPS,precipitation,0.0
2023-12-08,TzM,CHIRPS,precipitation,0.0
2023-12-09,TzM,CHIRPS,precipitation,5.792668342590332
2023-12-10,TzM,CHIRPS,precipitation,0.0
2023-12-11,TzM,CHIRPS,precipitation,0.0
2023-12-12,TzM,CHIRPS,precipitation,0.0
2023-12-13,TzM,CHIRPS,precipitation,0.0
2023-12-14,TzM,CHIRPS,precipitation,0.0
2023-12-15,TzM,CHIRPS,precipitation,0.0
2023-12-16,TzM,CHIRPS,precipitation,0.0
2023-12-17,TzM,CHIRPS,precipitation,0.0
2023-12-18,TzM,CHIRPS,precipitation,0.0
2023-12-19,TzM,CHIRPS,precipitation,0.0
2023-12-20,TzM,CHIRPS,precipitation,0.0
2023-12-21,TzM,CHIRPS,precipitation,0.0
2023-12-22,TzM,CHIRPS,precipitation,0.0
2023-12-23,TzM,CHIRPS,precipitation,0.0
2023-12-24,TzM,CHIRPS,precipitation,0.0
2023-12-25,TzM,CHIRPS,precipitation,0.0
2023-12-26,TzM,CHIRPS,precipitation,0.0
2023-12-27,TzM,CHIRPS,precipitation,0.0
2023-12-28,TzM,CHIRPS,precipitation,0.8947927951812744
2023-12-29,TzM,CHIRPS,precipitation,0.8947927951812744
2023-12-30,TzM,CHIRPS,precipitation,0.0
2023-12-31,TzM,CHIRPS,precipitation,0.8947927951812744
2024-01-01,TzM,CHIRPS,precipitation,1.2682321071624756
2024-01-02,TzM,CHIRPS,precipitation,0.0
2024-01-03,TzM,CHIRPS,precipitation,0.0
2024-01-04,TzM,CHIRPS,precipitation,2.536464214324951
2024-01-05,TzM,CHIRPS,precipitation,0.0
2024-01-06,TzM,CHIRPS,precipitation,0.0
2024-01-07,TzM,CHIRPS,precipitation,0.0
2024-01-08,TzM,CHIRPS,precipitation,0.0
2024-01-09,TzM,CHIRPS,precipitation,0.0
2024-01-10,TzM,CHIRPS,precipitation,0.8013927936553955
2024-01-11,TzM,CHIRPS,precipitation,0.0
2024-01-12,TzM,CHIRPS,precipitation,0.0
2024-01-13,TzM,CHIRPS,precipitation,0.0
2024-01-14,TzM,CHIRPS,precipitation,1.4912015199661257
2024-01-15,TzM,CHIRPS,precipitation,0.0
2024-01-16,TzM,CHIRPS,precipitation,8.235910415649414
2024-01-17,TzM,CHIRPS,precipitation,2.7453038692474365
2024-01-18,TzM,CHIRPS,precipitation,0.0
2024-01-19,TzM,CHIRPS,precipitation,5.490607738494873
2024-01-20,TzM,CHIRPS,precipitation,0.0
2024-01-21,TzM,CHIRPS,precipitation,0.0
2024-01-22,TzM,CHIRPS,precipitation,0.0
2024-01-23,TzM,CHIRPS,precipitation,0.0
2024-01-24,TzM,CHIRPS,precipitation,0.0
2024-01-25,TzM,CHIRPS,precipitation,0.0
2024-01-26,TzM,CHIRPS,precipitation,0.0
2024-01-27,TzM,CHIRPS,precipitation,0.0
2024-01-28,TzM,CHIRPS,precipitation,0.0
2024-01-29,TzM,CHIRPS,precipitation,0.0
2024-01-30,TzM,CHIRPS,precipitation,0.0
2024-01-31,TzM,CHIRPS,precipitation,0.0
2024-02-01,TzM,CHIRPS,precipitation,0.0
2024-02-02,TzM,CHIRPS,precipitation,0.0
2024-02-03,TzM,CHIRPS,precipitation,0.0
2024-02-04,TzM,CHIRPS,precipitation,0.0
2024-02-05,TzM,CHIRPS,precipitation,0.0
2024-02-06,TzM,CHIRPS,precipitation,0.0
2024-02-07,TzM,CHIRPS,precipitation,0.0
2024-02-08,TzM,CHIRPS,precipitation,5.606266498565674
2024-02-09,TzM,CHIRPS,precipitation,8.40939998626709
2024-02-10,TzM,CHIRPS,precipitation,0.0
2024-02-11,TzM,CHIRPS,precipitation,0.0
2024-02-12,TzM,CHIRPS,precipitation,0.0
2024-02-13,TzM,CHIRPS,precipitation,0.0
2024-02-14,TzM,CHIRPS,precipitation,2.699841260910034
2024-02-15,TzM,CHIRPS,precipitation,2.699841260910034
2024-02-16,TzM,CHIRPS,precipitation,0.0
2024-02-17,TzM,CHIRPS,precipitation,0.0
2024-02-18,TzM,CHIRPS,precipitation,0.0
2024-02-19,TzM,CHIRPS,precipitation,0.0
2024-02-20,TzM,CHIRPS,precipitation,0.0
2024-02-21,TzM,CHIRPS,precipitation,0.0
2024-02-22,TzM,CHIRPS,precipitation,0.0
2024-02-23,TzM,CHIRPS,precipitation,0.0
2024-02-24,TzM,CHIRPS,precipitation,0.0
2024-02-25,TzM,CHIRPS,precipitation,0.0
2024-02-26,TzM,CHIRPS,precipitation,2.169495105743408
2024-02-27,TzM,CHIRPS,precipitation,0.0
2024-02-28,TzM,CHIRPS,precipitation,0.0
2024-02-29,TzM,CHIRPS,precipitation,0.0
2024-03-01,TzM,CHIRPS,precipitation,0.0
2024-03-02,TzM,CHIRPS,precipitation,3.7190237045288086
2024-03-03,TzM,CHIRPS,precipitation,0.0
2024-03-04,TzM,CHIRPS,precipitation,0.0
2024-03-05,TzM,CHIRPS,precipitation,0.0
2024-03-06,TzM,CHIRPS,precipitation,0.0
2024-03-07,TzM,CHIRPS,precipitation,3.456094980239868
2024-03-08,TzM,CHIRPS,precipitation,0.0
2024-03-09,TzM,CHIRPS,precipitation,5.184142589569092
2024-03-10,TzM,CHIRPS,precipitation,0.0
2024-03-11,TzM,CHIRPS,precipitation,0.0
2024-03-12,TzM,CHIRPS,precipitation,0.0
2024-03-13,TzM,CHIRPS,precipitation,0.0
2024-03-14,TzM,CHIRPS,precipitation,0.0
2024-03-15,TzM,CHIRPS,precipitation,0.0
2024-03-16,TzM,CHIRPS,precipitation,0.0
2024-03-17,TzM,CHIRPS,precipitation,0.0
2024-03-18,TzM,CHIRPS,precipitation,1.4591463804244995
2024-03-19,TzM,CHIRPS,precipitation,0.0
2024-03-20,TzM,CHIRPS,precipitation,0.0
2024-03-21,TzM,CHIRPS,precipitation,2.3876395225524902
2024-03-22,TzM,CHIRPS,precipitation,0.0
2024-03-23,TzM,CHIRPS,precipitation,0.0
2024-03-24,TzM,CHIRPS,precipitation,3.1835193634033203
2024-03-25,TzM,CHIRPS,precipitation,3.1835193634033203
2024-03-26,TzM,CHIRPS,precipitation,2.898266077041626
2024-03-27,TzM,CHIRPS,precipitation,0.0
2024-03-28,TzM,CHIRPS,precipitation,0.0
2024-03-29,TzM,CHIRPS,precipitation,8.694798469543457
2024-03-30,TzM,CHIRPS,precipitation,0.0
2024-03-31,TzM,CHIRPS,precipitation,8.694798469543457
2024-04-01,TzM,CHIRPS,precipitation,0.0
2024-04-02,TzM,CHIRPS,precipitation,0.0
2024-04-03,TzM,CHIRPS,precipitation,0.0
2024-04-04,TzM,CHIRPS,precipitation,3.781671047210693
2024-04-05,TzM,CHIRPS,precipitation,0.0
2024-04-06,TzM,CHIRPS,precipitation,5.710723876953125
2024-04-07,TzM,CHIRPS,precipitation,5.710723876953125
2024-04-08,TzM,CHIRPS,precipitation,0.0
2024-04-09,TzM,CHIRPS,precipitation,0.0
2024-04-10,TzM,CHIRPS,precipitation,0.0
2024-04-11,TzM,CHIRPS,precipitation,0.0006503545446321368
2024-04-12,TzM,CHIRPS,precipitation,0.0
2024-04-13,TzM,CHIRPS,precipitation,0.0001284850004594773
2024-04-14,TzM,CHIRPS,precipitation,0.0
2024-04-15,TzM,CHIRPS,precipitation,2.240800619125366
2024-04-16,TzM,CHIRPS,precipitation,0.0
2024-04-17,TzM,CHIRPS,precipitation,0.0
2024-04-18,TzM,CHIRPS,precipitation,0.0
2024-04-19,TzM,CHIRPS,precipitation,0.0
2024-04-20,TzM,CHIRPS,precipitation,0.0
2024-04-21,TzM,CHIRPS,precipitation,0.0
2024-04-22,TzM,CHIRPS,precipitation,0.0
2024-04-23,TzM,CHIRPS,precipitation,0.0
2024-04-24,TzM,CHIRPS,precipitation,0.0
2024-04-25,TzM,CHIRPS,precipitation,0.0
2024-04-26,TzM,CHIRPS,precipitation,0.0
2024-04-27,TzM,CHIRPS,precipitation,0.0
2024-04-28,TzM,CHIRPS,precipitation,0.0
2024-04-29,TzM,CHIRPS,precipitation,0.0
2024-04-30,TzM,CHIRPS,precipitation,0.0
2024-05-01,TzM,CHIRPS,precipitation,0.0
2024-05-02,TzM,CHIRPS,precipitation,0.0
2024-05-03,TzM,CHIRPS,precipitation,0.0
2024-05-04,TzM,CHIRPS,precipitation,0.0
2024-05-05,TzM,CHIRPS,precipitation,0.0
2024-05-06,TzM,CHIRPS,precipitation,0.0
2024-05-07,TzM,CHIRPS,precipitation,0.0
2024-05-08,TzM,CHIRPS,precipitation,0.0
2024-05-09,TzM,CHIRPS,precipitation,0.0
2024-05-10,TzM,CHIRPS,precipitation,0.0
2024-05-11,TzM,CHIRPS,precipitation,8.581974029541016
2024-05-12,TzM,CHIRPS,precipitation,0.0
2024-05-13,TzM,CHIRPS,precipitation,0.0
2024-05-14,TzM,CHIRPS,precipitation,0.0
2024-05-15,TzM,CHIRPS,precipitation,0.0
2024-05-16,TzM,CHIRPS,precipitation,0.0016323527088388
2024-05-17,TzM,CHIRPS,precipitation,0.2139796763658523
2024-05-18,TzM,CHIRPS,precipitation,0.0013927591498941
2024-05-19,TzM,CHIRPS,precipitation,5.267688274383545
2024-05-20,TzM,CHIRPS,precipitation,0.0
2024-05-21,TzM,CHIRPS,precipitation,0.0
2024-05-22,TzM,CHIRPS,precipitation,0.0
2024-05-23,TzM,CHIRPS,precipitation,0.0
2024-05-24,TzM,CHIRPS,precipitation,0.0
2024-05-25,TzM,CHIRPS,precipitation,0.0
2024-05-26,TzM,CHIRPS,precipitation,0.0
2024-05-27,TzM,CHIRPS,precipitation,0.0
2024-05-28,TzM,CHIRPS,precipitation,0.0
2024-05-29,TzM,CHIRPS,precipitation,0.0
2024-05-30,TzM,CHIRPS,precipitation,0.0
2024-05-31,TzM,CHIRPS,precipitation,0.0
2024-06-01,TzM,CHIRPS,precipitation,0.0
2024-06-02,TzM,CHIRPS,precipitation,0.0
2024-06-03,TzM,CHIRPS,precipitation,7.524654388427734
2024-06-04,TzM,CHIRPS,precipitation,0.0
2024-06-05,TzM,CHIRPS,precipitation,0.0
2024-06-06,TzM,CHIRPS,precipitation,0.0
2024-06-07,TzM,CHIRPS,precipitation,0.0
2024-06-08,TzM,CHIRPS,precipitation,6.370445251464844
2024-06-09,TzM,CHIRPS,precipitation,0.0
2024-06-10,TzM,CHIRPS,precipitation,6.370445251464844
2024-06-11,TzM,CHIRPS,precipitation,7.310767650604248
2024-06-12,TzM,CHIRPS,precipitation,3.329897880554199
2024-06-13,TzM,CHIRPS,precipitation,0.0
2024-06-14,TzM,CHIRPS,precipitation,0.0
2024-06-15,TzM,CHIRPS,precipitation,0.0
2024-06-16,TzM,CHIRPS,precipitation,0.0
2024-06-17,TzM,CHIRPS,precipitation,0.0
2024-06-18,TzM,CHIRPS,precipitation,0.0
2024-06-19,TzM,CHIRPS,precipitation,0.0
2024-06-20,TzM,CHIRPS,precipitation,0.0
2024-06-21,TzM,CHIRPS,precipitation,0.0
2024-06-22,TzM,CHIRPS,precipitation,0.0
2024-06-23,TzM,CHIRPS,precipitation,0.0
2024-06-24,TzM,CHIRPS,precipitation,0.0
2024-06-25,TzM,CHIRPS,precipitation,0.0
2024-06-26,TzM,CHIRPS,precipitation,0.0
2024-06-27,TzM,CHIRPS,precipitation,0.0
2024-06-28,TzM,CHIRPS,precipitation,11.686609268188477
2024-06-29,TzM,CHIRPS,precipitation,0.0
2024-06-30,TzM,CHIRPS,precipitation,0.0
2024-07-01,TzM,CHIRPS,precipitation,2.6768834590911865
2024-07-02,TzM,CHIRPS,precipitation,0.0
2024-07-03,TzM,CHIRPS,precipitation,0.0
2024-07-04,TzM,CHIRPS,precipitation,0.0
2024-07-05,TzM,CHIRPS,precipitation,0.0
2024-07-06,TzM,CHIRPS,precipitation,0.0
2024-07-07,TzM,CHIRPS,precipitation,0.0
2024-07-08,TzM,CHIRPS,precipitation,0.0
2024-07-09,TzM,CHIRPS,precipitation,0.0
2024-07-10,TzM,CHIRPS,precipitation,0.0
2024-07-11,TzM,CHIRPS,precipitation,0.0
2024-07-12,TzM,CHIRPS,precipitation,0.0
2024-07-13,TzM,CHIRPS,precipitation,0.0
2024-07-14,TzM,CHIRPS,precipitation,0.0
2024-07-15,TzM,CHIRPS,precipitation,0.0
2024-07-16,TzM,CHIRPS,precipitation,0.0
2024-07-17,TzM,CHIRPS,precipitation,0.0
2024-07-18,TzM,CHIRPS,precipitation,0.0
2024-07-19,TzM,CHIRPS,precipitation,0.0
2024-07-20,TzM,CHIRPS,precipitation,0.0
2024-07-21,TzM,CHIRPS,precipitation,0.0
2024-07-22,TzM,CHIRPS,precipitation,0.0
2024-07-23,TzM,CHIRPS,precipitation,0.0
2024-07-24,TzM,CHIRPS,precipitation,0.0
2024-07-25,TzM,CHIRPS,precipitation,0.0
2024-07-26,TzM,CHIRPS,precipitation,0.0
2024-07-27,TzM,CHIRPS,precipitation,0.0
2024-07-28,TzM,CHIRPS,precipitation,0.0
2024-07-29,TzM,CHIRPS,precipitation,2.6039462089538574
2024-07-30,TzM,CHIRPS,precipitation,0.0
2024-07-31,TzM,CHIRPS,precipitation,0.0
2024-08-01,TzM,CHIRPS,precipitation,0.0
2024-08-02,TzM,CHIRPS,precipitation,0.0
2024-08-03,TzM,CHIRPS,precipitation,0.0
2024-08-04,TzM,CHIRPS,precipitation,0.0
2024-08-05,TzM,CHIRPS,precipitation,0.0
2024-08-06,TzM,CHIRPS,precipitation,0.0
2024-08-07,TzM,CHIRPS,precipitation,0.0
2024-08-08,TzM,CHIRPS,precipitation,0.0
2024-08-09,TzM,CHIRPS,precipitation,0.0
2024-08-10,TzM,CHIRPS,precipitation,0.0
2024-08-11,TzM,CHIRPS,precipitation,0.0
2024-08-12,TzM,CHIRPS,precipitation,0.0
2024-08-13,TzM,CHIRPS,precipitation,0.0
2024-08-14,TzM,CHIRPS,precipitation,0.0
2024-08-15,TzM,CHIRPS,precipitation,0.0
2024-08-16,TzM,CHIRPS,precipitation,0.0
2024-08-17,TzM,CHIRPS,precipitation,0.0
2024-08-18,TzM,CHIRPS,precipitation,0.0
2024-08-19,TzM,CHIRPS,precipitation,0.0
2024-08-20,TzM,CHIRPS,precipitation,0.0
2024-08-21,TzM,CHIRPS,precipitation,0.7594826221466064
2024-08-22,TzM,CHIRPS,precipitation,1.988278031349182
2024-08-23,TzM,CHIRPS,precipitation,0.2221744805574417
2024-08-24,TzM,CHIRPS,precipitation,0.0
2024-08-25,TzM,CHIRPS,precipitation,3.851762294769287
2024-08-26,TzM,CHIRPS,precipitation,0.0211851578205823
2024-08-27,TzM,CHIRPS,precipitation,0.0
2024-08-28,TzM,CHIRPS,precipitation,0.0059933713637292
2024-08-29,TzM,CHIRPS,precipitation,3.431846857070923
2024-08-30,TzM,CHIRPS,precipitation,1.5856812000274658
2024-08-31,TzM,CHIRPS,precipitation,0.8353952169418335
2024-09-01,TzM,CHIRPS,precipitation,0.0
2024-09-02,TzM,CHIRPS,precipitation,15.676202774047852
2024-09-03,TzM,CHIRPS,precipitation,0.0
2024-09-04,TzM,CHIRPS,precipitation,0.0
2024-09-05,TzM,CHIRPS,precipitation,0.0
2024-09-06,TzM,CHIRPS,precipitation,0.0
2024-09-07,TzM,CHIRPS,precipitation,0.0
2024-09-08,TzM,CHIRPS,precipitation,0.0
2024-09-09,TzM,CHIRPS,precipitation,0.0
2024-09-10,TzM,CHIRPS,precipitation,0.0
2024-09-11,TzM,CHIRPS,precipitation,0.0
2024-09-12,TzM,CHIRPS,precipitation,0.0
2024-09-13,TzM,CHIRPS,precipitation,0.0779760405421257
2024-09-14,TzM,CHIRPS,precipitation,2.455956220626831
2024-09-15,TzM,CHIRPS,precipitation,6.371972267515957e-05
2024-09-16,TzM,CHIRPS,precipitation,0.0
2024-09-17,TzM,CHIRPS,precipitation,0.0
2024-09-18,TzM,CHIRPS,precipitation,0.0
2024-09-19,TzM,CHIRPS,precipitation,11.42177391052246
2024-09-20,TzM,CHIRPS,precipitation,0.0
2024-09-21,TzM,CHIRPS,precipitation,0.0
2024-09-22,TzM,CHIRPS,precipitation,0.0
2024-09-23,TzM,CHIRPS,precipitation,0.0
2024-09-24,TzM,CHIRPS,precipitation,0.0
2024-09-25,TzM,CHIRPS,precipitation,0.0
2024-09-26,TzM,CHIRPS,precipitation,0.0
2024-09-27,TzM,CHIRPS,precipitation,0.0
2024-09-28,TzM,CHIRPS,precipitation,0.0
2024-09-29,TzM,CHIRPS,precipitation,0.0
2024-09-30,TzM,CHIRPS,precipitation,0.0
2024-10-01,TzM,CHIRPS,precipitation,1.9520339265000075e-05
2024-10-02,TzM,CHIRPS,precipitation,0.6700486540794373
2024-10-03,TzM,CHIRPS,precipitation,1.3503514528274536
2024-10-04,TzM,CHIRPS,precipitation,0.0
2024-10-05,TzM,CHIRPS,precipitation,0.0
2024-10-06,TzM,CHIRPS,precipitation,0.0
2024-10-07,TzM,CHIRPS,precipitation,8.780375480651855
2024-10-08,TzM,CHIRPS,precipitation,0.0
2024-10-09,TzM,CHIRPS,precipitation,0.0
2024-10-10,TzM,CHIRPS,precipitation,0.0
2024-10-11,TzM,CHIRPS,precipitation,0.0
2024-10-12,TzM,CHIRPS,precipitation,1.9082927703857424
2024-10-13,TzM,CHIRPS,precipitation,0.0
2024-10-14,TzM,CHIRPS,precipitation,1.9082927703857424
2024-10-15,TzM,CHIRPS,precipitation,1.9082927703857424
2024-10-16,TzM,CHIRPS,precipitation,0.0
2024-10-17,TzM,CHIRPS,precipitation,0.0
2024-10-18,TzM,CHIRPS,precipitation,0.0
2024-10-19,TzM,CHIRPS,precipitation,0.0
2024-10-20,TzM,CHIRPS,precipitation,0.0
2024-10-21,TzM,CHIRPS,precipitation,0.0
2024-10-22,TzM,CHIRPS,precipitation,0.0
2024-10-23,TzM,CHIRPS,precipitation,0.0
2024-10-24,TzM,CHIRPS,precipitation,0.0
2024-10-25,TzM,CHIRPS,precipitation,0.0
2024-10-26,TzM,CHIRPS,precipitation,0.0
2024-10-27,TzM,CHIRPS,precipitation,0.0
2024-10-28,TzM,CHIRPS,precipitation,0.0
2024-10-29,TzM,CHIRPS,precipitation,32.69935607910156
2024-10-30,TzM,CHIRPS,precipitation,0.0
2024-10-31,TzM,CHIRPS,precipitation,0.0
2024-11-01,TzM,CHIRPS,precipitation,0.0
2024-11-02,TzM,CHIRPS,precipitation,0.0
2024-11-03,TzM,CHIRPS,precipitation,0.0
2024-11-04,TzM,CHIRPS,precipitation,0.0
2024-11-05,TzM,CHIRPS,precipitation,0.0
2024-11-06,TzM,CHIRPS,precipitation,0.0
2024-11-07,TzM,CHIRPS,precipitation,0.0
2024-11-08,TzM,CHIRPS,precipitation,0.0
2024-11-09,TzM,CHIRPS,precipitation,0.0
2024-11-10,TzM,CHIRPS,precipitation,0.0
2024-11-11,TzM,CHIRPS,precipitation,0.0
2024-11-12,TzM,CHIRPS,precipitation,5.196770668029785
2024-11-13,TzM,CHIRPS,precipitation,0.0
2024-11-14,TzM,CHIRPS,precipitation,0.0
2024-11-15,TzM,CHIRPS,precipitation,0.0
2024-11-16,TzM,CHIRPS,precipitation,0.0
2024-11-17,TzM,CHIRPS,precipitation,0.0
2024-11-18,TzM,CHIRPS,precipitation,0.0
2024-11-19,TzM,CHIRPS,precipitation,0.0
2024-11-20,TzM,CHIRPS,precipitation,0.0
2024-11-21,TzM,CHIRPS,precipitation,0.0
2024-11-22,TzM,CHIRPS,precipitation,0.0
2024-11-23,TzM,CHIRPS,precipitation,0.0
2024-11-24,TzM,CHIRPS,precipitation,0.0
2024-11-25,TzM,CHIRPS,precipitation,0.0
2024-11-26,TzM,CHIRPS,precipitation,3.914576530456543
2024-11-27,TzM,CHIRPS,precipitation,0.0
2024-11-28,TzM,CHIRPS,precipitation,0.0
2024-11-29,TzM,CHIRPS,precipitation,0.0
2024-11-30,TzM,CHIRPS,precipitation,0.0
2024-12-01,TzM,CHIRPS,precipitation,0.0
2024-12-02,TzM,CHIRPS,precipitation,0.0
2024-12-03,TzM,CHIRPS,precipitation,0.0
2024-12-04,TzM,CHIRPS,precipitation,0.0
2024-12-05,TzM,CHIRPS,precipitation,0.0
2024-12-06,TzM,CHIRPS,precipitation,0.0
2024-12-07,TzM,CHIRPS,precipitation,0.0
2024-12-08,TzM,CHIRPS,precipitation,0.0
2024-12-09,TzM,CHIRPS,precipitation,0.0
2024-12-10,TzM,CHIRPS,precipitation,0.0
2024-12-11,TzM,CHIRPS,precipitation,0.0
2024-12-12,TzM,CHIRPS,precipitation,0.0
2024-12-13,TzM,CHIRPS,precipitation,0.0
2024-12-14,TzM,CHIRPS,precipitation,0.0
2024-12-15,TzM,CHIRPS,precipitation,0.0
2024-12-16,TzM,CHIRPS,precipitation,0.0
2024-12-17,TzM,CHIRPS,precipitation,0.0
2024-12-18,TzM,CHIRPS,precipitation,0.0
2024-12-19,TzM,CHIRPS,precipitation,5.383047103881836
2024-12-20,TzM,CHIRPS,precipitation,0.0
2024-12-21,TzM,CHIRPS,precipitation,0.0
2024-12-22,TzM,CHIRPS,precipitation,0.0
2024-12-23,TzM,CHIRPS,precipitation,0.0
2024-12-24,TzM,CHIRPS,precipitation,0.0
2024-12-25,TzM,CHIRPS,precipitation,0.0
2024-12-26,TzM,CHIRPS,precipitation,0.0
2024-12-27,TzM,CHIRPS,precipitation,0.0
2024-12-28,TzM,CHIRPS,precipitation,0.0
2024-12-29,TzM,CHIRPS,precipitation,0.0
2024-12-30,TzM,CHIRPS,precipitation,0.0
2018-01-01,Oran,LAI,Fpar,0.09032258064516129
2018-01-01,TzM,LAI,Fpar,0.09941935483870967
2018-01-01,Oran,LAI,Lai,0.1
2018-01-01,TzM,LAI,Lai,0.1
2018-01-05,Oran,LAI,Fpar,0.1688709677419355
2018-01-05,TzM,LAI,Fpar,0.1029032258064516
2018-01-05,Oran,LAI,Lai,0.2290322580645161
2018-01-05,TzM,LAI,Lai,0.10580645161290324
2018-01-09,Oran,LAI,Fpar,0.08209677419354838
2018-01-09,TzM,LAI,Fpar,0.12025806451612905
2018-01-09,Oran,LAI,Lai,0.1
2018-01-09,TzM,LAI,Lai,0.12258064516129033
2018-01-13,Oran,LAI,Fpar,0.15161290322580645
2018-01-13,TzM,LAI,Fpar,0.10348387096774193
2018-01-13,Oran,LAI,Lai,0.1967741935483871
2018-01-13,TzM,LAI,Lai,0.10580645161290324
2018-01-17,Oran,LAI,Fpar,0.09032258064516129
2018-01-17,TzM,LAI,Fpar,0.1029032258064516
2018-01-17,Oran,LAI,Lai,0.1
2018-01-17,TzM,LAI,Lai,0.10580645161290324
2018-01-21,Oran,LAI,Fpar,0.15548387096774194
2018-01-21,TzM,LAI,Fpar,0.1046451612903226
2018-01-21,Oran,LAI,Lai,0.1967741935483871
2018-01-21,TzM,LAI,Lai,0.10580645161290324
2018-01-25,Oran,LAI,Fpar,0.15483870967741936
2018-01-25,TzM,LAI,Fpar,0.12070967741935483
2018-01-25,Oran,LAI,Lai,0.1967741935483871
2018-01-25,TzM,LAI,Lai,0.1367741935483871
2018-01-29,Oran,LAI,Fpar,0.15951612903225806
2018-01-29,TzM,LAI,Fpar,0.2198064516129032
2018-01-29,Oran,LAI,Lai,0.1967741935483871
2018-01-29,TzM,LAI,Lai,0.21548387096774202
2018-02-02,Oran,LAI,Fpar,0.14161290322580647
2018-02-02,TzM,LAI,Fpar,0.10058064516129032
2018-02-02,Oran,LAI,Lai,0.1967741935483871
2018-02-02,TzM,LAI,Lai,0.1
2018-02-06,Oran,LAI,Fpar,0.17741935483870966
2018-02-06,TzM,LAI,Fpar,0.10348387096774193
2018-02-06,Oran,LAI,Lai,0.1967741935483871
2018-02-06,TzM,LAI,Lai,0.10580645161290324
2018-02-10,Oran,LAI,Fpar,0.13032258064516128
2018-02-10,TzM,LAI,Fpar,0.1023225806451613
2018-02-10,Oran,LAI,Lai,0.15000000000000002
2018-02-10,TzM,LAI,Lai,0.10580645161290324
2018-02-14,Oran,LAI,Fpar,0.16661290322580644
2018-02-14,TzM,LAI,Fpar,0.1046451612903226
2018-02-14,Oran,LAI,Lai,0.2290322580645161
2018-02-14,TzM,LAI,Lai,0.10580645161290324
2018-02-18,Oran,LAI,Fpar,0.16338709677419352
2018-02-18,TzM,LAI,Fpar,0.1592258064516129
2018-02-18,Oran,LAI,Lai,0.2290322580645161
2018-02-18,TzM,LAI,Lai,0.2
2018-02-22,Oran,LAI,Fpar,0.14822580645161293
2018-02-22,TzM,LAI,Fpar,0.16741935483870968
2018-02-22,Oran,LAI,Lai,0.2
2018-02-22,TzM,LAI,Lai,0.2858064516129033
2018-02-26,Oran,LAI,Fpar,0.14983870967741938
2018-02-26,TzM,LAI,Fpar,0.10522580645161293
2018-02-26,Oran,LAI,Lai,0.1967741935483871
2018-02-26,TzM,LAI,Lai,0.10580645161290324
2018-03-02,Oran,LAI,Fpar,0.11129032258064518
2018-03-02,TzM,LAI,Fpar,0.13483870967741937
2018-03-02,Oran,LAI,Lai,0.1967741935483871
2018-03-02,TzM,LAI,Lai,0.20580645161290323
2018-03-06,Oran,LAI,Fpar,0.19306451612903228
2018-03-06,TzM,LAI,Fpar,0.15883870967741937
2018-03-06,Oran,LAI,Lai,0.31129032258064515
2018-03-06,TzM,LAI,Lai,0.2
2018-03-10,Oran,LAI,Fpar,0.15629032258064515
2018-03-10,TzM,LAI,Fpar,0.1998064516129032
2018-03-10,Oran,LAI,Lai,0.25000000000000006
2018-03-10,TzM,LAI,Lai,0.30000000000000004
2018-03-14,Oran,LAI,Fpar,0.17580645161290323
2018-03-14,TzM,LAI,Fpar,0.19161290322580646
2018-03-14,Oran,LAI,Lai,0.2645161290322581
2018-03-14,TzM,LAI,Lai,0.2548387096774194
2018-03-18,Oran,LAI,Fpar,0.1861290322580645
2018-03-18,TzM,LAI,Fpar,0.15980645161290327
2018-03-18,Oran,LAI,Lai,0.30000000000000004
2018-03-18,TzM,LAI,Lai,0.21161290322580648
2018-03-22,Oran,LAI,Fpar,0.1796774193548387
2018-03-22,TzM,LAI,Fpar,0.17393548387096774
2018-03-22,Oran,LAI,Lai,0.28225806451612906
2018-03-22,TzM,LAI,Lai,0.2606451612903226
2018-03-26,Oran,LAI,Fpar,0.2314516129032258
2018-03-26,TzM,LAI,Fpar,0.15941935483870967
2018-03-26,Oran,LAI,Lai,0.4145161290322581
2018-03-26,TzM,LAI,Lai,0.23096774193548386
2018-03-30,Oran,LAI,Fpar,0.22483870967741937
2018-03-30,TzM,LAI,Fpar,0.19858064516129037
2018-03-30,Oran,LAI,Lai,0.385483870967742
2018-03-30,TzM,LAI,Lai,0.30000000000000004
2018-04-03,Oran,LAI,Fpar,0.342258064516129
2018-04-03,TzM,LAI,Fpar,0.1812903225806452
2018-04-03,Oran,LAI,Lai,0.5854838709677419
2018-04-03,TzM,LAI,Lai,0.2606451612903226
2018-04-07,Oran,LAI,Fpar,0.28677419354838707
2018-04-07,TzM,LAI,Fpar,0.17258064516129032
2018-04-07,Oran,LAI,Lai,0.5887096774193549
2018-04-07,TzM,LAI,Lai,0.34516129032258064
2018-04-11,Oran,LAI,Fpar,0.3467741935483871
2018-04-11,TzM,LAI,Fpar,0.2501290322580645
2018-04-11,Oran,LAI,Lai,0.7645161290322581
2018-04-11,TzM,LAI,Lai,0.4212903225806452
2018-04-15,Oran,LAI,Fpar,0.3587096774193549
2018-04-15,TzM,LAI,Fpar,0.30193548387096775
2018-04-15,Oran,LAI,Lai,0.7838709677419354
2018-04-15,TzM,LAI,Lai,0.5212903225806452
2018-04-19,Oran,LAI,Fpar,0.37693548387096776
2018-04-19,TzM,LAI,Fpar,0.2629677419354839
2018-04-19,Oran,LAI,Lai,0.767741935483871
2018-04-19,TzM,LAI,Lai,0.44903225806451624
2018-04-23,Oran,LAI,Fpar,0.33838709677419354
2018-04-23,TzM,LAI,Fpar,0.2556774193548388
2018-04-23,Oran,LAI,Lai,0.6935483870967742
2018-04-23,TzM,LAI,Lai,0.41161290322580646
2018-04-27,Oran,LAI,Fpar,0.4745161290322581
2018-04-27,TzM,LAI,Fpar,0.45251612903225813
2018-04-27,Oran,LAI,Lai,1.0854838709677421
2018-04-27,TzM,LAI,Lai,0.9935483870967743
2018-05-01,Oran,LAI,Fpar,0.405
2018-05-01,TzM,LAI,Fpar,0.28116129032258064
2018-05-01,Oran,LAI,Lai,0.9612903225806451
2018-05-01,TzM,LAI,Lai,0.5058064516129032
2018-05-05,Oran,LAI,Fpar,0.4517741935483871
2018-05-05,TzM,LAI,Fpar,0.30529032258064515
2018-05-05,Oran,LAI,Lai,1.0774193548387094
2018-05-05,TzM,LAI,Lai,0.56
2018-05-09,Oran,LAI,Fpar,0.530483870967742
2018-05-09,TzM,LAI,Fpar,0.44541935483870965
2018-05-09,Oran,LAI,Lai,1.3661290322580646
2018-05-09,TzM,LAI,Lai,0.8741935483870968
2018-05-13,Oran,LAI,Fpar,0.5114516129032258
2018-05-13,TzM,LAI,Fpar,0.3183225806451613
2018-05-13,Oran,LAI,Lai,1.42741935483871
2018-05-13,TzM,LAI,Lai,0.5664516129032259
2018-05-17,Oran,LAI,Fpar,0.48564516129032265
2018-05-17,TzM,LAI,Fpar,0.35045161290322585
2018-05-17,Oran,LAI,Lai,1.3112903225806452
2018-05-17,TzM,LAI,Lai,0.6748387096774193
2018-05-21,Oran,LAI,Fpar,0.4219354838709677
2018-05-21,TzM,LAI,Fpar,0.27948387096774197
2018-05-21,Oran,LAI,Lai,0.9258064516129032
2018-05-21,TzM,LAI,Lai,0.567741935483871
2018-05-25,Oran,LAI,Fpar,0.46467741935483864
2018-05-25,TzM,LAI,Fpar,0.2652903225806452
2018-05-25,Oran,LAI,Lai,1.1661290322580644
2018-05-25,TzM,LAI,Lai,0.5
2018-05-29,Oran,LAI,Fpar,0.41403225806451616
2018-05-29,TzM,LAI,Fpar,0.23587096774193547
2018-05-29,Oran,LAI,Lai,1.0403225806451613
2018-05-29,TzM,LAI,Lai,0.43548387096774194
2018-06-02,Oran,LAI,Fpar,0.42935483870967744
2018-06-02,TzM,LAI,Fpar,0.3291612903225807
2018-06-02,Oran,LAI,Lai,1.1225806451612905
2018-06-02,TzM,LAI,Lai,0.6322580645161291
2018-06-06,Oran,LAI,Fpar,0.2593548387096774
2018-06-06,TzM,LAI,Fpar,0.16264516129032258
2018-06-06,Oran,LAI,Lai,0.503225806451613
2018-06-06,TzM,LAI,Lai,0.31161290322580654
2018-06-10,Oran,LAI,Fpar,0.4843548387096774
2018-06-10,TzM,LAI,Fpar,0.2590967741935484
2018-06-10,Oran,LAI,Lai,1.2790322580645161
2018-06-10,TzM,LAI,Lai,0.4464516129032259
2018-06-14,Oran,LAI,Fpar,0.3879032258064516
2018-06-14,TzM,LAI,Fpar,0.2611612903225807
2018-06-14,Oran,LAI,Lai,0.9225806451612905
2018-06-14,TzM,LAI,Lai,0.5058064516129032
2018-06-18,Oran,LAI,Fpar,0.3491935483870968
2018-06-18,TzM,LAI,Fpar,0.2556774193548388
2018-06-18,Oran,LAI,Lai,0.7258064516129032
2018-06-18,TzM,LAI,Lai,0.5058064516129032
2018-06-22,Oran,LAI,Fpar,0.2761290322580645
2018-06-22,TzM,LAI,Fpar,0.2495483870967742
2018-06-22,Oran,LAI,Lai,0.5967741935483871
2018-06-22,TzM,LAI,Lai,0.46903225806451615
2018-06-26,Oran,LAI,Fpar,0.2525806451612903
2018-06-26,TzM,LAI,Fpar,0.259741935483871
2018-06-26,Oran,LAI,Lai,0.5435483870967742
2018-06-26,TzM,LAI,Lai,0.5058064516129032
2018-06-30,Oran,LAI,Fpar,0.22370967741935485
2018-06-30,TzM,LAI,Fpar,0.2558064516129032
2018-06-30,Oran,LAI,Lai,0.49354838709677423
2018-06-30,TzM,LAI,Lai,0.5058064516129032
2018-07-04,Oran,LAI,Fpar,0.19983870967741937
2018-07-04,TzM,LAI,Fpar,0.24825806451612906
2018-07-04,Oran,LAI,Lai,0.41129032258064524
2018-07-04,TzM,LAI,Lai,0.5
2018-07-08,Oran,LAI,Fpar,0.18048387096774193
2018-07-08,TzM,LAI,Fpar,0.23490322580645162
2018-07-08,Oran,LAI,Lai,0.30000000000000004
2018-07-08,TzM,LAI,Lai,0.39032258064516134
2018-07-12,Oran,LAI,Fpar,0.17935483870967742
2018-07-12,TzM,LAI,Fpar,0.25800000000000006
2018-07-12,Oran,LAI,Lai,0.3500000000000001
2018-07-12,TzM,LAI,Lai,0.5
2018-07-16,Oran,LAI,Fpar,0.1861290322580645
2018-07-16,TzM,LAI,Fpar,0.2638709677419355
2018-07-16,Oran,LAI,Lai,0.30000000000000004
2018-07-16,TzM,LAI,Lai,0.46903225806451615
2018-07-20,Oran,LAI,Fpar,0.16903225806451613
2018-07-20,TzM,LAI,Fpar,0.2369032258064516
2018-07-20,Oran,LAI,Lai,0.29677419354838713
2018-07-20,TzM,LAI,Lai,0.4058064516129033
2018-07-24,Oran,LAI,Fpar,0.15435483870967742
2018-07-24,TzM,LAI,Fpar,0.23058064516129037
2018-07-24,Oran,LAI,Lai,0.32903225806451614
2018-07-24,TzM,LAI,Lai,0.4058064516129033
2018-07-28,Oran,LAI,Fpar,0.15403225806451615
2018-07-28,TzM,LAI,Fpar,0.20935483870967744
2018-07-28,Oran,LAI,Lai,0.24677419354838712
2018-07-28,TzM,LAI,Lai,0.39032258064516134
2018-08-01,Oran,LAI,Fpar,0.17612903225806453
2018-08-01,TzM,LAI,Fpar,0.2787096774193549
2018-08-01,Oran,LAI,Lai,0.32903225806451614
2018-08-01,TzM,LAI,Lai,0.5141935483870967
2018-08-05,Oran,LAI,Fpar,0.14
2018-08-05,TzM,LAI,Fpar,0.25574193548387103
2018-08-05,Oran,LAI,Lai,0.23225806451612907
2018-08-05,TzM,LAI,Lai,0.4451612903225807
2018-08-09,Oran,LAI,Fpar,0.1796774193548387
2018-08-09,TzM,LAI,Fpar,0.2821935483870968
2018-08-09,Oran,LAI,Lai,0.28225806451612906
2018-08-09,TzM,LAI,Lai,0.5309677419354839
2018-08-13,Oran,LAI,Fpar,0.1464516129032258
2018-08-13,TzM,LAI,Fpar,0.28
2018-08-13,Oran,LAI,Lai,0.3032258064516129
2018-08-13,TzM,LAI,Lai,0.5058064516129032
2018-08-17,Oran,LAI,Fpar,0.17387096774193547
2018-08-17,TzM,LAI,Fpar,0.21793548387096773
2018-08-17,Oran,LAI,Lai,0.3032258064516129
2018-08-17,TzM,LAI,Lai,0.39032258064516134
2018-08-21,Oran,LAI,Fpar,0.1919354838709677
2018-08-21,TzM,LAI,Fpar,0.21000000000000005
2018-08-21,Oran,LAI,Lai,0.33548387096774196
2018-08-21,TzM,LAI,Lai,0.3535483870967742
2018-08-25,Oran,LAI,Fpar,0.23290322580645162
2018-08-25,TzM,LAI,Fpar,0.2607741935483871
2018-08-25,Oran,LAI,Lai,0.43870967741935485
2018-08-25,TzM,LAI,Lai,0.4380645161290322
2018-08-29,Oran,LAI,Fpar,0.18274193548387097
2018-08-29,TzM,LAI,Fpar,0.23200000000000004
2018-08-29,Oran,LAI,Lai,0.28225806451612906
2018-08-29,TzM,LAI,Lai,0.3509677419354839
2018-09-02,Oran,LAI,Fpar,0.18306451612903227
2018-09-02,TzM,LAI,Fpar,0.23529032258064514
2018-09-02,Oran,LAI,Lai,0.3096774193548387
2018-09-02,TzM,LAI,Lai,0.3961290322580645
2018-09-06,Oran,LAI,Fpar,0.1785483870967742
2018-09-06,TzM,LAI,Fpar,0.1753548387096774
2018-09-06,Oran,LAI,Lai,0.3177419354838709
2018-09-06,TzM,LAI,Lai,0.2709677419354839
2018-09-10,Oran,LAI,Fpar,0.2108064516129032
2018-09-10,TzM,LAI,Fpar,0.2510322580645161
2018-09-10,Oran,LAI,Lai,0.34677419354838707
2018-09-10,TzM,LAI,Lai,0.3083870967741936
2018-09-14,Oran,LAI,Fpar,0.17096774193548384
2018-09-14,TzM,LAI,Fpar,0.22696774193548386
2018-09-14,Oran,LAI,Lai,0.30000000000000004
2018-09-14,TzM,LAI,Lai,0.30580645161290326
2018-09-18,Oran,LAI,Fpar,0.18483870967741936
2018-09-18,TzM,LAI,Fpar,0.26251612903225807
2018-09-18,Oran,LAI,Lai,0.3645161290322581
2018-09-18,TzM,LAI,Lai,0.3877419354838709
2018-09-22,Oran,LAI,Fpar,0.2425806451612904
2018-09-22,TzM,LAI,Fpar,0.2578064516129033
2018-09-22,Oran,LAI,Lai,0.385483870967742
2018-09-22,TzM,LAI,Lai,0.3548387096774195
2018-09-26,Oran,LAI,Fpar,0.1779032258064516
2018-09-26,TzM,LAI,Fpar,0.2954193548387097
2018-09-26,Oran,LAI,Lai,0.3064516129032258
2018-09-26,TzM,LAI,Lai,0.4380645161290322
2018-09-30,Oran,LAI,Fpar,0.1812903225806452
2018-09-30,TzM,LAI,Fpar,0.27896774193548385
2018-09-30,Oran,LAI,Lai,0.30000000000000004
2018-09-30,TzM,LAI,Lai,0.415483870967742
2018-10-04,Oran,LAI,Fpar,0.2062903225806452
2018-10-04,TzM,LAI,Fpar,0.3120645161290323
2018-10-04,Oran,LAI,Lai,0.30000000000000004
2018-10-04,TzM,LAI,Lai,0.49161290322580653
2018-10-08,Oran,LAI,Fpar,0.1869354838709677
2018-10-08,TzM,LAI,Fpar,0.2642580645161291
2018-10-08,Oran,LAI,Lai,0.28548387096774197
2018-10-08,TzM,LAI,Lai,0.3787096774193549
2018-10-12,Oran,LAI,Fpar,0.21241935483870966
2018-10-12,TzM,LAI,Fpar,0.28380645161290324
2018-10-12,Oran,LAI,Lai,0.30000000000000004
2018-10-12,TzM,LAI,Lai,0.43677419354838715
2018-10-16,Oran,LAI,Fpar,0.2525806451612903
2018-10-16,TzM,LAI,Fpar,0.3176774193548388
2018-10-16,Oran,LAI,Lai,0.30000000000000004
2018-10-16,TzM,LAI,Lai,0.5
2018-10-20,Oran,LAI,Fpar,0.33935483870967736
2018-10-20,TzM,LAI,Fpar,0.3470967741935484
2018-10-20,Oran,LAI,Lai,0.46451612903225814
2018-10-20,TzM,LAI,Lai,0.4296774193548387
2018-10-24,Oran,LAI,Fpar,0.2870967741935484
2018-10-24,TzM,LAI,Fpar,0.3123225806451613
2018-10-24,Oran,LAI,Lai,0.33225806451612905
2018-10-24,TzM,LAI,Lai,0.31161290322580654
2018-10-28,Oran,LAI,Fpar,0.18451612903225809
2018-10-28,TzM,LAI,Fpar,0.3082580645161291
2018-10-28,Oran,LAI,Lai,0.2177419354838709
2018-10-28,TzM,LAI,Lai,0.30000000000000004
2018-11-01,Oran,LAI,Fpar,0.23290322580645162
2018-11-01,TzM,LAI,Fpar,0.3082580645161291
2018-11-01,Oran,LAI,Lai,0.30000000000000004
2018-11-01,TzM,LAI,Lai,0.30000000000000004
2018-11-05,Oran,LAI,Fpar,0.20967741935483872
2018-11-05,TzM,LAI,Fpar,0.041161290322580646
2018-11-05,Oran,LAI,Lai,0.23225806451612907
2018-11-05,TzM,LAI,Lai,0.1
2018-11-09,Oran,LAI,Fpar,0.32903225806451614
2018-11-09,TzM,LAI,Fpar,0.3069032258064516
2018-11-09,Oran,LAI,Lai,0.4290322580645162
2018-11-09,TzM,LAI,Lai,0.30580645161290326
2018-11-13,Oran,LAI,Fpar,0.05741935483870967
2018-11-13,TzM,LAI,Fpar,0.030580645161290325
2018-11-13,Oran,LAI,Lai,0.1
2018-11-13,TzM,LAI,Lai,0.00580645161290322
2018-11-17,Oran,LAI,Fpar,0.02967741935483871
2018-11-17,TzM,LAI,Fpar,0.22670967741935485
2018-11-17,Oran,LAI,Lai,0.09677419354838711
2018-11-17,TzM,LAI,Lai,0.23096774193548386
2018-11-21,Oran,LAI,Fpar,0.20306451612903229
2018-11-21,TzM,LAI,Fpar,0.11116129032258064
2018-11-21,Oran,LAI,Lai,0.24677419354838712
2018-11-21,TzM,LAI,Lai,0.1335483870967742
2018-11-25,Oran,LAI,Fpar,0.267741935483871
2018-11-25,TzM,LAI,Fpar,0.30832258064516127
2018-11-25,Oran,LAI,Lai,0.31451612903225806
2018-11-25,TzM,LAI,Lai,0.30580645161290326
2018-11-29,Oran,LAI,Fpar,0.3032258064516129
2018-11-29,TzM,LAI,Fpar,0.321741935483871
2018-11-29,Oran,LAI,Lai,0.3645161290322581
2018-11-29,TzM,LAI,Lai,0.35354838709677433
2018-12-03,Oran,LAI,Fpar,0.2709677419354839
2018-12-03,TzM,LAI,Fpar,0.3032258064516129
2018-12-03,Oran,LAI,Lai,0.30000000000000004
2018-12-03,TzM,LAI,Lai,0.30000000000000004
2018-12-07,Oran,LAI,Fpar,0.2891935483870968
2018-12-07,TzM,LAI,Fpar,0.30412903225806454
2018-12-07,Oran,LAI,Lai,0.3500000000000001
2018-12-07,TzM,LAI,Lai,0.30580645161290326
2018-12-11,Oran,LAI,Fpar,0.26096774193548383
2018-12-11,TzM,LAI,Fpar,0.24367741935483872
2018-12-11,Oran,LAI,Lai,0.30000000000000004
2018-12-11,TzM,LAI,Lai,0.2548387096774194
2018-12-15,Oran,LAI,Fpar,0.305
2018-12-15,TzM,LAI,Fpar,0.21780645161290327
2018-12-15,Oran,LAI,Lai,0.3967741935483871
2018-12-15,TzM,LAI,Lai,0.2522580645161291
2018-12-19,Oran,LAI,Fpar,0.2788709677419355
2018-12-19,TzM,LAI,Fpar,0.2955483870967742
2018-12-19,Oran,LAI,Lai,0.30000000000000004
2018-12-19,TzM,LAI,Lai,0.2916129032258065
2018-12-23,Oran,LAI,Fpar,0.342258064516129
2018-12-23,TzM,LAI,Fpar,0.2816129032258065
2018-12-23,Oran,LAI,Lai,0.4790322580645161
2018-12-23,TzM,LAI,Lai,0.2916129032258065
2018-12-27,Oran,LAI,Fpar,0.3461290322580646
2018-12-27,TzM,LAI,Fpar,0.2617419354838709
2018-12-27,Oran,LAI,Lai,0.46129032258064523
2018-12-27,TzM,LAI,Lai,0.2722580645161291
2018-12-31,Oran,LAI,Fpar,0.3837096774193548
2018-12-31,TzM,LAI,Fpar,0.28090322580645166
2018-12-31,Oran,LAI,Lai,0.5467741935483871
2018-12-31,TzM,LAI,Lai,0.30000000000000004
2019-01-01,Oran,LAI,Fpar,0.38048387096774194
2019-01-01,TzM,LAI,Fpar,0.2561290322580645
2019-01-01,Oran,LAI,Lai,0.5467741935483871
2019-01-01,TzM,LAI,Lai,0.26903225806451614
2019-01-05,Oran,LAI,Fpar,0.32935483870967747
2019-01-05,TzM,LAI,Fpar,0.26245161290322583
2019-01-05,Oran,LAI,Lai,0.46129032258064523
2019-01-05,TzM,LAI,Lai,0.2858064516129033
2019-01-09,Oran,LAI,Fpar,0.3554838709677419
2019-01-09,TzM,LAI,Fpar,0.27283870967741936
2019-01-09,Oran,LAI,Lai,0.49354838709677423
2019-01-09,TzM,LAI,Lai,0.30000000000000004
2019-01-13,Oran,LAI,Fpar,0.35112903225806447
2019-01-13,TzM,LAI,Fpar,0.28780645161290325
2019-01-13,Oran,LAI,Lai,0.46451612903225814
2019-01-13,TzM,LAI,Lai,0.2916129032258065
2019-01-17,Oran,LAI,Fpar,0.392741935483871
2019-01-17,TzM,LAI,Fpar,0.10929032258064517
2019-01-17,Oran,LAI,Lai,0.582258064516129
2019-01-17,TzM,LAI,Lai,0.11161290322580647
2019-01-21,Oran,LAI,Fpar,0.3124193548387097
2019-01-21,TzM,LAI,Fpar,0.14535483870967741
2019-01-21,Oran,LAI,Lai,0.3822580645161291
2019-01-21,TzM,LAI,Lai,0.16645161290322583
2019-01-25,Oran,LAI,Fpar,0.4233870967741935
2019-01-25,TzM,LAI,Fpar,0.19012903225806452
2019-01-25,Oran,LAI,Lai,0.5790322580645161
2019-01-25,TzM,LAI,Lai,0.22967741935483882
2019-01-29,Oran,LAI,Fpar,0.38854838709677425
2019-01-29,TzM,LAI,Fpar,0.13800000000000004
2019-01-29,Oran,LAI,Lai,0.5645161290322581
2019-01-29,TzM,LAI,Lai,0.17483870967741932
2019-02-02,Oran,LAI,Fpar,0.40887096774193554
2019-02-02,TzM,LAI,Fpar,0.1692258064516129
2019-02-02,Oran,LAI,Lai,0.6258064516129033
2019-02-02,TzM,LAI,Lai,0.20580645161290323
2019-02-06,Oran,LAI,Fpar,0.41274193548387095
2019-02-06,TzM,LAI,Fpar,0.10941935483870968
2019-02-06,Oran,LAI,Lai,0.6000000000000001
2019-02-06,TzM,LAI,Lai,0.11419354838709682
2019-02-10,Oran,LAI,Fpar,0.525483870967742
2019-02-10,TzM,LAI,Fpar,0.1503225806451613
2019-02-10,Oran,LAI,Lai,0.8870967741935483
2019-02-10,TzM,LAI,Lai,0.16903225806451613
2019-02-14,Oran,LAI,Fpar,0.4467741935483871
2019-02-14,TzM,LAI,Fpar,0.1486451612903226
2019-02-14,Oran,LAI,Lai,0.6322580645161291
2019-02-14,TzM,LAI,Lai,0.16903225806451613
2019-02-18,Oran,LAI,Fpar,0.46967741935483864
2019-02-18,TzM,LAI,Fpar,0.16438709677419358
2019-02-18,Oran,LAI,Lai,0.6967741935483871
2019-02-18,TzM,LAI,Lai,0.2
2019-02-22,Oran,LAI,Fpar,0.4687096774193549
2019-02-22,TzM,LAI,Fpar,0.1423225806451613
2019-02-22,Oran,LAI,Lai,0.896774193548387
2019-02-22,TzM,LAI,Lai,0.20838709677419362
2019-02-26,Oran,LAI,Fpar,0.49177419354838714
2019-02-26,TzM,LAI,Fpar,0.17116129032258062
2019-02-26,Oran,LAI,Lai,0.9822580645161291
2019-02-26,TzM,LAI,Lai,0.30000000000000004
2019-03-02,Oran,LAI,Fpar,0.41500000000000004
2019-03-02,TzM,LAI,Fpar,0.17025806451612902
2019-03-02,Oran,LAI,Lai,0.814516129032258
2019-03-02,TzM,LAI,Lai,0.24516129032258066
2019-03-06,Oran,LAI,Fpar,0.4316129032258065
2019-03-06,TzM,LAI,Fpar,0.17109677419354838
2019-03-06,Oran,LAI,Lai,0.8580645161290322
2019-03-06,TzM,LAI,Lai,0.2509677419354839
2019-03-10,Oran,LAI,Fpar,0.42822580645161296
2019-03-10,TzM,LAI,Fpar,0.1663225806451613
2019-03-10,Oran,LAI,Lai,0.864516129032258
2019-03-10,TzM,LAI,Lai,0.2606451612903226
2019-03-14,Oran,LAI,Fpar,0.46064516129032257
2019-03-14,TzM,LAI,Fpar,0.17109677419354838
2019-03-14,Oran,LAI,Lai,0.9
2019-03-14,TzM,LAI,Lai,0.2509677419354839
2019-03-18,Oran,LAI,Fpar,0.4083870967741936
2019-03-18,TzM,LAI,Fpar,0.17625806451612902
2019-03-18,Oran,LAI,Lai,0.7935483870967742
2019-03-18,TzM,LAI,Lai,0.22000000000000008
2019-03-22,Oran,LAI,Fpar,0.37790322580645164
2019-03-22,TzM,LAI,Fpar,0.22161290322580648
2019-03-22,Oran,LAI,Lai,0.6967741935483871
2019-03-22,TzM,LAI,Lai,0.32838709677419364
2019-03-26,Oran,LAI,Fpar,0.37919354838709673
2019-03-26,TzM,LAI,Fpar,0.18754838709677418
2019-03-26,Oran,LAI,Lai,0.6822580645161291
2019-03-26,TzM,LAI,Lai,0.2735483870967742
2019-03-30,Oran,LAI,Fpar,0.38870967741935486
2019-03-30,TzM,LAI,Fpar,0.21451612903225808
2019-03-30,Oran,LAI,Lai,0.7580645161290323
2019-03-30,TzM,LAI,Lai,0.33096774193548395
2019-04-03,Oran,LAI,Fpar,0.3124193548387097
2019-04-03,TzM,LAI,Fpar,0.2798709677419355
2019-04-03,Oran,LAI,Lai,0.685483870967742
2019-04-03,TzM,LAI,Lai,0.4025806451612904
2019-04-07,Oran,LAI,Fpar,0.4282258064516129
2019-04-07,TzM,LAI,Fpar,0.21735483870967745
2019-04-07,Oran,LAI,Lai,1.0112903225806453
2019-04-07,TzM,LAI,Lai,0.32838709677419364
2019-04-11,Oran,LAI,Fpar,0.437258064516129
2019-04-11,TzM,LAI,Fpar,0.24748387096774196
2019-04-11,Oran,LAI,Lai,1.032258064516129
2019-04-11,TzM,LAI,Lai,0.4451612903225807
2019-04-15,Oran,LAI,Fpar,0.41354838709677416
2019-04-15,TzM,LAI,Fpar,0.2205161290322581
2019-04-15,Oran,LAI,Lai,0.9177419354838708
2019-04-15,TzM,LAI,Lai,0.3703225806451613
2019-04-19,Oran,LAI,Fpar,0.18032258064516132
2019-04-19,TzM,LAI,Fpar,0.06135483870967742
2019-04-19,Oran,LAI,Lai,0.36774193548387096
2019-04-19,TzM,LAI,Lai,0.10580645161290324
2019-04-23,Oran,LAI,Fpar,0.44274193548387103
2019-04-23,TzM,LAI,Fpar,0.2449677419354839
2019-04-23,Oran,LAI,Lai,1.1048387096774193
2019-04-23,TzM,LAI,Lai,0.40451612903225814
2019-04-27,Oran,LAI,Fpar,0.507258064516129
2019-04-27,TzM,LAI,Fpar,0.2881290322580645
2019-04-27,Oran,LAI,Lai,1.2580645161290323
2019-04-27,TzM,LAI,Lai,0.5225806451612903
2019-05-01,Oran,LAI,Fpar,0.5682258064516129
2019-05-01,TzM,LAI,Fpar,0.21290322580645163
2019-05-01,Oran,LAI,Lai,1.5112903225806453
2019-05-01,TzM,LAI,Lai,0.31161290322580654
2019-05-05,Oran,LAI,Fpar,0.505
2019-05-05,TzM,LAI,Fpar,0.32064516129032256
2019-05-05,Oran,LAI,Lai,1.261290322580645
2019-05-05,TzM,LAI,Lai,0.6012903225806452
2019-05-09,Oran,LAI,Fpar,0.5050000000000001
2019-05-09,TzM,LAI,Fpar,0.34058064516129044
2019-05-09,Oran,LAI,Lai,1.4548387096774196
2019-05-09,TzM,LAI,Lai,0.6748387096774193
2019-05-13,Oran,LAI,Fpar,0.4729032258064516
2019-05-13,TzM,LAI,Fpar,0.3236774193548388
2019-05-13,Oran,LAI,Lai,1.3048387096774192
2019-05-13,TzM,LAI,Lai,0.6012903225806452
2019-05-17,Oran,LAI,Fpar,0.40903225806451615
2019-05-17,TzM,LAI,Fpar,0.1998064516129032
2019-05-17,Oran,LAI,Lai,0.975806451612903
2019-05-17,TzM,LAI,Lai,0.36193548387096786
2019-05-21,Oran,LAI,Fpar,0.48822580645161295
2019-05-21,TzM,LAI,Fpar,0.329741935483871
2019-05-21,Oran,LAI,Lai,1.2080645161290324
2019-05-21,TzM,LAI,Lai,0.6393548387096776
2019-05-25,Oran,LAI,Fpar,0.4859677419354839
2019-05-25,TzM,LAI,Fpar,0.3372903225806451
2019-05-25,Oran,LAI,Lai,1.3
2019-05-25,TzM,LAI,Lai,0.6677419354838711
2019-05-29,Oran,LAI,Fpar,0.3966129032258064
2019-05-29,TzM,LAI,Fpar,0.29696774193548386
2019-05-29,Oran,LAI,Lai,0.875806451612903
2019-05-29,TzM,LAI,Lai,0.6012903225806452
2019-06-02,Oran,LAI,Fpar,0.2990322580645161
2019-06-02,TzM,LAI,Fpar,0.266
2019-06-02,Oran,LAI,Lai,0.6322580645161291
2019-06-02,TzM,LAI,Lai,0.48451612903225816
2019-06-06,Oran,LAI,Fpar,0.2408064516129032
2019-06-06,TzM,LAI,Fpar,0.29367741935483876
2019-06-06,Oran,LAI,Lai,0.49677419354838714
2019-06-06,TzM,LAI,Lai,0.5787096774193549
2019-06-10,Oran,LAI,Fpar,0.22951612903225804
2019-06-10,TzM,LAI,Fpar,0.2731612903225807
2019-06-10,Oran,LAI,Lai,0.48548387096774204
2019-06-10,TzM,LAI,Lai,0.5309677419354839
2019-06-14,Oran,LAI,Fpar,0.235483870967742
2019-06-14,TzM,LAI,Fpar,0.2432903225806452
2019-06-14,Oran,LAI,Lai,0.48548387096774204
2019-06-14,TzM,LAI,Lai,0.4619354838709677
2019-06-18,Oran,LAI,Fpar,0.1890322580645161
2019-06-18,TzM,LAI,Fpar,0.2072258064516129
2019-06-18,Oran,LAI,Lai,0.3822580645161291
2019-06-18,TzM,LAI,Lai,0.34258064516129044
2019-06-22,Oran,LAI,Fpar,0.17870967741935484
2019-06-22,TzM,LAI,Fpar,0.24096774193548393
2019-06-22,Oran,LAI,Lai,0.3645161290322581
2019-06-22,TzM,LAI,Lai,0.4451612903225807
2019-06-26,Oran,LAI,Fpar,0.17193548387096771
2019-06-26,TzM,LAI,Fpar,0.2441935483870968
2019-06-26,Oran,LAI,Lai,0.29677419354838713
2019-06-26,TzM,LAI,Lai,0.4451612903225807
2019-06-30,Oran,LAI,Fpar,0.16580645161290325
2019-06-30,TzM,LAI,Fpar,0.253483870967742
2019-06-30,Oran,LAI,Lai,0.29677419354838713
2019-06-30,TzM,LAI,Lai,0.49161290322580653
2019-07-04,Oran,LAI,Fpar,0.1711290322580645
2019-07-04,TzM,LAI,Fpar,0.22154838709677419
2019-07-04,Oran,LAI,Lai,0.28225806451612906
2019-07-04,TzM,LAI,Lai,0.3916129032258065
2019-07-08,Oran,LAI,Fpar,0.182258064516129
2019-07-08,TzM,LAI,Fpar,0.25277419354838715
2019-07-08,Oran,LAI,Lai,0.34677419354838707
2019-07-08,TzM,LAI,Lai,0.5
2019-07-12,Oran,LAI,Fpar,0.14822580645161293
2019-07-12,TzM,LAI,Fpar,0.269225806451613
2019-07-12,Oran,LAI,Lai,0.29677419354838713
2019-07-12,TzM,LAI,Lai,0.5
2019-07-16,Oran,LAI,Fpar,0.18548387096774194
2019-07-16,TzM,LAI,Fpar,0.2801935483870968
2019-07-16,Oran,LAI,Lai,0.30000000000000004
2019-07-16,TzM,LAI,Lai,0.5
2019-07-20,Oran,LAI,Fpar,0.1714516129032258
2019-07-20,TzM,LAI,Fpar,0.22451612903225804
2019-07-20,Oran,LAI,Lai,0.29677419354838713
2019-07-20,TzM,LAI,Lai,0.3509677419354839
2019-07-24,Oran,LAI,Fpar,0.15645161290322582
2019-07-24,TzM,LAI,Fpar,0.2561290322580645
2019-07-24,Oran,LAI,Lai,0.29677419354838713
2019-07-24,TzM,LAI,Lai,0.4341935483870968
2019-07-28,Oran,LAI,Fpar,0.1496774193548387
2019-07-28,TzM,LAI,Fpar,0.2720645161290322
2019-07-28,Oran,LAI,Lai,0.28225806451612906
2019-07-28,TzM,LAI,Lai,0.483225806451613
2019-08-01,Oran,LAI,Fpar,0.18322580645161288
2019-08-01,TzM,LAI,Fpar,0.26600000000000007
2019-08-01,Oran,LAI,Lai,0.30000000000000004
2019-08-01,TzM,LAI,Lai,0.46903225806451615
2019-08-05,Oran,LAI,Fpar,0.13096774193548388
2019-08-05,TzM,LAI,Fpar,0.24748387096774196
2019-08-05,Oran,LAI,Lai,0.2532258064516129
2019-08-05,TzM,LAI,Lai,0.3974193548387097
2019-08-09,Oran,LAI,Fpar,0.17935483870967742
2019-08-09,TzM,LAI,Fpar,0.2815483870967742
2019-08-09,Oran,LAI,Lai,0.30000000000000004
2019-08-09,TzM,LAI,Lai,0.5058064516129032
2019-08-13,Oran,LAI,Fpar,0.19064516129032258
2019-08-13,TzM,LAI,Fpar,0.2528387096774194
2019-08-13,Oran,LAI,Lai,0.30000000000000004
2019-08-13,TzM,LAI,Lai,0.4438709677419354
2019-08-17,Oran,LAI,Fpar,0.13032258064516128
2019-08-17,TzM,LAI,Fpar,0.2412903225806452
2019-08-17,Oran,LAI,Lai,0.2
2019-08-17,TzM,LAI,Lai,0.4212903225806452
2019-08-21,Oran,LAI,Fpar,0.185
2019-08-21,TzM,LAI,Fpar,0.24412903225806457
2019-08-21,Oran,LAI,Lai,0.30000000000000004
2019-08-21,TzM,LAI,Lai,0.4212903225806452
2019-08-25,Oran,LAI,Fpar,0.17935483870967742
2019-08-25,TzM,LAI,Fpar,0.272
2019-08-25,Oran,LAI,Lai,0.29677419354838713
2019-08-25,TzM,LAI,Lai,0.5058064516129032
2019-08-29,Oran,LAI,Fpar,0.20580645161290323
2019-08-29,TzM,LAI,Fpar,0.2452258064516129
2019-08-29,Oran,LAI,Lai,0.3822580645161291
2019-08-29,TzM,LAI,Lai,0.4212903225806452
2019-09-02,Oran,LAI,Fpar,0.19338709677419352
2019-09-02,TzM,LAI,Fpar,0.2607741935483871
2019-09-02,Oran,LAI,Lai,0.370967741935484
2019-09-02,TzM,LAI,Lai,0.4509677419354839
2019-09-06,Oran,LAI,Fpar,0.17
2019-09-06,TzM,LAI,Fpar,0.2549032258064517
2019-09-06,Oran,LAI,Lai,0.30000000000000004
2019-09-06,TzM,LAI,Lai,0.4058064516129033
2019-09-10,Oran,LAI,Fpar,0.14758064516129035
2019-09-10,TzM,LAI,Fpar,0.2298064516129032
2019-09-10,Oran,LAI,Lai,0.29677419354838713
2019-09-10,TzM,LAI,Lai,0.4045161290322581
2019-09-14,Oran,LAI,Fpar,0.21177419354838709
2019-09-14,TzM,LAI,Fpar,0.18948387096774194
2019-09-14,Oran,LAI,Lai,0.33225806451612905
2019-09-14,TzM,LAI,Lai,0.2941935483870968
2019-09-18,Oran,LAI,Fpar,0.2079032258064516
2019-09-18,TzM,LAI,Fpar,0.2805806451612904
2019-09-18,Oran,LAI,Lai,0.30000000000000004
2019-09-18,TzM,LAI,Lai,0.4058064516129033
2019-09-22,Oran,LAI,Fpar,0.2640322580645161
2019-09-22,TzM,LAI,Fpar,0.3090967741935484
2019-09-22,Oran,LAI,Lai,0.4790322580645161
2019-09-22,TzM,LAI,Lai,0.5
2019-09-26,Oran,LAI,Fpar,0.2690322580645161
2019-09-26,TzM,LAI,Fpar,0.2818709677419355
2019-09-26,Oran,LAI,Lai,0.49354838709677423
2019-09-26,TzM,LAI,Lai,0.4212903225806452
2019-09-30,Oran,LAI,Fpar,0.25645161290322577
2019-09-30,TzM,LAI,Fpar,0.3176774193548388
2019-09-30,Oran,LAI,Lai,0.4467741935483871
2019-09-30,TzM,LAI,Lai,0.5
2019-10-04,Oran,LAI,Fpar,0.2558064516129032
2019-10-04,TzM,LAI,Fpar,0.2658064516129032
2019-10-04,Oran,LAI,Lai,0.46129032258064523
2019-10-04,TzM,LAI,Lai,0.36645161290322587
2019-10-08,Oran,LAI,Fpar,0.2787096774193549
2019-10-08,TzM,LAI,Fpar,0.2870967741935484
2019-10-08,Oran,LAI,Lai,0.49354838709677423
2019-10-08,TzM,LAI,Lai,0.4212903225806452
2019-10-12,Oran,LAI,Fpar,0.30241935483870974
2019-10-12,TzM,LAI,Fpar,0.3305161290322581
2019-10-12,Oran,LAI,Lai,0.3822580645161291
2019-10-12,TzM,LAI,Lai,0.4329032258064516
2019-10-16,Oran,LAI,Fpar,0.2575806451612903
2019-10-16,TzM,LAI,Fpar,0.2553548387096774
2019-10-16,Oran,LAI,Lai,0.4790322580645161
2019-10-16,TzM,LAI,Lai,0.367741935483871
2019-10-20,Oran,LAI,Fpar,0.2517741935483871
2019-10-20,TzM,LAI,Fpar,0.24006451612903226
2019-10-20,Oran,LAI,Lai,0.4145161290322581
2019-10-20,TzM,LAI,Lai,0.36645161290322587
2019-10-24,Oran,LAI,Fpar,0.3046774193548387
2019-10-24,TzM,LAI,Fpar,0.30038709677419356
2019-10-24,Oran,LAI,Lai,0.3967741935483871
2019-10-24,TzM,LAI,Lai,0.30000000000000004
2019-10-28,Oran,LAI,Fpar,0.2685483870967742
2019-10-28,TzM,LAI,Fpar,0.2891612903225807
2019-10-28,Oran,LAI,Lai,0.31451612903225806
2019-10-28,TzM,LAI,Lai,0.30000000000000004
2019-11-01,Oran,LAI,Fpar,0.34193548387096767
2019-11-01,TzM,LAI,Fpar,0.09941935483870967
2019-11-01,Oran,LAI,Lai,0.5193548387096775
2019-11-01,TzM,LAI,Lai,0.1
2019-11-05,Oran,LAI,Fpar,0.26532258064516134
2019-11-05,TzM,LAI,Fpar,0.22883870967741932
2019-11-05,Oran,LAI,Lai,0.31451612903225806
2019-11-05,TzM,LAI,Lai,0.30000000000000004
2019-11-09,Oran,LAI,Fpar,0.3469354838709677
2019-11-09,TzM,LAI,Fpar,0.23387096774193544
2019-11-09,Oran,LAI,Lai,0.49354838709677423
2019-11-09,TzM,LAI,Lai,0.2858064516129033
2019-11-13,Oran,LAI,Fpar,0.3569354838709677
2019-11-13,TzM,LAI,Fpar,0.269225806451613
2019-11-13,Oran,LAI,Lai,0.49354838709677423
2019-11-13,TzM,LAI,Lai,0.2916129032258065
2019-11-17,Oran,LAI,Fpar,0.2864516129032258
2019-11-17,TzM,LAI,Fpar,0.2834193548387097
2019-11-17,Oran,LAI,Lai,0.3467741935483871
2019-11-17,TzM,LAI,Lai,0.30000000000000004
2019-11-21,Oran,LAI,Fpar,0.2709677419354839
2019-11-21,TzM,LAI,Fpar,0.13012903225806452
2019-11-21,Oran,LAI,Lai,0.30000000000000004
2019-11-21,TzM,LAI,Lai,0.1535483870967742
2019-11-25,Oran,LAI,Fpar,0.2769354838709678
2019-11-25,TzM,LAI,Fpar,0.040193548387096795
2019-11-25,Oran,LAI,Lai,0.32903225806451614
2019-11-25,TzM,LAI,Lai,0.1
2019-11-29,Oran,LAI,Fpar,0.2906451612903226
2019-11-29,TzM,LAI,Fpar,0.1945161290322581
2019-11-29,Oran,LAI,Lai,0.33225806451612905
2019-11-29,TzM,LAI,Lai,0.20580645161290323
2019-12-03,Oran,LAI,Fpar,0.06080645161290322
2019-12-03,TzM,LAI,Fpar,0.1023225806451613
2019-12-03,Oran,LAI,Lai,0.1
2019-12-03,TzM,LAI,Lai,0.10580645161290324
2019-12-07,Oran,LAI,Fpar,0.29354838709677417
2019-12-07,TzM,LAI,Fpar,0.2561935483870968
2019-12-07,Oran,LAI,Lai,0.36774193548387096
2019-12-07,TzM,LAI,Lai,0.2941935483870968
2019-12-11,Oran,LAI,Fpar,0.20677419354838708
2019-12-11,TzM,LAI,Fpar,0.1046451612903226
2019-12-11,Oran,LAI,Lai,0.28225806451612906
2019-12-11,TzM,LAI,Lai,0.10580645161290324
2019-12-15,Oran,LAI,Fpar,0.2709677419354839
2019-12-15,TzM,LAI,Fpar,0.2112903225806452
2019-12-15,Oran,LAI,Lai,0.30000000000000004
2019-12-15,TzM,LAI,Lai,0.2606451612903226
2019-12-19,Oran,LAI,Fpar,0.31645161290322577
2019-12-19,TzM,LAI,Fpar,0.17141935483870968
2019-12-19,Oran,LAI,Lai,0.3967741935483871
2019-12-19,TzM,LAI,Lai,0.2
2019-12-23,Oran,LAI,Fpar,0.29677419354838713
2019-12-23,TzM,LAI,Fpar,0.22748387096774195
2019-12-23,Oran,LAI,Lai,0.3645161290322581
2019-12-23,TzM,LAI,Lai,0.2916129032258065
2019-12-27,Oran,LAI,Fpar,0.3137096774193549
2019-12-27,TzM,LAI,Fpar,0.2181935483870968
2019-12-27,Oran,LAI,Lai,0.3935483870967742
2019-12-27,TzM,LAI,Lai,0.2606451612903226
2019-12-31,Oran,LAI,Fpar,0.35112903225806447
2019-12-31,TzM,LAI,Fpar,0.23458064516129032
2019-12-31,Oran,LAI,Lai,0.4467741935483872
2019-12-31,TzM,LAI,Lai,0.2858064516129033
2020-01-01,Oran,LAI,Fpar,0.35112903225806447
2020-01-01,TzM,LAI,Fpar,0.23458064516129032
2020-01-01,Oran,LAI,Lai,0.4467741935483872
2020-01-01,TzM,LAI,Lai,0.2858064516129033
2020-01-05,Oran,LAI,Fpar,0.3037096774193549
2020-01-05,TzM,LAI,Fpar,0.18690322580645158
2020-01-05,Oran,LAI,Lai,0.3935483870967742
2020-01-05,TzM,LAI,Lai,0.2
2020-01-09,Oran,LAI,Fpar,0.2806451612903226
2020-01-09,TzM,LAI,Fpar,0.23322580645161292
2020-01-09,Oran,LAI,Lai,0.30000000000000004
2020-01-09,TzM,LAI,Lai,0.2916129032258065
2020-01-13,Oran,LAI,Fpar,0.2938709677419355
2020-01-13,TzM,LAI,Fpar,0.2060645161290323
2020-01-13,Oran,LAI,Lai,0.33225806451612905
2020-01-13,TzM,LAI,Lai,0.20580645161290323
2020-01-17,Oran,LAI,Fpar,0.31290322580645163
2020-01-17,TzM,LAI,Fpar,0.15496774193548388
2020-01-17,Oran,LAI,Lai,0.3967741935483871
2020-01-17,TzM,LAI,Lai,0.19161290322580646
2020-01-21,Oran,LAI,Fpar,0.3301612903225806
2020-01-21,TzM,LAI,Fpar,0.08393548387096775
2020-01-21,Oran,LAI,Lai,0.44354838709677424
2020-01-21,TzM,LAI,Lai,0.1
2020-01-25,Oran,LAI,Fpar,0.2809677419354839
2020-01-25,TzM,LAI,Fpar,0.09941935483870967
2020-01-25,Oran,LAI,Lai,0.33225806451612905
2020-01-25,TzM,LAI,Lai,0.1
2020-01-29,Oran,LAI,Fpar,0.3820967741935483
2020-01-29,TzM,LAI,Fpar,0.24251612903225808
2020-01-29,Oran,LAI,Lai,0.5580645161290323
2020-01-29,TzM,LAI,Lai,0.48516129032258076
2020-02-02,Oran,LAI,Fpar,0.4169354838709678
2020-02-02,TzM,LAI,Fpar,0.2708387096774193
2020-02-02,Oran,LAI,Lai,0.6290322580645161
2020-02-02,TzM,LAI,Lai,0.26903225806451614
2020-02-06,Oran,LAI,Fpar,0.37903225806451607
2020-02-06,TzM,LAI,Fpar,0.21290322580645163
2020-02-06,Oran,LAI,Lai,0.5467741935483871
2020-02-06,TzM,LAI,Lai,0.2548387096774194
2020-02-10,Oran,LAI,Fpar,0.4567741935483871
2020-02-10,TzM,LAI,Fpar,0.28780645161290325
2020-02-10,Oran,LAI,Lai,0.6758064516129032
2020-02-10,TzM,LAI,Lai,0.2916129032258065
2020-02-14,Oran,LAI,Fpar,0.5180645161290321
2020-02-14,TzM,LAI,Fpar,0.27264516129032257
2020-02-14,Oran,LAI,Lai,0.7935483870967741
2020-02-14,TzM,LAI,Lai,0.27483870967741936
2020-02-18,Oran,LAI,Fpar,0.5791935483870968
2020-02-18,TzM,LAI,Fpar,0.3069677419354839
2020-02-18,Oran,LAI,Lai,0.9903225806451612
2020-02-18,TzM,LAI,Lai,0.30580645161290326
2020-02-22,Oran,LAI,Fpar,0.5448387096774194
2020-02-22,TzM,LAI,Fpar,0.2776129032258064
2020-02-22,Oran,LAI,Lai,0.9516129032258065
2020-02-22,TzM,LAI,Lai,0.31161290322580654
2020-02-26,Oran,LAI,Fpar,0.5103225806451613
2020-02-26,TzM,LAI,Fpar,0.27490322580645166
2020-02-26,Oran,LAI,Lai,1.0000000000000002
2020-02-26,TzM,LAI,Lai,0.36645161290322587
2020-03-01,Oran,LAI,Fpar,0.1103225806451613
2020-03-01,TzM,LAI,Fpar,0.16200000000000003
2020-03-01,Oran,LAI,Lai,0.15000000000000002
2020-03-01,TzM,LAI,Lai,0.21677419354838712
2020-03-05,Oran,LAI,Fpar,0.528225806451613
2020-03-05,TzM,LAI,Fpar,0.2372258064516129
2020-03-05,Oran,LAI,Lai,1.1790322580645163
2020-03-05,TzM,LAI,Lai,0.30580645161290326
2020-03-09,Oran,LAI,Fpar,0.515483870967742
2020-03-09,TzM,LAI,Fpar,0.31651612903225806
2020-03-09,Oran,LAI,Lai,1.0903225806451613
2020-03-09,TzM,LAI,Lai,0.49419354838709684
2020-03-13,Oran,LAI,Fpar,0.3654838709677419
2020-03-13,TzM,LAI,Fpar,0.29322580645161295
2020-03-13,Oran,LAI,Lai,0.6612903225806452
2020-03-13,TzM,LAI,Lai,0.4296774193548387
2020-03-17,Oran,LAI,Fpar,0.14774193548387096
2020-03-17,TzM,LAI,Fpar,0.16193548387096776
2020-03-17,Oran,LAI,Lai,0.1967741935483871
2020-03-17,TzM,LAI,Lai,0.27483870967741936
2020-03-21,Oran,LAI,Fpar,0.11596774193548387
2020-03-21,TzM,LAI,Fpar,0.020580645161290323
2020-03-21,Oran,LAI,Lai,0.2435483870967742
2020-03-21,TzM,LAI,Lai,0.00580645161290322
2020-03-25,Oran,LAI,Fpar,0.5770967741935484
2020-03-25,TzM,LAI,Fpar,0.3197419354838709
2020-03-25,Oran,LAI,Lai,1.3338709677419356
2020-03-25,TzM,LAI,Lai,0.5058064516129032
2020-03-29,Oran,LAI,Fpar,0.5879032258064517
2020-03-29,TzM,LAI,Fpar,0.3321290322580645
2020-03-29,Oran,LAI,Lai,1.7532258064516129
2020-03-29,TzM,LAI,Lai,0.6058064516129034
2020-04-02,Oran,LAI,Fpar,0.6437096774193549
2020-04-02,TzM,LAI,Fpar,0.3752903225806452
2020-04-02,Oran,LAI,Lai,1.8887096774193548
2020-04-02,TzM,LAI,Lai,0.7083870967741936
2020-04-06,Oran,LAI,Fpar,0.6453225806451613
2020-04-06,TzM,LAI,Fpar,0.38354838709677425
2020-04-06,Oran,LAI,Lai,1.990322580645161
2020-04-06,TzM,LAI,Lai,0.810967741935484
2020-04-10,Oran,LAI,Fpar,0.6587096774193549
2020-04-10,TzM,LAI,Fpar,0.3439354838709678
2020-04-10,Oran,LAI,Lai,1.937096774193548
2020-04-10,TzM,LAI,Lai,0.6141935483870968
2020-04-14,Oran,LAI,Fpar,0.4570967741935483
2020-04-14,TzM,LAI,Fpar,0.2472258064516129
2020-04-14,Oran,LAI,Lai,1.9000000000000001
2020-04-14,TzM,LAI,Lai,0.4206451612903226
2020-04-18,Oran,LAI,Fpar,0.6851612903225807
2020-04-18,TzM,LAI,Fpar,0.297483870967742
2020-04-18,Oran,LAI,Lai,2.1951612903225803
2020-04-18,TzM,LAI,Lai,0.5058064516129032
2020-04-22,Oran,LAI,Fpar,0.6735483870967741
2020-04-22,TzM,LAI,Fpar,0.3121935483870968
2020-04-22,Oran,LAI,Lai,2.303225806451613
2020-04-22,TzM,LAI,Lai,0.5270967741935485
2020-04-26,Oran,LAI,Fpar,0.7637096774193549
2020-04-26,TzM,LAI,Fpar,0.34251612903225814
2020-04-26,Oran,LAI,Lai,3.425806451612903
2020-04-26,TzM,LAI,Lai,0.7483870967741937
2020-04-30,Oran,LAI,Fpar,0.7111290322580645
2020-04-30,TzM,LAI,Fpar,0.3757419354838709
2020-04-30,Oran,LAI,Lai,2.4145161290322585
2020-04-30,TzM,LAI,Lai,0.7296774193548389
2020-05-04,Oran,LAI,Fpar,0.3880645161290322
2020-05-04,TzM,LAI,Fpar,0.2504516129032259
2020-05-04,Oran,LAI,Lai,0.9903225806451612
2020-05-04,TzM,LAI,Lai,0.49419354838709684
2020-05-08,Oran,LAI,Fpar,0.6587096774193549
2020-05-08,TzM,LAI,Fpar,0.337741935483871
2020-05-08,Oran,LAI,Lai,2.0870967741935487
2020-05-08,TzM,LAI,Lai,0.6451612903225808
2020-05-12,Oran,LAI,Fpar,0.2712903225806452
2020-05-12,TzM,LAI,Fpar,0.056838709677419365
2020-05-12,Oran,LAI,Lai,0.6258064516129033
2020-05-12,TzM,LAI,Lai,0.11419354838709682
2020-05-16,Oran,LAI,Fpar,0.6230645161290321
2020-05-16,TzM,LAI,Fpar,0.38929032258064533
2020-05-16,Oran,LAI,Lai,1.8290322580645164
2020-05-16,TzM,LAI,Lai,0.7393548387096776
2020-05-20,Oran,LAI,Fpar,0.6235483870967742
2020-05-20,TzM,LAI,Fpar,0.35361290322580646
2020-05-20,Oran,LAI,Lai,1.898387096774193
2020-05-20,TzM,LAI,Lai,0.6380645161290324
2020-05-24,Oran,LAI,Fpar,0.5466129032258065
2020-05-24,TzM,LAI,Fpar,0.2576774193548388
2020-05-24,Oran,LAI,Lai,1.5016129032258065
2020-05-24,TzM,LAI,Lai,0.5
2020-05-28,Oran,LAI,Fpar,0.49177419354838714
2020-05-28,TzM,LAI,Fpar,0.24967741935483873
2020-05-28,Oran,LAI,Lai,1.161290322580645
2020-05-28,TzM,LAI,Lai,0.5
2020-06-01,Oran,LAI,Fpar,0.36161290322580647
2020-06-01,TzM,LAI,Fpar,0.2683870967741936
2020-06-01,Oran,LAI,Lai,0.9258064516129032
2020-06-01,TzM,LAI,Lai,0.5116129032258064
2020-06-05,Oran,LAI,Fpar,0.3203225806451613
2020-06-05,TzM,LAI,Fpar,0.27722580645161293
2020-06-05,Oran,LAI,Lai,0.6967741935483872
2020-06-05,TzM,LAI,Lai,0.5058064516129032
2020-06-09,Oran,LAI,Fpar,0.2908064516129032
2020-06-09,TzM,LAI,Fpar,0.25277419354838715
2020-06-09,Oran,LAI,Lai,0.6112903225806452
2020-06-09,TzM,LAI,Lai,0.5
2020-06-13,Oran,LAI,Fpar,0.26822580645161287
2020-06-13,TzM,LAI,Fpar,0.2472903225806452
2020-06-13,Oran,LAI,Lai,0.5967741935483871
2020-06-13,TzM,LAI,Lai,0.4451612903225807
2020-06-17,Oran,LAI,Fpar,0.2062903225806452
2020-06-17,TzM,LAI,Fpar,0.29187096774193555
2020-06-17,Oran,LAI,Lai,0.385483870967742
2020-06-17,TzM,LAI,Lai,0.5548387096774193
2020-06-21,Oran,LAI,Fpar,0.19532258064516128
2020-06-21,TzM,LAI,Fpar,0.23154838709677422
2020-06-21,Oran,LAI,Lai,0.3822580645161291
2020-06-21,TzM,LAI,Lai,0.4606451612903226
2020-06-25,Oran,LAI,Fpar,0.18258064516129033
2020-06-25,TzM,LAI,Fpar,0.2827096774193549
2020-06-25,Oran,LAI,Lai,0.33225806451612905
2020-06-25,TzM,LAI,Lai,0.5451612903225808
2020-06-29,Oran,LAI,Fpar,0.17758064516129032
2020-06-29,TzM,LAI,Fpar,0.2518064516129032
2020-06-29,Oran,LAI,Lai,0.3500000000000001
2020-06-29,TzM,LAI,Lai,0.4761290322580646
2020-07-03,Oran,LAI,Fpar,0.1643548387096774
2020-07-03,TzM,LAI,Fpar,0.26032258064516134
2020-07-03,Oran,LAI,Lai,0.30000000000000004
2020-07-03,TzM,LAI,Lai,0.5058064516129032
2020-07-07,Oran,LAI,Fpar,0.1914516129032258
2020-07-07,TzM,LAI,Fpar,0.2636129032258065
2020-07-07,Oran,LAI,Lai,0.3822580645161291
2020-07-07,TzM,LAI,Lai,0.5
2020-07-11,Oran,LAI,Fpar,0.2658064516129032
2020-07-11,TzM,LAI,Fpar,0.2676129032258065
2020-07-11,Oran,LAI,Lai,0.5967741935483871
2020-07-11,TzM,LAI,Lai,0.49677419354838714
2020-07-15,Oran,LAI,Fpar,0.2056451612903226
2020-07-15,TzM,LAI,Fpar,0.2506451612903226
2020-07-15,Oran,LAI,Lai,0.36774193548387096
2020-07-15,TzM,LAI,Lai,0.4774193548387096
2020-07-19,Oran,LAI,Fpar,0.18370967741935482
2020-07-19,TzM,LAI,Fpar,0.2709032258064517
2020-07-19,Oran,LAI,Lai,0.33225806451612905
2020-07-19,TzM,LAI,Lai,0.5058064516129032
2020-07-23,Oran,LAI,Fpar,0.18032258064516132
2020-07-23,TzM,LAI,Fpar,0.2688387096774194
2020-07-23,Oran,LAI,Lai,0.31451612903225806
2020-07-23,TzM,LAI,Lai,0.5
2020-07-27,Oran,LAI,Fpar,0.16951612903225804
2020-07-27,TzM,LAI,Fpar,0.27825806451612906
2020-07-27,Oran,LAI,Lai,0.30000000000000004
2020-07-27,TzM,LAI,Lai,0.5
2020-07-31,Oran,LAI,Fpar,0.22258064516129028
2020-07-31,TzM,LAI,Fpar,0.25890322580645164
2020-07-31,Oran,LAI,Lai,0.4290322580645162
2020-07-31,TzM,LAI,Lai,0.43935483870967745
2020-08-04,Oran,LAI,Fpar,0.192741935483871
2020-08-04,TzM,LAI,Fpar,0.26645161290322583
2020-08-04,Oran,LAI,Lai,0.3612903225806452
2020-08-04,TzM,LAI,Lai,0.4451612903225807
2020-08-08,Oran,LAI,Fpar,0.15935483870967743
2020-08-08,TzM,LAI,Fpar,0.27025806451612905
2020-08-08,Oran,LAI,Lai,0.29677419354838713
2020-08-08,TzM,LAI,Lai,0.49161290322580653
2020-08-12,Oran,LAI,Fpar,0.20935483870967742
2020-08-12,TzM,LAI,Fpar,0.27825806451612906
2020-08-12,Oran,LAI,Lai,0.3645161290322581
2020-08-12,TzM,LAI,Lai,0.5
2020-08-16,Oran,LAI,Fpar,0.16419354838709677
2020-08-16,TzM,LAI,Fpar,0.17690322580645165
2020-08-16,Oran,LAI,Lai,0.30000000000000004
2020-08-16,TzM,LAI,Lai,0.30000000000000004
2020-08-20,Oran,LAI,Fpar,0.15532258064516127
2020-08-20,TzM,LAI,Fpar,0.2463225806451613
2020-08-20,Oran,LAI,Lai,0.30000000000000004
2020-08-20,TzM,LAI,Lai,0.4451612903225807
2020-08-24,Oran,LAI,Fpar,0.1840322580645161
2020-08-24,TzM,LAI,Fpar,0.2771612903225807
2020-08-24,Oran,LAI,Lai,0.33870967741935487
2020-08-24,TzM,LAI,Lai,0.49161290322580653
2020-08-28,Oran,LAI,Fpar,0.16580645161290325
2020-08-28,TzM,LAI,Fpar,0.3143225806451613
2020-08-28,Oran,LAI,Lai,0.30000000000000004
2020-08-28,TzM,LAI,Lai,0.5780645161290323
2020-09-01,Oran,LAI,Fpar,0.16161290322580643
2020-09-01,TzM,LAI,Fpar,0.2581935483870968
2020-09-01,Oran,LAI,Lai,0.23548387096774193
2020-09-01,TzM,LAI,Lai,0.43354838709677423
2020-09-05,Oran,LAI,Fpar,0.17806451612903224
2020-09-05,TzM,LAI,Fpar,0.27219354838709686
2020-09-05,Oran,LAI,Lai,0.30000000000000004
2020-09-05,TzM,LAI,Lai,0.5
2020-09-09,Oran,LAI,Fpar,0.1835483870967742
2020-09-09,TzM,LAI,Fpar,0.2563225806451613
2020-09-09,Oran,LAI,Lai,0.30000000000000004
2020-09-09,TzM,LAI,Lai,0.3509677419354839
2020-09-13,Oran,LAI,Fpar,0.21887096774193548
2020-09-13,TzM,LAI,Fpar,0.2752258064516129
2020-09-13,Oran,LAI,Lai,0.3645161290322581
2020-09-13,TzM,LAI,Lai,0.3787096774193549
2020-09-17,Oran,LAI,Fpar,0.22096774193548388
2020-09-17,TzM,LAI,Fpar,0.27348387096774196
2020-09-17,Oran,LAI,Lai,0.30000000000000004
2020-09-17,TzM,LAI,Lai,0.3787096774193549
2020-09-21,Oran,LAI,Fpar,0.15967741935483873
2020-09-21,TzM,LAI,Fpar,0.18535483870967742
2020-09-21,Oran,LAI,Lai,0.26774193548387093
2020-09-21,TzM,LAI,Lai,0.2367741935483871
2020-09-25,Oran,LAI,Fpar,0.2033870967741936
2020-09-25,TzM,LAI,Fpar,0.2743870967741936
2020-09-25,Oran,LAI,Lai,0.31451612903225806
2020-09-25,TzM,LAI,Lai,0.39032258064516134
2020-09-29,Oran,LAI,Fpar,0.1693548387096774
2020-09-29,TzM,LAI,Fpar,0.1949677419354839
2020-09-29,Oran,LAI,Lai,0.30000000000000004
2020-09-29,TzM,LAI,Lai,0.2941935483870968
2020-10-03,Oran,LAI,Fpar,0.17064516129032256
2020-10-03,TzM,LAI,Fpar,0.24535483870967745
2020-10-03,Oran,LAI,Lai,0.30000000000000004
2020-10-03,TzM,LAI,Lai,0.30000000000000004
2020-10-07,Oran,LAI,Fpar,0.18225806451612905
2020-10-07,TzM,LAI,Fpar,0.23935483870967741
2020-10-07,Oran,LAI,Lai,0.30000000000000004
2020-10-07,TzM,LAI,Lai,0.36193548387096786
2020-10-11,Oran,LAI,Fpar,0.15725806451612903
2020-10-11,TzM,LAI,Fpar,0.22903225806451616
2020-10-11,Oran,LAI,Lai,0.30000000000000004
2020-10-11,TzM,LAI,Lai,0.32258064516129037
2020-10-15,Oran,LAI,Fpar,0.1862903225806452
2020-10-15,TzM,LAI,Fpar,0.2023225806451613
2020-10-15,Oran,LAI,Lai,0.2177419354838709
2020-10-15,TzM,LAI,Lai,0.3083870967741936
2020-10-19,Oran,LAI,Fpar,0.17741935483870966
2020-10-19,TzM,LAI,Fpar,0.21135483870967745
2020-10-19,Oran,LAI,Lai,0.1967741935483871
2020-10-19,TzM,LAI,Lai,0.20838709677419362
2020-10-23,Oran,LAI,Fpar,0.1579032258064516
2020-10-23,TzM,LAI,Fpar,0.3131612903225806
2020-10-23,Oran,LAI,Lai,0.2645161290322581
2020-10-23,TzM,LAI,Lai,0.3341935483870968
2020-10-27,Oran,LAI,Fpar,0.17338709677419353
2020-10-27,TzM,LAI,Fpar,0.2546451612903226
2020-10-27,Oran,LAI,Lai,0.2
2020-10-27,TzM,LAI,Lai,0.2941935483870968
2020-10-31,Oran,LAI,Fpar,0.19387096774193546
2020-10-31,TzM,LAI,Fpar,0.22754838709677427
2020-10-31,Oran,LAI,Lai,0.2790322580645161
2020-10-31,TzM,LAI,Lai,0.2941935483870968
2020-11-04,Oran,LAI,Fpar,0.17419354838709677
2020-11-04,TzM,LAI,Fpar,0.197741935483871
2020-11-04,Oran,LAI,Lai,0.2290322580645161
2020-11-04,TzM,LAI,Lai,0.22258064516129036
2020-11-08,Oran,LAI,Fpar,0.10580645161290322
2020-11-08,TzM,LAI,Fpar,0.21096774193548393
2020-11-08,Oran,LAI,Lai,0.1467741935483871
2020-11-08,TzM,LAI,Lai,0.2606451612903226
2020-11-12,Oran,LAI,Fpar,0.2880645161290323
2020-11-12,TzM,LAI,Fpar,0.1378064516129032
2020-11-12,Oran,LAI,Lai,0.47258064516129034
2020-11-12,TzM,LAI,Lai,0.19161290322580646
2020-11-16,Oran,LAI,Fpar,0.16774193548387095
2020-11-16,TzM,LAI,Fpar,0.18238709677419354
2020-11-16,Oran,LAI,Lai,0.1967741935483871
2020-11-16,TzM,LAI,Lai,0.2
2020-11-20,Oran,LAI,Fpar,0.15370967741935482
2020-11-20,TzM,LAI,Fpar,0.19580645161290325
2020-11-20,Oran,LAI,Lai,0.1967741935483871
2020-11-20,TzM,LAI,Lai,0.20580645161290323
2020-11-24,Oran,LAI,Fpar,0.14629032258064517
2020-11-24,TzM,LAI,Fpar,0.1029032258064516
2020-11-24,Oran,LAI,Lai,0.1967741935483871
2020-11-24,TzM,LAI,Lai,0.10580645161290324
2020-11-28,Oran,LAI,Fpar,0.11693548387096772
2020-11-28,TzM,LAI,Fpar,0.20561290322580644
2020-11-28,Oran,LAI,Lai,0.16451612903225804
2020-11-28,TzM,LAI,Lai,0.23096774193548386
2020-12-02,Oran,LAI,Fpar,0.16629032258064516
2020-12-02,TzM,LAI,Fpar,0.1927741935483871
2020-12-02,Oran,LAI,Lai,0.1967741935483871
2020-12-02,TzM,LAI,Lai,0.1974193548387097
2020-12-06,Oran,LAI,Fpar,0.1919354838709677
2020-12-06,TzM,LAI,Fpar,0.18987096774193543
2020-12-06,Oran,LAI,Lai,0.24677419354838712
2020-12-06,TzM,LAI,Lai,0.19161290322580646
2020-12-10,Oran,LAI,Fpar,0.17209677419354838
2020-12-10,TzM,LAI,Fpar,0.15703225806451612
2020-12-10,Oran,LAI,Lai,0.21129032258064517
2020-12-10,TzM,LAI,Lai,0.20838709677419362
2020-12-14,Oran,LAI,Fpar,0.17209677419354838
2020-12-14,TzM,LAI,Fpar,0.16006451612903227
2020-12-14,Oran,LAI,Lai,0.21129032258064517
2020-12-14,TzM,LAI,Lai,0.16064516129032258
2020-12-18,Oran,LAI,Fpar,0.18064516129032257
2020-12-18,TzM,LAI,Fpar,0.19961290322580647
2020-12-18,Oran,LAI,Lai,0.1967741935483871
2020-12-18,TzM,LAI,Lai,0.19161290322580646
2020-12-22,Oran,LAI,Fpar,0.25048387096774194
2020-12-22,TzM,LAI,Fpar,0.16006451612903227
2020-12-22,Oran,LAI,Lai,0.2935483870967741
2020-12-22,TzM,LAI,Lai,0.16064516129032258
2020-12-26,Oran,LAI,Fpar,0.17209677419354838
2020-12-26,TzM,LAI,Fpar,0.1326451612903226
2020-12-26,Oran,LAI,Lai,0.21129032258064517
2020-12-26,TzM,LAI,Lai,0.16064516129032258
2020-12-30,Oran,LAI,Fpar,0.15064516129032257
2020-12-30,TzM,LAI,Fpar,0.15419354838709676
2020-12-30,Oran,LAI,Lai,0.1967741935483871
2020-12-30,TzM,LAI,Lai,0.1974193548387097
2021-01-01,Oran,LAI,Fpar,0.17887096774193548
2021-01-01,TzM,LAI,Fpar,0.1655483870967742
2021-01-01,Oran,LAI,Lai,0.1967741935483871
2021-01-01,TzM,LAI,Lai,0.16064516129032258
2021-01-05,Oran,LAI,Fpar,0.19322580645161289
2021-01-05,TzM,LAI,Fpar,0.1649677419354839
2021-01-05,Oran,LAI,Lai,0.26129032258064516
2021-01-05,TzM,LAI,Lai,0.16064516129032258
2021-01-09,Oran,LAI,Fpar,0.0
2021-01-09,TzM,LAI,Fpar,0.0
2021-01-09,Oran,LAI,Lai,0.0
2021-01-09,TzM,LAI,Lai,0.0
2021-01-13,Oran,LAI,Fpar,0.0
2021-01-13,TzM,LAI,Fpar,0.0
2021-01-13,Oran,LAI,Lai,0.0
2021-01-13,TzM,LAI,Lai,0.0
2021-01-17,Oran,LAI,Fpar,0.09032258064516129
2021-01-17,TzM,LAI,Fpar,0.0
2021-01-17,Oran,LAI,Lai,0.1
2021-01-17,TzM,LAI,Lai,0.0
2021-01-21,Oran,LAI,Fpar,0.15741935483870967
2021-01-21,TzM,LAI,Fpar,0.09941935483870967
2021-01-21,Oran,LAI,Lai,0.1967741935483871
2021-01-21,TzM,LAI,Lai,0.1
2021-01-25,Oran,LAI,Fpar,0.19241935483870964
2021-01-25,TzM,LAI,Fpar,0.18200000000000002
2021-01-25,Oran,LAI,Lai,0.2790322580645161
2021-01-25,TzM,LAI,Lai,0.21548387096774202
2021-01-29,Oran,LAI,Fpar,0.2046774193548387
2021-01-29,TzM,LAI,Fpar,0.18000000000000005
2021-01-29,Oran,LAI,Lai,0.2935483870967741
2021-01-29,TzM,LAI,Lai,0.2
2021-02-02,Oran,LAI,Fpar,0.2167741935483871
2021-02-02,TzM,LAI,Fpar,0.10522580645161293
2021-02-02,Oran,LAI,Lai,0.29677419354838713
2021-02-02,TzM,LAI,Lai,0.10580645161290324
2021-02-06,Oran,LAI,Fpar,0.2761290322580645
2021-02-06,TzM,LAI,Fpar,0.19941935483870968
2021-02-06,Oran,LAI,Lai,0.32903225806451614
2021-02-06,TzM,LAI,Lai,0.2
2021-02-10,Oran,LAI,Fpar,0.1808064516129032
2021-02-10,TzM,LAI,Fpar,0.13825806451612904
2021-02-10,Oran,LAI,Lai,0.21129032258064517
2021-02-10,TzM,LAI,Lai,0.17483870967741932
2021-02-14,Oran,LAI,Fpar,0.22983870967741937
2021-02-14,TzM,LAI,Fpar,0.2105806451612904
2021-02-14,Oran,LAI,Lai,0.2645161290322581
2021-02-14,TzM,LAI,Lai,0.20580645161290323
2021-02-18,Oran,LAI,Fpar,0.2183870967741936
2021-02-18,TzM,LAI,Fpar,0.17554838709677423
2021-02-18,Oran,LAI,Lai,0.29677419354838713
2021-02-18,TzM,LAI,Lai,0.26903225806451614
2021-02-22,Oran,LAI,Fpar,0.26258064516129037
2021-02-22,TzM,LAI,Fpar,0.22361290322580643
2021-02-22,Oran,LAI,Lai,0.4580645161290323
2021-02-22,TzM,LAI,Lai,0.29741935483870974
2021-02-26,Oran,LAI,Fpar,0.2612903225806452
2021-02-26,TzM,LAI,Fpar,0.18058064516129035
2021-02-26,Oran,LAI,Lai,0.30000000000000004
2021-02-26,TzM,LAI,Lai,0.30000000000000004
2021-03-02,Oran,LAI,Fpar,0.21016129032258066
2021-03-02,TzM,LAI,Fpar,0.17587096774193547
2021-03-02,Oran,LAI,Lai,0.3467741935483871
2021-03-02,TzM,LAI,Lai,0.2548387096774194
2021-03-06,Oran,LAI,Fpar,0.190483870967742
2021-03-06,TzM,LAI,Fpar,0.10219354838709677
2021-03-06,Oran,LAI,Lai,0.3419354838709677
2021-03-06,TzM,LAI,Lai,0.16064516129032258
2021-03-10,Oran,LAI,Fpar,0.3741935483870968
2021-03-10,TzM,LAI,Fpar,0.2864516129032258
2021-03-10,Oran,LAI,Lai,0.7080645161290323
2021-03-10,TzM,LAI,Lai,0.4451612903225807
2021-03-14,Oran,LAI,Fpar,0.3703225806451612
2021-03-14,TzM,LAI,Fpar,0.2778709677419355
2021-03-14,Oran,LAI,Lai,0.7016129032258065
2021-03-14,TzM,LAI,Lai,0.39032258064516134
2021-03-18,Oran,LAI,Fpar,0.3695161290322581
2021-03-18,TzM,LAI,Fpar,0.3062580645161291
2021-03-18,Oran,LAI,Lai,0.7080645161290323
2021-03-18,TzM,LAI,Lai,0.45354838709677436
2021-03-22,Oran,LAI,Fpar,0.5111290322580646
2021-03-22,TzM,LAI,Fpar,0.29529032258064514
2021-03-22,Oran,LAI,Lai,1.0838709677419354
2021-03-22,TzM,LAI,Lai,0.40709677419354845
2021-03-26,Oran,LAI,Fpar,0.3398387096774193
2021-03-26,TzM,LAI,Fpar,0.2912258064516129
2021-03-26,Oran,LAI,Lai,0.7112903225806453
2021-03-26,TzM,LAI,Lai,0.4341935483870968
2021-03-30,Oran,LAI,Fpar,0.4124193548387097
2021-03-30,TzM,LAI,Fpar,0.2687096774193549
2021-03-30,Oran,LAI,Lai,0.7693548387096775
2021-03-30,TzM,LAI,Lai,0.4451612903225807
2021-04-03,Oran,LAI,Fpar,0.4879032258064516
2021-04-03,TzM,LAI,Fpar,0.3076774193548388
2021-04-03,Oran,LAI,Lai,1.2629032258064516
2021-04-03,TzM,LAI,Lai,0.5567741935483873
2021-04-07,Oran,LAI,Fpar,0.5458064516129033
2021-04-07,TzM,LAI,Fpar,0.3152258064516129
2021-04-07,Oran,LAI,Lai,1.4193548387096777
2021-04-07,TzM,LAI,Lai,0.567741935483871
2021-04-11,Oran,LAI,Fpar,0.5553225806451613
2021-04-11,TzM,LAI,Fpar,0.3132258064516129
2021-04-11,Oran,LAI,Lai,1.4806451612903224
2021-04-11,TzM,LAI,Lai,0.5845161290322581
2021-04-15,Oran,LAI,Fpar,0.5738709677419356
2021-04-15,TzM,LAI,Fpar,0.34477419354838723
2021-04-15,Oran,LAI,Lai,1.6274193548387097
2021-04-15,TzM,LAI,Lai,0.663225806451613
2021-04-19,Oran,LAI,Fpar,0.7258064516129034
2021-04-19,TzM,LAI,Fpar,0.3752258064516129
2021-04-19,Oran,LAI,Lai,2.4677419354838714
2021-04-19,TzM,LAI,Lai,0.7470967741935485
2021-04-23,Oran,LAI,Fpar,0.2519354838709677
2021-04-23,TzM,LAI,Fpar,0.19658064516129037
2021-04-23,Oran,LAI,Lai,0.5290322580645161
2021-04-23,TzM,LAI,Lai,0.39032258064516134
2021-04-27,Oran,LAI,Fpar,0.5837096774193549
2021-04-27,TzM,LAI,Fpar,0.3085806451612904
2021-04-27,Oran,LAI,Lai,1.7241935483870965
2021-04-27,TzM,LAI,Lai,0.6122580645161291
2021-05-01,Oran,LAI,Fpar,0.21048387096774193
2021-05-01,TzM,LAI,Fpar,0.241483870967742
2021-05-01,Oran,LAI,Lai,0.48548387096774204
2021-05-01,TzM,LAI,Lai,0.4419354838709678
2021-05-05,Oran,LAI,Fpar,0.7290322580645162
2021-05-05,TzM,LAI,Fpar,0.36103225806451616
2021-05-05,Oran,LAI,Lai,2.564516129032258
2021-05-05,TzM,LAI,Lai,0.6690322580645162
2021-05-09,Oran,LAI,Fpar,0.5890322580645161
2021-05-09,TzM,LAI,Fpar,0.2779354838709678
2021-05-09,Oran,LAI,Lai,1.7596774193548386
2021-05-09,TzM,LAI,Lai,0.5058064516129032
2021-05-13,Oran,LAI,Fpar,0.6783870967741935
2021-05-13,TzM,LAI,Fpar,0.302
2021-05-13,Oran,LAI,Lai,2.2806451612903227
2021-05-13,TzM,LAI,Lai,0.5903225806451613
2021-05-17,Oran,LAI,Fpar,0.595
2021-05-17,TzM,LAI,Fpar,0.3467741935483871
2021-05-17,Oran,LAI,Lai,1.8935483870967742
2021-05-17,TzM,LAI,Lai,0.6451612903225808
2021-05-21,Oran,LAI,Fpar,0.4822580645161291
2021-05-21,TzM,LAI,Fpar,0.3286451612903226
2021-05-21,Oran,LAI,Lai,1.3032258064516131
2021-05-21,TzM,LAI,Lai,0.6238709677419356
2021-05-25,Oran,LAI,Fpar,0.49274193548387096
2021-05-25,TzM,LAI,Fpar,0.2707741935483871
2021-05-25,Oran,LAI,Lai,1.267741935483871
2021-05-25,TzM,LAI,Lai,0.547741935483871
2021-05-29,Oran,LAI,Fpar,0.4340322580645162
2021-05-29,TzM,LAI,Fpar,0.27703225806451615
2021-05-29,Oran,LAI,Lai,1.0903225806451613
2021-05-29,TzM,LAI,Lai,0.5225806451612903
2021-06-02,Oran,LAI,Fpar,0.3546774193548387
2021-06-02,TzM,LAI,Fpar,0.2778064516129033
2021-06-02,Oran,LAI,Lai,0.7645161290322582
2021-06-02,TzM,LAI,Lai,0.5225806451612903
2021-06-06,Oran,LAI,Fpar,0.2767741935483871
2021-06-06,TzM,LAI,Fpar,0.2544516129032258
2021-06-06,Oran,LAI,Lai,0.5467741935483871
2021-06-06,TzM,LAI,Lai,0.5083870967741936
2021-06-10,Oran,LAI,Fpar,0.24596774193548387
2021-06-10,TzM,LAI,Fpar,0.24335483870967742
2021-06-10,Oran,LAI,Lai,0.5
2021-06-10,TzM,LAI,Lai,0.4451612903225807
2021-06-14,Oran,LAI,Fpar,0.2519354838709677
2021-06-14,TzM,LAI,Fpar,0.29464516129032253
2021-06-14,Oran,LAI,Lai,0.5000000000000001
2021-06-14,TzM,LAI,Lai,0.5916129032258065
2021-06-18,Oran,LAI,Fpar,0.177258064516129
2021-06-18,TzM,LAI,Fpar,0.24045161290322586
2021-06-18,Oran,LAI,Lai,0.34677419354838707
2021-06-18,TzM,LAI,Lai,0.43354838709677423
2021-06-22,Oran,LAI,Fpar,0.17903225806451611
2021-06-22,TzM,LAI,Fpar,0.2525806451612903
2021-06-22,Oran,LAI,Lai,0.31451612903225806
2021-06-22,TzM,LAI,Lai,0.5058064516129032
2021-06-26,Oran,LAI,Fpar,0.2011290322580645
2021-06-26,TzM,LAI,Fpar,0.2585806451612904
2021-06-26,Oran,LAI,Lai,0.3822580645161291
2021-06-26,TzM,LAI,Lai,0.5
2021-06-30,Oran,LAI,Fpar,0.1714516129032258
2021-06-30,TzM,LAI,Fpar,0.2566451612903226
2021-06-30,Oran,LAI,Lai,0.3822580645161291
2021-06-30,TzM,LAI,Lai,0.5058064516129032
2021-07-04,Oran,LAI,Fpar,0.15435483870967742
2021-07-04,TzM,LAI,Fpar,0.25277419354838715
2021-07-04,Oran,LAI,Lai,0.29677419354838713
2021-07-04,TzM,LAI,Lai,0.5
2021-07-08,Oran,LAI,Fpar,0.17758064516129032
2021-07-08,TzM,LAI,Fpar,0.2608387096774194
2021-07-08,Oran,LAI,Lai,0.33225806451612905
2021-07-08,TzM,LAI,Lai,0.5
2021-07-12,Oran,LAI,Fpar,0.1625806451612903
2021-07-12,TzM,LAI,Fpar,0.26090322580645164
2021-07-12,Oran,LAI,Lai,0.32903225806451614
2021-07-12,TzM,LAI,Lai,0.5058064516129032
2021-07-16,Oran,LAI,Fpar,0.1890322580645161
2021-07-16,TzM,LAI,Fpar,0.24477419354838714
2021-07-16,Oran,LAI,Lai,0.33225806451612905
2021-07-16,TzM,LAI,Lai,0.43677419354838715
2021-07-20,Oran,LAI,Fpar,0.1625806451612903
2021-07-20,TzM,LAI,Fpar,0.2516129032258065
2021-07-20,Oran,LAI,Lai,0.33225806451612905
2021-07-20,TzM,LAI,Lai,0.4509677419354839
2021-07-24,Oran,LAI,Fpar,0.1893548387096774
2021-07-24,TzM,LAI,Fpar,0.28174193548387094
2021-07-24,Oran,LAI,Lai,0.30000000000000004
2021-07-24,TzM,LAI,Lai,0.5058064516129032
2021-07-28,Oran,LAI,Fpar,0.18758064516129033
2021-07-28,TzM,LAI,Fpar,0.2832258064516129
2021-07-28,Oran,LAI,Lai,0.30000000000000004
2021-07-28,TzM,LAI,Lai,0.5116129032258064
2021-08-01,Oran,LAI,Fpar,0.1970967741935484
2021-08-01,TzM,LAI,Fpar,0.2576129032258065
2021-08-01,Oran,LAI,Lai,0.33225806451612905
2021-08-01,TzM,LAI,Lai,0.4296774193548387
2021-08-05,Oran,LAI,Fpar,0.19258064516129028
2021-08-05,TzM,LAI,Fpar,0.2919354838709677
2021-08-05,Oran,LAI,Lai,0.3500000000000001
2021-08-05,TzM,LAI,Lai,0.5116129032258064
2021-08-09,Oran,LAI,Fpar,0.17
2021-08-09,TzM,LAI,Fpar,0.3047096774193548
2021-08-09,Oran,LAI,Lai,0.28225806451612906
2021-08-09,TzM,LAI,Lai,0.5380645161290323
2021-08-13,Oran,LAI,Fpar,0.19870967741935486
2021-08-13,TzM,LAI,Fpar,0.2712903225806452
2021-08-13,Oran,LAI,Lai,0.3967741935483871
2021-08-13,TzM,LAI,Lai,0.4509677419354839
2021-08-17,Oran,LAI,Fpar,0.21741935483870964
2021-08-17,TzM,LAI,Fpar,0.3306451612903226
2021-08-17,Oran,LAI,Lai,0.3822580645161291
2021-08-17,TzM,LAI,Lai,0.5916129032258065
2021-08-21,Oran,LAI,Fpar,0.192258064516129
2021-08-21,TzM,LAI,Fpar,0.37858064516129036
2021-08-21,Oran,LAI,Lai,0.3645161290322581
2021-08-21,TzM,LAI,Lai,0.6858064516129032
2021-08-25,Oran,LAI,Fpar,0.23693548387096777
2021-08-25,TzM,LAI,Fpar,0.3568387096774193
2021-08-25,Oran,LAI,Lai,0.49354838709677423
2021-08-25,TzM,LAI,Lai,0.6464516129032258
2021-08-29,Oran,LAI,Fpar,0.22258064516129028
2021-08-29,TzM,LAI,Fpar,0.2705161290322581
2021-08-29,Oran,LAI,Lai,0.3645161290322581
2021-08-29,TzM,LAI,Lai,0.503225806451613
2021-09-02,Oran,LAI,Fpar,0.2320967741935484
2021-09-02,TzM,LAI,Fpar,0.3807741935483871
2021-09-02,Oran,LAI,Lai,0.4467741935483871
2021-09-02,TzM,LAI,Lai,0.7748387096774194
2021-09-06,Oran,LAI,Fpar,0.21758064516129033
2021-09-06,TzM,LAI,Fpar,0.3483870967741936
2021-09-06,Oran,LAI,Lai,0.4145161290322581
2021-09-06,TzM,LAI,Lai,0.6774193548387097
2021-09-10,Oran,LAI,Fpar,0.2693548387096774
2021-09-10,TzM,LAI,Fpar,0.30987096774193557
2021-09-10,Oran,LAI,Lai,0.46129032258064523
2021-09-10,TzM,LAI,Lai,0.5058064516129032
2021-09-14,Oran,LAI,Fpar,0.2593548387096774
2021-09-14,TzM,LAI,Fpar,0.42941935483870974
2021-09-14,Oran,LAI,Lai,0.44354838709677424
2021-09-14,TzM,LAI,Lai,0.7058064516129033
2021-09-18,Oran,LAI,Fpar,0.2720967741935484
2021-09-18,TzM,LAI,Fpar,0.3506451612903226
2021-09-18,Oran,LAI,Lai,0.43225806451612914
2021-09-18,TzM,LAI,Lai,0.5664516129032259
2021-09-22,Oran,LAI,Fpar,0.11532258064516128
2021-09-22,TzM,LAI,Fpar,0.3434838709677419
2021-09-22,Oran,LAI,Lai,0.18225806451612905
2021-09-22,TzM,LAI,Lai,0.5116129032258064
2021-09-26,Oran,LAI,Fpar,0.2685483870967742
2021-09-26,TzM,LAI,Fpar,0.3375483870967742
2021-09-26,Oran,LAI,Lai,0.482258064516129
2021-09-26,TzM,LAI,Lai,0.5464516129032259
2021-09-30,Oran,LAI,Fpar,0.27741935483870966
2021-09-30,TzM,LAI,Fpar,0.23909677419354838
2021-09-30,Oran,LAI,Lai,0.49677419354838714
2021-09-30,TzM,LAI,Lai,0.2941935483870968
2021-10-04,Oran,LAI,Fpar,0.2590322580645162
2021-10-04,TzM,LAI,Fpar,0.3050322580645161
2021-10-04,Oran,LAI,Lai,0.46129032258064523
2021-10-04,TzM,LAI,Lai,0.4296774193548387
2021-10-08,Oran,LAI,Fpar,0.2709677419354839
2021-10-08,TzM,LAI,Fpar,0.24787096774193557
2021-10-08,Oran,LAI,Lai,0.30000000000000004
2021-10-08,TzM,LAI,Lai,0.34516129032258064
2021-10-12,Oran,LAI,Fpar,0.257258064516129
2021-10-12,TzM,LAI,Fpar,0.31683870967741934
2021-10-12,Oran,LAI,Lai,0.44354838709677424
2021-10-12,TzM,LAI,Lai,0.5
2021-10-16,Oran,LAI,Fpar,0.23935483870967741
2021-10-16,TzM,LAI,Fpar,0.29122580645161295
2021-10-16,Oran,LAI,Lai,0.30000000000000004
2021-10-16,TzM,LAI,Lai,0.4774193548387096
2021-10-20,Oran,LAI,Fpar,0.23225806451612901
2021-10-20,TzM,LAI,Fpar,0.3094193548387097
2021-10-20,Oran,LAI,Lai,0.30000000000000004
2021-10-20,TzM,LAI,Lai,0.30580645161290326
2021-10-24,Oran,LAI,Fpar,0.2532258064516129
2021-10-24,TzM,LAI,Fpar,0.27238709677419354
2021-10-24,Oran,LAI,Lai,0.30000000000000004
2021-10-24,TzM,LAI,Lai,0.30000000000000004
2021-10-28,Oran,LAI,Fpar,0.185
2021-10-28,TzM,LAI,Fpar,0.1826451612903226
2021-10-28,Oran,LAI,Lai,0.2177419354838709
2021-10-28,TzM,LAI,Lai,0.18645161290322587
2021-11-01,Oran,LAI,Fpar,0.26870967741935486
2021-11-01,TzM,LAI,Fpar,0.2785806451612904
2021-11-01,Oran,LAI,Lai,0.30000000000000004
2021-11-01,TzM,LAI,Lai,0.30000000000000004
2021-11-05,Oran,LAI,Fpar,0.2079032258064516
2021-11-05,TzM,LAI,Fpar,0.25916129032258073
2021-11-05,Oran,LAI,Lai,0.29677419354838713
2021-11-05,TzM,LAI,Lai,0.2606451612903226
2021-11-09,Oran,LAI,Fpar,0.19338709677419352
2021-11-09,TzM,LAI,Fpar,0.22870967741935486
2021-11-09,Oran,LAI,Lai,0.24677419354838712
2021-11-09,TzM,LAI,Lai,0.23096774193548386
2021-11-13,Oran,LAI,Fpar,0.25806451612903225
2021-11-13,TzM,LAI,Fpar,0.24212903225806456
2021-11-13,Oran,LAI,Lai,0.29677419354838713
2021-11-13,TzM,LAI,Lai,0.2916129032258065
2021-11-17,Oran,LAI,Fpar,0.22774193548387098
2021-11-17,TzM,LAI,Fpar,0.14535483870967741
2021-11-17,Oran,LAI,Lai,0.29677419354838713
2021-11-17,TzM,LAI,Lai,0.16645161290322583
2021-11-21,Oran,LAI,Fpar,0.2624193548387097
2021-11-21,TzM,LAI,Fpar,0.09941935483870967
2021-11-21,Oran,LAI,Lai,0.29677419354838713
2021-11-21,TzM,LAI,Lai,0.1
2021-11-25,Oran,LAI,Fpar,0.19838709677419353
2021-11-25,TzM,LAI,Fpar,0.1474193548387097
2021-11-25,Oran,LAI,Lai,0.29677419354838713
2021-11-25,TzM,LAI,Lai,0.15935483870967745
2021-11-29,Oran,LAI,Fpar,0.2153225806451613
2021-11-29,TzM,LAI,Fpar,0.22561290322580652
2021-11-29,Oran,LAI,Lai,0.30000000000000004
2021-11-29,TzM,LAI,Lai,0.2606451612903226
2021-12-03,Oran,LAI,Fpar,0.25016129032258067
2021-12-03,TzM,LAI,Fpar,0.1046451612903226
2021-12-03,Oran,LAI,Lai,0.28225806451612906
2021-12-03,TzM,LAI,Lai,0.10580645161290324
2021-12-07,Oran,LAI,Fpar,0.25806451612903225
2021-12-07,TzM,LAI,Fpar,0.16245161290322582
2021-12-07,Oran,LAI,Lai,0.29677419354838713
2021-12-07,TzM,LAI,Lai,0.2
2021-12-11,Oran,LAI,Fpar,0.2270967741935484
2021-12-11,TzM,LAI,Fpar,0.18761290322580648
2021-12-11,Oran,LAI,Lai,0.29677419354838713
2021-12-11,TzM,LAI,Lai,0.2
2021-12-15,Oran,LAI,Fpar,0.2183870967741936
2021-12-15,TzM,LAI,Fpar,0.3169032258064517
2021-12-15,Oran,LAI,Lai,0.29677419354838713
2021-12-15,TzM,LAI,Lai,0.4206451612903226
2021-12-19,Oran,LAI,Fpar,0.22580645161290325
2021-12-19,TzM,LAI,Fpar,0.09941935483870967
2021-12-19,Oran,LAI,Lai,0.29677419354838713
2021-12-19,TzM,LAI,Lai,0.1
2021-12-23,Oran,LAI,Fpar,0.09032258064516129
2021-12-23,TzM,LAI,Fpar,0.010580645161290323
2021-12-23,Oran,LAI,Lai,0.1
2021-12-23,TzM,LAI,Lai,0.0
2021-12-27,Oran,LAI,Fpar,0.26096774193548383
2021-12-27,TzM,LAI,Fpar,0.16180645161290322
2021-12-27,Oran,LAI,Lai,0.30000000000000004
2021-12-27,TzM,LAI,Lai,0.16645161290322583
2021-12-31,Oran,LAI,Fpar,0.2691935483870968
2021-12-31,TzM,LAI,Fpar,0.19580645161290325
2021-12-31,Oran,LAI,Lai,0.30000000000000004
2021-12-31,TzM,LAI,Lai,0.20580645161290323
2022-01-01,Oran,LAI,Fpar,0.2662903225806452
2022-01-01,TzM,LAI,Fpar,0.1963870967741936
2022-01-01,Oran,LAI,Lai,0.29677419354838713
2022-01-01,TzM,LAI,Lai,0.20580645161290323
2022-01-05,Oran,LAI,Fpar,0.2662903225806452
2022-01-05,TzM,LAI,Fpar,0.2701935483870968
2022-01-05,Oran,LAI,Lai,0.29677419354838713
2022-01-05,TzM,LAI,Lai,0.30580645161290326
2022-01-09,Oran,LAI,Fpar,0.22580645161290322
2022-01-09,TzM,LAI,Fpar,0.21348387096774202
2022-01-09,Oran,LAI,Lai,0.26129032258064516
2022-01-09,TzM,LAI,Lai,0.23935483870967744
2022-01-13,Oran,LAI,Fpar,0.27064516129032257
2022-01-13,TzM,LAI,Fpar,0.1969677419354839
2022-01-13,Oran,LAI,Lai,0.30000000000000004
2022-01-13,TzM,LAI,Lai,0.22258064516129036
2022-01-17,Oran,LAI,Fpar,0.27064516129032257
2022-01-17,TzM,LAI,Fpar,0.2115483870967742
2022-01-17,Oran,LAI,Lai,0.30000000000000004
2022-01-17,TzM,LAI,Lai,0.2606451612903226
2022-01-21,Oran,LAI,Fpar,0.2567741935483871
2022-01-21,TzM,LAI,Fpar,0.20883870967741935
2022-01-21,Oran,LAI,Lai,0.29677419354838713
2022-01-21,TzM,LAI,Lai,0.2
2022-01-25,Oran,LAI,Fpar,0.27306451612903226
2022-01-25,TzM,LAI,Fpar,0.18425806451612903
2022-01-25,Oran,LAI,Lai,0.34677419354838707
2022-01-25,TzM,LAI,Lai,0.19161290322580646
2022-01-29,Oran,LAI,Fpar,0.25806451612903225
2022-01-29,TzM,LAI,Fpar,0.18716129032258066
2022-01-29,Oran,LAI,Lai,0.29677419354838713
2022-01-29,TzM,LAI,Lai,0.2
2022-02-02,Oran,LAI,Fpar,0.2141935483870968
2022-02-02,TzM,LAI,Fpar,0.18690322580645158
2022-02-02,Oran,LAI,Lai,0.29677419354838713
2022-02-02,TzM,LAI,Lai,0.23096774193548386
2022-02-06,Oran,LAI,Fpar,0.2782258064516129
2022-02-06,TzM,LAI,Fpar,0.20954838709677423
2022-02-06,Oran,LAI,Lai,0.31451612903225806
2022-02-06,TzM,LAI,Lai,0.20580645161290323
2022-02-10,Oran,LAI,Fpar,0.2645161290322581
2022-02-10,TzM,LAI,Fpar,0.17819354838709678
2022-02-10,Oran,LAI,Lai,0.29677419354838713
2022-02-10,TzM,LAI,Lai,0.2
2022-02-14,Oran,LAI,Fpar,0.262741935483871
2022-02-14,TzM,LAI,Fpar,0.22245161290322574
2022-02-14,Oran,LAI,Lai,0.30000000000000004
2022-02-14,TzM,LAI,Lai,0.2632258064516129
2022-02-18,Oran,LAI,Fpar,0.2645161290322581
2022-02-18,TzM,LAI,Fpar,0.2265806451612903
2022-02-18,Oran,LAI,Lai,0.33225806451612905
2022-02-18,TzM,LAI,Lai,0.2916129032258065
2022-02-22,Oran,LAI,Fpar,0.2096774193548387
2022-02-22,TzM,LAI,Fpar,0.16658064516129034
2022-02-22,Oran,LAI,Lai,0.32903225806451614
2022-02-22,TzM,LAI,Lai,0.2858064516129033
2022-02-26,Oran,LAI,Fpar,0.272258064516129
2022-02-26,TzM,LAI,Fpar,0.2060645161290323
2022-02-26,Oran,LAI,Lai,0.46129032258064523
2022-02-26,TzM,LAI,Lai,0.2916129032258065
2022-03-02,Oran,LAI,Fpar,0.1937096774193548
2022-03-02,TzM,LAI,Fpar,0.12451612903225807
2022-03-02,Oran,LAI,Lai,0.21451612903225806
2022-03-02,TzM,LAI,Lai,0.1774193548387097
2022-03-06,Oran,LAI,Fpar,0.2883870967741936
2022-03-06,TzM,LAI,Fpar,0.20116129032258065
2022-03-06,Oran,LAI,Lai,0.49354838709677423
2022-03-06,TzM,LAI,Lai,0.30000000000000004
2022-03-10,Oran,LAI,Fpar,0.2096774193548387
2022-03-10,TzM,LAI,Fpar,0.2662580645161291
2022-03-10,Oran,LAI,Lai,0.32903225806451614
2022-03-10,TzM,LAI,Lai,0.3548387096774195
2022-03-14,Oran,LAI,Fpar,0.03967741935483871
2022-03-14,TzM,LAI,Fpar,0.03567741935483871
2022-03-14,Oran,LAI,Lai,0.09677419354838711
2022-03-14,TzM,LAI,Lai,0.1
2022-03-18,Oran,LAI,Fpar,0.04935483870967742
2022-03-18,TzM,LAI,Fpar,0.21483870967741936
2022-03-18,Oran,LAI,Lai,0.09677419354838711
2022-03-18,TzM,LAI,Lai,0.4212903225806452
2022-03-22,Oran,LAI,Fpar,0.011451612903225808
2022-03-22,TzM,LAI,Fpar,0.01
2022-03-22,Oran,LAI,Lai,0.0
2022-03-22,TzM,LAI,Lai,0.0
2022-03-26,Oran,LAI,Fpar,0.15419354838709678
2022-03-26,TzM,LAI,Fpar,0.25019354838709684
2022-03-26,Oran,LAI,Lai,0.2177419354838709
2022-03-26,TzM,LAI,Lai,0.5058064516129032
2022-03-30,Oran,LAI,Fpar,0.3619354838709677
2022-03-30,TzM,LAI,Fpar,0.31535483870967745
2022-03-30,Oran,LAI,Lai,0.6935483870967742
2022-03-30,TzM,LAI,Lai,0.46774193548387094
2022-04-15,Oran,LAI,Fpar,0.5524193548387097
2022-04-15,TzM,LAI,Fpar,0.3696774193548387
2022-04-15,Oran,LAI,Lai,1.4693548387096775
2022-04-15,TzM,LAI,Lai,0.7309677419354839
2022-04-19,Oran,LAI,Fpar,0.5380645161290322
2022-04-19,TzM,LAI,Fpar,0.19309677419354843
2022-04-19,Oran,LAI,Lai,1.4838709677419355
2022-04-19,TzM,LAI,Lai,0.34322580645161294
2022-04-23,Oran,LAI,Fpar,0.5988709677419354
2022-04-23,TzM,LAI,Fpar,0.4043225806451613
2022-04-23,Oran,LAI,Lai,1.6661290322580644
2022-04-23,TzM,LAI,Lai,0.7916129032258065
2022-04-27,Oran,LAI,Fpar,0.5677419354838711
2022-04-27,TzM,LAI,Fpar,0.38490322580645164
2022-04-27,Oran,LAI,Lai,1.5548387096774194
2022-04-27,TzM,LAI,Lai,0.7451612903225807
2022-05-01,Oran,LAI,Fpar,0.5653225806451613
2022-05-01,TzM,LAI,Fpar,0.3183870967741936
2022-05-01,Oran,LAI,Lai,1.5161290322580647
2022-05-01,TzM,LAI,Lai,0.5819354838709677
2022-05-05,Oran,LAI,Fpar,0.5950000000000001
2022-05-05,TzM,LAI,Fpar,0.3805161290322581
2022-05-05,Oran,LAI,Lai,1.7725806451612902
2022-05-05,TzM,LAI,Lai,0.7000000000000001
2022-05-09,Oran,LAI,Fpar,0.6491935483870969
2022-05-09,TzM,LAI,Fpar,0.3692258064516129
2022-05-09,Oran,LAI,Lai,2.174193548387097
2022-05-09,TzM,LAI,Lai,0.7000000000000001
2022-05-13,Oran,LAI,Fpar,0.6804838709677421
2022-05-13,TzM,LAI,Fpar,0.39993548387096783
2022-05-13,Oran,LAI,Lai,2.217741935483871
2022-05-13,TzM,LAI,Lai,0.7619354838709678
2022-05-17,Oran,LAI,Fpar,0.5767741935483871
2022-05-17,TzM,LAI,Fpar,0.4218709677419355
2022-05-17,Oran,LAI,Lai,1.5838709677419356
2022-05-17,TzM,LAI,Lai,0.8690322580645162
2022-05-21,Oran,LAI,Fpar,0.1961290322580645
2022-05-21,TzM,LAI,Fpar,0.29535483870967744
2022-05-21,Oran,LAI,Lai,0.4048387096774194
2022-05-21,TzM,LAI,Lai,0.5458064516129032
2022-05-25,Oran,LAI,Fpar,0.5085483870967742
2022-05-25,TzM,LAI,Fpar,0.34883870967741937
2022-05-25,Oran,LAI,Lai,1.2838709677419355
2022-05-25,TzM,LAI,Lai,0.7058064516129033
2022-05-29,Oran,LAI,Fpar,0.4470967741935483
2022-05-29,TzM,LAI,Fpar,0.29303225806451616
2022-05-29,Oran,LAI,Lai,1.1193548387096774
2022-05-29,TzM,LAI,Lai,0.5425806451612903
2022-06-02,Oran,LAI,Fpar,0.3180645161290323
2022-06-02,TzM,LAI,Fpar,0.2715483870967742
2022-06-02,Oran,LAI,Lai,0.6935483870967742
2022-06-02,TzM,LAI,Lai,0.5451612903225808
2022-06-06,Oran,LAI,Fpar,0.2593548387096774
2022-06-06,TzM,LAI,Fpar,0.27309677419354844
2022-06-06,Oran,LAI,Lai,0.5935483870967743
2022-06-06,TzM,LAI,Lai,0.5367741935483872
2022-06-10,Oran,LAI,Fpar,0.2358064516129032
2022-06-10,TzM,LAI,Fpar,0.279741935483871
2022-06-10,Oran,LAI,Lai,0.5112903225806452
2022-06-10,TzM,LAI,Lai,0.5367741935483872
2022-06-14,Oran,LAI,Fpar,0.1769354838709677
2022-06-14,TzM,LAI,Fpar,0.2550967741935484
2022-06-14,Oran,LAI,Lai,0.29677419354838713
2022-06-14,TzM,LAI,Lai,0.5058064516129032
2022-06-18,Oran,LAI,Fpar,0.15903225806451612
2022-06-18,TzM,LAI,Fpar,0.22141935483870967
2022-06-18,Oran,LAI,Lai,0.2645161290322581
2022-06-18,TzM,LAI,Lai,0.39032258064516134
2022-06-22,Oran,LAI,Fpar,0.2174193548387097
2022-06-22,TzM,LAI,Fpar,0.2353548387096774
2022-06-22,Oran,LAI,Lai,0.46451612903225814
2022-06-22,TzM,LAI,Lai,0.43677419354838715
2022-06-26,Oran,LAI,Fpar,0.21354838709677418
2022-06-26,TzM,LAI,Fpar,0.2729677419354839
2022-06-26,Oran,LAI,Lai,0.3822580645161291
2022-06-26,TzM,LAI,Lai,0.5058064516129032
2022-06-30,Oran,LAI,Fpar,0.17935483870967742
2022-06-30,TzM,LAI,Fpar,0.2540645161290323
2022-06-30,Oran,LAI,Lai,0.30000000000000004
2022-06-30,TzM,LAI,Lai,0.49161290322580653
2022-07-04,Oran,LAI,Fpar,0.15935483870967743
2022-07-04,TzM,LAI,Fpar,0.27374193548387094
2022-07-04,Oran,LAI,Lai,0.30000000000000004
2022-07-04,TzM,LAI,Lai,0.5
2022-07-08,Oran,LAI,Fpar,0.1285483870967742
2022-07-08,TzM,LAI,Fpar,0.26941935483870966
2022-07-08,Oran,LAI,Lai,0.2
2022-07-08,TzM,LAI,Lai,0.5
2022-07-12,Oran,LAI,Fpar,0.17838709677419354
2022-07-12,TzM,LAI,Fpar,0.24716129032258066
2022-07-12,Oran,LAI,Lai,0.29677419354838713
2022-07-12,TzM,LAI,Lai,0.49161290322580653
2022-07-16,Oran,LAI,Fpar,0.1643548387096774
2022-07-16,TzM,LAI,Fpar,0.2728387096774194
2022-07-16,Oran,LAI,Lai,0.30000000000000004
2022-07-16,TzM,LAI,Lai,0.49741935483870975
2022-07-20,Oran,LAI,Fpar,0.1203225806451613
2022-07-20,TzM,LAI,Fpar,0.2587096774193548
2022-07-20,Oran,LAI,Lai,0.2
2022-07-20,TzM,LAI,Lai,0.49161290322580653
2022-07-24,Oran,LAI,Fpar,0.12129032258064518
2022-07-24,TzM,LAI,Fpar,0.2716129032258065
2022-07-24,Oran,LAI,Lai,0.20322580645161292
2022-07-24,TzM,LAI,Lai,0.49419354838709684
2022-07-28,Oran,LAI,Fpar,0.13032258064516128
2022-07-28,TzM,LAI,Fpar,0.2803225806451613
2022-07-28,Oran,LAI,Lai,0.2
2022-07-28,TzM,LAI,Lai,0.5058064516129032
2022-08-01,Oran,LAI,Fpar,0.17870967741935484
2022-08-01,TzM,LAI,Fpar,0.2843225806451613
2022-08-01,Oran,LAI,Lai,0.30000000000000004
2022-08-01,TzM,LAI,Lai,0.5116129032258064
2022-08-05,Oran,LAI,Fpar,0.14806451612903224
2022-08-05,TzM,LAI,Fpar,0.32961290322580644
2022-08-05,Oran,LAI,Lai,0.25000000000000006
2022-08-05,TzM,LAI,Lai,0.5929032258064516
2022-08-09,Oran,LAI,Fpar,0.1329032258064516
2022-08-09,TzM,LAI,Fpar,0.32645161290322583
2022-08-09,Oran,LAI,Lai,0.20322580645161292
2022-08-09,TzM,LAI,Lai,0.5845161290322581
2022-08-13,Oran,LAI,Fpar,0.1329032258064516
2022-08-13,TzM,LAI,Fpar,0.2552258064516129
2022-08-13,Oran,LAI,Lai,0.20322580645161292
2022-08-13,TzM,LAI,Lai,0.4296774193548387
2022-08-17,Oran,LAI,Fpar,0.1893548387096774
2022-08-17,TzM,LAI,Fpar,0.3178064516129032
2022-08-17,Oran,LAI,Lai,0.30000000000000004
2022-08-17,TzM,LAI,Lai,0.5664516129032259
2022-08-21,Oran,LAI,Fpar,0.1491935483870968
2022-08-21,TzM,LAI,Fpar,0.2384516129032258
2022-08-21,Oran,LAI,Lai,0.30000000000000004
2022-08-21,TzM,LAI,Lai,0.39032258064516134
2022-08-25,Oran,LAI,Fpar,0.1714516129032258
2022-08-25,TzM,LAI,Fpar,0.35180645161290325
2022-08-25,Oran,LAI,Lai,0.30000000000000004
2022-08-25,TzM,LAI,Lai,0.6464516129032258
2022-08-29,Oran,LAI,Fpar,0.13580645161290322
2022-08-29,TzM,LAI,Fpar,0.2951612903225807
2022-08-29,Oran,LAI,Lai,0.2790322580645161
2022-08-29,TzM,LAI,Lai,0.5
2022-09-02,Oran,LAI,Fpar,0.1582258064516129
2022-09-02,TzM,LAI,Fpar,0.3527096774193549
2022-09-02,Oran,LAI,Lai,0.30000000000000004
2022-09-02,TzM,LAI,Lai,0.6832258064516129
2022-09-06,Oran,LAI,Fpar,0.16
2022-09-06,TzM,LAI,Fpar,0.3101290322580645
2022-09-06,Oran,LAI,Lai,0.29677419354838713
2022-09-06,TzM,LAI,Lai,0.5606451612903227
2022-09-10,Oran,LAI,Fpar,0.1503225806451613
2022-09-10,TzM,LAI,Fpar,0.2819354838709678
2022-09-10,Oran,LAI,Lai,0.2
2022-09-10,TzM,LAI,Lai,0.4245161290322581
2022-09-14,Oran,LAI,Fpar,0.1770967741935484
2022-09-14,TzM,LAI,Fpar,0.32703225806451613
2022-09-14,Oran,LAI,Lai,0.28225806451612906
2022-09-14,TzM,LAI,Lai,0.5025806451612904
2022-09-18,Oran,LAI,Fpar,0.17241935483870965
2022-09-18,TzM,LAI,Fpar,0.3122580645161291
2022-09-18,Oran,LAI,Lai,0.30000000000000004
2022-09-18,TzM,LAI,Lai,0.4838709677419355
2022-09-22,Oran,LAI,Fpar,0.15403225806451615
2022-09-22,TzM,LAI,Fpar,0.36929032258064515
2022-09-22,Oran,LAI,Lai,0.2177419354838709
2022-09-22,TzM,LAI,Lai,0.5787096774193549
2022-09-26,Oran,LAI,Fpar,0.16177419354838712
2022-09-26,TzM,LAI,Fpar,0.29554838709677417
2022-09-26,Oran,LAI,Lai,0.25000000000000006
2022-09-26,TzM,LAI,Lai,0.44258064516129036
2022-09-30,Oran,LAI,Fpar,0.2014516129032258
2022-09-30,TzM,LAI,Fpar,0.30929032258064515
2022-09-30,Oran,LAI,Lai,0.33225806451612905
2022-09-30,TzM,LAI,Lai,0.46903225806451615
2022-10-04,Oran,LAI,Fpar,0.20870967741935484
2022-10-04,TzM,LAI,Fpar,0.34948387096774197
2022-10-04,Oran,LAI,Lai,0.32903225806451614
2022-10-04,TzM,LAI,Lai,0.5774193548387098
2022-10-08,Oran,LAI,Fpar,0.18258064516129033
2022-10-08,TzM,LAI,Fpar,0.2713548387096774
2022-10-08,Oran,LAI,Lai,0.29677419354838713
2022-10-08,TzM,LAI,Lai,0.3961290322580645
2022-10-24,Oran,LAI,Fpar,0.20758064516129032
2022-10-24,TzM,LAI,Fpar,0.3024516129032258
2022-10-24,Oran,LAI,Lai,0.2935483870967741
2022-10-24,TzM,LAI,Lai,0.2941935483870968
2022-10-28,Oran,LAI,Fpar,0.27806451612903227
2022-10-28,TzM,LAI,Fpar,0.21458064516129036
2022-10-28,Oran,LAI,Lai,0.30000000000000004
2022-10-28,TzM,LAI,Lai,0.20967741935483875
2022-11-01,Oran,LAI,Fpar,0.2709677419354839
2022-11-01,TzM,LAI,Fpar,0.29670967741935483
2022-11-01,Oran,LAI,Lai,0.29677419354838713
2022-11-01,TzM,LAI,Lai,0.2941935483870968
2022-11-05,Oran,LAI,Fpar,0.29645161290322575
2022-11-05,TzM,LAI,Fpar,0.3070967741935484
2022-11-05,Oran,LAI,Lai,0.3467741935483871
2022-11-05,TzM,LAI,Lai,0.30000000000000004
2022-11-09,Oran,LAI,Fpar,0.257741935483871
2022-11-09,TzM,LAI,Fpar,0.29303225806451616
2022-11-09,Oran,LAI,Lai,0.29677419354838713
2022-11-09,TzM,LAI,Lai,0.2941935483870968
2022-11-13,Oran,LAI,Fpar,0.2745161290322581
2022-11-13,TzM,LAI,Fpar,0.34941935483870973
2022-11-13,Oran,LAI,Lai,0.29677419354838713
2022-11-13,TzM,LAI,Lai,0.40387096774193554
2022-11-17,Oran,LAI,Fpar,0.25983870967741934
2022-11-17,TzM,LAI,Fpar,0.29670967741935483
2022-11-17,Oran,LAI,Lai,0.2935483870967741
2022-11-17,TzM,LAI,Lai,0.30000000000000004
2022-11-21,Oran,LAI,Fpar,0.2741935483870968
2022-11-21,TzM,LAI,Fpar,0.10522580645161293
2022-11-21,Oran,LAI,Lai,0.33225806451612905
2022-11-21,TzM,LAI,Lai,0.10580645161290324
2022-11-25,Oran,LAI,Fpar,0.2809677419354839
2022-11-25,TzM,LAI,Fpar,0.20767741935483877
2022-11-25,Oran,LAI,Lai,0.30000000000000004
2022-11-25,TzM,LAI,Lai,0.23935483870967744
2022-11-29,Oran,LAI,Fpar,0.2924193548387097
2022-11-29,TzM,LAI,Fpar,0.251483870967742
2022-11-29,Oran,LAI,Lai,0.3790322580645161
2022-11-29,TzM,LAI,Lai,0.30000000000000004
2022-12-03,Oran,LAI,Fpar,0.2764516129032258
2022-12-03,TzM,LAI,Fpar,0.1884516129032258
2022-12-03,Oran,LAI,Lai,0.29677419354838713
2022-12-03,TzM,LAI,Lai,0.31677419354838715
2022-12-07,Oran,LAI,Fpar,0.13225806451612904
2022-12-07,TzM,LAI,Fpar,0.14012903225806453
2022-12-07,Oran,LAI,Lai,0.1645161290322581
2022-12-07,TzM,LAI,Lai,0.23225806451612907
2022-12-11,Oran,LAI,Fpar,0.08709677419354836
2022-12-11,TzM,LAI,Fpar,0.014645161290322579
2022-12-11,Oran,LAI,Lai,0.1
2022-12-11,TzM,LAI,Lai,0.00580645161290322
2022-12-15,Oran,LAI,Fpar,0.2738709677419355
2022-12-15,TzM,LAI,Fpar,0.12825806451612903
2022-12-15,Oran,LAI,Lai,0.33225806451612905
2022-12-15,TzM,LAI,Lai,0.14516129032258066
2022-12-19,Oran,LAI,Fpar,0.2548387096774193
2022-12-19,TzM,LAI,Fpar,0.09941935483870967
2022-12-19,Oran,LAI,Lai,0.2935483870967741
2022-12-19,TzM,LAI,Lai,0.1
2022-12-23,Oran,LAI,Fpar,0.2712903225806452
2022-12-23,TzM,LAI,Fpar,0.12516129032258064
2022-12-23,Oran,LAI,Lai,0.30000000000000004
2022-12-23,TzM,LAI,Lai,0.1367741935483871
2022-12-27,Oran,LAI,Fpar,0.2709677419354839
2022-12-27,TzM,LAI,Fpar,0.1321935483870968
2022-12-27,Oran,LAI,Lai,0.30000000000000004
2022-12-27,TzM,LAI,Lai,0.14516129032258066
2022-12-31,Oran,LAI,Fpar,0.2956451612903226
2022-12-31,TzM,LAI,Fpar,0.14303225806451614
2022-12-31,Oran,LAI,Lai,0.3822580645161291
2022-12-31,TzM,LAI,Lai,0.16064516129032258
2023-01-01,Oran,LAI,Fpar,0.2956451612903226
2023-01-01,TzM,LAI,Fpar,0.17425806451612905
2023-01-01,Oran,LAI,Lai,0.3822580645161291
2023-01-01,TzM,LAI,Lai,0.2
2023-01-05,Oran,LAI,Fpar,0.3208064516129032
2023-01-05,TzM,LAI,Fpar,0.1585161290322581
2023-01-05,Oran,LAI,Lai,0.41129032258064524
2023-01-05,TzM,LAI,Lai,0.2
2023-01-09,Oran,LAI,Fpar,0.295483870967742
2023-01-09,TzM,LAI,Fpar,0.1029032258064516
2023-01-09,Oran,LAI,Lai,0.32903225806451614
2023-01-09,TzM,LAI,Lai,0.10580645161290324
2023-01-13,Oran,LAI,Fpar,0.33145161290322583
2023-01-13,TzM,LAI,Fpar,0.17083870967741938
2023-01-13,Oran,LAI,Lai,0.4290322580645162
2023-01-13,TzM,LAI,Lai,0.2
2023-01-17,Oran,LAI,Fpar,0.3141935483870968
2023-01-17,TzM,LAI,Fpar,0.16780645161290322
2023-01-17,Oran,LAI,Lai,0.3822580645161291
2023-01-17,TzM,LAI,Lai,0.2
2023-01-21,Oran,LAI,Fpar,0.3
2023-01-21,TzM,LAI,Fpar,0.13529032258064516
2023-01-21,Oran,LAI,Lai,0.3645161290322581
2023-01-21,TzM,LAI,Lai,0.14516129032258066
2023-01-25,Oran,LAI,Fpar,0.29596774193548386
2023-01-25,TzM,LAI,Fpar,0.1310967741935484
2023-01-25,Oran,LAI,Lai,0.3500000000000001
2023-01-25,TzM,LAI,Lai,0.14516129032258066
2023-01-29,Oran,LAI,Fpar,0.28774193548387095
2023-01-29,TzM,LAI,Fpar,0.15961290322580649
2023-01-29,Oran,LAI,Lai,0.3500000000000001
2023-01-29,TzM,LAI,Lai,0.2
2023-02-02,Oran,LAI,Fpar,0.272741935483871
2023-02-02,TzM,LAI,Fpar,0.154
2023-02-02,Oran,LAI,Lai,0.30000000000000004
2023-02-02,TzM,LAI,Lai,0.2
2023-02-06,Oran,LAI,Fpar,0.1061290322580645
2023-02-06,TzM,LAI,Fpar,0.06103225806451614
2023-02-06,Oran,LAI,Lai,0.13225806451612906
2023-02-06,TzM,LAI,Lai,0.1
2023-02-10,Oran,LAI,Fpar,0.3043548387096774
2023-02-10,TzM,LAI,Fpar,0.1335483870967742
2023-02-10,Oran,LAI,Lai,0.4145161290322581
2023-02-10,TzM,LAI,Lai,0.1509677419354839
2023-02-14,Oran,LAI,Fpar,0.20064516129032256
2023-02-14,TzM,LAI,Fpar,0.09941935483870967
2023-02-14,Oran,LAI,Lai,0.30000000000000004
2023-02-14,TzM,LAI,Lai,0.1
2023-02-18,Oran,LAI,Fpar,0.23645161290322578
2023-02-18,TzM,LAI,Fpar,0.10580645161290324
2023-02-18,Oran,LAI,Lai,0.3645161290322581
2023-02-18,TzM,LAI,Lai,0.11161290322580647
2023-02-22,Oran,LAI,Fpar,0.2620967741935484
2023-02-22,TzM,LAI,Fpar,0.10361290322580644
2023-02-22,Oran,LAI,Lai,0.46451612903225814
2023-02-22,TzM,LAI,Lai,0.10838709677419356
2023-02-26,Oran,LAI,Fpar,0.31
2023-02-26,TzM,LAI,Fpar,0.1467741935483871
2023-02-26,Oran,LAI,Lai,0.5903225806451612
2023-02-26,TzM,LAI,Lai,0.2
2023-03-02,Oran,LAI,Fpar,0.25693548387096776
2023-03-02,TzM,LAI,Fpar,0.15554838709677418
2023-03-02,Oran,LAI,Lai,0.4467741935483871
2023-03-02,TzM,LAI,Lai,0.2
2023-03-06,Oran,LAI,Fpar,0.25725806451612904
2023-03-06,TzM,LAI,Fpar,0.08116129032258065
2023-03-06,Oran,LAI,Lai,0.41774193548387095
2023-03-06,TzM,LAI,Lai,0.10580645161290324
2023-03-10,Oran,LAI,Fpar,0.2862903225806452
2023-03-10,TzM,LAI,Fpar,0.1552258064516129
2023-03-10,Oran,LAI,Lai,0.5
2023-03-10,TzM,LAI,Lai,0.2367741935483871
2023-03-14,Oran,LAI,Fpar,0.2870967741935484
2023-03-14,TzM,LAI,Fpar,0.17296774193548387
2023-03-14,Oran,LAI,Lai,0.5145161290322581
2023-03-14,TzM,LAI,Lai,0.2367741935483871
2023-03-18,Oran,LAI,Fpar,0.2882258064516129
2023-03-18,TzM,LAI,Fpar,0.18090322580645166
2023-03-18,Oran,LAI,Lai,0.49677419354838714
2023-03-18,TzM,LAI,Lai,0.23935483870967744
2023-03-22,Oran,LAI,Fpar,0.31629032258064516
2023-03-22,TzM,LAI,Fpar,0.19354838709677424
2023-03-22,Oran,LAI,Lai,0.582258064516129
2023-03-22,TzM,LAI,Lai,0.24516129032258066
2023-03-26,Oran,LAI,Fpar,0.3353225806451613
2023-03-26,TzM,LAI,Fpar,0.19967741935483874
2023-03-26,Oran,LAI,Lai,0.5967741935483871
2023-03-26,TzM,LAI,Lai,0.30000000000000004
2023-03-30,Oran,LAI,Fpar,0.3074193548387097
2023-03-30,TzM,LAI,Fpar,0.2143225806451613
2023-03-30,Oran,LAI,Lai,0.5645161290322581
2023-03-30,TzM,LAI,Lai,0.30000000000000004
2023-04-03,Oran,LAI,Fpar,0.33354838709677415
2023-04-03,TzM,LAI,Fpar,0.2392258064516129
2023-04-03,Oran,LAI,Lai,0.7000000000000001
2023-04-03,TzM,LAI,Lai,0.4083870967741936
2023-04-07,Oran,LAI,Fpar,0.3088709677419355
2023-04-07,TzM,LAI,Fpar,0.23380645161290325
2023-04-07,Oran,LAI,Lai,0.55
2023-04-07,TzM,LAI,Lai,0.3535483870967742
2023-04-11,Oran,LAI,Fpar,0.3220967741935483
2023-04-11,TzM,LAI,Fpar,0.27354838709677415
2023-04-11,Oran,LAI,Lai,0.6790322580645163
2023-04-11,TzM,LAI,Lai,0.5167741935483872
2023-04-15,Oran,LAI,Fpar,0.29822580645161295
2023-04-15,TzM,LAI,Fpar,0.2725161290322581
2023-04-15,Oran,LAI,Lai,0.582258064516129
2023-04-15,TzM,LAI,Lai,0.5070967741935485
2023-04-19,Oran,LAI,Fpar,0.2832258064516129
2023-04-19,TzM,LAI,Fpar,0.2940645161290323
2023-04-19,Oran,LAI,Lai,0.5967741935483871
2023-04-19,TzM,LAI,Lai,0.5058064516129032
2023-04-23,Oran,LAI,Fpar,0.2659677419354839
2023-04-23,TzM,LAI,Fpar,0.28974193548387095
2023-04-23,Oran,LAI,Lai,0.55
2023-04-23,TzM,LAI,Lai,0.516774193548387
2023-04-27,Oran,LAI,Fpar,0.1941935483870968
2023-04-27,TzM,LAI,Fpar,0.3105161290322581
2023-04-27,Oran,LAI,Lai,0.3612903225806452
2023-04-27,TzM,LAI,Lai,0.5606451612903227
2023-05-01,Oran,LAI,Fpar,0.24322580645161287
2023-05-01,TzM,LAI,Fpar,0.3166451612903226
2023-05-01,Oran,LAI,Lai,0.503225806451613
2023-05-01,TzM,LAI,Lai,0.5774193548387098
2023-05-05,Oran,LAI,Fpar,0.2308064516129032
2023-05-05,TzM,LAI,Fpar,0.2783870967741936
2023-05-05,Oran,LAI,Lai,0.46129032258064523
2023-05-05,TzM,LAI,Lai,0.5
2023-05-09,Oran,LAI,Fpar,0.2267741935483871
2023-05-09,TzM,LAI,Fpar,0.26490322580645165
2023-05-09,Oran,LAI,Lai,0.4145161290322581
2023-05-09,TzM,LAI,Lai,0.43677419354838715
2023-05-13,Oran,LAI,Fpar,0.3064516129032258
2023-05-13,TzM,LAI,Fpar,0.29161290322580646
2023-05-13,Oran,LAI,Lai,0.6403225806451613
2023-05-13,TzM,LAI,Lai,0.5083870967741936
2023-05-17,Oran,LAI,Fpar,0.21161290322580645
2023-05-17,TzM,LAI,Fpar,0.4495483870967742
2023-05-17,Oran,LAI,Lai,0.46129032258064523
2023-05-17,TzM,LAI,Lai,1.05741935483871
2023-05-21,Oran,LAI,Fpar,0.18838709677419352
2023-05-21,TzM,LAI,Fpar,0.2518709677419355
2023-05-21,Oran,LAI,Lai,0.3967741935483871
2023-05-21,TzM,LAI,Lai,0.5283870967741936
2023-05-25,Oran,LAI,Fpar,0.20870967741935484
2023-05-25,TzM,LAI,Fpar,0.2703225806451613
2023-05-25,Oran,LAI,Lai,0.45
2023-05-25,TzM,LAI,Lai,0.47161290322580646
2023-05-29,Oran,LAI,Fpar,0.1758064516129032
2023-05-29,TzM,LAI,Fpar,0.21561290322580648
2023-05-29,Oran,LAI,Lai,0.29677419354838713
2023-05-29,TzM,LAI,Lai,0.4309677419354839
2023-06-02,Oran,LAI,Fpar,0.12532258064516127
2023-06-02,TzM,LAI,Fpar,0.2265806451612904
2023-06-02,Oran,LAI,Lai,0.2
2023-06-02,TzM,LAI,Lai,0.39032258064516134
2023-06-06,Oran,LAI,Fpar,0.1693548387096774
2023-06-06,TzM,LAI,Fpar,0.25025806451612903
2023-06-06,Oran,LAI,Lai,0.29677419354838713
2023-06-06,TzM,LAI,Lai,0.39419354838709686
2023-06-10,Oran,LAI,Fpar,0.19161290322580646
2023-06-10,TzM,LAI,Fpar,0.2661935483870968
2023-06-10,Oran,LAI,Lai,0.3612903225806452
2023-06-10,TzM,LAI,Lai,0.5058064516129032
2023-06-14,Oran,LAI,Fpar,0.20403225806451608
2023-06-14,TzM,LAI,Fpar,0.32858064516129026
2023-06-14,Oran,LAI,Lai,0.4790322580645161
2023-06-14,TzM,LAI,Lai,0.6212903225806452
2023-06-18,Oran,LAI,Fpar,0.24016129032258066
2023-06-18,TzM,LAI,Fpar,0.27174193548387093
2023-06-18,Oran,LAI,Lai,0.48548387096774204
2023-06-18,TzM,LAI,Lai,0.49741935483870975
2023-06-22,Oran,LAI,Fpar,0.29112903225806447
2023-06-22,TzM,LAI,Fpar,0.3674193548387097
2023-06-22,Oran,LAI,Lai,0.5967741935483871
2023-06-22,TzM,LAI,Lai,0.7464516129032259
2023-06-26,Oran,LAI,Fpar,0.3164516129032258
2023-06-26,TzM,LAI,Fpar,0.2989032258064516
2023-06-26,Oran,LAI,Lai,0.5967741935483871
2023-06-26,TzM,LAI,Lai,0.5974193548387098
2023-06-30,Oran,LAI,Fpar,0.31790322580645164
2023-06-30,TzM,LAI,Fpar,0.3419354838709678
2023-06-30,Oran,LAI,Lai,0.6967741935483872
2023-06-30,TzM,LAI,Lai,0.6212903225806452
2023-07-04,Oran,LAI,Fpar,0.3022580645161291
2023-07-04,TzM,LAI,Fpar,0.3069677419354839
2023-07-04,Oran,LAI,Lai,0.5967741935483871
2023-07-04,TzM,LAI,Lai,0.5690322580645163
2023-07-08,Oran,LAI,Fpar,0.25822580645161286
2023-07-08,TzM,LAI,Fpar,0.26967741935483874
2023-07-08,Oran,LAI,Lai,0.5145161290322581
2023-07-08,TzM,LAI,Lai,0.5
2023-07-12,Oran,LAI,Fpar,0.2503225806451613
2023-07-12,TzM,LAI,Fpar,0.2704516129032258
2023-07-12,Oran,LAI,Lai,0.5112903225806452
2023-07-12,TzM,LAI,Lai,0.48064516129032264
2023-07-16,Oran,LAI,Fpar,0.24322580645161287
2023-07-16,TzM,LAI,Fpar,0.3080645161290323
2023-07-16,Oran,LAI,Lai,0.49677419354838714
2023-07-16,TzM,LAI,Lai,0.5619354838709677
2023-07-20,Oran,LAI,Fpar,0.2509677419354838
2023-07-20,TzM,LAI,Fpar,0.2719354838709678
2023-07-20,Oran,LAI,Lai,0.5
2023-07-20,TzM,LAI,Lai,0.5
2023-07-24,Oran,LAI,Fpar,0.23935483870967741
2023-07-24,TzM,LAI,Fpar,0.3048387096774194
2023-07-24,Oran,LAI,Lai,0.46451612903225814
2023-07-24,TzM,LAI,Lai,0.5548387096774193
2023-07-28,Oran,LAI,Fpar,0.2503225806451613
2023-07-28,TzM,LAI,Fpar,0.3224516129032259
2023-07-28,Oran,LAI,Lai,0.49677419354838714
2023-07-28,TzM,LAI,Lai,0.5690322580645162
2023-08-01,Oran,LAI,Fpar,0.22
2023-08-01,TzM,LAI,Fpar,0.3098064516129033
2023-08-01,Oran,LAI,Lai,0.3967741935483871
2023-08-01,TzM,LAI,Lai,0.5535483870967742
2023-08-05,Oran,LAI,Fpar,0.20145161290322583
2023-08-05,TzM,LAI,Fpar,0.27858064516129033
2023-08-05,Oran,LAI,Lai,0.3467741935483871
2023-08-05,TzM,LAI,Lai,0.483225806451613
2023-08-09,Oran,LAI,Fpar,0.21209677419354842
2023-08-09,TzM,LAI,Fpar,0.26670967741935486
2023-08-09,Oran,LAI,Lai,0.3967741935483871
2023-08-09,TzM,LAI,Lai,0.4774193548387096
2023-08-13,Oran,LAI,Fpar,0.2083870967741936
2023-08-13,TzM,LAI,Fpar,0.2571612903225807
2023-08-13,Oran,LAI,Lai,0.385483870967742
2023-08-13,TzM,LAI,Lai,0.4212903225806452
2023-08-17,Oran,LAI,Fpar,0.21645161290322576
2023-08-17,TzM,LAI,Fpar,0.306967741935484
2023-08-17,Oran,LAI,Lai,0.3967741935483871
2023-08-17,TzM,LAI,Lai,0.5619354838709677
2023-08-21,Oran,LAI,Fpar,0.2032258064516129
2023-08-21,TzM,LAI,Fpar,0.25116129032258067
2023-08-21,Oran,LAI,Lai,0.3467741935483871
2023-08-21,TzM,LAI,Lai,0.4058064516129033
2023-08-25,Oran,LAI,Fpar,0.2079032258064516
2023-08-25,TzM,LAI,Fpar,0.2110967741935484
2023-08-25,Oran,LAI,Lai,0.41129032258064524
2023-08-25,TzM,LAI,Lai,0.3548387096774195
2023-08-29,Oran,LAI,Fpar,0.2190322580645161
2023-08-29,TzM,LAI,Fpar,0.22767741935483876
2023-08-29,Oran,LAI,Lai,0.3467741935483871
2023-08-29,TzM,LAI,Lai,0.3393548387096774
2023-09-02,Oran,LAI,Fpar,0.18354838709677418
2023-09-02,TzM,LAI,Fpar,0.24477419354838714
2023-09-02,Oran,LAI,Lai,0.33225806451612905
2023-09-02,TzM,LAI,Lai,0.30000000000000004
2023-09-06,Oran,LAI,Fpar,0.2064516129032258
2023-09-06,TzM,LAI,Fpar,0.27161290322580645
2023-09-06,Oran,LAI,Lai,0.31451612903225806
2023-09-06,TzM,LAI,Lai,0.41677419354838713
2023-09-10,Oran,LAI,Fpar,0.2314516129032258
2023-09-10,TzM,LAI,Fpar,0.26561290322580644
2023-09-10,Oran,LAI,Lai,0.3645161290322581
2023-09-10,TzM,LAI,Lai,0.372258064516129
2023-09-14,Oran,LAI,Fpar,0.19693548387096768
2023-09-14,TzM,LAI,Fpar,0.3216129032258065
2023-09-14,Oran,LAI,Lai,0.3177419354838709
2023-09-14,TzM,LAI,Lai,0.483225806451613
2023-09-18,Oran,LAI,Fpar,0.13080645161290322
2023-09-18,TzM,LAI,Fpar,0.3018709677419356
2023-09-18,Oran,LAI,Lai,0.1967741935483871
2023-09-18,TzM,LAI,Lai,0.43935483870967745
2023-09-22,Oran,LAI,Fpar,0.22032258064516133
2023-09-22,TzM,LAI,Fpar,0.3263225806451613
2023-09-22,Oran,LAI,Lai,0.33225806451612905
2023-09-22,TzM,LAI,Lai,0.5116129032258064
2023-09-26,Oran,LAI,Fpar,0.20387096774193547
2023-09-26,TzM,LAI,Fpar,0.354258064516129
2023-09-26,Oran,LAI,Lai,0.30000000000000004
2023-09-26,TzM,LAI,Lai,0.5548387096774193
2023-09-30,Oran,LAI,Fpar,0.16096774193548388
2023-09-30,TzM,LAI,Fpar,0.2769032258064517
2023-09-30,Oran,LAI,Lai,0.30000000000000004
2023-09-30,TzM,LAI,Lai,0.39032258064516134
2023-10-04,Oran,LAI,Fpar,0.1711290322580645
2023-10-04,TzM,LAI,Fpar,0.3316129032258065
2023-10-04,Oran,LAI,Lai,0.30000000000000004
2023-10-04,TzM,LAI,Lai,0.5058064516129032
2023-10-08,Oran,LAI,Fpar,0.20387096774193547
2023-10-08,TzM,LAI,Fpar,0.3112258064516129
2023-10-08,Oran,LAI,Lai,0.25
2023-10-08,TzM,LAI,Lai,0.4296774193548387
2023-10-12,Oran,LAI,Fpar,0.19983870967741937
2023-10-12,TzM,LAI,Fpar,0.3082580645161291
2023-10-12,Oran,LAI,Lai,0.29677419354838713
2023-10-12,TzM,LAI,Lai,0.30000000000000004
2023-10-16,Oran,LAI,Fpar,0.11290322580645162
2023-10-16,TzM,LAI,Fpar,0.24232258064516132
2023-10-16,Oran,LAI,Lai,0.13225806451612906
2023-10-16,TzM,LAI,Lai,0.31161290322580654
2023-10-20,Oran,LAI,Fpar,0.09032258064516129
2023-10-20,TzM,LAI,Fpar,0.253741935483871
2023-10-20,Oran,LAI,Lai,0.1
2023-10-20,TzM,LAI,Lai,0.2941935483870968
2023-10-24,Oran,LAI,Fpar,0.18161290322580648
2023-10-24,TzM,LAI,Fpar,0.2840645161290323
2023-10-24,Oran,LAI,Lai,0.24677419354838712
2023-10-24,TzM,LAI,Lai,0.30000000000000004
2023-10-28,Oran,LAI,Fpar,0.17548387096774193
2023-10-28,TzM,LAI,Fpar,0.14632258064516132
2023-10-28,Oran,LAI,Lai,0.23225806451612907
2023-10-28,TzM,LAI,Lai,0.16645161290322583
2023-11-01,Oran,LAI,Fpar,0.19903225806451608
2023-11-01,TzM,LAI,Fpar,0.36503225806451617
2023-11-01,Oran,LAI,Lai,0.25
2023-11-01,TzM,LAI,Lai,0.4600000000000001
2023-11-05,Oran,LAI,Fpar,0.1803225806451613
2023-11-05,TzM,LAI,Fpar,0.302516129032258
2023-11-05,Oran,LAI,Lai,0.25
2023-11-05,TzM,LAI,Lai,0.31161290322580654
2023-11-09,Oran,LAI,Fpar,0.20064516129032262
2023-11-09,TzM,LAI,Fpar,0.21141935483870972
2023-11-09,Oran,LAI,Lai,0.2790322580645161
2023-11-09,TzM,LAI,Lai,0.415483870967742
2023-11-13,Oran,LAI,Fpar,0.1708064516129032
2023-11-13,TzM,LAI,Fpar,0.28780645161290325
2023-11-13,Oran,LAI,Lai,0.2
2023-11-13,TzM,LAI,Lai,0.2916129032258065
2023-11-17,Oran,LAI,Fpar,0.20516129032258065
2023-11-17,TzM,LAI,Fpar,0.25458064516129036
2023-11-17,Oran,LAI,Lai,0.29677419354838713
2023-11-17,TzM,LAI,Lai,0.2606451612903226
2023-11-21,Oran,LAI,Fpar,0.19774193548387098
2023-11-21,TzM,LAI,Fpar,0.29264516129032264
2023-11-21,Oran,LAI,Lai,0.25000000000000006
2023-11-21,TzM,LAI,Lai,0.30000000000000004
2023-11-25,Oran,LAI,Fpar,0.1796774193548387
2023-11-25,TzM,LAI,Fpar,0.23335483870967744
2023-11-25,Oran,LAI,Lai,0.2
2023-11-25,TzM,LAI,Lai,0.2916129032258065
2023-11-29,Oran,LAI,Fpar,0.08887096774193548
2023-11-29,TzM,LAI,Fpar,0.14574193548387102
2023-11-29,Oran,LAI,Lai,0.1
2023-11-29,TzM,LAI,Lai,0.1509677419354839
2023-12-03,Oran,LAI,Fpar,0.17467741935483871
2023-12-03,TzM,LAI,Fpar,0.12012903225806452
2023-12-03,Oran,LAI,Lai,0.2
2023-12-03,TzM,LAI,Lai,0.1367741935483871
2023-12-07,Oran,LAI,Fpar,0.17451612903225805
2023-12-07,TzM,LAI,Fpar,0.1038064516129032
2023-12-07,Oran,LAI,Lai,0.1967741935483871
2023-12-07,TzM,LAI,Lai,0.10580645161290324
2023-12-11,Oran,LAI,Fpar,0.1869354838709677
2023-12-11,TzM,LAI,Fpar,0.17116129032258062
2023-12-11,Oran,LAI,Lai,0.23548387096774193
2023-12-11,TzM,LAI,Lai,0.2
2023-12-15,Oran,LAI,Fpar,0.212258064516129
2023-12-15,TzM,LAI,Fpar,0.19522580645161292
2023-12-15,Oran,LAI,Lai,0.25000000000000006
2023-12-15,TzM,LAI,Lai,0.2367741935483871
2023-12-19,Oran,LAI,Fpar,0.2
2023-12-19,TzM,LAI,Fpar,0.17451612903225808
2023-12-19,Oran,LAI,Lai,0.28548387096774197
2023-12-19,TzM,LAI,Lai,0.2
2023-12-23,Oran,LAI,Fpar,0.26161290322580644
2023-12-23,TzM,LAI,Fpar,0.19083870967741942
2023-12-23,Oran,LAI,Lai,0.30000000000000004
2023-12-23,TzM,LAI,Lai,0.20580645161290323
2023-12-27,Oran,LAI,Fpar,0.1774193548387097
2023-12-27,TzM,LAI,Fpar,0.19238709677419355
2023-12-27,Oran,LAI,Lai,0.2290322580645161
2023-12-27,TzM,LAI,Lai,0.19161290322580646
2023-12-31,Oran,LAI,Fpar,0.18274193548387097
2023-12-31,TzM,LAI,Fpar,0.10174193548387096
2023-12-31,Oran,LAI,Lai,0.1967741935483871
2023-12-31,TzM,LAI,Lai,0.10580645161290324
2024-01-01,Oran,LAI,Fpar,0.18274193548387097
2024-01-01,TzM,LAI,Fpar,0.10174193548387096
2024-01-01,Oran,LAI,Lai,0.1967741935483871
2024-01-01,TzM,LAI,Lai,0.10580645161290324
2024-01-05,Oran,LAI,Fpar,0.21274193548387096
2024-01-05,TzM,LAI,Fpar,0.19464516129032267
2024-01-05,Oran,LAI,Lai,0.23548387096774193
2024-01-05,TzM,LAI,Lai,0.2548387096774194
2024-01-09,Oran,LAI,Fpar,0.1870967741935484
2024-01-09,TzM,LAI,Fpar,0.13754838709677422
2024-01-09,Oran,LAI,Lai,0.1967741935483871
2024-01-09,TzM,LAI,Lai,0.16064516129032258
2024-01-13,Oran,LAI,Fpar,0.11032258064516129
2024-01-13,TzM,LAI,Fpar,0.09941935483870967
2024-01-13,Oran,LAI,Lai,0.15000000000000002
2024-01-13,TzM,LAI,Lai,0.1
2024-01-17,Oran,LAI,Fpar,0.17758064516129032
2024-01-17,TzM,LAI,Fpar,0.098
2024-01-17,Oran,LAI,Lai,0.2
2024-01-17,TzM,LAI,Lai,0.1
2024-01-21,Oran,LAI,Fpar,0.2290322580645161
2024-01-21,TzM,LAI,Fpar,0.10941935483870968
2024-01-21,Oran,LAI,Lai,0.2935483870967741
2024-01-21,TzM,LAI,Lai,0.11419354838709682
2024-01-25,Oran,LAI,Fpar,0.19064516129032258
2024-01-25,TzM,LAI,Fpar,0.12374193548387095
2024-01-25,Oran,LAI,Lai,0.24677419354838712
2024-01-25,TzM,LAI,Lai,0.14516129032258066
2024-01-29,Oran,LAI,Fpar,0.220483870967742
2024-01-29,TzM,LAI,Fpar,0.10522580645161293
2024-01-29,Oran,LAI,Lai,0.2435483870967742
2024-01-29,TzM,LAI,Lai,0.10580645161290324
2024-02-02,Oran,LAI,Fpar,0.20032258064516129
2024-02-02,TzM,LAI,Fpar,0.1321935483870968
2024-02-02,Oran,LAI,Lai,0.2290322580645161
2024-02-02,TzM,LAI,Lai,0.14516129032258066
2024-02-06,Oran,LAI,Fpar,0.1596774193548387
2024-02-06,TzM,LAI,Fpar,0.04974193548387097
2024-02-06,Oran,LAI,Lai,0.18225806451612905
2024-02-06,TzM,LAI,Lai,0.1
2024-02-10,Oran,LAI,Fpar,0.265
2024-02-10,TzM,LAI,Fpar,0.1229032258064516
2024-02-10,Oran,LAI,Lai,0.28548387096774197
2024-02-10,TzM,LAI,Lai,0.14516129032258066
2024-02-14,Oran,LAI,Fpar,0.16274193548387098
2024-02-14,TzM,LAI,Fpar,0.22522580645161291
2024-02-14,Oran,LAI,Lai,0.1967741935483871
2024-02-14,TzM,LAI,Lai,0.2941935483870968
2024-02-18,Oran,LAI,Fpar,0.19241935483870964
2024-02-18,TzM,LAI,Fpar,0.17116129032258062
2024-02-18,Oran,LAI,Lai,0.20322580645161292
2024-02-18,TzM,LAI,Lai,0.2
2024-02-22,Oran,LAI,Fpar,0.08677419354838709
2024-02-22,TzM,LAI,Fpar,0.19703225806451616
2024-02-22,Oran,LAI,Lai,0.1
2024-02-22,TzM,LAI,Lai,0.23935483870967744
2024-02-26,Oran,LAI,Fpar,0.2041935483870968
2024-02-26,TzM,LAI,Fpar,0.20941935483870971
2024-02-26,Oran,LAI,Lai,0.30000000000000004
2024-02-26,TzM,LAI,Lai,0.20580645161290323
2024-03-01,Oran,LAI,Fpar,0.23693548387096777
2024-03-01,TzM,LAI,Fpar,0.16238709677419358
2024-03-01,Oran,LAI,Lai,0.30000000000000004
2024-03-01,TzM,LAI,Lai,0.2
2024-03-05,Oran,LAI,Fpar,0.1808064516129032
2024-03-05,TzM,LAI,Fpar,0.1744516129032258
2024-03-05,Oran,LAI,Lai,0.2
2024-03-05,TzM,LAI,Lai,0.24516129032258066
2024-03-09,Oran,LAI,Fpar,0.15693548387096776
2024-03-09,TzM,LAI,Fpar,0.1744516129032258
2024-03-09,Oran,LAI,Lai,0.25000000000000006
2024-03-09,TzM,LAI,Lai,0.30000000000000004
2024-03-13,Oran,LAI,Fpar,0.17677419354838708
2024-03-13,TzM,LAI,Fpar,0.19180645161290324
2024-03-13,Oran,LAI,Lai,0.20322580645161292
2024-03-13,TzM,LAI,Lai,0.30000000000000004
2024-03-17,Oran,LAI,Fpar,0.11887096774193548
2024-03-17,TzM,LAI,Fpar,0.23877419354838708
2024-03-17,Oran,LAI,Lai,0.21451612903225806
2024-03-17,TzM,LAI,Lai,0.36193548387096786
2024-03-21,Oran,LAI,Fpar,0.12016129032258066
2024-03-21,TzM,LAI,Fpar,0.23954838709677415
2024-03-21,Oran,LAI,Lai,0.16774193548387095
2024-03-21,TzM,LAI,Lai,0.384516129032258
2024-03-25,Oran,LAI,Fpar,0.2041935483870968
2024-03-25,TzM,LAI,Fpar,0.17380645161290326
2024-03-25,Oran,LAI,Lai,0.30000000000000004
2024-03-25,TzM,LAI,Lai,0.2716129032258065
2024-03-29,Oran,LAI,Fpar,0.2046774193548387
2024-03-29,TzM,LAI,Fpar,0.18690322580645158
2024-03-29,Oran,LAI,Lai,0.3790322580645162
2024-03-29,TzM,LAI,Lai,0.26903225806451614
2024-04-02,Oran,LAI,Fpar,0.21
2024-04-02,TzM,LAI,Fpar,0.2518709677419355
2024-04-02,Oran,LAI,Lai,0.3790322580645162
2024-04-02,TzM,LAI,Lai,0.39032258064516134
2024-04-06,Oran,LAI,Fpar,0.22516129032258064
2024-04-06,TzM,LAI,Fpar,0.1798709677419355
2024-04-06,Oran,LAI,Lai,0.33548387096774196
2024-04-06,TzM,LAI,Lai,0.30000000000000004
2024-04-10,Oran,LAI,Fpar,0.285483870967742
2024-04-10,TzM,LAI,Fpar,0.34406451612903227
2024-04-10,Oran,LAI,Lai,0.532258064516129
2024-04-10,TzM,LAI,Lai,0.5225806451612903
2024-04-14,Oran,LAI,Fpar,0.282258064516129
2024-04-14,TzM,LAI,Fpar,0.28490322580645167
2024-04-14,Oran,LAI,Lai,0.535483870967742
2024-04-14,TzM,LAI,Lai,0.5335483870967742
2024-04-18,Oran,LAI,Fpar,0.29161290322580646
2024-04-18,TzM,LAI,Fpar,0.34174193548387105
2024-04-18,Oran,LAI,Lai,0.6080645161290323
2024-04-18,TzM,LAI,Lai,0.6309677419354839
2024-04-22,Oran,LAI,Fpar,0.31935483870967746
2024-04-22,TzM,LAI,Fpar,0.3170967741935484
2024-04-22,Oran,LAI,Lai,0.6967741935483871
2024-04-22,TzM,LAI,Lai,0.5845161290322581
2024-04-26,Oran,LAI,Fpar,0.335
2024-04-26,TzM,LAI,Fpar,0.25896774193548394
2024-04-26,Oran,LAI,Lai,0.75
2024-04-26,TzM,LAI,Lai,0.5425806451612903
2024-04-30,Oran,LAI,Fpar,0.3056451612903226
2024-04-30,TzM,LAI,Fpar,0.30922580645161296
2024-04-30,Oran,LAI,Lai,0.6258064516129033
2024-04-30,TzM,LAI,Lai,0.6238709677419356
2024-05-04,Oran,LAI,Fpar,0.24596774193548387
2024-05-04,TzM,LAI,Fpar,0.3236129032258065
2024-05-04,Oran,LAI,Lai,0.5080645161290323
2024-05-04,TzM,LAI,Lai,0.6348387096774194
2024-05-08,Oran,LAI,Fpar,0.22032258064516133
2024-05-08,TzM,LAI,Fpar,0.21096774193548393
2024-05-08,Oran,LAI,Lai,0.4
2024-05-08,TzM,LAI,Lai,0.37290322580645174
2024-05-12,Oran,LAI,Fpar,0.212258064516129
2024-05-12,TzM,LAI,Fpar,0.3302580645161291
2024-05-12,Oran,LAI,Lai,0.3790322580645162
2024-05-12,TzM,LAI,Lai,0.6406451612903226
2024-05-16,Oran,LAI,Fpar,0.2883870967741936
2024-05-16,TzM,LAI,Fpar,0.25948387096774195
2024-05-16,Oran,LAI,Lai,0.5758064516129032
2024-05-16,TzM,LAI,Lai,0.48064516129032264
2024-05-20,Oran,LAI,Fpar,0.21370967741935482
2024-05-20,TzM,LAI,Fpar,0.2906451612903226
2024-05-20,Oran,LAI,Lai,0.4145161290322581
2024-05-20,TzM,LAI,Lai,0.5083870967741936
2024-05-24,Oran,LAI,Fpar,0.1956451612903226
2024-05-24,TzM,LAI,Fpar,0.3343870967741936
2024-05-24,Oran,LAI,Lai,0.3758064516129032
2024-05-24,TzM,LAI,Lai,0.6167741935483871
2024-05-28,Oran,LAI,Fpar,0.20258064516129032
2024-05-28,TzM,LAI,Fpar,0.2976129032258065
2024-05-28,Oran,LAI,Lai,0.3935483870967742
2024-05-28,TzM,LAI,Lai,0.5283870967741936
2024-06-01,Oran,LAI,Fpar,0.2119354838709677
2024-06-01,TzM,LAI,Fpar,0.2932903225806452
2024-06-01,Oran,LAI,Lai,0.40322580645161293
2024-06-01,TzM,LAI,Lai,0.5619354838709677
2024-06-05,Oran,LAI,Fpar,0.14
2024-06-05,TzM,LAI,Fpar,0.2732903225806452
2024-06-05,Oran,LAI,Lai,0.2645161290322581
2024-06-05,TzM,LAI,Lai,0.49419354838709684
2024-06-09,Oran,LAI,Fpar,0.2470967741935484
2024-06-09,TzM,LAI,Fpar,0.2972258064516129
2024-06-09,Oran,LAI,Lai,0.5903225806451612
2024-06-09,TzM,LAI,Lai,0.5664516129032259
2024-06-13,Oran,LAI,Fpar,0.13032258064516128
2024-06-13,TzM,LAI,Fpar,0.3112903225806452
2024-06-13,Oran,LAI,Lai,0.2
2024-06-13,TzM,LAI,Lai,0.567741935483871
2024-06-17,Oran,LAI,Fpar,0.1346774193548387
2024-06-17,TzM,LAI,Fpar,0.28948387096774203
2024-06-17,Oran,LAI,Lai,0.23225806451612907
2024-06-17,TzM,LAI,Lai,0.49161290322580653
2024-06-21,Oran,LAI,Fpar,0.1496774193548387
2024-06-21,TzM,LAI,Fpar,0.2729677419354839
2024-06-21,Oran,LAI,Lai,0.2645161290322581
2024-06-21,TzM,LAI,Lai,0.483225806451613
2024-06-25,Oran,LAI,Fpar,0.13677419354838707
2024-06-25,TzM,LAI,Fpar,0.19058064516129036
2024-06-25,Oran,LAI,Lai,0.2645161290322581
2024-06-25,TzM,LAI,Lai,0.30580645161290326
2024-06-29,Oran,LAI,Fpar,0.15838709677419358
2024-06-29,TzM,LAI,Fpar,0.2860645161290323
2024-06-29,Oran,LAI,Lai,0.31129032258064515
2024-06-29,TzM,LAI,Lai,0.47161290322580646
2024-07-03,Oran,LAI,Fpar,0.19370967741935485
2024-07-03,TzM,LAI,Fpar,0.28458064516129034
2024-07-03,Oran,LAI,Lai,0.32903225806451614
2024-07-03,TzM,LAI,Lai,0.5322580645161291
2024-07-07,Oran,LAI,Fpar,0.15258064516129033
2024-07-07,TzM,LAI,Fpar,0.2276129032258065
2024-07-07,Oran,LAI,Lai,0.30000000000000004
2024-07-07,TzM,LAI,Lai,0.4283870967741935
2024-07-11,Oran,LAI,Fpar,0.20548387096774193
2024-07-11,TzM,LAI,Fpar,0.2565806451612904
2024-07-11,Oran,LAI,Lai,0.41129032258064524
2024-07-11,TzM,LAI,Lai,0.4548387096774194
2024-07-15,Oran,LAI,Fpar,0.22693548387096776
2024-07-15,TzM,LAI,Fpar,0.2335483870967742
2024-07-15,Oran,LAI,Lai,0.4790322580645161
2024-07-15,TzM,LAI,Lai,0.39032258064516134
2024-07-19,Oran,LAI,Fpar,0.2238709677419355
2024-07-19,TzM,LAI,Fpar,0.2610967741935484
2024-07-19,Oran,LAI,Lai,0.4258064516129032
2024-07-19,TzM,LAI,Lai,0.4212903225806452
2024-07-23,Oran,LAI,Fpar,0.2151612903225806
2024-07-23,TzM,LAI,Fpar,0.23593548387096774
2024-07-23,Oran,LAI,Lai,0.3935483870967742
2024-07-23,TzM,LAI,Lai,0.39032258064516134
2024-07-27,Oran,LAI,Fpar,0.1967741935483871
2024-07-27,TzM,LAI,Fpar,0.21180645161290326
2024-07-27,Oran,LAI,Lai,0.3645161290322581
2024-07-27,TzM,LAI,Lai,0.37612903225806454
2024-07-31,Oran,LAI,Fpar,0.20338709677419353
2024-07-31,TzM,LAI,Fpar,0.22567741935483876
2024-07-31,Oran,LAI,Lai,0.3935483870967742
2024-07-31,TzM,LAI,Lai,0.3819354838709677
2024-08-04,Oran,LAI,Fpar,0.225483870967742
2024-08-04,TzM,LAI,Fpar,0.29567741935483877
2024-08-04,Oran,LAI,Lai,0.4290322580645162
2024-08-04,TzM,LAI,Lai,0.5309677419354839
2024-08-08,Oran,LAI,Fpar,0.21919354838709681
2024-08-08,TzM,LAI,Fpar,0.27174193548387093
2024-08-08,Oran,LAI,Lai,0.44354838709677424
2024-08-08,TzM,LAI,Lai,0.5058064516129032
2024-08-12,Oran,LAI,Fpar,0.1920967741935484
2024-08-12,TzM,LAI,Fpar,0.2768387096774194
2024-08-12,Oran,LAI,Lai,0.385483870967742
2024-08-12,TzM,LAI,Lai,0.5058064516129032
2024-08-16,Oran,LAI,Fpar,0.20225806451612902
2024-08-16,TzM,LAI,Fpar,0.2563870967741936
2024-08-16,Oran,LAI,Lai,0.3645161290322581
2024-08-16,TzM,LAI,Lai,0.48903225806451617
2024-08-20,Oran,LAI,Fpar,0.22467741935483873
2024-08-20,TzM,LAI,Fpar,0.20896774193548392
2024-08-20,Oran,LAI,Lai,0.4467741935483871
2024-08-20,TzM,LAI,Lai,0.31161290322580654
2024-08-24,Oran,LAI,Fpar,0.23725806451612905
2024-08-24,TzM,LAI,Fpar,0.26232258064516134
2024-08-24,Oran,LAI,Lai,0.44354838709677424
2024-08-24,TzM,LAI,Lai,0.48903225806451617
2024-08-28,Oran,LAI,Fpar,0.21
2024-08-28,TzM,LAI,Fpar,0.28580645161290325
2024-08-28,Oran,LAI,Lai,0.33225806451612905
2024-08-28,TzM,LAI,Lai,0.4774193548387096
2024-09-01,Oran,LAI,Fpar,0.18048387096774193
2024-09-01,TzM,LAI,Fpar,0.295483870967742
2024-09-01,Oran,LAI,Lai,0.3645161290322581
2024-09-01,TzM,LAI,Lai,0.4606451612903226
2024-09-05,Oran,LAI,Fpar,0.20887096774193548
2024-09-05,TzM,LAI,Fpar,0.2185806451612904
2024-09-05,Oran,LAI,Lai,0.4096774193548387
2024-09-05,TzM,LAI,Lai,0.31161290322580654
2024-09-09,Oran,LAI,Fpar,0.2079032258064516
2024-09-09,TzM,LAI,Fpar,0.23748387096774193
2024-09-09,Oran,LAI,Lai,0.33225806451612905
2024-09-09,TzM,LAI,Lai,0.3787096774193549
2024-09-13,Oran,LAI,Fpar,0.18870967741935485
2024-09-13,TzM,LAI,Fpar,0.2385161290322581
2024-09-13,Oran,LAI,Lai,0.32903225806451614
2024-09-13,TzM,LAI,Lai,0.367741935483871
2024-09-17,Oran,LAI,Fpar,0.19467741935483873
2024-09-17,TzM,LAI,Fpar,0.29187096774193555
2024-09-17,Oran,LAI,Lai,0.29677419354838713
2024-09-17,TzM,LAI,Lai,0.46580645161290324
2024-09-21,Oran,LAI,Fpar,0.20887096774193548
2024-09-21,TzM,LAI,Fpar,0.28238709677419355
2024-09-21,Oran,LAI,Lai,0.30000000000000004
2024-09-21,TzM,LAI,Lai,0.4025806451612904
2024-09-25,Oran,LAI,Fpar,0.16403225806451613
2024-09-25,TzM,LAI,Fpar,0.2765806451612904
2024-09-25,Oran,LAI,Lai,0.28548387096774197
2024-09-25,TzM,LAI,Lai,0.4451612903225807
2024-09-29,Oran,LAI,Fpar,0.1975806451612903
2024-09-29,TzM,LAI,Fpar,0.30406451612903224
2024-09-29,Oran,LAI,Lai,0.23225806451612907
2024-09-29,TzM,LAI,Lai,0.4296774193548387
2024-10-03,Oran,LAI,Fpar,0.20048387096774192
2024-10-03,TzM,LAI,Fpar,0.2044516129032258
2024-10-03,Oran,LAI,Lai,0.28225806451612906
2024-10-03,TzM,LAI,Lai,0.3083870967741936
2024-10-07,Oran,LAI,Fpar,0.1914516129032258
2024-10-07,TzM,LAI,Fpar,0.13141935483870967
2024-10-07,Oran,LAI,Lai,0.21129032258064517
2024-10-07,TzM,LAI,Lai,0.21806451612903227
2024-10-11,Oran,LAI,Fpar,0.19064516129032258
2024-10-11,TzM,LAI,Fpar,0.3082580645161291
2024-10-11,Oran,LAI,Lai,0.2
2024-10-11,TzM,LAI,Lai,0.30000000000000004
2024-10-15,Oran,LAI,Fpar,0.2185483870967742
2024-10-15,TzM,LAI,Fpar,0.3082580645161291
2024-10-15,Oran,LAI,Lai,0.28548387096774197
2024-10-15,TzM,LAI,Lai,0.30000000000000004
2024-10-19,Oran,LAI,Fpar,0.2225806451612904
2024-10-19,TzM,LAI,Fpar,0.29670967741935483
2024-10-19,Oran,LAI,Lai,0.30000000000000004
2024-10-19,TzM,LAI,Lai,0.30000000000000004
2024-10-23,Oran,LAI,Fpar,0.22306451612903225
2024-10-23,TzM,LAI,Fpar,0.28064516129032263
2024-10-23,Oran,LAI,Lai,0.29677419354838713
2024-10-23,TzM,LAI,Lai,0.32838709677419364
2024-10-27,Oran,LAI,Fpar,0.19903225806451608
2024-10-27,TzM,LAI,Fpar,0.3082580645161291
2024-10-27,Oran,LAI,Lai,0.2645161290322581
2024-10-27,TzM,LAI,Lai,0.30000000000000004
2024-10-31,Oran,LAI,Fpar,0.260483870967742
2024-10-31,TzM,LAI,Fpar,0.2927741935483872
2024-10-31,Oran,LAI,Lai,0.29677419354838713
2024-10-31,TzM,LAI,Lai,0.30000000000000004
2024-11-04,Oran,LAI,Fpar,0.29241935483870973
2024-11-04,TzM,LAI,Fpar,0.16438709677419358
2024-11-04,Oran,LAI,Lai,0.3500000000000001
2024-11-04,TzM,LAI,Lai,0.18193548387096778
2024-11-08,Oran,LAI,Fpar,0.3182258064516129
2024-11-08,TzM,LAI,Fpar,0.2643870967741936
2024-11-08,Oran,LAI,Lai,0.4290322580645161
2024-11-08,TzM,LAI,Lai,0.30000000000000004
2024-11-12,Oran,LAI,Fpar,0.32838709677419353
2024-11-12,TzM,LAI,Fpar,0.055548387096774204
2024-11-12,Oran,LAI,Lai,0.46451612903225814
2024-11-12,TzM,LAI,Lai,0.04516129032258065
2024-11-16,Oran,LAI,Fpar,0.3740322580645161
2024-11-16,TzM,LAI,Fpar,0.2465806451612903
2024-11-16,Oran,LAI,Lai,0.5225806451612903
2024-11-16,TzM,LAI,Lai,0.24516129032258066
2024-11-20,Oran,LAI,Fpar,0.3437096774193549
2024-11-20,TzM,LAI,Fpar,0.2263870967741936
2024-11-20,Oran,LAI,Lai,0.49354838709677423
2024-11-20,TzM,LAI,Lai,0.24516129032258066
2024-11-24,Oran,LAI,Fpar,0.3340322580645161
2024-11-24,TzM,LAI,Fpar,0.1029032258064516
2024-11-24,Oran,LAI,Lai,0.4790322580645161
2024-11-24,TzM,LAI,Lai,0.10580645161290324
2024-11-28,Oran,LAI,Fpar,0.360483870967742
2024-11-28,TzM,LAI,Fpar,0.2994838709677419
2024-11-28,Oran,LAI,Lai,0.5225806451612903
2024-11-28,TzM,LAI,Lai,0.30580645161290326
2024-12-02,Oran,LAI,Fpar,0.3214516129032258
2024-12-02,TzM,LAI,Fpar,0.24935483870967745
2024-12-02,Oran,LAI,Lai,0.4290322580645161
2024-12-02,TzM,LAI,Lai,0.24516129032258066
2024-12-06,Oran,LAI,Fpar,0.35225806451612907
2024-12-06,TzM,LAI,Fpar,0.14458064516129032
2024-12-06,Oran,LAI,Lai,0.47580645161290325
2024-12-06,TzM,LAI,Lai,0.19161290322580646
2024-12-10,Oran,LAI,Fpar,0.3125806451612903
2024-12-10,TzM,LAI,Fpar,0.2529032258064517
2024-12-10,Oran,LAI,Lai,0.4290322580645161
2024-12-10,TzM,LAI,Lai,0.26903225806451614
2024-12-14,Oran,LAI,Fpar,0.3312903225806451
2024-12-14,TzM,LAI,Fpar,0.24948387096774194
2024-12-14,Oran,LAI,Lai,0.4580645161290323
2024-12-14,TzM,LAI,Lai,0.2858064516129033
2024-12-18,Oran,LAI,Fpar,0.2670967741935484
2024-12-18,TzM,LAI,Fpar,0.19322580645161289
2024-12-18,Oran,LAI,Lai,0.29677419354838713
2024-12-18,TzM,LAI,Lai,0.2
2024-12-22,Oran,LAI,Fpar,0.3240322580645162
2024-12-22,TzM,LAI,Fpar,0.2064516129032258
2024-12-22,Oran,LAI,Lai,0.46129032258064523
2024-12-22,TzM,LAI,Lai,0.23096774193548386
2024-12-26,Oran,LAI,Fpar,0.35370967741935483
2024-12-26,TzM,LAI,Fpar,0.15941935483870967
2024-12-26,Oran,LAI,Lai,0.49354838709677423
2024-12-26,TzM,LAI,Lai,0.2
2024-12-30,Oran,LAI,Fpar,0.3337096774193548
2024-12-30,TzM,LAI,Fpar,0.3561290322580646
2024-12-30,Oran,LAI,Lai,0.44354838709677424
2024-12-30,TzM,LAI,Lai,0.44838709677419364
2018-01-01,Oran,LST,LST_Day_1km,11.467777777777826
2018-01-01,TzM,LST,LST_Day_1km,6.559230769230737
2018-01-05,Oran,LST,LST_Day_1km,12.561111111111188
2018-01-07,Oran,LST,LST_Day_1km,6.512222222222249
2018-01-07,TzM,LST,LST_Day_1km,3.5100000000000477
2018-01-08,Oran,LST,LST_Day_1km,9.867777777777803
2018-01-08,TzM,LST,LST_Day_1km,8.914615384615445
2018-01-12,Oran,LST,LST_Day_1km,8.538888888888891
2018-01-12,TzM,LST,LST_Day_1km,8.760000000000048
2018-01-15,Oran,LST,LST_Day_1km,8.934444444444523
2018-01-15,TzM,LST,LST_Day_1km,11.152307692307716
2018-01-16,Oran,LST,LST_Day_1km,10.84555555555562
2018-01-16,TzM,LST,LST_Day_1km,9.661538461538498
2018-01-17,Oran,LST,LST_Day_1km,13.53222222222223
2018-01-17,TzM,LST,LST_Day_1km,10.780769230769238
2018-01-18,Oran,LST,LST_Day_1km,11.123333333333335
2018-01-18,TzM,LST,LST_Day_1km,10.852307692307704
2018-01-19,TzM,LST,LST_Day_1km,11.16384615384618
2018-01-20,TzM,LST,LST_Day_1km,5.830769230769192
2018-01-21,Oran,LST,LST_Day_1km,15.463333333333367
2018-01-21,TzM,LST,LST_Day_1km,15.11307692307696
2018-01-22,Oran,LST,LST_Day_1km,17.598888888888837
2018-01-22,TzM,LST,LST_Day_1km,15.113846153846225
2018-01-23,Oran,LST,LST_Day_1km,14.141111111111172
2018-01-23,TzM,LST,LST_Day_1km,15.463846153846191
2018-01-24,Oran,LST,LST_Day_1km,17.876666666666665
2018-01-24,TzM,LST,LST_Day_1km,10.79000000000002
2018-01-26,Oran,LST,LST_Day_1km,6.3250000000000455
2018-01-26,TzM,LST,LST_Day_1km,6.972307692307709
2018-01-27,TzM,LST,LST_Day_1km,9.270000000000039
2018-01-30,Oran,LST,LST_Day_1km,10.150000000000034
2018-01-30,TzM,LST,LST_Day_1km,10.586923076923142
2018-01-31,Oran,LST,LST_Day_1km,9.303333333333342
2018-01-31,TzM,LST,LST_Day_1km,7.733076923076908
2018-02-01,Oran,LST,LST_Day_1km,11.34111111111116
2018-02-02,TzM,LST,LST_Day_1km,5.4015384615384505
2018-02-03,Oran,LST,LST_Day_1km,5.770000000000039
2018-02-03,TzM,LST,LST_Day_1km,6.152307692307716
2018-02-05,Oran,LST,LST_Day_1km,-1.1566666666666379
2018-02-07,Oran,LST,LST_Day_1km,5.843333333333362
2018-02-07,TzM,LST,LST_Day_1km,8.574615384615413
2018-02-08,Oran,LST,LST_Day_1km,5.9722222222222285
2018-02-08,TzM,LST,LST_Day_1km,7.6938461538461524
2018-02-09,Oran,LST,LST_Day_1km,7.243333333333339
2018-02-09,TzM,LST,LST_Day_1km,7.516153846153884
2018-02-11,Oran,LST,LST_Day_1km,13.441111111111184
2018-02-11,TzM,LST,LST_Day_1km,13.776153846153875
2018-02-13,Oran,LST,LST_Day_1km,2.3233333333333235
2018-02-13,TzM,LST,LST_Day_1km,9.023076923076928
2018-02-15,Oran,LST,LST_Day_1km,17.08333333333337
2018-02-15,TzM,LST,LST_Day_1km,18.625384615384576
2018-02-16,TzM,LST,LST_Day_1km,14.130769230769204
2018-02-17,Oran,LST,LST_Day_1km,16.33000000000004
2018-02-17,TzM,LST,LST_Day_1km,17.005384615384628
2018-02-19,TzM,LST,LST_Day_1km,18.24769230769232
2018-02-20,Oran,LST,LST_Day_1km,16.77222222222224
2018-02-20,TzM,LST,LST_Day_1km,19.305384615384696
2018-02-22,Oran,LST,LST_Day_1km,11.774444444444441
2018-02-22,TzM,LST,LST_Day_1km,15.865384615384698
2018-02-23,Oran,LST,LST_Day_1km,14.523333333333369
2018-02-23,TzM,LST,LST_Day_1km,18.826153846153886
2018-02-24,Oran,LST,LST_Day_1km,14.896666666666647
2018-02-24,TzM,LST,LST_Day_1km,17.6223076923078
2018-02-25,Oran,LST,LST_Day_1km,18.196666666666715
2018-02-25,TzM,LST,LST_Day_1km,19.49692307692311
2018-02-26,Oran,LST,LST_Day_1km,20.910000000000025
2018-02-26,TzM,LST,LST_Day_1km,22.344615384615395
2018-03-03,TzM,LST,LST_Day_1km,10.393076923076933
2018-03-07,Oran,LST,LST_Day_1km,12.054444444444528
2018-03-07,TzM,LST,LST_Day_1km,11.900769230769185
2018-03-10,Oran,LST,LST_Day_1km,22.685555555555595
2018-03-11,Oran,LST,LST_Day_1km,8.981428571428637
2018-03-11,TzM,LST,LST_Day_1km,8.650769230769185
2018-03-12,Oran,LST,LST_Day_1km,12.736666666666679
2018-03-12,TzM,LST,LST_Day_1km,9.830000000000041
2018-03-13,Oran,LST,LST_Day_1km,6.150000000000034
2018-03-13,TzM,LST,LST_Day_1km,11.099230769230758
2018-03-18,TzM,LST,LST_Day_1km,7.450769230769197
2018-03-20,Oran,LST,LST_Day_1km,2.5966666666666924
2018-03-21,Oran,LST,LST_Day_1km,12.158888888888896
2018-03-21,TzM,LST,LST_Day_1km,16.250000000000057
2018-03-22,Oran,LST,LST_Day_1km,14.156666666666695
2018-03-22,TzM,LST,LST_Day_1km,19.419230769230865
2018-03-26,TzM,LST,LST_Day_1km,17.690000000000055
2018-03-27,Oran,LST,LST_Day_1km,22.52333333333337
2018-03-27,TzM,LST,LST_Day_1km,21.75
2018-03-28,Oran,LST,LST_Day_1km,29.423333333333403
2018-03-28,TzM,LST,LST_Day_1km,26.612307692307752
2018-03-29,Oran,LST,LST_Day_1km,19.31888888888892
2018-04-05,Oran,LST,LST_Day_1km,28.405555555555566
2018-04-05,TzM,LST,LST_Day_1km,28.66384615384618
2018-04-13,Oran,LST,LST_Day_1km,13.830000000000041
2018-04-14,Oran,LST,LST_Day_1km,20.132222222222197
2018-04-14,TzM,LST,LST_Day_1km,21.590000000000032
2018-04-17,Oran,LST,LST_Day_1km,26.954444444444505
2018-04-17,TzM,LST,LST_Day_1km,25.990769230769217
2018-04-18,Oran,LST,LST_Day_1km,30.358888888888885
2018-04-18,TzM,LST,LST_Day_1km,28.836923076923142
2018-04-19,Oran,LST,LST_Day_1km,23.32111111111118
2018-04-19,TzM,LST,LST_Day_1km,23.190000000000055
2018-04-22,Oran,LST,LST_Day_1km,24.774444444444498
2018-04-25,TzM,LST,LST_Day_1km,17.750000000000057
2018-04-26,TzM,LST,LST_Day_1km,25.99000000000001
2018-04-27,Oran,LST,LST_Day_1km,33.11666666666673
2018-04-27,TzM,LST,LST_Day_1km,26.182307692307745
2018-04-28,Oran,LST,LST_Day_1km,29.661111111111154
2018-04-28,TzM,LST,LST_Day_1km,27.603846153846177
2018-04-29,TzM,LST,LST_Day_1km,18.1753846153847
2018-05-01,Oran,LST,LST_Day_1km,24.77000000000004
2018-05-01,TzM,LST,LST_Day_1km,27.18076923076933
2018-05-02,TzM,LST,LST_Day_1km,24.810000000000002
2018-05-03,Oran,LST,LST_Day_1km,27.3344444444445
2018-05-04,Oran,LST,LST_Day_1km,32.07222222222225
2018-05-04,TzM,LST,LST_Day_1km,30.24692307692311
2018-05-06,Oran,LST,LST_Day_1km,27.625
2018-05-06,TzM,LST,LST_Day_1km,29.459230769230714
2018-05-07,Oran,LST,LST_Day_1km,25.130000000000052
2018-05-07,TzM,LST,LST_Day_1km,28.950000000000045
2018-05-08,TzM,LST,LST_Day_1km,34.6084615384616
2018-05-09,Oran,LST,LST_Day_1km,25.934444444444466
2018-05-09,TzM,LST,LST_Day_1km,31.416923076923126
2018-05-11,Oran,LST,LST_Day_1km,27.70999999999998
2018-05-11,TzM,LST,LST_Day_1km,32.36615384615385
2018-05-13,Oran,LST,LST_Day_1km,29.50555555555559
2018-05-13,TzM,LST,LST_Day_1km,28.440769230769206
2018-05-14,Oran,LST,LST_Day_1km,24.576666666666654
2018-05-15,Oran,LST,LST_Day_1km,33.374444444444464
2018-05-15,TzM,LST,LST_Day_1km,34.276153846153875
2018-05-16,Oran,LST,LST_Day_1km,32.627777777777794
2018-05-16,TzM,LST,LST_Day_1km,33.57846153846151
2018-05-17,Oran,LST,LST_Day_1km,32.105555555555554
2018-05-17,TzM,LST,LST_Day_1km,32.33615384615388
2018-05-18,Oran,LST,LST_Day_1km,29.79222222222222
2018-05-18,TzM,LST,LST_Day_1km,31.78307692307692
2018-05-19,TzM,LST,LST_Day_1km,30.318461538461577
2018-05-20,Oran,LST,LST_Day_1km,36.31
2018-05-20,TzM,LST,LST_Day_1km,27.208461538461563
2018-05-21,Oran,LST,LST_Day_1km,25.05000000000001
2018-05-21,TzM,LST,LST_Day_1km,29.170000000000016
2018-05-22,Oran,LST,LST_Day_1km,36.776666666666756
2018-05-22,TzM,LST,LST_Day_1km,33.89153846153846
2018-05-26,TzM,LST,LST_Day_1km,30.35615384615386
2018-05-29,Oran,LST,LST_Day_1km,24.440000000000055
2018-05-31,TzM,LST,LST_Day_1km,27.380769230769204
2018-06-01,Oran,LST,LST_Day_1km,28.50333333333333
2018-06-05,TzM,LST,LST_Day_1km,26.15615384615387
2018-06-07,Oran,LST,LST_Day_1km,25.810000000000002
2018-06-07,TzM,LST,LST_Day_1km,23.076153846153886
2018-06-09,Oran,LST,LST_Day_1km,31.32111111111118
2018-06-10,Oran,LST,LST_Day_1km,26.323333333333323
2018-06-10,TzM,LST,LST_Day_1km,27.094615384615395
2018-06-11,Oran,LST,LST_Day_1km,24.01666666666665
2018-06-12,Oran,LST,LST_Day_1km,27.8344444444445
2018-06-12,TzM,LST,LST_Day_1km,27.66923076923075
2018-06-13,Oran,LST,LST_Day_1km,29.110000000000127
2018-06-13,TzM,LST,LST_Day_1km,32.04461538461544
2018-06-14,Oran,LST,LST_Day_1km,34.94777777777779
2018-06-14,TzM,LST,LST_Day_1km,34.96230769230772
2018-06-15,Oran,LST,LST_Day_1km,33.8344444444445
2018-06-15,TzM,LST,LST_Day_1km,37.04692307692312
2018-06-16,Oran,LST,LST_Day_1km,37.60111111111115
2018-06-16,TzM,LST,LST_Day_1km,40.11923076923085
2018-06-17,Oran,LST,LST_Day_1km,38.15666666666664
2018-06-17,TzM,LST,LST_Day_1km,40.8723076923078
2018-06-18,Oran,LST,LST_Day_1km,36.27000000000004
2018-06-18,TzM,LST,LST_Day_1km,37.20538461538462
2018-06-19,Oran,LST,LST_Day_1km,36.565555555555534
2018-06-19,TzM,LST,LST_Day_1km,39.443076923076944
2018-06-20,Oran,LST,LST_Day_1km,34.99666666666667
2018-06-20,TzM,LST,LST_Day_1km,37.14307692307693
2018-06-21,Oran,LST,LST_Day_1km,42.127777777777794
2018-06-21,TzM,LST,LST_Day_1km,42.7430769230769
2018-06-22,Oran,LST,LST_Day_1km,37.18555555555554
2018-06-22,TzM,LST,LST_Day_1km,38.709230769230714
2018-06-23,Oran,LST,LST_Day_1km,41.95222222222225
2018-06-23,TzM,LST,LST_Day_1km,43.49923076923085
2018-06-24,Oran,LST,LST_Day_1km,38.48555555555555
2018-06-24,TzM,LST,LST_Day_1km,38.67615384615385
2018-06-25,Oran,LST,LST_Day_1km,40.35222222222228
2018-06-25,TzM,LST,LST_Day_1km,40.373846153846216
2018-06-26,Oran,LST,LST_Day_1km,38.85222222222228
2018-06-26,TzM,LST,LST_Day_1km,39.928461538461534
2018-06-27,Oran,LST,LST_Day_1km,39.75000000000006
2018-06-27,TzM,LST,LST_Day_1km,38.80307692307696
2018-06-28,Oran,LST,LST_Day_1km,43.938888888888926
2018-06-28,TzM,LST,LST_Day_1km,38.7638461538462
2018-06-29,Oran,LST,LST_Day_1km,33.118888888888875
2018-06-30,Oran,LST,LST_Day_1km,39.7766666666667
2018-06-30,TzM,LST,LST_Day_1km,37.144615384615406
2018-07-01,Oran,LST,LST_Day_1km,29.670000000000016
2018-07-01,TzM,LST,LST_Day_1km,34.73000000000002
2018-07-02,Oran,LST,LST_Day_1km,41.883333333333326
2018-07-02,TzM,LST,LST_Day_1km,40.52307692307693
2018-07-03,Oran,LST,LST_Day_1km,42.40555555555562
2018-07-03,TzM,LST,LST_Day_1km,42.339999999999975
2018-07-04,Oran,LST,LST_Day_1km,44.410000000000025
2018-07-04,TzM,LST,LST_Day_1km,41.61461538461543
2018-07-05,Oran,LST,LST_Day_1km,40.494444444444525
2018-07-05,TzM,LST,LST_Day_1km,40.26000000000005
2018-07-06,Oran,LST,LST_Day_1km,38.205555555555634
2018-07-06,TzM,LST,LST_Day_1km,38.963076923076926
2018-07-07,Oran,LST,LST_Day_1km,36.3655555555556
2018-07-07,TzM,LST,LST_Day_1km,31.690000000000055
2018-07-08,Oran,LST,LST_Day_1km,36.01666666666671
2018-07-08,TzM,LST,LST_Day_1km,37.47692307692307
2018-07-09,Oran,LST,LST_Day_1km,47.916666666666686
2018-07-09,TzM,LST,LST_Day_1km,46.283846153846184
2018-07-10,Oran,LST,LST_Day_1km,44.29888888888888
2018-07-10,TzM,LST,LST_Day_1km,42.7607692307692
2018-07-11,Oran,LST,LST_Day_1km,42.2477777777778
2018-07-11,TzM,LST,LST_Day_1km,40.48538461538459
2018-07-12,Oran,LST,LST_Day_1km,42.23000000000002
2018-07-12,TzM,LST,LST_Day_1km,43.28769230769234
2018-07-13,Oran,LST,LST_Day_1km,33.236666666666736
2018-07-13,TzM,LST,LST_Day_1km,32.81076923076921
2018-07-14,Oran,LST,LST_Day_1km,45.71000000000009
2018-07-14,TzM,LST,LST_Day_1km,44.66230769230771
2018-07-15,Oran,LST,LST_Day_1km,33.23444444444442
2018-07-15,TzM,LST,LST_Day_1km,34.788461538461604
2018-07-16,Oran,LST,LST_Day_1km,41.06111111111119
2018-07-16,TzM,LST,LST_Day_1km,38.89153846153846
2018-07-17,Oran,LST,LST_Day_1km,40.38111111111118
2018-07-17,TzM,LST,LST_Day_1km,42.5107692307692
2018-07-18,Oran,LST,LST_Day_1km,41.874444444444464
2018-07-18,TzM,LST,LST_Day_1km,44.2215384615385
2018-07-19,Oran,LST,LST_Day_1km,44.45222222222225
2018-07-19,TzM,LST,LST_Day_1km,44.52384615384619
2018-07-20,Oran,LST,LST_Day_1km,38.76777777777778
2018-07-20,TzM,LST,LST_Day_1km,40.076923076923094
2018-07-21,Oran,LST,LST_Day_1km,44.58777777777783
2018-07-21,TzM,LST,LST_Day_1km,42.6061538461538
2018-07-22,TzM,LST,LST_Day_1km,33.42692307692312
2018-07-23,Oran,LST,LST_Day_1km,44.26555555555552
2018-07-23,TzM,LST,LST_Day_1km,45.99769230769232
2018-07-24,Oran,LST,LST_Day_1km,41.52111111111117
2018-07-24,TzM,LST,LST_Day_1km,40.16538461538465
2018-07-25,Oran,LST,LST_Day_1km,49.07888888888891
2018-07-25,TzM,LST,LST_Day_1km,45.10000000000002
2018-07-26,Oran,LST,LST_Day_1km,45.158888888888896
2018-07-26,TzM,LST,LST_Day_1km,43.67692307692312
2018-07-27,Oran,LST,LST_Day_1km,48.70111111111106
2018-07-27,TzM,LST,LST_Day_1km,46.699230769230724
2018-07-28,Oran,LST,LST_Day_1km,46.28333333333336
2018-07-28,TzM,LST,LST_Day_1km,44.00769230769231
2018-07-29,Oran,LST,LST_Day_1km,44.34555555555556
2018-07-29,TzM,LST,LST_Day_1km,40.93307692307695
2018-07-30,Oran,LST,LST_Day_1km,48.10777777777781
2018-07-30,TzM,LST,LST_Day_1km,45.08846153846156
2018-07-31,Oran,LST,LST_Day_1km,43.50333333333333
2018-07-31,TzM,LST,LST_Day_1km,43.09000000000003
2018-08-01,Oran,LST,LST_Day_1km,46.6877777777778
2018-08-01,TzM,LST,LST_Day_1km,45.71153846153845
2018-08-02,Oran,LST,LST_Day_1km,44.48777777777781
2018-08-02,TzM,LST,LST_Day_1km,45.33000000000004
2018-08-03,Oran,LST,LST_Day_1km,48.22555555555556
2018-08-03,TzM,LST,LST_Day_1km,47.45615384615388
2018-08-04,Oran,LST,LST_Day_1km,47.358888888888885
2018-08-04,TzM,LST,LST_Day_1km,45.1823076923078
2018-08-05,Oran,LST,LST_Day_1km,43.085555555555516
2018-08-05,TzM,LST,LST_Day_1km,43.351538461538496
2018-08-06,Oran,LST,LST_Day_1km,47.47222222222223
2018-08-06,TzM,LST,LST_Day_1km,45.884615384615415
2018-08-07,Oran,LST,LST_Day_1km,37.04111111111115
2018-08-08,TzM,LST,LST_Day_1km,42.02923076923082
2018-08-09,Oran,LST,LST_Day_1km,34.97000000000003
2018-08-09,TzM,LST,LST_Day_1km,36.439230769230846
2018-08-10,Oran,LST,LST_Day_1km,38.605555555555554
2018-08-10,TzM,LST,LST_Day_1km,38.59384615384619
2018-08-11,Oran,LST,LST_Day_1km,36.04111111111115
2018-08-11,TzM,LST,LST_Day_1km,34.63000000000005
2018-08-12,Oran,LST,LST_Day_1km,44.34111111111116
2018-08-12,TzM,LST,LST_Day_1km,42.52923076923082
2018-08-13,Oran,LST,LST_Day_1km,43.8366666666667
2018-08-13,TzM,LST,LST_Day_1km,42.04769230769233
2018-08-14,Oran,LST,LST_Day_1km,44.79444444444454
2018-08-14,TzM,LST,LST_Day_1km,41.83230769230772
2018-08-15,Oran,LST,LST_Day_1km,40.374444444444464
2018-08-15,TzM,LST,LST_Day_1km,39.18615384615384
2018-08-17,Oran,LST,LST_Day_1km,36.325555555555525
2018-08-17,TzM,LST,LST_Day_1km,37.82538461538468
2018-08-18,Oran,LST,LST_Day_1km,31.84111111111116
2018-08-19,TzM,LST,LST_Day_1km,33.54076923076923
2018-08-20,Oran,LST,LST_Day_1km,40.903333333333364
2018-08-20,TzM,LST,LST_Day_1km,38.9784615384616
2018-08-21,Oran,LST,LST_Day_1km,42.416666666666686
2018-08-21,TzM,LST,LST_Day_1km,39.47769230769234
2018-08-22,Oran,LST,LST_Day_1km,44.156666666666695
2018-08-22,TzM,LST,LST_Day_1km,41.74538461538464
2018-08-23,Oran,LST,LST_Day_1km,40.374444444444464
2018-08-23,TzM,LST,LST_Day_1km,39.63769230769236
2018-08-24,Oran,LST,LST_Day_1km,44.938888888888926
2018-08-24,TzM,LST,LST_Day_1km,40.301538461538485
2018-08-25,Oran,LST,LST_Day_1km,39.31222222222226
2018-08-25,TzM,LST,LST_Day_1km,36.90769230769229
2018-08-26,Oran,LST,LST_Day_1km,41.09666666666669
2018-08-26,TzM,LST,LST_Day_1km,38.77769230769235
2018-08-27,Oran,LST,LST_Day_1km,38.80333333333334
2018-08-27,TzM,LST,LST_Day_1km,40.06538461538463
2018-08-28,Oran,LST,LST_Day_1km,37.47888888888889
2018-08-28,TzM,LST,LST_Day_1km,35.19384615384621
2018-08-29,Oran,LST,LST_Day_1km,38.21888888888884
2018-08-29,TzM,LST,LST_Day_1km,38.61461538461543
2018-08-30,Oran,LST,LST_Day_1km,36.3277777777779
2018-08-30,TzM,LST,LST_Day_1km,33.56769230769231
2018-08-31,Oran,LST,LST_Day_1km,41.543333333333294
2018-08-31,TzM,LST,LST_Day_1km,40.43923076923073
2018-09-01,Oran,LST,LST_Day_1km,33.29888888888888
2018-09-01,TzM,LST,LST_Day_1km,33.899230769230826
2018-09-02,Oran,LST,LST_Day_1km,39.870000000000005
2018-09-02,TzM,LST,LST_Day_1km,39.41538461538465
2018-09-04,Oran,LST,LST_Day_1km,31.653333333333364
2018-09-04,TzM,LST,LST_Day_1km,30.974615384615447
2018-09-05,Oran,LST,LST_Day_1km,32.45666666666665
2018-09-05,TzM,LST,LST_Day_1km,33.06153846153853
2018-09-06,Oran,LST,LST_Day_1km,35.37444444444452
2018-09-06,TzM,LST,LST_Day_1km,33.196153846153834
2018-09-07,Oran,LST,LST_Day_1km,33.3122222222222
2018-09-07,TzM,LST,LST_Day_1km,32.36615384615385
2018-09-11,TzM,LST,LST_Day_1km,25.10076923076923
2018-09-12,TzM,LST,LST_Day_1km,28.129230769230844
2018-09-13,Oran,LST,LST_Day_1km,33.17444444444442
2018-09-13,TzM,LST,LST_Day_1km,31.0107692307692
2018-09-14,TzM,LST,LST_Day_1km,30.039230769230755
2018-09-15,TzM,LST,LST_Day_1km,26.182307692307745
2018-09-16,Oran,LST,LST_Day_1km,30.61222222222227
2018-09-16,TzM,LST,LST_Day_1km,32.6369230769231
2018-09-17,TzM,LST,LST_Day_1km,26.50923076923084
2018-09-18,Oran,LST,LST_Day_1km,33.99000000000001
2018-09-18,TzM,LST,LST_Day_1km,26.84538461538466
2018-09-19,Oran,LST,LST_Day_1km,28.31888888888892
2018-09-19,TzM,LST,LST_Day_1km,27.223846153846182
2018-09-20,Oran,LST,LST_Day_1km,34.961111111111165
2018-09-20,TzM,LST,LST_Day_1km,30.526153846153875
2018-09-21,Oran,LST,LST_Day_1km,34.51888888888891
2018-09-21,TzM,LST,LST_Day_1km,32.65846153846155
2018-09-22,Oran,LST,LST_Day_1km,36.123333333333335
2018-09-22,TzM,LST,LST_Day_1km,22.38615384615383
2018-09-23,Oran,LST,LST_Day_1km,38.43000000000001
2018-09-23,TzM,LST,LST_Day_1km,34.7815384615385
2018-09-24,Oran,LST,LST_Day_1km,35.57666666666677
2018-09-24,TzM,LST,LST_Day_1km,32.26692307692309
2018-09-25,Oran,LST,LST_Day_1km,33.887777777777785
2018-09-25,TzM,LST,LST_Day_1km,31.789230769230755
2018-09-28,Oran,LST,LST_Day_1km,32.2766666666667
2018-09-28,TzM,LST,LST_Day_1km,30.876923076923106
2018-09-29,Oran,LST,LST_Day_1km,33.63222222222225
2018-09-29,TzM,LST,LST_Day_1km,31.41153846153844
2018-09-30,Oran,LST,LST_Day_1km,33.201111111111175
2018-09-30,TzM,LST,LST_Day_1km,33.60538461538465
2018-10-01,Oran,LST,LST_Day_1km,31.943333333333328
2018-10-02,Oran,LST,LST_Day_1km,29.756666666666717
2018-10-02,TzM,LST,LST_Day_1km,29.893846153846198
2018-10-03,Oran,LST,LST_Day_1km,31.25888888888892
2018-10-03,TzM,LST,LST_Day_1km,28.75230769230774
2018-10-04,Oran,LST,LST_Day_1km,34.66333333333341
2018-10-04,TzM,LST,LST_Day_1km,32.97000000000003
2018-10-05,Oran,LST,LST_Day_1km,31.861111111111143
2018-10-05,TzM,LST,LST_Day_1km,30.547692307692273
2018-10-06,Oran,LST,LST_Day_1km,33.99000000000001
2018-10-06,TzM,LST,LST_Day_1km,31.467692307692346
2018-10-07,TzM,LST,LST_Day_1km,29.4538461538462
2018-10-08,Oran,LST,LST_Day_1km,28.463333333333367
2018-10-08,TzM,LST,LST_Day_1km,28.08769230769235
2018-10-12,Oran,LST,LST_Day_1km,24.25
2018-10-12,TzM,LST,LST_Day_1km,23.670000000000016
2018-10-13,Oran,LST,LST_Day_1km,30.67444444444442
2018-10-13,TzM,LST,LST_Day_1km,31.374615384615424
2018-10-14,Oran,LST,LST_Day_1km,19.683333333333337
2018-10-16,Oran,LST,LST_Day_1km,24.34777777777782
2018-10-16,TzM,LST,LST_Day_1km,24.112307692307752
2018-10-17,Oran,LST,LST_Day_1km,24.029999999999973
2018-10-17,TzM,LST,LST_Day_1km,25.531538461538446
2018-10-20,Oran,LST,LST_Day_1km,19.563333333333333
2018-10-20,TzM,LST,LST_Day_1km,17.07307692307694
2018-10-22,Oran,LST,LST_Day_1km,25.27222222222224
2018-10-22,TzM,LST,LST_Day_1km,23.34769230769234
2018-10-23,Oran,LST,LST_Day_1km,22.680000000000007
2018-10-23,TzM,LST,LST_Day_1km,24.00384615384621
2018-10-24,Oran,LST,LST_Day_1km,25.30333333333334
2018-10-24,TzM,LST,LST_Day_1km,23.363846153846225
2018-10-25,Oran,LST,LST_Day_1km,28.965555555555568
2018-10-25,TzM,LST,LST_Day_1km,28.288461538461604
2018-11-01,TzM,LST,LST_Day_1km,12.423846153846227
2018-11-02,TzM,LST,LST_Day_1km,12.761538461538464
2018-11-03,Oran,LST,LST_Day_1km,9.952222222222247
2018-11-03,TzM,LST,LST_Day_1km,14.513076923076937
2018-11-04,Oran,LST,LST_Day_1km,10.685555555555538
2018-11-07,Oran,LST,LST_Day_1km,13.58777777777783
2018-11-09,TzM,LST,LST_Day_1km,9.987692307692328
2018-11-11,Oran,LST,LST_Day_1km,18.521111111111168
2018-11-11,TzM,LST,LST_Day_1km,16.119230769230853
2018-11-12,Oran,LST,LST_Day_1km,10.25444444444446
2018-11-12,TzM,LST,LST_Day_1km,9.06230769230774
2018-11-17,Oran,LST,LST_Day_1km,15.610000000000014
2018-11-24,Oran,LST,LST_Day_1km,10.698888888888916
2018-11-25,Oran,LST,LST_Day_1km,13.583333333333371
2018-11-26,Oran,LST,LST_Day_1km,10.692222222222256
2018-11-26,TzM,LST,LST_Day_1km,10.278461538461613
2018-11-27,TzM,LST,LST_Day_1km,6.1792307692308555
2018-11-28,Oran,LST,LST_Day_1km,10.416666666666686
2018-11-28,TzM,LST,LST_Day_1km,9.553076923076958
2018-11-29,Oran,LST,LST_Day_1km,12.625555555555536
2018-11-29,TzM,LST,LST_Day_1km,9.04923076923086
2018-11-30,Oran,LST,LST_Day_1km,11.152222222222235
2018-11-30,TzM,LST,LST_Day_1km,9.927692307692269
2018-12-02,Oran,LST,LST_Day_1km,5.758888888888919
2018-12-02,TzM,LST,LST_Day_1km,9.470769230769235
2018-12-03,TzM,LST,LST_Day_1km,11.130000000000052
2018-12-04,Oran,LST,LST_Day_1km,15.56333333333339
2018-12-04,TzM,LST,LST_Day_1km,15.139230769230721
2018-12-05,Oran,LST,LST_Day_1km,17.11444444444453
2018-12-05,TzM,LST,LST_Day_1km,15.446153846153834
2018-12-06,Oran,LST,LST_Day_1km,14.838888888888903
2018-12-06,TzM,LST,LST_Day_1km,14.07307692307694
2018-12-07,Oran,LST,LST_Day_1km,14.856666666666683
2018-12-08,Oran,LST,LST_Day_1km,11.665555555555557
2018-12-09,Oran,LST,LST_Day_1km,15.170000000000016
2018-12-09,TzM,LST,LST_Day_1km,14.770000000000039
2018-12-10,Oran,LST,LST_Day_1km,11.254444444444516
2018-12-10,TzM,LST,LST_Day_1km,12.143846153846198
2018-12-14,Oran,LST,LST_Day_1km,8.027777777777828
2018-12-14,TzM,LST,LST_Day_1km,8.067692307692312
2018-12-15,TzM,LST,LST_Day_1km,7.250000000000057
2018-12-16,Oran,LST,LST_Day_1km,11.198888888888916
2018-12-17,Oran,LST,LST_Day_1km,11.138888888888914
2018-12-17,TzM,LST,LST_Day_1km,9.593076923076978
2018-12-19,Oran,LST,LST_Day_1km,8.990000000000009
2018-12-19,TzM,LST,LST_Day_1km,10.73692307692312
2018-12-24,TzM,LST,LST_Day_1km,7.670000000000016
2018-12-26,Oran,LST,LST_Day_1km,11.152222222222235
2018-12-26,TzM,LST,LST_Day_1km,10.999230769230849
2018-12-27,TzM,LST,LST_Day_1km,10.642307692307725
2018-12-28,Oran,LST,LST_Day_1km,7.4500000000000455
2018-12-29,TzM,LST,LST_Day_1km,9.927692307692269
2018-12-30,Oran,LST,LST_Day_1km,9.505555555555532
2018-12-30,TzM,LST,LST_Day_1km,11.852307692307704
2018-12-31,Oran,LST,LST_Day_1km,12.54333333333335
2018-12-31,TzM,LST,LST_Day_1km,8.008461538461574
2019-01-01,Oran,LST,LST_Day_1km,11.634444444444512
2019-01-01,TzM,LST,LST_Day_1km,10.956153846153882
2019-01-02,Oran,LST,LST_Day_1km,11.934444444444466
2019-01-02,TzM,LST,LST_Day_1km,11.470000000000027
2019-01-03,Oran,LST,LST_Day_1km,8.943333333333385
2019-01-03,TzM,LST,LST_Day_1km,9.776153846153875
2019-01-04,Oran,LST,LST_Day_1km,10.53000000000003
2019-01-04,TzM,LST,LST_Day_1km,10.736153846153854
2019-01-05,Oran,LST,LST_Day_1km,7.3944444444445026
2019-01-05,TzM,LST,LST_Day_1km,7.978461538461545
2019-01-06,Oran,LST,LST_Day_1km,11.430000000000007
2019-01-06,TzM,LST,LST_Day_1km,11.024615384615402
2019-01-07,Oran,LST,LST_Day_1km,8.160000000000025
2019-01-07,TzM,LST,LST_Day_1km,7.998461538461527
2019-01-08,Oran,LST,LST_Day_1km,9.443333333333328
2019-01-08,TzM,LST,LST_Day_1km,12.076923076923094
2019-01-09,Oran,LST,LST_Day_1km,10.612222222222272
2019-01-09,TzM,LST,LST_Day_1km,12.796923076923122
2019-01-10,Oran,LST,LST_Day_1km,7.434444444444523
2019-01-10,TzM,LST,LST_Day_1km,10.494615384615429
2019-01-11,Oran,LST,LST_Day_1km,6.370000000000061
2019-01-11,TzM,LST,LST_Day_1km,9.326153846153886
2019-01-12,Oran,LST,LST_Day_1km,8.463333333333367
2019-01-12,TzM,LST,LST_Day_1km,10.589230769230824
2019-01-13,Oran,LST,LST_Day_1km,6.967777777777826
2019-01-13,TzM,LST,LST_Day_1km,9.083846153846196
2019-01-14,Oran,LST,LST_Day_1km,11.996666666666727
2019-01-14,TzM,LST,LST_Day_1km,11.78307692307692
2019-01-15,Oran,LST,LST_Day_1km,13.241111111111138
2019-01-15,TzM,LST,LST_Day_1km,14.52076923076919
2019-01-16,Oran,LST,LST_Day_1km,12.178888888888878
2019-01-16,TzM,LST,LST_Day_1km,10.192307692307736
2019-01-18,Oran,LST,LST_Day_1km,4.769999999999982
2019-01-19,Oran,LST,LST_Day_1km,8.76777777777778
2019-01-19,TzM,LST,LST_Day_1km,2.650000000000034
2019-01-20,TzM,LST,LST_Day_1km,6.113846153846225
2019-01-21,Oran,LST,LST_Day_1km,7.025555555555627
2019-01-21,TzM,LST,LST_Day_1km,7.811538461538532
2019-01-23,Oran,LST,LST_Day_1km,7.027777777777828
2019-01-23,TzM,LST,LST_Day_1km,7.160769230769233
2019-01-25,Oran,LST,LST_Day_1km,12.421111111111145
2019-01-25,TzM,LST,LST_Day_1km,15.038461538461604
2019-01-26,Oran,LST,LST_Day_1km,13.912222222222283
2019-01-26,TzM,LST,LST_Day_1km,16.023846153846193
2019-01-27,Oran,LST,LST_Day_1km,11.010000000000048
2019-01-27,TzM,LST,LST_Day_1km,13.252307692307738
2019-01-28,Oran,LST,LST_Day_1km,9.814444444444462
2019-01-28,TzM,LST,LST_Day_1km,11.01230769230773
2019-01-30,TzM,LST,LST_Day_1km,10.107692307692332
2019-01-31,Oran,LST,LST_Day_1km,12.798888888888882
2019-02-01,Oran,LST,LST_Day_1km,8.950000000000045
2019-02-01,TzM,LST,LST_Day_1km,8.153846153846189
2019-02-02,Oran,LST,LST_Day_1km,7.225555555555559
2019-02-02,TzM,LST,LST_Day_1km,7.042307692307702
2019-02-03,Oran,LST,LST_Day_1km,6.1544444444444935
2019-02-03,TzM,LST,LST_Day_1km,5.847692307692341
2019-02-04,Oran,LST,LST_Day_1km,10.392222222222244
2019-02-04,TzM,LST,LST_Day_1km,13.558461538461529
2019-02-05,Oran,LST,LST_Day_1km,16.554444444444528
2019-02-05,TzM,LST,LST_Day_1km,17.576153846153886
2019-02-06,Oran,LST,LST_Day_1km,17.35222222222228
2019-02-06,TzM,LST,LST_Day_1km,17.523076923076985
2019-02-07,Oran,LST,LST_Day_1km,17.863333333333344
2019-02-07,TzM,LST,LST_Day_1km,18.737692307692328
2019-02-08,Oran,LST,LST_Day_1km,15.798888888888882
2019-02-08,TzM,LST,LST_Day_1km,15.31692307692316
2019-02-09,Oran,LST,LST_Day_1km,19.203333333333376
2019-02-09,TzM,LST,LST_Day_1km,18.679230769230855
2019-02-11,Oran,LST,LST_Day_1km,10.390000000000043
2019-02-11,TzM,LST,LST_Day_1km,19.727692307692337
2019-02-12,Oran,LST,LST_Day_1km,16.358888888888885
2019-02-12,TzM,LST,LST_Day_1km,19.360769230769336
2019-02-13,Oran,LST,LST_Day_1km,15.107777777777812
2019-02-13,TzM,LST,LST_Day_1km,16.583076923076987
2019-02-14,Oran,LST,LST_Day_1km,15.53222222222223
2019-02-14,TzM,LST,LST_Day_1km,17.786153846153866
2019-02-16,Oran,LST,LST_Day_1km,17.3033333333334
2019-02-16,TzM,LST,LST_Day_1km,18.46384615384619
2019-02-17,Oran,LST,LST_Day_1km,12.421111111111145
2019-02-17,TzM,LST,LST_Day_1km,18.763076923076994
2019-02-18,Oran,LST,LST_Day_1km,13.510000000000048
2019-02-18,TzM,LST,LST_Day_1km,16.271538461538512
2019-02-19,Oran,LST,LST_Day_1km,15.254444444444516
2019-02-19,TzM,LST,LST_Day_1km,15.081538461538457
2019-02-20,Oran,LST,LST_Day_1km,18.907777777777824
2019-02-20,TzM,LST,LST_Day_1km,18.081538461538457
2019-02-21,Oran,LST,LST_Day_1km,18.894444444444503
2019-02-21,TzM,LST,LST_Day_1km,21.131538461538526
2019-02-22,Oran,LST,LST_Day_1km,21.08000000000004
2019-02-22,TzM,LST,LST_Day_1km,22.180000000000007
2019-02-23,Oran,LST,LST_Day_1km,22.425555555555604
2019-02-23,TzM,LST,LST_Day_1km,22.397692307692353
2019-02-24,Oran,LST,LST_Day_1km,18.30000000000001
2019-02-24,TzM,LST,LST_Day_1km,16.170000000000016
2019-02-25,Oran,LST,LST_Day_1km,21.996666666666727
2019-02-25,TzM,LST,LST_Day_1km,23.624615384615424
2019-02-26,Oran,LST,LST_Day_1km,23.3077777777778
2019-02-26,TzM,LST,LST_Day_1km,24.250000000000057
2019-02-27,Oran,LST,LST_Day_1km,24.410000000000025
2019-02-27,TzM,LST,LST_Day_1km,25.95692307692309
2019-02-28,Oran,LST,LST_Day_1km,24.965555555555568
2019-02-28,TzM,LST,LST_Day_1km,25.334615384615404
2019-03-01,Oran,LST,LST_Day_1km,19.446666666666715
2019-03-01,TzM,LST,LST_Day_1km,26.155384615384662
2019-03-02,TzM,LST,LST_Day_1km,27.178461538461534
2019-03-03,Oran,LST,LST_Day_1km,27.225555555555616
2019-03-03,TzM,LST,LST_Day_1km,25.436923076923108
2019-03-04,Oran,LST,LST_Day_1km,19.51666666666671
2019-03-04,TzM,LST,LST_Day_1km,17.213076923076926
2019-03-09,Oran,LST,LST_Day_1km,24.28111111111116
2019-03-09,TzM,LST,LST_Day_1km,27.786153846153866
2019-03-10,Oran,LST,LST_Day_1km,25.867777777777803
2019-03-10,TzM,LST,LST_Day_1km,26.739230769230858
2019-03-11,Oran,LST,LST_Day_1km,27.372222222222206
2019-03-11,TzM,LST,LST_Day_1km,28.384615384615415
2019-03-12,Oran,LST,LST_Day_1km,26.97888888888889
2019-03-12,TzM,LST,LST_Day_1km,27.06307692307695
2019-03-14,Oran,LST,LST_Day_1km,22.85444444444454
2019-03-14,TzM,LST,LST_Day_1km,25.262307692307786
2019-03-15,Oran,LST,LST_Day_1km,30.163333333333355
2019-03-15,TzM,LST,LST_Day_1km,31.092307692307713
2019-03-16,Oran,LST,LST_Day_1km,31.656666666666695
2019-03-16,TzM,LST,LST_Day_1km,33.581538461538514
2019-03-17,Oran,LST,LST_Day_1km,27.74555555555554
2019-03-17,TzM,LST,LST_Day_1km,25.920000000000016
2019-03-18,Oran,LST,LST_Day_1km,25.927777777777806
2019-03-18,TzM,LST,LST_Day_1km,23.940769230769206
2019-03-19,TzM,LST,LST_Day_1km,19.690000000000055
2019-03-20,TzM,LST,LST_Day_1km,26.205384615384617
2019-03-21,Oran,LST,LST_Day_1km,20.00333333333333
2019-03-21,TzM,LST,LST_Day_1km,21.187692307692316
2019-03-22,Oran,LST,LST_Day_1km,21.670000000000016
2019-03-22,TzM,LST,LST_Day_1km,23.27923076923082
2019-03-24,TzM,LST,LST_Day_1km,24.84307692307692
2019-03-25,Oran,LST,LST_Day_1km,30.25666666666666
2019-03-25,TzM,LST,LST_Day_1km,29.715384615384664
2019-03-26,Oran,LST,LST_Day_1km,23.947777777777787
2019-03-27,Oran,LST,LST_Day_1km,27.063333333333333
2019-03-27,TzM,LST,LST_Day_1km,27.546153846153857
2019-03-28,TzM,LST,LST_Day_1km,24.673846153846227
2019-03-29,Oran,LST,LST_Day_1km,23.714444444444496
2019-03-29,TzM,LST,LST_Day_1km,25.705384615384617
2019-03-30,Oran,LST,LST_Day_1km,23.143333333333374
2019-03-30,TzM,LST,LST_Day_1km,17.590000000000032
2019-04-03,Oran,LST,LST_Day_1km,19.00999999999999
2019-04-03,TzM,LST,LST_Day_1km,16.486923076923063
2019-04-04,Oran,LST,LST_Day_1km,19.110000000000014
2019-04-04,TzM,LST,LST_Day_1km,19.710000000000036
2019-04-07,Oran,LST,LST_Day_1km,13.158888888888896
2019-04-07,TzM,LST,LST_Day_1km,14.179230769230855
2019-04-09,Oran,LST,LST_Day_1km,14.230000000000018
2019-04-10,TzM,LST,LST_Day_1km,14.470000000000027
2019-04-11,Oran,LST,LST_Day_1km,17.438888888888926
2019-04-11,TzM,LST,LST_Day_1km,23.187692307692316
2019-04-12,Oran,LST,LST_Day_1km,20.323333333333323
2019-04-12,TzM,LST,LST_Day_1km,25.17153846153849
2019-04-13,Oran,LST,LST_Day_1km,22.10142857142864
2019-04-13,TzM,LST,LST_Day_1km,24.897692307692353
2019-04-14,Oran,LST,LST_Day_1km,18.750000000000057
2019-04-14,TzM,LST,LST_Day_1km,23.350000000000023
2019-04-15,Oran,LST,LST_Day_1km,18.710000000000036
2019-04-16,Oran,LST,LST_Day_1km,30.769999999999982
2019-04-16,TzM,LST,LST_Day_1km,31.60076923076923
2019-04-24,Oran,LST,LST_Day_1km,16.47888888888889
2019-04-26,Oran,LST,LST_Day_1km,19.961111111111165
2019-04-26,TzM,LST,LST_Day_1km,19.150000000000034
2019-04-27,Oran,LST,LST_Day_1km,24.258888888888862
2019-04-27,TzM,LST,LST_Day_1km,25.107692307692332
2019-04-28,Oran,LST,LST_Day_1km,26.172222222222274
2019-04-28,TzM,LST,LST_Day_1km,28.995384615384637
2019-04-29,Oran,LST,LST_Day_1km,20.214444444444496
2019-04-29,TzM,LST,LST_Day_1km,27.05923076923085
2019-04-30,Oran,LST,LST_Day_1km,28.981111111111147
2019-04-30,TzM,LST,LST_Day_1km,31.31615384615384
2019-05-01,Oran,LST,LST_Day_1km,20.058888888888873
2019-05-01,TzM,LST,LST_Day_1km,28.576923076923094
2019-05-02,Oran,LST,LST_Day_1km,25.907777777777824
2019-05-02,TzM,LST,LST_Day_1km,24.942307692307736
2019-05-04,Oran,LST,LST_Day_1km,22.214444444444496
2019-05-04,TzM,LST,LST_Day_1km,26.516923076923092
2019-05-05,Oran,LST,LST_Day_1km,26.61666666666673
2019-05-05,TzM,LST,LST_Day_1km,28.929230769230855
2019-05-06,Oran,LST,LST_Day_1km,26.8344444444445
2019-05-06,TzM,LST,LST_Day_1km,30.241538461538482
2019-05-10,Oran,LST,LST_Day_1km,28.323333333333323
2019-05-10,TzM,LST,LST_Day_1km,27.920769230769224
2019-05-11,Oran,LST,LST_Day_1km,33.47444444444443
2019-05-11,TzM,LST,LST_Day_1km,35.518461538461565
2019-05-12,Oran,LST,LST_Day_1km,33.22777777777782
2019-05-12,TzM,LST,LST_Day_1km,36.27846153846161
2019-05-13,Oran,LST,LST_Day_1km,31.12777777777785
2019-05-13,TzM,LST,LST_Day_1km,33.882307692307734
2019-05-14,Oran,LST,LST_Day_1km,31.51888888888891
2019-05-14,TzM,LST,LST_Day_1km,33.755384615384685
2019-05-16,Oran,LST,LST_Day_1km,32.363333333333344
2019-05-16,TzM,LST,LST_Day_1km,35.666923076923126
2019-05-18,TzM,LST,LST_Day_1km,27.230000000000018
2019-05-20,Oran,LST,LST_Day_1km,24.985000000000014
2019-05-21,TzM,LST,LST_Day_1km,33.281538461538446
2019-05-22,Oran,LST,LST_Day_1km,31.49000000000001
2019-05-22,TzM,LST,LST_Day_1km,33.395384615384614
2019-05-23,Oran,LST,LST_Day_1km,36.33222222222224
2019-05-25,TzM,LST,LST_Day_1km,33.642307692307725
2019-05-26,Oran,LST,LST_Day_1km,30.82111111111118
2019-05-26,TzM,LST,LST_Day_1km,32.90153846153845
2019-05-27,Oran,LST,LST_Day_1km,33.138888888888914
2019-05-27,TzM,LST,LST_Day_1km,35.960000000000036
2019-05-28,Oran,LST,LST_Day_1km,32.194444444444514
2019-05-28,TzM,LST,LST_Day_1km,36.65153846153851
2019-05-29,Oran,LST,LST_Day_1km,32.12777777777785
2019-05-29,TzM,LST,LST_Day_1km,35.26153846153852
2019-05-30,Oran,LST,LST_Day_1km,36.57666666666671
2019-05-30,TzM,LST,LST_Day_1km,37.442307692307736
2019-05-31,Oran,LST,LST_Day_1km,32.170000000000016
2019-05-31,TzM,LST,LST_Day_1km,35.7815384615385
2019-06-01,Oran,LST,LST_Day_1km,41.874444444444464
2019-06-01,TzM,LST,LST_Day_1km,40.213076923076926
2019-06-02,Oran,LST,LST_Day_1km,37.99444444444447
2019-06-02,TzM,LST,LST_Day_1km,38.910000000000025
2019-06-03,Oran,LST,LST_Day_1km,43.59444444444449
2019-06-03,TzM,LST,LST_Day_1km,41.85307692307697
2019-06-04,Oran,LST,LST_Day_1km,41.26999999999998
2019-06-04,TzM,LST,LST_Day_1km,41.203076923076935
2019-06-05,Oran,LST,LST_Day_1km,32.24111111111114
2019-06-05,TzM,LST,LST_Day_1km,29.610000000000014
2019-06-06,Oran,LST,LST_Day_1km,36.44777777777779
2019-06-06,TzM,LST,LST_Day_1km,35.348461538461606
2019-06-08,Oran,LST,LST_Day_1km,37.51000000000005
2019-06-08,TzM,LST,LST_Day_1km,32.27538461538467
2019-06-09,Oran,LST,LST_Day_1km,31.19666666666666
2019-06-09,TzM,LST,LST_Day_1km,34.09384615384619
2019-06-10,Oran,LST,LST_Day_1km,41.201111111111175
2019-06-10,TzM,LST,LST_Day_1km,37.36538461538464
2019-06-11,Oran,LST,LST_Day_1km,34.46555555555557
2019-06-12,Oran,LST,LST_Day_1km,33.874444444444464
2019-06-12,TzM,LST,LST_Day_1km,32.95461538461541
2019-06-13,Oran,LST,LST_Day_1km,32.94333333333333
2019-06-14,Oran,LST,LST_Day_1km,30.358888888888885
2019-06-14,TzM,LST,LST_Day_1km,33.99153846153848
2019-06-15,Oran,LST,LST_Day_1km,36.03888888888889
2019-06-15,TzM,LST,LST_Day_1km,34.924615384615436
2019-06-17,Oran,LST,LST_Day_1km,43.49000000000001
2019-06-17,TzM,LST,LST_Day_1km,42.91307692307697
2019-06-18,Oran,LST,LST_Day_1km,40.03666666666669
2019-06-18,TzM,LST,LST_Day_1km,40.64769230769235
2019-06-19,Oran,LST,LST_Day_1km,42.732222222222276
2019-06-19,TzM,LST,LST_Day_1km,40.640769230769195
2019-06-20,Oran,LST,LST_Day_1km,38.085555555555516
2019-06-20,TzM,LST,LST_Day_1km,41.850769230769345
2019-06-21,Oran,LST,LST_Day_1km,41.278888888888844
2019-06-21,TzM,LST,LST_Day_1km,40.7038461538462
2019-06-22,Oran,LST,LST_Day_1km,39.26777777777784
2019-06-22,TzM,LST,LST_Day_1km,39.150769230769185
2019-06-23,Oran,LST,LST_Day_1km,39.24555555555554
2019-06-23,TzM,LST,LST_Day_1km,39.55076923076922
2019-06-24,Oran,LST,LST_Day_1km,36.49666666666667
2019-06-25,Oran,LST,LST_Day_1km,39.112222222222215
2019-06-25,TzM,LST,LST_Day_1km,38.54461538461544
2019-06-26,Oran,LST,LST_Day_1km,44.172222222222274
2019-06-26,TzM,LST,LST_Day_1km,39.64999999999998
2019-06-27,TzM,LST,LST_Day_1km,36.46615384615387
2019-06-28,Oran,LST,LST_Day_1km,42.07000000000005
2019-06-28,TzM,LST,LST_Day_1km,40.99461538461543
2019-06-29,Oran,LST,LST_Day_1km,47.501111111111186
2019-06-29,TzM,LST,LST_Day_1km,46.5669230769231
2019-06-30,Oran,LST,LST_Day_1km,44.961111111111165
2019-06-30,TzM,LST,LST_Day_1km,44.55384615384622
2019-07-01,Oran,LST,LST_Day_1km,46.47888888888889
2019-07-01,TzM,LST,LST_Day_1km,44.7569230769231
2019-07-02,Oran,LST,LST_Day_1km,34.92428571428576
2019-07-02,TzM,LST,LST_Day_1km,35.24461538461537
2019-07-03,Oran,LST,LST_Day_1km,44.7744444444445
2019-07-03,TzM,LST,LST_Day_1km,42.870000000000005
2019-07-05,Oran,LST,LST_Day_1km,44.01444444444445
2019-07-05,TzM,LST,LST_Day_1km,43.288461538461604
2019-07-06,Oran,LST,LST_Day_1km,40.710000000000036
2019-07-06,TzM,LST,LST_Day_1km,40.196153846153834
2019-07-08,TzM,LST,LST_Day_1km,41.14846153846156
2019-07-09,TzM,LST,LST_Day_1km,37.11461538461543
2019-07-10,Oran,LST,LST_Day_1km,43.66555555555556
2019-07-10,TzM,LST,LST_Day_1km,44.82769230769236
2019-07-11,Oran,LST,LST_Day_1km,37.06333333333333
2019-07-11,TzM,LST,LST_Day_1km,38.4184615384616
2019-07-12,Oran,LST,LST_Day_1km,38.903333333333364
2019-07-12,TzM,LST,LST_Day_1km,44.53000000000003
2019-07-14,Oran,LST,LST_Day_1km,36.79666666666668
2019-07-14,TzM,LST,LST_Day_1km,39.52000000000004
2019-07-15,Oran,LST,LST_Day_1km,43.11444444444453
2019-07-15,TzM,LST,LST_Day_1km,41.925384615384644
2019-07-16,Oran,LST,LST_Day_1km,37.03222222222223
2019-07-16,TzM,LST,LST_Day_1km,38.179230769230855
2019-07-17,Oran,LST,LST_Day_1km,45.82111111111118
2019-07-17,TzM,LST,LST_Day_1km,44.496153846153845
2019-07-18,Oran,LST,LST_Day_1km,41.983333333333405
2019-07-18,TzM,LST,LST_Day_1km,40.97000000000003
2019-07-19,Oran,LST,LST_Day_1km,43.896666666666704
2019-07-19,TzM,LST,LST_Day_1km,43.80461538461543
2019-07-20,Oran,LST,LST_Day_1km,38.1655555555555
2019-07-20,TzM,LST,LST_Day_1km,38.410000000000025
2019-07-21,Oran,LST,LST_Day_1km,44.23000000000002
2019-07-21,TzM,LST,LST_Day_1km,39.26923076923083
2019-07-22,Oran,LST,LST_Day_1km,39.40555555555562
2019-07-22,TzM,LST,LST_Day_1km,40.24692307692311
2019-07-23,Oran,LST,LST_Day_1km,40.47666666666669
2019-07-23,TzM,LST,LST_Day_1km,38.73692307692312
2019-07-24,Oran,LST,LST_Day_1km,35.17000000000007
2019-07-24,TzM,LST,LST_Day_1km,43.41076923076923
2019-07-25,Oran,LST,LST_Day_1km,41.51444444444445
2019-07-25,TzM,LST,LST_Day_1km,42.37230769230774
2019-07-26,Oran,LST,LST_Day_1km,40.63000000000005
2019-07-26,TzM,LST,LST_Day_1km,42.26461538461541
2019-07-27,Oran,LST,LST_Day_1km,32.7788888888889
2019-07-27,TzM,LST,LST_Day_1km,32.21692307692314
2019-07-28,Oran,LST,LST_Day_1km,44.096666666666636
2019-07-28,TzM,LST,LST_Day_1km,41.70769230769224
2019-07-29,Oran,LST,LST_Day_1km,42.52555555555551
2019-07-29,TzM,LST,LST_Day_1km,42.167692307692334
2019-07-30,Oran,LST,LST_Day_1km,47.078888888888855
2019-07-30,TzM,LST,LST_Day_1km,45.414615384615445
2019-07-31,Oran,LST,LST_Day_1km,34.93000000000001
2019-07-31,TzM,LST,LST_Day_1km,35.950000000000045
2019-08-01,Oran,LST,LST_Day_1km,42.15888888888901
2019-08-01,TzM,LST,LST_Day_1km,40.14000000000004
2019-08-02,Oran,LST,LST_Day_1km,47.56777777777785
2019-08-02,TzM,LST,LST_Day_1km,46.49153846153848
2019-08-03,Oran,LST,LST_Day_1km,37.956666666666706
2019-08-03,TzM,LST,LST_Day_1km,40.123846153846216
2019-08-04,Oran,LST,LST_Day_1km,48.51888888888891
2019-08-04,TzM,LST,LST_Day_1km,41.7215384615385
2019-08-05,Oran,LST,LST_Day_1km,44.076666666666654
2019-08-05,TzM,LST,LST_Day_1km,44.910000000000025
2019-08-06,Oran,LST,LST_Day_1km,48.46333333333337
2019-08-06,TzM,LST,LST_Day_1km,47.18307692307695
2019-08-07,TzM,LST,LST_Day_1km,41.360769230769336
2019-08-08,Oran,LST,LST_Day_1km,45.656666666666695
2019-08-08,TzM,LST,LST_Day_1km,43.61923076923085
2019-08-09,Oran,LST,LST_Day_1km,45.52111111111117
2019-08-09,TzM,LST,LST_Day_1km,42.01538461538462
2019-08-10,Oran,LST,LST_Day_1km,38.661111111111154
2019-08-10,TzM,LST,LST_Day_1km,40.29692307692312
2019-08-11,Oran,LST,LST_Day_1km,43.55666666666673
2019-08-12,TzM,LST,LST_Day_1km,38.85307692307697
2019-08-13,Oran,LST,LST_Day_1km,40.32777777777784
2019-08-14,Oran,LST,LST_Day_1km,42.710000000000036
2019-08-14,TzM,LST,LST_Day_1km,42.801538461538485
2019-08-15,Oran,LST,LST_Day_1km,45.907777777777824
2019-08-15,TzM,LST,LST_Day_1km,44.90769230769234
2019-08-16,Oran,LST,LST_Day_1km,41.754444444444516
2019-08-16,TzM,LST,LST_Day_1km,44.132307692307734
2019-08-17,Oran,LST,LST_Day_1km,46.203333333333376
2019-08-17,TzM,LST,LST_Day_1km,45.31
2019-08-18,Oran,LST,LST_Day_1km,48.74555555555554
2019-08-18,TzM,LST,LST_Day_1km,46.076923076923094
2019-08-19,Oran,LST,LST_Day_1km,42.02111111111117
2019-08-19,TzM,LST,LST_Day_1km,42.96153846153845
2019-08-22,Oran,LST,LST_Day_1km,41.383333333333326
2019-08-23,Oran,LST,LST_Day_1km,40.470000000000084
2019-08-23,TzM,LST,LST_Day_1km,39.783846153846184
2019-08-24,Oran,LST,LST_Day_1km,42.636666666666656
2019-08-24,TzM,LST,LST_Day_1km,40.53461538461539
2019-08-25,Oran,LST,LST_Day_1km,42.247777777777856
2019-08-25,TzM,LST,LST_Day_1km,41.9115384615385
2019-08-28,TzM,LST,LST_Day_1km,31.569230769230842
2019-08-29,TzM,LST,LST_Day_1km,36.910000000000025
2019-08-30,Oran,LST,LST_Day_1km,38.60333333333335
2019-08-30,TzM,LST,LST_Day_1km,39.492307692307804
2019-08-31,Oran,LST,LST_Day_1km,39.925555555555604
2019-08-31,TzM,LST,LST_Day_1km,34.746153846153845
2019-09-01,Oran,LST,LST_Day_1km,41.99888888888887
2019-09-01,TzM,LST,LST_Day_1km,41.00538461538463
2019-09-03,Oran,LST,LST_Day_1km,36.72777777777782
2019-09-03,TzM,LST,LST_Day_1km,37.51923076923083
2019-09-04,Oran,LST,LST_Day_1km,33.79666666666668
2019-09-04,TzM,LST,LST_Day_1km,34.47000000000003
2019-09-05,Oran,LST,LST_Day_1km,30.210000000000036
2019-09-05,TzM,LST,LST_Day_1km,37.87461538461537
2019-09-06,Oran,LST,LST_Day_1km,29.84111111111116
2019-09-07,Oran,LST,LST_Day_1km,30.194444444444457
2019-09-07,TzM,LST,LST_Day_1km,27.77000000000004
2019-09-08,TzM,LST,LST_Day_1km,35.37538461538469
2019-09-09,Oran,LST,LST_Day_1km,29.218000000000018
2019-09-09,TzM,LST,LST_Day_1km,36.43692307692305
2019-09-10,Oran,LST,LST_Day_1km,28.716666666666697
2019-09-10,TzM,LST,LST_Day_1km,29.52692307692314
2019-09-17,Oran,LST,LST_Day_1km,27.992222222222267
2019-09-17,TzM,LST,LST_Day_1km,30.846923076923133
2019-09-18,Oran,LST,LST_Day_1km,28.55444444444447
2019-09-18,TzM,LST,LST_Day_1km,27.13230769230779
2019-09-19,Oran,LST,LST_Day_1km,29.456666666666706
2019-09-19,TzM,LST,LST_Day_1km,29.937692307692316
2019-09-23,Oran,LST,LST_Day_1km,23.630000000000052
2019-09-23,TzM,LST,LST_Day_1km,19.05000000000001
2019-09-24,Oran,LST,LST_Day_1km,30.774444444444498
2019-09-24,TzM,LST,LST_Day_1km,29.429230769230855
2019-09-25,Oran,LST,LST_Day_1km,28.29666666666668
2019-09-25,TzM,LST,LST_Day_1km,28.418461538461543
2019-09-26,Oran,LST,LST_Day_1km,32.06777777777779
2019-09-26,TzM,LST,LST_Day_1km,33.03461538461539
2019-09-27,Oran,LST,LST_Day_1km,32.190000000000055
2019-09-27,TzM,LST,LST_Day_1km,31.469230769230762
2019-09-28,Oran,LST,LST_Day_1km,34.10111111111115
2019-09-28,TzM,LST,LST_Day_1km,34.4223076923077
2019-09-29,Oran,LST,LST_Day_1km,32.416666666666686
2019-09-29,TzM,LST,LST_Day_1km,31.590000000000032
2019-09-30,Oran,LST,LST_Day_1km,34.73888888888888
2019-09-30,TzM,LST,LST_Day_1km,36.20923076923083
2019-10-01,Oran,LST,LST_Day_1km,31.578888888888912
2019-10-01,TzM,LST,LST_Day_1km,31.999230769230735
2019-10-02,Oran,LST,LST_Day_1km,28.678888888888878
2019-10-02,TzM,LST,LST_Day_1km,30.66384615384618
2019-10-04,Oran,LST,LST_Day_1km,31.52333333333337
2019-10-04,TzM,LST,LST_Day_1km,32.37230769230774
2019-10-05,Oran,LST,LST_Day_1km,33.916666666666686
2019-10-05,TzM,LST,LST_Day_1km,34.80923076923085
2019-10-06,Oran,LST,LST_Day_1km,30.045555555555552
2019-10-06,TzM,LST,LST_Day_1km,29.74769230769232
2019-10-07,Oran,LST,LST_Day_1km,29.443333333333385
2019-10-07,TzM,LST,LST_Day_1km,32.336923076923085
2019-10-08,Oran,LST,LST_Day_1km,29.08555555555563
2019-10-08,TzM,LST,LST_Day_1km,32.190000000000055
2019-10-09,Oran,LST,LST_Day_1km,33.52111111111117
2019-10-09,TzM,LST,LST_Day_1km,34.59384615384619
2019-10-10,Oran,LST,LST_Day_1km,24.343333333333362
2019-10-10,TzM,LST,LST_Day_1km,29.4007692307693
2019-10-11,Oran,LST,LST_Day_1km,25.970000000000027
2019-10-12,Oran,LST,LST_Day_1km,22.03666666666669
2019-10-13,Oran,LST,LST_Day_1km,28.252222222222258
2019-10-13,TzM,LST,LST_Day_1km,29.859230769230862
2019-10-15,Oran,LST,LST_Day_1km,18.707777777777835
2019-10-16,Oran,LST,LST_Day_1km,26.063333333333333
2019-10-16,TzM,LST,LST_Day_1km,24.942307692307736
2019-10-18,Oran,LST,LST_Day_1km,20.910000000000082
2019-10-19,Oran,LST,LST_Day_1km,25.03666666666669
2019-10-21,Oran,LST,LST_Day_1km,18.938571428571436
2019-10-21,TzM,LST,LST_Day_1km,25.180000000000064
2019-10-24,TzM,LST,LST_Day_1km,12.850000000000023
2019-10-25,Oran,LST,LST_Day_1km,20.310000000000002
2019-10-25,TzM,LST,LST_Day_1km,20.125384615384633
2019-10-26,Oran,LST,LST_Day_1km,24.194444444444514
2019-10-26,TzM,LST,LST_Day_1km,23.59307692307698
2019-10-27,Oran,LST,LST_Day_1km,13.883333333333326
2019-10-28,TzM,LST,LST_Day_1km,14.63538461538468
2019-10-29,TzM,LST,LST_Day_1km,20.510000000000048
2019-10-30,Oran,LST,LST_Day_1km,22.421111111111145
2019-10-30,TzM,LST,LST_Day_1km,22.844615384615395
2019-11-02,Oran,LST,LST_Day_1km,14.370000000000005
2019-11-02,TzM,LST,LST_Day_1km,17.390000000000043
2019-11-03,Oran,LST,LST_Day_1km,17.29000000000002
2019-11-06,Oran,LST,LST_Day_1km,6.670000000000016
2019-11-08,Oran,LST,LST_Day_1km,10.723333333333358
2019-11-08,TzM,LST,LST_Day_1km,7.835384615384612
2019-11-09,Oran,LST,LST_Day_1km,14.125555555555536
2019-11-09,TzM,LST,LST_Day_1km,11.914615384615445
2019-11-10,Oran,LST,LST_Day_1km,11.145555555555518
2019-11-10,TzM,LST,LST_Day_1km,10.726923076923072
2019-11-12,Oran,LST,LST_Day_1km,13.3344444444445
2019-11-12,TzM,LST,LST_Day_1km,14.080769230769306
2019-11-13,Oran,LST,LST_Day_1km,14.492222222222267
2019-11-14,Oran,LST,LST_Day_1km,6.190000000000055
2019-11-16,Oran,LST,LST_Day_1km,6.912222222222226
2019-11-16,TzM,LST,LST_Day_1km,7.926923076923117
2019-11-17,Oran,LST,LST_Day_1km,11.923333333333346
2019-11-17,TzM,LST,LST_Day_1km,9.940000000000055
2019-11-18,TzM,LST,LST_Day_1km,9.394615384615406
2019-11-19,Oran,LST,LST_Day_1km,2.561111111111188
2019-11-19,TzM,LST,LST_Day_1km,7.551538461538485
2019-11-20,TzM,LST,LST_Day_1km,12.31076923076921
2019-11-23,Oran,LST,LST_Day_1km,8.08777777777783
2019-11-24,Oran,LST,LST_Day_1km,7.086000000000013
2019-11-26,Oran,LST,LST_Day_1km,11.490000000000009
2019-11-27,Oran,LST,LST_Day_1km,13.247777777777799
2019-11-30,Oran,LST,LST_Day_1km,16.256666666666717
2019-11-30,TzM,LST,LST_Day_1km,15.107692307692332
2019-12-01,Oran,LST,LST_Day_1km,13.385555555555527
2019-12-01,TzM,LST,LST_Day_1km,13.372307692307743
2019-12-08,Oran,LST,LST_Day_1km,9.3633333333334
2019-12-10,Oran,LST,LST_Day_1km,10.710000000000036
2019-12-10,TzM,LST,LST_Day_1km,10.34076923076924
2019-12-11,Oran,LST,LST_Day_1km,6.397500000000036
2019-12-12,Oran,LST,LST_Day_1km,7.2900000000000205
2019-12-15,Oran,LST,LST_Day_1km,12.354444444444539
2019-12-18,Oran,LST,LST_Day_1km,8.454444444444505
2019-12-18,TzM,LST,LST_Day_1km,8.21692307692308
2019-12-21,Oran,LST,LST_Day_1km,15.7766666666667
2019-12-22,Oran,LST,LST_Day_1km,13.132222222222254
2019-12-22,TzM,LST,LST_Day_1km,11.162307692307706
2019-12-23,Oran,LST,LST_Day_1km,13.098888888888894
2019-12-24,Oran,LST,LST_Day_1km,15.80111111111114
2019-12-24,TzM,LST,LST_Day_1km,14.235384615384703
2019-12-25,Oran,LST,LST_Day_1km,12.470000000000027
2019-12-25,TzM,LST,LST_Day_1km,10.850000000000023
2019-12-27,Oran,LST,LST_Day_1km,12.083333333333371
2019-12-27,TzM,LST,LST_Day_1km,12.510000000000048
2019-12-28,Oran,LST,LST_Day_1km,13.607777777777812
2019-12-28,TzM,LST,LST_Day_1km,11.186923076923165
2019-12-29,Oran,LST,LST_Day_1km,8.53000000000003
2019-12-31,Oran,LST,LST_Day_1km,11.432222222222265
2020-01-01,Oran,LST,LST_Day_1km,9.690000000000055
2020-01-02,Oran,LST,LST_Day_1km,12.347777777777821
2020-01-02,TzM,LST,LST_Day_1km,11.225384615384655
2020-01-04,TzM,LST,LST_Day_1km,9.55076923076922
2020-01-05,Oran,LST,LST_Day_1km,11.50333333333333
2020-01-05,TzM,LST,LST_Day_1km,11.619230769230853
2020-01-06,Oran,LST,LST_Day_1km,11.403333333333364
2020-01-06,TzM,LST,LST_Day_1km,10.766153846153884
2020-01-07,Oran,LST,LST_Day_1km,12.385555555555527
2020-01-07,TzM,LST,LST_Day_1km,11.996153846153845
2020-01-08,Oran,LST,LST_Day_1km,11.005555555555588
2020-01-08,TzM,LST,LST_Day_1km,11.270000000000039
2020-01-09,Oran,LST,LST_Day_1km,12.901111111111163
2020-01-10,TzM,LST,LST_Day_1km,7.146923076923088
2020-01-11,Oran,LST,LST_Day_1km,10.07444444444451
2020-01-11,TzM,LST,LST_Day_1km,11.903846153846189
2020-01-12,Oran,LST,LST_Day_1km,10.56333333333339
2020-01-12,TzM,LST,LST_Day_1km,10.923076923076962
2020-01-13,Oran,LST,LST_Day_1km,6.3477777777778215
2020-01-13,TzM,LST,LST_Day_1km,5.9823076923077
2020-01-14,Oran,LST,LST_Day_1km,11.098888888888894
2020-01-14,TzM,LST,LST_Day_1km,11.55230769230775
2020-01-15,Oran,LST,LST_Day_1km,6.15500000000003
2020-01-15,TzM,LST,LST_Day_1km,7.713076923076926
2020-01-16,Oran,LST,LST_Day_1km,15.25
2020-01-16,TzM,LST,LST_Day_1km,15.725384615384655
2020-01-17,Oran,LST,LST_Day_1km,11.130000000000052
2020-01-18,TzM,LST,LST_Day_1km,6.903846153846189
2020-01-22,Oran,LST,LST_Day_1km,10.056666666666729
2020-01-27,Oran,LST,LST_Day_1km,4.078888888888912
2020-01-30,Oran,LST,LST_Day_1km,13.405555555555566
2020-01-30,TzM,LST,LST_Day_1km,9.730000000000018
2020-01-31,Oran,LST,LST_Day_1km,14.529999999999973
2020-02-03,Oran,LST,LST_Day_1km,17.97888888888889
2020-02-03,TzM,LST,LST_Day_1km,12.379999999999995
2020-02-04,Oran,LST,LST_Day_1km,15.607777777777812
2020-02-04,TzM,LST,LST_Day_1km,13.006923076923101
2020-02-05,Oran,LST,LST_Day_1km,13.792222222222279
2020-02-05,TzM,LST,LST_Day_1km,14.133846153846207
2020-02-06,Oran,LST,LST_Day_1km,11.710000000000093
2020-02-06,TzM,LST,LST_Day_1km,12.903076923076924
2020-02-08,TzM,LST,LST_Day_1km,9.2215384615385
2020-02-09,Oran,LST,LST_Day_1km,13.223333333333358
2020-02-10,Oran,LST,LST_Day_1km,16.885555555555527
2020-02-10,TzM,LST,LST_Day_1km,15.798461538461595
2020-02-14,Oran,LST,LST_Day_1km,16.412222222222283
2020-02-14,TzM,LST,LST_Day_1km,16.500000000000057
2020-02-15,Oran,LST,LST_Day_1km,19.81666666666672
2020-02-15,TzM,LST,LST_Day_1km,21.041538461538494
2020-02-16,Oran,LST,LST_Day_1km,18.90777777777788
2020-02-16,TzM,LST,LST_Day_1km,20.363846153846225
2020-02-17,Oran,LST,LST_Day_1km,19.08555555555563
2020-02-17,TzM,LST,LST_Day_1km,19.081538461538457
2020-02-19,Oran,LST,LST_Day_1km,17.487777777777808
2020-02-19,TzM,LST,LST_Day_1km,19.134615384615415
2020-02-20,Oran,LST,LST_Day_1km,15.154444444444493
2020-02-20,TzM,LST,LST_Day_1km,18.6969230769231
2020-02-21,Oran,LST,LST_Day_1km,18.05000000000001
2020-02-21,TzM,LST,LST_Day_1km,19.692307692307736
2020-02-22,Oran,LST,LST_Day_1km,22.261111111111177
2020-02-22,TzM,LST,LST_Day_1km,24.156923076923135
2020-02-23,Oran,LST,LST_Day_1km,20.294444444444537
2020-02-23,TzM,LST,LST_Day_1km,21.715384615384664
2020-02-24,Oran,LST,LST_Day_1km,22.167777777777815
2020-02-24,TzM,LST,LST_Day_1km,24.10615384615386
2020-02-26,Oran,LST,LST_Day_1km,16.27222222222224
2020-02-26,TzM,LST,LST_Day_1km,19.486923076923063
2020-02-28,Oran,LST,LST_Day_1km,21.452222222222247
2020-02-28,TzM,LST,LST_Day_1km,20.07307692307694
2020-02-29,Oran,LST,LST_Day_1km,17.585555555555516
2020-02-29,TzM,LST,LST_Day_1km,16.361538461538487
2020-03-02,Oran,LST,LST_Day_1km,13.310000000000002
2020-03-02,TzM,LST,LST_Day_1km,12.932307692307745
2020-03-05,Oran,LST,LST_Day_1km,14.450000000000045
2020-03-08,Oran,LST,LST_Day_1km,21.867777777777803
2020-03-08,TzM,LST,LST_Day_1km,21.630000000000052
2020-03-09,TzM,LST,LST_Day_1km,14.870000000000005
2020-03-10,Oran,LST,LST_Day_1km,21.861111111111143
2020-03-10,TzM,LST,LST_Day_1km,23.842307692307713
2020-03-11,Oran,LST,LST_Day_1km,29.187777777777796
2020-03-11,TzM,LST,LST_Day_1km,30.68846153846158
2020-03-14,Oran,LST,LST_Day_1km,20.40000000000009
2020-03-14,TzM,LST,LST_Day_1km,22.970000000000027
2020-03-15,TzM,LST,LST_Day_1km,23.60076923076923
2020-03-26,Oran,LST,LST_Day_1km,16.33000000000004
2020-03-26,TzM,LST,LST_Day_1km,16.305384615384696
2020-03-28,Oran,LST,LST_Day_1km,15.27222222222224
2020-03-28,TzM,LST,LST_Day_1km,16.125384615384576
2020-03-29,Oran,LST,LST_Day_1km,19.414444444444428
2020-03-29,TzM,LST,LST_Day_1km,18.713076923076926
2020-03-31,Oran,LST,LST_Day_1km,14.450000000000045
2020-04-01,Oran,LST,LST_Day_1km,11.630000000000052
2020-04-01,TzM,LST,LST_Day_1km,12.954615384615408
2020-04-02,Oran,LST,LST_Day_1km,19.136666666666656
2020-04-03,Oran,LST,LST_Day_1km,17.298888888888882
2020-04-03,TzM,LST,LST_Day_1km,16.404615384615397
2020-04-04,Oran,LST,LST_Day_1km,17.31888888888892
2020-04-05,Oran,LST,LST_Day_1km,14.205555555555634
2020-04-07,Oran,LST,LST_Day_1km,20.981111111111204
2020-04-08,Oran,LST,LST_Day_1km,19.05000000000001
2020-04-08,TzM,LST,LST_Day_1km,19.49000000000001
2020-04-11,Oran,LST,LST_Day_1km,18.307777777777858
2020-04-12,Oran,LST,LST_Day_1km,19.681111111111136
2020-04-12,TzM,LST,LST_Day_1km,26.066923076923104
2020-04-13,Oran,LST,LST_Day_1km,18.110000000000014
2020-04-13,TzM,LST,LST_Day_1km,21.9646153846154
2020-04-18,Oran,LST,LST_Day_1km,18.31888888888892
2020-04-22,TzM,LST,LST_Day_1km,14.651538461538507
2020-04-29,Oran,LST,LST_Day_1km,20.438888888888926
2020-04-29,TzM,LST,LST_Day_1km,25.484615384615438
2020-04-30,TzM,LST,LST_Day_1km,20.410000000000025
2020-05-02,Oran,LST,LST_Day_1km,29.590000000000032
2020-05-02,TzM,LST,LST_Day_1km,30.842307692307713
2020-05-03,Oran,LST,LST_Day_1km,32.163333333333355
2020-05-03,TzM,LST,LST_Day_1km,35.863846153846225
2020-05-04,Oran,LST,LST_Day_1km,27.878888888888866
2020-05-04,TzM,LST,LST_Day_1km,31.506153846153836
2020-05-06,Oran,LST,LST_Day_1km,27.316666666666663
2020-05-06,TzM,LST,LST_Day_1km,35.41076923076923
2020-05-08,Oran,LST,LST_Day_1km,26.11666666666673
2020-05-09,TzM,LST,LST_Day_1km,28.948461538461572
2020-05-17,Oran,LST,LST_Day_1km,21.410000000000025
2020-05-18,Oran,LST,LST_Day_1km,26.474444444444543
2020-05-18,TzM,LST,LST_Day_1km,29.871538461538535
2020-05-19,Oran,LST,LST_Day_1km,28.87444444444452
2020-05-19,TzM,LST,LST_Day_1km,30.977692307692337
2020-05-20,Oran,LST,LST_Day_1km,31.941111111111184
2020-05-20,TzM,LST,LST_Day_1km,36.58230769230772
2020-05-21,Oran,LST,LST_Day_1km,31.57444444444451
2020-05-21,TzM,LST,LST_Day_1km,36.692307692307736
2020-05-22,Oran,LST,LST_Day_1km,33.86111111111114
2020-05-22,TzM,LST,LST_Day_1km,38.46153846153845
2020-05-23,Oran,LST,LST_Day_1km,32.483333333333405
2020-05-23,TzM,LST,LST_Day_1km,36.29461538461544
2020-05-24,Oran,LST,LST_Day_1km,28.103333333333353
2020-05-26,Oran,LST,LST_Day_1km,22.241111111111138
2020-05-27,Oran,LST,LST_Day_1km,29.590000000000032
2020-05-27,TzM,LST,LST_Day_1km,31.813846153846214
2020-05-28,Oran,LST,LST_Day_1km,28.33000000000004
2020-05-28,TzM,LST,LST_Day_1km,30.34769230769234
2020-05-29,Oran,LST,LST_Day_1km,32.907777777777824
2020-05-29,TzM,LST,LST_Day_1km,37.551538461538485
2020-05-30,Oran,LST,LST_Day_1km,32.90111111111116
2020-05-30,TzM,LST,LST_Day_1km,36.35769230769233
2020-06-01,Oran,LST,LST_Day_1km,36.14111111111117
2020-06-01,TzM,LST,LST_Day_1km,37.28769230769234
2020-06-03,Oran,LST,LST_Day_1km,37.32333333333332
2020-06-03,TzM,LST,LST_Day_1km,37.66538461538465
2020-06-05,Oran,LST,LST_Day_1km,30.85444444444454
2020-06-06,Oran,LST,LST_Day_1km,31.427777777777806
2020-06-06,TzM,LST,LST_Day_1km,30.54538461538459
2020-06-07,Oran,LST,LST_Day_1km,30.025555555555513
2020-06-07,TzM,LST,LST_Day_1km,26.29000000000002
2020-06-09,Oran,LST,LST_Day_1km,30.35222222222228
2020-06-09,TzM,LST,LST_Day_1km,29.790000000000077
2020-06-10,Oran,LST,LST_Day_1km,36.2188888888889
2020-06-11,Oran,LST,LST_Day_1km,31.596666666666692
2020-06-11,TzM,LST,LST_Day_1km,27.30769230769232
2020-06-12,Oran,LST,LST_Day_1km,29.365555555555602
2020-06-12,TzM,LST,LST_Day_1km,31.04769230769233
2020-06-13,Oran,LST,LST_Day_1km,31.085555555555516
2020-06-13,TzM,LST,LST_Day_1km,28.78692307692313
2020-06-14,Oran,LST,LST_Day_1km,36.721111111111156
2020-06-14,TzM,LST,LST_Day_1km,35.100769230769345
2020-06-15,Oran,LST,LST_Day_1km,36.921111111111145
2020-06-15,TzM,LST,LST_Day_1km,36.18461538461543
2020-06-16,TzM,LST,LST_Day_1km,34.98692307692312
2020-06-17,Oran,LST,LST_Day_1km,33.79888888888888
2020-06-17,TzM,LST,LST_Day_1km,32.41230769230771
2020-06-18,Oran,LST,LST_Day_1km,35.438888888888926
2020-06-18,TzM,LST,LST_Day_1km,35.2923076923077
2020-06-19,Oran,LST,LST_Day_1km,40.194444444444514
2020-06-19,TzM,LST,LST_Day_1km,39.30615384615385
2020-06-20,Oran,LST,LST_Day_1km,39.93000000000001
2020-06-20,TzM,LST,LST_Day_1km,39.182307692307745
2020-06-21,Oran,LST,LST_Day_1km,45.84555555555556
2020-06-21,TzM,LST,LST_Day_1km,42.35769230769233
2020-06-22,Oran,LST,LST_Day_1km,38.77222222222224
2020-06-22,TzM,LST,LST_Day_1km,41.021538461538455
2020-06-23,Oran,LST,LST_Day_1km,36.83222222222224
2020-06-23,TzM,LST,LST_Day_1km,38.43461538461537
2020-06-25,Oran,LST,LST_Day_1km,37.430000000000064
2020-06-25,TzM,LST,LST_Day_1km,36.83230769230772
2020-06-26,Oran,LST,LST_Day_1km,44.58111111111117
2020-06-26,TzM,LST,LST_Day_1km,42.115384615384585
2020-06-27,Oran,LST,LST_Day_1km,35.52750000000003
2020-06-28,Oran,LST,LST_Day_1km,47.30333333333334
2020-06-28,TzM,LST,LST_Day_1km,44.45923076923083
2020-06-29,Oran,LST,LST_Day_1km,43.61222222222227
2020-06-29,TzM,LST,LST_Day_1km,44.36615384615385
2020-06-30,Oran,LST,LST_Day_1km,38.93222222222221
2020-06-30,TzM,LST,LST_Day_1km,39.79692307692312
2020-07-01,Oran,LST,LST_Day_1km,44.97000000000003
2020-07-01,TzM,LST,LST_Day_1km,42.436923076923165
2020-07-02,Oran,LST,LST_Day_1km,43.71444444444444
2020-07-02,TzM,LST,LST_Day_1km,41.880769230769204
2020-07-03,Oran,LST,LST_Day_1km,46.10333333333335
2020-07-03,TzM,LST,LST_Day_1km,43.47230769230771
2020-07-04,Oran,LST,LST_Day_1km,40.42555555555555
2020-07-04,TzM,LST,LST_Day_1km,41.016153846153884
2020-07-05,Oran,LST,LST_Day_1km,44.59666666666669
2020-07-05,TzM,LST,LST_Day_1km,44.692307692307736
2020-07-06,Oran,LST,LST_Day_1km,44.387777777777785
2020-07-06,TzM,LST,LST_Day_1km,44.41307692307697
2020-07-07,Oran,LST,LST_Day_1km,49.84333333333336
2020-07-07,TzM,LST,LST_Day_1km,47.14538461538467
2020-07-09,Oran,LST,LST_Day_1km,41.56777777777779
2020-07-10,Oran,LST,LST_Day_1km,45.3033333333334
2020-07-10,TzM,LST,LST_Day_1km,42.490000000000066
2020-07-11,Oran,LST,LST_Day_1km,39.57888888888891
2020-07-11,TzM,LST,LST_Day_1km,36.82769230769236
2020-07-12,Oran,LST,LST_Day_1km,35.01000000000005
2020-07-13,Oran,LST,LST_Day_1km,34.09000000000003
2020-07-14,Oran,LST,LST_Day_1km,37.06333333333339
2020-07-14,TzM,LST,LST_Day_1km,34.08923076923071
2020-07-15,Oran,LST,LST_Day_1km,35.82333333333332
2020-07-15,TzM,LST,LST_Day_1km,36.22461538461539
2020-07-16,Oran,LST,LST_Day_1km,41.158888888888896
2020-07-16,TzM,LST,LST_Day_1km,40.79615384615386
2020-07-17,Oran,LST,LST_Day_1km,40.110000000000014
2020-07-17,TzM,LST,LST_Day_1km,43.16076923076923
2020-07-18,Oran,LST,LST_Day_1km,38.78777777777782
2020-07-18,TzM,LST,LST_Day_1km,39.3207692307692
2020-07-19,Oran,LST,LST_Day_1km,45.00333333333333
2020-07-19,TzM,LST,LST_Day_1km,45.2923076923077
2020-07-20,Oran,LST,LST_Day_1km,35.203333333333376
2020-07-20,TzM,LST,LST_Day_1km,38.159230769230874
2020-07-21,Oran,LST,LST_Day_1km,42.51666666666665
2020-07-21,TzM,LST,LST_Day_1km,41.11153846153849
2020-07-22,Oran,LST,LST_Day_1km,37.88111111111118
2020-07-22,TzM,LST,LST_Day_1km,34.58230769230772
2020-07-23,Oran,LST,LST_Day_1km,45.85444444444454
2020-07-23,TzM,LST,LST_Day_1km,45.21230769230772
2020-07-24,Oran,LST,LST_Day_1km,44.21000000000009
2020-07-24,TzM,LST,LST_Day_1km,44.761538461538464
2020-07-25,Oran,LST,LST_Day_1km,43.17888888888888
2020-07-25,TzM,LST,LST_Day_1km,41.831538461538514
2020-07-26,Oran,LST,LST_Day_1km,49.494444444444525
2020-07-26,TzM,LST,LST_Day_1km,47.425384615384644
2020-07-27,Oran,LST,LST_Day_1km,40.40111111111116
2020-07-27,TzM,LST,LST_Day_1km,40.58769230769235
2020-07-28,Oran,LST,LST_Day_1km,50.52111111111117
2020-07-28,TzM,LST,LST_Day_1km,46.1684615384616
2020-07-29,Oran,LST,LST_Day_1km,37.1322222222222
2020-07-29,TzM,LST,LST_Day_1km,35.06769230769231
2020-07-30,Oran,LST,LST_Day_1km,43.76111111111118
2020-07-30,TzM,LST,LST_Day_1km,42.013076923076994
2020-07-31,Oran,LST,LST_Day_1km,46.64777777777783
2020-07-31,TzM,LST,LST_Day_1km,39.986153846153854
2020-08-01,Oran,LST,LST_Day_1km,42.83000000000004
2020-08-01,TzM,LST,LST_Day_1km,39.06769230769231
2020-08-02,Oran,LST,LST_Day_1km,44.79444444444442
2020-08-02,TzM,LST,LST_Day_1km,42.68461538461537
2020-08-03,Oran,LST,LST_Day_1km,40.07444444444451
2020-08-04,Oran,LST,LST_Day_1km,44.2166666666667
2020-08-04,TzM,LST,LST_Day_1km,42.207692307692355
2020-08-05,Oran,LST,LST_Day_1km,37.31222222222226
2020-08-05,TzM,LST,LST_Day_1km,38.49461538461543
2020-08-06,Oran,LST,LST_Day_1km,42.17444444444453
2020-08-06,TzM,LST,LST_Day_1km,42.159230769230874
2020-08-07,Oran,LST,LST_Day_1km,36.001111111111186
2020-08-07,TzM,LST,LST_Day_1km,41.21384615384619
2020-08-08,Oran,LST,LST_Day_1km,48.67888888888888
2020-08-08,TzM,LST,LST_Day_1km,43.4823076923077
2020-08-09,Oran,LST,LST_Day_1km,47.061111111111074
2020-08-09,TzM,LST,LST_Day_1km,43.24230769230775
2020-08-11,TzM,LST,LST_Day_1km,37.40769230769234
2020-08-12,Oran,LST,LST_Day_1km,34.170000000000016
2020-08-13,Oran,LST,LST_Day_1km,42.85222222222228
2020-08-13,TzM,LST,LST_Day_1km,35.06769230769231
2020-08-14,Oran,LST,LST_Day_1km,37.9233333333334
2020-08-14,TzM,LST,LST_Day_1km,33.28538461538466
2020-08-15,Oran,LST,LST_Day_1km,44.61444444444453
2020-08-15,TzM,LST,LST_Day_1km,38.77846153846161
2020-08-16,Oran,LST,LST_Day_1km,38.2166666666667
2020-08-16,TzM,LST,LST_Day_1km,35.791538461538494
2020-08-17,Oran,LST,LST_Day_1km,43.01444444444451
2020-08-17,TzM,LST,LST_Day_1km,37.57769230769236
2020-08-19,Oran,LST,LST_Day_1km,42.8366666666667
2020-08-19,TzM,LST,LST_Day_1km,39.9823076923077
2020-08-20,Oran,LST,LST_Day_1km,46.03666666666669
2020-08-20,TzM,LST,LST_Day_1km,43.29846153846165
2020-08-21,Oran,LST,LST_Day_1km,40.98555555555561
2020-08-21,TzM,LST,LST_Day_1km,40.180000000000064
2020-08-22,Oran,LST,LST_Day_1km,46.99666666666673
2020-08-22,TzM,LST,LST_Day_1km,42.80538461538458
2020-08-23,Oran,LST,LST_Day_1km,39.80777777777786
2020-08-23,TzM,LST,LST_Day_1km,39.76076923076931
2020-08-24,Oran,LST,LST_Day_1km,40.33222222222224
2020-08-24,TzM,LST,LST_Day_1km,39.58230769230772
2020-08-25,Oran,LST,LST_Day_1km,45.387777777777785
2020-08-25,TzM,LST,LST_Day_1km,42.90769230769234
2020-08-26,Oran,LST,LST_Day_1km,44.41222222222228
2020-08-26,TzM,LST,LST_Day_1km,43.623846153846216
2020-08-27,Oran,LST,LST_Day_1km,45.78777777777782
2020-08-27,TzM,LST,LST_Day_1km,43.54692307692312
2020-08-28,Oran,LST,LST_Day_1km,40.66111111111121
2020-08-28,TzM,LST,LST_Day_1km,36.814615384615365
2020-08-29,Oran,LST,LST_Day_1km,37.423333333333346
2020-08-29,TzM,LST,LST_Day_1km,33.75769230769231
2020-08-30,TzM,LST,LST_Day_1km,32.761538461538464
2020-08-31,Oran,LST,LST_Day_1km,39.876666666666665
2020-08-31,TzM,LST,LST_Day_1km,37.23384615384617
2020-09-02,Oran,LST,LST_Day_1km,35.07000000000005
2020-09-02,TzM,LST,LST_Day_1km,36.96692307692308
2020-09-03,Oran,LST,LST_Day_1km,38.698888888888916
2020-09-03,TzM,LST,LST_Day_1km,38.323076923077
2020-09-04,Oran,LST,LST_Day_1km,34.87000000000006
2020-09-04,TzM,LST,LST_Day_1km,35.3938461538462
2020-09-05,Oran,LST,LST_Day_1km,41.31888888888892
2020-09-05,TzM,LST,LST_Day_1km,39.33000000000004
2020-09-06,Oran,LST,LST_Day_1km,34.06333333333333
2020-09-06,TzM,LST,LST_Day_1km,34.266153846153884
2020-09-07,Oran,LST,LST_Day_1km,38.432222222222265
2020-09-07,TzM,LST,LST_Day_1km,37.47153846153856
2020-09-08,Oran,LST,LST_Day_1km,30.66500000000002
2020-09-08,TzM,LST,LST_Day_1km,30.4646153846154
2020-09-09,Oran,LST,LST_Day_1km,37.64777777777783
2020-09-10,Oran,LST,LST_Day_1km,37.24333333333334
2020-09-10,TzM,LST,LST_Day_1km,37.350769230769345
2020-09-11,Oran,LST,LST_Day_1km,40.10555555555561
2020-09-11,TzM,LST,LST_Day_1km,38.28769230769234
2020-09-12,Oran,LST,LST_Day_1km,37.658888888888896
2020-09-12,TzM,LST,LST_Day_1km,38.992307692307804
2020-09-13,Oran,LST,LST_Day_1km,36.07444444444445
2020-09-13,TzM,LST,LST_Day_1km,35.356923076923124
2020-09-14,Oran,LST,LST_Day_1km,36.7766666666667
2020-09-14,TzM,LST,LST_Day_1km,29.494615384615372
2020-09-15,Oran,LST,LST_Day_1km,31.187777777777853
2020-09-15,TzM,LST,LST_Day_1km,30.883846153846207
2020-09-16,Oran,LST,LST_Day_1km,37.085555555555516
2020-09-16,TzM,LST,LST_Day_1km,37.16076923076935
2020-09-19,Oran,LST,LST_Day_1km,27.714444444444496
2020-09-21,Oran,LST,LST_Day_1km,24.450000000000045
2020-09-21,TzM,LST,LST_Day_1km,26.350000000000023
2020-09-22,Oran,LST,LST_Day_1km,24.31444444444452
2020-09-23,TzM,LST,LST_Day_1km,24.910000000000025
2020-09-25,Oran,LST,LST_Day_1km,25.872222222222206
2020-09-25,TzM,LST,LST_Day_1km,24.94384615384621
2020-09-26,Oran,LST,LST_Day_1km,25.350000000000023
2020-09-26,TzM,LST,LST_Day_1km,24.246153846153845
2020-09-27,Oran,LST,LST_Day_1km,28.01888888888891
2020-09-27,TzM,LST,LST_Day_1km,27.29076923076923
2020-09-28,Oran,LST,LST_Day_1km,32.52777777777783
2020-09-28,TzM,LST,LST_Day_1km,31.364615384615377
2020-09-29,Oran,LST,LST_Day_1km,29.403333333333364
2020-09-29,TzM,LST,LST_Day_1km,29.245384615384637
2020-09-30,TzM,LST,LST_Day_1km,21.330769230769192
2020-10-01,Oran,LST,LST_Day_1km,28.567777777777792
2020-10-01,TzM,LST,LST_Day_1km,25.83000000000004
2020-10-04,TzM,LST,LST_Day_1km,18.255384615384628
2020-10-05,TzM,LST,LST_Day_1km,16.55000000000001
2020-10-06,Oran,LST,LST_Day_1km,25.096666666666692
2020-10-06,TzM,LST,LST_Day_1km,24.336153846153877
2020-10-07,Oran,LST,LST_Day_1km,31.383333333333326
2020-10-07,TzM,LST,LST_Day_1km,30.477692307692337
2020-10-08,Oran,LST,LST_Day_1km,25.434444444444523
2020-10-08,TzM,LST,LST_Day_1km,26.736923076923176
2020-10-09,Oran,LST,LST_Day_1km,30.074444444444453
2020-10-09,TzM,LST,LST_Day_1km,27.103076923076912
2020-10-10,Oran,LST,LST_Day_1km,29.54333333333335
2020-10-10,TzM,LST,LST_Day_1km,27.05000000000001
2020-10-11,Oran,LST,LST_Day_1km,26.094444444444434
2020-10-11,TzM,LST,LST_Day_1km,27.95615384615388
2020-10-12,Oran,LST,LST_Day_1km,23.378888888888923
2020-10-12,TzM,LST,LST_Day_1km,26.240769230769217
2020-10-13,Oran,LST,LST_Day_1km,27.241111111111138
2020-10-13,TzM,LST,LST_Day_1km,26.97230769230771
2020-10-14,Oran,LST,LST_Day_1km,24.636666666666713
2020-10-14,TzM,LST,LST_Day_1km,25.68846153846158
2020-10-15,Oran,LST,LST_Day_1km,20.936666666666724
2020-10-15,TzM,LST,LST_Day_1km,22.177692307692325
2020-10-16,Oran,LST,LST_Day_1km,23.223333333333358
2020-10-16,TzM,LST,LST_Day_1km,24.068461538461577
2020-10-17,Oran,LST,LST_Day_1km,20.014444444444507
2020-10-17,TzM,LST,LST_Day_1km,21.950000000000045
2020-10-18,Oran,LST,LST_Day_1km,25.81666666666672
2020-10-18,TzM,LST,LST_Day_1km,23.675384615384644
2020-10-19,Oran,LST,LST_Day_1km,22.167777777777815
2020-10-19,TzM,LST,LST_Day_1km,24.943076923076887
2020-10-23,Oran,LST,LST_Day_1km,18.576666666666654
2020-10-23,TzM,LST,LST_Day_1km,15.866923076923115
2020-10-24,TzM,LST,LST_Day_1km,17.407692307692344
2020-10-25,Oran,LST,LST_Day_1km,18.125555555555536
2020-10-25,TzM,LST,LST_Day_1km,12.870000000000005
2020-10-27,Oran,LST,LST_Day_1km,16.187777777777796
2020-10-27,TzM,LST,LST_Day_1km,13.591538461538448
2020-10-28,Oran,LST,LST_Day_1km,19.903333333333364
2020-10-29,Oran,LST,LST_Day_1km,22.01888888888891
2020-10-29,TzM,LST,LST_Day_1km,22.139999999999986
2020-10-30,Oran,LST,LST_Day_1km,26.03666666666669
2020-10-30,TzM,LST,LST_Day_1km,25.684615384615427
2020-10-31,Oran,LST,LST_Day_1km,18.430000000000007
2020-10-31,TzM,LST,LST_Day_1km,22.546923076923065
2020-11-01,Oran,LST,LST_Day_1km,26.692222222222256
2020-11-01,TzM,LST,LST_Day_1km,26.843846153846187
2020-11-02,Oran,LST,LST_Day_1km,24.889999999999986
2020-11-02,TzM,LST,LST_Day_1km,23.79000000000002
2020-11-03,Oran,LST,LST_Day_1km,25.53222222222223
2020-11-03,TzM,LST,LST_Day_1km,23.277692307692348
2020-11-09,Oran,LST,LST_Day_1km,17.676666666666677
2020-11-09,TzM,LST,LST_Day_1km,15.872307692307743
2020-11-10,Oran,LST,LST_Day_1km,18.7233333333333
2020-11-10,TzM,LST,LST_Day_1km,18.336923076923142
2020-11-11,Oran,LST,LST_Day_1km,17.141111111111172
2020-11-11,TzM,LST,LST_Day_1km,14.550000000000011
2020-11-12,Oran,LST,LST_Day_1km,18.054444444444528
2020-11-12,TzM,LST,LST_Day_1km,11.779230769230765
2020-11-13,Oran,LST,LST_Day_1km,18.22555555555556
2020-11-13,TzM,LST,LST_Day_1km,12.890000000000043
2020-11-15,Oran,LST,LST_Day_1km,18.894444444444503
2020-11-17,Oran,LST,LST_Day_1km,20.33666666666676
2020-11-17,TzM,LST,LST_Day_1km,19.468461538461554
2020-11-18,Oran,LST,LST_Day_1km,20.390000000000043
2020-11-18,TzM,LST,LST_Day_1km,17.110000000000014
2020-11-19,Oran,LST,LST_Day_1km,18.670000000000016
2020-11-19,TzM,LST,LST_Day_1km,18.886923076923097
2020-11-20,Oran,LST,LST_Day_1km,16.425555555555604
2020-11-20,TzM,LST,LST_Day_1km,18.29000000000002
2020-11-21,Oran,LST,LST_Day_1km,14.118888888888875
2020-11-21,TzM,LST,LST_Day_1km,15.088461538461615
2020-11-22,Oran,LST,LST_Day_1km,16.232222222222276
2020-11-23,Oran,LST,LST_Day_1km,13.987777777777808
2020-11-23,TzM,LST,LST_Day_1km,13.450000000000045
2020-11-24,Oran,LST,LST_Day_1km,8.974444444444543
2020-11-24,TzM,LST,LST_Day_1km,11.25923076923084
2020-11-25,Oran,LST,LST_Day_1km,14.050000000000011
2020-11-28,TzM,LST,LST_Day_1km,12.643076923076933
2020-11-29,Oran,LST,LST_Day_1km,14.765555555555636
2020-11-30,Oran,LST,LST_Day_1km,11.53000000000003
2020-11-30,TzM,LST,LST_Day_1km,8.866923076923115
2020-12-01,Oran,LST,LST_Day_1km,13.692222222222256
2020-12-01,TzM,LST,LST_Day_1km,11.692307692307736
2020-12-02,Oran,LST,LST_Day_1km,8.907777777777824
2020-12-03,Oran,LST,LST_Day_1km,9.51888888888891
2020-12-03,TzM,LST,LST_Day_1km,6.7315384615384914
2020-12-05,Oran,LST,LST_Day_1km,5.065555555555591
2020-12-06,TzM,LST,LST_Day_1km,3.8100000000000023
2020-12-08,Oran,LST,LST_Day_1km,7.310000000000002
2020-12-08,TzM,LST,LST_Day_1km,7.300000000000011
2020-12-09,Oran,LST,LST_Day_1km,7.1299999999999955
2020-12-09,TzM,LST,LST_Day_1km,6.404615384615397
2020-12-12,Oran,LST,LST_Day_1km,13.74555555555554
2020-12-12,TzM,LST,LST_Day_1km,10.661538461538441
2020-12-13,Oran,LST,LST_Day_1km,13.621111111111134
2020-12-15,Oran,LST,LST_Day_1km,11.123333333333335
2020-12-15,TzM,LST,LST_Day_1km,8.911538461538441
2020-12-16,Oran,LST,LST_Day_1km,12.383333333333326
2020-12-16,TzM,LST,LST_Day_1km,10.316153846153838
2020-12-17,Oran,LST,LST_Day_1km,13.132222222222254
2020-12-17,TzM,LST,LST_Day_1km,12.538461538461604
2020-12-18,Oran,LST,LST_Day_1km,13.130000000000052
2020-12-20,TzM,LST,LST_Day_1km,10.110000000000014
2020-12-21,TzM,LST,LST_Day_1km,9.942307692307736
2020-12-22,Oran,LST,LST_Day_1km,13.82333333333338
2020-12-23,Oran,LST,LST_Day_1km,14.152222222222235
2020-12-23,TzM,LST,LST_Day_1km,11.45692307692309
2020-12-24,Oran,LST,LST_Day_1km,13.75666666666666
2020-12-24,TzM,LST,LST_Day_1km,10.050000000000011
2020-12-25,Oran,LST,LST_Day_1km,6.610000000000014
2020-12-25,TzM,LST,LST_Day_1km,9.255384615384628
2020-12-26,Oran,LST,LST_Day_1km,6.7788888888889005
2020-12-26,TzM,LST,LST_Day_1km,7.8915384615385165
2020-12-27,TzM,LST,LST_Day_1km,4.414615384615445
2020-12-28,Oran,LST,LST_Day_1km,7.512222222222192
2020-12-28,TzM,LST,LST_Day_1km,7.581538461538514
2020-12-30,Oran,LST,LST_Day_1km,5.067777777777849
2020-12-30,TzM,LST,LST_Day_1km,3.336923076923142
2020-12-31,Oran,LST,LST_Day_1km,8.116666666666674
2020-12-31,TzM,LST,LST_Day_1km,5.7853846153846575
2021-01-02,TzM,LST,LST_Day_1km,2.5453846153846484
2021-01-03,Oran,LST,LST_Day_1km,4.101111111111152
2021-01-03,TzM,LST,LST_Day_1km,2.7700000000000387
2021-01-04,Oran,LST,LST_Day_1km,2.7122222222222376
2021-01-05,Oran,LST,LST_Day_1km,3.86777777777786
2021-01-11,Oran,LST,LST_Day_1km,-1.0966666666666924
2021-01-11,TzM,LST,LST_Day_1km,-2.403076923076867
2021-01-12,Oran,LST,LST_Day_1km,-4.103333333333353
2021-01-12,TzM,LST,LST_Day_1km,-7.8776923076922
2021-01-13,Oran,LST,LST_Day_1km,1.4500000000000455
2021-01-13,TzM,LST,LST_Day_1km,-1.0030769230768897
2021-01-14,Oran,LST,LST_Day_1km,2.08111111111117
2021-01-14,TzM,LST,LST_Day_1km,-2.2784615384615563
2021-01-15,Oran,LST,LST_Day_1km,2.263333333333378
2021-01-15,TzM,LST,LST_Day_1km,-0.7215384615383869
2021-01-16,Oran,LST,LST_Day_1km,3.08111111111117
2021-01-16,TzM,LST,LST_Day_1km,0.7123076923077178
2021-01-17,Oran,LST,LST_Day_1km,3.830000000000041
2021-01-17,TzM,LST,LST_Day_1km,0.25461538461541977
2021-01-18,Oran,LST,LST_Day_1km,6.8144444444445185
2021-01-18,TzM,LST,LST_Day_1km,1.7576923076923094
2021-01-19,TzM,LST,LST_Day_1km,-0.2599999999999909
2021-01-24,Oran,LST,LST_Day_1km,10.567777777777792
2021-01-29,Oran,LST,LST_Day_1km,18.10555555555561
2021-01-29,TzM,LST,LST_Day_1km,14.135384615384623
2021-01-31,Oran,LST,LST_Day_1km,11.930000000000007
2021-02-01,Oran,LST,LST_Day_1km,15.770000000000039
2021-02-01,TzM,LST,LST_Day_1km,13.370000000000005
2021-02-02,Oran,LST,LST_Day_1km,15.496666666666727
2021-02-02,TzM,LST,LST_Day_1km,14.804615384615431
2021-02-03,TzM,LST,LST_Day_1km,13.530769230769238
2021-02-04,Oran,LST,LST_Day_1km,10.661111111111154
2021-02-05,TzM,LST,LST_Day_1km,8.403076923076924
2021-02-07,TzM,LST,LST_Day_1km,11.54923076923086
2021-02-10,Oran,LST,LST_Day_1km,15.443333333333385
2021-02-10,TzM,LST,LST_Day_1km,10.248461538461527
2021-02-12,Oran,LST,LST_Day_1km,17.28777777777782
2021-02-12,TzM,LST,LST_Day_1km,13.977692307692337
2021-02-14,Oran,LST,LST_Day_1km,17.934444444444523
2021-02-14,TzM,LST,LST_Day_1km,15.147692307692353
2021-02-16,Oran,LST,LST_Day_1km,16.474444444444543
2021-02-16,TzM,LST,LST_Day_1km,11.886153846153832
2021-02-17,TzM,LST,LST_Day_1km,16.399230769230712
2021-02-18,Oran,LST,LST_Day_1km,18.236666666666736
2021-02-18,TzM,LST,LST_Day_1km,10.170000000000016
2021-02-19,Oran,LST,LST_Day_1km,22.876666666666665
2021-02-19,TzM,LST,LST_Day_1km,21.265384615384676
2021-02-20,Oran,LST,LST_Day_1km,13.250000000000057
2021-02-27,Oran,LST,LST_Day_1km,15.672222222222274
2021-03-04,Oran,LST,LST_Day_1km,15.690000000000055
2021-03-04,TzM,LST,LST_Day_1km,15.603846153846177
2021-03-09,TzM,LST,LST_Day_1km,13.250000000000057
2021-03-10,Oran,LST,LST_Day_1km,14.803333333333399
2021-03-10,TzM,LST,LST_Day_1km,13.260769230769313
2021-03-11,Oran,LST,LST_Day_1km,19.48555555555555
2021-03-11,TzM,LST,LST_Day_1km,17.959230769230714
2021-03-12,Oran,LST,LST_Day_1km,18.723333333333414
2021-03-13,Oran,LST,LST_Day_1km,21.465555555555568
2021-03-13,TzM,LST,LST_Day_1km,20.68153846153848
2021-03-14,Oran,LST,LST_Day_1km,21.06333333333339
2021-03-14,TzM,LST,LST_Day_1km,20.67846153846159
2021-03-15,Oran,LST,LST_Day_1km,21.492222222222267
2021-03-15,TzM,LST,LST_Day_1km,21.27000000000004
2021-03-16,Oran,LST,LST_Day_1km,23.510000000000048
2021-03-16,TzM,LST,LST_Day_1km,22.459230769230828
2021-03-17,Oran,LST,LST_Day_1km,21.75444444444446
2021-03-17,TzM,LST,LST_Day_1km,21.543076923076967
2021-03-18,TzM,LST,LST_Day_1km,19.1615384615385
2021-03-20,TzM,LST,LST_Day_1km,13.661538461538498
2021-03-21,Oran,LST,LST_Day_1km,15.332222222222242
2021-03-21,TzM,LST,LST_Day_1km,18.99000000000001
2021-03-22,Oran,LST,LST_Day_1km,18.901111111111163
2021-03-23,Oran,LST,LST_Day_1km,24.98555555555555
2021-03-23,TzM,LST,LST_Day_1km,25.167692307692334
2021-03-24,Oran,LST,LST_Day_1km,24.332222222222242
2021-03-24,TzM,LST,LST_Day_1km,25.478461538461545
2021-03-25,Oran,LST,LST_Day_1km,27.53666666666669
2021-03-25,TzM,LST,LST_Day_1km,28.78000000000003
2021-03-26,Oran,LST,LST_Day_1km,18.487777777777865
2021-03-26,TzM,LST,LST_Day_1km,19.77000000000004
2021-03-27,Oran,LST,LST_Day_1km,21.26666666666671
2021-03-28,Oran,LST,LST_Day_1km,21.590000000000032
2021-03-31,Oran,LST,LST_Day_1km,18.99444444444447
2021-03-31,TzM,LST,LST_Day_1km,22.370000000000005
2021-04-01,Oran,LST,LST_Day_1km,20.21444444444444
2021-04-01,TzM,LST,LST_Day_1km,22.246153846153845
2021-04-02,Oran,LST,LST_Day_1km,23.230000000000018
2021-04-05,Oran,LST,LST_Day_1km,21.425555555555604
2021-04-05,TzM,LST,LST_Day_1km,29.178461538461534
2021-04-06,Oran,LST,LST_Day_1km,29.31666666666672
2021-04-06,TzM,LST,LST_Day_1km,30.16923076923075
2021-04-10,Oran,LST,LST_Day_1km,23.927777777777806
2021-04-10,TzM,LST,LST_Day_1km,25.35076923076923
2021-04-12,Oran,LST,LST_Day_1km,24.310000000000002
2021-04-12,TzM,LST,LST_Day_1km,22.818461538461577
2021-04-13,Oran,LST,LST_Day_1km,17.8366666666667
2021-04-17,Oran,LST,LST_Day_1km,20.28111111111116
2021-04-17,TzM,LST,LST_Day_1km,20.07769230769236
2021-04-18,Oran,LST,LST_Day_1km,19.518888888888853
2021-04-19,Oran,LST,LST_Day_1km,22.112222222222215
2021-04-20,Oran,LST,LST_Day_1km,18.710000000000036
2021-04-22,Oran,LST,LST_Day_1km,15.583333333333371
2021-04-28,Oran,LST,LST_Day_1km,18.57000000000005
2021-04-30,Oran,LST,LST_Day_1km,20.483333333333405
2021-04-30,TzM,LST,LST_Day_1km,6.53000000000003
2021-05-01,Oran,LST,LST_Day_1km,17.643333333333374
2021-05-01,TzM,LST,LST_Day_1km,19.13230769230779
2021-05-02,Oran,LST,LST_Day_1km,21.067777777777792
2021-05-04,Oran,LST,LST_Day_1km,24.558888888888873
2021-05-04,TzM,LST,LST_Day_1km,26.450000000000045
2021-05-05,TzM,LST,LST_Day_1km,31.086923076923142
2021-05-06,Oran,LST,LST_Day_1km,29.432222222222208
2021-05-06,TzM,LST,LST_Day_1km,31.485384615384646
2021-05-07,Oran,LST,LST_Day_1km,34.66555555555561
2021-05-07,TzM,LST,LST_Day_1km,35.508461538461574
2021-05-08,Oran,LST,LST_Day_1km,31.103333333333353
2021-05-08,TzM,LST,LST_Day_1km,22.642307692307725
2021-05-12,Oran,LST,LST_Day_1km,24.230000000000018
2021-05-12,TzM,LST,LST_Day_1km,25.77000000000004
2021-05-13,Oran,LST,LST_Day_1km,23.903333333333308
2021-05-13,TzM,LST,LST_Day_1km,25.8207692307692
2021-05-14,Oran,LST,LST_Day_1km,30.75444444444446
2021-05-14,TzM,LST,LST_Day_1km,31.483846153846173
2021-05-15,Oran,LST,LST_Day_1km,28.221111111111156
2021-05-16,Oran,LST,LST_Day_1km,36.936666666666724
2021-05-16,TzM,LST,LST_Day_1km,33.68461538461543
2021-05-17,Oran,LST,LST_Day_1km,34.52777777777783
2021-05-18,Oran,LST,LST_Day_1km,35.99666666666667
2021-05-18,TzM,LST,LST_Day_1km,35.718461538461554
2021-05-19,Oran,LST,LST_Day_1km,35.26111111111118
2021-05-19,TzM,LST,LST_Day_1km,37.986153846153854
2021-05-20,Oran,LST,LST_Day_1km,27.20555555555552
2021-05-21,TzM,LST,LST_Day_1km,33.166923076923126
2021-05-24,Oran,LST,LST_Day_1km,24.754444444444516
2021-05-25,Oran,LST,LST_Day_1km,23.810000000000002
2021-05-26,Oran,LST,LST_Day_1km,27.625555555555536
2021-05-26,TzM,LST,LST_Day_1km,27.17846153846159
2021-05-28,Oran,LST,LST_Day_1km,30.636666666666656
2021-05-29,Oran,LST,LST_Day_1km,31.501111111111186
2021-05-29,TzM,LST,LST_Day_1km,33.15615384615387
2021-05-30,TzM,LST,LST_Day_1km,36.0138461538462
2021-06-02,Oran,LST,LST_Day_1km,33.78333333333336
2021-06-03,Oran,LST,LST_Day_1km,32.62555555555559
2021-06-03,TzM,LST,LST_Day_1km,31.625384615384633
2021-06-06,Oran,LST,LST_Day_1km,31.49000000000001
2021-06-06,TzM,LST,LST_Day_1km,27.81230769230774
2021-06-07,Oran,LST,LST_Day_1km,34.58777777777783
2021-06-07,TzM,LST,LST_Day_1km,32.79538461538459
2021-06-08,Oran,LST,LST_Day_1km,41.667777777777815
2021-06-08,TzM,LST,LST_Day_1km,36.170769230769224
2021-06-09,Oran,LST,LST_Day_1km,41.203333333333376
2021-06-09,TzM,LST,LST_Day_1km,38.89538461538467
2021-06-10,Oran,LST,LST_Day_1km,38.118888888888875
2021-06-10,TzM,LST,LST_Day_1km,32.980000000000075
2021-06-11,Oran,LST,LST_Day_1km,37.638888888888914
2021-06-11,TzM,LST,LST_Day_1km,36.430769230769215
2021-06-12,Oran,LST,LST_Day_1km,32.97222222222223
2021-06-12,TzM,LST,LST_Day_1km,27.797692307692273
2021-06-13,Oran,LST,LST_Day_1km,40.8388888888889
2021-06-13,TzM,LST,LST_Day_1km,36.256153846153836
2021-06-14,Oran,LST,LST_Day_1km,31.49888888888887
2021-06-14,TzM,LST,LST_Day_1km,31.540769230769342
2021-06-15,Oran,LST,LST_Day_1km,32.89888888888885
2021-06-15,TzM,LST,LST_Day_1km,27.612307692307752
2021-06-21,Oran,LST,LST_Day_1km,29.750000000000057
2021-06-21,TzM,LST,LST_Day_1km,26.20461538461541
2021-06-22,Oran,LST,LST_Day_1km,38.17444444444453
2021-06-22,TzM,LST,LST_Day_1km,29.650000000000034
2021-06-24,Oran,LST,LST_Day_1km,37.892222222222244
2021-06-24,TzM,LST,LST_Day_1km,35.04000000000008
2021-06-25,Oran,LST,LST_Day_1km,36.23888888888888
2021-06-25,TzM,LST,LST_Day_1km,36.27153846153851
2021-06-26,Oran,LST,LST_Day_1km,40.99000000000001
2021-06-26,TzM,LST,LST_Day_1km,39.20692307692309
2021-06-27,Oran,LST,LST_Day_1km,42.82555555555564
2021-06-27,TzM,LST,LST_Day_1km,39.21692307692308
2021-06-28,Oran,LST,LST_Day_1km,38.661111111111154
2021-06-28,TzM,LST,LST_Day_1km,34.32307692307694
2021-06-29,Oran,LST,LST_Day_1km,46.03888888888889
2021-06-29,TzM,LST,LST_Day_1km,40.90153846153851
2021-06-30,Oran,LST,LST_Day_1km,35.96555555555557
2021-06-30,TzM,LST,LST_Day_1km,35.75384615384621
2021-07-01,Oran,LST,LST_Day_1km,47.44555555555553
2021-07-01,TzM,LST,LST_Day_1km,43.801538461538485
2021-07-02,Oran,LST,LST_Day_1km,46.02333333333337
2021-07-02,TzM,LST,LST_Day_1km,43.31076923076921
2021-07-03,Oran,LST,LST_Day_1km,47.29888888888888
2021-07-04,Oran,LST,LST_Day_1km,42.685555555555595
2021-07-04,TzM,LST,LST_Day_1km,38.20846153846156
2021-07-05,Oran,LST,LST_Day_1km,46.681111111111136
2021-07-05,TzM,LST,LST_Day_1km,42.801538461538485
2021-07-06,Oran,LST,LST_Day_1km,44.636666666666656
2021-07-06,TzM,LST,LST_Day_1km,39.59307692307692
2021-07-07,TzM,LST,LST_Day_1km,33.25000000000006
2021-07-08,Oran,LST,LST_Day_1km,44.79000000000002
2021-07-08,TzM,LST,LST_Day_1km,41.77384615384619
2021-07-09,TzM,LST,LST_Day_1km,38.52999999999997
2021-07-10,Oran,LST,LST_Day_1km,41.10777777777781
2021-07-10,TzM,LST,LST_Day_1km,40.71923076923082
2021-07-11,Oran,LST,LST_Day_1km,38.39666666666665
2021-07-11,TzM,LST,LST_Day_1km,36.60615384615386
2021-07-12,Oran,LST,LST_Day_1km,41.38111111111118
2021-07-12,TzM,LST,LST_Day_1km,39.049230769230746
2021-07-13,Oran,LST,LST_Day_1km,39.99888888888887
2021-07-13,TzM,LST,LST_Day_1km,39.144615384615406
2021-07-14,Oran,LST,LST_Day_1km,40.77000000000004
2021-07-14,TzM,LST,LST_Day_1km,38.988461538461536
2021-07-15,Oran,LST,LST_Day_1km,42.35000000000002
2021-07-15,TzM,LST,LST_Day_1km,38.84076923076924
2021-07-16,Oran,LST,LST_Day_1km,36.74555555555554
2021-07-16,TzM,LST,LST_Day_1km,37.970769230769235
2021-07-17,Oran,LST,LST_Day_1km,46.33000000000004
2021-07-17,TzM,LST,LST_Day_1km,44.786923076923074
2021-07-18,Oran,LST,LST_Day_1km,43.447777777777844
2021-07-18,TzM,LST,LST_Day_1km,42.946153846153834
2021-07-19,Oran,LST,LST_Day_1km,47.40111111111116
2021-07-19,TzM,LST,LST_Day_1km,44.45538461538467
2021-07-20,Oran,LST,LST_Day_1km,46.91444444444454
2021-07-20,TzM,LST,LST_Day_1km,43.83615384615388
2021-07-21,Oran,LST,LST_Day_1km,43.20777777777778
2021-07-21,TzM,LST,LST_Day_1km,42.47615384615386
2021-07-22,Oran,LST,LST_Day_1km,46.938888888888926
2021-07-22,TzM,LST,LST_Day_1km,45.46153846153851
2021-07-24,Oran,LST,LST_Day_1km,44.00777777777785
2021-07-24,TzM,LST,LST_Day_1km,42.30076923076922
2021-07-26,Oran,LST,LST_Day_1km,41.870000000000005
2021-07-27,Oran,LST,LST_Day_1km,43.916666666666686
2021-07-27,TzM,LST,LST_Day_1km,41.50999999999999
2021-07-28,Oran,LST,LST_Day_1km,46.7766666666667
2021-07-28,TzM,LST,LST_Day_1km,42.998461538461584
2021-07-29,Oran,LST,LST_Day_1km,41.8944444444445
2021-07-29,TzM,LST,LST_Day_1km,42.05307692307696
2021-07-30,Oran,LST,LST_Day_1km,41.663333333333355
2021-07-30,TzM,LST,LST_Day_1km,41.870000000000005
2021-08-01,Oran,LST,LST_Day_1km,36.3344444444445
2021-08-01,TzM,LST,LST_Day_1km,37.242307692307804
2021-08-02,Oran,LST,LST_Day_1km,38.623333333333335
2021-08-02,TzM,LST,LST_Day_1km,35.97000000000003
2021-08-03,Oran,LST,LST_Day_1km,35.947777777777844
2021-08-03,TzM,LST,LST_Day_1km,37.48153846153849
2021-08-04,Oran,LST,LST_Day_1km,36.52333333333337
2021-08-04,TzM,LST,LST_Day_1km,40.723076923076974
2021-08-05,Oran,LST,LST_Day_1km,46.24111111111114
2021-08-05,TzM,LST,LST_Day_1km,42.22000000000003
2021-08-06,Oran,LST,LST_Day_1km,46.2744444444445
2021-08-06,TzM,LST,LST_Day_1km,44.00461538461548
2021-08-07,Oran,LST,LST_Day_1km,42.672222222222274
2021-08-07,TzM,LST,LST_Day_1km,37.81923076923073
2021-08-08,Oran,LST,LST_Day_1km,36.01000000000005
2021-08-08,TzM,LST,LST_Day_1km,34.03846153846155
2021-08-09,TzM,LST,LST_Day_1km,32.288461538461604
2021-08-10,TzM,LST,LST_Day_1km,30.93384615384622
2021-08-12,Oran,LST,LST_Day_1km,38.28333333333336
2021-08-12,TzM,LST,LST_Day_1km,41.05923076923085
2021-08-13,Oran,LST,LST_Day_1km,43.49000000000001
2021-08-13,TzM,LST,LST_Day_1km,42.69076923076932
2021-08-14,Oran,LST,LST_Day_1km,48.8077777777778
2021-08-14,TzM,LST,LST_Day_1km,45.003076923077
2021-08-15,Oran,LST,LST_Day_1km,40.51222222222225
2021-08-15,TzM,LST,LST_Day_1km,39.69076923076932
2021-08-16,Oran,LST,LST_Day_1km,48.91444444444454
2021-08-16,TzM,LST,LST_Day_1km,44.90692307692308
2021-08-17,Oran,LST,LST_Day_1km,34.29000000000002
2021-08-17,TzM,LST,LST_Day_1km,37.36153846153849
2021-08-18,Oran,LST,LST_Day_1km,40.81
2021-08-18,TzM,LST,LST_Day_1km,40.910000000000025
2021-08-19,Oran,LST,LST_Day_1km,37.961111111111165
2021-08-19,TzM,LST,LST_Day_1km,36.46076923076919
2021-08-20,Oran,LST,LST_Day_1km,42.44555555555553
2021-08-20,TzM,LST,LST_Day_1km,41.473076923076974
2021-08-21,TzM,LST,LST_Day_1km,42.67923076923074
2021-08-22,TzM,LST,LST_Day_1km,37.14000000000004
2021-08-23,Oran,LST,LST_Day_1km,40.40999999999997
2021-08-23,TzM,LST,LST_Day_1km,37.8407692307693
2021-08-24,Oran,LST,LST_Day_1km,31.01888888888891
2021-08-24,TzM,LST,LST_Day_1km,30.922307692307697
2021-08-25,Oran,LST,LST_Day_1km,32.91222222222228
2021-08-25,TzM,LST,LST_Day_1km,33.24153846153848
2021-08-26,Oran,LST,LST_Day_1km,36.064285714285745
2021-08-26,TzM,LST,LST_Day_1km,37.576923076923094
2021-08-27,Oran,LST,LST_Day_1km,39.85444444444454
2021-08-27,TzM,LST,LST_Day_1km,41.99384615384622
2021-08-28,Oran,LST,LST_Day_1km,38.05888888888887
2021-08-28,TzM,LST,LST_Day_1km,39.60769230769233
2021-08-29,Oran,LST,LST_Day_1km,39.51888888888891
2021-08-29,TzM,LST,LST_Day_1km,40.13461538461536
2021-08-30,Oran,LST,LST_Day_1km,39.53222222222223
2021-08-30,TzM,LST,LST_Day_1km,35.25538461538463
2021-08-31,Oran,LST,LST_Day_1km,30.727777777777817
2021-08-31,TzM,LST,LST_Day_1km,30.861538461538487
2021-09-01,Oran,LST,LST_Day_1km,31.58111111111117
2021-09-03,Oran,LST,LST_Day_1km,32.85444444444454
2021-09-03,TzM,LST,LST_Day_1km,30.665384615384653
2021-09-04,Oran,LST,LST_Day_1km,35.621111111111134
2021-09-04,TzM,LST,LST_Day_1km,31.227692307692337
2021-09-05,Oran,LST,LST_Day_1km,36.072222222222194
2021-09-05,TzM,LST,LST_Day_1km,32.87076923076921
2021-09-07,TzM,LST,LST_Day_1km,25.727692307692337
2021-09-08,Oran,LST,LST_Day_1km,38.01666666666665
2021-09-08,TzM,LST,LST_Day_1km,34.32000000000005
2021-09-09,Oran,LST,LST_Day_1km,31.432222222222265
2021-09-09,TzM,LST,LST_Day_1km,31.17153846153849
2021-09-10,Oran,LST,LST_Day_1km,38.170000000000016
2021-09-10,TzM,LST,LST_Day_1km,34.40692307692308
2021-09-11,Oran,LST,LST_Day_1km,33.60777777777781
2021-09-11,TzM,LST,LST_Day_1km,34.87076923076921
2021-09-12,Oran,LST,LST_Day_1km,39.99888888888887
2021-09-12,TzM,LST,LST_Day_1km,36.7923076923077
2021-09-15,TzM,LST,LST_Day_1km,29.349230769230758
2021-09-16,TzM,LST,LST_Day_1km,27.39615384615388
2021-09-17,Oran,LST,LST_Day_1km,32.89888888888885
2021-09-17,TzM,LST,LST_Day_1km,30.700769230769197
2021-09-18,Oran,LST,LST_Day_1km,26.430000000000007
2021-09-18,TzM,LST,LST_Day_1km,29.823846153846205
2021-09-19,Oran,LST,LST_Day_1km,35.97444444444454
2021-09-19,TzM,LST,LST_Day_1km,33.685384615384635
2021-09-20,Oran,LST,LST_Day_1km,32.887777777777785
2021-09-20,TzM,LST,LST_Day_1km,32.55692307692311
2021-09-21,TzM,LST,LST_Day_1km,22.026153846153875
2021-09-26,Oran,LST,LST_Day_1km,29.690000000000055
2021-09-26,TzM,LST,LST_Day_1km,26.30538461538464
2021-09-27,Oran,LST,LST_Day_1km,31.37444444444452
2021-09-27,TzM,LST,LST_Day_1km,28.571538461538523
2021-09-28,Oran,LST,LST_Day_1km,26.625555555555536
2021-09-28,TzM,LST,LST_Day_1km,29.025384615384667
2021-09-29,Oran,LST,LST_Day_1km,34.436666666666724
2021-09-29,TzM,LST,LST_Day_1km,31.992307692307747
2021-09-30,Oran,LST,LST_Day_1km,28.36111111111103
2021-09-30,TzM,LST,LST_Day_1km,25.630000000000052
2021-10-01,Oran,LST,LST_Day_1km,26.230000000000018
2021-10-02,Oran,LST,LST_Day_1km,30.57222222222225
2021-10-02,TzM,LST,LST_Day_1km,29.00769230769231
2021-10-03,Oran,LST,LST_Day_1km,28.84777777777782
2021-10-05,Oran,LST,LST_Day_1km,27.678888888888878
2021-10-05,TzM,LST,LST_Day_1km,25.51538461538462
2021-10-06,Oran,LST,LST_Day_1km,30.667777777777815
2021-10-06,TzM,LST,LST_Day_1km,30.699230769230837
2021-10-07,Oran,LST,LST_Day_1km,32.05888888888887
2021-10-07,TzM,LST,LST_Day_1km,31.625384615384633
2021-10-08,Oran,LST,LST_Day_1km,31.885555555555527
2021-10-08,TzM,LST,LST_Day_1km,29.500769230769322
2021-10-09,Oran,LST,LST_Day_1km,28.463333333333367
2021-10-09,TzM,LST,LST_Day_1km,27.96692307692308
2021-10-10,TzM,LST,LST_Day_1km,26.690000000000055
2021-10-12,Oran,LST,LST_Day_1km,28.456666666666706
2021-10-12,TzM,LST,LST_Day_1km,28.996923076923053
2021-10-13,Oran,LST,LST_Day_1km,30.085555555555516
2021-10-13,TzM,LST,LST_Day_1km,29.781538461538446
2021-10-14,Oran,LST,LST_Day_1km,28.067777777777792
2021-10-14,TzM,LST,LST_Day_1km,27.415384615384653
2021-10-15,Oran,LST,LST_Day_1km,30.387777777777785
2021-10-15,TzM,LST,LST_Day_1km,28.188461538461524
2021-10-17,Oran,LST,LST_Day_1km,23.967777777777826
2021-10-18,TzM,LST,LST_Day_1km,26.043846153846175
2021-10-19,Oran,LST,LST_Day_1km,25.172222222222274
2021-10-19,TzM,LST,LST_Day_1km,27.861538461538487
2021-10-20,Oran,LST,LST_Day_1km,26.958888888888907
2021-10-20,TzM,LST,LST_Day_1km,25.090000000000032
2021-10-21,Oran,LST,LST_Day_1km,27.838000000000022
2021-10-23,TzM,LST,LST_Day_1km,20.241538461538482
2021-10-24,Oran,LST,LST_Day_1km,26.956666666666706
2021-10-24,TzM,LST,LST_Day_1km,19.720769230769235
2021-10-25,Oran,LST,LST_Day_1km,21.105555555555554
2021-10-26,Oran,LST,LST_Day_1km,17.78666666666669
2021-10-26,TzM,LST,LST_Day_1km,17.6153846153847
2021-10-27,Oran,LST,LST_Day_1km,22.730000000000018
2021-10-28,Oran,LST,LST_Day_1km,21.885555555555527
2021-11-01,Oran,LST,LST_Day_1km,14.583333333333371
2021-11-01,TzM,LST,LST_Day_1km,17.910000000000025
2021-11-03,Oran,LST,LST_Day_1km,10.85666666666674
2021-11-03,TzM,LST,LST_Day_1km,10.843076923076922
2021-11-04,Oran,LST,LST_Day_1km,13.572222222222251
2021-11-04,TzM,LST,LST_Day_1km,10.793846153846175
2021-11-05,Oran,LST,LST_Day_1km,10.990000000000009
2021-11-05,TzM,LST,LST_Day_1km,10.210000000000036
2021-11-06,Oran,LST,LST_Day_1km,9.905555555555566
2021-11-06,TzM,LST,LST_Day_1km,13.183846153846218
2021-11-07,Oran,LST,LST_Day_1km,13.185555555555538
2021-11-07,TzM,LST,LST_Day_1km,12.470000000000027
2021-11-08,Oran,LST,LST_Day_1km,16.194444444444514
2021-11-08,TzM,LST,LST_Day_1km,15.129230769230844
2021-11-09,Oran,LST,LST_Day_1km,18.781111111111215
2021-11-09,TzM,LST,LST_Day_1km,16.55461538461543
2021-11-10,Oran,LST,LST_Day_1km,14.454444444444448
2021-11-10,TzM,LST,LST_Day_1km,13.673846153846227
2021-11-11,Oran,LST,LST_Day_1km,18.923333333333346
2021-11-11,TzM,LST,LST_Day_1km,17.664615384615445
2021-11-12,Oran,LST,LST_Day_1km,15.736666666666679
2021-11-12,TzM,LST,LST_Day_1km,15.47461538461539
2021-11-13,Oran,LST,LST_Day_1km,19.858888888888885
2021-11-13,TzM,LST,LST_Day_1km,18.900769230769185
2021-11-14,Oran,LST,LST_Day_1km,16.82333333333338
2021-11-14,TzM,LST,LST_Day_1km,16.130000000000052
2021-11-15,Oran,LST,LST_Day_1km,14.08111111111117
2021-11-15,TzM,LST,LST_Day_1km,15.972307692307709
2021-11-16,Oran,LST,LST_Day_1km,15.227777777777817
2021-11-16,TzM,LST,LST_Day_1km,15.86615384615385
2021-11-17,Oran,LST,LST_Day_1km,14.774444444444441
2021-11-17,TzM,LST,LST_Day_1km,15.183846153846218
2021-11-19,TzM,LST,LST_Day_1km,14.016923076923092
2021-11-21,TzM,LST,LST_Day_1km,14.367692307692323
2021-11-23,Oran,LST,LST_Day_1km,9.03666666666669
2021-11-24,Oran,LST,LST_Day_1km,5.990000000000009
2021-11-26,Oran,LST,LST_Day_1km,8.438888888888926
2021-11-26,TzM,LST,LST_Day_1km,8.000769230769208
2021-11-28,TzM,LST,LST_Day_1km,1.2369230769231763
2021-11-29,Oran,LST,LST_Day_1km,10.181111111111136
2021-11-29,TzM,LST,LST_Day_1km,7.710000000000036
2021-11-30,Oran,LST,LST_Day_1km,13.034444444444432
2021-11-30,TzM,LST,LST_Day_1km,12.914615384615388
2021-12-01,Oran,LST,LST_Day_1km,11.274444444444441
2021-12-01,TzM,LST,LST_Day_1km,9.9538461538462
2021-12-02,TzM,LST,LST_Day_1km,8.42153846153849
2021-12-03,Oran,LST,LST_Day_1km,8.258888888888919
2021-12-03,TzM,LST,LST_Day_1km,8.906923076923078
2021-12-04,Oran,LST,LST_Day_1km,10.963333333333367
2021-12-04,TzM,LST,LST_Day_1km,11.067692307692312
2021-12-05,Oran,LST,LST_Day_1km,9.603333333333353
2021-12-06,Oran,LST,LST_Day_1km,10.694444444444514
2021-12-06,TzM,LST,LST_Day_1km,10.120769230769213
2021-12-07,Oran,LST,LST_Day_1km,13.30111111111114
2021-12-08,Oran,LST,LST_Day_1km,4.4500000000000455
2021-12-08,TzM,LST,LST_Day_1km,6.82307692307694
2021-12-11,Oran,LST,LST_Day_1km,13.981111111111147
2021-12-11,TzM,LST,LST_Day_1km,12.972307692307709
2021-12-12,Oran,LST,LST_Day_1km,13.807777777777858
2021-12-12,TzM,LST,LST_Day_1km,13.24692307692311
2021-12-13,Oran,LST,LST_Day_1km,12.870000000000005
2021-12-13,TzM,LST,LST_Day_1km,13.30769230769232
2021-12-14,Oran,LST,LST_Day_1km,13.096666666666692
2021-12-14,TzM,LST,LST_Day_1km,10.465384615384664
2021-12-15,Oran,LST,LST_Day_1km,11.607777777777812
2021-12-15,TzM,LST,LST_Day_1km,11.813076923076949
2021-12-16,TzM,LST,LST_Day_1km,11.610000000000014
2021-12-17,Oran,LST,LST_Day_1km,7.347500000000025
2021-12-20,Oran,LST,LST_Day_1km,14.161111111111154
2021-12-22,Oran,LST,LST_Day_1km,13.85000000000008
2021-12-27,Oran,LST,LST_Day_1km,14.876666666666722
2021-12-27,TzM,LST,LST_Day_1km,13.165384615384653
2021-12-29,Oran,LST,LST_Day_1km,9.954444444444505
2021-12-29,TzM,LST,LST_Day_1km,12.032307692307711
2021-12-30,TzM,LST,LST_Day_1km,11.527692307692348
2021-12-31,Oran,LST,LST_Day_1km,16.687777777777796
2021-12-31,TzM,LST,LST_Day_1km,14.720769230769235
2022-01-01,Oran,LST,LST_Day_1km,17.863333333333344
2022-01-01,TzM,LST,LST_Day_1km,16.127692307692314
2022-01-03,Oran,LST,LST_Day_1km,17.201111111111175
2022-01-03,TzM,LST,LST_Day_1km,15.310000000000002
2022-01-04,TzM,LST,LST_Day_1km,13.936923076923165
2022-01-05,Oran,LST,LST_Day_1km,5.985000000000014
2022-01-05,TzM,LST,LST_Day_1km,9.621538461538478
2022-01-06,Oran,LST,LST_Day_1km,6.7275000000000205
2022-01-06,TzM,LST,LST_Day_1km,7.252307692307738
2022-01-07,Oran,LST,LST_Day_1km,8.618888888888875
2022-01-07,TzM,LST,LST_Day_1km,9.889230769230835
2022-01-10,TzM,LST,LST_Day_1km,12.887692307692362
2022-01-11,Oran,LST,LST_Day_1km,9.75
2022-01-11,TzM,LST,LST_Day_1km,13.695384615384626
2022-01-12,Oran,LST,LST_Day_1km,11.550000000000011
2022-01-12,TzM,LST,LST_Day_1km,12.632307692307734
2022-01-13,Oran,LST,LST_Day_1km,7.798888888888882
2022-01-14,Oran,LST,LST_Day_1km,10.078888888888912
2022-01-14,TzM,LST,LST_Day_1km,10.454615384615408
2022-01-15,Oran,LST,LST_Day_1km,8.470000000000027
2022-01-16,Oran,LST,LST_Day_1km,9.292222222222279
2022-01-16,TzM,LST,LST_Day_1km,10.655384615384662
2022-01-17,Oran,LST,LST_Day_1km,11.723333333333358
2022-01-17,TzM,LST,LST_Day_1km,11.7323076923077
2022-01-18,Oran,LST,LST_Day_1km,11.434444444444523
2022-01-18,TzM,LST,LST_Day_1km,10.452307692307727
2022-01-19,Oran,LST,LST_Day_1km,12.32777777777784
2022-01-19,TzM,LST,LST_Day_1km,12.410000000000025
2022-01-20,Oran,LST,LST_Day_1km,8.327777777777783
2022-01-20,TzM,LST,LST_Day_1km,9.770000000000039
2022-01-21,Oran,LST,LST_Day_1km,11.112222222222272
2022-01-21,TzM,LST,LST_Day_1km,12.617692307692323
2022-01-22,TzM,LST,LST_Day_1km,10.319230769230728
2022-01-23,TzM,LST,LST_Day_1km,12.250000000000057
2022-01-24,TzM,LST,LST_Day_1km,7.648461538461561
2022-01-25,TzM,LST,LST_Day_1km,11.003846153846212
2022-01-27,Oran,LST,LST_Day_1km,11.847777777777821
2022-01-27,TzM,LST,LST_Day_1km,11.611538461538487
2022-01-28,Oran,LST,LST_Day_1km,14.201111111111175
2022-01-28,TzM,LST,LST_Day_1km,15.071538461538523
2022-01-29,Oran,LST,LST_Day_1km,13.770000000000039
2022-01-29,TzM,LST,LST_Day_1km,12.580769230769192
2022-01-30,Oran,LST,LST_Day_1km,18.365555555555602
2022-01-30,TzM,LST,LST_Day_1km,17.30230769230775
2022-01-31,Oran,LST,LST_Day_1km,12.390000000000043
2022-01-31,TzM,LST,LST_Day_1km,9.370000000000005
2022-02-01,Oran,LST,LST_Day_1km,15.3055555555556
2022-02-01,TzM,LST,LST_Day_1km,17.91384615384618
2022-02-02,Oran,LST,LST_Day_1km,19.403333333333364
2022-02-02,TzM,LST,LST_Day_1km,19.697692307692307
2022-02-03,Oran,LST,LST_Day_1km,17.187777777777796
2022-02-03,TzM,LST,LST_Day_1km,18.506153846153836
2022-02-07,Oran,LST,LST_Day_1km,12.741111111111138
2022-02-07,TzM,LST,LST_Day_1km,14.307692307692264
2022-02-08,Oran,LST,LST_Day_1km,17.565555555555534
2022-02-08,TzM,LST,LST_Day_1km,18.288461538461547
2022-02-09,Oran,LST,LST_Day_1km,14.261111111111177
2022-02-09,TzM,LST,LST_Day_1km,15.056153846153848
2022-02-10,Oran,LST,LST_Day_1km,17.30333333333334
2022-02-11,Oran,LST,LST_Day_1km,17.8344444444445
2022-02-11,TzM,LST,LST_Day_1km,16.64538461538467
2022-02-13,Oran,LST,LST_Day_1km,17.712222222222238
2022-02-13,TzM,LST,LST_Day_1km,16.730000000000018
2022-02-14,Oran,LST,LST_Day_1km,10.265555555555522
2022-02-14,TzM,LST,LST_Day_1km,11.090000000000032
2022-02-15,Oran,LST,LST_Day_1km,17.27222222222224
2022-02-15,TzM,LST,LST_Day_1km,14.771538461538455
2022-02-16,Oran,LST,LST_Day_1km,11.127777777777794
2022-02-17,Oran,LST,LST_Day_1km,20.51222222222225
2022-02-17,TzM,LST,LST_Day_1km,19.483846153846173
2022-02-18,Oran,LST,LST_Day_1km,25.95888888888885
2022-02-18,TzM,LST,LST_Day_1km,23.79461538461544
2022-02-20,Oran,LST,LST_Day_1km,20.75888888888892
2022-02-20,TzM,LST,LST_Day_1km,21.15153846153845
2022-02-21,Oran,LST,LST_Day_1km,19.59444444444449
2022-02-21,TzM,LST,LST_Day_1km,19.967692307692346
2022-02-22,Oran,LST,LST_Day_1km,23.712222222222238
2022-02-22,TzM,LST,LST_Day_1km,24.273846153846193
2022-02-23,TzM,LST,LST_Day_1km,17.63615384615383
2022-02-27,Oran,LST,LST_Day_1km,16.05444444444447
2022-02-27,TzM,LST,LST_Day_1km,14.311538461538532
2022-02-28,Oran,LST,LST_Day_1km,21.28111111111116
2022-03-01,Oran,LST,LST_Day_1km,24.807777777777858
2022-03-01,TzM,LST,LST_Day_1km,21.851538461538496
2022-03-02,TzM,LST,LST_Day_1km,19.487692307692328
2022-03-05,TzM,LST,LST_Day_1km,16.693076923076944
2022-03-09,Oran,LST,LST_Day_1km,18.872222222222263
2022-03-09,TzM,LST,LST_Day_1km,18.94153846153847
2022-03-10,Oran,LST,LST_Day_1km,13.554444444444528
2022-03-10,TzM,LST,LST_Day_1km,13.156923076923135
2022-03-12,Oran,LST,LST_Day_1km,12.943333333333385
2022-03-12,TzM,LST,LST_Day_1km,11.271538461538512
2022-03-31,Oran,LST,LST_Day_1km,11.310000000000002
2022-03-31,TzM,LST,LST_Day_1km,8.416923076923126
2022-04-01,Oran,LST,LST_Day_1km,14.781111111111159
2022-04-01,TzM,LST,LST_Day_1km,13.460000000000093
2022-04-02,Oran,LST,LST_Day_1km,15.949999999999989
2022-04-02,TzM,LST,LST_Day_1km,17.263076923076937
2022-04-03,Oran,LST,LST_Day_1km,18.17666666666662
2022-04-07,Oran,LST,LST_Day_1km,19.061111111111188
2022-04-07,TzM,LST,LST_Day_1km,17.053846153846223
2022-04-08,Oran,LST,LST_Day_1km,15.700000000000045
2022-04-11,TzM,LST,LST_Day_1km,19.810000000000002
2022-04-14,Oran,LST,LST_Day_1km,16.596666666666692
2022-04-15,TzM,LST,LST_Day_1km,21.42153846153849
2022-04-16,Oran,LST,LST_Day_1km,25.930000000000007
2022-04-16,TzM,LST,LST_Day_1km,26.705384615384617
2022-04-17,Oran,LST,LST_Day_1km,28.690000000000055
2022-04-17,TzM,LST,LST_Day_1km,29.074615384615413
2022-04-18,TzM,LST,LST_Day_1km,30.039230769230755
2022-04-19,Oran,LST,LST_Day_1km,25.48555555555555
2022-04-19,TzM,LST,LST_Day_1km,22.31769230769231
2022-04-24,Oran,LST,LST_Day_1km,23.010000000000048
2022-04-25,Oran,LST,LST_Day_1km,24.918888888888887
2022-04-25,TzM,LST,LST_Day_1km,27.573846153846205
2022-04-26,TzM,LST,LST_Day_1km,23.883076923076942
2022-04-29,Oran,LST,LST_Day_1km,23.396666666666647
2022-04-29,TzM,LST,LST_Day_1km,21.28692307692313
2022-05-01,Oran,LST,LST_Day_1km,26.61222222222227
2022-05-01,TzM,LST,LST_Day_1km,27.306153846153848
2022-05-02,TzM,LST,LST_Day_1km,28.152307692307716
2022-05-05,Oran,LST,LST_Day_1km,21.927777777777862
2022-05-05,TzM,LST,LST_Day_1km,22.930000000000007
2022-05-06,Oran,LST,LST_Day_1km,24.981111111111147
2022-05-06,TzM,LST,LST_Day_1km,27.612307692307752
2022-05-07,Oran,LST,LST_Day_1km,22.498000000000047
2022-05-08,Oran,LST,LST_Day_1km,29.13444444444451
2022-05-08,TzM,LST,LST_Day_1km,32.22923076923075
2022-05-09,Oran,LST,LST_Day_1km,26.565555555555534
2022-05-09,TzM,LST,LST_Day_1km,31.377692307692314
2022-05-10,Oran,LST,LST_Day_1km,29.056666666666672
2022-05-10,TzM,LST,LST_Day_1km,33.53000000000003
2022-05-11,Oran,LST,LST_Day_1km,28.49666666666667
2022-05-11,TzM,LST,LST_Day_1km,34.690000000000055
2022-05-13,Oran,LST,LST_Day_1km,32.994444444444525
2022-05-13,TzM,LST,LST_Day_1km,37.53076923076924
2022-05-14,Oran,LST,LST_Day_1km,24.934444444444466
2022-05-14,TzM,LST,LST_Day_1km,31.79769230769233
2022-05-15,TzM,LST,LST_Day_1km,33.576923076923094
2022-05-16,Oran,LST,LST_Day_1km,29.425555555555547
2022-05-16,TzM,LST,LST_Day_1km,32.96230769230772
2022-05-17,Oran,LST,LST_Day_1km,36.45888888888891
2022-05-17,TzM,LST,LST_Day_1km,38.9715384615385
2022-05-18,Oran,LST,LST_Day_1km,33.598888888888894
2022-05-18,TzM,LST,LST_Day_1km,36.87153846153848
2022-05-19,Oran,LST,LST_Day_1km,28.403333333333364
2022-05-19,TzM,LST,LST_Day_1km,36.90692307692308
2022-05-21,Oran,LST,LST_Day_1km,27.076666666666654
2022-05-23,Oran,LST,LST_Day_1km,30.492222222222267
2022-05-23,TzM,LST,LST_Day_1km,29.743076923076956
2022-05-24,Oran,LST,LST_Day_1km,32.96999999999997
2022-05-24,TzM,LST,LST_Day_1km,35.50307692307695
2022-05-25,Oran,LST,LST_Day_1km,27.401111111111163
2022-05-25,TzM,LST,LST_Day_1km,27.897692307692353
2022-05-26,Oran,LST,LST_Day_1km,35.54111111111115
2022-05-26,TzM,LST,LST_Day_1km,36.68000000000001
2022-05-27,Oran,LST,LST_Day_1km,37.04333333333335
2022-05-27,TzM,LST,LST_Day_1km,39.34000000000003
2022-05-28,Oran,LST,LST_Day_1km,39.99222222222227
2022-05-28,TzM,LST,LST_Day_1km,41.195384615384626
2022-05-29,Oran,LST,LST_Day_1km,38.941111111111184
2022-05-31,Oran,LST,LST_Day_1km,42.03222222222223
2022-05-31,TzM,LST,LST_Day_1km,41.041538461538494
2022-06-01,Oran,LST,LST_Day_1km,34.701111111111175
2022-06-01,TzM,LST,LST_Day_1km,35.11153846153849
2022-06-03,Oran,LST,LST_Day_1km,36.925555555555604
2022-06-03,TzM,LST,LST_Day_1km,37.664615384615445
2022-06-04,Oran,LST,LST_Day_1km,38.89888888888902
2022-06-04,TzM,LST,LST_Day_1km,40.54538461538465
2022-06-05,TzM,LST,LST_Day_1km,38.92846153846159
2022-06-06,Oran,LST,LST_Day_1km,41.3388888888889
2022-06-06,TzM,LST,LST_Day_1km,41.73461538461544
2022-06-07,Oran,LST,LST_Day_1km,44.26111111111118
2022-06-07,TzM,LST,LST_Day_1km,42.97384615384618
2022-06-09,Oran,LST,LST_Day_1km,44.05888888888887
2022-06-09,TzM,LST,LST_Day_1km,43.311538461538476
2022-06-10,Oran,LST,LST_Day_1km,39.87888888888892
2022-06-10,TzM,LST,LST_Day_1km,41.97461538461545
2022-06-11,Oran,LST,LST_Day_1km,40.75888888888892
2022-06-11,TzM,LST,LST_Day_1km,42.132307692307734
2022-06-12,Oran,LST,LST_Day_1km,36.17444444444453
2022-06-12,TzM,LST,LST_Day_1km,34.130769230769204
2022-06-13,Oran,LST,LST_Day_1km,43.54111111111115
2022-06-13,TzM,LST,LST_Day_1km,42.86076923076922
2022-06-14,Oran,LST,LST_Day_1km,46.37666666666672
2022-06-14,TzM,LST,LST_Day_1km,42.68153846153848
2022-06-16,Oran,LST,LST_Day_1km,45.84111111111122
2022-06-16,TzM,LST,LST_Day_1km,40.76076923076931
2022-06-17,Oran,LST,LST_Day_1km,36.7766666666667
2022-06-17,TzM,LST,LST_Day_1km,37.04769230769233
2022-06-19,Oran,LST,LST_Day_1km,39.876666666666665
2022-06-19,TzM,LST,LST_Day_1km,39.66230769230771
2022-06-20,Oran,LST,LST_Day_1km,37.412222222222226
2022-06-20,TzM,LST,LST_Day_1km,36.89153846153846
2022-06-22,Oran,LST,LST_Day_1km,36.447777777777844
2022-06-22,TzM,LST,LST_Day_1km,35.82846153846157
2022-06-23,Oran,LST,LST_Day_1km,40.09000000000003
2022-06-23,TzM,LST,LST_Day_1km,38.02923076923082
2022-06-24,Oran,LST,LST_Day_1km,35.15666666666675
2022-06-24,TzM,LST,LST_Day_1km,33.31538461538469
2022-06-25,Oran,LST,LST_Day_1km,44.80111111111114
2022-06-25,TzM,LST,LST_Day_1km,42.51230769230773
2022-06-26,Oran,LST,LST_Day_1km,40.09000000000003
2022-06-26,TzM,LST,LST_Day_1km,38.77000000000004
2022-06-27,Oran,LST,LST_Day_1km,42.06111111111119
2022-06-27,TzM,LST,LST_Day_1km,36.313846153846214
2022-06-28,Oran,LST,LST_Day_1km,42.05666666666673
2022-06-28,TzM,LST,LST_Day_1km,41.914615384615445
2022-06-29,Oran,LST,LST_Day_1km,44.04555555555555
2022-06-29,TzM,LST,LST_Day_1km,43.5315384615385
2022-06-30,Oran,LST,LST_Day_1km,41.15444444444444
2022-06-30,TzM,LST,LST_Day_1km,42.24538461538464
2022-07-01,Oran,LST,LST_Day_1km,35.54777777777781
2022-07-01,TzM,LST,LST_Day_1km,32.89307692307693
2022-07-02,Oran,LST,LST_Day_1km,37.2166666666667
2022-07-02,TzM,LST,LST_Day_1km,35.80384615384622
2022-07-03,TzM,LST,LST_Day_1km,31.730769230769226
2022-07-04,Oran,LST,LST_Day_1km,45.967777777777826
2022-07-04,TzM,LST,LST_Day_1km,43.464615384615456
2022-07-05,Oran,LST,LST_Day_1km,36.69666666666666
2022-07-05,TzM,LST,LST_Day_1km,35.610000000000014
2022-07-06,TzM,LST,LST_Day_1km,35.8869230769231
2022-07-07,Oran,LST,LST_Day_1km,38.83000000000004
2022-07-07,TzM,LST,LST_Day_1km,40.21384615384619
2022-07-08,Oran,LST,LST_Day_1km,41.389999999999986
2022-07-08,TzM,LST,LST_Day_1km,41.571538461538466
2022-07-09,Oran,LST,LST_Day_1km,44.82111111111118
2022-07-09,TzM,LST,LST_Day_1km,44.51615384615383
2022-07-10,Oran,LST,LST_Day_1km,39.194444444444514
2022-07-10,TzM,LST,LST_Day_1km,41.266153846153884
2022-07-11,Oran,LST,LST_Day_1km,42.8388888888889
2022-07-11,TzM,LST,LST_Day_1km,44.81538461538463
2022-07-12,Oran,LST,LST_Day_1km,43.75222222222226
2022-07-12,TzM,LST,LST_Day_1km,43.74076923076922
2022-07-13,Oran,LST,LST_Day_1km,46.80333333333334
2022-07-13,TzM,LST,LST_Day_1km,46.874615384615424
2022-07-14,Oran,LST,LST_Day_1km,47.14333333333337
2022-07-14,TzM,LST,LST_Day_1km,46.17461538461538
2022-07-15,Oran,LST,LST_Day_1km,46.29444444444454
2022-07-15,TzM,LST,LST_Day_1km,45.28923076923087
2022-07-16,Oran,LST,LST_Day_1km,48.432222222222265
2022-07-16,TzM,LST,LST_Day_1km,46.400000000000034
2022-07-17,Oran,LST,LST_Day_1km,44.08777777777783
2022-07-17,TzM,LST,LST_Day_1km,43.4715384615385
2022-07-18,Oran,LST,LST_Day_1km,46.63666666666671
2022-07-18,TzM,LST,LST_Day_1km,46.09692307692313
2022-07-19,Oran,LST,LST_Day_1km,40.432222222222265
2022-07-19,TzM,LST,LST_Day_1km,38.758461538461574
2022-07-20,Oran,LST,LST_Day_1km,48.80333333333334
2022-07-20,TzM,LST,LST_Day_1km,45.52538461538467
2022-07-21,Oran,LST,LST_Day_1km,41.196666666666715
2022-07-21,TzM,LST,LST_Day_1km,42.399230769230826
2022-07-22,Oran,LST,LST_Day_1km,47.907777777777824
2022-07-22,TzM,LST,LST_Day_1km,46.64615384615388
2022-07-23,Oran,LST,LST_Day_1km,46.7766666666667
2022-07-23,TzM,LST,LST_Day_1km,45.902307692307716
2022-07-24,Oran,LST,LST_Day_1km,48.121111111111134
2022-07-24,TzM,LST,LST_Day_1km,46.917692307692334
2022-07-25,Oran,LST,LST_Day_1km,46.17666666666673
2022-07-25,TzM,LST,LST_Day_1km,45.967692307692346
2022-07-26,Oran,LST,LST_Day_1km,43.103333333333296
2022-07-26,TzM,LST,LST_Day_1km,41.690000000000055
2022-07-27,Oran,LST,LST_Day_1km,45.63000000000005
2022-07-27,TzM,LST,LST_Day_1km,44.742307692307804
2022-07-28,Oran,LST,LST_Day_1km,44.82777777777778
2022-07-28,TzM,LST,LST_Day_1km,44.04538461538465
2022-07-29,Oran,LST,LST_Day_1km,47.98555555555561
2022-07-29,TzM,LST,LST_Day_1km,46.1830769230769
2022-07-30,Oran,LST,LST_Day_1km,37.863333333333344
2022-07-30,TzM,LST,LST_Day_1km,39.379230769230844
2022-07-31,Oran,LST,LST_Day_1km,39.683333333333394
2022-07-31,TzM,LST,LST_Day_1km,39.381538461538526
2022-08-01,Oran,LST,LST_Day_1km,43.57444444444445
2022-08-01,TzM,LST,LST_Day_1km,42.610000000000014
2022-08-02,Oran,LST,LST_Day_1km,40.427777777777806
2022-08-02,TzM,LST,LST_Day_1km,34.94076923076932
2022-08-03,Oran,LST,LST_Day_1km,43.636666666666656
2022-08-03,TzM,LST,LST_Day_1km,41.92384615384623
2022-08-04,Oran,LST,LST_Day_1km,35.99222222222227
2022-08-04,TzM,LST,LST_Day_1km,35.06846153846158
2022-08-05,Oran,LST,LST_Day_1km,45.02333333333337
2022-08-05,TzM,LST,LST_Day_1km,43.22769230769234
2022-08-06,Oran,LST,LST_Day_1km,41.065555555555534
2022-08-06,TzM,LST,LST_Day_1km,41.9646153846154
2022-08-07,Oran,LST,LST_Day_1km,46.02777777777783
2022-08-07,TzM,LST,LST_Day_1km,43.713076923076926
2022-08-08,Oran,LST,LST_Day_1km,44.32777777777778
2022-08-08,TzM,LST,LST_Day_1km,43.356923076923124
2022-08-09,Oran,LST,LST_Day_1km,41.57444444444451
2022-08-09,TzM,LST,LST_Day_1km,39.94384615384621
2022-08-10,Oran,LST,LST_Day_1km,40.416666666666686
2022-08-10,TzM,LST,LST_Day_1km,39.53000000000003
2022-08-11,Oran,LST,LST_Day_1km,38.47000000000003
2022-08-11,TzM,LST,LST_Day_1km,37.848461538461606
2022-08-12,Oran,LST,LST_Day_1km,43.56777777777779
2022-08-12,TzM,LST,LST_Day_1km,42.23769230769233
2022-08-14,Oran,LST,LST_Day_1km,38.06777777777785
2022-08-14,TzM,LST,LST_Day_1km,36.10923076923086
2022-08-15,Oran,LST,LST_Day_1km,40.863333333333344
2022-08-15,TzM,LST,LST_Day_1km,38.63384615384615
2022-08-16,Oran,LST,LST_Day_1km,42.01666666666665
2022-08-16,TzM,LST,LST_Day_1km,39.01000000000005
2022-08-17,Oran,LST,LST_Day_1km,41.05444444444453
2022-08-17,TzM,LST,LST_Day_1km,37.92615384615385
2022-08-18,Oran,LST,LST_Day_1km,37.07666666666671
2022-08-18,TzM,LST,LST_Day_1km,36.755384615384685
2022-08-19,Oran,LST,LST_Day_1km,44.441111111111184
2022-08-19,TzM,LST,LST_Day_1km,40.37230769230774
2022-08-20,Oran,LST,LST_Day_1km,36.25222222222226
2022-08-20,TzM,LST,LST_Day_1km,36.07000000000005
2022-08-21,Oran,LST,LST_Day_1km,42.656666666666695
2022-08-21,TzM,LST,LST_Day_1km,42.07923076923083
2022-08-22,Oran,LST,LST_Day_1km,44.97444444444454
2022-08-22,TzM,LST,LST_Day_1km,42.69461538461536
2022-08-23,Oran,LST,LST_Day_1km,38.88555555555553
2022-08-23,TzM,LST,LST_Day_1km,38.09307692307692
2022-08-24,Oran,LST,LST_Day_1km,39.09222222222223
2022-08-24,TzM,LST,LST_Day_1km,35.27000000000004
2022-08-25,Oran,LST,LST_Day_1km,40.51888888888891
2022-08-25,TzM,LST,LST_Day_1km,38.78923076923087
2022-08-26,Oran,LST,LST_Day_1km,36.64555555555563
2022-08-26,TzM,LST,LST_Day_1km,34.24384615384622
2022-08-27,TzM,LST,LST_Day_1km,33.05000000000001
2022-08-28,Oran,LST,LST_Day_1km,32.8077777777778
2022-08-28,TzM,LST,LST_Day_1km,38.02307692307693
2022-08-29,TzM,LST,LST_Day_1km,31.756153846153836
2022-08-30,Oran,LST,LST_Day_1km,34.49000000000001
2022-08-30,TzM,LST,LST_Day_1km,37.420769230769224
2022-08-31,TzM,LST,LST_Day_1km,34.20692307692309
2022-09-02,Oran,LST,LST_Day_1km,34.82111111111118
2022-09-02,TzM,LST,LST_Day_1km,37.92615384615385
2022-09-03,Oran,LST,LST_Day_1km,32.59888888888901
2022-09-03,TzM,LST,LST_Day_1km,35.79000000000002
2022-09-04,Oran,LST,LST_Day_1km,38.112222222222215
2022-09-04,TzM,LST,LST_Day_1km,40.0669230769231
2022-09-05,Oran,LST,LST_Day_1km,34.598888888888894
2022-09-05,TzM,LST,LST_Day_1km,35.69769230769231
2022-09-06,Oran,LST,LST_Day_1km,37.105555555555554
2022-09-06,TzM,LST,LST_Day_1km,37.606923076923124
2022-09-08,Oran,LST,LST_Day_1km,32.65000000000009
2022-09-08,TzM,LST,LST_Day_1km,35.783076923076976
2022-09-09,Oran,LST,LST_Day_1km,37.1922222222222
2022-09-09,TzM,LST,LST_Day_1km,36.200000000000045
2022-09-10,Oran,LST,LST_Day_1km,35.71222222222224
2022-09-10,TzM,LST,LST_Day_1km,36.850769230769345
2022-09-11,Oran,LST,LST_Day_1km,32.916666666666686
2022-09-11,TzM,LST,LST_Day_1km,31.69384615384621
2022-09-15,Oran,LST,LST_Day_1km,33.427777777777806
2022-09-15,TzM,LST,LST_Day_1km,30.26692307692315
2022-09-16,Oran,LST,LST_Day_1km,34.658888888888896
2022-09-16,TzM,LST,LST_Day_1km,32.602307692307704
2022-09-17,Oran,LST,LST_Day_1km,35.201111111111175
2022-09-17,TzM,LST,LST_Day_1km,32.39000000000004
2022-09-19,Oran,LST,LST_Day_1km,31.73666666666668
2022-09-20,Oran,LST,LST_Day_1km,37.2766666666667
2022-09-20,TzM,LST,LST_Day_1km,34.738461538461536
2022-09-22,Oran,LST,LST_Day_1km,34.08333333333337
2022-09-22,TzM,LST,LST_Day_1km,33.19384615384621
2022-09-25,TzM,LST,LST_Day_1km,27.28923076923087
2022-09-26,TzM,LST,LST_Day_1km,24.121538461538478
2022-09-27,Oran,LST,LST_Day_1km,29.665555555555557
2022-09-27,TzM,LST,LST_Day_1km,26.460000000000036
2022-09-28,Oran,LST,LST_Day_1km,27.84777777777782
2022-09-30,Oran,LST,LST_Day_1km,18.601111111111038
2022-09-30,TzM,LST,LST_Day_1km,22.410769230769233
2022-10-01,Oran,LST,LST_Day_1km,27.930000000000064
2022-10-01,TzM,LST,LST_Day_1km,28.202307692307727
2022-10-02,Oran,LST,LST_Day_1km,28.721111111111043
2022-10-02,TzM,LST,LST_Day_1km,29.710769230769188
2022-10-03,TzM,LST,LST_Day_1km,20.410000000000025
2022-10-06,TzM,LST,LST_Day_1km,25.442307692307736
2022-10-07,Oran,LST,LST_Day_1km,23.090000000000032
2022-10-07,TzM,LST,LST_Day_1km,19.930000000000007
2022-10-08,Oran,LST,LST_Day_1km,22.716666666666697
2022-10-08,TzM,LST,LST_Day_1km,28.768461538461565
2022-10-24,TzM,LST,LST_Day_1km,18.05461538461543
2022-10-27,Oran,LST,LST_Day_1km,22.227777777777817
2022-10-27,TzM,LST,LST_Day_1km,21.643846153846198
2022-10-31,Oran,LST,LST_Day_1km,18.549999999999955
2022-11-01,Oran,LST,LST_Day_1km,27.825555555555525
2022-11-01,TzM,LST,LST_Day_1km,27.005384615384628
2022-11-02,Oran,LST,LST_Day_1km,21.7766666666667
2022-11-02,TzM,LST,LST_Day_1km,21.147692307692353
2022-11-04,Oran,LST,LST_Day_1km,16.701111111111175
2022-11-05,Oran,LST,LST_Day_1km,19.76777777777778
2022-11-05,TzM,LST,LST_Day_1km,18.33846153846156
2022-11-06,Oran,LST,LST_Day_1km,23.918888888888887
2022-11-06,TzM,LST,LST_Day_1km,21.750000000000057
2022-11-07,Oran,LST,LST_Day_1km,22.926666666666733
2022-11-07,TzM,LST,LST_Day_1km,20.61923076923074
2022-11-08,TzM,LST,LST_Day_1km,21.446153846153834
2022-11-10,Oran,LST,LST_Day_1km,16.51444444444445
2022-11-10,TzM,LST,LST_Day_1km,17.336923076923142
2022-11-11,Oran,LST,LST_Day_1km,7.514444444444507
2022-11-13,Oran,LST,LST_Day_1km,19.558888888888873
2022-11-13,TzM,LST,LST_Day_1km,19.334615384615404
2022-11-14,Oran,LST,LST_Day_1km,13.28333333333336
2022-11-15,Oran,LST,LST_Day_1km,12.2766666666667
2022-11-19,TzM,LST,LST_Day_1km,9.502307692307738
2022-11-20,Oran,LST,LST_Day_1km,15.663333333333355
2022-11-20,TzM,LST,LST_Day_1km,13.182307692307745
2022-11-22,Oran,LST,LST_Day_1km,9.189999999999998
2022-11-25,Oran,LST,LST_Day_1km,8.770000000000039
2022-11-25,TzM,LST,LST_Day_1km,12.230000000000018
2022-11-26,Oran,LST,LST_Day_1km,11.196666666666658
2022-11-26,TzM,LST,LST_Day_1km,8.710000000000036
2022-11-27,TzM,LST,LST_Day_1km,8.868461538461588
2022-11-28,Oran,LST,LST_Day_1km,9.245555555555597
2022-11-28,TzM,LST,LST_Day_1km,9.747692307692319
2022-11-29,Oran,LST,LST_Day_1km,11.54777777777781
2022-11-29,TzM,LST,LST_Day_1km,11.443076923077001
2022-11-30,Oran,LST,LST_Day_1km,8.230000000000018
2022-11-30,TzM,LST,LST_Day_1km,10.72076923076935
2022-12-01,Oran,LST,LST_Day_1km,6.227777777777817
2022-12-01,TzM,LST,LST_Day_1km,12.172307692307697
2022-12-03,Oran,LST,LST_Day_1km,12.414444444444541
2022-12-03,TzM,LST,LST_Day_1km,9.657692307692344
2022-12-07,Oran,LST,LST_Day_1km,13.473333333333358
2022-12-07,TzM,LST,LST_Day_1km,13.056923076923056
2022-12-18,Oran,LST,LST_Day_1km,12.129999999999995
2022-12-18,TzM,LST,LST_Day_1km,12.513076923076994
2022-12-19,Oran,LST,LST_Day_1km,11.590000000000032
2022-12-19,TzM,LST,LST_Day_1km,8.930000000000007
2022-12-21,TzM,LST,LST_Day_1km,9.350000000000023
2022-12-23,Oran,LST,LST_Day_1km,13.718888888888898
2022-12-24,Oran,LST,LST_Day_1km,16.365555555555545
2022-12-25,Oran,LST,LST_Day_1km,15.596666666666692
2022-12-25,TzM,LST,LST_Day_1km,12.387692307692362
2022-12-27,Oran,LST,LST_Day_1km,13.190000000000055
2022-12-27,TzM,LST,LST_Day_1km,10.750000000000057
2022-12-28,Oran,LST,LST_Day_1km,12.343333333333362
2022-12-28,TzM,LST,LST_Day_1km,12.303076923076901
2022-12-31,Oran,LST,LST_Day_1km,16.58111111111117
2022-12-31,TzM,LST,LST_Day_1km,13.89307692307699
2023-01-01,Oran,LST,LST_Day_1km,4.9500000000000455
2023-01-01,TzM,LST,LST_Day_1km,6.890000000000043
2023-01-04,TzM,LST,LST_Day_1km,11.791538461538494
2023-01-05,Oran,LST,LST_Day_1km,11.394444444444446
2023-01-05,TzM,LST,LST_Day_1km,11.008461538461574
2023-01-06,Oran,LST,LST_Day_1km,10.665555555555613
2023-01-06,TzM,LST,LST_Day_1km,9.744615384615429
2023-01-07,Oran,LST,LST_Day_1km,11.30111111111114
2023-01-07,TzM,LST,LST_Day_1km,10.30538461538464
2023-01-09,Oran,LST,LST_Day_1km,9.829999999999984
2023-01-10,Oran,LST,LST_Day_1km,11.23500000000007
2023-01-12,Oran,LST,LST_Day_1km,11.449999999999989
2023-01-12,TzM,LST,LST_Day_1km,12.085384615384612
2023-01-13,Oran,LST,LST_Day_1km,7.945555555555529
2023-01-14,Oran,LST,LST_Day_1km,10.349999999999966
2023-01-14,TzM,LST,LST_Day_1km,12.508461538461574
2023-01-15,Oran,LST,LST_Day_1km,12.090000000000032
2023-01-17,Oran,LST,LST_Day_1km,10.173333333333346
2023-01-17,TzM,LST,LST_Day_1km,12.139230769230721
2023-01-18,TzM,LST,LST_Day_1km,3.4492307692307236
2023-01-19,Oran,LST,LST_Day_1km,6.725555555555559
2023-01-19,TzM,LST,LST_Day_1km,5.879230769230844
2023-01-20,TzM,LST,LST_Day_1km,11.916153846153918
2023-01-21,Oran,LST,LST_Day_1km,10.703333333333376
2023-01-21,TzM,LST,LST_Day_1km,11.357692307692332
2023-01-22,Oran,LST,LST_Day_1km,4.512222222222249
2023-01-22,TzM,LST,LST_Day_1km,5.312307692307741
2023-01-23,Oran,LST,LST_Day_1km,6.843333333333362
2023-01-23,TzM,LST,LST_Day_1km,9.05230769230775
2023-01-24,Oran,LST,LST_Day_1km,5.138888888888914
2023-01-24,TzM,LST,LST_Day_1km,4.623076923076951
2023-01-25,Oran,LST,LST_Day_1km,5.681111111111136
2023-01-25,TzM,LST,LST_Day_1km,6.14153846153846
2023-01-27,Oran,LST,LST_Day_1km,5.932222222222208
2023-01-27,TzM,LST,LST_Day_1km,5.806923076923113
2023-01-28,Oran,LST,LST_Day_1km,8.118888888888875
2023-01-28,TzM,LST,LST_Day_1km,8.990000000000009
2023-01-29,Oran,LST,LST_Day_1km,5.185555555555538
2023-01-29,TzM,LST,LST_Day_1km,10.192307692307736
2023-01-30,Oran,LST,LST_Day_1km,12.216666666666697
2023-01-30,TzM,LST,LST_Day_1km,11.836923076923142
2023-01-31,Oran,LST,LST_Day_1km,11.356666666666683
2023-01-31,TzM,LST,LST_Day_1km,11.081538461538514
2023-02-01,Oran,LST,LST_Day_1km,11.838888888888903
2023-02-01,TzM,LST,LST_Day_1km,11.163076923076972
2023-02-02,Oran,LST,LST_Day_1km,14.161111111111154
2023-02-02,TzM,LST,LST_Day_1km,15.86307692307696
2023-02-03,Oran,LST,LST_Day_1km,11.372222222222206
2023-02-03,TzM,LST,LST_Day_1km,11.230000000000018
2023-02-04,Oran,LST,LST_Day_1km,16.01666666666665
2023-02-04,TzM,LST,LST_Day_1km,15.9538461538462
2023-02-05,Oran,LST,LST_Day_1km,18.61666666666673
2023-02-05,TzM,LST,LST_Day_1km,16.510000000000048
2023-02-06,Oran,LST,LST_Day_1km,10.961111111111165
2023-02-11,Oran,LST,LST_Day_1km,11.334444444444443
2023-02-11,TzM,LST,LST_Day_1km,10.426923076923117
2023-02-16,TzM,LST,LST_Day_1km,12.25
2023-02-17,Oran,LST,LST_Day_1km,8.290000000000077
2023-02-17,TzM,LST,LST_Day_1km,16.362307692307752
2023-02-19,TzM,LST,LST_Day_1km,14.990769230769331
2023-02-21,Oran,LST,LST_Day_1km,14.872222222222206
2023-02-21,TzM,LST,LST_Day_1km,16.78769230769234
2023-02-24,Oran,LST,LST_Day_1km,13.856666666666683
2023-02-25,TzM,LST,LST_Day_1km,5.563846153846214
2023-02-26,TzM,LST,LST_Day_1km,12.835384615384612
2023-02-27,Oran,LST,LST_Day_1km,7.770000000000039
2023-02-27,TzM,LST,LST_Day_1km,9.382307692307734
2023-02-28,Oran,LST,LST_Day_1km,12.152222222222235
2023-02-28,TzM,LST,LST_Day_1km,15.088461538461615
2023-03-01,Oran,LST,LST_Day_1km,13.263333333333378
2023-03-01,TzM,LST,LST_Day_1km,12.519230769230717
2023-03-02,Oran,LST,LST_Day_1km,13.012222222222249
2023-03-02,TzM,LST,LST_Day_1km,15.369230769230853
2023-03-03,Oran,LST,LST_Day_1km,16.03000000000003
2023-03-03,TzM,LST,LST_Day_1km,18.06769230769231
2023-03-04,TzM,LST,LST_Day_1km,19.635384615384623
2023-03-07,Oran,LST,LST_Day_1km,18.682000000000016
2023-03-10,Oran,LST,LST_Day_1km,18.2788888888889
2023-03-10,TzM,LST,LST_Day_1km,20.053076923076958
2023-03-11,Oran,LST,LST_Day_1km,19.870000000000005
2023-03-12,Oran,LST,LST_Day_1km,26.610000000000014
2023-03-13,TzM,LST,LST_Day_1km,24.36846153846153
2023-03-14,Oran,LST,LST_Day_1km,20.70500000000004
2023-03-14,TzM,LST,LST_Day_1km,22.02076923076919
2023-03-15,Oran,LST,LST_Day_1km,28.81888888888892
2023-03-15,TzM,LST,LST_Day_1km,29.932307692307745
2023-03-16,Oran,LST,LST_Day_1km,24.28555555555556
2023-03-16,TzM,LST,LST_Day_1km,26.45692307692309
2023-03-17,TzM,LST,LST_Day_1km,24.51230769230773
2023-03-19,Oran,LST,LST_Day_1km,28.327777777777783
2023-03-19,TzM,LST,LST_Day_1km,26.210769230769188
2023-03-20,Oran,LST,LST_Day_1km,22.834444444444443
2023-03-20,TzM,LST,LST_Day_1km,21.06230769230774
2023-03-21,Oran,LST,LST_Day_1km,16.61500000000001
2023-03-21,TzM,LST,LST_Day_1km,23.263846153846202
2023-03-22,Oran,LST,LST_Day_1km,31.767777777777837
2023-03-22,TzM,LST,LST_Day_1km,31.733076923076965
2023-03-23,Oran,LST,LST_Day_1km,32.58333333333337
2023-03-23,TzM,LST,LST_Day_1km,31.189230769230846
2023-03-24,Oran,LST,LST_Day_1km,19.870000000000005
2023-03-25,Oran,LST,LST_Day_1km,24.476666666666688
2023-03-25,TzM,LST,LST_Day_1km,25.190000000000055
2023-03-26,Oran,LST,LST_Day_1km,28.99888888888887
2023-03-26,TzM,LST,LST_Day_1km,25.476153846153863
2023-03-27,Oran,LST,LST_Day_1km,22.054444444444528
2023-03-27,TzM,LST,LST_Day_1km,29.535384615384658
2023-03-28,Oran,LST,LST_Day_1km,26.97888888888889
2023-03-28,TzM,LST,LST_Day_1km,29.157692307692344
2023-03-29,Oran,LST,LST_Day_1km,31.054444444444528
2023-03-29,TzM,LST,LST_Day_1km,32.19153846153847
2023-04-01,Oran,LST,LST_Day_1km,27.09444444444449
2023-04-01,TzM,LST,LST_Day_1km,23.88769230769236
2023-04-02,Oran,LST,LST_Day_1km,25.701111111111175
2023-04-02,TzM,LST,LST_Day_1km,24.517692307692357
2023-04-03,Oran,LST,LST_Day_1km,29.092222222222233
2023-04-03,TzM,LST,LST_Day_1km,31.370769230769326
2023-04-04,Oran,LST,LST_Day_1km,30.441111111111184
2023-04-04,TzM,LST,LST_Day_1km,29.806923076923113
2023-04-05,Oran,LST,LST_Day_1km,31.967777777777826
2023-04-05,TzM,LST,LST_Day_1km,32.048461538461595
2023-04-06,Oran,LST,LST_Day_1km,22.53000000000003
2023-04-06,TzM,LST,LST_Day_1km,23.40615384615387
2023-04-07,Oran,LST,LST_Day_1km,31.343333333333362
2023-04-07,TzM,LST,LST_Day_1km,32.30615384615385
2023-04-08,Oran,LST,LST_Day_1km,35.32333333333338
2023-04-08,TzM,LST,LST_Day_1km,35.00384615384621
2023-04-09,Oran,LST,LST_Day_1km,35.836666666666645
2023-04-09,TzM,LST,LST_Day_1km,32.68692307692311
2023-04-11,Oran,LST,LST_Day_1km,35.3388888888889
2023-04-11,TzM,LST,LST_Day_1km,33.58846153846156
2023-04-12,Oran,LST,LST_Day_1km,33.79444444444442
2023-04-12,TzM,LST,LST_Day_1km,30.261538461538464
2023-04-15,Oran,LST,LST_Day_1km,29.49000000000001
2023-04-15,TzM,LST,LST_Day_1km,28.450000000000045
2023-04-16,Oran,LST,LST_Day_1km,30.97222222222223
2023-04-16,TzM,LST,LST_Day_1km,31.215384615384664
2023-04-17,Oran,LST,LST_Day_1km,36.910000000000025
2023-04-17,TzM,LST,LST_Day_1km,33.516153846153884
2023-04-18,Oran,LST,LST_Day_1km,24.625555555555593
2023-04-18,TzM,LST,LST_Day_1km,26.850000000000023
2023-04-19,Oran,LST,LST_Day_1km,33.80111111111114
2023-04-19,TzM,LST,LST_Day_1km,30.336923076923085
2023-04-20,Oran,LST,LST_Day_1km,37.403333333333364
2023-04-20,TzM,LST,LST_Day_1km,35.36076923076922
2023-04-21,Oran,LST,LST_Day_1km,38.234444444444534
2023-04-21,TzM,LST,LST_Day_1km,34.72230769230771
2023-04-23,Oran,LST,LST_Day_1km,33.29222222222228
2023-04-23,TzM,LST,LST_Day_1km,28.385384615384623
2023-04-24,Oran,LST,LST_Day_1km,40.79222222222228
2023-04-24,TzM,LST,LST_Day_1km,35.13538461538462
2023-04-25,Oran,LST,LST_Day_1km,31.51666666666665
2023-04-25,TzM,LST,LST_Day_1km,30.67846153846159
2023-04-26,Oran,LST,LST_Day_1km,43.8344444444445
2023-04-26,TzM,LST,LST_Day_1km,38.52384615384619
2023-04-27,TzM,LST,LST_Day_1km,38.21153846153857
2023-05-01,Oran,LST,LST_Day_1km,40.72333333333336
2023-05-01,TzM,LST,LST_Day_1km,37.33923076923071
2023-05-02,Oran,LST,LST_Day_1km,33.72777777777782
2023-05-02,TzM,LST,LST_Day_1km,37.521538461538455
2023-05-05,Oran,LST,LST_Day_1km,39.26333333333338
2023-05-05,TzM,LST,LST_Day_1km,37.41846153846154
2023-05-06,Oran,LST,LST_Day_1km,34.97500000000008
2023-05-07,Oran,LST,LST_Day_1km,36.41888888888889
2023-05-07,TzM,LST,LST_Day_1km,36.74923076923085
2023-05-08,Oran,LST,LST_Day_1km,33.83000000000004
2023-05-08,TzM,LST,LST_Day_1km,33.573846153846205
2023-05-09,TzM,LST,LST_Day_1km,32.54538461538465
2023-05-10,Oran,LST,LST_Day_1km,41.392222222222244
2023-05-10,TzM,LST,LST_Day_1km,37.39307692307693
2023-05-12,TzM,LST,LST_Day_1km,30.010000000000048
2023-05-13,Oran,LST,LST_Day_1km,37.66555555555556
2023-05-13,TzM,LST,LST_Day_1km,31.426923076923117
2023-05-16,Oran,LST,LST_Day_1km,34.896666666666704
2023-05-16,TzM,LST,LST_Day_1km,34.97692307692307
2023-05-17,TzM,LST,LST_Day_1km,32.49000000000001
2023-05-18,Oran,LST,LST_Day_1km,31.100000000000023
2023-05-18,TzM,LST,LST_Day_1km,31.190000000000055
2023-05-20,Oran,LST,LST_Day_1km,38.29000000000002
2023-05-20,TzM,LST,LST_Day_1km,34.64000000000004
2023-05-21,Oran,LST,LST_Day_1km,33.18333333333334
2023-05-21,TzM,LST,LST_Day_1km,30.71999999999997
2023-05-25,TzM,LST,LST_Day_1km,27.350000000000023
2023-05-28,Oran,LST,LST_Day_1km,21.94999999999999
2023-06-01,Oran,LST,LST_Day_1km,27.81666666666672
2023-06-01,TzM,LST,LST_Day_1km,22.710000000000036
2023-06-03,TzM,LST,LST_Day_1km,29.05000000000001
2023-06-04,Oran,LST,LST_Day_1km,32.32111111111118
2023-06-04,TzM,LST,LST_Day_1km,32.37153846153848
2023-06-05,Oran,LST,LST_Day_1km,32.167777777777815
2023-06-05,TzM,LST,LST_Day_1km,30.533846153846184
2023-06-06,Oran,LST,LST_Day_1km,27.692222222222256
2023-06-09,Oran,LST,LST_Day_1km,27.494444444444525
2023-06-10,Oran,LST,LST_Day_1km,33.52111111111117
2023-06-10,TzM,LST,LST_Day_1km,28.245384615384637
2023-06-11,Oran,LST,LST_Day_1km,40.05800000000005
2023-06-11,TzM,LST,LST_Day_1km,32.6615384615385
2023-06-12,Oran,LST,LST_Day_1km,31.930000000000007
2023-06-12,TzM,LST,LST_Day_1km,30.390000000000043
2023-06-13,Oran,LST,LST_Day_1km,30.02333333333337
2023-06-13,TzM,LST,LST_Day_1km,29.03000000000003
2023-06-14,Oran,LST,LST_Day_1km,30.596666666666692
2023-06-14,TzM,LST,LST_Day_1km,31.04769230769233
2023-06-15,Oran,LST,LST_Day_1km,37.17444444444453
2023-06-15,TzM,LST,LST_Day_1km,35.935384615384635
2023-06-16,Oran,LST,LST_Day_1km,37.3077777777778
2023-06-16,TzM,LST,LST_Day_1km,36.82923076923083
2023-06-17,Oran,LST,LST_Day_1km,36.34111111111116
2023-06-17,TzM,LST,LST_Day_1km,36.77000000000004
2023-06-22,Oran,LST,LST_Day_1km,30.703333333333376
2023-06-22,TzM,LST,LST_Day_1km,29.21384615384619
2023-06-23,Oran,LST,LST_Day_1km,36.01888888888891
2023-06-23,TzM,LST,LST_Day_1km,35.61153846153849
2023-06-24,Oran,LST,LST_Day_1km,36.198888888888916
2023-06-24,TzM,LST,LST_Day_1km,37.43384615384622
2023-06-25,Oran,LST,LST_Day_1km,43.22333333333336
2023-06-25,TzM,LST,LST_Day_1km,42.41076923076923
2023-06-26,Oran,LST,LST_Day_1km,39.085555555555516
2023-06-26,TzM,LST,LST_Day_1km,39.58615384615388
2023-06-27,Oran,LST,LST_Day_1km,34.00999999999999
2023-06-27,TzM,LST,LST_Day_1km,38.47923076923075
2023-06-28,Oran,LST,LST_Day_1km,37.01444444444451
2023-06-28,TzM,LST,LST_Day_1km,36.3169230769231
2023-06-29,Oran,LST,LST_Day_1km,38.50333333333339
2023-06-29,TzM,LST,LST_Day_1km,37.374615384615424
2023-06-30,Oran,LST,LST_Day_1km,40.35666666666668
2023-06-30,TzM,LST,LST_Day_1km,40.06230769230774
2023-07-01,Oran,LST,LST_Day_1km,40.44777777777779
2023-07-01,TzM,LST,LST_Day_1km,39.59000000000003
2023-07-02,Oran,LST,LST_Day_1km,42.80111111111114
2023-07-02,TzM,LST,LST_Day_1km,41.89615384615388
2023-07-03,Oran,LST,LST_Day_1km,37.00555555555553
2023-07-03,TzM,LST,LST_Day_1km,41.93307692307695
2023-07-04,Oran,LST,LST_Day_1km,41.85222222222228
2023-07-04,TzM,LST,LST_Day_1km,40.66538461538465
2023-07-05,Oran,LST,LST_Day_1km,46.58111111111117
2023-07-05,TzM,LST,LST_Day_1km,41.9715384615385
2023-07-06,Oran,LST,LST_Day_1km,37.53666666666669
2023-07-08,Oran,LST,LST_Day_1km,43.78111111111116
2023-07-08,TzM,LST,LST_Day_1km,42.419230769230865
2023-07-09,Oran,LST,LST_Day_1km,43.29222222222222
2023-07-09,TzM,LST,LST_Day_1km,40.82846153846157
2023-07-10,Oran,LST,LST_Day_1km,33.483333333333405
2023-07-10,TzM,LST,LST_Day_1km,42.193076923077
2023-07-11,Oran,LST,LST_Day_1km,39.78111111111116
2023-07-11,TzM,LST,LST_Day_1km,37.83769230769224
2023-07-12,Oran,LST,LST_Day_1km,43.88777777777784
2023-07-13,Oran,LST,LST_Day_1km,46.36777777777786
2023-07-13,TzM,LST,LST_Day_1km,45.22307692307692
2023-07-14,Oran,LST,LST_Day_1km,44.21222222222224
2023-07-14,TzM,LST,LST_Day_1km,44.9646153846154
2023-07-15,Oran,LST,LST_Day_1km,46.638888888888914
2023-07-15,TzM,LST,LST_Day_1km,43.766153846153884
2023-07-16,Oran,LST,LST_Day_1km,39.45222222222225
2023-07-16,TzM,LST,LST_Day_1km,37.05000000000001
2023-07-17,Oran,LST,LST_Day_1km,42.70555555555552
2023-07-18,Oran,LST,LST_Day_1km,47.87888888888892
2023-07-18,TzM,LST,LST_Day_1km,46.42076923076934
2023-07-19,Oran,LST,LST_Day_1km,44.29888888888888
2023-07-19,TzM,LST,LST_Day_1km,40.42692307692312
2023-07-20,TzM,LST,LST_Day_1km,40.95230769230773
2023-07-21,Oran,LST,LST_Day_1km,44.01666666666665
2023-07-21,TzM,LST,LST_Day_1km,42.11153846153849
2023-07-22,Oran,LST,LST_Day_1km,45.61444444444453
2023-07-22,TzM,LST,LST_Day_1km,42.81230769230774
2023-07-23,Oran,LST,LST_Day_1km,35.63222222222225
2023-07-24,Oran,LST,LST_Day_1km,40.71222222222224
2023-07-24,TzM,LST,LST_Day_1km,40.2146153846154
2023-07-25,Oran,LST,LST_Day_1km,42.585555555555516
2023-07-25,TzM,LST,LST_Day_1km,39.95461538461541
2023-07-26,Oran,LST,LST_Day_1km,42.20555555555552
2023-07-26,TzM,LST,LST_Day_1km,41.63846153846157
2023-07-27,Oran,LST,LST_Day_1km,41.461111111111165
2023-07-28,Oran,LST,LST_Day_1km,42.59444444444449
2023-07-28,TzM,LST,LST_Day_1km,42.416923076923126
2023-07-29,Oran,LST,LST_Day_1km,49.44555555555553
2023-07-29,TzM,LST,LST_Day_1km,45.583846153846196
2023-07-30,Oran,LST,LST_Day_1km,45.64333333333332
2023-07-30,TzM,LST,LST_Day_1km,44.48153846153849
2023-07-31,Oran,LST,LST_Day_1km,49.387777777777785
2023-07-31,TzM,LST,LST_Day_1km,44.876923076923106
2023-08-01,Oran,LST,LST_Day_1km,46.83222222222224
2023-08-01,TzM,LST,LST_Day_1km,44.72384615384618
2023-08-02,Oran,LST,LST_Day_1km,46.118888888888875
2023-08-02,TzM,LST,LST_Day_1km,43.462307692307775
2023-08-03,Oran,LST,LST_Day_1km,46.276666666666756
2023-08-03,TzM,LST,LST_Day_1km,42.917692307692334
2023-08-04,TzM,LST,LST_Day_1km,36.29692307692312
2023-08-05,Oran,LST,LST_Day_1km,42.31666666666672
2023-08-05,TzM,LST,LST_Day_1km,40.659230769230874
2023-08-06,Oran,LST,LST_Day_1km,46.990000000000066
2023-08-06,TzM,LST,LST_Day_1km,44.4715384615385
2023-08-07,Oran,LST,LST_Day_1km,38.19888888888903
2023-08-07,TzM,LST,LST_Day_1km,38.496153846153845
2023-08-08,Oran,LST,LST_Day_1km,35.47000000000003
2023-08-08,TzM,LST,LST_Day_1km,38.21846153846161
2023-08-10,Oran,LST,LST_Day_1km,44.681111111111136
2023-08-10,TzM,LST,LST_Day_1km,42.2038461538462
2023-08-11,Oran,LST,LST_Day_1km,45.52555555555551
2023-08-11,TzM,LST,LST_Day_1km,45.04769230769233
2023-08-12,Oran,LST,LST_Day_1km,44.08777777777783
2023-08-12,TzM,LST,LST_Day_1km,45.26153846153852
2023-08-13,Oran,LST,LST_Day_1km,40.938888888888926
2023-08-13,TzM,LST,LST_Day_1km,41.807692307692264
2023-08-14,Oran,LST,LST_Day_1km,41.8944444444445
2023-08-14,TzM,LST,LST_Day_1km,43.016153846153884
2023-08-15,Oran,LST,LST_Day_1km,43.90111111111116
2023-08-15,TzM,LST,LST_Day_1km,43.4784615384616
2023-08-16,Oran,LST,LST_Day_1km,37.38111111111118
2023-08-16,TzM,LST,LST_Day_1km,35.08769230769224
2023-08-17,Oran,LST,LST_Day_1km,47.26777777777784
2023-08-17,TzM,LST,LST_Day_1km,44.266153846153884
2023-08-18,Oran,LST,LST_Day_1km,45.45222222222225
2023-08-18,TzM,LST,LST_Day_1km,44.34615384615387
2023-08-19,Oran,LST,LST_Day_1km,45.921111111111145
2023-08-19,TzM,LST,LST_Day_1km,44.75769230769231
2023-08-20,Oran,LST,LST_Day_1km,48.81888888888892
2023-08-20,TzM,LST,LST_Day_1km,46.63846153846163
2023-08-21,Oran,LST,LST_Day_1km,43.998888888888985
2023-08-21,TzM,LST,LST_Day_1km,42.8207692307692
2023-08-22,Oran,LST,LST_Day_1km,46.723333333333414
2023-08-22,TzM,LST,LST_Day_1km,44.380769230769204
2023-08-23,Oran,LST,LST_Day_1km,43.88777777777784
2023-08-23,TzM,LST,LST_Day_1km,43.993076923076956
2023-08-24,Oran,LST,LST_Day_1km,48.85666666666668
2023-08-24,TzM,LST,LST_Day_1km,46.23461538461544
2023-08-25,Oran,LST,LST_Day_1km,45.41444444444443
2023-08-25,TzM,LST,LST_Day_1km,43.164615384615445
2023-08-29,Oran,LST,LST_Day_1km,38.56999999999999
2023-08-29,TzM,LST,LST_Day_1km,37.70692307692309
2023-08-31,Oran,LST,LST_Day_1km,36.82333333333332
2023-08-31,TzM,LST,LST_Day_1km,37.95230769230773
2023-09-01,Oran,LST,LST_Day_1km,30.876666666666722
2023-09-05,Oran,LST,LST_Day_1km,28.31666666666672
2023-09-05,TzM,LST,LST_Day_1km,27.733846153846173
2023-09-06,Oran,LST,LST_Day_1km,25.610000000000014
2023-09-07,Oran,LST,LST_Day_1km,28.19500000000005
2023-09-08,Oran,LST,LST_Day_1km,34.585555555555516
2023-09-08,TzM,LST,LST_Day_1km,34.30769230769232
2023-09-09,Oran,LST,LST_Day_1km,27.618888888888875
2023-09-09,TzM,LST,LST_Day_1km,32.42307692307696
2023-09-10,Oran,LST,LST_Day_1km,32.59222222222223
2023-09-10,TzM,LST,LST_Day_1km,27.33307692307693
2023-09-11,Oran,LST,LST_Day_1km,30.015000000000043
2023-09-11,TzM,LST,LST_Day_1km,29.170000000000016
2023-09-12,Oran,LST,LST_Day_1km,32.84555555555556
2023-09-13,Oran,LST,LST_Day_1km,31.22555555555556
2023-09-13,TzM,LST,LST_Day_1km,29.190000000000055
2023-09-15,Oran,LST,LST_Day_1km,28.07666666666671
2023-09-15,TzM,LST,LST_Day_1km,25.673076923076962
2023-09-17,Oran,LST,LST_Day_1km,26.893333333333374
2023-09-20,Oran,LST,LST_Day_1km,27.545555555555552
2023-09-20,TzM,LST,LST_Day_1km,24.463076923076926
2023-09-21,Oran,LST,LST_Day_1km,17.130000000000052
2023-09-22,Oran,LST,LST_Day_1km,25.974444444444543
2023-09-22,TzM,LST,LST_Day_1km,21.828461538461568
2023-09-23,Oran,LST,LST_Day_1km,30.434444444444523
2023-09-23,TzM,LST,LST_Day_1km,25.245384615384637
2023-09-24,Oran,LST,LST_Day_1km,29.234444444444534
2023-09-24,TzM,LST,LST_Day_1km,25.99692307692311
2023-09-25,Oran,LST,LST_Day_1km,33.8366666666667
2023-09-25,TzM,LST,LST_Day_1km,29.737692307692328
2023-09-26,Oran,LST,LST_Day_1km,28.116666666666674
2023-09-26,TzM,LST,LST_Day_1km,26.680769230769215
2023-09-27,Oran,LST,LST_Day_1km,33.23222222222222
2023-09-27,TzM,LST,LST_Day_1km,29.834615384615404
2023-09-28,Oran,LST,LST_Day_1km,31.95888888888902
2023-09-28,TzM,LST,LST_Day_1km,31.38769230769236
2023-09-30,Oran,LST,LST_Day_1km,36.02555555555563
2023-09-30,TzM,LST,LST_Day_1km,34.66230769230771
2023-10-01,Oran,LST,LST_Day_1km,33.29222222222228
2023-10-01,TzM,LST,LST_Day_1km,32.15538461538466
2023-10-02,Oran,LST,LST_Day_1km,34.29888888888888
2023-10-02,TzM,LST,LST_Day_1km,33.25461538461542
2023-10-03,Oran,LST,LST_Day_1km,28.710000000000036
2023-10-03,TzM,LST,LST_Day_1km,26.296153846153857
2023-10-04,Oran,LST,LST_Day_1km,31.54111111111115
2023-10-04,TzM,LST,LST_Day_1km,30.035384615384658
2023-10-05,Oran,LST,LST_Day_1km,35.403333333333364
2023-10-05,TzM,LST,LST_Day_1km,34.44846153846157
2023-10-06,Oran,LST,LST_Day_1km,32.416666666666686
2023-10-06,TzM,LST,LST_Day_1km,32.498461538461584
2023-10-07,Oran,LST,LST_Day_1km,35.06777777777779
2023-10-07,TzM,LST,LST_Day_1km,34.10538461538465
2023-10-08,Oran,LST,LST_Day_1km,31.75
2023-10-08,TzM,LST,LST_Day_1km,29.105384615384594
2023-10-09,Oran,LST,LST_Day_1km,32.203333333333376
2023-10-09,TzM,LST,LST_Day_1km,29.808461538461586
2023-10-10,Oran,LST,LST_Day_1km,32.43000000000001
2023-10-10,TzM,LST,LST_Day_1km,31.7107692307693
2023-10-11,Oran,LST,LST_Day_1km,31.690000000000055
2023-10-11,TzM,LST,LST_Day_1km,29.786153846153866
2023-10-12,Oran,LST,LST_Day_1km,33.35000000000002
2023-10-12,TzM,LST,LST_Day_1km,32.38615384615383
2023-10-13,Oran,LST,LST_Day_1km,32.24555555555554
2023-10-13,TzM,LST,LST_Day_1km,30.213076923076926
2023-10-15,Oran,LST,LST_Day_1km,25.954444444444448
2023-10-15,TzM,LST,LST_Day_1km,25.061538461538532
2023-10-17,TzM,LST,LST_Day_1km,26.796153846153857
2023-10-21,TzM,LST,LST_Day_1km,13.850000000000023
2023-10-24,Oran,LST,LST_Day_1km,14.410000000000025
2023-10-24,TzM,LST,LST_Day_1km,14.710000000000036
2023-10-25,TzM,LST,LST_Day_1km,16.483846153846173
2023-10-27,Oran,LST,LST_Day_1km,14.050000000000011
2023-10-28,Oran,LST,LST_Day_1km,21.994444444444525
2023-10-30,Oran,LST,LST_Day_1km,18.49444444444447
2023-11-02,Oran,LST,LST_Day_1km,22.887777777777785
2023-11-05,Oran,LST,LST_Day_1km,16.807777777777858
2023-11-06,Oran,LST,LST_Day_1km,11.330000000000041
2023-11-07,Oran,LST,LST_Day_1km,16.310000000000002
2023-11-07,TzM,LST,LST_Day_1km,14.330000000000041
2023-11-09,Oran,LST,LST_Day_1km,17.55222222222227
2023-11-10,TzM,LST,LST_Day_1km,11.803076923076901
2023-11-12,Oran,LST,LST_Day_1km,16.136666666666713
2023-11-12,TzM,LST,LST_Day_1km,15.970000000000027
2023-11-14,Oran,LST,LST_Day_1km,20.170000000000016
2023-11-14,TzM,LST,LST_Day_1km,16.930000000000007
2023-11-15,Oran,LST,LST_Day_1km,22.641111111111172
2023-11-15,TzM,LST,LST_Day_1km,18.210000000000036
2023-11-17,Oran,LST,LST_Day_1km,21.14111111111106
2023-11-17,TzM,LST,LST_Day_1km,19.916923076923126
2023-11-18,Oran,LST,LST_Day_1km,13.370000000000005
2023-11-19,Oran,LST,LST_Day_1km,21.53666666666669
2023-11-19,TzM,LST,LST_Day_1km,19.457692307692355
2023-11-20,Oran,LST,LST_Day_1km,18.910000000000025
2023-11-20,TzM,LST,LST_Day_1km,20.473076923076917
2023-11-21,Oran,LST,LST_Day_1km,15.967777777777826
2023-11-21,TzM,LST,LST_Day_1km,15.905384615384662
2023-11-22,Oran,LST,LST_Day_1km,14.894444444444446
2023-11-22,TzM,LST,LST_Day_1km,15.984615384615438
2023-11-23,Oran,LST,LST_Day_1km,12.54777777777781
2023-11-23,TzM,LST,LST_Day_1km,13.430000000000007
2023-11-24,Oran,LST,LST_Day_1km,15.550000000000011
2023-11-24,TzM,LST,LST_Day_1km,13.551538461538485
2023-11-25,Oran,LST,LST_Day_1km,13.296666666666681
2023-11-25,TzM,LST,LST_Day_1km,11.472307692307709
2023-11-26,Oran,LST,LST_Day_1km,14.676666666666677
2023-11-26,TzM,LST,LST_Day_1km,14.198461538461572
2023-11-27,Oran,LST,LST_Day_1km,16.181111111111136
2023-11-27,TzM,LST,LST_Day_1km,15.079230769230719
2023-11-28,Oran,LST,LST_Day_1km,10.890000000000043
2023-12-02,TzM,LST,LST_Day_1km,6.390000000000043
2023-12-03,Oran,LST,LST_Day_1km,10.445555555555586
2023-12-06,Oran,LST,LST_Day_1km,13.601111111111152
2023-12-06,TzM,LST,LST_Day_1km,13.445384615384626
2023-12-08,TzM,LST,LST_Day_1km,10.814615384615365
2023-12-11,Oran,LST,LST_Day_1km,13.723333333333358
2023-12-11,TzM,LST,LST_Day_1km,13.643846153846198
2023-12-14,Oran,LST,LST_Day_1km,9.796666666666681
2023-12-14,TzM,LST,LST_Day_1km,10.230000000000018
2023-12-15,Oran,LST,LST_Day_1km,10.683333333333394
2023-12-15,TzM,LST,LST_Day_1km,11.924615384615436
2023-12-16,Oran,LST,LST_Day_1km,11.407777777777824
2023-12-16,TzM,LST,LST_Day_1km,12.058461538461529
2023-12-17,Oran,LST,LST_Day_1km,7.616666666666731
2023-12-17,TzM,LST,LST_Day_1km,6.090000000000032
2023-12-18,Oran,LST,LST_Day_1km,8.82333333333338
2023-12-18,TzM,LST,LST_Day_1km,9.126923076923106
2023-12-19,Oran,LST,LST_Day_1km,10.832222222222242
2023-12-19,TzM,LST,LST_Day_1km,11.096923076923076
2023-12-21,Oran,LST,LST_Day_1km,11.2766666666667
2023-12-21,TzM,LST,LST_Day_1km,11.803076923076901
2023-12-22,TzM,LST,LST_Day_1km,9.67153846153849
2023-12-23,Oran,LST,LST_Day_1km,12.718888888888898
2023-12-23,TzM,LST,LST_Day_1km,12.1223076923078
2023-12-24,TzM,LST,LST_Day_1km,7.010000000000048
2023-12-25,Oran,LST,LST_Day_1km,10.430000000000007
2023-12-25,TzM,LST,LST_Day_1km,9.903846153846189
2023-12-26,Oran,LST,LST_Day_1km,11.58777777777783
2023-12-26,TzM,LST,LST_Day_1km,8.859230769230862
2023-12-27,TzM,LST,LST_Day_1km,7.05230769230775
2023-12-30,Oran,LST,LST_Day_1km,12.634444444444512
2023-12-30,TzM,LST,LST_Day_1km,11.08923076923071
2024-01-02,Oran,LST,LST_Day_1km,7.81666666666672
2024-01-03,TzM,LST,LST_Day_1km,13.30769230769232
2024-01-04,Oran,LST,LST_Day_1km,12.24333333333334
2024-01-06,Oran,LST,LST_Day_1km,7.207777777777778
2024-01-06,TzM,LST,LST_Day_1km,6.020769230769304
2024-01-07,Oran,LST,LST_Day_1km,8.625555555555593
2024-01-07,TzM,LST,LST_Day_1km,5.939230769230846
2024-01-08,Oran,LST,LST_Day_1km,7.123333333333335
2024-01-08,TzM,LST,LST_Day_1km,3.7961538461538566
2024-01-11,Oran,LST,LST_Day_1km,5.890000000000043
2024-01-11,TzM,LST,LST_Day_1km,10.233846153846173
2024-01-12,Oran,LST,LST_Day_1km,4.330000000000041
2024-01-17,TzM,LST,LST_Day_1km,7.890000000000043
2024-01-18,Oran,LST,LST_Day_1km,14.163333333333355
2024-01-22,Oran,LST,LST_Day_1km,12.610000000000014
2024-01-22,TzM,LST,LST_Day_1km,9.330000000000041
2024-01-23,Oran,LST,LST_Day_1km,12.914444444444541
2024-01-23,TzM,LST,LST_Day_1km,12.223846153846182
2024-01-24,Oran,LST,LST_Day_1km,16.763333333333378
2024-01-24,TzM,LST,LST_Day_1km,14.68769230769226
2024-01-25,Oran,LST,LST_Day_1km,15.543333333333408
2024-01-25,TzM,LST,LST_Day_1km,12.36307692307696
2024-01-26,Oran,LST,LST_Day_1km,17.423333333333346
2024-01-26,TzM,LST,LST_Day_1km,9.467692307692346
2024-01-28,Oran,LST,LST_Day_1km,15.554444444444528
2024-01-28,TzM,LST,LST_Day_1km,13.659999999999968
2024-02-01,TzM,LST,LST_Day_1km,10.443076923076944
2024-02-02,Oran,LST,LST_Day_1km,15.090000000000089
2024-02-02,TzM,LST,LST_Day_1km,12.689230769230846
2024-02-03,Oran,LST,LST_Day_1km,9.216666666666697
2024-02-03,TzM,LST,LST_Day_1km,10.164615384615388
2024-02-04,Oran,LST,LST_Day_1km,15.952222222222247
2024-02-04,TzM,LST,LST_Day_1km,13.2038461538462
2024-02-05,Oran,LST,LST_Day_1km,18.59444444444449
2024-02-05,TzM,LST,LST_Day_1km,16.92923076923074
2024-02-06,Oran,LST,LST_Day_1km,6.0224999999999795
2024-02-07,Oran,LST,LST_Day_1km,14.972222222222229
2024-02-10,TzM,LST,LST_Day_1km,2.590000000000032
2024-02-12,Oran,LST,LST_Day_1km,12.58777777777783
2024-02-13,Oran,LST,LST_Day_1km,14.690000000000055
2024-02-16,Oran,LST,LST_Day_1km,13.361111111111143
2024-02-16,TzM,LST,LST_Day_1km,14.093076923076922
2024-02-17,Oran,LST,LST_Day_1km,14.954444444444505
2024-02-17,TzM,LST,LST_Day_1km,14.036923076923074
2024-02-18,Oran,LST,LST_Day_1km,15.670000000000016
2024-02-18,TzM,LST,LST_Day_1km,13.080000000000041
2024-02-19,Oran,LST,LST_Day_1km,18.252222222222258
2024-02-19,TzM,LST,LST_Day_1km,10.950000000000045
2024-02-20,Oran,LST,LST_Day_1km,14.501111111111186
2024-02-20,TzM,LST,LST_Day_1km,13.447692307692307
2024-02-21,Oran,LST,LST_Day_1km,18.950000000000045
2024-02-21,TzM,LST,LST_Day_1km,12.684615384615427
2024-02-23,Oran,LST,LST_Day_1km,10.550000000000011
2024-02-23,TzM,LST,LST_Day_1km,11.254615384615363
2024-02-24,TzM,LST,LST_Day_1km,9.990000000000009
2024-02-26,Oran,LST,LST_Day_1km,11.07666666666671
2024-02-26,TzM,LST,LST_Day_1km,8.192307692307736
2024-02-27,TzM,LST,LST_Day_1km,9.040769230769342
2024-02-28,Oran,LST,LST_Day_1km,11.460000000000036
2024-02-28,TzM,LST,LST_Day_1km,11.658461538461609
2024-02-29,Oran,LST,LST_Day_1km,15.80111111111114
2024-02-29,TzM,LST,LST_Day_1km,15.067692307692312
2024-03-01,TzM,LST,LST_Day_1km,11.792307692307702
2024-03-03,Oran,LST,LST_Day_1km,4.350000000000023
2024-03-05,Oran,LST,LST_Day_1km,15.227777777777817
2024-03-05,TzM,LST,LST_Day_1km,14.740000000000009
2024-03-06,Oran,LST,LST_Day_1km,16.885000000000048
2024-03-06,TzM,LST,LST_Day_1km,16.225384615384655
2024-03-07,Oran,LST,LST_Day_1km,15.375000000000057
2024-03-07,TzM,LST,LST_Day_1km,17.492307692307747
2024-03-11,Oran,LST,LST_Day_1km,11.930000000000007
2024-03-11,TzM,LST,LST_Day_1km,11.70999999999998
2024-03-12,Oran,LST,LST_Day_1km,21.02333333333337
2024-03-12,TzM,LST,LST_Day_1km,18.319230769230842
2024-03-13,TzM,LST,LST_Day_1km,9.563076923076949
2024-03-14,Oran,LST,LST_Day_1km,21.92500000000001
2024-03-14,TzM,LST,LST_Day_1km,19.43461538461537
2024-03-15,Oran,LST,LST_Day_1km,22.14555555555563
2024-03-15,TzM,LST,LST_Day_1km,18.101538461538496
2024-03-17,TzM,LST,LST_Day_1km,26.006153846153836
2024-03-18,TzM,LST,LST_Day_1km,20.523846153846193
2024-03-19,Oran,LST,LST_Day_1km,20.950000000000045
2024-03-19,TzM,LST,LST_Day_1km,21.7107692307693
2024-03-22,TzM,LST,LST_Day_1km,22.86538461538464
2024-03-27,Oran,LST,LST_Day_1km,13.401111111111163
2024-04-01,Oran,LST,LST_Day_1km,12.330000000000041
2024-04-02,TzM,LST,LST_Day_1km,10.310000000000002
2024-04-03,TzM,LST,LST_Day_1km,19.450000000000045
2024-04-04,Oran,LST,LST_Day_1km,24.80111111111114
2024-04-04,TzM,LST,LST_Day_1km,20.49000000000001
2024-04-08,Oran,LST,LST_Day_1km,17.907777777777824
2024-04-09,Oran,LST,LST_Day_1km,23.23666666666668
2024-04-09,TzM,LST,LST_Day_1km,20.910000000000025
2024-04-10,Oran,LST,LST_Day_1km,27.918888888888887
2024-04-10,TzM,LST,LST_Day_1km,25.49923076923085
2024-04-11,Oran,LST,LST_Day_1km,27.410000000000025
2024-04-11,TzM,LST,LST_Day_1km,24.430000000000007
2024-04-12,Oran,LST,LST_Day_1km,32.05888888888887
2024-04-12,TzM,LST,LST_Day_1km,29.236153846153854
2024-04-13,Oran,LST,LST_Day_1km,32.57000000000005
2024-04-13,TzM,LST,LST_Day_1km,30.657692307692344
2024-04-14,Oran,LST,LST_Day_1km,34.396666666666704
2024-04-14,TzM,LST,LST_Day_1km,30.864615384615377
2024-04-15,TzM,LST,LST_Day_1km,23.970000000000027
2024-04-16,Oran,LST,LST_Day_1km,27.807777777777858
2024-04-16,TzM,LST,LST_Day_1km,24.709230769230828
2024-04-17,Oran,LST,LST_Day_1km,33.7166666666667
2024-04-17,TzM,LST,LST_Day_1km,28.287692307692282
2024-04-18,Oran,LST,LST_Day_1km,27.27000000000004
2024-04-18,TzM,LST,LST_Day_1km,24.12846153846158
2024-04-20,Oran,LST,LST_Day_1km,28.790000000000077
2024-04-20,TzM,LST,LST_Day_1km,30.120769230769213
2024-04-21,Oran,LST,LST_Day_1km,26.33000000000004
2024-04-21,TzM,LST,LST_Day_1km,26.534615384615392
2024-04-22,Oran,LST,LST_Day_1km,30.407777777777824
2024-04-22,TzM,LST,LST_Day_1km,28.102307692307818
2024-04-23,TzM,LST,LST_Day_1km,20.810000000000002
2024-04-24,Oran,LST,LST_Day_1km,28.981111111111204
2024-04-24,TzM,LST,LST_Day_1km,26.698461538461572
2024-04-25,Oran,LST,LST_Day_1km,21.694000000000017
2024-05-02,Oran,LST,LST_Day_1km,20.55000000000001
2024-05-03,Oran,LST,LST_Day_1km,25.656666666666695
2024-05-04,Oran,LST,LST_Day_1km,34.82111111111118
2024-05-07,Oran,LST,LST_Day_1km,33.82333333333338
2024-05-07,TzM,LST,LST_Day_1km,31.02923076923082
2024-05-08,Oran,LST,LST_Day_1km,34.64777777777783
2024-05-09,Oran,LST,LST_Day_1km,25.46111111111105
2024-05-10,Oran,LST,LST_Day_1km,29.305555555555543
2024-05-10,TzM,LST,LST_Day_1km,29.97230769230771
2024-05-11,Oran,LST,LST_Day_1km,33.58111111111117
2024-05-11,TzM,LST,LST_Day_1km,27.369230769230853
2024-05-13,Oran,LST,LST_Day_1km,37.87666666666672
2024-05-13,TzM,LST,LST_Day_1km,29.723076923076974
2024-05-14,Oran,LST,LST_Day_1km,33.432222222222265
2024-05-14,TzM,LST,LST_Day_1km,29.63846153846157
2024-05-15,Oran,LST,LST_Day_1km,29.192222222222256
2024-05-16,TzM,LST,LST_Day_1km,27.25230769230774
2024-05-17,Oran,LST,LST_Day_1km,30.090000000000032
2024-05-17,TzM,LST,LST_Day_1km,24.110000000000014
2024-05-18,Oran,LST,LST_Day_1km,38.19888888888903
2024-05-18,TzM,LST,LST_Day_1km,34.32846153846157
2024-05-19,Oran,LST,LST_Day_1km,33.30555555555554
2024-05-19,TzM,LST,LST_Day_1km,27.14153846153846
2024-05-20,TzM,LST,LST_Day_1km,30.79538461538465
2024-05-21,Oran,LST,LST_Day_1km,30.78111111111116
2024-05-21,TzM,LST,LST_Day_1km,30.97230769230771
2024-05-22,Oran,LST,LST_Day_1km,31.13444444444451
2024-05-22,TzM,LST,LST_Day_1km,29.17153846153849
2024-05-24,Oran,LST,LST_Day_1km,37.432222222222265
2024-05-24,TzM,LST,LST_Day_1km,35.09769230769234
2024-05-25,Oran,LST,LST_Day_1km,41.97444444444454
2024-05-25,TzM,LST,LST_Day_1km,34.768461538461565
2024-05-26,Oran,LST,LST_Day_1km,43.22555555555556
2024-05-26,TzM,LST,LST_Day_1km,37.72615384615386
2024-05-27,Oran,LST,LST_Day_1km,36.54333333333335
2024-05-27,TzM,LST,LST_Day_1km,29.016923076923092
2024-05-28,Oran,LST,LST_Day_1km,39.7166666666667
2024-05-28,TzM,LST,LST_Day_1km,33.27692307692308
2024-05-29,Oran,LST,LST_Day_1km,41.20777777777772
2024-05-29,TzM,LST,LST_Day_1km,39.2146153846154
2024-05-30,Oran,LST,LST_Day_1km,45.52333333333337
2024-05-30,TzM,LST,LST_Day_1km,41.60923076923075
2024-05-31,Oran,LST,LST_Day_1km,37.25222222222226
2024-05-31,TzM,LST,LST_Day_1km,36.52923076923082
2024-06-02,TzM,LST,LST_Day_1km,34.73384615384617
2024-06-03,TzM,LST,LST_Day_1km,32.428461538461534
2024-06-04,Oran,LST,LST_Day_1km,33.70555555555552
2024-06-04,TzM,LST,LST_Day_1km,32.34538461538466
2024-06-05,Oran,LST,LST_Day_1km,41.461111111111165
2024-06-05,TzM,LST,LST_Day_1km,38.56076923076921
2024-06-07,TzM,LST,LST_Day_1km,28.980769230769226
2024-06-13,Oran,LST,LST_Day_1km,26.021111111111168
2024-06-13,TzM,LST,LST_Day_1km,25.764615384615468
2024-06-14,Oran,LST,LST_Day_1km,36.627777777777794
2024-06-14,TzM,LST,LST_Day_1km,34.7146153846154
2024-06-15,Oran,LST,LST_Day_1km,34.62111111111108
2024-06-15,TzM,LST,LST_Day_1km,33.42384615384623
2024-06-16,Oran,LST,LST_Day_1km,38.936666666666724
2024-06-16,TzM,LST,LST_Day_1km,36.55538461538464
2024-06-17,Oran,LST,LST_Day_1km,41.43666666666667
2024-06-17,TzM,LST,LST_Day_1km,38.2038461538462
2024-06-18,Oran,LST,LST_Day_1km,37.86111111111103
2024-06-18,TzM,LST,LST_Day_1km,37.124615384615424
2024-06-19,TzM,LST,LST_Day_1km,26.77000000000004
2024-06-20,Oran,LST,LST_Day_1km,27.901111111111163
2024-06-21,Oran,LST,LST_Day_1km,39.198888888888916
2024-06-21,TzM,LST,LST_Day_1km,36.89769230769235
2024-06-22,Oran,LST,LST_Day_1km,41.84777777777782
2024-06-22,TzM,LST,LST_Day_1km,33.306923076923056
2024-06-23,Oran,LST,LST_Day_1km,38.63222222222225
2024-06-23,TzM,LST,LST_Day_1km,36.935384615384635
2024-06-24,Oran,LST,LST_Day_1km,37.92333333333329
2024-06-24,TzM,LST,LST_Day_1km,38.33230769230772
2024-06-25,Oran,LST,LST_Day_1km,35.79222222222222
2024-06-25,TzM,LST,LST_Day_1km,37.94153846153847
2024-06-26,TzM,LST,LST_Day_1km,33.35384615384618
2024-06-28,TzM,LST,LST_Day_1km,27.03000000000003
2024-06-30,Oran,LST,LST_Day_1km,29.958888888888907
2024-06-30,TzM,LST,LST_Day_1km,31.748461538461584
2024-07-01,Oran,LST,LST_Day_1km,31.994444444444525
2024-07-01,TzM,LST,LST_Day_1km,32.442307692307736
2024-07-02,Oran,LST,LST_Day_1km,35.57888888888891
2024-07-02,TzM,LST,LST_Day_1km,37.31
2024-07-03,Oran,LST,LST_Day_1km,38.47666666666669
2024-07-03,TzM,LST,LST_Day_1km,42.09384615384619
2024-07-04,Oran,LST,LST_Day_1km,42.61222222222227
2024-07-04,TzM,LST,LST_Day_1km,43.51923076923083
2024-07-05,Oran,LST,LST_Day_1km,33.75
2024-07-05,TzM,LST,LST_Day_1km,34.83000000000004
2024-07-06,Oran,LST,LST_Day_1km,41.627777777777794
2024-07-06,TzM,LST,LST_Day_1km,40.15384615384619
2024-07-07,Oran,LST,LST_Day_1km,35.883333333333326
2024-07-07,TzM,LST,LST_Day_1km,36.97384615384618
2024-07-08,Oran,LST,LST_Day_1km,39.51888888888891
2024-07-08,TzM,LST,LST_Day_1km,40.09307692307698
2024-07-09,TzM,LST,LST_Day_1km,33.63307692307694
2024-07-10,Oran,LST,LST_Day_1km,40.34555555555562
2024-07-10,TzM,LST,LST_Day_1km,40.59307692307692
2024-07-11,Oran,LST,LST_Day_1km,47.10111111111115
2024-07-11,TzM,LST,LST_Day_1km,45.786153846153866
2024-07-12,Oran,LST,LST_Day_1km,41.25
2024-07-12,TzM,LST,LST_Day_1km,41.29461538461544
2024-07-13,Oran,LST,LST_Day_1km,38.658888888888896
2024-07-13,TzM,LST,LST_Day_1km,39.32230769230773
2024-07-14,Oran,LST,LST_Day_1km,42.02333333333337
2024-07-14,TzM,LST,LST_Day_1km,42.13538461538462
2024-07-15,Oran,LST,LST_Day_1km,40.74111111111114
2024-07-15,TzM,LST,LST_Day_1km,40.03307692307692
2024-07-16,Oran,LST,LST_Day_1km,44.50333333333339
2024-07-16,TzM,LST,LST_Day_1km,43.70307692307699
2024-07-17,TzM,LST,LST_Day_1km,33.32538461538468
2024-07-18,Oran,LST,LST_Day_1km,37.421111111111145
2024-07-18,TzM,LST,LST_Day_1km,40.91692307692307
2024-07-19,Oran,LST,LST_Day_1km,41.927777777777806
2024-07-19,TzM,LST,LST_Day_1km,43.238461538461536
2024-07-20,Oran,LST,LST_Day_1km,43.20777777777778
2024-07-20,TzM,LST,LST_Day_1km,41.924615384615436
2024-07-21,Oran,LST,LST_Day_1km,41.932222222222265
2024-07-21,TzM,LST,LST_Day_1km,40.37230769230774
2024-07-22,Oran,LST,LST_Day_1km,35.652222222222235
2024-07-22,TzM,LST,LST_Day_1km,36.90769230769229
2024-07-23,Oran,LST,LST_Day_1km,43.70555555555552
2024-07-23,TzM,LST,LST_Day_1km,44.190769230769206
2024-07-24,Oran,LST,LST_Day_1km,43.3344444444445
2024-07-24,TzM,LST,LST_Day_1km,45.34615384615387
2024-07-25,Oran,LST,LST_Day_1km,42.118888888888875
2024-07-25,TzM,LST,LST_Day_1km,43.34846153846155
2024-07-26,Oran,LST,LST_Day_1km,41.363333333333344
2024-07-26,TzM,LST,LST_Day_1km,40.45692307692309
2024-07-27,Oran,LST,LST_Day_1km,37.75888888888892
2024-07-27,TzM,LST,LST_Day_1km,38.25000000000006
2024-07-28,Oran,LST,LST_Day_1km,41.938888888888926
2024-07-28,TzM,LST,LST_Day_1km,38.72615384615386
2024-07-30,Oran,LST,LST_Day_1km,36.63666666666677
2024-07-30,TzM,LST,LST_Day_1km,37.59769230769234
2024-07-31,Oran,LST,LST_Day_1km,45.26555555555552
2024-07-31,TzM,LST,LST_Day_1km,45.420769230769224
2024-08-01,Oran,LST,LST_Day_1km,43.78777777777782
2024-08-01,TzM,LST,LST_Day_1km,44.94153846153853
2024-08-02,Oran,LST,LST_Day_1km,44.16555555555561
2024-08-02,TzM,LST,LST_Day_1km,42.51153846153852
2024-08-03,Oran,LST,LST_Day_1km,37.46555555555557
2024-08-03,TzM,LST,LST_Day_1km,42.36769230769232
2024-08-04,Oran,LST,LST_Day_1km,42.26333333333338
2024-08-04,TzM,LST,LST_Day_1km,42.286923076923074
2024-08-05,Oran,LST,LST_Day_1km,45.2788888888889
2024-08-05,TzM,LST,LST_Day_1km,44.04461538461544
2024-08-06,Oran,LST,LST_Day_1km,43.26333333333338
2024-08-06,TzM,LST,LST_Day_1km,42.427692307692325
2024-08-09,Oran,LST,LST_Day_1km,45.407777777777824
2024-08-09,TzM,LST,LST_Day_1km,43.71615384615387
2024-08-10,Oran,LST,LST_Day_1km,41.47888888888889
2024-08-10,TzM,LST,LST_Day_1km,41.509230769230726
2024-08-11,Oran,LST,LST_Day_1km,40.43444444444452
2024-08-11,TzM,LST,LST_Day_1km,39.65999999999997
2024-08-12,Oran,LST,LST_Day_1km,44.59000000000009
2024-08-12,TzM,LST,LST_Day_1km,42.77000000000004
2024-08-13,TzM,LST,LST_Day_1km,37.73384615384617
2024-08-14,Oran,LST,LST_Day_1km,35.54200000000003
2024-08-14,TzM,LST,LST_Day_1km,32.25000000000006
2024-08-15,Oran,LST,LST_Day_1km,38.52111111111117
2024-08-15,TzM,LST,LST_Day_1km,31.877692307692314
2024-08-18,Oran,LST,LST_Day_1km,41.01888888888891
2024-08-18,TzM,LST,LST_Day_1km,38.289230769230755
2024-08-19,Oran,LST,LST_Day_1km,41.08777777777783
2024-08-19,TzM,LST,LST_Day_1km,39.24923076923085
2024-08-20,Oran,LST,LST_Day_1km,39.26777777777784
2024-08-20,TzM,LST,LST_Day_1km,39.39307692307699
2024-08-21,Oran,LST,LST_Day_1km,37.78777777777782
2024-08-21,TzM,LST,LST_Day_1km,35.473076923076974
2024-08-22,Oran,LST,LST_Day_1km,40.14555555555552
2024-08-22,TzM,LST,LST_Day_1km,35.76000000000005
2024-08-23,Oran,LST,LST_Day_1km,38.765555555555636
2024-08-23,TzM,LST,LST_Day_1km,37.268461538461565
2024-08-24,Oran,LST,LST_Day_1km,39.85666666666668
2024-08-24,TzM,LST,LST_Day_1km,38.033076923076976
2024-08-25,Oran,LST,LST_Day_1km,32.85666666666668
2024-08-26,Oran,LST,LST_Day_1km,34.8077777777778
2024-08-26,TzM,LST,LST_Day_1km,31.38615384615383
2024-08-27,Oran,LST,LST_Day_1km,37.65000000000009
2024-08-27,TzM,LST,LST_Day_1km,39.01923076923083
2024-08-28,Oran,LST,LST_Day_1km,34.43000000000001
2024-08-28,TzM,LST,LST_Day_1km,35.29000000000002
2024-08-31,Oran,LST,LST_Day_1km,28.425555555555547
2024-08-31,TzM,LST,LST_Day_1km,32.61615384615385
2024-09-01,Oran,LST,LST_Day_1km,34.741111111111024
2024-09-03,Oran,LST,LST_Day_1km,33.907777777777824
2024-09-03,TzM,LST,LST_Day_1km,34.7569230769231
2024-09-04,Oran,LST,LST_Day_1km,27.97222222222223
2024-09-04,TzM,LST,LST_Day_1km,32.36076923076922
2024-09-06,Oran,LST,LST_Day_1km,30.705555555555634
2024-09-06,TzM,LST,LST_Day_1km,30.81230769230774
2024-09-07,TzM,LST,LST_Day_1km,32.87076923076921
2024-09-08,Oran,LST,LST_Day_1km,23.81444444444446
2024-09-08,TzM,LST,LST_Day_1km,29.003076923077003
2024-09-09,Oran,LST,LST_Day_1km,32.163333333333355
2024-09-09,TzM,LST,LST_Day_1km,33.28846153846149
2024-09-10,Oran,LST,LST_Day_1km,36.82111111111118
2024-09-10,TzM,LST,LST_Day_1km,36.60769230769233
2024-09-11,Oran,LST,LST_Day_1km,33.59444444444449
2024-09-11,TzM,LST,LST_Day_1km,33.98923076923086
2024-09-12,Oran,LST,LST_Day_1km,33.576666666666654
2024-09-12,TzM,LST,LST_Day_1km,31.58000000000004
2024-09-13,Oran,LST,LST_Day_1km,32.47666666666669
2024-09-13,TzM,LST,LST_Day_1km,31.155384615384662
2024-09-14,TzM,LST,LST_Day_1km,24.750000000000057
2024-09-15,Oran,LST,LST_Day_1km,35.80111111111114
2024-09-15,TzM,LST,LST_Day_1km,34.917692307692334
2024-09-16,Oran,LST,LST_Day_1km,30.189999999999998
2024-09-16,TzM,LST,LST_Day_1km,31.100769230769345
2024-09-17,Oran,LST,LST_Day_1km,29.358888888888885
2024-09-17,TzM,LST,LST_Day_1km,30.153846153846132
2024-09-22,Oran,LST,LST_Day_1km,25.2188888888889
2024-09-22,TzM,LST,LST_Day_1km,25.56769230769231
2024-09-23,Oran,LST,LST_Day_1km,23.614444444444473
2024-09-23,TzM,LST,LST_Day_1km,26.950000000000045
2024-09-26,Oran,LST,LST_Day_1km,25.78555555555556
2024-09-27,Oran,LST,LST_Day_1km,25.890000000000043
2024-09-27,TzM,LST,LST_Day_1km,20.696153846153834
2024-09-28,Oran,LST,LST_Day_1km,23.001111111111186
2024-09-28,TzM,LST,LST_Day_1km,25.315384615384687
2024-09-29,Oran,LST,LST_Day_1km,25.31222222222226
2024-09-29,TzM,LST,LST_Day_1km,26.57000000000005
2024-09-30,Oran,LST,LST_Day_1km,31.03222222222223
2024-09-30,TzM,LST,LST_Day_1km,31.501538461538473
2024-10-01,Oran,LST,LST_Day_1km,29.181111111111136
2024-10-01,TzM,LST,LST_Day_1km,29.01230769230773
2024-10-02,TzM,LST,LST_Day_1km,27.003076923077003
2024-10-03,TzM,LST,LST_Day_1km,23.571538461538523
2024-10-04,Oran,LST,LST_Day_1km,27.649999999999977
2024-10-04,TzM,LST,LST_Day_1km,27.33923076923071
2024-10-05,Oran,LST,LST_Day_1km,25.565555555555534
2024-10-05,TzM,LST,LST_Day_1km,26.40923076923076
2024-10-13,TzM,LST,LST_Day_1km,18.57000000000005
2024-10-18,Oran,LST,LST_Day_1km,15.507777777777846
2024-10-18,TzM,LST,LST_Day_1km,14.010000000000048
2024-10-19,Oran,LST,LST_Day_1km,19.3055555555556
2024-10-19,TzM,LST,LST_Day_1km,18.423076923076962
2024-10-20,Oran,LST,LST_Day_1km,22.734444444444534
2024-10-20,TzM,LST,LST_Day_1km,21.921538461538546
2024-10-21,Oran,LST,LST_Day_1km,23.58111111111117
2024-10-21,TzM,LST,LST_Day_1km,23.048461538461538
2024-10-22,TzM,LST,LST_Day_1km,20.06461538461548
2024-10-24,Oran,LST,LST_Day_1km,14.378888888888923
2024-10-24,TzM,LST,LST_Day_1km,17.27307692307693
2024-10-25,Oran,LST,LST_Day_1km,18.601111111111152
2024-10-26,Oran,LST,LST_Day_1km,13.918888888888887
2024-10-26,TzM,LST,LST_Day_1km,12.173846153846227
2024-10-29,Oran,LST,LST_Day_1km,8.672222222222274
2024-10-30,Oran,LST,LST_Day_1km,15.201111111111175
2024-10-30,TzM,LST,LST_Day_1km,15.993076923076956
2024-10-31,Oran,LST,LST_Day_1km,17.70555555555552
2024-10-31,TzM,LST,LST_Day_1km,17.149230769230826
2024-11-01,Oran,LST,LST_Day_1km,17.974444444444543
2024-11-03,TzM,LST,LST_Day_1km,14.476153846153863
2024-11-05,Oran,LST,LST_Day_1km,19.125555555555536
2024-11-06,Oran,LST,LST_Day_1km,17.413333333333355
2024-11-10,Oran,LST,LST_Day_1km,14.138888888888914
2024-11-10,TzM,LST,LST_Day_1km,15.391538461538516
2024-11-11,Oran,LST,LST_Day_1km,16.390000000000043
2024-11-11,TzM,LST,LST_Day_1km,17.97692307692307
2024-11-12,Oran,LST,LST_Day_1km,13.112222222222215
2024-11-17,TzM,LST,LST_Day_1km,13.750000000000057
2024-11-18,Oran,LST,LST_Day_1km,17.610000000000014
2024-11-20,Oran,LST,LST_Day_1km,13.923333333333403
2024-11-20,TzM,LST,LST_Day_1km,11.400769230769185
2024-11-21,Oran,LST,LST_Day_1km,11.005555555555532
2024-11-23,Oran,LST,LST_Day_1km,15.221111111111156
2024-11-23,TzM,LST,LST_Day_1km,13.816153846153838
2024-11-27,Oran,LST,LST_Day_1km,15.430000000000064
2024-11-28,Oran,LST,LST_Day_1km,15.152222222222235
2024-11-29,Oran,LST,LST_Day_1km,13.116666666666674
2024-11-30,Oran,LST,LST_Day_1km,16.28555555555556
2024-11-30,TzM,LST,LST_Day_1km,17.576153846153886
2024-12-01,Oran,LST,LST_Day_1km,16.947777777777787
2024-12-01,TzM,LST,LST_Day_1km,16.310000000000002
2024-12-02,Oran,LST,LST_Day_1km,14.534444444444546
2024-12-02,TzM,LST,LST_Day_1km,15.592307692307713
2024-12-03,Oran,LST,LST_Day_1km,16.61222222222227
2024-12-03,TzM,LST,LST_Day_1km,15.702307692307727
2024-12-04,TzM,LST,LST_Day_1km,12.575384615384678
2024-12-05,Oran,LST,LST_Day_1km,12.421111111111145
2024-12-05,TzM,LST,LST_Day_1km,12.270000000000039
2024-12-07,Oran,LST,LST_Day_1km,13.347777777777821
2024-12-08,Oran,LST,LST_Day_1km,9.921111111111145
2024-12-09,Oran,LST,LST_Day_1km,6.266666666666708
2024-12-09,TzM,LST,LST_Day_1km,4.170000000000016
2024-12-10,Oran,LST,LST_Day_1km,8.294444444444423
2024-12-10,TzM,LST,LST_Day_1km,9.533846153846184
2024-12-11,Oran,LST,LST_Day_1km,5.53000000000003
2024-12-12,TzM,LST,LST_Day_1km,8.926923076923117
2024-12-13,Oran,LST,LST_Day_1km,12.04000000000002
2024-12-14,Oran,LST,LST_Day_1km,4.70555555555552
2024-12-14,TzM,LST,LST_Day_1km,7.069230769230728
2024-12-15,Oran,LST,LST_Day_1km,8.31222222222226
2024-12-15,TzM,LST,LST_Day_1km,8.754615384615363
2024-12-16,Oran,LST,LST_Day_1km,6.766666666666708
2024-12-16,TzM,LST,LST_Day_1km,5.54769230769233
2024-12-18,Oran,LST,LST_Day_1km,12.04111111111115
2024-12-18,TzM,LST,LST_Day_1km,11.763076923076937
2024-12-19,TzM,LST,LST_Day_1km,8.630000000000052
2024-12-20,Oran,LST,LST_Day_1km,8.08777777777783
2024-12-20,TzM,LST,LST_Day_1km,8.261538461538464
2024-12-21,TzM,LST,LST_Day_1km,4.627692307692314
2024-12-22,Oran,LST,LST_Day_1km,10.116666666666674
2024-12-22,TzM,LST,LST_Day_1km,9.428461538461534
2024-12-23,Oran,LST,LST_Day_1km,8.494444444444525
2024-12-23,TzM,LST,LST_Day_1km,9.112307692307752
2024-12-24,Oran,LST,LST_Day_1km,8.26777777777778
2024-12-24,TzM,LST,LST_Day_1km,8.515384615384676
2024-12-25,Oran,LST,LST_Day_1km,12.754444444444516
2024-12-25,TzM,LST,LST_Day_1km,12.79461538461544
2024-12-27,Oran,LST,LST_Day_1km,10.483333333333405
2024-12-27,TzM,LST,LST_Day_1km,10.4715384615385
2024-12-28,Oran,LST,LST_Day_1km,10.905555555555566
2024-12-28,TzM,LST,LST_Day_1km,11.650000000000034
2024-12-30,Oran,LST,LST_Day_1km,9.761111111111177
2024-12-30,TzM,LST,LST_Day_1km,9.80769230769232
2018-01-01,Oran,MOD16,ET,0.7692307692307693
2018-01-01,TzM,MOD16,ET,0.8034235668789811
2018-01-01,Oran,MOD16,PET,1.5182692307692311
2018-01-01,TzM,MOD16,PET,1.254936305732484
2018-01-09,Oran,MOD16,ET,0.8072115384615386
2018-01-09,TzM,MOD16,ET,0.8480891719745225
2018-01-09,Oran,MOD16,PET,1.5697115384615385
2018-01-09,TzM,MOD16,PET,1.375
2018-01-17,Oran,MOD16,ET,0.5528846153846154
2018-01-17,TzM,MOD16,ET,0.6192675159235671
2018-01-17,Oran,MOD16,PET,2.5533653846153848
2018-01-17,TzM,MOD16,PET,2.4434713375796178
2018-01-25,Oran,MOD16,ET,0.7230769230769232
2018-01-25,TzM,MOD16,ET,0.7635350318471338
2018-01-25,Oran,MOD16,PET,1.7581730769230768
2018-01-25,TzM,MOD16,PET,1.7025477707006371
2018-02-02,Oran,MOD16,ET,0.8365384615384617
2018-02-02,TzM,MOD16,ET,0.8332802547770701
2018-02-02,Oran,MOD16,PET,1.9187500000000002
2018-02-02,TzM,MOD16,PET,1.7707802547770701
2018-02-10,Oran,MOD16,ET,0.9740384615384615
2018-02-10,TzM,MOD16,ET,0.9923566878980893
2018-02-10,Oran,MOD16,PET,2.174519230769231
2018-02-10,TzM,MOD16,PET,2.0313694267515925
2018-02-18,Oran,MOD16,ET,0.6879807692307692
2018-02-18,TzM,MOD16,ET,0.6265127388535032
2018-02-18,Oran,MOD16,PET,3.1
2018-02-18,TzM,MOD16,PET,3.0113853503184713
2018-02-26,Oran,MOD16,ET,1.020673076923077
2018-02-26,TzM,MOD16,ET,0.9343949044585987
2018-02-26,Oran,MOD16,PET,2.0081730769230774
2018-02-26,TzM,MOD16,PET,1.696894904458599
2018-03-06,Oran,MOD16,ET,1.0221153846153848
2018-03-06,TzM,MOD16,ET,1.127229299363057
2018-03-06,Oran,MOD16,PET,3.1245192307692307
2018-03-06,TzM,MOD16,PET,2.5946656050955412
2018-03-14,Oran,MOD16,ET,0.991826923076923
2018-03-14,TzM,MOD16,ET,0.9738057324840765
2018-03-14,Oran,MOD16,PET,2.817788461538462
2018-03-14,TzM,MOD16,PET,2.4287420382165608
2018-03-22,Oran,MOD16,ET,0.6370192307692308
2018-03-22,TzM,MOD16,ET,0.653423566878981
2018-03-22,Oran,MOD16,PET,3.8884615384615397
2018-03-22,TzM,MOD16,PET,3.5443471337579617
2018-03-30,Oran,MOD16,ET,0.6408653846153847
2018-03-30,TzM,MOD16,ET,0.5845541401273885
2018-03-30,Oran,MOD16,PET,4.333173076923077
2018-03-30,TzM,MOD16,PET,3.9811305732484072
2018-04-07,Oran,MOD16,ET,1.020673076923077
2018-04-07,TzM,MOD16,ET,1.0344745222929939
2018-04-07,Oran,MOD16,PET,3.3375000000000004
2018-04-07,TzM,MOD16,PET,2.8973726114649683
2018-04-15,Oran,MOD16,ET,0.8966346153846154
2018-04-15,TzM,MOD16,ET,0.8734872611464968
2018-04-15,Oran,MOD16,PET,5.18125
2018-04-15,TzM,MOD16,PET,4.693232484076432
2018-04-23,Oran,MOD16,ET,1.1461538461538463
2018-04-23,TzM,MOD16,ET,0.8034235668789809
2018-04-23,Oran,MOD16,PET,5.107211538461538
2018-04-23,TzM,MOD16,PET,4.855095541401274
2018-05-01,Oran,MOD16,ET,1.278846153846154
2018-05-01,TzM,MOD16,ET,0.7444267515923566
2018-05-01,Oran,MOD16,PET,5.046153846153846
2018-05-01,TzM,MOD16,PET,4.790764331210191
2018-05-09,Oran,MOD16,ET,1.551442307692308
2018-05-09,TzM,MOD16,ET,0.7675955414012741
2018-05-09,Oran,MOD16,PET,5.7466346153846155
2018-05-09,TzM,MOD16,PET,5.562420382165605
2018-05-17,Oran,MOD16,ET,1.5399038461538463
2018-05-17,TzM,MOD16,ET,0.9656847133757962
2018-05-17,Oran,MOD16,PET,6.026442307692309
2018-05-17,TzM,MOD16,PET,5.530334394904459
2018-05-25,Oran,MOD16,ET,1.4115384615384614
2018-05-25,TzM,MOD16,ET,1.3564490445859874
2018-05-25,Oran,MOD16,PET,5.3961538461538465
2018-05-25,TzM,MOD16,PET,4.906926751592358
2018-06-02,Oran,MOD16,ET,1.5802884615384616
2018-06-02,TzM,MOD16,ET,1.5052547770700635
2018-06-02,Oran,MOD16,PET,5.515865384615385
2018-06-02,TzM,MOD16,PET,4.907404458598727
2018-06-10,Oran,MOD16,ET,1.2355769230769231
2018-06-10,TzM,MOD16,ET,0.9209394904458601
2018-06-10,Oran,MOD16,PET,7.325961538461538
2018-06-10,TzM,MOD16,PET,6.7848726114649685
2018-06-18,Oran,MOD16,ET,0.9956730769230768
2018-06-18,TzM,MOD16,ET,0.6490445859872612
2018-06-18,Oran,MOD16,PET,7.975480769230771
2018-06-18,TzM,MOD16,PET,7.7250000000000005
2018-06-26,Oran,MOD16,ET,0.4927884615384615
2018-06-26,TzM,MOD16,ET,0.6383757961783441
2018-06-26,Oran,MOD16,PET,7.672596153846155
2018-06-26,TzM,MOD16,PET,7.342436305732483
2018-07-04,Oran,MOD16,ET,0.2918269230769231
2018-07-04,TzM,MOD16,ET,0.46066878980891723
2018-07-04,Oran,MOD16,PET,8.260576923076924
2018-07-04,TzM,MOD16,PET,7.747372611464968
2018-07-12,Oran,MOD16,ET,0.2711538461538462
2018-07-12,TzM,MOD16,ET,0.4194267515923567
2018-07-12,Oran,MOD16,PET,8.108173076923077
2018-07-12,TzM,MOD16,PET,7.881369426751592
2018-07-20,Oran,MOD16,ET,0.21682692307692308
2018-07-20,TzM,MOD16,ET,0.38192675159235673
2018-07-20,Oran,MOD16,PET,7.985096153846154
2018-07-20,TzM,MOD16,PET,7.777229299363059
2018-07-28,Oran,MOD16,ET,0.10528846153846155
2018-07-28,TzM,MOD16,ET,0.37396496815286623
2018-07-28,Oran,MOD16,PET,8.38125
2018-07-28,TzM,MOD16,PET,8.014729299363058
2018-08-05,Oran,MOD16,ET,0.2451923076923077
2018-08-05,TzM,MOD16,ET,0.5298566878980892
2018-08-05,Oran,MOD16,PET,7.253365384615385
2018-08-05,TzM,MOD16,PET,6.826990445859872
2018-08-13,Oran,MOD16,ET,0.44471153846153844
2018-08-13,TzM,MOD16,ET,0.5162420382165606
2018-08-13,Oran,MOD16,PET,6.300961538461539
2018-08-13,TzM,MOD16,PET,6.154697452229299
2018-08-21,Oran,MOD16,ET,0.35673076923076924
2018-08-21,TzM,MOD16,ET,0.5209394904458599
2018-08-21,Oran,MOD16,PET,7.186057692307692
2018-08-21,TzM,MOD16,PET,6.6241242038216575
2018-08-29,Oran,MOD16,ET,0.5076923076923077
2018-08-29,TzM,MOD16,ET,0.5214968152866243
2018-08-29,Oran,MOD16,PET,6.279807692307692
2018-08-29,TzM,MOD16,PET,6.089968152866243
2018-09-06,Oran,MOD16,ET,0.8096153846153847
2018-09-06,TzM,MOD16,ET,0.9710191082802547
2018-09-06,Oran,MOD16,PET,5.2399038461538465
2018-09-06,TzM,MOD16,PET,4.395063694267516
2018-09-14,Oran,MOD16,ET,0.8682692307692309
2018-09-14,TzM,MOD16,ET,0.8869426751592357
2018-09-14,Oran,MOD16,PET,5.062019230769231
2018-09-14,TzM,MOD16,PET,4.503662420382166
2018-09-22,Oran,MOD16,ET,0.5052884615384615
2018-09-22,TzM,MOD16,ET,0.5828821656050955
2018-09-22,Oran,MOD16,PET,5.380288461538462
2018-09-22,TzM,MOD16,PET,4.917117834394905
2018-09-30,Oran,MOD16,ET,0.32211538461538464
2018-09-30,TzM,MOD16,ET,0.5045382165605096
2018-09-30,Oran,MOD16,PET,5.59375
2018-09-30,TzM,MOD16,PET,4.848168789808917
2018-10-08,Oran,MOD16,ET,0.7028846153846156
2018-10-08,TzM,MOD16,ET,0.7212579617834396
2018-10-08,Oran,MOD16,PET,3.3216346153846157
2018-10-08,TzM,MOD16,PET,2.9780254777070065
2018-10-16,Oran,MOD16,ET,1.001923076923077
2018-10-16,TzM,MOD16,ET,0.9288216560509555
2018-10-16,Oran,MOD16,PET,2.854807692307693
2018-10-16,TzM,MOD16,PET,2.470143312101911
2018-10-24,Oran,MOD16,ET,0.6153846153846154
2018-10-24,TzM,MOD16,ET,0.5557324840764329
2018-10-24,Oran,MOD16,PET,2.9177884615384624
2018-10-24,TzM,MOD16,PET,2.5154458598726115
2018-11-01,Oran,MOD16,ET,0.8812500000000001
2018-11-01,TzM,MOD16,ET,0.8072452229299364
2018-11-01,Oran,MOD16,PET,2.2552884615384614
2018-11-01,TzM,MOD16,PET,1.8712579617834395
2018-11-09,Oran,MOD16,ET,0.7649038461538462
2018-11-09,TzM,MOD16,ET,0.7125
2018-11-09,Oran,MOD16,PET,1.714423076923077
2018-11-09,TzM,MOD16,PET,1.4336783439490446
2018-11-17,Oran,MOD16,ET,0.8394230769230768
2018-11-17,TzM,MOD16,ET,0.7238853503184713
2018-11-17,Oran,MOD16,PET,1.2668269230769231
2018-11-17,TzM,MOD16,PET,1.0310509554140128
2018-11-25,Oran,MOD16,ET,0.6634615384615384
2018-11-25,TzM,MOD16,ET,0.6363853503184713
2018-11-25,Oran,MOD16,PET,2.1889423076923076
2018-11-25,TzM,MOD16,PET,1.8753980891719746
2018-12-03,Oran,MOD16,ET,0.5903846153846154
2018-12-03,TzM,MOD16,ET,0.6326433121019109
2018-12-03,Oran,MOD16,PET,2.6403846153846153
2018-12-03,TzM,MOD16,PET,2.297929936305733
2018-12-11,Oran,MOD16,ET,0.6697115384615385
2018-12-11,TzM,MOD16,ET,0.6561305732484077
2018-12-11,Oran,MOD16,PET,1.560096153846154
2018-12-11,TzM,MOD16,PET,1.3216560509554143
2018-12-19,Oran,MOD16,ET,0.6451923076923077
2018-12-19,TzM,MOD16,ET,0.7015127388535032
2018-12-19,Oran,MOD16,PET,1.7764423076923082
2018-12-19,TzM,MOD16,PET,1.6719745222929938
2018-12-27,Oran,MOD16,ET,0.37740384615384615
2018-12-27,TzM,MOD16,ET,0.37651273885350317
2018-12-27,Oran,MOD16,PET,1.2072115384615385
2018-12-27,TzM,MOD16,PET,1.4738853503184717
2019-01-01,Oran,MOD16,ET,0.5793269230769231
2019-01-01,TzM,MOD16,ET,0.6406050955414013
2019-01-01,Oran,MOD16,PET,2.0442307692307695
2019-01-01,TzM,MOD16,PET,2.1846337579617834
2019-01-09,Oran,MOD16,ET,0.6000000000000001
2019-01-09,TzM,MOD16,ET,0.5977707006369427
2019-01-09,Oran,MOD16,PET,1.8846153846153848
2019-01-09,TzM,MOD16,PET,1.7761942675159237
2019-01-17,Oran,MOD16,ET,0.6302884615384616
2019-01-17,TzM,MOD16,ET,0.6885350318471337
2019-01-17,Oran,MOD16,PET,1.5336538461538463
2019-01-17,TzM,MOD16,PET,1.4885350318471335
2019-01-25,Oran,MOD16,ET,0.6384615384615385
2019-01-25,TzM,MOD16,ET,0.7515127388535032
2019-01-25,Oran,MOD16,PET,1.8490384615384619
2019-01-25,TzM,MOD16,PET,1.7924363057324841
2019-02-02,Oran,MOD16,ET,0.5326923076923078
2019-02-02,TzM,MOD16,ET,0.6461783439490447
2019-02-02,Oran,MOD16,PET,2.253846153846154
2019-02-02,TzM,MOD16,PET,2.4908439490445864
2019-02-10,Oran,MOD16,ET,0.5081730769230769
2019-02-10,TzM,MOD16,ET,0.6226910828025479
2019-02-10,Oran,MOD16,PET,2.1302884615384614
2019-02-10,TzM,MOD16,PET,2.2851910828025477
2019-02-18,Oran,MOD16,ET,0.6024038461538462
2019-02-18,TzM,MOD16,ET,0.4996019108280256
2019-02-18,Oran,MOD16,PET,2.998076923076923
2019-02-18,TzM,MOD16,PET,3.25374203821656
2019-02-26,Oran,MOD16,ET,0.6663461538461538
2019-02-26,TzM,MOD16,ET,0.48750000000000004
2019-02-26,Oran,MOD16,PET,4.1298076923076925
2019-02-26,TzM,MOD16,PET,4.404856687898089
2019-03-06,Oran,MOD16,ET,0.7423076923076923
2019-03-06,TzM,MOD16,ET,0.625
2019-03-06,Oran,MOD16,PET,3.7403846153846154
2019-03-06,TzM,MOD16,PET,3.7375000000000003
2019-03-14,Oran,MOD16,ET,0.6105769230769231
2019-03-14,TzM,MOD16,ET,0.37316878980891716
2019-03-14,Oran,MOD16,PET,4.1855769230769235
2019-03-14,TzM,MOD16,PET,4.40437898089172
2019-03-22,Oran,MOD16,ET,0.5884615384615385
2019-03-22,TzM,MOD16,ET,0.4720541401273886
2019-03-22,Oran,MOD16,PET,4.215865384615385
2019-03-22,TzM,MOD16,PET,4.3616242038216555
2019-03-30,Oran,MOD16,ET,0.9504807692307692
2019-03-30,TzM,MOD16,ET,1.0412420382165606
2019-03-30,Oran,MOD16,PET,3.3764423076923076
2019-03-30,TzM,MOD16,PET,3.2128184713375805
2019-04-07,Oran,MOD16,ET,1.0615384615384615
2019-04-07,TzM,MOD16,ET,0.9197452229299364
2019-04-07,Oran,MOD16,PET,4.490384615384616
2019-04-07,TzM,MOD16,PET,4.279458598726115
2019-04-15,Oran,MOD16,ET,1.122596153846154
2019-04-15,TzM,MOD16,ET,1.0128980891719745
2019-04-15,Oran,MOD16,PET,3.340865384615385
2019-04-15,TzM,MOD16,PET,3.188535031847134
2019-04-23,Oran,MOD16,ET,1.2841346153846156
2019-04-23,TzM,MOD16,ET,0.8929140127388536
2019-04-23,Oran,MOD16,PET,5.4014423076923075
2019-04-23,TzM,MOD16,PET,5.007165605095542
2019-05-01,Oran,MOD16,ET,1.5552884615384617
2019-05-01,TzM,MOD16,ET,0.6996815286624205
2019-05-01,Oran,MOD16,PET,5.915384615384616
2019-05-01,TzM,MOD16,PET,5.5109872611464965
2019-05-09,Oran,MOD16,ET,1.7543269230769234
2019-05-09,TzM,MOD16,ET,0.7664808917197452
2019-05-09,Oran,MOD16,PET,7.077884615384615
2019-05-09,TzM,MOD16,PET,6.738614649681529
2019-05-17,Oran,MOD16,ET,0.9490384615384615
2019-05-17,TzM,MOD16,ET,0.7648089171974524
2019-05-17,Oran,MOD16,PET,6.093750000000001
2019-05-17,TzM,MOD16,PET,5.7136942675159235
2019-05-25,Oran,MOD16,ET,1.1572115384615385
2019-05-25,TzM,MOD16,ET,0.7203821656050956
2019-05-25,Oran,MOD16,PET,7.135576923076923
2019-05-25,TzM,MOD16,PET,6.700716560509554
2019-06-02,Oran,MOD16,ET,0.6985576923076924
2019-06-02,TzM,MOD16,ET,0.5567675159235669
2019-06-02,Oran,MOD16,PET,8.05625
2019-06-02,TzM,MOD16,PET,7.61671974522293
2019-06-10,Oran,MOD16,ET,0.5096153846153846
2019-06-10,TzM,MOD16,ET,0.4947452229299363
2019-06-10,Oran,MOD16,PET,7.411538461538462
2019-06-10,TzM,MOD16,PET,7.036385350318472
2019-06-18,Oran,MOD16,ET,0.3841346153846154
2019-06-18,TzM,MOD16,ET,0.41154458598726107
2019-06-18,Oran,MOD16,PET,7.842307692307692
2019-06-18,TzM,MOD16,PET,7.521178343949043
2019-06-26,Oran,MOD16,ET,0.2451923076923077
2019-06-26,TzM,MOD16,ET,0.4505573248407644
2019-06-26,Oran,MOD16,PET,7.86923076923077
2019-06-26,TzM,MOD16,PET,7.677866242038217
2019-07-04,Oran,MOD16,ET,0.2350961538461539
2019-07-04,TzM,MOD16,ET,0.48519108280254786
2019-07-04,Oran,MOD16,PET,7.690384615384616
2019-07-04,TzM,MOD16,PET,7.405015923566879
2019-07-12,Oran,MOD16,ET,0.24951923076923077
2019-07-12,TzM,MOD16,ET,0.5252388535031848
2019-07-12,Oran,MOD16,PET,7.843269230769231
2019-07-12,TzM,MOD16,PET,7.520700636942677
2019-07-20,Oran,MOD16,ET,0.1528846153846154
2019-07-20,TzM,MOD16,ET,0.3628980891719745
2019-07-20,Oran,MOD16,PET,8.174038461538462
2019-07-20,TzM,MOD16,PET,7.794824840764332
2019-07-28,Oran,MOD16,ET,0.270673076923077
2019-07-28,TzM,MOD16,ET,0.4601114649681529
2019-07-28,Oran,MOD16,PET,7.402884615384616
2019-07-28,TzM,MOD16,PET,7.3345541401273895
2019-08-05,Oran,MOD16,ET,0.14134615384615387
2019-08-05,TzM,MOD16,ET,0.38025477707006367
2019-08-05,Oran,MOD16,PET,8.098076923076924
2019-08-05,TzM,MOD16,PET,7.733041401273884
2019-08-13,Oran,MOD16,ET,0.20625000000000002
2019-08-13,TzM,MOD16,ET,0.3599522292993631
2019-08-13,Oran,MOD16,PET,7.448076923076925
2019-08-13,TzM,MOD16,PET,7.15
2019-08-21,Oran,MOD16,ET,0.5875
2019-08-21,TzM,MOD16,ET,0.7398885350318471
2019-08-21,Oran,MOD16,PET,5.541826923076924
2019-08-21,TzM,MOD16,PET,5.343869426751592
2019-08-29,Oran,MOD16,ET,0.5293269230769231
2019-08-29,TzM,MOD16,ET,0.6089171974522293
2019-08-29,Oran,MOD16,PET,6.084615384615385
2019-08-29,TzM,MOD16,PET,5.805493630573248
2019-09-06,Oran,MOD16,ET,0.9576923076923077
2019-09-06,TzM,MOD16,ET,0.8905254777070063
2019-09-06,Oran,MOD16,PET,4.577403846153846
2019-09-06,TzM,MOD16,PET,4.470063694267516
2019-09-14,Oran,MOD16,ET,1.241826923076923
2019-09-14,TzM,MOD16,ET,1.220143312101911
2019-09-14,Oran,MOD16,PET,4.482211538461539
2019-09-14,TzM,MOD16,PET,3.9605891719745223
2019-09-22,Oran,MOD16,ET,0.5451923076923078
2019-09-22,TzM,MOD16,ET,0.5735668789808918
2019-09-22,Oran,MOD16,PET,5.786057692307693
2019-09-22,TzM,MOD16,PET,5.395063694267517
2019-09-30,Oran,MOD16,ET,0.3942307692307693
2019-09-30,TzM,MOD16,ET,0.48089171974522293
2019-09-30,Oran,MOD16,PET,5.755769230769232
2019-09-30,TzM,MOD16,PET,5.29578025477707
2019-10-08,Oran,MOD16,ET,0.6278846153846154
2019-10-08,TzM,MOD16,ET,0.6445063694267517
2019-10-08,Oran,MOD16,PET,4.053365384615385
2019-10-08,TzM,MOD16,PET,3.7150477707006377
2019-10-16,Oran,MOD16,ET,0.6447115384615385
2019-10-16,TzM,MOD16,ET,0.7167197452229299
2019-10-16,Oran,MOD16,PET,3.2480769230769226
2019-10-16,TzM,MOD16,PET,2.836703821656051
2019-10-24,Oran,MOD16,ET,0.7677884615384616
2019-10-24,TzM,MOD16,ET,0.7394108280254778
2019-10-24,Oran,MOD16,PET,3.2437500000000004
2019-10-24,TzM,MOD16,PET,3.1117834394904462
2019-11-01,Oran,MOD16,ET,0.8528846153846154
2019-11-01,TzM,MOD16,ET,0.8072452229299364
2019-11-01,Oran,MOD16,PET,2.4745192307692307
2019-11-01,TzM,MOD16,PET,2.2125796178343946
2019-11-09,Oran,MOD16,ET,0.5875
2019-11-09,TzM,MOD16,ET,0.6087579617834395
2019-11-09,Oran,MOD16,PET,1.748076923076923
2019-11-09,TzM,MOD16,PET,1.7000796178343949
2019-11-17,Oran,MOD16,ET,0.6451923076923077
2019-11-17,TzM,MOD16,ET,0.5826433121019109
2019-11-17,Oran,MOD16,PET,1.2908653846153846
2019-11-17,TzM,MOD16,PET,1.134156050955414
2019-11-25,Oran,MOD16,ET,0.722596153846154
2019-11-25,TzM,MOD16,ET,0.7898089171974523
2019-11-25,Oran,MOD16,PET,1.372596153846154
2019-11-25,TzM,MOD16,PET,1.2113853503184713
2019-12-03,Oran,MOD16,ET,0.6677884615384616
2019-12-03,TzM,MOD16,ET,0.6503980891719747
2019-12-03,Oran,MOD16,PET,1.1432692307692311
2019-12-03,TzM,MOD16,PET,1.085987261146497
2019-12-11,Oran,MOD16,ET,0.7600961538461538
2019-12-11,TzM,MOD16,ET,0.7583598726114649
2019-12-11,Oran,MOD16,PET,1.2725961538461539
2019-12-11,TzM,MOD16,PET,1.0939490445859874
2019-12-19,Oran,MOD16,ET,0.8201923076923077
2019-12-19,TzM,MOD16,ET,0.8605891719745223
2019-12-19,Oran,MOD16,PET,2.0629807692307693
2019-12-19,TzM,MOD16,PET,1.755652866242038
2019-12-27,Oran,MOD16,ET,0.5254807692307694
2019-12-27,TzM,MOD16,ET,0.5428343949044585
2019-12-27,Oran,MOD16,PET,1.0259615384615384
2019-12-27,TzM,MOD16,PET,1.2303343949044585
2020-01-01,Oran,MOD16,ET,0.6471153846153846
2020-01-01,TzM,MOD16,ET,0.6769108280254778
2020-01-01,Oran,MOD16,PET,1.8509615384615383
2020-01-01,TzM,MOD16,PET,2.0326433121019107
2020-01-09,Oran,MOD16,ET,0.6225961538461539
2020-01-09,TzM,MOD16,ET,0.6644108280254777
2020-01-09,Oran,MOD16,PET,1.9341346153846155
2020-01-09,TzM,MOD16,PET,1.7913216560509555
2020-01-17,Oran,MOD16,ET,0.6855769230769231
2020-01-17,TzM,MOD16,ET,0.875
2020-01-17,Oran,MOD16,PET,1.0480769230769231
2020-01-17,TzM,MOD16,PET,1.0980891719745223
2020-01-25,Oran,MOD16,ET,0.7908653846153846
2020-01-25,TzM,MOD16,ET,0.8503980891719746
2020-01-25,Oran,MOD16,PET,1.4471153846153846
2020-01-25,TzM,MOD16,PET,1.2469745222929938
2020-02-02,Oran,MOD16,ET,0.7182692307692307
2020-02-02,TzM,MOD16,ET,0.7943471337579617
2020-02-02,Oran,MOD16,PET,2.062019230769231
2020-02-02,TzM,MOD16,PET,2.0057324840764332
2020-02-10,Oran,MOD16,ET,0.8
2020-02-10,TzM,MOD16,ET,0.8609872611464969
2020-02-10,Oran,MOD16,PET,2.1980769230769233
2020-02-10,TzM,MOD16,PET,2.0556528662420384
2020-02-18,Oran,MOD16,ET,0.7350961538461539
2020-02-18,TzM,MOD16,ET,0.5163216560509555
2020-02-18,Oran,MOD16,PET,3.217307692307692
2020-02-18,TzM,MOD16,PET,3.251353503184713
2020-02-26,Oran,MOD16,ET,0.9490384615384615
2020-02-26,TzM,MOD16,ET,0.7996815286624205
2020-02-26,Oran,MOD16,PET,2.9668269230769235
2020-02-26,TzM,MOD16,PET,2.6769108280254783
2020-03-05,Oran,MOD16,ET,0.9701923076923077
2020-03-05,TzM,MOD16,ET,0.6094745222929937
2020-03-05,Oran,MOD16,PET,3.8298076923076922
2020-03-05,TzM,MOD16,PET,3.84593949044586
2020-03-13,Oran,MOD16,ET,1.0528846153846154
2020-03-13,TzM,MOD16,ET,0.9753980891719746
2020-03-13,Oran,MOD16,PET,2.6091346153846153
2020-03-13,TzM,MOD16,PET,2.401512738853503
2020-03-21,Oran,MOD16,ET,1.3153846153846156
2020-03-21,TzM,MOD16,ET,1.253423566878981
2020-03-21,Oran,MOD16,PET,2.661057692307692
2020-03-21,TzM,MOD16,PET,2.5734872611464965
2020-03-29,Oran,MOD16,ET,1.608653846153846
2020-03-29,TzM,MOD16,ET,1.14171974522293
2020-03-29,Oran,MOD16,PET,3.482211538461538
2020-03-29,TzM,MOD16,PET,3.397770700636943
2020-04-06,Oran,MOD16,ET,2.0269230769230773
2020-04-06,TzM,MOD16,ET,1.07921974522293
2020-04-06,Oran,MOD16,PET,3.8836538461538463
2020-04-06,TzM,MOD16,PET,3.684474522292993
2020-04-14,Oran,MOD16,ET,1.9490384615384617
2020-04-14,TzM,MOD16,ET,1.3818471337579616
2020-04-14,Oran,MOD16,PET,3.155769230769231
2020-04-14,TzM,MOD16,PET,2.811385350318471
2020-04-22,Oran,MOD16,ET,2.0533653846153848
2020-04-22,TzM,MOD16,ET,1.1943471337579614
2020-04-22,Oran,MOD16,PET,4.346634615384615
2020-04-22,TzM,MOD16,PET,4.194745222929936
2020-04-30,Oran,MOD16,ET,2.5591346153846155
2020-04-30,TzM,MOD16,ET,1.160828025477707
2020-04-30,Oran,MOD16,PET,5.944711538461538
2020-04-30,TzM,MOD16,PET,5.701512738853504
2020-05-08,Oran,MOD16,ET,2.1437500000000003
2020-05-08,TzM,MOD16,ET,1.303423566878981
2020-05-08,Oran,MOD16,PET,4.699038461538462
2020-05-08,TzM,MOD16,PET,4.4185509554140125
2020-05-16,Oran,MOD16,ET,2.714903846153846
2020-05-16,TzM,MOD16,ET,0.9023885350318473
2020-05-16,Oran,MOD16,PET,6.91298076923077
2020-05-16,TzM,MOD16,PET,6.6079617834394915
2020-05-24,Oran,MOD16,ET,1.9721153846153847
2020-05-24,TzM,MOD16,ET,0.8980891719745223
2020-05-24,Oran,MOD16,PET,6.150961538461539
2020-05-24,TzM,MOD16,PET,6.076592356687899
2020-06-01,Oran,MOD16,ET,1.373557692307692
2020-06-01,TzM,MOD16,ET,0.8118630573248409
2020-06-01,Oran,MOD16,PET,7.157211538461538
2020-06-01,TzM,MOD16,PET,6.9132165605095555
2020-06-09,Oran,MOD16,ET,0.7865384615384616
2020-06-09,TzM,MOD16,ET,0.6326433121019109
2020-06-09,Oran,MOD16,PET,7.655769230769231
2020-06-09,TzM,MOD16,PET,7.303821656050956
2020-06-17,Oran,MOD16,ET,0.5221153846153846
2020-06-17,TzM,MOD16,ET,0.7633757961783441
2020-06-17,Oran,MOD16,PET,7.889903846153846
2020-06-17,TzM,MOD16,PET,7.6395700636942685
2020-06-25,Oran,MOD16,ET,0.22884615384615384
2020-06-25,TzM,MOD16,ET,0.5366242038216561
2020-06-25,Oran,MOD16,PET,8.39375
2020-06-25,TzM,MOD16,PET,8.082722929936306
2020-07-03,Oran,MOD16,ET,0.41394230769230766
2020-07-03,TzM,MOD16,ET,0.6671974522292995
2020-07-03,Oran,MOD16,PET,7.365865384615384
2020-07-03,TzM,MOD16,PET,7.188216560509554
2020-07-11,Oran,MOD16,ET,0.5225961538461538
2020-07-11,TzM,MOD16,ET,0.7569267515923568
2020-07-11,Oran,MOD16,PET,6.509134615384617
2020-07-11,TzM,MOD16,PET,6.503901273885351
2020-07-19,Oran,MOD16,ET,0.3514423076923077
2020-07-19,TzM,MOD16,ET,0.594108280254777
2020-07-19,Oran,MOD16,PET,7.732692307692308
2020-07-19,TzM,MOD16,PET,7.4718949044585985
2020-07-27,Oran,MOD16,ET,0.20288461538461539
2020-07-27,TzM,MOD16,ET,0.43176751592356705
2020-07-27,Oran,MOD16,PET,8.2875
2020-07-27,TzM,MOD16,PET,7.878503184713374
2020-08-04,Oran,MOD16,ET,0.29519230769230775
2020-08-04,TzM,MOD16,ET,0.493232484076433
2020-08-04,Oran,MOD16,PET,7.172115384615385
2020-08-04,TzM,MOD16,PET,6.914808917197452
2020-08-12,Oran,MOD16,ET,0.19615384615384615
2020-08-12,TzM,MOD16,ET,0.46926751592356686
2020-08-12,Oran,MOD16,PET,7.7264423076923086
2020-08-12,TzM,MOD16,PET,7.381926751592356
2020-08-20,Oran,MOD16,ET,0.3153846153846154
2020-08-20,TzM,MOD16,ET,0.4004777070063694
2020-08-20,Oran,MOD16,PET,7.318749999999999
2020-08-20,TzM,MOD16,PET,7.105971337579618
2020-08-28,Oran,MOD16,ET,0.33990384615384617
2020-08-28,TzM,MOD16,ET,0.5034235668789809
2020-08-28,Oran,MOD16,PET,6.418269230769231
2020-08-28,TzM,MOD16,PET,6.121337579617834
2020-09-05,Oran,MOD16,ET,0.5072115384615384
2020-09-05,TzM,MOD16,ET,0.6226910828025479
2020-09-05,Oran,MOD16,PET,5.853365384615385
2020-09-05,TzM,MOD16,PET,5.593630573248408
2020-09-13,Oran,MOD16,ET,0.6466346153846154
2020-09-13,TzM,MOD16,ET,0.665127388535032
2020-09-13,Oran,MOD16,PET,4.980769230769231
2020-09-13,TzM,MOD16,PET,4.646337579617835
2020-09-21,Oran,MOD16,ET,0.5072115384615384
2020-09-21,TzM,MOD16,ET,0.5773885350318472
2020-09-21,Oran,MOD16,PET,4.947596153846154
2020-09-21,TzM,MOD16,PET,4.43813694267516
2020-09-29,Oran,MOD16,ET,0.5076923076923077
2020-09-29,TzM,MOD16,ET,0.5644108280254776
2020-09-29,Oran,MOD16,PET,4.536538461538462
2020-09-29,TzM,MOD16,PET,4.055095541401275
2020-10-07,Oran,MOD16,ET,0.4168269230769231
2020-10-07,TzM,MOD16,ET,0.4777070063694268
2020-10-07,Oran,MOD16,PET,4.700480769230769
2020-10-07,TzM,MOD16,PET,4.290047770700637
2020-10-15,Oran,MOD16,ET,0.5201923076923077
2020-10-15,TzM,MOD16,ET,0.5409235668789809
2020-10-15,Oran,MOD16,PET,3.6639423076923077
2020-10-15,TzM,MOD16,PET,3.361703821656051
2020-10-23,Oran,MOD16,ET,0.6360576923076924
2020-10-23,TzM,MOD16,ET,0.6719745222929937
2020-10-23,Oran,MOD16,PET,3.207211538461539
2020-10-23,TzM,MOD16,PET,2.8602707006369426
2020-10-31,Oran,MOD16,ET,0.5908653846153846
2020-10-31,TzM,MOD16,ET,0.6015127388535032
2020-10-31,Oran,MOD16,PET,2.8543269230769233
2020-10-31,TzM,MOD16,PET,2.5477707006369426
2020-11-08,Oran,MOD16,ET,0.8302884615384616
2020-11-08,TzM,MOD16,ET,0.8992834394904459
2020-11-08,Oran,MOD16,PET,2.5581730769230773
2020-11-08,TzM,MOD16,PET,2.1826433121019106
2020-11-16,Oran,MOD16,ET,0.7725961538461539
2020-11-16,TzM,MOD16,ET,0.7644108280254778
2020-11-16,Oran,MOD16,PET,2.9096153846153854
2020-11-16,TzM,MOD16,PET,2.5163216560509554
2020-11-24,Oran,MOD16,ET,0.785096153846154
2020-11-24,TzM,MOD16,ET,0.6909235668789809
2020-11-24,Oran,MOD16,PET,1.8129807692307693
2020-11-24,TzM,MOD16,PET,1.5568471337579621
2020-12-02,Oran,MOD16,ET,0.764423076923077
2020-12-02,TzM,MOD16,ET,0.7144108280254778
2020-12-02,Oran,MOD16,PET,1.6966346153846155
2020-12-02,TzM,MOD16,PET,1.4019108280254775
2020-12-10,Oran,MOD16,ET,0.8942307692307694
2020-12-10,TzM,MOD16,ET,0.8836783439490445
2020-12-10,Oran,MOD16,PET,1.7610576923076924
2020-12-10,TzM,MOD16,PET,1.506767515923567
2020-12-18,Oran,MOD16,ET,0.7985576923076924
2020-12-18,TzM,MOD16,ET,0.7727707006369426
2020-12-18,Oran,MOD16,PET,1.6375000000000002
2020-12-18,TzM,MOD16,PET,1.383359872611465
2020-12-26,Oran,MOD16,ET,0.551923076923077
2020-12-26,TzM,MOD16,ET,0.5132165605095541
2020-12-26,Oran,MOD16,PET,1.1894230769230771
2020-12-26,TzM,MOD16,PET,0.9882165605095543
2021-01-01,Oran,MOD16,ET,0.6283653846153846
2021-01-01,TzM,MOD16,ET,0.6529458598726113
2021-01-01,Oran,MOD16,PET,1.2461538461538462
2021-01-01,TzM,MOD16,PET,1.1563694267515923
2021-01-09,Oran,MOD16,ET,0.7067307692307693
2021-01-09,TzM,MOD16,ET,0.38025477707006367
2021-01-09,Oran,MOD16,PET,0.7673076923076924
2021-01-09,TzM,MOD16,PET,0.3912420382165605
2021-01-17,Oran,MOD16,ET,1.0024038461538463
2021-01-17,TzM,MOD16,ET,0.7730891719745223
2021-01-17,Oran,MOD16,PET,1.6125
2021-01-17,TzM,MOD16,PET,1.0586783439490446
2021-01-25,Oran,MOD16,ET,0.9168269230769233
2021-01-25,TzM,MOD16,ET,0.9053343949044586
2021-01-25,Oran,MOD16,PET,1.8644230769230772
2021-01-25,TzM,MOD16,PET,1.428423566878981
2021-02-02,Oran,MOD16,ET,0.8278846153846153
2021-02-02,TzM,MOD16,ET,0.875
2021-02-02,Oran,MOD16,PET,2.00048076923077
2021-02-02,TzM,MOD16,PET,1.671576433121019
2021-02-10,Oran,MOD16,ET,0.8153846153846154
2021-02-10,TzM,MOD16,ET,0.8019108280254778
2021-02-10,Oran,MOD16,PET,2.7850961538461543
2021-02-10,TzM,MOD16,PET,2.385987261146497
2021-02-18,Oran,MOD16,ET,0.7298076923076924
2021-02-18,TzM,MOD16,ET,0.7586783439490447
2021-02-18,Oran,MOD16,PET,2.462019230769231
2021-02-18,TzM,MOD16,PET,2.188216560509554
2021-02-26,Oran,MOD16,ET,1.0024038461538463
2021-02-26,TzM,MOD16,ET,1.0212579617834396
2021-02-26,Oran,MOD16,PET,2.4293269230769234
2021-02-26,TzM,MOD16,PET,2.32125796178344
2021-03-06,Oran,MOD16,ET,0.9740384615384615
2021-03-06,TzM,MOD16,ET,0.8753980891719746
2021-03-06,Oran,MOD16,PET,3.045673076923077
2021-03-06,TzM,MOD16,PET,2.8920382165605103
2021-03-14,Oran,MOD16,ET,0.6673076923076923
2021-03-14,TzM,MOD16,ET,0.5303343949044587
2021-03-14,Oran,MOD16,PET,3.2139423076923075
2021-03-14,TzM,MOD16,PET,3.1473726114649687
2021-03-22,Oran,MOD16,ET,0.9634615384615386
2021-03-22,TzM,MOD16,ET,0.6004777070063695
2021-03-22,Oran,MOD16,PET,4.180288461538463
2021-03-22,TzM,MOD16,PET,4.0136146496815295
2021-03-30,Oran,MOD16,ET,1.2639423076923082
2021-03-30,TzM,MOD16,ET,0.7210191082802548
2021-03-30,Oran,MOD16,PET,4.427884615384616
2021-03-30,TzM,MOD16,PET,4.285509554140126
2021-04-07,Oran,MOD16,ET,1.4995192307692307
2021-04-07,TzM,MOD16,ET,1.0894108280254777
2021-04-07,Oran,MOD16,PET,3.8538461538461544
2021-04-07,TzM,MOD16,PET,3.5488853503184714
2021-04-15,Oran,MOD16,ET,1.8778846153846154
2021-04-15,TzM,MOD16,ET,0.9644108280254777
2021-04-15,Oran,MOD16,PET,3.8475961538461543
2021-04-15,TzM,MOD16,PET,3.826194267515924
2021-04-23,Oran,MOD16,ET,2.1591346153846156
2021-04-23,TzM,MOD16,ET,1.4947452229299363
2021-04-23,Oran,MOD16,PET,4.240865384615385
2021-04-23,TzM,MOD16,PET,3.7924363057324832
2021-05-01,Oran,MOD16,ET,2.728365384615385
2021-05-01,TzM,MOD16,ET,1.0696656050955413
2021-05-01,Oran,MOD16,PET,5.857211538461541
2021-05-01,TzM,MOD16,PET,5.715207006369428
2021-05-09,Oran,MOD16,ET,1.5990384615384616
2021-05-09,TzM,MOD16,ET,0.9148089171974523
2021-05-09,Oran,MOD16,PET,6.021634615384617
2021-05-09,TzM,MOD16,PET,5.579219745222931
2021-05-17,Oran,MOD16,ET,2.0009615384615382
2021-05-17,TzM,MOD16,ET,0.8613853503184714
2021-05-17,Oran,MOD16,PET,5.8663461538461545
2021-05-17,TzM,MOD16,PET,5.756449044585988
2021-05-25,Oran,MOD16,ET,1.620673076923077
2021-05-25,TzM,MOD16,ET,0.9095541401273887
2021-05-25,Oran,MOD16,PET,5.588461538461538
2021-05-25,TzM,MOD16,PET,5.5908439490445865
2021-06-02,Oran,MOD16,ET,0.9870192307692309
2021-06-02,TzM,MOD16,ET,0.7561305732484077
2021-06-02,Oran,MOD16,PET,6.670192307692308
2021-06-02,TzM,MOD16,PET,6.243949044585986
2021-06-10,Oran,MOD16,ET,0.6754807692307693
2021-06-10,TzM,MOD16,ET,0.7067675159235669
2021-06-10,Oran,MOD16,PET,7.140865384615386
2021-06-10,TzM,MOD16,PET,6.592515923566879
2021-06-18,Oran,MOD16,ET,0.7677884615384616
2021-06-18,TzM,MOD16,ET,0.9148885350318472
2021-06-18,Oran,MOD16,PET,6.654807692307692
2021-06-18,TzM,MOD16,PET,6.2071656050955415
2021-06-26,Oran,MOD16,ET,0.34807692307692306
2021-06-26,TzM,MOD16,ET,0.5980891719745224
2021-06-26,Oran,MOD16,PET,8.251923076923077
2021-06-26,TzM,MOD16,PET,7.920143312101911
2021-07-04,Oran,MOD16,ET,0.3490384615384616
2021-07-04,TzM,MOD16,ET,0.5875
2021-07-04,Oran,MOD16,PET,7.966826923076922
2021-07-04,TzM,MOD16,PET,7.647372611464968
2021-07-12,Oran,MOD16,ET,0.3379807692307692
2021-07-12,TzM,MOD16,ET,0.569108280254777
2021-07-12,Oran,MOD16,PET,7.992788461538462
2021-07-12,TzM,MOD16,PET,7.6813694267515915
2021-07-20,Oran,MOD16,ET,0.251923076923077
2021-07-20,TzM,MOD16,ET,0.5421974522292994
2021-07-20,Oran,MOD16,PET,7.9394230769230765
2021-07-20,TzM,MOD16,PET,7.559792993630573
2021-07-28,Oran,MOD16,ET,0.32932692307692313
2021-07-28,TzM,MOD16,ET,0.6545382165605096
2021-07-28,Oran,MOD16,PET,7.279807692307692
2021-07-28,TzM,MOD16,PET,7.028662420382166
2021-08-05,Oran,MOD16,ET,0.2725961538461539
2021-08-05,TzM,MOD16,ET,0.5533439490445861
2021-08-05,Oran,MOD16,PET,7.3524038461538455
2021-08-05,TzM,MOD16,PET,6.88925159235669
2021-08-13,Oran,MOD16,ET,0.30528846153846156
2021-08-13,TzM,MOD16,ET,0.455891719745223
2021-08-13,Oran,MOD16,PET,7.427403846153847
2021-08-13,TzM,MOD16,PET,7.093550955414013
2021-08-21,Oran,MOD16,ET,0.40240384615384617
2021-08-21,TzM,MOD16,ET,0.7725318471337579
2021-08-21,Oran,MOD16,PET,6.398557692307693
2021-08-21,TzM,MOD16,PET,5.977866242038217
2021-08-29,Oran,MOD16,ET,0.6067307692307693
2021-08-29,TzM,MOD16,ET,1.05
2021-08-29,Oran,MOD16,PET,6.179326923076924
2021-08-29,TzM,MOD16,PET,5.65
2021-09-06,Oran,MOD16,ET,0.5557692307692308
2021-09-06,TzM,MOD16,ET,0.6773885350318471
2021-09-06,Oran,MOD16,PET,5.941826923076924
2021-09-06,TzM,MOD16,PET,5.377149681528663
2021-09-14,Oran,MOD16,ET,0.7153846153846155
2021-09-14,TzM,MOD16,ET,0.9519108280254778
2021-09-14,Oran,MOD16,PET,4.965865384615385
2021-09-14,TzM,MOD16,PET,4.485589171974523
2021-09-22,Oran,MOD16,ET,0.914423076923077
2021-09-22,TzM,MOD16,ET,0.9772292993630574
2021-09-22,Oran,MOD16,PET,4.277403846153846
2021-09-22,TzM,MOD16,PET,3.822133757961784
2021-09-30,Oran,MOD16,ET,0.6802884615384616
2021-09-30,TzM,MOD16,ET,0.7124999999999999
2021-09-30,Oran,MOD16,PET,4.3432692307692315
2021-09-30,TzM,MOD16,PET,3.9364649681528663
2021-10-08,Oran,MOD16,ET,0.664423076923077
2021-10-08,TzM,MOD16,ET,0.6659235668789809
2021-10-08,Oran,MOD16,PET,3.7990384615384616
2021-10-08,TzM,MOD16,PET,3.441003184713376
2021-10-16,Oran,MOD16,ET,0.6764423076923077
2021-10-16,TzM,MOD16,ET,0.655732484076433
2021-10-16,Oran,MOD16,PET,3.3105769230769226
2021-10-16,TzM,MOD16,PET,2.909156050955415
2021-10-24,Oran,MOD16,ET,0.8649038461538462
2021-10-24,TzM,MOD16,ET,0.8769108280254777
2021-10-24,Oran,MOD16,PET,2.9182692307692313
2021-10-24,TzM,MOD16,PET,2.8470541401273883
2021-11-01,Oran,MOD16,ET,0.5798076923076924
2021-11-01,TzM,MOD16,ET,0.5208598726114649
2021-11-01,Oran,MOD16,PET,2.2144230769230773
2021-11-01,TzM,MOD16,PET,1.9973726114649684
2021-11-09,Oran,MOD16,ET,0.5673076923076924
2021-11-09,TzM,MOD16,ET,0.4625
2021-11-09,Oran,MOD16,PET,2.4716346153846156
2021-11-09,TzM,MOD16,PET,2.1913216560509556
2021-11-17,Oran,MOD16,ET,0.795673076923077
2021-11-17,TzM,MOD16,ET,0.7753184713375796
2021-11-17,Oran,MOD16,PET,1.3605769230769231
2021-11-17,TzM,MOD16,PET,1.239729299363057
2021-11-25,Oran,MOD16,ET,0.8346153846153848
2021-11-25,TzM,MOD16,ET,0.8
2021-11-25,Oran,MOD16,PET,1.5947115384615387
2021-11-25,TzM,MOD16,PET,1.435589171974522
2021-12-03,Oran,MOD16,ET,0.7293269230769232
2021-12-03,TzM,MOD16,ET,0.7851910828025477
2021-12-03,Oran,MOD16,PET,1.4067307692307691
2021-12-03,TzM,MOD16,PET,1.1996019108280256
2021-12-11,Oran,MOD16,ET,0.6336538461538461
2021-12-11,TzM,MOD16,ET,0.6336783439490447
2021-12-11,Oran,MOD16,PET,1.38125
2021-12-11,TzM,MOD16,PET,1.3586783439490446
2021-12-19,Oran,MOD16,ET,0.7884615384615385
2021-12-19,TzM,MOD16,ET,0.8082802547770701
2021-12-19,Oran,MOD16,PET,1.2682692307692305
2021-12-19,TzM,MOD16,PET,1.0601910828025478
2021-12-27,Oran,MOD16,ET,0.29278846153846155
2021-12-27,TzM,MOD16,ET,0.35111464968152867
2021-12-27,Oran,MOD16,PET,1.5836538461538463
2021-12-27,TzM,MOD16,PET,1.6335987261146496
2022-01-01,Oran,MOD16,ET,0.5250000000000001
2022-01-01,TzM,MOD16,ET,0.5890127388535032
2022-01-01,Oran,MOD16,PET,2.2461538461538466
2022-01-01,TzM,MOD16,PET,2.186703821656051
2022-01-09,Oran,MOD16,ET,0.6826923076923077
2022-01-09,TzM,MOD16,ET,0.7234872611464969
2022-01-09,Oran,MOD16,PET,1.6052884615384617
2022-01-09,TzM,MOD16,PET,1.5825636942675163
2022-01-17,Oran,MOD16,ET,0.6850961538461539
2022-01-17,TzM,MOD16,ET,0.6644108280254777
2022-01-17,Oran,MOD16,PET,2.0927884615384618
2022-01-17,TzM,MOD16,PET,2.0947452229299364
2022-01-25,Oran,MOD16,ET,0.45625000000000004
2022-01-25,TzM,MOD16,ET,0.42651273885350327
2022-01-25,Oran,MOD16,PET,2.928365384615385
2022-01-25,TzM,MOD16,PET,2.9367834394904464
2022-02-02,Oran,MOD16,ET,0.65625
2022-02-02,TzM,MOD16,ET,0.6480891719745223
2022-02-02,Oran,MOD16,PET,2.445192307692307
2022-02-02,TzM,MOD16,PET,2.3870222929936307
2022-02-10,Oran,MOD16,ET,0.6576923076923077
2022-02-10,TzM,MOD16,ET,0.7053343949044586
2022-02-10,Oran,MOD16,PET,2.7298076923076926
2022-02-10,TzM,MOD16,PET,2.5925159235668787
2022-02-18,Oran,MOD16,ET,0.5168269230769231
2022-02-18,TzM,MOD16,ET,0.5519108280254778
2022-02-18,Oran,MOD16,PET,3.2423076923076923
2022-02-18,TzM,MOD16,PET,3.0216560509554147
2022-02-26,Oran,MOD16,ET,0.9548076923076924
2022-02-26,TzM,MOD16,ET,0.9980891719745224
2022-02-26,Oran,MOD16,PET,2.8134615384615382
2022-02-26,TzM,MOD16,PET,2.78328025477707
2022-03-06,Oran,MOD16,ET,0.9860576923076924
2022-03-06,TzM,MOD16,ET,1.0056528662420383
2022-03-06,Oran,MOD16,PET,2.612019230769231
2022-03-06,TzM,MOD16,PET,2.446178343949045
2022-03-14,Oran,MOD16,ET,1.2865384615384616
2022-03-14,TzM,MOD16,ET,1.2980891719745227
2022-03-14,Oran,MOD16,PET,1.9302884615384615
2022-03-14,TzM,MOD16,PET,1.7765127388535031
2022-03-22,Oran,MOD16,ET,1.3841346153846157
2022-03-22,TzM,MOD16,ET,1.2969745222929938
2022-03-22,Oran,MOD16,PET,2.0634615384615382
2022-03-22,TzM,MOD16,PET,1.7738853503184715
2022-03-30,Oran,MOD16,ET,0.9451923076923077
2022-03-30,TzM,MOD16,ET,0.8575636942675159
2022-03-30,Oran,MOD16,PET,3.008173076923077
2022-03-30,TzM,MOD16,PET,2.8336783439490447
2022-04-07,Oran,MOD16,ET,1.257692307692308
2022-04-07,TzM,MOD16,ET,1.091640127388535
2022-04-07,Oran,MOD16,PET,4.210576923076923
2022-04-07,TzM,MOD16,PET,3.6548566878980893
2022-04-15,Oran,MOD16,ET,1.291346153846154
2022-04-15,TzM,MOD16,ET,0.9341560509554141
2022-04-15,Oran,MOD16,PET,4.655769230769231
2022-04-15,TzM,MOD16,PET,4.389808917197452
2022-04-23,Oran,MOD16,ET,1.5384615384615388
2022-04-23,TzM,MOD16,ET,1.085668789808917
2022-04-23,Oran,MOD16,PET,4.165384615384616
2022-04-23,TzM,MOD16,PET,3.9644904458598726
2022-05-01,Oran,MOD16,ET,1.916826923076923
2022-05-01,TzM,MOD16,ET,1.0621019108280254
2022-05-01,Oran,MOD16,PET,5.23125
2022-05-01,TzM,MOD16,PET,4.81218152866242
2022-05-09,Oran,MOD16,ET,2.919711538461538
2022-05-09,TzM,MOD16,ET,0.9976910828025478
2022-05-09,Oran,MOD16,PET,6.547596153846154
2022-05-09,TzM,MOD16,PET,6.17468152866242
2022-05-17,Oran,MOD16,ET,1.9701923076923078
2022-05-17,TzM,MOD16,ET,0.9961783439490447
2022-05-17,Oran,MOD16,PET,6.741826923076923
2022-05-17,TzM,MOD16,PET,6.602070063694268
2022-05-25,Oran,MOD16,ET,1.7355769230769231
2022-05-25,TzM,MOD16,ET,0.9057324840764333
2022-05-25,Oran,MOD16,PET,7.208173076923078
2022-05-25,TzM,MOD16,PET,7.156528662420382
2022-06-02,Oran,MOD16,ET,0.764423076923077
2022-06-02,TzM,MOD16,ET,0.6023885350318472
2022-06-02,Oran,MOD16,PET,7.333653846153846
2022-06-02,TzM,MOD16,PET,7.471178343949045
2022-06-10,Oran,MOD16,ET,0.31682692307692306
2022-06-10,TzM,MOD16,ET,0.44785031847133755
2022-06-10,Oran,MOD16,PET,8.035096153846153
2022-06-10,TzM,MOD16,PET,8.008280254777072
2022-06-18,Oran,MOD16,ET,0.24807692307692308
2022-06-18,TzM,MOD16,ET,0.434156050955414
2022-06-18,Oran,MOD16,PET,7.858653846153846
2022-06-18,TzM,MOD16,PET,7.906847133757963
2022-06-26,Oran,MOD16,ET,0.43605769230769237
2022-06-26,TzM,MOD16,ET,0.6660031847133758
2022-06-26,Oran,MOD16,PET,7.298557692307693
2022-06-26,TzM,MOD16,PET,7.33375796178344
2022-07-04,Oran,MOD16,ET,0.3230769230769231
2022-07-04,TzM,MOD16,ET,0.6317675159235671
2022-07-04,Oran,MOD16,PET,7.554326923076923
2022-07-04,TzM,MOD16,PET,7.391003184713376
2022-07-12,Oran,MOD16,ET,0.14807692307692305
2022-07-12,TzM,MOD16,ET,0.3138535031847134
2022-07-12,Oran,MOD16,PET,8.322115384615385
2022-07-12,TzM,MOD16,PET,8.27906050955414
2022-07-20,Oran,MOD16,ET,0.125
2022-07-20,TzM,MOD16,ET,0.4093152866242039
2022-07-20,Oran,MOD16,PET,8.011057692307693
2022-07-20,TzM,MOD16,PET,7.821337579617834
2022-07-28,Oran,MOD16,ET,0.3153846153846154
2022-07-28,TzM,MOD16,ET,0.6238057324840766
2022-07-28,Oran,MOD16,PET,6.955769230769231
2022-07-28,TzM,MOD16,PET,6.893789808917197
2022-08-05,Oran,MOD16,ET,0.27596153846153854
2022-08-05,TzM,MOD16,ET,0.7445063694267516
2022-08-05,Oran,MOD16,PET,7.317788461538462
2022-08-05,TzM,MOD16,PET,7.124044585987261
2022-08-13,Oran,MOD16,ET,0.21923076923076923
2022-08-13,TzM,MOD16,ET,0.4035031847133758
2022-08-13,Oran,MOD16,PET,7.44423076923077
2022-08-13,TzM,MOD16,PET,7.351512738853504
2022-08-21,Oran,MOD16,ET,0.4524038461538461
2022-08-21,TzM,MOD16,ET,0.8578025477707008
2022-08-21,Oran,MOD16,PET,6.360576923076923
2022-08-21,TzM,MOD16,PET,6.03343949044586
2022-08-29,Oran,MOD16,ET,0.20096153846153852
2022-08-29,TzM,MOD16,ET,0.6980891719745222
2022-08-29,Oran,MOD16,PET,7.165384615384617
2022-08-29,TzM,MOD16,PET,6.678423566878982
2022-09-06,Oran,MOD16,ET,0.44278846153846163
2022-09-06,TzM,MOD16,ET,0.7291401273885351
2022-09-06,Oran,MOD16,PET,5.761057692307694
2022-09-06,TzM,MOD16,PET,5.409554140127389
2022-09-14,Oran,MOD16,ET,1.1139423076923076
2022-09-14,TzM,MOD16,ET,1.044267515923567
2022-09-14,Oran,MOD16,PET,4.463942307692308
2022-09-14,TzM,MOD16,PET,4.255732484076433
2022-09-22,Oran,MOD16,ET,0.6028846153846155
2022-09-22,TzM,MOD16,ET,0.8256369426751592
2022-09-22,Oran,MOD16,PET,4.459134615384616
2022-09-22,TzM,MOD16,PET,3.979777070063694
2022-09-30,Oran,MOD16,ET,0.6057692307692307
2022-09-30,TzM,MOD16,ET,0.6189490445859873
2022-09-30,Oran,MOD16,PET,4.336538461538463
2022-09-30,TzM,MOD16,PET,4.085668789808917
2022-10-08,Oran,MOD16,ET,0.6581730769230769
2022-10-08,TzM,MOD16,ET,0.7338375796178345
2022-10-08,Oran,MOD16,PET,4.117307692307693
2022-10-08,TzM,MOD16,PET,3.5372611464968156
2022-10-16,Oran,MOD16,ET,0.7312500000000001
2022-10-16,TzM,MOD16,ET,0.7951433121019109
2022-10-16,Oran,MOD16,PET,3.3495192307692307
2022-10-16,TzM,MOD16,PET,2.8151273885350316
2022-10-24,Oran,MOD16,ET,0.5274038461538462
2022-10-24,TzM,MOD16,ET,0.5701433121019107
2022-10-24,Oran,MOD16,PET,3.192788461538462
2022-10-24,TzM,MOD16,PET,2.8108280254777065
2022-11-01,Oran,MOD16,ET,0.5399038461538462
2022-11-01,TzM,MOD16,ET,0.5394108280254776
2022-11-01,Oran,MOD16,PET,3.2822115384615382
2022-11-01,TzM,MOD16,PET,2.999363057324841
2022-11-09,Oran,MOD16,ET,0.6625000000000001
2022-11-09,TzM,MOD16,ET,0.7008757961783441
2022-11-09,Oran,MOD16,PET,1.6225961538461537
2022-11-09,TzM,MOD16,PET,1.438375796178344
2022-11-17,Oran,MOD16,ET,0.84375
2022-11-17,TzM,MOD16,ET,0.8273089171974523
2022-11-17,Oran,MOD16,PET,1.6269230769230771
2022-11-17,TzM,MOD16,PET,1.3594745222929938
2022-11-25,Oran,MOD16,ET,0.6028846153846154
2022-11-25,TzM,MOD16,ET,0.635987261146497
2022-11-25,Oran,MOD16,PET,2.13173076923077
2022-11-25,TzM,MOD16,PET,2.109872611464968
2022-12-03,Oran,MOD16,ET,0.7697115384615385
2022-12-03,TzM,MOD16,ET,0.7431528662420381
2022-12-03,Oran,MOD16,PET,1.0923076923076924
2022-12-03,TzM,MOD16,PET,0.940127388535032
2022-12-11,Oran,MOD16,ET,0.8663461538461539
2022-12-11,TzM,MOD16,ET,0.8647292993630574
2022-12-11,Oran,MOD16,PET,1.2067307692307692
2022-12-11,TzM,MOD16,PET,1.0472929936305733
2022-12-19,Oran,MOD16,ET,0.635096153846154
2022-12-19,TzM,MOD16,ET,0.8549363057324841
2022-12-19,Oran,MOD16,PET,2.083173076923077
2022-12-19,TzM,MOD16,PET,1.9045382165605096
2022-12-27,Oran,MOD16,ET,0.35000000000000003
2022-12-27,TzM,MOD16,ET,0.44617834394904454
2022-12-27,Oran,MOD16,PET,1.620673076923077
2022-12-27,TzM,MOD16,PET,1.5366242038216562
2023-01-01,Oran,MOD16,ET,0.6870192307692308
2023-01-01,TzM,MOD16,ET,0.7968949044585987
2023-01-01,Oran,MOD16,PET,1.8370192307692308
2023-01-01,TzM,MOD16,PET,2.0282643312101913
2023-01-09,Oran,MOD16,ET,0.6668269230769232
2023-01-09,TzM,MOD16,ET,0.7375
2023-01-09,Oran,MOD16,PET,1.4658653846153846
2023-01-09,TzM,MOD16,PET,1.378423566878981
2023-01-17,Oran,MOD16,ET,0.6432692307692308
2023-01-17,TzM,MOD16,ET,0.6916401273885351
2023-01-17,Oran,MOD16,PET,1.8283653846153847
2023-01-17,TzM,MOD16,PET,1.8988057324840764
2023-01-25,Oran,MOD16,ET,0.6490384615384616
2023-01-25,TzM,MOD16,ET,0.7321656050955414
2023-01-25,Oran,MOD16,PET,1.9634615384615384
2023-01-25,TzM,MOD16,PET,2.0268312101910833
2023-02-02,Oran,MOD16,ET,0.7350961538461539
2023-02-02,TzM,MOD16,ET,0.7461783439490446
2023-02-02,Oran,MOD16,PET,2.1076923076923078
2023-02-02,TzM,MOD16,PET,2.2461783439490444
2023-02-10,Oran,MOD16,ET,0.953846153846154
2023-02-10,TzM,MOD16,ET,1.0038216560509554
2023-02-10,Oran,MOD16,PET,1.9620192307692308
2023-02-10,TzM,MOD16,PET,2.0723726114649685
2023-02-18,Oran,MOD16,ET,0.6711538461538462
2023-02-18,TzM,MOD16,ET,0.7688694267515924
2023-02-18,Oran,MOD16,PET,2.3341346153846154
2023-02-18,TzM,MOD16,PET,2.426751592356688
2023-02-26,Oran,MOD16,ET,0.6153846153846155
2023-02-26,TzM,MOD16,ET,0.6761146496815287
2023-02-26,Oran,MOD16,PET,3.0653846153846156
2023-02-26,TzM,MOD16,PET,2.9738057324840765
2023-03-06,Oran,MOD16,ET,0.8264423076923078
2023-03-06,TzM,MOD16,ET,0.8984872611464967
2023-03-06,Oran,MOD16,PET,3.6855769230769235
2023-03-06,TzM,MOD16,PET,3.5276273885350315
2023-03-14,Oran,MOD16,ET,0.6028846153846154
2023-03-14,TzM,MOD16,ET,0.44434713375796187
2023-03-14,Oran,MOD16,PET,4.590865384615385
2023-03-14,TzM,MOD16,PET,4.484474522292993
2023-03-22,Oran,MOD16,ET,0.5615384615384615
2023-03-22,TzM,MOD16,ET,0.36250000000000004
2023-03-22,Oran,MOD16,PET,5.096634615384616
2023-03-22,TzM,MOD16,PET,4.863216560509556
2023-03-30,Oran,MOD16,ET,0.5139423076923078
2023-03-30,TzM,MOD16,ET,0.39474522292993625
2023-03-30,Oran,MOD16,PET,5.034134615384616
2023-03-30,TzM,MOD16,PET,4.965525477707007
2023-04-07,Oran,MOD16,ET,0.510576923076923
2023-04-07,TzM,MOD16,ET,0.4726114649681528
2023-04-07,Oran,MOD16,PET,6.098557692307693
2023-04-07,TzM,MOD16,PET,5.805015923566879
2023-04-15,Oran,MOD16,ET,0.5269230769230769
2023-04-15,TzM,MOD16,ET,0.5292197452229299
2023-04-15,Oran,MOD16,PET,5.911057692307693
2023-04-15,TzM,MOD16,PET,5.690207006369427
2023-04-23,Oran,MOD16,ET,0.5057692307692307
2023-04-23,TzM,MOD16,ET,0.5485668789808916
2023-04-23,Oran,MOD16,PET,6.651442307692307
2023-04-23,TzM,MOD16,PET,6.187898089171975
2023-05-01,Oran,MOD16,ET,0.4658653846153846
2023-05-01,TzM,MOD16,ET,0.6843949044585986
2023-05-01,Oran,MOD16,PET,7.052884615384617
2023-05-01,TzM,MOD16,PET,6.697133757961784
2023-05-09,Oran,MOD16,ET,0.47644230769230766
2023-05-09,TzM,MOD16,ET,0.5621019108280254
2023-05-09,Oran,MOD16,PET,6.411538461538462
2023-05-09,TzM,MOD16,PET,6.019028662420382
2023-05-17,Oran,MOD16,ET,0.9394230769230769
2023-05-17,TzM,MOD16,ET,0.913375796178344
2023-05-17,Oran,MOD16,PET,4.6625000000000005
2023-05-17,TzM,MOD16,PET,4.659076433121019
2023-05-25,Oran,MOD16,ET,1.0980769230769232
2023-05-25,TzM,MOD16,ET,1.1063694267515922
2023-05-25,Oran,MOD16,PET,4.602884615384616
2023-05-25,TzM,MOD16,PET,4.317993630573248
2023-06-02,Oran,MOD16,ET,1.2831730769230771
2023-06-02,TzM,MOD16,ET,1.267436305732484
2023-06-02,Oran,MOD16,PET,5.048557692307693
2023-06-02,TzM,MOD16,PET,4.670859872611465
2023-06-10,Oran,MOD16,ET,0.6884615384615385
2023-06-10,TzM,MOD16,ET,0.8855095541401274
2023-06-10,Oran,MOD16,PET,7.638461538461539
2023-06-10,TzM,MOD16,PET,6.922611464968154
2023-06-18,Oran,MOD16,ET,0.9923076923076923
2023-06-18,TzM,MOD16,ET,1.289251592356688
2023-06-18,Oran,MOD16,PET,6.75673076923077
2023-06-18,TzM,MOD16,PET,6.463773885350318
2023-06-26,Oran,MOD16,ET,0.8173076923076924
2023-06-26,TzM,MOD16,ET,0.9824044585987262
2023-06-26,Oran,MOD16,PET,7.765865384615385
2023-06-26,TzM,MOD16,PET,7.5228503184713365
2023-07-04,Oran,MOD16,ET,0.5764423076923076
2023-07-04,TzM,MOD16,ET,0.6938694267515925
2023-07-04,Oran,MOD16,PET,8.099038461538461
2023-07-04,TzM,MOD16,PET,7.902388535031848
2023-07-12,Oran,MOD16,ET,0.3629807692307693
2023-07-12,TzM,MOD16,ET,0.4180732484076433
2023-07-12,Oran,MOD16,PET,8.478365384615385
2023-07-12,TzM,MOD16,PET,8.273726114649682
2023-07-20,Oran,MOD16,ET,0.43365384615384617
2023-07-20,TzM,MOD16,ET,0.4511146496815286
2023-07-20,Oran,MOD16,PET,7.918269230769233
2023-07-20,TzM,MOD16,PET,7.848487261146499
2023-07-28,Oran,MOD16,ET,0.28365384615384615
2023-07-28,TzM,MOD16,ET,0.5463375796178344
2023-07-28,Oran,MOD16,PET,8.558653846153847
2023-07-28,TzM,MOD16,PET,8.041162420382165
2023-08-05,Oran,MOD16,ET,0.320673076923077
2023-08-05,TzM,MOD16,ET,0.4613057324840766
2023-08-05,Oran,MOD16,PET,7.644711538461539
2023-08-05,TzM,MOD16,PET,7.42547770700637
2023-08-13,Oran,MOD16,ET,0.2745192307692308
2023-08-13,TzM,MOD16,ET,0.590923566878981
2023-08-13,Oran,MOD16,PET,7.876442307692308
2023-08-13,TzM,MOD16,PET,7.348168789808918
2023-08-21,Oran,MOD16,ET,0.2317307692307692
2023-08-21,TzM,MOD16,ET,0.22906050955414015
2023-08-21,Oran,MOD16,PET,7.789423076923078
2023-08-21,TzM,MOD16,PET,7.60437898089172
2023-08-29,Oran,MOD16,ET,0.8163461538461538
2023-08-29,TzM,MOD16,ET,0.8200636942675159
2023-08-29,Oran,MOD16,PET,5.375480769230769
2023-08-29,TzM,MOD16,PET,5.218312101910829
2023-09-06,Oran,MOD16,ET,0.6764423076923077
2023-09-06,TzM,MOD16,ET,0.686783439490446
2023-09-06,Oran,MOD16,PET,5.341826923076923
2023-09-06,TzM,MOD16,PET,5.191958598726115
2023-09-14,Oran,MOD16,ET,0.7932692307692308
2023-09-14,TzM,MOD16,ET,0.8246019108280255
2023-09-14,Oran,MOD16,PET,4.304326923076924
2023-09-14,TzM,MOD16,PET,3.8792197452229304
2023-09-22,Oran,MOD16,ET,0.45
2023-09-22,TzM,MOD16,ET,0.7493630573248409
2023-09-22,Oran,MOD16,PET,5.263461538461538
2023-09-22,TzM,MOD16,PET,4.781369426751592
2023-09-30,Oran,MOD16,ET,0.31730769230769235
2023-09-30,TzM,MOD16,ET,0.5603503184713376
2023-09-30,Oran,MOD16,PET,5.783653846153847
2023-09-30,TzM,MOD16,PET,5.248407643312102
2023-10-08,Oran,MOD16,ET,0.4730769230769231
2023-10-08,TzM,MOD16,ET,0.6280254777070065
2023-10-08,Oran,MOD16,PET,4.742788461538462
2023-10-08,TzM,MOD16,PET,4.3398885350318475
2023-10-16,Oran,MOD16,ET,0.7937500000000001
2023-10-16,TzM,MOD16,ET,0.9038216560509555
2023-10-16,Oran,MOD16,PET,3.264903846153846
2023-10-16,TzM,MOD16,PET,2.884394904458599
2023-10-24,Oran,MOD16,ET,0.7552884615384616
2023-10-24,TzM,MOD16,ET,0.8788216560509554
2023-10-24,Oran,MOD16,PET,2.8038461538461537
2023-10-24,TzM,MOD16,PET,2.492515923566879
2023-11-01,Oran,MOD16,ET,0.8206730769230769
2023-11-01,TzM,MOD16,ET,0.8799363057324842
2023-11-01,Oran,MOD16,PET,2.282692307692308
2023-11-01,TzM,MOD16,PET,1.8526273885350317
2023-11-09,Oran,MOD16,ET,0.6427884615384616
2023-11-09,TzM,MOD16,ET,0.5935509554140127
2023-11-09,Oran,MOD16,PET,2.3927884615384616
2023-11-09,TzM,MOD16,PET,1.9238057324840765
2023-11-17,Oran,MOD16,ET,0.5495192307692308
2023-11-17,TzM,MOD16,ET,0.5019108280254777
2023-11-17,Oran,MOD16,PET,2.666346153846154
2023-11-17,TzM,MOD16,PET,2.3947452229299357
2023-11-25,Oran,MOD16,ET,0.7711538461538463
2023-11-25,TzM,MOD16,ET,0.7413216560509555
2023-11-25,Oran,MOD16,PET,1.788942307692308
2023-11-25,TzM,MOD16,PET,1.4591560509554142
2023-12-03,Oran,MOD16,ET,0.8120192307692307
2023-12-03,TzM,MOD16,ET,0.848407643312102
2023-12-03,Oran,MOD16,PET,1.6120192307692307
2023-12-03,TzM,MOD16,PET,1.4359076433121016
2023-12-11,Oran,MOD16,ET,0.7072115384615384
2023-12-11,TzM,MOD16,ET,0.6734872611464968
2023-12-11,Oran,MOD16,PET,2.1302884615384614
2023-12-11,TzM,MOD16,PET,1.9272292993630569
2023-12-19,Oran,MOD16,ET,0.6596153846153846
2023-12-19,TzM,MOD16,ET,0.5935509554140127
2023-12-19,Oran,MOD16,PET,2.2793269230769235
2023-12-19,TzM,MOD16,PET,2.269984076433121
2023-12-27,Oran,MOD16,ET,0.4423076923076923
2023-12-27,TzM,MOD16,ET,0.36632165605095546
2023-12-27,Oran,MOD16,PET,1.574519230769231
2023-12-27,TzM,MOD16,PET,1.3811305732484076
2024-01-01,Oran,MOD16,ET,0.7475961538461539
2024-01-01,TzM,MOD16,ET,0.7086783439490446
2024-01-01,Oran,MOD16,PET,1.4966346153846155
2024-01-01,TzM,MOD16,PET,1.2476910828025478
2024-01-09,Oran,MOD16,ET,0.7625000000000001
2024-01-09,TzM,MOD16,ET,0.7791401273885351
2024-01-09,Oran,MOD16,PET,2.006730769230769
2024-01-09,TzM,MOD16,PET,1.7332802547770703
2024-01-17,Oran,MOD16,ET,0.7975961538461539
2024-01-17,TzM,MOD16,ET,0.8298566878980891
2024-01-17,Oran,MOD16,PET,2.0153846153846153
2024-01-17,TzM,MOD16,PET,1.851035031847133
2024-01-25,Oran,MOD16,ET,0.4798076923076924
2024-01-25,TzM,MOD16,ET,0.49617834394904464
2024-01-25,Oran,MOD16,PET,3.0894230769230773
2024-01-25,TzM,MOD16,PET,3.1001592356687904
2024-02-02,Oran,MOD16,ET,0.6336538461538462
2024-02-02,TzM,MOD16,ET,0.7143312101910829
2024-02-02,Oran,MOD16,PET,2.894711538461539
2024-02-02,TzM,MOD16,PET,2.7214171974522294
2024-02-10,Oran,MOD16,ET,0.7817307692307693
2024-02-10,TzM,MOD16,ET,0.7913216560509554
2024-02-10,Oran,MOD16,PET,2.4485576923076926
2024-02-10,TzM,MOD16,PET,2.0962579617834396
2024-02-18,Oran,MOD16,ET,0.7028846153846153
2024-02-18,TzM,MOD16,ET,0.6439490445859873
2024-02-18,Oran,MOD16,PET,3.192788461538462
2024-02-18,TzM,MOD16,PET,2.8000000000000003
2024-02-26,Oran,MOD16,ET,0.7610576923076924
2024-02-26,TzM,MOD16,ET,0.8113853503184715
2024-02-26,Oran,MOD16,PET,2.703365384615385
2024-02-26,TzM,MOD16,PET,2.4484872611464965
2024-03-05,Oran,MOD16,ET,0.7355769230769231
2024-03-05,TzM,MOD16,ET,0.8053343949044587
2024-03-05,Oran,MOD16,PET,3.2043269230769234
2024-03-05,TzM,MOD16,PET,3.0371815286624204
2024-03-13,Oran,MOD16,ET,0.4221153846153846
2024-03-13,TzM,MOD16,ET,0.5715764331210191
2024-03-13,Oran,MOD16,PET,4.480769230769231
2024-03-13,TzM,MOD16,PET,4.373248407643312
2024-03-21,Oran,MOD16,ET,0.9283653846153848
2024-03-21,TzM,MOD16,ET,0.995063694267516
2024-03-21,Oran,MOD16,PET,3.447115384615385
2024-03-21,TzM,MOD16,PET,3.0826433121019106
2024-03-29,Oran,MOD16,ET,0.7274038461538462
2024-03-29,TzM,MOD16,ET,0.7428343949044586
2024-03-29,Oran,MOD16,PET,3.882692307692308
2024-03-29,TzM,MOD16,PET,3.3462579617834396
2024-04-06,Oran,MOD16,ET,0.5466346153846154
2024-04-06,TzM,MOD16,ET,0.549124203821656
2024-04-06,Oran,MOD16,PET,5.607211538461538
2024-04-06,TzM,MOD16,PET,5.296417197452229
2024-04-14,Oran,MOD16,ET,0.7115384615384616
2024-04-14,TzM,MOD16,ET,0.5976910828025476
2024-04-14,Oran,MOD16,PET,5.96875
2024-04-14,TzM,MOD16,PET,5.87579617834395
2024-04-22,Oran,MOD16,ET,0.6105769230769231
2024-04-22,TzM,MOD16,ET,0.6803343949044586
2024-04-22,Oran,MOD16,PET,5.21201923076923
2024-04-22,TzM,MOD16,PET,4.817038216560509
2024-04-30,Oran,MOD16,ET,0.5759615384615384
2024-04-30,TzM,MOD16,ET,0.6446656050955415
2024-04-30,Oran,MOD16,PET,5.476442307692308
2024-04-30,TzM,MOD16,PET,5.076990445859873
2024-05-08,Oran,MOD16,ET,0.5024038461538461
2024-05-08,TzM,MOD16,ET,0.5322452229299364
2024-05-08,Oran,MOD16,PET,6.185576923076923
2024-05-08,TzM,MOD16,PET,6.021656050955414
2024-05-16,Oran,MOD16,ET,0.5644230769230769
2024-05-16,TzM,MOD16,ET,0.7235668789808918
2024-05-16,Oran,MOD16,PET,6.661538461538462
2024-05-16,TzM,MOD16,PET,6.3953821656050955
2024-05-24,Oran,MOD16,ET,0.3485576923076923
2024-05-24,TzM,MOD16,ET,0.6968949044585988
2024-05-24,Oran,MOD16,PET,7.7644230769230775
2024-05-24,TzM,MOD16,PET,7.281687898089172
2024-06-01,Oran,MOD16,ET,0.4701923076923077
2024-06-01,TzM,MOD16,ET,0.7101114649681528
2024-06-01,Oran,MOD16,PET,6.765384615384615
2024-06-01,TzM,MOD16,PET,6.6437101910828025
2024-06-09,Oran,MOD16,ET,0.41153846153846163
2024-06-09,TzM,MOD16,ET,0.7859076433121019
2024-06-09,Oran,MOD16,PET,7.324519230769233
2024-06-09,TzM,MOD16,PET,6.818630573248408
2024-06-17,Oran,MOD16,ET,0.28509615384615383
2024-06-17,TzM,MOD16,ET,0.665127388535032
2024-06-17,Oran,MOD16,PET,7.877884615384615
2024-06-17,TzM,MOD16,PET,7.559474522292994
2024-06-25,Oran,MOD16,ET,0.4480769230769231
2024-06-25,TzM,MOD16,ET,0.7857484076433121
2024-06-25,Oran,MOD16,PET,7.159615384615385
2024-06-25,TzM,MOD16,PET,6.910748407643313
2024-07-03,Oran,MOD16,ET,0.22211538461538463
2024-07-03,TzM,MOD16,ET,0.5001592356687898
2024-07-03,Oran,MOD16,PET,8.171153846153848
2024-07-03,TzM,MOD16,PET,7.874761146496815
2024-07-11,Oran,MOD16,ET,0.35961538461538467
2024-07-11,TzM,MOD16,ET,0.4761146496815286
2024-07-11,Oran,MOD16,PET,8.042307692307693
2024-07-11,TzM,MOD16,PET,7.9011942675159235
2024-07-19,Oran,MOD16,ET,0.3230769230769231
2024-07-19,TzM,MOD16,ET,0.27062101910828024
2024-07-19,Oran,MOD16,PET,8.221634615384616
2024-07-19,TzM,MOD16,PET,8.391242038216559
2024-07-27,Oran,MOD16,ET,0.23461538461538464
2024-07-27,TzM,MOD16,ET,0.2372611464968153
2024-07-27,Oran,MOD16,PET,8.02451923076923
2024-07-27,TzM,MOD16,PET,7.885509554140128
2024-08-04,Oran,MOD16,ET,0.1932692307692308
2024-08-04,TzM,MOD16,ET,0.37093949044585983
2024-08-04,Oran,MOD16,PET,8.023557692307692
2024-08-04,TzM,MOD16,PET,7.723805732484077
2024-08-12,Oran,MOD16,ET,0.2764423076923077
2024-08-12,TzM,MOD16,ET,0.45851910828025483
2024-08-12,Oran,MOD16,PET,7.412500000000001
2024-08-12,TzM,MOD16,PET,7.1695063694267525
2024-08-20,Oran,MOD16,ET,0.5331730769230769
2024-08-20,TzM,MOD16,ET,0.47054140127388533
2024-08-20,Oran,MOD16,PET,6.468269230769231
2024-08-20,TzM,MOD16,PET,6.402627388535032
2024-08-28,Oran,MOD16,ET,0.5192307692307693
2024-08-28,TzM,MOD16,ET,0.6646496815286622
2024-08-28,Oran,MOD16,PET,5.411538461538462
2024-08-28,TzM,MOD16,PET,5.02890127388535
2024-09-05,Oran,MOD16,ET,0.4480769230769231
2024-09-05,TzM,MOD16,ET,0.4295382165605096
2024-09-05,Oran,MOD16,PET,6.208173076923078
2024-09-05,TzM,MOD16,PET,5.8432324840764345
2024-09-13,Oran,MOD16,ET,0.7201923076923078
2024-09-13,TzM,MOD16,ET,0.6943471337579616
2024-09-13,Oran,MOD16,PET,4.532211538461539
2024-09-13,TzM,MOD16,PET,4.368789808917198
2024-09-21,Oran,MOD16,ET,0.6125
2024-09-21,TzM,MOD16,ET,0.6742834394904458
2024-09-21,Oran,MOD16,PET,4.546634615384615
2024-09-21,TzM,MOD16,PET,3.943550955414013
2024-09-29,Oran,MOD16,ET,0.4475961538461539
2024-09-29,TzM,MOD16,ET,0.6170382165605096
2024-09-29,Oran,MOD16,PET,5.040865384615385
2024-09-29,TzM,MOD16,PET,4.605334394904459
2024-10-07,Oran,MOD16,ET,0.5947115384615385
2024-10-07,TzM,MOD16,ET,0.6644108280254777
2024-10-07,Oran,MOD16,PET,3.832211538461539
2024-10-07,TzM,MOD16,PET,3.3216560509554145
2024-10-15,Oran,MOD16,ET,0.7903846153846155
2024-10-15,TzM,MOD16,ET,0.8038216560509555
2024-10-15,Oran,MOD16,PET,3.1610576923076925
2024-10-15,TzM,MOD16,PET,2.905334394904459
2024-10-23,Oran,MOD16,ET,0.7533653846153846
2024-10-23,TzM,MOD16,ET,0.7719745222929937
2024-10-23,Oran,MOD16,PET,2.272596153846154
2024-10-23,TzM,MOD16,PET,2.128343949044586
2024-10-31,Oran,MOD16,ET,0.8004807692307692
2024-10-31,TzM,MOD16,ET,0.8348726114649682
2024-10-31,Oran,MOD16,PET,2.3312500000000003
2024-10-31,TzM,MOD16,PET,2.2011146496815286
2024-11-08,Oran,MOD16,ET,0.6697115384615384
2024-11-08,TzM,MOD16,ET,0.7128980891719747
2024-11-08,Oran,MOD16,PET,1.8307692307692307
2024-11-08,TzM,MOD16,PET,1.7689490445859872
2024-11-16,Oran,MOD16,ET,0.7451923076923077
2024-11-16,TzM,MOD16,ET,0.8423566878980892
2024-11-16,Oran,MOD16,PET,1.7423076923076923
2024-11-16,TzM,MOD16,PET,1.9858280254777068
2024-11-24,Oran,MOD16,ET,0.7057692307692307
2024-11-24,TzM,MOD16,ET,0.7932324840764333
2024-11-24,Oran,MOD16,PET,2.0129807692307695
2024-11-24,TzM,MOD16,PET,2.118630573248408
2024-12-02,Oran,MOD16,ET,0.7038461538461538
2024-12-02,TzM,MOD16,ET,0.799203821656051
2024-12-02,Oran,MOD16,PET,1.9865384615384614
2024-12-02,TzM,MOD16,PET,1.9779458598726116
2024-12-10,Oran,MOD16,ET,0.7067307692307692
2024-12-10,TzM,MOD16,ET,0.7587579617834393
2024-12-10,Oran,MOD16,PET,1.40625
2024-12-10,TzM,MOD16,PET,1.2928343949044585
2024-12-18,Oran,MOD16,ET,0.6360576923076924
2024-12-18,TzM,MOD16,ET,0.6545382165605096
2024-12-18,Oran,MOD16,PET,1.9855769230769231
2024-12-18,TzM,MOD16,PET,1.8465764331210188
2024-12-26,Oran,MOD16,ET,0.5576923076923077
2024-12-26,TzM,MOD16,ET,0.6105891719745222
2024-12-26,Oran,MOD16,PET,0.8028846153846154
2024-12-26,TzM,MOD16,PET,0.925
2018-01-01,Oran,PML,Ec,0.048
2018-01-01,TzM,PML,Ec,0.0
2018-01-01,Oran,PML,Ei,0.0
2018-01-01,TzM,PML,Ei,0.0
2018-01-01,Oran,PML,Es,0.1612
2018-01-01,TzM,PML,Es,0.0
2018-01-09,Oran,PML,Ec,0.048
2018-01-09,TzM,PML,Ec,0.0
2018-01-09,Oran,PML,Ei,0.0
2018-01-09,TzM,PML,Ei,0.0
2018-01-09,Oran,PML,Es,0.186
2018-01-09,TzM,PML,Es,0.1132478632478632
2018-01-17,Oran,PML,Ec,0.0784
2018-01-17,TzM,PML,Ec,0.0525213675213675
2018-01-17,Oran,PML,Ei,0.0
2018-01-17,TzM,PML,Ei,0.0
2018-01-17,Oran,PML,Es,0.3109333333333334
2018-01-17,TzM,PML,Es,0.2194871794871795
2018-01-25,Oran,PML,Ec,0.056
2018-01-25,TzM,PML,Ec,0.0445299145299145
2018-01-25,Oran,PML,Ei,0.0021333333333333
2018-01-25,TzM,PML,Ei,0.0
2018-01-25,Oran,PML,Es,0.4413333333333333
2018-01-25,TzM,PML,Es,0.256965811965812
2018-02-02,Oran,PML,Ec,0.0485333333333333
2018-02-02,TzM,PML,Ec,0.0345299145299145
2018-02-02,Oran,PML,Ei,0.0121333333333333
2018-02-02,TzM,PML,Ei,0.0
2018-02-02,Oran,PML,Es,0.4776
2018-02-02,TzM,PML,Es,0.434059829059829
2018-02-10,Oran,PML,Ec,0.0628
2018-02-10,TzM,PML,Ec,0.0445299145299145
2018-02-10,Oran,PML,Ei,0.0
2018-02-10,TzM,PML,Ei,0.0
2018-02-10,Oran,PML,Es,0.7072
2018-02-10,TzM,PML,Es,0.6641880341880343
2018-02-18,Oran,PML,Ec,0.1105333333333333
2018-02-18,TzM,PML,Ec,0.132991452991453
2018-02-18,Oran,PML,Ei,0.0
2018-02-18,TzM,PML,Ei,0.0
2018-02-18,Oran,PML,Es,0.8472
2018-02-18,TzM,PML,Es,0.7376923076923078
2018-02-26,Oran,PML,Ec,0.086
2018-02-26,TzM,PML,Ec,0.0751709401709401
2018-02-26,Oran,PML,Ei,0.022
2018-02-26,TzM,PML,Ei,0.0323504273504273
2018-02-26,Oran,PML,Es,0.7464
2018-02-26,TzM,PML,Es,0.6152136752136752
2018-03-06,Oran,PML,Ec,0.15
2018-03-06,TzM,PML,Ec,0.1163247863247863
2018-03-06,Oran,PML,Ei,0.01
2018-03-06,TzM,PML,Ei,0.0072649572649572
2018-03-06,Oran,PML,Es,1.1461333333333332
2018-03-06,TzM,PML,Es,0.8938034188034187
2018-03-14,Oran,PML,Ec,0.1619999999999999
2018-03-14,TzM,PML,Ec,0.1456410256410256
2018-03-14,Oran,PML,Ei,0.01
2018-03-14,TzM,PML,Ei,0.0132051282051282
2018-03-14,Oran,PML,Es,0.8790666666666667
2018-03-14,TzM,PML,Es,0.7285470085470085
2018-03-22,Oran,PML,Ec,0.3436
2018-03-22,TzM,PML,Ec,0.227991452991453
2018-03-22,Oran,PML,Ei,0.0
2018-03-22,TzM,PML,Ei,0.0059401709401709
2018-03-22,Oran,PML,Es,1.1922666666666666
2018-03-22,TzM,PML,Es,1.169017094017094
2018-03-30,Oran,PML,Ec,0.5413333333333334
2018-03-30,TzM,PML,Ec,0.3343162393162392
2018-03-30,Oran,PML,Ei,0.0021333333333333
2018-03-30,TzM,PML,Ei,0.0
2018-03-30,Oran,PML,Es,1.1425333333333332
2018-03-30,TzM,PML,Es,1.1002136752136755
2018-04-07,Oran,PML,Ec,0.4890666666666667
2018-04-07,TzM,PML,Ec,0.2147008547008546
2018-04-07,Oran,PML,Ei,0.0961333333333333
2018-04-07,TzM,PML,Ei,0.0509401709401709
2018-04-07,Oran,PML,Es,0.9147999999999998
2018-04-07,TzM,PML,Es,0.9693162393162392
2018-04-15,Oran,PML,Ec,1.109733333333333
2018-04-15,TzM,PML,Ec,0.5375213675213675
2018-04-15,Oran,PML,Ei,0.01
2018-04-15,TzM,PML,Ei,0.0
2018-04-15,Oran,PML,Es,1.2286666666666666
2018-04-15,TzM,PML,Es,1.4785470085470085
2018-04-23,Oran,PML,Ec,1.4598666666666664
2018-04-23,TzM,PML,Ec,0.7062393162393162
2018-04-23,Oran,PML,Ei,0.0161333333333333
2018-04-23,TzM,PML,Ei,0.0
2018-04-23,Oran,PML,Es,1.1402666666666663
2018-04-23,TzM,PML,Es,1.452264957264957
2018-05-01,Oran,PML,Ec,1.6946666666666663
2018-05-01,TzM,PML,Ec,0.7386752136752136
2018-05-01,Oran,PML,Ei,0.01
2018-05-01,TzM,PML,Ei,0.0
2018-05-01,Oran,PML,Es,1.1960000000000002
2018-05-01,TzM,PML,Es,1.5935042735042733
2018-05-09,Oran,PML,Ec,1.9389333333333332
2018-05-09,TzM,PML,Ec,0.8358974358974359
2018-05-09,Oran,PML,Ei,0.0529333333333333
2018-05-09,TzM,PML,Ei,0.0072649572649572
2018-05-09,Oran,PML,Es,0.5133333333333334
2018-05-09,TzM,PML,Es,0.3327350427350428
2018-05-17,Oran,PML,Ec,1.9733333333333332
2018-05-17,TzM,PML,Ec,0.8902564102564102
2018-05-17,Oran,PML,Ei,0.01
2018-05-17,TzM,PML,Ei,0.0
2018-05-17,Oran,PML,Es,0.5426666666666666
2018-05-17,TzM,PML,Es,0.2329059829059829
2018-05-25,Oran,PML,Ec,1.6321333333333332
2018-05-25,TzM,PML,Ec,0.8181623931623931
2018-05-25,Oran,PML,Ei,0.1530666666666666
2018-05-25,TzM,PML,Ei,0.074059829059829
2018-05-25,Oran,PML,Es,1.4812
2018-05-25,TzM,PML,Es,1.7792735042735042
2018-06-02,Oran,PML,Ec,1.4629333333333332
2018-06-02,TzM,PML,Ec,0.80508547008547
2018-06-02,Oran,PML,Ei,0.2014666666666666
2018-06-02,TzM,PML,Ei,0.0727350427350427
2018-06-02,Oran,PML,Es,1.6649333333333334
2018-06-02,TzM,PML,Es,1.991965811965812
2018-06-10,Oran,PML,Ec,1.6790666666666667
2018-06-10,TzM,PML,Ec,0.9045726495726496
2018-06-10,Oran,PML,Ei,0.0
2018-06-10,TzM,PML,Ei,0.0
2018-06-10,Oran,PML,Es,2.0994666666666664
2018-06-10,TzM,PML,Es,2.5937179487179485
2018-06-18,Oran,PML,Ec,1.5776
2018-06-18,TzM,PML,Ec,1.0617521367521368
2018-06-18,Oran,PML,Ei,0.0
2018-06-18,TzM,PML,Ei,0.0
2018-06-18,Oran,PML,Es,2.6146666666666665
2018-06-18,TzM,PML,Es,2.8088888888888888
2018-06-26,Oran,PML,Ec,1.2271999999999998
2018-06-26,TzM,PML,Ec,0.8505128205128206
2018-06-26,Oran,PML,Ei,0.0
2018-06-26,TzM,PML,Ei,0.0
2018-06-26,Oran,PML,Es,2.3612
2018-06-26,TzM,PML,Es,1.763034188034188
2018-07-04,Oran,PML,Ec,0.8899999999999998
2018-07-04,TzM,PML,Ec,0.8823076923076923
2018-07-04,Oran,PML,Ei,0.0
2018-07-04,TzM,PML,Ei,0.0
2018-07-04,Oran,PML,Es,0.03
2018-07-04,TzM,PML,Es,0.0886752136752136
2018-07-12,Oran,PML,Ec,0.7257333333333332
2018-07-12,TzM,PML,Ec,0.8505128205128204
2018-07-12,Oran,PML,Ei,0.0
2018-07-12,TzM,PML,Ei,0.0
2018-07-12,Oran,PML,Es,0.0590666666666666
2018-07-12,TzM,PML,Es,0.08
2018-07-20,Oran,PML,Ec,0.5
2018-07-20,TzM,PML,Ec,0.8545726495726496
2018-07-20,Oran,PML,Ei,0.0
2018-07-20,TzM,PML,Ei,0.0
2018-07-20,Oran,PML,Es,0.1430666666666666
2018-07-20,TzM,PML,Es,0.2011538461538461
2018-07-28,Oran,PML,Ec,0.51
2018-07-28,TzM,PML,Ec,0.875042735042735
2018-07-28,Oran,PML,Ei,0.0
2018-07-28,TzM,PML,Ei,0.0
2018-07-28,Oran,PML,Es,0.0990666666666666
2018-07-28,TzM,PML,Es,0.12
2018-08-05,Oran,PML,Ec,0.4743999999999999
2018-08-05,TzM,PML,Ec,0.7914529914529914
2018-08-05,Oran,PML,Ei,0.0
2018-08-05,TzM,PML,Ei,0.0
2018-08-05,Oran,PML,Es,0.2302666666666666
2018-08-05,TzM,PML,Es,0.2188461538461538
2018-08-13,Oran,PML,Ec,0.4753333333333334
2018-08-13,TzM,PML,Ec,0.7391880341880341
2018-08-13,Oran,PML,Ei,0.0130666666666666
2018-08-13,TzM,PML,Ei,0.0143589743589743
2018-08-13,Oran,PML,Es,0.7078666666666665
2018-08-13,TzM,PML,Es,0.5486752136752137
2018-08-21,Oran,PML,Ec,0.5389333333333334
2018-08-21,TzM,PML,Ec,0.7696581196581197
2018-08-21,Oran,PML,Ei,0.0
2018-08-21,TzM,PML,Ei,0.0072649572649572
2018-08-21,Oran,PML,Es,0.6442666666666667
2018-08-21,TzM,PML,Es,0.5685042735042735
2018-08-29,Oran,PML,Ec,0.4930666666666667
2018-08-29,TzM,PML,Ec,0.5617094017094018
2018-08-29,Oran,PML,Ei,0.0009333333333333332
2018-08-29,TzM,PML,Ei,0.0013247863247863
2018-08-29,Oran,PML,Es,0.7543999999999998
2018-08-29,TzM,PML,Es,0.6732051282051281
2018-09-06,Oran,PML,Ec,0.4590666666666667
2018-09-06,TzM,PML,Ec,0.4237606837606837
2018-09-06,Oran,PML,Ei,0.0201333333333333
2018-09-06,TzM,PML,Ei,0.0013247863247863
2018-09-06,Oran,PML,Es,0.9418666666666664
2018-09-06,TzM,PML,Es,0.6345299145299145
2018-09-14,Oran,PML,Ec,0.5621333333333333
2018-09-14,TzM,PML,Ec,0.4768803418803419
2018-09-14,Oran,PML,Ei,0.0130666666666666
2018-09-14,TzM,PML,Ei,0.0013247863247863
2018-09-14,Oran,PML,Es,1.0572
2018-09-14,TzM,PML,Es,0.6206410256410256
2018-09-22,Oran,PML,Ec,0.5149333333333334
2018-09-22,TzM,PML,Ec,0.5824786324786325
2018-09-22,Oran,PML,Ei,0.0
2018-09-22,TzM,PML,Ei,0.0
2018-09-22,Oran,PML,Es,0.9722666666666668
2018-09-22,TzM,PML,Es,0.3626495726495726
2018-09-30,Oran,PML,Ec,0.528
2018-09-30,TzM,PML,Ec,0.5506837606837607
2018-09-30,Oran,PML,Ei,0.0
2018-09-30,TzM,PML,Ei,0.0
2018-09-30,Oran,PML,Es,0.7072
2018-09-30,TzM,PML,Es,0.2153846153846153
2018-10-08,Oran,PML,Ec,0.3386666666666666
2018-10-08,TzM,PML,Ec,0.3462393162393162
2018-10-08,Oran,PML,Ei,0.01
2018-10-08,TzM,PML,Ei,0.0133760683760683
2018-10-08,Oran,PML,Es,0.4754666666666666
2018-10-08,TzM,PML,Es,0.314059829059829
2018-10-16,Oran,PML,Ec,0.25
2018-10-16,TzM,PML,Ec,0.2844444444444445
2018-10-16,Oran,PML,Ei,0.01
2018-10-16,TzM,PML,Ei,0.0145299145299145
2018-10-16,Oran,PML,Es,0.4795999999999999
2018-10-16,TzM,PML,Es,0.5188461538461538
2018-10-24,Oran,PML,Ec,0.23
2018-10-24,TzM,PML,Ec,0.2046581196581196
2018-10-24,Oran,PML,Ei,0.03
2018-10-24,TzM,PML,Ei,0.0303846153846153
2018-10-24,Oran,PML,Es,0.5109333333333334
2018-10-24,TzM,PML,Es,0.376025641025641
2018-11-01,Oran,PML,Ec,0.1743999999999999
2018-11-01,TzM,PML,Ec,0.1435897435897436
2018-11-01,Oran,PML,Ei,0.0090666666666666
2018-11-01,TzM,PML,Ei,0.0145299145299145
2018-11-01,Oran,PML,Es,0.4259999999999999
2018-11-01,TzM,PML,Es,0.3340598290598291
2018-11-09,Oran,PML,Ec,0.1085333333333333
2018-11-09,TzM,PML,Ec,0.1263247863247863
2018-11-09,Oran,PML,Ei,0.0
2018-11-09,TzM,PML,Ei,0.0
2018-11-09,Oran,PML,Es,0.4837333333333333
2018-11-09,TzM,PML,Es,0.3056837606837607
2018-11-17,Oran,PML,Ec,0.07
2018-11-17,TzM,PML,Ec,0.0696581196581196
2018-11-17,Oran,PML,Ei,0.02
2018-11-17,TzM,PML,Ei,0.0072649572649572
2018-11-17,Oran,PML,Es,0.3161333333333333
2018-11-17,TzM,PML,Es,0.1841880341880342
2018-11-25,Oran,PML,Ec,0.158
2018-11-25,TzM,PML,Ec,0.1142735042735042
2018-11-25,Oran,PML,Ei,0.0
2018-11-25,TzM,PML,Ei,0.0
2018-11-25,Oran,PML,Es,0.1521333333333333
2018-11-25,TzM,PML,Es,0.0785042735042735
2018-12-03,Oran,PML,Ec,0.2325333333333333
2018-12-03,TzM,PML,Ec,0.1441880341880342
2018-12-03,Oran,PML,Ei,0.0
2018-12-03,TzM,PML,Ei,0.0
2018-12-03,Oran,PML,Es,0.0161333333333333
2018-12-03,TzM,PML,Es,0.0
2018-12-11,Oran,PML,Ec,0.17
2018-12-11,TzM,PML,Ec,0.0817948717948718
2018-12-11,Oran,PML,Ei,0.0
2018-12-11,TzM,PML,Ei,0.0
2018-12-11,Oran,PML,Es,0.1381333333333333
2018-12-11,TzM,PML,Es,0.07
2018-12-19,Oran,PML,Ec,0.1946666666666666
2018-12-19,TzM,PML,Ec,0.1369658119658119
2018-12-19,Oran,PML,Ei,0.0
2018-12-19,TzM,PML,Ei,0.0
2018-12-19,Oran,PML,Es,0.1424
2018-12-19,TzM,PML,Es,0.0713247863247863
2018-12-27,Oran,PML,Ec,0.2206666666666666
2018-12-27,TzM,PML,Ec,0.1536324786324786
2018-12-27,Oran,PML,Ei,0.0
2018-12-27,TzM,PML,Ei,0.0
2018-12-27,Oran,PML,Es,0.066
2018-12-27,TzM,PML,Es,0.0
2019-01-01,Oran,PML,Ec,0.2728
2019-01-01,TzM,PML,Ec,0.1313247863247863
2019-01-01,Oran,PML,Ei,0.0
2019-01-01,TzM,PML,Ei,0.0
2019-01-01,Oran,PML,Es,0.0
2019-01-01,TzM,PML,Es,0.0
2019-01-09,Oran,PML,Ec,0.2669333333333333
2019-01-09,TzM,PML,Ec,0.0852991452991453
2019-01-09,Oran,PML,Ei,0.0
2019-01-09,TzM,PML,Ei,0.0
2019-01-09,Oran,PML,Es,0.0
2019-01-09,TzM,PML,Es,0.0
2019-01-17,Oran,PML,Ec,0.1874666666666666
2019-01-17,TzM,PML,Ec,0.0539743589743589
2019-01-17,Oran,PML,Ei,0.0090666666666666
2019-01-17,TzM,PML,Ei,0.0
2019-01-17,Oran,PML,Es,0.1898666666666666
2019-01-17,TzM,PML,Es,0.15
2019-01-25,Oran,PML,Ec,0.2993333333333333
2019-01-25,TzM,PML,Ec,0.0766239316239316
2019-01-25,Oran,PML,Ei,0.0090666666666666
2019-01-25,TzM,PML,Ei,0.0
2019-01-25,Oran,PML,Es,0.3278666666666667
2019-01-25,TzM,PML,Es,0.3927350427350427
2019-02-02,Oran,PML,Ec,0.4714666666666666
2019-02-02,TzM,PML,Ec,0.0873504273504273
2019-02-02,Oran,PML,Ei,0.0
2019-02-02,TzM,PML,Ei,0.0
2019-02-02,Oran,PML,Es,0.3079999999999999
2019-02-02,TzM,PML,Es,0.3667094017094016
2019-02-10,Oran,PML,Ec,0.4323999999999999
2019-02-10,TzM,PML,Ec,0.0873504273504273
2019-02-10,Oran,PML,Ei,0.0
2019-02-10,TzM,PML,Ei,0.0
2019-02-10,Oran,PML,Es,0.3079999999999999
2019-02-10,TzM,PML,Es,0.5485897435897438
2019-02-18,Oran,PML,Ec,0.6865333333333333
2019-02-18,TzM,PML,Ec,0.1305982905982906
2019-02-18,Oran,PML,Ei,0.0
2019-02-18,TzM,PML,Ei,0.0
2019-02-18,Oran,PML,Es,0.116
2019-02-18,TzM,PML,Es,0.2586752136752137
2019-02-26,Oran,PML,Ec,0.8106666666666666
2019-02-26,TzM,PML,Ec,0.1445726495726495
2019-02-26,Oran,PML,Ei,0.0
2019-02-26,TzM,PML,Ei,0.0
2019-02-26,Oran,PML,Es,0.0
2019-02-26,TzM,PML,Es,0.03
2019-03-06,Oran,PML,Ec,0.7566666666666666
2019-03-06,TzM,PML,Ec,0.1319230769230769
2019-03-06,Oran,PML,Ei,0.0
2019-03-06,TzM,PML,Ei,0.0
2019-03-06,Oran,PML,Es,0.0230666666666666
2019-03-06,TzM,PML,Es,0.11
2019-03-14,Oran,PML,Ec,0.76
2019-03-14,TzM,PML,Ec,0.1604700854700854
2019-03-14,Oran,PML,Ei,0.0
2019-03-14,TzM,PML,Ei,0.0
2019-03-14,Oran,PML,Es,0.054
2019-03-14,TzM,PML,Es,0.09
2019-03-22,Oran,PML,Ec,0.7553333333333333
2019-03-22,TzM,PML,Ec,0.1591452991452991
2019-03-22,Oran,PML,Ei,0.0
2019-03-22,TzM,PML,Ei,0.0
2019-03-22,Oran,PML,Es,0.0778666666666666
2019-03-22,TzM,PML,Es,0.09
2019-03-30,Oran,PML,Ec,0.6896
2019-03-30,TzM,PML,Ec,0.1665811965811965
2019-03-30,Oran,PML,Ei,0.0912
2019-03-30,TzM,PML,Ei,0.0052991452991453
2019-03-30,Oran,PML,Es,0.8974666666666666
2019-03-30,TzM,PML,Es,0.8128205128205128
2019-04-07,Oran,PML,Ec,0.9426666666666664
2019-04-07,TzM,PML,Ec,0.2117948717948717
2019-04-07,Oran,PML,Ei,0.02
2019-04-07,TzM,PML,Ei,0.0013247863247863
2019-04-07,Oran,PML,Es,1.0256
2019-04-07,TzM,PML,Es,1.1437606837606835
2019-04-15,Oran,PML,Ec,0.9009333333333334
2019-04-15,TzM,PML,Ec,0.1911538461538461
2019-04-15,Oran,PML,Ei,0.3084
2019-04-15,TzM,PML,Ei,0.0298717948717948
2019-04-15,Oran,PML,Es,0.9861333333333332
2019-04-15,TzM,PML,Es,1.4803418803418804
2019-04-23,Oran,PML,Ec,1.4573333333333334
2019-04-23,TzM,PML,Ec,0.325042735042735
2019-04-23,Oran,PML,Ei,0.0261333333333333
2019-04-23,TzM,PML,Ei,0.0026495726495726
2019-04-23,Oran,PML,Es,1.0714666666666666
2019-04-23,TzM,PML,Es,1.7332905982905986
2019-05-01,Oran,PML,Ec,1.8070666666666664
2019-05-01,TzM,PML,Ec,0.407991452991453
2019-05-01,Oran,PML,Ei,0.0261333333333333
2019-05-01,TzM,PML,Ei,0.0026495726495726
2019-05-01,Oran,PML,Es,1.2205333333333332
2019-05-01,TzM,PML,Es,1.9884188034188035
2019-05-09,Oran,PML,Ec,2.1136
2019-05-09,TzM,PML,Ec,0.4891880341880342
2019-05-09,Oran,PML,Ei,0.0
2019-05-09,TzM,PML,Ei,0.0
2019-05-09,Oran,PML,Es,1.4437333333333335
2019-05-09,TzM,PML,Es,2.378119658119658
2019-05-17,Oran,PML,Ec,1.5532
2019-05-17,TzM,PML,Ec,0.417991452991453
2019-05-17,Oran,PML,Ei,0.0551999999999999
2019-05-17,TzM,PML,Ei,0.0052991452991453
2019-05-17,Oran,PML,Es,0.7390666666666666
2019-05-17,TzM,PML,Es,1.143034188034188
2019-05-25,Oran,PML,Ec,1.6826666666666663
2019-05-25,TzM,PML,Ec,0.5160683760683761
2019-05-25,Oran,PML,Ei,0.0061333333333333
2019-05-25,TzM,PML,Ei,0.0
2019-05-25,Oran,PML,Es,0.7504
2019-05-25,TzM,PML,Es,0.9614102564102563
2019-06-02,Oran,PML,Ec,1.4187999999999998
2019-06-02,TzM,PML,Ec,0.5412820512820512
2019-06-02,Oran,PML,Ei,0.0
2019-06-02,TzM,PML,Ei,0.0
2019-06-02,Oran,PML,Es,0.5697333333333333
2019-06-02,TzM,PML,Es,0.5875213675213675
2019-06-10,Oran,PML,Ec,1.0013333333333332
2019-06-10,TzM,PML,Ec,0.4881623931623932
2019-06-10,Oran,PML,Ei,0.0
2019-06-10,TzM,PML,Ei,0.0
2019-06-10,Oran,PML,Es,0.5345333333333334
2019-06-10,TzM,PML,Es,0.5839743589743589
2019-06-18,Oran,PML,Ec,0.9176
2019-06-18,TzM,PML,Ec,0.5540598290598291
2019-06-18,Oran,PML,Ei,0.0
2019-06-18,TzM,PML,Ei,0.0
2019-06-18,Oran,PML,Es,0.02
2019-06-18,TzM,PML,Es,0.05
2019-06-26,Oran,PML,Ec,0.7366666666666667
2019-06-26,TzM,PML,Ec,0.5933333333333333
2019-06-26,Oran,PML,Ei,0.0
2019-06-26,TzM,PML,Ei,0.0
2019-06-26,Oran,PML,Es,0.0
2019-06-26,TzM,PML,Es,0.0359401709401709
2019-07-04,Oran,PML,Ec,0.5374666666666668
2019-07-04,TzM,PML,Ec,0.5376495726495726
2019-07-04,Oran,PML,Ei,0.0029333333333333
2019-07-04,TzM,PML,Ei,0.0013247863247863
2019-07-04,Oran,PML,Es,0.2953333333333333
2019-07-04,TzM,PML,Es,0.234059829059829
2019-07-12,Oran,PML,Ec,0.49
2019-07-12,TzM,PML,Ec,0.5475641025641026
2019-07-12,Oran,PML,Ei,0.0
2019-07-12,TzM,PML,Ei,0.0
2019-07-12,Oran,PML,Es,0.3241333333333334
2019-07-12,TzM,PML,Es,0.234059829059829
2019-07-20,Oran,PML,Ec,0.49
2019-07-20,TzM,PML,Ec,0.5362393162393163
2019-07-20,Oran,PML,Ei,0.0
2019-07-20,TzM,PML,Ei,0.0
2019-07-20,Oran,PML,Es,0.3450666666666666
2019-07-20,TzM,PML,Es,0.2572649572649572
2019-07-28,Oran,PML,Ec,0.44
2019-07-28,TzM,PML,Ec,0.5096153846153846
2019-07-28,Oran,PML,Ei,0.0
2019-07-28,TzM,PML,Ei,0.0
2019-07-28,Oran,PML,Es,0.4
2019-07-28,TzM,PML,Es,0.3059401709401709
2019-08-05,Oran,PML,Ec,0.5635999999999999
2019-08-05,TzM,PML,Ec,0.5249145299145299
2019-08-05,Oran,PML,Ei,0.0
2019-08-05,TzM,PML,Ei,0.0
2019-08-05,Oran,PML,Es,0.1269333333333333
2019-08-05,TzM,PML,Es,0.11
2019-08-13,Oran,PML,Ec,0.5174666666666667
2019-08-13,TzM,PML,Ec,0.4996153846153846
2019-08-13,Oran,PML,Ei,0.0
2019-08-13,TzM,PML,Ei,0.0
2019-08-13,Oran,PML,Es,0.154
2019-08-13,TzM,PML,Es,0.16
2019-08-21,Oran,PML,Ec,0.5042666666666666
2019-08-21,TzM,PML,Ec,0.4478632478632478
2019-08-21,Oran,PML,Ei,0.0170666666666666
2019-08-21,TzM,PML,Ei,0.0039743589743589
2019-08-21,Oran,PML,Es,0.5926666666666667
2019-08-21,TzM,PML,Es,0.7457692307692309
2019-08-29,Oran,PML,Ec,0.6305333333333334
2019-08-29,TzM,PML,Ec,0.4843162393162393
2019-08-29,Oran,PML,Ei,0.0
2019-08-29,TzM,PML,Ei,0.0
2019-08-29,Oran,PML,Es,0.5825333333333332
2019-08-29,TzM,PML,Es,0.8403846153846155
2019-09-06,Oran,PML,Ec,0.3955999999999999
2019-09-06,TzM,PML,Ec,0.3331196581196581
2019-09-06,Oran,PML,Ei,0.0964
2019-09-06,TzM,PML,Ei,0.0039743589743589
2019-09-06,Oran,PML,Es,1.5824
2019-09-06,TzM,PML,Es,0.9464957264957264
2019-09-14,Oran,PML,Ec,0.4758666666666666
2019-09-14,TzM,PML,Ec,0.3304700854700855
2019-09-14,Oran,PML,Ei,0.0422666666666666
2019-09-14,TzM,PML,Ei,0.0179487179487179
2019-09-14,Oran,PML,Es,1.7918666666666667
2019-09-14,TzM,PML,Es,1.4197435897435895
2019-09-22,Oran,PML,Ec,0.6450666666666667
2019-09-22,TzM,PML,Ec,0.3884188034188034
2019-09-22,Oran,PML,Ei,0.0
2019-09-22,TzM,PML,Ei,0.0
2019-09-22,Oran,PML,Es,1.5117333333333332
2019-09-22,TzM,PML,Es,1.1885897435897437
2019-09-30,Oran,PML,Ec,0.6550666666666666
2019-09-30,TzM,PML,Ec,0.391068376068376
2019-09-30,Oran,PML,Ei,0.0
2019-09-30,TzM,PML,Ei,0.0
2019-09-30,Oran,PML,Es,1.2289333333333332
2019-09-30,TzM,PML,Es,0.9638034188034188
2019-10-08,Oran,PML,Ec,0.4817333333333333
2019-10-08,TzM,PML,Ec,0.3091452991452992
2019-10-08,Oran,PML,Ei,0.0
2019-10-08,TzM,PML,Ei,0.0
2019-10-08,Oran,PML,Es,0.7881333333333332
2019-10-08,TzM,PML,Es,0.8353846153846154
2019-10-16,Oran,PML,Ec,0.3225333333333333
2019-10-16,TzM,PML,Ec,0.1611965811965812
2019-10-16,Oran,PML,Ei,0.0390666666666666
2019-10-16,TzM,PML,Ei,0.0039743589743589
2019-10-16,Oran,PML,Es,0.5661333333333334
2019-10-16,TzM,PML,Es,0.4617948717948719
2019-10-24,Oran,PML,Ec,0.3525333333333333
2019-10-24,TzM,PML,Ec,0.1758974358974359
2019-10-24,Oran,PML,Ei,0.0
2019-10-24,TzM,PML,Ei,0.0
2019-10-24,Oran,PML,Es,0.6494666666666666
2019-10-24,TzM,PML,Es,0.5711965811965812
2019-11-01,Oran,PML,Ec,0.2634666666666667
2019-11-01,TzM,PML,Ec,0.1192735042735042
2019-11-01,Oran,PML,Ei,0.0
2019-11-01,TzM,PML,Ei,0.0
2019-11-01,Oran,PML,Es,0.4476
2019-11-01,TzM,PML,Es,0.247094017094017
2019-11-09,Oran,PML,Ec,0.1853333333333333
2019-11-09,TzM,PML,Ec,0.0719230769230769
2019-11-09,Oran,PML,Ei,0.01
2019-11-09,TzM,PML,Ei,0.0013247863247863
2019-11-09,Oran,PML,Es,0.2789333333333333
2019-11-09,TzM,PML,Es,0.2873504273504273
2019-11-17,Oran,PML,Ec,0.1250666666666666
2019-11-17,TzM,PML,Ec,0.0526495726495726
2019-11-17,Oran,PML,Ei,0.0319999999999999
2019-11-17,TzM,PML,Ei,0.0039743589743589
2019-11-17,Oran,PML,Es,0.2830666666666666
2019-11-17,TzM,PML,Es,0.2113247863247863
2019-11-25,Oran,PML,Ec,0.1162666666666666
2019-11-25,TzM,PML,Ec,0.0426495726495726
2019-11-25,Oran,PML,Ei,0.0090666666666666
2019-11-25,TzM,PML,Ei,0.0013247863247863
2019-11-25,Oran,PML,Es,0.1879999999999999
2019-11-25,TzM,PML,Es,0.0013247863247863
2019-12-03,Oran,PML,Ec,0.1062666666666666
2019-12-03,TzM,PML,Ec,0.0439743589743589
2019-12-03,Oran,PML,Ei,0.0190666666666666
2019-12-03,TzM,PML,Ei,0.0026495726495726
2019-12-03,Oran,PML,Es,0.2327999999999999
2019-12-03,TzM,PML,Es,0.0984188034188034
2019-12-11,Oran,PML,Ec,0.1062666666666666
2019-12-11,TzM,PML,Ec,0.0439743589743589
2019-12-11,Oran,PML,Ei,0.0
2019-12-11,TzM,PML,Ei,0.0
2019-12-11,Oran,PML,Es,0.204
2019-12-11,TzM,PML,Es,0.1
2019-12-19,Oran,PML,Ec,0.1406666666666667
2019-12-19,TzM,PML,Ec,0.0586752136752136
2019-12-19,Oran,PML,Ei,0.0261333333333333
2019-12-19,TzM,PML,Ei,0.0013247863247863
2019-12-19,Oran,PML,Es,0.2177333333333333
2019-12-19,TzM,PML,Es,0.0813247863247863
2019-12-27,Oran,PML,Ec,0.1082666666666666
2019-12-27,TzM,PML,Ec,0.0586752136752136
2019-12-27,Oran,PML,Ei,0.0
2019-12-27,TzM,PML,Ei,0.0
2019-12-27,Oran,PML,Es,0.04
2019-12-27,TzM,PML,Es,0.0
2020-01-01,Oran,PML,Ec,0.17
2020-01-01,TzM,PML,Ec,0.099059829059829
2020-01-01,Oran,PML,Ei,0.0
2020-01-01,TzM,PML,Ei,0.0
2020-01-01,Oran,PML,Es,0.0
2020-01-01,TzM,PML,Es,0.0
2020-01-09,Oran,PML,Ec,0.156
2020-01-09,TzM,PML,Ec,0.0917948717948718
2020-01-09,Oran,PML,Ei,0.0
2020-01-09,TzM,PML,Ei,0.0
2020-01-09,Oran,PML,Es,0.0
2020-01-09,TzM,PML,Es,0.0
2020-01-17,Oran,PML,Ec,0.0843999999999999
2020-01-17,TzM,PML,Ec,0.0372649572649572
2020-01-17,Oran,PML,Ei,0.0644
2020-01-17,TzM,PML,Ei,0.0217948717948717
2020-01-17,Oran,PML,Es,0.2256
2020-01-17,TzM,PML,Es,0.18
2020-01-25,Oran,PML,Ec,0.1512
2020-01-25,TzM,PML,Ec,0.0545299145299145
2020-01-25,Oran,PML,Ei,0.0021333333333333
2020-01-25,TzM,PML,Ei,0.0
2020-01-25,Oran,PML,Es,0.3988
2020-01-25,TzM,PML,Es,0.3147863247863247
2020-02-02,Oran,PML,Ec,0.3178666666666667
2020-02-02,TzM,PML,Ec,0.1163247863247863
2020-02-02,Oran,PML,Ei,0.0
2020-02-02,TzM,PML,Ei,0.0
2020-02-02,Oran,PML,Es,0.4366666666666666
2020-02-02,TzM,PML,Es,0.4323076923076923
2020-02-10,Oran,PML,Ec,0.5185333333333334
2020-02-10,TzM,PML,Ec,0.1335897435897436
2020-02-10,Oran,PML,Ei,0.0
2020-02-10,TzM,PML,Ei,0.0
2020-02-10,Oran,PML,Es,0.5222666666666667
2020-02-10,TzM,PML,Es,0.6886752136752138
2020-02-18,Oran,PML,Ec,0.712
2020-02-18,TzM,PML,Ec,0.2499145299145299
2020-02-18,Oran,PML,Ei,0.0
2020-02-18,TzM,PML,Ei,0.0
2020-02-18,Oran,PML,Es,0.0981333333333333
2020-02-18,TzM,PML,Es,0.27
2020-02-26,Oran,PML,Ec,0.7389333333333332
2020-02-26,TzM,PML,Ec,0.1953846153846153
2020-02-26,Oran,PML,Ei,0.01
2020-02-26,TzM,PML,Ei,0.0
2020-02-26,Oran,PML,Es,0.0881333333333333
2020-02-26,TzM,PML,Es,0.21
2020-03-05,Oran,PML,Ec,0.9497333333333332
2020-03-05,TzM,PML,Ec,0.3535042735042735
2020-03-05,Oran,PML,Ei,0.0
2020-03-05,TzM,PML,Ei,0.0
2020-03-05,Oran,PML,Es,0.0609333333333333
2020-03-05,TzM,PML,Es,0.1713247863247863
2020-03-13,Oran,PML,Ec,0.6486666666666667
2020-03-13,TzM,PML,Ec,0.2253846153846153
2020-03-13,Oran,PML,Ei,0.0741333333333333
2020-03-13,TzM,PML,Ei,0.029059829059829
2020-03-13,Oran,PML,Es,0.5841333333333333
2020-03-13,TzM,PML,Es,0.8792735042735044
2020-03-21,Oran,PML,Ec,0.6302666666666665
2020-03-21,TzM,PML,Ec,0.2181196581196581
2020-03-21,Oran,PML,Ei,0.3476
2020-03-21,TzM,PML,Ei,0.0826495726495726
2020-03-21,Oran,PML,Es,0.4503999999999999
2020-03-21,TzM,PML,Es,0.8163675213675214
2020-03-29,Oran,PML,Ec,1.4393333333333334
2020-03-29,TzM,PML,Ec,0.4665811965811966
2020-03-29,Oran,PML,Ei,0.3490666666666666
2020-03-29,TzM,PML,Ei,0.0872649572649572
2020-03-29,Oran,PML,Es,0.4614666666666667
2020-03-29,TzM,PML,Es,1.252008547008547
2020-04-06,Oran,PML,Ec,1.9270666666666667
2020-04-06,TzM,PML,Ec,0.5356410256410256
2020-04-06,Oran,PML,Ei,0.0618666666666666
2020-04-06,TzM,PML,Ei,0.0132051282051282
2020-04-06,Oran,PML,Es,0.3757333333333333
2020-04-06,TzM,PML,Es,1.231239316239316
2020-04-14,Oran,PML,Ec,1.692
2020-04-14,TzM,PML,Ec,0.535042735042735
2020-04-14,Oran,PML,Ei,0.1318666666666666
2020-04-14,TzM,PML,Ei,0.0436752136752136
2020-04-14,Oran,PML,Es,0.2981333333333333
2020-04-14,TzM,PML,Es,1.0850000000000002
2020-04-22,Oran,PML,Ec,2.207466666666667
2020-04-22,TzM,PML,Ec,0.6765384615384615
2020-04-22,Oran,PML,Ei,0.1410666666666666
2020-04-22,TzM,PML,Ei,0.0159401709401709
2020-04-22,Oran,PML,Es,0.3253333333333333
2020-04-22,TzM,PML,Es,1.3909829059829062
2020-04-30,Oran,PML,Ec,2.3904
2020-04-30,TzM,PML,Ec,0.6405982905982905
2020-04-30,Oran,PML,Ei,0.0
2020-04-30,TzM,PML,Ei,0.0086752136752136
2020-04-30,Oran,PML,Es,0.4577333333333333
2020-04-30,TzM,PML,Es,1.2362393162393164
2020-05-08,Oran,PML,Ec,2.195733333333333
2020-05-08,TzM,PML,Ec,0.5920512820512821
2020-05-08,Oran,PML,Ei,0.3294666666666667
2020-05-08,TzM,PML,Ei,0.0654700854700854
2020-05-08,Oran,PML,Es,0.4681333333333333
2020-05-08,TzM,PML,Es,1.5015384615384617
2020-05-16,Oran,PML,Ec,3.054133333333333
2020-05-16,TzM,PML,Ec,0.8855128205128205
2020-05-16,Oran,PML,Ei,0.0810666666666666
2020-05-16,TzM,PML,Ei,0.0072649572649572
2020-05-16,Oran,PML,Es,0.7890666666666667
2020-05-16,TzM,PML,Es,2.340299145299145
2020-05-24,Oran,PML,Ec,2.5224
2020-05-24,TzM,PML,Ec,0.8314529914529915
2020-05-24,Oran,PML,Ei,0.0190666666666666
2020-05-24,TzM,PML,Ei,0.0072649572649572
2020-05-24,Oran,PML,Es,1.1465333333333334
2020-05-24,TzM,PML,Es,1.9194871794871795
2020-06-01,Oran,PML,Ec,1.8
2020-06-01,TzM,PML,Ec,0.8162820512820512
2020-06-01,Oran,PML,Ei,0.0429333333333333
2020-06-01,TzM,PML,Ei,0.0132051282051282
2020-06-01,Oran,PML,Es,1.604133333333333
2020-06-01,TzM,PML,Es,1.8905982905982903
2020-06-09,Oran,PML,Ec,1.146
2020-06-09,TzM,PML,Ec,0.8235470085470086
2020-06-09,Oran,PML,Ei,0.0
2020-06-09,TzM,PML,Ei,0.0
2020-06-09,Oran,PML,Es,1.2821333333333331
2020-06-09,TzM,PML,Es,0.5426495726495727
2020-06-17,Oran,PML,Ec,0.8509333333333333
2020-06-17,TzM,PML,Ec,0.9649572649572647
2020-06-17,Oran,PML,Ei,0.0
2020-06-17,TzM,PML,Ei,0.0059401709401709
2020-06-17,Oran,PML,Es,0.7479999999999999
2020-06-17,TzM,PML,Es,0.5267948717948718
2020-06-25,Oran,PML,Ec,0.75
2020-06-25,TzM,PML,Ec,1.0358974358974358
2020-06-25,Oran,PML,Ei,0.0
2020-06-25,TzM,PML,Ei,0.0
2020-06-25,Oran,PML,Es,0.6005333333333334
2020-06-25,TzM,PML,Es,0.4125641025641026
2020-07-03,Oran,PML,Ec,0.6496
2020-07-03,TzM,PML,Ec,0.9954273504273504
2020-07-03,Oran,PML,Ei,0.0
2020-07-03,TzM,PML,Ei,0.0145299145299145
2020-07-03,Oran,PML,Es,0.2737333333333333
2020-07-03,TzM,PML,Es,0.4727350427350427
2020-07-11,Oran,PML,Ec,0.6118666666666666
2020-07-11,TzM,PML,Ec,0.9523076923076924
2020-07-11,Oran,PML,Ei,0.0121333333333333
2020-07-11,TzM,PML,Ei,0.0463247863247863
2020-07-11,Oran,PML,Es,0.6668
2020-07-11,TzM,PML,Es,1.5383333333333336
2020-07-19,Oran,PML,Ec,0.6678666666666666
2020-07-19,TzM,PML,Ec,1.0544871794871795
2020-07-19,Oran,PML,Ei,0.0
2020-07-19,TzM,PML,Ei,0.0
2020-07-19,Oran,PML,Es,0.6436000000000001
2020-07-19,TzM,PML,Es,1.5223076923076926
2020-07-27,Oran,PML,Ec,0.6950666666666666
2020-07-27,TzM,PML,Ec,0.9068376068376068
2020-07-27,Oran,PML,Ei,0.0
2020-07-27,TzM,PML,Ei,0.0
2020-07-27,Oran,PML,Es,0.5818666666666666
2020-07-27,TzM,PML,Es,1.5212820512820513
2020-08-04,Oran,PML,Ec,0.6875999999999999
2020-08-04,TzM,PML,Ec,0.8464529914529915
2020-08-04,Oran,PML,Ei,0.0
2020-08-04,TzM,PML,Ei,0.0072649572649572
2020-08-04,Oran,PML,Es,0.5845333333333332
2020-08-04,TzM,PML,Es,1.3105555555555557
2020-08-12,Oran,PML,Ec,0.6010666666666666
2020-08-12,TzM,PML,Ec,0.8047435897435897
2020-08-12,Oran,PML,Ei,0.0
2020-08-12,TzM,PML,Ei,0.0
2020-08-12,Oran,PML,Es,0.2310666666666666
2020-08-12,TzM,PML,Es,0.2686752136752137
2020-08-20,Oran,PML,Ec,0.6325333333333334
2020-08-20,TzM,PML,Ec,0.8319230769230769
2020-08-20,Oran,PML,Ei,0.0
2020-08-20,TzM,PML,Ei,0.0
2020-08-20,Oran,PML,Es,0.1979999999999999
2020-08-20,TzM,PML,Es,0.27
2020-08-28,Oran,PML,Ec,0.56
2020-08-28,TzM,PML,Ec,0.6826495726495727
2020-08-28,Oran,PML,Ei,0.0
2020-08-28,TzM,PML,Ei,0.0
2020-08-28,Oran,PML,Es,0.1561333333333333
2020-08-28,TzM,PML,Es,0.22
2020-09-05,Oran,PML,Ec,0.55
2020-09-05,TzM,PML,Ec,0.6608547008547009
2020-09-05,Oran,PML,Ei,0.0
2020-09-05,TzM,PML,Ei,0.0
2020-09-05,Oran,PML,Es,0.0270666666666666
2020-09-05,TzM,PML,Es,0.0586752136752136
2020-09-13,Oran,PML,Ec,0.3910666666666666
2020-09-13,TzM,PML,Ec,0.4423076923076923
2020-09-13,Oran,PML,Ei,0.0130666666666666
2020-09-13,TzM,PML,Ei,0.0171794871794871
2020-09-13,Oran,PML,Es,0.4493333333333332
2020-09-13,TzM,PML,Es,0.5674358974358974
2020-09-21,Oran,PML,Ec,0.378
2020-09-21,TzM,PML,Ec,0.4038461538461537
2020-09-21,Oran,PML,Ei,0.0
2020-09-21,TzM,PML,Ei,0.0
2020-09-21,Oran,PML,Es,0.4626666666666666
2020-09-21,TzM,PML,Es,0.5613247863247864
2020-09-29,Oran,PML,Ec,0.2868
2020-09-29,TzM,PML,Ec,0.3394017094017094
2020-09-29,Oran,PML,Ei,0.01
2020-09-29,TzM,PML,Ei,0.0085897435897435
2020-09-29,Oran,PML,Es,0.6642666666666666
2020-09-29,TzM,PML,Es,0.8475213675213675
2020-10-07,Oran,PML,Ec,0.394
2020-10-07,TzM,PML,Ec,0.2530769230769231
2020-10-07,Oran,PML,Ei,0.0
2020-10-07,TzM,PML,Ei,0.0
2020-10-07,Oran,PML,Es,0.7409333333333333
2020-10-07,TzM,PML,Es,0.8994017094017095
2020-10-15,Oran,PML,Ec,0.2422666666666666
2020-10-15,TzM,PML,Ec,0.1999572649572649
2020-10-15,Oran,PML,Ei,0.0
2020-10-15,TzM,PML,Ei,0.0
2020-10-15,Oran,PML,Es,0.3925333333333333
2020-10-15,TzM,PML,Es,0.4998290598290598
2020-10-23,Oran,PML,Ec,0.18
2020-10-23,TzM,PML,Ec,0.1627777777777777
2020-10-23,Oran,PML,Ei,0.0
2020-10-23,TzM,PML,Ei,0.0
2020-10-23,Oran,PML,Es,0.4890666666666666
2020-10-23,TzM,PML,Es,0.5212393162393163
2020-10-31,Oran,PML,Ec,0.1616
2020-10-31,TzM,PML,Ec,0.1435897435897436
2020-10-31,Oran,PML,Ei,0.0090666666666666
2020-10-31,TzM,PML,Ei,0.0217948717948717
2020-10-31,Oran,PML,Es,0.5345333333333334
2020-10-31,TzM,PML,Es,0.3911538461538461
2020-11-08,Oran,PML,Ec,0.1116
2020-11-08,TzM,PML,Ec,0.109059829059829
2020-11-08,Oran,PML,Ei,0.0
2020-11-08,TzM,PML,Ei,0.0
2020-11-08,Oran,PML,Es,0.6481333333333332
2020-11-08,TzM,PML,Es,0.384059829059829
2020-11-16,Oran,PML,Ec,0.07
2020-11-16,TzM,PML,Ec,0.1335897435897436
2020-11-16,Oran,PML,Ei,0.0
2020-11-16,TzM,PML,Ei,0.0
2020-11-16,Oran,PML,Es,0.3590666666666666
2020-11-16,TzM,PML,Es,0.1098290598290598
2020-11-24,Oran,PML,Ec,0.0362666666666666
2020-11-24,TzM,PML,Ec,0.0817948717948718
2020-11-24,Oran,PML,Ei,0.0
2020-11-24,TzM,PML,Ei,0.0
2020-11-24,Oran,PML,Es,0.3089333333333333
2020-11-24,TzM,PML,Es,0.1298290598290598
2020-12-02,Oran,PML,Ec,0.048
2020-12-02,TzM,PML,Ec,0.0592307692307692
2020-12-02,Oran,PML,Ei,0.0029333333333333
2020-12-02,TzM,PML,Ei,0.0059401709401709
2020-12-02,Oran,PML,Es,0.1250666666666666
2020-12-02,TzM,PML,Es,0.037094017094017
2020-12-10,Oran,PML,Ec,0.0725333333333333
2020-12-10,TzM,PML,Ec,0.0345299145299145
2020-12-10,Oran,PML,Ei,0.0
2020-12-10,TzM,PML,Ei,0.0
2020-12-10,Oran,PML,Es,0.2856
2020-12-10,TzM,PML,Es,0.2098290598290598
2020-12-18,Oran,PML,Ec,0.0853333333333333
2020-12-18,TzM,PML,Ec,0.0372649572649572
2020-12-18,Oran,PML,Ei,0.0
2020-12-18,TzM,PML,Ei,0.0
2020-12-18,Oran,PML,Es,0.4005333333333333
2020-12-18,TzM,PML,Es,0.2086752136752136
2020-12-26,Oran,PML,Ec,0.0762666666666666
2020-12-26,TzM,PML,Ec,0.0345299145299145
2020-12-26,Oran,PML,Ei,0.0
2020-12-26,TzM,PML,Ei,0.0
2020-12-26,Oran,PML,Es,0.0
2020-12-26,TzM,PML,Es,0.0
2021-01-01,Oran,PML,Ec,0.0389333333333333
2021-01-01,TzM,PML,Ec,0.0146153846153846
2021-01-01,Oran,PML,Ei,0.032
2021-01-01,TzM,PML,Ei,0.0118803418803418
2021-01-01,Oran,PML,Es,0.178
2021-01-01,TzM,PML,Es,0.0913247863247863
2021-01-09,Oran,PML,Ec,0.0453333333333333
2021-01-09,TzM,PML,Ec,0.0172649572649572
2021-01-09,Oran,PML,Ei,0.0090666666666666
2021-01-09,TzM,PML,Ei,0.0072649572649572
2021-01-09,Oran,PML,Es,0.0771999999999999
2021-01-09,TzM,PML,Es,0.0
2021-01-17,Oran,PML,Ec,0.0762666666666666
2021-01-17,TzM,PML,Ec,0.0272649572649572
2021-01-17,Oran,PML,Ei,0.0
2021-01-17,TzM,PML,Ei,0.0
2021-01-17,Oran,PML,Es,0.2628
2021-01-17,TzM,PML,Es,0.0
2021-01-25,Oran,PML,Ec,0.1143999999999999
2021-01-25,TzM,PML,Ec,0.0372649572649572
2021-01-25,Oran,PML,Ei,0.0
2021-01-25,TzM,PML,Ei,0.0
2021-01-25,Oran,PML,Es,0.3998666666666666
2021-01-25,TzM,PML,Es,0.2457692307692307
2021-02-02,Oran,PML,Ec,0.1043999999999999
2021-02-02,TzM,PML,Ec,0.0817948717948718
2021-02-02,Oran,PML,Ei,0.0
2021-02-02,TzM,PML,Ei,0.0
2021-02-02,Oran,PML,Es,0.5708
2021-02-02,TzM,PML,Es,0.4259401709401709
2021-02-10,Oran,PML,Ec,0.1605333333333333
2021-02-10,TzM,PML,Ec,0.1163247863247863
2021-02-10,Oran,PML,Ei,0.0
2021-02-10,TzM,PML,Ei,0.0
2021-02-10,Oran,PML,Es,0.4722666666666666
2021-02-10,TzM,PML,Es,0.4680769230769231
2021-02-18,Oran,PML,Ec,0.1791999999999999
2021-02-18,TzM,PML,Ec,0.109059829059829
2021-02-18,Oran,PML,Ei,0.0
2021-02-18,TzM,PML,Ei,0.0
2021-02-18,Oran,PML,Es,0.3753333333333333
2021-02-18,TzM,PML,Es,0.5170940170940171
2021-02-26,Oran,PML,Ec,0.2093333333333333
2021-02-26,TzM,PML,Ec,0.1535897435897436
2021-02-26,Oran,PML,Ei,0.0
2021-02-26,TzM,PML,Ei,0.0
2021-02-26,Oran,PML,Es,0.3261333333333334
2021-02-26,TzM,PML,Es,0.5844871794871794
2021-03-06,Oran,PML,Ec,0.4110666666666666
2021-03-06,TzM,PML,Ec,0.2046581196581196
2021-03-06,Oran,PML,Ei,0.0229333333333333
2021-03-06,TzM,PML,Ei,0.0072649572649572
2021-03-06,Oran,PML,Es,0.6130666666666665
2021-03-06,TzM,PML,Es,0.6893589743589743
2021-03-14,Oran,PML,Ec,0.6590666666666667
2021-03-14,TzM,PML,Ec,0.3228632478632479
2021-03-14,Oran,PML,Ei,0.022
2021-03-14,TzM,PML,Ei,0.0072649572649572
2021-03-14,Oran,PML,Es,0.7414666666666667
2021-03-14,TzM,PML,Es,0.8367094017094017
2021-03-22,Oran,PML,Ec,1.1518666666666668
2021-03-22,TzM,PML,Ec,0.4198717948717949
2021-03-22,Oran,PML,Ei,0.0
2021-03-22,TzM,PML,Ei,0.0
2021-03-22,Oran,PML,Es,0.614
2021-03-22,TzM,PML,Es,0.6334615384615384
2021-03-30,Oran,PML,Ec,1.4705333333333337
2021-03-30,TzM,PML,Ec,0.4629914529914529
2021-03-30,Oran,PML,Ei,0.052
2021-03-30,TzM,PML,Ei,0.0
2021-03-30,Oran,PML,Es,0.7085333333333333
2021-03-30,TzM,PML,Es,0.6475213675213676
2021-04-07,Oran,PML,Ec,1.2681333333333331
2021-04-07,TzM,PML,Ec,0.4028632478632478
2021-04-07,Oran,PML,Ei,0.0610666666666666
2021-04-07,TzM,PML,Ei,0.0145299145299145
2021-04-07,Oran,PML,Es,0.4659999999999999
2021-04-07,TzM,PML,Es,0.5276923076923078
2021-04-15,Oran,PML,Ec,1.7766666666666666
2021-04-15,TzM,PML,Ec,0.4832478632478633
2021-04-15,Oran,PML,Ei,0.1722666666666666
2021-04-15,TzM,PML,Ei,0.0303846153846153
2021-04-15,Oran,PML,Es,0.4193333333333333
2021-04-15,TzM,PML,Es,1.1048290598290598
2021-04-23,Oran,PML,Ec,1.6801333333333333
2021-04-23,TzM,PML,Ec,0.4312820512820513
2021-04-23,Oran,PML,Ei,0.1602666666666666
2021-04-23,TzM,PML,Ei,0.0303846153846153
2021-04-23,Oran,PML,Es,0.3665333333333333
2021-04-23,TzM,PML,Es,1.2384615384615385
2021-05-01,Oran,PML,Ec,2.1787999999999994
2021-05-01,TzM,PML,Ec,0.5447863247863248
2021-05-01,Oran,PML,Ei,0.024
2021-05-01,TzM,PML,Ei,0.0
2021-05-01,Oran,PML,Es,0.4679999999999999
2021-05-01,TzM,PML,Es,1.6108119658119662
2021-05-09,Oran,PML,Ec,2.6644
2021-05-09,TzM,PML,Ec,0.684145299145299
2021-05-09,Oran,PML,Ei,0.024
2021-05-09,TzM,PML,Ei,0.0072649572649572
2021-05-09,Oran,PML,Es,0.7063999999999999
2021-05-09,TzM,PML,Es,1.9168376068376067
2021-05-17,Oran,PML,Ec,2.4778666666666664
2021-05-17,TzM,PML,Ec,0.7917094017094018
2021-05-17,Oran,PML,Ei,0.0781333333333333
2021-05-17,TzM,PML,Ei,0.0217948717948717
2021-05-17,Oran,PML,Es,0.9836
2021-05-17,TzM,PML,Es,1.6626495726495727
2021-05-25,Oran,PML,Ec,1.7972
2021-05-25,TzM,PML,Ec,0.7658547008547008
2021-05-25,Oran,PML,Ei,0.1019999999999999
2021-05-25,TzM,PML,Ei,0.0231196581196581
2021-05-25,Oran,PML,Es,1.1830666666666667
2021-05-25,TzM,PML,Es,1.1938888888888888
2021-06-02,Oran,PML,Ec,1.5235999999999998
2021-06-02,TzM,PML,Ec,0.885982905982906
2021-06-02,Oran,PML,Ei,0.0441333333333333
2021-06-02,TzM,PML,Ei,0.0145299145299145
2021-06-02,Oran,PML,Es,2.0370666666666666
2021-06-02,TzM,PML,Es,1.6811965811965812
2021-06-10,Oran,PML,Ec,1.0432
2021-06-10,TzM,PML,Ec,0.7702136752136751
2021-06-10,Oran,PML,Ei,0.0270666666666666
2021-06-10,TzM,PML,Ei,0.0376495726495726
2021-06-10,Oran,PML,Es,2.646533333333333
2021-06-10,TzM,PML,Es,2.6693589743589747
2021-06-18,Oran,PML,Ec,0.6665333333333333
2021-06-18,TzM,PML,Ec,0.6767094017094016
2021-06-18,Oran,PML,Ei,0.0
2021-06-18,TzM,PML,Ei,0.0013247863247863
2021-06-18,Oran,PML,Es,2.2905333333333333
2021-06-18,TzM,PML,Es,2.05008547008547
2021-06-26,Oran,PML,Ec,0.6333333333333333
2021-06-26,TzM,PML,Ec,0.8677777777777779
2021-06-26,Oran,PML,Ei,0.0
2021-06-26,TzM,PML,Ei,0.0
2021-06-26,Oran,PML,Es,1.3888
2021-06-26,TzM,PML,Es,1.4982905982905983
2021-07-04,Oran,PML,Ec,0.6272
2021-07-04,TzM,PML,Ec,0.825982905982906
2021-07-04,Oran,PML,Ei,0.0
2021-07-04,TzM,PML,Ei,0.0
2021-07-04,Oran,PML,Es,0.6469333333333334
2021-07-04,TzM,PML,Es,1.176410256410256
2021-07-12,Oran,PML,Ec,0.6172
2021-07-12,TzM,PML,Ec,1.0258974358974358
2021-07-12,Oran,PML,Ei,0.0
2021-07-12,TzM,PML,Ei,0.0
2021-07-12,Oran,PML,Es,0.19
2021-07-12,TzM,PML,Es,0.1713247863247863
2021-07-20,Oran,PML,Ec,0.5312
2021-07-20,TzM,PML,Ec,1.026068376068376
2021-07-20,Oran,PML,Ei,0.0
2021-07-20,TzM,PML,Ei,0.0145299145299145
2021-07-20,Oran,PML,Es,0.1139999999999999
2021-07-20,TzM,PML,Es,0.3201709401709401
2021-07-28,Oran,PML,Ec,0.6494666666666666
2021-07-28,TzM,PML,Ec,0.9754273504273504
2021-07-28,Oran,PML,Ei,0.0
2021-07-28,TzM,PML,Ei,0.0
2021-07-28,Oran,PML,Es,0.1130666666666666
2021-07-28,TzM,PML,Es,0.34
2021-08-05,Oran,PML,Ec,0.6900000000000001
2021-08-05,TzM,PML,Ec,0.9752564102564104
2021-08-05,Oran,PML,Ei,0.0
2021-08-05,TzM,PML,Ei,0.0
2021-08-05,Oran,PML,Es,0.1061333333333333
2021-08-05,TzM,PML,Es,0.3398290598290598
2021-08-13,Oran,PML,Ec,0.71
2021-08-13,TzM,PML,Ec,1.2303418803418802
2021-08-13,Oran,PML,Ei,0.0
2021-08-13,TzM,PML,Ei,0.0
2021-08-13,Oran,PML,Es,0.05
2021-08-13,TzM,PML,Es,0.28
2021-08-21,Oran,PML,Ec,0.8204
2021-08-21,TzM,PML,Ec,1.0917521367521368
2021-08-21,Oran,PML,Ei,0.02
2021-08-21,TzM,PML,Ei,0.0463247863247863
2021-08-21,Oran,PML,Es,0.4448
2021-08-21,TzM,PML,Es,0.7598290598290598
2021-08-29,Oran,PML,Ec,0.7422666666666667
2021-08-29,TzM,PML,Ec,0.9923076923076924
2021-08-29,Oran,PML,Ei,0.0290666666666666
2021-08-29,TzM,PML,Ei,0.0826495726495726
2021-08-29,Oran,PML,Es,1.0385333333333335
2021-08-29,TzM,PML,Es,1.7913247863247863
2021-09-06,Oran,PML,Ec,0.7232
2021-09-06,TzM,PML,Ec,0.8893162393162393
2021-09-06,Oran,PML,Ei,0.0190666666666666
2021-09-06,TzM,PML,Ei,0.0145299145299145
2021-09-06,Oran,PML,Es,1.1766666666666663
2021-09-06,TzM,PML,Es,1.2883760683760683
2021-09-14,Oran,PML,Ec,0.596
2021-09-14,TzM,PML,Ec,0.7720512820512819
2021-09-14,Oran,PML,Ei,0.0190666666666666
2021-09-14,TzM,PML,Ei,0.0132051282051282
2021-09-14,Oran,PML,Es,1.5630666666666666
2021-09-14,TzM,PML,Es,1.2746581196581197
2021-09-22,Oran,PML,Ec,0.5369333333333334
2021-09-22,TzM,PML,Ec,0.6843589743589744
2021-09-22,Oran,PML,Ei,0.0190666666666666
2021-09-22,TzM,PML,Ei,0.0232051282051282
2021-09-22,Oran,PML,Es,1.5238666666666667
2021-09-22,TzM,PML,Es,1.1474358974358976
2021-09-30,Oran,PML,Ec,0.5525333333333334
2021-09-30,TzM,PML,Ec,0.5375641025641026
2021-09-30,Oran,PML,Ei,0.0
2021-09-30,TzM,PML,Ei,0.0
2021-09-30,Oran,PML,Es,1.026
2021-09-30,TzM,PML,Es,0.8578632478632479
2021-10-08,Oran,PML,Ec,0.4597333333333333
2021-10-08,TzM,PML,Ec,0.3994017094017094
2021-10-08,Oran,PML,Ei,0.0
2021-10-08,TzM,PML,Ei,0.0
2021-10-08,Oran,PML,Es,0.686
2021-10-08,TzM,PML,Es,0.6672649572649573
2021-10-16,Oran,PML,Ec,0.31
2021-10-16,TzM,PML,Ec,0.3502564102564102
2021-10-16,Oran,PML,Ei,0.0
2021-10-16,TzM,PML,Ei,0.0
2021-10-16,Oran,PML,Es,0.3281333333333333
2021-10-16,TzM,PML,Es,0.3773504273504273
2021-10-24,Oran,PML,Ec,0.2325333333333333
2021-10-24,TzM,PML,Ec,0.202051282051282
2021-10-24,Oran,PML,Ei,0.0481333333333333
2021-10-24,TzM,PML,Ei,0.0336752136752136
2021-10-24,Oran,PML,Es,0.7165333333333332
2021-10-24,TzM,PML,Es,0.578034188034188
2021-11-01,Oran,PML,Ec,0.14
2021-11-01,TzM,PML,Ec,0.1788461538461538
2021-11-01,Oran,PML,Ei,0.03
2021-11-01,TzM,PML,Ei,0.0059401709401709
2021-11-01,Oran,PML,Es,0.5721333333333333
2021-11-01,TzM,PML,Es,0.3638034188034187
2021-11-09,Oran,PML,Ec,0.14
2021-11-09,TzM,PML,Ec,0.1335897435897436
2021-11-09,Oran,PML,Ei,0.0
2021-11-09,TzM,PML,Ei,0.0
2021-11-09,Oran,PML,Es,0.3561333333333333
2021-11-09,TzM,PML,Es,0.2455982905982905
2021-11-17,Oran,PML,Ec,0.06
2021-11-17,TzM,PML,Ec,0.0545299145299145
2021-11-17,Oran,PML,Ei,0.0
2021-11-17,TzM,PML,Ei,0.0145299145299145
2021-11-17,Oran,PML,Es,0.31
2021-11-17,TzM,PML,Es,0.2357692307692307
2021-11-25,Oran,PML,Ec,0.0762666666666666
2021-11-25,TzM,PML,Ec,0.0717948717948718
2021-11-25,Oran,PML,Ei,0.0
2021-11-25,TzM,PML,Ei,0.0
2021-11-25,Oran,PML,Es,0.208
2021-11-25,TzM,PML,Es,0.0886752136752136
2021-12-03,Oran,PML,Ec,0.1013333333333333
2021-12-03,TzM,PML,Ec,0.0717948717948718
2021-12-03,Oran,PML,Ei,0.0
2021-12-03,TzM,PML,Ei,0.0
2021-12-03,Oran,PML,Es,0.0830666666666666
2021-12-03,TzM,PML,Es,0.0
2021-12-11,Oran,PML,Ec,0.1262666666666666
2021-12-11,TzM,PML,Ec,0.0751709401709401
2021-12-11,Oran,PML,Ei,0.0
2021-12-11,TzM,PML,Ei,0.0
2021-12-11,Oran,PML,Es,0.0321333333333333
2021-12-11,TzM,PML,Es,0.0
2021-12-19,Oran,PML,Ec,0.0972
2021-12-19,TzM,PML,Ec,0.0505555555555555
2021-12-19,Oran,PML,Ei,0.01
2021-12-19,TzM,PML,Ei,0.0059401709401709
2021-12-19,Oran,PML,Es,0.1818666666666666
2021-12-19,TzM,PML,Es,0.0986752136752136
2021-12-27,Oran,PML,Ec,0.2034666666666666
2021-12-27,TzM,PML,Ec,0.107051282051282
2021-12-27,Oran,PML,Ei,0.01
2021-12-27,TzM,PML,Ei,0.0
2021-12-27,Oran,PML,Es,0.0769333333333333
2021-12-27,TzM,PML,Es,0.0
2022-01-01,Oran,PML,Ec,0.1668
2022-01-01,TzM,PML,Ec,0.109059829059829
2022-01-01,Oran,PML,Ei,0.0061333333333333
2022-01-01,TzM,PML,Ei,0.0
2022-01-01,Oran,PML,Es,0.1138666666666666
2022-01-01,TzM,PML,Es,0.0086752136752136
2022-01-09,Oran,PML,Ec,0.0985333333333333
2022-01-09,TzM,PML,Ec,0.0817948717948718
2022-01-09,Oran,PML,Ei,0.0
2022-01-09,TzM,PML,Ei,0.0
2022-01-09,Oran,PML,Es,0.158
2022-01-09,TzM,PML,Es,0.0288461538461538
2022-01-17,Oran,PML,Ec,0.1046666666666666
2022-01-17,TzM,PML,Ec,0.089059829059829
2022-01-17,Oran,PML,Ei,0.0
2022-01-17,TzM,PML,Ei,0.0
2022-01-17,Oran,PML,Es,0.0970666666666666
2022-01-17,TzM,PML,Es,0.0186752136752136
2022-01-25,Oran,PML,Ec,0.1605333333333333
2022-01-25,TzM,PML,Ec,0.1335897435897436
2022-01-25,Oran,PML,Ei,0.0
2022-01-25,TzM,PML,Ei,0.0
2022-01-25,Oran,PML,Es,0.2402666666666666
2022-01-25,TzM,PML,Es,0.1057692307692307
2022-02-02,Oran,PML,Ec,0.1985333333333333
2022-02-02,TzM,PML,Ec,0.1408547008547008
2022-02-02,Oran,PML,Ei,0.0
2022-02-02,TzM,PML,Ei,0.0
2022-02-02,Oran,PML,Es,0.116
2022-02-02,TzM,PML,Es,0.3153846153846154
2022-02-10,Oran,PML,Ec,0.2325333333333333
2022-02-10,TzM,PML,Ec,0.1435897435897436
2022-02-10,Oran,PML,Ei,0.0090666666666666
2022-02-10,TzM,PML,Ei,0.0
2022-02-10,Oran,PML,Es,0.4296
2022-02-10,TzM,PML,Es,0.3113247863247863
2022-02-18,Oran,PML,Ec,0.2616
2022-02-18,TzM,PML,Ec,0.1608547008547008
2022-02-18,Oran,PML,Ei,0.0090666666666666
2022-02-18,TzM,PML,Ei,0.0072649572649572
2022-02-18,Oran,PML,Es,0.6396000000000001
2022-02-18,TzM,PML,Es,0.5998290598290598
2022-02-26,Oran,PML,Ec,0.2578666666666667
2022-02-26,TzM,PML,Ec,0.1788461538461538
2022-02-26,Oran,PML,Ei,0.0
2022-02-26,TzM,PML,Ei,0.0
2022-02-26,Oran,PML,Es,0.6556000000000001
2022-02-26,TzM,PML,Es,0.7476923076923077
2022-03-06,Oran,PML,Ec,0.2710666666666666
2022-03-06,TzM,PML,Ec,0.1708547008547008
2022-03-06,Oran,PML,Ei,0.0
2022-03-06,TzM,PML,Ei,0.0
2022-03-06,Oran,PML,Es,0.6773333333333333
2022-03-06,TzM,PML,Es,0.8732905982905982
2022-03-14,Oran,PML,Ec,0.1802666666666666
2022-03-14,TzM,PML,Ec,0.099059829059829
2022-03-14,Oran,PML,Ei,0.02
2022-03-14,TzM,PML,Ei,0.0145299145299145
2022-03-14,Oran,PML,Es,0.7578666666666667
2022-03-14,TzM,PML,Es,0.7945299145299146
2022-03-22,Oran,PML,Ec,0.2117333333333333
2022-03-22,TzM,PML,Ec,0.1364957264957265
2022-03-22,Oran,PML,Ei,0.0229333333333333
2022-03-22,TzM,PML,Ei,0.0145299145299145
2022-03-22,Oran,PML,Es,0.8527999999999999
2022-03-22,TzM,PML,Es,0.804871794871795
2022-03-30,Oran,PML,Ec,0.4291999999999999
2022-03-30,TzM,PML,Ec,0.2871794871794872
2022-03-30,Oran,PML,Ei,0.0429333333333333
2022-03-30,TzM,PML,Ei,0.0145299145299145
2022-03-30,Oran,PML,Es,0.9762666666666666
2022-03-30,TzM,PML,Es,0.9665384615384616
2022-04-07,Oran,PML,Ec,0.9048
2022-04-07,TzM,PML,Ec,0.4252991452991453
2022-04-07,Oran,PML,Ei,0.1308
2022-04-07,TzM,PML,Ei,0.0463247863247863
2022-04-07,Oran,PML,Es,0.9934666666666668
2022-04-07,TzM,PML,Es,1.1921367521367523
2022-04-15,Oran,PML,Ec,1.4106666666666663
2022-04-15,TzM,PML,Ec,0.671068376068376
2022-04-15,Oran,PML,Ei,0.1298666666666666
2022-04-15,TzM,PML,Ei,0.0245299145299145
2022-04-15,Oran,PML,Es,0.8677333333333332
2022-04-15,TzM,PML,Es,1.376282051282051
2022-04-23,Oran,PML,Ec,1.6953333333333334
2022-04-23,TzM,PML,Ec,0.612008547008547
2022-04-23,Oran,PML,Ei,0.1911999999999999
2022-04-23,TzM,PML,Ei,0.0608547008547008
2022-04-23,Oran,PML,Es,0.7306666666666667
2022-04-23,TzM,PML,Es,1.4223504273504273
2022-05-01,Oran,PML,Ec,2.1893333333333334
2022-05-01,TzM,PML,Ec,0.7846153846153845
2022-05-01,Oran,PML,Ei,0.2537333333333333
2022-05-01,TzM,PML,Ei,0.0476495726495726
2022-05-01,Oran,PML,Es,0.7071999999999998
2022-05-01,TzM,PML,Es,1.6495726495726497
2022-05-09,Oran,PML,Ec,2.867733333333333
2022-05-09,TzM,PML,Ec,1.1676923076923078
2022-05-09,Oran,PML,Ei,0.0
2022-05-09,TzM,PML,Ei,0.0
2022-05-09,Oran,PML,Es,0.8932
2022-05-09,TzM,PML,Es,1.868119658119658
2022-05-17,Oran,PML,Ec,2.8496
2022-05-17,TzM,PML,Ec,1.0876923076923075
2022-05-17,Oran,PML,Ei,0.0190666666666666
2022-05-17,TzM,PML,Ei,0.0072649572649572
2022-05-17,Oran,PML,Es,1.1190666666666669
2022-05-17,TzM,PML,Es,2.0967948717948715
2022-05-25,Oran,PML,Ec,2.268933333333333
2022-05-25,TzM,PML,Ec,1.083162393162393
2022-05-25,Oran,PML,Ei,0.0
2022-05-25,TzM,PML,Ei,0.0
2022-05-25,Oran,PML,Es,1.464
2022-05-25,TzM,PML,Es,1.0482478632478631
2022-06-02,Oran,PML,Ec,1.6113333333333335
2022-06-02,TzM,PML,Ec,0.9801282051282052
2022-06-02,Oran,PML,Ei,0.0021333333333333
2022-06-02,TzM,PML,Ei,0.0
2022-06-02,Oran,PML,Es,0.1190666666666666
2022-06-02,TzM,PML,Es,0.1415811965811965
2022-06-10,Oran,PML,Ec,1.1471999999999998
2022-06-10,TzM,PML,Ec,1.0722222222222222
2022-06-10,Oran,PML,Ei,0.0061333333333333
2022-06-10,TzM,PML,Ei,0.0145299145299145
2022-06-10,Oran,PML,Es,0.2584
2022-06-10,TzM,PML,Es,0.5542307692307693
2022-06-18,Oran,PML,Ec,0.768
2022-06-18,TzM,PML,Ec,0.9627777777777778
2022-06-18,Oran,PML,Ei,0.0
2022-06-18,TzM,PML,Ei,0.0
2022-06-18,Oran,PML,Es,0.1742666666666666
2022-06-18,TzM,PML,Es,0.4
2022-06-26,Oran,PML,Ec,0.5910666666666666
2022-06-26,TzM,PML,Ec,0.8133333333333334
2022-06-26,Oran,PML,Ei,0.0061333333333333
2022-06-26,TzM,PML,Ei,0.0072649572649572
2022-06-26,Oran,PML,Es,0.55
2022-06-26,TzM,PML,Es,0.6599145299145299
2022-07-04,Oran,PML,Ec,0.566
2022-07-04,TzM,PML,Ec,0.8359829059829059
2022-07-04,Oran,PML,Ei,0.0
2022-07-04,TzM,PML,Ei,0.0072649572649572
2022-07-04,Oran,PML,Es,0.6064
2022-07-04,TzM,PML,Es,0.9465384615384616
2022-07-12,Oran,PML,Ec,0.51
2022-07-12,TzM,PML,Ec,0.8923076923076922
2022-07-12,Oran,PML,Ei,0.0
2022-07-12,TzM,PML,Ei,0.0
2022-07-12,Oran,PML,Es,0.4541333333333333
2022-07-12,TzM,PML,Es,0.4884188034188034
2022-07-20,Oran,PML,Ec,0.51
2022-07-20,TzM,PML,Ec,1.0504273504273502
2022-07-20,Oran,PML,Ei,0.0
2022-07-20,TzM,PML,Ei,0.0
2022-07-20,Oran,PML,Es,0.4101333333333333
2022-07-20,TzM,PML,Es,0.4423931623931624
2022-07-28,Oran,PML,Ec,0.47
2022-07-28,TzM,PML,Ec,1.0404273504273505
2022-07-28,Oran,PML,Ei,0.0
2022-07-28,TzM,PML,Ei,0.0145299145299145
2022-07-28,Oran,PML,Es,0.12
2022-07-28,TzM,PML,Es,0.5257692307692309
2022-08-05,Oran,PML,Ec,0.48
2022-08-05,TzM,PML,Ec,1.2011965811965812
2022-08-05,Oran,PML,Ei,0.0
2022-08-05,TzM,PML,Ei,0.0059401709401709
2022-08-05,Oran,PML,Es,0.13
2022-08-05,TzM,PML,Es,0.3113247863247863
2022-08-13,Oran,PML,Ec,0.5015999999999999
2022-08-13,TzM,PML,Ec,1.071196581196581
2022-08-13,Oran,PML,Ei,0.0029333333333333
2022-08-13,TzM,PML,Ei,0.0172649572649572
2022-08-13,Oran,PML,Es,0.3602666666666666
2022-08-13,TzM,PML,Es,0.5640598290598291
2022-08-21,Oran,PML,Ec,0.5855999999999999
2022-08-21,TzM,PML,Ec,1.0984615384615386
2022-08-21,Oran,PML,Ei,0.0069333333333333
2022-08-21,TzM,PML,Ei,0.0232051282051282
2022-08-21,Oran,PML,Es,0.6073333333333334
2022-08-21,TzM,PML,Es,1.0436324786324789
2022-08-29,Oran,PML,Ec,0.5556
2022-08-29,TzM,PML,Ec,1.0207264957264957
2022-08-29,Oran,PML,Ei,0.0
2022-08-29,TzM,PML,Ei,0.0072649572649572
2022-08-29,Oran,PML,Es,0.5950666666666666
2022-08-29,TzM,PML,Es,0.77
2022-09-06,Oran,PML,Ec,0.5522666666666667
2022-09-06,TzM,PML,Ec,0.9225213675213676
2022-09-06,Oran,PML,Ei,0.0481333333333333
2022-09-06,TzM,PML,Ei,0.045
2022-09-06,Oran,PML,Es,1.7248
2022-09-06,TzM,PML,Es,1.280598290598291
2022-09-14,Oran,PML,Ec,0.3419999999999999
2022-09-14,TzM,PML,Ec,0.7793162393162394
2022-09-14,Oran,PML,Ei,0.0
2022-09-14,TzM,PML,Ei,0.0
2022-09-14,Oran,PML,Es,1.7685333333333335
2022-09-14,TzM,PML,Es,1.1051709401709402
2022-09-22,Oran,PML,Ec,0.3077333333333333
2022-09-22,TzM,PML,Ec,0.5679914529914529
2022-09-22,Oran,PML,Ei,0.0
2022-09-22,TzM,PML,Ei,0.0
2022-09-22,Oran,PML,Es,1.3337333333333334
2022-09-22,TzM,PML,Es,0.7338888888888889
2022-09-30,Oran,PML,Ec,0.2877333333333333
2022-09-30,TzM,PML,Ec,0.5707264957264957
2022-09-30,Oran,PML,Ei,0.01
2022-09-30,TzM,PML,Ei,0.0072649572649572
2022-09-30,Oran,PML,Es,1.2904
2022-09-30,TzM,PML,Es,0.8666239316239315
2022-10-08,Oran,PML,Ec,0.23
2022-10-08,TzM,PML,Ec,0.4152991452991453
2022-10-08,Oran,PML,Ei,0.0
2022-10-08,TzM,PML,Ei,0.0
2022-10-08,Oran,PML,Es,0.3993333333333332
2022-10-08,TzM,PML,Es,0.2414102564102564
2022-10-16,Oran,PML,Ec,0.22
2022-10-16,TzM,PML,Ec,0.3647863247863248
2022-10-16,Oran,PML,Ei,0.01
2022-10-16,TzM,PML,Ei,0.0132051282051282
2022-10-16,Oran,PML,Es,0.7685333333333334
2022-10-16,TzM,PML,Es,0.5325641025641026
2022-10-24,Oran,PML,Ec,0.2293333333333333
2022-10-24,TzM,PML,Ec,0.3243162393162393
2022-10-24,Oran,PML,Ei,0.0
2022-10-24,TzM,PML,Ei,0.0059401709401709
2022-10-24,Oran,PML,Es,0.4604
2022-10-24,TzM,PML,Es,0.2827350427350427
2022-11-01,Oran,PML,Ec,0.2915999999999999
2022-11-01,TzM,PML,Ec,0.2644444444444445
2022-11-01,Oran,PML,Ei,0.0
2022-11-01,TzM,PML,Ei,0.0
2022-11-01,Oran,PML,Es,0.3418666666666667
2022-11-01,TzM,PML,Es,0.3298290598290598
2022-11-09,Oran,PML,Ec,0.1644
2022-11-09,TzM,PML,Ec,0.1435897435897436
2022-11-09,Oran,PML,Ei,0.0090666666666666
2022-11-09,TzM,PML,Ei,0.0072649572649572
2022-11-09,Oran,PML,Es,0.3497333333333333
2022-11-09,TzM,PML,Es,0.2570940170940171
2022-11-17,Oran,PML,Ec,0.1353333333333333
2022-11-17,TzM,PML,Ec,0.1037606837606837
2022-11-17,Oran,PML,Ei,0.01
2022-11-17,TzM,PML,Ei,0.0132051282051282
2022-11-17,Oran,PML,Es,0.2588
2022-11-17,TzM,PML,Es,0.0782478632478632
2022-11-25,Oran,PML,Ec,0.1568
2022-11-25,TzM,PML,Ec,0.109059829059829
2022-11-25,Oran,PML,Ei,0.0
2022-11-25,TzM,PML,Ei,0.0
2022-11-25,Oran,PML,Es,0.1516
2022-11-25,TzM,PML,Es,0.128076923076923
2022-12-03,Oran,PML,Ec,0.0784
2022-12-03,TzM,PML,Ec,0.0472649572649572
2022-12-03,Oran,PML,Ei,0.01
2022-12-03,TzM,PML,Ei,0.0072649572649572
2022-12-03,Oran,PML,Es,0.2525333333333333
2022-12-03,TzM,PML,Es,0.1259401709401709
2022-12-11,Oran,PML,Ec,0.0845333333333333
2022-12-11,TzM,PML,Ec,0.0172649572649572
2022-12-11,Oran,PML,Ei,0.0361333333333333
2022-12-11,TzM,PML,Ei,0.0072649572649572
2022-12-11,Oran,PML,Es,0.0777333333333333
2022-12-11,TzM,PML,Es,0.0364102564102564
2022-12-19,Oran,PML,Ec,0.1524
2022-12-19,TzM,PML,Ec,0.0445299145299145
2022-12-19,Oran,PML,Ei,0.0
2022-12-19,TzM,PML,Ei,0.0
2022-12-19,Oran,PML,Es,0.1329333333333333
2022-12-19,TzM,PML,Es,0.0118803418803418
2022-12-27,Oran,PML,Ec,0.1532
2022-12-27,TzM,PML,Ec,0.0
2022-12-27,Oran,PML,Ei,0.0
2022-12-27,TzM,PML,Ei,0.0
2022-12-27,Oran,PML,Es,0.0761333333333333
2022-12-27,TzM,PML,Es,0.0
2023-01-01,Oran,PML,Ec,0.17
2023-01-01,TzM,PML,Ec,0.0445299145299145
2023-01-01,Oran,PML,Ei,0.0
2023-01-01,TzM,PML,Ei,0.0
2023-01-01,Oran,PML,Es,0.1149333333333333
2023-01-01,TzM,PML,Es,0.0446153846153846
2023-01-09,Oran,PML,Ec,0.16
2023-01-09,TzM,PML,Ec,0.0372649572649572
2023-01-09,Oran,PML,Ei,0.0
2023-01-09,TzM,PML,Ei,0.0
2023-01-09,Oran,PML,Es,0.08
2023-01-09,TzM,PML,Es,0.0688461538461538
2023-01-17,Oran,PML,Ec,0.1353333333333333
2023-01-17,TzM,PML,Ec,0.0372649572649572
2023-01-17,Oran,PML,Ei,0.0
2023-01-17,TzM,PML,Ei,0.0
2023-01-17,Oran,PML,Es,0.0678666666666666
2023-01-17,TzM,PML,Es,0.19
2023-01-25,Oran,PML,Ec,0.1553333333333333
2023-01-25,TzM,PML,Ec,0.0445299145299145
2023-01-25,Oran,PML,Ei,0.0
2023-01-25,TzM,PML,Ei,0.0
2023-01-25,Oran,PML,Es,0.05
2023-01-25,TzM,PML,Es,0.2011538461538461
2023-02-02,Oran,PML,Ec,0.18
2023-02-02,TzM,PML,Ec,0.0517948717948718
2023-02-02,Oran,PML,Ei,0.0
2023-02-02,TzM,PML,Ei,0.0
2023-02-02,Oran,PML,Es,0.01
2023-02-02,TzM,PML,Es,0.07
2023-02-10,Oran,PML,Ec,0.122
2023-02-10,TzM,PML,Ec,0.0345299145299145
2023-02-10,Oran,PML,Ei,0.024
2023-02-10,TzM,PML,Ei,0.0
2023-02-10,Oran,PML,Es,0.3041333333333332
2023-02-10,TzM,PML,Es,0.27
2023-02-18,Oran,PML,Ec,0.2729333333333333
2023-02-18,TzM,PML,Ec,0.0823931623931623
2023-02-18,Oran,PML,Ei,0.0
2023-02-18,TzM,PML,Ei,0.0
2023-02-18,Oran,PML,Es,0.5709333333333334
2023-02-18,TzM,PML,Es,0.5545299145299145
2023-02-26,Oran,PML,Ec,0.29
2023-02-26,TzM,PML,Ec,0.071068376068376
2023-02-26,Oran,PML,Ei,0.0
2023-02-26,TzM,PML,Ei,0.0
2023-02-26,Oran,PML,Es,0.66
2023-02-26,TzM,PML,Es,0.7347863247863248
2023-03-06,Oran,PML,Ec,0.416
2023-03-06,TzM,PML,Ec,0.1508547008547008
2023-03-06,Oran,PML,Ei,0.024
2023-03-06,TzM,PML,Ei,0.0
2023-03-06,Oran,PML,Es,1.0661333333333336
2023-03-06,TzM,PML,Es,0.7912393162393163
2023-03-14,Oran,PML,Ec,0.6
2023-03-14,TzM,PML,Ec,0.2285470085470085
2023-03-14,Oran,PML,Ei,0.0
2023-03-14,TzM,PML,Ei,0.0
2023-03-14,Oran,PML,Es,0.8162666666666667
2023-03-14,TzM,PML,Es,0.1588461538461538
2023-03-22,Oran,PML,Ec,0.73
2023-03-22,TzM,PML,Ec,0.3852991452991453
2023-03-22,Oran,PML,Ei,0.0
2023-03-22,TzM,PML,Ei,0.0
2023-03-22,Oran,PML,Es,0.7189333333333332
2023-03-22,TzM,PML,Es,0.03
2023-03-30,Oran,PML,Ec,0.6900000000000001
2023-03-30,TzM,PML,Ec,0.3865811965811965
2023-03-30,Oran,PML,Ei,0.01
2023-03-30,TzM,PML,Ei,0.0
2023-03-30,Oran,PML,Es,0.8210666666666667
2023-03-30,TzM,PML,Es,0.0786752136752136
2023-04-07,Oran,PML,Ec,0.8300000000000001
2023-04-07,TzM,PML,Ec,0.5591025641025642
2023-04-07,Oran,PML,Ei,0.02
2023-04-07,TzM,PML,Ei,0.0
2023-04-07,Oran,PML,Es,0.55
2023-04-07,TzM,PML,Es,0.05
2023-04-15,Oran,PML,Ec,0.7750666666666667
2023-04-15,TzM,PML,Ec,0.5434188034188034
2023-04-15,Oran,PML,Ei,0.0
2023-04-15,TzM,PML,Ei,0.0
2023-04-15,Oran,PML,Es,0.5137333333333333
2023-04-15,TzM,PML,Es,0.06
2023-04-23,Oran,PML,Ec,0.8604
2023-04-23,TzM,PML,Ec,0.7823931623931625
2023-04-23,Oran,PML,Ei,0.01
2023-04-23,TzM,PML,Ei,0.0
2023-04-23,Oran,PML,Es,0.7074666666666666
2023-04-23,TzM,PML,Es,0.08
2023-05-01,Oran,PML,Ec,0.8526666666666667
2023-05-01,TzM,PML,Ec,0.8169230769230769
2023-05-01,Oran,PML,Ei,0.0352
2023-05-01,TzM,PML,Ei,0.0072649572649572
2023-05-01,Oran,PML,Es,1.4088
2023-05-01,TzM,PML,Es,0.3127350427350427
2023-05-09,Oran,PML,Ec,0.6961333333333333
2023-05-09,TzM,PML,Ec,0.6988034188034188
2023-05-09,Oran,PML,Ei,0.0
2023-05-09,TzM,PML,Ei,0.0
2023-05-09,Oran,PML,Es,0.9670666666666669
2023-05-09,TzM,PML,Es,0.2927350427350427
2023-05-17,Oran,PML,Ec,0.5021333333333333
2023-05-17,TzM,PML,Ec,0.5563247863247862
2023-05-17,Oran,PML,Ei,0.0442666666666666
2023-05-17,TzM,PML,Ei,0.0217948717948717
2023-05-17,Oran,PML,Es,1.5062666666666664
2023-05-17,TzM,PML,Es,0.662905982905983
2023-05-25,Oran,PML,Ec,0.5836
2023-05-25,TzM,PML,Ec,0.5674786324786325
2023-05-25,Oran,PML,Ei,0.1327999999999999
2023-05-25,TzM,PML,Ei,0.0681196581196581
2023-05-25,Oran,PML,Es,1.924666666666667
2023-05-25,TzM,PML,Es,1.6429487179487177
2023-06-02,Oran,PML,Ec,0.6192
2023-06-02,TzM,PML,Ec,0.7576923076923077
2023-06-02,Oran,PML,Ei,0.0311999999999999
2023-06-02,TzM,PML,Ei,0.0232051282051282
2023-06-02,Oran,PML,Es,2.3602666666666665
2023-06-02,TzM,PML,Es,1.7153418803418805
2023-06-10,Oran,PML,Ec,1.0005333333333333
2023-06-10,TzM,PML,Ec,1.0881623931623932
2023-06-10,Oran,PML,Ei,0.0
2023-06-10,TzM,PML,Ei,0.0072649572649572
2023-06-10,Oran,PML,Es,3.028266666666666
2023-06-10,TzM,PML,Es,2.274017094017094
2023-06-18,Oran,PML,Ec,1.0404
2023-06-18,TzM,PML,Ec,1.0289316239316235
2023-06-18,Oran,PML,Ei,0.0390666666666666
2023-06-18,TzM,PML,Ei,0.0654700854700854
2023-06-18,Oran,PML,Es,2.609333333333333
2023-06-18,TzM,PML,Es,2.1245726495726496
2023-06-26,Oran,PML,Ec,1.2005333333333332
2023-06-26,TzM,PML,Ec,1.2258119658119655
2023-06-26,Oran,PML,Ei,0.02
2023-06-26,TzM,PML,Ei,0.0304700854700854
2023-06-26,Oran,PML,Es,2.0396
2023-06-26,TzM,PML,Es,2.5644444444444443
2023-07-04,Oran,PML,Ec,1.2066666666666666
2023-07-04,TzM,PML,Ec,1.2126068376068375
2023-07-04,Oran,PML,Ei,0.0190666666666666
2023-07-04,TzM,PML,Ei,0.0059401709401709
2023-07-04,Oran,PML,Es,1.4522666666666666
2023-07-04,TzM,PML,Es,2.12
2023-07-12,Oran,PML,Ec,1.2666666666666666
2023-07-12,TzM,PML,Ec,1.2748717948717951
2023-07-12,Oran,PML,Ei,0.0
2023-07-12,TzM,PML,Ei,0.0
2023-07-12,Oran,PML,Es,1.434
2023-07-12,TzM,PML,Es,1.9433333333333331
2023-07-20,Oran,PML,Ec,1.1094666666666668
2023-07-20,TzM,PML,Ec,1.0244871794871795
2023-07-20,Oran,PML,Ei,0.0
2023-07-20,TzM,PML,Ei,0.0
2023-07-20,Oran,PML,Es,0.7077333333333334
2023-07-20,TzM,PML,Es,0.6517948717948718
2023-07-28,Oran,PML,Ec,1.0804
2023-07-28,TzM,PML,Ec,1.0504273504273505
2023-07-28,Oran,PML,Ei,0.0
2023-07-28,TzM,PML,Ei,0.0
2023-07-28,Oran,PML,Es,0.3432
2023-07-28,TzM,PML,Es,0.11
2023-08-05,Oran,PML,Ec,1.0150666666666663
2023-08-05,TzM,PML,Ec,1.0258974358974358
2023-08-05,Oran,PML,Ei,0.0
2023-08-05,TzM,PML,Ei,0.0
2023-08-05,Oran,PML,Es,0.078
2023-08-05,TzM,PML,Es,0.04
2023-08-13,Oran,PML,Ec,0.9285333333333334
2023-08-13,TzM,PML,Ec,0.9854273504273504
2023-08-13,Oran,PML,Ei,0.0090666666666666
2023-08-13,TzM,PML,Ei,0.0
2023-08-13,Oran,PML,Es,0.2338666666666666
2023-08-13,TzM,PML,Es,0.0
2023-08-21,Oran,PML,Ec,0.7574666666666666
2023-08-21,TzM,PML,Ec,0.9422222222222224
2023-08-21,Oran,PML,Ei,0.0
2023-08-21,TzM,PML,Ei,0.0
2023-08-21,Oran,PML,Es,0.2752
2023-08-21,TzM,PML,Es,0.04
2023-08-29,Oran,PML,Ec,0.5498666666666666
2023-08-29,TzM,PML,Ec,0.6921367521367522
2023-08-29,Oran,PML,Ei,0.0529333333333333
2023-08-29,TzM,PML,Ei,0.045
2023-08-29,Oran,PML,Es,1.4878666666666664
2023-08-29,TzM,PML,Es,0.9282905982905982
2023-09-06,Oran,PML,Ec,0.4981333333333333
2023-09-06,TzM,PML,Ec,0.6038034188034188
2023-09-06,Oran,PML,Ei,0.0090666666666666
2023-09-06,TzM,PML,Ei,0.0
2023-09-06,Oran,PML,Es,1.884
2023-09-06,TzM,PML,Es,1.19525641025641
2023-09-14,Oran,PML,Ec,0.3969333333333333
2023-09-14,TzM,PML,Ec,0.5375213675213675
2023-09-14,Oran,PML,Ei,0.01
2023-09-14,TzM,PML,Ei,0.0204700854700854
2023-09-14,Oran,PML,Es,1.7419999999999998
2023-09-14,TzM,PML,Es,1.1286752136752136
2023-09-22,Oran,PML,Ec,0.4010666666666666
2023-09-22,TzM,PML,Ec,0.678931623931624
2023-09-22,Oran,PML,Ei,0.0
2023-09-22,TzM,PML,Ei,0.0
2023-09-22,Oran,PML,Es,1.8367999999999995
2023-09-22,TzM,PML,Es,1.2543162393162393
2023-09-30,Oran,PML,Ec,0.434
2023-09-30,TzM,PML,Ec,0.5924786324786324
2023-09-30,Oran,PML,Ei,0.0
2023-09-30,TzM,PML,Ei,0.0
2023-09-30,Oran,PML,Es,0.6229333333333332
2023-09-30,TzM,PML,Es,0.5199145299145299
2023-10-08,Oran,PML,Ec,0.3077333333333333
2023-10-08,TzM,PML,Ec,0.4816239316239316
2023-10-08,Oran,PML,Ei,0.0
2023-10-08,TzM,PML,Ei,0.0
2023-10-08,Oran,PML,Es,0.4506666666666666
2023-10-08,TzM,PML,Es,0.442991452991453
2023-10-16,Oran,PML,Ec,0.16
2023-10-16,TzM,PML,Ec,0.2479059829059828
2023-10-16,Oran,PML,Ei,0.01
2023-10-16,TzM,PML,Ei,0.0132051282051282
2023-10-16,Oran,PML,Es,0.3401333333333333
2023-10-16,TzM,PML,Es,0.2113247863247863
2023-10-24,Oran,PML,Ec,0.15
2023-10-24,TzM,PML,Ec,0.1708547008547008
2023-10-24,Oran,PML,Ei,0.02
2023-10-24,TzM,PML,Ei,0.0217948717948717
2023-10-24,Oran,PML,Es,0.6777333333333334
2023-10-24,TzM,PML,Es,0.497991452991453
2023-11-01,Oran,PML,Ec,0.1244
2023-11-01,TzM,PML,Ec,0.1435897435897436
2023-11-01,Oran,PML,Ei,0.0
2023-11-01,TzM,PML,Ei,0.0
2023-11-01,Oran,PML,Es,0.4598666666666667
2023-11-01,TzM,PML,Es,0.1867094017094017
2023-11-09,Oran,PML,Ec,0.1525333333333333
2023-11-09,TzM,PML,Ec,0.1681196581196581
2023-11-09,Oran,PML,Ei,0.0
2023-11-09,TzM,PML,Ei,0.0
2023-11-09,Oran,PML,Es,0.2826666666666667
2023-11-09,TzM,PML,Es,0.114017094017094
2023-11-17,Oran,PML,Ec,0.16
2023-11-17,TzM,PML,Ec,0.1508547008547008
2023-11-17,Oran,PML,Ei,0.0
2023-11-17,TzM,PML,Ei,0.0
2023-11-17,Oran,PML,Es,0.2
2023-11-17,TzM,PML,Es,0.088076923076923
2023-11-25,Oran,PML,Ec,0.1143999999999999
2023-11-25,TzM,PML,Ec,0.099059829059829
2023-11-25,Oran,PML,Ei,0.0
2023-11-25,TzM,PML,Ei,0.0
2023-11-25,Oran,PML,Es,0.1009333333333333
2023-11-25,TzM,PML,Es,0.0755982905982906
2023-12-03,Oran,PML,Ec,0.0762666666666666
2023-12-03,TzM,PML,Ec,0.0617948717948718
2023-12-03,Oran,PML,Ei,0.0
2023-12-03,TzM,PML,Ei,0.0
2023-12-03,Oran,PML,Es,0.2257333333333333
2023-12-03,TzM,PML,Es,0.1686752136752136
2023-12-11,Oran,PML,Ec,0.1093333333333333
2023-12-11,TzM,PML,Ec,0.099059829059829
2023-12-11,Oran,PML,Ei,0.0
2023-12-11,TzM,PML,Ei,0.0
2023-12-11,Oran,PML,Es,0.0547999999999999
2023-12-11,TzM,PML,Es,0.0
2023-12-19,Oran,PML,Ec,0.1234666666666666
2023-12-19,TzM,PML,Ec,0.107051282051282
2023-12-19,Oran,PML,Ei,0.0
2023-12-19,TzM,PML,Ei,0.0
2023-12-19,Oran,PML,Es,0.0
2023-12-19,TzM,PML,Es,0.0
2023-12-27,Oran,PML,Ec,0.1053333333333333
2023-12-27,TzM,PML,Ec,0.0517948717948718
2023-12-27,Oran,PML,Ei,0.0
2023-12-27,TzM,PML,Ei,0.0
2023-12-27,Oran,PML,Es,0.0248
2023-12-27,TzM,PML,Es,0.0
2018-01-01,Oran,S2,NDVI,0.18982535632494912
2018-01-01,Oran,S2,NDVI,0.18491039845577384
2018-01-01,TzM,S2,NDVI,0.17925989013592217
2018-01-04,Oran,S2,NDVI,0.15182756919364157
2018-01-16,Oran,S2,NDVI,0.1708688334438095
2018-01-16,Oran,S2,NDVI,0.1614773864530644
2018-01-16,TzM,S2,NDVI,0.1565956013395547
2018-01-21,Oran,S2,NDVI,0.16942927013858694
2018-01-21,Oran,S2,NDVI,0.15547188220983388
2018-01-21,TzM,S2,NDVI,0.1427529665023732
2018-01-26,Oran,S2,NDVI,0.11008766629297345
2018-01-26,TzM,S2,NDVI,0.19390809451722607
2018-01-29,Oran,S2,NDVI,0.013542292961691717
2018-01-29,TzM,S2,NDVI,0.181659572475322
2018-01-31,Oran,S2,NDVI,0.18208007733928488
2018-01-31,Oran,S2,NDVI,0.18113945973618753
2018-01-31,TzM,S2,NDVI,0.04087545395796495
2018-02-08,Oran,S2,NDVI,0.1605235234125958
2018-02-08,Oran,S2,NDVI,0.16880485086167296
2018-02-08,TzM,S2,NDVI,0.17740534089874385
2018-02-13,Oran,S2,NDVI,0.16710996423993374
2018-02-15,Oran,S2,NDVI,0.16581605748965156
2018-02-15,Oran,S2,NDVI,0.16653942130851632
2018-02-15,TzM,S2,NDVI,0.1681163491747634
2018-02-20,Oran,S2,NDVI,0.13564426603363577
2018-02-20,Oran,S2,NDVI,0.14371423264314392
2018-02-20,TzM,S2,NDVI,0.15243165283005095
2018-03-07,Oran,S2,NDVI,0.156833762730385
2018-03-07,Oran,S2,NDVI,0.15321251246623718
2018-03-07,TzM,S2,NDVI,0.20052817999272066
2018-03-10,Oran,S2,NDVI,0.1562437108307918
2018-03-12,Oran,S2,NDVI,0.1746339349029888
2018-03-22,Oran,S2,NDVI,0.18979894950903467
2018-03-22,Oran,S2,NDVI,0.18748475998681
2018-03-22,TzM,S2,NDVI,0.20607311668769523
2018-03-27,Oran,S2,NDVI,0.19692958641306457
2018-03-27,Oran,S2,NDVI,0.19613713960257975
2018-03-27,TzM,S2,NDVI,0.20885596098796663
2018-03-27,Oran,S2,NDVI,0.19571191235210827
2018-03-27,Oran,S2,NDVI,0.1993171558882177
2018-04-14,Oran,S2,NDVI,0.23981268994721794
2018-04-14,Oran,S2,NDVI,0.2405640503709891
2018-04-14,TzM,S2,NDVI,0.255172111572492
2018-04-16,Oran,S2,NDVI,0.12599027175922656
2018-04-19,Oran,S2,NDVI,0.2724689925905587
2018-04-19,Oran,S2,NDVI,0.2750115875167251
2018-04-19,TzM,S2,NDVI,0.28348381333262956
2018-04-26,Oran,S2,NDVI,0.2970682775761684
2018-04-26,Oran,S2,NDVI,0.3019588889028089
2018-04-26,TzM,S2,NDVI,0.2849038363959678
2018-05-01,Oran,S2,NDVI,0.37514178237787066
2018-05-01,TzM,S2,NDVI,0.286375867717803
2018-05-04,Oran,S2,NDVI,0.3840141752585897
2018-05-04,Oran,S2,NDVI,0.386146302776862
2018-05-04,TzM,S2,NDVI,0.28353515429642084
2018-05-09,Oran,S2,NDVI,0.46505026119431936
2018-05-09,TzM,S2,NDVI,0.2820210510621477
2018-05-11,Oran,S2,NDVI,0.46579418743040435
2018-05-14,Oran,S2,NDVI,0.46243084565387216
2018-05-14,Oran,S2,NDVI,0.46042153013391557
2018-05-14,TzM,S2,NDVI,0.29047278974557206
2018-05-16,Oran,S2,NDVI,0.4727961461552697
2018-05-16,Oran,S2,NDVI,0.4750910948856962
2018-05-16,TzM,S2,NDVI,0.2927411654006697
2018-05-19,Oran,S2,NDVI,0.004051424263969974
2018-05-19,Oran,S2,NDVI,0.0021780869924105527
2018-05-19,TzM,S2,NDVI,0.27393829356929533
2018-05-21,Oran,S2,NDVI,0.03277150048610321
2018-05-21,TzM,S2,NDVI,0.2810626015387479
2018-06-13,Oran,S2,NDVI,0.49588914966221825
2018-06-13,Oran,S2,NDVI,0.4875205110295827
2018-06-13,TzM,S2,NDVI,0.2441717297733727
2018-06-15,Oran,S2,NDVI,0.45129012407919805
2018-06-15,Oran,S2,NDVI,0.4292579639842055
2018-06-15,TzM,S2,NDVI,0.23420632029167654
2018-06-18,Oran,S2,NDVI,0.42092866946299873
2018-06-18,Oran,S2,NDVI,0.42293105935433145
2018-06-18,TzM,S2,NDVI,0.23648239145256725
2018-06-20,Oran,S2,NDVI,0.39323471803021703
2018-06-20,Oran,S2,NDVI,0.3730421315957939
2018-06-20,TzM,S2,NDVI,0.21959914809223857
2018-06-23,Oran,S2,NDVI,0.3681830150683789
2018-06-23,Oran,S2,NDVI,0.3380973680240238
2018-06-23,TzM,S2,NDVI,0.22225267770289808
2018-06-25,Oran,S2,NDVI,0.3195118299142828
2018-06-25,Oran,S2,NDVI,0.28967423629674255
2018-06-25,TzM,S2,NDVI,0.23152226637654608
2018-06-28,Oran,S2,NDVI,0.2732675724204808
2018-06-30,Oran,S2,NDVI,0.26040791259323204
2018-06-30,Oran,S2,NDVI,0.24194720590484653
2018-06-30,TzM,S2,NDVI,0.15067615368630155
2018-07-03,Oran,S2,NDVI,0.2559675974122191
2018-07-03,Oran,S2,NDVI,0.23646871913085055
2018-07-03,TzM,S2,NDVI,0.21554221792179204
2018-07-05,Oran,S2,NDVI,0.2384742022662988
2018-07-05,Oran,S2,NDVI,0.23321216067142908
2018-07-05,TzM,S2,NDVI,0.21581183611769264
2018-07-08,Oran,S2,NDVI,0.23259399861812455
2018-07-08,Oran,S2,NDVI,0.2230706373587523
2018-07-08,TzM,S2,NDVI,0.20922662923021443
2018-07-10,Oran,S2,NDVI,0.18819715996511194
2018-07-10,Oran,S2,NDVI,0.1866020332182272
2018-07-10,TzM,S2,NDVI,0.2053062997212817
2018-07-13,Oran,S2,NDVI,0.18048809575713182
2018-07-13,Oran,S2,NDVI,0.1732919331626641
2018-07-13,TzM,S2,NDVI,0.19504032178973724
2018-07-15,Oran,S2,NDVI,0.1788852696065231
2018-07-15,Oran,S2,NDVI,0.1787349938502976
2018-07-15,TzM,S2,NDVI,0.2108489215151903
2018-07-18,Oran,S2,NDVI,0.18741383413515414
2018-07-18,Oran,S2,NDVI,0.1823085503832584
2018-07-18,TzM,S2,NDVI,0.2064389644197432
2018-07-20,Oran,S2,NDVI,0.19096190817612635
2018-07-20,Oran,S2,NDVI,0.17754648688701988
2018-07-20,TzM,S2,NDVI,0.2067362751152397
2018-07-23,Oran,S2,NDVI,0.19221713201411872
2018-07-23,Oran,S2,NDVI,0.19025451322360432
2018-07-23,TzM,S2,NDVI,0.20463910449144423
2018-07-28,Oran,S2,NDVI,0.1875683019527813
2018-07-28,Oran,S2,NDVI,0.18799676512838662
2018-07-28,TzM,S2,NDVI,0.21053984307556395
2018-07-30,Oran,S2,NDVI,0.17899008005481645
2018-07-30,Oran,S2,NDVI,0.17561606558610643
2018-07-30,TzM,S2,NDVI,0.20484746518110064
2018-08-02,Oran,S2,NDVI,0.1727080020547144
2018-08-02,Oran,S2,NDVI,0.1668808372527682
2018-08-02,TzM,S2,NDVI,0.20381931188655505
2018-08-04,Oran,S2,NDVI,0.1847061273795575
2018-08-04,Oran,S2,NDVI,0.17702304859064427
2018-08-04,TzM,S2,NDVI,0.21712082471097716
2018-08-07,Oran,S2,NDVI,0.17229724084939282
2018-08-07,Oran,S2,NDVI,0.17267836998817762
2018-08-07,TzM,S2,NDVI,0.20317462562414224
2018-08-09,Oran,S2,NDVI,0.1942136468135729
2018-08-09,Oran,S2,NDVI,0.18517147034778328
2018-08-09,TzM,S2,NDVI,0.2197114124282047
2018-08-12,Oran,S2,NDVI,0.00023327869753879502
2018-08-12,Oran,S2,NDVI,0.004060886900831024
2018-08-12,TzM,S2,NDVI,0.2021035295381374
2018-08-14,Oran,S2,NDVI,0.1898311211011187
2018-08-14,Oran,S2,NDVI,0.18618158764429069
2018-08-14,TzM,S2,NDVI,0.21668434962681737
2018-08-17,Oran,S2,NDVI,0.1961375037380268
2018-08-17,Oran,S2,NDVI,0.1819294106982856
2018-08-17,TzM,S2,NDVI,0.20924365958292795
2018-08-19,Oran,S2,NDVI,0.005813324955233108
2018-08-19,TzM,S2,NDVI,0.20882757966740886
2018-08-22,Oran,S2,NDVI,0.1831669560600956
2018-08-22,Oran,S2,NDVI,0.17595094976319017
2018-08-22,TzM,S2,NDVI,0.2088096360999103
2018-08-24,Oran,S2,NDVI,0.2040407656450859
2018-08-24,Oran,S2,NDVI,0.19640973991418859
2018-08-24,TzM,S2,NDVI,0.23278016646921304
2018-08-27,Oran,S2,NDVI,0.19856659836802837
2018-08-27,Oran,S2,NDVI,0.1920648062238649
2018-08-27,TzM,S2,NDVI,0.22267791129482925
2018-08-29,Oran,S2,NDVI,0.19070699329845098
2018-08-29,Oran,S2,NDVI,0.18559570393860902
2018-08-29,TzM,S2,NDVI,0.2262309683648686
2018-09-01,Oran,S2,NDVI,0.17925852487023045
2018-09-01,Oran,S2,NDVI,0.17391045641928093
2018-09-01,TzM,S2,NDVI,0.20668052483875896
2018-09-06,Oran,S2,NDVI,0.19855869350422317
2018-09-06,Oran,S2,NDVI,0.20262487249969804
2018-09-06,TzM,S2,NDVI,0.22541384573786152
2018-09-11,Oran,S2,NDVI,-0.027737651702069592
2018-09-11,TzM,S2,NDVI,0.14894102326003655
2018-09-13,Oran,S2,NDVI,0.20164138970974474
2018-09-13,Oran,S2,NDVI,0.20433521364276686
2018-09-13,TzM,S2,NDVI,0.2379369393224066
2018-09-16,Oran,S2,NDVI,0.2197025871154178
2018-09-16,Oran,S2,NDVI,0.2131863245235326
2018-09-16,TzM,S2,NDVI,0.2256065684687253
2018-09-18,Oran,S2,NDVI,0.20033753838833535
2018-09-18,Oran,S2,NDVI,0.20001113381208835
2018-09-18,TzM,S2,NDVI,0.22896030397137135
2018-09-21,Oran,S2,NDVI,0.2037459080268144
2018-09-21,Oran,S2,NDVI,0.2055986236604933
2018-09-21,TzM,S2,NDVI,0.24794564050538004
2018-09-23,Oran,S2,NDVI,0.2200787160643186
2018-09-23,Oran,S2,NDVI,0.21790694090993631
2018-09-23,TzM,S2,NDVI,0.26198407080675584
2018-09-26,Oran,S2,NDVI,0.026607063995376067
2018-09-26,TzM,S2,NDVI,0.2608793912067021
2018-09-28,Oran,S2,NDVI,0.2500797087891755
2018-09-28,Oran,S2,NDVI,0.24210471574956502
2018-09-28,TzM,S2,NDVI,0.29214617703687373
2018-10-01,Oran,S2,NDVI,0.20792540379595034
2018-10-01,Oran,S2,NDVI,0.2027010738650555
2018-10-01,TzM,S2,NDVI,0.2923330660396302
2018-10-03,Oran,S2,NDVI,0.24432126151394684
2018-10-03,Oran,S2,NDVI,0.23766412729587663
2018-10-03,TzM,S2,NDVI,0.29760162246462507
2018-10-06,Oran,S2,NDVI,0.2259327674221716
2018-10-06,Oran,S2,NDVI,0.22759506052223816
2018-10-06,TzM,S2,NDVI,0.291143093035004
2018-10-08,Oran,S2,NDVI,0.23418092585495526
2018-10-08,Oran,S2,NDVI,0.23780072621640172
2018-10-08,TzM,S2,NDVI,0.2942629408247321
2018-10-13,Oran,S2,NDVI,0.252825814605591
2018-10-13,Oran,S2,NDVI,0.24391828044589994
2018-10-13,TzM,S2,NDVI,0.30895343986052576
2018-10-16,Oran,S2,NDVI,0.24152758252314216
2018-10-16,TzM,S2,NDVI,0.3122034067539816
2018-10-23,Oran,S2,NDVI,0.24090058808875156
2018-10-23,TzM,S2,NDVI,0.3196027010040681
2018-11-07,Oran,S2,NDVI,0.1811170207532846
2018-12-05,Oran,S2,NDVI,0.32630833019486993
2018-12-05,Oran,S2,NDVI,0.32827926473918456
2018-12-05,TzM,S2,NDVI,0.34145065657486295
2018-12-07,Oran,S2,NDVI,0.38293663730869953
2018-12-07,Oran,S2,NDVI,0.3770399045644606
2018-12-07,TzM,S2,NDVI,0.11472013507188011
2018-12-10,Oran,S2,NDVI,0.3842037599829772
2018-12-10,TzM,S2,NDVI,0.3486287774965715
2018-12-12,Oran,S2,NDVI,0.34449507773452487
2018-12-17,Oran,S2,NDVI,0.43496708126206884
2018-12-17,Oran,S2,NDVI,0.4288871908994593
2018-12-17,TzM,S2,NDVI,0.29559980364898697
2018-12-20,Oran,S2,NDVI,0.04182953825853822
2018-12-22,Oran,S2,NDVI,0.0023114029913328827
2018-12-27,Oran,S2,NDVI,0.47337527522279155
2018-12-27,Oran,S2,NDVI,0.46787490539610527
2018-12-27,TzM,S2,NDVI,0.29367989141087447
2018-12-30,Oran,S2,NDVI,0.4905515169749214
2018-12-30,Oran,S2,NDVI,0.48714178773585737
2018-12-30,TzM,S2,NDVI,0.2936369803816532
2019-01-01,Oran,S2,NDVI,0.5016298522762617
2019-01-01,Oran,S2,NDVI,0.49710728689981276
2019-01-01,TzM,S2,NDVI,0.29707685265450956
2019-01-04,Oran,S2,NDVI,0.510414019376743
2019-01-04,Oran,S2,NDVI,0.5079644829916748
2019-01-04,TzM,S2,NDVI,0.2947007368678903
2019-01-06,Oran,S2,NDVI,0.49455554608801544
2019-01-06,Oran,S2,NDVI,0.4903882592158506
2019-01-06,TzM,S2,NDVI,0.28179392195246444
2019-01-09,Oran,S2,NDVI,0.4805496004422313
2019-01-09,Oran,S2,NDVI,0.4752239437688791
2019-01-09,TzM,S2,NDVI,0.2721589524707481
2019-01-11,Oran,S2,NDVI,0.49306026756315857
2019-01-11,Oran,S2,NDVI,0.4865729765886516
2019-01-11,TzM,S2,NDVI,0.27542470897118276
2019-01-14,Oran,S2,NDVI,0.4623289129493355
2019-01-14,Oran,S2,NDVI,0.4622027930386773
2019-01-14,TzM,S2,NDVI,0.27030593497668515
2019-01-16,Oran,S2,NDVI,0.4574732254264201
2019-01-16,Oran,S2,NDVI,0.4481598693375434
2019-01-16,TzM,S2,NDVI,0.24517346753521274
2019-01-19,Oran,S2,NDVI,0.44115744861458145
2019-01-19,Oran,S2,NDVI,0.4525337665622372
2019-01-19,TzM,S2,NDVI,0.21687997466510175
2019-01-21,Oran,S2,NDVI,0.49211729530080234
2019-01-21,Oran,S2,NDVI,0.4897481619200571
2019-01-21,TzM,S2,NDVI,0.2457650979601671
2019-01-26,Oran,S2,NDVI,0.48580080988523805
2019-01-26,Oran,S2,NDVI,0.4762472485015449
2019-01-26,TzM,S2,NDVI,0.21611555900090718
2019-02-03,Oran,S2,NDVI,0.2425516243600773
2019-02-03,Oran,S2,NDVI,0.24398072304640567
2019-02-03,TzM,S2,NDVI,0.19597614834061156
2019-02-05,Oran,S2,NDVI,0.5306165924714754
2019-02-05,Oran,S2,NDVI,0.5092976036428202
2019-02-05,TzM,S2,NDVI,0.17380214829814739
2019-02-08,Oran,S2,NDVI,0.5429253581480689
2019-02-08,Oran,S2,NDVI,0.5355317666230875
2019-02-08,TzM,S2,NDVI,0.18066339551439087
2019-02-13,Oran,S2,NDVI,0.5785947295374929
2019-02-13,Oran,S2,NDVI,0.5684199707200644
2019-02-13,TzM,S2,NDVI,0.17328576911741878
2019-02-18,Oran,S2,NDVI,0.5100857183705717
2019-02-18,TzM,S2,NDVI,0.1711532524309262
2019-02-20,TzM,S2,NDVI,0.17593931500177062
2019-02-20,Oran,S2,NDVI,0.6160995935413511
2019-02-20,Oran,S2,NDVI,0.5859539807911938
2019-02-23,Oran,S2,NDVI,0.6116961051297899
2019-02-23,Oran,S2,NDVI,0.5861051882625989
2019-02-23,TzM,S2,NDVI,0.175557635824365
2019-02-25,Oran,S2,NDVI,0.6066549317687403
2019-02-25,Oran,S2,NDVI,0.5865994108873325
2019-02-25,TzM,S2,NDVI,0.17186715201372113
2019-02-28,Oran,S2,NDVI,0.589743206538905
2019-02-28,Oran,S2,NDVI,0.5776874197782139
2019-02-28,TzM,S2,NDVI,0.16436353040221435
2019-03-07,Oran,S2,NDVI,0.6032361462584223
2019-03-10,Oran,S2,NDVI,0.5948994511616029
2019-03-10,Oran,S2,NDVI,0.5781957084358452
2019-03-10,TzM,S2,NDVI,0.16708603745502715
2019-03-12,Oran,S2,NDVI,0.60623441339281
2019-03-12,Oran,S2,NDVI,0.5747240324414244
2019-03-12,TzM,S2,NDVI,0.16802433148883772
2019-03-15,Oran,S2,NDVI,0.5907017581400751
2019-03-15,Oran,S2,NDVI,0.5750494826632673
2019-03-15,TzM,S2,NDVI,0.17120670045041453
2019-03-17,Oran,S2,NDVI,0.5562525448870989
2019-03-17,Oran,S2,NDVI,0.5373471885531347
2019-03-17,TzM,S2,NDVI,0.17462229045220212
2019-03-20,Oran,S2,NDVI,0.5402790684167271
2019-03-20,TzM,S2,NDVI,0.17568806519847843
2019-03-22,Oran,S2,NDVI,0.3076949893093523
2019-03-22,Oran,S2,NDVI,0.30133777035075354
2019-03-22,TzM,S2,NDVI,0.18248871687011228
2019-03-25,Oran,S2,NDVI,0.5152349554876214
2019-03-25,Oran,S2,NDVI,0.48639372997247626
2019-03-25,TzM,S2,NDVI,0.1869861741077072
2019-03-27,Oran,S2,NDVI,0.49482744535470014
2019-03-27,Oran,S2,NDVI,0.48420589993600943
2019-03-27,TzM,S2,NDVI,0.18948632127920753
2019-03-30,Oran,S2,NDVI,0.44577876611245193
2019-03-30,Oran,S2,NDVI,0.4191641646157775
2019-03-30,TzM,S2,NDVI,0.18720126484978508
2019-04-04,Oran,S2,NDVI,0.5126118433387081
2019-04-04,Oran,S2,NDVI,0.49882710532594793
2019-04-04,TzM,S2,NDVI,0.2043063360262428
2019-04-11,Oran,S2,NDVI,0.5209908944490433
2019-04-11,Oran,S2,NDVI,0.5141965071205044
2019-04-11,TzM,S2,NDVI,0.21664552358128428
2019-04-14,Oran,S2,NDVI,0.35464835940892286
2019-04-16,Oran,S2,NDVI,0.4770311457652571
2019-04-16,Oran,S2,NDVI,0.47958746204064745
2019-04-16,TzM,S2,NDVI,0.22220072777744723
2019-04-26,Oran,S2,NDVI,0.46574926014514123
2019-04-26,Oran,S2,NDVI,0.4638998416949173
2019-04-26,TzM,S2,NDVI,0.2541166357506491
2019-04-29,Oran,S2,NDVI,0.42132764856177435
2019-04-29,TzM,S2,NDVI,0.23905055275925394
2019-05-01,Oran,S2,NDVI,0.40406642199060067
2019-05-01,TzM,S2,NDVI,0.2597114934529603
2019-05-04,Oran,S2,NDVI,0.4281229142420941
2019-05-04,Oran,S2,NDVI,0.4284892367220692
2019-05-04,TzM,S2,NDVI,0.27704816410495414
2019-05-06,Oran,S2,NDVI,0.3496869192952441
2019-05-06,TzM,S2,NDVI,0.26757210531427733
2019-05-11,Oran,S2,NDVI,0.3436373703957463
2019-05-11,Oran,S2,NDVI,0.3425800828733159
2019-05-11,TzM,S2,NDVI,0.2876461070245261
2019-05-14,TzM,S2,NDVI,0.3000560304222152
2019-05-14,Oran,S2,NDVI,0.3541021539526487
2019-05-14,Oran,S2,NDVI,0.35679636503782547
2019-05-16,Oran,S2,NDVI,0.3201491381687645
2019-05-16,Oran,S2,NDVI,0.32084901571062824
2019-05-16,TzM,S2,NDVI,0.28920573745430866
2019-05-26,Oran,S2,NDVI,0.2482972508715543
2019-05-26,Oran,S2,NDVI,0.24707676822189087
2019-05-26,TzM,S2,NDVI,0.3113427482402558
2019-05-29,Oran,S2,NDVI,0.24102789698989985
2019-05-29,Oran,S2,NDVI,0.24254647141386865
2019-05-29,TzM,S2,NDVI,0.2947928612724327
2019-05-31,Oran,S2,NDVI,0.22674044388824516
2019-05-31,Oran,S2,NDVI,0.23286758899815205
2019-05-31,TzM,S2,NDVI,0.28491327194607474
2019-06-03,Oran,S2,NDVI,0.20914367362805883
2019-06-03,Oran,S2,NDVI,0.20857973533994287
2019-06-03,TzM,S2,NDVI,0.2805965675615591
2019-06-05,Oran,S2,NDVI,0.21178341254568056
2019-06-05,TzM,S2,NDVI,0.28749538988124695
2019-06-08,Oran,S2,NDVI,0.20035164326484844
2019-06-08,Oran,S2,NDVI,0.1998636893331833
2019-06-08,TzM,S2,NDVI,0.2631499399003581
2019-06-10,Oran,S2,NDVI,0.20297004555699352
2019-06-10,Oran,S2,NDVI,0.20298998887967867
2019-06-10,TzM,S2,NDVI,0.27455154504363855
2019-06-13,Oran,S2,NDVI,0.2007606332833752
2019-06-15,TzM,S2,NDVI,0.268101704003545
2019-06-15,Oran,S2,NDVI,0.20457587752777642
2019-06-15,Oran,S2,NDVI,0.19998625621636623
2019-06-15,TzM,S2,NDVI,0.26840592687880194
2019-06-18,Oran,S2,NDVI,0.20241014406856117
2019-06-18,Oran,S2,NDVI,0.2008559923942729
2019-06-18,TzM,S2,NDVI,0.2719948109630224
2019-06-20,Oran,S2,NDVI,0.19520068337981428
2019-06-20,Oran,S2,NDVI,0.19145517378282903
2019-06-20,TzM,S2,NDVI,0.2616290763509551
2019-06-23,Oran,S2,NDVI,0.20160863627071754
2019-06-23,Oran,S2,NDVI,0.19233305254635982
2019-06-23,TzM,S2,NDVI,0.26221308811390037
2019-06-25,Oran,S2,NDVI,0.15132584360492604
2019-06-25,Oran,S2,NDVI,0.1510302405893453
2019-06-25,TzM,S2,NDVI,0.25859156655197885
2019-06-28,Oran,S2,NDVI,0.16829389855925594
2019-06-28,Oran,S2,NDVI,0.16794403282806228
2019-06-28,TzM,S2,NDVI,0.2626764175880091
2019-06-30,TzM,S2,NDVI,0.275141831395769
2019-06-30,Oran,S2,NDVI,0.17592686977490893
2019-06-30,Oran,S2,NDVI,0.17271442314098526
2019-06-30,TzM,S2,NDVI,0.27399760930562844
2019-07-03,Oran,S2,NDVI,0.17419488409825434
2019-07-03,Oran,S2,NDVI,0.1722463545080092
2019-07-03,TzM,S2,NDVI,0.27271149691022645
2019-07-05,Oran,S2,NDVI,0.16307333616150116
2019-07-05,Oran,S2,NDVI,0.15660326684961273
2019-07-05,TzM,S2,NDVI,0.26355098361225365
2019-07-08,Oran,S2,NDVI,0.07212887614334884
2019-07-08,TzM,S2,NDVI,0.14549057136306343
2019-07-10,Oran,S2,NDVI,0.1865531245111124
2019-07-10,Oran,S2,NDVI,0.17572123459104785
2019-07-10,TzM,S2,NDVI,0.27820905612705826
2019-07-13,Oran,S2,NDVI,0.09572601020711342
2019-07-13,Oran,S2,NDVI,0.10138724997385846
2019-07-13,TzM,S2,NDVI,0.2544279278949812
2019-07-15,Oran,S2,NDVI,0.16174056003248805
2019-07-15,Oran,S2,NDVI,0.1592725584863392
2019-07-15,TzM,S2,NDVI,0.18036247250297868
2019-07-15,Oran,S2,NDVI,0.16355063896023656
2019-07-15,Oran,S2,NDVI,0.1619208978470585
2019-07-18,Oran,S2,NDVI,0.17918161526432155
2019-07-18,Oran,S2,NDVI,0.16812450940051712
2019-07-18,TzM,S2,NDVI,0.2953186925727893
2019-07-20,Oran,S2,NDVI,0.16668086979224675
2019-07-20,Oran,S2,NDVI,0.16685928407514844
2019-07-20,TzM,S2,NDVI,0.28460454708994043
2019-07-23,Oran,S2,NDVI,0.17401537103575992
2019-07-23,Oran,S2,NDVI,0.16889359519087477
2019-07-23,TzM,S2,NDVI,0.28348933040625823
2019-07-25,Oran,S2,NDVI,0.1818549210066845
2019-07-25,Oran,S2,NDVI,0.17003152035191532
2019-07-25,TzM,S2,NDVI,0.29257619130596024
2019-07-28,Oran,S2,NDVI,0.17465235767306023
2019-07-28,Oran,S2,NDVI,0.17719117612991517
2019-07-28,TzM,S2,NDVI,0.3142712504552911
2019-07-30,Oran,S2,NDVI,0.19169191037677047
2019-07-30,Oran,S2,NDVI,0.18163935553688224
2019-07-30,TzM,S2,NDVI,0.310966214976858
2019-08-02,Oran,S2,NDVI,0.19967858311176012
2019-08-02,Oran,S2,NDVI,0.1857746066720795
2019-08-02,TzM,S2,NDVI,0.30410618305764275
2019-08-04,Oran,S2,NDVI,0.20341429439556555
2019-08-04,Oran,S2,NDVI,0.18634824395474242
2019-08-04,TzM,S2,NDVI,0.19990703164744772
2019-08-09,Oran,S2,NDVI,0.20692218464321013
2019-08-09,Oran,S2,NDVI,0.19288385833904834
2019-08-09,TzM,S2,NDVI,0.3014534288922337
2019-08-12,Oran,S2,NDVI,0.18330681861853176
2019-08-12,TzM,S2,NDVI,0.3319908591725376
2019-08-14,TzM,S2,NDVI,0.300172305718478
2019-08-14,Oran,S2,NDVI,0.2056897573626197
2019-08-14,Oran,S2,NDVI,0.18892754696943093
2019-08-17,Oran,S2,NDVI,0.19916667731060586
2019-08-17,Oran,S2,NDVI,0.19763625361237264
2019-08-17,TzM,S2,NDVI,0.30472399689445057
2019-08-19,Oran,S2,NDVI,0.21468014887202513
2019-08-19,Oran,S2,NDVI,0.19837039479299512
2019-08-19,TzM,S2,NDVI,0.30111348779396907
2019-08-22,Oran,S2,NDVI,0.2263247858190518
2019-08-22,Oran,S2,NDVI,0.2147478318811441
2019-08-22,TzM,S2,NDVI,0.3127090000643602
2019-08-24,Oran,S2,NDVI,0.23145046566375904
2019-08-24,Oran,S2,NDVI,0.2132427224291744
2019-08-24,TzM,S2,NDVI,0.3047282549491546
2019-08-27,Oran,S2,NDVI,0.2138999816956547
2019-08-27,TzM,S2,NDVI,0.3234168147979177
2019-09-01,Oran,S2,NDVI,0.22678127578551063
2019-09-01,Oran,S2,NDVI,0.22929914334993787
2019-09-01,TzM,S2,NDVI,0.3183071252714424
2019-09-03,Oran,S2,NDVI,0.24097588462057817
2019-09-03,Oran,S2,NDVI,0.22135145939769335
2019-09-03,TzM,S2,NDVI,0.2955006450555628
2019-09-06,Oran,S2,NDVI,0.24014126102330122
2019-09-06,Oran,S2,NDVI,0.2455938495353303
2019-09-06,TzM,S2,NDVI,0.22285115369094644
2019-09-16,Oran,S2,NDVI,0.13468640131981435
2019-09-16,Oran,S2,NDVI,0.1470642354859186
2019-09-16,TzM,S2,NDVI,0.25739852608783814
2019-09-18,Oran,S2,NDVI,0.3189122709876424
2019-09-18,Oran,S2,NDVI,0.31863261016742006
2019-09-18,TzM,S2,NDVI,0.34862714362497293
2019-09-26,Oran,S2,NDVI,0.3482287876242158
2019-09-26,Oran,S2,NDVI,0.3289062091123387
2019-09-26,TzM,S2,NDVI,0.3122366583775288
2019-09-28,Oran,S2,NDVI,0.3499563825628119
2019-09-28,Oran,S2,NDVI,0.3369043751668237
2019-09-28,TzM,S2,NDVI,0.3140864171576983
2019-10-01,Oran,S2,NDVI,0.3650938778938125
2019-10-01,Oran,S2,NDVI,0.3455142032138721
2019-10-01,TzM,S2,NDVI,0.3125898306495903
2019-10-03,Oran,S2,NDVI,0.36244933742444163
2019-10-06,Oran,S2,NDVI,0.361466254957394
2019-10-06,Oran,S2,NDVI,0.3635624645478863
2019-10-06,TzM,S2,NDVI,0.29943210675734117
2019-10-08,Oran,S2,NDVI,0.3514119153886524
2019-10-08,Oran,S2,NDVI,0.34093235746147926
2019-10-08,TzM,S2,NDVI,0.2988142450173317
2019-10-11,Oran,S2,NDVI,0.28581276111092396
2019-10-13,Oran,S2,NDVI,0.3459372671259646
2019-10-13,Oran,S2,NDVI,0.331236741832767
2019-10-13,TzM,S2,NDVI,0.2834879067204088
2019-10-16,Oran,S2,NDVI,0.3431716870826936
2019-10-16,Oran,S2,NDVI,0.32693099078871624
2019-10-16,TzM,S2,NDVI,0.2948024500639401
2019-10-21,Oran,S2,NDVI,0.33193965634902384
2019-10-21,Oran,S2,NDVI,0.33877160846855875
2019-10-21,TzM,S2,NDVI,0.3096383350171249
2019-10-26,Oran,S2,NDVI,0.3692911639133427
2019-10-26,Oran,S2,NDVI,0.36153087429736275
2019-10-26,TzM,S2,NDVI,0.3241219144358871
2019-11-10,Oran,S2,NDVI,0.41205565124418675
2019-11-10,Oran,S2,NDVI,0.4091212445888988
2019-11-10,TzM,S2,NDVI,0.21064879208228307
2019-11-12,Oran,S2,NDVI,0.3986560519357026
2019-11-12,Oran,S2,NDVI,0.3953216790836317
2019-11-12,TzM,S2,NDVI,0.29249611630393857
2019-11-17,Oran,S2,NDVI,0.35405169333018965
2019-11-17,TzM,S2,NDVI,0.3220721246050965
2019-11-20,Oran,S2,NDVI,0.30766287961603556
2019-11-20,TzM,S2,NDVI,0.3063984753584842
2019-11-30,Oran,S2,NDVI,0.27681992328785254
2019-11-30,Oran,S2,NDVI,0.2700621693510279
2019-11-30,TzM,S2,NDVI,0.1111964115421111
2019-12-07,Oran,S2,NDVI,0.12874901223165877
2019-12-10,Oran,S2,NDVI,0.28694439946925887
2019-12-10,Oran,S2,NDVI,0.2875832067602228
2019-12-10,TzM,S2,NDVI,0.32706442048306805
2019-12-15,Oran,S2,NDVI,0.2581228447519138
2019-12-22,Oran,S2,NDVI,0.266393391218789
2019-12-22,Oran,S2,NDVI,0.2841772442379227
2019-12-22,TzM,S2,NDVI,0.12946089267959715
2019-12-25,Oran,S2,NDVI,0.3054543598736803
2019-12-25,Oran,S2,NDVI,0.3072598979960313
2019-12-25,TzM,S2,NDVI,0.27321385865566195
2019-12-30,Oran,S2,NDVI,0.09379861458098168
2020-01-01,Oran,S2,NDVI,0.3098351869417838
2020-01-01,Oran,S2,NDVI,0.30816072241475007
2020-01-01,TzM,S2,NDVI,0.10435261610862237
2020-01-04,Oran,S2,NDVI,0.22503972443299047
2020-01-04,Oran,S2,NDVI,0.22610019454816271
2020-01-04,TzM,S2,NDVI,0.2529708500766004
2020-01-06,Oran,S2,NDVI,0.3120507936730894
2020-01-06,Oran,S2,NDVI,0.3072360225733932
2020-01-06,TzM,S2,NDVI,0.25700807324292324
2020-01-09,Oran,S2,NDVI,0.28093395015528555
2020-01-09,Oran,S2,NDVI,0.28050452850765745
2020-01-09,TzM,S2,NDVI,-0.0019276125001693007
2020-01-11,Oran,S2,NDVI,0.29680283541849495
2020-01-11,Oran,S2,NDVI,0.29694369015987643
2020-01-11,TzM,S2,NDVI,0.2412772184926896
2020-01-14,Oran,S2,NDVI,0.30111210513986475
2020-01-14,Oran,S2,NDVI,0.30125945521259834
2020-01-14,TzM,S2,NDVI,0.24511071520941227
2020-01-16,Oran,S2,NDVI,0.29300260213955365
2020-01-16,Oran,S2,NDVI,0.28859970970219717
2020-01-16,TzM,S2,NDVI,0.23490920309368934
2020-02-03,Oran,S2,NDVI,0.364083689545365
2020-02-05,Oran,S2,NDVI,0.3635773965712553
2020-02-05,TzM,S2,NDVI,0.24920935313311954
2020-02-10,Oran,S2,NDVI,0.4160747656952654
2020-02-10,Oran,S2,NDVI,0.40295509062119383
2020-02-10,TzM,S2,NDVI,0.1939972603126413
2020-02-15,Oran,S2,NDVI,0.486957159984639
2020-02-15,Oran,S2,NDVI,0.4741376840008144
2020-02-15,TzM,S2,NDVI,0.2596691321027357
2020-02-20,Oran,S2,NDVI,0.5464100901068975
2020-02-20,Oran,S2,NDVI,0.5389072433530482
2020-02-20,TzM,S2,NDVI,0.0885091941210344
2020-02-23,Oran,S2,NDVI,0.5640095633430574
2020-02-23,Oran,S2,NDVI,0.5647915617345778
2020-02-23,TzM,S2,NDVI,0.28006611657307967
2020-03-11,Oran,S2,NDVI,0.5075672319335266
2020-03-11,Oran,S2,NDVI,0.49659818477741724
2020-03-11,TzM,S2,NDVI,0.2743240491059398
2020-03-14,Oran,S2,NDVI,0.4598487832912599
2020-03-14,TzM,S2,NDVI,0.2604974223541986
2020-03-26,Oran,S2,NDVI,0.551195490769476
2020-03-26,Oran,S2,NDVI,0.5488370074211812
2020-03-26,TzM,S2,NDVI,0.3644092019647527
2020-03-29,Oran,S2,NDVI,0.5600564517639783
2020-03-29,Oran,S2,NDVI,0.5592818716453383
2020-03-29,TzM,S2,NDVI,0.36819978718226787
2020-04-03,Oran,S2,NDVI,0.5934938566422258
2020-04-03,TzM,S2,NDVI,0.2001271017240443
2020-04-05,Oran,S2,NDVI,0.6133726531542458
2020-04-05,Oran,S2,NDVI,0.6035870044660581
2020-04-05,TzM,S2,NDVI,0.35496411471652545
2020-04-08,Oran,S2,NDVI,0.6154259823810856
2020-04-08,TzM,S2,NDVI,0.36351295264828015
2020-05-03,Oran,S2,NDVI,0.679071441540004
2020-05-03,Oran,S2,NDVI,0.6707958380240916
2020-05-03,TzM,S2,NDVI,0.40089914170679636
2020-05-08,Oran,S2,NDVI,0.6827243991307216
2020-05-08,Oran,S2,NDVI,0.6810186729177307
2020-05-08,TzM,S2,NDVI,0.4268690465865018
2020-05-10,Oran,S2,NDVI,0.7127583222723584
2020-05-18,Oran,S2,NDVI,0.6630775869168264
2020-05-18,Oran,S2,NDVI,0.6696957730595009
2020-05-18,TzM,S2,NDVI,0.4045171684287149
2020-05-20,Oran,S2,NDVI,0.6152655252121121
2020-05-20,Oran,S2,NDVI,0.6152277557137834
2020-05-20,TzM,S2,NDVI,0.3471365341961008
2020-05-23,Oran,S2,NDVI,0.5454436685129608
2020-05-23,Oran,S2,NDVI,0.5448296972794049
2020-05-23,TzM,S2,NDVI,0.3175943713892585
2020-05-28,Oran,S2,NDVI,0.5283468444167053
2020-05-28,Oran,S2,NDVI,0.5223982563902941
2020-05-28,TzM,S2,NDVI,0.324677791742745
2020-05-30,Oran,S2,NDVI,0.49063355692500354
2020-05-30,Oran,S2,NDVI,0.47877138171853445
2020-05-30,TzM,S2,NDVI,0.3137116836807239
2020-06-09,Oran,S2,NDVI,0.3026500410880483
2020-06-09,Oran,S2,NDVI,0.30734410998487216
2020-06-09,TzM,S2,NDVI,0.3364852708629619
2020-06-09,Oran,S2,NDVI,0.30736658744230055
2020-06-12,Oran,S2,NDVI,0.2916865438735793
2020-06-12,TzM,S2,NDVI,0.3466410159964058
2020-06-14,Oran,S2,NDVI,0.2491687928708309
2020-06-14,Oran,S2,NDVI,0.24906725569835256
2020-06-14,TzM,S2,NDVI,0.3495628642771622
2020-06-17,Oran,S2,NDVI,0.04455240917005686
2020-06-17,Oran,S2,NDVI,0.04670772591737764
2020-06-17,TzM,S2,NDVI,0.3605938890210717
2020-06-19,Oran,S2,NDVI,0.20283396814129004
2020-06-19,Oran,S2,NDVI,0.20020029673443213
2020-06-19,TzM,S2,NDVI,0.3246752389798799
2020-06-22,Oran,S2,NDVI,0.20074848821170604
2020-06-22,Oran,S2,NDVI,0.19589388004429928
2020-06-22,TzM,S2,NDVI,0.3316427013172188
2020-06-27,Oran,S2,NDVI,0.19340982564942444
2020-06-27,TzM,S2,NDVI,0.3562273071063051
2020-06-29,Oran,S2,NDVI,0.1789147249770113
2020-06-29,Oran,S2,NDVI,0.17511977388337224
2020-06-29,TzM,S2,NDVI,0.337560559467434
2020-07-02,Oran,S2,NDVI,0.18901215043036304
2020-07-02,Oran,S2,NDVI,0.186900894193992
2020-07-02,TzM,S2,NDVI,0.34122756472350557
2020-07-04,Oran,S2,NDVI,0.14791135922888987
2020-07-04,Oran,S2,NDVI,0.1500310639309311
2020-07-04,TzM,S2,NDVI,0.3354173259582175
2020-07-07,Oran,S2,NDVI,0.1400459706178259
2020-07-07,Oran,S2,NDVI,0.14155777463326447
2020-07-07,TzM,S2,NDVI,0.3270960292033057
2020-07-09,Oran,S2,NDVI,0.13365433944786295
2020-07-17,Oran,S2,NDVI,0.13292788396314742
2020-07-17,Oran,S2,NDVI,0.13830602918692483
2020-07-17,TzM,S2,NDVI,0.313441709755686
2020-07-19,Oran,S2,NDVI,0.13519988468705652
2020-07-19,Oran,S2,NDVI,0.13933604104918543
2020-07-19,TzM,S2,NDVI,0.3233059641606846
2020-07-22,Oran,S2,NDVI,0.12317536482403123
2020-07-22,Oran,S2,NDVI,0.12610150768846573
2020-07-22,TzM,S2,NDVI,0.30609816512295623
2020-07-24,Oran,S2,NDVI,0.13245137046392133
2020-07-24,Oran,S2,NDVI,0.13265193661857527
2020-07-24,TzM,S2,NDVI,0.31517658670295906
2020-07-27,Oran,S2,NDVI,0.13376834698284015
2020-07-27,TzM,S2,NDVI,0.3089612720723356
2020-07-29,Oran,S2,NDVI,0.12415440277096548
2020-07-29,Oran,S2,NDVI,0.12770510158214154
2020-07-29,TzM,S2,NDVI,0.3077538359501221
2020-08-01,Oran,S2,NDVI,0.13769503994785176
2020-08-01,Oran,S2,NDVI,0.13778242406650887
2020-08-01,TzM,S2,NDVI,0.3064041239834782
2020-08-03,Oran,S2,NDVI,0.12956965843021492
2020-08-03,TzM,S2,NDVI,0.3211227391626953
2020-08-06,Oran,S2,NDVI,0.1355985503156808
2020-08-06,Oran,S2,NDVI,0.14044898279417561
2020-08-06,TzM,S2,NDVI,0.2963256614253231
2020-08-08,Oran,S2,NDVI,0.1281172649477117
2020-08-08,Oran,S2,NDVI,0.1343435481071529
2020-08-08,TzM,S2,NDVI,0.17987454480431012
2020-08-13,Oran,S2,NDVI,0.14761884658835148
2020-08-13,Oran,S2,NDVI,0.15022566109887903
2020-08-13,TzM,S2,NDVI,0.3316201665991274
2020-08-16,Oran,S2,NDVI,0.14796508127795202
2020-08-16,Oran,S2,NDVI,0.15001889821090908
2020-08-16,TzM,S2,NDVI,0.3138087762521082
2020-08-18,Oran,S2,NDVI,0.13423060677600882
2020-08-21,Oran,S2,NDVI,0.14841758640835354
2020-08-21,Oran,S2,NDVI,0.15014172374849227
2020-08-21,TzM,S2,NDVI,0.3031199828767274
2020-08-23,Oran,S2,NDVI,0.1430534223778854
2020-08-23,Oran,S2,NDVI,0.14446119649046085
2020-08-23,TzM,S2,NDVI,0.30443803568219335
2020-08-26,Oran,S2,NDVI,0.1447891463689072
2020-08-26,Oran,S2,NDVI,0.1469162144811453
2020-08-26,TzM,S2,NDVI,0.28914759521481487
2020-08-28,Oran,S2,NDVI,0.1406024745912815
2020-08-28,Oran,S2,NDVI,0.14160716206715784
2020-08-28,TzM,S2,NDVI,0.28526175058922315
2020-08-31,Oran,S2,NDVI,0.15860347144567163
2020-08-31,Oran,S2,NDVI,0.1629579802998966
2020-08-31,TzM,S2,NDVI,0.30422170520091546
2020-09-02,Oran,S2,NDVI,0.15459976289502295
2020-09-02,Oran,S2,NDVI,0.15382386185140517
2020-09-02,TzM,S2,NDVI,0.3012866030363341
2020-09-05,Oran,S2,NDVI,0.15544955964488671
2020-09-05,Oran,S2,NDVI,0.15720334698311667
2020-09-05,TzM,S2,NDVI,0.2978693378004331
2020-09-07,Oran,S2,NDVI,0.12379463170118653
2020-09-07,Oran,S2,NDVI,0.1226344528317389
2020-09-07,TzM,S2,NDVI,0.2944458930779212
2020-09-10,Oran,S2,NDVI,0.1555433260323261
2020-09-10,Oran,S2,NDVI,0.15616471866526296
2020-09-10,TzM,S2,NDVI,0.29255271985653486
2020-09-12,Oran,S2,NDVI,0.16227768369544918
2020-09-12,Oran,S2,NDVI,0.16253209336596566
2020-09-12,TzM,S2,NDVI,0.2890859073976077
2020-09-15,Oran,S2,NDVI,0.16565657006632575
2020-09-15,Oran,S2,NDVI,0.1673673025965159
2020-09-15,TzM,S2,NDVI,0.28350577895045753
2020-09-22,Oran,S2,NDVI,0.16484047050307046
2020-09-25,Oran,S2,NDVI,0.1658636808483201
2020-09-25,Oran,S2,NDVI,0.16408974157051
2020-09-25,TzM,S2,NDVI,0.2911246323098488
2020-09-27,Oran,S2,NDVI,0.16262200869358567
2020-09-27,Oran,S2,NDVI,0.1630869305370602
2020-09-27,TzM,S2,NDVI,0.30301774781508084
2020-10-07,Oran,S2,NDVI,0.1719242475914525
2020-10-07,Oran,S2,NDVI,0.17000196430077913
2020-10-07,TzM,S2,NDVI,0.290262138579169
2020-10-10,Oran,S2,NDVI,0.15075201192723256
2020-10-10,Oran,S2,NDVI,0.1486191237622639
2020-10-10,TzM,S2,NDVI,0.2641398574296028
2020-10-12,Oran,S2,NDVI,0.182334171331262
2020-10-12,Oran,S2,NDVI,0.18099681290615138
2020-10-12,TzM,S2,NDVI,0.2925779753924878
2020-10-15,Oran,S2,NDVI,0.17304492124158652
2020-10-15,Oran,S2,NDVI,0.17187383280070714
2020-10-15,TzM,S2,NDVI,0.2854762292344273
2020-10-17,Oran,S2,NDVI,0.17555998427998903
2020-10-17,Oran,S2,NDVI,0.17255285827460493
2020-10-17,TzM,S2,NDVI,0.28357425765018
2020-10-25,Oran,S2,NDVI,0.1610651024601273
2020-10-27,Oran,S2,NDVI,0.16302686480822373
2020-10-27,Oran,S2,NDVI,0.16051470572059587
2020-10-27,TzM,S2,NDVI,0.2837369053520773
2020-10-30,Oran,S2,NDVI,0.1714152913843214
2020-10-30,Oran,S2,NDVI,0.170972420076395
2020-10-30,TzM,S2,NDVI,0.27931673086960146
2020-11-01,Oran,S2,NDVI,0.18128653391528649
2020-11-01,Oran,S2,NDVI,0.17378917416573442
2020-11-01,TzM,S2,NDVI,0.28636205734091696
2020-11-09,Oran,S2,NDVI,0.158718068904761
2020-11-11,Oran,S2,NDVI,0.1827685095254203
2020-11-11,Oran,S2,NDVI,0.18184005022249958
2020-11-11,TzM,S2,NDVI,0.10176234720881122
2020-11-19,Oran,S2,NDVI,0.17980238172845459
2020-11-19,Oran,S2,NDVI,0.1758303134217694
2020-11-19,TzM,S2,NDVI,0.2650032163101432
2020-11-21,Oran,S2,NDVI,0.19472085028763422
2020-11-21,Oran,S2,NDVI,0.1895545581705518
2020-11-21,TzM,S2,NDVI,0.28690708497464684
2020-11-29,Oran,S2,NDVI,0.204892936507602
2020-11-29,TzM,S2,NDVI,0.18544818110075226
2020-12-01,Oran,S2,NDVI,0.2047203181111863
2020-12-01,Oran,S2,NDVI,0.20430961995139665
2020-12-01,TzM,S2,NDVI,0.08386134275869546
2020-12-06,Oran,S2,NDVI,0.024809416798453537
2020-12-06,Oran,S2,NDVI,0.025093369016411578
2020-12-06,TzM,S2,NDVI,0.1681794441376143
2020-12-09,Oran,S2,NDVI,0.2097804385570404
2020-12-09,Oran,S2,NDVI,0.21112342618106333
2020-12-09,TzM,S2,NDVI,0.29690282866549456
2020-12-16,Oran,S2,NDVI,0.21873408370615524
2020-12-16,Oran,S2,NDVI,0.21782062927156265
2020-12-16,TzM,S2,NDVI,0.2924294152095043
2020-12-19,Oran,S2,NDVI,0.1909946949303181
2020-12-21,Oran,S2,NDVI,0.06352658194420811
2020-12-21,Oran,S2,NDVI,0.06951115361259103
2020-12-21,TzM,S2,NDVI,0.20999784073266245
2020-12-24,Oran,S2,NDVI,0.20394629138164258
2020-12-26,Oran,S2,NDVI,0.22103899068682387
2020-12-26,Oran,S2,NDVI,0.225416082017342
2020-12-26,TzM,S2,NDVI,0.2841525533266484
2020-12-31,Oran,S2,NDVI,0.23621463376331742
2020-12-31,Oran,S2,NDVI,0.22417496876065024
2020-12-31,TzM,S2,NDVI,0.2731173921714016
2021-01-03,Oran,S2,NDVI,0.21088932103144906
2021-01-03,Oran,S2,NDVI,0.21564026914171064
2021-01-03,TzM,S2,NDVI,0.25463495352238724
2021-01-05,Oran,S2,NDVI,0.23781226586005563
2021-01-13,Oran,S2,NDVI,-0.008222272802839013
2021-01-13,Oran,S2,NDVI,-0.008882925427760606
2021-01-13,TzM,S2,NDVI,-0.022222072796284686
2021-01-15,Oran,S2,NDVI,-0.016768076907029285
2021-01-15,Oran,S2,NDVI,-0.017566257706214783
2021-01-15,TzM,S2,NDVI,-0.012788594764885345
2021-01-18,Oran,S2,NDVI,0.006384932882338516
2021-01-18,Oran,S2,NDVI,0.005748241733511015
2021-01-18,TzM,S2,NDVI,-0.03600069822590898
2021-01-28,Oran,S2,NDVI,0.1354570765712027
2021-02-02,Oran,S2,NDVI,0.1855374110780934
2021-02-04,Oran,S2,NDVI,0.1953114250393283
2021-02-12,Oran,S2,NDVI,0.19888556073577768
2021-02-12,Oran,S2,NDVI,0.19976288939022252
2021-02-12,TzM,S2,NDVI,0.28515857039648795
2021-02-14,Oran,S2,NDVI,0.21024486438976894
2021-02-14,Oran,S2,NDVI,0.20616938610625077
2021-02-14,TzM,S2,NDVI,0.2686045799676241
2021-02-19,Oran,S2,NDVI,0.2308811338179087
2021-02-19,Oran,S2,NDVI,0.2248498082658595
2021-02-19,TzM,S2,NDVI,0.27728814826563275
2021-02-27,Oran,S2,NDVI,0.22294396177629086
2021-02-27,TzM,S2,NDVI,0.27190495232446227
2021-03-04,Oran,S2,NDVI,0.16366320143911495
2021-03-11,Oran,S2,NDVI,0.24893585751843295
2021-03-11,Oran,S2,NDVI,0.24756481457044394
2021-03-11,TzM,S2,NDVI,0.30300350215458177
2021-03-14,Oran,S2,NDVI,0.2568386939574161
2021-03-14,Oran,S2,NDVI,0.25670627872656654
2021-03-14,TzM,S2,NDVI,0.3008989318449316
2021-03-16,Oran,S2,NDVI,0.2659869114857586
2021-03-16,Oran,S2,NDVI,0.26552056091737464
2021-03-16,TzM,S2,NDVI,0.2993736651945964
2021-03-21,Oran,S2,NDVI,0.27039488272858186
2021-03-21,Oran,S2,NDVI,0.27434153194066907
2021-03-21,TzM,S2,NDVI,0.3126476659658438
2021-03-24,Oran,S2,NDVI,0.2696296761353662
2021-03-24,Oran,S2,NDVI,0.27317531298355757
2021-03-24,TzM,S2,NDVI,0.3103325335951013
2021-03-26,Oran,S2,NDVI,0.284377891291867
2021-03-26,Oran,S2,NDVI,0.28502621664266625
2021-03-26,TzM,S2,NDVI,0.3129409810571991
2021-03-31,Oran,S2,NDVI,0.3217515731151947
2021-03-31,Oran,S2,NDVI,0.31618403158503866
2021-03-31,TzM,S2,NDVI,0.32264527208954913
2021-04-05,Oran,S2,NDVI,0.4147449709545538
2021-04-05,Oran,S2,NDVI,0.40836597341176906
2021-04-05,TzM,S2,NDVI,0.36870549926143315
2021-04-18,Oran,S2,NDVI,0.496207650535825
2021-04-18,Oran,S2,NDVI,0.49413916034355737
2021-04-18,TzM,S2,NDVI,0.411213370280993
2021-05-05,Oran,S2,NDVI,0.5734477042314593
2021-05-05,TzM,S2,NDVI,0.4016751652894002
2021-05-08,Oran,S2,NDVI,0.72112109621496
2021-05-13,Oran,S2,NDVI,0.7861388372232708
2021-05-13,Oran,S2,NDVI,0.7844261525267038
2021-05-13,TzM,S2,NDVI,0.42625596420932693
2021-05-18,Oran,S2,NDVI,0.7311007317812522
2021-05-18,Oran,S2,NDVI,0.7250481076108699
2021-05-18,TzM,S2,NDVI,0.4245473913341099
2021-05-20,Oran,S2,NDVI,0.6649866923443224
2021-05-20,Oran,S2,NDVI,0.6630845720232101
2021-05-20,TzM,S2,NDVI,0.42175746161360717
2021-05-30,Oran,S2,NDVI,0.42904597173217784
2021-05-30,TzM,S2,NDVI,0.36560828848325067
2021-06-02,Oran,S2,NDVI,0.46459854137085754
2021-06-02,Oran,S2,NDVI,0.46861185713050874
2021-06-02,TzM,S2,NDVI,0.39353802659392867
2021-06-07,Oran,S2,NDVI,0.32306837945827643
2021-06-07,Oran,S2,NDVI,0.3218389742509734
2021-06-07,TzM,S2,NDVI,0.3725384046280655
2021-06-09,Oran,S2,NDVI,0.28231393889211903
2021-06-09,Oran,S2,NDVI,0.2778662312197509
2021-06-09,TzM,S2,NDVI,0.3406009845055567
2021-06-12,Oran,S2,NDVI,0.2644052107399735
2021-06-12,Oran,S2,NDVI,0.25765899758875616
2021-06-12,TzM,S2,NDVI,0.3354609392536633
2021-06-14,Oran,S2,NDVI,0.2588635932726353
2021-06-14,Oran,S2,NDVI,0.2349262892131251
2021-06-14,TzM,S2,NDVI,0.30711472601581324
2021-06-24,Oran,S2,NDVI,0.19704553758035415
2021-06-24,Oran,S2,NDVI,0.19231234704311181
2021-06-24,TzM,S2,NDVI,0.32196484532125874
2021-06-27,Oran,S2,NDVI,0.18895761771671543
2021-06-27,Oran,S2,NDVI,0.18684931283909673
2021-06-27,TzM,S2,NDVI,0.34291275778149294
2021-06-29,Oran,S2,NDVI,0.2035213084198551
2021-06-29,Oran,S2,NDVI,0.19882772918040753
2021-06-29,TzM,S2,NDVI,0.3439170352653232
2021-07-02,Oran,S2,NDVI,0.20009187307140677
2021-07-02,Oran,S2,NDVI,0.1982151782577264
2021-07-02,TzM,S2,NDVI,0.32492442709198577
2021-07-04,Oran,S2,NDVI,0.1898028980741702
2021-07-04,Oran,S2,NDVI,0.18879995446551762
2021-07-04,TzM,S2,NDVI,0.3261229425363411
2021-07-07,Oran,S2,NDVI,0.036097994331993837
2021-07-07,TzM,S2,NDVI,0.33931130647366503
2021-07-09,Oran,S2,NDVI,0.21698783912661174
2021-07-09,Oran,S2,NDVI,0.19291657412340546
2021-07-09,TzM,S2,NDVI,0.31939086694157487
2021-07-12,Oran,S2,NDVI,0.21513406117139758
2021-07-12,Oran,S2,NDVI,0.19968577821938294
2021-07-12,TzM,S2,NDVI,0.3237618626184433
2021-07-14,Oran,S2,NDVI,0.20308808535001452
2021-07-14,Oran,S2,NDVI,0.1981787241254058
2021-07-14,TzM,S2,NDVI,0.34128827389443106
2021-07-17,Oran,S2,NDVI,0.20989692372986968
2021-07-17,Oran,S2,NDVI,0.19517535516079582
2021-07-17,TzM,S2,NDVI,0.3230617657584464
2021-07-19,Oran,S2,NDVI,0.21196985570087662
2021-07-19,Oran,S2,NDVI,0.1964449562175156
2021-07-19,TzM,S2,NDVI,0.3326048680554948
2021-07-22,Oran,S2,NDVI,0.21525818176910552
2021-07-22,Oran,S2,NDVI,0.2046066528071783
2021-07-22,TzM,S2,NDVI,0.3198735587312958
2021-07-24,Oran,S2,NDVI,0.22101353738155627
2021-07-24,Oran,S2,NDVI,0.19444228186476664
2021-07-24,TzM,S2,NDVI,0.33159003735423015
2021-07-27,Oran,S2,NDVI,0.21665948150561493
2021-07-27,Oran,S2,NDVI,0.20398992951318787
2021-07-27,TzM,S2,NDVI,0.3234717581991677
2021-07-29,Oran,S2,NDVI,0.2253728512519713
2021-07-29,Oran,S2,NDVI,0.20404891611248205
2021-07-29,TzM,S2,NDVI,0.3175505089816736
2021-08-01,Oran,S2,NDVI,0.22077400106692932
2021-08-01,Oran,S2,NDVI,0.21743452732630542
2021-08-01,TzM,S2,NDVI,0.3592476985333538
2021-08-06,Oran,S2,NDVI,0.21224913366680118
2021-08-06,Oran,S2,NDVI,0.20345237070316133
2021-08-06,TzM,S2,NDVI,0.3317507264995138
2021-08-08,Oran,S2,NDVI,0.2156511365348742
2021-08-08,Oran,S2,NDVI,0.2051250023150776
2021-08-08,TzM,S2,NDVI,0.3488655101953569
2021-08-13,Oran,S2,NDVI,0.2195474515124497
2021-08-13,Oran,S2,NDVI,0.21490541065025925
2021-08-13,TzM,S2,NDVI,0.31388321592382973
2021-08-16,Oran,S2,NDVI,0.21440547129561796
2021-08-16,Oran,S2,NDVI,0.21324658931418156
2021-08-16,TzM,S2,NDVI,0.3299535176276138
2021-08-18,Oran,S2,NDVI,0.2412923197668581
2021-08-18,Oran,S2,NDVI,0.23070582834674006
2021-08-18,TzM,S2,NDVI,0.3542266187004987
2021-08-21,Oran,S2,NDVI,0.21775855717862816
2021-08-21,Oran,S2,NDVI,0.20412790297242364
2021-08-21,TzM,S2,NDVI,0.3551023270294138
2021-08-23,Oran,S2,NDVI,0.19309706037506477
2021-08-23,Oran,S2,NDVI,0.1841377905453547
2021-08-23,TzM,S2,NDVI,0.3411124242214471
2021-08-26,Oran,S2,NDVI,0.23097612716213653
2021-08-26,Oran,S2,NDVI,0.2193007439676649
2021-08-26,TzM,S2,NDVI,0.3515329874298953
2021-08-28,Oran,S2,NDVI,0.2498081929823293
2021-08-28,Oran,S2,NDVI,0.2415545289574386
2021-08-28,TzM,S2,NDVI,0.36999680678918045
2021-08-31,Oran,S2,NDVI,0.23778465907897164
2021-08-31,Oran,S2,NDVI,0.22413487906301607
2021-08-31,TzM,S2,NDVI,0.35004797577525043
2021-09-02,Oran,S2,NDVI,-0.0026425612752728764
2021-09-02,TzM,S2,NDVI,0.4168723597782313
2021-09-05,Oran,S2,NDVI,0.273572717768519
2021-09-05,Oran,S2,NDVI,0.2590890301619578
2021-09-05,TzM,S2,NDVI,0.3632370880283534
2021-09-07,Oran,S2,NDVI,0.260976319943865
2021-09-10,Oran,S2,NDVI,0.28549367783213925
2021-09-10,Oran,S2,NDVI,0.28657698829201295
2021-09-10,TzM,S2,NDVI,0.3927558279170533
2021-09-12,Oran,S2,NDVI,0.29373916936772587
2021-09-12,Oran,S2,NDVI,0.27874876503517804
2021-09-12,TzM,S2,NDVI,0.3774498568829303
2021-09-17,Oran,S2,NDVI,0.30010203480831205
2021-09-17,TzM,S2,NDVI,0.4161187335341081
2021-09-20,Oran,S2,NDVI,0.3090923600775607
2021-09-20,Oran,S2,NDVI,0.2920520721686118
2021-09-20,TzM,S2,NDVI,0.4071983871450655
2021-09-22,Oran,S2,NDVI,0.023223598184366027
2021-09-22,TzM,S2,NDVI,0.34145159455803525
2021-09-27,Oran,S2,NDVI,0.3152860271291569
2021-09-27,Oran,S2,NDVI,0.3024062561719604
2021-09-27,TzM,S2,NDVI,0.4231508815408789
2021-09-30,Oran,S2,NDVI,0.2744092036771309
2021-09-30,Oran,S2,NDVI,0.2626478363010058
2021-09-30,TzM,S2,NDVI,0.39382428703297234
2021-10-02,Oran,S2,NDVI,0.3099938474419394
2021-10-02,Oran,S2,NDVI,0.2855940092182193
2021-10-02,TzM,S2,NDVI,0.40711319753286435
2021-10-05,Oran,S2,NDVI,0.30204131548542557
2021-10-05,Oran,S2,NDVI,0.29133600993282555
2021-10-05,TzM,S2,NDVI,0.3819745168443342
2021-10-07,Oran,S2,NDVI,0.30877323359298325
2021-10-07,Oran,S2,NDVI,0.29904053146154347
2021-10-07,TzM,S2,NDVI,0.3890227810328164
2021-10-12,Oran,S2,NDVI,0.2984005975011039
2021-10-12,Oran,S2,NDVI,0.2671028692292934
2021-10-12,TzM,S2,NDVI,0.289086733145086
2021-10-15,Oran,S2,NDVI,0.27034408035142804
2021-10-15,Oran,S2,NDVI,0.2576570296934194
2021-10-15,TzM,S2,NDVI,0.3518891891432575
2021-10-20,Oran,S2,NDVI,0.24909740981630446
2021-10-20,Oran,S2,NDVI,0.24433892192782963
2021-10-20,TzM,S2,NDVI,0.344855457141529
2021-11-04,Oran,S2,NDVI,0.043850400416396276
2021-11-04,TzM,S2,NDVI,0.28840651397573697
2021-11-06,Oran,S2,NDVI,0.26111513233721506
2021-11-06,TzM,S2,NDVI,0.3394026690960859
2021-11-09,Oran,S2,NDVI,0.2445145949408698
2021-11-09,Oran,S2,NDVI,0.24475914176063512
2021-11-09,TzM,S2,NDVI,0.3010307436062988
2021-11-11,Oran,S2,NDVI,0.24264672617229782
2021-11-11,Oran,S2,NDVI,0.24115989156512246
2021-11-11,TzM,S2,NDVI,0.2874758896365481
2021-11-14,Oran,S2,NDVI,0.2297411747876555
2021-11-14,Oran,S2,NDVI,0.23310360361724122
2021-11-14,TzM,S2,NDVI,0.28060651490194477
2021-11-16,Oran,S2,NDVI,0.24297548858229076
2021-11-16,Oran,S2,NDVI,0.2388647756288278
2021-11-16,TzM,S2,NDVI,0.28525566229395366
2021-11-19,Oran,S2,NDVI,0.009594921735779688
2021-11-19,TzM,S2,NDVI,0.14439637050902035
2021-11-26,Oran,S2,NDVI,0.19954164540166325
2021-11-26,TzM,S2,NDVI,0.32613001498611865
2021-12-01,Oran,S2,NDVI,0.22087908487421284
2021-12-01,Oran,S2,NDVI,0.22211136788168082
2021-12-01,TzM,S2,NDVI,0.2947956886200403
2021-12-04,Oran,S2,NDVI,0.21490842826280865
2021-12-04,TzM,S2,NDVI,0.2820212285934542
2021-12-06,Oran,S2,NDVI,0.22171048633549847
2021-12-06,Oran,S2,NDVI,0.2204926989225984
2021-12-06,TzM,S2,NDVI,0.2873662608409224
2021-12-11,Oran,S2,NDVI,0.22006614509896133
2021-12-11,Oran,S2,NDVI,0.22002129998107217
2021-12-11,TzM,S2,NDVI,0.2684816355281297
2021-12-14,Oran,S2,NDVI,0.24756558583062843
2021-12-14,Oran,S2,NDVI,0.24751465943788056
2021-12-14,TzM,S2,NDVI,0.2738771994966684
2021-12-29,Oran,S2,NDVI,0.25548730421545846
2021-12-31,Oran,S2,NDVI,0.3012509801445699
2021-12-31,Oran,S2,NDVI,0.29488932116816874
2021-12-31,TzM,S2,NDVI,0.27796151304646316
2022-01-03,Oran,S2,NDVI,0.28115828896405354
2022-01-03,Oran,S2,NDVI,0.28368080775144083
2022-01-03,TzM,S2,NDVI,0.2164357876932061
2022-01-05,Oran,S2,NDVI,0.09162671334431133
2022-01-05,TzM,S2,NDVI,0.2975583994816837
2022-01-13,Oran,S2,NDVI,0.20530342220063827
2022-01-13,TzM,S2,NDVI,0.08326054711011696
2022-01-15,Oran,S2,NDVI,0.3085101345300676
2022-01-15,Oran,S2,NDVI,0.3049539432646025
2022-01-15,TzM,S2,NDVI,0.2479854585237483
2022-01-18,Oran,S2,NDVI,0.2932115739624915
2022-01-18,Oran,S2,NDVI,0.2931741151174583
2022-01-18,TzM,S2,NDVI,0.2824279417968735
2022-01-20,Oran,S2,NDVI,0.28824302021594084
2022-01-20,Oran,S2,NDVI,0.2850357564596012
2022-01-20,TzM,S2,NDVI,0.26728779028262295
2022-01-23,Oran,S2,NDVI,-0.00771308903731751
2022-01-23,TzM,S2,NDVI,0.15850214810446997
2022-01-28,Oran,S2,NDVI,0.28834009345309203
2022-01-28,Oran,S2,NDVI,0.2818574304411411
2022-01-28,TzM,S2,NDVI,0.278175482578381
2022-01-30,Oran,S2,NDVI,0.29663842492262493
2022-01-30,Oran,S2,NDVI,0.28555293558672157
2022-01-30,TzM,S2,NDVI,0.2734415052443641
2022-02-02,Oran,S2,NDVI,0.27689386133350785
2022-02-02,Oran,S2,NDVI,0.27534060622125844
2022-02-02,TzM,S2,NDVI,0.27104367290561965
2022-02-07,Oran,S2,NDVI,0.27065742718870694
2022-02-07,Oran,S2,NDVI,0.2691578620328051
2022-02-07,TzM,S2,NDVI,0.27189998521375813
2022-02-14,Oran,S2,NDVI,0.08428074360484636
2022-02-14,TzM,S2,NDVI,0.11428785959588704
2022-02-17,Oran,S2,NDVI,0.2735466567281832
2022-02-17,Oran,S2,NDVI,0.27301999496178486
2022-02-17,TzM,S2,NDVI,0.2761153587813474
2022-02-22,Oran,S2,NDVI,0.2701519025800292
2022-02-22,Oran,S2,NDVI,0.27182013743188566
2022-02-22,TzM,S2,NDVI,0.27797813144010325
2022-03-01,Oran,S2,NDVI,0.27899753047156156
2022-03-01,Oran,S2,NDVI,0.2707278620973619
2022-03-01,TzM,S2,NDVI,0.28178312460023774
2022-03-09,Oran,S2,NDVI,0.30270382222376596
2022-03-09,Oran,S2,NDVI,0.2995752973329389
2022-03-09,TzM,S2,NDVI,0.31631146515769304
2022-04-03,Oran,S2,NDVI,0.4742838409749547
2022-04-03,Oran,S2,NDVI,0.4587160703542642
2022-04-03,TzM,S2,NDVI,0.3694616248141013
2022-04-15,Oran,S2,NDVI,0.020698477797987044
2022-04-15,TzM,S2,NDVI,0.4078982193146265
2022-04-25,Oran,S2,NDVI,0.6250470697205911
2022-04-25,Oran,S2,NDVI,0.61456437503883
2022-04-25,TzM,S2,NDVI,0.44961300886272654
2022-05-05,Oran,S2,NDVI,0.6313811463295729
2022-05-05,TzM,S2,NDVI,0.3660171604726839
2022-05-08,Oran,S2,NDVI,0.6327196114167606
2022-05-08,Oran,S2,NDVI,0.6278109355227196
2022-05-08,TzM,S2,NDVI,0.4998955025399576
2022-05-10,Oran,S2,NDVI,0.6242869154301313
2022-05-10,Oran,S2,NDVI,0.6151677185808271
2022-05-10,TzM,S2,NDVI,0.4781670302681808
2022-05-13,Oran,S2,NDVI,0.596234905812375
2022-05-13,Oran,S2,NDVI,0.5860694157127525
2022-05-13,TzM,S2,NDVI,0.4955866525056205
2022-05-18,Oran,S2,NDVI,0.5943527885368596
2022-05-18,Oran,S2,NDVI,0.5868617579773767
2022-05-18,TzM,S2,NDVI,0.47830966101609323
2022-05-23,Oran,S2,NDVI,0.4964874773087854
2022-05-25,Oran,S2,NDVI,0.4485346716345308
2022-05-25,Oran,S2,NDVI,0.44609972845714585
2022-05-25,TzM,S2,NDVI,0.4747167307421241
2022-05-28,Oran,S2,NDVI,0.40880796410146186
2022-05-28,Oran,S2,NDVI,0.40704838394313386
2022-05-28,TzM,S2,NDVI,0.4325142549761512
2022-06-04,Oran,S2,NDVI,0.2542098388748195
2022-06-04,Oran,S2,NDVI,0.25455271997501383
2022-06-04,TzM,S2,NDVI,0.40169986226148674
2022-06-07,Oran,S2,NDVI,0.22605273949943222
2022-06-07,Oran,S2,NDVI,0.22588587276865477
2022-06-07,TzM,S2,NDVI,0.393466312629163
2022-06-09,Oran,S2,NDVI,0.19559681741826448
2022-06-09,Oran,S2,NDVI,0.19501056195646696
2022-06-09,TzM,S2,NDVI,0.3659976980130117
2022-06-12,Oran,S2,NDVI,0.15005626876441727
2022-06-12,Oran,S2,NDVI,0.1515668598443881
2022-06-12,TzM,S2,NDVI,0.37297937867663916
2022-06-14,Oran,S2,NDVI,0.14097895429776075
2022-06-14,Oran,S2,NDVI,0.1418161889029273
2022-06-14,TzM,S2,NDVI,0.3745251663795443
2022-06-17,Oran,S2,NDVI,0.13716358711979845
2022-06-17,Oran,S2,NDVI,0.1369459120550841
2022-06-17,TzM,S2,NDVI,0.38763021205118153
2022-06-19,Oran,S2,NDVI,0.1327532891144861
2022-06-19,Oran,S2,NDVI,0.14408151628355573
2022-06-19,TzM,S2,NDVI,0.3541139150409725
2022-06-22,Oran,S2,NDVI,0.15165157758834008
2022-06-22,Oran,S2,NDVI,0.15540755572277748
2022-06-22,TzM,S2,NDVI,0.3653176502521275
2022-06-24,Oran,S2,NDVI,0.1446426736891457
2022-06-24,Oran,S2,NDVI,0.15371930543042375
2022-06-24,TzM,S2,NDVI,0.35802866352556706
2022-06-27,Oran,S2,NDVI,0.14297163798049303
2022-06-27,Oran,S2,NDVI,0.14696005934394082
2022-06-27,TzM,S2,NDVI,0.3619132952079246
2022-06-29,Oran,S2,NDVI,0.13856987823094752
2022-06-29,Oran,S2,NDVI,0.14554937784090077
2022-06-29,TzM,S2,NDVI,0.340192188456058
2022-07-02,Oran,S2,NDVI,0.1445396212652453
2022-07-02,Oran,S2,NDVI,0.14239832141808226
2022-07-02,TzM,S2,NDVI,0.33070876918168096
2022-07-04,Oran,S2,NDVI,0.14437002924786818
2022-07-04,Oran,S2,NDVI,0.1495578537466615
2022-07-04,TzM,S2,NDVI,0.3485047465302888
2022-07-07,Oran,S2,NDVI,0.1357253757380107
2022-07-07,Oran,S2,NDVI,0.14155605212149092
2022-07-07,TzM,S2,NDVI,0.36271046346055424
2022-07-09,Oran,S2,NDVI,0.1388828840126203
2022-07-09,Oran,S2,NDVI,0.1430239129638294
2022-07-09,TzM,S2,NDVI,0.33365902931207786
2022-07-12,Oran,S2,NDVI,0.14205613718975846
2022-07-12,Oran,S2,NDVI,0.14163121304409282
2022-07-12,TzM,S2,NDVI,0.33927495087602155
2022-07-14,Oran,S2,NDVI,0.1451043624958936
2022-07-14,Oran,S2,NDVI,0.14697272146122023
2022-07-14,TzM,S2,NDVI,0.36312200938629136
2022-07-17,Oran,S2,NDVI,0.14312160423714015
2022-07-17,Oran,S2,NDVI,0.1453683156350594
2022-07-17,TzM,S2,NDVI,0.32704970484192164
2022-07-19,Oran,S2,NDVI,0.13288386761902052
2022-07-19,Oran,S2,NDVI,0.13670873906883363
2022-07-19,TzM,S2,NDVI,0.3142602009006355
2022-07-22,Oran,S2,NDVI,0.13458417620397928
2022-07-22,Oran,S2,NDVI,0.13509319513785864
2022-07-22,TzM,S2,NDVI,0.3267588111600821
2022-07-24,Oran,S2,NDVI,0.1456230237396215
2022-07-24,Oran,S2,NDVI,0.14979120555370087
2022-07-24,TzM,S2,NDVI,0.3491261631356489
2022-07-27,Oran,S2,NDVI,0.13845480769232638
2022-07-27,Oran,S2,NDVI,0.1407298193773817
2022-07-27,TzM,S2,NDVI,0.3467191708522558
2022-07-29,Oran,S2,NDVI,0.1428835614191297
2022-07-29,Oran,S2,NDVI,0.14596965290535013
2022-07-29,TzM,S2,NDVI,0.3530584654264717
2022-08-01,Oran,S2,NDVI,0.14317508659990263
2022-08-01,Oran,S2,NDVI,0.14349995234455318
2022-08-01,TzM,S2,NDVI,0.3622794856724191
2022-08-03,Oran,S2,NDVI,0.15081522610603124
2022-08-03,Oran,S2,NDVI,0.15245090193409253
2022-08-03,TzM,S2,NDVI,0.382270731021978
2022-08-06,Oran,S2,NDVI,0.15177939289972836
2022-08-06,Oran,S2,NDVI,0.15278956985024997
2022-08-06,TzM,S2,NDVI,0.37969447476015056
2022-08-08,Oran,S2,NDVI,0.15163647174320835
2022-08-08,Oran,S2,NDVI,0.1541149474481245
2022-08-08,TzM,S2,NDVI,0.39564132579440864
2022-08-11,Oran,S2,NDVI,0.1491382952528117
2022-08-11,Oran,S2,NDVI,0.14917288760334071
2022-08-11,TzM,S2,NDVI,0.3869141244333461
2022-08-16,Oran,S2,NDVI,0.16417778689185128
2022-08-18,Oran,S2,NDVI,0.16365793133885287
2022-08-18,Oran,S2,NDVI,0.1637219259500615
2022-08-18,TzM,S2,NDVI,0.40348076222120766
2022-08-21,Oran,S2,NDVI,0.15543957337269634
2022-08-21,Oran,S2,NDVI,0.1637670498898567
2022-08-21,TzM,S2,NDVI,0.4063320981931405
2022-08-23,Oran,S2,NDVI,0.1598432067022257
2022-08-23,Oran,S2,NDVI,0.15916341525671998
2022-08-23,TzM,S2,NDVI,0.3828717661338477
2022-08-26,Oran,S2,NDVI,0.16103880309564272
2022-08-26,Oran,S2,NDVI,0.16005985174180407
2022-08-26,TzM,S2,NDVI,0.19102277101785461
2022-08-28,Oran,S2,NDVI,0.15022543077060355
2022-08-28,Oran,S2,NDVI,0.14780286612321977
2022-08-28,TzM,S2,NDVI,0.39557326620560646
2022-08-31,Oran,S2,NDVI,0.1263864766137578
2022-08-31,Oran,S2,NDVI,0.13255484910932816
2022-08-31,TzM,S2,NDVI,0.3874115661557097
2022-09-02,Oran,S2,NDVI,0.15655410399866942
2022-09-02,TzM,S2,NDVI,0.42880016065542154
2022-09-05,Oran,S2,NDVI,0.1630319118395169
2022-09-05,Oran,S2,NDVI,0.16297072973997573
2022-09-05,TzM,S2,NDVI,0.41372357105325935
2022-09-07,Oran,S2,NDVI,0.17231694268247838
2022-09-10,Oran,S2,NDVI,0.16091603044604877
2022-09-10,Oran,S2,NDVI,0.1585915670047101
2022-09-10,TzM,S2,NDVI,0.4023557155267359
2022-09-15,Oran,S2,NDVI,0.16654439942926066
2022-09-15,Oran,S2,NDVI,0.16312766277076424
2022-09-15,TzM,S2,NDVI,0.4086184867973116
2022-09-17,Oran,S2,NDVI,0.17722732981130584
2022-09-17,Oran,S2,NDVI,0.1742367239425485
2022-09-17,TzM,S2,NDVI,0.40645968455229087
2022-09-20,Oran,S2,NDVI,0.18192983253229414
2022-09-20,Oran,S2,NDVI,0.17902017146196927
2022-09-20,TzM,S2,NDVI,0.402556788346439
2022-09-22,Oran,S2,NDVI,0.19402529031419657
2022-09-22,Oran,S2,NDVI,0.19265213968754358
2022-09-22,TzM,S2,NDVI,0.4163613578760077
2022-09-27,Oran,S2,NDVI,0.21228205780381978
2022-09-27,Oran,S2,NDVI,0.20732639671252062
2022-09-27,TzM,S2,NDVI,0.4189240405832778
2022-09-30,Oran,S2,NDVI,0.2137892702324994
2022-09-30,Oran,S2,NDVI,0.20948028212029254
2022-09-30,TzM,S2,NDVI,0.4308089410923636
2022-10-02,Oran,S2,NDVI,0.23182958133280815
2022-10-02,Oran,S2,NDVI,0.22419390684024967
2022-10-02,TzM,S2,NDVI,0.4315473231915534
2022-10-05,Oran,S2,NDVI,0.22681095132417206
2022-10-05,Oran,S2,NDVI,0.21335294039674552
2022-10-05,TzM,S2,NDVI,0.36742775907220343
2022-10-07,Oran,S2,NDVI,0.07982640169081612
2022-10-07,Oran,S2,NDVI,0.09694368426065342
2022-10-07,TzM,S2,NDVI,0.34993179998813734
2022-10-15,Oran,S2,NDVI,0.2703273706924058
2022-10-15,Oran,S2,NDVI,0.25486021411087645
2022-10-15,TzM,S2,NDVI,0.39258142734440804
2022-10-17,Oran,S2,NDVI,0.2776509238034355
2022-10-17,Oran,S2,NDVI,0.2657633563299279
2022-10-17,TzM,S2,NDVI,0.3846225078215279
2022-11-01,Oran,S2,NDVI,0.1996535315039356
2022-11-01,Oran,S2,NDVI,0.19830582586028664
2022-11-01,TzM,S2,NDVI,0.3879531754105065
2022-11-06,Oran,S2,NDVI,0.21085857614589099
2022-11-06,Oran,S2,NDVI,0.21008085981303962
2022-11-06,TzM,S2,NDVI,0.38691026392607414
2022-11-14,Oran,S2,NDVI,0.19567594068054003
2022-11-29,Oran,S2,NDVI,0.24312383967627466
2022-11-29,Oran,S2,NDVI,0.24187305471215143
2022-11-29,TzM,S2,NDVI,0.3331702332230829
2022-12-01,Oran,S2,NDVI,0.21825753304831144
2022-12-01,TzM,S2,NDVI,0.16602790139753004
2022-12-19,Oran,S2,NDVI,0.31327798514367017
2022-12-24,Oran,S2,NDVI,0.3493376601208615
2022-12-24,Oran,S2,NDVI,0.3504185671210931
2022-12-24,TzM,S2,NDVI,0.04916225761695377
2022-12-31,Oran,S2,NDVI,0.379392775484322
2022-12-31,Oran,S2,NDVI,0.3757930225094725
2022-12-31,TzM,S2,NDVI,0.2808224417206339
2023-01-05,Oran,S2,NDVI,0.3958010636837256
2023-01-05,Oran,S2,NDVI,0.3926603193059651
2023-01-05,TzM,S2,NDVI,0.2631238204231577
2023-01-10,Oran,S2,NDVI,0.30878674837723
2023-01-13,Oran,S2,NDVI,0.38618608177325375
2023-01-20,Oran,S2,NDVI,0.3313357404993366
2023-01-20,TzM,S2,NDVI,0.167565525322324
2023-01-23,Oran,S2,NDVI,0.3682488713260582
2023-01-23,Oran,S2,NDVI,0.36543704129211113
2023-01-23,TzM,S2,NDVI,0.23783740237573708
2023-01-25,Oran,S2,NDVI,0.28145908457451574
2023-01-25,TzM,S2,NDVI,0.22288533255176712
2023-01-28,Oran,S2,NDVI,0.3242422428704196
2023-01-28,Oran,S2,NDVI,0.32285169230002797
2023-01-28,TzM,S2,NDVI,0.23346577301869617
2023-01-30,Oran,S2,NDVI,0.32349766519489725
2023-01-30,Oran,S2,NDVI,0.3161794352723358
2023-01-30,TzM,S2,NDVI,0.23620556104596444
2023-02-02,Oran,S2,NDVI,0.29767610553020274
2023-02-02,Oran,S2,NDVI,0.29611705403695626
2023-02-02,TzM,S2,NDVI,0.22887516661313348
2023-02-04,Oran,S2,NDVI,0.2941524092671564
2023-02-04,Oran,S2,NDVI,0.29067012630763844
2023-02-04,TzM,S2,NDVI,0.23444131383224134
2023-02-17,Oran,S2,NDVI,0.25344278728277103
2023-02-17,TzM,S2,NDVI,0.2104358537379678
2023-02-19,Oran,S2,NDVI,0.3109430628548102
2023-02-19,TzM,S2,NDVI,0.08929216677513349
2023-02-22,Oran,S2,NDVI,0.25663658187293203
2023-02-22,Oran,S2,NDVI,0.2696694131694339
2023-02-22,TzM,S2,NDVI,0.19249381449160685
2023-02-27,Oran,S2,NDVI,0.2870302296455054
2023-02-27,Oran,S2,NDVI,0.28628015280545294
2023-02-27,TzM,S2,NDVI,0.07924130017218502
2023-03-01,Oran,S2,NDVI,0.3097370632920895
2023-03-01,Oran,S2,NDVI,0.29586243587008965
2023-03-01,TzM,S2,NDVI,0.20343379395075842
2023-03-04,Oran,S2,NDVI,0.3034054862531056
2023-03-04,Oran,S2,NDVI,0.2958800923673263
2023-03-04,TzM,S2,NDVI,0.20068081247421496
2023-03-16,Oran,S2,NDVI,0.3539992843070335
2023-03-16,Oran,S2,NDVI,0.34644823657970153
2023-03-16,TzM,S2,NDVI,0.2044576068712086
2023-03-19,Oran,S2,NDVI,0.34535154482447955
2023-03-19,TzM,S2,NDVI,0.2152228006645864
2023-03-26,Oran,S2,NDVI,0.34050871934422056
2023-03-26,Oran,S2,NDVI,0.3328608524854966
2023-03-26,TzM,S2,NDVI,0.2393017998046865
2023-03-29,Oran,S2,NDVI,0.363510806027971
2023-03-29,Oran,S2,NDVI,0.3546266739079889
2023-03-29,TzM,S2,NDVI,0.25316249455911993
2023-04-03,Oran,S2,NDVI,0.3593883712425771
2023-04-03,Oran,S2,NDVI,0.35292937421880555
2023-04-03,TzM,S2,NDVI,0.30120194683417323
2023-04-05,Oran,S2,NDVI,0.3530337123663233
2023-04-05,Oran,S2,NDVI,0.34700432160094835
2023-04-05,TzM,S2,NDVI,0.31678062265643603
2023-04-08,Oran,S2,NDVI,0.3402816405792819
2023-04-08,Oran,S2,NDVI,0.33620265406861116
2023-04-08,TzM,S2,NDVI,0.32276475774396207
2023-04-13,Oran,S2,NDVI,0.3174246503522356
2023-04-13,Oran,S2,NDVI,0.30882300732474566
2023-04-13,TzM,S2,NDVI,0.35480353525066816
2023-04-15,Oran,S2,NDVI,0.3081055701355616
2023-04-15,Oran,S2,NDVI,0.30223068191123253
2023-04-15,TzM,S2,NDVI,0.35274097148503697
2023-04-18,Oran,S2,NDVI,0.31938740575389046
2023-04-18,Oran,S2,NDVI,0.3151584890188612
2023-04-18,TzM,S2,NDVI,0.39410897325880223
2023-04-20,Oran,S2,NDVI,0.31346505107906153
2023-04-20,Oran,S2,NDVI,0.30739818987171375
2023-04-20,TzM,S2,NDVI,0.4027973900649407
2023-04-23,Oran,S2,NDVI,0.30517116914037107
2023-04-23,Oran,S2,NDVI,0.30400355329015977
2023-04-23,TzM,S2,NDVI,0.4279286060914568
2023-04-25,Oran,S2,NDVI,0.2668387745625389
2023-05-05,Oran,S2,NDVI,0.25486392806694147
2023-05-05,Oran,S2,NDVI,0.24816827226129176
2023-05-05,TzM,S2,NDVI,0.3887790442428484
2023-05-10,Oran,S2,NDVI,0.22512899716518853
2023-05-10,TzM,S2,NDVI,0.4210960199425592
2023-05-13,Oran,S2,NDVI,0.23014816853943046
2023-05-13,TzM,S2,NDVI,0.4244045371063285
2023-06-04,Oran,S2,NDVI,0.18160011384677682
2023-06-04,TzM,S2,NDVI,0.20870028499183169
2023-06-14,Oran,S2,NDVI,0.1718417065016533
2023-06-14,Oran,S2,NDVI,0.17555476227032557
2023-06-14,TzM,S2,NDVI,0.39858900945906905
2023-06-17,Oran,S2,NDVI,0.22546144666894077
2023-06-17,Oran,S2,NDVI,0.22294091674091948
2023-06-17,TzM,S2,NDVI,0.45488670804701187
2023-06-22,Oran,S2,NDVI,0.2937995816504313
2023-06-22,Oran,S2,NDVI,0.28760682696339585
2023-06-22,TzM,S2,NDVI,0.5261256554146669
2023-06-24,Oran,S2,NDVI,0.2868583717328277
2023-06-24,Oran,S2,NDVI,0.28351091943725015
2023-06-24,TzM,S2,NDVI,0.48485055136152067
2023-06-27,Oran,S2,NDVI,0.32031881628266773
2023-06-27,Oran,S2,NDVI,0.2968109570344006
2023-06-27,TzM,S2,NDVI,0.42900261414422347
2023-06-29,Oran,S2,NDVI,0.2775617897782221
2023-06-29,Oran,S2,NDVI,0.27291405601587954
2023-06-29,TzM,S2,NDVI,0.37154119755526777
2023-07-02,Oran,S2,NDVI,0.006739278083077912
2023-07-02,Oran,S2,NDVI,0.02903587879317746
2023-07-02,TzM,S2,NDVI,0.40944521599639333
2023-07-04,Oran,S2,NDVI,0.3117956396340984
2023-07-04,Oran,S2,NDVI,0.3023428764544331
2023-07-04,TzM,S2,NDVI,0.3844828104340337
2023-07-09,Oran,S2,NDVI,0.302412415848759
2023-07-09,Oran,S2,NDVI,0.2938391047804571
2023-07-09,TzM,S2,NDVI,0.41956152790035717
2023-07-12,Oran,S2,NDVI,0.27879722546998265
2023-07-12,Oran,S2,NDVI,0.2757861153770427
2023-07-12,TzM,S2,NDVI,0.4097517266070658
2023-07-14,Oran,S2,NDVI,0.2718252938774926
2023-07-14,Oran,S2,NDVI,0.26253225284974313
2023-07-14,TzM,S2,NDVI,0.38797821410512284
2023-07-17,Oran,S2,NDVI,0.26761243360843046
2023-07-19,Oran,S2,NDVI,0.2309550941828813
2023-07-19,Oran,S2,NDVI,0.22094364241411288
2023-07-19,TzM,S2,NDVI,0.33465754055735747
2023-07-22,Oran,S2,NDVI,0.2539330594884389
2023-07-22,Oran,S2,NDVI,0.24633079873522154
2023-07-22,TzM,S2,NDVI,0.403289127200414
2023-07-24,Oran,S2,NDVI,0.25233170723394216
2023-07-24,Oran,S2,NDVI,0.2248727316099648
2023-07-24,TzM,S2,NDVI,0.3980817042693016
2023-07-27,Oran,S2,NDVI,0.09106623075739635
2023-07-27,Oran,S2,NDVI,0.11351486598893125
2023-07-27,TzM,S2,NDVI,0.11414491625747224
2023-07-29,Oran,S2,NDVI,0.25365245979940665
2023-07-29,Oran,S2,NDVI,0.2422326417442959
2023-07-29,TzM,S2,NDVI,0.40356430751912575
2023-08-01,Oran,S2,NDVI,0.24719808163078447
2023-08-01,Oran,S2,NDVI,0.23996627991002184
2023-08-01,TzM,S2,NDVI,0.40168512596825595
2023-08-03,Oran,S2,NDVI,0.22841279190624453
2023-08-03,Oran,S2,NDVI,0.2197745776406326
2023-08-03,TzM,S2,NDVI,0.39066477625088614
2023-08-06,Oran,S2,NDVI,0.2389186123927088
2023-08-06,Oran,S2,NDVI,0.232120860645901
2023-08-06,TzM,S2,NDVI,0.4099069259865609
2023-08-08,Oran,S2,NDVI,0.16922225356158166
2023-08-08,Oran,S2,NDVI,0.18834278656476686
2023-08-08,TzM,S2,NDVI,0.3767923497607483
2023-08-11,Oran,S2,NDVI,0.23610791019803073
2023-08-11,Oran,S2,NDVI,0.2287307770046992
2023-08-11,TzM,S2,NDVI,0.3929665144417371
2023-08-13,Oran,S2,NDVI,0.23312408013977587
2023-08-13,Oran,S2,NDVI,0.22076920225968835
2023-08-13,TzM,S2,NDVI,0.37819107084008413
2023-08-16,Oran,S2,NDVI,0.22375580891220215
2023-08-16,Oran,S2,NDVI,0.21955991886577547
2023-08-16,TzM,S2,NDVI,0.37088942742072367
2023-08-18,Oran,S2,NDVI,0.24051153848931217
2023-08-18,Oran,S2,NDVI,0.2323558993508234
2023-08-18,TzM,S2,NDVI,0.3863678842461295
2023-08-21,Oran,S2,NDVI,0.2320300976964127
2023-08-21,Oran,S2,NDVI,0.22390802469748627
2023-08-21,TzM,S2,NDVI,0.37498737457353276
2023-08-23,Oran,S2,NDVI,0.23692008287802865
2023-08-23,Oran,S2,NDVI,0.22727872318279738
2023-08-23,TzM,S2,NDVI,0.3475443261682578
2023-08-28,Oran,S2,NDVI,0.24826791870550913
2023-08-28,Oran,S2,NDVI,0.2406954371530814
2023-08-28,TzM,S2,NDVI,0.34629489509428246
2023-08-31,Oran,S2,NDVI,0.24646625254642682
2023-08-31,Oran,S2,NDVI,0.23732531511647742
2023-08-31,TzM,S2,NDVI,0.3262297793305224
2023-09-05,Oran,S2,NDVI,0.20685071891376686
2023-09-05,Oran,S2,NDVI,0.20956472235303888
2023-09-05,TzM,S2,NDVI,0.3353612785007691
2023-09-15,Oran,S2,NDVI,0.24504861452689825
2023-09-17,Oran,S2,NDVI,0.24519581588365882
2023-09-20,Oran,S2,NDVI,0.09542737332116934
2023-09-20,Oran,S2,NDVI,0.1049965138911889
2023-09-20,TzM,S2,NDVI,0.41777235404084734
2023-09-22,Oran,S2,NDVI,0.2654779299057866
2023-09-22,TzM,S2,NDVI,0.432754649230746
2023-09-25,Oran,S2,NDVI,0.2725210109517414
2023-09-25,Oran,S2,NDVI,0.2606712755997342
2023-09-25,TzM,S2,NDVI,0.3989913353723373
2023-09-27,Oran,S2,NDVI,0.27121829141721987
2023-09-27,Oran,S2,NDVI,0.25646923754632234
2023-09-27,TzM,S2,NDVI,0.3983440363019326
2023-09-30,Oran,S2,NDVI,0.2642868286910666
2023-09-30,Oran,S2,NDVI,0.25498437792628337
2023-09-30,TzM,S2,NDVI,0.41239057175661054
2023-10-02,Oran,S2,NDVI,0.2717649900427104
2023-10-02,Oran,S2,NDVI,0.26039247266153354
2023-10-02,TzM,S2,NDVI,0.4072065306059047
2023-10-05,Oran,S2,NDVI,0.2500560351884389
2023-10-05,Oran,S2,NDVI,0.2384660786235652
2023-10-05,TzM,S2,NDVI,0.3992960184245404
2023-10-07,Oran,S2,NDVI,0.252126434134041
2023-10-07,Oran,S2,NDVI,0.23972599808215006
2023-10-07,TzM,S2,NDVI,0.37449582331207804
2023-10-10,Oran,S2,NDVI,0.2458021730725051
2023-10-10,Oran,S2,NDVI,0.2359160844072395
2023-10-10,TzM,S2,NDVI,0.38513107613091935
2023-10-12,Oran,S2,NDVI,0.24127741518506315
2023-10-12,Oran,S2,NDVI,0.22958548698574377
2023-10-12,TzM,S2,NDVI,0.36890098864844595
2023-10-15,Oran,S2,NDVI,0.22779396684113865
2023-10-15,Oran,S2,NDVI,0.21632670257661155
2023-10-15,TzM,S2,NDVI,0.38628969339540614
2023-11-14,Oran,S2,NDVI,0.2129748030931644
2023-11-14,Oran,S2,NDVI,0.21290425324436218
2023-11-14,TzM,S2,NDVI,0.2664009409542498
2023-11-19,Oran,S2,NDVI,0.21756371740585254
2023-11-19,Oran,S2,NDVI,0.21646431224577933
2023-11-19,TzM,S2,NDVI,0.33177203049082793
2023-11-21,Oran,S2,NDVI,0.22742177040370992
2023-11-21,Oran,S2,NDVI,0.2222846478981377
2023-11-21,TzM,S2,NDVI,0.3451681860282901
2023-11-24,Oran,S2,NDVI,0.21283022164338092
2023-11-24,Oran,S2,NDVI,0.21137644267282146
2023-11-24,TzM,S2,NDVI,0.333541523973197
2023-11-26,Oran,S2,NDVI,0.2156412463634002
2023-11-26,Oran,S2,NDVI,0.20840605469725368
2023-11-26,TzM,S2,NDVI,0.29758266405828937
2023-12-06,Oran,S2,NDVI,0.2043167925115667
2023-12-06,TzM,S2,NDVI,0.2536524024225864
2023-12-14,Oran,S2,NDVI,0.21873492264081865
2023-12-14,Oran,S2,NDVI,0.2170627306150749
2023-12-14,TzM,S2,NDVI,0.290862762183431
2023-12-16,Oran,S2,NDVI,0.22990586640848645
2023-12-16,Oran,S2,NDVI,0.22680863120528316
2023-12-16,TzM,S2,NDVI,0.2895602425221304
2023-12-19,Oran,S2,NDVI,0.21549654718624822
2023-12-19,Oran,S2,NDVI,0.2150386035133099
2023-12-19,TzM,S2,NDVI,0.26642223772232143
2023-12-21,Oran,S2,NDVI,0.21033913062845377
2023-12-21,Oran,S2,NDVI,0.20694226869678606
2023-12-21,TzM,S2,NDVI,0.26261389420266407
2023-12-24,Oran,S2,NDVI,0.2118708493726468
2023-12-24,Oran,S2,NDVI,0.21561389661802668
2023-12-24,TzM,S2,NDVI,0.24528192707552376
2023-12-26,Oran,S2,NDVI,0.22574301568468239
2023-12-26,Oran,S2,NDVI,0.22170803693326727
2023-12-26,TzM,S2,NDVI,0.24507975532833565
2024-01-08,Oran,S2,NDVI,0.21613513384253524
2024-01-08,Oran,S2,NDVI,0.2121350816038514
2024-01-08,TzM,S2,NDVI,0.234136913397751
2024-01-23,Oran,S2,NDVI,0.20521792715924234
2024-01-23,Oran,S2,NDVI,0.2014519418620283
2024-01-23,TzM,S2,NDVI,0.2143134961481988
2024-01-25,Oran,S2,NDVI,0.20054106292789714
2024-01-25,TzM,S2,NDVI,0.21765954189897513
2024-01-28,Oran,S2,NDVI,0.17530999176287934
2024-01-28,TzM,S2,NDVI,0.17664834302996857
2024-02-02,Oran,S2,NDVI,0.1849752683023818
2024-02-02,Oran,S2,NDVI,0.18239965167042618
2024-02-02,TzM,S2,NDVI,0.1907321402865458
2024-02-04,Oran,S2,NDVI,0.20572708787219396
2024-02-04,Oran,S2,NDVI,0.20219099249656686
2024-02-04,TzM,S2,NDVI,0.20966973007735348
2024-02-07,Oran,S2,NDVI,0.18981797018808666
2024-02-17,Oran,S2,NDVI,0.1992349619758566
2024-02-17,Oran,S2,NDVI,0.19614322317082558
2024-02-17,TzM,S2,NDVI,0.21476731419216882
2024-02-19,Oran,S2,NDVI,0.15536933187982324
2024-02-29,Oran,S2,NDVI,0.1961798734639814
2024-02-29,Oran,S2,NDVI,0.18743005934345905
2024-02-29,TzM,S2,NDVI,0.21197359244021727
2024-03-03,Oran,S2,NDVI,0.20681812362339902
2024-03-03,TzM,S2,NDVI,0.04864458507060321
2024-03-05,Oran,S2,NDVI,0.21016853111656286
2024-03-05,Oran,S2,NDVI,0.19986491175762447
2024-03-05,TzM,S2,NDVI,0.22919355165444405
2024-03-13,Oran,S2,NDVI,0.19669808841387773
2024-03-13,Oran,S2,NDVI,0.18866606558583182
2024-03-13,TzM,S2,NDVI,0.2435220860083478
2024-03-15,Oran,S2,NDVI,0.17705655440678458
2024-04-09,Oran,S2,NDVI,0.22566990392705166
2024-04-09,Oran,S2,NDVI,0.22484589192909668
2024-04-09,TzM,S2,NDVI,0.428148692131924
2024-04-12,Oran,S2,NDVI,0.2329607539812244
2024-04-12,Oran,S2,NDVI,0.23217686811255966
2024-04-12,TzM,S2,NDVI,0.43478700621655486
2024-04-14,Oran,S2,NDVI,0.23047156233951846
2024-04-14,Oran,S2,NDVI,0.23035616237762863
2024-04-14,TzM,S2,NDVI,0.44795173252799775
2024-04-17,Oran,S2,NDVI,0.23077792961199342
2024-04-17,Oran,S2,NDVI,0.2299116225933832
2024-04-17,TzM,S2,NDVI,0.44614889964170124
2024-04-22,Oran,S2,NDVI,0.20960956451653928
2024-04-22,Oran,S2,NDVI,0.21565522836619563
2024-04-22,TzM,S2,NDVI,0.44139885488934644
2024-04-24,Oran,S2,NDVI,0.24150997359704499
2024-04-24,Oran,S2,NDVI,0.24357925135057082
2024-04-24,TzM,S2,NDVI,0.42855760830008577
2024-05-02,Oran,S2,NDVI,0.2559683082025104
2024-05-02,Oran,S2,NDVI,0.2563532844732404
2024-05-02,TzM,S2,NDVI,0.4149707754594904
2024-05-04,Oran,S2,NDVI,0.2396296633315371
2024-05-07,Oran,S2,NDVI,0.24396147824055817
2024-05-07,Oran,S2,NDVI,0.24265037207337253
2024-05-07,TzM,S2,NDVI,0.43024350377408355
2024-05-12,Oran,S2,NDVI,0.2163099707087462
2024-05-14,Oran,S2,NDVI,0.21455359302458027
2024-05-14,Oran,S2,NDVI,0.21120382718395644
2024-05-14,TzM,S2,NDVI,0.4299044744231235
2024-05-17,Oran,S2,NDVI,0.16051435170429262
2024-05-22,Oran,S2,NDVI,0.17807278638195628
2024-05-24,Oran,S2,NDVI,0.17758514688590937
2024-05-24,Oran,S2,NDVI,0.17666305748534755
2024-05-24,TzM,S2,NDVI,0.4339128826235101
2024-05-27,Oran,S2,NDVI,0.16584939570174634
2024-05-29,Oran,S2,NDVI,0.15992657139781116
2024-05-29,Oran,S2,NDVI,0.15923946190818938
2024-05-29,TzM,S2,NDVI,0.41237311567023344
2024-06-01,Oran,S2,NDVI,0.1439487489096429
2024-06-01,TzM,S2,NDVI,0.19301795226215213
2024-06-13,Oran,S2,NDVI,0.1807294570365516
2024-06-13,Oran,S2,NDVI,0.17655085676697752
2024-06-13,TzM,S2,NDVI,0.44769302761183605
2024-06-16,Oran,S2,NDVI,0.1634882025619179
2024-06-16,Oran,S2,NDVI,0.16097931246056224
2024-06-16,TzM,S2,NDVI,0.43597477822468256
2024-06-18,Oran,S2,NDVI,0.1538026858692615
2024-06-18,Oran,S2,NDVI,0.15075313947265886
2024-06-18,TzM,S2,NDVI,0.411837517469281
2024-06-21,Oran,S2,NDVI,0.15942058090230027
2024-06-21,Oran,S2,NDVI,0.15819678963408312
2024-06-21,TzM,S2,NDVI,0.4064062182239546
2024-06-23,Oran,S2,NDVI,0.1465184679137763
2024-06-23,Oran,S2,NDVI,0.14352279064777382
2024-06-23,TzM,S2,NDVI,0.37815624422735933
2024-06-28,Oran,S2,NDVI,-0.06910629993143722
2024-06-28,TzM,S2,NDVI,0.3643199603008761
2024-07-01,Oran,S2,NDVI,0.16214853391015918
2024-07-01,TzM,S2,NDVI,0.3867318569826269
2024-07-03,Oran,S2,NDVI,0.17688995946821115
2024-07-03,Oran,S2,NDVI,0.17499274690355998
2024-07-03,TzM,S2,NDVI,0.35836882035161016
2024-07-06,Oran,S2,NDVI,0.17375005850546213
2024-07-06,Oran,S2,NDVI,0.16971266260810236
2024-07-06,TzM,S2,NDVI,0.32850643870283347
2024-07-08,Oran,S2,NDVI,0.17041909935405336
2024-07-08,Oran,S2,NDVI,0.16873315150094656
2024-07-08,TzM,S2,NDVI,0.32196665819020737
2024-07-11,Oran,S2,NDVI,0.1757787043109196
2024-07-11,Oran,S2,NDVI,0.1750323356124444
2024-07-11,TzM,S2,NDVI,0.3131498904940201
2024-07-13,Oran,S2,NDVI,0.1761179032979598
2024-07-13,Oran,S2,NDVI,0.1763487988592047
2024-07-13,TzM,S2,NDVI,0.31276369170176793
2024-07-16,Oran,S2,NDVI,0.1767310601658276
2024-07-16,Oran,S2,NDVI,0.17515981841263575
2024-07-16,TzM,S2,NDVI,0.3069395070227806
2024-07-18,Oran,S2,NDVI,0.17201581883559583
2024-07-18,Oran,S2,NDVI,0.17211203289703525
2024-07-18,TzM,S2,NDVI,0.2740295915884069
2024-07-21,Oran,S2,NDVI,0.17820297050310963
2024-07-21,Oran,S2,NDVI,0.17893172546080394
2024-07-21,TzM,S2,NDVI,0.31481295394502173
2024-07-23,Oran,S2,NDVI,0.1810301176403189
2024-07-23,Oran,S2,NDVI,0.17996714377693288
2024-07-23,TzM,S2,NDVI,0.30163525911993977
2024-07-26,Oran,S2,NDVI,0.18434903091365565
2024-07-26,Oran,S2,NDVI,0.1833012151812072
2024-07-26,TzM,S2,NDVI,0.29816210683927113
2024-07-28,Oran,S2,NDVI,0.18115209864815685
2024-07-28,Oran,S2,NDVI,0.17863789836348187
2024-07-28,TzM,S2,NDVI,0.30298813002454866
2024-07-31,Oran,S2,NDVI,0.18151902611317572
2024-07-31,Oran,S2,NDVI,0.18091310645180161
2024-07-31,TzM,S2,NDVI,0.3112977771711443
2024-08-02,Oran,S2,NDVI,0.1891635142357747
2024-08-02,Oran,S2,NDVI,0.1848043548071947
2024-08-02,TzM,S2,NDVI,0.2969796310693806
2024-08-05,Oran,S2,NDVI,0.19296594743128384
2024-08-05,Oran,S2,NDVI,0.18920491341931375
2024-08-05,TzM,S2,NDVI,0.2988709865374129
2024-08-07,Oran,S2,NDVI,0.19418190238175978
2024-08-07,Oran,S2,NDVI,0.19073009248116785
2024-08-07,TzM,S2,NDVI,0.2955556901018509
2024-08-10,Oran,S2,NDVI,0.19822903775733908
2024-08-10,Oran,S2,NDVI,0.19591540663020518
2024-08-10,TzM,S2,NDVI,0.28958902478622445
2024-08-12,Oran,S2,NDVI,0.19393604743544612
2024-08-12,Oran,S2,NDVI,0.18917186800912034
2024-08-12,TzM,S2,NDVI,0.2888559014751236
2024-08-15,Oran,S2,NDVI,0.22203063627149086
2024-08-15,Oran,S2,NDVI,0.21452582826176314
2024-08-15,TzM,S2,NDVI,0.3316393592573869
2024-08-17,Oran,S2,NDVI,0.2123603289782688
2024-08-17,Oran,S2,NDVI,0.20607688052763115
2024-08-17,TzM,S2,NDVI,0.30513131275750627
2024-08-20,Oran,S2,NDVI,0.20408324780966175
2024-08-20,Oran,S2,NDVI,0.1978743281287854
2024-08-20,TzM,S2,NDVI,0.28961126953443983
2024-08-22,Oran,S2,NDVI,0.1952434904504864
2024-08-22,TzM,S2,NDVI,0.25644180868309646
2024-08-25,Oran,S2,NDVI,0.19648459466175877
2024-08-25,Oran,S2,NDVI,0.19560050829159475
2024-08-25,TzM,S2,NDVI,0.1266147594958609
2024-08-27,Oran,S2,NDVI,0.2132560835077145
2024-08-27,Oran,S2,NDVI,0.20029519718115363
2024-08-27,TzM,S2,NDVI,0.2853464062074437
2024-08-30,Oran,S2,NDVI,0.11413094325605815
2024-08-30,Oran,S2,NDVI,0.131825061288557
2024-08-30,TzM,S2,NDVI,0.3051787794328158
2024-09-04,Oran,S2,NDVI,0.2296982131440807
2024-09-04,Oran,S2,NDVI,0.22143077954312765
2024-09-04,TzM,S2,NDVI,0.30796644323210653
2024-09-06,Oran,S2,NDVI,0.21562923309472984
2024-09-06,Oran,S2,NDVI,0.21045069720320833
2024-09-06,TzM,S2,NDVI,0.314663841764226
2024-09-09,Oran,S2,NDVI,0.22946013660673462
2024-09-09,Oran,S2,NDVI,0.22211673011154404
2024-09-09,TzM,S2,NDVI,0.3229119088155483
2024-09-11,Oran,S2,NDVI,0.221767889228705
2024-09-11,Oran,S2,NDVI,0.21014770120108775
2024-09-11,TzM,S2,NDVI,0.31273955131138953
2024-09-14,Oran,S2,NDVI,0.11797552940720735
2024-09-14,TzM,S2,NDVI,0.2556557718709741
2024-09-16,Oran,S2,NDVI,0.22371698931833764
2024-09-16,Oran,S2,NDVI,0.21861544867097454
2024-09-16,TzM,S2,NDVI,0.3260294824101315
2024-09-26,Oran,S2,NDVI,0.20859078349949767
2024-09-26,Oran,S2,NDVI,0.20329886699651736
2024-09-26,TzM,S2,NDVI,0.3367473039551684
2024-09-29,Oran,S2,NDVI,0.21623038831565164
2024-09-29,Oran,S2,NDVI,0.20988818277401822
2024-09-29,TzM,S2,NDVI,0.31616639494902793
2024-10-01,Oran,S2,NDVI,0.19405209063664022
2024-10-04,Oran,S2,NDVI,0.2030136071988158
2024-10-04,TzM,S2,NDVI,0.3017291648350432
2024-10-06,Oran,S2,NDVI,0.1900836678044002
2024-10-19,Oran,S2,NDVI,0.22266538120912305
2024-10-19,Oran,S2,NDVI,0.21693635289281413
2024-10-19,TzM,S2,NDVI,0.3057626924934439
2024-10-21,Oran,S2,NDVI,0.21924060020412722
2024-10-21,Oran,S2,NDVI,0.2122768267441751
2024-10-21,TzM,S2,NDVI,0.301900438984918
2024-10-24,Oran,S2,NDVI,0.20313319186143183
2024-10-24,TzM,S2,NDVI,0.15350842103625215
2024-10-31,Oran,S2,NDVI,0.2748692157443951
2024-10-31,Oran,S2,NDVI,0.26439264084285446
2024-10-31,TzM,S2,NDVI,0.2951223807952982
2024-11-05,Oran,S2,NDVI,0.3031082961160446
2024-11-05,Oran,S2,NDVI,0.29223377018433805
2024-11-05,TzM,S2,NDVI,0.2960634199170834
2024-11-18,Oran,S2,NDVI,0.3475752983543507
2024-11-20,Oran,S2,NDVI,0.3570223487177947
2024-11-20,Oran,S2,NDVI,0.3505225458708443
2024-11-20,TzM,S2,NDVI,0.28995458025295756
2024-11-23,Oran,S2,NDVI,0.35019564873373565
2024-11-28,Oran,S2,NDVI,0.29059250941139964
2024-11-30,Oran,S2,NDVI,0.2893680657555076
2024-11-30,Oran,S2,NDVI,0.272925630709463
2024-11-30,TzM,S2,NDVI,0.3192016538997868
2024-12-03,Oran,S2,NDVI,0.25627088822410854
2024-12-03,Oran,S2,NDVI,0.2503731584332213
2024-12-03,TzM,S2,NDVI,0.30464726983498946
2024-12-05,Oran,S2,NDVI,0.23876009121725994
2024-12-05,Oran,S2,NDVI,0.23609350004834465
2024-12-05,TzM,S2,NDVI,0.3180389779442992
2024-12-08,Oran,S2,NDVI,0.25409643087510286
2024-12-10,Oran,S2,NDVI,0.2496428136173247
2024-12-10,Oran,S2,NDVI,0.2476466586533212
2024-12-10,TzM,S2,NDVI,0.3276910306651932
2024-12-15,Oran,S2,NDVI,0.24473538151237484
2024-12-15,Oran,S2,NDVI,0.24287332756754257
2024-12-15,TzM,S2,NDVI,0.3279231884865251
2024-12-15,Oran,S2,NDVI,0.24489428715475067
2024-12-15,TzM,S2,NDVI,0.32755386874704223
2024-12-18,Oran,S2,NDVI,0.2084683794989385
2024-12-20,Oran,S2,NDVI,0.24759064713548826
2024-12-20,Oran,S2,NDVI,0.2460795119133894
2024-12-20,TzM,S2,NDVI,0.331807640299926
2024-12-23,Oran,S2,NDVI,0.23512216783882997
2024-12-23,Oran,S2,NDVI,0.23472490222474132
2024-12-23,TzM,S2,NDVI,0.3031385801227531
2024-12-25,Oran,S2,NDVI,0.2287840825617682
2024-12-25,Oran,S2,NDVI,0.22774889258487285
2024-12-25,TzM,S2,NDVI,0.2913282653135939
2024-12-28,Oran,S2,NDVI,0.23592824335960466
2024-12-28,Oran,S2,NDVI,0.235971486308034
2024-12-28,TzM,S2,NDVI,0.27605180276842434
2024-12-30,Oran,S2,NDVI,0.23717402508791155
2024-12-30,Oran,S2,NDVI,0.23405757853935089
2024-12-30,TzM,S2,NDVI,0.27810081473584514
2018-01-01,Oran,S2,NDWI,-0.3195984434108992
2018-01-01,Oran,S2,NDWI,-0.30673543249155044
2018-01-01,TzM,S2,NDWI,-0.4355266418336682
2018-01-04,Oran,S2,NDWI,-0.24967794003876093
2018-01-16,Oran,S2,NDWI,-0.31175142009651263
2018-01-16,Oran,S2,NDWI,-0.29090852964436764
2018-01-16,TzM,S2,NDWI,-0.40202548747759526
2018-01-21,Oran,S2,NDWI,-0.30011313821801755
2018-01-21,Oran,S2,NDWI,-0.2844536849843996
2018-01-21,TzM,S2,NDWI,-0.3893158528461448
2018-01-26,Oran,S2,NDWI,-0.16541043695514526
2018-01-26,TzM,S2,NDWI,-0.4723257707307007
2018-01-29,Oran,S2,NDWI,-0.03012952081546031
2018-01-29,TzM,S2,NDWI,-0.4301404745692107
2018-01-31,Oran,S2,NDWI,-0.333995608811444
2018-01-31,Oran,S2,NDWI,-0.33030103866184457
2018-01-31,TzM,S2,NDWI,-0.06449971555013267
2018-02-08,Oran,S2,NDWI,-0.3062486375570628
2018-02-08,Oran,S2,NDWI,-0.3008682837912122
2018-02-08,TzM,S2,NDWI,-0.40728189111206525
2018-02-13,Oran,S2,NDWI,-0.2877579205066095
2018-02-15,Oran,S2,NDWI,-0.31808532127247835
2018-02-15,Oran,S2,NDWI,-0.30422343378826844
2018-02-15,TzM,S2,NDWI,-0.4067074069917281
2018-02-20,Oran,S2,NDWI,-0.28185487360021527
2018-02-20,Oran,S2,NDWI,-0.2947259490756122
2018-02-20,TzM,S2,NDWI,-0.4057664840551689
2018-03-07,Oran,S2,NDWI,-0.27937750319826943
2018-03-07,Oran,S2,NDWI,-0.2633198799423224
2018-03-07,TzM,S2,NDWI,-0.4087212206972666
2018-03-10,Oran,S2,NDWI,-0.2736730854351162
2018-03-12,Oran,S2,NDWI,-0.29125857013961587
2018-03-22,Oran,S2,NDWI,-0.3115386476135223
2018-03-22,Oran,S2,NDWI,-0.3039279728200076
2018-03-22,TzM,S2,NDWI,-0.4095506588918032
2018-03-27,Oran,S2,NDWI,-0.3181962947825127
2018-03-27,Oran,S2,NDWI,-0.31538602196090476
2018-03-27,TzM,S2,NDWI,-0.42403391634341264
2018-03-27,Oran,S2,NDWI,-0.32010335452192296
2018-03-27,Oran,S2,NDWI,-0.3332887156420575
2018-04-14,Oran,S2,NDWI,-0.345985077469346
2018-04-14,Oran,S2,NDWI,-0.3421947075784154
2018-04-14,TzM,S2,NDWI,-0.4564478920613159
2018-04-16,Oran,S2,NDWI,-0.1376846875223585
2018-04-19,Oran,S2,NDWI,-0.3414407690653763
2018-04-19,Oran,S2,NDWI,-0.35004212502589055
2018-04-19,TzM,S2,NDWI,-0.473776833262424
2018-04-26,Oran,S2,NDWI,-0.31462238841468726
2018-04-26,Oran,S2,NDWI,-0.3255814087265027
2018-04-26,TzM,S2,NDWI,-0.4633451376232719
2018-05-01,Oran,S2,NDWI,-0.4170352011902511
2018-05-01,TzM,S2,NDWI,-0.48574516694578057
2018-05-04,Oran,S2,NDWI,-0.42208885683320274
2018-05-04,Oran,S2,NDWI,-0.42705706922808934
2018-05-04,TzM,S2,NDWI,-0.48335066767045193
2018-05-09,Oran,S2,NDWI,-0.41764911383515685
2018-05-09,TzM,S2,NDWI,-0.4821865729288718
2018-05-11,Oran,S2,NDWI,-0.44460256293075895
2018-05-14,Oran,S2,NDWI,-0.45194580169008725
2018-05-14,Oran,S2,NDWI,-0.45613715616636186
2018-05-14,TzM,S2,NDWI,-0.4968853078605779
2018-05-16,Oran,S2,NDWI,-0.4788390182283777
2018-05-16,Oran,S2,NDWI,-0.481220363769043
2018-05-16,TzM,S2,NDWI,-0.49951347982025696
2018-05-19,Oran,S2,NDWI,0.004105198024581075
2018-05-19,Oran,S2,NDWI,0.010071973523528033
2018-05-19,TzM,S2,NDWI,-0.4500970801189186
2018-05-21,Oran,S2,NDWI,-0.024737495579962063
2018-05-21,TzM,S2,NDWI,-0.4702261170721922
2018-06-13,Oran,S2,NDWI,-0.4811618713162513
2018-06-13,Oran,S2,NDWI,-0.47728346072090694
2018-06-13,TzM,S2,NDWI,-0.44526859995543827
2018-06-15,Oran,S2,NDWI,-0.44946823550417847
2018-06-15,Oran,S2,NDWI,-0.4331224296852732
2018-06-15,TzM,S2,NDWI,-0.4229093506471018
2018-06-18,Oran,S2,NDWI,-0.4512571897455851
2018-06-18,Oran,S2,NDWI,-0.4539949748767876
2018-06-18,TzM,S2,NDWI,-0.4411327223958707
2018-06-20,Oran,S2,NDWI,-0.44116093307043447
2018-06-20,Oran,S2,NDWI,-0.42274200765062364
2018-06-20,TzM,S2,NDWI,-0.4146014996570882
2018-06-23,Oran,S2,NDWI,-0.46664615954064104
2018-06-23,Oran,S2,NDWI,-0.4305672134950303
2018-06-23,TzM,S2,NDWI,-0.42475958929771906
2018-06-25,Oran,S2,NDWI,-0.42220846652412414
2018-06-25,Oran,S2,NDWI,-0.3976518279324336
2018-06-25,TzM,S2,NDWI,-0.4110644821595248
2018-06-28,Oran,S2,NDWI,-0.4123485584783985
2018-06-30,Oran,S2,NDWI,-0.417724850334636
2018-06-30,Oran,S2,NDWI,-0.39685322727749345
2018-06-30,TzM,S2,NDWI,-0.23910617091420433
2018-07-03,Oran,S2,NDWI,-0.43302661741604215
2018-07-03,Oran,S2,NDWI,-0.40660151931937527
2018-07-03,TzM,S2,NDWI,-0.4266398167857681
2018-07-05,Oran,S2,NDWI,-0.4253440068974011
2018-07-05,Oran,S2,NDWI,-0.41429970515919445
2018-07-05,TzM,S2,NDWI,-0.43239156005051754
2018-07-08,Oran,S2,NDWI,-0.4293692368010778
2018-07-08,Oran,S2,NDWI,-0.4087910504779472
2018-07-08,TzM,S2,NDWI,-0.424233732594566
2018-07-10,Oran,S2,NDWI,-0.3726801770606271
2018-07-10,Oran,S2,NDWI,-0.3682493135560954
2018-07-10,TzM,S2,NDWI,-0.4182669004028343
2018-07-13,Oran,S2,NDWI,-0.35677361936254104
2018-07-13,Oran,S2,NDWI,-0.34604924428749795
2018-07-13,TzM,S2,NDWI,-0.3877193793094405
2018-07-15,Oran,S2,NDWI,-0.3472091986239515
2018-07-15,Oran,S2,NDWI,-0.3475919161395825
2018-07-15,TzM,S2,NDWI,-0.4075477561889936
2018-07-18,Oran,S2,NDWI,-0.37741656134282686
2018-07-18,Oran,S2,NDWI,-0.37270810363346185
2018-07-18,TzM,S2,NDWI,-0.4293872590168941
2018-07-20,Oran,S2,NDWI,-0.37995579801133345
2018-07-20,Oran,S2,NDWI,-0.3515831921702893
2018-07-20,TzM,S2,NDWI,-0.4066664871918561
2018-07-23,Oran,S2,NDWI,-0.3899914790866688
2018-07-23,Oran,S2,NDWI,-0.3941292072917569
2018-07-23,TzM,S2,NDWI,-0.4312567050128183
2018-07-28,Oran,S2,NDWI,-0.3823627212654194
2018-07-28,Oran,S2,NDWI,-0.3903304851612134
2018-07-28,TzM,S2,NDWI,-0.44522027599963065
2018-07-30,Oran,S2,NDWI,-0.37198023848612616
2018-07-30,Oran,S2,NDWI,-0.3695650855706966
2018-07-30,TzM,S2,NDWI,-0.42984745992362305
2018-08-02,Oran,S2,NDWI,-0.362028446897758
2018-08-02,Oran,S2,NDWI,-0.35297796984121504
2018-08-02,TzM,S2,NDWI,-0.4210330816644908
2018-08-04,Oran,S2,NDWI,-0.378096988382294
2018-08-04,Oran,S2,NDWI,-0.36368647018747835
2018-08-04,TzM,S2,NDWI,-0.4306091778126349
2018-08-07,Oran,S2,NDWI,-0.34576080979393964
2018-08-07,Oran,S2,NDWI,-0.346863288337541
2018-08-07,TzM,S2,NDWI,-0.38679480660039056
2018-08-09,Oran,S2,NDWI,-0.38849696462189864
2018-08-09,Oran,S2,NDWI,-0.3718965974798093
2018-08-09,TzM,S2,NDWI,-0.4435062179734045
2018-08-12,Oran,S2,NDWI,0.027202246880634464
2018-08-12,Oran,S2,NDWI,0.02483795942545867
2018-08-12,TzM,S2,NDWI,-0.41758845263656663
2018-08-14,Oran,S2,NDWI,-0.3827577337849446
2018-08-14,Oran,S2,NDWI,-0.37982223434810025
2018-08-14,TzM,S2,NDWI,-0.44723193643318077
2018-08-17,Oran,S2,NDWI,-0.3720101495607071
2018-08-17,Oran,S2,NDWI,-0.3517125490008685
2018-08-17,TzM,S2,NDWI,-0.4284541712658801
2018-08-19,Oran,S2,NDWI,-0.012303716945928293
2018-08-19,TzM,S2,NDWI,-0.41495522424609804
2018-08-22,Oran,S2,NDWI,-0.3543756074768836
2018-08-22,Oran,S2,NDWI,-0.33393616221442457
2018-08-22,TzM,S2,NDWI,-0.429061394827192
2018-08-24,Oran,S2,NDWI,-0.37659882367112507
2018-08-24,Oran,S2,NDWI,-0.36965750412718923
2018-08-24,TzM,S2,NDWI,-0.4607432267272449
2018-08-27,Oran,S2,NDWI,-0.35427431419395417
2018-08-27,Oran,S2,NDWI,-0.35429004703076
2018-08-27,TzM,S2,NDWI,-0.4403011720558197
2018-08-29,Oran,S2,NDWI,-0.3494077194569009
2018-08-29,Oran,S2,NDWI,-0.3362359421594824
2018-08-29,TzM,S2,NDWI,-0.4400343912339822
2018-09-01,Oran,S2,NDWI,-0.3275699792625227
2018-09-01,Oran,S2,NDWI,-0.3243840583306855
2018-09-01,TzM,S2,NDWI,-0.4143274686799114
2018-09-06,Oran,S2,NDWI,-0.35061665574887385
2018-09-06,Oran,S2,NDWI,-0.3609839810403245
2018-09-06,TzM,S2,NDWI,-0.44205983620541134
2018-09-11,Oran,S2,NDWI,0.05309739117161051
2018-09-11,TzM,S2,NDWI,-0.24490879971157642
2018-09-13,Oran,S2,NDWI,-0.3425083728395514
2018-09-13,Oran,S2,NDWI,-0.3501075766208412
2018-09-13,TzM,S2,NDWI,-0.4428027596133375
2018-09-16,Oran,S2,NDWI,-0.3566566268294276
2018-09-16,Oran,S2,NDWI,-0.3506480371516212
2018-09-16,TzM,S2,NDWI,-0.4294578671702737
2018-09-18,Oran,S2,NDWI,-0.3365580469488868
2018-09-18,Oran,S2,NDWI,-0.3251413226053585
2018-09-18,TzM,S2,NDWI,-0.36719592786979827
2018-09-21,Oran,S2,NDWI,-0.32976128975188035
2018-09-21,Oran,S2,NDWI,-0.32498066829001987
2018-09-21,TzM,S2,NDWI,-0.4253522011419775
2018-09-23,Oran,S2,NDWI,-0.342229103485422
2018-09-23,Oran,S2,NDWI,-0.33593767483799974
2018-09-23,TzM,S2,NDWI,-0.4371526083233076
2018-09-26,Oran,S2,NDWI,-0.01869648894444697
2018-09-26,TzM,S2,NDWI,-0.40745426044836297
2018-09-28,Oran,S2,NDWI,-0.36941640089500677
2018-09-28,Oran,S2,NDWI,-0.3646238949387964
2018-09-28,TzM,S2,NDWI,-0.45863450936495787
2018-10-01,Oran,S2,NDWI,-0.30814130525777167
2018-10-01,Oran,S2,NDWI,-0.29159057987791387
2018-10-01,TzM,S2,NDWI,-0.451800477160455
2018-10-03,Oran,S2,NDWI,-0.3756711704268
2018-10-03,Oran,S2,NDWI,-0.3618572040494519
2018-10-03,TzM,S2,NDWI,-0.46935221103452196
2018-10-06,Oran,S2,NDWI,-0.3405092439276423
2018-10-06,Oran,S2,NDWI,-0.35256930672691045
2018-10-06,TzM,S2,NDWI,-0.4634650902618087
2018-10-08,Oran,S2,NDWI,-0.35929203736481474
2018-10-08,Oran,S2,NDWI,-0.368025303950385
2018-10-08,TzM,S2,NDWI,-0.47622634756682425
2018-10-13,Oran,S2,NDWI,-0.3785220804360869
2018-10-13,Oran,S2,NDWI,-0.3592984744089025
2018-10-13,TzM,S2,NDWI,-0.4750833653754553
2018-10-16,Oran,S2,NDWI,-0.3523428846365823
2018-10-16,TzM,S2,NDWI,-0.4903759878627665
2018-10-23,Oran,S2,NDWI,-0.35819147556812
2018-10-23,TzM,S2,NDWI,-0.46475047899280214
2018-11-07,Oran,S2,NDWI,-0.2851281090860205
2018-12-05,Oran,S2,NDWI,-0.37809342162646664
2018-12-05,Oran,S2,NDWI,-0.3823100844393507
2018-12-05,TzM,S2,NDWI,-0.4891101412851038
2018-12-07,Oran,S2,NDWI,-0.44807702338868055
2018-12-07,Oran,S2,NDWI,-0.43556283928282796
2018-12-07,TzM,S2,NDWI,-0.13754931239414311
2018-12-10,Oran,S2,NDWI,-0.4516081541551567
2018-12-10,TzM,S2,NDWI,-0.5355697582714589
2018-12-12,Oran,S2,NDWI,-0.3737950531066577
2018-12-17,Oran,S2,NDWI,-0.4819873615904162
2018-12-17,Oran,S2,NDWI,-0.46878116825376526
2018-12-17,TzM,S2,NDWI,-0.40367416691955155
2018-12-20,Oran,S2,NDWI,-0.03995113679657902
2018-12-22,Oran,S2,NDWI,0.02131051182543203
2018-12-27,Oran,S2,NDWI,-0.4930753706725933
2018-12-27,Oran,S2,NDWI,-0.4871940728445826
2018-12-27,TzM,S2,NDWI,-0.4592034450096067
2018-12-30,Oran,S2,NDWI,-0.500135474102484
2018-12-30,Oran,S2,NDWI,-0.49200136186252147
2018-12-30,TzM,S2,NDWI,-0.4745424404905674
2019-01-01,Oran,S2,NDWI,-0.5111311497121525
2019-01-01,Oran,S2,NDWI,-0.5071708545790788
2019-01-01,TzM,S2,NDWI,-0.48355493151935686
2019-01-04,Oran,S2,NDWI,-0.5176146363910011
2019-01-04,Oran,S2,NDWI,-0.5189040619695195
2019-01-04,TzM,S2,NDWI,-0.48436312597590764
2019-01-06,Oran,S2,NDWI,-0.504913916713265
2019-01-06,Oran,S2,NDWI,-0.5010601966315769
2019-01-06,TzM,S2,NDWI,-0.4766250147986709
2019-01-09,Oran,S2,NDWI,-0.5059323776191748
2019-01-09,Oran,S2,NDWI,-0.4978920974287226
2019-01-09,TzM,S2,NDWI,-0.47446446429792577
2019-01-11,Oran,S2,NDWI,-0.515606067334591
2019-01-11,Oran,S2,NDWI,-0.5087161130365293
2019-01-11,TzM,S2,NDWI,-0.4729948710070095
2019-01-14,Oran,S2,NDWI,-0.4852336925723162
2019-01-14,Oran,S2,NDWI,-0.4870159473096554
2019-01-14,TzM,S2,NDWI,-0.46849633225784004
2019-01-16,Oran,S2,NDWI,-0.4735269784340119
2019-01-16,Oran,S2,NDWI,-0.4631398187580184
2019-01-16,TzM,S2,NDWI,-0.4313963076522991
2019-01-19,Oran,S2,NDWI,-0.4730123324671235
2019-01-19,Oran,S2,NDWI,-0.48814407200775917
2019-01-19,TzM,S2,NDWI,-0.41873785680921705
2019-01-21,Oran,S2,NDWI,-0.5131060901644863
2019-01-21,Oran,S2,NDWI,-0.511293750208524
2019-01-21,TzM,S2,NDWI,-0.4792053504379503
2019-01-26,Oran,S2,NDWI,-0.515367334440101
2019-01-26,Oran,S2,NDWI,-0.5005887273624243
2019-01-26,TzM,S2,NDWI,-0.4559646795253807
2019-02-03,Oran,S2,NDWI,-0.2786306449685358
2019-02-03,Oran,S2,NDWI,-0.2807769665322054
2019-02-03,TzM,S2,NDWI,-0.4312009011279793
2019-02-05,Oran,S2,NDWI,-0.550479001932525
2019-02-05,Oran,S2,NDWI,-0.5278327434026375
2019-02-05,TzM,S2,NDWI,-0.4283316832764833
2019-02-08,Oran,S2,NDWI,-0.5643998965908072
2019-02-08,Oran,S2,NDWI,-0.558142559396333
2019-02-08,TzM,S2,NDWI,-0.4376284974299079
2019-02-13,Oran,S2,NDWI,-0.5766840976879818
2019-02-13,Oran,S2,NDWI,-0.5594290978446991
2019-02-13,TzM,S2,NDWI,-0.4212084125650473
2019-02-18,Oran,S2,NDWI,-0.5227063418665417
2019-02-18,TzM,S2,NDWI,-0.41626758246119694
2019-02-20,TzM,S2,NDWI,-0.4142348009432059
2019-02-20,Oran,S2,NDWI,-0.5996265939225306
2019-02-20,Oran,S2,NDWI,-0.5680045710076399
2019-02-23,Oran,S2,NDWI,-0.5939359327178947
2019-02-23,Oran,S2,NDWI,-0.5704910339730687
2019-02-23,TzM,S2,NDWI,-0.42231533942444716
2019-02-25,Oran,S2,NDWI,-0.5886917142708451
2019-02-25,Oran,S2,NDWI,-0.5698996549172698
2019-02-25,TzM,S2,NDWI,-0.4173751178430701
2019-02-28,Oran,S2,NDWI,-0.5831534598829423
2019-02-28,Oran,S2,NDWI,-0.5726587530384251
2019-02-28,TzM,S2,NDWI,-0.4100082054222289
2019-03-07,Oran,S2,NDWI,-0.5509418398991142
2019-03-10,Oran,S2,NDWI,-0.5940376908830309
2019-03-10,Oran,S2,NDWI,-0.5783780907171704
2019-03-10,TzM,S2,NDWI,-0.42378805644309775
2019-03-12,Oran,S2,NDWI,-0.5954452429001191
2019-03-12,Oran,S2,NDWI,-0.5593216669587373
2019-03-12,TzM,S2,NDWI,-0.4061060173270216
2019-03-15,Oran,S2,NDWI,-0.5941613854935008
2019-03-15,Oran,S2,NDWI,-0.5801534736137446
2019-03-15,TzM,S2,NDWI,-0.42336406387108644
2019-03-17,Oran,S2,NDWI,-0.562897484167133
2019-03-17,Oran,S2,NDWI,-0.5418845198795205
2019-03-17,TzM,S2,NDWI,-0.41470875539312996
2019-03-20,Oran,S2,NDWI,-0.4596304652832651
2019-03-20,TzM,S2,NDWI,-0.40909147767632115
2019-03-22,Oran,S2,NDWI,-0.3170218429328473
2019-03-22,Oran,S2,NDWI,-0.3108547642460023
2019-03-22,TzM,S2,NDWI,-0.4121282541246197
2019-03-25,Oran,S2,NDWI,-0.5580062503661927
2019-03-25,Oran,S2,NDWI,-0.5254243533852463
2019-03-25,TzM,S2,NDWI,-0.42518485200330514
2019-03-27,Oran,S2,NDWI,-0.5368271319993514
2019-03-27,Oran,S2,NDWI,-0.5254557478904892
2019-03-27,TzM,S2,NDWI,-0.4242876043067308
2019-03-30,Oran,S2,NDWI,-0.49438859996339224
2019-03-30,Oran,S2,NDWI,-0.4618574047362678
2019-03-30,TzM,S2,NDWI,-0.40700447911476956
2019-04-04,Oran,S2,NDWI,-0.5450244251777927
2019-04-04,Oran,S2,NDWI,-0.5306402409117742
2019-04-04,TzM,S2,NDWI,-0.4326475711132691
2019-04-11,Oran,S2,NDWI,-0.5297374703708415
2019-04-11,Oran,S2,NDWI,-0.5229750998501848
2019-04-11,TzM,S2,NDWI,-0.4422574001576016
2019-04-14,Oran,S2,NDWI,-0.37914467924323386
2019-04-16,Oran,S2,NDWI,-0.5059438732539457
2019-04-16,Oran,S2,NDWI,-0.5110283869257919
2019-04-16,TzM,S2,NDWI,-0.44912915470362536
2019-04-26,Oran,S2,NDWI,-0.49536121785633513
2019-04-26,Oran,S2,NDWI,-0.4928632612756115
2019-04-26,TzM,S2,NDWI,-0.4454070159298002
2019-04-29,Oran,S2,NDWI,-0.46932886051878053
2019-04-29,TzM,S2,NDWI,-0.4138547477121731
2019-05-01,Oran,S2,NDWI,-0.43532100704309945
2019-05-01,TzM,S2,NDWI,-0.4352941907516018
2019-05-04,Oran,S2,NDWI,-0.49174320716379466
2019-05-04,Oran,S2,NDWI,-0.4872706328484702
2019-05-04,TzM,S2,NDWI,-0.46507539107609364
2019-05-06,Oran,S2,NDWI,-0.39943600964402814
2019-05-06,TzM,S2,NDWI,-0.44927331833062834
2019-05-11,Oran,S2,NDWI,-0.4231003423887541
2019-05-11,Oran,S2,NDWI,-0.42643436004262597
2019-05-11,TzM,S2,NDWI,-0.469228270181922
2019-05-14,TzM,S2,NDWI,-0.4795315492440788
2019-05-14,Oran,S2,NDWI,-0.4373817991389535
2019-05-14,Oran,S2,NDWI,-0.43387061049785697
2019-05-16,Oran,S2,NDWI,-0.3984090421316233
2019-05-16,Oran,S2,NDWI,-0.39842743622896687
2019-05-16,TzM,S2,NDWI,-0.46498503111285877
2019-05-26,Oran,S2,NDWI,-0.3791408590410905
2019-05-26,Oran,S2,NDWI,-0.3823355033206216
2019-05-26,TzM,S2,NDWI,-0.49001890261802233
2019-05-29,Oran,S2,NDWI,-0.39270403173516627
2019-05-29,Oran,S2,NDWI,-0.38435135842418566
2019-05-29,TzM,S2,NDWI,-0.47462510796439117
2019-05-31,Oran,S2,NDWI,-0.37338479156176135
2019-05-31,Oran,S2,NDWI,-0.36816192595327313
2019-05-31,TzM,S2,NDWI,-0.4600691982074611
2019-06-03,Oran,S2,NDWI,-0.34310316845855576
2019-06-03,Oran,S2,NDWI,-0.32976351722573227
2019-06-03,TzM,S2,NDWI,-0.4571922674047341
2019-06-05,Oran,S2,NDWI,-0.3659035576762142
2019-06-05,TzM,S2,NDWI,-0.4650830114009599
2019-06-08,Oran,S2,NDWI,-0.36850602203988275
2019-06-08,Oran,S2,NDWI,-0.35729857376977886
2019-06-08,TzM,S2,NDWI,-0.4452135894441256
2019-06-10,Oran,S2,NDWI,-0.3641754306213108
2019-06-10,Oran,S2,NDWI,-0.3647957103309836
2019-06-10,TzM,S2,NDWI,-0.4680977650186889
2019-06-13,Oran,S2,NDWI,-0.37822195904476136
2019-06-15,TzM,S2,NDWI,-0.45752960946779564
2019-06-15,Oran,S2,NDWI,-0.37062639152906585
2019-06-15,Oran,S2,NDWI,-0.35800805526635315
2019-06-15,TzM,S2,NDWI,-0.45781709650515146
2019-06-18,Oran,S2,NDWI,-0.3817591033527683
2019-06-18,Oran,S2,NDWI,-0.3775783286917117
2019-06-18,TzM,S2,NDWI,-0.4775595790821228
2019-06-20,Oran,S2,NDWI,-0.36092177966941963
2019-06-20,Oran,S2,NDWI,-0.35277656179143113
2019-06-20,TzM,S2,NDWI,-0.4545077839954105
2019-06-23,Oran,S2,NDWI,-0.38328454134346124
2019-06-23,Oran,S2,NDWI,-0.363598886352032
2019-06-23,TzM,S2,NDWI,-0.46104388478666236
2019-06-25,Oran,S2,NDWI,-0.29874011568497627
2019-06-25,Oran,S2,NDWI,-0.2975079010711939
2019-06-25,TzM,S2,NDWI,-0.4499825586201599
2019-06-28,Oran,S2,NDWI,-0.3260654797486116
2019-06-28,Oran,S2,NDWI,-0.3243918191274773
2019-06-28,TzM,S2,NDWI,-0.45229457497984943
2019-06-30,TzM,S2,NDWI,-0.4615415393524427
2019-06-30,Oran,S2,NDWI,-0.32825593646652157
2019-06-30,Oran,S2,NDWI,-0.32281111332580853
2019-06-30,TzM,S2,NDWI,-0.45987107690968887
2019-07-03,Oran,S2,NDWI,-0.3382862169989918
2019-07-03,Oran,S2,NDWI,-0.3353073325984061
2019-07-03,TzM,S2,NDWI,-0.4651278487725136
2019-07-05,Oran,S2,NDWI,-0.32086397851014126
2019-07-05,Oran,S2,NDWI,-0.3089819856046956
2019-07-05,TzM,S2,NDWI,-0.44509478798103036
2019-07-08,Oran,S2,NDWI,-0.16229937020883356
2019-07-08,TzM,S2,NDWI,-0.21202576663531159
2019-07-10,Oran,S2,NDWI,-0.3430351398142477
2019-07-10,Oran,S2,NDWI,-0.32509395533253305
2019-07-10,TzM,S2,NDWI,-0.4546387273079505
2019-07-13,Oran,S2,NDWI,-0.14237616847518927
2019-07-13,Oran,S2,NDWI,-0.14696810846672254
2019-07-13,TzM,S2,NDWI,-0.42648764434813863
2019-07-15,Oran,S2,NDWI,-0.3101415768168108
2019-07-15,Oran,S2,NDWI,-0.30660539127152325
2019-07-15,TzM,S2,NDWI,-0.2916556334647992
2019-07-15,Oran,S2,NDWI,-0.3125826988960119
2019-07-15,Oran,S2,NDWI,-0.3103295621909541
2019-07-18,Oran,S2,NDWI,-0.3412434389676253
2019-07-18,Oran,S2,NDWI,-0.32173795980519143
2019-07-18,TzM,S2,NDWI,-0.4769935561292314
2019-07-20,Oran,S2,NDWI,-0.3081044400345871
2019-07-20,Oran,S2,NDWI,-0.3088514111597386
2019-07-20,TzM,S2,NDWI,-0.45416216772375634
2019-07-23,Oran,S2,NDWI,-0.3272102362734085
2019-07-23,Oran,S2,NDWI,-0.31945749452652633
2019-07-23,TzM,S2,NDWI,-0.4584128990720864
2019-07-25,Oran,S2,NDWI,-0.3373126365400432
2019-07-25,Oran,S2,NDWI,-0.3172688547671386
2019-07-25,TzM,S2,NDWI,-0.4681928195801772
2019-07-28,Oran,S2,NDWI,-0.3266588479804044
2019-07-28,Oran,S2,NDWI,-0.33163812540966753
2019-07-28,TzM,S2,NDWI,-0.5036971068771449
2019-07-30,Oran,S2,NDWI,-0.343621432153258
2019-07-30,Oran,S2,NDWI,-0.32839105486483827
2019-07-30,TzM,S2,NDWI,-0.48401607931879065
2019-08-02,Oran,S2,NDWI,-0.36242888573968723
2019-08-02,Oran,S2,NDWI,-0.33985132421102454
2019-08-02,TzM,S2,NDWI,-0.4779530461653866
2019-08-04,Oran,S2,NDWI,-0.36480214638528113
2019-08-04,Oran,S2,NDWI,-0.3356254120878564
2019-08-04,TzM,S2,NDWI,-0.272941177615672
2019-08-09,Oran,S2,NDWI,-0.36345876843605945
2019-08-09,Oran,S2,NDWI,-0.3427452446893094
2019-08-09,TzM,S2,NDWI,-0.4712977187866857
2019-08-12,Oran,S2,NDWI,-0.3106996543390389
2019-08-12,TzM,S2,NDWI,-0.5137736280145829
2019-08-14,TzM,S2,NDWI,-0.46991136564423613
2019-08-14,Oran,S2,NDWI,-0.3620957783001857
2019-08-14,Oran,S2,NDWI,-0.33936904789666567
2019-08-17,Oran,S2,NDWI,-0.35602321213084914
2019-08-17,Oran,S2,NDWI,-0.35502319796129356
2019-08-17,TzM,S2,NDWI,-0.4893646281176248
2019-08-19,Oran,S2,NDWI,-0.3720617726948702
2019-08-19,Oran,S2,NDWI,-0.3475674130681168
2019-08-19,TzM,S2,NDWI,-0.47460783788930766
2019-08-22,Oran,S2,NDWI,-0.38382308362831286
2019-08-22,Oran,S2,NDWI,-0.36698837388065897
2019-08-22,TzM,S2,NDWI,-0.48881288635098435
2019-08-24,Oran,S2,NDWI,-0.3893576168270608
2019-08-24,Oran,S2,NDWI,-0.3615503627055044
2019-08-24,TzM,S2,NDWI,-0.47664313233936195
2019-08-27,Oran,S2,NDWI,-0.350367454130405
2019-08-27,TzM,S2,NDWI,-0.47908645663861155
2019-09-01,Oran,S2,NDWI,-0.36255464794260156
2019-09-01,Oran,S2,NDWI,-0.3671145697173291
2019-09-01,TzM,S2,NDWI,-0.5000879920205183
2019-09-03,Oran,S2,NDWI,-0.37661156983892796
2019-09-03,Oran,S2,NDWI,-0.34869428639403344
2019-09-03,TzM,S2,NDWI,-0.4601326730215644
2019-09-06,Oran,S2,NDWI,-0.3647973796913872
2019-09-06,Oran,S2,NDWI,-0.3721288873720122
2019-09-06,TzM,S2,NDWI,-0.29998629469037447
2019-09-16,Oran,S2,NDWI,-0.15571081992054678
2019-09-16,Oran,S2,NDWI,-0.1672873419171461
2019-09-16,TzM,S2,NDWI,-0.37709974603525614
2019-09-18,Oran,S2,NDWI,-0.4213851168376966
2019-09-18,Oran,S2,NDWI,-0.42060836483258984
2019-09-18,TzM,S2,NDWI,-0.5176575251457086
2019-09-26,Oran,S2,NDWI,-0.4467742409603258
2019-09-26,Oran,S2,NDWI,-0.42031317092488524
2019-09-26,TzM,S2,NDWI,-0.4925309792807313
2019-09-28,Oran,S2,NDWI,-0.4270338452852038
2019-09-28,Oran,S2,NDWI,-0.4098193159751566
2019-09-28,TzM,S2,NDWI,-0.4818795490937986
2019-10-01,Oran,S2,NDWI,-0.4525311783871463
2019-10-01,Oran,S2,NDWI,-0.42951210924440525
2019-10-01,TzM,S2,NDWI,-0.4858216658119621
2019-10-03,Oran,S2,NDWI,-0.45284734047214437
2019-10-06,Oran,S2,NDWI,-0.46936353621290955
2019-10-06,Oran,S2,NDWI,-0.47143970008656494
2019-10-06,TzM,S2,NDWI,-0.49847919075852926
2019-10-08,Oran,S2,NDWI,-0.4479901060886829
2019-10-08,Oran,S2,NDWI,-0.4375502584231811
2019-10-08,TzM,S2,NDWI,-0.48654525168724055
2019-10-11,Oran,S2,NDWI,-0.36400236919362733
2019-10-13,Oran,S2,NDWI,-0.46674280884344693
2019-10-13,Oran,S2,NDWI,-0.440198552864826
2019-10-13,TzM,S2,NDWI,-0.4720320399885919
2019-10-16,Oran,S2,NDWI,-0.4672384014461602
2019-10-16,Oran,S2,NDWI,-0.4384145584486037
2019-10-16,TzM,S2,NDWI,-0.4932204427215469
2019-10-21,Oran,S2,NDWI,-0.43690155299044126
2019-10-21,Oran,S2,NDWI,-0.4497033708493361
2019-10-21,TzM,S2,NDWI,-0.5114839721593476
2019-10-26,Oran,S2,NDWI,-0.47661876598015235
2019-10-26,Oran,S2,NDWI,-0.46493802561485087
2019-10-26,TzM,S2,NDWI,-0.5194741778776842
2019-11-10,Oran,S2,NDWI,-0.48636060706129647
2019-11-10,Oran,S2,NDWI,-0.48413854047313853
2019-11-10,TzM,S2,NDWI,-0.3515900771580837
2019-11-12,Oran,S2,NDWI,-0.4766115958205927
2019-11-12,Oran,S2,NDWI,-0.4730358611774103
2019-11-12,TzM,S2,NDWI,-0.4933149092048845
2019-11-17,Oran,S2,NDWI,-0.502631271410269
2019-11-17,TzM,S2,NDWI,-0.5446442866996063
2019-11-20,Oran,S2,NDWI,-0.4154521843003627
2019-11-20,TzM,S2,NDWI,-0.506348406384177
2019-11-30,Oran,S2,NDWI,-0.42855420064448563
2019-11-30,Oran,S2,NDWI,-0.4142323392437048
2019-11-30,TzM,S2,NDWI,-0.18684603016118723
2019-12-07,Oran,S2,NDWI,-0.17986227009018166
2019-12-10,Oran,S2,NDWI,-0.42841195232762574
2019-12-10,Oran,S2,NDWI,-0.4325002919952461
2019-12-10,TzM,S2,NDWI,-0.47532549027587406
2019-12-15,Oran,S2,NDWI,-0.39960176857463536
2019-12-22,Oran,S2,NDWI,-0.392272189512681
2019-12-22,Oran,S2,NDWI,-0.43872173639489304
2019-12-22,TzM,S2,NDWI,-0.2092953709851348
2019-12-25,Oran,S2,NDWI,-0.4497667997131572
2019-12-25,Oran,S2,NDWI,-0.454873800058863
2019-12-25,TzM,S2,NDWI,-0.4749188122212893
2019-12-30,Oran,S2,NDWI,-0.11400411271340863
2020-01-01,Oran,S2,NDWI,-0.43784641502402116
2020-01-01,Oran,S2,NDWI,-0.4331827321490506
2020-01-01,TzM,S2,NDWI,-0.14996233704580147
2020-01-04,Oran,S2,NDWI,-0.3098766313784428
2020-01-04,Oran,S2,NDWI,-0.31150029726697726
2020-01-04,TzM,S2,NDWI,-0.41947443764850584
2020-01-06,Oran,S2,NDWI,-0.4515456445896511
2020-01-06,Oran,S2,NDWI,-0.44093622845911973
2020-01-06,TzM,S2,NDWI,-0.4557801490565757
2020-01-09,Oran,S2,NDWI,-0.3983892607870913
2020-01-09,Oran,S2,NDWI,-0.3995502404258589
2020-01-09,TzM,S2,NDWI,0.006721159486400163
2020-01-11,Oran,S2,NDWI,-0.4302862259709023
2020-01-11,Oran,S2,NDWI,-0.42973083629236164
2020-01-11,TzM,S2,NDWI,-0.4444972273199871
2020-01-14,Oran,S2,NDWI,-0.43629977978307033
2020-01-14,Oran,S2,NDWI,-0.4372181283526178
2020-01-14,TzM,S2,NDWI,-0.44349632454005244
2020-01-16,Oran,S2,NDWI,-0.4345859245300841
2020-01-16,Oran,S2,NDWI,-0.42160931885779296
2020-01-16,TzM,S2,NDWI,-0.43276701216414465
2020-02-03,Oran,S2,NDWI,-0.4535886432864812
2020-02-05,Oran,S2,NDWI,-0.41955659406063583
2020-02-05,TzM,S2,NDWI,-0.42259419545287663
2020-02-10,Oran,S2,NDWI,-0.4841221571805087
2020-02-10,Oran,S2,NDWI,-0.45673075645579353
2020-02-10,TzM,S2,NDWI,-0.3481505969899686
2020-02-15,Oran,S2,NDWI,-0.5241245953054056
2020-02-15,Oran,S2,NDWI,-0.5033027014476178
2020-02-15,TzM,S2,NDWI,-0.4335361529104615
2020-02-20,Oran,S2,NDWI,-0.5524498655777681
2020-02-20,Oran,S2,NDWI,-0.5422481729602272
2020-02-20,TzM,S2,NDWI,-0.12006169824440212
2020-02-23,Oran,S2,NDWI,-0.567388570514924
2020-02-23,Oran,S2,NDWI,-0.5726161606823565
2020-02-23,TzM,S2,NDWI,-0.4635324206427511
2020-03-11,Oran,S2,NDWI,-0.5553135767133079
2020-03-11,Oran,S2,NDWI,-0.5341463393452363
2020-03-11,TzM,S2,NDWI,-0.45647945132968953
2020-03-14,Oran,S2,NDWI,-0.4746737596374941
2020-03-14,TzM,S2,NDWI,-0.40531664982819066
2020-03-26,Oran,S2,NDWI,-0.5771947191154995
2020-03-26,Oran,S2,NDWI,-0.5729604110830773
2020-03-26,TzM,S2,NDWI,-0.5050191117417829
2020-03-29,Oran,S2,NDWI,-0.5863123676181118
2020-03-29,Oran,S2,NDWI,-0.5855212973737199
2020-03-29,TzM,S2,NDWI,-0.5108452545693115
2020-04-03,Oran,S2,NDWI,-0.606293071135192
2020-04-03,TzM,S2,NDWI,-0.2521182647278687
2020-04-05,Oran,S2,NDWI,-0.6154542922648389
2020-04-05,Oran,S2,NDWI,-0.5997994696110432
2020-04-05,TzM,S2,NDWI,-0.4984858050083119
2020-04-08,Oran,S2,NDWI,-0.6130597482855541
2020-04-08,TzM,S2,NDWI,-0.5070530620526821
2020-05-03,Oran,S2,NDWI,-0.6506825141931512
2020-05-03,Oran,S2,NDWI,-0.6405306366289644
2020-05-03,TzM,S2,NDWI,-0.5385158281339129
2020-05-08,Oran,S2,NDWI,-0.6534880849574533
2020-05-08,Oran,S2,NDWI,-0.6520385891212049
2020-05-08,TzM,S2,NDWI,-0.5571963537757755
2020-05-10,Oran,S2,NDWI,-0.661427944519058
2020-05-18,Oran,S2,NDWI,-0.6260982033300739
2020-05-18,Oran,S2,NDWI,-0.6352709643488805
2020-05-18,TzM,S2,NDWI,-0.5321132346408833
2020-05-20,Oran,S2,NDWI,-0.5930103517673166
2020-05-20,Oran,S2,NDWI,-0.5930783354645432
2020-05-20,TzM,S2,NDWI,-0.484931761142538
2020-05-23,Oran,S2,NDWI,-0.5567785647717441
2020-05-23,Oran,S2,NDWI,-0.5564810049767357
2020-05-23,TzM,S2,NDWI,-0.4449768201947523
2020-05-28,Oran,S2,NDWI,-0.550107106952329
2020-05-28,Oran,S2,NDWI,-0.5423883265483643
2020-05-28,TzM,S2,NDWI,-0.4844388455129417
2020-05-30,Oran,S2,NDWI,-0.5192789157122761
2020-05-30,Oran,S2,NDWI,-0.504970491829545
2020-05-30,TzM,S2,NDWI,-0.46626098969629554
2020-06-09,Oran,S2,NDWI,-0.4296316998174846
2020-06-09,Oran,S2,NDWI,-0.43720783005236585
2020-06-09,TzM,S2,NDWI,-0.4994502552341527
2020-06-09,Oran,S2,NDWI,-0.4372682114117131
2020-06-12,Oran,S2,NDWI,-0.4568397436127434
2020-06-12,TzM,S2,NDWI,-0.5159786622887965
2020-06-14,Oran,S2,NDWI,-0.40639554922084703
2020-06-14,Oran,S2,NDWI,-0.40681188627709564
2020-06-14,TzM,S2,NDWI,-0.5067430462946002
2020-06-17,Oran,S2,NDWI,-0.03271068906218081
2020-06-17,Oran,S2,NDWI,-0.03190496036376762
2020-06-17,TzM,S2,NDWI,-0.4915566031365815
2020-06-19,Oran,S2,NDWI,-0.37041037846445113
2020-06-19,Oran,S2,NDWI,-0.3636679780197443
2020-06-19,TzM,S2,NDWI,-0.4739762536379358
2020-06-22,Oran,S2,NDWI,-0.37897665622340015
2020-06-22,Oran,S2,NDWI,-0.3680610245069258
2020-06-22,TzM,S2,NDWI,-0.48825384723115667
2020-06-27,Oran,S2,NDWI,-0.37412371190242455
2020-06-27,TzM,S2,NDWI,-0.5213863410430098
2020-06-29,Oran,S2,NDWI,-0.3488573842968115
2020-06-29,Oran,S2,NDWI,-0.3396302952101501
2020-06-29,TzM,S2,NDWI,-0.4856780466490462
2020-07-02,Oran,S2,NDWI,-0.37072002341169513
2020-07-02,Oran,S2,NDWI,-0.36586946985568186
2020-07-02,TzM,S2,NDWI,-0.5079536562108435
2020-07-04,Oran,S2,NDWI,-0.30169240009207093
2020-07-04,Oran,S2,NDWI,-0.3049143453139963
2020-07-04,TzM,S2,NDWI,-0.4974687429361132
2020-07-07,Oran,S2,NDWI,-0.30296727261919787
2020-07-07,Oran,S2,NDWI,-0.3050066338409954
2020-07-07,TzM,S2,NDWI,-0.49367482105998894
2020-07-09,Oran,S2,NDWI,-0.29433686512282253
2020-07-17,Oran,S2,NDWI,-0.2967955214548044
2020-07-17,Oran,S2,NDWI,-0.3013985846536932
2020-07-17,TzM,S2,NDWI,-0.47186206640259026
2020-07-19,Oran,S2,NDWI,-0.2926046929518033
2020-07-19,Oran,S2,NDWI,-0.2965527230249571
2020-07-19,TzM,S2,NDWI,-0.47957201657965765
2020-07-22,Oran,S2,NDWI,-0.2730117066182088
2020-07-22,Oran,S2,NDWI,-0.27528633318370577
2020-07-22,TzM,S2,NDWI,-0.4640289208772675
2020-07-24,Oran,S2,NDWI,-0.2797182956820153
2020-07-24,Oran,S2,NDWI,-0.28064825438696916
2020-07-24,TzM,S2,NDWI,-0.4709736973456483
2020-07-27,Oran,S2,NDWI,-0.2785136723650599
2020-07-27,TzM,S2,NDWI,-0.47464894134073454
2020-07-29,Oran,S2,NDWI,-0.2777754526884815
2020-07-29,Oran,S2,NDWI,-0.2803447901148781
2020-07-29,TzM,S2,NDWI,-0.468594493228321
2020-08-01,Oran,S2,NDWI,-0.286441240327344
2020-08-01,Oran,S2,NDWI,-0.286127072941498
2020-08-01,TzM,S2,NDWI,-0.4699688072546329
2020-08-03,Oran,S2,NDWI,-0.2857250825533057
2020-08-03,TzM,S2,NDWI,-0.48409585062063715
2020-08-06,Oran,S2,NDWI,-0.30349831689070095
2020-08-06,Oran,S2,NDWI,-0.3053141086552385
2020-08-06,TzM,S2,NDWI,-0.4676884839622329
2020-08-08,Oran,S2,NDWI,-0.288867041460554
2020-08-08,Oran,S2,NDWI,-0.2894934703479656
2020-08-08,TzM,S2,NDWI,-0.26425123775950127
2020-08-13,Oran,S2,NDWI,-0.3047605302352744
2020-08-13,Oran,S2,NDWI,-0.30474681775822615
2020-08-13,TzM,S2,NDWI,-0.5013185229344025
2020-08-16,Oran,S2,NDWI,-0.30901812436320036
2020-08-16,Oran,S2,NDWI,-0.3101274885261547
2020-08-16,TzM,S2,NDWI,-0.49889841429593806
2020-08-18,Oran,S2,NDWI,-0.29100567096578756
2020-08-21,Oran,S2,NDWI,-0.30785118144838197
2020-08-21,Oran,S2,NDWI,-0.3078139056593402
2020-08-21,TzM,S2,NDWI,-0.48640670622891446
2020-08-23,Oran,S2,NDWI,-0.30207903085751825
2020-08-23,Oran,S2,NDWI,-0.3020503161737721
2020-08-23,TzM,S2,NDWI,-0.4802310902775373
2020-08-26,Oran,S2,NDWI,-0.30944499464194547
2020-08-26,Oran,S2,NDWI,-0.3077220931733356
2020-08-26,TzM,S2,NDWI,-0.4706574443827012
2020-08-28,Oran,S2,NDWI,-0.30027519429726984
2020-08-28,Oran,S2,NDWI,-0.29853644518292627
2020-08-28,TzM,S2,NDWI,-0.4620581562536303
2020-08-31,Oran,S2,NDWI,-0.3243232053369535
2020-08-31,Oran,S2,NDWI,-0.328306523961894
2020-08-31,TzM,S2,NDWI,-0.49125906451151274
2020-09-02,Oran,S2,NDWI,-0.30398494611315413
2020-09-02,Oran,S2,NDWI,-0.3037188956295073
2020-09-02,TzM,S2,NDWI,-0.47749281267443766
2020-09-05,Oran,S2,NDWI,-0.3224363184402919
2020-09-05,Oran,S2,NDWI,-0.320519935811689
2020-09-05,TzM,S2,NDWI,-0.4793250791439847
2020-09-07,Oran,S2,NDWI,-0.23064574005199803
2020-09-07,Oran,S2,NDWI,-0.22559516858256423
2020-09-07,TzM,S2,NDWI,-0.46597322013821924
2020-09-10,Oran,S2,NDWI,-0.3210501840199835
2020-09-10,Oran,S2,NDWI,-0.3218565394748981
2020-09-10,TzM,S2,NDWI,-0.48465173295898073
2020-09-12,Oran,S2,NDWI,-0.32802890337865415
2020-09-12,Oran,S2,NDWI,-0.3229170649032743
2020-09-12,TzM,S2,NDWI,-0.4686949262671797
2020-09-15,Oran,S2,NDWI,-0.3283886336978375
2020-09-15,Oran,S2,NDWI,-0.3210753270890594
2020-09-15,TzM,S2,NDWI,-0.460190464685013
2020-09-22,Oran,S2,NDWI,-0.31071626099922556
2020-09-25,Oran,S2,NDWI,-0.31387359240636087
2020-09-25,Oran,S2,NDWI,-0.30605206526988615
2020-09-25,TzM,S2,NDWI,-0.4750399667591692
2020-09-27,Oran,S2,NDWI,-0.31027745797353196
2020-09-27,Oran,S2,NDWI,-0.3088764868950498
2020-09-27,TzM,S2,NDWI,-0.4838463740947266
2020-10-07,Oran,S2,NDWI,-0.31560994589709007
2020-10-07,Oran,S2,NDWI,-0.30858951977812743
2020-10-07,TzM,S2,NDWI,-0.47774804801534426
2020-10-10,Oran,S2,NDWI,-0.2834531217223996
2020-10-10,Oran,S2,NDWI,-0.27700797541855265
2020-10-10,TzM,S2,NDWI,-0.4453760919761318
2020-10-12,Oran,S2,NDWI,-0.3291000267153276
2020-10-12,Oran,S2,NDWI,-0.3233966384326489
2020-10-12,TzM,S2,NDWI,-0.48681483132417946
2020-10-15,Oran,S2,NDWI,-0.3195912907112875
2020-10-15,Oran,S2,NDWI,-0.3156552352086423
2020-10-15,TzM,S2,NDWI,-0.4833677036661446
2020-10-17,Oran,S2,NDWI,-0.32020500843036664
2020-10-17,Oran,S2,NDWI,-0.3122025385356905
2020-10-17,TzM,S2,NDWI,-0.47606973011739656
2020-10-25,Oran,S2,NDWI,-0.2714272504202423
2020-10-27,Oran,S2,NDWI,-0.30080872983252904
2020-10-27,Oran,S2,NDWI,-0.2941606033833108
2020-10-27,TzM,S2,NDWI,-0.47434799564084296
2020-10-30,Oran,S2,NDWI,-0.30353088353065205
2020-10-30,Oran,S2,NDWI,-0.3033060252128493
2020-10-30,TzM,S2,NDWI,-0.4776741126611478
2020-11-01,Oran,S2,NDWI,-0.32398984081502674
2020-11-01,Oran,S2,NDWI,-0.3048591738352452
2020-11-01,TzM,S2,NDWI,-0.48091295220201413
2020-11-09,Oran,S2,NDWI,-0.27294416759859486
2020-11-11,Oran,S2,NDWI,-0.294317831519115
2020-11-11,Oran,S2,NDWI,-0.29307642093426034
2020-11-11,TzM,S2,NDWI,-0.13530001504102207
2020-11-19,Oran,S2,NDWI,-0.2949952092277886
2020-11-19,Oran,S2,NDWI,-0.28750953673274204
2020-11-19,TzM,S2,NDWI,-0.43975522199570166
2020-11-21,Oran,S2,NDWI,-0.29524370914980225
2020-11-21,Oran,S2,NDWI,-0.2819660763595343
2020-11-21,TzM,S2,NDWI,-0.4525215626534049
2020-11-29,Oran,S2,NDWI,-0.33767063971824035
2020-11-29,TzM,S2,NDWI,-0.26218839353620293
2020-12-01,Oran,S2,NDWI,-0.3102308207847107
2020-12-01,Oran,S2,NDWI,-0.30925051940183523
2020-12-01,TzM,S2,NDWI,-0.10209844334384449
2020-12-06,Oran,S2,NDWI,-0.026447399732077714
2020-12-06,Oran,S2,NDWI,-0.024439256821910914
2020-12-06,TzM,S2,NDWI,-0.2322605768676142
2020-12-09,Oran,S2,NDWI,-0.33428629218034756
2020-12-09,Oran,S2,NDWI,-0.33836710423712396
2020-12-09,TzM,S2,NDWI,-0.47267423679494786
2020-12-16,Oran,S2,NDWI,-0.3311281494242024
2020-12-16,Oran,S2,NDWI,-0.3304120271896681
2020-12-16,TzM,S2,NDWI,-0.4521241160077657
2020-12-19,Oran,S2,NDWI,-0.29104731200131556
2020-12-21,Oran,S2,NDWI,-0.07259232424293058
2020-12-21,Oran,S2,NDWI,-0.07587641148730842
2020-12-21,TzM,S2,NDWI,-0.3242287481315473
2020-12-24,Oran,S2,NDWI,-0.31517083618647346
2020-12-26,Oran,S2,NDWI,-0.3377571428692898
2020-12-26,Oran,S2,NDWI,-0.35061638677748225
2020-12-26,TzM,S2,NDWI,-0.4533797273379184
2020-12-31,Oran,S2,NDWI,-0.38287098703935174
2020-12-31,Oran,S2,NDWI,-0.3567507601236615
2020-12-31,TzM,S2,NDWI,-0.46611537145727977
2021-01-03,Oran,S2,NDWI,-0.33754508795104027
2021-01-03,Oran,S2,NDWI,-0.35022781636377387
2021-01-03,TzM,S2,NDWI,-0.4561262162727333
2021-01-05,Oran,S2,NDWI,-0.38664848345746206
2021-01-13,Oran,S2,NDWI,0.002973689767687464
2021-01-13,Oran,S2,NDWI,0.004250162134692042
2021-01-13,TzM,S2,NDWI,0.02163847431103902
2021-01-15,Oran,S2,NDWI,0.010876293451236814
2021-01-15,Oran,S2,NDWI,0.013044074574755364
2021-01-15,TzM,S2,NDWI,0.009927532701088987
2021-01-18,Oran,S2,NDWI,-0.02677169733534294
2021-01-18,Oran,S2,NDWI,-0.025098359332674635
2021-01-18,TzM,S2,NDWI,0.031884682200079804
2021-01-28,Oran,S2,NDWI,-0.2222850304690397
2021-02-02,Oran,S2,NDWI,-0.3331466544405349
2021-02-04,Oran,S2,NDWI,-0.3140003112418346
2021-02-12,Oran,S2,NDWI,-0.33787870753369037
2021-02-12,Oran,S2,NDWI,-0.34029667437576455
2021-02-12,TzM,S2,NDWI,-0.44782440627387005
2021-02-14,Oran,S2,NDWI,-0.3581094034045705
2021-02-14,Oran,S2,NDWI,-0.34665981705894466
2021-02-14,TzM,S2,NDWI,-0.438271130731338
2021-02-19,Oran,S2,NDWI,-0.3668433550806629
2021-02-19,Oran,S2,NDWI,-0.3511650708414603
2021-02-19,TzM,S2,NDWI,-0.44613092776839464
2021-02-27,Oran,S2,NDWI,-0.3355032108754991
2021-02-27,TzM,S2,NDWI,-0.42522278156063875
2021-03-04,Oran,S2,NDWI,-0.19271398219667998
2021-03-11,Oran,S2,NDWI,-0.3598443713311848
2021-03-11,Oran,S2,NDWI,-0.35296195515104817
2021-03-11,TzM,S2,NDWI,-0.45756925266105747
2021-03-14,Oran,S2,NDWI,-0.37330146247928464
2021-03-14,Oran,S2,NDWI,-0.3665913229470997
2021-03-14,TzM,S2,NDWI,-0.46688572769556336
2021-03-16,Oran,S2,NDWI,-0.3780266710344108
2021-03-16,Oran,S2,NDWI,-0.3660557359370042
2021-03-16,TzM,S2,NDWI,-0.4567214234928427
2021-03-21,Oran,S2,NDWI,-0.39548740245063696
2021-03-21,Oran,S2,NDWI,-0.37018761556332597
2021-03-21,TzM,S2,NDWI,-0.4677665526757798
2021-03-24,Oran,S2,NDWI,-0.37720246659958967
2021-03-24,Oran,S2,NDWI,-0.37188928629003004
2021-03-24,TzM,S2,NDWI,-0.4692666388405087
2021-03-26,Oran,S2,NDWI,-0.3728014782561147
2021-03-26,Oran,S2,NDWI,-0.37343235316350315
2021-03-26,TzM,S2,NDWI,-0.4642892955350344
2021-03-31,Oran,S2,NDWI,-0.36931310884045493
2021-03-31,Oran,S2,NDWI,-0.3497262779322253
2021-03-31,TzM,S2,NDWI,-0.4537031133039976
2021-04-05,Oran,S2,NDWI,-0.43670587365662283
2021-04-05,Oran,S2,NDWI,-0.42324852185015477
2021-04-05,TzM,S2,NDWI,-0.5123793230862529
2021-04-18,Oran,S2,NDWI,-0.49296320463436666
2021-04-18,Oran,S2,NDWI,-0.49030700048124143
2021-04-18,TzM,S2,NDWI,-0.5426630695970811
2021-05-05,Oran,S2,NDWI,-0.5049774624266731
2021-05-05,TzM,S2,NDWI,-0.5135261082759972
2021-05-08,Oran,S2,NDWI,-0.6168973267446909
2021-05-13,Oran,S2,NDWI,-0.6628984433352049
2021-05-13,Oran,S2,NDWI,-0.6624379842738266
2021-05-13,TzM,S2,NDWI,-0.5557206410493979
2021-05-18,Oran,S2,NDWI,-0.6223865222071329
2021-05-18,Oran,S2,NDWI,-0.6195378938116062
2021-05-18,TzM,S2,NDWI,-0.5552570254710152
2021-05-20,Oran,S2,NDWI,-0.5677649492583343
2021-05-20,Oran,S2,NDWI,-0.5669229050830122
2021-05-20,TzM,S2,NDWI,-0.5441564196950774
2021-05-30,Oran,S2,NDWI,-0.40560648470217625
2021-05-30,TzM,S2,NDWI,-0.5000556121482846
2021-06-02,Oran,S2,NDWI,-0.47443667391162475
2021-06-02,Oran,S2,NDWI,-0.4776229042016761
2021-06-02,TzM,S2,NDWI,-0.5190309559022062
2021-06-07,Oran,S2,NDWI,-0.4329958164787716
2021-06-07,Oran,S2,NDWI,-0.43246798417979715
2021-06-07,TzM,S2,NDWI,-0.520586228562962
2021-06-09,Oran,S2,NDWI,-0.4260308000337611
2021-06-09,Oran,S2,NDWI,-0.4165432574939858
2021-06-09,TzM,S2,NDWI,-0.4887654533077698
2021-06-12,Oran,S2,NDWI,-0.43891813890776715
2021-06-12,Oran,S2,NDWI,-0.42428484171724323
2021-06-12,TzM,S2,NDWI,-0.4937707833416099
2021-06-14,Oran,S2,NDWI,-0.45379637844158166
2021-06-14,Oran,S2,NDWI,-0.3973721456967582
2021-06-14,TzM,S2,NDWI,-0.4552416437420877
2021-06-24,Oran,S2,NDWI,-0.34941744790655965
2021-06-24,Oran,S2,NDWI,-0.33913402207503834
2021-06-24,TzM,S2,NDWI,-0.47297732102549306
2021-06-27,Oran,S2,NDWI,-0.33775934762608767
2021-06-27,Oran,S2,NDWI,-0.3336563192941797
2021-06-27,TzM,S2,NDWI,-0.497057306348119
2021-06-29,Oran,S2,NDWI,-0.35333811301350443
2021-06-29,Oran,S2,NDWI,-0.34222862075626026
2021-06-29,TzM,S2,NDWI,-0.48962284290799735
2021-07-02,Oran,S2,NDWI,-0.34953571511414905
2021-07-02,Oran,S2,NDWI,-0.3461712731194933
2021-07-02,TzM,S2,NDWI,-0.4858403947571412
2021-07-04,Oran,S2,NDWI,-0.34083499231962494
2021-07-04,Oran,S2,NDWI,-0.3387421896169431
2021-07-04,TzM,S2,NDWI,-0.483914874922199
2021-07-07,Oran,S2,NDWI,-0.06771334100129713
2021-07-07,TzM,S2,NDWI,-0.5062410515228255
2021-07-09,Oran,S2,NDWI,-0.3743594797525472
2021-07-09,Oran,S2,NDWI,-0.3267164933116288
2021-07-09,TzM,S2,NDWI,-0.47036153984828705
2021-07-12,Oran,S2,NDWI,-0.37527896725421933
2021-07-12,Oran,S2,NDWI,-0.3457631496295571
2021-07-12,TzM,S2,NDWI,-0.4852796551726933
2021-07-14,Oran,S2,NDWI,-0.35503500744614114
2021-07-14,Oran,S2,NDWI,-0.3464621516981491
2021-07-14,TzM,S2,NDWI,-0.500052104793023
2021-07-17,Oran,S2,NDWI,-0.36833647605373926
2021-07-17,Oran,S2,NDWI,-0.3405022684720738
2021-07-17,TzM,S2,NDWI,-0.4764706536061809
2021-07-19,Oran,S2,NDWI,-0.3671317841132246
2021-07-19,Oran,S2,NDWI,-0.3386060391064447
2021-07-19,TzM,S2,NDWI,-0.47974487196850757
2021-07-22,Oran,S2,NDWI,-0.3721818221755165
2021-07-22,Oran,S2,NDWI,-0.35267661323085625
2021-07-22,TzM,S2,NDWI,-0.47632557898353034
2021-07-24,Oran,S2,NDWI,-0.3845217928487133
2021-07-24,Oran,S2,NDWI,-0.3324135885676173
2021-07-24,TzM,S2,NDWI,-0.4884889646777496
2021-07-27,Oran,S2,NDWI,-0.37837992765781797
2021-07-27,Oran,S2,NDWI,-0.35600246867663987
2021-07-27,TzM,S2,NDWI,-0.48012659313854544
2021-07-29,Oran,S2,NDWI,-0.38356133390945507
2021-07-29,Oran,S2,NDWI,-0.3458366603859346
2021-07-29,TzM,S2,NDWI,-0.4642929029978101
2021-08-01,Oran,S2,NDWI,-0.38023840318434055
2021-08-01,Oran,S2,NDWI,-0.3748884015446616
2021-08-01,TzM,S2,NDWI,-0.5201007640768757
2021-08-06,Oran,S2,NDWI,-0.37189504013818825
2021-08-06,Oran,S2,NDWI,-0.3562318087256517
2021-08-06,TzM,S2,NDWI,-0.49291032622633907
2021-08-08,Oran,S2,NDWI,-0.36829088790774483
2021-08-08,Oran,S2,NDWI,-0.35034091484271895
2021-08-08,TzM,S2,NDWI,-0.4912825356490733
2021-08-13,Oran,S2,NDWI,-0.3649160740288934
2021-08-13,Oran,S2,NDWI,-0.35578892334873846
2021-08-13,TzM,S2,NDWI,-0.4525203533115579
2021-08-16,Oran,S2,NDWI,-0.36170664518409845
2021-08-16,Oran,S2,NDWI,-0.36118728210194834
2021-08-16,TzM,S2,NDWI,-0.4760302524784866
2021-08-18,Oran,S2,NDWI,-0.40665673127989493
2021-08-18,Oran,S2,NDWI,-0.38720373204418
2021-08-18,TzM,S2,NDWI,-0.4955702079433589
2021-08-21,Oran,S2,NDWI,-0.36210010316262115
2021-08-21,Oran,S2,NDWI,-0.3369587889048354
2021-08-21,TzM,S2,NDWI,-0.49817335772559757
2021-08-23,Oran,S2,NDWI,-0.3389168325480343
2021-08-23,Oran,S2,NDWI,-0.31218368253573137
2021-08-23,TzM,S2,NDWI,-0.4833362407503856
2021-08-26,Oran,S2,NDWI,-0.3688923254446471
2021-08-26,Oran,S2,NDWI,-0.3488523034055923
2021-08-26,TzM,S2,NDWI,-0.49533819084401487
2021-08-28,Oran,S2,NDWI,-0.3857533507628019
2021-08-28,Oran,S2,NDWI,-0.3726138404322262
2021-08-28,TzM,S2,NDWI,-0.5173126793114682
2021-08-31,Oran,S2,NDWI,-0.37045435322834497
2021-08-31,Oran,S2,NDWI,-0.3437154010885205
2021-08-31,TzM,S2,NDWI,-0.49296321568410917
2021-09-02,Oran,S2,NDWI,0.02822377554237703
2021-09-02,TzM,S2,NDWI,-0.5412336586541676
2021-09-05,Oran,S2,NDWI,-0.3855683433911089
2021-09-05,Oran,S2,NDWI,-0.3635154174053456
2021-09-05,TzM,S2,NDWI,-0.5046261886513264
2021-09-07,Oran,S2,NDWI,-0.3575493124855684
2021-09-10,Oran,S2,NDWI,-0.40160995802803523
2021-09-10,Oran,S2,NDWI,-0.4037664807171246
2021-09-10,TzM,S2,NDWI,-0.5410963285451363
2021-09-12,Oran,S2,NDWI,-0.41043832311619644
2021-09-12,Oran,S2,NDWI,-0.3877268494745694
2021-09-12,TzM,S2,NDWI,-0.5116033583148171
2021-09-17,Oran,S2,NDWI,-0.39112704103624474
2021-09-17,TzM,S2,NDWI,-0.5445077462670626
2021-09-20,Oran,S2,NDWI,-0.41545237342176444
2021-09-20,Oran,S2,NDWI,-0.3898064928840023
2021-09-20,TzM,S2,NDWI,-0.5384337620849307
2021-09-22,Oran,S2,NDWI,-0.017754691271826283
2021-09-22,TzM,S2,NDWI,-0.43973507304131154
2021-09-27,Oran,S2,NDWI,-0.41131074141384266
2021-09-27,Oran,S2,NDWI,-0.3911825751212467
2021-09-27,TzM,S2,NDWI,-0.5305414528802608
2021-09-30,Oran,S2,NDWI,-0.35866576967301944
2021-09-30,Oran,S2,NDWI,-0.3398922952240501
2021-09-30,TzM,S2,NDWI,-0.4928684146731136
2021-10-02,Oran,S2,NDWI,-0.413477877857938
2021-10-02,Oran,S2,NDWI,-0.3751304167227817
2021-10-02,TzM,S2,NDWI,-0.5226394362562742
2021-10-05,Oran,S2,NDWI,-0.42365741859624617
2021-10-05,Oran,S2,NDWI,-0.4057437693700163
2021-10-05,TzM,S2,NDWI,-0.5308809901164183
2021-10-07,Oran,S2,NDWI,-0.4271696628433869
2021-10-07,Oran,S2,NDWI,-0.4105992107603585
2021-10-07,TzM,S2,NDWI,-0.5326276068749541
2021-10-12,Oran,S2,NDWI,-0.43680960798496354
2021-10-12,Oran,S2,NDWI,-0.37668660400602777
2021-10-12,TzM,S2,NDWI,-0.41171537447690115
2021-10-15,Oran,S2,NDWI,-0.4060359054856861
2021-10-15,Oran,S2,NDWI,-0.38066107355112705
2021-10-15,TzM,S2,NDWI,-0.5037295440688525
2021-10-20,Oran,S2,NDWI,-0.38316575347935905
2021-10-20,Oran,S2,NDWI,-0.37432653738913846
2021-10-20,TzM,S2,NDWI,-0.5015539438863886
2021-11-04,Oran,S2,NDWI,-0.052760416281141566
2021-11-04,TzM,S2,NDWI,-0.4070795117310425
2021-11-06,Oran,S2,NDWI,-0.38396773974337006
2021-11-06,TzM,S2,NDWI,-0.5032426390751269
2021-11-09,Oran,S2,NDWI,-0.378598900518531
2021-11-09,Oran,S2,NDWI,-0.3807136090469903
2021-11-09,TzM,S2,NDWI,-0.4864380553307341
2021-11-11,Oran,S2,NDWI,-0.37803406524838895
2021-11-11,Oran,S2,NDWI,-0.3757968629647959
2021-11-11,TzM,S2,NDWI,-0.47059927916773986
2021-11-14,Oran,S2,NDWI,-0.3758379195016642
2021-11-14,Oran,S2,NDWI,-0.38517967572744605
2021-11-14,TzM,S2,NDWI,-0.47311761951777986
2021-11-16,Oran,S2,NDWI,-0.4013058646345424
2021-11-16,Oran,S2,NDWI,-0.3910703770502886
2021-11-16,TzM,S2,NDWI,-0.4676678837065384
2021-11-19,Oran,S2,NDWI,-0.0039871317851040994
2021-11-19,TzM,S2,NDWI,-0.20997390181808118
2021-11-26,Oran,S2,NDWI,-0.32350884592981877
2021-11-26,TzM,S2,NDWI,-0.4947613104394979
2021-12-01,Oran,S2,NDWI,-0.3700879644442966
2021-12-01,Oran,S2,NDWI,-0.3736092955526269
2021-12-01,TzM,S2,NDWI,-0.4651319083790129
2021-12-04,Oran,S2,NDWI,-0.34650587314349424
2021-12-04,TzM,S2,NDWI,-0.460117360676639
2021-12-06,Oran,S2,NDWI,-0.37445500353341415
2021-12-06,Oran,S2,NDWI,-0.3715699023804272
2021-12-06,TzM,S2,NDWI,-0.4637730737014992
2021-12-11,Oran,S2,NDWI,-0.35951931276485355
2021-12-11,Oran,S2,NDWI,-0.3589042466287719
2021-12-11,TzM,S2,NDWI,-0.44599318367003
2021-12-14,Oran,S2,NDWI,-0.393257183781158
2021-12-14,Oran,S2,NDWI,-0.39419426562715704
2021-12-14,TzM,S2,NDWI,-0.47123172319587214
2021-12-29,Oran,S2,NDWI,-0.3311915460100171
2021-12-31,Oran,S2,NDWI,-0.41225191872924755
2021-12-31,Oran,S2,NDWI,-0.39890767489302076
2021-12-31,TzM,S2,NDWI,-0.4655410977152453
2022-01-03,Oran,S2,NDWI,-0.3825631107036986
2022-01-03,Oran,S2,NDWI,-0.38917456704625203
2022-01-03,TzM,S2,NDWI,-0.3550027580100749
2022-01-05,Oran,S2,NDWI,-0.1312322811043219
2022-01-05,TzM,S2,NDWI,-0.5008000594087806
2022-01-13,Oran,S2,NDWI,-0.2650004062898822
2022-01-13,TzM,S2,NDWI,-0.12750215021042674
2022-01-15,Oran,S2,NDWI,-0.4168683781974017
2022-01-15,Oran,S2,NDWI,-0.41063925883806107
2022-01-15,TzM,S2,NDWI,-0.3876421390929895
2022-01-18,Oran,S2,NDWI,-0.39596333099843545
2022-01-18,Oran,S2,NDWI,-0.39845052267685277
2022-01-18,TzM,S2,NDWI,-0.47015349000845547
2022-01-20,Oran,S2,NDWI,-0.3913430695752565
2022-01-20,Oran,S2,NDWI,-0.38523333382476577
2022-01-20,TzM,S2,NDWI,-0.45083163849044017
2022-01-23,Oran,S2,NDWI,0.036124700872126284
2022-01-23,TzM,S2,NDWI,-0.27146821359119216
2022-01-28,Oran,S2,NDWI,-0.39138952127260657
2022-01-28,Oran,S2,NDWI,-0.38123759863027973
2022-01-28,TzM,S2,NDWI,-0.47027381033911164
2022-01-30,Oran,S2,NDWI,-0.40830976362213905
2022-01-30,Oran,S2,NDWI,-0.38858638549141966
2022-01-30,TzM,S2,NDWI,-0.46474246278019227
2022-02-02,Oran,S2,NDWI,-0.3891097925782307
2022-02-02,Oran,S2,NDWI,-0.3883184906102758
2022-02-02,TzM,S2,NDWI,-0.4689172992819709
2022-02-07,Oran,S2,NDWI,-0.377057631322784
2022-02-07,Oran,S2,NDWI,-0.3760033609413136
2022-02-07,TzM,S2,NDWI,-0.46115610197170015
2022-02-14,Oran,S2,NDWI,-0.04441003289899763
2022-02-14,TzM,S2,NDWI,-0.17475078093373728
2022-02-17,Oran,S2,NDWI,-0.38232967257403805
2022-02-17,Oran,S2,NDWI,-0.3822350671747279
2022-02-17,TzM,S2,NDWI,-0.4710020444330815
2022-02-22,Oran,S2,NDWI,-0.38075381129794994
2022-02-22,Oran,S2,NDWI,-0.3854576081994215
2022-02-22,TzM,S2,NDWI,-0.4732853244980045
2022-03-01,Oran,S2,NDWI,-0.38757666134690916
2022-03-01,Oran,S2,NDWI,-0.37241036206756034
2022-03-01,TzM,S2,NDWI,-0.45727354327116343
2022-03-09,Oran,S2,NDWI,-0.3969662486916347
2022-03-09,Oran,S2,NDWI,-0.3923973828829013
2022-03-09,TzM,S2,NDWI,-0.4861797167992089
2022-04-03,Oran,S2,NDWI,-0.5153187116539005
2022-04-03,Oran,S2,NDWI,-0.49639359865506566
2022-04-03,TzM,S2,NDWI,-0.5151780280065102
2022-04-15,Oran,S2,NDWI,0.021485924673727147
2022-04-15,TzM,S2,NDWI,-0.5311605736564179
2022-04-25,Oran,S2,NDWI,-0.5794734710332032
2022-04-25,Oran,S2,NDWI,-0.5700370891063582
2022-04-25,TzM,S2,NDWI,-0.5639957445520898
2022-05-05,Oran,S2,NDWI,-0.5639951816091586
2022-05-05,TzM,S2,NDWI,-0.41646460141786845
2022-05-08,Oran,S2,NDWI,-0.6065188682372049
2022-05-08,Oran,S2,NDWI,-0.600760736088637
2022-05-08,TzM,S2,NDWI,-0.6083205600070507
2022-05-10,Oran,S2,NDWI,-0.5842992514029463
2022-05-10,Oran,S2,NDWI,-0.5731473609536154
2022-05-10,TzM,S2,NDWI,-0.5822133844466345
2022-05-13,Oran,S2,NDWI,-0.5963140844094295
2022-05-13,Oran,S2,NDWI,-0.581570269523843
2022-05-13,TzM,S2,NDWI,-0.6052025621735467
2022-05-18,Oran,S2,NDWI,-0.5622022216210226
2022-05-18,Oran,S2,NDWI,-0.554643445402855
2022-05-18,TzM,S2,NDWI,-0.5799777884394506
2022-05-23,Oran,S2,NDWI,-0.520916002335681
2022-05-25,Oran,S2,NDWI,-0.4903948481747243
2022-05-25,Oran,S2,NDWI,-0.48090557095413966
2022-05-25,TzM,S2,NDWI,-0.5673770304340888
2022-05-28,Oran,S2,NDWI,-0.47715236441713693
2022-05-28,Oran,S2,NDWI,-0.470677961862077
2022-05-28,TzM,S2,NDWI,-0.5543416118073236
2022-06-04,Oran,S2,NDWI,-0.40853360087428375
2022-06-04,Oran,S2,NDWI,-0.396729146133827
2022-06-04,TzM,S2,NDWI,-0.5199115471991393
2022-06-07,Oran,S2,NDWI,-0.4135274060795573
2022-06-07,Oran,S2,NDWI,-0.4058636249514789
2022-06-07,TzM,S2,NDWI,-0.5304874384088164
2022-06-09,Oran,S2,NDWI,-0.38258724415874046
2022-06-09,Oran,S2,NDWI,-0.37324255600661405
2022-06-09,TzM,S2,NDWI,-0.5023224824966372
2022-06-12,Oran,S2,NDWI,-0.3089120868831465
2022-06-12,Oran,S2,NDWI,-0.311268913895002
2022-06-12,TzM,S2,NDWI,-0.5262664139715203
2022-06-14,Oran,S2,NDWI,-0.2902526228075956
2022-06-14,Oran,S2,NDWI,-0.2915066819712191
2022-06-14,TzM,S2,NDWI,-0.5271036636109585
2022-06-17,Oran,S2,NDWI,-0.30107258857370545
2022-06-17,Oran,S2,NDWI,-0.30098895088931765
2022-06-17,TzM,S2,NDWI,-0.5592026336014411
2022-06-19,Oran,S2,NDWI,-0.28951499100227324
2022-06-19,Oran,S2,NDWI,-0.3043425683871797
2022-06-19,TzM,S2,NDWI,-0.5006037114919394
2022-06-22,Oran,S2,NDWI,-0.32854123714218303
2022-06-22,Oran,S2,NDWI,-0.3333036737580044
2022-06-22,TzM,S2,NDWI,-0.5127586892200819
2022-06-24,Oran,S2,NDWI,-0.31488424874076587
2022-06-24,Oran,S2,NDWI,-0.326117102089652
2022-06-24,TzM,S2,NDWI,-0.5022010906108464
2022-06-27,Oran,S2,NDWI,-0.31941573440583265
2022-06-27,Oran,S2,NDWI,-0.3242966426228629
2022-06-27,TzM,S2,NDWI,-0.5007987166445336
2022-06-29,Oran,S2,NDWI,-0.3118164038697856
2022-06-29,Oran,S2,NDWI,-0.3198076089565964
2022-06-29,TzM,S2,NDWI,-0.4837896470809745
2022-07-02,Oran,S2,NDWI,-0.3121653384489646
2022-07-02,Oran,S2,NDWI,-0.31323654885567753
2022-07-02,TzM,S2,NDWI,-0.4860991235435928
2022-07-04,Oran,S2,NDWI,-0.3184540170032364
2022-07-04,Oran,S2,NDWI,-0.3223468979332021
2022-07-04,TzM,S2,NDWI,-0.4956350650705685
2022-07-07,Oran,S2,NDWI,-0.29386617677350035
2022-07-07,Oran,S2,NDWI,-0.2994385524753586
2022-07-07,TzM,S2,NDWI,-0.5120892607305672
2022-07-09,Oran,S2,NDWI,-0.3081897971941645
2022-07-09,Oran,S2,NDWI,-0.3118903162892687
2022-07-09,TzM,S2,NDWI,-0.48311763135288055
2022-07-12,Oran,S2,NDWI,-0.3152660378002878
2022-07-12,Oran,S2,NDWI,-0.31130400685612475
2022-07-12,TzM,S2,NDWI,-0.48697712312297087
2022-07-14,Oran,S2,NDWI,-0.31466588808939094
2022-07-14,Oran,S2,NDWI,-0.31395567582558737
2022-07-14,TzM,S2,NDWI,-0.514646701079834
2022-07-17,Oran,S2,NDWI,-0.3157374536752797
2022-07-17,Oran,S2,NDWI,-0.31739676362185826
2022-07-17,TzM,S2,NDWI,-0.4817354499082828
2022-07-19,Oran,S2,NDWI,-0.2961522936473776
2022-07-19,Oran,S2,NDWI,-0.29837987201873356
2022-07-19,TzM,S2,NDWI,-0.4623512177678105
2022-07-22,Oran,S2,NDWI,-0.3048199388614581
2022-07-22,Oran,S2,NDWI,-0.3052755971266774
2022-07-22,TzM,S2,NDWI,-0.48356826121962215
2022-07-24,Oran,S2,NDWI,-0.31081991363873007
2022-07-24,Oran,S2,NDWI,-0.31324978926019753
2022-07-24,TzM,S2,NDWI,-0.49733232631315416
2022-07-27,Oran,S2,NDWI,-0.31741630938861
2022-07-27,Oran,S2,NDWI,-0.31785918100279625
2022-07-27,TzM,S2,NDWI,-0.49595966796950763
2022-07-29,Oran,S2,NDWI,-0.318144172725169
2022-07-29,Oran,S2,NDWI,-0.31836157451476416
2022-07-29,TzM,S2,NDWI,-0.49889288277408045
2022-08-01,Oran,S2,NDWI,-0.3195440263947495
2022-08-01,Oran,S2,NDWI,-0.3189782255104529
2022-08-01,TzM,S2,NDWI,-0.4976446254173524
2022-08-03,Oran,S2,NDWI,-0.32260881034824335
2022-08-03,Oran,S2,NDWI,-0.32115597649960725
2022-08-03,TzM,S2,NDWI,-0.5217683855335667
2022-08-06,Oran,S2,NDWI,-0.32739361049407023
2022-08-06,Oran,S2,NDWI,-0.3268657965814884
2022-08-06,TzM,S2,NDWI,-0.5235292205550901
2022-08-08,Oran,S2,NDWI,-0.3246528625701305
2022-08-08,Oran,S2,NDWI,-0.3244667471198212
2022-08-08,TzM,S2,NDWI,-0.5286155769564694
2022-08-11,Oran,S2,NDWI,-0.32206486177946364
2022-08-11,Oran,S2,NDWI,-0.32313944914949627
2022-08-11,TzM,S2,NDWI,-0.5377888420742266
2022-08-16,Oran,S2,NDWI,-0.3414433643968492
2022-08-18,Oran,S2,NDWI,-0.3379160610123151
2022-08-18,Oran,S2,NDWI,-0.33293087245314706
2022-08-18,TzM,S2,NDWI,-0.5362354667549043
2022-08-21,Oran,S2,NDWI,-0.3232558324475767
2022-08-21,Oran,S2,NDWI,-0.32747495022349193
2022-08-21,TzM,S2,NDWI,-0.5422556973674518
2022-08-23,Oran,S2,NDWI,-0.3325563576222682
2022-08-23,Oran,S2,NDWI,-0.32632992846312675
2022-08-23,TzM,S2,NDWI,-0.5139697966614862
2022-08-26,Oran,S2,NDWI,-0.3355746643589287
2022-08-26,Oran,S2,NDWI,-0.3294055377833593
2022-08-26,TzM,S2,NDWI,-0.2608266279369929
2022-08-28,Oran,S2,NDWI,-0.31224043193187806
2022-08-28,Oran,S2,NDWI,-0.3022955074383698
2022-08-28,TzM,S2,NDWI,-0.524619422629408
2022-08-31,Oran,S2,NDWI,-0.24342830300399332
2022-08-31,Oran,S2,NDWI,-0.24900671181133058
2022-08-31,TzM,S2,NDWI,-0.5174388152770723
2022-09-02,Oran,S2,NDWI,-0.3115382077930705
2022-09-02,TzM,S2,NDWI,-0.5647956069132186
2022-09-05,Oran,S2,NDWI,-0.3187823221640332
2022-09-05,Oran,S2,NDWI,-0.31932360033798507
2022-09-05,TzM,S2,NDWI,-0.5579421520627798
2022-09-07,Oran,S2,NDWI,-0.33144462320999046
2022-09-10,Oran,S2,NDWI,-0.3220314635806345
2022-09-10,Oran,S2,NDWI,-0.31407142793987564
2022-09-10,TzM,S2,NDWI,-0.5457579283872946
2022-09-15,Oran,S2,NDWI,-0.31945308661811944
2022-09-15,Oran,S2,NDWI,-0.3088141892410946
2022-09-15,TzM,S2,NDWI,-0.543584910620968
2022-09-17,Oran,S2,NDWI,-0.3308180849469191
2022-09-17,Oran,S2,NDWI,-0.3223091020638791
2022-09-17,TzM,S2,NDWI,-0.5458379920116876
2022-09-20,Oran,S2,NDWI,-0.339915141348149
2022-09-20,Oran,S2,NDWI,-0.3321546326116954
2022-09-20,TzM,S2,NDWI,-0.5519494499286175
2022-09-22,Oran,S2,NDWI,-0.34405090182289405
2022-09-22,Oran,S2,NDWI,-0.3389139540981584
2022-09-22,TzM,S2,NDWI,-0.5576616918696522
2022-09-27,Oran,S2,NDWI,-0.36552559400877505
2022-09-27,Oran,S2,NDWI,-0.3535171534703003
2022-09-27,TzM,S2,NDWI,-0.5606549142299706
2022-09-30,Oran,S2,NDWI,-0.36167820372235254
2022-09-30,Oran,S2,NDWI,-0.35133763372450844
2022-09-30,TzM,S2,NDWI,-0.5673813293695922
2022-10-02,Oran,S2,NDWI,-0.37918616319810255
2022-10-02,Oran,S2,NDWI,-0.3604970852318779
2022-10-02,TzM,S2,NDWI,-0.5671468384382762
2022-10-05,Oran,S2,NDWI,-0.381532406134339
2022-10-05,Oran,S2,NDWI,-0.34917595942893714
2022-10-05,TzM,S2,NDWI,-0.4697868857100571
2022-10-07,Oran,S2,NDWI,-0.13840678194591247
2022-10-07,Oran,S2,NDWI,-0.1640297146356823
2022-10-07,TzM,S2,NDWI,-0.401882422801751
2022-10-15,Oran,S2,NDWI,-0.3980285196210836
2022-10-15,Oran,S2,NDWI,-0.3687666050614481
2022-10-15,TzM,S2,NDWI,-0.5388922915083652
2022-10-17,Oran,S2,NDWI,-0.39879600974565066
2022-10-17,Oran,S2,NDWI,-0.37563255914548727
2022-10-17,TzM,S2,NDWI,-0.5218211915522042
2022-11-01,Oran,S2,NDWI,-0.36883760976532515
2022-11-01,Oran,S2,NDWI,-0.36143604805414903
2022-11-01,TzM,S2,NDWI,-0.5295422568495096
2022-11-06,Oran,S2,NDWI,-0.3781195065681292
2022-11-06,Oran,S2,NDWI,-0.37250161058897374
2022-11-06,TzM,S2,NDWI,-0.5297051129233052
2022-11-14,Oran,S2,NDWI,-0.3394727566142111
2022-11-29,Oran,S2,NDWI,-0.3917159047428302
2022-11-29,Oran,S2,NDWI,-0.38992344252200173
2022-11-29,TzM,S2,NDWI,-0.510944971321689
2022-12-01,Oran,S2,NDWI,-0.3220600361659693
2022-12-01,TzM,S2,NDWI,-0.22304415348127657
2022-12-19,Oran,S2,NDWI,-0.4097834828210319
2022-12-24,Oran,S2,NDWI,-0.4456901582210696
2022-12-24,Oran,S2,NDWI,-0.45018459162845
2022-12-24,TzM,S2,NDWI,-0.07689257763322975
2022-12-31,Oran,S2,NDWI,-0.47561546644261093
2022-12-31,Oran,S2,NDWI,-0.47125649755323534
2022-12-31,TzM,S2,NDWI,-0.47200935857263726
2023-01-05,Oran,S2,NDWI,-0.47830833141519835
2023-01-05,Oran,S2,NDWI,-0.4745928040340989
2023-01-05,TzM,S2,NDWI,-0.43765946587381394
2023-01-10,Oran,S2,NDWI,-0.3663608146909238
2023-01-13,Oran,S2,NDWI,-0.45668752036910765
2023-01-20,Oran,S2,NDWI,-0.3654994027340096
2023-01-20,TzM,S2,NDWI,-0.2782720826152442
2023-01-23,Oran,S2,NDWI,-0.46302199358106144
2023-01-23,Oran,S2,NDWI,-0.4605194524172761
2023-01-23,TzM,S2,NDWI,-0.44191161695830355
2023-01-25,Oran,S2,NDWI,-0.3705892230900919
2023-01-25,TzM,S2,NDWI,-0.408136974133547
2023-01-28,Oran,S2,NDWI,-0.4446192693719912
2023-01-28,Oran,S2,NDWI,-0.4435694528436798
2023-01-28,TzM,S2,NDWI,-0.44466552833009454
2023-01-30,Oran,S2,NDWI,-0.4479247227362217
2023-01-30,Oran,S2,NDWI,-0.4345535270810021
2023-01-30,TzM,S2,NDWI,-0.44140179478501507
2023-02-02,Oran,S2,NDWI,-0.4337479585194426
2023-02-02,Oran,S2,NDWI,-0.43088551738467956
2023-02-02,TzM,S2,NDWI,-0.4406639538962806
2023-02-04,Oran,S2,NDWI,-0.4311408821997726
2023-02-04,Oran,S2,NDWI,-0.42375611465838764
2023-02-04,TzM,S2,NDWI,-0.44697330979215755
2023-02-17,Oran,S2,NDWI,-0.359451710205651
2023-02-17,TzM,S2,NDWI,-0.431117269958368
2023-02-19,Oran,S2,NDWI,-0.4810309306569799
2023-02-19,TzM,S2,NDWI,-0.13638799797338766
2023-02-22,Oran,S2,NDWI,-0.352150958264118
2023-02-22,Oran,S2,NDWI,-0.3781913704702253
2023-02-22,TzM,S2,NDWI,-0.39594885092535
2023-02-27,Oran,S2,NDWI,-0.4125617239719552
2023-02-27,Oran,S2,NDWI,-0.4064499407759092
2023-02-27,TzM,S2,NDWI,-0.12639563784237431
2023-03-01,Oran,S2,NDWI,-0.4380410642826734
2023-03-01,Oran,S2,NDWI,-0.41107323847764554
2023-03-01,TzM,S2,NDWI,-0.4060592478309704
2023-03-04,Oran,S2,NDWI,-0.43904242539867777
2023-03-04,Oran,S2,NDWI,-0.42382544715939957
2023-03-04,TzM,S2,NDWI,-0.4203661604228904
2023-03-16,Oran,S2,NDWI,-0.4583398639770184
2023-03-16,Oran,S2,NDWI,-0.44690037077037753
2023-03-16,TzM,S2,NDWI,-0.4204167437133351
2023-03-19,Oran,S2,NDWI,-0.4507238008096011
2023-03-19,TzM,S2,NDWI,-0.41963184953888255
2023-03-26,Oran,S2,NDWI,-0.44464943276672136
2023-03-26,Oran,S2,NDWI,-0.4323753615758657
2023-03-26,TzM,S2,NDWI,-0.42825805314134474
2023-03-29,Oran,S2,NDWI,-0.479693301514917
2023-03-29,Oran,S2,NDWI,-0.4652158727884277
2023-03-29,TzM,S2,NDWI,-0.4386931866769613
2023-04-03,Oran,S2,NDWI,-0.4799765621272411
2023-04-03,Oran,S2,NDWI,-0.469924487092579
2023-04-03,TzM,S2,NDWI,-0.47720745677472914
2023-04-05,Oran,S2,NDWI,-0.47026646956555646
2023-04-05,Oran,S2,NDWI,-0.4603831783574638
2023-04-05,TzM,S2,NDWI,-0.47729920232710926
2023-04-08,Oran,S2,NDWI,-0.46264079278667913
2023-04-08,Oran,S2,NDWI,-0.4563566490421499
2023-04-08,TzM,S2,NDWI,-0.4819918960452408
2023-04-13,Oran,S2,NDWI,-0.4405134998498982
2023-04-13,Oran,S2,NDWI,-0.42579410386105976
2023-04-13,TzM,S2,NDWI,-0.48962896058812116
2023-04-15,Oran,S2,NDWI,-0.4373997229800007
2023-04-15,Oran,S2,NDWI,-0.42762050109591276
2023-04-15,TzM,S2,NDWI,-0.4855861218883958
2023-04-18,Oran,S2,NDWI,-0.45546101839054876
2023-04-18,Oran,S2,NDWI,-0.44761584556300915
2023-04-18,TzM,S2,NDWI,-0.5278902041381255
2023-04-20,Oran,S2,NDWI,-0.44644903063225305
2023-04-20,Oran,S2,NDWI,-0.4358601413270025
2023-04-20,TzM,S2,NDWI,-0.5279416892269868
2023-04-23,Oran,S2,NDWI,-0.4474428340186757
2023-04-23,Oran,S2,NDWI,-0.44298462569145947
2023-04-23,TzM,S2,NDWI,-0.5532437587851367
2023-04-25,Oran,S2,NDWI,-0.3946707616019084
2023-05-05,Oran,S2,NDWI,-0.4087361539886035
2023-05-05,Oran,S2,NDWI,-0.3936683892551416
2023-05-05,TzM,S2,NDWI,-0.5053366159410793
2023-05-10,Oran,S2,NDWI,-0.3863094806243533
2023-05-10,TzM,S2,NDWI,-0.5356786660799701
2023-05-13,Oran,S2,NDWI,-0.402272639665791
2023-05-13,TzM,S2,NDWI,-0.5399030630892865
2023-06-04,Oran,S2,NDWI,-0.3396726339756059
2023-06-04,TzM,S2,NDWI,-0.2898717314221311
2023-06-14,Oran,S2,NDWI,-0.29594667646751965
2023-06-14,Oran,S2,NDWI,-0.2965251760226207
2023-06-14,TzM,S2,NDWI,-0.47921458972453984
2023-06-17,Oran,S2,NDWI,-0.37453920999959867
2023-06-17,Oran,S2,NDWI,-0.3706226722821539
2023-06-17,TzM,S2,NDWI,-0.5605852527092925
2023-06-22,Oran,S2,NDWI,-0.41734040814895423
2023-06-22,Oran,S2,NDWI,-0.4040122903550294
2023-06-22,TzM,S2,NDWI,-0.5824511874436182
2023-06-24,Oran,S2,NDWI,-0.4039503011241707
2023-06-24,Oran,S2,NDWI,-0.3963524040373616
2023-06-24,TzM,S2,NDWI,-0.5585173260314478
2023-06-27,Oran,S2,NDWI,-0.43505176173881693
2023-06-27,Oran,S2,NDWI,-0.38840713553866746
2023-06-27,TzM,S2,NDWI,-0.5488408981938769
2023-06-29,Oran,S2,NDWI,-0.3566880780286868
2023-06-29,Oran,S2,NDWI,-0.3414997363923401
2023-06-29,TzM,S2,NDWI,-0.4526281686218905
2023-07-02,Oran,S2,NDWI,0.0299794321368489
2023-07-02,Oran,S2,NDWI,-0.005579830910720779
2023-07-02,TzM,S2,NDWI,-0.5303513104607086
2023-07-04,Oran,S2,NDWI,-0.4223028567761028
2023-07-04,Oran,S2,NDWI,-0.4039358398034236
2023-07-04,TzM,S2,NDWI,-0.5071420928477637
2023-07-09,Oran,S2,NDWI,-0.4176585810690408
2023-07-09,Oran,S2,NDWI,-0.4021468961703199
2023-07-09,TzM,S2,NDWI,-0.5407011559267842
2023-07-12,Oran,S2,NDWI,-0.3964453099234555
2023-07-12,Oran,S2,NDWI,-0.38310965094223
2023-07-12,TzM,S2,NDWI,-0.53554609646227
2023-07-14,Oran,S2,NDWI,-0.39985717906017576
2023-07-14,Oran,S2,NDWI,-0.3831452035577359
2023-07-14,TzM,S2,NDWI,-0.5076022675833606
2023-07-17,Oran,S2,NDWI,-0.40333081339532173
2023-07-19,Oran,S2,NDWI,-0.35864038054789854
2023-07-19,Oran,S2,NDWI,-0.33865615399971793
2023-07-19,TzM,S2,NDWI,-0.4418781180955044
2023-07-22,Oran,S2,NDWI,-0.4031716552021247
2023-07-22,Oran,S2,NDWI,-0.3863694915242548
2023-07-22,TzM,S2,NDWI,-0.5230782661406824
2023-07-24,Oran,S2,NDWI,-0.4113955871998763
2023-07-24,Oran,S2,NDWI,-0.35316723494327307
2023-07-24,TzM,S2,NDWI,-0.5126407938083616
2023-07-27,Oran,S2,NDWI,-0.11579588660339218
2023-07-27,Oran,S2,NDWI,-0.14822308393973915
2023-07-27,TzM,S2,NDWI,-0.15273095956694382
2023-07-29,Oran,S2,NDWI,-0.4075289373978531
2023-07-29,Oran,S2,NDWI,-0.3836366708163287
2023-07-29,TzM,S2,NDWI,-0.5249315465699588
2023-08-01,Oran,S2,NDWI,-0.4051950029537482
2023-08-01,Oran,S2,NDWI,-0.38891999050956644
2023-08-01,TzM,S2,NDWI,-0.5272540680594514
2023-08-03,Oran,S2,NDWI,-0.3867703019433176
2023-08-03,Oran,S2,NDWI,-0.3678442188782489
2023-08-03,TzM,S2,NDWI,-0.515164482454236
2023-08-06,Oran,S2,NDWI,-0.40010021341478536
2023-08-06,Oran,S2,NDWI,-0.3852208159987139
2023-08-06,TzM,S2,NDWI,-0.5378990955502966
2023-08-08,Oran,S2,NDWI,-0.2654433716265701
2023-08-08,Oran,S2,NDWI,-0.27605264676424157
2023-08-08,TzM,S2,NDWI,-0.495045884500018
2023-08-11,Oran,S2,NDWI,-0.3976841982822567
2023-08-11,Oran,S2,NDWI,-0.3828911472573119
2023-08-11,TzM,S2,NDWI,-0.5244484138068523
2023-08-13,Oran,S2,NDWI,-0.39618236104924726
2023-08-13,Oran,S2,NDWI,-0.3686855738447642
2023-08-13,TzM,S2,NDWI,-0.4997209932024342
2023-08-16,Oran,S2,NDWI,-0.3847838612761694
2023-08-16,Oran,S2,NDWI,-0.37550829826324295
2023-08-16,TzM,S2,NDWI,-0.5039194693997803
2023-08-18,Oran,S2,NDWI,-0.4046738019882906
2023-08-18,Oran,S2,NDWI,-0.3857645753173837
2023-08-18,TzM,S2,NDWI,-0.5147948880593348
2023-08-21,Oran,S2,NDWI,-0.40453523777517003
2023-08-21,Oran,S2,NDWI,-0.38598418957183567
2023-08-21,TzM,S2,NDWI,-0.515150147961519
2023-08-23,Oran,S2,NDWI,-0.4054275391693172
2023-08-23,Oran,S2,NDWI,-0.3841718749516838
2023-08-23,TzM,S2,NDWI,-0.49060397095941266
2023-08-28,Oran,S2,NDWI,-0.4190796811988244
2023-08-28,Oran,S2,NDWI,-0.4034562519336512
2023-08-28,TzM,S2,NDWI,-0.5003566770002459
2023-08-31,Oran,S2,NDWI,-0.42582480290457
2023-08-31,Oran,S2,NDWI,-0.4057705663203383
2023-08-31,TzM,S2,NDWI,-0.4923537225916567
2023-09-05,Oran,S2,NDWI,-0.3304435681033839
2023-09-05,Oran,S2,NDWI,-0.33432757517357664
2023-09-05,TzM,S2,NDWI,-0.4638879967101604
2023-09-15,Oran,S2,NDWI,-0.3976150647235828
2023-09-17,Oran,S2,NDWI,-0.3779264267770835
2023-09-20,Oran,S2,NDWI,-0.11866581087906833
2023-09-20,Oran,S2,NDWI,-0.13346976719563525
2023-09-20,TzM,S2,NDWI,-0.5345300697846839
2023-09-22,Oran,S2,NDWI,-0.398368298254484
2023-09-22,TzM,S2,NDWI,-0.5391512294717128
2023-09-25,Oran,S2,NDWI,-0.4214680629053495
2023-09-25,Oran,S2,NDWI,-0.4006850229420869
2023-09-25,TzM,S2,NDWI,-0.5272965795331274
2023-09-27,Oran,S2,NDWI,-0.41205143614557455
2023-09-27,Oran,S2,NDWI,-0.3865794851780676
2023-09-27,TzM,S2,NDWI,-0.5106021430419063
2023-09-30,Oran,S2,NDWI,-0.413654564319188
2023-09-30,Oran,S2,NDWI,-0.39811846466964873
2023-09-30,TzM,S2,NDWI,-0.5358976834805428
2023-10-02,Oran,S2,NDWI,-0.42166787538564227
2023-10-02,Oran,S2,NDWI,-0.40169351952156296
2023-10-02,TzM,S2,NDWI,-0.528037216247417
2023-10-05,Oran,S2,NDWI,-0.40591473724089816
2023-10-05,Oran,S2,NDWI,-0.38381581478119786
2023-10-05,TzM,S2,NDWI,-0.5213528657835067
2023-10-07,Oran,S2,NDWI,-0.40429295564425777
2023-10-07,Oran,S2,NDWI,-0.38076492685514846
2023-10-07,TzM,S2,NDWI,-0.5076334658883884
2023-10-10,Oran,S2,NDWI,-0.4080621643587522
2023-10-10,Oran,S2,NDWI,-0.3888166451683402
2023-10-10,TzM,S2,NDWI,-0.5255504015021277
2023-10-12,Oran,S2,NDWI,-0.40411709415287034
2023-10-12,Oran,S2,NDWI,-0.38046290426257706
2023-10-12,TzM,S2,NDWI,-0.5056857051038359
2023-10-15,Oran,S2,NDWI,-0.3937491147460143
2023-10-15,Oran,S2,NDWI,-0.3700058332880688
2023-10-15,TzM,S2,NDWI,-0.5193540930255797
2023-11-14,Oran,S2,NDWI,-0.3835093159379204
2023-11-14,Oran,S2,NDWI,-0.38462455743836543
2023-11-14,TzM,S2,NDWI,-0.3808401621899853
2023-11-19,Oran,S2,NDWI,-0.3843428930314385
2023-11-19,Oran,S2,NDWI,-0.3832483492328358
2023-11-19,TzM,S2,NDWI,-0.5049583876074784
2023-11-21,Oran,S2,NDWI,-0.3986531675945731
2023-11-21,Oran,S2,NDWI,-0.38765262584435245
2023-11-21,TzM,S2,NDWI,-0.509935728938465
2023-11-24,Oran,S2,NDWI,-0.3844864896732528
2023-11-24,Oran,S2,NDWI,-0.38235019100494605
2023-11-24,TzM,S2,NDWI,-0.5112060884367214
2023-11-26,Oran,S2,NDWI,-0.37899180171592983
2023-11-26,Oran,S2,NDWI,-0.3626603222153038
2023-11-26,TzM,S2,NDWI,-0.4737826442084617
2023-12-06,Oran,S2,NDWI,-0.356945896923743
2023-12-06,TzM,S2,NDWI,-0.40180132204236546
2023-12-14,Oran,S2,NDWI,-0.3958827276855165
2023-12-14,Oran,S2,NDWI,-0.3933604502185949
2023-12-14,TzM,S2,NDWI,-0.48145269379336797
2023-12-16,Oran,S2,NDWI,-0.4052635246911869
2023-12-16,Oran,S2,NDWI,-0.39809735633440413
2023-12-16,TzM,S2,NDWI,-0.475268072121973
2023-12-19,Oran,S2,NDWI,-0.3843945620677218
2023-12-19,Oran,S2,NDWI,-0.3850298744301646
2023-12-19,TzM,S2,NDWI,-0.4692902922968309
2023-12-21,Oran,S2,NDWI,-0.3784127111107404
2023-12-21,Oran,S2,NDWI,-0.37159016245496174
2023-12-21,TzM,S2,NDWI,-0.4638392297027714
2023-12-24,Oran,S2,NDWI,-0.38297631089886625
2023-12-24,Oran,S2,NDWI,-0.39323662267918735
2023-12-24,TzM,S2,NDWI,-0.47921515828235567
2023-12-26,Oran,S2,NDWI,-0.3940093057584738
2023-12-26,Oran,S2,NDWI,-0.38475417028747594
2023-12-26,TzM,S2,NDWI,-0.4442229739268349
2024-01-08,Oran,S2,NDWI,-0.39516059629113787
2024-01-08,Oran,S2,NDWI,-0.3864663702085406
2024-01-08,TzM,S2,NDWI,-0.47916188515003716
2024-01-23,Oran,S2,NDWI,-0.3841044157123297
2024-01-23,Oran,S2,NDWI,-0.3756954634185746
2024-01-23,TzM,S2,NDWI,-0.4498502596592258
2024-01-25,Oran,S2,NDWI,-0.34967267088574355
2024-01-25,TzM,S2,NDWI,-0.42299914007973877
2024-01-28,Oran,S2,NDWI,-0.30217778411385016
2024-01-28,TzM,S2,NDWI,-0.34402306254979864
2024-02-02,Oran,S2,NDWI,-0.3471450363666787
2024-02-02,Oran,S2,NDWI,-0.3416230993795981
2024-02-02,TzM,S2,NDWI,-0.4001118504894117
2024-02-04,Oran,S2,NDWI,-0.36820308726655754
2024-02-04,Oran,S2,NDWI,-0.3595769660242341
2024-02-04,TzM,S2,NDWI,-0.41899598373171143
2024-02-07,Oran,S2,NDWI,-0.3483107132011774
2024-02-17,Oran,S2,NDWI,-0.3665082277794992
2024-02-17,Oran,S2,NDWI,-0.35977906118701114
2024-02-17,TzM,S2,NDWI,-0.4173956193832482
2024-02-19,Oran,S2,NDWI,-0.2849320730628286
2024-02-29,Oran,S2,NDWI,-0.3699114154967691
2024-02-29,Oran,S2,NDWI,-0.3451551845025492
2024-02-29,TzM,S2,NDWI,-0.413393906225641
2024-03-03,Oran,S2,NDWI,-0.34623293402722244
2024-03-03,TzM,S2,NDWI,-0.06954649025064519
2024-03-05,Oran,S2,NDWI,-0.381183720580078
2024-03-05,Oran,S2,NDWI,-0.352356022366049
2024-03-05,TzM,S2,NDWI,-0.4310818652106067
2024-03-13,Oran,S2,NDWI,-0.3669268056504791
2024-03-13,Oran,S2,NDWI,-0.3425189519124008
2024-03-13,TzM,S2,NDWI,-0.4343878313725968
2024-03-15,Oran,S2,NDWI,-0.3242522313100243
2024-04-09,Oran,S2,NDWI,-0.36625160528646694
2024-04-09,Oran,S2,NDWI,-0.35787170372832877
2024-04-09,TzM,S2,NDWI,-0.5383112046292038
2024-04-12,Oran,S2,NDWI,-0.3702042420654955
2024-04-12,Oran,S2,NDWI,-0.36249951636806077
2024-04-12,TzM,S2,NDWI,-0.5530174401889648
2024-04-14,Oran,S2,NDWI,-0.36691048963017525
2024-04-14,Oran,S2,NDWI,-0.36056148674956195
2024-04-14,TzM,S2,NDWI,-0.5580107879019225
2024-04-17,Oran,S2,NDWI,-0.37387140995728363
2024-04-17,Oran,S2,NDWI,-0.36621709852830325
2024-04-17,TzM,S2,NDWI,-0.5657533905570472
2024-04-22,Oran,S2,NDWI,-0.29621450126270404
2024-04-22,Oran,S2,NDWI,-0.29695141174911893
2024-04-22,TzM,S2,NDWI,-0.5650567336544873
2024-04-24,Oran,S2,NDWI,-0.37803566981331616
2024-04-24,Oran,S2,NDWI,-0.37731420054617265
2024-04-24,TzM,S2,NDWI,-0.5514932987627716
2024-05-02,Oran,S2,NDWI,-0.377229651266498
2024-05-02,Oran,S2,NDWI,-0.37236099680754
2024-05-02,TzM,S2,NDWI,-0.48347908622049024
2024-05-04,Oran,S2,NDWI,-0.37039483548726276
2024-05-07,Oran,S2,NDWI,-0.3835446000878091
2024-05-07,Oran,S2,NDWI,-0.37687084573553264
2024-05-07,TzM,S2,NDWI,-0.55501163914124
2024-05-12,Oran,S2,NDWI,-0.3678960923727865
2024-05-14,Oran,S2,NDWI,-0.3700594343702136
2024-05-14,Oran,S2,NDWI,-0.35667142241814026
2024-05-14,TzM,S2,NDWI,-0.5448582826963861
2024-05-17,Oran,S2,NDWI,-0.23584973622372016
2024-05-22,Oran,S2,NDWI,-0.3469673075837657
2024-05-24,Oran,S2,NDWI,-0.3519095703461369
2024-05-24,Oran,S2,NDWI,-0.3352817538176429
2024-05-24,TzM,S2,NDWI,-0.544222406959914
2024-05-27,Oran,S2,NDWI,-0.33998888100648045
2024-05-29,Oran,S2,NDWI,-0.3358772255051445
2024-05-29,Oran,S2,NDWI,-0.3227155517127202
2024-05-29,TzM,S2,NDWI,-0.5214413110028818
2024-06-01,Oran,S2,NDWI,-0.2912880182876753
2024-06-01,TzM,S2,NDWI,-0.2545537042417451
2024-06-13,Oran,S2,NDWI,-0.35339608501389197
2024-06-13,Oran,S2,NDWI,-0.3394831956703224
2024-06-13,TzM,S2,NDWI,-0.5414830790454797
2024-06-16,Oran,S2,NDWI,-0.3363035921002574
2024-06-16,Oran,S2,NDWI,-0.3288115866530196
2024-06-16,TzM,S2,NDWI,-0.5510290929053631
2024-06-18,Oran,S2,NDWI,-0.3207040503774125
2024-06-18,Oran,S2,NDWI,-0.310158659258067
2024-06-18,TzM,S2,NDWI,-0.5274321150448177
2024-06-21,Oran,S2,NDWI,-0.333012604207639
2024-06-21,Oran,S2,NDWI,-0.326377219482522
2024-06-21,TzM,S2,NDWI,-0.5339460719284325
2024-06-23,Oran,S2,NDWI,-0.31543860719891714
2024-06-23,Oran,S2,NDWI,-0.3025593656054732
2024-06-23,TzM,S2,NDWI,-0.5003507763644541
2024-06-28,Oran,S2,NDWI,0.1318611970123939
2024-06-28,TzM,S2,NDWI,-0.5030473774941981
2024-07-01,Oran,S2,NDWI,-0.3285173727277877
2024-07-01,TzM,S2,NDWI,-0.5260417175655071
2024-07-03,Oran,S2,NDWI,-0.3477868713563244
2024-07-03,Oran,S2,NDWI,-0.3362694105641411
2024-07-03,TzM,S2,NDWI,-0.5023533895608608
2024-07-06,Oran,S2,NDWI,-0.3541825250385007
2024-07-06,Oran,S2,NDWI,-0.33349005828028416
2024-07-06,TzM,S2,NDWI,-0.47287387319172
2024-07-08,Oran,S2,NDWI,-0.34221896490692916
2024-07-08,Oran,S2,NDWI,-0.3283465362057827
2024-07-08,TzM,S2,NDWI,-0.4687490235150652
2024-07-11,Oran,S2,NDWI,-0.35784700787611873
2024-07-11,Oran,S2,NDWI,-0.34380150426043277
2024-07-11,TzM,S2,NDWI,-0.4743587135317377
2024-07-13,Oran,S2,NDWI,-0.34849216899574054
2024-07-13,Oran,S2,NDWI,-0.3360242267751408
2024-07-13,TzM,S2,NDWI,-0.4618713525505345
2024-07-16,Oran,S2,NDWI,-0.35844592761637895
2024-07-16,Oran,S2,NDWI,-0.34464142896864414
2024-07-16,TzM,S2,NDWI,-0.47231559523011163
2024-07-18,Oran,S2,NDWI,-0.32285663636812395
2024-07-18,Oran,S2,NDWI,-0.31131334306481107
2024-07-18,TzM,S2,NDWI,-0.4193156800517404
2024-07-21,Oran,S2,NDWI,-0.35837339927943024
2024-07-21,Oran,S2,NDWI,-0.3471913155571317
2024-07-21,TzM,S2,NDWI,-0.4784569889138772
2024-07-23,Oran,S2,NDWI,-0.3590177192065795
2024-07-23,Oran,S2,NDWI,-0.3367394064010122
2024-07-23,TzM,S2,NDWI,-0.45400956906180717
2024-07-26,Oran,S2,NDWI,-0.36602817622516814
2024-07-26,Oran,S2,NDWI,-0.34702612480969275
2024-07-26,TzM,S2,NDWI,-0.46110809003388353
2024-07-28,Oran,S2,NDWI,-0.36425513122388564
2024-07-28,Oran,S2,NDWI,-0.3343941800250897
2024-07-28,TzM,S2,NDWI,-0.45952628465136663
2024-07-31,Oran,S2,NDWI,-0.34388522040253255
2024-07-31,Oran,S2,NDWI,-0.34022422417755244
2024-07-31,TzM,S2,NDWI,-0.4742444361903353
2024-08-02,Oran,S2,NDWI,-0.36222574072952185
2024-08-02,Oran,S2,NDWI,-0.3387637218376711
2024-08-02,TzM,S2,NDWI,-0.44985388612186894
2024-08-05,Oran,S2,NDWI,-0.3704565086331821
2024-08-05,Oran,S2,NDWI,-0.34990434717246266
2024-08-05,TzM,S2,NDWI,-0.45392224600680997
2024-08-07,Oran,S2,NDWI,-0.370176639695842
2024-08-07,Oran,S2,NDWI,-0.3516440155679335
2024-08-07,TzM,S2,NDWI,-0.4585577326976942
2024-08-10,Oran,S2,NDWI,-0.3654271287142436
2024-08-10,Oran,S2,NDWI,-0.35677424350657877
2024-08-10,TzM,S2,NDWI,-0.4566076921970423
2024-08-12,Oran,S2,NDWI,-0.36289845742438276
2024-08-12,Oran,S2,NDWI,-0.34049360731263817
2024-08-12,TzM,S2,NDWI,-0.4435910431636662
2024-08-15,Oran,S2,NDWI,-0.40519600146864027
2024-08-15,Oran,S2,NDWI,-0.38129041302785466
2024-08-15,TzM,S2,NDWI,-0.49644006583909284
2024-08-17,Oran,S2,NDWI,-0.3877783264292637
2024-08-17,Oran,S2,NDWI,-0.3660822119701059
2024-08-17,TzM,S2,NDWI,-0.4691482987324745
2024-08-20,Oran,S2,NDWI,-0.37748750935749653
2024-08-20,Oran,S2,NDWI,-0.3606121508688511
2024-08-20,TzM,S2,NDWI,-0.4550421930682576
2024-08-22,Oran,S2,NDWI,-0.33358093908424474
2024-08-22,TzM,S2,NDWI,-0.3855687319017327
2024-08-25,Oran,S2,NDWI,-0.3497524761858625
2024-08-25,Oran,S2,NDWI,-0.34973530041270773
2024-08-25,TzM,S2,NDWI,-0.15339507769980276
2024-08-27,Oran,S2,NDWI,-0.3819166021404839
2024-08-27,Oran,S2,NDWI,-0.35051245038492695
2024-08-27,TzM,S2,NDWI,-0.44564310566388066
2024-08-30,Oran,S2,NDWI,-0.17330748921665462
2024-08-30,Oran,S2,NDWI,-0.17812120049360236
2024-08-30,TzM,S2,NDWI,-0.4716426755488746
2024-09-04,Oran,S2,NDWI,-0.39697418727784467
2024-09-04,Oran,S2,NDWI,-0.37798136359677054
2024-09-04,TzM,S2,NDWI,-0.4688115468026037
2024-09-06,Oran,S2,NDWI,-0.37259230953813477
2024-09-06,Oran,S2,NDWI,-0.36044561052983487
2024-09-06,TzM,S2,NDWI,-0.4736512730379048
2024-09-09,Oran,S2,NDWI,-0.3995949753298373
2024-09-09,Oran,S2,NDWI,-0.3823078167633981
2024-09-09,TzM,S2,NDWI,-0.4947692400781836
2024-09-11,Oran,S2,NDWI,-0.3807918366043064
2024-09-11,Oran,S2,NDWI,-0.3542647234269101
2024-09-11,TzM,S2,NDWI,-0.46471968109554684
2024-09-14,Oran,S2,NDWI,-0.1921101846294068
2024-09-14,TzM,S2,NDWI,-0.3486037282043548
2024-09-16,Oran,S2,NDWI,-0.38991580814014604
2024-09-16,Oran,S2,NDWI,-0.3777769548090615
2024-09-16,TzM,S2,NDWI,-0.4912876450483366
2024-09-26,Oran,S2,NDWI,-0.3757410916325013
2024-09-26,Oran,S2,NDWI,-0.36247707666982554
2024-09-26,TzM,S2,NDWI,-0.45516698854749765
2024-09-29,Oran,S2,NDWI,-0.3888846839035831
2024-09-29,Oran,S2,NDWI,-0.3742188149748422
2024-09-29,TzM,S2,NDWI,-0.481017682406849
2024-10-01,Oran,S2,NDWI,-0.34299652175618905
2024-10-04,Oran,S2,NDWI,-0.36976852003876626
2024-10-04,TzM,S2,NDWI,-0.47497699759069817
2024-10-06,Oran,S2,NDWI,-0.3523639485099399
2024-10-19,Oran,S2,NDWI,-0.38855800463739243
2024-10-19,Oran,S2,NDWI,-0.37485593327618816
2024-10-19,TzM,S2,NDWI,-0.46708311435818534
2024-10-21,Oran,S2,NDWI,-0.3831253148102729
2024-10-21,Oran,S2,NDWI,-0.36647716043486855
2024-10-21,TzM,S2,NDWI,-0.457309295572255
2024-10-24,Oran,S2,NDWI,-0.3244725040231353
2024-10-24,TzM,S2,NDWI,-0.20391631142620914
2024-10-31,Oran,S2,NDWI,-0.4355600010635796
2024-10-31,Oran,S2,NDWI,-0.4131592081227942
2024-10-31,TzM,S2,NDWI,-0.41756052227671436
2024-11-05,Oran,S2,NDWI,-0.44458542382366334
2024-11-05,Oran,S2,NDWI,-0.42135391893388496
2024-11-05,TzM,S2,NDWI,-0.4064773452382581
2024-11-18,Oran,S2,NDWI,-0.44704918772921004
2024-11-20,Oran,S2,NDWI,-0.45596090818405943
2024-11-20,Oran,S2,NDWI,-0.44513781243495076
2024-11-20,TzM,S2,NDWI,-0.38577921651629665
2024-11-23,Oran,S2,NDWI,-0.43823525702921645
2024-11-28,Oran,S2,NDWI,-0.4234333295893581
2024-11-30,Oran,S2,NDWI,-0.45843775860440594
2024-11-30,Oran,S2,NDWI,-0.4142794706408542
2024-11-30,TzM,S2,NDWI,-0.47465492215003036
2024-12-03,Oran,S2,NDWI,-0.41085074099964514
2024-12-03,Oran,S2,NDWI,-0.39502957777239744
2024-12-03,TzM,S2,NDWI,-0.4678667880848863
2024-12-05,Oran,S2,NDWI,-0.35630270787950186
2024-12-05,Oran,S2,NDWI,-0.34882189876260705
2024-12-05,TzM,S2,NDWI,-0.474206214435188
2024-12-08,Oran,S2,NDWI,-0.3974405737354675
2024-12-10,Oran,S2,NDWI,-0.4132799770564845
2024-12-10,Oran,S2,NDWI,-0.40621901516693726
2024-12-10,TzM,S2,NDWI,-0.4823324759518413
2024-12-15,Oran,S2,NDWI,-0.4220194285496195
2024-12-15,Oran,S2,NDWI,-0.4149147811310128
2024-12-15,TzM,S2,NDWI,-0.4975286267214464
2024-12-15,Oran,S2,NDWI,-0.4164450821004431
2024-12-15,TzM,S2,NDWI,-0.49422563074473985
2024-12-18,Oran,S2,NDWI,-0.364813910276559
2024-12-20,Oran,S2,NDWI,-0.4276978218419025
2024-12-20,Oran,S2,NDWI,-0.421210349624899
2024-12-20,TzM,S2,NDWI,-0.505215406106354
2024-12-23,Oran,S2,NDWI,-0.4182876073223824
2024-12-23,Oran,S2,NDWI,-0.41682894886390703
2024-12-23,TzM,S2,NDWI,-0.4905624061929559
2024-12-25,Oran,S2,NDWI,-0.413298733706085
2024-12-25,Oran,S2,NDWI,-0.40900347426461786
2024-12-25,TzM,S2,NDWI,-0.4749325542808606
2024-12-28,Oran,S2,NDWI,-0.4050692116021484
2024-12-28,Oran,S2,NDWI,-0.4044248632947966
2024-12-28,TzM,S2,NDWI,-0.4612745919265305
2024-12-30,Oran,S2,NDWI,-0.41518474600040495
2024-12-30,Oran,S2,NDWI,-0.40427896837842403
2024-12-30,TzM,S2,NDWI,-0.45869699333840136
2018-01-01,Oran,S2,NDMI,-0.27592791771833464
2018-01-01,Oran,S2,NDMI,-0.27236181509159896
2018-01-01,TzM,S2,NDMI,-0.14632655226648428
2018-01-04,Oran,S2,NDMI,-0.308530788609567
2018-01-16,Oran,S2,NDMI,-0.30254040220299344
2018-01-16,Oran,S2,NDMI,-0.29436087720034526
2018-01-16,TzM,S2,NDMI,-0.159890667775694
2018-01-21,Oran,S2,NDMI,-0.30799336099991387
2018-01-21,Oran,S2,NDMI,-0.2998953548098591
2018-01-21,TzM,S2,NDMI,-0.18106737215111812
2018-01-26,Oran,S2,NDMI,-0.05912092041112647
2018-01-26,TzM,S2,NDMI,-0.08913798509657965
2018-01-29,Oran,S2,NDMI,0.014308970552469744
2018-01-29,TzM,S2,NDMI,-0.05718533502234052
2018-01-31,Oran,S2,NDMI,-0.20040650779905816
2018-01-31,Oran,S2,NDMI,-0.2000470878646104
2018-01-31,TzM,S2,NDMI,0.24703403953469086
2018-02-08,Oran,S2,NDMI,-0.26396450994197673
2018-02-08,Oran,S2,NDMI,-0.22718007262298057
2018-02-08,TzM,S2,NDMI,-0.07808787967788845
2018-02-13,Oran,S2,NDMI,-0.17999247452722894
2018-02-15,Oran,S2,NDMI,-0.2659878943734279
2018-02-15,Oran,S2,NDMI,-0.2745731940901927
2018-02-15,TzM,S2,NDMI,-0.1673676145842197
2018-02-20,Oran,S2,NDMI,-0.29252312945408165
2018-02-20,Oran,S2,NDMI,-0.2969591709869316
2018-02-20,TzM,S2,NDMI,-0.1778317651913117
2018-03-07,Oran,S2,NDMI,-0.24508573139263717
2018-03-07,Oran,S2,NDMI,-0.24469026658980778
2018-03-07,TzM,S2,NDMI,-0.057859781454355524
2018-03-10,Oran,S2,NDMI,-0.28162625668185387
2018-03-12,Oran,S2,NDMI,-0.2701780455928107
2018-03-22,Oran,S2,NDMI,-0.24705310563011987
2018-03-22,Oran,S2,NDMI,-0.24227882789106384
2018-03-22,TzM,S2,NDMI,-0.11019171106791693
2018-03-27,Oran,S2,NDMI,-0.23968854646864235
2018-03-27,Oran,S2,NDMI,-0.23801047583990909
2018-03-27,TzM,S2,NDMI,-0.10467829701241757
2018-03-27,Oran,S2,NDMI,-0.2510473974986471
2018-03-27,Oran,S2,NDMI,-0.2576209339373764
2018-04-14,Oran,S2,NDMI,-0.19267565183862745
2018-04-14,Oran,S2,NDMI,-0.19228825197880556
2018-04-14,TzM,S2,NDMI,-0.04777454589637995
2018-04-16,Oran,S2,NDMI,-0.0013666032950836048
2018-04-19,Oran,S2,NDMI,-0.16952666843767258
2018-04-19,Oran,S2,NDMI,-0.1662833513425233
2018-04-19,TzM,S2,NDMI,-0.03828084156872697
2018-04-26,Oran,S2,NDMI,-0.03474541981418947
2018-04-26,Oran,S2,NDMI,-0.03544286248470648
2018-04-26,TzM,S2,NDMI,-0.035221639537832916
2018-05-01,Oran,S2,NDMI,-0.08056292606555443
2018-05-01,TzM,S2,NDMI,-0.020367588533195806
2018-05-04,Oran,S2,NDMI,-0.07332648994919615
2018-05-04,Oran,S2,NDMI,-0.07620244600473244
2018-05-04,TzM,S2,NDMI,-0.011345857843183085
2018-05-09,Oran,S2,NDMI,0.012254929125736953
2018-05-09,TzM,S2,NDMI,-0.041879730537887655
2018-05-11,Oran,S2,NDMI,0.018315585941962666
2018-05-14,Oran,S2,NDMI,0.021075072709675288
2018-05-14,Oran,S2,NDMI,0.02149517071562051
2018-05-14,TzM,S2,NDMI,-0.023734851752210837
2018-05-16,Oran,S2,NDMI,0.006834392500818701
2018-05-16,Oran,S2,NDMI,0.007027756598526983
2018-05-16,TzM,S2,NDMI,-0.022731379414060986
2018-05-19,Oran,S2,NDMI,0.21236065182880579
2018-05-19,Oran,S2,NDMI,0.21012830857306994
2018-05-19,TzM,S2,NDMI,-0.007050732574807506
2018-05-21,Oran,S2,NDMI,0.1314525785786768
2018-05-21,TzM,S2,NDMI,-0.028358960698655164
2018-06-13,Oran,S2,NDMI,0.08127457480793414
2018-06-13,Oran,S2,NDMI,0.07808119831002262
2018-06-13,TzM,S2,NDMI,-0.05942057641804039
2018-06-15,Oran,S2,NDMI,0.03821917625946391
2018-06-15,Oran,S2,NDMI,0.03267258782669754
2018-06-15,TzM,S2,NDMI,-0.06800839448154324
2018-06-18,Oran,S2,NDMI,0.011024728005662083
2018-06-18,Oran,S2,NDMI,0.005697125791466543
2018-06-18,TzM,S2,NDMI,-0.06145589340161017
2018-06-20,Oran,S2,NDMI,-0.017708602122086886
2018-06-20,Oran,S2,NDMI,-0.020719422856906054
2018-06-20,TzM,S2,NDMI,-0.07983526728781991
2018-06-23,Oran,S2,NDMI,-0.05778566582450874
2018-06-23,Oran,S2,NDMI,-0.05991857812342485
2018-06-23,TzM,S2,NDMI,-0.07455611288948145
2018-06-25,Oran,S2,NDMI,-0.07692915202412051
2018-06-25,Oran,S2,NDMI,-0.07268232668693257
2018-06-25,TzM,S2,NDMI,-0.055301244820523295
2018-06-28,Oran,S2,NDMI,-0.11815208490655965
2018-06-30,Oran,S2,NDMI,-0.13370608207568369
2018-06-30,Oran,S2,NDMI,-0.1331367730859717
2018-06-30,TzM,S2,NDMI,-0.04456973606536667
2018-07-03,Oran,S2,NDMI,-0.13972142646272254
2018-07-03,Oran,S2,NDMI,-0.13816304178989441
2018-07-03,TzM,S2,NDMI,-0.07270480883435902
2018-07-05,Oran,S2,NDMI,-0.13261958603697085
2018-07-05,Oran,S2,NDMI,-0.1376430221992135
2018-07-05,TzM,S2,NDMI,-0.06848154747481423
2018-07-08,Oran,S2,NDMI,-0.14348365071869265
2018-07-08,Oran,S2,NDMI,-0.14246941790260784
2018-07-08,TzM,S2,NDMI,-0.07819843120994946
2018-07-10,Oran,S2,NDMI,-0.13722825262719088
2018-07-10,Oran,S2,NDMI,-0.13756269736024218
2018-07-10,TzM,S2,NDMI,-0.08034050610065402
2018-07-13,Oran,S2,NDMI,-0.1559587852554955
2018-07-13,Oran,S2,NDMI,-0.15675161920404548
2018-07-13,TzM,S2,NDMI,-0.0878505864900803
2018-07-15,Oran,S2,NDMI,-0.14933823437520324
2018-07-15,Oran,S2,NDMI,-0.14929839025882988
2018-07-15,TzM,S2,NDMI,-0.07322464315794834
2018-07-18,Oran,S2,NDMI,-0.15665633034726514
2018-07-18,Oran,S2,NDMI,-0.1566615003005298
2018-07-18,TzM,S2,NDMI,-0.09343694473935506
2018-07-20,Oran,S2,NDMI,-0.13962392214296426
2018-07-20,Oran,S2,NDMI,-0.13869250053583493
2018-07-20,TzM,S2,NDMI,-0.07843550254022431
2018-07-23,Oran,S2,NDMI,-0.16820022622565134
2018-07-23,Oran,S2,NDMI,-0.16602585119703178
2018-07-23,TzM,S2,NDMI,-0.09179553175108965
2018-07-28,Oran,S2,NDMI,-0.16419488777002356
2018-07-28,Oran,S2,NDMI,-0.16411427067673143
2018-07-28,TzM,S2,NDMI,-0.08726266872453088
2018-07-30,Oran,S2,NDMI,-0.15931783977924607
2018-07-30,Oran,S2,NDMI,-0.1569280971751133
2018-07-30,TzM,S2,NDMI,-0.0769209449196286
2018-08-02,Oran,S2,NDMI,-0.17090754956163418
2018-08-02,Oran,S2,NDMI,-0.1665200567387938
2018-08-02,TzM,S2,NDMI,-0.10272696964763099
2018-08-04,Oran,S2,NDMI,-0.16502799489771527
2018-08-04,Oran,S2,NDMI,-0.1591609513795817
2018-08-04,TzM,S2,NDMI,-0.08931039138512947
2018-08-07,Oran,S2,NDMI,-0.16060126744843511
2018-08-07,Oran,S2,NDMI,-0.16090750166403986
2018-08-07,TzM,S2,NDMI,-0.08610071051108456
2018-08-09,Oran,S2,NDMI,-0.17428260610630353
2018-08-09,Oran,S2,NDMI,-0.16914947828882154
2018-08-09,TzM,S2,NDMI,-0.09503290188252025
2018-08-12,Oran,S2,NDMI,0.5341826157123534
2018-08-12,Oran,S2,NDMI,0.5307730599397736
2018-08-12,TzM,S2,NDMI,-0.1218071453224082
2018-08-14,Oran,S2,NDMI,-0.17383409424916568
2018-08-14,Oran,S2,NDMI,-0.17090512431197682
2018-08-14,TzM,S2,NDMI,-0.10395887974708659
2018-08-17,Oran,S2,NDMI,-0.21957636755047097
2018-08-17,Oran,S2,NDMI,-0.20848955206456957
2018-08-17,TzM,S2,NDMI,-0.11106149934200503
2018-08-19,Oran,S2,NDMI,-0.02202613308264607
2018-08-19,TzM,S2,NDMI,-0.11646926350630529
2018-08-22,Oran,S2,NDMI,-0.23789343990636105
2018-08-22,Oran,S2,NDMI,-0.23119866647869158
2018-08-22,TzM,S2,NDMI,-0.11113340900384563
2018-08-24,Oran,S2,NDMI,-0.23382702462996105
2018-08-24,Oran,S2,NDMI,-0.227241766521814
2018-08-24,TzM,S2,NDMI,-0.09812402004919132
2018-08-27,Oran,S2,NDMI,-0.23447997996513606
2018-08-27,Oran,S2,NDMI,-0.22973624287146913
2018-08-27,TzM,S2,NDMI,-0.10389802450357737
2018-08-29,Oran,S2,NDMI,-0.23359950136664598
2018-08-29,Oran,S2,NDMI,-0.22963401754657795
2018-08-29,TzM,S2,NDMI,-0.10074939547772555
2018-09-01,Oran,S2,NDMI,-0.2361782856294836
2018-09-01,Oran,S2,NDMI,-0.23176623293926646
2018-09-01,TzM,S2,NDMI,-0.10903953674945585
2018-09-06,Oran,S2,NDMI,-0.23026188650902327
2018-09-06,Oran,S2,NDMI,-0.2310956761315839
2018-09-06,TzM,S2,NDMI,-0.10368474772197234
2018-09-11,Oran,S2,NDMI,0.34296455306601265
2018-09-11,TzM,S2,NDMI,-0.018070501656739388
2018-09-13,Oran,S2,NDMI,-0.24178313183012165
2018-09-13,Oran,S2,NDMI,-0.24263142621245962
2018-09-13,TzM,S2,NDMI,-0.08045161819389865
2018-09-16,Oran,S2,NDMI,-0.25943697487931117
2018-09-16,Oran,S2,NDMI,-0.25559104873846517
2018-09-16,TzM,S2,NDMI,-0.09056714660811639
2018-09-18,Oran,S2,NDMI,-0.2570068868258865
2018-09-18,Oran,S2,NDMI,-0.25642389696246287
2018-09-18,TzM,S2,NDMI,-0.024064284113455105
2018-09-21,Oran,S2,NDMI,-0.24994189900191327
2018-09-21,Oran,S2,NDMI,-0.249824002727961
2018-09-21,TzM,S2,NDMI,-0.08079217137378748
2018-09-23,Oran,S2,NDMI,-0.2467824004852288
2018-09-23,Oran,S2,NDMI,-0.23902769240878302
2018-09-23,TzM,S2,NDMI,-0.07271821634580837
2018-09-26,Oran,S2,NDMI,-0.003908478257455997
2018-09-26,TzM,S2,NDMI,-0.03893205434122012
2018-09-28,Oran,S2,NDMI,-0.21379443715818724
2018-09-28,Oran,S2,NDMI,-0.21026875301587186
2018-09-28,TzM,S2,NDMI,-0.02948026217469657
2018-10-01,Oran,S2,NDMI,-0.1799680044709997
2018-10-01,Oran,S2,NDMI,-0.17442142802273705
2018-10-01,TzM,S2,NDMI,-0.012799706682231373
2018-10-03,Oran,S2,NDMI,-0.21600254406079347
2018-10-03,Oran,S2,NDMI,-0.21305536108233955
2018-10-03,TzM,S2,NDMI,-0.02391026774772352
2018-10-06,Oran,S2,NDMI,-0.2253532653996846
2018-10-06,Oran,S2,NDMI,-0.2256561314990793
2018-10-06,TzM,S2,NDMI,-0.030735877874232036
2018-10-08,Oran,S2,NDMI,-0.2130233250608479
2018-10-08,Oran,S2,NDMI,-0.2141542445051677
2018-10-08,TzM,S2,NDMI,-0.03677554042636929
2018-10-13,Oran,S2,NDMI,-0.23444272558299065
2018-10-13,Oran,S2,NDMI,-0.23126489512796106
2018-10-13,TzM,S2,NDMI,-0.033417766873326156
2018-10-16,Oran,S2,NDMI,-0.22729141738127376
2018-10-16,TzM,S2,NDMI,-0.0300845837461768
2018-10-23,Oran,S2,NDMI,-0.21895008585084555
2018-10-23,TzM,S2,NDMI,-0.024101658282555054
2018-11-07,Oran,S2,NDMI,-0.20536707997879183
2018-12-05,Oran,S2,NDMI,-0.14653052818269802
2018-12-05,Oran,S2,NDMI,-0.14578492295219586
2018-12-05,TzM,S2,NDMI,0.01562077607174913
2018-12-07,Oran,S2,NDMI,-0.11814694725672639
2018-12-07,Oran,S2,NDMI,-0.11859625208842692
2018-12-07,TzM,S2,NDMI,0.021948868320269068
2018-12-10,Oran,S2,NDMI,-0.11172023353679975
2018-12-10,TzM,S2,NDMI,-0.021186112039216103
2018-12-12,Oran,S2,NDMI,-0.09931578148476213
2018-12-17,Oran,S2,NDMI,-0.05863271817668048
2018-12-17,Oran,S2,NDMI,-0.05946757306291276
2018-12-17,TzM,S2,NDMI,0.025903097619499646
2018-12-20,Oran,S2,NDMI,0.05213490202789836
2018-12-22,Oran,S2,NDMI,0.1298654898597012
2018-12-27,Oran,S2,NDMI,-0.019908506477482983
2018-12-27,Oran,S2,NDMI,-0.021630094395566672
2018-12-27,TzM,S2,NDMI,-0.05582702362002683
2018-12-30,Oran,S2,NDMI,0.006572089497954105
2018-12-30,Oran,S2,NDMI,0.0068366323287591384
2018-12-30,TzM,S2,NDMI,-0.05401993896740826
2019-01-01,Oran,S2,NDMI,-0.00766226495052934
2019-01-01,Oran,S2,NDMI,-0.0093197994393158
2019-01-01,TzM,S2,NDMI,-0.04681786687625111
2019-01-04,Oran,S2,NDMI,0.027559059783095856
2019-01-04,Oran,S2,NDMI,0.031753385112282276
2019-01-04,TzM,S2,NDMI,-0.03408660957531428
2019-01-06,Oran,S2,NDMI,-0.014006227530795574
2019-01-06,Oran,S2,NDMI,-0.015624905115994063
2019-01-06,TzM,S2,NDMI,-0.06123452759338811
2019-01-09,Oran,S2,NDMI,-0.037555301686250195
2019-01-09,Oran,S2,NDMI,-0.03815135488665991
2019-01-09,TzM,S2,NDMI,-0.07714619152163865
2019-01-11,Oran,S2,NDMI,-0.001626501269179009
2019-01-11,Oran,S2,NDMI,-0.0028313154640753923
2019-01-11,TzM,S2,NDMI,-0.05898440517837588
2019-01-14,Oran,S2,NDMI,-0.0446706547634772
2019-01-14,Oran,S2,NDMI,-0.04608844947612509
2019-01-14,TzM,S2,NDMI,-0.06804985731857063
2019-01-16,Oran,S2,NDMI,-0.013948723411536034
2019-01-16,Oran,S2,NDMI,-0.016470951159267277
2019-01-16,TzM,S2,NDMI,-0.09027538715387406
2019-01-19,Oran,S2,NDMI,-0.021900126422707892
2019-01-19,Oran,S2,NDMI,-0.019629373831389622
2019-01-19,TzM,S2,NDMI,-0.06333487191254951
2019-01-21,Oran,S2,NDMI,0.019974063264939185
2019-01-21,Oran,S2,NDMI,0.018627519046987565
2019-01-21,TzM,S2,NDMI,-0.12247511205751102
2019-01-26,Oran,S2,NDMI,0.015944447546232005
2019-01-26,Oran,S2,NDMI,0.014836851347287523
2019-01-26,TzM,S2,NDMI,-0.13821434965806303
2019-02-03,Oran,S2,NDMI,-0.03478906083644866
2019-02-03,Oran,S2,NDMI,-0.036729641297501
2019-02-03,TzM,S2,NDMI,-0.1503023236705334
2019-02-05,Oran,S2,NDMI,0.025227286904265876
2019-02-05,Oran,S2,NDMI,0.021845870765694726
2019-02-05,TzM,S2,NDMI,-0.1777041702946489
2019-02-08,Oran,S2,NDMI,0.047307372172342016
2019-02-08,Oran,S2,NDMI,0.04550593006939005
2019-02-08,TzM,S2,NDMI,-0.17288886871380535
2019-02-13,Oran,S2,NDMI,0.09207122706389873
2019-02-13,Oran,S2,NDMI,0.08658195164383672
2019-02-13,TzM,S2,NDMI,-0.16286389629374742
2019-02-18,Oran,S2,NDMI,0.07122360441267195
2019-02-18,TzM,S2,NDMI,-0.15757868727626437
2019-02-20,TzM,S2,NDMI,-0.15655943399996164
2019-02-20,Oran,S2,NDMI,0.11065966346054885
2019-02-20,Oran,S2,NDMI,0.10830513077163993
2019-02-23,Oran,S2,NDMI,0.11482989438684647
2019-02-23,Oran,S2,NDMI,0.10950564357126091
2019-02-23,TzM,S2,NDMI,-0.15401964170653848
2019-02-25,Oran,S2,NDMI,0.12194535130653611
2019-02-25,Oran,S2,NDMI,0.11764307278577524
2019-02-25,TzM,S2,NDMI,-0.15708142374544862
2019-02-28,Oran,S2,NDMI,0.10573874728830532
2019-02-28,Oran,S2,NDMI,0.1018901030030527
2019-02-28,TzM,S2,NDMI,-0.1681666891313076
2019-03-07,Oran,S2,NDMI,0.18757593207482845
2019-03-10,Oran,S2,NDMI,0.10631457283335034
2019-03-10,Oran,S2,NDMI,0.10256567822275572
2019-03-10,TzM,S2,NDMI,-0.16387829462285688
2019-03-12,Oran,S2,NDMI,0.12747194185414681
2019-03-12,Oran,S2,NDMI,0.1157343092028239
2019-03-12,TzM,S2,NDMI,-0.15654242817275385
2019-03-15,Oran,S2,NDMI,0.11889909792429736
2019-03-15,Oran,S2,NDMI,0.11539357861721013
2019-03-15,TzM,S2,NDMI,-0.14573548193410402
2019-03-17,Oran,S2,NDMI,0.10981634113609348
2019-03-17,Oran,S2,NDMI,0.10563006139247792
2019-03-17,TzM,S2,NDMI,-0.13346823229816668
2019-03-20,Oran,S2,NDMI,0.2767732961716837
2019-03-20,TzM,S2,NDMI,-0.13815546346731516
2019-03-22,Oran,S2,NDMI,0.06584169442748602
2019-03-22,Oran,S2,NDMI,0.05908578282777377
2019-03-22,TzM,S2,NDMI,-0.1312541071122939
2019-03-25,Oran,S2,NDMI,0.07521515778433074
2019-03-25,Oran,S2,NDMI,0.07271670626215106
2019-03-25,TzM,S2,NDMI,-0.1226868571146258
2019-03-27,Oran,S2,NDMI,0.08516535876229227
2019-03-27,Oran,S2,NDMI,0.08293008719543984
2019-03-27,TzM,S2,NDMI,-0.12027989233174712
2019-03-30,Oran,S2,NDMI,0.07859618285711775
2019-03-30,Oran,S2,NDMI,0.07728116983879581
2019-03-30,TzM,S2,NDMI,-0.1199867872566251
2019-04-04,Oran,S2,NDMI,0.0740169178868245
2019-04-04,Oran,S2,NDMI,0.07227994969616917
2019-04-04,TzM,S2,NDMI,-0.10553771874117952
2019-04-11,Oran,S2,NDMI,0.09042322928490751
2019-04-11,Oran,S2,NDMI,0.08964808779903695
2019-04-11,TzM,S2,NDMI,-0.10213043282515857
2019-04-14,Oran,S2,NDMI,0.043599788977041566
2019-04-16,Oran,S2,NDMI,0.051928005996777236
2019-04-16,Oran,S2,NDMI,0.05193678592801251
2019-04-16,TzM,S2,NDMI,-0.09771293651947574
2019-04-26,Oran,S2,NDMI,0.027436954040624337
2019-04-26,Oran,S2,NDMI,0.02803049203731971
2019-04-26,TzM,S2,NDMI,-0.02565712355265598
2019-04-29,Oran,S2,NDMI,-0.020185347525918447
2019-04-29,TzM,S2,NDMI,-0.05228141133699716
2019-05-01,Oran,S2,NDMI,-0.003057019493112285
2019-05-01,TzM,S2,NDMI,-0.062038998071688375
2019-05-04,Oran,S2,NDMI,-0.019050903411053588
2019-05-04,Oran,S2,NDMI,-0.008211566160393893
2019-05-04,TzM,S2,NDMI,-0.022866170833382573
2019-05-06,Oran,S2,NDMI,-0.0040503182482505215
2019-05-06,TzM,S2,NDMI,-0.033751823522599714
2019-05-11,Oran,S2,NDMI,-0.08491485560994391
2019-05-11,Oran,S2,NDMI,-0.08711058332240762
2019-05-11,TzM,S2,NDMI,-0.03382015425691006
2019-05-14,TzM,S2,NDMI,-0.014811651032101698
2019-05-14,Oran,S2,NDMI,-0.06932778418546102
2019-05-14,Oran,S2,NDMI,-0.06343779294938293
2019-05-16,Oran,S2,NDMI,-0.06701334312359118
2019-05-16,Oran,S2,NDMI,-0.06504480800150522
2019-05-16,TzM,S2,NDMI,-0.035328036679978796
2019-05-26,Oran,S2,NDMI,-0.13955012066180109
2019-05-26,Oran,S2,NDMI,-0.14118179731762454
2019-05-26,TzM,S2,NDMI,-0.010883687177244934
2019-05-29,Oran,S2,NDMI,-0.1487945754115062
2019-05-29,Oran,S2,NDMI,-0.14359993218539102
2019-05-29,TzM,S2,NDMI,-0.017862495882129906
2019-05-31,Oran,S2,NDMI,-0.12677910600897022
2019-05-31,Oran,S2,NDMI,-0.1199972194885765
2019-05-31,TzM,S2,NDMI,-0.019381453953962954
2019-06-03,Oran,S2,NDMI,-0.1017883524352778
2019-06-03,Oran,S2,NDMI,-0.0928861850348705
2019-06-03,TzM,S2,NDMI,-0.010484719178297673
2019-06-05,Oran,S2,NDMI,-0.13932014514317365
2019-06-05,TzM,S2,NDMI,-0.006515197663766339
2019-06-08,Oran,S2,NDMI,-0.17064725995218236
2019-06-08,Oran,S2,NDMI,-0.16264404888387368
2019-06-08,TzM,S2,NDMI,-0.036088476351379566
2019-06-10,Oran,S2,NDMI,-0.15739677610931965
2019-06-10,Oran,S2,NDMI,-0.15746522212463906
2019-06-10,TzM,S2,NDMI,-0.026567038605335984
2019-06-13,Oran,S2,NDMI,-0.1616407069394797
2019-06-15,TzM,S2,NDMI,-0.01938332640238034
2019-06-15,Oran,S2,NDMI,-0.1601572534643552
2019-06-15,Oran,S2,NDMI,-0.15650826839041507
2019-06-15,TzM,S2,NDMI,-0.019488109389400633
2019-06-18,Oran,S2,NDMI,-0.1835431898725559
2019-06-18,Oran,S2,NDMI,-0.18144133416855507
2019-06-18,TzM,S2,NDMI,-0.02840218038570315
2019-06-20,Oran,S2,NDMI,-0.17430998395375574
2019-06-20,Oran,S2,NDMI,-0.17016064793375746
2019-06-20,TzM,S2,NDMI,-0.038021602051119374
2019-06-23,Oran,S2,NDMI,-0.18363966316514244
2019-06-23,Oran,S2,NDMI,-0.18115083777045002
2019-06-23,TzM,S2,NDMI,-0.02707595579704564
2019-06-25,Oran,S2,NDMI,-0.12422501408383811
2019-06-25,Oran,S2,NDMI,-0.12548518835051015
2019-06-25,TzM,S2,NDMI,-0.03362890392812806
2019-06-28,Oran,S2,NDMI,-0.13115388326420835
2019-06-28,Oran,S2,NDMI,-0.13082626723725202
2019-06-28,TzM,S2,NDMI,-0.022148545094673452
2019-06-30,TzM,S2,NDMI,-0.012593691230103598
2019-06-30,Oran,S2,NDMI,-0.11945797638071748
2019-06-30,Oran,S2,NDMI,-0.11843493290627034
2019-06-30,TzM,S2,NDMI,-0.008268796004711254
2019-07-03,Oran,S2,NDMI,-0.13446649676828348
2019-07-03,Oran,S2,NDMI,-0.13355210668738948
2019-07-03,TzM,S2,NDMI,-0.022201338937158588
2019-07-05,Oran,S2,NDMI,-0.14402412152817629
2019-07-05,Oran,S2,NDMI,-0.14200364132750798
2019-07-05,TzM,S2,NDMI,-0.02636235116958817
2019-07-08,Oran,S2,NDMI,-0.05989506797816386
2019-07-08,TzM,S2,NDMI,0.03159723060443433
2019-07-10,Oran,S2,NDMI,-0.17458270746608862
2019-07-10,Oran,S2,NDMI,-0.16839504278976353
2019-07-10,TzM,S2,NDMI,-0.005521676842349035
2019-07-13,Oran,S2,NDMI,-0.041201905644875254
2019-07-13,Oran,S2,NDMI,-0.04654182280036845
2019-07-13,TzM,S2,NDMI,-0.021317534516454482
2019-07-15,Oran,S2,NDMI,-0.18166384501702304
2019-07-15,Oran,S2,NDMI,-0.18204234618287127
2019-07-15,TzM,S2,NDMI,-0.0290671595540436
2019-07-15,Oran,S2,NDMI,-0.18366524453298672
2019-07-15,Oran,S2,NDMI,-0.18217168177675785
2019-07-18,Oran,S2,NDMI,-0.18645944774619708
2019-07-18,Oran,S2,NDMI,-0.17924085511572097
2019-07-18,TzM,S2,NDMI,-0.0008563333224145418
2019-07-20,Oran,S2,NDMI,-0.1584159556669284
2019-07-20,Oran,S2,NDMI,-0.15198860715473425
2019-07-20,TzM,S2,NDMI,0.0035064846101680405
2019-07-23,Oran,S2,NDMI,-0.16527889107298063
2019-07-23,Oran,S2,NDMI,-0.1636008470671499
2019-07-23,TzM,S2,NDMI,0.0011853723142365466
2019-07-25,Oran,S2,NDMI,-0.16128443796995107
2019-07-25,Oran,S2,NDMI,-0.1565891155432534
2019-07-25,TzM,S2,NDMI,0.0023515810617659016
2019-07-28,Oran,S2,NDMI,-0.16036837240482696
2019-07-28,Oran,S2,NDMI,-0.1607326271186889
2019-07-28,TzM,S2,NDMI,0.02045213906817357
2019-07-30,Oran,S2,NDMI,-0.15182890955794762
2019-07-30,Oran,S2,NDMI,-0.14248484969552586
2019-07-30,TzM,S2,NDMI,0.0259074428056208
2019-08-02,Oran,S2,NDMI,-0.15183294081852997
2019-08-02,Oran,S2,NDMI,-0.147622886403657
2019-08-02,TzM,S2,NDMI,0.02860391420956098
2019-08-04,Oran,S2,NDMI,-0.14995218918942865
2019-08-04,Oran,S2,NDMI,-0.14527320132482607
2019-08-04,TzM,S2,NDMI,0.03820837378765092
2019-08-09,Oran,S2,NDMI,-0.13655747120406175
2019-08-09,Oran,S2,NDMI,-0.13308200144605595
2019-08-09,TzM,S2,NDMI,0.017287178077762706
2019-08-12,Oran,S2,NDMI,-0.08236927973077292
2019-08-12,TzM,S2,NDMI,0.04650967084369124
2019-08-14,TzM,S2,NDMI,0.01717975865153644
2019-08-14,Oran,S2,NDMI,-0.1459921516659697
2019-08-14,Oran,S2,NDMI,-0.14111297964495986
2019-08-17,Oran,S2,NDMI,-0.15270285572036954
2019-08-17,Oran,S2,NDMI,-0.15053841177401148
2019-08-17,TzM,S2,NDMI,0.005424629902338932
2019-08-19,Oran,S2,NDMI,-0.1343187424123005
2019-08-19,Oran,S2,NDMI,-0.13058489642992493
2019-08-19,TzM,S2,NDMI,0.014000472689533357
2019-08-22,Oran,S2,NDMI,-0.16797927572388363
2019-08-22,Oran,S2,NDMI,-0.15645834317727658
2019-08-22,TzM,S2,NDMI,0.02648291116246233
2019-08-24,Oran,S2,NDMI,-0.15325842397505107
2019-08-24,Oran,S2,NDMI,-0.14834404325631367
2019-08-24,TzM,S2,NDMI,0.00947551355007398
2019-08-27,Oran,S2,NDMI,-0.1384559916267859
2019-08-27,TzM,S2,NDMI,0.05530236896406003
2019-09-01,Oran,S2,NDMI,-0.19460424335857415
2019-09-01,Oran,S2,NDMI,-0.19516876817096923
2019-09-01,TzM,S2,NDMI,-0.00997466518261454
2019-09-03,Oran,S2,NDMI,-0.18629842069772132
2019-09-03,Oran,S2,NDMI,-0.18189396641319783
2019-09-03,TzM,S2,NDMI,-0.022952380006068036
2019-09-06,Oran,S2,NDMI,-0.1753344744536009
2019-09-06,Oran,S2,NDMI,-0.17564237586586495
2019-09-06,TzM,S2,NDMI,0.04003283249354764
2019-09-16,Oran,S2,NDMI,0.010858623705347464
2019-09-16,Oran,S2,NDMI,0.0028269149782733666
2019-09-16,TzM,S2,NDMI,0.00019532430661814586
2019-09-18,Oran,S2,NDMI,-0.16461212234305633
2019-09-18,Oran,S2,NDMI,-0.15866275014789244
2019-09-18,TzM,S2,NDMI,0.03394315981091488
2019-09-26,Oran,S2,NDMI,-0.1706781592319937
2019-09-26,Oran,S2,NDMI,-0.16946735875468333
2019-09-26,TzM,S2,NDMI,-0.06012446984470305
2019-09-28,Oran,S2,NDMI,-0.13369436987556504
2019-09-28,Oran,S2,NDMI,-0.1326035874564942
2019-09-28,TzM,S2,NDMI,-0.04627026559684027
2019-10-01,Oran,S2,NDMI,-0.14389741998591038
2019-10-01,Oran,S2,NDMI,-0.13707623245772085
2019-10-01,TzM,S2,NDMI,-0.038938836155174475
2019-10-03,Oran,S2,NDMI,-0.11688025130527441
2019-10-06,Oran,S2,NDMI,-0.14678504521579613
2019-10-06,Oran,S2,NDMI,-0.1468678935063849
2019-10-06,TzM,S2,NDMI,-0.0574693901270255
2019-10-08,Oran,S2,NDMI,-0.15072672775108234
2019-10-08,Oran,S2,NDMI,-0.14394928068500434
2019-10-08,TzM,S2,NDMI,-0.05920946825855472
2019-10-11,Oran,S2,NDMI,-0.09342876361853325
2019-10-13,Oran,S2,NDMI,-0.1610352923824187
2019-10-13,Oran,S2,NDMI,-0.16064466178194986
2019-10-13,TzM,S2,NDMI,-0.062167310900273165
2019-10-16,Oran,S2,NDMI,-0.1889889836758903
2019-10-16,Oran,S2,NDMI,-0.1857587779218801
2019-10-16,TzM,S2,NDMI,-0.055570398699552596
2019-10-21,Oran,S2,NDMI,-0.17392146675172074
2019-10-21,Oran,S2,NDMI,-0.17581925685762173
2019-10-21,TzM,S2,NDMI,-0.034096368011701794
2019-10-26,Oran,S2,NDMI,-0.18189222015327675
2019-10-26,Oran,S2,NDMI,-0.17911496462693535
2019-10-26,TzM,S2,NDMI,-0.014318437341859117
2019-11-10,Oran,S2,NDMI,-0.11382701556380234
2019-11-10,Oran,S2,NDMI,-0.11330134081399956
2019-11-10,TzM,S2,NDMI,-0.04086057532380033
2019-11-12,Oran,S2,NDMI,-0.1357292444216292
2019-11-12,Oran,S2,NDMI,-0.13586184316733851
2019-11-12,TzM,S2,NDMI,-0.06797509978214972
2019-11-17,Oran,S2,NDMI,-0.18790278436295726
2019-11-17,TzM,S2,NDMI,-0.04167061753014581
2019-11-20,Oran,S2,NDMI,-0.1345717448024694
2019-11-20,TzM,S2,NDMI,-0.0006673294310107666
2019-11-30,Oran,S2,NDMI,-0.21473318717849335
2019-11-30,Oran,S2,NDMI,-0.22027661175412483
2019-11-30,TzM,S2,NDMI,-0.09257457938336777
2019-12-07,Oran,S2,NDMI,-0.05960225158329432
2019-12-10,Oran,S2,NDMI,-0.21186166549844168
2019-12-10,Oran,S2,NDMI,-0.21210237076843422
2019-12-10,TzM,S2,NDMI,0.03809293521638089
2019-12-15,Oran,S2,NDMI,-0.24951001472337167
2019-12-22,Oran,S2,NDMI,-0.24075898297217346
2019-12-22,Oran,S2,NDMI,-0.2512633167783704
2019-12-22,TzM,S2,NDMI,-0.051601699758824546
2019-12-25,Oran,S2,NDMI,-0.2092884151073335
2019-12-25,Oran,S2,NDMI,-0.20888934140946575
2019-12-25,TzM,S2,NDMI,-0.0663515773776453
2019-12-30,Oran,S2,NDMI,-0.08884365484576372
2020-01-01,Oran,S2,NDMI,-0.17723778941114923
2020-01-01,Oran,S2,NDMI,-0.1764248434141238
2020-01-01,TzM,S2,NDMI,-0.015614914155373963
2020-01-04,Oran,S2,NDMI,-0.18233297688899602
2020-01-04,Oran,S2,NDMI,-0.18141912196064358
2020-01-04,TzM,S2,NDMI,-0.06202211857819682
2020-01-06,Oran,S2,NDMI,-0.20017732453235354
2020-01-06,Oran,S2,NDMI,-0.1976275997032619
2020-01-06,TzM,S2,NDMI,-0.0923484825768815
2020-01-09,Oran,S2,NDMI,-0.22698018008639265
2020-01-09,Oran,S2,NDMI,-0.23208348447074942
2020-01-09,TzM,S2,NDMI,0.047261163583194835
2020-01-11,Oran,S2,NDMI,-0.2112834860688376
2020-01-11,Oran,S2,NDMI,-0.21083692899688164
2020-01-11,TzM,S2,NDMI,-0.11117370140005513
2020-01-14,Oran,S2,NDMI,-0.20944177238559353
2020-01-14,Oran,S2,NDMI,-0.20841520085771226
2020-01-14,TzM,S2,NDMI,-0.10320002621453024
2020-01-16,Oran,S2,NDMI,-0.21695393855250947
2020-01-16,Oran,S2,NDMI,-0.2123575486508377
2020-01-16,TzM,S2,NDMI,-0.11994964048752967
2020-02-03,Oran,S2,NDMI,-0.161478487095728
2020-02-05,Oran,S2,NDMI,-0.1450657255208443
2020-02-05,TzM,S2,NDMI,-0.10339764980882554
2020-02-10,Oran,S2,NDMI,-0.14178726423495258
2020-02-10,Oran,S2,NDMI,-0.13959883375897755
2020-02-10,TzM,S2,NDMI,-0.12074228404101534
2020-02-15,Oran,S2,NDMI,-0.07448863657218444
2020-02-15,Oran,S2,NDMI,-0.06966166363964486
2020-02-15,TzM,S2,NDMI,-0.09278546081320352
2020-02-20,Oran,S2,NDMI,-0.012686531137719847
2020-02-20,Oran,S2,NDMI,-0.011955380174083737
2020-02-20,TzM,S2,NDMI,-0.006995941659308226
2020-02-23,Oran,S2,NDMI,-0.006859880314336413
2020-02-23,Oran,S2,NDMI,-0.005955704647877973
2020-02-23,TzM,S2,NDMI,-0.07754797184306064
2020-03-11,Oran,S2,NDMI,-0.02129319074520403
2020-03-11,Oran,S2,NDMI,-0.017296032853142334
2020-03-11,TzM,S2,NDMI,-0.06836132493114583
2020-03-14,Oran,S2,NDMI,-0.008845385201220201
2020-03-14,TzM,S2,NDMI,-0.055716422073270176
2020-03-26,Oran,S2,NDMI,0.02771610382195276
2020-03-26,Oran,S2,NDMI,0.029225023958426754
2020-03-26,TzM,S2,NDMI,0.06947081950706138
2020-03-29,Oran,S2,NDMI,0.019765729493033464
2020-03-29,Oran,S2,NDMI,0.021194723555362647
2020-03-29,TzM,S2,NDMI,0.08125829538970222
2020-04-03,Oran,S2,NDMI,0.06276651872307151
2020-04-03,TzM,S2,NDMI,0.07708631730508832
2020-04-05,Oran,S2,NDMI,0.07590544608307216
2020-04-05,Oran,S2,NDMI,0.07982390958815354
2020-04-05,TzM,S2,NDMI,0.01744208347940266
2020-04-08,Oran,S2,NDMI,0.0915619709470694
2020-04-08,TzM,S2,NDMI,0.02117306456200761
2020-05-03,Oran,S2,NDMI,0.2304340533412133
2020-05-03,Oran,S2,NDMI,0.23205761358622481
2020-05-03,TzM,S2,NDMI,0.057929970804714896
2020-05-08,Oran,S2,NDMI,0.23342427700249052
2020-05-08,Oran,S2,NDMI,0.23369880493544384
2020-05-08,TzM,S2,NDMI,0.07048821746256607
2020-05-10,Oran,S2,NDMI,0.28645365951449503
2020-05-18,Oran,S2,NDMI,0.18887712432693596
2020-05-18,Oran,S2,NDMI,0.18725453695582053
2020-05-18,TzM,S2,NDMI,0.049842991307464446
2020-05-20,Oran,S2,NDMI,0.1592209357822114
2020-05-20,Oran,S2,NDMI,0.1597502232568562
2020-05-20,TzM,S2,NDMI,-0.001502735883685369
2020-05-23,Oran,S2,NDMI,0.09863690057097847
2020-05-23,Oran,S2,NDMI,0.09920777651631334
2020-05-23,TzM,S2,NDMI,0.02485332262378363
2020-05-28,Oran,S2,NDMI,0.07565870086531289
2020-05-28,Oran,S2,NDMI,0.07782073250931115
2020-05-28,TzM,S2,NDMI,0.004641434923360048
2020-05-30,Oran,S2,NDMI,0.07117518272160779
2020-05-30,Oran,S2,NDMI,0.07322676708009339
2020-05-30,TzM,S2,NDMI,0.0009085266842407751
2020-06-09,Oran,S2,NDMI,-0.043561607179644406
2020-06-09,Oran,S2,NDMI,-0.04326383225925413
2020-06-09,TzM,S2,NDMI,-0.01346810958288635
2020-06-09,Oran,S2,NDMI,-0.04338628164083739
2020-06-12,Oran,S2,NDMI,-0.051326117782331114
2020-06-12,TzM,S2,NDMI,0.00013412736691479756
2020-06-14,Oran,S2,NDMI,-0.07695993039933634
2020-06-14,Oran,S2,NDMI,-0.0768160538185238
2020-06-14,TzM,S2,NDMI,-0.002240613797652875
2020-06-17,Oran,S2,NDMI,0.12186452363696373
2020-06-17,Oran,S2,NDMI,0.120882929793301
2020-06-17,TzM,S2,NDMI,0.07869942791536397
2020-06-19,Oran,S2,NDMI,-0.08470175602977233
2020-06-19,Oran,S2,NDMI,-0.08357809439354469
2020-06-19,TzM,S2,NDMI,-0.0132032029623236
2020-06-22,Oran,S2,NDMI,-0.10482943356190647
2020-06-22,Oran,S2,NDMI,-0.10104291369156151
2020-06-22,TzM,S2,NDMI,-0.00800778786249851
2020-06-27,Oran,S2,NDMI,-0.07793906856597252
2020-06-27,TzM,S2,NDMI,0.011899916579894927
2020-06-29,Oran,S2,NDMI,-0.10051487360252792
2020-06-29,Oran,S2,NDMI,-0.09653789548596042
2020-06-29,TzM,S2,NDMI,0.004906208513212029
2020-07-02,Oran,S2,NDMI,-0.09960617303961578
2020-07-02,Oran,S2,NDMI,-0.09680701152441577
2020-07-02,TzM,S2,NDMI,0.0015565134832154753
2020-07-04,Oran,S2,NDMI,-0.03280674402687155
2020-07-04,Oran,S2,NDMI,-0.03414678281249765
2020-07-04,TzM,S2,NDMI,0.0011862895021338472
2020-07-07,Oran,S2,NDMI,-0.04898366629606494
2020-07-07,Oran,S2,NDMI,-0.04975608073071751
2020-07-07,TzM,S2,NDMI,-0.008935361466797964
2020-07-09,Oran,S2,NDMI,-0.0625477499655838
2020-07-17,Oran,S2,NDMI,-0.10839666709585807
2020-07-17,Oran,S2,NDMI,-0.11511198091494566
2020-07-17,TzM,S2,NDMI,-0.03738793629400713
2020-07-19,Oran,S2,NDMI,-0.09314068998959717
2020-07-19,Oran,S2,NDMI,-0.09830087886535474
2020-07-19,TzM,S2,NDMI,-0.021735696025953943
2020-07-22,Oran,S2,NDMI,-0.12966581226762397
2020-07-22,Oran,S2,NDMI,-0.13436242520266212
2020-07-22,TzM,S2,NDMI,-0.02878190233558811
2020-07-24,Oran,S2,NDMI,-0.12936188982098468
2020-07-24,Oran,S2,NDMI,-0.1293287834254193
2020-07-24,TzM,S2,NDMI,-0.03175120696019686
2020-07-27,Oran,S2,NDMI,-0.1083653406153383
2020-07-27,TzM,S2,NDMI,-0.021251114494855325
2020-07-29,Oran,S2,NDMI,-0.11220642347088607
2020-07-29,Oran,S2,NDMI,-0.1174475340944632
2020-07-29,TzM,S2,NDMI,-0.022890872078797354
2020-08-01,Oran,S2,NDMI,-0.11742223070917689
2020-08-01,Oran,S2,NDMI,-0.11857361782954065
2020-08-01,TzM,S2,NDMI,-0.01975205759614493
2020-08-03,Oran,S2,NDMI,-0.11470162150747018
2020-08-03,TzM,S2,NDMI,-0.028349474252612198
2020-08-06,Oran,S2,NDMI,-0.11684232452779755
2020-08-06,Oran,S2,NDMI,-0.12316784874658535
2020-08-06,TzM,S2,NDMI,-0.03869402909169509
2020-08-08,Oran,S2,NDMI,-0.1158725912427589
2020-08-08,Oran,S2,NDMI,-0.1255201645674149
2020-08-08,TzM,S2,NDMI,-0.02998691298351486
2020-08-13,Oran,S2,NDMI,-0.14012099773494427
2020-08-13,Oran,S2,NDMI,-0.14395809401318863
2020-08-13,TzM,S2,NDMI,-0.020865406127525746
2020-08-16,Oran,S2,NDMI,-0.14220599187638988
2020-08-16,Oran,S2,NDMI,-0.1440212070937582
2020-08-16,TzM,S2,NDMI,-0.029982467278183017
2020-08-18,Oran,S2,NDMI,-0.14137832174568166
2020-08-21,Oran,S2,NDMI,-0.13065472139262232
2020-08-21,Oran,S2,NDMI,-0.13451390639972344
2020-08-21,TzM,S2,NDMI,-0.036732567684349564
2020-08-23,Oran,S2,NDMI,-0.13160306532332355
2020-08-23,Oran,S2,NDMI,-0.13246165348512753
2020-08-23,TzM,S2,NDMI,-0.04573274812027757
2020-08-26,Oran,S2,NDMI,-0.1587391429112333
2020-08-26,Oran,S2,NDMI,-0.16145168094279128
2020-08-26,TzM,S2,NDMI,-0.04993146637659835
2020-08-28,Oran,S2,NDMI,-0.15392582610346656
2020-08-28,Oran,S2,NDMI,-0.15665919753735255
2020-08-28,TzM,S2,NDMI,-0.05233579091529226
2020-08-31,Oran,S2,NDMI,-0.12723179880296295
2020-08-31,Oran,S2,NDMI,-0.1304975436550983
2020-08-31,TzM,S2,NDMI,-0.02542374500676602
2020-09-02,Oran,S2,NDMI,-0.13482799956643118
2020-09-02,Oran,S2,NDMI,-0.1337928049973143
2020-09-02,TzM,S2,NDMI,-0.044251110899182544
2020-09-05,Oran,S2,NDMI,-0.15827021727954865
2020-09-05,Oran,S2,NDMI,-0.16064032984827337
2020-09-05,TzM,S2,NDMI,-0.0367393911436757
2020-09-07,Oran,S2,NDMI,-0.1188755792822002
2020-09-07,Oran,S2,NDMI,-0.11049490695619481
2020-09-07,TzM,S2,NDMI,-0.039538788106076674
2020-09-10,Oran,S2,NDMI,-0.1676553067473002
2020-09-10,Oran,S2,NDMI,-0.16710405402981676
2020-09-10,TzM,S2,NDMI,-0.04641950040964323
2020-09-12,Oran,S2,NDMI,-0.1615978282266555
2020-09-12,Oran,S2,NDMI,-0.16314485614445057
2020-09-12,TzM,S2,NDMI,-0.040137361825510955
2020-09-15,Oran,S2,NDMI,-0.14621868399000498
2020-09-15,Oran,S2,NDMI,-0.15146532898012544
2020-09-15,TzM,S2,NDMI,-0.04988095613550431
2020-09-22,Oran,S2,NDMI,-0.22574101412581554
2020-09-25,Oran,S2,NDMI,-0.21198301043542828
2020-09-25,Oran,S2,NDMI,-0.21207950540568837
2020-09-25,TzM,S2,NDMI,-0.04117631873159514
2020-09-27,Oran,S2,NDMI,-0.20740841683659048
2020-09-27,Oran,S2,NDMI,-0.2069562043491305
2020-09-27,TzM,S2,NDMI,-0.0295863922776349
2020-10-07,Oran,S2,NDMI,-0.21597154663193102
2020-10-07,Oran,S2,NDMI,-0.2155909556350731
2020-10-07,TzM,S2,NDMI,-0.058998629711182526
2020-10-10,Oran,S2,NDMI,-0.247822467483264
2020-10-10,Oran,S2,NDMI,-0.24687190402598821
2020-10-10,TzM,S2,NDMI,-0.07805341124023436
2020-10-12,Oran,S2,NDMI,-0.21559764789614216
2020-10-12,Oran,S2,NDMI,-0.2147981066491313
2020-10-12,TzM,S2,NDMI,-0.04886806609597742
2020-10-15,Oran,S2,NDMI,-0.22210457015686266
2020-10-15,Oran,S2,NDMI,-0.22180732964037855
2020-10-15,TzM,S2,NDMI,-0.05180819034413985
2020-10-17,Oran,S2,NDMI,-0.21189408779784494
2020-10-17,Oran,S2,NDMI,-0.2117013970659747
2020-10-17,TzM,S2,NDMI,-0.05328194811201438
2020-10-25,Oran,S2,NDMI,-0.20578866871677115
2020-10-27,Oran,S2,NDMI,-0.26009289026061755
2020-10-27,Oran,S2,NDMI,-0.2584852553066593
2020-10-27,TzM,S2,NDMI,-0.06675688791391571
2020-10-30,Oran,S2,NDMI,-0.257160378180312
2020-10-30,Oran,S2,NDMI,-0.2571067535971352
2020-10-30,TzM,S2,NDMI,-0.07050159773785357
2020-11-01,Oran,S2,NDMI,-0.26216841932415713
2020-11-01,Oran,S2,NDMI,-0.25927252429692504
2020-11-01,TzM,S2,NDMI,-0.06585575629864553
2020-11-09,Oran,S2,NDMI,-0.2894375540145643
2020-11-11,Oran,S2,NDMI,-0.2693551734533342
2020-11-11,Oran,S2,NDMI,-0.2691240988893316
2020-11-11,TzM,S2,NDMI,-0.02074869976865002
2020-11-19,Oran,S2,NDMI,-0.3013047544510711
2020-11-19,Oran,S2,NDMI,-0.298790721801266
2020-11-19,TzM,S2,NDMI,-0.09539042805180185
2020-11-21,Oran,S2,NDMI,-0.2565129164873171
2020-11-21,Oran,S2,NDMI,-0.25355625207875115
2020-11-21,TzM,S2,NDMI,-0.06670634468890081
2020-11-29,Oran,S2,NDMI,-0.2803577528629054
2020-11-29,TzM,S2,NDMI,-0.020698731213989886
2020-12-01,Oran,S2,NDMI,-0.2749707647499788
2020-12-01,Oran,S2,NDMI,-0.27416403038714177
2020-12-01,TzM,S2,NDMI,-0.004767467357652322
2020-12-06,Oran,S2,NDMI,0.07755401846699382
2020-12-06,Oran,S2,NDMI,0.07390614239225567
2020-12-06,TzM,S2,NDMI,0.015510557566017479
2020-12-09,Oran,S2,NDMI,-0.28713688466268183
2020-12-09,Oran,S2,NDMI,-0.2866251344842825
2020-12-09,TzM,S2,NDMI,-0.014152791043633211
2020-12-16,Oran,S2,NDMI,-0.2734222496806947
2020-12-16,Oran,S2,NDMI,-0.2736990366340196
2020-12-16,TzM,S2,NDMI,-0.041136745148826134
2020-12-19,Oran,S2,NDMI,-0.23507290169090064
2020-12-21,Oran,S2,NDMI,-0.05407202945556225
2020-12-21,Oran,S2,NDMI,-0.05515910538552133
2020-12-21,TzM,S2,NDMI,-0.08340937673877864
2020-12-24,Oran,S2,NDMI,-0.2998410953944008
2020-12-26,Oran,S2,NDMI,-0.2751055782712636
2020-12-26,Oran,S2,NDMI,-0.2748324556845517
2020-12-26,TzM,S2,NDMI,-0.06863946870083759
2020-12-31,Oran,S2,NDMI,-0.2753320075732096
2020-12-31,Oran,S2,NDMI,-0.2741739196277797
2020-12-31,TzM,S2,NDMI,-0.07106720267387127
2021-01-03,Oran,S2,NDMI,-0.2917317370901427
2021-01-03,Oran,S2,NDMI,-0.2867486846034028
2021-01-03,TzM,S2,NDMI,-0.07786593353641284
2021-01-05,Oran,S2,NDMI,-0.2689514455504287
2021-01-13,Oran,S2,NDMI,0.8978838337659432
2021-01-13,Oran,S2,NDMI,0.8940346694392558
2021-01-13,TzM,S2,NDMI,0.904072452544267
2021-01-15,Oran,S2,NDMI,0.9063563066981096
2021-01-15,Oran,S2,NDMI,0.9093210018491489
2021-01-15,TzM,S2,NDMI,0.8923523393408836
2021-01-18,Oran,S2,NDMI,0.6225118069325956
2021-01-18,Oran,S2,NDMI,0.6249045266023299
2021-01-18,TzM,S2,NDMI,0.9243934320580501
2021-01-28,Oran,S2,NDMI,-0.20766247787364206
2021-02-02,Oran,S2,NDMI,-0.2755639473923959
2021-02-04,Oran,S2,NDMI,-0.24409901715752577
2021-02-12,Oran,S2,NDMI,-0.25773639463830483
2021-02-12,Oran,S2,NDMI,-0.25772632223824665
2021-02-12,TzM,S2,NDMI,-0.05385682907475997
2021-02-14,Oran,S2,NDMI,-0.25673061119163304
2021-02-14,Oran,S2,NDMI,-0.2547441260030092
2021-02-14,TzM,S2,NDMI,-0.0923625727974715
2021-02-19,Oran,S2,NDMI,-0.236929415690877
2021-02-19,Oran,S2,NDMI,-0.2336561977355653
2021-02-19,TzM,S2,NDMI,-0.07425238205217566
2021-02-27,Oran,S2,NDMI,-0.21610347019272325
2021-02-27,TzM,S2,NDMI,-0.05918839026892522
2021-03-04,Oran,S2,NDMI,-0.0711486787340873
2021-03-11,Oran,S2,NDMI,-0.23186562175013303
2021-03-11,Oran,S2,NDMI,-0.22895199238119365
2021-03-11,TzM,S2,NDMI,-0.03328740061006532
2021-03-14,Oran,S2,NDMI,-0.21733766891609496
2021-03-14,Oran,S2,NDMI,-0.21961104067062617
2021-03-14,TzM,S2,NDMI,-0.04306273146646277
2021-03-16,Oran,S2,NDMI,-0.21029699498759033
2021-03-16,Oran,S2,NDMI,-0.20437301098210994
2021-03-16,TzM,S2,NDMI,-0.03849306081266884
2021-03-21,Oran,S2,NDMI,-0.2031971030864382
2021-03-21,Oran,S2,NDMI,-0.18816608223189216
2021-03-21,TzM,S2,NDMI,-0.015082467539466324
2021-03-24,Oran,S2,NDMI,-0.20078983268063472
2021-03-24,Oran,S2,NDMI,-0.19496565451380218
2021-03-24,TzM,S2,NDMI,-0.016346753472583662
2021-03-26,Oran,S2,NDMI,-0.17178140845914172
2021-03-26,Oran,S2,NDMI,-0.170303141348726
2021-03-26,TzM,S2,NDMI,-0.016815092661856944
2021-03-31,Oran,S2,NDMI,-0.053728112426425494
2021-03-31,Oran,S2,NDMI,-0.04695645480971899
2021-03-31,TzM,S2,NDMI,0.009731164259801367
2021-04-05,Oran,S2,NDMI,-0.07808106594341575
2021-04-05,Oran,S2,NDMI,-0.0785842762993465
2021-04-05,TzM,S2,NDMI,0.01449250270224378
2021-04-18,Oran,S2,NDMI,0.013773635547729634
2021-04-18,Oran,S2,NDMI,0.015374137586717707
2021-04-18,TzM,S2,NDMI,0.05575029107836157
2021-05-05,Oran,S2,NDMI,0.2887123819577376
2021-05-05,TzM,S2,NDMI,0.06702715179181122
2021-05-08,Oran,S2,NDMI,0.3675836647910329
2021-05-13,Oran,S2,NDMI,0.3983634056919552
2021-05-13,Oran,S2,NDMI,0.3966278389281841
2021-05-13,TzM,S2,NDMI,0.07044453348740892
2021-05-18,Oran,S2,NDMI,0.32919575695348186
2021-05-18,Oran,S2,NDMI,0.32633029203404823
2021-05-18,TzM,S2,NDMI,0.06659855748869847
2021-05-20,Oran,S2,NDMI,0.29539081596832495
2021-05-20,Oran,S2,NDMI,0.2950951116798153
2021-05-20,TzM,S2,NDMI,0.06765403924711123
2021-05-30,Oran,S2,NDMI,0.17638020291743212
2021-05-30,TzM,S2,NDMI,0.020646509176554164
2021-06-02,Oran,S2,NDMI,0.15547035654507477
2021-06-02,Oran,S2,NDMI,0.1592031542522456
2021-06-02,TzM,S2,NDMI,0.05393496133612653
2021-06-07,Oran,S2,NDMI,-0.06448483025435135
2021-06-07,Oran,S2,NDMI,-0.06544819112905677
2021-06-07,TzM,S2,NDMI,0.049248668955049264
2021-06-09,Oran,S2,NDMI,-0.1085899848305292
2021-06-09,Oran,S2,NDMI,-0.11041861433325934
2021-06-09,TzM,S2,NDMI,0.00546842432969928
2021-06-12,Oran,S2,NDMI,-0.13941220225430706
2021-06-12,Oran,S2,NDMI,-0.13815344947670663
2021-06-12,TzM,S2,NDMI,0.005388465305329001
2021-06-14,Oran,S2,NDMI,-0.13340636043712756
2021-06-14,Oran,S2,NDMI,-0.13213215029573458
2021-06-14,TzM,S2,NDMI,-0.014738922422934222
2021-06-24,Oran,S2,NDMI,-0.19923423370680324
2021-06-24,Oran,S2,NDMI,-0.19961736704550667
2021-06-24,TzM,S2,NDMI,-0.020691802851789818
2021-06-27,Oran,S2,NDMI,-0.20565426401389403
2021-06-27,Oran,S2,NDMI,-0.20548885587059684
2021-06-27,TzM,S2,NDMI,0.0004914239651734372
2021-06-29,Oran,S2,NDMI,-0.18075982669684193
2021-06-29,Oran,S2,NDMI,-0.17636018729911024
2021-06-29,TzM,S2,NDMI,0.012421510184090124
2021-07-02,Oran,S2,NDMI,-0.20706188377961202
2021-07-02,Oran,S2,NDMI,-0.20175095804200327
2021-07-02,TzM,S2,NDMI,-0.013176725278449384
2021-07-04,Oran,S2,NDMI,-0.2107328479329784
2021-07-04,Oran,S2,NDMI,-0.20990203127427734
2021-07-04,TzM,S2,NDMI,-0.02146535359338625
2021-07-07,Oran,S2,NDMI,-0.026304070237754038
2021-07-07,TzM,S2,NDMI,-0.009632931067506552
2021-07-09,Oran,S2,NDMI,-0.18863117411236643
2021-07-09,Oran,S2,NDMI,-0.1838839567578148
2021-07-09,TzM,S2,NDMI,-0.01326365854800471
2021-07-12,Oran,S2,NDMI,-0.17985690568998594
2021-07-12,Oran,S2,NDMI,-0.185811946431931
2021-07-12,TzM,S2,NDMI,-0.005225433159779076
2021-07-14,Oran,S2,NDMI,-0.1840409764839336
2021-07-14,Oran,S2,NDMI,-0.1843365074915043
2021-07-14,TzM,S2,NDMI,0.0071340564608468725
2021-07-17,Oran,S2,NDMI,-0.18896154467141996
2021-07-17,Oran,S2,NDMI,-0.18845431974725374
2021-07-17,TzM,S2,NDMI,-0.0008677175512873806
2021-07-19,Oran,S2,NDMI,-0.1949553865634345
2021-07-19,Oran,S2,NDMI,-0.1887325959539572
2021-07-19,TzM,S2,NDMI,0.009448623735945155
2021-07-22,Oran,S2,NDMI,-0.176863591044805
2021-07-22,Oran,S2,NDMI,-0.1766267085795785
2021-07-22,TzM,S2,NDMI,0.0032494577498506034
2021-07-24,Oran,S2,NDMI,-0.1638033093740691
2021-07-24,Oran,S2,NDMI,-0.16296076067598764
2021-07-24,TzM,S2,NDMI,0.012436024255920658
2021-07-27,Oran,S2,NDMI,-0.18772873980761823
2021-07-27,Oran,S2,NDMI,-0.1872963254157785
2021-07-27,TzM,S2,NDMI,-0.00896330886424565
2021-07-29,Oran,S2,NDMI,-0.1686071895596261
2021-07-29,Oran,S2,NDMI,-0.16916666188728985
2021-07-29,TzM,S2,NDMI,-0.0017455983274003123
2021-08-01,Oran,S2,NDMI,-0.1774048062596383
2021-08-01,Oran,S2,NDMI,-0.17655690919956915
2021-08-01,TzM,S2,NDMI,0.027192582848829687
2021-08-06,Oran,S2,NDMI,-0.18883872296343815
2021-08-06,Oran,S2,NDMI,-0.18891733130452618
2021-08-06,TzM,S2,NDMI,0.000645978132003907
2021-08-08,Oran,S2,NDMI,-0.18262577115886985
2021-08-08,Oran,S2,NDMI,-0.1825706666381631
2021-08-08,TzM,S2,NDMI,0.024065533752028898
2021-08-13,Oran,S2,NDMI,-0.16433171217300505
2021-08-13,Oran,S2,NDMI,-0.16416833891451596
2021-08-13,TzM,S2,NDMI,0.0053601133134519065
2021-08-16,Oran,S2,NDMI,-0.17623346310368893
2021-08-16,Oran,S2,NDMI,-0.17710836336693517
2021-08-16,TzM,S2,NDMI,0.021284886312654062
2021-08-18,Oran,S2,NDMI,-0.17594160604048623
2021-08-18,Oran,S2,NDMI,-0.17095174046783662
2021-08-18,TzM,S2,NDMI,0.027496296147087165
2021-08-21,Oran,S2,NDMI,-0.13962815343746526
2021-08-21,Oran,S2,NDMI,-0.13430744226863064
2021-08-21,TzM,S2,NDMI,0.02483149872870206
2021-08-23,Oran,S2,NDMI,-0.10177262163989725
2021-08-23,Oran,S2,NDMI,-0.09643254330524374
2021-08-23,TzM,S2,NDMI,0.011478328843225123
2021-08-26,Oran,S2,NDMI,-0.19119865177324166
2021-08-26,Oran,S2,NDMI,-0.19128421212495783
2021-08-26,TzM,S2,NDMI,0.009365301683066955
2021-08-28,Oran,S2,NDMI,-0.1778562075641551
2021-08-28,Oran,S2,NDMI,-0.1718108783583754
2021-08-28,TzM,S2,NDMI,0.02614811978255172
2021-08-31,Oran,S2,NDMI,-0.19362571838478085
2021-08-31,Oran,S2,NDMI,-0.19931652728336754
2021-08-31,TzM,S2,NDMI,0.0029884480002543494
2021-09-02,Oran,S2,NDMI,0.49053073957833926
2021-09-02,TzM,S2,NDMI,0.09597154855415857
2021-09-05,Oran,S2,NDMI,-0.20337538734406974
2021-09-05,Oran,S2,NDMI,-0.20340108941145188
2021-09-05,TzM,S2,NDMI,0.009807233203453836
2021-09-07,Oran,S2,NDMI,-0.1312992238023295
2021-09-10,Oran,S2,NDMI,-0.18178393357359823
2021-09-10,Oran,S2,NDMI,-0.18126254865340372
2021-09-10,TzM,S2,NDMI,0.030255634349678998
2021-09-12,Oran,S2,NDMI,-0.179941287046172
2021-09-12,Oran,S2,NDMI,-0.18067641205891496
2021-09-12,TzM,S2,NDMI,0.013192110883751875
2021-09-17,Oran,S2,NDMI,-0.18793514043579324
2021-09-17,TzM,S2,NDMI,0.028439553953570743
2021-09-20,Oran,S2,NDMI,-0.19039829015098095
2021-09-20,Oran,S2,NDMI,-0.19068960554026282
2021-09-20,TzM,S2,NDMI,0.04580034437629665
2021-09-22,Oran,S2,NDMI,0.027237351467225866
2021-09-22,TzM,S2,NDMI,0.03771351892729205
2021-09-27,Oran,S2,NDMI,-0.1604683531145731
2021-09-27,Oran,S2,NDMI,-0.16137086993705524
2021-09-27,TzM,S2,NDMI,0.05966758921456479
2021-09-30,Oran,S2,NDMI,-0.1708199985397475
2021-09-30,Oran,S2,NDMI,-0.17097170135737502
2021-09-30,TzM,S2,NDMI,0.04180383151985472
2021-10-02,Oran,S2,NDMI,-0.19006027860776384
2021-10-02,Oran,S2,NDMI,-0.19003873885468245
2021-10-02,TzM,S2,NDMI,0.01826588231647481
2021-10-05,Oran,S2,NDMI,-0.21110850367580444
2021-10-05,Oran,S2,NDMI,-0.21026323525453583
2021-10-05,TzM,S2,NDMI,-0.014382093277498583
2021-10-07,Oran,S2,NDMI,-0.19762127410520144
2021-10-07,Oran,S2,NDMI,-0.1913003970680519
2021-10-07,TzM,S2,NDMI,0.009022963535713757
2021-10-12,Oran,S2,NDMI,-0.21470115585313362
2021-10-12,Oran,S2,NDMI,-0.2145556696626726
2021-10-12,TzM,S2,NDMI,-0.04024749720523002
2021-10-15,Oran,S2,NDMI,-0.2381243724021484
2021-10-15,Oran,S2,NDMI,-0.23650078802361651
2021-10-15,TzM,S2,NDMI,-0.021344779396872304
2021-10-20,Oran,S2,NDMI,-0.263012436044673
2021-10-20,Oran,S2,NDMI,-0.26155580969626063
2021-10-20,TzM,S2,NDMI,-0.033950492324034263
2021-11-04,Oran,S2,NDMI,-0.004651704670098591
2021-11-04,TzM,S2,NDMI,0.013181968908574293
2021-11-06,Oran,S2,NDMI,-0.18509243241540702
2021-11-06,TzM,S2,NDMI,-0.012118659772634433
2021-11-09,Oran,S2,NDMI,-0.25657661393770415
2021-11-09,Oran,S2,NDMI,-0.25104468434813326
2021-11-09,TzM,S2,NDMI,-0.0510085236858351
2021-11-11,Oran,S2,NDMI,-0.2631454557780275
2021-11-11,Oran,S2,NDMI,-0.2586658491469865
2021-11-11,TzM,S2,NDMI,-0.08618658379035149
2021-11-14,Oran,S2,NDMI,-0.2608285724125849
2021-11-14,Oran,S2,NDMI,-0.2589531473388102
2021-11-14,TzM,S2,NDMI,-0.08773338486648506
2021-11-16,Oran,S2,NDMI,-0.23994890699762927
2021-11-16,Oran,S2,NDMI,-0.23955173751662437
2021-11-16,TzM,S2,NDMI,-0.07333482275536654
2021-11-19,Oran,S2,NDMI,0.05562887736949085
2021-11-19,TzM,S2,NDMI,-0.040011330723960556
2021-11-26,Oran,S2,NDMI,-0.2344553573260305
2021-11-26,TzM,S2,NDMI,-0.010680511869709199
2021-12-01,Oran,S2,NDMI,-0.24601815967772514
2021-12-01,Oran,S2,NDMI,-0.24555447594062116
2021-12-01,TzM,S2,NDMI,-0.058347935123604505
2021-12-04,Oran,S2,NDMI,-0.23584628439204675
2021-12-04,TzM,S2,NDMI,-0.08399682982021918
2021-12-06,Oran,S2,NDMI,-0.2439076096488305
2021-12-06,Oran,S2,NDMI,-0.2444135541802454
2021-12-06,TzM,S2,NDMI,-0.07892577228276558
2021-12-11,Oran,S2,NDMI,-0.2273669221599925
2021-12-11,Oran,S2,NDMI,-0.22771093502134102
2021-12-11,TzM,S2,NDMI,-0.10216489554320926
2021-12-14,Oran,S2,NDMI,-0.22803644777217433
2021-12-14,Oran,S2,NDMI,-0.2281367927930323
2021-12-14,TzM,S2,NDMI,-0.08932964144949086
2021-12-29,Oran,S2,NDMI,-0.15720174343839086
2021-12-31,Oran,S2,NDMI,-0.21070147392111907
2021-12-31,Oran,S2,NDMI,-0.2109978917955511
2021-12-31,TzM,S2,NDMI,-0.09751048230457458
2022-01-03,Oran,S2,NDMI,-0.22893999309024127
2022-01-03,Oran,S2,NDMI,-0.22893665440814723
2022-01-03,TzM,S2,NDMI,-0.09801612546245345
2022-01-05,Oran,S2,NDMI,-0.08787376124628621
2022-01-05,TzM,S2,NDMI,-0.10603792039364789
2022-01-13,Oran,S2,NDMI,-0.1298877516516892
2022-01-13,TzM,S2,NDMI,-0.008594612137956268
2022-01-15,Oran,S2,NDMI,-0.18124356756896734
2022-01-15,Oran,S2,NDMI,-0.1813766563704062
2022-01-15,TzM,S2,NDMI,-0.08422379940398222
2022-01-18,Oran,S2,NDMI,-0.19627541230249687
2022-01-18,Oran,S2,NDMI,-0.19638116460747856
2022-01-18,TzM,S2,NDMI,-0.0887622793881633
2022-01-20,Oran,S2,NDMI,-0.19475975442356044
2022-01-20,Oran,S2,NDMI,-0.19430899897667286
2022-01-20,TzM,S2,NDMI,-0.10899259390253911
2022-01-23,Oran,S2,NDMI,0.27428978405375987
2022-01-23,TzM,S2,NDMI,-0.09721291706476497
2022-01-28,Oran,S2,NDMI,-0.18910766992812583
2022-01-28,Oran,S2,NDMI,-0.18949813636180438
2022-01-28,TzM,S2,NDMI,-0.08841288816646001
2022-01-30,Oran,S2,NDMI,-0.1938608696424951
2022-01-30,Oran,S2,NDMI,-0.19295751391190424
2022-01-30,TzM,S2,NDMI,-0.09586188761781052
2022-02-02,Oran,S2,NDMI,-0.20868052026337702
2022-02-02,Oran,S2,NDMI,-0.2098361402538065
2022-02-02,TzM,S2,NDMI,-0.10862792330206605
2022-02-07,Oran,S2,NDMI,-0.21356234427314225
2022-02-07,Oran,S2,NDMI,-0.2131109280079463
2022-02-07,TzM,S2,NDMI,-0.10143817168648722
2022-02-14,Oran,S2,NDMI,0.2151736136465912
2022-02-14,TzM,S2,NDMI,-0.013833115759347078
2022-02-17,Oran,S2,NDMI,-0.20210937603323664
2022-02-17,Oran,S2,NDMI,-0.20159813197358403
2022-02-17,TzM,S2,NDMI,-0.09427951522138489
2022-02-22,Oran,S2,NDMI,-0.20323995233078665
2022-02-22,Oran,S2,NDMI,-0.2027548224550611
2022-02-22,TzM,S2,NDMI,-0.09663481629870982
2022-03-01,Oran,S2,NDMI,-0.19581406122016567
2022-03-01,Oran,S2,NDMI,-0.1948398027406321
2022-03-01,TzM,S2,NDMI,-0.0819982093613006
2022-03-09,Oran,S2,NDMI,-0.19479873655497443
2022-03-09,Oran,S2,NDMI,-0.19388405195794453
2022-03-09,TzM,S2,NDMI,-0.05440640592712795
2022-04-03,Oran,S2,NDMI,-0.06395680983387332
2022-04-03,Oran,S2,NDMI,-0.06474629145622919
2022-04-03,TzM,S2,NDMI,0.032517316110946645
2022-04-15,Oran,S2,NDMI,0.10908033683111061
2022-04-15,TzM,S2,NDMI,0.06544577785780908
2022-04-25,Oran,S2,NDMI,0.11364784024034934
2022-04-25,Oran,S2,NDMI,0.11232989621152578
2022-04-25,TzM,S2,NDMI,0.09226677661666256
2022-05-05,Oran,S2,NDMI,0.16927209651713926
2022-05-05,TzM,S2,NDMI,0.12216596148801732
2022-05-08,Oran,S2,NDMI,0.13576354139205823
2022-05-08,Oran,S2,NDMI,0.13616485974242434
2022-05-08,TzM,S2,NDMI,0.12955777002701646
2022-05-10,Oran,S2,NDMI,0.1516342069818109
2022-05-10,Oran,S2,NDMI,0.15174916749666656
2022-05-10,TzM,S2,NDMI,0.10495096014247762
2022-05-13,Oran,S2,NDMI,0.09696783094235385
2022-05-13,Oran,S2,NDMI,0.0996269548978672
2022-05-13,TzM,S2,NDMI,0.1174452861810565
2022-05-18,Oran,S2,NDMI,0.13827492390715004
2022-05-18,Oran,S2,NDMI,0.14020057687526075
2022-05-18,TzM,S2,NDMI,0.12160150531914721
2022-05-23,Oran,S2,NDMI,0.06722755320125753
2022-05-25,Oran,S2,NDMI,0.060191026330536614
2022-05-25,Oran,S2,NDMI,0.06337076516481134
2022-05-25,TzM,S2,NDMI,0.12380168812920084
2022-05-28,Oran,S2,NDMI,0.03187372788946792
2022-05-28,Oran,S2,NDMI,0.033371050319810205
2022-05-28,TzM,S2,NDMI,0.08194297041340688
2022-06-04,Oran,S2,NDMI,-0.026946200602884465
2022-06-04,Oran,S2,NDMI,-0.025522050540974988
2022-06-04,TzM,S2,NDMI,0.06131089782237415
2022-06-07,Oran,S2,NDMI,-0.06062552948947518
2022-06-07,Oran,S2,NDMI,-0.06123885380383516
2022-06-07,TzM,S2,NDMI,0.05391763959372784
2022-06-09,Oran,S2,NDMI,-0.08091784437731962
2022-06-09,Oran,S2,NDMI,-0.07944277241257218
2022-06-09,TzM,S2,NDMI,0.02922591949164968
2022-06-12,Oran,S2,NDMI,-0.03650868273674536
2022-06-12,Oran,S2,NDMI,-0.03977326760162016
2022-06-12,TzM,S2,NDMI,0.04793502439302746
2022-06-14,Oran,S2,NDMI,-0.04170990136880729
2022-06-14,Oran,S2,NDMI,-0.043512824073032766
2022-06-14,TzM,S2,NDMI,0.04061045794410059
2022-06-17,Oran,S2,NDMI,-0.04779827768513427
2022-06-17,Oran,S2,NDMI,-0.04655005692843997
2022-06-17,TzM,S2,NDMI,0.04547295185949825
2022-06-19,Oran,S2,NDMI,-0.03926722215117256
2022-06-19,Oran,S2,NDMI,-0.05555622936416671
2022-06-19,TzM,S2,NDMI,0.04289539407342502
2022-06-22,Oran,S2,NDMI,-0.05438831219151058
2022-06-22,Oran,S2,NDMI,-0.0614679560033947
2022-06-22,TzM,S2,NDMI,0.05340332990098868
2022-06-24,Oran,S2,NDMI,-0.053592313770979436
2022-06-24,Oran,S2,NDMI,-0.06502353788237662
2022-06-24,TzM,S2,NDMI,0.04801814669868013
2022-06-27,Oran,S2,NDMI,-0.06318401534565223
2022-06-27,Oran,S2,NDMI,-0.07059408450102868
2022-06-27,TzM,S2,NDMI,0.04549473751524923
2022-06-29,Oran,S2,NDMI,-0.06475135774866508
2022-06-29,Oran,S2,NDMI,-0.07660819549955307
2022-06-29,TzM,S2,NDMI,0.02508538792516311
2022-07-02,Oran,S2,NDMI,-0.06933162457087655
2022-07-02,Oran,S2,NDMI,-0.06398042510377033
2022-07-02,TzM,S2,NDMI,0.02323305289555602
2022-07-04,Oran,S2,NDMI,-0.05920611466648226
2022-07-04,Oran,S2,NDMI,-0.07119954859698077
2022-07-04,TzM,S2,NDMI,0.0344423936580771
2022-07-07,Oran,S2,NDMI,-0.0704715476285341
2022-07-07,Oran,S2,NDMI,-0.0771683478385176
2022-07-07,TzM,S2,NDMI,0.04527735691339973
2022-07-09,Oran,S2,NDMI,-0.08953318278515643
2022-07-09,Oran,S2,NDMI,-0.09960720250706909
2022-07-09,TzM,S2,NDMI,0.009811637125157237
2022-07-12,Oran,S2,NDMI,-0.09138266598847562
2022-07-12,Oran,S2,NDMI,-0.09526151935379261
2022-07-12,TzM,S2,NDMI,0.013919167166276105
2022-07-14,Oran,S2,NDMI,-0.08728617982935755
2022-07-14,Oran,S2,NDMI,-0.09153601611132442
2022-07-14,TzM,S2,NDMI,0.02306952001084382
2022-07-17,Oran,S2,NDMI,-0.08288944457068269
2022-07-17,Oran,S2,NDMI,-0.08601952137212976
2022-07-17,TzM,S2,NDMI,0.010444185086585588
2022-07-19,Oran,S2,NDMI,-0.07670594358814697
2022-07-19,Oran,S2,NDMI,-0.08884922312397123
2022-07-19,TzM,S2,NDMI,-0.004018538615152106
2022-07-22,Oran,S2,NDMI,-0.09747675062190508
2022-07-22,Oran,S2,NDMI,-0.09893685934230063
2022-07-22,TzM,S2,NDMI,-0.0005162371946830149
2022-07-24,Oran,S2,NDMI,-0.06506950481929974
2022-07-24,Oran,S2,NDMI,-0.07449095891352703
2022-07-24,TzM,S2,NDMI,0.03714516701826212
2022-07-27,Oran,S2,NDMI,-0.09039410016587808
2022-07-27,Oran,S2,NDMI,-0.09682260558563587
2022-07-27,TzM,S2,NDMI,0.03318428964911715
2022-07-29,Oran,S2,NDMI,-0.09120596956664719
2022-07-29,Oran,S2,NDMI,-0.10217444466012406
2022-07-29,TzM,S2,NDMI,0.028249566950074127
2022-08-01,Oran,S2,NDMI,-0.10458276153357646
2022-08-01,Oran,S2,NDMI,-0.10769772406300461
2022-08-01,TzM,S2,NDMI,0.018455766865267592
2022-08-03,Oran,S2,NDMI,-0.07822212372826558
2022-08-03,Oran,S2,NDMI,-0.08628724251137167
2022-08-03,TzM,S2,NDMI,0.028832254090315708
2022-08-06,Oran,S2,NDMI,-0.08807295296803622
2022-08-06,Oran,S2,NDMI,-0.09158102720029748
2022-08-06,TzM,S2,NDMI,0.0315871802167781
2022-08-08,Oran,S2,NDMI,-0.07269589891857234
2022-08-08,Oran,S2,NDMI,-0.0792851256532358
2022-08-08,TzM,S2,NDMI,0.0406765112789996
2022-08-11,Oran,S2,NDMI,-0.08976986410488072
2022-08-11,Oran,S2,NDMI,-0.08792965834122117
2022-08-11,TzM,S2,NDMI,0.02521408724765909
2022-08-16,Oran,S2,NDMI,-0.12629879312184447
2022-08-18,Oran,S2,NDMI,-0.10943752344177597
2022-08-18,Oran,S2,NDMI,-0.1152624723690124
2022-08-18,TzM,S2,NDMI,0.044394219238247136
2022-08-21,Oran,S2,NDMI,-0.09616564456088522
2022-08-21,Oran,S2,NDMI,-0.10614436362185657
2022-08-21,TzM,S2,NDMI,0.044557069273753074
2022-08-23,Oran,S2,NDMI,-0.11143355871344228
2022-08-23,Oran,S2,NDMI,-0.1179729249459514
2022-08-23,TzM,S2,NDMI,0.02583260811569624
2022-08-26,Oran,S2,NDMI,-0.14294965760839862
2022-08-26,Oran,S2,NDMI,-0.1467661431221014
2022-08-26,TzM,S2,NDMI,0.0219732739110391
2022-08-28,Oran,S2,NDMI,-0.1392256074253497
2022-08-28,Oran,S2,NDMI,-0.14456275598497728
2022-08-28,TzM,S2,NDMI,0.04092689702000218
2022-08-31,Oran,S2,NDMI,-0.10999257231810927
2022-08-31,Oran,S2,NDMI,-0.11483441189440986
2022-08-31,TzM,S2,NDMI,0.03042837038842664
2022-09-02,Oran,S2,NDMI,-0.1608445036835568
2022-09-02,TzM,S2,NDMI,0.05286037995333368
2022-09-05,Oran,S2,NDMI,-0.16741290068904058
2022-09-05,Oran,S2,NDMI,-0.16791259970859823
2022-09-05,TzM,S2,NDMI,0.05363081446470173
2022-09-07,Oran,S2,NDMI,-0.15817068579499177
2022-09-10,Oran,S2,NDMI,-0.17188384019589198
2022-09-10,Oran,S2,NDMI,-0.1735209692567981
2022-09-10,TzM,S2,NDMI,0.033452221802672245
2022-09-15,Oran,S2,NDMI,-0.19936171810710798
2022-09-15,Oran,S2,NDMI,-0.20162656089646486
2022-09-15,TzM,S2,NDMI,0.035467747515412845
2022-09-17,Oran,S2,NDMI,-0.20221995444437724
2022-09-17,Oran,S2,NDMI,-0.20271599339549584
2022-09-17,TzM,S2,NDMI,0.013298763531920523
2022-09-20,Oran,S2,NDMI,-0.20254404055005581
2022-09-20,Oran,S2,NDMI,-0.2028282456292302
2022-09-20,TzM,S2,NDMI,0.010005972958573474
2022-09-22,Oran,S2,NDMI,-0.1994764783216607
2022-09-22,Oran,S2,NDMI,-0.1993687495107574
2022-09-22,TzM,S2,NDMI,0.024884763060241347
2022-09-27,Oran,S2,NDMI,-0.18952860804913285
2022-09-27,Oran,S2,NDMI,-0.18997435063216528
2022-09-27,TzM,S2,NDMI,0.04024594762770216
2022-09-30,Oran,S2,NDMI,-0.1758127261273112
2022-09-30,Oran,S2,NDMI,-0.176574129142583
2022-09-30,TzM,S2,NDMI,0.05733611042121073
2022-10-02,Oran,S2,NDMI,-0.1678591404153977
2022-10-02,Oran,S2,NDMI,-0.16819055968836627
2022-10-02,TzM,S2,NDMI,0.06417023458184562
2022-10-05,Oran,S2,NDMI,-0.17668957511462385
2022-10-05,Oran,S2,NDMI,-0.1757993759035061
2022-10-05,TzM,S2,NDMI,0.05212289146311648
2022-10-07,Oran,S2,NDMI,-0.09912425711031297
2022-10-07,Oran,S2,NDMI,-0.1200977745957979
2022-10-07,TzM,S2,NDMI,0.08108471150186133
2022-10-15,Oran,S2,NDMI,-0.18867352992556796
2022-10-15,Oran,S2,NDMI,-0.18791346560588423
2022-10-15,TzM,S2,NDMI,0.028103773596891694
2022-10-17,Oran,S2,NDMI,-0.18371794534616362
2022-10-17,Oran,S2,NDMI,-0.18247080949995687
2022-10-17,TzM,S2,NDMI,0.007089061089909811
2022-11-01,Oran,S2,NDMI,-0.24807738434965865
2022-11-01,Oran,S2,NDMI,-0.2451141083994983
2022-11-01,TzM,S2,NDMI,-0.005672294798600284
2022-11-06,Oran,S2,NDMI,-0.23470767475097848
2022-11-06,Oran,S2,NDMI,-0.23308462164870503
2022-11-06,TzM,S2,NDMI,-2.4233825940653622e-05
2022-11-14,Oran,S2,NDMI,-0.2503527586332723
2022-11-29,Oran,S2,NDMI,-0.22295745771219225
2022-11-29,Oran,S2,NDMI,-0.2220001936073333
2022-11-29,TzM,S2,NDMI,-0.05464364506655529
2022-12-01,Oran,S2,NDMI,-0.1429479547231249
2022-12-01,TzM,S2,NDMI,-0.02505396879127374
2022-12-19,Oran,S2,NDMI,-0.16987463023862748
2022-12-24,Oran,S2,NDMI,-0.1470095469562651
2022-12-24,Oran,S2,NDMI,-0.14715277233664384
2022-12-24,TzM,S2,NDMI,0.003222071732878627
2022-12-31,Oran,S2,NDMI,-0.13255363133134687
2022-12-31,Oran,S2,NDMI,-0.13341115314075633
2022-12-31,TzM,S2,NDMI,-0.11353758818467312
2023-01-05,Oran,S2,NDMI,-0.10053655257135692
2023-01-05,Oran,S2,NDMI,-0.10092278863754328
2023-01-05,TzM,S2,NDMI,-0.10564037802074895
2023-01-10,Oran,S2,NDMI,-0.1265109599877124
2023-01-13,Oran,S2,NDMI,-0.10354100309692567
2023-01-20,Oran,S2,NDMI,-0.09934923053151448
2023-01-20,TzM,S2,NDMI,-0.097555848836956
2023-01-23,Oran,S2,NDMI,-0.14064907519775927
2023-01-23,Oran,S2,NDMI,-0.1406883900532048
2023-01-23,TzM,S2,NDMI,-0.12025217611035016
2023-01-25,Oran,S2,NDMI,-0.14058181965490185
2023-01-25,TzM,S2,NDMI,-0.11382157433268161
2023-01-28,Oran,S2,NDMI,-0.18037614791601952
2023-01-28,Oran,S2,NDMI,-0.18086892664563817
2023-01-28,TzM,S2,NDMI,-0.13497012452353505
2023-01-30,Oran,S2,NDMI,-0.17044783042585773
2023-01-30,Oran,S2,NDMI,-0.17089903941201076
2023-01-30,TzM,S2,NDMI,-0.1321922680085522
2023-02-02,Oran,S2,NDMI,-0.17740110148829882
2023-02-02,Oran,S2,NDMI,-0.17760903299603648
2023-02-02,TzM,S2,NDMI,-0.13581418576033816
2023-02-04,Oran,S2,NDMI,-0.17276434723836911
2023-02-04,Oran,S2,NDMI,-0.17287166675198024
2023-02-04,TzM,S2,NDMI,-0.13538406847318107
2023-02-17,Oran,S2,NDMI,-0.14625471054329453
2023-02-17,TzM,S2,NDMI,-0.16198200809988814
2023-02-19,Oran,S2,NDMI,-0.15184220832218143
2023-02-19,TzM,S2,NDMI,-0.01832726784193083
2023-02-22,Oran,S2,NDMI,-0.13675998230792719
2023-02-22,Oran,S2,NDMI,-0.1372120422342485
2023-02-22,TzM,S2,NDMI,-0.13177429520344844
2023-02-27,Oran,S2,NDMI,-0.1509336016470398
2023-02-27,Oran,S2,NDMI,-0.1527211682960747
2023-02-27,TzM,S2,NDMI,-0.0351501658278304
2023-03-01,Oran,S2,NDMI,-0.14947281579409163
2023-03-01,Oran,S2,NDMI,-0.1506557236381801
2023-03-01,TzM,S2,NDMI,-0.12679350348211066
2023-03-04,Oran,S2,NDMI,-0.15849508876971574
2023-03-04,Oran,S2,NDMI,-0.15825521569095846
2023-03-04,TzM,S2,NDMI,-0.12895660801727624
2023-03-16,Oran,S2,NDMI,-0.11917951997972256
2023-03-16,Oran,S2,NDMI,-0.11986375680126109
2023-03-16,TzM,S2,NDMI,-0.12712510618057163
2023-03-19,Oran,S2,NDMI,-0.1291487955548243
2023-03-19,TzM,S2,NDMI,-0.08462311379698054
2023-03-26,Oran,S2,NDMI,-0.10804868277561985
2023-03-26,Oran,S2,NDMI,-0.10899271915708088
2023-03-26,TzM,S2,NDMI,-0.055255776057047415
2023-03-29,Oran,S2,NDMI,-0.10983168837339695
2023-03-29,Oran,S2,NDMI,-0.11093439743846473
2023-03-29,TzM,S2,NDMI,-0.049638058519478674
2023-04-03,Oran,S2,NDMI,-0.09508928201909991
2023-04-03,Oran,S2,NDMI,-0.09580152660526052
2023-04-03,TzM,S2,NDMI,-0.007589576475725086
2023-04-05,Oran,S2,NDMI,-0.09137694278759352
2023-04-05,Oran,S2,NDMI,-0.09179521232078734
2023-04-05,TzM,S2,NDMI,0.005678162702274683
2023-04-08,Oran,S2,NDMI,-0.10803926299105662
2023-04-08,Oran,S2,NDMI,-0.10843265153542332
2023-04-08,TzM,S2,NDMI,-0.006661216051543123
2023-04-13,Oran,S2,NDMI,-0.09082612402661552
2023-04-13,Oran,S2,NDMI,-0.09523178561914195
2023-04-13,TzM,S2,NDMI,0.03871051713017623
2023-04-15,Oran,S2,NDMI,-0.11196693259390586
2023-04-15,Oran,S2,NDMI,-0.11314789306789015
2023-04-15,TzM,S2,NDMI,0.022363988509951648
2023-04-18,Oran,S2,NDMI,-0.10938252465774034
2023-04-18,Oran,S2,NDMI,-0.10995952994997964
2023-04-18,TzM,S2,NDMI,0.05615182428305589
2023-04-20,Oran,S2,NDMI,-0.10667985449704895
2023-04-20,Oran,S2,NDMI,-0.10813596883698984
2023-04-20,TzM,S2,NDMI,0.06656462351396208
2023-04-23,Oran,S2,NDMI,-0.11597397563622337
2023-04-23,Oran,S2,NDMI,-0.11430885972689293
2023-04-23,TzM,S2,NDMI,0.09162638958667374
2023-04-25,Oran,S2,NDMI,-0.1011124922822501
2023-05-05,Oran,S2,NDMI,-0.12423999856276223
2023-05-05,Oran,S2,NDMI,-0.12716920476315863
2023-05-05,TzM,S2,NDMI,0.06587643481338464
2023-05-10,Oran,S2,NDMI,-0.14683216232312066
2023-05-10,TzM,S2,NDMI,0.08424830423779683
2023-05-13,Oran,S2,NDMI,-0.14465199960284902
2023-05-13,TzM,S2,NDMI,0.10177578342322764
2023-06-04,Oran,S2,NDMI,-0.21919785768573172
2023-06-04,TzM,S2,NDMI,-0.01472117481649343
2023-06-14,Oran,S2,NDMI,-0.18454953615582734
2023-06-14,Oran,S2,NDMI,-0.18921591872873464
2023-06-14,TzM,S2,NDMI,0.061619583301377484
2023-06-17,Oran,S2,NDMI,-0.20509035749293847
2023-06-17,Oran,S2,NDMI,-0.20574572347159995
2023-06-17,TzM,S2,NDMI,0.053844834921174055
2023-06-22,Oran,S2,NDMI,-0.161160351953447
2023-06-22,Oran,S2,NDMI,-0.16029083351639412
2023-06-22,TzM,S2,NDMI,0.13820650448230648
2023-06-24,Oran,S2,NDMI,-0.14554790480390603
2023-06-24,Oran,S2,NDMI,-0.1457770904852482
2023-06-24,TzM,S2,NDMI,0.08370643774255415
2023-06-27,Oran,S2,NDMI,-0.13965832053097074
2023-06-27,Oran,S2,NDMI,-0.13624909699893326
2023-06-27,TzM,S2,NDMI,0.027878264864414914
2023-06-29,Oran,S2,NDMI,-0.12024383567042614
2023-06-29,Oran,S2,NDMI,-0.12908645437544505
2023-06-29,TzM,S2,NDMI,0.012507533383023146
2023-07-02,Oran,S2,NDMI,0.49455119749489873
2023-07-02,Oran,S2,NDMI,0.46868488776342054
2023-07-02,TzM,S2,NDMI,0.03263928229183702
2023-07-04,Oran,S2,NDMI,-0.11549654267691499
2023-07-04,Oran,S2,NDMI,-0.11567053503713885
2023-07-04,TzM,S2,NDMI,0.0200615456468095
2023-07-09,Oran,S2,NDMI,-0.11597211438320733
2023-07-09,Oran,S2,NDMI,-0.11636334908423723
2023-07-09,TzM,S2,NDMI,0.03848018379831333
2023-07-12,Oran,S2,NDMI,-0.11107404310139934
2023-07-12,Oran,S2,NDMI,-0.11892486280551177
2023-07-12,TzM,S2,NDMI,0.06248691395730224
2023-07-14,Oran,S2,NDMI,-0.13793966670894744
2023-07-14,Oran,S2,NDMI,-0.1399354139412787
2023-07-14,TzM,S2,NDMI,0.03033945698351531
2023-07-17,Oran,S2,NDMI,-0.1439505926758381
2023-07-19,Oran,S2,NDMI,-0.14643370771710024
2023-07-19,Oran,S2,NDMI,-0.1494034853497534
2023-07-19,TzM,S2,NDMI,0.02060374189914676
2023-07-22,Oran,S2,NDMI,-0.17048608995596828
2023-07-22,Oran,S2,NDMI,-0.17120390100153557
2023-07-22,TzM,S2,NDMI,0.059308113014456
2023-07-24,Oran,S2,NDMI,-0.15582862270830894
2023-07-24,Oran,S2,NDMI,-0.15646641506657127
2023-07-24,TzM,S2,NDMI,0.05136683658635447
2023-07-27,Oran,S2,NDMI,-0.03904884377352433
2023-07-27,Oran,S2,NDMI,-0.06254474287612326
2023-07-27,TzM,S2,NDMI,-0.028030209517263465
2023-07-29,Oran,S2,NDMI,-0.15285917948525476
2023-07-29,Oran,S2,NDMI,-0.15575950267173555
2023-07-29,TzM,S2,NDMI,0.061794715797308726
2023-08-01,Oran,S2,NDMI,-0.16446062789040095
2023-08-01,Oran,S2,NDMI,-0.16629892354611017
2023-08-01,TzM,S2,NDMI,0.06162066415847238
2023-08-03,Oran,S2,NDMI,-0.17407007770684108
2023-08-03,Oran,S2,NDMI,-0.17569557135157218
2023-08-03,TzM,S2,NDMI,0.038277466116225206
2023-08-06,Oran,S2,NDMI,-0.16868180744076824
2023-08-06,Oran,S2,NDMI,-0.17032574958028246
2023-08-06,TzM,S2,NDMI,0.06404570742527983
2023-08-08,Oran,S2,NDMI,-0.05194469626106426
2023-08-08,Oran,S2,NDMI,-0.07049123670652915
2023-08-08,TzM,S2,NDMI,0.04593676346761898
2023-08-11,Oran,S2,NDMI,-0.16367582716976323
2023-08-11,Oran,S2,NDMI,-0.16589119669948257
2023-08-11,TzM,S2,NDMI,0.05938725266966407
2023-08-13,Oran,S2,NDMI,-0.15761380208164968
2023-08-13,Oran,S2,NDMI,-0.1612526467990326
2023-08-13,TzM,S2,NDMI,0.043749443002091756
2023-08-16,Oran,S2,NDMI,-0.1774589597548219
2023-08-16,Oran,S2,NDMI,-0.1786398259272679
2023-08-16,TzM,S2,NDMI,0.03531071078375086
2023-08-18,Oran,S2,NDMI,-0.15277959758868517
2023-08-18,Oran,S2,NDMI,-0.15470195308257856
2023-08-18,TzM,S2,NDMI,0.052843660814688276
2023-08-21,Oran,S2,NDMI,-0.17283315329581767
2023-08-21,Oran,S2,NDMI,-0.17409758870150063
2023-08-21,TzM,S2,NDMI,0.03579751721645661
2023-08-23,Oran,S2,NDMI,-0.15454988215595344
2023-08-23,Oran,S2,NDMI,-0.15615160777916623
2023-08-23,TzM,S2,NDMI,0.00853642007551108
2023-08-28,Oran,S2,NDMI,-0.15019761669046705
2023-08-28,Oran,S2,NDMI,-0.15091857629747557
2023-08-28,TzM,S2,NDMI,0.005356079036737321
2023-08-31,Oran,S2,NDMI,-0.16671733834126026
2023-08-31,Oran,S2,NDMI,-0.16732365440188232
2023-08-31,TzM,S2,NDMI,-0.013507846365520722
2023-09-05,Oran,S2,NDMI,-0.15368288868099025
2023-09-05,Oran,S2,NDMI,-0.15424170319149905
2023-09-05,TzM,S2,NDMI,0.010206813743835969
2023-09-15,Oran,S2,NDMI,-0.20456923835314936
2023-09-17,Oran,S2,NDMI,-0.1866857693986686
2023-09-20,Oran,S2,NDMI,-0.04662708092018281
2023-09-20,Oran,S2,NDMI,-0.05566263748991048
2023-09-20,TzM,S2,NDMI,0.07363618988815673
2023-09-22,Oran,S2,NDMI,-0.1742393018179224
2023-09-22,TzM,S2,NDMI,0.07135114737925292
2023-09-25,Oran,S2,NDMI,-0.19739403965160507
2023-09-25,Oran,S2,NDMI,-0.19506823377745927
2023-09-25,TzM,S2,NDMI,0.015137482114564827
2023-09-27,Oran,S2,NDMI,-0.19695257811759698
2023-09-27,Oran,S2,NDMI,-0.1950723724182285
2023-09-27,TzM,S2,NDMI,0.012211371616669986
2023-09-30,Oran,S2,NDMI,-0.20486900324374963
2023-09-30,Oran,S2,NDMI,-0.202631373501377
2023-09-30,TzM,S2,NDMI,0.02501715983821102
2023-10-02,Oran,S2,NDMI,-0.1870452525525297
2023-10-02,Oran,S2,NDMI,-0.1855789687134309
2023-10-02,TzM,S2,NDMI,0.016415291991118946
2023-10-05,Oran,S2,NDMI,-0.21439861218938597
2023-10-05,Oran,S2,NDMI,-0.21225867033107662
2023-10-05,TzM,S2,NDMI,0.009588411421466951
2023-10-07,Oran,S2,NDMI,-0.2032956891866788
2023-10-07,Oran,S2,NDMI,-0.20169385777901416
2023-10-07,TzM,S2,NDMI,-0.014838581229667299
2023-10-10,Oran,S2,NDMI,-0.2223981305221055
2023-10-10,Oran,S2,NDMI,-0.21918574174144678
2023-10-10,TzM,S2,NDMI,0.005429391664393687
2023-10-12,Oran,S2,NDMI,-0.2279053243030268
2023-10-12,Oran,S2,NDMI,-0.22479257278503523
2023-10-12,TzM,S2,NDMI,-0.02041247062194105
2023-10-15,Oran,S2,NDMI,-0.2540638010200613
2023-10-15,Oran,S2,NDMI,-0.2504254662290798
2023-10-15,TzM,S2,NDMI,-0.013178497615822361
2023-11-14,Oran,S2,NDMI,-0.2688031731466695
2023-11-14,Oran,S2,NDMI,-0.26842941378104207
2023-11-14,TzM,S2,NDMI,-0.05304183576756129
2023-11-19,Oran,S2,NDMI,-0.26048298907912126
2023-11-19,Oran,S2,NDMI,-0.2599308209368105
2023-11-19,TzM,S2,NDMI,-0.048662693614293887
2023-11-21,Oran,S2,NDMI,-0.2453011160862764
2023-11-21,Oran,S2,NDMI,-0.24468886094976136
2023-11-21,TzM,S2,NDMI,-0.04329439202698028
2023-11-24,Oran,S2,NDMI,-0.26571712393747515
2023-11-24,Oran,S2,NDMI,-0.26476577232410664
2023-11-24,TzM,S2,NDMI,-0.06522091613080684
2023-11-26,Oran,S2,NDMI,-0.2481186211842008
2023-11-26,Oran,S2,NDMI,-0.243862669834266
2023-11-26,TzM,S2,NDMI,-0.07807560903788706
2023-12-06,Oran,S2,NDMI,-0.2500555409234076
2023-12-06,TzM,S2,NDMI,-0.07048943054640329
2023-12-14,Oran,S2,NDMI,-0.2587578375859409
2023-12-14,Oran,S2,NDMI,-0.25743636734940023
2023-12-14,TzM,S2,NDMI,-0.08694271998004603
2023-12-16,Oran,S2,NDMI,-0.23808542881160707
2023-12-16,Oran,S2,NDMI,-0.2369361278161702
2023-12-16,TzM,S2,NDMI,-0.08352357928273965
2023-12-19,Oran,S2,NDMI,-0.2537718866924149
2023-12-19,Oran,S2,NDMI,-0.2535457100851908
2023-12-19,TzM,S2,NDMI,-0.09749464487531584
2023-12-21,Oran,S2,NDMI,-0.2603976295930891
2023-12-21,Oran,S2,NDMI,-0.25924839409944617
2023-12-21,TzM,S2,NDMI,-0.11428349570998055
2023-12-24,Oran,S2,NDMI,-0.2582031622518908
2023-12-24,Oran,S2,NDMI,-0.2578970038531321
2023-12-24,TzM,S2,NDMI,-0.13231607080185
2023-12-26,Oran,S2,NDMI,-0.22891000890949573
2023-12-26,Oran,S2,NDMI,-0.22716408293693233
2023-12-26,TzM,S2,NDMI,-0.10215271262257469
2024-01-08,Oran,S2,NDMI,-0.2529297400749531
2024-01-08,Oran,S2,NDMI,-0.2503077712463211
2024-01-08,TzM,S2,NDMI,-0.10265550659212214
2024-01-23,Oran,S2,NDMI,-0.2819292459027272
2024-01-23,Oran,S2,NDMI,-0.27762652855193887
2024-01-23,TzM,S2,NDMI,-0.12995643033858367
2024-01-25,Oran,S2,NDMI,-0.2412567640446808
2024-01-25,TzM,S2,NDMI,-0.11620894425110921
2024-01-28,Oran,S2,NDMI,-0.22888691296605576
2024-01-28,TzM,S2,NDMI,-0.10862606449283428
2024-02-02,Oran,S2,NDMI,-0.2840262984465839
2024-02-02,Oran,S2,NDMI,-0.2814095632384529
2024-02-02,TzM,S2,NDMI,-0.16381558788709372
2024-02-04,Oran,S2,NDMI,-0.25811259926716706
2024-02-04,Oran,S2,NDMI,-0.25542420968500595
2024-02-04,TzM,S2,NDMI,-0.1393858047989416
2024-02-07,Oran,S2,NDMI,-0.27006668793856003
2024-02-17,Oran,S2,NDMI,-0.2699662908140249
2024-02-17,Oran,S2,NDMI,-0.266680672492923
2024-02-17,TzM,S2,NDMI,-0.1228399822640593
2024-02-19,Oran,S2,NDMI,-0.2269997976989059
2024-02-29,Oran,S2,NDMI,-0.26012374415315975
2024-02-29,Oran,S2,NDMI,-0.2516690201270522
2024-02-29,TzM,S2,NDMI,-0.12591894481352597
2024-03-03,Oran,S2,NDMI,-0.1706523981451428
2024-03-03,TzM,S2,NDMI,0.1009507492993093
2024-03-05,Oran,S2,NDMI,-0.24677117071062685
2024-03-05,Oran,S2,NDMI,-0.23967300060507346
2024-03-05,TzM,S2,NDMI,-0.10463934628517503
2024-03-13,Oran,S2,NDMI,-0.2520150216394594
2024-03-13,Oran,S2,NDMI,-0.2419136771192515
2024-03-13,TzM,S2,NDMI,-0.09002995540332444
2024-03-15,Oran,S2,NDMI,-0.22375027704764336
2024-04-09,Oran,S2,NDMI,-0.20046519188075068
2024-04-09,Oran,S2,NDMI,-0.1943444491924205
2024-04-09,TzM,S2,NDMI,0.05710061976306779
2024-04-12,Oran,S2,NDMI,-0.19609387984142618
2024-04-12,Oran,S2,NDMI,-0.19096113743023052
2024-04-12,TzM,S2,NDMI,0.05312712256684727
2024-04-14,Oran,S2,NDMI,-0.1906108540204541
2024-04-14,Oran,S2,NDMI,-0.18543413173026035
2024-04-14,TzM,S2,NDMI,0.075167842542853
2024-04-17,Oran,S2,NDMI,-0.21403871006183117
2024-04-17,Oran,S2,NDMI,-0.2082921044508483
2024-04-17,TzM,S2,NDMI,0.0692502740460556
2024-04-22,Oran,S2,NDMI,-0.13910785462756342
2024-04-22,Oran,S2,NDMI,-0.14006218090446426
2024-04-22,TzM,S2,NDMI,0.07437873057080761
2024-04-24,Oran,S2,NDMI,-0.17307065242895342
2024-04-24,Oran,S2,NDMI,-0.16854535187415381
2024-04-24,TzM,S2,NDMI,0.07321908193639295
2024-05-02,Oran,S2,NDMI,-0.1584340741774731
2024-05-02,Oran,S2,NDMI,-0.15450729590712833
2024-05-02,TzM,S2,NDMI,0.1410418634365119
2024-05-04,Oran,S2,NDMI,-0.1781583912377208
2024-05-07,Oran,S2,NDMI,-0.18678759410423607
2024-05-07,Oran,S2,NDMI,-0.1830318413993751
2024-05-07,TzM,S2,NDMI,0.07906400153689809
2024-05-12,Oran,S2,NDMI,-0.20714989050990293
2024-05-14,Oran,S2,NDMI,-0.18922917246505092
2024-05-14,Oran,S2,NDMI,-0.1859787676464765
2024-05-14,TzM,S2,NDMI,0.08352134458463402
2024-05-17,Oran,S2,NDMI,-0.09229526017399245
2024-05-22,Oran,S2,NDMI,-0.20885408078898024
2024-05-24,Oran,S2,NDMI,-0.20832260640786465
2024-05-24,Oran,S2,NDMI,-0.2007959963398056
2024-05-24,TzM,S2,NDMI,0.08415078971463151
2024-05-27,Oran,S2,NDMI,-0.22200492029040947
2024-05-29,Oran,S2,NDMI,-0.21379455080001206
2024-05-29,Oran,S2,NDMI,-0.21001846087685735
2024-05-29,TzM,S2,NDMI,0.07254326934440906
2024-06-01,Oran,S2,NDMI,-0.21191991502322297
2024-06-01,TzM,S2,NDMI,0.022490239283918568
2024-06-13,Oran,S2,NDMI,-0.211029800076528
2024-06-13,Oran,S2,NDMI,-0.20823830324788778
2024-06-13,TzM,S2,NDMI,0.0989817890563214
2024-06-16,Oran,S2,NDMI,-0.22352738578835174
2024-06-16,Oran,S2,NDMI,-0.22232108003641823
2024-06-16,TzM,S2,NDMI,0.08498679258758887
2024-06-18,Oran,S2,NDMI,-0.22284941317849766
2024-06-18,Oran,S2,NDMI,-0.22031465359256713
2024-06-18,TzM,S2,NDMI,0.05255764780560057
2024-06-21,Oran,S2,NDMI,-0.22195099252110095
2024-06-21,Oran,S2,NDMI,-0.2195640607948415
2024-06-21,TzM,S2,NDMI,0.027625755512471404
2024-06-23,Oran,S2,NDMI,-0.22727779515259336
2024-06-23,Oran,S2,NDMI,-0.22518169332263177
2024-06-23,TzM,S2,NDMI,0.010361627022412872
2024-06-28,Oran,S2,NDMI,0.26101405612423423
2024-06-28,TzM,S2,NDMI,0.006833005778106114
2024-07-01,Oran,S2,NDMI,-0.2152735772824189
2024-07-01,TzM,S2,NDMI,0.01881790674998468
2024-07-03,Oran,S2,NDMI,-0.19390136403792585
2024-07-03,Oran,S2,NDMI,-0.1919424580989884
2024-07-03,TzM,S2,NDMI,0.012456294357853344
2024-07-06,Oran,S2,NDMI,-0.2132968864032566
2024-07-06,Oran,S2,NDMI,-0.20989239409713753
2024-07-06,TzM,S2,NDMI,-0.014320217058402281
2024-07-08,Oran,S2,NDMI,-0.2064050573977644
2024-07-08,Oran,S2,NDMI,-0.20420762733758835
2024-07-08,TzM,S2,NDMI,-0.020169666143109697
2024-07-11,Oran,S2,NDMI,-0.21305718346983615
2024-07-11,Oran,S2,NDMI,-0.20913733847131175
2024-07-11,TzM,S2,NDMI,-0.032379347358276
2024-07-13,Oran,S2,NDMI,-0.19758785381866226
2024-07-13,Oran,S2,NDMI,-0.1945661612153792
2024-07-13,TzM,S2,NDMI,-0.018098259151657962
2024-07-16,Oran,S2,NDMI,-0.21000930488446257
2024-07-16,Oran,S2,NDMI,-0.20582090869779415
2024-07-16,TzM,S2,NDMI,-0.023659293016328978
2024-07-18,Oran,S2,NDMI,-0.1556775982562414
2024-07-18,Oran,S2,NDMI,-0.15644268563533725
2024-07-18,TzM,S2,NDMI,-0.03775589010593581
2024-07-21,Oran,S2,NDMI,-0.2057308897216312
2024-07-21,Oran,S2,NDMI,-0.20199746098672047
2024-07-21,TzM,S2,NDMI,-0.014544058760019496
2024-07-23,Oran,S2,NDMI,-0.19162004133904198
2024-07-23,Oran,S2,NDMI,-0.18727021465751212
2024-07-23,TzM,S2,NDMI,-0.019754773489749203
2024-07-26,Oran,S2,NDMI,-0.2029712733487442
2024-07-26,Oran,S2,NDMI,-0.19713107801117907
2024-07-26,TzM,S2,NDMI,-0.02892790023763616
2024-07-28,Oran,S2,NDMI,-0.19044808477908212
2024-07-28,Oran,S2,NDMI,-0.18407038852616225
2024-07-28,TzM,S2,NDMI,-0.02409958189528124
2024-07-31,Oran,S2,NDMI,-0.19516753693361685
2024-07-31,Oran,S2,NDMI,-0.19416122855807422
2024-07-31,TzM,S2,NDMI,-0.01910378500297786
2024-08-02,Oran,S2,NDMI,-0.18380859016528547
2024-08-02,Oran,S2,NDMI,-0.1811046439295323
2024-08-02,TzM,S2,NDMI,-0.021933224783580323
2024-08-05,Oran,S2,NDMI,-0.19925629582525856
2024-08-05,Oran,S2,NDMI,-0.19483406687481386
2024-08-05,TzM,S2,NDMI,-0.015434615218287234
2024-08-07,Oran,S2,NDMI,-0.18333878653337346
2024-08-07,Oran,S2,NDMI,-0.1805791130778128
2024-08-07,TzM,S2,NDMI,-0.028181584603238278
2024-08-10,Oran,S2,NDMI,-0.17785375296172537
2024-08-10,Oran,S2,NDMI,-0.17670865465056623
2024-08-10,TzM,S2,NDMI,-0.02604877266581363
2024-08-12,Oran,S2,NDMI,-0.18206931686619615
2024-08-12,Oran,S2,NDMI,-0.17867701284046653
2024-08-12,TzM,S2,NDMI,-0.025530247195741637
2024-08-15,Oran,S2,NDMI,-0.18008715247872883
2024-08-15,Oran,S2,NDMI,-0.17705208355037833
2024-08-15,TzM,S2,NDMI,0.004240752717083704
2024-08-17,Oran,S2,NDMI,-0.1779875181528361
2024-08-17,Oran,S2,NDMI,-0.17684942213991775
2024-08-17,TzM,S2,NDMI,-0.037480430037170546
2024-08-20,Oran,S2,NDMI,-0.19687789240924297
2024-08-20,Oran,S2,NDMI,-0.19520187627094135
2024-08-20,TzM,S2,NDMI,-0.05335938285027372
2024-08-22,Oran,S2,NDMI,-0.1703049066518395
2024-08-22,TzM,S2,NDMI,-0.029541339042225147
2024-08-25,Oran,S2,NDMI,-0.17912680836221706
2024-08-25,Oran,S2,NDMI,-0.17992128306719124
2024-08-25,TzM,S2,NDMI,0.03822146831651071
2024-08-27,Oran,S2,NDMI,-0.1799638229642347
2024-08-27,Oran,S2,NDMI,-0.17854494023944734
2024-08-27,TzM,S2,NDMI,-0.05409487214232535
2024-08-30,Oran,S2,NDMI,-0.04979821511106834
2024-08-30,Oran,S2,NDMI,-0.060556591050996436
2024-08-30,TzM,S2,NDMI,-0.039070670730098976
2024-09-04,Oran,S2,NDMI,-0.18074845592969147
2024-09-04,Oran,S2,NDMI,-0.17917211453872928
2024-09-04,TzM,S2,NDMI,-0.022080215588117725
2024-09-06,Oran,S2,NDMI,-0.19085832743667047
2024-09-06,Oran,S2,NDMI,-0.19054289289665005
2024-09-06,TzM,S2,NDMI,-0.022936369561628
2024-09-09,Oran,S2,NDMI,-0.17715066440248634
2024-09-09,Oran,S2,NDMI,-0.17560998369296651
2024-09-09,TzM,S2,NDMI,-0.019160697536807582
2024-09-11,Oran,S2,NDMI,-0.17871696295516196
2024-09-11,Oran,S2,NDMI,-0.1787598226456848
2024-09-11,TzM,S2,NDMI,-0.019371582098643446
2024-09-14,Oran,S2,NDMI,-0.10390093356421323
2024-09-14,TzM,S2,NDMI,0.029419807332581923
2024-09-16,Oran,S2,NDMI,-0.16820652349198767
2024-09-16,Oran,S2,NDMI,-0.16811257240277847
2024-09-16,TzM,S2,NDMI,0.0005393919250058716
2024-09-26,Oran,S2,NDMI,-0.1908371522206217
2024-09-26,Oran,S2,NDMI,-0.19139408578674372
2024-09-26,TzM,S2,NDMI,-0.031514154158269116
2024-09-29,Oran,S2,NDMI,-0.1877651231100352
2024-09-29,Oran,S2,NDMI,-0.18788122837120644
2024-09-29,TzM,S2,NDMI,-0.06261657817676752
2024-10-01,Oran,S2,NDMI,-0.1635395599284873
2024-10-04,Oran,S2,NDMI,-0.19925418346900103
2024-10-04,TzM,S2,NDMI,-0.075541246822982
2024-10-06,Oran,S2,NDMI,-0.19497883548459605
2024-10-19,Oran,S2,NDMI,-0.21000361633807077
2024-10-19,Oran,S2,NDMI,-0.20904132534602735
2024-10-19,TzM,S2,NDMI,-0.0826587965947614
2024-10-21,Oran,S2,NDMI,-0.2046441888418081
2024-10-21,Oran,S2,NDMI,-0.20320612561770765
2024-10-21,TzM,S2,NDMI,-0.08969892480150031
2024-10-24,Oran,S2,NDMI,-0.1566001456801845
2024-10-24,TzM,S2,NDMI,-0.018996179145973614
2024-10-31,Oran,S2,NDMI,-0.14938929182488664
2024-10-31,Oran,S2,NDMI,-0.14906872865040427
2024-10-31,TzM,S2,NDMI,-0.03092165179950726
2024-11-05,Oran,S2,NDMI,-0.13864149402192308
2024-11-05,Oran,S2,NDMI,-0.13764845869063114
2024-11-05,TzM,S2,NDMI,-0.06497864355359644
2024-11-18,Oran,S2,NDMI,-0.1074780982360921
2024-11-20,Oran,S2,NDMI,-0.09890347224160478
2024-11-20,Oran,S2,NDMI,-0.09821720752786148
2024-11-20,TzM,S2,NDMI,-0.0416130317357027
2024-11-23,Oran,S2,NDMI,-0.08136793960373224
2024-11-28,Oran,S2,NDMI,-0.15194737216234072
2024-11-30,Oran,S2,NDMI,-0.16080859332207353
2024-11-30,Oran,S2,NDMI,-0.15446727772329413
2024-11-30,TzM,S2,NDMI,-0.07373988180239521
2024-12-03,Oran,S2,NDMI,-0.16327531289047287
2024-12-03,Oran,S2,NDMI,-0.15847219719403327
2024-12-03,TzM,S2,NDMI,-0.06619372648049408
2024-12-05,Oran,S2,NDMI,-0.12465606515467635
2024-12-05,Oran,S2,NDMI,-0.12450853579440042
2024-12-05,TzM,S2,NDMI,-0.07341345681298513
2024-12-08,Oran,S2,NDMI,-0.15044022519920347
2024-12-10,Oran,S2,NDMI,-0.1576804667877654
2024-12-10,Oran,S2,NDMI,-0.1582059456125879
2024-12-10,TzM,S2,NDMI,-0.054623214873429256
2024-12-15,Oran,S2,NDMI,-0.1627809129308486
2024-12-15,Oran,S2,NDMI,-0.16244641742899027
2024-12-15,TzM,S2,NDMI,-0.04750962397750285
2024-12-15,Oran,S2,NDMI,-0.1562365218010641
2024-12-15,TzM,S2,NDMI,-0.04780295952507845
2024-12-18,Oran,S2,NDMI,-0.20481580739898778
2024-12-20,Oran,S2,NDMI,-0.1551527989749793
2024-12-20,Oran,S2,NDMI,-0.15484575166078174
2024-12-20,TzM,S2,NDMI,-0.03403547627348481
2024-12-23,Oran,S2,NDMI,-0.17628025690440788
2024-12-23,Oran,S2,NDMI,-0.17603568143213347
2024-12-23,TzM,S2,NDMI,-0.05532968447399795
2024-12-25,Oran,S2,NDMI,-0.17957840998068555
2024-12-25,Oran,S2,NDMI,-0.17921828869773143
2024-12-25,TzM,S2,NDMI,-0.07857179281386727
2024-12-28,Oran,S2,NDMI,-0.1585549167989074
2024-12-28,Oran,S2,NDMI,-0.1577226918273252
2024-12-28,TzM,S2,NDMI,-0.08145977094755964
2024-12-30,Oran,S2,NDMI,-0.1551482649413626
2024-12-30,Oran,S2,NDMI,-0.1542934506596395
2024-12-30,TzM,S2,NDMI,-0.06424046380884688
2023-01-01,Oran,PML_V2_long,GPP,1.25
2023-01-01,TzM,PML_V2_long,GPP,0.41
2023-01-09,Oran,PML_V2_long,GPP,1.34
2023-01-09,TzM,PML_V2_long,GPP,0.43
2023-01-17,Oran,PML_V2_long,GPP,1.35
2023-01-17,TzM,PML_V2_long,GPP,0.45
2023-01-25,Oran,PML_V2_long,GPP,1.37
2023-01-25,TzM,PML_V2_long,GPP,0.46
2023-02-02,Oran,PML_V2_long,GPP,1.38
2023-02-02,TzM,PML_V2_long,GPP,0.47
2023-02-10,Oran,PML_V2_long,GPP,1.33
2023-02-10,TzM,PML_V2_long,GPP,0.48
2023-02-18,Oran,PML_V2_long,GPP,1.63
2023-02-18,TzM,PML_V2_long,GPP,0.55
2023-02-26,Oran,PML_V2_long,GPP,1.65
2023-02-26,TzM,PML_V2_long,GPP,0.55
2023-03-06,Oran,PML_V2_long,GPP,2.38
2023-03-06,TzM,PML_V2_long,GPP,1.18
2023-03-14,Oran,PML_V2_long,GPP,2.59
2023-03-14,TzM,PML_V2_long,GPP,1.31
2023-03-22,Oran,PML_V2_long,GPP,3.4
2023-03-22,TzM,PML_V2_long,GPP,1.36
2023-03-30,Oran,PML_V2_long,GPP,3.46
2023-03-30,TzM,PML_V2_long,GPP,2.13
2023-04-07,Oran,PML_V2_long,GPP,3.25
2023-04-07,TzM,PML_V2_long,GPP,2.63
2023-04-15,Oran,PML_V2_long,GPP,3.6
2023-04-15,TzM,PML_V2_long,GPP,2.82
2023-04-23,Oran,PML_V2_long,GPP,2.31
2023-04-23,TzM,PML_V2_long,GPP,2.82
2023-05-01,Oran,PML_V2_long,GPP,2.53
2023-05-01,TzM,PML_V2_long,GPP,2.94
2023-05-09,Oran,PML_V2_long,GPP,2.98
2023-05-09,TzM,PML_V2_long,GPP,3.69
2023-05-17,Oran,PML_V2_long,GPP,2.0
2023-05-17,TzM,PML_V2_long,GPP,3.43
2023-05-25,Oran,PML_V2_long,GPP,2.06
2023-05-25,TzM,PML_V2_long,GPP,3.37
2023-06-02,Oran,PML_V2_long,GPP,2.75
2023-06-02,TzM,PML_V2_long,GPP,3.48
2023-06-10,Oran,PML_V2_long,GPP,2.98
2023-06-10,TzM,PML_V2_long,GPP,4.33
2023-06-18,Oran,PML_V2_long,GPP,3.59
2023-06-18,TzM,PML_V2_long,GPP,4.16
2023-06-26,Oran,PML_V2_long,GPP,3.14
2023-06-26,TzM,PML_V2_long,GPP,3.14
2023-07-04,Oran,PML_V2_long,GPP,2.46
2023-07-04,TzM,PML_V2_long,GPP,2.85
2023-07-12,Oran,PML_V2_long,GPP,1.34
2023-07-12,TzM,PML_V2_long,GPP,1.22
2023-07-20,Oran,PML_V2_long,GPP,1.61
2023-07-20,TzM,PML_V2_long,GPP,1.68
2023-07-28,Oran,PML_V2_long,GPP,0.95
2023-07-28,TzM,PML_V2_long,GPP,0.98
2023-08-05,Oran,PML_V2_long,GPP,1.52
2023-08-05,TzM,PML_V2_long,GPP,1.39
2023-08-13,Oran,PML_V2_long,GPP,1.12
2023-08-13,TzM,PML_V2_long,GPP,1.46
2023-08-21,Oran,PML_V2_long,GPP,0.8200000000000001
2023-08-21,TzM,PML_V2_long,GPP,1.1
2023-08-29,Oran,PML_V2_long,GPP,2.09
2023-08-29,TzM,PML_V2_long,GPP,2.71
2023-09-06,Oran,PML_V2_long,GPP,2.04
2023-09-06,TzM,PML_V2_long,GPP,2.6
2023-09-14,Oran,PML_V2_long,GPP,1.94
2023-09-14,TzM,PML_V2_long,GPP,2.61
2023-09-22,Oran,PML_V2_long,GPP,1.96
2023-09-22,TzM,PML_V2_long,GPP,2.46
2023-09-30,Oran,PML_V2_long,GPP,1.61
2023-09-30,TzM,PML_V2_long,GPP,1.93
2023-10-08,Oran,PML_V2_long,GPP,1.26
2023-10-08,TzM,PML_V2_long,GPP,2.44
2023-10-16,Oran,PML_V2_long,GPP,1.04
2023-10-16,TzM,PML_V2_long,GPP,1.5
2023-10-24,Oran,PML_V2_long,GPP,1.04
2023-10-24,TzM,PML_V2_long,GPP,1.42
2023-11-01,Oran,PML_V2_long,GPP,1.0
2023-11-01,TzM,PML_V2_long,GPP,1.35
2023-11-09,Oran,PML_V2_long,GPP,0.96
2023-11-09,TzM,PML_V2_long,GPP,0.91
2023-11-17,Oran,PML_V2_long,GPP,1.0
2023-11-17,TzM,PML_V2_long,GPP,1.01
2023-11-25,Oran,PML_V2_long,GPP,0.85
2023-11-25,TzM,PML_V2_long,GPP,0.81
2023-12-03,Oran,PML_V2_long,GPP,0.8
2023-12-03,TzM,PML_V2_long,GPP,0.79
2023-12-11,Oran,PML_V2_long,GPP,0.88
2023-12-11,TzM,PML_V2_long,GPP,0.88
2023-12-19,Oran,PML_V2_long,GPP,0.88
2023-12-19,TzM,PML_V2_long,GPP,0.87
2023-12-27,Oran,PML_V2_long,GPP,0.8200000000000001
2023-12-27,TzM,PML_V2_long,GPP,0.39
2023-01-01,Oran,PML_V2_long,ET,0.35
2023-01-01,TzM,PML_V2_long,ET,0.23
2023-01-09,Oran,PML_V2_long,ET,0.21
2023-01-09,TzM,PML_V2_long,ET,0.12
2023-01-17,Oran,PML_V2_long,ET,0.31
2023-01-17,TzM,PML_V2_long,ET,0.29
2023-01-25,Oran,PML_V2_long,ET,0.29
2023-01-25,TzM,PML_V2_long,ET,0.3
2023-02-02,Oran,PML_V2_long,ET,0.43
2023-02-02,TzM,PML_V2_long,ET,0.41
2023-02-10,Oran,PML_V2_long,ET,0.4
2023-02-10,TzM,PML_V2_long,ET,0.42
2023-02-18,Oran,PML_V2_long,ET,0.65
2023-02-18,TzM,PML_V2_long,ET,0.24
2023-02-26,Oran,PML_V2_long,ET,0.74
2023-02-26,TzM,PML_V2_long,ET,0.37
2023-03-06,Oran,PML_V2_long,ET,0.97
2023-03-06,TzM,PML_V2_long,ET,0.55
2023-03-14,Oran,PML_V2_long,ET,1.16
2023-03-14,TzM,PML_V2_long,ET,0.74
2023-03-22,Oran,PML_V2_long,ET,1.37
2023-03-22,TzM,PML_V2_long,ET,0.78
2023-03-30,Oran,PML_V2_long,ET,1.12
2023-03-30,TzM,PML_V2_long,ET,0.79
2023-04-07,Oran,PML_V2_long,ET,1.3
2023-04-07,TzM,PML_V2_long,ET,1.07
2023-04-15,Oran,PML_V2_long,ET,1.2
2023-04-15,TzM,PML_V2_long,ET,1.08
2023-04-23,Oran,PML_V2_long,ET,1.2
2023-04-23,TzM,PML_V2_long,ET,1.51
2023-05-01,Oran,PML_V2_long,ET,1.23
2023-05-01,TzM,PML_V2_long,ET,1.57
2023-05-09,Oran,PML_V2_long,ET,1.17
2023-05-09,TzM,PML_V2_long,ET,1.45
2023-05-17,Oran,PML_V2_long,ET,1.26
2023-05-17,TzM,PML_V2_long,ET,1.35
2023-05-25,Oran,PML_V2_long,ET,2.61
2023-05-25,TzM,PML_V2_long,ET,2.38
2023-06-02,Oran,PML_V2_long,ET,2.83
2023-06-02,TzM,PML_V2_long,ET,2.54
2023-06-10,Oran,PML_V2_long,ET,4.23
2023-06-10,TzM,PML_V2_long,ET,3.76
2023-06-18,Oran,PML_V2_long,ET,3.93
2023-06-18,TzM,PML_V2_long,ET,3.8
2023-06-26,Oran,PML_V2_long,ET,3.96
2023-06-26,TzM,PML_V2_long,ET,4.2700000000000005
2023-07-04,Oran,PML_V2_long,ET,3.15
2023-07-04,TzM,PML_V2_long,ET,3.51
2023-07-12,Oran,PML_V2_long,ET,2.7
2023-07-12,TzM,PML_V2_long,ET,2.7
2023-07-20,Oran,PML_V2_long,ET,1.43
2023-07-20,TzM,PML_V2_long,ET,1.45
2023-07-28,Oran,PML_V2_long,ET,0.91
2023-07-28,TzM,PML_V2_long,ET,0.96
2023-08-05,Oran,PML_V2_long,ET,1.16
2023-08-05,TzM,PML_V2_long,ET,1.16
2023-08-13,Oran,PML_V2_long,ET,0.89
2023-08-13,TzM,PML_V2_long,ET,1.18
2023-08-21,Oran,PML_V2_long,ET,0.85
2023-08-21,TzM,PML_V2_long,ET,0.96
2023-08-29,Oran,PML_V2_long,ET,1.46
2023-08-29,TzM,PML_V2_long,ET,1.71
2023-09-06,Oran,PML_V2_long,ET,1.58
2023-09-06,TzM,PML_V2_long,ET,1.77
2023-09-14,Oran,PML_V2_long,ET,2.0
2023-09-14,TzM,PML_V2_long,ET,1.94
2023-09-22,Oran,PML_V2_long,ET,2.26
2023-09-22,TzM,PML_V2_long,ET,2.25
2023-09-30,Oran,PML_V2_long,ET,1.45
2023-09-30,TzM,PML_V2_long,ET,1.45
2023-10-08,Oran,PML_V2_long,ET,1.11
2023-10-08,TzM,PML_V2_long,ET,1.3
2023-10-16,Oran,PML_V2_long,ET,0.67
2023-10-16,TzM,PML_V2_long,ET,0.71
2023-10-24,Oran,PML_V2_long,ET,0.9
2023-10-24,TzM,PML_V2_long,ET,0.81
2023-11-01,Oran,PML_V2_long,ET,0.71
2023-11-01,TzM,PML_V2_long,ET,0.51
2023-11-09,Oran,PML_V2_long,ET,0.59
2023-11-09,TzM,PML_V2_long,ET,0.47
2023-11-17,Oran,PML_V2_long,ET,0.38
2023-11-17,TzM,PML_V2_long,ET,0.39
2023-11-25,Oran,PML_V2_long,ET,0.19
2023-11-25,TzM,PML_V2_long,ET,0.22
2023-12-03,Oran,PML_V2_long,ET,0.29
2023-12-03,TzM,PML_V2_long,ET,0.33
2023-12-11,Oran,PML_V2_long,ET,0.16
2023-12-11,TzM,PML_V2_long,ET,0.12
2023-12-19,Oran,PML_V2_long,ET,0.12
2023-12-19,TzM,PML_V2_long,ET,0.09
2023-12-27,Oran,PML_V2_long,ET,0.2
2023-12-27,TzM,PML_V2_long,ET,0.12
2023-01-01,Oran,PML_V2_long,Ec,0.13
2023-01-01,TzM,PML_V2_long,Ec,0.03
2023-01-09,Oran,PML_V2_long,Ec,0.14
2023-01-09,TzM,PML_V2_long,Ec,0.03
2023-01-17,Oran,PML_V2_long,Ec,0.13
2023-01-17,TzM,PML_V2_long,Ec,0.04
2023-01-25,Oran,PML_V2_long,Ec,0.13
2023-01-25,TzM,PML_V2_long,Ec,0.04
2023-02-02,Oran,PML_V2_long,Ec,0.16
2023-02-02,TzM,PML_V2_long,Ec,0.05
2023-02-10,Oran,PML_V2_long,Ec,0.1
2023-02-10,TzM,PML_V2_long,Ec,0.04
2023-02-18,Oran,PML_V2_long,Ec,0.27
2023-02-18,TzM,PML_V2_long,Ec,0.1
2023-02-26,Oran,PML_V2_long,Ec,0.23
2023-02-26,TzM,PML_V2_long,Ec,0.08
2023-03-06,Oran,PML_V2_long,Ec,0.5
2023-03-06,TzM,PML_V2_long,Ec,0.22
2023-03-14,Oran,PML_V2_long,Ec,0.7000000000000001
2023-03-14,TzM,PML_V2_long,Ec,0.37
2023-03-22,Oran,PML_V2_long,Ec,1.12
2023-03-22,TzM,PML_V2_long,Ec,0.47
2023-03-30,Oran,PML_V2_long,Ec,1.05
2023-03-30,TzM,PML_V2_long,Ec,0.6900000000000001
2023-04-07,Oran,PML_V2_long,Ec,1.29
2023-04-07,TzM,PML_V2_long,Ec,1.03
2023-04-15,Oran,PML_V2_long,Ec,1.19
2023-04-15,TzM,PML_V2_long,Ec,0.99
2023-04-23,Oran,PML_V2_long,Ec,1.14
2023-04-23,TzM,PML_V2_long,Ec,1.38
2023-05-01,Oran,PML_V2_long,Ec,1.16
2023-05-01,TzM,PML_V2_long,Ec,1.44
2023-05-09,Oran,PML_V2_long,Ec,0.91
2023-05-09,TzM,PML_V2_long,Ec,1.26
2023-05-17,Oran,PML_V2_long,Ec,0.34
2023-05-17,TzM,PML_V2_long,Ec,0.79
2023-05-25,Oran,PML_V2_long,Ec,0.36
2023-05-25,TzM,PML_V2_long,Ec,0.61
2023-06-02,Oran,PML_V2_long,Ec,0.53
2023-06-02,TzM,PML_V2_long,Ec,0.7000000000000001
2023-06-10,Oran,PML_V2_long,Ec,1.16
2023-06-10,TzM,PML_V2_long,Ec,1.61
2023-06-18,Oran,PML_V2_long,Ec,1.37
2023-06-18,TzM,PML_V2_long,Ec,1.6
2023-06-26,Oran,PML_V2_long,Ec,1.53
2023-06-26,TzM,PML_V2_long,Ec,1.8
2023-07-04,Oran,PML_V2_long,Ec,1.53
2023-07-04,TzM,PML_V2_long,Ec,1.78
2023-07-12,Oran,PML_V2_long,Ec,1.15
2023-07-12,TzM,PML_V2_long,Ec,1.13
2023-07-20,Oran,PML_V2_long,Ec,1.13
2023-07-20,TzM,PML_V2_long,Ec,1.28
2023-07-28,Oran,PML_V2_long,Ec,0.84
2023-07-28,TzM,PML_V2_long,Ec,0.91
2023-08-05,Oran,PML_V2_long,Ec,1.1
2023-08-05,TzM,PML_V2_long,Ec,1.15
2023-08-13,Oran,PML_V2_long,Ec,0.81
2023-08-13,TzM,PML_V2_long,Ec,1.17
2023-08-21,Oran,PML_V2_long,Ec,0.66
2023-08-21,TzM,PML_V2_long,Ec,0.88
2023-08-29,Oran,PML_V2_long,Ec,0.6900000000000001
2023-08-29,TzM,PML_V2_long,Ec,0.94
2023-09-06,Oran,PML_V2_long,Ec,0.71
2023-09-06,TzM,PML_V2_long,Ec,0.96
2023-09-14,Oran,PML_V2_long,Ec,0.56
2023-09-14,TzM,PML_V2_long,Ec,0.68
2023-09-22,Oran,PML_V2_long,Ec,0.74
2023-09-22,TzM,PML_V2_long,Ec,0.97
2023-09-30,Oran,PML_V2_long,Ec,0.76
2023-09-30,TzM,PML_V2_long,Ec,0.96
2023-10-08,Oran,PML_V2_long,Ec,0.38
2023-10-08,TzM,PML_V2_long,Ec,0.78
2023-10-16,Oran,PML_V2_long,Ec,0.21
2023-10-16,TzM,PML_V2_long,Ec,0.28
2023-10-24,Oran,PML_V2_long,Ec,0.19
2023-10-24,TzM,PML_V2_long,Ec,0.23
2023-11-01,Oran,PML_V2_long,Ec,0.15
2023-11-01,TzM,PML_V2_long,Ec,0.18
2023-11-09,Oran,PML_V2_long,Ec,0.17
2023-11-09,TzM,PML_V2_long,Ec,0.13
2023-11-17,Oran,PML_V2_long,Ec,0.18
2023-11-17,TzM,PML_V2_long,Ec,0.17
2023-11-25,Oran,PML_V2_long,Ec,0.13
2023-11-25,TzM,PML_V2_long,Ec,0.09
2023-12-03,Oran,PML_V2_long,Ec,0.06
2023-12-03,TzM,PML_V2_long,Ec,0.05
2023-12-11,Oran,PML_V2_long,Ec,0.12
2023-12-11,TzM,PML_V2_long,Ec,0.1
2023-12-19,Oran,PML_V2_long,Ec,0.11
2023-12-19,TzM,PML_V2_long,Ec,0.09
2023-12-27,Oran,PML_V2_long,Ec,0.09
2023-12-27,TzM,PML_V2_long,Ec,0.03
2023-01-01,Oran,PML_V2_long,Es,0.21
2023-01-01,TzM,PML_V2_long,Es,0.2
2023-01-09,Oran,PML_V2_long,Es,0.07
2023-01-09,TzM,PML_V2_long,Es,0.09
2023-01-17,Oran,PML_V2_long,Es,0.17
2023-01-17,TzM,PML_V2_long,Es,0.24
2023-01-25,Oran,PML_V2_long,Es,0.16
2023-01-25,TzM,PML_V2_long,Es,0.26
2023-02-02,Oran,PML_V2_long,Es,0.25
2023-02-02,TzM,PML_V2_long,Es,0.36
2023-02-10,Oran,PML_V2_long,Es,0.3
2023-02-10,TzM,PML_V2_long,Es,0.38
2023-02-18,Oran,PML_V2_long,Es,0.36
2023-02-18,TzM,PML_V2_long,Es,0.14
2023-02-26,Oran,PML_V2_long,Es,0.49
2023-02-26,TzM,PML_V2_long,Es,0.29
2023-03-06,Oran,PML_V2_long,Es,0.46
2023-03-06,TzM,PML_V2_long,Es,0.33
2023-03-14,Oran,PML_V2_long,Es,0.46
2023-03-14,TzM,PML_V2_long,Es,0.37
2023-03-22,Oran,PML_V2_long,Es,0.25
2023-03-22,TzM,PML_V2_long,Es,0.31
2023-03-30,Oran,PML_V2_long,Es,0.07
2023-03-30,TzM,PML_V2_long,Es,0.1
2023-04-07,Oran,PML_V2_long,Es,0.01
2023-04-07,TzM,PML_V2_long,Es,0.04
2023-04-15,Oran,PML_V2_long,Es,0.01
2023-04-15,TzM,PML_V2_long,Es,0.08
2023-04-23,Oran,PML_V2_long,Es,0.05
2023-04-23,TzM,PML_V2_long,Es,0.12
2023-05-01,Oran,PML_V2_long,Es,0.07
2023-05-01,TzM,PML_V2_long,Es,0.13
2023-05-09,Oran,PML_V2_long,Es,0.23
2023-05-09,TzM,PML_V2_long,Es,0.17
2023-05-17,Oran,PML_V2_long,Es,0.89
2023-05-17,TzM,PML_V2_long,Es,0.51
2023-05-25,Oran,PML_V2_long,Es,2.21
2023-05-25,TzM,PML_V2_long,Es,1.7
2023-06-02,Oran,PML_V2_long,Es,2.25
2023-06-02,TzM,PML_V2_long,Es,1.79
2023-06-10,Oran,PML_V2_long,Es,3.0500000000000003
2023-06-10,TzM,PML_V2_long,Es,2.11
2023-06-18,Oran,PML_V2_long,Es,2.49
2023-06-18,TzM,PML_V2_long,Es,2.11
2023-06-26,Oran,PML_V2_long,Es,2.38
2023-06-26,TzM,PML_V2_long,Es,2.42
2023-07-04,Oran,PML_V2_long,Es,1.6
2023-07-04,TzM,PML_V2_long,Es,1.72
2023-07-12,Oran,PML_V2_long,Es,1.55
2023-07-12,TzM,PML_V2_long,Es,1.57
2023-07-20,Oran,PML_V2_long,Es,0.3
2023-07-20,TzM,PML_V2_long,Es,0.17
2023-07-28,Oran,PML_V2_long,Es,0.07
2023-07-28,TzM,PML_V2_long,Es,0.05
2023-08-05,Oran,PML_V2_long,Es,0.05
2023-08-05,TzM,PML_V2_long,Es,0.01
2023-08-13,Oran,PML_V2_long,Es,0.08
2023-08-13,TzM,PML_V2_long,Es,0.01
2023-08-21,Oran,PML_V2_long,Es,0.17
2023-08-21,TzM,PML_V2_long,Es,0.06
2023-08-29,Oran,PML_V2_long,Es,0.74
2023-08-29,TzM,PML_V2_long,Es,0.72
2023-09-06,Oran,PML_V2_long,Es,0.85
2023-09-06,TzM,PML_V2_long,Es,0.8
2023-09-14,Oran,PML_V2_long,Es,1.41
2023-09-14,TzM,PML_V2_long,Es,1.22
2023-09-22,Oran,PML_V2_long,Es,1.52
2023-09-22,TzM,PML_V2_long,Es,1.28
2023-09-30,Oran,PML_V2_long,Es,0.6900000000000001
2023-09-30,TzM,PML_V2_long,Es,0.49
2023-10-08,Oran,PML_V2_long,Es,0.71
2023-10-08,TzM,PML_V2_long,Es,0.49
2023-10-16,Oran,PML_V2_long,Es,0.44
2023-10-16,TzM,PML_V2_long,Es,0.4
2023-10-24,Oran,PML_V2_long,Es,0.6900000000000001
2023-10-24,TzM,PML_V2_long,Es,0.55
2023-11-01,Oran,PML_V2_long,Es,0.56
2023-11-01,TzM,PML_V2_long,Es,0.32
2023-11-09,Oran,PML_V2_long,Es,0.42
2023-11-09,TzM,PML_V2_long,Es,0.34
2023-11-17,Oran,PML_V2_long,Es,0.2
2023-11-17,TzM,PML_V2_long,Es,0.22
2023-11-25,Oran,PML_V2_long,Es,0.05
2023-11-25,TzM,PML_V2_long,Es,0.12
2023-12-03,Oran,PML_V2_long,Es,0.21
2023-12-03,TzM,PML_V2_long,Es,0.26
2023-12-11,Oran,PML_V2_long,Es,0.04
2023-12-11,TzM,PML_V2_long,Es,0.02
2023-12-19,Oran,PML_V2_long,Es,0.01
2023-12-19,TzM,PML_V2_long,Es,0.0
2023-12-27,Oran,PML_V2_long,Es,0.11
2023-12-27,TzM,PML_V2_long,Es,0.09
2023-01-01,Oran,PML_V2_long,Ei,0.01
2023-01-01,TzM,PML_V2_long,Ei,0.0
2023-01-09,Oran,PML_V2_long,Ei,0.0
2023-01-09,TzM,PML_V2_long,Ei,0.0
2023-01-17,Oran,PML_V2_long,Ei,0.01
2023-01-17,TzM,PML_V2_long,Ei,0.01
2023-01-25,Oran,PML_V2_long,Ei,0.0
2023-01-25,TzM,PML_V2_long,Ei,0.0
2023-02-02,Oran,PML_V2_long,Ei,0.02
2023-02-02,TzM,PML_V2_long,Ei,0.0
2023-02-10,Oran,PML_V2_long,Ei,0.0
2023-02-10,TzM,PML_V2_long,Ei,0.0
2023-02-18,Oran,PML_V2_long,Ei,0.02
2023-02-18,TzM,PML_V2_long,Ei,0.0
2023-02-26,Oran,PML_V2_long,Ei,0.02
2023-02-26,TzM,PML_V2_long,Ei,0.0
2023-03-06,Oran,PML_V2_long,Ei,0.01
2023-03-06,TzM,PML_V2_long,Ei,0.0
2023-03-14,Oran,PML_V2_long,Ei,0.0
2023-03-14,TzM,PML_V2_long,Ei,0.0
2023-03-22,Oran,PML_V2_long,Ei,0.0
2023-03-22,TzM,PML_V2_long,Ei,0.0
2023-03-30,Oran,PML_V2_long,Ei,0.0
2023-03-30,TzM,PML_V2_long,Ei,0.0
2023-04-07,Oran,PML_V2_long,Ei,0.0
2023-04-07,TzM,PML_V2_long,Ei,0.0
2023-04-15,Oran,PML_V2_long,Ei,0.0
2023-04-15,TzM,PML_V2_long,Ei,0.01
2023-04-23,Oran,PML_V2_long,Ei,0.01
2023-04-23,TzM,PML_V2_long,Ei,0.01
2023-05-01,Oran,PML_V2_long,Ei,0.0
2023-05-01,TzM,PML_V2_long,Ei,0.0
2023-05-09,Oran,PML_V2_long,Ei,0.03
2023-05-09,TzM,PML_V2_long,Ei,0.02
2023-05-17,Oran,PML_V2_long,Ei,0.03
2023-05-17,TzM,PML_V2_long,Ei,0.05
2023-05-25,Oran,PML_V2_long,Ei,0.04
2023-05-25,TzM,PML_V2_long,Ei,0.07
2023-06-02,Oran,PML_V2_long,Ei,0.05
2023-06-02,TzM,PML_V2_long,Ei,0.05
2023-06-10,Oran,PML_V2_long,Ei,0.02
2023-06-10,TzM,PML_V2_long,Ei,0.04
2023-06-18,Oran,PML_V2_long,Ei,0.07
2023-06-18,TzM,PML_V2_long,Ei,0.09
2023-06-26,Oran,PML_V2_long,Ei,0.05
2023-06-26,TzM,PML_V2_long,Ei,0.05
2023-07-04,Oran,PML_V2_long,Ei,0.02
2023-07-04,TzM,PML_V2_long,Ei,0.01
2023-07-12,Oran,PML_V2_long,Ei,0.0
2023-07-12,TzM,PML_V2_long,Ei,0.0
2023-07-20,Oran,PML_V2_long,Ei,0.0
2023-07-20,TzM,PML_V2_long,Ei,0.0
2023-07-28,Oran,PML_V2_long,Ei,0.0
2023-07-28,TzM,PML_V2_long,Ei,0.0
2023-08-05,Oran,PML_V2_long,Ei,0.01
2023-08-05,TzM,PML_V2_long,Ei,0.0
2023-08-13,Oran,PML_V2_long,Ei,0.0
2023-08-13,TzM,PML_V2_long,Ei,0.0
2023-08-21,Oran,PML_V2_long,Ei,0.02
2023-08-21,TzM,PML_V2_long,Ei,0.02
2023-08-29,Oran,PML_V2_long,Ei,0.03
2023-08-29,TzM,PML_V2_long,Ei,0.05
2023-09-06,Oran,PML_V2_long,Ei,0.02
2023-09-06,TzM,PML_V2_long,Ei,0.01
2023-09-14,Oran,PML_V2_long,Ei,0.03
2023-09-14,TzM,PML_V2_long,Ei,0.04
2023-09-22,Oran,PML_V2_long,Ei,0.0
2023-09-22,TzM,PML_V2_long,Ei,0.0
2023-09-30,Oran,PML_V2_long,Ei,0.0
2023-09-30,TzM,PML_V2_long,Ei,0.0
2023-10-08,Oran,PML_V2_long,Ei,0.02
2023-10-08,TzM,PML_V2_long,Ei,0.03
2023-10-16,Oran,PML_V2_long,Ei,0.02
2023-10-16,TzM,PML_V2_long,Ei,0.03
2023-10-24,Oran,PML_V2_long,Ei,0.02
2023-10-24,TzM,PML_V2_long,Ei,0.03
2023-11-01,Oran,PML_V2_long,Ei,0.0
2023-11-01,TzM,PML_V2_long,Ei,0.01
2023-11-09,Oran,PML_V2_long,Ei,0.0
2023-11-09,TzM,PML_V2_long,Ei,0.0
2023-11-17,Oran,PML_V2_long,Ei,0.0
2023-11-17,TzM,PML_V2_long,Ei,0.0
2023-11-25,Oran,PML_V2_long,Ei,0.01
2023-11-25,TzM,PML_V2_long,Ei,0.01
2023-12-03,Oran,PML_V2_long,Ei,0.02
2023-12-03,TzM,PML_V2_long,Ei,0.02
2023-12-11,Oran,PML_V2_long,Ei,0.0
2023-12-11,TzM,PML_V2_long,Ei,0.0
2023-12-19,Oran,PML_V2_long,Ei,0.0
2023-12-19,TzM,PML_V2_long,Ei,0.0
2023-12-27,Oran,PML_V2_long,Ei,0.0
2023-12-27,TzM,PML_V2_long,Ei,0.0
2018-01-01,Oran,PML,ET,0.2092
2018-01-01,TzM,PML,ET,0.0
2018-01-09,Oran,PML,ET,0.23399999999999999
2018-01-09,TzM,PML,ET,0.1132478632478632
2018-01-17,Oran,PML,ET,0.3893333333333334
2018-01-17,TzM,PML,ET,0.272008547008547
2018-01-25,Oran,PML,ET,0.4994666666666666
2018-01-25,TzM,PML,ET,0.3014957264957265
2018-02-02,Oran,PML,ET,0.5382666666666667
2018-02-02,TzM,PML,ET,0.4685897435897435
2018-02-10,Oran,PML,ET,0.77
2018-02-10,TzM,PML,ET,0.7087179487179488
2018-02-18,Oran,PML,ET,0.9577333333333332
2018-02-18,TzM,PML,ET,0.8706837606837607
2018-02-26,Oran,PML,ET,0.8543999999999999
2018-02-26,TzM,PML,ET,0.7227350427350425
2018-03-06,Oran,PML,ET,1.3061333333333331
2018-03-06,TzM,PML,ET,1.0173931623931622
2018-03-14,Oran,PML,ET,1.0510666666666666
2018-03-14,TzM,PML,ET,0.8873931623931623
2018-03-22,Oran,PML,ET,1.5358666666666667
2018-03-22,TzM,PML,ET,1.4029487179487181
2018-03-30,Oran,PML,ET,1.686
2018-03-30,TzM,PML,ET,1.4345299145299149
2018-04-07,Oran,PML,ET,1.5
2018-04-07,TzM,PML,ET,1.2349572649572647
2018-04-15,Oran,PML,ET,2.3483999999999994
2018-04-15,TzM,PML,ET,2.016068376068376
2018-04-23,Oran,PML,ET,2.6162666666666663
2018-04-23,TzM,PML,ET,2.158504273504273
2018-05-01,Oran,PML,ET,2.900666666666666
2018-05-01,TzM,PML,ET,2.332179487179487
2018-05-09,Oran,PML,ET,2.5052
2018-05-09,TzM,PML,ET,1.175897435897436
2018-05-17,Oran,PML,ET,2.526
2018-05-17,TzM,PML,ET,1.123162393162393
2018-05-25,Oran,PML,ET,3.2664
2018-05-25,TzM,PML,ET,2.671495726495726
2018-06-02,Oran,PML,ET,3.3293333333333335
2018-06-02,TzM,PML,ET,2.869786324786325
2018-06-10,Oran,PML,ET,3.778533333333333
2018-06-10,TzM,PML,ET,3.4982905982905983
2018-06-18,Oran,PML,ET,4.192266666666667
2018-06-18,TzM,PML,ET,3.8706410256410253
2018-06-26,Oran,PML,ET,3.5884
2018-06-26,TzM,PML,ET,2.6135470085470085
2018-07-04,Oran,PML,ET,0.9199999999999998
2018-07-04,TzM,PML,ET,0.9709829059829059
2018-07-12,Oran,PML,ET,0.7847999999999998
2018-07-12,TzM,PML,ET,0.9305128205128204
2018-07-20,Oran,PML,ET,0.6430666666666666
2018-07-20,TzM,PML,ET,1.0557264957264956
2018-07-28,Oran,PML,ET,0.6090666666666666
2018-07-28,TzM,PML,ET,0.995042735042735
2018-08-05,Oran,PML,ET,0.7046666666666664
2018-08-05,TzM,PML,ET,1.0102991452991452
2018-08-13,Oran,PML,ET,1.1962666666666664
2018-08-13,TzM,PML,ET,1.3022222222222222
2018-08-21,Oran,PML,ET,1.1832
2018-08-21,TzM,PML,ET,1.3454273504273504
2018-08-29,Oran,PML,ET,1.2483999999999997
2018-08-29,TzM,PML,ET,1.2362393162393162
2018-09-06,Oran,PML,ET,1.4210666666666665
2018-09-06,TzM,PML,ET,1.0596153846153844
2018-09-14,Oran,PML,ET,1.6323999999999996
2018-09-14,TzM,PML,ET,1.0988461538461538
2018-09-22,Oran,PML,ET,1.4872
2018-09-22,TzM,PML,ET,0.9451282051282051
2018-09-30,Oran,PML,ET,1.2352
2018-09-30,TzM,PML,ET,0.766068376068376
2018-10-08,Oran,PML,ET,0.8241333333333332
2018-10-08,TzM,PML,ET,0.6736752136752134
2018-10-16,Oran,PML,ET,0.7395999999999999
2018-10-16,TzM,PML,ET,0.8178205128205128
2018-10-24,Oran,PML,ET,0.7709333333333334
2018-10-24,TzM,PML,ET,0.6110683760683759
2018-11-01,Oran,PML,ET,0.6094666666666664
2018-11-01,TzM,PML,ET,0.49217948717948723
2018-11-09,Oran,PML,ET,0.5922666666666666
2018-11-09,TzM,PML,ET,0.43200854700854696
2018-11-17,Oran,PML,ET,0.40613333333333335
2018-11-17,TzM,PML,ET,0.261111111111111
2018-11-25,Oran,PML,ET,0.31013333333333326
2018-11-25,TzM,PML,ET,0.19277777777777771
2018-12-03,Oran,PML,ET,0.2486666666666666
2018-12-03,TzM,PML,ET,0.1441880341880342
2018-12-11,Oran,PML,ET,0.3081333333333333
2018-12-11,TzM,PML,ET,0.1517948717948718
2018-12-19,Oran,PML,ET,0.3370666666666666
2018-12-19,TzM,PML,ET,0.2082905982905982
2018-12-27,Oran,PML,ET,0.2866666666666666
2018-12-27,TzM,PML,ET,0.1536324786324786
2019-01-01,Oran,PML,ET,0.2728
2019-01-01,TzM,PML,ET,0.1313247863247863
2019-01-09,Oran,PML,ET,0.2669333333333333
2019-01-09,TzM,PML,ET,0.0852991452991453
2019-01-17,Oran,PML,ET,0.3863999999999998
2019-01-17,TzM,PML,ET,0.2039743589743589
2019-01-25,Oran,PML,ET,0.6362666666666665
2019-01-25,TzM,PML,ET,0.46935897435897433
2019-02-02,Oran,PML,ET,0.7794666666666665
2019-02-02,TzM,PML,ET,0.4540598290598289
2019-02-10,Oran,PML,ET,0.7403999999999997
2019-02-10,TzM,PML,ET,0.6359401709401711
2019-02-18,Oran,PML,ET,0.8025333333333333
2019-02-18,TzM,PML,ET,0.38927350427350427
2019-02-26,Oran,PML,ET,0.8106666666666666
2019-02-26,TzM,PML,ET,0.1745726495726495
2019-03-06,Oran,PML,ET,0.7797333333333332
2019-03-06,TzM,PML,ET,0.2419230769230769
2019-03-14,Oran,PML,ET,0.8140000000000001
2019-03-14,TzM,PML,ET,0.2504700854700854
2019-03-22,Oran,PML,ET,0.8331999999999999
2019-03-22,TzM,PML,ET,0.2491452991452991
2019-03-30,Oran,PML,ET,1.6782666666666666
2019-03-30,TzM,PML,ET,0.9847008547008547
2019-04-07,Oran,PML,ET,1.9882666666666666
2019-04-07,TzM,PML,ET,1.3568803418803415
2019-04-15,Oran,PML,ET,2.1954666666666665
2019-04-15,TzM,PML,ET,1.7013675213675212
2019-04-23,Oran,PML,ET,2.554933333333333
2019-04-23,TzM,PML,ET,2.060982905982906
2019-05-01,Oran,PML,ET,3.0537333333333327
2019-05-01,TzM,PML,ET,2.399059829059829
2019-05-09,Oran,PML,ET,3.5573333333333332
2019-05-09,TzM,PML,ET,2.8673076923076923
2019-05-17,Oran,PML,ET,2.347466666666666
2019-05-17,TzM,PML,ET,1.5663247863247864
2019-05-25,Oran,PML,ET,2.439199999999999
2019-05-25,TzM,PML,ET,1.4774786324786324
2019-06-02,Oran,PML,ET,1.9885333333333333
2019-06-02,TzM,PML,ET,1.1288034188034186
2019-06-10,Oran,PML,ET,1.5358666666666667
2019-06-10,TzM,PML,ET,1.072136752136752
2019-06-18,Oran,PML,ET,0.9376
2019-06-18,TzM,PML,ET,0.6040598290598291
2019-06-26,Oran,PML,ET,0.7366666666666667
2019-06-26,TzM,PML,ET,0.6292735042735041
2019-07-04,Oran,PML,ET,0.8357333333333333
2019-07-04,TzM,PML,ET,0.7730341880341879
2019-07-12,Oran,PML,ET,0.8141333333333334
2019-07-12,TzM,PML,ET,0.7816239316239316
2019-07-20,Oran,PML,ET,0.8350666666666666
2019-07-20,TzM,PML,ET,0.7935042735042734
2019-07-28,Oran,PML,ET,0.8400000000000001
2019-07-28,TzM,PML,ET,0.8155555555555555
2019-08-05,Oran,PML,ET,0.6905333333333332
2019-08-05,TzM,PML,ET,0.6349145299145299
2019-08-13,Oran,PML,ET,0.6714666666666668
2019-08-13,TzM,PML,ET,0.6596153846153846
2019-08-21,Oran,PML,ET,1.1139999999999999
2019-08-21,TzM,PML,ET,1.1976068376068374
2019-08-29,Oran,PML,ET,1.2130666666666667
2019-08-29,TzM,PML,ET,1.3247008547008547
2019-09-06,Oran,PML,ET,2.0744
2019-09-06,TzM,PML,ET,1.2835897435897434
2019-09-14,Oran,PML,ET,2.3099999999999996
2019-09-14,TzM,PML,ET,1.7681623931623929
2019-09-22,Oran,PML,ET,2.1567999999999996
2019-09-22,TzM,PML,ET,1.577008547008547
2019-09-30,Oran,PML,ET,1.884
2019-09-30,TzM,PML,ET,1.3548717948717948
2019-10-08,Oran,PML,ET,1.2698666666666665
2019-10-08,TzM,PML,ET,1.1445299145299146
2019-10-16,Oran,PML,ET,0.9277333333333333
2019-10-16,TzM,PML,ET,0.626965811965812
2019-10-24,Oran,PML,ET,1.002
2019-10-24,TzM,PML,ET,0.7470940170940171
2019-11-01,Oran,PML,ET,0.7110666666666667
2019-11-01,TzM,PML,ET,0.36636752136752115
2019-11-09,Oran,PML,ET,0.4742666666666666
2019-11-09,TzM,PML,ET,0.3605982905982905
2019-11-17,Oran,PML,ET,0.4401333333333331
2019-11-17,TzM,PML,ET,0.2679487179487178
2019-11-25,Oran,PML,ET,0.3133333333333331
2019-11-25,TzM,PML,ET,0.04529914529914521
2019-12-03,Oran,PML,ET,0.35813333333333314
2019-12-03,TzM,PML,ET,0.1450427350427349
2019-12-11,Oran,PML,ET,0.3102666666666666
2019-12-11,TzM,PML,ET,0.1439743589743589
2019-12-19,Oran,PML,ET,0.3845333333333333
2019-12-19,TzM,PML,ET,0.1413247863247862
2019-12-27,Oran,PML,ET,0.1482666666666666
2019-12-27,TzM,PML,ET,0.0586752136752136
2020-01-01,Oran,PML,ET,0.17
2020-01-01,TzM,PML,ET,0.099059829059829
2020-01-09,Oran,PML,ET,0.156
2020-01-09,TzM,PML,ET,0.0917948717948718
2020-01-17,Oran,PML,ET,0.3743999999999999
2020-01-17,TzM,PML,ET,0.2390598290598289
2020-01-25,Oran,PML,ET,0.5521333333333334
2020-01-25,TzM,PML,ET,0.3693162393162392
2020-02-02,Oran,PML,ET,0.7545333333333333
2020-02-02,TzM,PML,ET,0.5486324786324785
2020-02-10,Oran,PML,ET,1.0408
2020-02-10,TzM,PML,ET,0.8222649572649574
2020-02-18,Oran,PML,ET,0.8101333333333333
2020-02-18,TzM,PML,ET,0.5199145299145299
2020-02-26,Oran,PML,ET,0.8370666666666665
2020-02-26,TzM,PML,ET,0.4053846153846153
2020-03-05,Oran,PML,ET,1.0106666666666666
2020-03-05,TzM,PML,ET,0.5248290598290598
2020-03-13,Oran,PML,ET,1.3069333333333335
2020-03-13,TzM,PML,ET,1.1337179487179485
2020-03-21,Oran,PML,ET,1.4282666666666666
2020-03-21,TzM,PML,ET,1.1171367521367521
2020-03-29,Oran,PML,ET,2.2498666666666667
2020-03-29,TzM,PML,ET,1.8058547008547006
2020-04-06,Oran,PML,ET,2.3646666666666665
2020-04-06,TzM,PML,ET,1.7800854700854698
2020-04-14,Oran,PML,ET,2.122
2020-04-14,TzM,PML,ET,1.663717948717949
2020-04-22,Oran,PML,ET,2.673866666666667
2020-04-22,TzM,PML,ET,2.0834615384615387
2020-04-30,Oran,PML,ET,2.848133333333333
2020-04-30,TzM,PML,ET,1.8855128205128204
2020-05-08,Oran,PML,ET,2.993333333333333
2020-05-08,TzM,PML,ET,2.1590598290598293
2020-05-16,Oran,PML,ET,3.9242666666666666
2020-05-16,TzM,PML,ET,3.233076923076923
2020-05-24,Oran,PML,ET,3.688
2020-05-24,TzM,PML,ET,2.758205128205128
2020-06-01,Oran,PML,ET,3.4470666666666667
2020-06-01,TzM,PML,ET,2.7200854700854697
2020-06-09,Oran,PML,ET,2.4281333333333333
2020-06-09,TzM,PML,ET,1.3661965811965813
2020-06-17,Oran,PML,ET,1.598933333333333
2020-06-17,TzM,PML,ET,1.4976923076923077
2020-06-25,Oran,PML,ET,1.3505333333333334
2020-06-25,TzM,PML,ET,1.4484615384615385
2020-07-03,Oran,PML,ET,0.9233333333333332
2020-07-03,TzM,PML,ET,1.4826923076923075
2020-07-11,Oran,PML,ET,1.2908
2020-07-11,TzM,PML,ET,2.5369658119658123
2020-07-19,Oran,PML,ET,1.3114666666666666
2020-07-19,TzM,PML,ET,2.5767948717948723
2020-07-27,Oran,PML,ET,1.2769333333333333
2020-07-27,TzM,PML,ET,2.428119658119658
2020-08-04,Oran,PML,ET,1.2721333333333331
2020-08-04,TzM,PML,ET,2.1642735042735044
2020-08-12,Oran,PML,ET,0.8321333333333332
2020-08-12,TzM,PML,ET,1.0734188034188035
2020-08-20,Oran,PML,ET,0.8305333333333333
2020-08-20,TzM,PML,ET,1.101923076923077
2020-08-28,Oran,PML,ET,0.7161333333333333
2020-08-28,TzM,PML,ET,0.9026495726495727
2020-09-05,Oran,PML,ET,0.5770666666666666
2020-09-05,TzM,PML,ET,0.7195299145299144
2020-09-13,Oran,PML,ET,0.8534666666666664
2020-09-13,TzM,PML,ET,1.0269230769230768
2020-09-21,Oran,PML,ET,0.8406666666666667
2020-09-21,TzM,PML,ET,0.9651709401709401
2020-09-29,Oran,PML,ET,0.9610666666666665
2020-09-29,TzM,PML,ET,1.1955128205128205
2020-10-07,Oran,PML,ET,1.1349333333333333
2020-10-07,TzM,PML,ET,1.1524786324786325
2020-10-15,Oran,PML,ET,0.6347999999999999
2020-10-15,TzM,PML,ET,0.6997863247863247
2020-10-23,Oran,PML,ET,0.6690666666666666
2020-10-23,TzM,PML,ET,0.684017094017094
2020-10-31,Oran,PML,ET,0.7051999999999999
2020-10-31,TzM,PML,ET,0.5565384615384614
2020-11-08,Oran,PML,ET,0.7597333333333333
2020-11-08,TzM,PML,ET,0.49311965811965797
2020-11-16,Oran,PML,ET,0.4290666666666666
2020-11-16,TzM,PML,ET,0.2434188034188034
2020-11-24,Oran,PML,ET,0.3451999999999999
2020-11-24,TzM,PML,ET,0.2116239316239316
2020-12-02,Oran,PML,ET,0.17599999999999988
2020-12-02,TzM,PML,ET,0.10226495726495709
2020-12-10,Oran,PML,ET,0.3581333333333333
2020-12-10,TzM,PML,ET,0.2443589743589743
2020-12-18,Oran,PML,ET,0.4858666666666666
2020-12-18,TzM,PML,ET,0.24594017094017082
2020-12-26,Oran,PML,ET,0.0762666666666666
2020-12-26,TzM,PML,ET,0.0345299145299145
2021-01-01,Oran,PML,ET,0.24893333333333328
2021-01-01,TzM,PML,ET,0.1178205128205127
2021-01-09,Oran,PML,ET,0.1315999999999998
2021-01-09,TzM,PML,ET,0.0245299145299144
2021-01-17,Oran,PML,ET,0.33906666666666657
2021-01-17,TzM,PML,ET,0.0272649572649572
2021-01-25,Oran,PML,ET,0.5142666666666665
2021-01-25,TzM,PML,ET,0.2830341880341879
2021-02-02,Oran,PML,ET,0.6751999999999999
2021-02-02,TzM,PML,ET,0.5077350427350427
2021-02-10,Oran,PML,ET,0.6327999999999999
2021-02-10,TzM,PML,ET,0.5844017094017094
2021-02-18,Oran,PML,ET,0.5545333333333332
2021-02-18,TzM,PML,ET,0.6261538461538462
2021-02-26,Oran,PML,ET,0.5354666666666666
2021-02-26,TzM,PML,ET,0.7380769230769231
2021-03-06,Oran,PML,ET,1.0470666666666664
2021-03-06,TzM,PML,ET,0.9012820512820512
2021-03-14,Oran,PML,ET,1.4225333333333334
2021-03-14,TzM,PML,ET,1.1668376068376067
2021-03-22,Oran,PML,ET,1.7658666666666667
2021-03-22,TzM,PML,ET,1.0533333333333332
2021-03-30,Oran,PML,ET,2.231066666666667
2021-03-30,TzM,PML,ET,1.1105128205128205
2021-04-07,Oran,PML,ET,1.7951999999999997
2021-04-07,TzM,PML,ET,0.9450854700854701
2021-04-15,Oran,PML,ET,2.3682666666666665
2021-04-15,TzM,PML,ET,1.6184615384615382
2021-04-23,Oran,PML,ET,2.206933333333333
2021-04-23,TzM,PML,ET,1.7001282051282052
2021-05-01,Oran,PML,ET,2.6707999999999994
2021-05-01,TzM,PML,ET,2.155598290598291
2021-05-09,Oran,PML,ET,3.3948
2021-05-09,TzM,PML,ET,2.608247863247863
2021-05-17,Oran,PML,ET,3.5395999999999996
2021-05-17,TzM,PML,ET,2.476153846153846
2021-05-25,Oran,PML,ET,3.0822666666666665
2021-05-25,TzM,PML,ET,1.9828632478632475
2021-06-02,Oran,PML,ET,3.6047999999999996
2021-06-02,TzM,PML,ET,2.5817094017094018
2021-06-10,Oran,PML,ET,3.7167999999999997
2021-06-10,TzM,PML,ET,3.4772222222222227
2021-06-18,Oran,PML,ET,2.9570666666666665
2021-06-18,TzM,PML,ET,2.728119658119658
2021-06-26,Oran,PML,ET,2.0221333333333336
2021-06-26,TzM,PML,ET,2.3660683760683763
2021-07-04,Oran,PML,ET,1.2741333333333333
2021-07-04,TzM,PML,ET,2.002393162393162
2021-07-12,Oran,PML,ET,0.8071999999999999
2021-07-12,TzM,PML,ET,1.197222222222222
2021-07-20,Oran,PML,ET,0.6451999999999999
2021-07-20,TzM,PML,ET,1.3607692307692305
2021-07-28,Oran,PML,ET,0.7625333333333333
2021-07-28,TzM,PML,ET,1.3154273504273504
2021-08-05,Oran,PML,ET,0.7961333333333334
2021-08-05,TzM,PML,ET,1.3150854700854702
2021-08-13,Oran,PML,ET,0.76
2021-08-13,TzM,PML,ET,1.5103418803418802
2021-08-21,Oran,PML,ET,1.2852000000000001
2021-08-21,TzM,PML,ET,1.8979059829059828
2021-08-29,Oran,PML,ET,1.8098666666666667
2021-08-29,TzM,PML,ET,2.8662820512820515
2021-09-06,Oran,PML,ET,1.9189333333333327
2021-09-06,TzM,PML,ET,2.192222222222222
2021-09-14,Oran,PML,ET,2.1781333333333333
2021-09-14,TzM,PML,ET,2.0599145299145296
2021-09-22,Oran,PML,ET,2.0798666666666668
2021-09-22,TzM,PML,ET,1.8550000000000002
2021-09-30,Oran,PML,ET,1.5785333333333336
2021-09-30,TzM,PML,ET,1.3954273504273504
2021-10-08,Oran,PML,ET,1.1457333333333333
2021-10-08,TzM,PML,ET,1.0666666666666667
2021-10-16,Oran,PML,ET,0.6381333333333332
2021-10-16,TzM,PML,ET,0.7276068376068374
2021-10-24,Oran,PML,ET,0.9971999999999998
2021-10-24,TzM,PML,ET,0.8137606837606837
2021-11-01,Oran,PML,ET,0.7421333333333333
2021-11-01,TzM,PML,ET,0.5485897435897433
2021-11-09,Oran,PML,ET,0.4961333333333333
2021-11-09,TzM,PML,ET,0.3791880341880341
2021-11-17,Oran,PML,ET,0.37
2021-11-17,TzM,PML,ET,0.30482905982905967
2021-11-25,Oran,PML,ET,0.28426666666666656
2021-11-25,TzM,PML,ET,0.1604700854700854
2021-12-03,Oran,PML,ET,0.1843999999999999
2021-12-03,TzM,PML,ET,0.0717948717948718
2021-12-11,Oran,PML,ET,0.1583999999999999
2021-12-11,TzM,PML,ET,0.0751709401709401
2021-12-19,Oran,PML,ET,0.2890666666666666
2021-12-19,TzM,PML,ET,0.15517094017094002
2021-12-27,Oran,PML,ET,0.2903999999999999
2021-12-27,TzM,PML,ET,0.107051282051282
2022-01-01,Oran,PML,ET,0.28679999999999994
2022-01-01,TzM,PML,ET,0.1177350427350426
2022-01-09,Oran,PML,ET,0.2565333333333333
2022-01-09,TzM,PML,ET,0.1106410256410256
2022-01-17,Oran,PML,ET,0.2017333333333332
2022-01-17,TzM,PML,ET,0.1077350427350426
2022-01-25,Oran,PML,ET,0.40079999999999993
2022-01-25,TzM,PML,ET,0.2393589743589743
2022-02-02,Oran,PML,ET,0.31453333333333333
2022-02-02,TzM,PML,ET,0.4562393162393162
2022-02-10,Oran,PML,ET,0.6711999999999998
2022-02-10,TzM,PML,ET,0.45491452991452985
2022-02-18,Oran,PML,ET,0.9102666666666666
2022-02-18,TzM,PML,ET,0.7679487179487178
2022-02-26,Oran,PML,ET,0.9134666666666668
2022-02-26,TzM,PML,ET,0.9265384615384614
2022-03-06,Oran,PML,ET,0.9483999999999999
2022-03-06,TzM,PML,ET,1.044145299145299
2022-03-14,Oran,PML,ET,0.9581333333333333
2022-03-14,TzM,PML,ET,0.9081196581196581
2022-03-22,Oran,PML,ET,1.0874666666666664
2022-03-22,TzM,PML,ET,0.955897435897436
2022-03-30,Oran,PML,ET,1.4483999999999997
2022-03-30,TzM,PML,ET,1.2682478632478633
2022-04-07,Oran,PML,ET,2.0290666666666666
2022-04-07,TzM,PML,ET,1.6637606837606838
2022-04-15,Oran,PML,ET,2.408266666666666
2022-04-15,TzM,PML,ET,2.0718803418803415
2022-04-23,Oran,PML,ET,2.6172
2022-04-23,TzM,PML,ET,2.095213675213675
2022-05-01,Oran,PML,ET,3.1502666666666665
2022-05-01,TzM,PML,ET,2.481837606837607
2022-05-09,Oran,PML,ET,3.760933333333333
2022-05-09,TzM,PML,ET,3.0358119658119658
2022-05-17,Oran,PML,ET,3.987733333333334
2022-05-17,TzM,PML,ET,3.191752136752136
2022-05-25,Oran,PML,ET,3.732933333333333
2022-05-25,TzM,PML,ET,2.1314102564102564
2022-06-02,Oran,PML,ET,1.7325333333333335
2022-06-02,TzM,PML,ET,1.1217094017094018
2022-06-10,Oran,PML,ET,1.411733333333333
2022-06-10,TzM,PML,ET,1.640982905982906
2022-06-18,Oran,PML,ET,0.9422666666666666
2022-06-18,TzM,PML,ET,1.3627777777777779
2022-06-26,Oran,PML,ET,1.1472
2022-06-26,TzM,PML,ET,1.4805128205128204
2022-07-04,Oran,PML,ET,1.1724
2022-07-04,TzM,PML,ET,1.7897863247863248
2022-07-12,Oran,PML,ET,0.9641333333333333
2022-07-12,TzM,PML,ET,1.3807264957264955
2022-07-20,Oran,PML,ET,0.9201333333333332
2022-07-20,TzM,PML,ET,1.4928205128205128
2022-07-28,Oran,PML,ET,0.59
2022-07-28,TzM,PML,ET,1.5807264957264957
2022-08-05,Oran,PML,ET,0.61
2022-08-05,TzM,PML,ET,1.5184615384615385
2022-08-13,Oran,PML,ET,0.8647999999999999
2022-08-13,TzM,PML,ET,1.6525213675213672
2022-08-21,Oran,PML,ET,1.1998666666666666
2022-08-21,TzM,PML,ET,2.1652991452991457
2022-08-29,Oran,PML,ET,1.1506666666666665
2022-08-29,TzM,PML,ET,1.797991452991453
2022-09-06,Oran,PML,ET,2.3252
2022-09-06,TzM,PML,ET,2.2481196581196583
2022-09-14,Oran,PML,ET,2.1105333333333336
2022-09-14,TzM,PML,ET,1.8844871794871796
2022-09-22,Oran,PML,ET,1.6414666666666666
2022-09-22,TzM,PML,ET,1.301880341880342
2022-09-30,Oran,PML,ET,1.5881333333333332
2022-09-30,TzM,PML,ET,1.4446153846153844
2022-10-08,Oran,PML,ET,0.6293333333333332
2022-10-08,TzM,PML,ET,0.6567094017094017
2022-10-16,Oran,PML,ET,0.9985333333333334
2022-10-16,TzM,PML,ET,0.9105555555555556
2022-10-24,Oran,PML,ET,0.6897333333333333
2022-10-24,TzM,PML,ET,0.6129914529914529
2022-11-01,Oran,PML,ET,0.6334666666666666
2022-11-01,TzM,PML,ET,0.5942735042735043
2022-11-09,Oran,PML,ET,0.5231999999999999
2022-11-09,TzM,PML,ET,0.40794871794871784
2022-11-17,Oran,PML,ET,0.4041333333333333
2022-11-17,TzM,PML,ET,0.1952136752136751
2022-11-25,Oran,PML,ET,0.3084
2022-11-25,TzM,PML,ET,0.237136752136752
2022-12-03,Oran,PML,ET,0.3409333333333333
2022-12-03,TzM,PML,ET,0.1804700854700853
2022-12-11,Oran,PML,ET,0.19839999999999988
2022-12-11,TzM,PML,ET,0.0609401709401708
2022-12-19,Oran,PML,ET,0.2853333333333333
2022-12-19,TzM,PML,ET,0.0564102564102563
2022-12-27,Oran,PML,ET,0.2293333333333333
2022-12-27,TzM,PML,ET,0.0
2023-01-01,Oran,PML,ET,0.2849333333333333
2023-01-01,TzM,PML,ET,0.08914529914529909
2023-01-09,Oran,PML,ET,0.24
2023-01-09,TzM,PML,ET,0.10611111111111099
2023-01-17,Oran,PML,ET,0.2031999999999999
2023-01-17,TzM,PML,ET,0.2272649572649572
2023-01-25,Oran,PML,ET,0.2053333333333333
2023-01-25,TzM,PML,ET,0.2456837606837606
2023-02-02,Oran,PML,ET,0.19
2023-02-02,TzM,PML,ET,0.1217948717948718
2023-02-10,Oran,PML,ET,0.4501333333333332
2023-02-10,TzM,PML,ET,0.3045299145299145
2023-02-18,Oran,PML,ET,0.8438666666666668
2023-02-18,TzM,PML,ET,0.6369230769230768
2023-02-26,Oran,PML,ET,0.95
2023-02-26,TzM,PML,ET,0.8058547008547008
2023-03-06,Oran,PML,ET,1.5061333333333335
2023-03-06,TzM,PML,ET,0.9420940170940171
2023-03-14,Oran,PML,ET,1.4162666666666666
2023-03-14,TzM,PML,ET,0.3873931623931623
2023-03-22,Oran,PML,ET,1.4489333333333332
2023-03-22,TzM,PML,ET,0.41529914529914524
2023-03-30,Oran,PML,ET,1.5210666666666668
2023-03-30,TzM,PML,ET,0.46525641025641007
2023-04-07,Oran,PML,ET,1.4000000000000001
2023-04-07,TzM,PML,ET,0.6091025641025642
2023-04-15,Oran,PML,ET,1.2888
2023-04-15,TzM,PML,ET,0.6034188034188035
2023-04-23,Oran,PML,ET,1.5778666666666668
2023-04-23,TzM,PML,ET,0.8623931623931624
2023-05-01,Oran,PML,ET,2.296666666666667
2023-05-01,TzM,PML,ET,1.1369230769230767
2023-05-09,Oran,PML,ET,1.6632000000000002
2023-05-09,TzM,PML,ET,0.9915384615384615
2023-05-17,Oran,PML,ET,2.0526666666666666
2023-05-17,TzM,PML,ET,1.241025641025641
2023-05-25,Oran,PML,ET,2.641066666666667
2023-05-25,TzM,PML,ET,2.2785470085470085
2023-06-02,Oran,PML,ET,3.0106666666666664
2023-06-02,TzM,PML,ET,2.4962393162393166
2023-06-10,Oran,PML,ET,4.0287999999999995
2023-06-10,TzM,PML,ET,3.3694444444444445
2023-06-18,Oran,PML,ET,3.6887999999999996
2023-06-18,TzM,PML,ET,3.218974358974359
2023-06-26,Oran,PML,ET,3.2601333333333335
2023-06-26,TzM,PML,ET,3.820726495726495
2023-07-04,Oran,PML,ET,2.678
2023-07-04,TzM,PML,ET,3.338547008547008
2023-07-12,Oran,PML,ET,2.7006666666666668
2023-07-12,TzM,PML,ET,3.2182051282051285
2023-07-20,Oran,PML,ET,1.8172000000000001
2023-07-20,TzM,PML,ET,1.6762820512820513
2023-07-28,Oran,PML,ET,1.4236
2023-07-28,TzM,PML,ET,1.1604273504273506
2023-08-05,Oran,PML,ET,1.0930666666666664
2023-08-05,TzM,PML,ET,1.0658974358974358
2023-08-13,Oran,PML,ET,1.1714666666666667
2023-08-13,TzM,PML,ET,0.9854273504273504
2023-08-21,Oran,PML,ET,1.0326666666666666
2023-08-21,TzM,PML,ET,0.9822222222222224
2023-08-29,Oran,PML,ET,2.0906666666666665
2023-08-29,TzM,PML,ET,1.6654273504273505
2023-09-06,Oran,PML,ET,2.3911999999999995
2023-09-06,TzM,PML,ET,1.799059829059829
2023-09-14,Oran,PML,ET,2.148933333333333
2023-09-14,TzM,PML,ET,1.6866666666666665
2023-09-22,Oran,PML,ET,2.2378666666666662
2023-09-22,TzM,PML,ET,1.9332478632478631
2023-09-30,Oran,PML,ET,1.0569333333333333
2023-09-30,TzM,PML,ET,1.1123931623931624
2023-10-08,Oran,PML,ET,0.7584
2023-10-08,TzM,PML,ET,0.9246153846153846
2023-10-16,Oran,PML,ET,0.5101333333333333
2023-10-16,TzM,PML,ET,0.4724358974358973
2023-10-24,Oran,PML,ET,0.8477333333333334
2023-10-24,TzM,PML,ET,0.6906410256410255
2023-11-01,Oran,PML,ET,0.5842666666666667
2023-11-01,TzM,PML,ET,0.3302991452991453
2023-11-09,Oran,PML,ET,0.4352
2023-11-09,TzM,PML,ET,0.2821367521367521
2023-11-17,Oran,PML,ET,0.36
2023-11-17,TzM,PML,ET,0.2389316239316238
2023-11-25,Oran,PML,ET,0.2153333333333332
2023-11-25,TzM,PML,ET,0.17465811965811961
2023-12-03,Oran,PML,ET,0.30199999999999994
2023-12-03,TzM,PML,ET,0.2304700854700854
2023-12-11,Oran,PML,ET,0.1641333333333332
2023-12-11,TzM,PML,ET,0.099059829059829
2023-12-19,Oran,PML,ET,0.1234666666666666
2023-12-19,TzM,PML,ET,0.107051282051282
2023-12-27,Oran,PML,ET,0.1301333333333333
2023-12-27,TzM,PML,ET,0.0517948717948718
