i,vshare_sp,vshare_au,delta_h,db_h,dw_h,s_h,delta_le,db_le,dw_le,s_le,csv_sig_h,csv_sig_le,csv_delta_h,csv_delta_le,csv_p_h,csv_p_le
0,0.30397944206627414,0.22991365082115364,-0.0036380956960321833,0.015532428898545997,-0.019170524594578183,0.44758233334875924,-0.030774990934024776,-0.01787704416616016,-0.012897946767864595,0.5808951887097177,0.0,0.0,-0.003638,-0.030775,0.913543,0.37931
1,0.27731637914542323,0.28073543379753,0.0008857514963979646,-0.0002383546384302302,0.0011241061348282256,0.17494422086015893,-0.05288656022389991,0.0019575374207076463,-0.05484409764460758,0.034462694928705975,0.0,0.0,0.000886,-0.052887,0.976012,0.104448
2,0.19217555677179884,0.16675149614740434,0.021929228068114315,0.0006603286768403528,0.02126889939127396,0.030111806707892673,-0.005754235433186865,0.0009259190863192806,-0.006680154519506199,0.1217341738068536,0.0,0.0,0.021929,-0.005754,0.515742,0.862569
3,0.20023573508218806,0.2541688327232302,0.016345963289723486,0.0064193394980176805,0.009926623791705821,0.39271711212354415,-0.03260391807862254,0.0033122723296773655,-0.03591619040829992,0.08443543535726514,0.0,0.0,0.016346,-0.032604,0.624688,0.331834
4,0.3208844682256442,0.28923360555883404,-0.026418785084701163,-0.020731640397441617,-0.005687144687259529,0.7847310287348188,0.05476332276354828,0.031833105960558,0.022930216802990316,0.5812851440370748,0.0,0.0,-0.026419,0.054763,0.438281,0.103948
5,0.22005555078436714,0.16650190932716835,0.009347898108277151,0.00478180529161609,0.004566092816661073,0.5115380202295965,-0.037833772857390924,-0.00904102876861768,-0.028792744088773217,0.2389671472283922,0.0,0.0,0.009348,-0.037834,0.769115,0.247876
6,0.260071770532435,0.12287323976453007,0.021233816183243725,0.015372731828047069,0.005861084355196659,0.7239740466519708,-0.052126657304078866,-0.012166497527027602,-0.03996015977705128,0.23340260350965533,0.0,0.0,0.021234,-0.052127,0.537231,0.116942
7,0.24907343486923758,0.23570660853454145,0.022302827601862675,0.0054348695712366805,0.016867958030626004,0.2436852254008712,-0.05642312017858374,-0.002189809281952563,-0.05423331089663122,0.03881049603463328,0.0,0.0,0.022303,-0.056423,0.492254,0.072964
8,0.26060933919458734,0.3206606849528273,0.01565433513761578,0.019664559675550943,-0.004010224537935151,0.8306119919922748,-0.05605603246071346,-0.018553697363836323,-0.03750233509687718,0.3309848476493508,0.0,0.0,0.015654,-0.056056,0.624688,0.102449
9,0.32913413794805874,0.3596903944854061,-0.01101408084576457,-0.027531705488246565,0.016517624642482014,0.6250198449451696,-0.02223954381806724,0.029830513710602344,-0.052070057528669604,0.364228396203156,0.0,0.0,-0.011014,-0.02224,0.730635,0.503748
10,0.23916855204327847,0.2077996214655063,0.013360335804700656,-0.013770956706107519,0.027131292510808196,0.3366796929204651,-0.040997637714514194,-0.00046697989373134866,-0.0405306578207829,0.011390409783684328,0.0,0.0,0.01336,-0.040998,0.674163,0.202399
11,0.19139017587852117,0.3416791630424419,-0.008779983743585896,0.006368449293081172,-0.01514843303666705,0.2959745373648512,0.012922583212787971,-0.004087110418146552,0.017009693630934516,0.1937312594191051,0.0,0.0,-0.00878,0.012923,0.788106,0.69915
12,0.406307826324726,0.21537425718937714,-0.007542506070028286,0.027491069775857004,-0.03503357584588529,0.4396837359490331,-0.00036569486117868887,-0.027351505762247454,0.026985810901068774,0.5033650434327167,0.0,0.0,-0.007543,-0.000366,0.809095,0.989505
13,0.30469612330802404,0.1926239254493018,-0.04625762497966624,-0.019999642386231344,-0.026257982593434905,0.4323534205446715,0.031179485903514357,0.013296387175601013,0.01788309872791337,0.42644664561651147,0.0,0.0,-0.046258,0.031179,0.152424,0.342329
14,0.38773369553265336,0.36421499053822143,-0.013468972956600132,-0.02059378819470022,0.007124815238100102,0.7429590832246232,-0.008544306683622093,0.01496672276436616,-0.02351102944798823,0.3889708182995332,0.0,0.0,-0.013469,-0.008544,0.706647,0.813593
15,0.3264992628910861,0.27367837168137193,0.04087004108167504,0.017202147014705377,0.023667894066969633,0.4208986964394891,-0.053351670980515936,-0.021422207503539882,-0.03192946347697603,0.4015283328494677,0.0,0.0,0.04087,-0.053352,0.215392,0.109445
16,0.20191936275843272,0.23592351964939504,0.013285671632580766,0.002678387113564576,0.010607284519016194,0.20159967727911499,-0.07401174427774182,-0.009283487557963915,-0.06472825671977792,0.12543262759929055,0.0,1.0,0.013286,-0.074012,0.681659,0.027486
17,0.25223569285681924,0.30966637412213577,-0.023482422843031293,0.003206062197244762,-0.02668848504027603,0.10724571848409926,-0.027530832339238507,-0.005166792248989071,-0.022364040090249445,0.18767294011758093,0.0,0.0,-0.023482,-0.027531,0.469765,0.408296
18,0.2328888009923297,0.29470441736652314,-0.07410675094188247,-0.013808940562760528,-0.06029781037912198,0.18633849665855753,0.09125516931376447,0.01777320038796563,0.07348196892579886,0.19476376540221713,1.0,1.0,-0.074107,0.091255,0.030485,0.008496
19,0.24971531459101143,0.21794086903154067,-0.0727981601402002,-0.01880707163568377,-0.05399108850451639,0.25834542520667697,0.06759411785143621,0.021365124146864155,0.046228993704572036,0.3160796357136008,1.0,1.0,-0.072798,0.067594,0.022489,0.035482
20,0.2901612226146016,0.3859248801643637,0.04631823174429063,0.011773901774117579,0.03454432997017308,0.2541958388894859,-0.08071789417819532,-0.0177303197722032,-0.06298757440599209,0.2196578584305136,0.0,1.0,0.046318,-0.080718,0.156922,0.015992
21,0.33807783580241796,0.1697314630005816,-0.001796965316304305,-0.019919487068860875,0.018122521752556582,0.5236181707009727,-0.04778712207170389,0.015702157203869513,-0.06348927927557335,0.19828099983949152,0.0,0.0,-0.001797,-0.047787,0.956022,0.15942
22,0.15370738271887383,0.2875402940715463,0.003908238876281625,0.017966733516042922,-0.014058494639761318,0.5610181269789529,-0.013095326772226613,-0.02425907265530452,0.01116374588307792,0.6848430942619252,0.0,0.0,0.003908,-0.013095,0.914043,0.689155
23,0.3585648368848304,0.25232281919788385,-0.023973346506736902,0.000553062333534424,-0.02452640884027133,0.022052392161764155,0.020329807703533345,0.011136495172743559,0.009193312530789768,0.547791466360404,0.0,0.0,-0.023973,0.02033,0.468266,0.555722
24,0.24556815434072427,0.23886326645956385,-0.06209191790829197,-0.0050858053755957365,-0.05700611253269623,0.08190768697316339,0.010521887216779782,-0.0027050904210356667,0.013226977637815463,0.16978903247484195,0.0,0.0,-0.062092,0.010522,0.058971,0.751624
25,0.2263328698791327,0.23881820032526327,-0.016799826563325782,-0.011089223323977677,-0.005710603239348138,0.6600796313091446,0.000876413248264072,0.016099345208951333,-0.01522293196068724,0.5139902543406649,0.0,0.0,-0.0168,0.000876,0.632184,0.976012
26,0.3465868371142395,0.4008274681313948,-0.032199419082964864,0.0019870274012902126,-0.034186446484255055,0.05493051089251946,-0.017176006226860746,0.0013874897209877907,-0.018563495947848525,0.06954492093867154,0.0,0.0,-0.032199,-0.017176,0.314343,0.588206
27,0.36609204270227136,0.33797190604869065,-0.02656806896576085,-0.014555612709478966,-0.012012456256281879,0.5478611459582278,0.023959784795347043,0.017122029037006933,0.006837755758340103,0.7146153099143032,0.0,0.0,-0.026568,0.02396,0.410795,0.444278
28,0.28638054183088407,0.3227252800162574,-0.0494815699136554,-0.0035443147715637432,-0.04593725514209169,0.07162898787868932,-0.009067969836498642,0.0028741073071946637,-0.011942077143693306,0.19398430930187371,0.0,0.0,-0.049482,-0.009068,0.143928,0.784608
29,0.3733350284579547,0.45382950022452867,-0.0481641982391863,-0.013284429801640473,-0.03487976843754587,0.27581544564842925,0.03399598466964369,0.011256020472947595,0.022739964196696064,0.33109852773285114,0.0,0.0,-0.048164,0.033996,0.144428,0.295852
30,0.2833485073759144,0.28991311372932677,-0.05754105029615432,-0.021474180642425667,-0.03606686965372869,0.37319757863128283,0.06617421687211432,0.023589609085599105,0.042584607786515204,0.35647734420775173,0.0,1.0,-0.057541,0.066174,0.081459,0.038981
31,0.3447516349442158,0.25063940442399896,0.027409223923108378,0.01922947425296443,0.008179749670143977,0.7015694536594405,-0.03271780520315843,-0.01909140275198349,-0.013626402451174946,0.5835172204687032,0.0,0.0,0.027409,-0.032718,0.421289,0.329835
32,0.2756705317684716,0.29395840912517684,0.015559815799761113,-0.015809665193499273,0.03136948099326038,0.335098586373657,-0.036258038378124295,0.019183483591655694,-0.055441521969779944,0.25706508759805363,0.0,0.0,0.01556,-0.036258,0.646677,0.26087
33,0.2901206834271993,0.34156347397226333,-0.05486057983194467,-0.023550938290754858,-0.03130964154118984,0.4292870830548789,0.022122148733967784,0.026857171469526035,-0.00473502273555824,0.8501204853065821,0.0,0.0,-0.054861,0.022122,0.088956,0.512244
34,0.22878990663608356,0.3105171937227436,0.007510402889796746,0.0023905743887013275,0.005119828501095397,0.31830175075548184,-0.03661775722484605,-0.009284883713103657,-0.027332873511742392,0.25356232649889426,0.0,0.0,0.00751,-0.036618,0.817591,0.254373
35,0.22035494185846569,0.2880052222076947,-0.034508696095141664,-0.006881767255345344,-0.027626928839796318,0.19942124838249684,-0.01063068485026126,0.005154180247250322,-0.015784865097511567,0.2461516350142339,0.0,0.0,-0.034509,-0.010631,0.316842,0.751624
36,0.22118671980256738,0.2439456207090448,-0.03556348801940701,0.003799078113095109,-0.0393625661325021,0.08801977263603997,-0.013000068001655976,-0.015037532627335152,0.0020374646256791297,0.8806755517738398,0.0,0.0,-0.035563,-0.013,0.295352,0.714643
37,0.15054784045887737,0.3559815176511346,-0.04691714411897545,0.008457134228259212,-0.05537427834723467,0.13249172918203708,0.014003238453328348,-0.012148835267827314,0.026152073721155675,0.3171944371169324,0.0,0.0,-0.046917,0.014003,0.127936,0.662669
38,0.25066873160634784,0.3324851379281845,-0.0594479324975411,-0.02729452242664013,-0.032153410070900945,0.4591332495502532,0.01597551210297943,0.03660121986534436,-0.02062570776236495,0.6395803755786817,0.0,0.0,-0.059448,0.015976,0.077961,0.615692
39,0.3021700894886101,0.16215230937881453,0.04968431910154922,0.029244549330220564,0.020439769771328668,0.5886072277743799,-0.036021885177998814,-0.019011540889346524,-0.01701034428865235,0.5277775106828175,0.0,0.0,0.049684,-0.036022,0.123438,0.251874
40,0.2690514375876515,0.24542153443725426,-0.06706507722869831,-0.01243703205518118,-0.054628045173517145,0.18544721886727591,-0.013213003379512946,0.009319833304623952,-0.022532836684136907,0.29259190227734233,1.0,0.0,-0.067065,-0.013213,0.035982,0.674663
41,0.2825232800560501,0.26167921329779376,0.06662514338388964,0.019700395112155687,0.04692474827173393,0.2956900970350387,-0.09573321689732786,-0.02566816205026093,-0.07006505484706693,0.26812179598842445,1.0,1.0,0.066625,-0.095733,0.047976,0.008496
42,0.21348488303633023,0.28823967509458176,0.018059442687546078,-0.011960977291989116,0.030020419979535196,0.2849113671617158,-0.03951363490374192,0.0048660362031927185,-0.04437967110693462,0.09881137806689644,0.0,0.0,0.018059,-0.039514,0.591704,0.229885
43,0.27395241549073884,0.21410385636043708,-0.03378420468871783,-0.00015444140870212375,-0.03362976328001569,0.004571408743379394,0.021921398027476835,-0.001221117144646035,0.02314251517212287,0.05012048814271299,0.0,0.0,-0.033784,0.021921,0.312844,0.504248
44,0.2778311574366915,0.317267113997804,-0.021695487538537537,-0.02387185637139498,0.0021763688328574234,0.9164484790886203,0.028622219984149024,0.021885236835417404,0.006736983148731612,0.7646240175478158,0.0,0.0,-0.021695,0.028622,0.504748,0.362319
45,0.25744678078332334,0.2687804073797646,0.013447846118693202,-0.015241923801235503,0.02868976991992866,0.34694596338526057,-0.05586649613753039,0.003567080531452502,-0.059433576668982906,0.056619735252981605,0.0,0.0,0.013448,-0.055866,0.716142,0.106447
46,0.31076916306202995,0.27563916537338046,-0.05753472884954067,0.009135195243628933,-0.06666992409316956,0.1205089487827557,0.060305445729504255,0.0007777441069480671,0.059527701622556224,0.0128967475082861,0.0,0.0,-0.057535,0.060305,0.08046,0.075462
47,0.28805809878539274,0.2197016959398235,-0.01333329280858284,-0.002940816962343666,-0.010392475846239192,0.2205619425421014,-0.04525344058604348,0.001586901099221842,-0.04684034168526536,0.03276876832083815,0.0,0.0,-0.013333,-0.045253,0.685157,0.178411
48,0.2251306053822396,0.19616519441330987,-0.004022288152311537,-0.010395124549237748,0.006372836396926179,0.6199396922865497,-0.019686651122273257,0.002818045500053835,-0.022504696622327118,0.11128516360647873,0.0,0.0,-0.004022,-0.019687,0.910545,0.547226
49,0.26703613392263653,0.36936674545547715,-0.0019089319812007673,0.015369702043978287,-0.017278634025179034,0.4707652485388972,0.010726917587550889,0.0029949391507404187,0.007731978436810491,0.27919848607918696,0.0,0.0,-0.001909,0.010727,0.957021,0.755122
50,0.2269304009522947,0.21723726675587934,-0.013061289999167051,-0.004110602233247512,-0.008950687765919518,0.3147164050036146,-0.01903834003648223,-0.000655659625133153,-0.018382680411349078,0.034438907167155586,0.0,0.0,-0.013061,-0.019038,0.673663,0.546727
51,0.26081553549252845,0.31405876973767355,-0.026859957960258914,-0.0007672426343378284,-0.02609271532592106,0.02856455082591772,-0.03893519117742507,0.0005660019612530112,-0.03950119313867805,0.01412631854666525,0.0,0.0,-0.02686,-0.038935,0.426287,0.254873
52,0.23255649510671567,0.19745585576686026,0.022773334403811185,0.0428390840340649,-0.02006574963025375,0.6810141850572035,-0.0767029862134262,-0.04755170953065556,-0.029151276682770615,0.6199460005161058,0.0,1.0,0.022773,-0.076703,0.461269,0.01999
53,0.2059804825173872,0.2225062380504969,-0.014791648974714227,0.012868148889016873,-0.02765979786373112,0.31751297364069764,0.007943882067667002,-0.008583741799377074,0.016527623867044053,0.3418269604848787,0.0,0.0,-0.014792,0.007944,0.65917,0.814093
54,0.262738963023423,0.22366395740455083,-0.05198867862767713,-0.00729557426769349,-0.04469310435998363,0.14033005762546075,0.041087575098365886,0.004017569605310427,0.03707000549305546,0.09778064526057202,0.0,0.0,-0.051989,0.041088,0.113443,0.211394
55,0.2148024674997665,0.15704697095507092,-0.0432271290203432,-0.013218243667198605,-0.030008885353144603,0.30578583326637165,0.03382515090304764,0.026087919795985175,0.007737231107062476,0.7712580461432517,0.0,0.0,-0.043227,0.033825,0.195402,0.321339
56,0.24255194600188745,0.2611859132206113,0.026366880719945043,0.019549277436542806,0.006817603283402224,0.7414330744764549,-0.061362871832984146,-0.009689439101180962,-0.051673432731803165,0.15790393786577372,0.0,0.0,0.026367,-0.061363,0.383808,0.050475
57,0.24203335528255304,0.2089165609885765,-0.010715960325923868,-0.01065997759257761,-5.598273334622792e-05,0.9947757614209531,-0.0018571369427082733,0.007140971227267496,-0.008998108169975795,0.44246459488186435,0.0,0.0,-0.010716,-0.001857,0.751124,0.95952
58,0.3487020917607407,0.25481419065069866,-0.04642264931579413,0.004211622154221649,-0.050634271470015806,0.07679010908412755,0.013342765289754453,-0.00040446242456828024,0.013747227714322715,0.028580503148295768,0.0,0.0,-0.046423,0.013343,0.162419,0.675662
59,0.16251138985501237,0.13781166184255975,-0.057326224905935745,0.011762827758211103,-0.06908905266414682,0.1454861370788642,-0.0011445510293088441,-0.008993522139898034,0.007848971110589183,0.5339780759382445,0.0,0.0,-0.057326,-0.001145,0.075462,0.971514
60,0.21670789408558552,0.32178264979895704,-0.028890426284458252,-0.014291805675634511,-0.014598620608823755,0.4946900241248033,0.03330509670587349,0.024612976415859626,0.00869212029001388,0.7390153114769072,0.0,0.0,-0.02889,0.033305,0.377811,0.328336
61,0.1590364190120788,0.29543551386259775,-0.03307065062263968,0.02648122072945297,-0.05955187135209267,0.3078027313531054,-0.034267269889789446,-0.029869540829026413,-0.004397729060763004,0.8716638624872362,0.0,0.0,-0.033071,-0.034267,0.323338,0.301349
62,0.23047449145420618,0.29097974986260333,-0.02284403119491001,-0.006247717375057655,-0.016596313819852326,0.27349452124937335,0.02953256535355118,0.009892432232704796,0.0196401331208464,0.33496691243299875,0.0,0.0,-0.022844,0.029533,0.475762,0.355322
63,0.2548670503778107,0.2541062285163275,-0.012330232750965654,-0.009488626107733935,-0.0028416066432317196,0.769541524428306,-0.014953604479304435,-0.000854696566147858,-0.014098907913156565,0.057156558295409374,0.0,0.0,-0.01233,-0.014954,0.71914,0.638681
64,0.3871980450824294,0.16649727534842865,-0.030134936973398703,0.008531143038422707,-0.03866608001182142,0.18075519039204532,0.041786697046286146,-0.019865870040568258,0.061652567086854404,0.24369787670874538,0.0,0.0,-0.030135,0.041787,0.357821,0.215392
65,0.24566390170639751,0.2483679009502547,-0.09638942153969082,0.005291275871374035,-0.10168069741106486,0.049464132604186334,0.03267018013593993,-0.006883692362846112,0.039553872498786044,0.1482354292986105,1.0,0.0,-0.096389,0.03267,0.003998,0.309345
66,0.22554350607509535,0.22764075144746898,-0.08263357742041517,-0.026388095385739982,-0.056245482034675144,0.31933865396490313,0.04738054315186874,0.026989134764516722,0.02039140838735202,0.5696248495507642,1.0,0.0,-0.082634,0.047381,0.013993,0.149925
67,0.18463605376357772,0.22301025322999204,0.0811200579271516,0.039790254835172734,0.04132980309197888,0.49051068073577614,-0.090451997315116,-0.04198607231480106,-0.04846592500031502,0.46418070978057296,1.0,1.0,0.08112,-0.090452,0.014493,0.006497
68,0.1267317242202349,0.2406895912403617,0.013295353612927406,-0.013999613680249596,0.027294967293177014,0.33901817987349137,-0.0637440890767329,0.012581312262457883,-0.07632540133919073,0.14151138595482382,0.0,0.0,0.013295,-0.063744,0.697651,0.052974
69,0.12958271959618683,0.23057488346079227,-0.05291094687520905,0.009066076101383358,-0.06197702297659238,0.12761374741595355,0.0038691498869510687,-0.011184959770544569,0.015054109657495585,0.4262712060433004,0.0,0.0,-0.052911,0.003869,0.11994,0.910545
70,0.1970002677054993,0.3399101079688242,0.009480605317515468,-0.0100285233692998,0.019509128686815293,0.3395166057968248,-0.044542510095828595,0.0037617078766550745,-0.04830421797248364,0.07224893853908682,0.0,0.0,0.009481,-0.044543,0.768116,0.176412
71,0.2589947308068427,0.3237683828145445,0.011125365628723901,-0.009254754685166932,0.02038012031389088,0.3122926850699107,-0.05691182838663366,0.00022622071235500535,-0.057138049098988744,0.003943582182759177,0.0,0.0,0.011125,-0.056912,0.749125,0.093953
72,0.24515084209214194,0.2513207475389589,0.06474459453808443,0.019055393914721053,0.045689200623363416,0.2943163680407663,-0.11400180401159878,-0.021031862608166762,-0.09296994140343207,0.18448710343238892,0.0,1.0,0.064745,-0.114002,0.050975,0.001499
73,0.3256696866496261,0.3480874968338057,-0.049174124979385114,-0.01184588626086643,-0.03732823871851867,0.24089673717290327,0.04220261299278454,0.005872821743666006,0.036329791249118545,0.13915777548347757,0.0,0.0,-0.049174,0.042203,0.144428,0.204398
74,0.3262868355667331,0.2721091840350957,-0.043115250682943446,0.0025622200377262185,-0.04567747072066963,0.05311435453761234,-0.01113182265263854,-0.008864285564402264,-0.0022675370882362655,0.7963013642066242,0.0,0.0,-0.043115,-0.011132,0.22039,0.757621
75,0.32999344505722616,0.3600609728420218,-0.051974177641287006,-0.004559298417344737,-0.047414879223942274,0.08772237723147623,0.061364131701694836,0.0007431698271579087,0.06062096187453688,0.012110817941181485,0.0,0.0,-0.051974,0.061364,0.110945,0.063468
76,0.20795269621999005,0.25693098688682964,0.05881526404799922,0.0365300033132832,0.022285260734716032,0.6210973274466813,-0.07315547592144417,-0.0305155599240889,-0.042639915997355324,0.41713295607367934,0.0,1.0,0.058815,-0.073155,0.06097,0.023488
77,0.23727648697665618,0.35424989487675784,-0.03341688119957861,0.016507066969549414,-0.04992394816912801,0.24848434026019692,-0.01092331064424261,-0.024425446352830737,0.013502135708588131,0.6440022017031523,0.0,0.0,-0.033417,-0.010923,0.293853,0.738131
78,0.17882709443291986,0.22737232403540997,-0.052013391342310686,-0.002827891545673856,-0.04918549979663685,0.05436852842497669,0.02858134220761306,-0.002392414637563678,0.030973756845176725,0.07170180249182086,0.0,0.0,-0.052013,0.028581,0.109445,0.358821
79,0.23021953774439982,0.2914794448931632,-0.02809250150139655,-0.01873576233148601,-0.009356739169910554,0.666931078763299,-0.04880273286921739,0.008860894539406828,-0.05766362740862423,0.13319741773310234,0.0,0.0,-0.028093,-0.048803,0.405797,0.14043
80,0.22520002194923833,0.26622352185724724,0.009514291681594749,0.004613025813753432,0.004901265867841302,0.48485225891037864,-0.013428954265210454,-0.006411395247166011,-0.007017559018044426,0.47743071579114815,0.0,0.0,0.009514,-0.013429,0.792104,0.702149
81,0.27441693201653605,0.22099520889656357,0.022359130897253787,0.027233617798877313,-0.0048744869016235206,0.8481851561438477,-0.007435540569914919,-0.018206086986545102,0.010770546416630184,0.6283023542876469,0.0,0.0,0.022359,-0.007436,0.502749,0.830585
82,0.3531296854179586,0.3413206676255549,-0.01880301741750308,-0.02142415534900727,0.002621137931504202,0.8909916422758455,-0.009568520448050847,0.01608966762486094,-0.025658188072911755,0.3854010548790736,0.0,0.0,-0.018803,-0.009569,0.558221,0.762619
83,0.2731090153326549,0.15675922449952653,-0.039308207826528614,-0.009857494627968946,-0.02945071319855967,0.25077446093373523,0.014422074234238526,0.02133412682046309,-0.0069120525862245725,0.755292477375257,0.0,0.0,-0.039308,0.014422,0.256872,0.678661
84,0.20648980598143077,0.2882973142713779,0.03291896515440517,0.0350143464625321,-0.0020953813081269618,0.9435355246722213,-0.024812618604746185,-0.033566793065337955,0.008754174460591738,0.7931480546793235,0.0,0.0,0.032919,-0.024813,0.309845,0.46077
85,0.2920980360606518,0.30055540444687334,-0.003847430395146432,-0.03078419096148846,0.026936760566342012,0.5333278497088825,-0.014947736785559027,0.032374634434374806,-0.04732237121993382,0.40622146551906935,0.0,0.0,-0.003847,-0.014948,0.910045,0.65917
86,0.3236114169698259,0.261708927387197,-0.022553928523432437,-0.0018875066333048293,-0.020666421890127594,0.08368859692642028,0.010979467962669772,0.0119067439052551,-0.0009272759425853505,0.9277485968091767,0.0,0.0,-0.022554,0.010979,0.485757,0.742129
87,0.29704885325327585,0.14301025270411155,0.013350614427664654,0.026903516723885343,-0.013552902296220685,0.6649999524306597,-0.03371755967149453,-0.0333215154768369,-0.00039604419465758857,0.9882540670642778,0.0,0.0,0.013351,-0.033718,0.695152,0.307346
88,0.2568445658893195,0.2598759942593961,-0.02743958438767873,0.00044190782642951863,-0.027881492214108235,0.015602216746472523,0.03158371586345077,0.00795067169213726,0.023633044171313473,0.2517332579393524,0.0,0.0,-0.02744,0.031584,0.418291,0.357821
89,0.28740529053339986,0.11817972091506451,0.0061185426921081905,0.009869315866278658,-0.0037507731741704777,0.7246146362897204,-0.04881773742335016,-0.01536423491297054,-0.033453502510379665,0.3147264851652386,0.0,0.0,0.006119,-0.048818,0.845077,0.13993
90,0.28865566762335876,0.15944698069094274,-0.001876215406279604,0.029444664824193993,-0.03132088023047362,0.48456184829255056,-0.012378252691121472,-0.02376514532148949,0.01138689263036797,0.6760673550147246,0.0,0.0,-0.001876,-0.012378,0.957521,0.702649
91,0.3255387331049886,0.2419887404893757,-0.008073548106779415,-0.01135980024446948,0.003286252137690085,0.7756219865980347,0.03430139152093055,0.010710120267902893,0.023591271253027672,0.3122357371819048,0.0,0.0,-0.008074,0.034301,0.812594,0.310845
92,0.21865257531272533,0.42544054318166274,-0.0031473266799677824,0.001795044639493921,-0.00494237131946172,0.26642924385689387,-0.02736111651380503,-0.005355229338729127,-0.02200588717507589,0.19572407931624985,0.0,0.0,-0.003147,-0.027361,0.930535,0.437281
93,0.2918397963898831,0.2580260866518868,-0.06133139847788195,-0.0051227757983208335,-0.05620862267956112,0.08352615341338203,0.03337426566682109,0.013754653522967553,0.019619612143853528,0.41213351809090726,0.0,0.0,-0.061331,0.033374,0.057471,0.305347
94,0.10454362649912917,0.23488703593876042,0.018888883366801487,0.010034485565243854,0.008854397801557602,0.531237626406237,-0.045941230618834386,-0.012149424641045589,-0.033791805977788816,0.26445579444414624,0.0,0.0,0.018889,-0.045941,0.55972,0.163418
95,0.26079551382292904,0.2832513046384646,-0.04766877426549678,-0.0059326971095438295,-0.04173607715595294,0.1244566742266328,0.005536962514800474,0.011013652513567052,-0.005476689998766536,0.6678850063502096,0.0,0.0,-0.047669,0.005537,0.155922,0.85957
96,0.2638942792259244,0.25939207314084667,-0.11899572284561419,-0.0303537699365675,-0.08864195290904665,0.25508286525515445,0.08102457785925304,0.025780965388210595,0.055243612471042425,0.3181869757222858,1.0,1.0,-0.118996,0.081025,0.001,0.013993
97,0.28626223696754405,0.37777035820079624,0.012270306556625215,0.017823748976853956,-0.005553442420228729,0.7624418465889037,-0.05382993171491385,-0.02127488508650583,-0.03255504662840799,0.39522407717659297,0.0,0.0,0.01227,-0.05383,0.695652,0.093453
98,0.29902349366203,0.18962949019671718,0.029508116312143246,0.00085050026076482,0.028657616051378402,0.02882258737792832,-0.02370681276901309,0.004706177607733614,-0.028412990376746716,0.14209830421884187,0.0,0.0,0.029508,-0.023707,0.384808,0.48026
99,0.13305414262197476,0.3291111638149734,0.020286397200432665,0.008052405052256227,0.012233992148176437,0.39693618204835734,-0.0038929913888747893,0.0004058368165640617,-0.0042988282054388675,0.08626263818274649,0.0,0.0,0.020286,-0.003893,0.529235,0.914543
100,0.2827099463247325,0.2517091412400491,0.04781934793867071,0.020368428126824836,0.02745091981184589,0.42594533394616246,-0.012653055483024533,-0.004534896012286557,-0.00811815947073799,0.35840323456817325,0.0,0.0,0.047819,-0.012653,0.168916,0.694653
101,0.25237670160392217,0.24510653854813538,0.03986711838853887,0.0005745342772499164,0.039292584111288935,0.014411231623278939,-0.07480637917477931,-0.0047267114556169216,-0.0700796677191624,0.06318594092855806,0.0,1.0,0.039867,-0.074806,0.253873,0.029485
102,0.26706954970387203,0.28675262713107824,0.01414727300492823,0.034673256797018936,-0.020525983792090686,0.6281473517927292,-0.05988636943862727,-0.033268335468388636,-0.02661803397023868,0.5555243335043487,0.0,0.0,0.014147,-0.059886,0.668666,0.070965
103,0.32582749466472294,0.1402530786847017,0.04707178077042372,0.008297311785731006,0.03877446898469272,0.17626934120462243,-0.10350264054109934,0.002740497631779127,-0.10624313817287842,0.025145955276177422,0.0,1.0,0.047072,-0.103503,0.161919,0.003998
104,0.1808344937386659,0.18818868503810615,0.015799669598781964,-0.02376623562991399,0.03956590522869596,0.3752634177166457,-0.047523122050061276,0.024692408323837532,-0.07221553037389877,0.2548027401640969,0.0,0.0,0.0158,-0.047523,0.626687,0.146427
105,0.20548635131550644,0.26152770403704045,0.03457193633677737,0.01754782480641407,0.0170241115303633,0.5075742543164071,-0.01790843094051553,-0.011844528070610191,-0.006063902869905325,0.6613939607525009,0.0,0.0,0.034572,-0.017908,0.304848,0.593203
106,0.19936573322525794,0.3364075405075971,-0.019979650622260856,0.014813589300414726,-0.034793239922675585,0.2986199588325935,-0.03792919506920195,-0.01208660191817057,-0.025842593151031323,0.31866223093104246,0.0,0.0,-0.01998,-0.037929,0.542729,0.281859
107,0.17441239593940008,0.2534298326217766,-0.06294021519732113,0.014554823433205109,-0.07749503863052626,0.15811890541593615,-0.008568314836276951,-0.011307284564018309,0.002738969727741389,0.8050035496404035,0.0,0.0,-0.06294,-0.008568,0.061469,0.777611
108,0.3455650455330091,0.22807882500720394,0.03774686770829204,0.03251667226947669,0.0052301954388153755,0.8614402795157907,-0.060727730723151185,-0.03174730007210315,-0.02898043065104801,0.5227809386923158,0.0,0.0,0.037747,-0.060728,0.268866,0.084958
109,0.3376700632994488,0.3244148466098554,0.0009182551447369501,0.005911982060895243,-0.004993726916158308,0.5420997454942643,-0.046110661013993325,-0.011586996121148076,-0.034523664892845245,0.25128670607501685,0.0,0.0,0.000918,-0.046111,0.975012,0.14093
110,0.26333699526178017,0.2846770184215492,0.010751128984279662,0.025421630169331036,-0.014670501185051364,0.6340802873417763,-0.011107007933251128,-0.018835584553071095,0.0077285766198199705,0.7090600162557723,0.0,0.0,0.010751,-0.011107,0.752124,0.758121
111,0.18760793737980733,0.28378938747005644,-0.02420782291712082,-0.01917648324852585,-0.005031339668594967,0.7921605885080816,-0.021956460827209725,0.01926221731924454,-0.041218678146454274,0.3184843275041939,0.0,0.0,-0.024208,-0.021956,0.464268,0.497751
112,0.2537328953033786,0.2668697917066423,-0.00727303310410478,-0.007401552679123566,0.00012851957501878574,0.9829324911260863,-0.06949234131032798,-0.008741764458216346,-0.060750576852111646,0.12579464576072844,0.0,1.0,-0.007273,-0.069492,0.825087,0.03998
113,0.21925793818597847,0.3303888417302037,0.03184258015424614,-0.002021682800853415,0.03386426295509956,0.056336338872106956,0.002525076735301975,0.011639899699804952,-0.009114822964502986,0.5608313774205319,0.0,0.0,0.031843,0.002525,0.332834,0.938031
114,0.24666516533232238,0.34448452501203564,0.007690666092463164,0.009574533202655718,-0.0018838671101925712,0.8355907405259534,-0.02112019746487105,-0.002625873571978128,-0.018494323892892888,0.12432997259356658,0.0,0.0,0.007691,-0.02112,0.810095,0.517241
115,0.2500347813814148,0.3529196232157303,-0.061236729439273635,-0.019472978316792112,-0.04176375112248153,0.3179950741181042,0.035038797479909116,0.014605764522387519,0.020433032957521594,0.41684548480187755,0.0,0.0,-0.061237,0.035039,0.06097,0.293353
116,0.3086563084825381,0.2686323791954359,-0.03880404243357483,0.026603649674861445,-0.06540769210843622,0.28913446059201653,-0.0071589812401604835,-0.022620032605496377,0.015461051365335893,0.5939965527982846,0.0,0.0,-0.038804,-0.007159,0.243878,0.829585
117,0.15751380992881672,0.3747587016750673,-0.018684534780818204,0.004434498650225662,-0.023119033431043885,0.16094120482071203,-0.004812285237665699,-0.0014986585004121648,-0.0033136267372535447,0.31142345609154237,0.0,0.0,-0.018685,-0.004812,0.562219,0.881059
118,0.21655651187449562,0.2685067767125246,-0.022727741527783167,0.01268799073697053,-0.03541573226475378,0.2637631755969433,-0.0012153881420955727,-0.005534545201855087,0.004319157059759517,0.5616716493875684,0.0,0.0,-0.022728,-0.001215,0.504748,0.970015
119,0.23909487772097449,0.2576951743195696,-0.017416293005683516,-0.0035661138649383164,-0.013850179140745208,0.20475734209194651,0.022560912334814918,0.0025977405166354457,0.019963171818179457,0.1151434161032016,0.0,0.0,-0.017416,0.022561,0.603198,0.49925
120,0.24113100250100092,0.33096101319942345,-0.055896154790387766,-0.009688077284746788,-0.046208077505640946,0.173322786175138,0.020028189345546954,0.007625453453114834,0.012402735892432137,0.3807360376693394,0.0,0.0,-0.055896,0.020028,0.078461,0.550225
121,0.23952047050927422,0.29389266884256493,0.029520598483845115,0.04506673496355228,-0.015546136479707191,0.7435175712759271,-0.06084349112929764,-0.05069155345590801,-0.010151937673389651,0.8331466935088273,0.0,0.0,0.029521,-0.060843,0.369315,0.05947
122,0.2689826348159023,0.3526646468563782,-0.020683377448972147,0.0011870733958468487,-0.02187045084481899,0.05148312470396298,-0.008666131466070079,0.002991866018384859,-0.011657997484454969,0.20422483921470636,0.0,0.0,-0.020683,-0.008666,0.517741,0.793603
123,0.3211965886313477,0.319934295413492,-0.022460601171067737,0.011551954517942126,-0.03401255568900984,0.25352965423031354,-0.035833265308089765,-0.024212220812682463,-0.011621044495407287,0.6756911658624728,0.0,0.0,-0.022461,-0.035833,0.485757,0.277361
124,0.20329928133498007,0.17607207070692396,0.022333584326785862,0.01126729873557613,0.01106628559120967,0.5045002437008146,-0.03511296210161649,-0.004081772635252325,-0.031031189466364194,0.11624688977932766,0.0,0.0,0.022334,-0.035113,0.50075,0.283358
125,0.1288564518780088,0.20473050580732943,-0.0209813249959033,-0.0012111354169959305,-0.019770189578907367,0.05772444863384035,0.009233573531812127,0.002415928745865141,0.00681764478594697,0.26164612623071937,0.0,0.0,-0.020981,0.009234,0.527736,0.773113
126,0.18281022563197707,0.09888863335490873,0.027785545826592633,0.007208892280131301,0.02057665354646134,0.25944756763539645,-0.029606058451617567,-0.008623278595667087,-0.02098277985595046,0.2912673637309511,0.0,0.0,0.027786,-0.029606,0.398801,0.382809
127,0.2850369489146276,0.19352013418005226,0.01016630181279191,0.010651320083706553,-0.0004850182709146299,0.956447240064921,-0.05700940979512309,-0.007734175987506423,-0.04927523380761666,0.13566490190480887,0.0,0.0,0.010166,-0.057009,0.762119,0.093453
128,0.30434477203264343,0.31143155986169774,-0.037618125302454515,-0.02668130208332113,-0.010936823219133408,0.7092671915147299,-0.02471255173073139,0.026285507712795097,-0.0509980594435265,0.34011768193395314,0.0,0.0,-0.037618,-0.024713,0.256872,0.463268
129,0.29006370773222306,0.17607590687152547,0.005022357295233272,0.014718924211816248,-0.009696566916582935,0.6028518588633159,-0.04328345196946488,-0.0189717167800941,-0.024311735189370763,0.43831339500088995,0.0,0.0,0.005022,-0.043283,0.892054,0.212894
130,0.2506721781583186,0.22740755047930003,-0.05930568102505385,-0.012373111879946391,-0.04693256914510746,0.20863282684030446,0.059385948970564865,0.008179132541828402,0.051206816428736465,0.13772841359969606,0.0,0.0,-0.059306,0.059386,0.074963,0.070465
131,0.1812332679914475,0.3350275651255807,-0.05798379662248889,-0.00222563051330686,-0.05575816610918202,0.03838366307396391,0.015481459120253092,-0.0006440562825987713,0.016125515402851863,0.03840624523270071,0.0,0.0,-0.057984,0.015481,0.088456,0.646177
132,0.2536978206830608,0.3686140715822752,-0.04496520449157208,-0.02134768380843207,-0.023617520683140013,0.474760073924123,0.026949667885047813,0.028591254837824855,-0.0016415869527770487,0.9457018640805593,0.0,0.0,-0.044965,0.02695,0.174413,0.422789
133,0.22209261641853326,0.25908711130534184,0.024042648942822403,0.014859585345896466,0.009183063596925969,0.6180510883486725,-0.03547454525975699,-0.01253106849041272,-0.022943476769344245,0.35324113103229027,0.0,0.0,0.024043,-0.035475,0.43978,0.25987
134,0.3138869674991731,0.31688488536229786,-0.08484851971975049,-0.033109125220039844,-0.051739394499710635,0.39021452972187703,0.04291117723568573,0.020346349608682944,0.02256482762700278,0.4741503477504818,1.0,0.0,-0.084849,0.042911,0.012494,0.2009
135,0.2747323110075142,0.26383027774665535,-0.03096462122621405,0.005421019353125716,-0.03638564057933981,0.12966879827000843,-0.03821307565078325,-0.00411843475452771,-0.03409464089625555,0.10777553715290368,0.0,0.0,-0.030965,-0.038213,0.366317,0.263368
136,0.2997078037629743,0.2571794394598191,-0.004474654975520175,0.00021698826791365176,-0.004691643243433803,0.04420545062550171,-0.04711334792774252,-0.014887035372787735,-0.03222631255495479,0.3159833895825,0.0,0.0,-0.004475,-0.047113,0.87906,0.154923
137,0.31292465236059813,0.3927038871510566,0.02982546639961166,0.00821416385140461,0.021611302548207017,0.27540772510808315,-0.048678224221910205,-0.008323974101280081,-0.04035425012063012,0.17099995396983766,0.0,0.0,0.029825,-0.048678,0.367316,0.147926
138,0.20958257676807518,0.25245561845977277,-0.07908657430786434,-0.015094371588917428,-0.06399220271894686,0.1908588369267179,0.06845083773735937,0.015083709121310393,0.05336712861604895,0.22035828369530608,1.0,1.0,-0.079087,0.068451,0.023988,0.04048
139,0.1718316770685468,0.3193454796736352,-0.011930387036409536,0.01867205425069251,-0.03060244128710203,0.37893953143306486,-0.025826804456171942,-0.006051594450931734,-0.019775210005240216,0.23431448753953596,0.0,0.0,-0.01193,-0.025827,0.716642,0.452774
140,0.24007532814819113,0.22496467853940705,-0.007423984006405121,0.012690233914976302,-0.0201142179213814,0.3868448702718913,-0.006977774151147281,-0.021089989505862723,0.014112215354715435,0.5991099020470941,0.0,0.0,-0.007424,-0.006978,0.822589,0.841079
141,0.2025717235184991,0.29527791357238853,-0.003605640314540602,0.0067293400610106665,-0.010334980375551263,0.3943514824412471,-0.08619340327012287,-0.01335999191122449,-0.07283341135889834,0.1550001671166807,0.0,1.0,-0.003606,-0.086193,0.92054,0.009495
142,0.1677702606449387,0.3060931231177494,-0.016135931553648716,0.003418409792272944,-0.01955434134592165,0.148802804318438,-0.0005525658863064359,-0.002702096094692752,0.0021495302083863184,0.5569464599896894,0.0,0.0,-0.016136,-0.000553,0.622689,0.984008
143,0.23706303771353343,0.23065765966600324,0.050315392020165606,0.020478934116497736,0.029836457903667877,0.40701131988179884,-0.07121682290528222,-0.011935234880587425,-0.05928158802469475,0.16759010573191668,0.0,1.0,0.050315,-0.071217,0.122439,0.023488
144,0.20173177728723218,0.28468670717658884,0.006855908254279612,-0.007740200099188907,0.014596108353468524,0.3465299610987431,-0.041839076079554866,-0.00027088718444374374,-0.04156818889511117,0.0064745020642584285,0.0,0.0,0.006856,-0.041839,0.831084,0.214393
145,0.40461562203916246,0.2738483556662426,0.02600487860199299,-0.01761839889862251,0.043623277500615516,0.2876864242540839,-0.06543567780734405,0.0038682338822556995,-0.06930391168959973,0.05286484155992219,0.0,0.0,0.026005,-0.065436,0.437781,0.055972
146,0.2708290064129258,0.37580255489131875,-0.001463128645377905,-0.014981844300605288,0.013518715655227387,0.5256684192809775,0.014128356074687437,0.013759646232866237,0.0003687098418211892,0.9739028490029512,0.0,0.0,-0.001463,0.014128,0.968016,0.662669
147,0.24604578238223349,0.22279576799069972,-0.020842191358708694,-0.02361732017127701,0.002775128812568325,0.8948514094214233,0.01687481467806569,0.025887071718563994,-0.009012257040498283,0.7417641725227142,0.0,0.0,-0.020842,0.016875,0.536732,0.622689
148,0.21045004453470362,0.2541252503310968,-0.08906953851210675,-0.01638285704908458,-0.07268668146302215,0.1839333325709075,0.03406435768534447,0.010891804159427433,0.023172553525917038,0.3197419502236327,1.0,0.0,-0.08907,0.034064,0.008996,0.312844
149,0.2599293040000935,0.34562589125716453,0.03999988273371244,0.01597585204176245,0.024024030691949978,0.39939747194053127,-0.015728604723828633,-0.017106443012683784,0.0013778382888551509,0.9254589201290484,0.0,0.0,0.04,-0.015729,0.241879,0.638681
150,0.21336880625908972,0.2548005749532841,0.01323049234291616,0.024428810658174017,-0.01119831831525785,0.6856800242419548,-0.028033010341418245,-0.01222130682740181,-0.01581170351401643,0.4359612713210847,0.0,0.0,0.01323,-0.028033,0.681159,0.395802
151,0.1652328049461221,0.3245133715402607,-0.014317216810625637,0.025799363092555126,-0.04011657990318075,0.39139792165643594,-0.012670028116647225,-0.01703054142405704,0.004360513307409808,0.7961524870021782,0.0,0.0,-0.014317,-0.01267,0.667666,0.695152
152,0.23476505795260724,0.23787173206316492,0.01840382022482437,0.0011181697596931118,0.01728565046513126,0.06075748111171209,-0.056905323578553206,0.00384943569944045,-0.06075475927799365,0.05958491860760803,0.0,0.0,0.018404,-0.056905,0.57971,0.093453
153,0.26616531914528435,0.2521176663723864,-0.01490732265505072,-0.014420879029027972,-0.000486443626022761,0.9673688134832213,0.018452594192535397,0.01941736473666511,-0.0009647705441297731,0.9526658747555841,0.0,0.0,-0.014907,0.018453,0.672664,0.603698
154,0.3247821243819433,0.18012312064891955,-0.05043578632158615,-0.016623320113293226,-0.03381246620829292,0.3295937532786828,0.006981337281826514,0.019340408920201977,-0.01235907163837545,0.6101175344013243,0.0,0.0,-0.050436,0.006981,0.146427,0.849075
155,0.18413142730920087,0.297428389250639,-0.016488321934579445,0.004124413354106732,-0.020612735288686176,0.16672953757378042,-0.025399182817123497,0.0034485727523285033,-0.028847755569452002,0.10677909630992947,0.0,0.0,-0.016488,-0.025399,0.617191,0.446277
156,0.21116267915181705,0.2636147254958719,-0.02446564068204872,-0.029456448857086242,0.004990808175037571,0.8551173996123004,-0.016880277293327813,0.027835672816846124,-0.044715950110173944,0.3836671282301448,0.0,0.0,-0.024466,-0.01688,0.472764,0.612194
157,0.25980800030733237,0.40773851736778755,-0.05498739679433258,-0.0073602358250518555,-0.04762716096928074,0.13385314188596859,-2.386050497702884e-05,0.005891459587472232,-0.005915320092449244,0.498989542211176,0.0,0.0,-0.054987,-2.4e-05,0.093953,0.9995
158,0.2047610615377324,0.2490777610734771,-0.005606012942509739,-0.008029762124017736,0.002423749181507999,0.7681401865202171,-0.013213994514800122,0.008331061277305242,-0.021545055792105364,0.27885354907231913,0.0,0.0,-0.005606,-0.013214,0.867566,0.698651
159,0.2035182976211191,0.25009299627045484,-0.05396858340287115,-0.008623937790379576,-0.045344645612491595,0.15979551892260296,-0.02009193255848996,0.010819561977819882,-0.030911494536309914,0.2592688247458213,0.0,0.0,-0.053969,-0.020092,0.102949,0.563218
160,0.24754013803114924,0.34890895860799614,-0.06686215730655654,-0.03194364283625988,-0.034918514470296605,0.4777536969051326,0.039675617699730104,0.027588570282090066,0.012087047417640061,0.6953532643368958,1.0,0.0,-0.066862,0.039676,0.034983,0.233383
161,0.3112626711995819,0.20424943061588932,-0.031040022958998676,0.008123888545040514,-0.03916391150403917,0.1717967115536943,0.029129741456316083,-0.0029471088607639414,0.032076850317080005,0.08414550867305355,0.0,0.0,-0.03104,0.02913,0.332334,0.356322
162,0.4841125607610893,0.2775502260253028,-0.0036481323781934714,0.011846698321648228,-0.015494830699841715,0.43328587484397596,-0.02249507362298992,-0.011390451811295317,-0.0111046218116946,0.5063531687957802,0.0,0.0,-0.003648,-0.022495,0.916542,0.506747
163,0.17394528277458132,0.19879394507755815,0.0047852715322687644,0.0025985254740047096,0.0021867460582640666,0.5430257105541314,0.03510217577786838,0.004687260387226863,0.03041491539064154,0.13353190460011705,0.0,0.0,0.004785,0.035102,0.889555,0.296852
164,0.2511232201377538,0.22640961790441483,-0.01865301226249314,0.0027492693650335636,-0.021402281627526727,0.11383407077584606,-0.008786786852729954,0.0012813630907737416,-0.010068149943503676,0.11290027042603606,0.0,0.0,-0.018653,-0.008787,0.55972,0.791104
165,0.16919731725141876,0.33518734119454213,0.00887123582769455,0.01834868284404185,-0.009477447016347288,0.6594047729994045,0.02410631306851163,-0.014123591406498076,0.038229904475009756,0.2697736066845304,0.0,0.0,0.008871,0.024106,0.776112,0.472264
166,0.3197450427614629,0.36532773669514124,-0.03902641895733624,0.003852168422169359,-0.04287858737950556,0.08243325741440907,0.03832178561049413,-0.0002644828659982062,0.0385862684764923,0.006807664121258451,0.0,0.0,-0.039026,0.038322,0.233383,0.232884
167,0.2948044598639813,0.24224124859913518,-5.4597890756034884e-05,-0.003592185090712177,0.0035375871999561445,0.5038288663739999,-0.036695460737682116,0.0048723039730338225,-0.041567764710715945,0.10491595105540254,0.0,0.0,-5.5e-05,-0.036695,0.998501,0.255872
168,0.22184955233985962,0.1618975485822942,-0.01877959505528241,0.0017549002472027472,-0.020534495302485196,0.07873251848802675,-0.015032142107779287,-0.010717913356992872,-0.004314228750786426,0.7129997361750747,0.0,0.0,-0.01878,-0.015032,0.576712,0.663668
169,0.26877887575202736,0.2192143958489198,0.08397169414984929,0.011534596454453505,0.07243709769539579,0.1373629122436159,-0.01633469699211876,-0.0026672857928051186,-0.013667411199313632,0.163289578869571,1.0,0.0,0.083972,-0.016335,0.014493,0.634683
170,0.1551317056715122,0.17630109926482224,0.013909010978285924,-0.005368080788393528,0.01927709176667948,0.21781469682948323,-0.06400679544630589,-0.0008486439750571059,-0.06315815147124881,0.013258654321618353,0.0,1.0,0.013909,-0.064007,0.669165,0.042479
171,0.18497337210052922,0.2239974329557609,0.012030780036627626,-0.015836763236414378,0.02786754327304201,0.3623616183679232,-0.01628121080485679,0.010785182618287733,-0.027066393423144527,0.28493351522489563,0.0,0.0,0.012031,-0.016281,0.717141,0.62019
172,0.26371204446079816,0.2581871993413413,0.06003861832590216,0.017629517453253116,0.042409100872649076,0.29363629518514905,-0.06950095414124159,-0.014919007816844555,-0.054581946324397015,0.2146590359972005,0.0,1.0,0.060039,-0.069501,0.089455,0.047476
173,0.261939388493573,0.3514001328943852,0.007058947944836913,0.024384033955385,-0.01732508601054808,0.5846211566031899,-0.06592118540814249,-0.028578448296963214,-0.03734273711117925,0.43352449019269695,0.0,1.0,0.007059,-0.065921,0.829085,0.048476
174,0.28209987620369315,0.31614017203465655,0.01818826808490947,-1.6465148619263827e-05,0.01820473323352874,0.0009036260005486443,-0.05810105565915682,0.007618039966843218,-0.06571909562600002,0.10387697726752558,0.0,0.0,0.018188,-0.058101,0.551224,0.076462
175,0.3114626857792791,0.2711825680142975,-0.02279314803085612,-0.0073441936193345105,-0.015448954411521592,0.32221058755869736,-0.016944930098614384,0.014133514701249045,-0.031078444799863478,0.3126056657841,0.0,0.0,-0.022793,-0.016945,0.506247,0.62019
176,0.19236921947331162,0.34912372791717544,0.02695906697969431,-0.000599497639311329,0.02755856461900565,0.021290443703534917,-0.046096544298168604,-0.0011922662169085046,-0.044904278081260095,0.02586454657417504,0.0,0.0,0.026959,-0.046097,0.428286,0.151924
177,0.3183220492157644,0.3938140619103554,0.01988447946437683,0.003074900995136907,0.016809578469239892,0.1546382443978791,-0.05775971650340278,-0.004501067840913231,-0.05325864866248951,0.07792745729020438,0.0,0.0,0.019884,-0.05776,0.53923,0.074463
178,0.23140239341611185,0.3099859764156547,-0.06184443580232335,-0.01562481069572513,-0.046219625106598224,0.25264699229640547,0.009434560675192471,0.009486625717269988,-5.206504207750902e-05,0.9945416993389279,0.0,0.0,-0.061844,0.009435,0.072964,0.763118
179,0.37130104342993425,0.34768504202097383,0.0042020474826998215,-0.013775536742550174,0.01797758422525001,0.4338325280377794,-0.035143436109324314,0.00884806084064192,-0.04399149694996626,0.1674514551333848,0.0,0.0,0.004202,-0.035143,0.907546,0.277861
180,0.28777391096622584,0.2576180704214675,-0.05278098298765834,0.016877174203656822,-0.06965815719131518,0.1950321785517244,0.004969348655231437,-0.005969969863367195,0.010939318518598608,0.35305861065888045,0.0,0.0,-0.052781,0.004969,0.114943,0.896052
181,0.2708670614554748,0.22152571918210148,0.035548059555099494,-0.018315681437328854,0.053863740992428355,0.25375211965921607,-0.06618372907464667,0.012239086293977507,-0.0784228153686242,0.13499701715418755,0.0,1.0,0.035548,-0.066184,0.281359,0.046977
182,0.24663783560852157,0.2726687105018519,-0.035746187526287304,0.009843946468960085,-0.0455901339952474,0.17757932280154073,-0.00712417541900633,-0.008046629390872575,0.0009224539718662357,0.8971518120013823,0.0,0.0,-0.035746,-0.007124,0.271364,0.825087
183,0.1620488254219525,0.16063672717500957,-0.0528555675814759,-0.032061280507124285,-0.02079428707435163,0.6065828440438633,0.0017712064565666291,0.03325984572648398,-0.03148863926991739,0.5136775899595568,0.0,0.0,-0.052856,0.001771,0.116442,0.95902
184,0.19689838869954854,0.14199266675151784,-0.004084529751570004,-0.0023261487621686707,-0.0017583809894013112,0.5695022202432392,-0.05170586404375081,-0.0037709718202962733,-0.047934892223454505,0.07293122143951555,0.0,0.0,-0.004085,-0.051706,0.890555,0.118941
185,0.27994443349944076,0.27345073861941754,-0.013884980104940992,-0.028343375007010365,0.014458394902069405,0.6622010040056248,-0.0009259608882597557,0.03380593692870988,-0.03473189781696965,0.4932448924619832,0.0,0.0,-0.013885,-0.000926,0.657171,0.976512
186,0.37762201662497225,0.25143644278651023,-0.011445435795199868,0.009774881234697231,-0.02122031702989709,0.31536759827289235,-0.004055865555872361,-0.02062326498625571,0.016567399430383302,0.5545280061473952,0.0,0.0,-0.011445,-0.004056,0.709145,0.90005
187,0.2259617190944697,0.28742760153402797,4.039951121299207e-05,-0.003037000882232343,0.003077400393445319,0.49669636409261525,-0.0629682755066432,0.010898871823466398,-0.07386714733010963,0.12857595451923035,0.0,0.0,4e-05,-0.062968,1.0,0.062469
188,0.2452015898145596,0.27971555299273554,-0.022975698196779797,0.015771069336348094,-0.038746767533127904,0.28928274197867454,-0.03244321309115744,-0.010407773797465197,-0.02203543929369227,0.3207997237579985,0.0,0.0,-0.022976,-0.032443,0.465767,0.330835
189,0.320285406573949,0.29392976407394367,-0.006562365392998006,0.011776647425885639,-0.01833901281888367,0.3910472933407158,-0.006258523698528369,-0.004560409293460027,-0.0016981144050683648,0.7286717304485635,0.0,0.0,-0.006562,-0.006259,0.841079,0.828586
190,0.36597455600689555,0.2954375319770323,-0.0029742736968293793,0.007975876311940466,-0.010950150008769807,0.42142371445466426,-0.059061059864113696,-0.007941606183118184,-0.05111945368099551,0.1344643357465993,0.0,0.0,-0.002974,-0.059061,0.924038,0.077961
191,0.25339754494673866,0.2948827792322752,0.029991015279018717,-0.016111245498029753,0.04610226077704849,0.2589670067266996,-0.07014731222526022,0.01159584260986543,-0.08174315483512566,0.1242336314646982,0.0,1.0,0.029991,-0.070147,0.366817,0.035482
192,0.20730549939201587,0.24026791837813813,-0.030659519109654212,-0.00308695733429423,-0.02757256177535999,0.10068511913881238,0.026770354381197122,6.860368371737653e-05,0.0267017506974797,0.0025626737225997384,0.0,0.0,-0.03066,0.02677,0.355322,0.415792
193,0.23662309358975187,0.2741430401416804,-0.020273361069127957,0.0221463014137431,-0.04241966248287103,0.3430027227535042,-0.026146180855956526,-0.02369698888530042,-0.0024491919706560693,0.9063269704990927,0.0,0.0,-0.020273,-0.026146,0.555722,0.431284
194,0.3718626675525037,0.21946238009262276,0.02367633254433346,0.018525867217900272,0.00515046532643321,0.782463550180795,-0.02672312231545073,-0.02685284221991973,0.0001297199044689827,0.9951924541535019,0.0,0.0,0.023676,-0.026723,0.467766,0.418291
195,0.3314775728321516,0.2153364757360253,0.02168954478228395,-0.0006401022925444054,0.02232964707482837,0.02786718663346124,0.005026135123620025,0.019310834634933875,-0.014284699511313857,0.5748036197570233,0.0,0.0,0.02169,0.005026,0.509745,0.882059
196,0.2618588422253267,0.4054547743039661,0.0015011129312522365,0.033357992557678386,-0.03185687962642614,0.5115089770245547,-0.011357023872195192,-0.035724296496315186,0.024367272624119984,0.5944976478267152,0.0,0.0,0.001501,-0.011357,0.964518,0.748126
197,0.2461869122858498,0.2092442916060727,-0.045462468327172496,-0.0011717696800177028,-0.044290698647154805,0.025774440393007577,0.006929879875157426,-0.001086051388169665,0.008015931263327098,0.1193203096240873,0.0,0.0,-0.045462,0.00693,0.151924,0.828586
198,0.16658198604717367,0.15826255167178627,0.0031667908062447854,-0.012899892330648643,0.016066683136893436,0.4453371557539952,-0.01856980400805795,0.005641762473141383,-0.02421156648119935,0.18898269207330928,0.0,0.0,0.003167,-0.01857,0.925537,0.588206
199,0.3166564108413153,0.23515449341427191,-0.005835712226093519,0.0024083737491154816,-0.008244085975209023,0.22608616333146492,0.021530162161352458,-0.0022805733505392323,0.023810735511891723,0.08740739541139099,0.0,0.0,-0.005836,0.02153,0.852074,0.513743
200,0.31553771204070724,0.21098540125010048,0.024021989456079945,0.018150325010391447,0.005871664445688507,0.755571267049974,-0.03763173323595729,-0.015007592071771733,-0.02262414116418556,0.3988015108863471,0.0,0.0,0.024022,-0.037632,0.470265,0.267366
201,0.2914597728440288,0.36105060959613844,0.01609112533350917,0.0025174619601977368,0.013573663373311432,0.15645033569872308,-0.047605365142187286,-0.0033996350757597976,-0.044205730066427515,0.0714128557906403,0.0,0.0,0.016091,-0.047605,0.652674,0.167916
202,0.29024129591025455,0.2785931590489471,-0.06429049129090036,0.0021699639014972024,-0.0664604551923976,0.031618106521081074,0.04980999709880616,-0.011004800146415548,0.06081479724522168,0.15322837423336713,1.0,0.0,-0.06429,0.04981,0.042479,0.11944
203,0.23732815536143106,0.2502407822316938,0.02171182305976064,0.003428290053456815,0.01828353300630384,0.1578996864528891,-0.01675817675950625,0.004292160757499493,-0.021050337517005722,0.16936612606253765,0.0,0.0,0.021712,-0.016758,0.512244,0.5997
204,0.25375621785034314,0.24990365124954722,-0.012928738350280796,-0.030339669732658447,0.01741093138237764,0.6353777549222276,0.00721818256686986,0.025948796119542452,-0.018730613552672623,0.5807775060125584,0.0,0.0,-0.012929,0.007218,0.712144,0.823588
205,0.1889259098585621,0.22814919334632172,-0.016256229324124755,0.001598669142663385,-0.01785489846678813,0.08217871265354287,-0.007284124223263258,0.0005545990496953895,-0.007838723272958665,0.06607622445268128,0.0,0.0,-0.016256,-0.007284,0.627686,0.831584
206,0.3444752020553336,0.2087363592377155,-0.019570081384826597,-0.004120955493122732,-0.015449125891703873,0.21057426446462602,-0.0008442423813009026,-0.0017493361257592656,0.0009050937444582928,0.6590251810329008,0.0,0.0,-0.01957,-0.000844,0.561719,0.98051
207,0.21477010723708714,0.35595411527209614,-0.0026366158023958604,-0.010158860837837054,0.007522245035441212,0.5745602628391192,-0.03325489715542772,0.01025072735755763,-0.04350562451298533,0.19068867214508198,0.0,0.0,-0.002637,-0.033255,0.944528,0.31934
208,0.26530239519285786,0.23252217627491828,-0.08209132568625843,-0.010762679033015983,-0.07132864665324248,0.1311061667361718,0.02220050540256993,0.013135224112310176,0.00906528129025978,0.5916632920793609,1.0,0.0,-0.082091,0.022201,0.013993,0.484258
209,0.29324894297776094,0.2822978036066569,-0.0159230133050672,0.022734657606952376,-0.03865767091201956,0.37031756500206264,-0.02843665821844314,-0.020481051023499227,-0.007955607194943912,0.7202341029726147,0.0,0.0,-0.015923,-0.028437,0.610195,0.404798
210,0.2642100509089251,0.2863581111174199,-0.0013934745543217088,0.028548597278248516,-0.029942071832570236,0.488088061091577,-0.04932356544676972,-0.022512607292444402,-0.02681095815432534,0.45642700580395246,0.0,0.0,-0.001393,-0.049324,0.965517,0.14093
211,0.2231114854677016,0.3412078933958043,0.013941668897668296,0.014552298284234872,-0.0006106293865665849,0.9597287938171436,-0.02481870173549905,-0.01954999915587389,-0.005268702579625181,0.7877124018904998,0.0,0.0,0.013942,-0.024819,0.663668,0.42079
212,0.3122644588091557,0.12710824157765566,-0.02661928378995599,0.027169786826635563,-0.053789070616591564,0.33559992920711035,-0.024361969597293472,-0.031805212324757956,0.007443242727464456,0.8103557778883074,0.0,0.0,-0.026619,-0.024362,0.435282,0.477261
213,0.13348151940075542,0.2484755283659168,-0.03637749200431012,-0.024146216760011177,-0.012231275244298949,0.6637680452833377,0.0004549519190010943,0.023142594540789933,-0.02268764262178881,0.5049634471384822,0.0,0.0,-0.036377,0.000455,0.262869,0.988006
214,0.3418635148353751,0.2203432463173257,-0.05307847123341106,0.008648996369802068,-0.06172746760321312,0.12289614853508977,0.008648503638863502,-0.010855530507038436,0.019504034145901912,0.3575654206881741,0.0,0.0,-0.053078,0.008649,0.110945,0.784608
215,0.3135852275678784,0.20049867008695393,-0.04894905163601128,-0.014750269618786008,-0.03419878201722526,0.3013392318296602,0.000353543599387475,0.009355144296303386,-0.009001600696915916,0.5096298009129088,0.0,0.0,-0.048949,0.000354,0.147426,0.992504
216,0.17745114934493525,0.28811221416895294,-0.06375765365800871,-0.022224565839059886,-0.04153308781894886,0.3485787911561297,0.009035997952151438,0.012158125702308549,-0.0031221277501570707,0.7956756568292861,0.0,0.0,-0.063758,0.009036,0.052974,0.794603
217,0.25250290281599647,0.32682245566203727,0.053179212097449094,-0.011362300188527312,0.06454151228597639,0.1496934056157448,-0.05313047946494579,0.009491429380254442,-0.06262190884520022,0.13161822228476652,0.0,0.0,0.053179,-0.05313,0.11994,0.116442
218,0.2388499367399401,0.15871866649946278,-0.005017787775270569,0.007399639697202254,-0.012417427472472847,0.37339731625502537,-0.06414274295265639,-0.0024347501836246084,-0.06170799276903174,0.03795831097247733,0.0,0.0,-0.005018,-0.064143,0.874563,0.055972
219,0.3507332210395398,0.3115593458245686,-0.07294222185975399,-0.032150722818754716,-0.040791499040999234,0.44076972155538297,0.07173366434175607,0.03894196390038271,0.03279170044137338,0.5428687389348188,1.0,1.0,-0.072942,0.071734,0.022989,0.029985
220,0.2560778454690418,0.24879079763879497,-0.02159101885327946,0.0075436202057082785,-0.029134639058987753,0.2056700715066172,-0.006306058747887363,0.0012804047113224165,-0.0075864634592097725,0.1444032646811717,0.0,0.0,-0.021591,-0.006306,0.52074,0.846577
221,0.34906568284484096,0.19457168789760065,-0.015820633264994922,-0.01438196919809136,-0.0014386640669035913,0.9090640657168378,-0.012958869255675153,0.009230205704648827,-0.02218907496032395,0.2937752077481187,0.0,0.0,-0.015821,-0.012959,0.621189,0.686657
222,0.3501589886795318,0.29148145566234435,-0.0010867065115576502,0.01968674313002123,-0.02077344964157893,0.4865706706133085,-0.01933226530576676,-0.016503920736214955,-0.00282834456955182,0.8536982332480131,0.0,0.0,-0.001087,-0.019332,0.975512,0.558221
223,0.39400860743325494,0.34380149650827524,-0.08283114649356198,-0.027577554695708918,-0.05525359179785309,0.3329370153997852,0.03603402300954819,0.025907765557890036,0.01012625745165811,0.718980657558694,1.0,0.0,-0.082831,0.036034,0.018491,0.278361
224,0.3477348205631684,0.3422520531606479,-0.005222738027937816,0.0088704112474897,-0.014093149275427467,0.38628205058345416,-0.012128965449023688,0.0013760665527515104,-0.013505032001775202,0.09247076401714455,0.0,0.0,-0.005223,-0.012129,0.875562,0.716142
225,0.20237235650824362,0.33035355931211485,0.08068933931027186,0.02540737987303316,0.05528195943723871,0.3148790173548833,-0.0938102604725443,-0.03515853215729288,-0.058651728315251415,0.37478344032082533,1.0,1.0,0.080689,-0.09381,0.012494,0.004498
226,0.18724714654181226,0.3652281992456661,-0.02611778480266143,-0.02467585044117196,-0.0014419343614894952,0.9447910926449413,0.029285881631336722,0.02318861183236406,0.006097269798972661,0.7918017331447379,0.0,0.0,-0.026118,0.029286,0.421289,0.371314
227,0.28326512472074533,0.4079382664371632,0.03844903177666634,0.012740572700739552,0.025708459075926803,0.331362640670485,-0.05372759527502338,-0.021412360056625716,-0.032315235218397714,0.3985356118586563,0.0,0.0,0.038449,-0.053728,0.261369,0.130435
228,0.22303598870538516,0.2392047582440294,-0.026678487655524438,-0.022041049839306586,-0.004637437816217888,0.8261731370946889,-0.03524071484336465,0.013761724670850482,-0.049002439514215124,0.21926086086756189,0.0,0.0,-0.026678,-0.035241,0.403798,0.284858
229,0.24602804562741273,0.31906012236413256,-0.06262650278528273,-0.02987829419655408,-0.03274820858872862,0.477087061670886,0.053022515397871006,0.022407184960950212,0.03061533043692079,0.4225975473402365,0.0,0.0,-0.062627,0.053023,0.05947,0.121439
230,0.29327812034298895,0.1862813067457807,-0.018248192143716514,0.0018248677719789666,-0.020073059915695468,0.08333518121014345,-0.03685988023788621,-0.0011728627431905675,-0.03568701749469566,0.03181949413891602,0.0,0.0,-0.018248,-0.03686,0.603698,0.281359
231,0.20626705737500578,0.2827191038170813,-0.09008703044783906,-0.02247824601368812,-0.06760878443415091,0.24951700485568973,0.04743827862606985,0.01922789339769953,0.02821038522837033,0.4053244332338142,1.0,0.0,-0.090087,0.047438,0.006497,0.16092
232,0.28561421573977713,0.30371292830121344,0.005543077673667875,0.00608478230452522,-0.0005417046308573332,0.9182516111267244,0.028399926423204807,-0.010432570370844482,0.038832496794049334,0.21176405455666789,0.0,0.0,0.005543,0.0284,0.868566,0.397301
233,0.32911872205252607,0.20265239862549905,-0.02425328464860077,0.012528191092360471,-0.03678147574096129,0.25407170433149945,-0.04464365434120755,-0.008832105087235326,-0.03581154925397225,0.19783562115530043,0.0,0.0,-0.024253,-0.044644,0.451274,0.171414
234,0.25962481027856626,0.14286264743380642,-0.08447778798809001,-0.006548408854197769,-0.07792937913389225,0.07751633903010087,0.05735642573764187,0.0072031371747488596,0.050153288562892945,0.12558553086444496,1.0,0.0,-0.084478,0.057356,0.013493,0.098951
235,0.22667104959409554,0.4098617849807278,0.022543064903055347,0.003477433543017695,0.019065631360037624,0.154257354000981,-0.04838736978131435,-0.014388613499494253,-0.03399875628182007,0.29736300122373427,0.0,0.0,0.022543,-0.048387,0.494253,0.136932
236,0.2612916774333861,0.21528472530360646,-0.06555054910959202,-0.012885416610450035,-0.052665132499142,0.19657221465692507,-0.0015912540496915775,0.0023473138791825464,-0.003938567928874141,0.37342634667008323,1.0,0.0,-0.065551,-0.001591,0.047976,0.962019
237,0.2813376490997187,0.20225967247624452,0.020544986311890515,-0.0008720081091560883,0.021416994421046602,0.039122796454191915,-0.07916565615115115,-0.0033516812493382515,-0.07581397490181291,0.04233756672134289,0.0,1.0,0.020545,-0.079166,0.532734,0.015992
238,0.31061523926759416,0.29183720548739567,-0.03105461820913988,-0.026192523848768835,-0.004862094360371057,0.8434340964159701,0.023954204996695545,0.0401695345383502,-0.016215329541654663,0.7124169791622337,0.0,0.0,-0.031055,0.023954,0.37981,0.490755
239,0.40086421987304144,0.2278704841916912,-0.008813561063488504,0.005648326599327773,-0.014461887662816298,0.280868543999569,-0.01886376281587258,-0.008341358475323994,-0.010522404340548606,0.44218953327303806,0.0,0.0,-0.008814,-0.018864,0.785107,0.574213
240,0.15025749025208254,0.26937974214318255,-0.006758997159734454,-0.0017360219275579262,-0.005022975232176541,0.256846080347536,-0.07289037378580179,-0.011318652179677131,-0.061571721606124605,0.15528322317208207,0.0,1.0,-0.006759,-0.07289,0.83908,0.04048
241,0.2672274511401215,0.1348229030690757,-0.01084763876360661,0.019769070102557372,-0.030616708866164,0.39235416236850623,-0.043861602441030566,-0.016649978255509786,-0.027211624185520786,0.3796025983750761,0.0,0.0,-0.010848,-0.043862,0.746627,0.196902
242,0.2529532090675761,0.26325116999275705,-0.016553183416699292,0.020514997980293024,-0.03706818139699236,0.35626719820172864,-0.018888734552891893,-0.0257283024704065,0.006839567917514593,0.7899903237132974,0.0,0.0,-0.016553,-0.018889,0.610695,0.578211
243,0.20322881573055393,0.28379358956301387,-0.009336233851611187,0.01171862092850163,-0.021054854780112812,0.3575641788100435,-0.03492706013912567,-0.0005857679617737111,-0.03434129217735191,0.0167711785486786,0.0,0.0,-0.009336,-0.034927,0.774113,0.297351
244,0.30742992093489063,0.2159222852839729,0.02874684924343018,-0.0012663016764265,0.030013150919856686,0.04048349863312408,-0.06798178665297916,-0.003022783978127463,-0.06495900267485172,0.04446461511165645,0.0,1.0,0.028747,-0.067982,0.375812,0.048976
245,0.2723963633963182,0.21225886897432986,-0.030217433539327536,-0.013236206807514597,-0.01698122673181294,0.43803213103084593,0.02691727510328674,0.0044384779037102366,0.02247879719957653,0.1648932845794733,0.0,0.0,-0.030217,0.026917,0.386807,0.426787
246,0.20498166132579387,0.29567896455494524,-0.010397706058300472,0.024540861911261376,-0.034938567969561844,0.41259410119486706,-0.018497867033423453,-0.021151476994978023,0.002653609961554601,0.8885276089770219,0.0,0.0,-0.010398,-0.018498,0.761619,0.590705
247,0.23005130272439772,0.36661452924260335,0.02461419329176228,-0.0015691529602092989,0.026183346251971593,0.05654096044512559,-0.02523718287710445,0.0015671225135829644,-0.026804305390687434,0.05523594085115063,0.0,0.0,0.024614,-0.025237,0.431284,0.424288
248,0.2740832197554196,0.1486385382066118,0.01415713511880776,0.012199375069720282,0.001957760049087481,0.8617121308331234,-0.051994769913093805,-0.004723115102611334,-0.047271654810482504,0.09083827297448839,0.0,0.0,0.014157,-0.051995,0.66067,0.096452
249,0.22384398510296175,0.25578100367224005,-0.046030621702297325,-0.010425834951438222,-0.03560478675085909,0.22649780876016032,0.02621014313172553,0.01432675898238941,0.011883384149336125,0.5466112455161634,0.0,0.0,-0.046031,0.02621,0.166917,0.443278
250,0.37758318173333455,0.2852016387880113,-0.009155353365976832,0.008430673136987287,-0.01758602650296414,0.32404852474220386,-0.017536674552266956,-0.01518981538185234,-0.0023468591704145893,0.8661742188680114,0.0,0.0,-0.009155,-0.017537,0.785607,0.614193
251,0.18131952708763224,0.16317836657129117,-0.03579522911349905,-0.013739147017477277,-0.022056082096021758,0.3838262069482325,0.0031807523704344715,0.015634378270605053,-0.01245362590017057,0.5566211887305244,0.0,0.0,-0.035795,0.003181,0.305347,0.918541
252,0.19734715499298128,0.28947706881937435,-0.029206532345859373,0.030310042393695887,-0.05951657473955527,0.3374282964339309,-0.0012453628779663696,-0.03068102474367767,0.029435661865711293,0.5103578802176689,0.0,0.0,-0.029207,-0.001245,0.377311,0.966017
253,0.3312307624746323,0.3082664462133521,0.010941576475804592,0.017239994671862928,-0.006298418196058288,0.7324195887207866,0.0005929132018905429,-0.008630682490613701,0.009223595692504246,0.4833957666669726,0.0,0.0,0.010942,0.000593,0.738631,0.988006
254,0.3388143512500707,0.22328463512314659,-0.008195477142901399,-0.0488925951656271,0.04069711802272572,0.5457389406173857,-0.026436217497449534,0.043957639407255646,-0.07039385690470519,0.38440808231608425,0.0,0.0,-0.008195,-0.026436,0.807596,0.430785
255,0.26678247752313666,0.1834556818127168,-0.043854164696880645,-0.005762931492280406,-0.03809123320460023,0.1314112703346126,0.05909706427056509,0.005526946675406614,0.05357011759515851,0.09352320193271356,0.0,0.0,-0.043854,0.059097,0.185907,0.076962
256,0.3374137999515113,0.2652775932818848,0.002009648879752444,-0.017932302176785944,0.0199419510565384,0.47346945869305973,-0.03316161582746814,0.031942998736354054,-0.06510461456382223,0.3291477002896684,0.0,0.0,0.00201,-0.033162,0.962019,0.328336
257,0.10344282706408092,0.31903104161131784,0.001325756152851679,0.027039104837571843,-0.02571334868472021,0.5125658245667322,-0.03845071107019551,-0.026532955808247022,-0.011917755261948425,0.6900511088028666,0.0,0.0,0.001326,-0.038451,0.971514,0.253373
258,0.3678117511981863,0.2394257448407859,0.014877766373188057,0.021780366513960626,-0.006902600140772577,0.7593484584819429,-0.025357326112399766,-0.005381150255519846,-0.01997617585687988,0.21221284261862552,0.0,0.0,0.014878,-0.025357,0.617191,0.429785
259,0.2232818719270801,0.2569043987635295,-0.052263588430894056,-0.0037743347036198983,-0.04848925372727417,0.0722172896453626,0.04880861537273007,-0.0018132422060381929,0.05062185757876829,0.03458069524955105,0.0,0.0,-0.052264,0.048809,0.11944,0.135432
260,0.2063810744623301,0.2724159003639853,0.010182904466416336,-0.00028885116345340935,0.010471755629869729,0.026843389875805045,-0.026631451357592626,-0.001987864520073545,-0.024643586837519108,0.07464349176398916,0.0,0.0,0.010183,-0.026631,0.755622,0.414793
261,0.20851428497106847,0.19608808959813143,-0.05206039949944384,0.01499891406255753,-0.06705931356200134,0.18278379264029543,0.0008638851075822634,-0.018084343009535868,0.01894822811711815,0.48833614462485286,0.0,0.0,-0.05206,0.000864,0.112944,0.984008
262,0.23319500290078057,0.2669771742838892,-0.01421691046718106,-0.010758182813158615,-0.0034587276540224473,0.7567173499469716,-0.025769110139656538,-0.00071184503167325,-0.025057265107983277,0.027623966361872133,0.0,0.0,-0.014217,-0.025769,0.649675,0.436282
263,0.22179711008412006,0.2682300467027277,0.061119459523014064,0.002574677148363287,0.05854478237465073,0.042125325852952186,-0.08258906727471235,0.001340021997143104,-0.08392908927185547,0.01571521008253194,0.0,1.0,0.061119,-0.082589,0.061969,0.012494
264,0.3773813207711524,0.24341135847341788,0.03204154951538231,0.010777484791467354,0.021264064723914934,0.33635966282758495,-0.007389805960276781,-0.0035711408998633024,-0.0038186650604134812,0.4832523234114182,0.0,0.0,0.032042,-0.00739,0.341329,0.826087
265,0.32371000211064394,0.3491517172400863,-0.011739215680517352,-0.004927349696227889,-0.006811865984289442,0.41973414837291306,-0.012464799328329175,0.009219703436130735,-0.021684502764459896,0.29833166968561486,0.0,0.0,-0.011739,-0.012465,0.71964,0.714143
266,0.2634251536459933,0.34073418045366544,-0.07470830971853429,-0.06200236237544959,-0.012705947343084681,0.8299259159930842,0.0240863697460791,0.05722964842101799,-0.03314327867493889,0.6332609804731925,1.0,0.0,-0.074708,0.024086,0.023488,0.472764
267,0.3392448590080511,0.25633303282938813,0.03454118533271404,0.022351500414110277,0.012189684918603732,0.6470970871095479,-0.043746743486490755,-0.017375569863385936,-0.02637117362310485,0.3971854469293606,0.0,0.0,0.034541,-0.043747,0.298851,0.192904
268,0.2079505575781232,0.2832753625623602,-0.06574627596835529,-0.020331666209401095,-0.04541460975895425,0.30924437787452824,0.006692402472830473,0.028827461031598417,-0.022135058558767934,0.5656600431711737,1.0,0.0,-0.065746,0.006692,0.046477,0.838581
269,0.27162264744916487,0.23022367299431987,0.04797363304446094,0.005624238734687361,0.04234939430977358,0.117236039419298,-0.06574170568087997,-0.012866792808329322,-0.052874912872550625,0.19571735590169587,0.0,1.0,0.047974,-0.065742,0.147426,0.046977
270,0.1194239834856297,0.40876637064073285,-0.05021229023894193,-0.022595637658378364,-0.027616652580563554,0.4500021319651821,-0.0098562673736707,0.02732104325454613,-0.037177310628216845,0.4235928765594064,0.0,0.0,-0.050212,-0.009856,0.128936,0.745127
271,0.20538183696879636,0.1624813850467658,0.004350443964954088,0.0162801871585301,-0.011929743193576044,0.5771083783379362,-0.007074119376190955,-0.02073737958161183,0.013663260205420927,0.6028195902748511,0.0,0.0,0.00435,-0.007074,0.895552,0.822589
272,0.19464417339931347,0.24081590954626567,0.0023578108762186897,0.0016314208583681762,0.0007263900178505651,0.6919218478559704,-0.048049784989335265,0.007633837459057728,-0.055683622448392964,0.12056449311478837,0.0,0.0,0.002358,-0.04805,0.942029,0.13943
273,0.3032631454519704,0.3390692418247094,0.013058412430618515,0.010856028262662135,0.0022023841679563883,0.8313436507187979,-0.03766842100531744,-0.014004085215237891,-0.023664335790079594,0.37177255752931604,0.0,0.0,0.013058,-0.037668,0.675162,0.235882
274,0.20419912878038687,0.1678231681078792,0.06553927187410802,-0.009594424715150198,0.07513369658925818,0.11323778419067819,-0.1283683278787734,0.016754862855380477,-0.1451231907341538,0.10350299181299095,1.0,1.0,0.065539,-0.128368,0.044978,0.001499
275,0.3194370086702563,0.23102026262141118,0.016545513762461043,0.03092180012102392,-0.014376286358562885,0.6826292791630076,-0.03746233315481063,-0.027586435699617932,-0.009875897455192708,0.7363779395591512,0.0,0.0,0.016546,-0.037462,0.594703,0.246877
276,0.221070835122373,0.34087221147594726,0.027704113376351036,0.016324269744269444,0.011379843632081572,0.5892363174561754,-0.022616724599080006,-0.014712264890115588,-0.0079044597089644,0.6505037820867332,0.0,0.0,0.027704,-0.022617,0.415792,0.518741
277,0.2927774960231977,0.2155486139771996,0.020961610921677115,0.01491344666329962,0.006048164258377505,0.7114647208663295,-0.07087504869321098,-0.018393273947691892,-0.05248177474551906,0.25951691444063535,0.0,1.0,0.020962,-0.070875,0.546727,0.037981
278,0.24089391528472723,0.20741930756199822,-0.033804791477607704,0.01634427571563573,-0.05014906719324346,0.2458031887197116,-0.04957038583702399,-0.013813422366292275,-0.0357569634707317,0.27866279701165997,0.0,0.0,-0.033805,-0.04957,0.296852,0.123938
279,0.24484924987247922,0.28814671811673664,-0.022740228115285633,0.02316605061219347,-0.0459062787274791,0.33538829273110604,-0.029404422366351917,-0.017584604797067475,-0.011819817569284453,0.598025854001808,0.0,0.0,-0.02274,-0.029404,0.47926,0.36082
280,0.28650965835252107,0.2623047983306411,-0.049475598536532675,-0.01275007540620557,-0.036725523130327106,0.25770431856000575,0.012571922744432647,0.00944847270656626,0.0031234500378663826,0.7515535132245723,0.0,0.0,-0.049476,0.012572,0.13943,0.723638
281,0.28764227942506954,0.2532132546389168,0.010000024027267995,-0.0023888912174539817,0.012388915244721972,0.16165397913204432,-0.014576346319714675,0.00336748519218758,-0.01794383151190225,0.15801394343416283,0.0,0.0,0.01,-0.014576,0.757121,0.662669
282,0.26787729891982615,0.1889356902833235,0.05970349839430912,0.02757516362000021,0.03212833477430892,0.4618684727297093,-0.10609091030287951,-0.02385897068540411,-0.0822319396174754,0.2248917519633775,0.0,1.0,0.059703,-0.106091,0.076462,0.001499
283,0.2436519932265429,0.261233545327721,0.03103953127304013,-0.004639921128182302,0.03567945240122242,0.1150791969721065,-0.006382961692661384,0.005783766515317929,-0.012166728207979333,0.322206524358986,0.0,0.0,0.03104,-0.006383,0.387306,0.868066
284,0.24426890161826934,0.27666759329524365,0.03581059972662522,0.0026806818423632008,0.03312991788426203,0.0748572172157762,-0.03139509562126251,-0.004324561140367892,-0.027070534480894613,0.1377463917465841,0.0,0.0,0.035811,-0.031395,0.245377,0.32034
285,0.31859741301673394,0.23873921555721123,-0.012478264714932396,0.01148127558446218,-0.023959540299394576,0.32395630004928544,0.008795047274125962,-0.014045381872724713,0.022840429146850708,0.3807800746273623,0.0,0.0,-0.012478,0.008795,0.706647,0.791604
286,0.22502929655332274,0.2654999429614161,-0.03914884003989475,-0.016795430745510553,-0.02235340929438417,0.42901477357681933,-0.00770250719833032,0.020127585443305285,-0.02783009264163559,0.41969474434638065,0.0,0.0,-0.039149,-0.007703,0.223888,0.822089
287,0.1739828429915854,0.37034053651642557,-0.062296882088734684,-0.027793456219402338,-0.03450342586933233,0.44614522087660485,0.022643613098259813,0.02302838370271899,-0.00038477060445916283,0.9835660501181938,0.0,0.0,-0.062297,0.022644,0.06047,0.490755
288,0.2568143924271125,0.28909051050595436,-0.021577832208850765,0.027427632468523117,-0.04900546467737388,0.3588449702119059,-0.007091258136221962,-0.020022208208067185,0.012930950071845203,0.607596031858116,0.0,0.0,-0.021578,-0.007091,0.492754,0.836582
289,0.1856773191903472,0.3156813605107577,-0.0087947325829912,-0.00439531457367171,-0.004399418009319488,0.49976671060722677,-0.02457904226994783,0.004632088618768008,-0.029211130888715856,0.13686902978434717,0.0,0.0,-0.008795,-0.024579,0.794103,0.447276
290,0.4300174370583178,0.2777865264634496,-0.008914814390976602,-0.027576880590167264,0.01866206619919064,0.5963994101291729,-0.03206121959492144,0.024031126317878508,-0.05609234591279999,0.2999261720547006,0.0,0.0,-0.008915,-0.032061,0.796602,0.342829
291,0.22199931512385238,0.24479870132084533,-0.016274854959041612,-0.02884531744851978,0.012570462489478178,0.6964813288969336,0.004157665796271311,0.028531856787959508,-0.024374190991688232,0.5392929161292471,0.0,0.0,-0.016275,0.004158,0.638181,0.895552
292,0.18643830643678774,0.4499739955698665,0.010400048128086137,0.001164689055348222,0.009235359072737929,0.11198881399432059,-0.003093770779385501,0.006428017754839961,-0.00952178853422545,0.40301541212113456,0.0,0.0,0.0104,-0.003094,0.752124,0.931534
293,0.2610277789099156,0.30531441006665017,-0.00816950519810895,-0.01209378924352163,0.003924284045412681,0.7550089842500799,-0.01771849532138451,0.01689335678575596,-0.03461185210714048,0.327993170960343,0.0,0.0,-0.00817,-0.017718,0.811094,0.61919
294,0.34230504668602857,0.28763050303551146,-0.03825754753809922,0.007591851896049817,-0.04584939943414901,0.14205977044103718,0.006254600099398867,-0.011930275267201362,0.018184875366600226,0.39615525793886236,0.0,0.0,-0.038258,0.006255,0.227886,0.847576
295,0.3545776493507312,0.3144109205913831,-0.014575532631953665,0.004664711767621087,-0.019240244399574762,0.19513575908674327,0.014314927231275655,0.005045106208925837,0.009269821022349802,0.3524367345649619,0.0,0.0,-0.014576,0.014315,0.664168,0.65967
296,0.28000905440535406,0.3435619390057358,-0.049909000831597085,-0.02194364003339506,-0.027965360798201985,0.43967299821203176,0.012640028211528282,0.009191750902088477,0.003448277309439785,0.727193859718224,0.0,0.0,-0.049909,0.01264,0.125437,0.70015
297,0.21198136159046035,0.2678619160597142,-0.07904114865421434,0.0017483984748304406,-0.08078954712904476,0.02118296575034153,0.04703888209589248,-0.007429028506240063,0.05446791060213255,0.12002255060194343,1.0,0.0,-0.079041,0.047039,0.010995,0.132434
298,0.26090118035102516,0.32436835793124386,-0.051669519954694085,-0.01655982149061078,-0.03510969846408328,0.3204949746994187,-0.020898915447707608,0.020204663858366653,-0.04110357930607425,0.32955868273983524,0.0,0.0,-0.05167,-0.020899,0.123438,0.528736
299,0.2436292130441056,0.20462289898408598,0.02173617508218169,0.0020428179501158997,0.01969335713206582,0.09398240225763106,-0.07230252073775455,-0.006636756763079485,-0.06566576397467506,0.0917914990426321,0.0,1.0,0.021736,-0.072303,0.510245,0.034983
300,0.18776574405147423,0.29257124773252174,-0.05450314930034313,-0.026530359722657347,-0.027972789577685783,0.4867674632241907,0.001220685634332123,0.0205339335405611,-0.01931324790622897,0.5153170888129461,0.0,0.0,-0.054503,0.001221,0.078961,0.970515
301,0.19362303630130986,0.32977291658255864,0.008776731929696482,-0.005214568955172557,0.01399130088486901,0.2715091270847263,-0.09039454357155437,0.002444345087859701,-0.092838888659414,0.025653464851361007,0.0,1.0,0.008777,-0.090395,0.770115,0.004998
302,0.15334195868615705,0.2532455502244897,-0.09312086144274599,-0.00870525812375847,-0.08441560331898754,0.09348343635234484,0.09051756386067175,0.01740495180955025,0.07311261205112149,0.1922825920982656,1.0,1.0,-0.093121,0.090518,0.006997,0.005497
303,0.15987991945780433,0.20904228312109924,0.004593045557527868,0.003522628950616894,0.001070416606910941,0.7669484019907952,-0.030398665365771578,0.0028077867801979493,-0.03320645214596949,0.07796324076024971,0.0,0.0,0.004593,-0.030399,0.877561,0.348826
304,0.24137240778538432,0.1820363313098494,-0.03766513627941523,0.004939185900180992,-0.04260432217959626,0.10388770411920627,0.0054444886833146236,-0.008021666632839016,0.013466155316153668,0.37331222549594234,0.0,0.0,-0.037665,0.005444,0.251374,0.869565
305,0.22733350655829318,0.27916333366027346,-0.03080862248547779,0.02167492156416173,-0.052483544049639556,0.29227845242968337,-0.03327366589604147,-0.028153120783667124,-0.00512054511237438,0.8461081767072872,0.0,0.0,-0.030809,-0.033274,0.332334,0.29985
306,0.3357223442717815,0.267819291460488,-0.027797588058965015,-0.014459874838504687,-0.013337713220460306,0.5201845141323777,0.01401151478582067,0.016888271574901158,-0.0028767567890804428,0.854452180077675,0.0,0.0,-0.027798,0.014012,0.403798,0.673163
307,0.29427962803838004,0.2560808630268567,-0.07231056086013755,-0.02482553952569076,-0.04748502133444676,0.34331830966859894,0.02745610410925759,0.021669956488722088,0.005786147620535495,0.7892582429936031,1.0,0.0,-0.072311,0.027456,0.031984,0.409795
308,0.19495232037263618,0.3008350002134457,-0.0005213267564174624,-0.012029615420805337,0.011508288664387844,0.5110741966347259,0.012590070696252082,0.008565949167153504,0.004024121529098583,0.6803733969264751,0.0,0.0,-0.000521,0.01259,0.985507,0.678161
309,0.2790531086520201,0.2732396045293781,-0.039101700908309875,-0.015213479437714639,-0.023888221470595265,0.3890746203953871,0.07045676654552016,0.01968424660794057,0.05077251993757956,0.27938049917779195,0.0,1.0,-0.039102,0.070457,0.255372,0.034483
310,0.21743798639803444,0.16391850305859204,0.04028840965891435,0.005789220225471771,0.03449918943344257,0.1436944340688521,-0.06935632352951364,-0.010043342767726325,-0.059312980761787294,0.14480788854750237,0.0,1.0,0.040288,-0.069356,0.203898,0.031484
311,0.254975901268834,0.22404420025491267,-0.02969654037860662,-0.004887764632547427,-0.0248087757460592,0.16459037215219086,-0.0009852849194380668,0.004238943156614939,-0.00522422807605299,0.44794108152472517,0.0,0.0,-0.029697,-0.000985,0.388306,0.974513
312,0.3683791990415766,0.2779118844452841,-0.0063154035442855045,-0.009439429366911731,0.0031240258226262474,0.7513402343944577,0.026483609593987913,0.002708933899934183,0.023774675694053712,0.10228718597895145,0.0,0.0,-0.006315,0.026484,0.846577,0.429785
313,0.32245613762231706,0.2472383043889288,0.007799226964276346,0.009226059796689777,-0.0014268328324134408,0.8660614649850691,-0.04519964202529228,-0.00607631043972769,-0.0391233315855646,0.13443271157606906,0.0,0.0,0.007799,-0.0452,0.817591,0.153423
314,0.37203233440075556,0.14720084460010657,0.04811246040481794,0.002180414533875713,0.04593204587094222,0.0453191234771558,-0.05800426913826842,0.002113603741527134,-0.06011787287979557,0.033963580108959494,0.0,0.0,0.048112,-0.058004,0.145427,0.071464
315,0.22029651871507666,0.26498401889871664,-0.046631934224172854,-0.0013909593585519349,-0.045240974865620925,0.029828472305377704,0.02442493898716407,0.0033730139737057586,0.021051925013458324,0.13809712996533427,0.0,0.0,-0.046632,0.024425,0.192904,0.472764
316,0.2096368972988107,0.2675712898649527,-0.017055493727179086,0.02075927679963155,-0.037814770526810614,0.3544108311986179,-0.00604324317028666,-0.020581255697648196,0.014538012527361522,0.5860388538218895,0.0,0.0,-0.017055,-0.006043,0.593203,0.855072
317,0.28056606226185077,0.23893576840526354,-0.03635441818829204,-0.027433859659796216,-0.008920558528495843,0.7546224372979042,0.01431148993337334,0.02889650586151699,-0.014585015928143636,0.6645697913081834,0.0,0.0,-0.036354,0.014311,0.287856,0.664168
318,0.33475647565717664,0.1606070083208794,-0.05123619693614618,-0.005632204294109334,-0.04560399264203688,0.10992627538551589,0.028581164625091568,0.013078055861605237,0.015503108763486382,0.4575760306885435,0.0,0.0,-0.051236,0.028581,0.12044,0.393803
319,0.3811637389044364,0.1852854820591119,-0.050200719150566966,-0.03861317547524053,-0.011587543675326448,0.7691757434675002,0.025448887534084516,0.03622461161266943,-0.01077572407858493,0.7707309124477161,0.0,0.0,-0.050201,0.025449,0.14043,0.436782
320,0.39704537809590507,0.26475241167918523,-0.03211658576676851,0.025343176195077262,-0.05745976196184576,0.3060661464336982,-0.0019749560317235504,-0.01805218432914207,0.016077228297418523,0.528933343408708,0.0,0.0,-0.032117,-0.001975,0.336332,0.953523
321,0.20833378370695257,0.2833351508220735,-0.023755266144197536,0.0014716223186080086,-0.025226888462805568,0.05512001514453355,0.02124301333225254,0.005670676873099898,0.015572336459152658,0.2669431489971481,0.0,0.0,-0.023755,0.021243,0.442779,0.497751
322,0.21584950069904996,0.2918785149969236,-0.02566166427225016,-0.00013525186433671794,-0.025526412407913448,0.005270580384101419,0.031089253961187224,0.007489126634256363,0.023600127326930894,0.24089116591880944,0.0,0.0,-0.025662,0.031089,0.448776,0.35982
323,0.2576572626683654,0.2699543092839824,-0.058198409059657216,-0.011315635427059136,-0.0468827736325981,0.19443204049546883,0.029691771954930682,0.0026182988501536435,0.02707347310477705,0.08818264043412344,0.0,0.0,-0.058198,0.029692,0.070465,0.375312
324,0.25340223713807747,0.269347120262007,0.028329004693952005,0.0017700090852508163,0.02655899560870114,0.062480454374336025,-0.024398143072224307,0.0050043101288765645,-0.029402453201100843,0.14544553583499917,0.0,0.0,0.028329,-0.024398,0.369315,0.436782
325,0.20293701915193535,0.237248381859067,0.051447494298591356,-0.01190846188784345,0.06335595618643478,0.15822166958217926,-0.026757102631664906,0.00787572390705791,-0.034632826538722794,0.18527387606649467,0.0,0.0,0.051447,-0.026757,0.123438,0.432784
326,0.33367359349523656,0.265942187371443,-0.05969825164233977,-0.014439392967056968,-0.04525885867528277,0.24187296226973803,-0.0017998116522761134,0.010278883783092576,-0.012078695435368688,0.4597494067964666,0.0,0.0,-0.059698,-0.0018,0.074463,0.953023
327,0.30446249999396874,0.223489711669293,-0.0016980190290094735,0.015176412929235451,-0.016874431958244923,0.4735105418442066,-0.02438995628047776,-0.008322728175459591,-0.0160672281050182,0.341235879218089,0.0,0.0,-0.001698,-0.02439,0.962019,0.469265
328,0.24128005567591893,0.29713965650469276,-0.04213713846775956,0.0010932961118970339,-0.043230434579656654,0.0246661572669778,0.024901040359511115,0.003933193703344686,0.020967846656166408,0.15795298696595944,0.0,0.0,-0.042137,0.024901,0.208396,0.454273
329,0.3325758994463043,0.3711197145535948,0.03584659618725459,0.0069891136520658865,0.028857482535188703,0.19497286759268084,-0.011987919265544848,-0.005773996785266526,-0.006213922480278335,0.481651290550637,0.0,0.0,0.035847,-0.011988,0.306847,0.712644
330,0.1968662395103526,0.3818707624813489,-0.04563656286750668,-0.01179903663377007,-0.03383752623373662,0.25854349872985294,0.04148152896263599,0.01450308045754385,0.026978448505092133,0.34962743226285936,0.0,0.0,-0.045637,0.041482,0.190905,0.225387
331,0.2371661211789332,0.2944055614924208,-0.004994112050652408,0.015168460049943672,-0.02016257210059606,0.42932400008336447,-0.00955909360913576,-0.02803987326080058,0.018480779651664794,0.6027403208110863,0.0,0.0,-0.004994,-0.009559,0.875562,0.765117
332,0.31883825532866966,0.28923622288745604,-0.00857820002523121,0.02194981446331968,-0.030528014488550907,0.4182683411589052,-0.0035236205876614246,-0.025548647247806474,0.022025026660145046,0.5370333032769253,0.0,0.0,-0.008578,-0.003524,0.802599,0.916042
333,0.27067056657039995,0.2806123162628564,-0.005976935284174999,-0.005202490479466371,-0.0007744448047086513,0.8704277747896771,-0.008838302539104375,0.004171044627733583,-0.013009347166837956,0.2427793660125668,0.0,0.0,-0.005977,-0.008838,0.846077,0.785607
334,0.3129753638701064,0.32864678826194904,0.0011078480015821873,-0.009982994141494849,0.011090842143077035,0.47371508474721236,-0.009156032736368057,0.007899945372432366,-0.017055978108800406,0.3165559222191574,0.0,0.0,0.001108,-0.009156,0.975012,0.798601
335,0.25660174333909663,0.08685185734185445,-0.040421983825207855,-0.024539691203229963,-0.015882292621977857,0.607087749808227,0.06489456737123322,0.025388115009825442,0.039506452361407804,0.39122096098724585,0.0,0.0,-0.040422,0.064895,0.252874,0.057471
336,0.24087985534332274,0.2787031264493202,-0.029432695400053673,-0.01445193711353257,-0.014980758286521116,0.49101643315706006,-0.008036757564581533,0.012778714523930127,-0.020815472088511658,0.3803846978452356,0.0,0.0,-0.029433,-0.008037,0.369815,0.821589
337,0.2896123266997708,0.31248646685925263,-0.012729424117483984,0.01455394162608447,-0.02728336574356849,0.3478699405172832,-0.07229121886641386,-0.019913428429900175,-0.05237779043651371,0.2754612350180175,0.0,1.0,-0.012729,-0.072291,0.707146,0.017491
338,0.27361645450889,0.17605237561513537,-0.014752032123045829,-0.018613709234232105,0.0038616771111862768,0.8281819474941537,0.028115443787562457,0.016885310553784286,0.011230133233778201,0.6005706572291024,0.0,0.0,-0.014752,0.028115,0.649175,0.390805
339,0.2311226410867373,0.31727434793240794,0.014910898868531645,0.01917401326910627,-0.00426311440057469,0.8181042292955721,-0.06952345042116864,-0.018125808602475722,-0.051397641818692934,0.2607150320168335,0.0,1.0,0.014911,-0.069523,0.648676,0.032984
340,0.53886189541752,0.32797954096891935,-0.0303519175782248,-0.02615377441345036,-0.004198143164774418,0.8616844173369043,-0.003620451668702125,0.020686101003850974,-0.024306552672553113,0.45976619100152294,0.0,0.0,-0.030352,-0.00362,0.365817,0.910545
341,0.13001044470629777,0.33563407255354916,0.010204455952252809,-0.016794598837797672,0.026999054790050454,0.3834938957255233,-0.024883178618909048,0.01510731102025015,-0.03999048963915916,0.2741908177721465,0.0,0.0,0.010204,-0.024883,0.772614,0.445777
342,0.2808627297745602,0.275244257612773,-0.09158546565155672,-0.0331849215928089,-0.05840054405874781,0.36233829633037246,0.031197406981920348,0.028576495127892065,0.0026209118540282714,0.9159894328542384,1.0,0.0,-0.091585,0.031197,0.002999,0.347326
343,0.2879823813224872,0.1886801799833286,-0.023764612512593,0.0012990094268216321,-0.02506362193941466,0.04927464974097112,-0.012534714227979124,-0.0006474942437680944,-0.011887219984211031,0.05165608341694798,0.0,0.0,-0.023765,-0.012535,0.464268,0.710645
344,0.1823450163765615,0.2087908736023822,-0.03575037625248366,-0.006110358938379341,-0.02964001731410431,0.1709173323163233,-0.022380396200045286,0.0030969707472099798,-0.025477366947255248,0.1083829406765167,0.0,0.0,-0.03575,-0.02238,0.277861,0.48026
345,0.24068426449958216,0.1853878363395982,0.0017643981705458122,0.00430362489577993,-0.0025392267252341057,0.62892272609912,-0.03172178343127748,0.0012775724744764712,-0.03299935590575396,0.037272081684347314,0.0,0.0,0.001764,-0.031722,0.946027,0.331834
346,0.20232983815412126,0.1577810267037672,-0.01719546375627973,-0.01819239681288396,0.0009969330566042649,0.9480475314466595,-0.030694944890629912,0.008623540792743615,-0.039318485683373525,0.17987434880416514,0.0,0.0,-0.017195,-0.030695,0.587706,0.341829
347,0.25257353189282244,0.2375341601761554,-0.05747672230927856,-0.03586428575227254,-0.02161243655700602,0.6239793139088398,0.030791584912614432,0.03236873115926713,-0.0015771462466526998,0.9535393877791575,0.0,0.0,-0.057477,0.030792,0.087456,0.353823
348,0.3493204367981051,0.31196401757333125,-0.05576767059037376,-0.00610306268653359,-0.049664607903840155,0.10943728905878061,0.014533659866515183,0.006618294942856056,0.007915364923659192,0.45537703535392643,0.0,0.0,-0.055768,0.014534,0.08046,0.634683
349,0.2621460678660168,0.2588755666640295,-0.058218400667792075,-0.002879296740939772,-0.05533910392685231,0.04945681619407098,0.03524164929750201,0.008828549541266857,0.026413099756235164,0.25051465289658387,0.0,0.0,-0.058218,0.035242,0.07946,0.318841
350,0.1341307467173639,0.3381388226057008,-0.04602192518280376,-0.014403995864473218,-0.03161792931833056,0.3129811672862245,0.014990065771173875,0.006974189494537296,0.008015876276636566,0.46525409567907133,0.0,0.0,-0.046022,0.01499,0.142929,0.630685
351,0.31359485054953706,0.29163865402677364,-0.02884894591074881,-0.006200894472872934,-0.02264805143787589,0.2149435370032894,0.003042357483146692,-0.002470763574669946,0.005513121057816631,0.3094688473598883,0.0,0.0,-0.028849,0.003042,0.354823,0.924038
352,0.2861983498340607,0.30606887314137904,-0.050642508227068436,0.013236538996089064,-0.06387904722315757,0.17164544348345326,-0.034834279268020706,-0.022627744065219644,-0.012206535202801098,0.6495826680126784,0.0,0.0,-0.050643,-0.034834,0.114443,0.274863
353,0.26293375864393553,0.24467771649204165,0.014766496728550006,0.005697168828026064,0.009069327900523946,0.3858172275222856,-0.04648120450900494,-0.005175905926980201,-0.04130529858202471,0.11135481495488053,0.0,0.0,0.014766,-0.046481,0.664168,0.146427
354,0.2713878362030746,0.1634616019923415,-0.0623565541306442,-0.0028091346985682723,-0.05954741943207595,0.04504954992674561,0.01330405499628969,-0.004447126007594112,0.017751181003883777,0.20033626912604977,0.0,0.0,-0.062357,0.013304,0.073463,0.687156
355,0.25404782632608414,0.42567621098931935,0.024593439005077083,-0.003491618317682507,0.02808505732275958,0.11057586800589574,-0.01221908096377319,-0.0012003614960516742,-0.011018719467721507,0.09823664313302083,0.0,0.0,0.024593,-0.012219,0.441279,0.711144
356,0.17186013486157714,0.24268322625129973,0.00035244944758935047,0.02122153581116102,-0.020869086363571685,0.5041867930358239,-0.040832565362837345,-0.021930231771411395,-0.018902333591425954,0.5370770015682287,0.0,0.0,0.000352,-0.040833,0.994003,0.222389
357,0.24889294363353778,0.21221040119073212,-0.033373948985557976,-0.010620061220428877,-0.022753887765129092,0.3182141024133684,-0.005972336789647193,0.010265385113822786,-0.01623772190346997,0.38732761057504783,0.0,0.0,-0.033374,-0.005972,0.330335,0.851574
358,0.29409004551590234,0.3585937855839721,0.015409204032615094,0.033594085951392016,-0.018184881918776905,0.6487979064323212,-0.015096412273852404,-0.034734158811776564,0.01963774653792416,0.6388254851173383,0.0,0.0,0.015409,-0.015096,0.64018,0.669165
359,0.26685381176628936,0.2839866791491546,0.02795448732017448,0.019484375017544023,0.008470112302630457,0.6970034826388084,-0.10735803177425142,-0.024618575912692328,-0.08273945586155901,0.22931284698344132,0.0,1.0,0.027954,-0.107358,0.409795,0.002499
360,0.39012659110050485,0.23715913791475396,0.0003123717674628103,-0.0019212410789536663,0.0022336128464164706,0.4624088147172375,-0.029949031306886382,0.00530562084458432,-0.03525465215147068,0.13080831199287932,0.0,0.0,0.000312,-0.029949,0.992504,0.376312
361,0.23920030514076238,0.1831814825443661,-0.006018225084744405,-0.015675867806057262,0.009657642721312875,0.6187799274451589,-0.012407621033236657,0.010615050894066731,-0.023022671927303385,0.3155698425377049,0.0,0.0,-0.006018,-0.012408,0.845577,0.69915
362,0.2999178705909803,0.24499024984889037,-0.02014447601222575,-0.03133996101341707,0.011195485001191288,0.7367963416359543,-0.02748221558902896,0.027870915714541554,-0.05535313130357051,0.33489017553395356,0.0,0.0,-0.020144,-0.027482,0.553723,0.425787
363,0.28267129053369705,0.39541765494994363,0.02174218840891416,-0.00543802910263069,0.027180217511544827,0.1667173949278863,-0.04855751069697209,0.013463109215879582,-0.06202061991285165,0.17835776492864266,0.0,0.0,0.021742,-0.048558,0.503748,0.13993
364,0.2261583154507272,0.3334115480604696,0.005204551719149603,0.02674153342651194,-0.021536981707362342,0.5539013234429186,-0.047431827797282,-0.01972828590402586,-0.027703541893256144,0.4159292782968898,0.0,0.0,0.005205,-0.047432,0.878061,0.152424
365,0.31884834202712314,0.42093118627696857,-0.08354915982866216,-0.021406589514618195,-0.062142570314043924,0.2562154970620604,0.04261358188721984,0.02470070338026692,0.017912878506952928,0.5796439136620631,1.0,0.0,-0.083549,0.042614,0.011994,0.190905
366,0.2384203346124734,0.23988616684814934,-0.008555923381657747,0.023980792240516195,-0.03253671562217394,0.42430731904842256,-0.05826932596598025,-0.02291559671417706,-0.035353729251803204,0.3932703242106492,0.0,0.0,-0.008556,-0.058269,0.805597,0.081959
367,0.23300571359234806,0.2496683354967696,0.020780551011434376,0.01933804546697298,0.0014425055444613627,0.9305838645150635,-0.05934782878373159,-0.016213603868440854,-0.04313422491529072,0.2731962432446278,0.0,0.0,0.020781,-0.059348,0.524238,0.075462
368,0.21081061916761012,0.337203273838887,-0.09651902694082203,-0.01166590387282392,-0.08485312306799814,0.12086636430738723,0.05950330289211263,0.014806677829084333,0.04469662506302828,0.2488379150302094,1.0,0.0,-0.096519,0.059503,0.003498,0.08096
369,0.20628520890439503,0.29769375723994845,-0.040547368879607894,0.02294306088944763,-0.06349042976905551,0.26544179477947005,-0.015385878526266012,-0.022421106662781812,0.0070352281365158005,0.7611641711553484,0.0,0.0,-0.040547,-0.015386,0.228886,0.632184
370,0.19482575237851427,0.23603040577507392,-0.009527139797979589,-0.015768794705456654,0.006241654907477069,0.7164231073312849,-0.047910340525860504,0.011057190670643209,-0.058967531196503706,0.1579040998066548,0.0,0.0,-0.009527,-0.04791,0.754623,0.144428
371,0.3162610693044617,0.2748859809797796,-0.03143105239764648,-0.0011693242383129664,-0.030261728159333527,0.03720283443008493,-0.04184731081084376,0.000908746811706915,-0.04275605762255067,0.02081188324283322,0.0,0.0,-0.031431,-0.041847,0.355822,0.215392
372,0.4231871885858122,0.31664366239455544,-0.04563469980027736,0.0014608286681098864,-0.047095528468387264,0.03008521961405259,-0.012272488054348508,-0.003854750440079393,-0.008417737614269108,0.31409689893432347,0.0,0.0,-0.045635,-0.012272,0.169415,0.726637
373,0.23660306439200568,0.172642049014838,-0.01707674891751998,-0.008165399164466968,-0.008911349753053011,0.47815888164108533,-0.025501361010501676,-4.262303313884181e-05,-0.025458737977362873,0.0016714022879519732,0.0,0.0,-0.017077,-0.025501,0.602199,0.436782
374,0.2330763099863853,0.2131155438049937,-0.03209517447268192,0.01910897081493191,-0.051204145287613835,0.2717696480278742,-0.013263520021204504,-0.017692609622724603,0.004429089601520091,0.799785289700262,0.0,0.0,-0.032095,-0.013264,0.324838,0.692654
375,0.20222265592344751,0.2800039235000184,0.0018100923412509486,0.0018352568858019808,-2.516454455103387e-05,0.9864737396911952,-0.046126719894688806,0.013658792963917947,-0.05978551285860681,0.1859748391784637,0.0,0.0,0.00181,-0.046127,0.951524,0.174413
376,0.188901269442141,0.26381407340780005,0.03166377470814275,-0.0072159944326440975,0.03887976914078682,0.15654354919512203,-0.06194214564829545,0.0035665781296331366,-0.0655087237779286,0.05163318915936146,0.0,0.0,0.031664,-0.061942,0.342829,0.067466
377,0.24143509373709468,0.30997836361442105,-0.009501935467851982,-0.0112707128295449,0.0017687773616929352,0.864352261035366,0.003935735782348698,0.018635831823039895,-0.014700096040691207,0.5590314419691119,0.0,0.0,-0.009502,0.003936,0.782609,0.903048
378,0.19901361946440288,0.20557343126498415,-0.06565093899864406,0.0042505783369190895,-0.06990151733556313,0.05732243031529688,0.01434104745037397,-0.0015871415392796381,0.015928188989653595,0.09061442127271706,1.0,0.0,-0.065651,0.014341,0.035982,0.670665
379,0.2853065111334706,0.21919174233292765,0.013668688634765985,1.0165167687772463e-05,0.013658523467078156,0.0007436827306108679,-0.017982279850142134,0.0015235808081666387,-0.01950586065830877,0.07244989414462062,0.0,0.0,0.013669,-0.017982,0.687656,0.584208
380,0.19591506345110615,0.22930267416745137,0.01065190471594734,-0.0025887710999194205,0.013240675815866748,0.16354147518178458,-0.032308602694695925,-0.00029825803881232865,-0.03201034465588361,0.009231536307241578,0.0,0.0,0.010652,-0.032309,0.742129,0.335832
381,0.3571353437036984,0.16269369278213733,-0.03662035645475514,-0.019227193558884442,-0.01739316289587066,0.5250411361407658,-0.019199017207926605,0.01478045961338204,-0.03397947682130862,0.30312713047071077,0.0,0.0,-0.03662,-0.019199,0.281859,0.581209
382,0.33236868669220804,0.3899371577363901,0.009281392963203225,0.013741775171749987,-0.004460382208546771,0.7549531016924956,-0.02600301077496066,-0.024784713424330924,-0.0012182973506297415,0.9531478350267467,0.0,0.0,0.009281,-0.026003,0.76062,0.41979
383,0.36700459838586635,0.20638838224469314,0.016580846522275573,0.021400656992937566,-0.004819810470661993,0.816181367576567,-0.024637320659678573,-0.01735281049076535,-0.007284510168913173,0.7043302610078452,0.0,0.0,0.016581,-0.024637,0.62019,0.474763
384,0.2822764685613586,0.22031787398720368,-0.04758411986981193,-0.037185718892757166,-0.010398400977054838,0.7814732939160293,0.03875875145219808,0.04301613376186602,-0.00425738230966796,0.9099414923310185,0.0,0.0,-0.047584,0.038759,0.146427,0.234883
385,0.31211821488938124,0.42464889124909166,0.05886470946300533,0.03099200003129342,0.02787270943171191,0.5264954216884558,-0.0368902442359192,-0.021196377296141617,-0.015693866939777604,0.57457947853604,0.0,0.0,0.058865,-0.03689,0.068966,0.26037
386,0.26879036949614127,0.3843322388971394,-0.04048542064458185,-0.03131380581864653,-0.009171614825935304,0.7734588234502451,0.008545709910256393,0.030005842125110385,-0.021460132214853985,0.5830229099891001,0.0,0.0,-0.040485,0.008546,0.22089,0.8001
387,0.23258073810006674,0.22164241141315227,-0.019431924523063776,-0.0009764518299551709,-0.018455472693108654,0.05024987765860332,-0.004732684040186855,3.436253426127413e-06,-0.004736120293612964,0.0007250158093955265,0.0,0.0,-0.019432,-0.004733,0.534233,0.869065
388,0.27973785564285175,0.414935722767756,-0.009776046152713574,-0.007016133909680658,-0.0027599122430329286,0.7176862506661913,-0.0233374634767108,0.0035072525833840205,-0.02684471606009485,0.11555272162346394,0.0,0.0,-0.009776,-0.023337,0.766617,0.473263
389,0.31957407082627726,0.2661722562055345,0.0015613261429802613,0.019516483655959854,-0.01795515751297961,0.5208334368908619,-0.00490417465092402,-0.0193279187975139,0.014423744146589864,0.572650859589435,0.0,0.0,0.001561,-0.004904,0.962019,0.892054
390,0.34659260164602973,0.37056818420189563,0.016585978048332357,0.02846767629061743,-0.011881698242285089,0.7055295557903563,-0.03583516890648269,-0.031266353385781,-0.004568815520701659,0.8725047024998074,0.0,0.0,0.016586,-0.035835,0.612694,0.293853
391,0.273280920643862,0.21522126608229095,-0.03896081797384441,-0.00013655471719654574,-0.038824263256647853,0.00350492428799157,-0.005178266996731462,0.010590031808988893,-0.01576829880572035,0.4017717193014923,0.0,0.0,-0.038961,-0.005178,0.249375,0.873063
392,0.21545743613664586,0.22082277128334027,-0.04248565214402109,-0.015150563987660114,-0.027335088156360952,0.356604246918503,-0.0003689606100177017,0.004174895519242262,-0.004543856129259982,0.47884097260178854,0.0,0.0,-0.042486,-0.000369,0.194903,0.990005
393,0.20608383722466328,0.2575860848952446,-0.028703607947322542,-0.013320131489877662,-0.015383476457444875,0.46405774195087407,-0.02839813807195135,0.01569575007391471,-0.04409388814586608,0.26251622423635823,0.0,0.0,-0.028704,-0.028398,0.386807,0.393303
394,0.1205164970457625,0.23040202663059664,0.012451441028201135,-0.007464231493014383,0.019915672521215486,0.2726171534105845,-0.09107326855964579,0.0036008021912462586,-0.09467407075089203,0.03664011037049438,0.0,1.0,0.012451,-0.091073,0.751624,0.007996
395,0.2936137648133223,0.25798806185625917,-0.030614336037166696,-0.014649628254499602,-0.015964707782667106,0.4785218348918141,0.0075062663549667905,0.015467578143150532,-0.007961311788183724,0.6601925310368159,0.0,0.0,-0.030614,0.007506,0.343828,0.82009
396,0.3489943553598028,0.2599444002331836,-0.0036838350545786197,-0.023142187102054314,0.019458352047475688,0.5432369534297228,-0.0021311560063662915,0.0300925845775231,-0.0322237405838894,0.4829004999825796,0.0,0.0,-0.003684,-0.002131,0.91904,0.952024
397,0.17967794553125122,0.2702468261980394,-0.02221849540549352,-0.025263155563212722,0.003044660157719233,0.8924445394256298,0.005067215034335441,0.01678190188012276,-0.011714686845787348,0.5889091512509377,0.0,0.0,-0.022218,0.005067,0.502749,0.883058
398,0.18732081690719773,0.18429404158377993,0.02025969394681018,0.027572058599635598,-0.0073123646528254205,0.7903831002191056,-0.04985070327901267,-0.02942526516989125,-0.020425438109121424,0.590267804351707,0.0,0.0,0.02026,-0.049851,0.527736,0.135432
399,0.34850253386100694,0.2288672553942539,-0.024505503363577666,0.0016933093573547366,-0.026198812720932406,0.06070923368978467,-0.02037570624117207,-0.004971744991873268,-0.015403961249298836,0.2440035664544048,0.0,0.0,-0.024506,-0.020376,0.467266,0.536732
400,0.317993224412148,0.30669349616882197,0.012723268195610812,0.016483424139298923,-0.003760155943688142,0.8142543992577568,-0.04443831794839757,-0.023271693242956783,-0.021166624705440767,0.5236852859728001,0.0,0.0,0.012723,-0.044438,0.712644,0.189405
401,0.2567064534074137,0.23319965670940004,0.058095355353170536,0.0064422113807444635,0.05165314397242607,0.11089029994878724,-0.08374117050589944,-0.006275863589944218,-0.07746530691595521,0.07494358571811571,0.0,1.0,0.058095,-0.083741,0.070965,0.012994
402,0.19052598309913663,0.20180512156438923,-0.008257346895477658,0.008636212002657106,-0.01689355889813476,0.33828004317850086,-0.022305433368717414,-0.0009724336225188512,-0.021332999746198542,0.043596266723185756,0.0,0.0,-0.008257,-0.022305,0.804098,0.502749
403,0.3003006892333079,0.26498042098339064,0.0068731837568402985,-0.0009593901200201141,0.007832573876860415,0.10912125212984433,-0.03566465332057765,-0.006002654473877102,-0.02966199884670054,0.16830822439016155,0.0,0.0,0.006873,-0.035665,0.836582,0.283358
404,0.24502506224538856,0.3160704646373084,0.04354611436767733,0.02022643865713323,0.023319675710544087,0.46448320248170233,-0.0858035239023277,-0.01925639533427653,-0.06654712856805117,0.22442429469676053,0.0,1.0,0.043546,-0.085804,0.186407,0.010995
405,0.3691270593756754,0.2930974130160204,0.0056917767492301145,0.024218853518362546,-0.01852707676913245,0.5665768262726895,-0.05213342135244641,-0.028800528197251443,-0.02333289315519502,0.5524388664719762,0.0,0.0,0.005692,-0.052133,0.857571,0.147926
406,0.21645682555565146,0.2435800931741572,-0.07437921974245387,-0.02109729071432658,-0.05328192902812734,0.28364495873146056,0.03980523688634194,0.022202770934934665,0.017602465951407284,0.55778517279853,1.0,0.0,-0.074379,0.039805,0.029985,0.237381
407,0.22928629492183125,0.2507167304871121,-0.06850544036561848,-0.009602422965135768,-0.05890301740048272,0.1401702246403635,0.04446485301233045,0.010637310020767928,0.033827542991562515,0.2392296229522702,1.0,0.0,-0.068505,0.044465,0.04098,0.181909
408,0.3002193455699156,0.20288308844301303,0.014686073227724965,0.009586182016155203,0.005099891211569764,0.6527396307719628,0.002622769085488124,-0.008817010428915709,0.01143977951440384,0.4352619765316496,0.0,0.0,0.014686,0.002623,0.670165,0.941029
409,0.1618978136990415,0.3672567267986394,-0.019797030960633212,-0.01597552910181168,-0.0038215018588215266,0.8069659098669564,-0.004830720262443797,0.008473828351136978,-0.013304548613580797,0.3890936576616829,0.0,0.0,-0.019797,-0.004831,0.553223,0.887556
410,0.2977966403298634,0.1780501720232808,0.01199804521708868,0.008530255942674217,0.0034677892744144805,0.7109704779679158,-0.03661445135284597,-0.006468771242460302,-0.030145680110385636,0.1766726252463019,0.0,0.0,0.011998,-0.036614,0.707646,0.262369
411,0.24188311425000494,0.3455004731574032,-0.016961655053283908,0.008131782351111689,-0.0250934374043956,0.24474728567487639,-0.0009705811933903136,-0.00759240860298835,0.0066218274095980415,0.5341411663817486,0.0,0.0,-0.016962,-0.000971,0.589205,0.976512
412,0.2055634044246277,0.2808577373913739,-0.038140821386988155,-0.008098734133022959,-0.03004208725396522,0.21233769589938248,-0.012123784654470011,0.009724909880091179,-0.021848694534561203,0.30800759242990117,0.0,0.0,-0.038141,-0.012124,0.238881,0.711644
413,0.24380327224460005,0.3137800411853793,-0.06962213973401116,0.00019363328213036976,-0.06981577301614153,0.0027658180860069565,-0.009266739316191428,0.001683634704725873,-0.010950374020917239,0.13326211349756453,1.0,0.0,-0.069622,-0.009267,0.032984,0.786607
414,0.22884693218213278,0.27598905799982437,0.05724625820335166,0.026920371428191116,0.030325886775160567,0.47025556382329575,-0.1307676022601797,-0.017832954661022915,-0.11293464759915679,0.13637135156414246,0.0,1.0,0.057246,-0.130768,0.084958,0.0005
415,0.31405914981188,0.26332308279869915,-0.04910902269997097,-0.01693001238580852,-0.03217901031416247,0.344743418928158,0.006766577855242668,0.024974113018963854,-0.01820753516372121,0.5783501573008033,0.0,0.0,-0.049109,0.006767,0.136932,0.830585
416,0.23575981646647454,0.2175270955582511,-0.024147973513479727,-0.00013633889533763537,-0.024011634618142076,0.005645976680466757,-0.028046923863399943,0.0007552985287778034,-0.028802222392177734,0.025553514139351103,0.0,0.0,-0.024148,-0.028047,0.465267,0.414293
417,0.3717178382571998,0.29262890089945753,0.017491507975233234,0.0017741605182920398,0.0157173474569412,0.10142982073381712,-0.04660747756975144,-0.013030753176934725,-0.03357672439281673,0.2795850334838066,0.0,0.0,0.017492,-0.046607,0.614193,0.175412
418,0.2632958695540839,0.2759710173085898,-0.026071862238092228,-0.003592199143229899,-0.022479663094862348,0.13778068902119017,-0.009704303818232948,0.0022768726218524975,-0.011981176440085468,0.15969033434810073,0.0,0.0,-0.026072,-0.009704,0.42029,0.749625
419,0.2724865537985687,0.28168734921265925,-0.0402318241935401,-0.020158687089453026,-0.02007313710408706,0.5010632128555048,0.01684649474024859,0.02035432077644835,-0.003507826036199783,0.8529962092790219,0.0,0.0,-0.040232,0.016846,0.227886,0.596202
420,0.2472478488534412,0.26001010279399583,-0.046203523786268894,0.02562441896563779,-0.07182794275190671,0.2629430268699644,0.00853302109845901,-0.025201009305115686,0.03373403040357468,0.42760655511019585,0.0,0.0,-0.046204,0.008533,0.157421,0.821089
421,0.3201635042048287,0.15988515472045903,0.02902322902626989,-0.011774165772558569,0.040797394798828435,0.2239645474585144,0.0004275519793653648,0.006233564938210723,-0.005806012958845322,0.5177561033709474,0.0,0.0,0.029023,0.000428,0.389305,0.986507
422,0.293584616106909,0.1709037458962781,0.024219749161747125,-0.0048795393176992875,0.02909928847944642,0.14360528699901706,-0.0804988869784357,0.006259041243601433,-0.08675792822203715,0.06728924065746505,0.0,1.0,0.02422,-0.080499,0.445277,0.015992
423,0.1537577322796042,0.29142065680669765,0.018147904467569982,-0.026312868399892216,0.04446077286746225,0.3717891001325301,-0.0325446013031202,0.02299756745622384,-0.05554216875934404,0.29281442190106743,0.0,0.0,0.018148,-0.032545,0.597201,0.34083
424,0.38836340740848146,0.18807711643053013,-0.0160774591876702,-0.001416329029943814,-0.014661130157726401,0.08809408336299775,0.009345675448196825,0.0012764918832421993,0.008069183564954632,0.13658636984750924,0.0,0.0,-0.016077,0.009346,0.618691,0.783108
425,0.2814475750648795,0.2612811654708982,0.021312435791469807,-0.00974977060822874,0.031062206399698512,0.2388948373252038,-0.006332526755812494,0.0034681037437224276,-0.009800630499534894,0.26137412055598214,0.0,0.0,0.021312,-0.006333,0.502249,0.835582
426,0.33828772513950306,0.3644740144940044,-0.002542664762106144,0.02033077040462085,-0.02287343516672698,0.4705738743661523,-0.02185228816824452,-0.01773605679796231,-0.004116231370282254,0.8116338509454628,0.0,0.0,-0.002543,-0.021852,0.938031,0.504748
427,0.2980249283312426,0.22922843811143628,0.016741230399995182,0.048546527141890485,-0.031805296741895306,0.6041745513095528,-0.06648658843586977,-0.03629430469076333,-0.03019228374510649,0.545889111542718,0.0,0.0,0.016741,-0.066487,0.606697,0.05997
428,0.36570407779277714,0.3483962724319573,0.0008341960159397102,0.012299316839982503,-0.011465120824042802,0.5175513518925489,-0.01911017577823152,-0.009090530146448337,-0.010019645631783175,0.4756905562743908,0.0,0.0,0.000834,-0.01911,0.985507,0.561219
429,0.3883443486250774,0.22965362205199086,-0.02569903674147347,-0.0028834350719880797,-0.0228156016694854,0.11220012255691866,-0.033769608014043745,0.0031234012330108654,-0.0368930092470546,0.07805300864171252,0.0,0.0,-0.025699,-0.03377,0.446777,0.309845
430,0.22435973482545518,0.4889364252587448,-0.01662435805114859,-0.00986281826749625,-0.006761539783652343,0.593275135024827,-0.03969744624429422,-0.004399459882858071,-0.035297986361436134,0.11082475824223616,0.0,0.0,-0.016624,-0.039697,0.607196,0.24088
431,0.286974665267676,0.27026987534113855,-0.024345690629340843,-0.011587352907509563,-0.01275833772183132,0.4759508811610686,-0.006026802038884423,0.017069627943236583,-0.02309642998212101,0.4249764309695974,0.0,0.0,-0.024346,-0.006027,0.478261,0.841579
432,0.23386187399042305,0.37781905520911385,-0.04684779825189589,0.024562260681765483,-0.0714100589336614,0.25593067647202383,-0.00814082352857848,-0.027099799202761045,0.018958975674182574,0.5883742951297393,0.0,0.0,-0.046848,-0.008141,0.16092,0.81909
433,0.2455282419010625,0.15835964521220436,-0.01120070680993164,0.010228269908843918,-0.02142897671877556,0.3230941095148884,-0.0290239224756527,-0.01497238285595677,-0.014051539619695911,0.515863521497367,0.0,0.0,-0.011201,-0.029024,0.728136,0.38081
434,0.21384478763798637,0.3611739880469064,-0.019288071096508097,-0.0021173137144906637,-0.017170757382017433,0.10977322221059115,0.01143789391822689,0.009191996189867168,0.002245897728359732,0.803644119763974,0.0,0.0,-0.019288,0.011438,0.573213,0.753623
435,0.22938020979224039,0.2737991413474871,-0.027959231248879498,-0.013817533572376986,-0.014141697676502522,0.4942029145715777,0.008646899780889958,0.014673781995232718,-0.0060268822143427665,0.7088556119105146,0.0,0.0,-0.027959,0.008647,0.396802,0.795602
436,0.3249822235725715,0.3471614642881027,-0.028560214528166383,0.011586870704309487,-0.04014708523247585,0.22397032073997386,-0.022569880040550126,-0.008294328588993314,-0.01427555145155684,0.3674954662626171,0.0,0.0,-0.02856,-0.02257,0.386807,0.496752
437,0.3131738970495513,0.18013364256302905,0.020840037041982878,0.011862719179650868,0.008977317862331994,0.5692273557745159,-0.02908637100812951,-0.003882696970273741,-0.02520367403785577,0.13348853210971368,0.0,0.0,0.02084,-0.029086,0.530735,0.386807
438,0.1856619375236741,0.23786806629215232,-0.010391936405834667,-0.0161571542248232,0.0057652178189885415,0.7370166965752254,-0.011094916004352036,0.01934640369447843,-0.030441319698830443,0.38857779339792936,0.0,0.0,-0.010392,-0.011095,0.748126,0.74013
439,0.36538073855797065,0.2101626844817405,-0.0026660260257290735,0.004350186010520465,-0.007016212036249483,0.38272335638964194,0.002085712810393013,-0.005959804758323065,0.008045517568716085,0.4255385644939327,0.0,0.0,-0.002666,0.002086,0.937531,0.956022
440,0.29030997636380346,0.2273150829068458,-0.016216112973698748,-0.018018058314662785,0.0018019453409640223,0.9090845101609021,0.020655281624075844,0.01910268086955073,0.0015526007545251241,0.9248327482150905,0.0,0.0,-0.016216,0.020655,0.614193,0.51974
441,0.21947160691796658,0.1832646566224428,0.059084548477368895,0.01883212246687167,0.04025242601049728,0.31873176578619206,-0.04197987670590334,-0.031166981844188556,-0.01081289486171485,0.7424267122682071,0.0,0.0,0.059085,-0.04198,0.081959,0.21989
442,0.20015215592743674,0.36511640418519564,-0.054686005025816574,0.004638434702537995,-0.059324439728354585,0.07251760875051824,0.004302848436213903,-0.005206763030335588,0.009509611466549514,0.35380745654696827,0.0,0.0,-0.054686,0.004303,0.107946,0.908046
443,0.2931703554312667,0.3155048676477011,-0.010234182110509794,-0.01843937714513353,0.00820519503462375,0.6920500363350741,0.02998084653831301,0.018170656796771774,0.011810189741541247,0.6060755080264725,0.0,0.0,-0.010234,0.029981,0.763118,0.386807
444,0.3169918159242311,0.35540722621570126,-0.04274901672656841,-0.022447241957550573,-0.020301774769017834,0.5250937606618603,0.014282141581228749,0.023222169972958378,-0.008940028391729653,0.7220330435638002,0.0,0.0,-0.042749,0.014282,0.192904,0.670665
445,0.17598904418340325,0.2465334156346705,-0.0029087640341014173,0.016936976829100385,-0.019845740863201802,0.46046018053323234,-0.04622709802261479,-0.01391673799589352,-0.03231036002672132,0.30105151720934953,0.0,0.0,-0.002909,-0.046227,0.926037,0.172914
446,0.199450482997666,0.23241606699548234,-0.008157199186269629,0.008603481004005032,-0.016760680190274685,0.3391983254681942,-0.032263934670603504,-0.002052597338382867,-0.03021133733222063,0.06361894044662325,0.0,0.0,-0.008157,-0.032264,0.808096,0.34033
447,0.1787161914830211,0.43605005051546486,-0.049783574367041186,-0.017746256300987497,-0.03203731806605372,0.35646810271494395,0.01026038241696014,0.030039443130403774,-0.019779060713443583,0.6029776250318621,0.0,0.0,-0.049784,0.01026,0.131434,0.751624
448,0.19743416706042868,0.319557109039453,-0.01274222583883054,-0.0035592547824483886,-0.009182971056382168,0.27932755450008934,-0.015424870596302528,0.005818308806320256,-0.02124317940262277,0.21500328294574267,0.0,0.0,-0.012742,-0.015425,0.691154,0.634183
449,0.24648913824932714,0.20281619407001072,-0.02262421995359951,0.016165230654888875,-0.03878945060848837,0.2941556621430478,-0.029425706764232142,-0.015131116866145915,-0.014294589898086168,0.5142142204903056,0.0,0.0,-0.022624,-0.029426,0.515242,0.386807
450,0.21283035405545322,0.256199231556034,0.006446470476716849,0.031759119191549445,-0.025312648714832544,0.556476877387883,-0.01235843738955641,-0.02832569376317952,0.015967256373623118,0.6395079504908376,0.0,0.0,0.006446,-0.012358,0.835082,0.713643
451,0.25375135840772717,0.2997136230309894,0.021682956269082593,0.02155909698718742,0.00012385928189517434,0.9942877124153138,-0.05044062875733125,-0.011463675835304055,-0.03897695292202719,0.22727067678826024,0.0,0.0,0.021683,-0.050441,0.523738,0.122939
452,0.2140403859511307,0.185383626031335,0.027450709791895272,0.024004074422028565,0.003446635369866705,0.8744427595499075,-0.05134543976666067,-0.022464741715032578,-0.02888069805162813,0.4375216536682434,0.0,0.0,0.027451,-0.051345,0.403798,0.125937
453,0.20765974064350007,0.3891925861563602,0.025924011584613348,-0.0021189339275179946,0.028042945512131344,0.07025205215602537,0.01943116401337203,0.005559911835281213,0.013871252178090756,0.2861337504770708,0.0,0.0,0.025924,0.019431,0.413293,0.548726
454,0.26775563638059485,0.2199237706660071,-0.0651466153664887,-0.004945776102327748,-0.06020083926416095,0.0759176217291535,0.04688155680164689,-0.004330098930210259,0.051211655731857146,0.07796114754666776,1.0,0.0,-0.065147,0.046882,0.049475,0.147426
455,0.2263261283876696,0.16989236635808208,-0.0073664852473806965,-0.011027001331739242,0.0036605160843585713,0.7507736685066618,-0.014981168638837958,0.013125889748703556,-0.028107058387541472,0.3183349806890353,0.0,0.0,-0.007366,-0.014981,0.815092,0.654173
456,0.1938370818399393,0.25657034914421406,-0.01557634439332533,0.009502815174436402,-0.025079159567761754,0.27479099285908415,0.004729965402510063,-0.011629197201474295,0.016359162603984352,0.41550120415438635,0.0,0.0,-0.015576,0.00473,0.667666,0.895052
457,0.13141152667109107,0.2462950159518453,-0.0064104610387137675,0.023792491072127983,-0.03020295211084173,0.4406388700525045,-0.02951070804829007,-0.02111104057405519,-0.00839966747423488,0.715368826105764,0.0,0.0,-0.00641,-0.029511,0.862069,0.376312
458,0.3388536121871753,0.3569788604126238,-0.053267155668878484,-0.015023196329719695,-0.038243959339158785,0.2820348888742533,0.025767685186232073,0.0119535929360511,0.013814092250180963,0.46389859429197106,0.0,0.0,-0.053267,0.025768,0.118441,0.429785
459,0.2873004639026337,0.20979956801550131,-0.0030024583027513582,0.011595562900797118,-0.014598021203548483,0.4426871425691368,0.03987676546701831,-0.009912206910936552,0.04978897237795484,0.16603033690459978,0.0,0.0,-0.003002,0.039877,0.935032,0.225887
460,0.22767177672244762,0.2705231214202562,0.03179087821416851,0.02835093688636495,0.0034399413278035883,0.8917947058703626,-0.0816872064213254,-0.023560901238645616,-0.058126305182679756,0.2884282897021041,0.0,1.0,0.031791,-0.081687,0.343828,0.011494
461,0.266107443646065,0.17618262537923374,0.023170857981231148,-0.018676580927867455,0.041847438909098575,0.3085813033928792,-0.05723015335768336,0.022605398685194292,-0.07983555204287762,0.22066759947591671,0.0,0.0,0.023171,-0.05723,0.489755,0.088456
462,0.28610114574871137,0.38907229215424016,-0.06579396880056824,-0.017434948958994553,-0.0483590198415737,0.2649931183182245,0.039576294407018806,0.025541271933926663,0.01403502247309217,0.6453679485817887,1.0,0.0,-0.065794,0.039576,0.03998,0.212894
463,0.3441232730610129,0.23377012138404257,-0.009863122021755072,0.01249879529084419,-0.022361917312599282,0.35853527818044617,-0.04297434040552434,-0.020452708685374268,-0.022521631720150093,0.47592839104390455,0.0,0.0,-0.009863,-0.042974,0.748126,0.172414
464,0.30140137600886496,0.17670651994331368,-0.008146605831200115,-0.006360859564394946,-0.001785746266805159,0.7807987395233906,0.01454928576136788,0.013769381842400088,0.0007799039189678274,0.9463957247276926,0.0,0.0,-0.008147,0.014549,0.805597,0.656172
465,0.25634421942638114,0.23710784003017998,0.02089894066732422,0.004903140392513072,0.01599580027481116,0.2346119102667819,-0.06085092183996829,-0.004926957359560167,-0.0559239644804081,0.08096767001357126,0.0,0.0,0.020899,-0.060851,0.514743,0.068966
466,0.145766281076074,0.2536078324838841,-0.014615345866584802,0.0022730650354736356,-0.01688841090205842,0.11862682409664106,-0.047005060166901425,-0.0014811615854387163,-0.04552389858146268,0.03151068374722933,0.0,0.0,-0.014615,-0.047005,0.672664,0.171914
467,0.3626760860753231,0.25864222927207664,0.04569568534726838,0.04719720473207771,-0.0015015193848093664,0.9691671719939643,-0.041590298834913594,-0.0492637900407579,0.007673491205844341,0.8652290548856816,0.0,0.0,0.045696,-0.04159,0.174913,0.218891
468,0.2612018775193508,0.2850956869113735,-0.02060942718167333,-0.001191897457766664,-0.01941752972390668,0.057832633933006285,1.8303441374288576e-05,0.009894665842355864,-0.009876362400981588,0.50046288541873,0.0,0.0,-0.020609,1.8e-05,0.526737,0.9995
469,0.25788761474849997,0.2665498071687648,-0.04290721349406286,-0.0199637099354022,-0.02294350355866067,0.46527630926591407,0.01875609207472489,0.02658058340062445,-0.007824491325899553,0.7725774064409343,0.0,0.0,-0.042907,0.018756,0.2009,0.57921
470,0.15979911424323173,0.3562082785513062,-0.0006613365174728799,0.013955013887276128,-0.01461635040474901,0.4884265849065969,-0.034672889073857655,-0.012980978337285624,-0.02169191073657199,0.3743840990473712,0.0,0.0,-0.000661,-0.034673,0.989505,0.31934
471,0.25366678080918936,0.30385614293502966,0.02280054564639457,0.03114549878724173,-0.008344953140847208,0.7886842835821899,-0.08084345826594848,-0.03009345869288936,-0.05074999957305914,0.3722435845568573,0.0,1.0,0.022801,-0.080843,0.453773,0.017991
472,0.28971872162863627,0.2070797962929154,0.018035094643802308,0.007959510783162605,0.010075583860639718,0.44133457241921675,0.006795280653197869,-0.010031650861583826,0.016826931514781734,0.373498895846836,0.0,0.0,0.018035,0.006795,0.564218,0.827086
473,0.2440606076391076,0.3429903793034022,-0.0018993075608470592,-0.003986520736374105,0.0020872131755270487,0.6563541956559429,-0.025720925652808133,0.006368327490398293,-0.03208925314320643,0.16559355491108474,0.0,0.0,-0.001899,-0.025721,0.953023,0.443778
474,0.1917345813633456,0.24716140485481627,-0.04920364314790076,0.011766833605718324,-0.06097047675361906,0.16177163477158735,0.04733955217170889,-0.006026427458210919,0.05336597962991982,0.10146797804083729,0.0,0.0,-0.049204,0.04734,0.153423,0.163918
475,0.3323788054090692,0.2658717266939786,-0.018791926019577583,0.013716468791265809,-0.03250839481084339,0.2967335698236639,0.025639944884547607,-0.008778596319897091,0.03441854120444465,0.20322171382190127,0.0,0.0,-0.018792,0.02564,0.577211,0.445277
476,0.21676626356166687,0.280125082580034,-0.025276755888796763,0.01280226974872989,-0.03807902563752666,0.25161053097299657,-0.04395213457052328,-0.014411708414542576,-0.029540426155980716,0.3278955289741003,0.0,0.0,-0.025277,-0.043952,0.446777,0.189405
477,0.1655408287633058,0.20351617570033614,0.0008883816057596305,0.005317072253341543,-0.004428690647581942,0.5455778380200189,-0.07321038652546714,-0.009476051740238283,-0.06373433478522893,0.12943589277379258,0.0,1.0,0.000888,-0.07321,0.975512,0.023488
478,0.24164231417518972,0.1788836614407771,-6.843677472479978e-05,0.0016036868752052026,-0.001672123649930038,0.4895542226573056,-0.000466241972069968,-0.010630665715577867,0.010164423743507876,0.511210386302673,0.0,0.0,-6.8e-05,-0.000466,0.998001,0.985507
479,0.27324011621891736,0.36149612477187887,-0.012406300876211928,-0.007004391502086323,-0.0054019093741256245,0.5645833977407934,-0.01817486650633187,0.009644015339267462,-0.027818881845599337,0.2574284442465165,0.0,0.0,-0.012406,-0.018175,0.705647,0.595202
480,0.2956171010667265,0.24323363195627434,-0.08124886332017234,-0.010732598825915752,-0.07051626449425653,0.13209537201305174,0.018487674688081643,0.00869601489191132,0.009791659796170301,0.47036823389787064,1.0,0.0,-0.081249,0.018488,0.010495,0.588206
481,0.3828827871879646,0.3057024425156751,0.019692189972932084,-0.011813108949360277,0.031505298922292355,0.2727041350264104,-0.04485623049658041,0.008450040108139647,-0.05330627060472003,0.13682877119115333,0.0,0.0,0.019692,-0.044856,0.567716,0.184408
482,0.15030001597937448,0.21378093855546867,0.07427556223188617,0.02165556903977071,0.05261999319211545,0.291557120391262,-0.09379195809208757,-0.02057482859144528,-0.0732171295006423,0.21936666010580924,1.0,1.0,0.074276,-0.093792,0.026987,0.005497
483,0.354617436974027,0.35466351908126315,0.016095743703742338,0.006587861954543339,0.009507881749199,0.40929217536010026,-0.026742051163121013,-0.019103423466140256,-0.007638627696980725,0.7143589453783229,0.0,0.0,0.016096,-0.026742,0.631684,0.414793
484,0.44663140543287055,0.1893815954443419,-0.05208961384548133,-0.05159546941933422,-0.0004941444261471264,0.990513570946927,0.06856474389734685,0.06121573362191274,0.007349010275434137,0.8928164847164476,0.0,1.0,-0.05209,0.068565,0.115442,0.03948
485,0.3398553982658436,0.2883316941994381,-0.0049817807850828085,0.02353927616860928,-0.028521056953692073,0.4521537753765475,5.39913984292581e-05,-0.022617572479304366,0.022671563877733628,0.4994039255020937,0.0,0.0,-0.004982,5.4e-05,0.871564,0.998501
486,0.2394843883264885,0.2045421172679974,0.03700666202490317,0.006581465266813831,0.03042519675808933,0.1778454177354585,-0.03412691251742417,-0.012510166148454679,-0.021616746368969486,0.366577730759188,0.0,0.0,0.037007,-0.034127,0.275862,0.294853
487,0.3472423612857031,0.31526357681360007,-0.07055613622341794,-0.03025166903813019,-0.0403044671852877,0.4287602844682066,0.05225611021552612,0.01569087109978934,0.036565239115736795,0.3002686391136577,1.0,0.0,-0.070556,0.052256,0.033483,0.114443
488,0.2549124605023662,0.31280509903450027,-0.0483747150137063,-0.040825864772088195,-0.0075488502416181,0.8439504968767414,0.009057317665806948,0.03512600453744007,-0.026068686871633138,0.5740041125892827,0.0,0.0,-0.048375,0.009057,0.152924,0.783608
489,0.2024983001662454,0.35203623767869996,-0.038981553044481226,-0.018153264296630778,-0.020828288747850414,0.4656885854680134,0.021324629956388973,0.018522313826894597,0.0028023161294943475,0.8685878190981333,0.0,0.0,-0.038982,0.021325,0.226387,0.531234
490,0.3439892453974847,0.3743016662524376,-0.011091177490419026,0.000841598103643756,-0.011932775594062799,0.06588175072683619,0.022685695087193654,0.009770060129567507,0.012915634957626158,0.4306705213137956,0.0,0.0,-0.011091,0.022686,0.73913,0.503248
491,0.31228767636519983,0.2669959702914795,-0.015232784311825894,-0.015376333317135626,0.000143549005309755,0.9907506382891738,-0.011723679817536276,0.017165364334092027,-0.028889044151628313,0.372719244443544,0.0,0.0,-0.015233,-0.011724,0.657171,0.731634
492,0.30415068467022965,0.31044669414367027,0.03191695680379984,0.0069950889578825415,0.02492186784591729,0.2191652857408307,-0.05985086012509423,-0.009026468243022247,-0.050824391882072016,0.1508160154115752,0.0,0.0,0.031917,-0.059851,0.332834,0.071464
493,0.2535700122061297,0.2557107979682066,-0.0009925118726797424,0.009862127796670886,-0.01085463966935063,0.47604568680158216,-0.08675220721395034,-0.022268499445100946,-0.0644837077688494,0.256690868858032,0.0,1.0,-0.000993,-0.086752,0.98051,0.013493
494,0.264346346647122,0.32481217024301023,-0.027038128154486356,-0.01648822099644098,-0.0105499071580454,0.6098137009423533,-0.004370079754938579,0.0214748083706046,-0.025844888125543152,0.4538238822464307,0.0,0.0,-0.027038,-0.00437,0.423288,0.884558
495,0.22190054387769856,0.3597346423134886,-0.05325769837575362,-0.02187080424761593,-0.03138689412813771,0.4106599593040795,-0.00602556362619976,0.0363995481365592,-0.04242511176275899,0.4617786893473681,0.0,0.0,-0.053258,-0.006026,0.103448,0.854573
496,0.1392271976950818,0.2378207279447346,-0.03925865982822638,-0.00747222960792014,-0.03178643022030625,0.19033328291425064,0.010032600823976529,0.010087421307834563,-5.482048385803016e-05,0.994594835640486,0.0,0.0,-0.039259,0.010033,0.246877,0.773113
497,0.21057865771749681,0.17697481740737728,-0.10373829881019431,-0.0013199336961933457,-0.10241836511400101,0.012723687503381691,0.062336834831813556,0.0008074752240956437,0.06152935960771787,0.012953420337658048,1.0,0.0,-0.103738,0.062337,0.001,0.053973
498,0.19990488728682582,0.23677184518883124,-0.038511286854815786,-0.00033674314049481936,-0.038174543714320955,0.00874401163908939,-0.0360217488967588,-0.001549301058356269,-0.03447244783840253,0.04301015652506737,0.0,0.0,-0.038511,-0.036022,0.233883,0.266367
499,0.2551475934272773,0.16235365269249688,-0.006573400706205972,0.009837881499948955,-0.01641128220615493,0.3747883784069391,-0.07225688392306476,-0.011330636024516522,-0.0609262478985482,0.1568104713258986,0.0,1.0,-0.006573,-0.072257,0.827586,0.033983
500,0.33595479859090005,0.18733212317603457,0.044496004134963185,0.02394845855792595,0.020547545577037276,0.5382159369926025,-0.03535593805675897,-0.028338200651942924,-0.007017737404816002,0.8015117745270958,0.0,0.0,0.044496,-0.035356,0.170415,0.269365
501,0.19099484493604635,0.21361746544952295,-0.051963713280013805,-0.01799085457812,-0.03397285870189373,0.34621957213053206,0.016717298925403065,0.0177809755047228,-0.0010636765793197115,0.9435555204428303,0.0,0.0,-0.051964,0.016717,0.129935,0.624688
502,0.26929461376103486,0.21003760197577562,-0.036603368776579076,-0.00401990878710992,-0.03258345998946917,0.10982346492878232,-0.056495634368535844,0.006674291182380074,-0.06316992555091593,0.09555968259857826,0.0,0.0,-0.036603,-0.056496,0.273863,0.08096
503,0.28379900713250944,0.352279643871909,-0.030011443127769447,-0.03059104193071702,0.0005795988029475257,0.981405617937088,0.007944064473575582,0.028249092239247143,-0.02030502776567164,0.5818062861892125,0.0,0.0,-0.030011,0.007944,0.35982,0.817591
504,0.18776184996390569,0.3740481048013832,-0.02535581805655677,-0.010749866428875562,-0.014605951627681189,0.42396054447534415,0.0023230740286622423,0.006122659146388776,-0.003799585117726585,0.6170639407187235,0.0,0.0,-0.025356,0.002323,0.453773,0.930535
505,0.3283349270261712,0.2426858186122502,0.03722793236050994,0.015295239731538193,0.0219326926289718,0.410853860574938,-0.005302938800715815,-0.003931638168045624,-0.001371300632670205,0.741407418753334,0.0,0.0,0.037228,-0.005303,0.258371,0.871064
506,0.3498923352880592,0.28804506510289024,-0.04176108351526789,0.00877385820651211,-0.050534941721780004,0.14793518360041394,-0.001296065682539453,-0.0022995175423062815,0.0010034518597668123,0.6961970464706696,0.0,0.0,-0.041761,-0.001296,0.196402,0.965017
507,0.20551440485437555,0.40714433813707174,-0.01063812188884744,-0.017186579572935082,0.006548457684087642,0.7241016471482435,0.005767189180439304,0.004102572774288795,0.0016646164061505132,0.7113643485467017,0.0,0.0,-0.010638,0.005767,0.749625,0.866067
508,0.27687978799500174,0.15109201605438638,-0.022014027952733918,0.026027817484554003,-0.048041845437287914,0.3513964618958571,-0.0025011727339269672,-0.025029906998778478,0.02252873426485153,0.5262956706443976,0.0,0.0,-0.022014,-0.002501,0.489255,0.936032
509,0.3659482452909924,0.28839433489549854,-0.05867017215881037,-0.02556727870661178,-0.033102893452198565,0.43577984801894615,0.05859634074610293,0.03769319424907859,0.02090314649702437,0.6432687394662172,0.0,0.0,-0.05867,0.058596,0.082959,0.073463
510,0.3223630390669981,0.24351041804681556,-0.010142109017295007,0.01645731556879838,-0.02659942458609336,0.38222390988251903,-0.02990683757826134,-0.008474601488828287,-0.02143223608943308,0.2833666871882265,0.0,0.0,-0.010142,-0.029907,0.770615,0.392304
511,0.27446625465794344,0.24183450108631405,-0.012685445348256677,0.0002767677234512102,-0.012962213071707904,0.02090551589533323,0.03191672035917917,0.012694216684956846,0.019222503674222305,0.3977293575937863,0.0,0.0,-0.012685,0.031917,0.708646,0.330335
512,0.3208318801028165,0.2253006458757813,0.015457239935824811,-0.011618905883843495,0.027076145819668287,0.30026851941869914,-0.020871770704197892,0.008475557444674557,-0.02934732814887244,0.22408542636737852,0.0,0.0,0.015457,-0.020872,0.635182,0.522739
513,0.2790724808471037,0.31492475642037526,-0.027142483002877024,-0.012227829630083425,-0.014914653372793569,0.45050519618221097,-0.001074804329681307,0.023451733647406867,-0.024526537977088182,0.48879905118202943,0.0,0.0,-0.027142,-0.001075,0.396802,0.966517
514,0.38979335606903254,0.2142422975730871,0.0041302972214143216,-0.0036733609709148603,0.007803658192329181,0.32006228434984724,-0.014135390244101664,-0.005940367294910004,-0.008195022949191673,0.4202478454663649,0.0,0.0,0.00413,-0.014135,0.897051,0.663168
515,0.17573164272457018,0.24363356269121267,-0.046219716920502876,0.018772667100853093,-0.064992384021356,0.22411097288611087,-0.021779670778380472,-0.023897722158066945,0.002118051379686464,0.918585877271233,0.0,0.0,-0.04622,-0.02178,0.142929,0.502749
516,0.30279095456930966,0.2451266444364225,-0.018298948101427674,0.007108006299113413,-0.025406954400541065,0.21860725481943907,-0.01249306977028841,-0.007825162345616456,-0.004667907424671948,0.6263602532843144,0.0,0.0,-0.018299,-0.012493,0.586207,0.711144
517,0.33188386332558545,0.17228605309172873,-0.013794170520693915,0.004052583125918211,-0.017846753646612094,0.18505506207848343,-0.011836334866456947,-0.008708519371947332,-0.0031278154945096268,0.7357445924098044,0.0,0.0,-0.013794,-0.011836,0.697651,0.730135
518,0.2597349520857401,0.26671219773142174,-0.0013924027594331076,0.009447819932436851,-0.010840222691869936,0.46568415235472577,-0.00662626272796208,-0.001056293153648896,-0.0055699695743131605,0.15941009238759307,0.0,0.0,-0.001392,-0.006626,0.966017,0.856572
519,0.17345548161160232,0.3266772888904615,0.01461761357359568,-0.007502827408068999,0.0221204409816647,0.2532748010570364,-0.010941332647291541,0.003991435497005922,-0.01493276814429748,0.21091695971260502,0.0,0.0,0.014618,-0.010941,0.664168,0.742129
520,0.3781581889606417,0.33110688361982943,0.02925084750999258,0.0023108719372377674,0.026939975572754796,0.07900187973864128,-0.020305120117063244,-0.0013540215967609932,-0.018951098520302252,0.06668375212531504,0.0,0.0,0.029251,-0.020305,0.383308,0.536732
521,0.18747832103284623,0.28399871858831555,0.037244784346732604,0.01635836831128771,0.020886416035444923,0.4392123245767371,-0.020029638234785947,-0.013504969003025023,-0.006524669231760927,0.6742492722395066,0.0,0.0,0.037245,-0.02003,0.290355,0.570215
522,0.27322580052844453,0.33492330290239514,0.008734506263698925,0.019472135745910522,-0.010737629482211594,0.6445642857159317,-0.001641841162443699,-0.013583954821192507,0.011942113658748851,0.5321600869270925,0.0,0.0,0.008735,-0.001642,0.793603,0.954523
523,0.2068033327811157,0.21048531592185388,0.0022787033833551046,0.010134157471368725,-0.007855454088013625,0.5633338684338256,-0.007090711501199539,-0.009087399944358495,0.001996688443158932,0.8198599313401774,0.0,0.0,0.002279,-0.007091,0.951024,0.847576
524,0.2854182915800997,0.29853358671457725,-0.004995539648685697,0.0261665420747065,-0.0311620817233922,0.45643066833176466,-0.02865652124464238,-0.02640425684918457,-0.0022522643954577953,0.9214048217426642,0.0,0.0,-0.004996,-0.028657,0.881559,0.393303
525,0.25397358608874043,0.2711821028052858,0.0372008844292374,0.031053677278592325,0.006147207150645068,0.8347564246130187,0.005540789284369017,-0.031021760514346366,0.03656254979871541,0.45900831673280984,0.0,0.0,0.037201,0.005541,0.245377,0.854073
526,0.25624362005590456,0.33078049513435187,0.018893135988532737,-0.0029374230411119686,0.02183055902964475,0.11859759235614722,-0.002077494637336936,0.005484435778344298,-0.007561930415681224,0.4203803340163678,0.0,0.0,0.018893,-0.002077,0.565717,0.947526
527,0.2586474129942012,0.23816697606743323,0.04495540924980072,-0.01755578116755837,0.06251119041735909,0.21926370911804816,-0.028964053008580133,0.015649966295172332,-0.044614019303752486,0.25969019704948865,0.0,0.0,0.044955,-0.028964,0.168916,0.38031
528,0.2987371504470997,0.32244900232291446,-0.04159572873184151,-0.017111573306240524,-0.024484155425600986,0.41137813491753117,0.010290204264031575,0.0045883458505240025,0.005701858413507586,0.44589453550131364,0.0,0.0,-0.041596,0.01029,0.201899,0.793103
529,0.30555828608453456,0.25832607826644755,-0.0245012283266801,-0.0022371128030083095,-0.022264115523671777,0.09130614894814289,-0.009497636852145535,0.00018549205039381173,-0.00968312890253932,0.01879614702788642,0.0,0.0,-0.024501,-0.009498,0.441279,0.765617
530,0.3186585906336828,0.21413094119703766,0.024292199039232736,0.002674295727842738,0.021617903311390047,0.11008866358799602,-0.0690316276269706,-0.0010962218320312266,-0.06793540579493937,0.015879993992825015,0.0,1.0,0.024292,-0.069032,0.453273,0.043478
531,0.2555499313295709,0.23802507589396457,0.03085560581095908,0.002456985211754554,0.02839862059920454,0.0796284871801771,-0.03992029235079053,-0.0007065453911183343,-0.039213746959672204,0.01769890322720401,0.0,0.0,0.030856,-0.03992,0.353823,0.22039
532,0.26273940914723276,0.16479718203886756,-0.0358699580921633,-0.002667679573533744,-0.033202278518629565,0.07437085838459803,-0.0002309725832684642,0.007300646431095232,-0.007531619014363692,0.4922138467613801,0.0,0.0,-0.03587,-0.000231,0.29935,0.994503
533,0.21257146997492957,0.24428082828492612,-0.08125919841766979,-0.010576173649943359,-0.07068302476772645,0.13015355622365543,-0.00200905415740444,0.012262648290880352,-0.014271702448284773,0.46214239087374726,1.0,0.0,-0.081259,-0.002009,0.009995,0.944028
534,0.31262389829604403,0.3267418042007183,0.04241036887900422,-0.0028457868361990973,0.04525615571520331,0.05916157820774181,-0.05492095868904421,0.006858057354780723,-0.06177901604382492,0.09991768318781558,0.0,0.0,0.04241,-0.054921,0.2004,0.09945
535,0.3029078989648623,0.26966410814746367,-0.022293964471031602,0.014930586789988785,-0.03722455126102037,0.2862725964867788,0.03078232252602816,-0.00914301430770349,0.03992533683373167,0.18633220996869376,0.0,0.0,-0.022294,0.030782,0.521739,0.364318
536,0.3012714369250341,0.1958296417044862,0.008257661654459375,0.020614147725497706,-0.012356486071038331,0.6252275237627816,-0.029045255241992373,-0.018761340335031976,-0.010283914906960385,0.6459347724342821,0.0,0.0,0.008258,-0.029045,0.8006,0.35982
537,0.13444014342757182,0.2549983013529151,-0.013983989800515424,0.0048364220263172695,-0.018820411826832695,0.20444079948903596,-0.05040231202650111,-0.0072241739707060585,-0.04317813805579503,0.14333021006868993,0.0,0.0,-0.013984,-0.050402,0.674163,0.115942
538,0.2918205201795411,0.33325675852276726,0.04383113441475306,0.029976517155692453,0.013854617259060606,0.6839092247086057,-0.06291807710167124,-0.03520669859264599,-0.027711378509025233,0.5595641223388698,0.0,0.0,0.043831,-0.062918,0.191904,0.064468
539,0.19412404982088632,0.39997971458685116,0.0647203315633121,0.013726744590121041,0.05099358697319103,0.21209323652325512,-0.07023277572632988,-0.018540990137400515,-0.05169178558892933,0.26399341255780107,0.0,1.0,0.06472,-0.070233,0.050475,0.038481
540,0.18525881089828564,0.23845533110706843,0.010268491899094363,-0.003616853699791416,0.013885345598885719,0.20665138352440016,-0.04447259384201549,0.004904326359299269,-0.049376920201314775,0.09035028983394426,0.0,0.0,0.010268,-0.044473,0.752624,0.190905
541,0.3148172672221682,0.22684383895672666,-0.020946522548163697,-0.0008816088805407695,-0.0200649136676229,0.04208855567856814,0.015534162119614146,0.0012800909951596103,0.014254071124454534,0.08240489479270394,0.0,0.0,-0.020947,0.015534,0.51974,0.626187
542,0.22027391844354807,0.2891523160326052,-0.08435062038524553,-0.03503447185928402,-0.049316148525961515,0.415343380988484,0.0288666371544177,0.03366716009363415,-0.00480052293921647,0.8752063404724189,1.0,0.0,-0.084351,0.028867,0.010995,0.374313
543,0.38507728419894555,0.25563347556774596,0.007194076648049113,0.020024426307776583,-0.012830349659727477,0.6094829661167772,-0.0500683101564011,-0.026816983919264285,-0.023251326237136813,0.5356079291570779,0.0,0.0,0.007194,-0.050068,0.844078,0.14043
544,0.270792156529007,0.2814029233834694,-0.03755931301628485,-0.017951886430073723,-0.019607426586211167,0.4779609899225309,0.04564783752085074,0.009374998823152594,0.036272838697698144,0.20537662531922438,0.0,0.0,-0.037559,0.045648,0.263368,0.172914
545,0.22864818092924494,0.3209844578742881,0.002286838940860771,-0.0059471198112673075,0.008233958752128095,0.4193700630513521,-0.009887634064542636,0.0020408283797487127,-0.01192846244429136,0.14609391453405812,0.0,0.0,0.002287,-0.009888,0.938531,0.744628
546,0.2598583014169331,0.2759232665017453,-0.07761926219857679,-0.026005727898439763,-0.05161353430013711,0.3350421939325851,0.020970484987638243,0.02410021890301057,-0.0031297339153723404,0.885062822684751,1.0,0.0,-0.077619,0.02097,0.021489,0.525237
547,0.329630250871305,0.30766769653712667,-0.05426459616619648,-0.006649556682011553,-0.04761503948418489,0.12253950368755945,0.014372007686915555,0.004955935438850399,0.009416072248065132,0.3448325068293937,0.0,0.0,-0.054265,0.014372,0.096952,0.663168
548,0.1694209948464767,0.3030218530896364,0.0031967094053789707,-2.0700393389578523e-05,0.0032174097987685626,0.006392739024048496,-0.03760775909168865,0.0028567930332781735,-0.04046455212496684,0.06594423656151088,0.0,0.0,0.003197,-0.037608,0.918041,0.251874
549,0.22703673167559066,0.18823318477854875,0.022364197106632268,-0.003939265484268512,0.026303462590900797,0.13025496491180746,-0.04168140154913243,0.0034562985848314897,-0.04513770013396394,0.07112603769927345,0.0,0.0,0.022364,-0.041681,0.492754,0.2009
550,0.31934925735721803,0.3133160474330923,-0.01848690487936514,-0.005981167907444664,-0.012505736971920464,0.3235353860732401,0.04656740682430725,0.010910448153696165,0.03565695867061108,0.2342936594013032,0.0,0.0,-0.018487,0.046567,0.558221,0.164418
551,0.16512591468428525,0.2632529031157457,0.000596337766439272,-0.01091298951935546,0.011509327285794752,0.48670213761536185,-0.005565422049851232,0.00902898513753922,-0.014594407187390468,0.38220527404994925,0.0,0.0,0.000596,-0.005565,0.984008,0.874063
552,0.37521943698961,0.23096576757869375,-0.03371411072174377,-1.706348679596627e-05,-0.03369704723494779,0.0005061229980763293,0.021970561193662513,0.01256216747436507,0.009408393719297442,0.5717727173026729,0.0,0.0,-0.033714,0.021971,0.322839,0.522739
553,0.22980703689776918,0.30594158513459874,0.0076984087762035636,0.0008381231786205052,0.006860285597583056,0.10886966423648683,-0.06905674141903785,-0.0008425692053131047,-0.06821417221372472,0.012201114445878299,0.0,1.0,0.007698,-0.069057,0.821589,0.043978
554,0.26731178996093174,0.2006390325205538,-0.049768169388933324,-0.006382144819130864,-0.04338602456980246,0.12823748386755063,0.0025254770957417357,0.007303952688068308,-0.004778475592326591,0.6045103284345411,0.0,0.0,-0.049768,0.002525,0.135932,0.94003
555,0.3443830950352748,0.2821053142155266,-0.007277974545910337,-0.005990940626206737,-0.0012870339197035893,0.8231604258046209,0.00532999554732139,0.008215563962633678,-0.002885568415312293,0.7400653989997544,0.0,0.0,-0.007278,0.00533,0.82059,0.891054
556,0.2837903600122246,0.14625867693064673,-0.016196274431175398,0.008025627129835594,-0.024221901561011002,0.24887572647120873,-0.018239079511805298,-0.00713148325161458,-0.01110759626019073,0.3910001733913547,0.0,0.0,-0.016196,-0.018239,0.630185,0.591704
557,0.3187664362328526,0.2232792640051963,-0.035367766226696136,-0.018730629514206364,-0.016637136712489793,0.5295960563115287,-0.004189999804009562,0.018814704117718774,-0.023004703921728337,0.44990364521590964,0.0,0.0,-0.035368,-0.00419,0.283358,0.902049
558,0.31248857066984426,0.23436807063728995,-0.03735579285522726,-0.02497385537973397,-0.012381937475493252,0.668540364717205,0.01446416307360057,0.02497251318281538,-0.010508350109214805,0.7038304839788038,0.0,0.0,-0.037356,0.014464,0.264868,0.677661
559,0.28852772670942656,0.3088317554336884,0.009251167026393683,-0.0032586036152582112,0.012509770641651931,0.20665438060808333,-0.05389673042895729,0.00630068595984939,-0.06019741638880667,0.09474986108346786,0.0,0.0,0.009251,-0.053897,0.782109,0.107946
560,0.2789538945355637,0.20237991172920497,0.0053257152862610305,0.00774070786760141,-0.0024149925813403313,0.7622032479707511,-0.08887786649305032,-0.002230779800081942,-0.08664708669296835,0.02509938512370091,0.0,1.0,0.005326,-0.088878,0.87956,0.009995
561,0.11404508758911111,0.28756277783960493,-0.0209671466427903,0.004395955844444099,-0.025363102487234383,0.14771824415440624,-0.04571761767841433,0.0007503555403092022,-0.04646797321872356,0.015891192255839015,0.0,0.0,-0.020967,-0.045718,0.512244,0.164418
562,0.16817984242306463,0.2985207125160784,-0.013447379073834791,0.02099934795604991,-0.03444672702988473,0.3787346166771399,0.005433353172605095,-0.015966189904141205,0.02139954307674634,0.42729497404233613,0.0,0.0,-0.013447,0.005433,0.678161,0.858071
563,0.19364274760630362,0.24484519170714528,0.02497059063876143,0.000934130688059299,0.024036459950702152,0.03740923479035625,-0.04838777535368129,-0.0005402705216884347,-0.04784750483199285,0.011165434197778872,0.0,0.0,0.024971,-0.048388,0.456772,0.151424
564,0.21071443915363744,0.38366892034057637,-0.02087551562953991,0.003629496863719905,-0.024505012493259808,0.12900515938158652,-0.02753114163828206,-0.0034488436964534037,-0.024082297941828652,0.1252706386740529,0.0,0.0,-0.020876,-0.027531,0.537231,0.402799
565,0.3221203838767911,0.25867657132615407,-0.023877650890220085,-0.007931707021939542,-0.015945943868280528,0.3321812123984211,0.002217777863231185,0.01883532820515158,-0.016617550341920403,0.5312778250190117,0.0,0.0,-0.023878,0.002218,0.482759,0.949025
566,0.29995815014149685,0.2316940566482621,0.038407554073733086,0.017455850940250497,0.02095170313348264,0.45449004398300186,-0.055716394072572804,-0.01817926084680287,-0.03753713322576997,0.32628207818193783,0.0,0.0,0.038408,-0.055716,0.242879,0.086957
567,0.2517962421296006,0.3764279882213322,0.04799523055242032,0.024924330994080594,0.023070899558339703,0.519308496015209,-0.01921431427859848,-0.018138037606580015,-0.0010762766720184772,0.9439856839847119,0.0,0.0,0.047995,-0.019214,0.138431,0.575212
568,0.2363409009587292,0.29814766513317853,-0.031099894795338152,-0.019608482293653664,-0.011491412501684438,0.6304999557938372,-0.03103403872885859,0.01637968084030761,-0.04741371956916622,0.25676136928225407,0.0,0.0,-0.0311,-0.031034,0.344828,0.345827
569,0.2589955873512095,0.25575532457768413,0.005804362585728461,-0.005054699519313285,0.010859062105041749,0.31763071727663544,-0.035402398923466256,0.016465563086757496,-0.05186796201022376,0.2409587836042266,0.0,0.0,0.005804,-0.035402,0.863068,0.278861
570,0.3018674517725127,0.25288353419830695,-0.020861119509759593,-0.0002293491719707729,-0.020631770337788822,0.010994097026455124,-0.02165512039980716,-0.0014991493314280811,-0.0201559710683791,0.06922839973872552,0.0,0.0,-0.020861,-0.021655,0.552724,0.54023
571,0.22589636924424983,0.2387359027298554,0.014410454014169773,0.00705110830504139,0.007359345709128402,0.48930507658593125,-0.03160763459217967,-0.005178673346473433,-0.026428961245706206,0.16384248341553342,0.0,0.0,0.01441,-0.031608,0.655672,0.342329
572,0.23588554793498379,0.26952964186915807,-0.0435195984739904,0.01211236831280147,-0.055631966786791866,0.17879529402708952,0.01882786735963591,-0.014135957421012512,0.03296382478064842,0.30012787236442934,0.0,0.0,-0.04352,0.018828,0.171414,0.542729
573,0.1618576248181717,0.22484395770676696,0.006133092459070608,0.009250675569603283,-0.003117583110532663,0.7479367798524734,-0.032397693905474215,-0.003955686331456786,-0.02844200757401742,0.1220977747057607,0.0,0.0,0.006133,-0.032398,0.847076,0.344828
574,0.23167935912489643,0.32821416547204957,-0.019344256357100482,0.0071354768892649256,-0.026479733246365402,0.21226929299191563,0.009466848081647442,-0.0038765788044529525,0.013343426886100417,0.2251206459577179,0.0,0.0,-0.019344,0.009467,0.551224,0.770115
575,0.24819674323211427,0.36352199017948084,-1.2583847841651091e-05,-0.012819601502169665,0.012807017654328028,0.5002455229807098,-0.018848409327151913,0.014646906757637714,-0.03349531608478961,0.304242427807665,0.0,0.0,-1.3e-05,-0.018848,1.0,0.573713
576,0.20488071476298736,0.21460659513267225,-0.020940262247967453,-0.001886504397602599,-0.019053757850364804,0.09008981717913848,-0.013277431247160293,0.0028252776586060796,-0.016102708905766355,0.14926456382444886,0.0,0.0,-0.02094,-0.013277,0.529235,0.689655
577,0.34229847926244406,0.18832218373175175,-0.0388893396178056,0.01663519900482493,-0.05552453862263054,0.23053297519883909,0.005872823931786012,-0.012037777617226398,0.01791060154901239,0.4019508885741886,0.0,0.0,-0.038889,0.005873,0.24088,0.848076
578,0.4066440129400159,0.2493792290672449,0.01967035842399104,0.05182899629854586,-0.032158637874554835,0.6171027057593378,-0.04270991908452958,-0.04648145914103666,0.0037715400565070875,0.9249489559482564,0.0,0.0,0.01967,-0.04271,0.545227,0.194903
579,0.2088106221513902,0.1529873223828719,-0.014877486614172371,-0.028325661516484156,0.013448174902311837,0.6780718254485988,-0.03444436447035524,0.02996039870254378,-0.06440476317289905,0.31749427550487297,0.0,0.0,-0.014877,-0.034444,0.647176,0.285857
580,0.2848693612817293,0.17997117643955626,0.021183521056432418,-0.03274593432956693,0.053929455385999386,0.3777996780519347,-0.0053967831073958045,0.03076208011888017,-0.03615886322627596,0.4596779211586949,0.0,0.0,0.021184,-0.005397,0.523738,0.88056
581,0.24890509169673053,0.1572480634309075,0.026106888036566616,0.0026579664650106666,0.02344892157155596,0.10181092672890711,-0.03982906426943261,-0.0011463718321240938,-0.038682692437308486,0.028782293863827836,0.0,0.0,0.026107,-0.039829,0.452274,0.231384
582,0.18169463410924266,0.20551530928286613,-0.056605306235136835,-0.008140966793963693,-0.048464339441173204,0.14381985250899162,0.023555780716622732,0.01133497447594195,0.012220806240680771,0.4811971469891951,0.0,0.0,-0.056605,0.023556,0.090455,0.484258
583,0.2080355709955944,0.19394022089893978,-0.008253626499720439,-0.015769032606906486,0.0075154061071860505,0.6772348176622582,0.008219798585504975,0.023072780064730885,-0.014852981479225896,0.6083669549519535,0.0,0.0,-0.008254,0.00822,0.8001,0.805097
584,0.16060772663924283,0.26507859733339856,0.0024596704785953185,-0.008987024530185529,0.011446695008780825,0.43981344233719183,-0.039573492225557,0.003837782677488576,-0.043411274903045576,0.08122453386392368,0.0,0.0,0.00246,-0.039573,0.938531,0.230385
585,0.20185509818285066,0.3580164275754986,-0.057860309674160476,-0.014769699994374089,-0.04309060967978638,0.2552647933885845,0.036615416680350746,0.012103797785074042,0.024511618895276678,0.33056561641068033,0.0,0.0,-0.05786,0.036615,0.088456,0.273363
586,0.2917652556318042,0.25652784847032517,0.025788932483542967,0.012396682461943906,0.013392250021599047,0.48069777490226756,-0.07099283916197685,-0.005708675021212577,-0.06528416414076428,0.08041198363947238,0.0,1.0,0.025789,-0.070993,0.445777,0.037981
587,0.19359215348553127,0.1687931072112748,-0.07429562128482417,-0.0021690085529124338,-0.07212661273191176,0.02919429860606712,0.0180225017910561,0.005925874979320144,0.012096626811735926,0.32880423861358393,1.0,0.0,-0.074296,0.018023,0.029985,0.596702
588,0.3387494541420396,0.310091277997083,-0.05542303977840322,-0.018461027496026232,-0.03696201228237695,0.3330930163671748,0.06578793581961884,0.017256446153126895,0.04853148966649194,0.26230411302828555,0.0,1.0,-0.055423,0.065788,0.10095,0.047976
589,0.28073911642247806,0.20799413179277104,-0.004294487025857651,0.008534965708178893,-0.012829452734036528,0.3994944084840647,-0.022810441019538497,-0.011565752580208618,-0.01124468843932987,0.5070376574614173,0.0,0.0,-0.004294,-0.02281,0.901549,0.498751
590,0.26910700031551477,0.21310426736797364,-0.00037209771285709047,0.005031685310723458,-0.005403783023580567,0.4821714895327731,-0.04134503284023673,-0.010402965204481047,-0.0309420676357557,0.2516134222139725,0.0,0.0,-0.000372,-0.041345,0.991004,0.214393
591,0.33487848792870173,0.2573149993851781,-0.0015088609109779067,0.002955732299517823,-0.004464593210495745,0.3983291966813486,-0.03562047938959917,-0.013491239925940805,-0.0221292394636583,0.3787495327724348,0.0,0.0,-0.001509,-0.03562,0.955522,0.274863
592,0.2552348853747225,0.29207273161916525,0.03571203207185002,0.0023209562159900235,0.03339107585586003,0.06499087510115431,-0.011766650860574525,-0.007297224686671246,-0.004469426173903269,0.6201615713033023,0.0,0.0,0.035712,-0.011767,0.272864,0.723638
593,0.3519499338685999,0.2673447684896532,0.008383801320061508,-0.02077676731363218,0.029160568633693693,0.41605678235514226,-0.04006188411329862,0.02094898070114044,-0.0610108648144391,0.2556005391342313,0.0,0.0,0.008384,-0.040062,0.816092,0.232384
594,0.30244144809117085,0.3380566259960388,0.04349248502144927,0.01087100666071723,0.032621478360732,0.24995138022938826,-0.05757426905152088,-0.00882914884927227,-0.0487451202022486,0.15335233941696114,0.0,0.0,0.043492,-0.057574,0.186907,0.077461
595,0.28959926522565227,0.31411346061629425,-0.04516476037180628,0.006265760722162885,-0.05143052109396914,0.10859903835971216,-0.031167383362905976,0.004073453331382207,-0.03524083669428817,0.10361253703735801,0.0,0.0,-0.045165,-0.031167,0.163418,0.354823
596,0.2522445915247406,0.22433392724660348,0.014750863984108784,0.011640368900414574,0.003110495083694202,0.7891313290499348,-0.04610628333711876,-0.011565679466176367,-0.034540603870942405,0.25084822781334853,0.0,0.0,0.014751,-0.046106,0.643678,0.153923
597,0.11024530346951346,0.3018345695675833,-0.007839997602845792,0.013726167655571749,-0.021566165258417563,0.3889277506540498,-0.027061709289288558,-0.010024337051492551,-0.01703737223779599,0.3704251251956337,0.0,0.0,-0.00784,-0.027062,0.811594,0.435782
598,0.3393740264973706,0.2498854600928754,0.0003141159255024527,-0.019217735997180806,0.019531851922683273,0.4959468481813011,0.004624669405644508,0.01846403137115335,-0.013839361965508817,0.5715817895266725,0.0,0.0,0.000314,0.004625,0.993003,0.890055
599,0.43364336279059446,0.28132524894012456,-0.035301777726638374,-0.02847340217884213,-0.006828375547796247,0.8065713403819994,0.008791573066892967,0.017193336817095874,-0.008401763750202882,0.6717432803941671,0.0,0.0,-0.035302,0.008792,0.276862,0.797101
