site,date,is_growing,H,LE,LE_corr,H_corr,G,ET,VPD,SWC_mean,GPP_proxy,EF_corr,Bowen_corr,swc_th,vpd_th,drought_type,Irrig_mm,Rain_mm,IrrigRain_mm,days_since_irrig,bucket
Oran,2018-01-01,True,0.9407501687500002,15.666822091666667,21.240585395623395,1.2754395357505308,-13.4968061875,1.2052458125524326,5.124524729166667,13.19439611111111,-0.014536890854166666,0.9433541426766974,0.060047287397895076,17.43303296,10.551727677355073,soil dry,0.0,0.0,0.0,,
Oran,2018-01-02,True,-2.4719371875,6.598005159375,8.945368193273426,-3.3513748108264405,-2.694706666666667,0.5508804190392735,4.393803,12.895741666666666,-0.019291294645833335,1.5991023910293662,-0.37464917468087516,17.43303296,10.551727677355073,soil dry,0.0,0.0,0.0,,
Oran,2018-01-03,True,5.457809789166667,2.13944265125,2.9005891601389995,7.399527116703943,2.936559491666667,0.35760210063169107,3.4122809375,12.927618125,-0.0225300956875,0.2816074190016863,2.5510428082649765,17.43303296,10.551727677355073,soil dry,0.0,0.0,0.0,,
Oran,2018-01-04,True,23.19894616666667,7.6081265,10.314858985340269,31.452402679906395,6.885801355833333,0.5340056058173339,3.7534866250000003,13.020482361111112,-0.01913666825,0.24696038414036048,3.0492324446322847,17.43303296,10.551727677355073,soil dry,0.0,0.0,0.0,,
Oran,2018-01-05,True,17.406296541666666,9.395367370833332,12.737944032031143,23.59891022899102,-12.50146608125,0.688350789642568,4.7495951666666665,12.614751666666665,-0.01688049975,0.35055164490930873,1.85264671988263,17.43303296,10.551727677355073,soil dry,0.0,0.0,0.0,,
Oran,2018-01-06,True,-3.3267091229166668,15.181162347916667,20.58214316656244,-4.510247757858709,-11.305374670833332,1.0742050869810016,2.9885928125,12.549760000000001,-0.009257295645833333,1.2806294866389052,-0.21913401929814655,17.43303296,10.551727677355073,soil dry,0.0,0.0,0.0,,
Oran,2018-01-07,True,21.483327833333334,19.831297062916665,26.88664978170093,29.126421220344984,-14.774901875,1.4057805078359042,3.282149125,13.610337569444445,-0.01646636270833333,0.4800067073758351,1.0833042218658437,17.43303296,10.551727677355073,soil dry,0.0,0.0,0.0,,
Oran,2018-01-08,True,29.585876011666667,8.700051761875,11.795256964891657,40.11160159049708,-10.754002729166666,0.6374952502541787,2.6835154375,13.03248888888889,-0.009675833291666667,0.22723889083569143,3.400655170963079,17.43303296,10.551727677355073,soil dry,0.0,0.0,0.0,,
Oran,2018-01-09,True,7.995603958333334,8.955775055625,12.141958575899045,10.84018875512083,-9.219585135416667,0.6594717336350617,2.8025808333333333,12.458555486111111,-0.007898815104166667,0.5283213270289405,0.892787492838088,17.43303296,10.551727677355073,soil dry,0.0,0.0,0.0,,
Oran,2018-01-10,True,-2.873127215909091,26.28835662272727,35.640928357298975,-3.8952956524902094,3.7492722034090904,1.734385558509096,3.313385681818182,13.75486371212121,-0.01721116868181818,1.1227033554098973,-0.10929276626691696,17.43303296,10.551727677355073,soil dry,0.0,0.0,0.0,,
Oran,2018-01-11,True,-0.6911252083333329,22.59620575,30.635226151271926,-0.9370058535662157,-13.030570270833332,1.5707012418684145,3.5392885416666666,15.847372569444445,-0.024050574187500003,1.0315509092522492,-0.030585896410211835,17.43303296,10.551727677355073,soil dry,0.0,0.0,0.0,,
Oran,2018-01-12,True,15.36746075,9.973425731875,13.521657404757228,20.83472068964697,-10.623119714583334,0.7219443885470549,3.5919097291666664,14.399196597222222,-0.012923850104166667,0.3935705145519856,1.5408407465135776,17.43303296,10.551727677355073,soil dry,0.0,0.0,0.0,,
Oran,2018-01-13,True,3.2977229458333333,11.053787776666667,14.98637833771489,4.470949209242478,-5.3828459125,0.8011962338193382,3.9919848333333334,13.761200694444446,-0.005407228166666667,0.7702177136889685,0.29833420113189296,17.43303296,10.551727677355073,soil dry,0.0,0.0,0.0,,
Oran,2018-01-14,True,0.8912514854166663,15.426792339791668,20.915160595854775,1.2083307753292438,-2.3606252277083333,1.0778632790506089,2.8582849791666667,13.904758472222221,-0.015797079333333335,0.9453824554607551,0.057772961856612556,17.43303296,10.551727677355073,soil dry,0.0,0.0,0.0,,
Oran,2018-01-15,True,23.653266918750003,8.273583181666666,11.217064256538656,32.06835648822614,-8.295490916666667,0.6280928601806025,2.979996020833333,13.836927569444443,-0.010681902604166666,0.2591418556996542,2.858890325918641,17.43303296,10.551727677355073,soil dry,0.0,0.0,0.0,,
Oran,2018-01-16,True,18.167595490416666,10.45758484625,14.178065127636883,24.631055436098716,-5.544475066666667,0.8357519318316414,4.4095507708333335,13.455932569444444,-0.017522169229166665,0.36532817342130885,1.7372649380828509,17.43303296,10.551727677355073,soil dry,0.0,0.0,0.0,,
Oran,2018-01-17,True,21.47568247291667,5.708794785416667,7.739804692760928,29.11605588078471,1.325553458333334,0.5034441591379076,4.131837583333334,13.320359583333333,-0.014630408458333334,0.2100020070706583,3.761859250533425,17.43303296,10.551727677355073,soil dry,0.0,0.0,0.0,,
Oran,2018-01-18,True,26.512359495833334,6.591526158333333,8.93658416712577,35.94462441813604,-3.0821340187499993,0.5727342146105113,3.7556910416666667,13.055285277777777,-0.0138065603125,0.1991163885470853,4.022188315571667,17.43303296,10.551727677355073,soil dry,0.0,0.0,0.0,,
Oran,2018-01-19,True,8.688819425,5.991967778749999,8.123721744441132,11.780028515293523,-5.215985854166667,0.5020820901738856,4.323402458333333,12.866722083333334,-0.012998416812500002,0.40815030526560836,1.4500777951133437,17.43303296,10.551727677355073,soil dry,0.0,0.0,0.0,,
Oran,2018-01-20,True,-2.4932372916666665,11.256732745208334,15.26152475283977,-3.3802528231534215,-0.7257641666666665,0.8316581390064777,6.694803916666667,12.706456805555556,-0.011483046708333333,1.2845026057107218,-0.22148853917918293,17.43303296,10.551727677355073,soil dry,0.0,0.0,0.0,,
Oran,2018-01-21,True,10.64172670212766,7.567199182978724,10.25937101419221,14.427718873099305,4.1814190957446815,0.5357930606369677,6.006498191489361,12.667528085106383,-0.013901867531914894,0.41557636242389007,1.4062966290175927,17.43303296,10.551727677355073,soil dry,0.0,0.0,0.0,,
Oran,2018-01-22,True,16.794025375,5.897764958333333,7.996004518837792,22.768812208807415,-1.7293091000000003,0.5811594387580497,5.924196645833334,12.57807548611111,-0.0172066863125,0.25990743223419227,2.8475236795034764,17.43303296,10.551727677355073,soil dry,0.0,0.0,0.0,,
Oran,2018-01-23,True,28.992068283124997,7.672274929791667,10.401829411953448,39.30653571990299,-8.026470187500001,0.609221395165024,4.438338062500001,12.244885277777778,-0.007080472875,0.20925712170097627,3.778809876917726,17.43303296,10.551727677355073,soil dry,0.0,0.0,0.0,,
Oran,2018-01-24,True,15.757287333333332,9.253950327916668,12.546215246263815,21.363235329331307,0.2913138749999998,0.715941714467836,6.480987270833334,12.141584305555556,-0.0098817441875,0.36999169946131233,1.7027633361936099,17.43303296,10.551727677355073,soil dry,0.0,0.0,0.0,,
Oran,2018-01-25,True,23.843527243723404,10.927022142340427,14.814513471605947,32.326305461945964,-1.727972574468085,0.768457458208609,4.7062104042553194,11.934178652482268,-0.008185669744680851,0.3142608424450152,2.182070003439787,17.43303296,10.551727677355073,soil dry,0.0,0.0,0.0,,
Oran,2018-01-26,True,-2.2369362127659573,35.188303680851064,47.70719708739183,-3.0327678691832958,-15.728861229787233,2.4372287816212057,3.197580006382979,14.033254680851062,-0.012446448936170213,1.0678859903138325,-0.06357044752865607,17.43303296,10.551727677355073,soil dry,0.0,0.0,0.0,,
Oran,2018-01-27,True,22.621886916666668,12.014760437500001,16.28923489317083,30.67004387055481,-7.442864854166667,0.8393370393682987,4.123390541666667,14.066659236111112,-0.01287560125,0.3468800058691208,1.8828412796363478,17.43303296,10.551727677355073,soil dry,0.0,0.0,0.0,,
Oran,2018-01-28,True,-0.8078219208333332,24.34125742770833,33.001112414820895,-1.0952195916645897,1.6000661458333332,1.8368859192946807,3.7737536874999997,17.58099361111111,-0.008094428041666667,1.034326561483016,-0.0331873537442551,17.43303296,10.551727677355073,normal,0.0,0.0,0.0,,
Oran,2018-01-29,True,14.872366729166666,12.605584285979168,17.090255312881077,20.163487763987685,-0.8608003187500001,0.9572877935805983,3.645205395833333,17.012211597222223,-0.021863951541666666,0.45875270244971966,1.1798236711414303,17.43303296,10.551727677355073,soil dry,0.0,0.0,0.0,,
Oran,2018-01-30,True,24.939397608333334,13.862347710416666,18.79413569670568,33.81205208789453,-7.3066710187499995,1.134886626117999,2.8474845625,15.80013236111111,-0.015792095041666666,0.3572609323766172,1.799074596115705,17.43303296,10.551727677355073,soil dry,0.0,0.0,0.0,,
Oran,2018-01-31,True,20.210305916666666,11.82010571875,16.02532813836893,27.400498083332966,-0.8592741875,0.9942509588653372,3.731990208333334,15.328754305555556,-0.0256234869375,0.36902759331635543,1.709824463296251,17.43303296,10.551727677355073,soil dry,0.0,0.0,0.0,,
Oran,2018-02-01,True,12.798838906521738,17.47351197826087,23.690038807111705,17.352263858501612,-4.3142573869565215,1.3120572667558903,3.7530800217391307,15.416174492753624,-0.0074984116304347825,0.5772102749722191,0.7324708920819706,17.43303296,10.551727677355073,soil dry,0.0,0.0,0.0,,
Oran,2018-02-02,True,14.896524666666666,26.196095208333332,35.5158432290139,20.196240337001445,-23.60925457916667,1.8656890001768212,3.5994044375,17.849095277777778,-0.01972691875,0.6374890500537436,0.5686543947942242,17.43303296,10.551727677355073,normal,0.0,0.0,0.0,,
Oran,2018-02-03,True,19.19691729166667,19.903801727083334,26.984949328463017,26.026577609715336,-10.337133064583332,1.3846441891393475,4.469443541666666,15.691838680555556,-0.012243239625,0.5090392766828367,0.9644849539244154,17.43303296,10.551727677355073,soil dry,0.0,0.0,0.0,,
Oran,2018-02-04,True,2.7747768416666667,14.295311839583334,19.381134866352088,3.7619553036584645,-2.361584316666667,1.0075601816947357,3.250130791666667,16.11966451388889,-0.013654301270833334,0.8374480125159212,0.1941039742822108,17.43303296,10.551727677355073,soil dry,0.0,0.0,0.0,,
Oran,2018-02-05,True,8.761004024375,13.620242379166667,18.465896891601318,11.87789412826229,-10.690836270833332,1.0867403167278034,2.7347271249999996,18.850380833333332,-0.007940565041666667,0.6085560264870398,0.6432340761993861,17.43303296,10.551727677355073,normal,0.0,0.0,0.0,,
Oran,2018-02-06,True,-1.1529663541666666,12.403148822916668,16.815799669284488,-1.5631555755639779,-16.894953333333333,0.9281846993745184,1.9955168958333334,17.04513916666667,-0.013080732562500001,1.1024842359107774,-0.09295755220129179,17.43303296,10.551727677355073,soil dry,0.0,0.0,0.0,,
Oran,2018-02-07,True,30.494750089583334,18.003918952083335,24.409147925476095,41.34382452332313,-9.5045083125,1.2690929509159787,3.0199247083333334,16.043271666666666,-0.006814008979166667,0.3712250110743374,1.6937840128443045,17.43303296,10.551727677355073,soil dry,0.0,0.0,0.0,,
Oran,2018-02-08,True,35.681618343749996,12.348449172291666,16.741639600738804,48.3760176154421,-8.8252889375,0.8861986080834994,3.0507705416666666,15.39398701388889,-0.008460794083333334,0.2570983096821045,2.8895627172207963,17.43303296,10.551727677355073,soil dry,0.0,0.0,0.0,,
Oran,2018-02-09,True,34.068225375,12.692989537499999,17.208756608044293,46.18863009492759,-4.3409077499999995,0.901467408918204,3.8502306875,14.942170694444444,-0.013018168979166666,0.27144268088951995,2.684019022811709,17.43303296,10.551727677355073,soil dry,0.0,0.0,0.0,,
Oran,2018-02-10,True,20.6844699375,11.58819073125,15.71090508130627,28.0433547722718,-6.642006583333333,0.8313692916543118,3.8551141875,14.958768680555556,-0.01895234822916667,0.35907143976111594,1.7849611226815558,17.43303296,10.551727677355073,soil dry,0.0,0.0,0.0,,
Oran,2018-02-11,True,24.6518809375,12.469931430833334,16.90634143187659,33.42224601466739,7.705286379166666,0.8689622182817754,5.806573541666666,14.878587222222222,-0.01835399775,0.3359192516546088,1.976905893527642,17.43303296,10.551727677355073,soil dry,0.0,0.0,0.0,,
Oran,2018-02-12,True,-26.411370021276596,18.375181163829787,24.912493573152986,-35.80770605997567,-3.758704680851064,1.3115611771012288,3.4720249574468083,16.797217304964537,-0.02312191141304348,-2.286554172604126,-1.4373392994494916,17.43303296,10.551727677355073,soil dry,0.0,0.0,0.0,,
Oran,2018-02-13,True,13.78576611111111,23.763230446666668,32.21744158611337,18.690308769313155,-12.453099733333334,1.5665527982207368,4.466279888888889,16.95731874074074,-0.008396834177777777,0.6328592672270607,0.580130136012079,17.43303296,10.551727677355073,soil dry,0.0,0.0,0.0,,
Oran,2018-02-14,True,17.494224625,15.182175458333333,20.583516709849935,23.718120363106767,5.026701779166666,1.0682216484146891,4.7287540833333335,16.233412847222223,-0.01920076775,0.4646220336271692,1.1522870798728388,17.43303296,10.551727677355073,soil dry,0.0,0.0,0.0,,
Oran,2018-02-15,True,43.76057794375,9.092773688541667,12.327697020142816,59.32921733185862,10.5411629375,0.6865941700472794,4.965146020833333,16.115197708333334,-0.02220623827083333,0.17203778772255343,4.812676466246515,17.43303296,10.551727677355073,soil dry,0.0,0.0,0.0,,
Oran,2018-02-16,True,32.500080484166666,7.0958676164583325,9.620354477861307,44.062588497495206,4.344568979166667,0.5508659854813621,3.296648083333333,15.709170347222221,-0.006729251104166667,0.1792069127483862,4.580141885508851,17.43303296,10.551727677355073,soil dry,0.0,0.0,0.0,,
Oran,2018-02-17,True,35.29179332270834,11.698718385416667,15.860755003847595,47.84750509386374,3.5538181874999997,0.8943607836026433,4.634302416666666,15.556552708333333,-0.019111495645833334,0.24895916133200724,3.016723042645612,17.43303296,10.551727677355073,soil dry,0.0,0.0,0.0,,
Oran,2018-02-18,True,24.894260310416666,6.787769527083333,9.202644763708173,33.7508563568575,-4.375526533333335,0.48790559481216333,3.8578694166666665,15.233844930555556,-0.010986767437500001,0.21424667427871316,3.6675170261877748,17.43303296,10.551727677355073,soil dry,0.0,0.0,0.0,,
Oran,2018-02-19,True,49.426393906250006,12.068415595833335,16.361978871868402,67.0107526862034,-0.5604265208333336,0.8660388483408323,4.932065895833333,14.930793333333334,-0.013529403416666667,0.19625096318778706,4.09551639266671,17.43303296,10.551727677355073,soil dry,0.0,0.0,0.0,,
Oran,2018-02-20,True,36.475353354166664,12.757272827083334,17.29590987332792,49.452138616344946,-1.882914895833333,0.9442870764977879,5.673436041666666,14.643787916666668,-0.021953540812500002,0.259122330385493,2.8591810999550393,17.43303296,10.551727677355073,soil dry,0.0,0.0,0.0,,
Oran,2018-02-21,True,34.23081360416667,11.889758522916667,16.11976122290199,46.40906211015898,-9.579853604166667,0.8584642160966305,4.954821083333333,14.122823819444443,-0.018146065895833334,0.2577972903318486,2.8790167216759865,17.43303296,10.551727677355073,soil dry,0.0,0.0,0.0,,
Oran,2018-02-22,True,47.87546302083334,14.274132222916668,19.352420207193852,64.90804929673139,-14.793528520833334,0.9947248959380351,5.617001354166667,13.815164375,-0.016812022916666666,0.22967377610318596,3.354001649499281,17.43303296,10.551727677355073,soil dry,0.0,0.0,0.0,,
Oran,2018-02-23,True,48.212851568750004,10.045224658333334,13.619000134497135,65.3654700947464,-8.26292420625,0.7028730478947703,5.280852729166667,13.385993541666666,-0.006194734708333333,0.1724263022207976,4.799579223820893,17.43303296,10.551727677355073,soil dry,0.0,0.0,0.0,,
Oran,2018-02-24,True,37.68071929166667,9.850643371458334,13.355192936325329,51.08633590145121,-0.8512834166666673,0.799650695988913,5.248111770833334,13.380187013888888,-0.010199411416666667,0.2072451286800683,3.8252038847375553,17.43303296,10.551727677355073,soil dry,0.0,0.0,0.0,,
Oran,2018-02-25,True,42.167298125,12.5934453075,17.073797667067918,57.16909858848668,-2.666661479166667,1.0200154915899484,6.689232041666667,13.326804791666667,-0.011602872208333335,0.22997213912961423,3.348352821279762,17.43303296,10.551727677355073,soil dry,0.0,0.0,0.0,,
Oran,2018-02-26,True,45.908886417687505,10.562018725,14.31965330083542,62.241826495977655,1.9343524375000003,0.7575049259485067,8.487738541666667,13.244043958333334,-0.007979710291666666,0.1870346986348543,4.346601498539522,17.43303296,10.551727677355073,soil dry,0.0,0.0,0.0,,
Oran,2018-02-27,True,0.4091433999999999,8.8989790125,12.06495628423635,0.5547037731013892,-2.8144472916666667,0.7309289643689901,3.3570558541666666,17.46643625,-0.017728670020833334,0.9560444757956175,0.04597644285094889,17.43303296,10.551727677355073,normal,0.0,0.0,0.0,,
Oran,2018-02-28,True,10.609645209090909,24.167389463636365,32.76538768923036,14.384223792317819,11.093334683636364,1.5527162859504933,5.1176775,18.838316893939393,-0.0325171735,0.6949238108155561,0.4390066715751318,17.43303296,10.551727677355073,normal,0.0,0.0,0.0,,
Oran,2018-03-01,True,5.02837886,16.49302633192,22.360727158684686,6.817318148661967,4.123405399999999,0.604082569252987,4.888664,17.426639466666664,-0.01976394932,0.7663545286583863,0.30487909003505675,17.43303296,10.551727677355073,soil dry,0.0,0.0,0.0,,
Oran,2018-03-05,True,23.299240396551724,58.69878517241379,79.5819695774289,31.58837844717415,4.593986365517242,2.470291828645097,4.437763379310344,20.651400459770116,-0.024017485172413793,0.7158560802545716,0.3969288346959092,17.43303296,10.551727677355073,normal,0.0,0.0,0.0,,
Oran,2018-03-06,True,20.40815022916667,39.96418360416667,54.1821851070992,27.66872918917606,-4.237639135416667,2.784033591211743,4.715195875,19.32136145833333,-0.013902454541666666,0.6619618799977759,0.5106610066479356,17.43303296,10.551727677355073,normal,0.0,0.0,0.0,,
Oran,2018-03-07,True,39.74308960416666,28.216425356145834,38.25494339756625,53.882432805069946,0.8300607166666673,1.9787739410025773,4.996393270833333,19.676916180555555,-0.017060144833333332,0.41519462539754537,1.4085090192160081,17.43303296,10.551727677355073,normal,0.0,0.0,0.0,,
Oran,2018-03-08,True,20.990423965957447,41.91980110425531,56.833549900084456,28.45815763596437,15.208665757446807,2.879549519594139,4.655025276595745,20.745098936170212,-0.034459264957446806,0.6663432066483552,0.5007281383266555,17.43303296,10.551727677355073,normal,0.0,0.0,0.0,,
Oran,2018-03-09,True,40.221372252173914,34.90413099347826,47.32192468192702,54.53087339939101,14.037921478260868,2.449032330556782,6.793683978260869,21.87925963768116,-0.039748356826086954,0.464610944160275,1.1523384512764165,17.43303296,10.551727677355073,normal,0.0,0.0,0.0,,
Oran,2018-03-10,True,18.623468562499998,29.101427295833332,39.45480123505478,25.249113831125854,0.033408912499999666,2.051562137387999,8.408771229166666,20.290640972222224,-0.030088289395833332,0.6097745583818154,0.6399503492794822,17.43303296,10.551727677355073,normal,0.0,0.0,0.0,,
Oran,2018-03-11,True,9.261072170212767,51.267889751063834,69.50739492280984,12.555870816396633,-14.072963063829787,3.4997888030055817,4.927173297872341,20.37480560283688,-0.010752038042553196,0.8469976705984544,0.18064079124732446,17.43303296,10.551727677355073,normal,0.0,0.0,0.0,,
Oran,2018-03-12,True,37.752494,41.85789584166667,56.749620689121365,51.18364579701778,-6.840980397916667,2.922152716919372,6.007242708333333,19.923139236111112,-0.014908083604166665,0.5257843344934732,0.9019204917228538,17.43303296,10.551727677355073,normal,0.0,0.0,0.0,,
Oran,2018-03-13,True,50.4952586375,24.789020458333336,33.60817547032418,68.45988592251952,10.79892363125,1.7990073380106677,6.623694479166667,19.430339930555558,-0.020569942125,0.3292722033876167,2.037000966713269,17.43303296,10.551727677355073,normal,0.0,0.0,0.0,,
Oran,2018-03-14,True,12.45056427826087,15.920500282608696,21.58451432046754,16.880084054619193,-1.441059434782609,1.2401493069753673,6.709991195652174,19.55575456521739,-0.004920103826086955,0.561152728282422,0.7820460448634062,17.43303296,10.551727677355073,normal,0.0,0.0,0.0,,
Oran,2018-03-15,True,33.847379932608696,42.0399230173913,56.9964074176411,45.889214779498566,-6.910778658695651,2.8106303877727576,5.6664934565217395,19.722123623188406,-0.011039727913043479,0.553978351887011,0.8051246887061742,17.43303296,10.551727677355073,normal,0.0,0.0,0.0,,
Oran,2018-03-16,True,-17.2501206,7.74185035,10.49615758174594,-23.387171791782546,-29.22935417,0.2640243064129667,3.6985646,18.694825666666667,-0.017900963,-0.8142227919952107,-2.2281650794244556,17.43303296,10.551727677355073,normal,0.0,0.0,0.0,,
Oran,2018-03-23,True,115.03295296296295,24.48845877777778,33.20068338257729,155.9580651662723,24.79826562222222,0.9623312219217541,7.087190814814814,20.07648901234568,-0.020769559481481483,0.1755175673199346,4.697435392191787,17.43303296,10.551727677355073,normal,0.0,0.0,0.0,,
Oran,2018-03-24,True,20.929806369565217,39.63242660869565,53.7323993910384,28.3759742023929,-7.772402323913043,2.643513833128625,6.159379152173913,19.59720623188406,-0.02044459693478261,0.6544082782238548,0.5280980288240302,17.43303296,10.551727677355073,normal,0.0,0.0,0.0,,
Oran,2018-03-25,True,36.23534889130435,17.331147689130436,23.49702577467479,49.12674810262555,-1.446996043478261,1.1594368422812265,5.339632260869565,19.333039855072464,-0.005296882913043479,0.32354454361423846,2.09076453223176,17.43303296,10.551727677355073,normal,0.0,0.0,0.0,,
Oran,2018-03-26,True,42.718414375,20.748936091458333,28.13075595933243,57.91628469314458,0.8520743750000004,1.4610901646055283,6.367378625,19.472601736111113,-0.013198206416666665,0.3269229917266497,2.0588243265439425,17.43303296,10.551727677355073,normal,0.0,0.0,0.0,,
Oran,2018-03-27,True,60.574698895833336,22.710587682083332,30.790301582774063,82.12527449300005,14.4343979375,1.5948506786855776,9.384802583333334,19.498388194444445,-0.010708541187499998,0.27268427131888034,2.6672448878820285,17.43303296,10.551727677355073,normal,0.0,0.0,0.0,,
Oran,2018-03-28,True,45.2565363125,29.4971624375,39.991326512576826,61.35739070957465,20.03873264583333,2.074911196454815,12.9314615625,19.217037986111112,-0.009092682312500001,0.3945913437159523,1.5342674539760124,17.43303296,10.551727677355073,atm dry,0.0,0.0,0.0,,
Oran,2018-03-29,True,48.49689120833333,26.555257733333335,36.00278450137494,65.75056211819646,-0.4757872083333326,1.8725721167842821,9.925232604166666,18.900482222222223,0.00014405547916666712,0.3538240824253156,1.8262632468242965,17.43303296,10.551727677355073,normal,0.0,0.0,0.0,,
Oran,2018-03-30,True,50.9699193125,28.655717841666668,38.8505223540238,69.10341595958073,-10.15037925,2.0004466570112576,6.741926708333334,18.1627125,-0.0038787942291666675,0.3598805468417801,1.7786997901824502,17.43303296,10.551727677355073,normal,0.0,0.0,0.0,,
Oran,2018-03-31,True,52.879765266666666,37.235636373333335,50.482906458027514,71.69272512800109,-6.524590711111111,2.4323201304225472,6.979179266666667,18.250044370370368,0.0014428765333333335,0.41319947196246365,1.4201386203389028,17.43303296,10.551727677355073,normal,0.0,0.0,0.0,,
Oran,2018-04-01,True,60.1377706875,25.27097549583333,34.26159497499288,81.53290094930624,6.636919833333333,1.7774960720075046,8.766472208333333,18.402226041666665,0.0035527823125000003,0.29588275937909403,2.379717027441837,17.43303296,10.551727677355073,normal,0.0,0.0,0.0,,
Oran,2018-04-02,True,39.054987904166666,23.2550519053125,31.52846907843435,52.949526129152694,15.888087854166665,1.6305511656342944,11.114816750000001,18.175034583333332,-0.0011212003541666668,0.37321516687226913,1.6794195112178938,17.43303296,10.551727677355073,atm dry,0.0,0.0,0.0,,
Oran,2018-04-03,True,89.1345081375,30.275525864583333,41.04660720352101,120.84576697902922,6.983342520833333,2.1520471870850266,9.377452875000001,18.128171527777777,0.0022439413125,0.2535425612897415,2.944110980472534,17.43303296,10.551727677355073,normal,0.0,0.0,0.0,,
Oran,2018-04-04,True,69.50171793125,25.568977129166665,34.66561623111085,94.2282465597462,-5.796909520833334,1.7961111670204761,8.584252104166668,17.674747083333333,0.008539213208333334,0.2689469884796549,2.718204861310976,17.43303296,10.551727677355073,normal,0.0,0.0,0.0,,
Oran,2018-04-05,True,62.432294006250004,29.065424162499998,39.405989317513225,84.64374360833422,15.093674666666667,2.076899719139134,9.743238958333334,17.36740340277778,0.002366456291666667,0.31766283077021,2.1479918427201103,17.43303296,10.551727677355073,soil dry,0.0,0.0,0.0,,
Oran,2018-04-06,True,33.0770415625,26.541405793750002,35.98400447669008,44.84481420878407,2.77068511875,1.8744897050959766,10.437569520833334,18.170609236111112,0.006109611541666666,0.44518780630350613,1.2462430143880705,17.43303296,10.551727677355073,normal,0.0,0.0,0.0,,
Oran,2018-04-07,True,13.555047674999999,11.035348102272728,14.961378406245679,18.377507959047403,-7.1155771136363635,0.8076294483634613,5.5769925863636365,19.776421136363634,0.016146118636363636,0.44876659173058,1.228329867746387,17.43303296,10.551727677355073,normal,0.0,0.0,0.0,,
Oran,2018-04-08,True,46.79624159574468,43.382350781914894,58.81642882357677,63.444874780147394,-6.892618787234042,2.976778037643031,5.8827804468085105,23.621872624113475,0.005285664723404255,0.48107150087499295,1.0786930803033608,17.43303296,10.551727677355073,normal,0.0,0.0,0.0,,
Oran,2018-04-09,True,62.83197645652174,39.21674880652174,53.16883648067405,85.18562052290291,-8.869082956521739,2.6233482187238573,5.966141086956522,21.74329913043478,0.003534700239130436,0.38429435257947236,1.6021719894861044,17.43303296,10.551727677355073,normal,0.0,0.0,0.0,,
Oran,2018-04-10,True,-0.5494700148936167,27.21452255319149,36.89659504078075,-0.744954190798546,-12.623899170212766,1.8563185056081444,5.372234808510639,21.062287730496454,-0.007209904212765958,1.0206063728584234,-0.020190323523760646,17.43303296,10.551727677355073,normal,0.0,0.0,0.0,,
Oran,2018-04-11,True,-4.392673465116278,45.131272976744185,61.18756261268977,-5.955448737783266,-18.883484106976745,2.8109107610644486,3.8934654713953485,23.021022325581395,0.04525298681395349,1.1078258339210332,-0.09733103401226441,17.43303296,10.551727677355073,normal,0.0,0.0,0.0,,
Oran,2018-04-12,True,33.9843763875,39.2496193125,53.21340128042371,46.07495027084395,8.20228925,2.7370009846262495,5.543524604166667,22.92586409722222,0.008243965416666667,0.5359480789944117,0.8658523823357656,17.43303296,10.551727677355073,normal,0.0,0.0,0.0,,
Oran,2018-04-13,True,47.03194338958334,30.386117645833334,41.196544067548096,63.76443187032425,3.7202234583333333,2.1443852610784035,5.400376916666667,22.724203194444446,0.0090964426875,0.3924939121367623,1.547810218395325,17.43303296,10.551727677355073,normal,0.0,0.0,0.0,,
Oran,2018-04-14,True,78.95824627446808,35.654001852553186,48.33857604393761,107.04911071745546,11.940042446808512,2.47492150914532,7.471187638297873,21.84790531914894,0.02082299144680851,0.31108369685793913,2.2145689732389426,17.43303296,10.551727677355073,normal,0.0,0.0,0.0,,
Oran,2018-04-15,True,80.90448425531915,37.99658154574468,51.514572026285144,109.68775905281004,10.416681276595744,2.6585031782732065,7.506660914893617,21.094471134751775,0.010664289957446806,0.3195646842166886,2.1292569216500956,17.43303296,10.551727677355073,normal,0.0,0.0,0.0,,
Oran,2018-04-16,True,62.4500474,42.12525813333333,57.11210208799651,84.66781310205813,0.35072406666666733,2.7610607588913756,7.660315177777777,21.174816888888888,0.011163003822222222,0.4028222333991262,1.482484622464161,17.43303296,10.551727677355073,normal,0.0,0.0,0.0,,
Oran,2018-04-17,True,64.92789138478261,33.73884857195652,45.742071369013175,88.02719616314502,19.152525826086954,2.3350176217988614,9.169670239130435,20.006025144927538,0.007881763108695651,0.34194753558037355,1.9244252288665888,17.43303296,10.551727677355073,normal,0.0,0.0,0.0,,
Oran,2018-04-18,True,58.97956556521739,54.60845232608696,74.03642475598477,79.9626428164474,16.01044404347826,3.6917532153131893,11.104507913043479,20.00174028985507,0.026852261630434783,0.4807589157717617,1.080044627762547,17.43303296,10.551727677355073,atm dry,0.0,0.0,0.0,,
Oran,2018-04-19,True,56.927653666666664,43.28748273958333,58.68780971099165,77.18072510202815,3.1137663395833326,3.060049760778173,9.197550395833334,20.108274305555558,0.026450699791666667,0.431945555251309,1.3151065865655054,17.43303296,10.551727677355073,normal,0.0,0.0,0.0,,
Oran,2018-04-20,True,36.40845744680851,35.21085881914894,47.737776635581184,49.36144324592809,-0.20438904255319118,2.470674485245916,7.190667893617021,20.46374914893617,0.031978869468085105,0.49163913668756415,1.0340121958913502,17.43303296,10.551727677355073,normal,0.0,0.0,0.0,,
Oran,2018-04-21,True,39.00395913829787,36.57391963829787,49.58577168902353,52.88034293088009,6.11184914893617,2.6020942631621535,8.059946489361701,20.337012978723404,0.05804382361702128,0.48392360609125407,1.066441866883073,17.43303296,10.551727677355073,normal,0.0,0.0,0.0,,
Oran,2018-04-22,True,34.16695757708333,42.94269143541666,58.22035248852686,46.322488113955224,8.175324010416666,3.0290713074887448,11.204241666666666,20.171261875,0.05855820635416667,0.556904252390714,0.7956408048728959,17.43303296,10.551727677355073,atm dry,0.0,0.0,0.0,,
Oran,2018-04-23,True,32.221790625531916,41.61846045319149,56.42500170858501,43.68529184649081,11.886372680851062,2.876028590567064,12.534363978723404,19.80957843971631,0.06479317844680851,0.5636283713177078,0.7742187066667672,17.43303296,10.551727677355073,atm dry,0.0,0.0,0.0,,
Oran,2018-04-24,True,46.22086945652174,45.60165018391304,61.82528525858228,62.66480330260581,9.230482391304347,3.078628129896429,12.822323456521739,19.366590942028985,0.06996772473913043,0.49662817315929975,1.01357887861758,17.43303296,10.551727677355073,atm dry,0.0,0.0,0.0,,
Oran,2018-04-25,True,48.773640248936175,36.99212586148936,50.15276255320172,66.12576977650056,5.341746042553192,2.5532730924867684,11.15094385106383,18.877162624113474,0.07619320836170212,0.4313157514836525,1.3184870864562004,17.43303296,10.551727677355073,atm dry,0.0,0.0,0.0,,
Oran,2018-04-26,True,48.527015847916665,39.89508092291667,54.08849786194066,65.79140415851823,13.750384583333334,2.8228447651917445,11.449823625,18.51094972222222,0.06975901250000001,0.45118903961658086,1.2163658958776948,17.43303296,10.551727677355073,atm dry,0.0,0.0,0.0,,
Oran,2018-04-27,True,64.30798868,55.95919976804445,75.86772571931661,87.18675154324238,14.628055288888891,3.7642371826534644,12.595445288888888,18.10749111111111,0.08761944413333334,0.46529066231741906,1.1491942155456474,17.43303296,10.551727677355073,atm dry,0.0,0.0,0.0,,
Oran,2018-04-28,True,41.94813546666666,41.32941763688889,56.03312653525726,56.87196473883781,1.2687751888888892,2.7475094628993437,11.651074777777778,17.82099488888889,0.0824158918,0.4962852064768978,1.0149703979672227,17.43303296,10.551727677355073,atm dry,0.0,0.0,0.0,,
Oran,2018-04-29,True,85.78720374468085,44.335462170212764,60.10862731260222,116.30759680100451,-15.675955665957446,3.031186245371008,8.549049042553191,17.82888354609929,0.11970659602127659,0.34072051827780914,1.93495679407438,17.43303296,10.551727677355073,normal,0.0,0.0,0.0,,
Oran,2018-04-30,True,45.939006195652176,32.82948600434782,44.50918615720306,62.28266194506954,-8.125069847826087,2.199337946406408,7.5250004826086965,17.61181268115942,0.10878911119565218,0.4167844919640067,1.3993215181489034,17.43303296,10.551727677355073,normal,0.0,0.0,0.0,,
Oran,2018-05-01,True,88.55330167999999,28.975023174444445,39.28342649683346,120.05778551598684,5.496192311111111,2.0338793540002893,9.047719511111112,17.01887674074074,0.03584307171111111,0.24653651118000025,3.056194334923009,17.43303296,10.551727677355073,soil dry,0.0,0.0,0.0,,
Oran,2018-05-02,True,63.46528672916667,30.526941124999997,41.387468118223275,86.04424270226598,3.0283737708333334,2.1383291602876464,11.062420708333335,16.954603125000002,0.06658269752083333,0.32478154653769853,2.078992666487369,17.43303296,10.551727677355073,compound,0.0,0.0,0.0,,
Oran,2018-05-03,True,73.18397732608696,35.69242529782609,48.39066934440006,99.22053821067861,5.632576217391305,2.400972066505676,12.560047826086956,16.78434775362319,0.06923984652173913,0.327825170906104,2.0504064017903643,17.43303296,10.551727677355073,compound,0.0,0.0,0.0,,
Oran,2018-05-04,True,78.3536806,33.20412678152174,45.01711235778703,106.22945956161368,17.810361652173913,2.239171480659884,11.00603852173913,16.28977724637681,0.06995096910869565,0.29764054673435275,2.3597573011196973,17.43303296,10.551727677355073,compound,0.0,0.0,0.0,,
Oran,2018-05-05,True,32.43227038333333,28.28296033958333,38.34514943866583,43.97065369227377,6.805892604166666,2.0548116502915525,11.508708166666667,16.10312097222222,0.036477006208333336,0.4658297432592654,1.1467070629782288,17.43303296,10.551727677355073,compound,0.0,0.0,0.0,,
Oran,2018-05-06,True,72.85163533617022,33.11802499574468,44.900378260545565,98.76995937751927,11.534999361702127,2.353816802196943,10.982767872340425,15.95558205673759,0.11646289385106383,0.31252364961832874,2.1997578462342147,17.43303296,10.551727677355073,compound,0.0,0.0,0.0,,
Oran,2018-05-07,True,75.56451514347826,33.6762513652174,45.65720404190047,102.44799662579054,16.00113597826087,2.301831052913036,12.543966869565217,15.621989347826085,0.08715378369565217,0.3082754949594457,2.2438517376528817,17.43303296,10.551727677355073,compound,0.0,0.0,0.0,,
Oran,2018-05-08,True,61.67230959583333,34.501702585,46.77632488345518,83.61338061101749,7.740707520833333,2.4333062435237567,12.051106958333333,15.289393194444445,0.08300352783333333,0.3587424690167589,1.7875149623093114,17.43303296,10.551727677355073,compound,0.0,0.0,0.0,,
Oran,2018-05-09,True,89.89791943823529,44.052925786176466,59.725573355815044,121.88077604662291,28.37585094117647,2.2391183448006866,12.029944882352941,15.114616568627453,0.12649810764705882,0.32887381720043135,2.0406798829794117,17.43303296,10.551727677355073,compound,0.0,0.0,0.0,,
Oran,2018-05-10,True,71.7973720625,63.19635165625,85.67962897596323,97.34062233884998,17.544472693750002,3.006685422963661,8.486209,17.119129479166666,0.1968099334375,0.46814288779762225,1.1360999516718047,17.43303296,10.551727677355073,soil dry,0.0,0.0,0.0,,
Oran,2018-05-11,True,39.03115052272727,61.921659113636366,83.95144085675615,52.91720815597926,10.700748613636362,4.058850179361014,9.952503113636364,19.182098030303028,0.10966863470454546,0.6133723205592875,0.6303311487681351,17.43303296,10.551727677355073,normal,0.0,0.0,0.0,,
Oran,2018-05-12,True,67.4657635116279,66.35080409697674,89.95633653360686,91.46796349413442,-2.7163214883720928,4.183882143123828,11.561746744186046,17.759998294573645,0.15579829825581396,0.49583400084691953,1.0168040075749731,17.43303296,10.551727677355073,atm dry,0.0,0.0,0.0,,
Oran,2018-05-13,True,77.40074978723403,47.38645414893617,64.24506642490354,104.93750589122368,-6.46100955106383,3.2486007936958137,11.273232085106383,16.73185716312057,0.12790033423404254,0.3797380873536903,1.6333939978704168,17.43303296,10.551727677355073,compound,0.0,0.0,0.0,,
Oran,2018-05-14,True,80.86205489565218,41.26902484782609,55.95124788840324,109.63023465941265,2.7335169565217385,2.775163052704436,11.409905586956521,15.978632173913043,0.1377556652173913,0.3379076393536088,1.9593885533719295,17.43303296,10.551727677355073,compound,0.0,0.0,0.0,,
Oran,2018-05-15,True,79.59128624148936,38.541877882978724,52.25386767598179,107.90736642494257,10.84571810638298,2.6573955825102753,10.82823429787234,15.415151560283688,0.10187702374468084,0.32625789860644067,2.0650598936342774,17.43303296,10.551727677355073,compound,0.0,0.0,0.0,,
Oran,2018-05-16,True,83.77523984822223,40.423526209555554,54.804947386425816,113.57983933330644,7.664949422222222,2.702212771156191,12.795391288888888,14.88164214814815,0.09994870571111111,0.3254744591484135,2.0724377040719153,17.43303296,10.551727677355073,compound,0.0,0.0,0.0,,
Oran,2018-05-17,True,91.9085846625,35.851410029166665,48.60621585044203,124.60677281534356,6.3597862291666685,2.5286674949705485,11.8834914375,14.393420486111111,0.12681445389583332,0.28061530618946656,2.563597487176332,17.43303296,10.551727677355073,compound,0.0,0.0,0.0,,
Oran,2018-05-18,True,86.98233436363637,37.743272198409095,51.17114316801956,117.92791736265508,12.452785818181816,2.4472747435832543,11.738574863636364,14.070555984848484,0.11285997272727273,0.302610452165919,2.304578519487845,17.43303296,10.551727677355073,compound,0.0,0.0,0.0,,
Oran,2018-05-19,True,70.52172274891305,43.69391014354348,59.23883122195455,95.61113705960342,3.123791047826087,2.9976272900299725,11.717744999999999,14.204574710144927,0.11153826815217391,0.3825563019441035,1.6139943190534944,17.43303296,10.551727677355073,compound,0.0,0.0,0.0,,
Oran,2018-05-20,True,64.51155883777778,34.281267635333336,46.477466101171245,87.46274557030033,5.601283400000001,2.3112749115939297,11.577981511111112,13.950456148148149,0.09000752524444446,0.3470015876574179,1.8818311949260125,17.43303296,10.551727677355073,compound,0.0,0.0,0.0,,
Oran,2018-05-21,True,52.59840934130434,31.705257517391306,42.984992479527094,71.31127160001331,3.455894913043477,2.178336334836859,10.453697239130435,13.673015362318841,0.11820816591304348,0.3760839676230644,1.658980669450564,17.43303296,10.551727677355073,soil dry,0.0,0.0,0.0,,
Oran,2018-05-22,True,68.24239259361701,35.384835678723405,47.973648998274285,92.52089281446473,10.952663447446808,2.4753771735453554,12.039849340425532,13.435315390070922,0.08589837344680852,0.3414627243115034,1.9285773491566778,17.43303296,10.551727677355073,compound,0.0,0.0,0.0,,
Oran,2018-05-23,True,66.24943028888889,39.056621911111115,52.9517414644541,89.8188971081145,3.863712822222222,2.590116456943832,14.834821222222223,13.136565703703702,0.03765828911111111,0.37088677331606507,1.6962406641226124,17.43303296,10.551727677355073,compound,0.0,0.0,0.0,,
Oran,2018-05-24,True,50.53619380851064,34.71493305531915,47.06541605888711,68.5153845418597,2.251140712765957,2.419602811035147,14.003625404255319,13.045548723404256,0.07562755957446808,0.40720790835725534,1.4557479839577943,17.43303296,10.551727677355073,compound,0.0,0.0,0.0,,
Oran,2018-05-25,True,44.959264931111115,30.598561353333334,41.48456857465709,60.95435950611035,1.8317157955555545,2.0849208016983014,9.232014915555556,13.264553333333334,0.13113384744444445,0.40496878825155996,1.4693261036670717,17.43303296,10.551727677355073,soil dry,0.0,0.0,0.0,,
Oran,2018-05-26,True,60.343231853333336,51.98563736222222,70.48049459408419,81.81145874570126,5.125447488888889,3.509670042010517,10.939268377777777,15.704287259259258,0.06272476044444444,0.4627985461374442,1.1607673756671981,17.43303296,10.551727677355073,compound,0.0,0.0,0.0,,
Oran,2018-05-27,True,20.678471568611112,32.40921645,43.939397893439356,28.035222372103252,-1.257357694444445,1.7322310177738849,8.277319972222223,17.68452361111111,0.058451284333333325,0.6104846087597222,0.6380429345002295,17.43303296,10.551727677355073,normal,0.0,0.0,0.0,,
Oran,2018-05-28,True,60.388895139024385,66.96436142439023,90.7881782901408,81.87336759444484,14.061395756097559,4.027005050130647,8.264730297560975,22.32087211382114,0.12196623685365854,0.5258158545089565,0.9018064811565443,17.43303296,10.551727677355073,normal,0.0,0.0,0.0,,
Oran,2018-05-29,True,43.77354341379311,82.40499308965518,111.72210180886613,59.34679550897926,18.128285137931037,3.5872068531582024,3.814457082758621,24.659465057471266,0.24805539159999998,0.6530824922620906,0.5312001345133087,17.43303296,10.551727677355073,normal,0.0,0.0,0.0,,
Oran,2018-05-30,True,42.255055523809524,73.12419685714286,99.13948972821241,57.288077313885175,0.3343523571428574,4.541924923277367,8.881187904761905,24.308454206349204,0.10176219,0.6337724967718261,0.5778532597952493,17.43303296,10.551727677355073,normal,0.0,0.0,0.0,,
Oran,2018-05-31,True,23.50649110681818,59.66368501363636,80.89015048072855,31.869362451713265,6.6526213636363645,3.8552287485578685,11.26166790909091,21.88266106060606,0.12040481136363637,0.717368746787623,0.3939832261692466,17.43303296,10.551727677355073,atm dry,0.0,0.0,0.0,,
Oran,2018-06-01,True,51.55046686829268,95.12656214634147,128.9696056315204,69.89050410438031,6.482208512195123,5.735300286432273,14.083457170731707,20.45976130081301,0.1048504580487805,0.6485443752535414,0.5419145368565734,17.43303296,10.551727677355073,atm dry,0.0,0.0,0.0,,
Oran,2018-06-02,True,22.396005376756754,45.234755383513516,61.32786081005664,30.363800772262188,-4.149575243243242,2.4732440941865526,7.7678220270270275,19.69838981981982,0.14632538486486488,0.6688488326171054,0.49510614541577297,17.43303296,10.551727677355073,normal,0.0,0.0,0.0,,
Oran,2018-06-03,True,85.06428799999999,120.69999372000001,163.64126105858728,115.32749033659894,44.187283971999996,4.4254693572937365,12.300240559999999,25.772598,0.19201169104000002,0.5865935171598256,0.7047580151274262,17.43303296,10.551727677355073,atm dry,0.0,0.0,0.0,,
Oran,2018-06-04,True,53.8645351627907,82.67480651302326,112.08790637512746,73.02784522774279,4.48391876744186,5.2294353815073285,11.67093418604651,23.97742635658915,0.07204966330232558,0.6055017220554532,0.6515229661203469,17.43303296,10.551727677355073,atm dry,0.0,0.0,0.0,,
Oran,2018-06-05,True,52.97346801363636,68.15512210454546,92.4025742259982,71.81976436972917,2.9001413863636367,4.458137346008631,10.316091363636364,22.54372053030303,0.07253217363636363,0.562667509281239,0.7772485233373738,17.43303296,10.551727677355073,normal,0.0,0.0,0.0,,
Oran,2018-06-06,True,11.055249727272727,52.27995720454545,70.87952419357254,14.988360404435921,-11.97272306818182,3.3641903383278575,7.372290795454545,21.99713909090909,0.045507527431818184,0.8254485891366241,0.21146248616882066,17.43303296,10.551727677355073,normal,0.0,0.0,0.0,,
Oran,2018-06-07,True,48.70276264285714,68.04549684285715,92.25394773884055,66.02967614399805,16.471071095,4.2232116849588515,11.034779023809524,21.620632222222223,0.056018137380952376,0.5828394970734739,0.7157382178475423,17.43303296,10.551727677355073,atm dry,0.0,0.0,0.0,,
Oran,2018-06-08,True,27.563645863043476,62.72030531826087,85.0342203005363,37.369925460512675,5.486750456521739,4.269453068959014,12.349393630434781,20.46750391304348,0.05976105926086957,0.6947004921429353,0.43946925518263363,17.43303296,10.551727677355073,atm dry,0.0,0.0,0.0,,
Oran,2018-06-09,True,41.15754108888889,59.066185286666666,80.08007911460815,55.800101709039254,5.960288866666668,3.9281353468382143,9.810122444444444,19.828414814814817,0.05347446391111111,0.5893433363806042,0.6968037784925245,17.43303296,10.551727677355073,normal,0.0,0.0,0.0,,
Oran,2018-06-10,True,62.508459922727276,71.80926993181818,97.35675309643439,84.74700696600213,13.672596954545453,4.6406755308407375,11.374483795454545,19.037430075757577,0.024046267181818178,0.5346224211024222,0.8704789783001291,17.43303296,10.551727677355073,atm dry,0.0,0.0,0.0,,
Oran,2018-06-11,True,53.66634977272727,70.78448290909091,95.96737903313004,72.75915169965032,5.925714545454546,4.566984763819421,11.934897681818182,17.970112954545456,0.054698565909090904,0.5687746830112794,0.7581654561445537,17.43303296,10.551727677355073,atm dry,0.0,0.0,0.0,,
Oran,2018-06-12,True,54.06058216666666,75.96582458571429,102.99207936497082,73.29363959899557,13.18024771904762,4.686850589634162,13.711425738095237,17.122891428571428,0.06146586952380952,0.5842338220603274,0.7116434589039267,17.43303296,10.551727677355073,compound,0.0,0.0,0.0,,
Oran,2018-06-13,True,68.82636597487804,74.43492462195123,100.91653327003161,93.31262558585068,12.399092073170733,4.489070728809335,14.858042975609756,16.19985357723577,0.05780369292682927,0.5195745781142547,0.9246515170726837,17.43303296,10.551727677355073,compound,0.0,0.0,0.0,,
Oran,2018-06-14,True,75.74565092439025,77.77325452195123,105.44253611252445,102.69357482921639,13.155527463414634,4.6985951210292525,15.091944341463416,15.421028455284553,0.1006848968292683,0.5066037586434906,0.97392929471675,17.43303296,10.551727677355073,compound,0.0,0.0,0.0,,
Oran,2018-06-15,True,58.848800680487805,83.93710979731706,113.79929752697313,79.78535589223289,20.47677268292683,5.08546349609608,17.150071902439024,14.686923414634146,0.05910830756097561,0.5878528877004608,0.701105873463954,17.43303296,10.551727677355073,compound,0.0,0.0,0.0,,
Oran,2018-06-16,True,59.988974575,92.0799437675,124.8390961085918,81.33116785272796,19.887917025,5.437839044707995,17.812776399999997,14.003463333333334,0.015719535500000003,0.6055145572885003,0.6514879584035254,17.43303296,10.551727677355073,compound,0.0,0.0,0.0,,
Oran,2018-06-17,True,50.2348301452381,85.29997038571429,115.64702111385027,68.10680515113036,20.237905,5.290889526287371,19.98082942857143,13.316552222222223,0.018268274380952382,0.6293584382133217,0.5889196668894886,17.43303296,10.551727677355073,compound,0.0,0.0,0.0,,
Oran,2018-06-18,True,58.00772335714286,74.18269579047619,100.57456934123758,78.6450496701859,14.0526425,4.615696434111927,17.95574942857143,12.7200315,0.018534552142857146,0.5611805777515181,0.7819576080246745,17.43303296,10.551727677355073,compound,0.0,0.0,0.0,,
Oran,2018-06-19,True,85.84391537209302,61.56498646511628,83.46787528073523,116.3844846444947,9.387657944186047,3.903154732823012,16.881972255813952,12.188818759689921,-0.0027033853255813973,0.41764768408020186,1.3943626125985356,17.43303296,10.551727677355073,compound,0.0,0.0,0.0,,
Oran,2018-06-20,True,77.64755136363637,60.68588360045454,82.27601522391383,105.27211171802605,13.574483113636363,3.945826000477928,18.561466499999998,11.716764515151516,-0.008238988818181818,0.4386928121622051,1.2794993951946803,17.43303296,10.551727677355073,compound,0.0,0.0,0.0,,
Oran,2018-06-21,True,75.96660741860465,56.07845878604651,76.02941335074881,102.99314070521973,14.748724372093024,3.56775053275663,20.133093186046512,11.174487054263567,-0.005889711139534884,0.42469181468039735,1.3546486309196986,17.43303296,10.551727677355073,compound,0.0,0.0,0.0,,
Oran,2018-06-22,True,71.78289237777777,54.837748164666664,74.34729685319228,97.32099123701933,17.306053066666667,3.652355618762317,22.761495800000002,10.672077207407407,-0.024537316266666668,0.4330869590434944,1.3090051065231247,17.43303296,10.551727677355073,compound,0.0,0.0,0.0,,
Oran,2018-06-23,True,80.21571672727272,49.457981999999994,67.05357883172648,108.75394966813693,10.721843,3.220038589643863,23.496986977272726,10.157012348484848,-0.029848339750000005,0.38140334150581373,1.6218962740386924,17.43303296,10.551727677355073,compound,0.0,0.0,0.0,,
Oran,2018-06-24,True,75.95360927659574,45.30910447659575,61.42866097562056,102.97551823247387,16.364409978723405,3.1529601679308956,22.907858234042553,9.76414890070922,-0.03317753419148936,0.37364415717113425,1.6763432019679247,17.43303296,10.551727677355073,compound,0.0,0.0,0.0,,
Oran,2018-06-25,True,81.91566405625,41.17408008333333,55.82252475832133,111.05868487212,13.321102806250002,2.9256070105195486,21.433380041666666,9.38799817361111,-0.03059793422916667,0.3345045549582268,1.9894959132167298,17.43303296,10.551727677355073,compound,0.0,0.0,0.0,,
Oran,2018-06-26,True,86.52683354166668,33.2558073125,45.087179198727206,117.31036365264197,9.116625395833335,2.3595774125727935,21.575219375,9.083955854166666,-0.035718157083333334,0.2776346144596059,2.6018563533456445,17.43303296,10.551727677355073,compound,0.0,0.0,0.0,,
Oran,2018-06-27,True,84.71940585416667,30.461403520833333,41.29861429261769,114.85990995385527,14.067291479166665,2.1632250079914814,23.722548958333334,8.782875381944445,-0.02843579458333333,0.2644659617007778,2.7812049368055183,17.43303296,10.551727677355073,compound,0.0,0.0,0.0,,
Oran,2018-06-28,True,87.52903982222222,35.10425940844444,47.593252502164475,118.66912345482888,13.206780944444445,2.336698553036906,22.864364866666666,8.563597881481481,-0.03438706846666666,0.28625389375209753,2.493402262210005,17.43303296,10.551727677355073,compound,0.0,0.0,0.0,,
Oran,2018-06-29,True,106.82948529148936,25.363298946808513,34.38676421052662,144.83606131656657,7.310257000000001,1.7822919779612187,17.344967085106383,8.718341042553192,-0.04307463474468085,0.19186598642999497,4.21197122328331,17.43303296,10.551727677355073,compound,0.0,0.0,0.0,,
Oran,2018-06-30,True,117.41201910638297,18.558335823404256,25.160808908869164,159.18352833202994,11.41081519148936,1.3678225727484898,17.880297914893617,8.42158004964539,-0.027792788063829788,0.13648810310885384,6.3266458923710465,17.43303296,10.551727677355073,compound,0.0,0.0,0.0,,
Oran,2018-07-01,False,91.84130219361701,22.499548393617022,30.504181142886985,124.51555335695083,8.086717382978723,1.585586757695761,19.028722382978724,8.183989581560285,-0.008989403808510637,0.19677611525595082,4.0819175828289875,7.2868685311899135,22.97180059590793,normal,0.0,0.0,0.0,,
Oran,2018-07-02,False,98.55568572173914,23.561211306521738,31.94355038005434,133.6187036878596,10.797834523913044,1.5995128706050676,22.840089999999996,7.899013217391304,-0.01030043443478261,0.19293981324360945,4.182963449525998,7.2868685311899135,22.97180059590793,normal,0.0,0.0,0.0,,
Oran,2018-07-03,False,92.75880882978724,19.25379490425532,26.103690490695268,125.7594800411627,12.92858019148936,1.3564262904246056,27.470130212765955,7.590138134751773,-0.014577651574468085,0.17188953976974433,4.817689670584702,7.2868685311899135,22.97180059590793,atm dry,0.0,0.0,0.0,,
Oran,2018-07-04,False,106.59757886956523,23.85084746956522,32.33622999426009,144.52164987244268,10.45541745652174,1.643035154885688,25.18401765217391,7.381097108695652,-0.01608428047826087,0.1828373721240569,4.469341351731365,7.2868685311899135,22.97180059590793,atm dry,0.0,0.0,0.0,,
Oran,2018-07-05,False,106.52585008695652,17.440689026086954,23.645538479316617,144.42440224153134,9.343982304347827,1.187227603005734,22.992194130434783,7.134099478260869,-0.012268782869565217,0.1406886822111168,6.107892292994859,7.2868685311899135,22.97180059590793,compound,0.0,0.0,0.0,,
Oran,2018-07-06,False,71.92786644782609,9.642814707826087,13.073425360762759,97.51754252846791,6.963433043478261,0.3280169499959006,17.185259217391305,7.13577184057971,-0.007440722826086956,0.11821422318916015,7.459218975705257,7.2868685311899135,22.97180059590793,soil dry,0.0,0.0,0.0,,
Oran,2018-07-10,False,150.58644283870967,21.402819816129032,29.017270978869412,204.16037022850412,50.17783536129033,1.0311538974220413,40.585926451612906,6.600362870967741,-0.033152757903225805,0.12444276744811598,7.035822575361245,7.2868685311899135,22.97180059590793,compound,0.0,0.0,0.0,,
Oran,2018-07-11,False,64.49797851463414,25.371730048780485,34.39819483381238,87.44433379465465,6.447073658536585,1.5853140503529153,25.347258292682927,6.52875456097561,-0.05790480185365853,0.28231681680460186,2.5421198471932462,7.2868685311899135,22.97180059590793,compound,0.0,0.0,0.0,,
Oran,2018-07-12,False,77.96567978,21.05437216888889,28.544856601288323,105.70342023452096,10.632135644444444,1.4876866415291206,22.42919291111111,7.305503540740741,-0.019214040355555555,0.2126273593529976,3.7030636275731097,7.2868685311899135,22.97180059590793,normal,0.0,0.0,0.0,,
Oran,2018-07-13,False,103.5749521106383,11.06885094893617,15.006800513638463,140.42366743436844,14.419603234042553,0.9167867368775854,19.418461255319148,7.021687,-0.02158185395744681,0.09654992815603175,9.357335516437947,7.2868685311899135,22.97180059590793,soil dry,0.0,0.0,0.0,,
Oran,2018-07-14,False,89.25783182586956,12.787929404347825,17.33747309805301,121.01296536289996,16.386925698695652,1.1178382745571753,24.805430499999996,6.676893847826086,-0.012288483217391306,0.12531563535988513,6.979850216839827,7.2868685311899135,22.97180059590793,compound,0.0,0.0,0.0,,
Oran,2018-07-15,False,83.24217955319149,10.778866772340425,14.613649073587473,112.857132925372,9.043248042553191,0.8178035981267475,25.79134,6.288276226950355,-0.0075393069148936166,0.11464312718899584,7.722720886280797,7.2868685311899135,22.97180059590793,compound,0.0,0.0,0.0,,
Oran,2018-07-16,False,110.56180903260869,6.440593380673913,8.731954247023543,149.89622863598268,7.634584739130436,0.49105231304723723,23.488197608695653,6.114230398550724,-0.01632039945652174,0.055046676374422454,17.166401059313582,7.2868685311899135,22.97180059590793,compound,0.0,0.0,0.0,,
Oran,2018-07-17,False,0.4489198999999998,0.47987833249999995,0.6506039732459403,0.6086315026719196,-42.779176875,0.018457733335268622,13.544136875,5.996669708333333,0.0024104767499999995,0.5166658545509238,0.9354869132375335,7.2868685311899135,22.97180059590793,soil dry,0.0,0.0,0.0,,
Oran,2018-08-09,False,82.81150088888889,11.69420852611111,15.854640678227415,112.27323231721624,-19.94329611111111,0.3218104942954084,35.935695555555554,5.426676425925926,0.01298912361111111,0.12374076231477925,7.08141134168981,7.2868685311899135,22.97180059590793,compound,0.0,0.0,0.0,,
Oran,2018-08-10,False,99.65007614130435,6.9583989586956525,9.433978788691832,135.10244385079233,15.08063302173913,0.6624485313972418,19.923167391304347,5.133469391304348,-0.0055415740434782606,0.06527059834753844,14.32083396379211,7.2868685311899135,22.97180059590793,soil dry,0.0,0.0,0.0,,
Oran,2018-08-11,False,103.47582748510638,4.354492931914893,5.903684769879027,140.28927737995275,13.288648063829788,0.4475080548352891,20.64843829787234,5.164537836879433,-0.010119045617021276,0.04038282474794099,23.763002742917017,7.2868685311899135,22.97180059590793,soil dry,0.0,0.0,0.0,,
Oran,2018-08-12,False,47.31465664583334,4.066905110416667,5.513782232814822,64.14772562490433,3.4337697083333345,0.4135971671431147,25.03895291666667,4.958119902777778,-0.008636384,0.07915106064135882,11.634069485576418,7.2868685311899135,22.97180059590793,compound,0.0,0.0,0.0,,
Oran,2018-08-13,False,81.91949833958334,14.644562158333335,19.854637480759376,111.06388327305262,12.428484291666665,1.1137972983916482,29.118422083333332,5.150111625,-0.0024071484166666665,0.1516564452946682,5.5938509771675164,7.2868685311899135,22.97180059590793,compound,0.0,0.0,0.0,,
Oran,2018-08-14,False,80.35578507333334,11.873573964666667,16.097818707081732,108.94384993306089,19.972813333333335,0.9326623885634207,28.72505577777778,4.951013437037037,0.01829735608888889,0.1287396344126664,6.767615657463856,7.2868685311899135,22.97180059590793,compound,0.0,0.0,0.0,,
Oran,2018-08-15,False,115.36352706585366,6.009184082926829,8.147063068988341,156.4062471537199,15.458938,0.47585342239113604,21.013180487804878,4.943547235772358,-0.015519246195121952,0.049510174289183355,19.19786870793693,7.2868685311899135,22.97180059590793,soil dry,0.0,0.0,0.0,,
Oran,2018-08-16,False,46.65736768317073,54.802398914634146,74.2993714500956,63.25659389063501,-7.248176902439024,3.310894733223084,15.678091707317074,6.684195983739837,-0.14570435390243902,0.540139217270975,0.8513745494216238,7.2868685311899135,22.97180059590793,soil dry,0.0,0.0,0.0,,
Oran,2018-08-17,False,67.68953814615384,45.81707150641026,62.117346722596345,91.7713501162721,15.21417435897436,2.7139557915657404,16.626971714615387,7.4845990854700855,-0.11640690579487178,0.4036511322702101,1.4773868324753892,7.2868685311899135,22.97180059590793,normal,0.0,0.0,0.0,,
Oran,2018-08-18,False,74.45022924444444,36.780192391111115,49.86542980955906,100.93728279658608,-2.433417688888889,2.4449123787881777,14.944982733333333,7.937849614814815,-0.07312193224444445,0.33066666340275813,2.024193578237978,7.2868685311899135,22.97180059590793,normal,0.0,0.0,0.0,,
Oran,2018-08-19,False,78.12210962500001,13.596169958333334,18.433260259398686,105.91550290589527,3.397068125,1.0686813870145409,16.533206500000002,7.633804875,-0.010284079520833333,0.14823838846628315,5.745890928431471,7.2868685311899135,22.97180059590793,normal,0.0,0.0,0.0,,
Oran,2018-08-20,False,88.15895972391304,12.189824767391304,16.526581613968897,119.52314907572256,7.984526826086958,1.0747938607210161,21.56358497826087,6.926710927536232,0.017469907347826087,0.12147456323646456,7.232176131009273,7.2868685311899135,22.97180059590793,soil dry,0.0,0.0,0.0,,
Oran,2018-08-21,False,88.29205337500001,11.713513105833334,15.88081322117948,119.70359326823251,8.9178630625,0.8810846933563109,23.997550416666666,6.242904652777778,-0.0021876065625,0.11712861111664517,7.537623646916869,7.2868685311899135,22.97180059590793,compound,0.0,0.0,0.0,,
Oran,2018-08-22,False,78.97353420833333,13.340607894791667,18.08677723924453,107.06983761809221,10.527331116666664,1.0039143468131209,25.1451275,5.755750368055556,0.008178251895833334,0.14451315465715694,5.919785277488408,7.2868685311899135,22.97180059590793,compound,0.0,0.0,0.0,,
Oran,2018-08-23,False,93.82584109756097,21.09925665365854,28.6057095761999,127.20612888104385,23.108635136585367,1.3659956027253557,22.499293658536587,5.640883723577236,-0.0043645692439024395,0.1835913744387887,4.446878989042104,7.2868685311899135,22.97180059590793,soil dry,0.0,0.0,0.0,,
Oran,2018-08-24,False,59.25940717458334,41.53749534791667,56.31523176145768,80.34204328236241,4.619962041666667,2.955043977864375,24.069859500000003,5.973412625000001,-0.03228055816666667,0.4120909899849811,1.4266485419553712,7.2868685311899135,22.97180059590793,compound,0.0,0.0,0.0,,
Oran,2018-08-25,False,56.03292278723404,11.438786017021277,15.508346861616529,75.96767707355794,9.837127808510639,0.9967210364829622,24.30698508510638,5.6110108510638295,0.007809062,0.1695345533667565,4.8985025774461795,7.2868685311899135,22.97180059590793,compound,0.0,0.0,0.0,,
Oran,2018-08-26,False,90.82694624999999,7.370030021666667,9.992055257127488,123.1403214231296,9.292531895833333,0.7572858428976661,19.788607187500002,5.421095805555556,-0.011321096937499999,0.07505353322975164,12.323823102888838,7.2868685311899135,22.97180059590793,soil dry,0.0,0.0,0.0,,
Oran,2018-08-27,False,99.00899187234042,5.223229210638298,7.0814901350344535,134.23328193135225,8.606150873021278,0.6100440498582852,19.757283872340427,5.32556390070922,-0.01961360544680851,0.05011146415540846,18.9555135108155,7.2868685311899135,22.97180059590793,soil dry,0.0,0.0,0.0,,
Oran,2018-08-28,False,95.30162078048781,11.860805390243902,16.08050747485989,129.20694463020632,15.834052502439025,0.8254667344873334,21.061697097560977,5.289547674796748,-0.002394185365853658,0.11068063512622613,8.035004170870057,7.2868685311899135,22.97180059590793,soil dry,0.0,0.0,0.0,,
Oran,2018-08-29,False,54.87956247142857,38.14391462380953,51.714321586720956,74.40398737717592,5.815538023809524,2.4411817727394554,22.65145095238095,6.8571771111111115,-0.023528204547619048,0.4100461067990128,1.4387501391158373,7.2868685311899135,22.97180059590793,soil dry,0.0,0.0,0.0,,
Oran,2018-08-30,False,100.56876011363637,12.248274568181818,16.60582601834038,136.34796673039966,8.586834727272729,0.997219372131042,17.49828881818182,6.78040828030303,-0.014835391772727273,0.10856759888013413,8.210851214496017,7.2868685311899135,22.97180059590793,soil dry,0.0,0.0,0.0,,
Oran,2018-08-31,False,90.46442183749998,9.605972372916666,13.023475680078382,122.64882220927178,9.568714622916668,0.8140161354771106,19.984090791666667,6.205817083333333,-0.004035144083333333,0.0959921508125402,9.417518427656297,7.2868685311899135,22.97180059590793,soil dry,0.0,0.0,0.0,,
Oran,2018-09-01,False,101.34660674999999,6.493200558333334,8.803277406433901,137.40254677271523,4.125886895833333,0.5679999077536562,19.318358749999998,5.735825972222222,-0.005107797604166667,0.06021153709750343,15.608112800386612,7.2868685311899135,22.97180059590793,soil dry,0.0,0.0,0.0,,
Oran,2018-09-02,False,85.05403434042553,6.675261082617022,9.05010934788274,115.3135887469508,10.461463276595746,0.5933166526336793,22.03241785106383,5.559958581560284,-0.005987197319148936,0.07277131097357349,12.741679057604784,7.2868685311899135,22.97180059590793,soil dry,0.0,0.0,0.0,,
Oran,2018-09-03,False,5.413147894736841,54.241350700000005,73.53871989968722,7.338975922784943,-21.24457737894737,3.1033969893992075,17.24557447368421,14.793811140350876,-0.17177224486842105,0.9092583456025489,0.0997974391286101,7.2868685311899135,22.97180059590793,normal,0.0,0.0,0.0,,
Oran,2018-09-04,False,42.52200145238095,29.458250111904764,39.93857040352599,57.64999422075115,3.7458983809523803,2.0475780290507544,15.319826214285714,14.862973650793649,-0.034575511357142846,0.4092546145882185,1.4434666448567095,7.2868685311899135,22.97180059590793,normal,0.0,0.0,0.0,,
Oran,2018-09-05,False,49.56819008695652,42.85472332391304,58.10108808547488,67.20299549507989,-2.130587173913043,2.99516286938887,18.188998239130434,16.983436376811593,-0.08250331371739131,0.4636807231276161,1.1566564019629861,7.2868685311899135,22.97180059590793,normal,0.0,0.0,0.0,,
Oran,2018-09-06,False,59.694242895833334,33.72373252083333,45.721577501600365,80.93157989778048,0.4174872916666681,2.432871332859398,19.569536458333335,14.732289861111111,-0.015023484125,0.36099832361403,1.770095966066518,7.2868685311899135,22.97180059590793,normal,0.0,0.0,0.0,,
Oran,2018-09-07,False,81.18589955319149,24.872098174468086,33.72080962891159,110.06929307618238,0.7453380212765953,1.751825083684239,16.9837009787234,13.368609432624114,-0.03791488795744681,0.2345141215878482,3.2641355378908528,7.2868685311899135,22.97180059590793,normal,0.0,0.0,0.0,,
Oran,2018-09-08,False,6.058009446511628,20.99733404651163,28.4675261061776,8.213258963639301,-23.916498139534884,1.62295894474616,9.558312325581396,12.669280542635658,-0.019907093627906977,0.7760882448942552,0.2885132671172639,7.2868685311899135,22.97180059590793,normal,0.0,0.0,0.0,,
Oran,2018-09-09,False,25.665225887234044,24.136765841914894,32.723869144595575,34.79610727473101,-1.5916094042553195,1.7851946040381497,10.54499774468085,12.662348439716311,-0.043654694659574465,0.4846546293406118,1.0633249730030065,7.2868685311899135,22.97180059590793,normal,0.0,0.0,0.0,,
Oran,2018-09-10,False,69.83485079310346,61.45767481034483,83.32238550917964,94.67989763224101,18.827181137931035,2.6272550765018985,12.463981085862068,22.706059425287357,-0.030815431,0.4680972852633638,1.1363080527958493,7.2868685311899135,22.97180059590793,normal,0.0,0.0,0.0,,
Oran,2018-09-11,False,16.06509246477273,20.00931255909091,27.12799760106785,21.78054786031531,-4.586852613636363,1.3370494421941943,9.780566772727273,21.638782954545455,-0.07705893590909091,0.5546678467975984,0.8028807795035323,7.2868685311899135,22.97180059590793,normal,0.0,0.0,0.0,,
Oran,2018-09-12,False,43.20574852083333,32.63514099166667,44.24569929216338,58.57699702396769,5.855954604166667,2.336135180300402,13.925723104166666,20.572216875,-0.08957607270833333,0.4303106306036638,1.3239026156456886,7.2868685311899135,22.97180059590793,normal,0.0,0.0,0.0,,
Oran,2018-09-13,False,49.15422554458333,39.31869972916667,53.307058339959354,66.64175536855066,7.697251860416667,2.8814163098501377,18.500991708333334,19.150953541666667,-0.03531975222916667,0.4444150524864872,1.2501488066280244,7.2868685311899135,22.97180059590793,normal,0.0,0.0,0.0,,
Oran,2018-09-14,False,53.727330647916666,33.962395125,46.045148765439535,72.84182765520667,0.4187139583333333,2.413293285319442,16.098458125,17.878558958333333,-0.05278954085416667,0.3873018740296874,1.5819653016276087,7.2868685311899135,22.97180059590793,normal,0.0,0.0,0.0,,
Oran,2018-09-15,False,12.715984925581395,27.906305212790695,37.834492246126835,17.239933033064666,-15.64743830232558,1.8373295508162826,9.475823302325582,18.09638031007752,-0.08930702741860465,0.6869702598679982,0.4556670913121489,7.2868685311899135,22.97180059590793,normal,0.0,0.0,0.0,,
Oran,2018-09-16,False,52.401354019565225,35.31783151304348,47.882806854624484,71.04411018306658,8.31745360869565,2.4525685526917864,13.350313478260869,18.276821739130433,-0.06222747530434782,0.4026237965913904,1.4837081376361543,7.2868685311899135,22.97180059590793,normal,0.0,0.0,0.0,,
Oran,2018-09-17,False,50.37918360208334,27.303252377083336,37.01689214956811,68.30251503468777,-3.081274541666667,1.9895272805937576,11.0138005625,17.442235902777778,-0.066520834625,0.3514726595907173,1.8451715167958715,7.2868685311899135,22.97180059590793,normal,0.0,0.0,0.0,,
Oran,2018-09-18,False,48.30681168444445,33.065892791555555,44.82969905525031,65.49285826890919,9.038423466666666,2.2526744138657193,13.544734644444445,16.97923074074074,-0.04395938488888889,0.4063511592060699,1.4609256731389741,7.2868685311899135,22.97180059590793,normal,0.0,0.0,0.0,,
Oran,2018-09-19,False,59.843515807317075,44.959339387804874,60.95446045215755,81.13395942344766,9.248514390243901,2.7323808033943155,14.239592926829268,19.096654715447155,-0.02994861353658537,0.42898964254456223,1.3310586103395792,7.2868685311899135,22.97180059590793,normal,0.0,0.0,0.0,,
Oran,2018-09-20,False,39.834857325531914,37.65220475638298,51.04767678997563,54.0068485998505,2.7469597021276595,2.71156580916258,16.77887210638298,17.684897021276594,-0.06403970542553192,0.4859160193295136,1.0579687851819335,7.2868685311899135,22.97180059590793,normal,0.0,0.0,0.0,,
Oran,2018-09-21,False,45.221686417021274,39.20130157021277,53.147893602786795,61.31014231570044,6.77397255319149,2.7724614149718323,18.99368174468085,16.6229904964539,-0.012342323808510637,0.4643439246208693,1.1535761468538361,7.2868685311899135,22.97180059590793,normal,0.0,0.0,0.0,,
Oran,2018-09-22,False,39.04451605541667,36.5807146875,49.59498420334206,52.935328725472296,5.6752845729166665,2.6104422930868685,22.07385777083333,15.616944513888889,-0.03803646952083333,0.48371045388084694,1.0673524667017666,7.2868685311899135,22.97180059590793,normal,0.0,0.0,0.0,,
Oran,2018-09-23,False,43.40375247916666,34.8902621875,47.30312179031358,58.845444572618135,5.036707104166667,2.4776714524364523,24.244835291666664,14.778498472222223,-0.025962806833333334,0.4456312827493106,1.2440076330156313,7.2868685311899135,22.97180059590793,atm dry,0.0,0.0,0.0,,
Oran,2018-09-24,False,42.222700583333335,32.96236285416666,44.68933641736206,57.24421150165256,5.680572666666667,2.35736504694267,23.473766041666668,14.024043888888889,-0.010072805458333334,0.43841637350705553,1.2809367086375636,7.2868685311899135,22.97180059590793,atm dry,0.0,0.0,0.0,,
Oran,2018-09-25,False,67.07622220833333,25.509689577083336,34.58523602984506,90.93983562816778,1.3709014999999998,1.8549352884004533,14.382270020833333,13.472976597222221,-0.03496153958333333,0.2755245272758809,2.629440942652291,7.2868685311899135,22.97180059590793,normal,0.0,0.0,0.0,,
Oran,2018-09-26,False,34.784956147708336,18.04700170625,24.467558170617167,47.16035116856384,-10.634126666666667,1.27261658198845,11.817004395833335,13.217905208333333,-0.005445167,0.34159252163504417,1.9274645569331152,7.2868685311899135,22.97180059590793,normal,0.0,0.0,0.0,,
Oran,2018-09-27,False,41.3646887625,18.270514935416667,24.77059038757783,56.08094601971678,-2.403095145833334,1.31728774984102,13.557386541666666,13.040784305555555,-0.0030444019583333332,0.30637130088406056,2.26401329731086,7.2868685311899135,22.97180059590793,normal,0.0,0.0,0.0,,
Oran,2018-09-28,False,60.9691564893617,23.167453027659576,31.409705271041823,82.66006771087594,-1.5164043617021281,1.7741963348209122,16.840944574468086,12.801174765957446,0.009349152382978723,0.2753552010313973,2.631672822065108,7.2868685311899135,22.97180059590793,normal,0.0,0.0,0.0,,
Oran,2018-09-29,False,47.89638548395833,22.145761495416668,30.024527976526304,64.9364153151934,-2.171855999999999,1.6015180182292366,17.864818854166668,12.481446277777778,-0.005844986083333333,0.3161776508926523,2.1627788908442396,7.2868685311899135,22.97180059590793,normal,0.0,0.0,0.0,,
Oran,2018-09-30,False,40.1204686875,23.993153070833333,32.529163459536285,54.39407151515189,2.844071458333333,1.759830287201596,19.0544856875,12.111484243055555,0.006140647083333333,0.3742286336790007,1.672163244616291,7.2868685311899135,22.97180059590793,normal,0.0,0.0,0.0,,
Oran,2018-10-01,False,54.905352324999996,21.51848726458333,29.174089273097326,74.4389524507511,-4.5694752916666665,1.5389803738467989,18.227207229166666,11.776033881944445,0.015512522270833334,0.28156773305480887,2.5515433148206084,7.2868685311899135,22.97180059590793,normal,0.0,0.0,0.0,,
Oran,2018-10-02,False,57.675767291666666,15.971637260541668,21.653844229258496,78.19499406126361,-8.515526333333334,1.1326324503263163,15.088347791666665,11.556217604166667,0.014727816208333334,0.21686626104005388,3.6111368140169393,7.2868685311899135,22.97180059590793,normal,0.0,0.0,0.0,,
Oran,2018-10-03,False,48.43000463125,17.703144156458333,24.00136690301066,65.6598793974732,1.6158343124999994,1.2572212939832927,18.088015083333335,11.331766965277778,0.0029598656458333338,0.267689418710223,2.7356724999373694,7.2868685311899135,22.97180059590793,normal,0.0,0.0,0.0,,
Oran,2018-10-04,False,44.556024710416665,15.528690596041669,21.05331105169575,60.40765907812973,3.875618583333333,1.1128228500130484,17.641323562500002,11.034995097222222,-0.004934125791666666,0.25844660354698445,2.869271200610707,7.2868685311899135,22.97180059590793,normal,0.0,0.0,0.0,,
Oran,2018-10-05,False,46.82827431250001,12.57715214375,17.051707907321376,63.48830373157827,1.5465984375000001,0.971112585140766,14.518649083333335,10.852980076388889,-0.013707197895833334,0.21171722675894986,3.7232812147995293,7.2868685311899135,22.97180059590793,normal,0.0,0.0,0.0,,
Oran,2018-10-06,False,38.37349114893617,23.42239760638298,31.75535112467069,52.02557422993421,4.202212936170213,1.6902079694154353,18.67515574468085,10.709672177304965,-0.03336933159574468,0.37902841237746365,1.6383246409615546,7.2868685311899135,22.97180059590793,normal,0.0,0.0,0.0,,
Oran,2018-10-07,False,49.47764423404255,17.05787637723404,23.12653311173731,67.08023627117437,-5.6535386382978725,1.1772171100716813,17.387222638297875,10.515343936170213,0.00804202240425532,0.2563724792489718,2.900574675290583,7.2868685311899135,22.97180059590793,normal,0.0,0.0,0.0,,
Oran,2018-10-08,False,58.487643966875,11.587282276666668,15.709673427111026,79.29571096157551,-1.6698978125000004,0.8477877571164939,12.403029333333334,10.39813925,0.005959569625,0.1653556114550258,5.047572206353484,7.2868685311899135,22.97180059590793,normal,0.0,0.0,0.0,,
Oran,2018-10-09,False,4.965240184871795,18.50734784207692,25.091681004997092,6.731716715711471,-21.089169846153847,1.080083016104696,8.058481743589745,11.242300786324787,-0.05420878205128206,0.7884664367145525,0.2682848038109056,7.2868685311899135,22.97180059590793,normal,0.0,0.0,0.0,,
Oran,2018-10-10,False,40.544477425531916,24.211313274468083,32.824938212585614,54.96892924673027,0.29876312765957425,1.7004733249889472,10.216764680851064,12.21439579432624,-0.03908945361702128,0.3738864588440286,1.6746087651630153,7.2868685311899135,22.97180059590793,normal,0.0,0.0,0.0,,
Oran,2018-10-11,False,38.93128312285714,24.6903338,33.47437919808254,52.781811071441695,8.167516800000001,1.3047144950492096,12.160199114285714,12.014231076190477,-0.02411680588571428,0.38808089127847323,1.576782373143013,7.2868685311899135,22.97180059590793,normal,0.0,0.0,0.0,,
Oran,2018-10-12,False,42.23904547729167,14.800162465,20.065595490111924,57.266371395591044,3.554529916666667,1.1711650111337082,11.543321874999998,11.765754736111111,0.003010318187500001,0.259473491987718,2.8539582303356608,7.2868685311899135,22.97180059590793,normal,0.0,0.0,0.0,,
Oran,2018-10-13,False,44.1229620625,17.414090872916667,23.609477538528893,59.82052633985594,4.3667454375,1.3821902400063024,12.929790958333333,11.465001340277778,-0.017076239979166668,0.28298545416519716,2.5337505348110025,7.2868685311899135,22.97180059590793,normal,0.0,0.0,0.0,,
Oran,2018-10-14,False,4.673509948717949,37.84650769230769,51.31110660867029,6.3361980229443455,-19.83551935897436,2.161969745187703,8.660450864102565,11.717993316239316,-0.13322779787179487,0.8900868294981916,0.123485896947576,7.2868685311899135,22.97180059590793,normal,0.0,0.0,0.0,,
Oran,2018-10-15,False,32.145586208333334,26.145362568750002,35.447061509459665,43.58197629075401,-12.753781791666666,1.8349875466443157,10.651879604166666,12.156896958333332,0.0036805841250000006,0.448532115487351,1.229494757389788,7.2868685311899135,22.97180059590793,normal,0.0,0.0,0.0,,
Oran,2018-10-16,False,41.18772916170212,15.440588750425531,20.93386533613376,55.84102975014211,3.082525985106383,1.0811328027989093,9.771828680851064,11.921072404255318,-0.0024119994255319146,0.2726655023443445,2.6674973232848407,7.2868685311899135,22.97180059590793,normal,0.0,0.0,0.0,,
Oran,2018-10-17,False,45.36209147021277,12.09860810168085,16.402912923139922,61.500499077578596,-6.651846063829788,0.9985548542697856,9.488098425531915,11.685186141843973,-0.015780866085106385,0.21055448666341642,3.749364479696688,7.2868685311899135,22.97180059590793,normal,0.0,0.0,0.0,,
Oran,2018-10-18,False,34.715151852941176,11.929170611764706,16.173194895276552,47.065712697832005,5.57917705882353,0.6318690338352959,8.691823558823529,11.532439696078432,0.01597098491176471,0.25574753756560814,2.9101060738208093,7.2868685311899135,22.97180059590793,normal,0.0,0.0,0.0,,
Oran,2018-10-19,False,2.870858608333333,21.40131696111111,29.015233455231325,3.8922199455816804,-15.958028972222223,1.3215455791825996,6.565999465277778,14.273965722222222,-0.06227226445714285,0.8817222378719369,0.13414401616265229,7.2868685311899135,22.97180059590793,normal,0.0,0.0,0.0,,
Oran,2018-10-20,False,15.794205514583332,18.917093247916664,25.647200958710787,21.413287840102385,-0.21341177083333326,1.3542359930201666,8.975620916666667,15.75372201388889,-0.03350300510416667,0.5449837350469167,0.8349171464977975,7.2868685311899135,22.97180059590793,normal,0.0,0.0,0.0,,
Oran,2018-10-21,False,26.849918208333335,16.893034664583332,22.903045894365984,36.40227591994933,4.769656760208334,1.1916557081395651,10.782413520833332,15.086658819444445,-0.02435223564583333,0.386188712811901,1.589407631100459,7.2868685311899135,22.97180059590793,normal,0.0,0.0,0.0,,
Oran,2018-10-22,False,37.014357741666664,13.199636014583334,17.895651991097402,50.18290383818271,-3.103272312500001,1.2099389961874665,10.174614583333334,14.406196319444446,0.08696074745833333,0.26286767944922546,2.8041953354450193,7.2868685311899135,22.97180059590793,normal,0.0,0.0,0.0,,
Oran,2018-10-23,False,30.724461920833335,14.030429537083334,19.022015758908257,41.655260610329314,-5.839369458333333,1.032635743018666,10.577022270833334,13.88482,-0.024035337604166665,0.31349488469380477,2.1898447114271584,7.2868685311899135,22.97180059590793,normal,0.0,0.0,0.0,,
Oran,2018-10-24,False,42.40274914978723,13.176422312127661,17.864179582304264,57.4883156938587,-8.455616489361704,1.078473040680593,12.577495872340425,13.42542184397163,-3.666002127659508e-05,0.23707482435495966,3.218077574119606,7.2868685311899135,22.97180059590793,normal,0.0,0.0,0.0,,
Oran,2018-10-25,False,41.32059191458333,12.785398275270834,17.334041472737255,56.02116089811577,-4.540666666666667,0.9131149738381301,15.251074333333333,12.948115833333333,-0.006637393958333334,0.23630282396473584,3.231858016852278,7.2868685311899135,22.97180059590793,normal,0.0,0.0,0.0,,
Oran,2018-10-26,False,28.25669192166667,9.751347865208333,13.22057120719836,38.30953554258006,-1.828544520833333,0.7289553423101041,12.427706208333333,12.647390486111112,-0.0026165086249999984,0.25656013622085516,2.897721659841839,7.2868685311899135,22.97180059590793,normal,0.0,0.0,0.0,,
Oran,2018-10-27,False,18.020174524999998,25.541890374999998,34.628892860436125,24.4311867207513,-9.9940884375,1.3784593401686835,6.000123915625,13.829672083333334,-0.17265794958064515,0.5863333254204853,0.7055145198899555,7.2868685311899135,22.97180059590793,normal,0.0,0.0,0.0,,
Oran,2018-10-28,False,33.586570389583336,29.608533257083334,40.14231957231156,45.53561739145071,-30.58146045416667,2.0681565642980044,6.533256020833334,17.364461805555553,-0.021132842208333336,0.4685257488084694,1.1343544139103316,7.2868685311899135,22.97180059590793,normal,0.0,0.0,0.0,,
Oran,2018-10-29,False,16.025324270833334,27.250809333333333,36.945791517757726,21.72663139184091,-24.837707447916667,1.8962304032332307,7.568924958333334,15.816735555555555,-0.009367229062500001,0.6296960255874059,0.5880678285481626,7.2868685311899135,22.97180059590793,normal,0.0,0.0,0.0,,
Oran,2018-10-30,False,-16.065226816666666,18.944033861111112,25.68372619604475,-21.780730010393967,-10.631594833333333,0.9899660441978962,6.731065694444444,16.142252777777777,0.010161074361111114,6.58051532063239,-0.8480362173362588,7.2868685311899135,22.97180059590793,normal,0.0,0.0,0.0,,
Oran,2018-10-31,False,-1.1077450064516128,32.63096911612903,44.2400431943218,-1.501845892449769,-11.749803877419355,1.496986731478057,6.657529870967743,20.732608494623655,-0.020705205322580644,1.0351405999144467,-0.03394765881789488,7.2868685311899135,22.97180059590793,normal,0.0,0.0,0.0,,
Oran,2018-11-01,True,22.701241881874996,16.894677733333335,22.905273515378784,30.777630840344358,-5.301901497916666,1.2338391462333271,6.7301217499999995,19.817795555555556,-0.027362078937500003,0.426677240925711,1.3436919152997675,17.43303296,10.551727677355073,normal,0.0,0.0,0.0,,
Oran,2018-11-02,True,0.8485326875000004,15.010812662500001,20.35118841268578,1.1504139706423515,-0.7348272979166662,1.091072492262079,7.781346125,19.305678125,-0.0240911928125,0.9464963610556599,0.05652809788372106,17.43303296,10.551727677355073,normal,0.0,0.0,0.0,,
Oran,2018-11-03,True,28.396501618749998,16.15952091875,21.90857099281439,38.499085139343165,-12.24390125,1.2250879598910742,7.453213604166667,18.39564916666667,-0.017892410625,0.3626787131896602,1.7572613545616536,17.43303296,10.551727677355073,normal,0.0,0.0,0.0,,
Oran,2018-11-04,True,29.852856639583333,16.385809653520834,22.21536615311203,40.47356554164564,-6.644633833333333,1.1519597528221104,8.7019011875,17.679632152777778,-0.011463586,0.35437461689859645,1.8218725391557826,17.43303296,10.551727677355073,normal,0.0,0.0,0.0,,
Oran,2018-11-05,True,-9.159403934666667,11.041021965666665,14.96907085205485,-12.4180322154025,-20.281568431666663,0.5589775103023583,5.909363933333334,17.49557822222222,-0.047529756,5.867833845001384,-0.8295793598770921,17.43303296,10.551727677355073,normal,0.0,0.0,0.0,,
Oran,2018-11-06,True,8.673152125,25.74342477916667,34.90212687667833,11.758787281964793,-8.556733085416667,1.8014383517928938,7.202403416666667,19.121639583333334,-0.015434025958333333,0.7479949226458376,0.3369074705250137,17.43303296,10.551727677355073,normal,0.0,0.0,0.0,,
Oran,2018-11-07,True,19.96678054375,15.667284323541667,21.241212075083727,27.070334030331505,3.7573578125,1.184718577163876,7.702544104166667,18.686378055555554,-0.013882589604166667,0.4396715441218886,1.2744251097650605,17.43303296,10.551727677355073,normal,0.0,0.0,0.0,,
Oran,2018-11-08,True,27.13470080263158,16.50357057473684,22.37502271196747,36.78837521807033,13.662620736842104,0.9263339968315326,7.618252657894737,18.244630087719298,-0.02466675302631579,0.3781902915452303,1.6441715251709557,17.43303296,10.551727677355073,normal,0.0,0.0,0.0,,
Oran,2018-11-09,True,4.517487375,32.581519775,44.17300133051158,6.124667517184418,-17.208143,1.893105936026477,7.256353724999999,23.29037458333333,-0.028052432974999996,0.8782315829441274,0.1386518310439986,17.43303296,10.551727677355073,normal,0.0,0.0,0.0,,
Oran,2018-11-10,True,15.193505493749997,18.441989043750002,25.003069598733862,20.59887761606276,-2.0430530885416665,1.344265706980851,7.6461316041666665,21.86206638888889,-0.022516257166666664,0.5482895166946079,0.8238539486010099,17.43303296,10.551727677355073,normal,0.0,0.0,0.0,,
Oran,2018-11-11,True,12.413235510416667,16.372563924375,22.197408009501075,16.82947488343763,7.1149432625,1.3350399457282278,8.995501041666666,21.236043958333333,-0.03533787822916667,0.568772250409918,0.7581729757021257,17.43303296,10.551727677355073,normal,0.0,0.0,0.0,,
Oran,2018-11-12,True,8.124934729166666,14.674241969583333,19.894876436796093,11.015531352751298,-4.629955916666666,1.2239147136846678,8.185991666666666,21.078070486111113,-0.028759435020833335,0.6436303452303114,0.5536868443363531,17.43303296,10.551727677355073,normal,0.0,0.0,0.0,,
Oran,2018-11-13,True,5.762827949361702,8.783245269787235,11.908048110334688,7.813061159596071,-1.4179574680851064,0.7590230925645713,7.0664105957446814,20.922973971631205,-0.008512352659574469,0.603822429425467,0.6561160223072425,17.43303296,10.551727677355073,normal,0.0,0.0,0.0,,
Oran,2018-11-14,True,3.1789505936170217,15.152894559574468,20.54381858684137,4.309921383999505,-0.5836597914893618,1.104054358537457,7.3673916595744675,20.64344170212766,-0.05802834082978723,0.8265886184913808,0.2097916395523506,17.43303296,10.551727677355073,normal,0.0,0.0,0.0,,
Oran,2018-11-15,True,-4.122795717857143,6.28581975,8.522117019021282,-5.589556963210474,-4.012491667857143,0.5123806012098462,5.701156500000001,24.701868333333334,0.1192937425,2.9060332463217184,-0.65588831398755,17.43303296,10.551727677355073,normal,0.0,0.0,0.0,,
Oran,2018-11-16,True,4.794767742424242,28.460724584848485,38.58615661994042,6.500595531707361,2.3130511515151513,1.414221244593419,6.539105212121212,26.271795454545455,-0.05210103645454545,0.85582027488157,0.16846963007318552,17.43303296,10.551727677355073,normal,0.0,0.0,0.0,,
Oran,2018-11-17,True,15.908691260425531,16.81085665957447,22.791631535868785,21.568504019038656,-2.264353276595745,1.1836445972093248,7.019118595744681,24.722094468085103,-0.0146848785106383,0.5137863365556692,0.9463343589551627,17.43303296,10.551727677355073,normal,0.0,0.0,0.0,,
Oran,2018-11-18,True,0.04552070909090941,20.420484181818182,27.685451174849167,0.061715547866537795,-10.371990522727272,1.3932046813408419,6.5169453181818175,23.92614265151515,0.03824561409090909,0.9977757892009921,0.002229168940638513,17.43303296,10.551727677355073,normal,0.0,0.0,0.0,,
Oran,2018-11-19,True,-1.8069017,10.974965804545455,14.879513983214904,-2.4497405814521627,-15.579785727272727,0.552041035925237,6.086574606060607,25.03058,0.003574802878787879,1.197086503693201,-0.1646384810831614,17.43303296,10.551727677355073,normal,0.0,0.0,0.0,,
Oran,2018-11-20,True,-4.456164210526316,22.176611868421052,30.066353943429636,-6.0415274965655605,-7.74953805263158,1.2361736704605464,7.062020342105263,23.930901754385967,0.0017794344736842122,1.2514701827265085,-0.20093981158915375,17.43303296,10.551727677355073,normal,0.0,0.0,0.0,,
Oran,2018-11-21,True,-11.038489021276597,18.800816976595744,25.4895572415596,-14.96563676559463,-7.445471340425533,1.3141552684012492,7.60461670212766,24.11272865248227,-0.05338967214893617,2.4220590890793847,-0.5871281569847678,17.43303296,10.551727677355073,normal,0.0,0.0,0.0,,
Oran,2018-11-22,True,2.5603108020833334,13.806818956458335,18.718851555897576,3.471188982219607,-7.3882782083333325,0.9801717465293953,6.5516125625,22.99117486111111,-0.0204965135625,0.8435699576007112,0.18543813822413543,17.43303296,10.551727677355073,normal,0.0,0.0,0.0,,
Oran,2018-11-23,True,-3.5306565333333335,14.396910195833334,19.518878727191034,-4.786753252197326,-11.5934153125,1.1171160130198596,6.131881895833334,22.42086875,-0.07322266791666666,1.3249193919996374,-0.24523710194116202,17.43303296,10.551727677355073,normal,0.0,0.0,0.0,,
Oran,2018-11-24,True,18.6620920875,15.887916006875,21.54033758269478,25.30147839339907,-20.0777384375,1.1717530703223122,6.099536020833334,21.256348194444445,-0.0032074316666666665,0.4598527434053387,1.1746091859640093,17.43303296,10.551727677355073,normal,0.0,0.0,0.0,,
Oran,2018-11-25,True,4.36903459574468,23.6887414,32.116451675874735,5.923399901037333,4.107283225531915,1.6428848889294683,7.765602893617022,21.156822411347516,-0.004421000404255318,0.8442843582325519,0.18443506651411548,17.43303296,10.551727677355073,normal,0.0,0.0,0.0,,
Oran,2018-11-26,True,-18.103595659574466,26.800648191489362,36.335477178373345,-24.544286475274667,-14.545955382978724,1.8332661833611403,7.699321008510638,20.146517872340425,-0.021166463829787235,3.081578281048794,-0.6754909631373516,17.43303296,10.551727677355073,normal,0.0,0.0,0.0,,
Oran,2018-11-27,True,2.9136028193750003,15.781315622916665,21.395812129771073,3.9501712045853807,-14.657565833333335,1.1418348020986753,7.065939083333333,19.66737597222222,0.008064047208333333,0.8441500117602094,0.18462356935210414,17.43303296,10.551727677355073,normal,0.0,0.0,0.0,,
Oran,2018-11-28,True,16.93278860145833,12.406934936250002,16.820932762843835,22.956943033560204,-14.333731645833334,0.8843068533667475,6.747323333333333,19.312937430555554,0.019981878145833333,0.42287156933514447,1.3647841863009138,17.43303296,10.551727677355073,normal,0.0,0.0,0.0,,
Oran,2018-11-29,True,13.491600848333334,14.977131238124999,20.305524195239666,18.291488743918162,-10.259020395833334,1.0838515798040853,8.802850958333332,18.98608923611111,0.015662874979166668,0.5260905611335301,0.9008134223989319,17.43303296,10.551727677355073,normal,0.0,0.0,0.0,,
Oran,2018-11-30,True,0.27140977380952386,16.319365735714285,22.1252835759351,0.36796884805849994,-9.107432335714286,1.0591219144838164,6.690851666666666,19.18534,-0.012335051999999999,0.9836409230144953,0.01663114720295503,17.43303296,10.551727677355073,normal,0.0,0.0,0.0,,
Oran,2018-12-01,True,3.404638625,13.710435448958334,18.58817782322831,4.615902129508203,-8.135548375,1.0305068661092187,7.1034737083333335,18.853633541666667,0.011057343666666669,0.8010736845024602,0.24832461650652177,17.43303296,10.551727677355073,normal,0.0,0.0,0.0,,
Oran,2018-12-02,True,5.6538793541666665,9.220650692708334,12.501068646580274,7.665352075620178,-6.068439070833333,0.747228915627832,6.891540520833334,18.889208819444445,0.011324426333333333,0.6198952614738578,0.6131757445966086,17.43303296,10.551727677355073,normal,0.0,0.0,0.0,,
Oran,2018-12-03,True,12.924757413043476,4.637779440586956,6.2877557220906795,17.522980215336162,-8.739720676086957,0.46062904437681,5.666727326086957,18.642340217391304,0.05971544,0.2640722965730466,2.7868417587809486,17.43303296,10.551727677355073,normal,0.0,0.0,0.0,,
Oran,2018-12-04,True,6.659888451085107,12.476486466170213,16.91522854293394,9.029267616809355,0.5980301702127662,0.9627480552503392,9.209509170212765,18.986388085106384,0.025680135617021278,0.6519775307558451,0.5337951889855597,17.43303296,10.551727677355073,normal,0.0,0.0,0.0,,
Oran,2018-12-05,True,12.104714016666668,12.746339374166666,17.28108664121443,16.411191130929335,-2.7395445004166668,0.9191824443419835,9.694510375,18.935286458333334,0.023043043520833334,0.5129094197217545,0.9496619901082817,17.43303296,10.551727677355073,normal,0.0,0.0,0.0,,
Oran,2018-12-06,True,11.59940961875,12.489860766666666,16.933360999544444,15.726115296664135,-8.103319041666667,0.9669160195961255,8.385009854166666,18.655489791666668,0.018729029520833333,0.5184823187599682,0.9287060789105726,17.43303296,10.551727677355073,normal,0.0,0.0,0.0,,
Oran,2018-12-07,True,6.648835840425531,14.618041389361704,19.818681455038043,9.014282834370027,-7.990564931914894,1.061741190571523,11.534597872340424,18.298434964539005,-0.001045213638297873,0.687361911737897,0.45483766691646055,17.43303296,10.551727677355073,atm dry,0.0,0.0,0.0,,
Oran,2018-12-08,True,-6.610433222916668,9.864992223541668,13.374646659372795,-8.962217771535977,-5.9919643124999995,0.8183114524629735,7.780397125,18.256086805555558,0.0033994267916666668,3.031130245802031,-0.6700900591833849,17.43303296,10.551727677355073,normal,0.0,0.0,0.0,,
Oran,2018-12-09,True,4.186408306250001,13.697352935916667,18.570440962885794,5.675800912882554,-4.773392554166667,0.9740201538050218,10.002069125,18.162950277777778,0.018197124625,0.765910076210411,0.3056363025641665,17.43303296,10.551727677355073,normal,0.0,0.0,0.0,,
Oran,2018-12-10,True,13.246606214042552,14.38751117,19.506135823130435,17.959332712485928,-13.83278989361702,1.007341092785754,8.982218553191489,17.65225780141844,0.023933391191489364,0.5206430504021863,0.9207017153643366,17.43303296,10.551727677355073,normal,0.0,0.0,0.0,,
Oran,2018-12-11,True,-1.7369566416666666,10.777897113125,14.612334440074092,-2.354911267897803,-5.929111104166666,0.853005822826121,8.5745551875,17.41630326388889,0.014978311874999999,1.1921212341957264,-0.16115914110475715,17.43303296,10.551727677355073,soil dry,0.0,0.0,0.0,,
Oran,2018-12-12,True,4.83809366,5.4128958688888895,7.338634234054833,6.559335450162243,0.5818521022222225,0.6172890085262379,6.497601822222222,17.47092511111111,0.029488166577777777,0.5280364255211171,0.8938087443742238,17.43303296,10.551727677355073,normal,0.0,0.0,0.0,,
Oran,2018-12-13,True,-23.956095222222224,18.40716427222222,24.95585526712335,-32.47892159214308,0.10860911111111093,0.48807566147916054,5.2897045,18.64487259259259,-0.15757460529411763,-3.317245148314959,-1.3014549589462703,17.43303296,10.551727677355073,normal,0.0,0.0,0.0,,
Oran,2018-12-14,True,-6.2761725,21.251909283333333,28.81267121765485,-8.509037580430673,-14.607851333333334,1.4832668660690955,6.438814895833333,22.572693680555556,0.0028913281874999998,1.4190893971230065,-0.29532275977302636,17.43303296,10.551727677355073,normal,0.0,0.0,0.0,,
Oran,2018-12-15,True,-0.8389935831249997,13.876458645833333,18.813266859807946,-1.1374811524939465,-3.9898982291666667,1.0600996191709817,6.579637333333333,21.259962222222224,0.022137706999999996,1.0643525086425591,-0.06046164980118495,17.43303296,10.551727677355073,normal,0.0,0.0,0.0,,
Oran,2018-12-16,True,-2.6149999297608697,16.975989608043477,23.01551360161668,-3.545334784083582,0.23167317826086906,1.2231613200738296,6.763570630434783,20.901768115942026,0.010792260891304348,1.1820905096614198,-0.15404108921708126,17.43303296,10.551727677355073,normal,0.0,0.0,0.0,,
Oran,2018-12-17,True,4.918347271458334,10.522926731250001,14.266653603342606,6.668140776316716,-11.8987678,0.8900210235657137,6.415928895833333,20.457697916666667,0.005171080416666666,0.6814804743057032,0.4673934730394242,17.43303296,10.551727677355073,normal,0.0,0.0,0.0,,
Oran,2018-12-18,True,-2.885740340789474,8.718848243947368,11.820740645006197,-3.9123961311041815,-11.220076815789474,0.5903324175011848,6.343944763157895,20.047717192982457,0.029197708631578948,1.4947174625772324,-0.33097724149434044,17.43303296,10.551727677355073,normal,0.0,0.0,0.0,,
Oran,2018-12-19,True,-0.45016282916666644,13.658515425,18.517786285226713,-0.6103166270035058,-2.6691456708333337,0.9818847203654294,6.942696000000001,20.006887083333332,0.0020496100416666665,1.034081678687823,-0.03295840105306808,17.43303296,10.551727677355073,normal,0.0,0.0,0.0,,
Oran,2018-12-20,True,10.042950429166668,9.089212483333332,12.322868849956395,13.615916806012189,-7.9421533124999995,0.7117496039617157,5.544728520833334,19.676671319444445,0.007942146979166667,0.4750750098095232,1.104930756936553,17.43303296,10.551727677355073,normal,0.0,0.0,0.0,,
Oran,2018-12-21,True,7.968436969268293,3.584428679219512,4.859655838945203,10.803356604490556,-4.5219649024390245,0.30793471817862483,5.869214853658537,19.389304146341463,-0.013799887097560975,0.31026316658401465,2.2230703083771144,17.43303296,10.551727677355073,normal,0.0,0.0,0.0,,
Oran,2018-12-22,True,-6.002300213333333,0.32015829999999973,0.4340605689832132,-8.13773013477249,-5.2215685,0.3013517558139037,4.224219166666667,19.642765444444443,0.03945700565517241,-0.05634465046512437,-18.74791380805476,17.43303296,10.551727677355073,normal,0.0,0.0,0.0,,
Oran,2018-12-23,True,13.913242457954546,6.174739796590909,8.371518306511318,18.863137197133902,-7.690354886363636,0.6599431496815394,9.109224136363636,19.758638106060605,0.10699367954545455,0.30738476957752714,2.2532516213292237,17.43303296,10.551727677355073,normal,0.0,0.0,0.0,,
Oran,2018-12-24,True,14.642382363414635,16.40059800390244,22.23541573415042,19.85168218326224,-6.492932219512195,1.031470024367109,6.788419341463415,19.481164390243904,0.04279553665853658,0.5283190534491802,0.8927956383011493,17.43303296,10.551727677355073,normal,0.0,0.0,0.0,,
Oran,2018-12-25,True,-3.542430699375,13.900630849999999,18.846038775120345,-4.802716296764181,-7.162119229166667,1.002934685580334,7.344192770833334,19.174120347222225,0.026208786416666668,1.3419928798306968,-0.2548395635853462,17.43303296,10.551727677355073,normal,0.0,0.0,0.0,,
Oran,2018-12-26,True,0.40241562499999933,12.04959716375,16.336465432618308,0.5455824670334499,-5.006438395833334,0.9122024847119098,6.651216541666667,19.078115625,0.032552838541666664,0.9676826845726042,0.033396604013504,17.43303296,10.551727677355073,normal,0.0,0.0,0.0,,
Oran,2018-12-27,True,15.280628568541667,9.495019845833333,12.87304972817922,20.71699634487797,-11.122783208333333,0.70946541647717,5.847403395833333,18.732260416666666,0.03808576172916667,0.38324001402620234,1.6093308720410116,17.43303296,10.551727677355073,normal,0.0,0.0,0.0,,
Oran,2018-12-28,True,15.826855676222221,6.124068474444444,8.30281971921239,21.45755390391635,-9.54293928,0.5362672885681097,4.6227976222222225,18.44129014814815,0.07138794102222222,0.2789890955118831,2.5843694828474275,17.43303296,10.551727677355073,normal,0.0,0.0,0.0,,
Oran,2018-12-29,True,3.0747863466666665,4.849185441854167,6.574373339677077,4.168698769127491,-2.823428958333333,0.40290110365694765,5.655479395833333,18.60147263888889,0.030189637687499996,0.6119639962473116,0.6340830606574969,17.43303296,10.551727677355073,normal,0.0,0.0,0.0,,
Oran,2018-12-30,True,19.275263535348838,11.219960778604651,15.211670475294486,26.132796986537304,-11.829966860465117,0.7565285036721382,11.782087046511627,18.30345457364341,0.07776448669767443,0.367925176188024,1.7179439318633671,17.43303296,10.551727677355073,atm dry,0.0,0.0,0.0,,
Oran,2018-12-31,True,12.673359302083334,10.653600308958334,14.443816736365086,17.182142551328496,-11.278048937500001,0.7932540983311288,7.7638746874999995,17.883787916666666,0.039077291,0.45670762442249524,1.1895846412997715,17.43303296,10.551727677355073,normal,0.0,0.0,0.0,,
Oran,2019-01-01,True,10.023530152083334,13.433451038500001,18.212651057865596,13.589587404211258,-9.666425875,0.9521008982327588,8.194880791666668,17.648534791666666,0.029423537604166664,0.5726845636851505,0.7461619596748519,17.43303296,10.551727677355073,normal,0.0,0.0,0.0,,
Oran,2019-01-02,True,11.616961729166666,13.872377127083334,18.807733264861508,15.749911896765758,-10.788271583333334,0.9861471141213886,7.473904958333333,17.450201527777775,0.03186852829166666,0.5442423283443392,0.8374168048305599,17.43303296,10.551727677355073,normal,0.0,0.0,0.0,,
Oran,2019-01-03,True,9.253648852291667,8.482845645875,11.500775733895635,12.545806515078892,-7.967841479166666,0.7033081275949864,6.06925525,17.093796388888887,0.03473713791666667,0.47827070037722674,1.090866112457379,17.43303296,10.551727677355073,soil dry,0.0,0.0,0.0,,
Oran,2019-01-04,True,24.371680950000002,12.072750136785714,16.367855506370994,33.04235967093262,0.2360213071428571,0.6346073221180885,7.031234185714285,17.407577023809527,0.047074180285714286,0.3312646068760596,2.01873480970499,17.43303296,10.551727677355073,soil dry,0.0,0.0,0.0,,
Oran,2019-01-05,True,4.754644460416666,12.420323807499999,16.839084974024424,6.446197645981201,-9.574707291666666,0.9123875771946486,7.9609934791666666,16.717688958333333,0.022122865250000002,0.723164294323706,0.38281163471322543,17.43303296,10.551727677355073,soil dry,0.0,0.0,0.0,,
Oran,2019-01-06,True,3.076138485416667,13.282121067354167,18.007482635307838,4.1705319563825745,-8.4644048125,0.9317793884967496,8.64111475,16.919408611111113,0.027150117104166666,0.8119519698600444,0.23159994324832953,17.43303296,10.551727677355073,soil dry,0.0,0.0,0.0,,
Oran,2019-01-07,True,16.367544529787235,10.167186367957447,13.784351990355965,22.19060287194657,-13.014768340425531,0.711524776741541,7.411341234042553,16.36965205673759,0.023403605808510638,0.38316523378880796,1.6098401207014972,17.43303296,10.551727677355073,soil dry,0.0,0.0,0.0,,
Oran,2019-01-08,True,14.138854276875,10.413714350895834,14.118586887731794,19.16901461617926,-8.885541166666666,0.729882811660233,7.579209395833334,16.08467451388889,0.023970965625000003,0.42413950689937696,1.3577148172552584,17.43303296,10.551727677355073,soil dry,0.0,0.0,0.0,,
Oran,2019-01-09,True,-15.030820347826086,13.869215973913045,18.803447472665148,-20.378314204135442,1.364142145652174,1.0133386315439772,9.156222282608695,16.519394782608696,0.013391669543478263,-11.939707085634012,-1.0837541484751507,17.43303296,10.551727677355073,soil dry,0.0,0.0,0.0,,
Oran,2019-01-10,True,13.757119999999999,13.052890246842106,17.696698687554637,18.651471271462732,-6.299842000000001,0.7189875667327008,8.292770263157895,16.174908859649122,0.03479391344736842,0.4868662908616224,1.053952016744205,17.43303296,10.551727677355073,soil dry,0.0,0.0,0.0,,
Oran,2019-01-11,True,29.8649162,0.13813923320000004,0.18728483428884035,40.48991551494368,7.770016799999999,0.00537381296954425,3595.52607222,15.854381999999998,0.056450446,0.004604172181981889,216.19430995943878,17.43303296,10.551727677355073,compound,0.0,0.0,0.0,,
Oran,2019-01-12,True,28.499195757575755,9.962818063636364,13.507275861279368,38.63831462778669,-2.7315406818181813,0.479338940410605,5742.262724878788,15.164181414141414,0.026955901030303032,0.2590300682108794,2.860555675667306,17.43303296,10.551727677355073,compound,0.0,0.0,0.0,,
Oran,2019-01-13,True,-11.449796604166666,9.90644467,13.430846584520607,-15.523274669895017,1.8812110624999996,0.7272577567061942,8.537989604166667,15.516350416666667,0.012951032916666667,-6.418785275536651,-1.155792717324758,17.43303296,10.551727677355073,soil dry,0.0,0.0,0.0,,
Oran,2019-01-14,True,-14.721420910416667,13.672251145833334,18.536408744180022,-19.958840163184387,4.848338891666667,0.9613987309084461,10.487621458333333,15.642689097222222,0.016677676729166667,-13.031495576183655,-1.0767371629874625,17.43303296,10.551727677355073,soil dry,0.0,0.0,0.0,,
Oran,2019-01-15,True,7.912270504166667,11.813192039583333,16.015954789269905,10.727207874940872,-4.835616458333333,0.8666801963998939,8.0298090625,15.241266041666668,0.0341753354375,0.5988803564622283,0.6697826021666659,17.43303296,10.551727677355073,soil dry,0.0,0.0,0.0,,
Oran,2019-01-16,True,12.962121682500001,9.36824506025,12.701172455083299,17.573637518488823,3.0259602750000005,0.6459711837519331,6.703009825,15.148462416666666,0.039562399750000005,0.419529386515409,1.383623250580733,17.43303296,10.551727677355073,soil dry,0.0,0.0,0.0,,
Oran,2019-01-17,True,11.104891023255814,9.287161246511628,12.591241566748975,15.055662514609176,1.225628051162791,0.6855808470187887,6.82854623255814,15.094669534883721,0.025292110325581398,0.45543043552710266,1.1957250152652348,17.43303296,10.551727677355073,soil dry,0.0,0.0,0.0,,
Oran,2019-01-18,True,15.971131075555556,9.508880526222223,12.891841603373761,21.65315795955041,-6.633046222222222,0.6967870294013183,7.000731444444445,14.972171925925927,0.03286741931111111,0.3731898036325374,1.6796016136192546,17.43303296,10.551727677355073,soil dry,0.0,0.0,0.0,,
Oran,2019-01-19,True,8.866919854166667,9.190053848958334,12.459586406678278,12.021491484144363,1.803266835416667,0.7554380846788444,7.064576333333334,14.914883333333334,0.09141051425,0.5089476232314539,0.9648387267253832,17.43303296,10.551727677355073,soil dry,0.0,0.0,0.0,,
Oran,2019-01-20,True,-19.84025641935484,18.15084013870968,24.608339056434502,-26.898796595802818,-7.773339158064516,0.8170575205429452,6.7595755483870965,17.4402088172043,-0.016567030322580646,-10.743852978484478,-1.0930764784293483,17.43303296,10.551727677355073,normal,0.0,0.0,0.0,,
Oran,2019-01-21,True,4.172440791666667,16.965085078125,23.00072958239585,5.656864195242178,-10.740751572916666,1.21989370638159,6.279114541666666,17.573032708333333,0.018587385645833333,0.8026050533364626,0.24594281563884793,17.43303296,10.551727677355073,normal,0.0,0.0,0.0,,
Oran,2019-01-22,True,6.515031384615385,19.21624492307692,26.052781405422127,8.832874955138278,-4.082869641025641,1.1357376244618342,6.787816871794871,16.948018547008548,0.09161367438461539,0.7468049658046799,0.3390376949656505,17.43303296,10.551727677355073,soil dry,0.0,0.0,0.0,,
Oran,2019-01-23,True,-40.77581655,8.684400700000001,11.77403774670286,-55.282571566778486,-8.65230613,0.27392985176419987,4.8520914500000005,17.51186566666667,-0.0272071214,-0.27061444532681783,-4.695294236020224,17.43303296,10.551727677355073,normal,0.0,0.0,0.0,,
Oran,2019-02-27,True,43.64854515454545,33.792702895,45.81508536897025,59.177326794499756,2.4268841363636366,1.1018450950015333,16.86769968181818,13.178301106060605,0.1449177847272727,0.4363656803849553,1.2916559320563772,17.43303296,10.551727677355073,compound,0.0,0.0,0.0,,
Oran,2019-02-28,True,22.052137708333333,29.66394058541667,40.2174390880705,29.897595786132502,2.7760163749999998,2.0892299469362823,14.226288791666667,12.56799420138889,0.12106262670833333,0.5735922282606959,0.7433987957478098,17.43303296,10.551727677355073,compound,0.0,0.0,0.0,,
Oran,2019-03-01,True,21.818866697708334,27.558250285416666,37.362610305807365,29.58133427550112,4.754930972916667,1.9442602513378362,13.300820770833333,12.572765423611111,0.11469364620833333,0.5581178482906344,0.7917362848415123,17.43303296,10.551727677355073,compound,0.0,0.0,0.0,,
Oran,2019-03-02,True,17.178667083333334,28.379319350416665,38.475789959523716,23.290297357791033,3.2918741458333334,1.993938054961681,13.895275458333332,12.606209805555556,0.11454096733333334,0.6229274287985842,0.6053234353938484,17.43303296,10.551727677355073,compound,0.0,0.0,0.0,,
Oran,2019-03-03,True,25.119320214893616,30.082823245106386,40.785347043610365,34.05598550763251,3.4004056851063833,2.078457862314981,15.059881191489362,12.33249965248227,0.10876375921276596,0.5449575208416442,0.8350054118999557,17.43303296,10.551727677355073,compound,0.0,0.0,0.0,,
Oran,2019-03-04,True,15.503910437499998,24.88876174375,33.743401572846196,21.019714890933745,2.584081458333333,1.7767451895078314,13.056919791666667,12.300740840277777,0.133956632,0.6161702209764471,0.6229281551700055,17.43303296,10.551727677355073,compound,0.0,0.0,0.0,,
Oran,2019-03-05,True,1.1650877399999997,21.042603892051282,28.528901541119392,1.579589369820388,-9.992848717948718,1.2455827972186397,9.600945538461538,12.898305478632478,0.04811690753846154,0.9475367472088596,0.055368040285171435,17.43303296,10.551727677355073,soil dry,0.0,0.0,0.0,,
Oran,2019-03-06,True,5.168424053488373,35.77038902325581,48.49637011498786,7.007187024055568,0.4156897488372089,2.2472626150259067,9.22797423255814,13.383255720930233,0.12597643141860465,0.8737524694768359,0.144488896951279,17.43303296,10.551727677355073,soil dry,0.0,0.0,0.0,,
Oran,2019-03-07,True,29.590609004166666,37.2849602125,50.54977817021839,40.11801843309509,-9.636522433333333,2.618805400705574,8.550524062500001,13.326794618055557,0.1167461815625,0.5575273698486574,0.7936339166119385,17.43303296,10.551727677355073,soil dry,0.0,0.0,0.0,,
Oran,2019-03-08,True,27.62059863125,22.433487770416665,30.41461822450026,37.44714023511914,-3.1862066666666666,1.6009050372957974,8.407663479166667,12.901644222222222,0.11402526041666666,0.4481849411933266,1.2312217749606302,17.43303296,10.551727677355073,soil dry,0.0,0.0,0.0,,
Oran,2019-03-09,True,41.953483168958336,29.398543809166668,39.8576224732728,56.879214985667176,1.7306829104166672,2.078384666313132,9.990168708333334,12.713436097222221,0.1107596388125,0.4120211443772947,1.427059906139873,17.43303296,10.551727677355073,soil dry,0.0,0.0,0.0,,
Oran,2019-03-10,True,33.28718158333333,33.37460057125,45.24823536839201,45.1297154498547,7.709654999999999,2.3502347876779472,13.040998604166667,12.608624402777778,0.14543754472916667,0.5006556904502939,0.9973806731340489,17.43303296,10.551727677355073,compound,0.0,0.0,0.0,,
Oran,2019-03-11,True,27.050098833333333,26.438399797291666,35.844352181461794,36.67367452491105,4.500637816666667,1.8828251579362687,11.203417312500001,12.595712215277779,0.11687435060416666,0.4942819573207142,1.0231367647335574,17.43303296,10.551727677355073,compound,0.0,0.0,0.0,,
Oran,2019-03-12,True,17.726842191489364,35.890054991489365,48.65860947676414,24.033495954699625,6.116891340425532,2.529299788755669,13.822439255319148,12.369747,0.1284573825319149,0.6693795590037063,0.4939207308457159,17.43303296,10.551727677355073,compound,0.0,0.0,0.0,,
Oran,2019-03-13,True,16.05357765957447,29.306422817021275,39.73272772506253,21.764936449035055,-5.710913191489362,2.0120967882498375,11.842768212765957,12.383925177304965,0.1289426250425532,0.6460851523170159,0.5477835954189023,17.43303296,10.551727677355073,compound,0.0,0.0,0.0,,
Oran,2019-03-14,True,40.085903375,29.444666752083332,39.92015451084792,54.34720894994327,-1.3901917083333333,2.061091110975105,11.965972458333333,11.7194479375,0.12947260847916667,0.4234779996520428,1.3613977605015266,17.43303296,10.551727677355073,compound,0.0,0.0,0.0,,
Oran,2019-03-15,True,38.00017930229166,29.50121462066667,39.99682033526063,51.51944975162866,4.914910166666666,2.1011375763743256,15.1760805625,11.585695277777779,0.11386841679166666,0.4370460061067394,1.2880886360411468,17.43303296,10.551727677355073,compound,0.0,0.0,0.0,,
Oran,2019-03-16,True,27.76874036170213,32.286385565957445,43.7728676381993,37.647986141066944,6.600773297872341,2.2326151319126195,17.148413127659573,11.502904978723404,0.09653096427659574,0.5376124863154655,0.8600758454356472,17.43303296,10.551727677355073,compound,0.0,0.0,0.0,,
Oran,2019-03-17,True,23.670313634042554,33.357623297872344,45.22521811429586,32.09146788948976,5.57219044680851,2.2993463963412073,17.81891425531915,11.495468992907803,0.10551948808510637,0.5849347721924025,0.7095923298454039,17.43303296,10.551727677355073,compound,0.0,0.0,0.0,,
Oran,2019-03-18,True,37.842038770833334,17.983214870833333,24.381077982302205,51.30504778527605,-3.7301478541666664,1.326112332907653,9.495501333333333,11.148966097222223,0.10667654814583333,0.3221340468287829,2.1042977600300317,17.43303296,10.551727677355073,soil dry,0.0,0.0,0.0,,
Oran,2019-03-19,True,39.41358858125,18.33584623125,24.85916450682393,53.43570566575243,-3.653496964583333,1.3356816679532053,9.347849854166666,11.038487131944445,0.09759021995833334,0.3175069382199592,2.1495374734369745,17.43303296,10.551727677355073,soil dry,0.0,0.0,0.0,,
Oran,2019-03-20,True,32.62355842708333,13.64408311125,18.498219407472586,44.229996014836736,-6.6681885625,0.9800623714725342,8.197801125,10.83036901388889,0.10427362185416666,0.29489471815730445,2.3910407288698003,17.43303296,10.551727677355073,soil dry,0.0,0.0,0.0,,
Oran,2019-03-21,True,70.37342412954546,14.975587338636364,20.30343102479714,95.41007844859095,-1.6841087954545457,0.9914518284393439,9.301508181818182,10.676355984848485,0.08038289543181819,0.17546292664700955,4.699209622849655,17.43303296,10.551727677355073,soil dry,0.0,0.0,0.0,,
Oran,2019-03-22,True,66.69114728181817,13.966668722386363,18.93557084866792,90.41776313557793,4.832829681818182,0.910765572585934,9.644803113636364,10.576613757575759,0.07301989322727273,0.17315952023370315,4.775021775587962,17.43303296,10.551727677355073,soil dry,0.0,0.0,0.0,,
Oran,2019-03-23,True,29.401708045625,11.098790363541667,15.047391431752054,39.86191244569426,-2.4899498333333336,0.7895631408654468,9.185426187500001,10.5310780625,0.09586150022916667,0.274040834051307,2.6490912146792547,17.43303296,10.551727677355073,soil dry,0.0,0.0,0.0,,
Oran,2019-03-24,True,64.29677115,18.838362375,25.540460113651477,87.17154316834039,9.096381288636364,1.286604157662689,11.637091113636364,10.493736704545455,0.11692546393181819,0.22659929173428245,3.4130764590942846,17.43303296,10.551727677355073,compound,0.0,0.0,0.0,,
Oran,2019-03-25,True,52.87607443770833,21.48205492979167,29.124695457697083,71.68772121800508,5.643695416666667,1.5160385947893287,13.258142895833332,10.3913666875,0.07336194212500001,0.28889988374533954,2.461406723449856,17.43303296,10.551727677355073,compound,0.0,0.0,0.0,,
Oran,2019-03-26,True,66.26313691489362,16.844100073106382,22.836701911969,89.83748012121288,1.1212851914893618,1.306480402536109,11.148783063829788,10.301201092198582,0.10675959110638299,0.2026791009252122,3.933907815039085,17.43303296,10.551727677355073,compound,0.0,0.0,0.0,,
Oran,2019-03-27,True,65.14268874318181,18.518870220454545,25.1073026837561,88.3184116762298,2.9313408909090914,1.2408534021843651,11.432950613636363,10.193646446969696,0.08504385252272727,0.22135459164111207,3.517638385479376,17.43303296,10.551727677355073,compound,0.0,0.0,0.0,,
Oran,2019-03-28,True,66.53951555581396,16.779060446976747,22.74852322934767,90.21218560325937,-1.4959440465116285,1.0662640251530353,11.987997162790698,9.94225554263566,0.06620719567441861,0.2013843881154995,3.965628216555061,17.43303296,10.551727677355073,compound,0.0,0.0,0.0,,
Oran,2019-03-29,True,78.62049171428572,15.11297455952381,20.48969630440859,106.59119369150474,3.7331852619047625,0.9672011646939789,10.265088047619047,9.953254134920636,0.12282988785714286,0.1612334970668485,5.202185142615825,17.43303296,10.551727677355073,soil dry,0.0,0.0,0.0,,
Oran,2019-03-30,True,71.98261558333333,14.700540635416667,19.93053134205738,97.59176968706295,6.9368559375,1.0672261358570276,9.948986249999999,9.885152631944445,0.068209505625,0.16958935595652508,4.89659648366348,17.43303296,10.551727677355073,soil dry,0.0,0.0,0.0,,
Oran,2019-03-31,True,-5.909935689473684,10.807414621052633,14.652353350363263,-8.01250521391183,-20.844445789473685,0.3555127295483121,4.82627452631579,17.997387245614036,0.0982759994736842,2.2067301916025435,-0.5468408399878769,17.43303296,10.551727677355073,normal,0.0,0.0,0.0,,
Oran,2019-04-01,True,28.910929729230773,41.580313807692306,56.37328368456322,39.1965306165844,16.727333269230765,1.6653077135240462,4.8127360807692305,24.580843333333334,-0.23725254884,0.5898649494800398,0.6953033077850961,17.43303296,10.551727677355073,normal,0.0,0.0,0.0,,
Oran,2019-04-02,True,47.63986688611111,53.24604458888889,72.18931513054221,64.5886354558665,12.018361277777778,2.8434778795031246,8.874635447222223,24.791371203703704,0.14388909083333334,0.5277847403111733,0.8947118467472482,17.43303296,10.551727677355073,normal,0.0,0.0,0.0,,
Oran,2019-04-03,True,40.112900958333334,55.079653479166666,74.67526448186827,54.38381142560246,-0.16817918750000085,3.8980553962432367,11.384631791666665,22.163077152777777,0.06159772333333333,0.5786130417934102,0.7282707574314286,17.43303296,10.551727677355073,atm dry,0.0,0.0,0.0,,
Oran,2019-04-04,True,54.998250904255315,41.63105924042553,56.44208274866833,74.5649014271459,-2.4634007021276587,2.872289413408028,9.47545789361702,19.541216170212763,0.07669134914893617,0.4308326239532529,1.3210869938867582,17.43303296,10.551727677355073,normal,0.0,0.0,0.0,,
Oran,2019-04-05,True,2.1944789843750003,37.803119906250004,51.252282810870504,2.9752056922451082,-10.48946046875,1.7835449368396272,6.748163,18.715104583333332,-0.11638282999999999,0.9451347319528883,0.05805020828485074,17.43303296,10.551727677355073,normal,0.0,0.0,0.0,,
Oran,2019-04-06,True,39.42057373529411,60.14692141176471,81.54530721389769,53.445175918245724,0.15396902941176382,2.969066072324325,7.077957823529411,19.501744019607845,0.08841318844117647,0.6040818976406821,0.6554046792423772,17.43303296,10.551727677355073,normal,0.0,0.0,0.0,,
Oran,2019-04-07,True,49.42013496944444,47.930934875,64.98325629458881,67.00226701623623,9.767445277777778,2.5862314628659284,8.215925166666667,21.614268240740742,0.10952609163888888,0.4923513932778345,1.0310697068256265,17.43303296,10.551727677355073,normal,0.0,0.0,0.0,,
Oran,2019-04-08,True,22.337634635,29.26625315,39.67826695199146,30.284663553645924,6.290858625,1.8478363570702687,7.330597795,21.491234166666665,0.09511138825,0.567132718215603,0.7632557034380739,17.43303296,10.551727677355073,normal,0.0,0.0,0.0,,
Oran,2019-04-09,True,41.355591833214284,51.772034149999996,70.19089806688555,56.068612688668495,-1.7238731428571428,3.177330104871704,8.07219180952381,21.202770158730157,0.11262238428571428,0.5559256300523714,0.7988017568209513,17.43303296,10.551727677355073,normal,0.0,0.0,0.0,,
Oran,2019-04-10,True,4.7159623615384625,40.99293923076924,55.576939678908815,6.39375367108335,-6.325845384615385,1.629939993094961,5.7559000000000005,21.53616794871795,-0.05459990199999997,0.8968261717684306,0.11504328428342285,17.43303296,10.551727677355073,normal,0.0,0.0,0.0,,
Oran,2019-04-11,True,44.625934510638295,47.6873135893617,64.65296220613138,60.50244058984348,6.374967510638298,3.2731806857227483,8.770526617021277,22.284577588652486,0.08825394276595745,0.5165814720082599,0.9358030711252657,17.43303296,10.551727677355073,normal,0.0,0.0,0.0,,
Oran,2019-04-12,True,54.5059865106383,43.37193153914893,58.802302741437515,73.89750482120571,3.869009489361703,2.9731205332002095,10.131055829787234,20.03944496453901,0.09309859042553191,0.4431227431409716,1.256711070417498,17.43303296,10.551727677355073,normal,0.0,0.0,0.0,,
Oran,2019-04-13,True,53.95467767456522,50.185912887826085,68.04048466971427,73.15005761439785,7.521825586956521,3.383181333876773,12.330111065217391,18.18643108695652,0.09650459143478261,0.48190539939140614,1.0750960691930214,17.43303296,10.551727677355073,atm dry,0.0,0.0,0.0,,
Oran,2019-04-14,True,36.41143708888889,58.44044469333333,79.23171966873977,49.36548295108887,19.34825825777778,3.8610343191710945,14.988025066666667,16.763714296296296,0.10915966533333334,0.6161231975082084,0.6230520195381499,17.43303296,10.551727677355073,compound,0.0,0.0,0.0,,
Oran,2019-04-15,True,40.917777153658534,57.84068121707317,78.4185791824215,55.47503729512982,15.59499231707317,3.4893832706732866,14.582351219512194,15.355392601626017,0.11575095587804879,0.5856782514763816,0.7074221169715511,17.43303296,10.551727677355073,compound,0.0,0.0,0.0,,
Oran,2019-04-16,True,46.363339999999994,49.864188251276595,67.60430051082602,62.85796039135073,9.278081372340424,3.4351754247706507,12.499015553191489,14.304717730496455,0.08472560212765957,0.5181904716607441,0.9297923344578468,17.43303296,10.551727677355073,compound,0.0,0.0,0.0,,
Oran,2019-04-17,True,60.82743709375,37.37276478541667,50.668820852789906,82.46792900481967,0.03325575000000006,2.63810361672364,10.591345604166667,13.456355972222221,0.09288583610416667,0.3805772704154222,1.627587293661657,17.43303296,10.551727677355073,compound,0.0,0.0,0.0,,
Oran,2019-04-18,True,0.8432394000000001,6.7238009666666665,9.115918198345051,1.143237497678691,-18.887810974999997,0.47100960816754434,6.419108111111111,16.792202314814816,-0.05055561861111111,0.8885641731588314,0.12541111852958925,17.43303296,10.551727677355073,soil dry,0.0,0.0,0.0,,
Oran,2019-04-19,True,-0.6607140062499999,-6.815802725000001,-9.240651293097313,-0.8957753008060497,-14.0910988125,0.07193151989581426,3.43656593125,22.460295,0.04079630062499999,0.9116280976823903,0.09693854603897738,17.43303296,10.551727677355073,normal,0.0,0.0,0.0,,
Oran,2019-04-20,True,-18.742998277777776,41.04279416666667,55.64453143536886,-25.411168465423557,-11.7340073,1.1235588150827835,8.543091111111112,29.76049722222222,-0.20622596572222218,1.8405008893878116,-0.4566696458741617,17.43303296,10.551727677355073,normal,0.0,0.0,0.0,,
Oran,2019-04-21,True,-2.5068589538461534,7.413904961538462,10.051539522770003,-3.398720644965709,-8.288472846153846,0.49116186693095815,8.665901730769232,25.654674487179484,0.25663517838461536,1.5108692581884067,-0.33812936190187604,17.43303296,10.551727677355073,normal,0.0,0.0,0.0,,
Oran,2019-04-22,True,30.548088415384616,49.10184544230769,66.57074007081462,41.41613895042347,19.378007884615386,1.8640008848666507,9.590233538461538,28.841701794871792,0.16409445511538462,0.616470636749507,0.6221372769232707,17.43303296,10.551727677355073,normal,0.0,0.0,0.0,,
Oran,2019-04-23,True,-6.388971689189189,39.853569332432436,54.032217751179886,-8.661967178820923,-7.919416567567568,2.206656338829148,9.244771789189189,27.933394684684682,-0.10284508351351351,1.1909173317217268,-0.1603111539620595,17.43303296,10.551727677355073,normal,0.0,0.0,0.0,,
Oran,2019-04-24,True,66.08647116222222,57.315732993333334,77.70687086599415,89.59796224170016,17.55854848888889,3.776535278316221,11.22736748888889,25.447023037037034,0.1071568172888889,0.4644627977721011,1.1530249673315536,17.43303296,10.551727677355073,atm dry,0.0,0.0,0.0,,
Oran,2019-04-25,True,1.2304614814814807,50.76986677777778,68.83219101539511,1.668221035543291,-7.952601407407407,1.9953884270624709,8.126699074074073,27.170931111111113,-0.03509132111111111,0.9763374285764747,0.024236058898229378,17.43303296,10.551727677355073,normal,0.0,0.0,0.0,,
Oran,2019-04-26,True,57.736547773333335,58.11284462088889,78.78756977837561,78.27739832957496,11.645704984444446,3.815828745325973,9.806096444444444,26.609106296296297,0.09319053035555556,0.5016240777779614,0.993524721599667,17.43303296,10.551727677355073,normal,0.0,0.0,0.0,,
Oran,2019-04-27,True,58.30298989777777,57.69144189399999,78.21624519486656,79.04536277351541,13.971226555555555,3.811145582155807,11.862764422222222,24.55519251851852,0.09120547966666667,0.49736389068711695,1.0106003244796935,17.43303296,10.551727677355073,atm dry,0.0,0.0,0.0,,
Oran,2019-04-28,True,42.13436282608696,65.81991980434783,89.23658028139425,57.12444594451078,16.900327804347825,4.448811702353319,13.842524782608695,23.125484565217395,0.04502060260869565,0.6097017941351377,0.6401460675025573,17.43303296,10.551727677355073,atm dry,0.0,0.0,0.0,,
Oran,2019-04-29,True,45.54895144444445,64.21638206666667,87.06255417367211,61.75383796254642,11.649086688888888,4.239167496901175,13.539572577777777,21.561140740740743,0.041915120244444444,0.585033361741358,0.7093042301442255,17.43303296,10.551727677355073,atm dry,0.0,0.0,0.0,,
Oran,2019-04-30,True,53.165442954545455,65.64862717431818,89.00434711282327,72.08003796588933,17.34373015909091,4.282053201164588,12.359456113636362,20.16229628787879,0.048750570386363636,0.552532432422497,0.8098485108207083,17.43303296,10.551727677355073,atm dry,0.0,0.0,0.0,,
Oran,2019-05-01,True,56.024787168085105,36.529620765957446,49.5257126690531,75.9566470566044,3.0696502553191487,2.552123041809952,9.807699765957446,19.128103333333332,0.008029600468085108,0.39468266916028144,1.533681050975912,17.43303296,10.551727677355073,normal,0.0,0.0,0.0,,
Oran,2019-05-02,True,67.20581824883722,73.65377562790698,99.85747599487894,91.11553787008714,15.481951976744186,4.642599742062616,12.664464511627905,18.71279457364341,0.03489808953488372,0.5228878885761657,0.9124558473194323,17.43303296,10.551727677355073,atm dry,0.0,0.0,0.0,,
Oran,2019-05-03,True,42.06054085609756,51.00596392439025,69.15228411244716,57.02436043588252,-0.8327200000000001,3.0626926670332986,11.093164756097561,20.761405609756096,0.0315991707804878,0.5480593049529038,0.8246200565574426,17.43303296,10.551727677355073,atm dry,0.0,0.0,0.0,,
Oran,2019-05-04,True,63.414316811395345,67.57753210232558,91.61949583945449,85.97513928839588,6.201970209302325,4.288317626475394,12.008688395348837,24.513334031007755,0.15012335016279071,0.5158911234762109,0.9383934991199989,17.43303296,10.551727677355073,atm dry,0.0,0.0,0.0,,
Oran,2019-05-05,True,54.06170498913043,60.52444748086956,82.05714520267279,73.29516188643116,7.973370565217389,4.098767800806963,13.386916326086956,21.860144420289856,0.09226150013043478,0.5282003643216451,0.8932209584601022,17.43303296,10.551727677355073,atm dry,0.0,0.0,0.0,,
Oran,2019-05-06,True,55.07678723930232,66.7279849647907,90.46770650931234,74.67137852387074,13.968156162790699,4.246178330465787,13.683350441860464,20.10975449612403,0.11942040090697675,0.5478273449991184,0.8253926335159653,17.43303296,10.551727677355073,atm dry,0.0,0.0,0.0,,
Oran,2019-05-07,True,35.394737232558136,76.21877537209302,103.33502209755126,47.98707321401794,11.36666811627907,4.836581478630495,16.099008534883723,18.697761395348838,0.09195448960465116,0.6828812532947451,0.4643834417407561,17.43303296,10.551727677355073,atm dry,0.0,0.0,0.0,,
Oran,2019-05-08,True,59.09575163829787,63.48720870638298,86.07396383054454,80.12016424565677,6.457786978723405,4.379406799763673,14.212730638297872,17.563810851063828,0.07224241493617022,0.5179121839435804,0.9308292621842171,17.43303296,10.551727677355073,atm dry,0.0,0.0,0.0,,
Oran,2019-05-09,True,42.519652281249996,72.083682503125,97.72879304304075,57.646809288304475,11.2132046875,3.3858735655189083,12.34905903125,17.908110729166665,0.112324563125,0.6289841620992069,0.5898651512345623,17.43303296,10.551727677355073,atm dry,0.0,0.0,0.0,,
Oran,2019-05-10,True,58.97062228888889,69.97069046444444,94.86406479277618,79.95051780325322,18.13424,4.647174101774972,14.441792088888889,17.48575014814815,0.05543057302222222,0.5426553287719308,0.8427903440349036,17.43303296,10.551727677355073,atm dry,0.0,0.0,0.0,,
Oran,2019-05-11,True,57.27773478571429,76.17647094761905,103.2776670873651,77.65535408938874,13.816155976190476,4.7602980126579935,16.994656095238092,16.264951746031745,0.05761171023809524,0.5708060718583422,0.7519084839871352,17.43303296,10.551727677355073,compound,0.0,0.0,0.0,,
Oran,2019-05-12,True,67.87091643863636,61.20661993181818,82.98201318892654,92.01725710926952,8.960138863636361,3.9728083255314326,15.733409840909092,15.300390075757576,0.06677378686363636,0.47418490972863186,1.1088819561387633,17.43303296,10.551727677355073,compound,0.0,0.0,0.0,,
Oran,2019-05-13,True,71.01179368723405,56.76991467234043,76.96686752710947,96.2755598477359,8.551494978723404,3.9287634268216745,14.71419344680851,14.572183546099293,0.0476171550212766,0.44427262243662713,1.2508701853278033,17.43303296,10.551727677355073,compound,0.0,0.0,0.0,,
Oran,2019-05-14,True,82.5815342,56.98267713333333,77.2553241901941,111.96145070222671,9.492542955555555,3.8174198696841466,15.10489608888889,13.969601185185185,0.01770714426666667,0.4082900378897041,1.449239283840036,17.43303296,10.551727677355073,compound,0.0,0.0,0.0,,
Oran,2019-05-15,True,50.574817466666666,69.09290976044444,93.67399727985921,68.56774928466169,15.911680222222223,4.594065583097056,21.672946222222222,13.371145037037035,0.0509742678888889,0.5773729589542269,0.7319827409500801,17.43303296,10.551727677355073,compound,0.0,0.0,0.0,,
Oran,2019-05-16,True,91.66556698913044,47.71778005869565,64.69426768849435,124.2772970854444,11.022157586956522,3.2416742899816695,13.76663554347826,12.855596666666667,0.0003835017391304343,0.34234921939650675,1.9209939539596441,17.43303296,10.551727677355073,compound,0.0,0.0,0.0,,
Oran,2019-05-17,True,75.94151693777778,42.47254562,57.582943556305416,102.95912381924872,-3.1406340222222218,2.7991905220102145,14.047411244444445,12.461388888888889,0.05564926662222222,0.3586782237057053,1.788014253188947,17.43303296,10.551727677355073,compound,0.0,0.0,0.0,,
Oran,2019-05-18,True,59.093138418749994,34.3676668875,46.59460349400218,80.11662132465854,-5.573972804166666,2.41260393464022,13.304428604166667,12.28112763888889,0.05127694591666667,0.3677227772100282,1.7194399204399589,17.43303296,10.551727677355073,compound,0.0,0.0,0.0,,
Oran,2019-05-19,True,83.52353921340426,35.1907269893617,47.71048253296969,113.23859151695272,4.513816561702127,2.424570378609333,13.003079042553193,12.110257687943262,0.05736280557446809,0.29643216535791367,2.373453075824599,17.43303296,10.551727677355073,compound,0.0,0.0,0.0,,
Oran,2019-05-20,True,22.280360363636365,17.00599975,23.05620040965169,30.207012895155426,-13.420651818181819,0.5469175255313261,9.726681181818181,11.973641363636364,0.016031397227272728,0.4328728775282287,1.3101470475816255,17.43303296,10.551727677355073,soil dry,0.0,0.0,0.0,,
Oran,2019-05-22,True,64.03249923404255,47.56015288659574,64.48056171863848,86.81325160380256,11.261856723404255,3.2852622838767362,15.795036212765957,11.83678709219858,-0.00647439889361702,0.4261943056535692,1.346347632370403,17.43303296,10.551727677355073,compound,0.0,0.0,0.0,,
Oran,2019-05-23,True,31.138742520833333,39.75409460416667,53.89735303847217,42.21692923786359,8.864188416666666,2.8105584348852823,20.015534374999998,11.611378520833334,0.001834007708333333,0.5607632056546314,0.7832839064977636,17.43303296,10.551727677355073,compound,0.0,0.0,0.0,,
Oran,2019-05-24,True,30.514355964285713,27.96115045714286,37.90884970607562,41.37040555254752,1.3723000309523805,1.7241381393704904,14.989471,11.530044690476192,0.0482399468095238,0.47816859003544065,1.0913126057190048,17.43303296,10.551727677355073,compound,0.0,0.0,0.0,,
Oran,2019-05-25,True,75.50551054347827,39.43931649717391,53.47058676621019,102.36800004207358,3.2787513043478262,2.6821768756523148,13.451756108695653,11.968626514492755,0.027078626869565216,0.3431151928500927,1.914473100691,17.43303296,10.551727677355073,compound,0.0,0.0,0.0,,
Oran,2019-05-26,True,97.89981771,36.73241340425532,49.800652559617184,132.72949843422924,12.919567127659574,2.579880183873643,15.402391361702126,11.80804779432624,0.019713751085106382,0.2728352126399988,2.665216048631824,17.43303296,10.551727677355073,compound,0.0,0.0,0.0,,
Oran,2019-05-27,True,88.6933846787234,37.49875244893617,50.839630970510235,120.24770564653086,13.946637021276594,2.626900020544366,17.932365617021276,11.373708567375887,9.938736170212612e-05,0.29715601385688045,2.3652356114913795,17.43303296,10.551727677355073,compound,0.0,0.0,0.0,,
Oran,2019-05-28,True,93.98808653260869,37.77243719152174,51.21068414979285,127.42609614677379,10.672906173913043,2.573301367437141,19.1834435,10.935413144927535,-0.006923707934782608,0.28667491691674374,2.4882717007655764,17.43303296,10.551727677355073,compound,0.0,0.0,0.0,,
Oran,2019-05-29,True,101.87586190212765,26.145249727659575,35.4469085230529,138.12009428739728,7.086178170212767,1.8690306420458687,16.749879127659575,10.530033737588653,0.013612457297872343,0.20422607954902533,3.8965342830269916,17.43303296,10.551727677355073,compound,0.0,0.0,0.0,,
Oran,2019-05-30,True,106.52815479166667,30.1600576875,40.89005907515999,144.42752688780106,10.257461895833334,2.1282604525563094,17.68635247916667,10.177310236111111,-0.009938498541666667,0.22064856318240936,3.5320938671751225,17.43303296,10.551727677355073,compound,0.0,0.0,0.0,,
Oran,2019-05-31,True,105.12984113043478,27.241874310869562,36.933677694894165,142.5317371381325,11.13292493478261,1.858037143217066,18.546025695652173,9.85004968115942,-0.014242334826086956,0.2057983023038561,3.859126575901121,17.43303296,10.551727677355073,compound,0.0,0.0,0.0,,
Oran,2019-06-01,True,96.9958975106383,28.94519159574468,39.242981779254414,131.50399181437786,12.13426825531915,2.005704251340743,21.247008872340427,9.518799255319149,-0.018687020319148935,0.22983119965950552,3.3510193632609413,17.43303296,10.551727677355073,compound,0.0,0.0,0.0,,
Oran,2019-06-02,True,93.26397110687499,32.03599552083333,43.43339667819512,126.4443631924712,12.654011542291665,2.269508646520605,24.679082708333336,9.169760194444445,-0.02581307010416667,0.2556744138329964,2.9112243771611372,17.43303296,10.551727677355073,compound,0.0,0.0,0.0,,
Oran,2019-06-03,True,59.44226210416667,27.258006229166668,36.95554884311937,80.58995225356925,10.117384020833333,1.9334677353926155,26.109020625,8.843022006944445,-0.03009836339583333,0.3143935624785936,2.180726704822679,17.43303296,10.551727677355073,compound,0.0,0.0,0.0,,
Oran,2019-06-04,True,73.28035271739131,30.928538565217394,41.931941316022495,99.35120093966471,16.578125500000002,2.1073853346954112,28.18069847826087,8.563901623188405,-0.019455091217391304,0.2967936630411019,2.3693441758610376,17.43303296,10.551727677355073,compound,0.0,0.0,0.0,,
Oran,2019-06-05,True,103.46397606382979,19.00025450425532,25.759948378483177,140.27320959516447,2.0603255531914892,1.3210824996560027,19.163747234042553,8.267117773049645,-0.023201403382978724,0.1551494213136133,5.445399483499438,17.43303296,10.551727677355073,compound,0.0,0.0,0.0,,
Oran,2019-06-06,True,104.89306629787235,19.591278980851065,26.561240803493416,142.21072525575133,9.649289382978724,1.3651062000215932,19.815031170212766,8.076915234042552,-0.015148067042553191,0.1573794595375485,5.354069348938222,17.43303296,10.551727677355073,compound,0.0,0.0,0.0,,
Oran,2019-06-07,True,118.10207161914893,17.740321137021276,24.05177028576297,160.11907985863252,4.700969646808512,1.2942496483568136,17.655354936170212,7.889042893617021,-0.010107375510638297,0.13059488114924625,6.657267966400471,17.43303296,10.551727677355073,compound,0.0,0.0,0.0,,
Oran,2019-06-08,True,121.47964264782608,15.108232705434784,20.483267447546474,164.698284591069,9.167955000000001,1.0664904719015005,16.765903260869564,7.750701666666667,-0.021800075326086955,0.11061181430899308,8.0406255990568,17.43303296,10.551727677355073,compound,0.0,0.0,0.0,,
Oran,2019-06-09,True,67.76234947708333,18.86075070125,25.570813503304834,91.87006543220076,5.8517890625,1.342397045826377,20.825764166666666,7.685293048611111,-0.01900584014583333,0.21773349905996042,3.5927705397533503,17.43303296,10.551727677355073,compound,0.0,0.0,0.0,,
Oran,2019-06-10,True,94.94165227083333,18.218393458333335,24.699925725755737,128.71891062916166,13.0555210625,1.3033288074068636,23.4702375,7.4755548958333335,-0.008395992458333333,0.16099669579434958,5.211307598991708,17.43303296,10.551727677355073,compound,0.0,0.0,0.0,,
Oran,2019-06-11,True,93.61860182222222,14.726895467111111,19.966262395229354,126.92516037962062,7.040299853333334,0.9988892261125583,20.324344,7.287768748148148,-0.0115848022,0.13592531148556536,6.356981485425512,17.43303296,10.551727677355073,compound,0.0,0.0,0.0,,
Oran,2019-06-12,True,121.76709125434783,12.96851603695652,17.582306783454552,165.08799838483995,4.882773999999999,0.9347065809522956,14.413226391304349,7.243567891304347,-0.014189433934782609,0.09625158707243599,9.389439077481711,17.43303296,10.551727677355073,compound,0.0,0.0,0.0,,
Oran,2019-06-13,True,93.92210145652173,15.539469558043479,21.067924829878464,127.33663565279095,10.802885783043479,1.0683166387871645,15.689844108695652,7.215171289855072,-0.015177830000000002,0.14196278578877475,6.044099581758642,17.43303296,10.551727677355073,compound,0.0,0.0,0.0,,
Oran,2019-06-14,True,98.99687184210525,71.1164436,96.417440913069,134.2168499749733,8.04499302631579,3.982929932248246,21.78044447368421,11.681377596491227,-0.09998953642105263,0.4180533629315048,1.3920391238757792,17.43303296,10.551727677355073,compound,0.0,0.0,0.0,,
Oran,2019-06-15,True,102.00270082291667,34.80195697916667,47.18340036196596,138.29205851299096,1.485455232291666,2.4534543233946837,18.83256125,12.81068638888889,-0.028597546979166666,0.2543916087236957,2.9309472706945203,17.43303296,10.551727677355073,compound,0.0,0.0,0.0,,
Oran,2019-06-16,True,78.1262619574468,22.302127914893617,30.236524657568253,105.92113250782803,0.3727474085106378,1.5417641611213464,18.06864319148936,11.880040851063828,-0.020554765872340425,0.22206995395667467,3.503085546616079,17.43303296,10.551727677355073,compound,0.0,0.0,0.0,,
Oran,2019-06-17,True,89.03672928260869,26.246616036956524,35.58433778192003,120.71320147818591,16.3843525,1.7891333129281928,23.437,11.080163036231884,-0.02325802956521739,0.22767049276893336,3.392312714036759,17.43303296,10.551727677355073,compound,0.0,0.0,0.0,,
Oran,2019-06-18,True,93.64089029787235,23.14122911914894,31.374151719410985,126.95537839496635,15.461450085106382,1.6334875870348617,25.686885531914893,10.130937319148936,-0.01639997225531915,0.19815729697894185,4.0464959668190765,17.43303296,10.551727677355073,compound,0.0,0.0,0.0,,
Oran,2019-06-19,True,96.27718605531915,24.302351575531915,32.948365082228015,130.52958539345863,11.189312000000001,1.7034602290848802,25.71203191489362,9.276734822695035,-0.005227099021276596,0.20154623291003568,3.961640739007862,17.43303296,10.551727677355073,compound,0.0,0.0,0.0,,
Oran,2019-06-20,True,87.30541260833333,19.9647530275,27.06758518747128,118.36593670096136,13.466051395833334,1.4359609324397498,24.77074395833333,8.607114256944444,-0.012055650041666666,0.1861165488946614,4.37297734102077,17.43303296,10.551727677355073,compound,0.0,0.0,0.0,,
Oran,2019-06-21,True,71.34832866666666,17.001076229166667,23.04952525472265,96.73182340440546,7.985508166666666,1.3361502123205613,22.249478125,8.148133840277778,-0.010117816833333333,0.19243000277377598,4.196694827134713,17.43303296,10.551727677355073,compound,0.0,0.0,0.0,,
Oran,2019-06-22,True,100.04193099565217,18.05212801521739,24.47450825933006,135.6337083566229,10.627026152173913,1.2474784934069862,21.502890652173914,7.8222482028985505,-0.013976115239130435,0.15286228762410345,5.541835893880206,17.43303296,10.551727677355073,compound,0.0,0.0,0.0,,
Oran,2019-06-23,True,99.80805000000001,22.297275294042556,30.229945626608654,135.31661984744744,14.995085510638297,1.5540129790903046,27.198866808510637,7.46079375177305,-0.015198859127659574,0.18260690301875332,4.476244235396196,17.43303296,10.551727677355073,compound,0.0,0.0,0.0,,
Oran,2019-06-24,True,88.08186555106384,17.26275405893617,23.40429983867079,119.41862721721625,14.216252787234042,1.2075154291947372,26.130466808510636,7.052256312056738,-0.008781296957446809,0.16386934731783376,5.102422548009812,17.43303296,10.551727677355073,compound,0.0,0.0,0.0,,
Oran,2019-06-25,True,91.14836159574469,18.529298372340424,25.121440844600368,123.57608625525755,19.165706617021275,1.406994505718157,26.707513617021277,6.882063843971631,-0.01639119395744681,0.16894323217446683,4.9191480305485396,17.43303296,10.551727677355073,compound,0.0,0.0,0.0,,
Oran,2019-06-26,True,105.51789601489362,17.16638953191489,23.273651839138516,143.05784976412073,15.476239704255319,1.3174167635628542,21.863632936170216,6.66832434751773,-0.01211923470212766,0.1399232954359529,6.1467727863637265,17.43303296,10.551727677355073,compound,0.0,0.0,0.0,,
Oran,2019-06-27,True,82.13497604255319,23.101624368085105,31.32045684165456,111.35602117594094,13.0224314893617,1.6783586881249588,30.324325531914894,6.469349106382979,-0.00933584270212766,0.21952081574225557,3.555376658102997,17.43303296,10.551727677355073,compound,0.0,0.0,0.0,,
Oran,2019-06-28,True,81.73543585416667,17.752758557916668,24.068632550431843,110.81433713556868,15.691448333333334,1.385817192041328,33.34506104166667,6.280235673611112,-0.020377776895833335,0.17844085585053604,4.6040977568366435,17.43303296,10.551727677355073,compound,0.0,0.0,0.0,,
Oran,2019-06-29,True,71.11724431914894,22.957082172340424,31.124491071824387,96.41852650294557,12.8120685106383,1.6217699779381216,37.59835085106383,6.05698795035461,-0.015324020638297874,0.24403132106842446,3.0978346370530363,17.43303296,10.551727677355073,compound,0.0,0.0,0.0,,
Oran,2019-06-30,True,77.20247514583333,23.122534760416666,31.348806494913898,104.66869135897093,15.694560020833334,1.653376946697129,37.18788541666667,5.824043805555555,-0.005355178479166667,0.23047627687277394,3.3388413487432964,17.43303296,10.551727677355073,compound,0.0,0.0,0.0,,
Oran,2019-07-01,False,68.56796203863637,17.5313116,23.768401719143352,92.96228964393516,10.411892954545452,1.1981370579829311,29.424046818181818,5.6126276287878785,-0.004088764113636362,0.20361741579354004,3.9111712576391806,7.2868685311899135,22.97180059590793,compound,0.0,0.0,0.0,,
Oran,2019-07-02,False,108.6983924847826,14.290424286956522,19.374508475987916,147.36986699862354,16.41462015217391,1.101744341602239,20.874772826086957,5.714137623188406,-0.016486772326086956,0.11619287559680168,7.606379649902786,7.2868685311899135,22.97180059590793,soil dry,0.0,0.0,0.0,,
Oran,2019-07-03,False,97.32395095744681,18.696389779148934,25.347978126662113,131.94875637546718,13.837430829787236,1.3068411164521998,25.937175531914896,5.626200106382979,-0.0005536956170212765,0.161147516551394,5.205494328428417,7.2868685311899135,22.97180059590793,compound,0.0,0.0,0.0,,
Oran,2019-07-04,False,92.47187882765957,12.996496697872342,17.6202420848278,125.37046935494317,11.446329425531916,0.9745630062020771,24.271797659574467,5.4500357163120565,-0.0020727658297872344,0.12322648028959289,7.115138869907779,7.2868685311899135,22.97180059590793,compound,0.0,0.0,0.0,,
Oran,2019-07-05,False,83.30456963125,16.737913420833333,22.6927373834715,112.94171943392412,14.65264879166667,1.3278493298396918,25.396408374999996,5.4839830833333325,0.006780614333333333,0.16730805663949155,4.976998478649228,7.2868685311899135,22.97180059590793,compound,0.0,0.0,0.0,,
Oran,2019-07-06,False,43.731822333333334,30.49531165822222,41.344585880448406,59.290231378288404,8.334644095555555,2.2509773960040422,32.43071777777778,5.418272925925926,0.028192722711111114,0.410837789610623,1.4340506771486707,7.2868685311899135,22.97180059590793,compound,0.0,0.0,0.0,,
Oran,2019-07-07,False,55.953542585,28.16525686,38.18557075737209,75.86005588820146,16.233520300000002,1.9041769668109576,27.02596825,5.748322808333333,0.10049287290000002,0.334827137879155,1.9866157394951585,7.2868685311899135,22.97180059590793,compound,0.0,0.0,0.0,,
Oran,2019-07-08,False,57.78967297105263,50.160624121052635,68.0061989538838,78.34942380431475,3.590027999473683,2.859879764663662,18.884375263157896,8.86871804385965,-0.09223533486842106,0.46466406737403076,1.1520923828935783,7.2868685311899135,22.97180059590793,normal,0.0,0.0,0.0,,
Oran,2019-07-09,False,85.54979135146341,57.34304251219512,77.74389625404689,115.98572053390905,4.491355341463414,3.4900061097950155,24.44065024390244,11.65387325203252,-0.038895832268292685,0.4013010377197018,1.491894876928959,7.2868685311899135,22.97180059590793,atm dry,0.0,0.0,0.0,,
Oran,2019-07-10,False,88.9215498,35.27109707555555,47.81944577191285,120.55704475272752,9.97734348888889,2.348745391927474,26.056735777777778,11.17533448888889,-0.010240660733333332,0.2840031029445581,2.5210882896417366,7.2868685311899135,22.97180059590793,atm dry,0.0,0.0,0.0,,
Oran,2019-07-11,False,72.90389502083333,34.51611839583334,46.79586938707315,98.84081141683782,15.040255383749999,2.46515037123691,31.137647291666667,10.285607,0.000570837125,0.3213192523254518,2.112169572046492,7.2868685311899135,22.97180059590793,atm dry,0.0,0.0,0.0,,
Oran,2019-07-12,False,53.864415510638295,29.57844865957447,40.10153181977685,73.02768300711209,14.00272744680851,2.0671577138583968,35.77702382978723,9.103718234042553,0.0002961259574468088,0.35447547197371143,1.8210696622590627,7.2868685311899135,22.97180059590793,atm dry,0.0,0.0,0.0,,
Oran,2019-07-13,False,71.25010575,27.780788264583332,37.6643203094445,96.59865585855228,11.711178758333334,2.0130666589315656,39.52007125,8.028515763888889,0.007661010624999999,0.2805264815694012,2.564725848360251,7.2868685311899135,22.97180059590793,atm dry,0.0,0.0,0.0,,
Oran,2019-07-14,False,95.54449452173913,23.306677095652173,31.598460890274637,129.53622522145957,8.07387713043478,1.597167852571137,27.801050869565216,7.259131920289855,0.012068548478260869,0.19609968314558665,4.099447301287013,7.2868685311899135,22.97180059590793,compound,0.0,0.0,0.0,,
Oran,2019-07-15,False,95.83669222083334,27.129115439583334,36.78080275825061,129.93237768580119,11.925507797916666,1.9532804667250192,31.350568541666664,6.806752784722222,0.029559003708333333,0.22062324442664016,3.532613970929576,7.2868685311899135,22.97180059590793,compound,0.0,0.0,0.0,,
Oran,2019-07-16,False,114.19462136382978,17.232421880851064,23.36317642416577,154.8214815108857,13.940424595744682,1.2311346673703132,22.534705744680853,6.4207226595744675,0.0033120858085106384,0.1311177780114025,6.626730830605108,7.2868685311899135,22.97180059590793,soil dry,0.0,0.0,0.0,,
Oran,2019-07-17,False,82.09820918749999,23.612994472916668,32.0137563708693,111.30617382847531,10.899155375,1.708227922329086,25.639369375,6.148431013888889,0.014268307666666667,0.223372676265898,3.4768232924317997,7.2868685311899135,22.97180059590793,compound,0.0,0.0,0.0,,
Oran,2019-07-18,False,80.85892625000001,24.46966905875,33.175208871586214,109.62599293988849,12.890941541666665,1.7422361701912397,28.658843333333333,5.9281495416666665,0.023076785125,0.2323174346626573,3.304455244403316,7.2868685311899135,22.97180059590793,compound,0.0,0.0,0.0,,
Oran,2019-07-19,False,88.82541517021276,22.77722628319149,30.88064810545753,120.42670844064554,13.68996614893617,1.5923748360992136,30.326033191489362,5.675202368794326,0.012777304106382979,0.2040921790610244,3.8997467938298405,7.2868685311899135,22.97180059590793,compound,0.0,0.0,0.0,,
Oran,2019-07-20,False,76.65254477083333,24.19880298958333,32.807977161208164,103.92311302639716,13.77498525,1.77389169651616,31.854654583333332,5.496771798611111,0.021189430375,0.23994526128763513,3.1676172083317238,7.2868685311899135,22.97180059590793,compound,0.0,0.0,0.0,,
Oran,2019-07-21,False,89.96077077777778,25.77638264,34.94681010939723,121.96598791900966,16.89699111111111,1.7403211709094917,31.375368444444444,5.395317688888889,0.0177875552,0.2227148489383931,3.4900463743960684,7.2868685311899135,22.97180059590793,compound,0.0,0.0,0.0,,
Oran,2019-07-22,False,88.36650760416667,24.9381203625,33.81032043810395,119.80453597399803,12.040239979166666,1.785139968335626,31.915596041666664,5.289818902777777,0.015034150416666668,0.2200979854930251,3.543430953081986,7.2868685311899135,22.97180059590793,compound,0.0,0.0,0.0,,
Oran,2019-07-23,False,69.72971185208333,24.813090137499998,33.64080838546124,94.53735355775821,11.600294258333333,1.810625963493134,35.432635,5.131431736111111,0.0130631184375,0.26245350904909603,2.8101986276469804,7.2868685311899135,22.97180059590793,compound,0.0,0.0,0.0,,
Oran,2019-07-24,False,82.797206875,23.800242366666666,32.267621184937944,112.25385294207068,14.046545791666667,1.6968407397315697,36.509739583333335,5.075450965277778,0.018164551041666668,0.2232721564726115,3.4788388117829134,7.2868685311899135,22.97180059590793,compound,0.0,0.0,0.0,,
Oran,2019-07-25,False,79.4185294375,24.9307524875,33.800331304557524,107.6731481752975,15.064247625,1.7867047330151204,35.03518979166667,5.010145576388889,0.0172546951875,0.23891637802949836,3.1855648752407113,7.2868685311899135,22.97180059590793,compound,0.0,0.0,0.0,,
Oran,2019-07-26,False,81.58454254583334,21.908012339583333,29.70219513725181,110.6097607267393,8.528962854166666,1.6110584592382355,31.687164375,4.9308635347222225,0.022103163041666665,0.21168684417772,3.723959128799039,7.2868685311899135,22.97180059590793,compound,0.0,0.0,0.0,,
Oran,2019-07-27,False,93.17891931914893,14.402454957446809,19.526396140860527,126.32905264961344,2.6963264042553194,1.044028532768939,25.922544680851065,4.7389794539007095,0.014108067404255319,0.13387498583553653,6.469655318794845,7.2868685311899135,22.97180059590793,compound,0.0,0.0,0.0,,
Oran,2019-07-28,False,80.23198063829788,20.903353169361704,28.340109784285463,108.77599976795777,11.608932914893618,1.4775973634583492,23.62240744680851,4.885331595744681,0.038660001234042556,0.20668694493178766,3.838234946721126,7.2868685311899135,22.97180059590793,compound,0.0,0.0,0.0,,
Oran,2019-07-29,False,74.19014957446808,26.489301994255317,35.91336378158754,100.58467494749735,14.395039914893617,1.8674543977326399,28.896486595744683,4.939929652482269,0.03847314574468085,0.26310534653810486,2.800758947538805,7.2868685311899135,22.97180059590793,compound,0.0,0.0,0.0,,
Oran,2019-07-30,False,75.52196914583332,22.0607992425,29.909338822151412,102.3903140982855,11.90748625,1.691868336709409,30.903219791666668,4.897278861111111,0.03865145252083333,0.22607269302617483,3.423355986139464,7.2868685311899135,22.97180059590793,compound,0.0,0.0,0.0,,
Oran,2019-07-31,False,93.82555429787233,17.753561881914894,24.069721671881286,127.20574004703256,7.991337914893616,1.2944167654967393,20.426268085106383,4.850437758865248,0.02532033165957447,0.1591118704803918,5.284886206043536,7.2868685311899135,22.97180059590793,soil dry,0.0,0.0,0.0,,
Oran,2019-08-01,False,71.47929489166667,22.273103347916663,30.197174061139844,96.90938329943576,12.462974,1.685174357766178,27.245086041666667,4.983862694444444,0.030481851104166666,0.237573691619045,3.209220276812146,7.2868685311899135,22.97180059590793,compound,0.0,0.0,0.0,,
Oran,2019-08-02,False,73.60387569565218,23.77239257826087,32.22986331640391,99.78982323377063,11.574825434782609,1.770836630342175,27.822657391304347,4.962265217391304,0.030334835260869563,0.24412922162297998,3.0961913258558873,7.2868685311899135,22.97180059590793,compound,0.0,0.0,0.0,,
Oran,2019-08-03,False,75.90437395744681,19.668008759574466,26.665268627887276,102.90876653294318,10.674537510638297,1.5337234820124748,26.031292127659576,4.972174255319149,0.01674105344680851,0.2057917590880742,3.8592810734079137,7.2868685311899135,22.97180059590793,compound,0.0,0.0,0.0,,
Oran,2019-08-04,False,66.03121530212766,26.454497593617024,35.866177068189266,89.5230480818227,11.813621638297873,1.8966675535845279,32.29522574468085,4.928926156028369,0.037833832255319146,0.28603874874639373,2.4960298364562314,7.2868685311899135,22.97180059590793,compound,0.0,0.0,0.0,,
Oran,2019-08-05,False,58.3438179375,22.641687822916666,30.69688931742674,79.10071614761908,11.654631250000001,1.715605670986344,30.760353124999998,4.875714270833334,0.026007004458333333,0.2795770380183667,2.5768316564477853,7.2868685311899135,22.97180059590793,compound,0.0,0.0,0.0,,
Oran,2019-08-06,False,60.18937836585366,28.469277556097563,38.59775246976492,81.60286901894584,15.05551975609756,1.863870080213831,34.584209756097565,4.825937325203252,0.03463831626829268,0.32111108904199814,2.11418706524087,7.2868685311899135,22.97180059590793,compound,0.0,0.0,0.0,,
Oran,2019-08-07,False,51.550893255319146,22.844812419574467,30.972279266710494,69.89108218652066,6.733970914893616,1.607477963963361,36.32841468085107,4.5949112127659575,0.033369615085106386,0.30707165436947964,2.25656890100564,7.2868685311899135,22.97180059590793,compound,0.0,0.0,0.0,,
Oran,2019-08-08,False,72.80441123404255,25.59749545957447,34.70428048789652,98.70593442286638,13.66562645319149,1.7951277526023046,33.35548425531915,4.73988885106383,0.04355261225531915,0.26013210840796525,2.8442005722403927,7.2868685311899135,22.97180059590793,compound,0.0,0.0,0.0,,
Oran,2019-08-09,False,75.20896480851064,26.22402309787234,35.553706984611686,101.96595264723923,12.265497638297871,1.850155075489115,38.04510510638298,4.711803524822695,0.03836774814893617,0.2585354492571555,2.867941525517213,7.2868685311899135,22.97180059590793,compound,0.0,0.0,0.0,,
Oran,2019-08-10,False,78.15000847708333,17.572027954166668,23.823603673478146,105.95332729342253,11.153218770833334,1.3861229851561432,28.819663125,4.696982173611111,0.04641709639583333,0.1835734864122677,4.44740975150523,7.2868685311899135,22.97180059590793,compound,0.0,0.0,0.0,,
Oran,2019-08-11,False,70.84892508510637,25.723924535319146,34.875689058449765,96.05474771164874,7.0852419148936185,1.8600196365635102,31.32714085106383,4.688540035460993,0.03690500561702128,0.2663680800186147,2.7542035814881305,7.2868685311899135,22.97180059590793,compound,0.0,0.0,0.0,,
Oran,2019-08-12,False,74.47758916666666,19.465270604166665,26.390402603514588,100.97437651993204,6.089912041666666,1.4595233467341202,28.0741,4.546687791666667,0.043329139895833334,0.20720330051321362,3.826177949497618,7.2868685311899135,22.97180059590793,compound,0.0,0.0,0.0,,
Oran,2019-08-13,False,86.85829961875,14.61882095,19.819738358870357,117.75975495068867,8.591113572916667,1.130791729542031,20.799967708333334,4.629260972222222,0.027349425624999996,0.14406026568418304,5.941539329048968,7.2868685311899135,22.97180059590793,soil dry,0.0,0.0,0.0,,
Oran,2019-08-14,False,73.29735554255319,24.859257519148933,33.70340067167404,99.37425283606748,10.618627106382979,1.811971922768536,25.72702234042553,4.7500776879432625,0.030373881063829787,0.2532611583034368,2.9484933524701082,7.2868685311899135,22.97180059590793,compound,0.0,0.0,0.0,,
Oran,2019-08-15,False,63.62300835416667,23.779073851666666,32.23892157707075,86.2580767283976,9.8457966875,1.7722892418703422,28.00647520833333,4.745861180555555,0.03529788270833333,0.2720653015527314,2.675588155831702,7.2868685311899135,22.97180059590793,compound,0.0,0.0,0.0,,
Oran,2019-08-16,False,75.0373551875,18.860595658333335,25.57060330098734,101.73328971225094,10.571097666666667,1.3754474818494502,27.96076041666667,4.734701791666667,0.0264937005625,0.20086269709228974,3.9785252039134633,7.2868685311899135,22.97180059590793,compound,0.0,0.0,0.0,,
Oran,2019-08-17,False,50.95831302083334,22.282504496041668,30.209919842536834,69.08768051381962,9.1722515625,1.6348475323046516,32.55990229166667,4.695284361111111,0.03010033670833333,0.3042361520733665,2.286920351789258,7.2868685311899135,22.97180059590793,compound,0.0,0.0,0.0,,
Oran,2019-08-18,False,45.77227772916667,25.26688797916667,34.256053248259384,62.05661672610006,10.7739966875,1.8026216616772106,37.397220624999996,4.705770513888889,0.031575177895833334,0.3556754605326496,1.8115518526423728,7.2868685311899135,22.97180059590793,compound,0.0,0.0,0.0,,
Oran,2019-08-19,False,64.68149527083334,20.918138602083335,28.360155409652084,87.69314004960346,9.265952291666666,1.5546530299724128,32.897257083333336,4.617139527777778,0.03576033922916667,0.24437182328535326,3.0921248061905193,7.2868685311899135,22.97180059590793,compound,0.0,0.0,0.0,,
Oran,2019-08-20,False,57.81101972916667,13.326151766666667,18.06717807470864,78.37836506859847,-0.8319384791666661,1.0634757511583086,19.668526875,4.5217508055555555,0.014264738270833334,0.18733035748331955,4.33816309024576,7.2868685311899135,22.97180059590793,soil dry,0.0,0.0,0.0,,
Oran,2019-08-21,False,10.53013287804878,20.82042817560976,28.22768268190861,14.276423470872684,-15.614799497560975,1.3466818835524863,15.136651365853659,5.008169894308943,0.00175503624390244,0.6641166051214914,0.5057596697451392,7.2868685311899135,22.97180059590793,soil dry,0.0,0.0,0.0,,
Oran,2019-08-22,False,80.99664940425532,20.023143519148938,27.14674918237114,109.81271366741056,6.924298514893617,1.5270466806140917,21.87135574468085,5.292426446808511,0.03268193142553191,0.19821010259178606,4.045151518131754,7.2868685311899135,22.97180059590793,soil dry,0.0,0.0,0.0,,
Oran,2019-08-23,False,81.033077,14.666310322916667,19.88412295932852,109.86210105775973,6.583559166666667,1.1162318507277291,24.274717083333332,5.005974305555555,0.03630042989583333,0.15325396257165586,5.525116761874507,7.2868685311899135,22.97180059590793,compound,0.0,0.0,0.0,,
Oran,2019-08-24,False,72.79878789583334,15.893812070833334,21.548331281051233,98.69831047751596,8.5980373,1.3071878451020544,25.168358541666667,4.8562788263888885,0.0408566426875,0.17920110670796327,4.58032267975699,7.2868685311899135,22.97180059590793,compound,0.0,0.0,0.0,,
Oran,2019-08-25,False,86.06439357583334,11.600835464583334,15.728048413668127,116.68340206929336,7.240936270833333,1.0497992082266707,23.36196375,4.7961725,0.03419701697916667,0.11878163373561101,7.418809950247364,7.2868685311899135,22.97180059590793,compound,0.0,0.0,0.0,,
Oran,2019-08-26,False,42.71262304444444,4.891048726666667,6.63113026656362,57.90843298904659,-2.7573922222222222,0.576349944797314,18.866869333333334,4.820382925925926,0.040573829844444444,0.10274519894565909,8.732814868837716,7.2868685311899135,22.97180059590793,soil dry,0.0,0.0,0.0,,
Oran,2019-09-06,False,132.19695142857142,35.91500538095238,48.69243643126343,179.22847527280086,18.978892619047617,1.1356664361934843,21.670589047619046,11.158516936507937,0.0367946065,0.21363742390819485,3.6808278330004773,7.2868685311899135,22.97180059590793,normal,0.0,0.0,0.0,,
Oran,2019-09-07,False,55.81506069565217,50.57463304782608,68.56749925538907,75.67230649146808,-8.190026304347825,3.426242966065994,16.01001739130435,14.578475217391304,-0.07087123278260869,0.4753715446325959,1.1036177097492819,7.2868685311899135,22.97180059590793,normal,0.0,0.0,0.0,,
Oran,2019-09-08,False,42.510293499999996,30.8794381875,41.86537256584703,57.63412094658613,-8.118409416666667,2.2315381499849147,15.774221625000001,13.852452569444445,-0.004098035291666667,0.42075965502895407,1.3766537215436832,7.2868685311899135,22.97180059590793,normal,0.0,0.0,0.0,,
Oran,2019-09-09,False,53.98713836956522,32.923676389130435,44.636886522964275,73.19406680529276,1.4939682391304356,2.2953036644554623,22.100682695652175,13.127549492753625,0.019474721826086956,0.3788213984708541,1.6397664018890905,7.2868685311899135,22.97180059590793,normal,0.0,0.0,0.0,,
Oran,2019-09-10,False,66.71167430434782,27.40423196521739,37.15379710402707,90.44559302809905,-11.171089326086955,1.8528441853116493,19.407618043478262,12.430595507246379,0.0243346085,0.29117535017647966,2.434356649331428,7.2868685311899135,22.97180059590793,normal,0.0,0.0,0.0,,
Oran,2019-09-11,False,26.68749670638298,14.310521825531913,19.40175608765126,36.18206994824196,-15.290634789361702,1.0223392587486162,13.093958936170212,11.955362269503546,0.00851210474468085,0.34905398694797635,1.8648863424930362,7.2868685311899135,22.97180059590793,normal,0.0,0.0,0.0,,
Oran,2019-09-12,False,-2.966542366666667,82.44402112380952,111.77501479194773,-4.0219449803055,-1.581512904761905,2.536756030045399,10.976568095238095,23.13077587301587,-0.4891762780952381,1.0373255721376298,-0.035982504567695583,7.2868685311899135,22.97180059590793,normal,0.0,0.0,0.0,,
Oran,2019-09-13,False,1.4443229583333344,29.516927634166667,40.01812354551709,1.9581677098163166,-4.647471125,1.1227660976852225,7.2482633750000005,26.943059305555554,-0.0031534333333333446,0.9533506260020645,0.04893202220211733,7.2868685311899135,22.97180059590793,normal,0.0,0.0,0.0,,
Oran,2019-09-14,False,12.333753826829268,29.570376756097563,40.09058818653054,16.721716112849176,-0.9113193658536586,1.8218027226469315,11.312176585365854,25.56151869918699,-0.08182655268292682,0.705667349369743,0.4170982983598945,7.2868685311899135,22.97180059590793,normal,0.0,0.0,0.0,,
Oran,2019-09-15,False,42.030732395744685,29.447039574468086,39.923371508921754,56.98394706143218,10.412107808510639,2.0844833973079435,11.794484680851063,23.557379432624113,-0.060880454276595754,0.4119747826882415,1.4273330359560907,7.2868685311899135,22.97180059590793,normal,0.0,0.0,0.0,,
Oran,2019-09-16,False,41.63285366875,31.645093487500002,42.90342397717391,56.44451557823894,6.479745666666666,2.2518433901812047,15.164802291666668,22.189755555555553,-0.076370333,0.43185016387022157,1.3156179704507818,7.2868685311899135,22.97180059590793,normal,0.0,0.0,0.0,,
Oran,2019-09-17,False,47.97486179545455,46.35245115909091,62.84319764279613,65.04281103387304,6.3482497727272715,3.0848817903131427,15.362188168181818,22.05857143939394,-0.08028720740909091,0.4914001014894517,1.0350016147106267,7.2868685311899135,22.97180059590793,normal,0.0,0.0,0.0,,
Oran,2019-09-18,False,52.83929479361702,50.12197376595745,67.95379801621009,71.63785653156317,1.064189276595744,3.537002591267268,16.071483468085106,23.193507021276595,-0.039495113978723406,0.48680415914802316,1.054214166432232,7.2868685311899135,22.97180059590793,normal,0.0,0.0,0.0,,
Oran,2019-09-19,False,39.17753506382979,50.61522105319149,68.62252719844973,53.11567171978911,1.8661241702127669,3.5753429988621264,15.887954531914895,21.70485411347518,-0.08084032853191489,0.5636893580505296,0.7740267502271333,7.2868685311899135,22.97180059590793,normal,0.0,0.0,0.0,,
Oran,2019-09-20,False,33.25782279166666,35.18483945416667,47.70250039764269,45.08991172208786,-3.1004056041666668,2.498880199652853,12.969941083333334,20.98323861111111,-0.044454684770833336,0.5140775986736059,0.9452316198568926,7.2868685311899135,22.97180059590793,normal,0.0,0.0,0.0,,
Oran,2019-09-21,False,30.082486985416665,29.541691916666664,40.05169818204037,40.78489115328285,-1.2760697499999998,2.1191134600044457,13.048236583333335,20.67443986111111,-0.022920050437500002,0.4954649684179457,1.0183061643955775,7.2868685311899135,22.97180059590793,normal,0.0,0.0,0.0,,
Oran,2019-09-22,False,40.297362479545455,44.871506923681814,60.835379955564285,54.63389856328667,-6.019174318181817,2.922316864115247,14.010389931818183,20.363960075757575,-0.004298274431818182,0.5268533824400106,0.8980612696623685,7.2868685311899135,22.97180059590793,normal,0.0,0.0,0.0,,
Oran,2019-09-23,False,51.98296763333334,38.457124423541664,52.138961597249654,70.47687505949601,-6.525930129166667,2.716920410593092,14.9863931875,19.935640555555555,0.012765866416666665,0.42522208402173184,1.3517122877110328,7.2868685311899135,22.97180059590793,normal,0.0,0.0,0.0,,
Oran,2019-09-24,False,47.64592751666667,50.94580298539583,69.07071980063493,64.59685226844748,-2.744023624999999,3.614623511105477,19.259695729166666,19.301863958333332,0.008844525875,0.516735051976089,0.9352277268124498,7.2868685311899135,22.97180059590793,normal,0.0,0.0,0.0,,
Oran,2019-09-25,False,41.305397604166664,42.99462389166666,58.290760881839084,56.00056092921049,-0.9820083875000002,3.038752433300962,16.993255,18.57336951388889,-0.0050952244375,0.5100191331954969,0.9607107555643157,7.2868685311899135,22.97180059590793,normal,0.0,0.0,0.0,,
Oran,2019-09-26,False,45.83476889916667,40.879335597291664,55.42291944021491,62.14134029193179,1.7363665624999998,2.909388087714608,16.822318270833332,17.92872388888889,0.013671423729166667,0.4714266016431191,1.1212209843792889,7.2868685311899135,22.97180059590793,normal,0.0,0.0,0.0,,
Oran,2019-09-27,False,42.72576063541667,44.497818824999996,60.328745366562266,57.92624452231771,-1.5262075624999996,3.1985867507539596,20.102921770833333,17.319709097222223,0.023692607833333334,0.5101581372866468,0.9601765156950178,7.2868685311899135,22.97180059590793,normal,0.0,0.0,0.0,,
Oran,2019-09-28,False,46.20585243125,46.089432476458335,62.486605172644,62.64444369133262,0.3294051666666662,3.28658820262595,19.342701875,16.678813125,0.028749641770833334,0.4993693071379103,1.0025259576552852,7.2868685311899135,22.97180059590793,normal,0.0,0.0,0.0,,
Oran,2019-09-29,False,50.409311835897434,53.13030701538461,72.03240176297372,68.34336194795476,4.78480341025641,3.1165431911682386,24.561531076923078,15.974583418803418,0.02377211464102564,0.5131398744252451,0.9487863832840403,7.2868685311899135,22.97180059590793,atm dry,0.0,0.0,0.0,,
Oran,2019-09-30,False,36.017716058333335,39.35455345208333,53.35566769155003,48.831688342160724,0.8606134583333335,2.794348730643736,22.269547166666666,15.4981825,0.0211979525625,0.5221357099595418,0.9152108942663316,7.2868685311899135,22.97180059590793,normal,0.0,0.0,0.0,,
Oran,2019-10-01,False,34.03707797255319,35.87913160893617,48.6437998977332,46.14640142483404,-5.350881829787234,2.596938923877112,21.597990531914892,15.03653794326241,0.021095601957446808,0.5131732944864239,0.948659469898536,7.2868685311899135,22.97180059590793,normal,0.0,0.0,0.0,,
Oran,2019-10-02,False,38.382945625,28.781557333333335,39.0211315849992,52.03839231167597,-6.788010750000001,2.0295194135432397,18.337618958333334,14.625092777777779,0.013879404041666666,0.42852334292101396,1.3335951623627686,7.2868685311899135,22.97180059590793,normal,0.0,0.0,0.0,,
Oran,2019-10-03,False,56.72110816666666,26.904481467291664,36.47625107295655,76.90069719942208,-6.070841208333333,1.9009745925034365,18.15697558333333,14.260720833333332,0.0217947758125,0.3217254620871027,2.1082401545491107,7.2868685311899135,22.97180059590793,normal,0.0,0.0,0.0,,
Oran,2019-10-04,False,48.71453864166667,28.406267507708332,38.51232542490778,66.045641673374,-0.34896158749999984,2.0161514494305206,19.235578,13.962901944444445,0.0244362699375,0.3683346806915937,1.7149221955488334,7.2868685311899135,22.97180059590793,normal,0.0,0.0,0.0,,
Oran,2019-10-05,False,47.06166058125,24.98541364770833,33.87443918900503,63.804721505555996,0.035823154166666406,1.773455875095432,19.797900645833334,13.679292916666666,0.01918082910416667,0.34679289776996647,1.883565397187911,7.2868685311899135,22.97180059590793,normal,0.0,0.0,0.0,,
Oran,2019-10-06,False,49.32339383833334,22.94825755591667,31.112526934002705,66.87110842870574,-1.6328687124999999,1.6260422594331223,19.0731619375,13.427838541666667,0.015085955729166668,0.3175277873578858,2.1493306721937357,7.2868685311899135,22.97180059590793,normal,0.0,0.0,0.0,,
Oran,2019-10-07,False,33.6312566875,23.017014937499997,31.205746032716863,45.59620167085081,1.9455586041666664,1.628043627064035,23.356077083333332,13.201641319444443,0.0011150760416666664,0.40631451370428284,1.4611476239999723,7.2868685311899135,22.97180059590793,atm dry,0.0,0.0,0.0,,
Oran,2019-10-08,False,55.82472563636364,24.085173961363637,32.65392249312037,75.68540991456973,1.4823674090909094,1.6132589627773195,15.255163750000001,12.94827,0.0032737628181818174,0.3014041324367856,2.3178045434056314,7.2868685311899135,22.97180059590793,normal,0.0,0.0,0.0,,
Oran,2019-10-09,False,34.61040441666667,23.204219518749998,31.459552125058185,46.92369941318861,5.12355575,1.7109426253263615,17.994874729166668,12.87266090277778,-0.008086231479166666,0.4013555384303957,1.491556498536828,7.2868685311899135,22.97180059590793,normal,0.0,0.0,0.0,,
Oran,2019-10-10,False,46.93752142083333,18.95288,25.695719513348767,63.63641753029265,0.2641477083333333,1.4082083606547284,13.39819325,12.711583611111111,0.009284919291666667,0.28764250317660756,2.47653767769507,7.2868685311899135,22.97180059590793,normal,0.0,0.0,0.0,,
Oran,2019-10-11,False,45.83929441666667,25.713007958333336,34.86088870619336,62.14747584644027,1.9330018958333337,1.8239728113403364,15.576373125000002,12.673252597222223,0.0151203049375,0.3593596167398427,1.7827278119676622,7.2868685311899135,22.97180059590793,normal,0.0,0.0,0.0,,
Oran,2019-10-12,False,24.068221902127657,14.450902117021275,19.59207927839129,32.6309394235657,-2.165153085106383,1.123092263169948,13.79849885106383,12.609763319148936,-0.010963640425531915,0.37516175367428733,1.665516914253985,7.2868685311899135,22.97180059590793,normal,0.0,0.0,0.0,,
Oran,2019-10-13,False,38.43203270212766,22.185747392553193,30.078739600158688,52.10494302932956,4.078447042553191,1.742311983826079,17.664745234042552,12.587872624113475,-0.012393848510638296,0.3659940591341445,1.732284787260656,7.2868685311899135,22.97180059590793,normal,0.0,0.0,0.0,,
Oran,2019-10-14,False,1.8710113454545452,22.428658759999998,30.40807120382616,2.5366584254790463,-9.336991672272728,1.5721863326256487,13.881532,12.547399121212122,-0.009863813477272726,0.9230026030256864,0.08342056319441483,7.2868685311899135,22.97180059590793,normal,0.0,0.0,0.0,,
Oran,2019-10-15,False,63.41908951111111,21.991296630444445,29.815109363366005,85.98160996479004,-14.038373937777777,1.4469528101250282,11.6260326,12.668986814814815,0.005985881422222223,0.2574780143716597,2.883826750957222,7.2868685311899135,22.97180059590793,normal,0.0,0.0,0.0,,
Oran,2019-10-16,False,61.56721008446809,13.803784149787234,18.714737060317074,83.47088999402253,-8.00297129787234,0.9670603591063142,13.141436276595746,12.641146808510639,0.012037583765957446,0.18314451454474193,4.460168995428479,7.2868685311899135,22.97180059590793,normal,0.0,0.0,0.0,,
Oran,2019-10-17,False,51.657875070833335,14.236032070833334,19.300765217485203,70.03612477236943,-5.2413394166666665,1.0145524451741954,14.816776958333334,12.536213166666668,0.005998992604166666,0.21604474052854375,3.628670883417689,7.2868685311899135,22.97180059590793,normal,0.0,0.0,0.0,,
Oran,2019-10-18,False,39.25425331458333,12.25544804,16.615551586157878,53.21968391492346,-0.28026545833333333,0.8811778989352349,15.0671286875,12.431620951388888,-0.004223860375000001,0.23792504552949634,3.2030043443914216,7.2868685311899135,22.97180059590793,normal,0.0,0.0,0.0,,
Oran,2019-10-19,False,32.549205352083334,13.316258916666667,18.05376565935078,44.129190450713764,-0.826478625,0.9908040382504849,13.959968166666668,12.363184756944444,0.0064382668958333335,0.2903330235281097,2.4443205524747387,7.2868685311899135,22.97180059590793,normal,0.0,0.0,0.0,,
Oran,2019-10-20,False,12.470113888372094,22.61476390232558,30.66038671140021,16.906588802077803,-12.765687625581396,1.4506978958111358,10.276953441860465,12.81177184496124,0.0036137761395348836,0.6445729706466758,0.5514147281055513,7.2868685311899135,22.97180059590793,normal,0.0,0.0,0.0,,
Oran,2019-10-21,False,41.56214048333333,13.524600283749999,18.336228342151546,56.34864486210703,-9.775915,0.9937785131287792,9.197984833333333,13.024089250000001,0.0061856816041666665,0.24551462103983332,3.073077178722304,7.2868685311899135,22.97180059590793,normal,0.0,0.0,0.0,,
Oran,2019-10-22,False,-4.705909072727272,3.6921786163636368,5.005739819977975,-6.380123737823655,-20.89914909090909,0.06559507313584893,6.766890636363636,13.107914848484848,-0.06149736690909091,-3.6421699606499858,-1.2745615967415038,7.2868685311899135,22.97180059590793,normal,0.0,0.0,0.0,,
Oran,2019-10-23,False,13.639173962962964,36.11252635555556,48.96022916574002,18.491563738390465,-8.093467555555556,1.424971935568842,8.003820592592593,26.751351728395065,-0.02413562688888889,0.7258551190081396,0.37768540003750556,7.2868685311899135,22.97180059590793,normal,0.0,0.0,0.0,,
Oran,2019-10-24,False,18.57585959347826,22.890531221739128,31.034263382945568,25.184567086024195,-8.104049020652173,1.553881212850447,9.035588869565217,25.32704492753623,-0.0186395052826087,0.5520261293958271,0.81150845358437,7.2868685311899135,22.97180059590793,normal,0.0,0.0,0.0,,
Oran,2019-10-25,False,48.72884389347826,16.653364814304346,22.578109037878992,66.06503628454226,-1.3932160434782614,1.183751059596698,10.534793434782609,23.418566304347827,-0.009861602,0.25470789597724397,2.9260659594523983,7.2868685311899135,22.97180059590793,normal,0.0,0.0,0.0,,
Oran,2019-10-26,False,32.845552877083335,17.248707836041667,23.38525641077386,44.53096911869853,-0.0686532437500007,1.3014574167658544,12.100997729166666,22.86439611111111,-0.014163213354166667,0.3443250302628461,1.9042326642261058,7.2868685311899135,22.97180059590793,normal,0.0,0.0,0.0,,
Oran,2019-10-27,False,33.29784600322581,21.99126841935484,29.815071115656654,45.144173935442616,2.913899516129032,1.1244714490491794,11.445094193548387,22.112296344086023,-0.03348136929032258,0.39775041884869433,1.5141394015235556,7.2868685311899135,22.97180059590793,normal,0.0,0.0,0.0,,
Oran,2019-10-28,False,21.497530428333334,14.305912675,19.395507146104496,29.14567665263188,-2.803596254166667,1.0953304604851595,11.457393708333333,21.775637708333335,-0.023208931833333335,0.39956807041466097,1.5027024781089915,7.2868685311899135,22.97180059590793,normal,0.0,0.0,0.0,,
Oran,2019-10-29,False,38.72466470625,17.7039443975,24.002451844684416,52.50168431078952,-4.613432104166667,1.3048328087531131,11.255035083333333,21.25310736111111,-0.028202287916666666,0.31374057731866856,2.1873467198483953,7.2868685311899135,22.97180059590793,normal,0.0,0.0,0.0,,
Oran,2019-10-30,False,35.0946815375,19.916330666875,27.001935671577428,47.580267125518624,-0.002942929166666682,1.5097024194024384,11.849089270833334,21.008487291666665,-0.023481479354166668,0.36204261417482275,1.762105787682555,7.2868685311899135,22.97180059590793,normal,0.0,0.0,0.0,,
Oran,2019-10-31,False,13.066439708333334,18.043576564583333,24.462914471107638,17.715068621941153,0.9832104729166667,1.2709896444318767,12.838114437500002,20.718850902777778,-0.030531050333333334,0.5799925145102371,0.7241601830748274,7.2868685311899135,22.97180059590793,normal,0.0,0.0,0.0,,
Oran,2019-11-01,True,3.573995208333333,19.116771008541665,25.917917795944685,4.845510466767364,0.1391392729166665,1.3620410573212887,12.592186479166665,20.31885145833333,-0.0166275361875,0.8424912065915441,0.18695600877033144,17.43303296,10.551727677355073,atm dry,0.0,0.0,0.0,,
Oran,2019-11-02,True,12.261196958333334,27.4755775875,37.25052525820096,16.623345789096877,-4.23183911875,1.9333169492345232,12.684982499999998,19.913270208333333,0.004756469375,0.6914395519397031,0.44625802384993574,17.43303296,10.551727677355073,atm dry,0.0,0.0,0.0,,
Oran,2019-11-03,True,22.753554708333336,36.0397245625,48.86152678096132,30.84855492764,-10.995103375,2.531588196669276,12.636200625,19.416376041666666,0.0063541976249999995,0.612990549421163,0.6313465206670538,17.43303296,10.551727677355073,atm dry,0.0,0.0,0.0,,
Oran,2019-11-04,True,19.356288625,25.683247100000003,34.820539869066245,26.24264825859834,-4.030207595833334,1.8062347460339714,11.7550769375,18.79871236111111,0.015665900791666666,0.5702378296440577,0.7536542614582405,17.43303296,10.551727677355073,atm dry,0.0,0.0,0.0,,
Oran,2019-11-05,True,21.206614555555557,39.10789088888889,53.02125033448936,28.751262048155997,-12.584245833333334,2.0509683349102414,10.368161333333333,19.1359062037037,0.022021919444444444,0.6483994289717103,0.5422592237409729,17.43303296,10.551727677355073,normal,0.0,0.0,0.0,,
Oran,2019-11-06,True,12.965189604166666,19.7050048625,26.715426782419012,17.577796910340382,-14.616928999999999,1.403904062161761,9.547896395833334,18.923873472222223,0.010547963645833333,0.6031492981348787,0.6579642935709358,17.43303296,10.551727677355073,normal,0.0,0.0,0.0,,
Oran,2019-11-07,True,-1.2960982608695648,20.839015173913044,28.2528823505076,-1.7572093197996026,-9.645286760869565,1.4390105563120033,9.835215326086956,18.524373260869567,0.012476774434782609,1.0663206146061295,-0.06219575397651532,17.43303296,10.551727677355073,normal,0.0,0.0,0.0,,
Oran,2019-11-08,True,18.215001271428573,28.742120857142854,38.967664849031614,24.6953267052775,-17.473764619047618,1.7529294841884995,9.084048761904763,18.370589523809524,0.01709942907142857,0.6120928956941867,0.6337389422987506,17.43303296,10.551727677355073,normal,0.0,0.0,0.0,,
Oran,2019-11-09,True,24.44308070952381,24.028161142857144,32.576626304202996,33.13916122267803,-5.950072080952381,1.467710296481079,9.477559,17.86105111111111,0.030675283000000005,0.4957199408266626,1.0172680532729828,17.43303296,10.551727677355073,normal,0.0,0.0,0.0,,
Oran,2019-11-10,True,10.265102804347828,23.46109369978261,31.80781407290121,13.917104019875168,-12.770590700000001,1.5670513043555883,8.283532869565217,18.54145507246377,-0.014594300717391305,0.695634139975118,0.4375372664081277,17.43303296,10.551727677355073,normal,0.0,0.0,0.0,,
Oran,2019-11-11,True,5.382193979166668,11.063351010416667,14.999343869712169,7.297009576122529,-9.676270479166666,0.8404995647424525,7.707137854166667,18.086329791666667,0.008411180583333334,0.6727263229904654,0.4864885850678584,17.43303296,10.551727677355073,normal,0.0,0.0,0.0,,
Oran,2019-11-12,True,23.386987690791667,15.483415810416666,20.991928919141383,31.707343473114523,-9.863802541666667,1.130348092119173,8.729684416666666,17.828436458333332,0.007834976479166667,0.39833432163716403,1.5104540223648693,17.43303296,10.551727677355073,normal,0.0,0.0,0.0,,
Oran,2019-11-13,True,-3.3892207435897443,18.491230953846156,25.06983023406381,-4.594999050070776,3.7638721256410257,1.26420332847554,9.562995153846154,18.599528034188033,0.06364571838461539,1.2244218283793757,-0.18328800024450456,17.43303296,10.551727677355073,normal,0.0,0.0,0.0,,
Oran,2019-11-14,True,-28.09912625,20.594844700000003,27.921843689833814,-38.09591295308025,-17.75567025,1.2115869385975016,9.037105775,18.810477499999998,-0.027420694625000002,-2.744412581374962,-1.3643767000583402,17.43303296,10.551727677355073,normal,0.0,0.0,0.0,,
Oran,2019-11-15,True,1.6203590666666672,16.6865025375,22.623036122340377,2.196831937308645,-13.808232645833334,1.1649548445891138,7.431949479166666,19.267762013888888,0.0021262335,0.9114889760078881,0.09710597310761754,17.43303296,10.551727677355073,normal,0.0,0.0,0.0,,
Oran,2019-11-16,True,12.320752541666666,13.145009892645833,17.821591610437157,16.704089378714244,-13.326387500000001,0.924236948750675,7.596225958333334,18.736327361111112,-0.010290829166666666,0.5161836377981083,0.9372950376066046,17.43303296,10.551727677355073,normal,0.0,0.0,0.0,,
Oran,2019-11-17,True,24.296797,12.016118989555556,16.291076775384184,32.94083436315609,-3.1714280000000006,0.8667959761562106,7.988993533333333,18.48139422222222,0.006439384355555555,0.33090482166212354,2.0220170107435558,17.43303296,10.551727677355073,normal,0.0,0.0,0.0,,
Oran,2019-11-18,True,16.267288909090908,25.354555766666667,34.374910481458556,22.054679449804425,-8.592937181818181,1.2222544302179683,7.70538696969697,23.999386464646463,-0.020568078303030302,0.6091646337201939,0.6415923457226302,17.43303296,10.551727677355073,normal,0.0,0.0,0.0,,
Oran,2019-11-19,True,13.540547358749999,12.122332971791666,16.435078356987344,18.357848885639307,-11.270400945833332,0.8568168015985952,7.585017583333333,22.56900388888889,-0.007915768979166666,0.4723683708007145,1.1169918686657494,17.43303296,10.551727677355073,normal,0.0,0.0,0.0,,
Oran,2019-11-20,True,31.360439693055557,17.114235043111112,23.202942421062524,42.517499301849895,0.35200913888888896,0.9166686228441252,7.955450750000001,21.91616462962963,-0.04659267830555555,0.3530551805919036,1.832418429106411,17.43303296,10.551727677355073,normal,0.0,0.0,0.0,,
Oran,2019-11-21,True,11.606849103125,18.584594609375,25.196409746265132,15.736201515952388,8.060033690625,0.9338656795245985,6.76879328125,24.399360520833334,-0.036241974937500004,0.6155583279272108,0.6245414197665589,17.43303296,10.551727677355073,normal,0.0,0.0,0.0,,
Oran,2019-11-22,True,34.04360928571428,51.76814714285714,70.18562818466769,46.15525637411042,42.83409857142857,0.5275501592283247,7.925990714285715,26.682569523809523,-0.04089728285714286,0.6032756966808885,0.6576169162819178,17.43303296,10.551727677355073,normal,0.0,0.0,0.0,,
Oran,2019-11-23,True,3.1306794736842107,41.673991736842105,56.500289279070465,4.244476915486609,-11.068793965789473,2.309886100660598,8.128577578947368,26.177675175438598,-0.008415748027027029,0.9301260473718487,0.07512310060081233,17.43303296,10.551727677355073,normal,0.0,0.0,0.0,,
Oran,2019-11-24,True,-1.2084656666666664,11.986701095833332,16.25119291890645,-1.6383998005674434,-12.394458666666667,0.8908310358563073,7.768049520833333,24.08559576388889,-0.019331819958333333,1.1121209194778277,-0.1008172020812914,17.43303296,10.551727677355073,normal,0.0,0.0,0.0,,
Oran,2019-11-25,True,11.749056219512195,17.62539079878049,23.895951342414534,15.929001458519823,14.942518073170731,1.0540957599676948,8.949361902439025,24.555788861788617,-0.03886048497560975,0.6000245991968608,0.6665983383656445,17.43303296,10.551727677355073,normal,0.0,0.0,0.0,,
Oran,2019-11-26,True,8.931295041666667,11.725506733333333,15.89707380469964,12.10876934173747,-0.8160663333333336,0.915808746258844,8.985441937500001,24.72773791666667,-0.04541062366666667,0.5676341798237222,0.7616980011854613,17.43303296,10.551727677355073,normal,0.0,0.0,0.0,,
Oran,2019-11-27,True,8.017512474468084,20.494750034893617,27.786138486225905,10.86989163328775,-4.3836412814893615,1.4560416694294478,9.21795104255319,24.964086524822694,-0.04838377808510638,0.7188047608696216,0.3911983537646353,17.43303296,10.551727677355073,normal,0.0,0.0,0.0,,
Oran,2019-11-28,True,5.733148078541667,10.607028174791667,14.38067569939948,7.772822122796172,-5.011214333333333,0.8457121409876229,8.505345104166667,23.305346527777775,-0.02096926970833333,0.6491379291351201,0.5405046525818502,17.43303296,10.551727677355073,normal,0.0,0.0,0.0,,
Oran,2019-11-29,True,0.5708934999999999,8.826485035625,11.966671226968684,0.7739994791289759,1.3607688468749999,0.6480900597477496,9.1491035625,23.25058263888889,-0.03623186854166666,0.9392497069437215,0.06467959756299248,17.43303296,10.551727677355073,normal,0.0,0.0,0.0,,
Oran,2019-11-30,True,25.463100812500002,8.255940566666666,11.193144953165133,34.5220724458828,-3.4359240625,0.7856171376707833,9.456511333333333,23.861677777777775,-0.006533372958333333,0.244845055760322,3.084215615033275,17.43303296,10.551727677355073,normal,0.0,0.0,0.0,,
Oran,2019-12-01,True,13.231771152083335,12.495249318541667,16.940666628956077,17.939219801357527,-9.473836458333333,0.9699915730074068,8.70609325,22.02781027777778,-0.0322980018125,0.4856858310820986,1.0589441486732676,17.43303296,10.551727677355073,normal,0.0,0.0,0.0,,
Oran,2019-12-02,True,-0.4863759743999999,18.12340192,24.571139181169645,-0.6594132720839313,-2.788204356,0.7188859593031901,6.907813392,26.995118666666666,0.13743447544,1.027576983551546,-0.026836902726483258,17.43303296,10.551727677355073,normal,0.0,0.0,0.0,,
Oran,2019-12-03,True,-4.82221505925926,22.05030837037037,29.895115627170313,-6.537807741924839,-6.965807718518518,1.0655786321170502,3.8314866648148147,26.099012839506173,-0.036652182222222225,1.2799041642146907,-0.21869150209885532,17.43303296,10.551727677355073,normal,0.0,0.0,0.0,,
Oran,2019-12-04,True,0.9913074,22.93666615384615,31.096811675088475,1.3439834421949082,-1.1355916153846153,0.6051447111900475,3.2823167423076924,26.604759487179486,-0.3183644461538461,0.9585711929274237,0.043219332458818205,17.43303296,10.551727677355073,normal,0.0,0.0,0.0,,
Oran,2019-12-05,True,-1.823462172,14.1874231,19.234862701331146,-2.472192749329586,-1.33207096,0.5905345107295117,5.41992772,27.3476224,0.0016830308333333325,1.1474820393414948,-0.12852666471897917,17.43303296,10.551727677355073,normal,0.0,0.0,0.0,,
Oran,2019-12-06,True,9.29076893125,9.125614317291666,12.37222131328465,12.596132752422593,-5.691983222916668,0.7294851471509445,7.072418,26.57609243055556,-0.029602094125000002,0.49551609532312996,1.0180979173802458,17.43303296,10.551727677355073,normal,0.0,0.0,0.0,,
Oran,2019-12-07,True,20.565578741860467,8.686160253953489,11.776423294696487,27.882165822847746,-9.998124039534884,0.7073340687323064,7.553825534883721,25.37200930232558,0.023771869418604652,0.29694508949353454,2.367625986695339,17.43303296,10.551727677355073,normal,0.0,0.0,0.0,,
Oran,2019-12-08,True,28.281699194594594,10.771144266486486,14.603179142665997,38.34343961789472,2.8797674772972974,0.6474867198732089,6.4682078918918915,24.416828468468466,0.08601108667567567,0.2758094753643405,2.6256912445774896,17.43303296,10.551727677355073,normal,0.0,0.0,0.0,,
Oran,2019-12-09,True,16.429290069767443,17.488036395348836,23.709730555679062,22.27431553601302,-3.097461486046511,1.1900151110996904,7.854900046511627,24.925848294573644,-0.0031144592142857133,0.5156077503141397,0.9394588219256577,17.43303296,10.551727677355073,normal,0.0,0.0,0.0,,
Oran,2019-12-10,True,12.40212845,11.76561178125,15.951446969217963,16.814416279727563,-15.631540014583335,0.8469947540968064,8.333494270833333,23.782792430555556,-0.018713935541666667,0.48683127461112485,1.0540997510868386,17.43303296,10.551727677355073,normal,0.0,0.0,0.0,,
Oran,2019-12-11,True,5.323941930625,13.29979424175,18.031443370150555,7.218033278039882,-12.084979485416667,0.9827528956716884,7.382566291666667,23.20262152777778,-0.019036274166666665,0.7141313707760679,0.4003025786603801,17.43303296,10.551727677355073,normal,0.0,0.0,0.0,,
Oran,2019-12-12,True,-2.7407270416666667,13.153427441666667,17.833003859057374,-3.7157916541083367,-5.893444458333334,1.0449748126699507,7.142914541666666,23.12619805555556,-0.0244893121875,1.2632100162669297,-0.20836599843054976,17.43303296,10.551727677355073,normal,0.0,0.0,0.0,,
Oran,2019-12-13,True,-18.600352895833332,17.991022824999998,24.391663761362683,-25.217774336176763,5.091715439583333,1.2600103507207958,9.113509,23.22834326388889,-0.03307277229166667,-29.52590670668042,-1.0338685619356016,17.43303296,10.551727677355073,normal,0.0,0.0,0.0,,
Oran,2019-12-14,True,-13.625505161666666,10.376752828125,14.068475615887854,-18.473032006843948,-2.908107047916667,0.7364927896737287,8.820769395833333,22.90699381944444,-0.025860208958333335,-3.1940732203530766,-1.3130798610463472,17.43303296,10.551727677355073,normal,0.0,0.0,0.0,,
Oran,2019-12-15,True,23.180385988125,9.537802589166667,12.931053228053907,31.427239372697972,-5.7895381666666665,0.6894407450020323,8.6375871875,23.239914027777775,-0.01637689608333333,0.2915137727333248,2.4303696550035543,17.43303296,10.551727677355073,normal,0.0,0.0,0.0,,
Oran,2019-12-16,True,-18.111194837209304,8.951480886046513,12.136136675637365,-24.55458920166964,-4.299265511627907,0.6119878449386148,8.180444511627908,22.65575387596899,-0.03836392427906977,-0.9772664227041894,-2.023262415210076,17.43303296,10.551727677355073,normal,0.0,0.0,0.0,,
Oran,2019-12-17,True,4.618493056521739,9.459672073913044,12.82512632906069,6.261607848238972,-0.5502662608695653,0.7641538918660572,10.418467086956522,22.97841355072464,-0.07515752723913044,0.6719392752016183,0.48822972090736283,17.43303296,10.551727677355073,normal,0.0,0.0,0.0,,
Oran,2019-12-18,True,19.024102385625,8.96814255625,12.158726044861078,25.792280587132364,-13.663031645833334,0.7118809274701822,7.922801479166666,22.469755694444444,-0.014543323166666665,0.3203795399358665,2.1212979461802703,17.43303296,10.551727677355073,normal,0.0,0.0,0.0,,
Oran,2019-12-19,True,-13.126232591666666,6.374534928541666,8.642394272102782,-17.79613393544642,-3.282577208333333,0.4815732799987646,7.8938593541666675,22.21862111111111,-0.02219132775,-0.9441380889071437,-2.0591670982763945,17.43303296,10.551727677355073,normal,0.0,0.0,0.0,,
Oran,2019-12-20,True,-38.71604030681818,15.235485295454545,20.65579251289248,-52.48999162087796,13.69814709090909,1.057745739497383,11.473309818181818,24.12914545454545,0.0033628148409090898,-0.6488554162404248,-2.5411753912669246,17.43303296,10.551727677355073,atm dry,0.0,0.0,0.0,,
Oran,2019-12-21,True,-11.65557867096774,47.46570225806452,64.35250852257552,-15.802267533744606,5.924585566774193,2.1987257009840913,12.13787893548387,27.397959247311828,-0.03383591419354839,1.3254827826164644,-0.2455579105855836,17.43303296,10.551727677355073,atm dry,0.0,0.0,0.0,,
Oran,2019-12-22,True,-20.087275765957447,29.667296063829784,40.22198834032855,-27.23369766860396,-10.094699468085107,2.0323425429553037,10.401579659574468,24.89923333333333,-0.02063121008510638,3.0967884348239534,-0.6770848183379863,17.43303296,10.551727677355073,normal,0.0,0.0,0.0,,
Oran,2019-12-23,True,4.543636411875,11.132541954791668,15.093150779243793,6.160119560202904,-8.760712725,0.8085332129194003,9.717390729166667,23.90771159722222,-0.008750052833333332,0.7101566271064863,0.4081400663322296,17.43303296,10.551727677355073,normal,0.0,0.0,0.0,,
Oran,2019-12-24,True,22.114924686363636,8.09959077590909,10.981170816818706,29.982720399202254,-7.889959090909091,0.5618977279472464,8.873615022727272,23.158442121212122,0.004466551886363636,0.2680695239353622,2.730375558249296,17.43303296,10.551727677355073,normal,0.0,0.0,0.0,,
Oran,2020-03-09,True,-40.314228,8.577380000000002,11.628942442489345,-54.656764306279115,-26.299742000000002,0.12500228441696315,12.824620999999999,17.434631333333332,-0.038340657300000004,-0.270265654610691,-4.700063189458786,17.43303296,10.551727677355073,atm dry,0.0,0.0,0.0,,
Oran,2020-03-10,True,26.270825234042555,29.815486361702128,40.42290009245948,35.61715985107079,3.2020169574468085,2.05554538486138,15.022189957446807,16.84678234042553,0.0753558494893617,0.5316000555822653,0.8811134225798619,17.43303296,10.551727677355073,compound,0.0,0.0,0.0,,
Oran,2020-03-11,True,31.137762891666668,32.27663276229166,43.75964509326341,42.21560108740341,6.789871222916666,2.297993714261872,16.2885464375,16.831673402777778,0.0859541644375,0.5089795846737989,0.9647153444099185,17.43303296,10.551727677355073,compound,0.0,0.0,0.0,,
Oran,2020-03-12,True,15.477954810638298,39.576995365957444,53.657247452880334,20.984525067137497,7.2575985106382985,2.753010547991088,17.559273531914894,17.050482978723405,0.10166768863829787,0.7188635216090326,0.391084635594945,17.43303296,10.551727677355073,compound,0.0,0.0,0.0,,
Oran,2020-03-13,True,21.516306633333333,30.99814838125,42.026316118593385,29.171132841728483,1.1242524583333335,2.2029431305798934,13.7434624375,16.781529652777778,0.09786570116666667,0.590278398064719,0.6941158668157098,17.43303296,10.551727677355073,compound,0.0,0.0,0.0,,
Oran,2020-03-14,True,33.169389187499995,30.249536294583333,41.0113713606838,44.97001621870151,3.697558160416667,2.159664578243663,11.5477555625,16.542294513888887,0.1236075966875,0.4769796407718894,1.0965255422258988,17.43303296,10.551727677355073,compound,0.0,0.0,0.0,,
Oran,2020-03-15,True,70.61776140731708,27.237381997560977,36.927587157585656,95.74134325669792,4.933354804878049,1.751855578525728,13.17059031707317,16.360291463414633,0.1741202092682927,0.2783438974164663,2.592678011919085,17.43303296,10.551727677355073,compound,0.0,0.0,0.0,,
Oran,2020-03-16,True,22.076564136400002,25.681614008,34.818325774217776,29.930712370224953,-18.176004816,0.941672887676198,7.285175799999999,18.979859866666665,0.04879279304,0.5377427491130409,0.8596252606834991,17.43303296,10.551727677355073,normal,0.0,0.0,0.0,,
Oran,2020-03-17,True,17.999896941666666,18.743923471666665,25.412422814243595,24.40369501005921,-1.5076370437500002,1.3848017845341547,7.9706113125,18.9256075,0.03023703514583333,0.5101245123891637,0.9603057208847086,17.43303296,10.551727677355073,normal,0.0,0.0,0.0,,
Oran,2020-03-18,True,21.626329779166667,23.628802991666664,32.0351890641445,29.320298767714906,-3.6973677041666666,1.6647986494597047,9.553430229166667,19.609872499999998,0.10331198677083332,0.5221242662422436,0.9152528711163986,17.43303296,10.551727677355073,normal,0.0,0.0,0.0,,
Oran,2020-03-19,True,9.942596579166667,18.08939248333333,24.52503025495929,13.479860207664883,-2.6571392708333335,1.3305212119056562,8.937980875,18.314234236111112,0.05839266835416667,0.6453124836415034,0.549636843156965,17.43303296,10.551727677355073,normal,0.0,0.0,0.0,,
Oran,2020-03-20,True,21.038991983333332,19.310293689999998,26.180289770136707,28.52400462870691,-0.9743187395833336,1.353887653362758,9.103686125000001,18.354338333333335,0.08136135708333334,0.4785783284079819,1.0895221129769017,17.43303296,10.551727677355073,normal,0.0,0.0,0.0,,
Oran,2020-03-21,True,12.238682350000001,17.83769785,24.183790575229956,16.59282119016066,-0.7964942,0.693646062437867,7.534985600000001,18.668511833333334,-0.007483429999999999,0.5930799428449838,0.6861133344065473,17.43303296,10.551727677355073,normal,0.0,0.0,0.0,,
Oran,2020-03-22,True,3.573383585128205,21.118433262564103,28.631708620337495,4.844681247233086,-5.457253376153846,1.311259379088688,5.723777484615384,24.671475213675215,-0.05780721739473684,0.8552806540251746,0.16920685074979572,17.43303296,10.551727677355073,normal,0.0,0.0,0.0,,
Oran,2020-03-23,True,7.4425465636363635,39.526192425151514,53.58837042113621,10.090370907441915,6.428784415151515,1.9525745190918995,5.72371813030303,25.311284343434345,0.144632928125,0.8415425509845387,0.18829404268397185,17.43303296,10.551727677355073,normal,0.0,0.0,0.0,,
Oran,2020-03-24,True,-14.69981486275862,50.18251207586207,68.03587395565155,-19.929547362279553,-9.13977055862069,2.178897615186107,1.426482344827586,28.75667471264368,-0.27388200115384614,1.4142812135862688,-0.2929270428020137,17.43303296,10.551727677355073,normal,0.0,0.0,0.0,,
Oran,2020-03-25,True,39.72634506739131,35.79182665543478,48.52543458347503,53.859731087950394,1.8994015173913044,2.427349743832158,7.993387826086956,27.748390869565217,0.08223621004347825,0.4739498565563971,1.1099278460927358,17.43303296,10.551727677355073,normal,0.0,0.0,0.0,,
Oran,2020-03-26,True,70.82012283333334,55.60486755897436,75.38733323760354,96.01569852319226,1.6996939487179492,3.3224329119201497,9.38068198974359,26.645630598290598,0.15333893317948716,0.4398249696237085,1.2736317150332517,17.43303296,10.551727677355073,normal,0.0,0.0,0.0,,
Oran,2020-03-27,True,-13.662825058823529,7.724723647058823,10.472937735740219,-18.523629151426185,-16.829849,0.23340766888450043,-0.9916053529411762,24.95311019607843,-0.08061429785714287,-1.3008743218420655,-1.768713766741109,17.43303296,10.551727677355073,normal,0.0,0.0,0.0,,
Oran,2020-03-28,True,50.943827694117644,44.95560858499999,60.94940234687572,69.06804176275143,7.1958005294117635,2.2806206760783065,7.148656,29.38172176470588,0.21764109564705883,0.4687786532358293,1.1332029372440906,17.43303296,10.551727677355073,normal,0.0,0.0,0.0,,
Oran,2020-03-29,True,52.29476668695652,48.884861590239126,66.27656017827694,70.89960242475284,2.7456743478260868,3.3058305838322375,8.940611891304348,27.446574057971016,0.14228878771739129,0.48314925071984116,1.069753804875214,17.43303296,10.551727677355073,normal,0.0,0.0,0.0,,
Oran,2020-03-30,True,-6.171861790909091,23.634884999999997,32.04343486004524,-8.367616396787952,4.562017448484849,1.293910604777014,7.829509484848485,26.566414242424244,0.17550504884375,1.3534245884582081,-0.2611335655286282,17.43303296,10.551727677355073,normal,0.0,0.0,0.0,,
Oran,2020-03-31,True,84.75802273684211,104.79948110526315,142.08384539053358,114.91226551067344,36.30690373684211,2.9009654416822586,7.613928726315788,30.953887017543856,0.21287815789473685,0.5528637958461272,0.8087637633597544,17.43303296,10.551727677355073,normal,0.0,0.0,0.0,,
Oran,2020-04-01,True,46.00617185357142,71.96099149285713,97.56245242427188,62.37372303482596,20.24158453214286,2.9501656345183513,10.369814642857142,32.16350464285714,0.29272636035714283,0.6100086621692573,0.6393209834822524,17.43303296,10.551727677355073,normal,0.0,0.0,0.0,,
Oran,2020-04-02,True,56.376373451219514,56.19959036097561,76.19363973605745,76.43331669816612,7.978640365853659,3.3751481196615236,8.603514536585367,29.399647479674798,0.17002370219512195,0.4992148275517373,1.003145629516308,17.43303296,10.551727677355073,normal,0.0,0.0,0.0,,
Oran,2020-04-03,True,52.632892185,66.6750398975,90.39592524975089,71.35802235660682,14.396499732499999,3.888529049326522,9.527950275,30.41157775,0.21099122874999998,0.5588483408747292,0.7893942360726428,17.43303296,10.551727677355073,normal,0.0,0.0,0.0,,
Oran,2020-04-04,True,49.30429785416666,58.69322406875,79.57443000772078,66.84521869305722,-0.5327050562499999,4.142246398056742,8.816014958333334,29.41372791666667,0.16102956083333334,0.5434682483792762,0.8400338989116416,17.43303296,10.551727677355073,normal,0.0,0.0,0.0,,
Oran,2020-04-05,True,50.55941914893617,59.11636274042554,80.14810813065647,68.54687272904691,4.506836553191489,4.074595950718048,9.176603531914894,27.999496666666666,0.1837284565957447,0.5390101782001491,0.8552525359338817,17.43303296,10.551727677355073,normal,0.0,0.0,0.0,,
Oran,2020-04-06,True,33.33056539069767,48.7904153744186,66.14851296482856,45.188533853466986,7.876288418604651,3.128780989273449,8.94236176744186,27.32996937984496,0.21528852093023257,0.5941285030919166,0.6831375616484973,17.43303296,10.551727677355073,normal,0.0,0.0,0.0,,
Oran,2020-04-07,True,40.352846434782606,60.76678086956522,82.3856932009001,54.70912196739545,5.0727022,4.092683814472507,9.524862413043477,26.637297318840577,0.18714218500000002,0.6009395256834816,0.664060953325786,17.43303296,10.551727677355073,normal,0.0,0.0,0.0,,
Oran,2020-04-08,True,33.62653635555556,74.51225707777778,101.02137818511562,45.589801993036446,1.563276355555556,4.907357537983096,11.643704933333334,25.63536992592593,0.21231750133333335,0.6890428005719702,0.4512886560456131,17.43303296,10.551727677355073,atm dry,0.0,0.0,0.0,,
Oran,2020-04-09,True,4.789383872340425,50.79868685106383,68.87126436569926,6.49329624972119,-5.352173914893617,3.483945265083893,11.292167425531915,24.628669574468084,0.1711404729787234,0.9138415165337991,0.09428164720836925,17.43303296,10.551727677355073,atm dry,0.0,0.0,0.0,,
Oran,2020-04-10,True,12.145738536744185,59.59998020930232,80.80378150757933,16.466810886928517,2.2201250232558136,3.7736507169067215,11.85278258139535,24.11958558139535,0.27479011711627904,0.830711312827799,0.20378762701079706,17.43303296,10.551727677355073,atm dry,0.0,0.0,0.0,,
Oran,2020-04-11,True,33.82472424444445,67.31526737555555,91.26392555898379,45.858498908958026,2.0067763333333333,4.450975544669609,13.73605711111111,23.32509481481481,0.38810397468888885,0.6655652852777599,0.5024822089130905,17.43303296,10.551727677355073,atm dry,0.0,0.0,0.0,,
Oran,2020-04-12,True,37.37418404347826,64.85130971304348,87.92336913754933,50.670745038299856,1.427427208695652,4.359858121604919,11.261112282608696,22.325069637681157,0.29056436826086957,0.6343946830670711,0.5763057709837004,17.43303296,10.551727677355073,atm dry,0.0,0.0,0.0,,
Oran,2020-04-13,True,33.60802363636363,58.40141586363636,79.17880560708649,45.564703029724015,13.307934363636363,2.8271282762565932,9.703443424242424,21.77053666666667,0.33788520333333333,0.6347328728552505,0.575465905053334,17.43303296,10.551727677355073,normal,0.0,0.0,0.0,,
Oran,2020-04-14,True,23.018631527777778,51.200074225,69.41545276223127,31.20793775504855,4.1754944444444435,2.715984853578936,7.670687025,31.311595277777784,0.2661413036111111,0.6898540429355808,0.4495819952647301,17.43303296,10.551727677355073,normal,0.0,0.0,0.0,,
Oran,2020-04-15,True,21.353089735294116,53.533127779411764,72.57853350477731,28.94984849698222,3.5605687352941175,2.6591806353604577,8.139752911764706,30.31376774509804,0.2610805151515151,0.7148595503424796,0.39887618416920295,17.43303296,10.551727677355073,normal,0.0,0.0,0.0,,
Oran,2020-04-16,True,28.438145624999997,70.259488425,95.25560799837146,38.555544775240826,4.6473111000000005,4.181005779276726,9.931532774999999,30.617531333333336,0.4028185485,0.7118659844409918,0.40475879148133714,17.43303296,10.551727677355073,normal,0.0,0.0,0.0,,
Oran,2020-04-17,True,7.3340665744680855,39.257519963829786,53.22411273538691,9.943297144801134,3.073755957446808,2.8024527459238735,10.013146042553192,29.165104964539005,0.2600652589574468,0.8425881769782716,0.1868194063513279,17.43303296,10.551727677355073,normal,0.0,0.0,0.0,,
Oran,2020-04-18,True,25.132386438636363,51.6127905,69.97500052705615,34.07370028345509,8.0449978275,3.4426260926894368,9.721608545454545,28.132579696969696,0.18673037211363636,0.6725216171078526,0.4869410507582681,17.43303296,10.551727677355073,normal,0.0,0.0,0.0,,
Oran,2020-04-19,True,18.487833438418605,42.14249140465116,57.13546641606065,25.065223989341714,5.057962976744187,2.735060429396529,9.728449734883721,27.407360620155035,0.2919988172093024,0.6950728288810772,0.4386981600328012,17.43303296,10.551727677355073,normal,0.0,0.0,0.0,,
Oran,2020-04-20,True,16.11557159090909,62.55352568181818,84.8081057069458,21.848985874299412,-7.1770558636363635,4.036296290805494,10.286335727272727,27.161442878787877,0.2876971040909091,0.7951473685398958,0.25762850958844113,17.43303296,10.551727677355073,normal,0.0,0.0,0.0,,
Oran,2020-04-21,True,21.07173771875,60.08758896875,81.46486615091689,28.568400268447416,-2.097855625,2.848488879998963,9.76406678125,26.810759479166666,0.418925170625,0.7403657893825846,0.3506836949259,17.43303296,10.551727677355073,normal,0.0,0.0,0.0,,
Oran,2020-04-22,True,38.511169071428576,93.61986428571429,126.92687198797714,52.21223363365255,18.590850214285716,3.852567381176347,11.253164107142856,26.77424726190476,0.48834903357142856,0.7085380467181013,0.4113568136981918,17.43303296,10.551727677355073,atm dry,0.0,0.0,0.0,,
Oran,2020-04-23,True,31.816339782608694,79.04329393500001,107.16441566479298,43.135594326314155,2.8877255,5.416594568023459,10.541823195652174,26.820819565217395,0.3577877649782608,0.7130033835069846,0.4025178885987768,17.43303296,10.551727677355073,normal,0.0,0.0,0.0,,
Oran,2020-04-24,True,27.80443352272727,74.26271013636364,100.68305027864486,37.696377807887345,2.031007681818182,4.835279243465861,10.876313613636363,25.715835000000002,0.34884869181818184,0.7275868362144493,0.37440639416029736,17.43303296,10.551727677355073,atm dry,0.0,0.0,0.0,,
Oran,2020-04-25,True,5.833421355555556,56.283352193333336,76.30720139793617,7.908769482819199,-0.5494767822222223,3.701592057704505,11.13541031111111,24.689776666666667,0.3299187817777778,0.906089434104874,0.10364381523541372,17.43303296,10.551727677355073,atm dry,0.0,0.0,0.0,,
Oran,2020-04-26,True,15.979681138888887,69.6194565888889,94.38787293434295,21.66474986691408,9.888419197222222,3.6751384968348537,11.430910388888888,24.04691509259259,0.3663247038888889,0.8133196015395922,0.22952895529263884,17.43303296,10.551727677355073,atm dry,0.0,0.0,0.0,,
Oran,2020-04-27,True,28.565888996296298,102.37266447407407,138.79364361300082,38.72873522642921,3.741608148148148,4.049144131697097,11.303311999999998,26.37879296296296,0.49446534814814813,0.7818374478777149,0.2790382485700626,17.43303296,10.551727677355073,atm dry,0.0,0.0,0.0,,
Oran,2020-04-28,True,-6.324004010652174,56.649807826086956,76.80403043675896,-8.573886040486244,-2.9111554347826085,3.8049344072199784,10.378397630434783,25.927942826086955,0.28006458869565215,1.1256612618418351,-0.11163328267708618,17.43303296,10.551727677355073,normal,0.0,0.0,0.0,,
Oran,2020-04-29,True,38.35549052272727,86.6526541590909,117.48094729451222,52.00116954620653,3.9964240454545457,5.60326262172261,11.997196613636364,24.960623787878788,0.3147316352272727,0.6931760676846052,0.4426349186293599,17.43303296,10.551727677355073,atm dry,0.0,0.0,0.0,,
Oran,2020-04-30,True,46.241142386363634,84.81391945454546,114.9880485251716,62.692288704240354,2.4708710704545456,5.509306981512914,11.801241727272727,23.624296818181815,0.303757132,0.6471624847081688,0.5452069976691241,17.43303296,10.551727677355073,atm dry,0.0,0.0,0.0,,
Oran,2020-05-01,True,26.426345886363638,88.97514209090909,120.62970349774558,35.82800986756303,8.31773715,5.750554029437175,13.549468545454545,22.34465727272727,0.29525598386363633,0.7710051547033079,0.29700818976341603,17.43303296,10.551727677355073,atm dry,0.0,0.0,0.0,,
Oran,2020-05-02,True,24.422844751162792,82.55432856255814,111.92456615334085,33.11172594581622,4.703074534883721,5.264982186052921,14.079237651162792,21.135256666666667,0.18006540325581397,0.771700410520846,0.2958396631214269,17.43303296,10.551727677355073,atm dry,0.0,0.0,0.0,,
Oran,2020-05-03,True,2.6557701373684206,82.33804792552631,111.63133965766642,3.6006097512223296,-1.9287986842105258,4.631657076284595,16.413610868421053,19.98570596491228,0.1942976322631579,0.9687533729170376,0.032254470494254735,17.43303296,10.551727677355073,atm dry,0.0,0.0,0.0,,
Oran,2020-05-04,True,-7.112590604651164,105.24003579069769,142.68113559799633,-9.643026980089362,1.646022651162791,6.67039742798098,20.031222558139536,18.913200852713178,0.20699309232558138,1.0724831935771477,-0.06758445634508096,17.43303296,10.551727677355073,atm dry,0.0,0.0,0.0,,
Oran,2020-05-05,True,37.73176279209302,84.24178299534884,114.21236388099737,51.15553907637423,4.721610558139535,5.348121740293166,14.916160674418604,18.160177364341084,0.35738334658139537,0.6906561783663602,0.4478984353189233,17.43303296,10.551727677355073,atm dry,0.0,0.0,0.0,,
Oran,2020-05-06,True,24.594417809523808,94.73791866666667,128.44269500662247,33.344339310312385,7.056681071428572,5.867262945911356,18.404787619047617,17.61869642857143,0.23322393452380952,0.7938998050672462,0.25960479347302046,17.43303296,10.551727677355073,atm dry,0.0,0.0,0.0,,
Oran,2020-05-07,True,13.637232179069768,67.4978465883721,91.51146072205673,18.488931128767277,-1.2815306046511628,4.271550626799124,15.13831006976744,17.142509302325582,0.28925420720930234,0.8319194066704702,0.20203951486385735,17.43303296,10.551727677355073,compound,0.0,0.0,0.0,,
Oran,2020-05-08,True,40.13787822093023,71.72895001,97.24785786877644,54.417674813852756,5.997588720930233,4.56543797475599,15.221598837209301,16.788712248062016,0.2467245346511628,0.641199461398223,0.559577105413288,17.43303296,10.551727677355073,compound,0.0,0.0,0.0,,
Oran,2020-05-09,True,36.166444484375,59.45861084375,80.61211736128533,49.03332967156441,7.039334812500001,2.8584332073247536,11.82772253125,16.958501666666667,0.3936486790625,0.6217890346805601,0.6082625202834964,17.43303296,10.551727677355073,compound,0.0,0.0,0.0,,
Oran,2020-05-10,True,42.38792685714286,95.6436028,129.67059311275852,57.46822009496636,-6.020603942857143,4.8916099482100375,11.103146285714285,28.16719038095238,0.25834604914285714,0.6929112720663864,0.4431862206799142,17.43303296,10.551727677355073,atm dry,0.0,0.0,0.0,,
Oran,2020-05-11,True,36.30672779069767,72.99159369767442,98.9597105288356,49.22352137286113,-0.7997626139534887,4.607328463460286,10.677599395348837,26.292447674418607,0.23875481906976742,0.667819896076261,0.4974097146183347,17.43303296,10.551727677355073,atm dry,0.0,0.0,0.0,,
Oran,2020-05-12,True,-2.289282041666667,31.136520108333333,42.213916160788074,-3.103736700153913,-10.797473862499999,1.0966355272539046,7.3721875,25.185549305555554,-0.37196219375,1.0793587946400998,-0.07352401725374466,17.43303296,10.551727677355073,normal,0.0,0.0,0.0,,
Oran,2020-05-13,True,35.2559425825,72.13786684499999,97.8022544721658,47.79889978613535,-1.0903920499999995,4.290504262112982,10.937002674999999,29.395599500000003,0.262096365225,0.6717134556410276,0.488730040468942,17.43303296,10.551727677355073,atm dry,0.0,0.0,0.0,,
Oran,2020-05-14,True,-0.0764261923076922,28.490212265384613,38.62613509118888,-0.10361623146517673,-11.716373153846153,1.1031335216186808,8.925743784615385,30.103691666666666,0.06934524926923077,1.0026897574336322,-0.002682542046222298,17.43303296,10.551727677355073,normal,0.0,0.0,0.0,,
Oran,2020-05-15,True,13.8886496434375,25.576364246875002,34.675631453316946,18.829795031517182,-11.8721510625,1.275216726644948,13.2183443125,30.723231666666667,0.07280764084375,0.6480769097905535,0.5430267378653891,17.43303296,10.551727677355073,atm dry,0.0,0.0,0.0,,
Oran,2020-05-16,True,16.678265916744184,43.95574013488372,59.59381210178186,22.611869170580054,-3.773508006976744,2.782993013079221,9.71280541860465,31.614567596899224,0.05893061181395349,0.7249354445994681,0.37943317222198575,17.43303296,10.551727677355073,normal,0.0,0.0,0.0,,
Oran,2020-05-17,True,28.454258044444448,53.88725815555556,73.05865234774723,38.57738948753394,4.391064577777778,3.5591807613731827,11.421947777777778,29.84032903703704,0.1698566248888889,0.6544360687343714,0.5280331384147614,17.43303296,10.551727677355073,atm dry,0.0,0.0,0.0,,
Oran,2020-05-18,True,41.63231570238096,96.369102505,130.65420282941886,56.443786220329926,6.75222061904762,5.978992665264119,15.631834380952382,27.94890436507937,0.21417311007142856,0.6983196532095185,0.4320089595129405,17.43303296,10.551727677355073,atm dry,0.0,0.0,0.0,,
Oran,2020-05-19,True,33.49752748421052,81.10834862368421,109.96415196134292,45.41489581662339,-2.098960789473685,4.600828059322815,15.189454605263156,26.021326140350876,0.1677677632631579,0.7077154451253916,0.41299728144667236,17.43303296,10.551727677355073,atm dry,0.0,0.0,0.0,,
Oran,2020-05-20,True,14.869785742857143,69.94485811800001,94.82904210869818,20.159988543801767,-9.607551714285714,3.6214471567859587,16.372458314285712,24.242730095238095,0.1376334845142857,0.8246790286916514,0.21259297885444522,17.43303296,10.551727677355073,atm dry,0.0,0.0,0.0,,
Oran,2020-05-21,True,0.6927342941176482,72.25280559735293,97.95808482310325,0.939187401541336,-5.1897473529411755,3.637398794143011,18.371920264705885,22.59387568627451,0.06279000147058825,0.9905034043870495,0.00958764560615246,17.43303296,10.551727677355073,atm dry,0.0,0.0,0.0,,
Oran,2020-05-22,True,-8.9393615,91.20289553529412,123.65002165793096,-12.119705592629126,-2.7183179411764704,4.591873801241526,20.581902323529413,21.084895098039215,0.04144413611764706,1.1086673652528067,-0.09801620274808713,17.43303296,10.551727677355073,atm dry,0.0,0.0,0.0,,
Oran,2020-05-23,True,-12.542151833333333,101.1275375,137.10553956315132,-17.00425558559788,3.3439648055555558,5.378060315859525,21.89410611111111,19.778129537037035,0.0908288336111111,1.141582629447791,-0.12402311124537499,17.43303296,10.551727677355073,atm dry,0.0,0.0,0.0,,
Oran,2020-05-24,True,35.86805676744186,97.95343960697674,132.80219731822405,48.62878497542627,1.815028441860465,6.214373998535027,18.89753627906977,18.86580511627907,0.1764999876744186,0.7319708885403077,0.3661745510046097,17.43303296,10.551727677355073,atm dry,0.0,0.0,0.0,,
Oran,2020-05-25,True,3.366915951219513,62.55808073170732,84.81428130054005,4.564758913028335,-6.921269817073171,3.8183500425363204,15.105216658536586,18.309279837398375,0.08152776487804878,0.948928083115225,0.05382064014494301,17.43303296,10.551727677355073,atm dry,0.0,0.0,0.0,,
Oran,2020-05-26,True,18.0741865625,82.982392125,112.50492128851772,24.50441454501571,5.761042159375,3.9338238517411037,15.26002684375,20.701309270833335,0.104425271875,0.8211478480941721,0.21780749023568835,17.43303296,10.551727677355073,atm dry,0.0,0.0,0.0,,
Oran,2020-05-27,True,49.01830151219512,92.89329038048781,125.9418059043836,66.45747383395694,2.4939183658536583,5.654563579705836,16.784783048780486,20.739469674796748,0.17892798926829268,0.6545856412542819,0.5276839835408759,17.43303296,10.551727677355073,atm dry,0.0,0.0,0.0,,
Oran,2020-05-28,True,50.722521953488375,81.99164643953489,111.16169940124928,68.76800238942643,3.1417883720930235,5.249714770888473,16.997028093023257,19.337428062015505,0.14533602537209303,0.6178062782017565,0.6186303624344698,17.43303296,10.551727677355073,atm dry,0.0,0.0,0.0,,
Oran,2020-05-29,True,50.43082538095238,84.67071032619047,114.79389008624514,68.37252933673524,1.0974959047619048,5.238880788251615,19.57918338095238,18.253984126984125,0.12606817571428572,0.6267190811933452,0.5956112236057743,17.43303296,10.551727677355073,atm dry,0.0,0.0,0.0,,
Oran,2020-05-30,True,35.16147027027027,75.4710068108108,102.32122096486809,47.67081719199491,-4.087380945945947,4.11494052861325,20.479221621621623,17.401017117117117,0.06468319243243242,0.6821776823771116,0.4658937485544924,17.43303296,10.551727677355073,compound,0.0,0.0,0.0,,
Oran,2020-05-31,True,41.16378127906977,76.20442444186047,103.31556555701432,55.8085619629214,2.323346069767442,4.825405423976296,21.724013953488374,16.712381240310076,0.09142123446511628,0.6492765564044995,0.5401757388834468,17.43303296,10.551727677355073,compound,0.0,0.0,0.0,,
Oran,2020-06-01,True,55.13706863636364,71.90595204545455,97.487831669926,74.75310614894725,8.318425772727274,4.667771751596765,22.803795227272726,16.0975103030303,0.0354887025,0.5659968698756341,0.7667942231195181,17.43303296,10.551727677355073,compound,0.0,0.0,0.0,,
Oran,2020-06-02,True,43.79327470454545,66.64950759090908,90.36130935028395,59.37354657334567,7.722474206818182,4.32979445292248,23.09713,15.563035151515152,0.03998568852272727,0.6034754486047764,0.6570682408240148,17.43303296,10.551727677355073,compound,0.0,0.0,0.0,,
Oran,2020-06-03,True,75.79124062045454,57.31843867954546,77.71053915039197,102.755383907455,6.514218431818182,3.727849976570447,23.531699772727276,15.111352803030304,0.008386948931818182,0.43061059857534684,1.3222837601035575,17.43303296,10.551727677355073,compound,0.0,0.0,0.0,,
Oran,2020-06-04,True,24.0299359375,30.09031040625,40.79549790156428,32.57903251504466,-7.407545531249999,1.490400690707316,16.8014696875,14.870619166666668,0.0577422223125,0.5559899009906288,0.7985938201723831,17.43303296,10.551727677355073,compound,0.0,0.0,0.0,,
Oran,2020-06-05,True,88.1973052340909,54.58658356340909,74.00677577430628,119.57513671423062,4.083471068181819,3.5660927185101126,19.340040454545456,15.12467734848485,0.004058075545454546,0.38230212122059004,1.6157322821209137,17.43303296,10.551727677355073,compound,0.0,0.0,0.0,,
Oran,2020-06-06,True,66.10738993023256,54.267924604651164,73.5747479650942,89.62632325044176,10.622048662790696,3.4419716589705254,25.378487209302325,14.873969922480619,-0.0018471888139534884,0.4508227024314424,1.2181669082028368,17.43303296,10.551727677355073,compound,0.0,0.0,0.0,,
Oran,2020-06-07,True,76.565478,36.73310877083333,49.801595315786564,103.80507063272051,-0.22604426250000018,2.5949691645137007,21.815579375,14.498424583333334,-0.00039765624999999995,0.3242150658519035,2.084372397600995,17.43303296,10.551727677355073,compound,0.0,0.0,0.0,,
Oran,2020-06-08,True,34.49456865957447,36.54077147,49.540830443420575,46.766652931394944,-6.688731978723404,2.5223900379481665,16.94123340425532,14.307913262411347,-0.0561642944893617,0.5144027100221741,0.9440022000601311,17.43303296,10.551727677355073,compound,0.0,0.0,0.0,,
Oran,2020-06-09,True,107.9106399375,30.292548270833333,41.06968564734814,146.30185683336632,2.9990133354166666,2.2047508146231625,17.936321125,14.225334791666667,0.01859173839583333,0.21918849097148949,3.5622833369023605,17.43303296,10.551727677355073,compound,0.0,0.0,0.0,,
Oran,2020-06-10,True,96.92145684468086,26.47350393174468,35.891945264553314,131.40306749718545,4.819367836170213,1.851871236903574,19.752854340425532,13.967973333333333,-0.0012659244468085102,0.21454282869550068,3.6610739966484456,17.43303296,10.551727677355073,compound,0.0,0.0,0.0,,
Oran,2020-06-11,True,102.78320510638297,30.66538440425532,41.57516516860574,139.35024170978838,5.63651855319149,2.122424034063565,23.660860851063827,13.681296879432624,-0.023243552148936173,0.22979174614513798,3.3517664005581533,17.43303296,10.551727677355073,compound,0.0,0.0,0.0,,
Oran,2020-06-12,True,136.089063975,29.532207555000003,40.0388395823368,184.50527923649474,2.6345431575,1.7333546400295317,18.80025625,13.405383833333335,-0.006774461625000001,0.17831168232306832,4.6081575080884605,17.43303296,10.551727677355073,compound,0.0,0.0,0.0,,
Oran,2020-06-13,True,112.04524726304348,23.126891610869567,31.354713375936694,151.90742760334967,3.2776671739130436,1.564777963548204,19.89000543478261,13.183506376811593,-0.001811239543478261,0.17109214815667048,4.844803579672703,17.43303296,10.551727677355073,compound,0.0,0.0,0.0,,
Oran,2020-06-14,True,106.17648867916667,21.45857260625,29.092858860871246,143.9507490160924,6.808926270833333,1.5175131842945218,23.13134375,12.912189097222223,-0.018884200979166665,0.1681244353247458,4.9479753675806855,17.43303296,10.551727677355073,compound,0.0,0.0,0.0,,
Oran,2020-06-15,True,108.19978180434782,21.824160769565218,29.58851181187121,146.6938662963127,8.593946369565218,1.4854545843627647,26.90244456521739,12.623485608695653,-0.016459633152173914,0.16784724672657206,4.957798054495517,17.43303296,10.551727677355073,compound,0.0,0.0,0.0,,
Oran,2020-06-16,True,59.445947875,16.5929013125,22.49613452091063,80.59494930591822,2.0911151958333334,1.1734747708135864,25.28330145833333,12.334111993055556,-0.03684309977083333,0.21821610255547766,3.5826132365541965,17.43303296,10.551727677355073,compound,0.0,0.0,0.0,,
Oran,2020-06-17,True,101.93008334468085,14.734708992340424,19.976855727361617,138.19360601645673,6.951142744680851,1.0377841167772024,23.917739361702125,12.159620531914893,-0.015719978617021277,0.12629953473687924,6.917685540832017,17.43303296,10.551727677355073,compound,0.0,0.0,0.0,,
Oran,2020-06-18,True,76.81573476595744,11.699355902127659,15.861619328983974,104.14436089701597,5.612404,0.9379387450673675,21.149871702127662,11.958363560283688,-0.0376137195106383,0.13217357417615982,6.565808870895845,17.43303296,10.551727677355073,compound,0.0,0.0,0.0,,
Oran,2020-06-19,True,87.7090245106383,14.021171863829785,19.009464496236337,118.91314104319734,6.824377765957446,1.0027053888062984,21.242044893617024,11.795295836879433,-0.04209878604255319,0.13782704018596365,6.2554703246238645,17.43303296,10.551727677355073,compound,0.0,0.0,0.0,,
Oran,2020-06-20,True,107.50247182978724,14.842885574468086,20.12351814026483,145.74847533092017,11.54590040425532,1.1215898978774046,28.77545936170213,11.587819765957446,-0.025419885361702126,0.12131956528128816,7.242693564565847,17.43303296,10.551727677355073,compound,0.0,0.0,0.0,,
Oran,2020-06-21,True,102.60431089130434,12.560258214369565,17.028803648399357,139.10770255092592,13.05680197826087,1.0048666926839096,36.152962173913046,11.257850623188405,-0.03244633597826087,0.10906356279459867,8.168965091332268,17.43303296,10.551727677355073,compound,0.0,0.0,0.0,,
Oran,2020-06-22,True,117.0155774893617,10.154801472340425,13.767560937810016,158.64604523740806,5.407740468085106,0.7504539429416649,27.23356085106383,10.99283619858156,-0.03797904538297872,0.07985194001347268,11.523177268220149,17.43303296,10.551727677355073,compound,0.0,0.0,0.0,,
Oran,2020-06-23,True,118.71030354347826,9.288598439130435,12.593190067368381,160.94370160090233,5.3280245,0.6587879733812435,25.784607173913045,10.816493717391305,-0.03480684636956522,0.07256779781120688,12.780216985523113,17.43303296,10.551727677355073,compound,0.0,0.0,0.0,,
Oran,2020-06-24,True,45.69104665319149,10.361554011489362,14.04786953759241,61.94648618424965,2.9621371042553197,0.7668580001649128,27.409234893617022,10.674771007092199,-0.015225524531914895,0.1848541171795844,4.409671232956676,17.43303296,10.551727677355073,compound,0.0,0.0,0.0,,
Oran,2020-06-25,True,34.70585413043478,7.596926035217391,10.299673746924098,47.053107137640765,-2.897715913043478,0.2648830869718917,20.964290869565218,10.618595130434782,-0.027455409304347828,0.1795845569834611,4.568407533461216,17.43303296,10.551727677355073,compound,0.0,0.0,0.0,,
Oran,2020-07-18,False,-33.884128,-1.23471536,-1.673988310451153,-45.939036655242234,-31.707460000000005,0.00081052093604679,22.140054,7.7112007333333334,-0.024479746,0.03515820117829758,27.442865860193074,7.2868685311899135,22.97180059590793,normal,0.0,0.0,0.0,,
Oran,2020-07-19,False,122.46704277777778,7.287762961111111,9.880520159916761,166.0369706792352,19.314062555555555,0.445255492122777,27.935239444444445,7.76659412962963,0.01046437177777778,0.05616564966215268,16.804476686643792,7.2868685311899135,22.97180059590793,atm dry,0.0,0.0,0.0,,
Oran,2020-07-20,False,73.54968360869564,43.557959152173915,59.05451313722051,99.71635130410728,-0.01665286956521699,2.9673886022589424,32.56401608695652,9.59688197826087,-0.11857453239130435,0.37194804818262817,1.6885475132510859,7.2868685311899135,22.97180059590793,atm dry,0.0,0.0,0.0,,
Oran,2020-07-21,False,78.72577660625,19.888079869583333,26.963634127789092,106.73393564169425,0.9635610833333336,1.4123920018976042,68.05241458333333,9.866982256944445,-0.0043425321250000004,0.20167632197263458,3.9584402879763445,7.2868685311899135,22.97180059590793,atm dry,0.0,0.0,0.0,,
Oran,2020-07-22,False,80.43217921666667,12.802148514583331,17.356750921177568,109.04742271353308,5.107546458333334,0.9635462034880757,27.87619958333333,9.53762779861111,0.009349646145833333,0.13731153348888628,6.28270943154923,7.2868685311899135,22.97180059590793,atm dry,0.0,0.0,0.0,,
Oran,2020-07-23,False,91.06718419583332,10.860637706250001,14.724511537871791,123.46602848572888,11.473949687500001,0.8380581096452471,32.68801416666667,9.173452840277777,0.015614953854166667,0.10655223964937895,8.385067862398786,7.2868685311899135,22.97180059590793,atm dry,0.0,0.0,0.0,,
Oran,2020-07-24,False,71.12137795208334,14.839938546041667,20.119522651671904,96.42413075266664,11.899637083333333,1.0958721745067095,36.18722354166667,8.69417325,0.006290466854166667,0.1726350776208198,4.792565530606857,7.2868685311899135,22.97180059590793,atm dry,0.0,0.0,0.0,,
Oran,2020-07-25,False,88.84051687499999,8.819346484375,11.95699300336089,120.4471828577466,8.748908583333334,0.6274389392564526,34.04486625,8.330424888888889,0.006933611583333332,0.09030676657739121,10.07336734443945,7.2868685311899135,22.97180059590793,atm dry,0.0,0.0,0.0,,
Oran,2020-07-26,False,73.66918083333333,8.9162227325,12.088334778295653,99.87836188861547,12.211653066666665,0.6486643043296053,40.981895,7.979132826388889,0.005391056250000001,0.10796366364417402,8.26237556457693,7.2868685311899135,22.97180059590793,atm dry,0.0,0.0,0.0,,
Oran,2020-07-27,False,81.02000908333333,8.858075270833334,12.009500275813716,109.84438398672405,7.630292733333334,0.6601721234459641,40.891637708333334,7.669817340277778,0.0078470094375,0.09855656509019355,9.146457509805206,7.2868685311899135,22.97180059590793,atm dry,0.0,0.0,0.0,,
Oran,2020-07-28,False,70.97016647916666,8.615256345833332,11.680294002712591,96.2191229862867,14.369530770833334,0.664891927597589,41.90862979166666,7.405141958333334,0.007199084666666667,0.10825168780942937,8.237731256074643,7.2868685311899135,22.97180059590793,atm dry,0.0,0.0,0.0,,
Oran,2020-07-29,False,93.73170325531915,5.4228780340425535,7.352167740093202,127.0784997508094,8.192843804255318,0.5946341662312278,33.3789570212766,7.274445191489362,0.0021223034893617025,0.05469114955179962,17.2844940761918,7.2868685311899135,22.97180059590793,compound,0.0,0.0,0.0,,
Oran,2020-07-30,False,82.79461729545454,11.198115854545454,15.182053813266577,112.25034207144535,7.472632136363637,0.821799799945365,34.96423909090909,7.234003674242424,0.009519354136363636,0.11913810226876516,7.39362035282455,7.2868685311899135,22.97180059590793,compound,0.0,0.0,0.0,,
Oran,2020-07-31,False,78.69044690697675,11.671509269767443,15.82386573931742,106.68603674490302,20.8533931627907,0.8155528838184903,42.02622860465116,7.127922302325581,0.009053008604651164,0.12916397302132837,6.742096937780581,7.2868685311899135,22.97180059590793,compound,0.0,0.0,0.0,,
Oran,2020-08-01,False,94.20263477419354,16.753497948483872,22.713866396648193,127.71697391510486,20.302716806451613,0.8414770254505792,41.76533903225806,6.997219376344086,0.023119821290322577,0.15099208612792395,5.622863658912409,7.2868685311899135,22.97180059590793,compound,0.0,0.0,0.0,,
Oran,2020-08-02,False,131.8985624,13.440472199999999,18.222170128136813,178.82392879838474,31.1583524,0.6383137910385216,48.36956,6.671181613333333,0.03913969136,0.09247668554418759,9.813536342867478,7.2868685311899135,22.97180059590793,compound,0.0,0.0,0.0,,
Oran,2020-08-03,False,92.95606052380951,7.016267369047618,9.512434962164544,126.02690769348412,10.795214595238095,0.7362023665912529,31.18674214285714,6.615256571428572,0.02337343288095238,0.07018209455487653,13.248648552631662,7.2868685311899135,22.97180059590793,compound,0.0,0.0,0.0,,
Oran,2020-08-04,False,84.91646897872342,6.709448042553192,9.096458954566996,115.12708194961706,8.37796730638298,0.7087296449791404,28.082387872340423,6.698192829787234,-0.006249164808510638,0.07322653088421674,12.656252562082525,7.2868685311899135,22.97180059590793,compound,0.0,0.0,0.0,,
Oran,2020-08-05,False,84.86614427083333,4.891562445833333,6.631826750877102,115.05885329104198,8.095433229166668,0.4435951509872867,29.63469895833333,6.723504284722222,0.011639090479166668,0.054497408910794326,17.34949624186499,7.2868685311899135,22.97180059590793,compound,0.0,0.0,0.0,,
Oran,2020-08-06,False,94.81219375,5.833007083541666,7.908207825832442,128.543394832093,4.27167275,0.4878958288201526,31.017841458333333,6.708057541666666,0.0107375018125,0.05795613735411933,16.25442801492918,7.2868685311899135,22.97180059590793,compound,0.0,0.0,0.0,,
Oran,2020-08-07,False,76.80449741666668,8.364628115208333,11.340500118286217,104.12912565174194,7.033578083333334,0.6120010782714019,36.90916958333333,6.614457638888889,0.009724129791666666,0.09821197602971543,9.18205763111248,7.2868685311899135,22.97180059590793,compound,0.0,0.0,0.0,,
Oran,2020-08-08,False,58.72157110869565,9.256578815217392,12.549778866801898,79.61286203427701,14.13588260869565,0.6446231272173555,42.056868260869564,6.475691195652174,0.0007831479565217398,0.13616991379697954,6.343766123630912,7.2868685311899135,22.97180059590793,compound,0.0,0.0,0.0,,
Oran,2020-08-09,False,44.562214357142864,7.977868454761905,10.81614351633921,60.41605080678327,3.7333416428571433,0.5372026706120663,42.27376571428571,6.3350316428571425,-0.008936418595238096,0.15184346936267568,5.585729397498921,7.2868685311899135,22.97180059590793,compound,0.0,0.0,0.0,,
Oran,2020-08-10,False,54.27458311111111,12.159163622222223,16.48501219622221,73.58377535905083,2.3454764666666663,0.9221115987534142,34.743737555555555,6.299813814814815,-0.0014272703111111108,0.18302691358097561,4.46367733812861,7.2868685311899135,22.97180059590793,compound,0.0,0.0,0.0,,
Oran,2020-08-11,False,72.7620801904762,8.667806895238094,11.751540387313618,98.6485433233507,5.516821833333334,0.7607275411600657,32.4843519047619,6.475579190476191,0.009894739952380951,0.10644503149211339,8.394520213694435,7.2868685311899135,22.97180059590793,compound,0.0,0.0,0.0,,
Oran,2020-08-12,False,76.51873647272727,39.15089605227273,53.079555384483704,103.74169993790127,-2.122415363636364,2.5646887414319317,26.717375681818183,8.89160428030303,-0.08435768220454545,0.33847169043102937,1.9544568372218734,7.2868685311899135,22.97180059590793,atm dry,0.0,0.0,0.0,,
Oran,2020-08-13,False,81.60958711404255,18.369521055319147,24.90481977578264,110.6437153658251,1.6854948085106385,1.3148689623141625,30.033167234042555,9.150569822695035,0.00510297144680851,0.18373359586486523,4.442662760138287,7.2868685311899135,22.97180059590793,atm dry,0.0,0.0,0.0,,
Oran,2020-08-14,False,78.49492260416666,8.767731641666666,11.887015220514222,106.42095103534064,5.218020191666667,0.6794724600295646,31.404285208333334,8.786102173611111,-0.0016760663125,0.10047518858372695,8.952705877896316,7.2868685311899135,22.97180059590793,atm dry,0.0,0.0,0.0,,
Oran,2020-08-15,False,86.78071882258065,15.348320106451613,20.808770406211192,117.6545733435667,10.519243870967742,0.7508492601432692,27.632383548387097,8.471959322580645,0.02550049283870968,0.15028360461824086,5.654085803572905,7.2868685311899135,22.97180059590793,atm dry,0.0,0.0,0.0,,
Oran,2020-08-16,False,215.44899076923076,14.503954,19.66400535530816,292.098975788388,44.968529307692314,0.2781041895760938,60.47018153846154,7.996007179487179,0.07026766846153845,0.06307357365897373,14.854500418936162,7.2868685311899135,22.97180059590793,atm dry,0.0,0.0,0.0,,
Oran,2020-08-17,False,159.16273194545454,12.849276981818184,17.420646217046098,215.78783367217628,28.71221560909091,0.422645177805046,9134.380905909093,7.506363136363635,0.062444307045454554,0.07469988323461126,12.386901782152487,7.2868685311899135,22.97180059590793,atm dry,0.0,0.0,0.0,,
Oran,2020-08-18,False,63.60944125625,7.726726758125,10.475653490818631,86.23968288309932,6.58853973375,0.5661243641652217,31.107046041666667,7.2406916458333335,0.019191634437499997,0.1083142951632611,8.232391703170016,7.2868685311899135,22.97180059590793,compound,0.0,0.0,0.0,,
Oran,2020-08-19,False,71.76032481229787,5.722503593617021,7.758390664411602,97.29039484044685,6.890343893617021,0.45658399569452335,35.43112319148936,7.052193815602837,0.005840813787234043,0.07385512004851098,12.540022673352372,7.2868685311899135,22.97180059590793,compound,0.0,0.0,0.0,,
Oran,2020-08-20,False,73.25093574468085,6.169427559574468,8.364316142388352,99.3113183318658,10.571031527659574,0.45725116392800463,37.83963829787234,6.847135340425532,0.010880777914893619,0.07768067662873449,11.87321433590725,7.2868685311899135,22.97180059590793,compound,0.0,0.0,0.0,,
Oran,2020-08-21,False,22.80590255555556,-0.10336165555555528,-0.14013448666328898,30.91952649498754,-7.9220778888888885,0.07898530657671644,26.78910611111111,6.784461814814815,0.00454309,-0.004552867276435797,-220.64180796037786,7.2868685311899135,22.97180059590793,compound,0.0,0.0,0.0,,
Oran,2020-08-22,False,101.07246564102564,7.980097687179486,10.81916583964481,137.0308748662143,23.91211570769231,0.5648226099932129,36.80548512820513,6.5128484188034195,0.02546055802564103,0.07317661725348487,12.665567465847532,7.2868685311899135,22.97180059590793,compound,0.0,0.0,0.0,,
Oran,2020-08-23,False,77.97250985106383,1.7584270246808513,2.384020138938861,105.71268023037975,5.563104791489361,0.3869632941620829,27.398951063829788,6.5819090992907805,0.0013849265957446813,0.022054513512380292,44.342192628218726,7.2868685311899135,22.97180059590793,compound,0.0,0.0,0.0,,
Oran,2020-08-24,False,90.52704812500001,3.709622925,5.029390265811235,122.73372896316685,5.866025333333333,0.44816638334725806,28.01523125,6.683529666666666,0.005359248291666667,0.03936496147059091,24.40330188680835,7.2868685311899135,22.97180059590793,compound,0.0,0.0,0.0,,
Oran,2020-08-25,False,70.438729375,6.0435530875,8.193659486074568,95.49861724955156,10.007803479166666,0.541569382336552,33.36225375,6.693808104166667,0.002320531666666666,0.07901899489549377,11.655185013711522,7.2868685311899135,22.97180059590793,compound,0.0,0.0,0.0,,
Oran,2020-08-26,False,65.47434154166666,6.786883538333334,9.201443567984251,88.76805612528892,9.263343937499998,0.5137696734461475,38.603365625,6.5656309027777775,0.009901616,0.09392151227466199,9.647188016688041,7.2868685311899135,22.97180059590793,compound,0.0,0.0,0.0,,
Oran,2020-08-27,False,52.98887786666666,8.145067513999999,11.042826750184297,71.84065656454119,7.580359488888889,0.5847283946999823,39.97888866666666,6.436209651851852,0.014080787733333332,0.13323314016922325,6.5056401037299825,7.2868685311899135,22.97180059590793,compound,0.0,0.0,0.0,,
Oran,2020-08-28,False,58.76188436170212,7.623369355319149,10.33552476989984,79.66751747671769,4.432809919148937,0.5531633659353093,38.39493191489362,6.327932127659574,0.014792524106382978,0.11483528236278331,7.708125058993956,7.2868685311899135,22.97180059590793,compound,0.0,0.0,0.0,,
Oran,2020-08-29,False,202.79845333333333,11.250072758333333,15.25249535178291,274.94777440654315,35.63890583333333,0.2002967023972927,29.239949166666666,6.348325416666667,0.048663819999999997,0.052558515415871025,18.0264126010308,7.2868685311899135,22.97180059590793,compound,0.0,0.0,0.0,,
Oran,2020-08-30,False,212.2781,-0.7850009,-1.064279568283361,287.7999816611829,51.14021,0.0,82.46055,6.409293333333333,0.0849331,-0.003711709286688495,-270.4176517504629,7.2868685311899135,22.97180059590793,compound,0.0,0.0,0.0,,
Oran,2020-08-31,False,55.98709867352941,-2.4720796235294116,-3.3515679211220974,75.90555017924414,-0.6789451764705879,0.11877888972928219,22.941210294117646,6.321628794117648,0.005266594647058824,-0.046194127693754625,-22.647773211121777,7.2868685311899135,22.97180059590793,soil dry,0.0,0.0,0.0,,
Oran,2020-09-01,False,35.83459893617021,1.2723766680851063,1.7250483292483336,48.583423898488036,-1.9970752782978725,0.31436467908610094,22.471317234042555,6.466649070921986,0.00021307989361702098,0.034289419910018056,28.16351465333009,7.2868685311899135,22.97180059590793,soil dry,0.0,0.0,0.0,,
Oran,2020-09-02,False,61.44966502083333,0.3635017916666666,0.4928243138386568,83.31152608809703,1.4805712708333336,0.3110289230365261,22.814541458333334,6.5715261527777775,0.011777049895833334,0.00588065311019073,169.04913931533815,7.2868685311899135,22.97180059590793,soil dry,0.0,0.0,0.0,,
Oran,2020-09-03,False,70.9109325,2.5982031604166664,3.5225622516875,96.13881541749895,5.2411030625,0.3125021097351446,25.13046625,6.629053395833334,0.009122071083333334,0.03534530962817118,27.29229706911303,7.2868685311899135,22.97180059590793,compound,0.0,0.0,0.0,,
Oran,2020-09-04,False,80.15754431250001,4.630925541666667,6.278463421172369,108.67508133501741,3.525803041666667,0.4649082087095914,23.930847291666666,6.619198999999999,0.007941080333333333,0.0546173972667711,17.309184436520084,7.2868685311899135,22.97180059590793,compound,0.0,0.0,0.0,,
Oran,2020-09-05,False,69.71947908510639,3.591929612212766,4.869825368340371,94.52348029363768,4.8848735744680845,0.421306347188021,25.841735531914896,6.6292260851063824,0.004394252404255319,0.04899550664812304,19.41003488711365,7.2868685311899135,22.97180059590793,compound,0.0,0.0,0.0,,
Oran,2020-09-06,False,86.19403585365853,2.762599491219512,3.745445634336132,116.85916699832096,6.243468341463415,0.25368149057484357,28.135846341463417,6.606518008130081,0.013336649951219512,0.03105557534307728,31.20033726481625,7.2868685311899135,22.97180059590793,compound,0.0,0.0,0.0,,
Oran,2020-09-07,False,110.87281938709677,6.076057937419355,8.237728540822513,150.31788670772022,12.038037935483873,0.353660502387056,26.2120735483871,6.649359677419354,0.050880361677419356,0.05195482057137819,18.247492128784256,7.2868685311899135,22.97180059590793,compound,0.0,0.0,0.0,,
Oran,2020-09-08,False,92.41570792592593,-0.18478669733333333,-0.2505280012576141,125.2943146103471,6.978402999999999,0.10199901441773596,23.59059851851852,6.626450296296297,0.029074295888888886,-0.0020035221905172467,-500.12100037276423,7.2868685311899135,22.97180059590793,compound,0.0,0.0,0.0,,
Oran,2020-09-09,False,104.58803843333334,3.721715566,5.045785088725306,141.7971780560144,19.385332393333332,0.23870872318386177,25.060880333333333,6.617879755555555,0.036892244666666664,0.03436177655821201,28.102104144874705,7.2868685311899135,22.97180059590793,compound,0.0,0.0,0.0,,
Oran,2020-09-10,False,76.74223103448276,3.6492597931034485,4.947551827211874,104.04470684617209,12.303216586206895,0.2692377370470542,28.633478275862068,6.602875942528736,0.02048875724137931,0.045393607650963126,21.029533490466754,7.2868685311899135,22.97180059590793,compound,0.0,0.0,0.0,,
Oran,2020-09-11,False,63.37147973076923,7.855580661538462,10.65034956657664,85.91706211972603,11.285570884615383,0.3142416142797883,30.576468846153848,6.59214082051282,0.01601844023076923,0.11028927233934871,8.067064989993797,7.2868685311899135,22.97180059590793,compound,0.0,0.0,0.0,,
Oran,2020-09-12,False,54.62099620512821,3.319819987692308,4.500907684665892,74.05343135326461,0.40946964102564165,0.20935244823657032,29.98854794871795,6.515070282051282,0.012333617923076924,0.05729674184506342,16.452999381781744,7.2868685311899135,22.97180059590793,compound,0.0,0.0,0.0,,
Oran,2020-09-13,False,59.505995604166664,1.4880577811458335,2.0174620091500324,80.67636013140121,3.105466520833333,0.1968420348050797,28.59660729166667,6.5252593125,0.0163725566875,0.024396768185669736,39.98903561281463,7.2868685311899135,22.97180059590793,compound,0.0,0.0,0.0,,
Oran,2020-09-14,False,61.932511562500004,2.427211213125,3.2907367393301175,83.96615426611837,2.0234105208333335,0.23177535779737887,27.468543541666666,6.575341236111111,0.018330554791666665,0.03771320180459602,25.515913583294125,7.2868685311899135,22.97180059590793,compound,0.0,0.0,0.0,,
Oran,2020-09-15,False,78.38429959999999,5.298921595,7.184111492730745,106.27097184026366,9.7063018775,0.3216267235302779,31.625742250000002,6.5984448166666665,0.01884635915,0.06332119532842033,14.792500359688754,7.2868685311899135,22.97180059590793,compound,0.0,0.0,0.0,,
Oran,2020-09-16,False,23.371005290322582,2.152131785064516,2.917792689278907,31.685675036465128,-2.5884303548387098,0.1528030209094136,38.986367096774195,6.555759526881721,0.00017907383870967723,0.0843208175667362,10.859467553294822,7.2868685311899135,22.97180059590793,compound,0.0,0.0,0.0,,
Oran,2020-09-17,False,61.404598526315795,21.1090121,28.618935703992495,83.25042635008504,3.810930321052632,1.2440359338961575,25.55638157894737,6.820042008771931,-0.013812502842105261,0.25582460808311513,2.908928103097529,7.2868685311899135,22.97180059590793,compound,0.0,0.0,0.0,,
Oran,2020-09-18,False,32.42384994,40.5819962,55.01979602292557,43.95923751963555,-9.20438276,2.084914560848761,15.31635142857143,11.039849904761905,-0.16635793885714287,0.5558732395509497,0.7989712921021859,7.2868685311899135,22.97180059590793,normal,0.0,0.0,0.0,,
Oran,2020-09-19,False,58.24395704166667,29.373987629166667,39.82432997558383,78.96532788105036,-9.128417333333333,2.1416877694298333,16.947455625,12.6939964375,-0.025018615083333334,0.3352508180775075,1.9828413416990003,7.2868685311899135,22.97180059590793,normal,0.0,0.0,0.0,,
Oran,2020-09-20,False,31.522116642553193,15.776746293319148,21.389617176196637,42.736695832723576,-9.490827791489362,1.1659879286011328,16.45301,12.87084120567376,-0.03834604778723404,0.3335544517150278,1.9980112538097672,7.2868685311899135,22.97180059590793,normal,0.0,0.0,0.0,,
Oran,2020-09-21,False,64.67092630208333,18.13543095,24.58744776228754,87.67881097367699,-2.1145487499999995,1.314760945308977,18.296209791666666,12.729740958333332,-0.014718175479166666,0.21901012859183258,3.5659988715119746,7.2868685311899135,22.97180059590793,normal,0.0,0.0,0.0,,
Oran,2020-09-22,False,64.65350355625,16.149364654375,21.894801448519093,87.65518976201491,-1.2188204375,1.1429020379859491,21.601404583333334,12.4095454375,-0.0005139205416666667,0.1998612798283251,4.003470411372179,7.2868685311899135,22.97180059590793,normal,0.0,0.0,0.0,,
Oran,2020-09-23,False,62.00114323333333,12.35111502,16.745253873344264,84.05920293014546,1.043537854166667,0.8803981809605738,22.35445125,12.034167791666667,-0.012066518854166666,0.16611620561566842,5.019882264308582,7.2868685311899135,22.97180059590793,normal,0.0,0.0,0.0,,
Oran,2020-09-24,False,25.102970270833335,7.084951602645834,9.605554889137597,34.033818766924405,-6.588672191666667,0.5352159337876838,18.83578208333333,11.628256048611112,-0.005507087208333333,0.22011211629301825,3.5431392730274656,7.2868685311899135,22.97180059590793,normal,0.0,0.0,0.0,,
Oran,2020-09-25,False,53.03995920512821,9.68007716923077,13.123944635755885,71.90991103908407,-8.24858823076923,0.5773964932487449,15.83542564102564,11.381735512820512,-0.0072187467435897434,0.15433787556265113,5.479290947568246,7.2868685311899135,22.97180059590793,normal,0.0,0.0,0.0,,
Oran,2020-09-26,False,62.8472743125,7.808760066666667,10.586871674389608,85.20636087562887,-5.603666729166666,0.5480569581732333,16.806930416666667,11.050839756944443,0.00016049864583333348,0.11051794988609104,8.048303927377253,7.2868685311899135,22.97180059590793,normal,0.0,0.0,0.0,,
Oran,2020-09-27,False,49.57903345945946,6.979741303243244,9.462914069200764,67.2176965989973,-0.9459094594594596,0.3859475822725116,18.29871162162162,10.785248819819818,0.004351103783783784,0.12340686891693392,7.103276655314118,7.2868685311899135,22.97180059590793,normal,0.0,0.0,0.0,,
Oran,2020-09-28,False,56.50879361111111,6.29819764,8.538898573571677,76.61284779246351,4.608682333333332,0.16552540114328454,18.480003888888888,10.516278388888889,0.011226524,0.10027860775592527,8.972216631028287,7.2868685311899135,22.97180059590793,normal,0.0,0.0,0.0,,
Oran,2020-09-29,False,64.01498262790697,3.2507218837209297,4.407226645237968,86.78950313929026,10.18573558372093,0.30574120932491566,19.773515813953487,10.216364930232558,-0.0051407776046511625,0.04832658644285801,19.692543661911916,7.2868685311899135,22.97180059590793,normal,0.0,0.0,0.0,,
Oran,2020-09-30,False,32.81248504166667,7.839421927083333,10.628442061846506,44.48613678589316,1.1111067291666663,0.6949373184670625,20.40618739583333,10.084411909722222,0.0028543322708333325,0.19284266130761507,4.185574567470002,7.2868685311899135,22.97180059590793,normal,0.0,0.0,0.0,,
Oran,2020-10-01,False,50.62963004893617,8.942803557446808,12.124372226022153,68.64206246238453,2.9807237872340426,0.6358670663213479,23.889525531914895,9.869510141843971,-0.00021846478723404255,0.15011647193289443,5.661494152667159,7.2868685311899135,22.97180059590793,atm dry,0.0,0.0,0.0,,
Oran,2020-10-02,False,18.67613456097561,20.834766065853657,28.247121543238418,25.32051673795161,-9.495098707317073,1.250027676739254,15.47866,11.96800600813008,-0.16734794236585362,0.5273169109110646,0.8963928129523925,7.2868685311899135,22.97180059590793,normal,0.0,0.0,0.0,,
Oran,2020-10-03,False,46.60569916666666,32.06304185416666,43.47006524757339,63.18654333854164,-18.569796479166666,2.2428259068973553,12.286423645833333,19.572275625,-0.04903868895833333,0.40757029333513317,1.453564492684282,7.2868685311899135,22.97180059590793,normal,0.0,0.0,0.0,,
Oran,2020-10-04,False,40.082425625,18.578428328333334,25.188049696072913,54.34249392570751,-10.328568479166666,1.3168705141637989,13.313851249999999,19.472898958333335,-0.039822325624999995,0.31670913524568006,2.15747128425668,7.2868685311899135,22.97180059590793,normal,0.0,0.0,0.0,,
Oran,2020-10-05,False,45.64727832083333,15.924491377083333,21.589925321021102,61.88714645372625,-8.856795270833333,1.1165576032673745,13.760686875,19.05951013888889,-0.028614192083333333,0.25863299780422183,2.8664826549200533,7.2868685311899135,22.97180059590793,normal,0.0,0.0,0.0,,
Oran,2020-10-06,False,57.894651706249995,14.129653838541666,19.15654095081478,78.49175067677412,1.1496555000000006,0.998835802891544,15.9580618125,18.579942222222222,-0.0200833996875,0.1961789666927713,4.0973864163840945,7.2868685311899135,22.97180059590793,normal,0.0,0.0,0.0,,
Oran,2020-10-07,False,51.98097900395833,13.757756664583333,18.65233444131119,70.47417893823972,1.0099713541666675,1.0071710060749641,17.119494083333333,18.127961527777778,-0.024652515354166668,0.20927930123193578,3.7783034161211213,7.2868685311899135,22.97180059590793,normal,0.0,0.0,0.0,,
Oran,2020-10-08,False,43.043523416666666,11.244497216666666,15.244936207483905,58.35705732220783,1.2222828424999994,0.8697235143087915,17.06552041666667,17.64505201388889,-0.03986583041666667,0.20712667519438796,3.8279633661936687,7.2868685311899135,22.97180059590793,normal,0.0,0.0,0.0,,
Oran,2020-10-09,False,37.2294410375,16.18635898333333,21.944957197961813,50.47450701626118,5.74448636425,1.2836966856082743,18.103120270833333,17.285260069444444,-0.03847540633333333,0.30302567736550423,2.300050374258607,7.2868685311899135,22.97180059590793,normal,0.0,0.0,0.0,,
Oran,2020-10-10,False,46.92060205833334,8.808585747916666,11.942403934797674,63.613478789945816,1.5630116250000006,0.784686083081759,14.984026479166666,16.897526458333335,-0.048767010854166674,0.15806054411811807,5.3266895959354885,7.2868685311899135,22.97180059590793,normal,0.0,0.0,0.0,,
Oran,2020-10-11,False,84.9873960375,11.9169845749375,16.15667344923293,115.22324262853395,0.10937486562499948,0.5680209590942694,14.0885286875,16.641475624999998,-0.01879379128125,0.1229767374769018,7.131619203085671,7.2868685311899135,22.97180059590793,normal,0.0,0.0,0.0,,
Oran,2020-10-12,False,49.679041311111106,12.0595262,16.34992690815753,67.35328410364954,-11.85777848888889,0.791100951954628,13.909250866666667,16.14410748148148,-0.006075632155555556,0.1953321349386612,4.119485333603829,7.2868685311899135,22.97180059590793,normal,0.0,0.0,0.0,,
Oran,2020-10-13,False,41.39165403541667,10.824594879791666,14.67564580563787,56.11750468992773,-4.438206020833333,0.7651633932248009,16.279989104166667,15.809496458333333,-0.0062699815,0.2073031882732375,3.823852485481037,7.2868685311899135,22.97180059590793,normal,0.0,0.0,0.0,,
Oran,2020-10-14,False,33.944568341463416,9.658397097560975,13.094551475420552,46.020979772147676,-9.555757902439025,0.5806952041939735,15.870406097560975,15.51306512195122,-0.009054209341463414,0.22150780343294654,3.5145136401603736,7.2868685311899135,22.97180059590793,normal,0.0,0.0,0.0,,
Oran,2020-10-15,False,120.26747316666666,12.6448880875,17.143542172698037,163.0548632751258,10.602014166666667,0.4434032572684131,14.929426666666666,15.247855138888887,-0.001955685416666667,0.09513703592489293,9.511153624645843,7.2868685311899135,22.97180059590793,normal,0.0,0.0,0.0,,
Oran,2020-10-16,False,36.802257352941176,8.810081775882352,11.944432202532731,49.89534479188671,-14.267286470588235,0.22475898767738983,10.202693117647058,14.734649019607843,-0.0034323642352941173,0.1931512819590314,4.177288961572134,7.2868685311899135,22.97180059590793,normal,0.0,0.0,0.0,,
Oran,2020-10-17,False,117.59706857142857,12.204724135047618,16.546781708741985,159.43441258549996,30.74919085714286,0.3752810396220469,19.358285857142857,14.745347301587302,0.004668807047619047,0.09402585188208029,9.635372931841342,7.2868685311899135,22.97180059590793,normal,0.0,0.0,0.0,,
Oran,2020-10-18,False,67.3791628846875,9.0827079609375,12.314050222758226,91.35055308370916,17.19601128125,0.4376576293004104,18.540632625,14.413804062499999,-0.0078774304375,0.11878741470078999,7.418400236412836,7.2868685311899135,22.97180059590793,normal,0.0,0.0,0.0,,
Oran,2020-10-19,False,38.0356271875,5.5019046593750005,7.459309556990109,51.567508881199196,0.0869872291666665,0.4731288441030024,13.541392520833334,14.395464722222222,-0.014320200833333333,0.1263715333870014,6.913174535420017,7.2868685311899135,22.97180059590793,normal,0.0,0.0,0.0,,
Oran,2020-10-20,False,12.95192365,5.897095679375,7.995097131443923,17.559811346281325,2.0305559291666664,0.47373377969166935,14.520291041666667,14.263111736111112,-0.015465568958333334,0.3128595486230284,2.1963224533220904,7.2868685311899135,22.97180059590793,normal,0.0,0.0,0.0,,
Oran,2020-10-21,False,27.62293197826087,4.396496782608696,5.960632271573151,37.45030371372074,3.8128578565217386,0.47969215319595704,17.036984782608695,14.149081739130434,0.028665898804347823,0.13730715858309078,6.282941474568893,7.2868685311899135,22.97180059590793,normal,0.0,0.0,0.0,,
Oran,2020-10-22,False,-7.065201942424243,0.5610600030303027,0.7606675327456972,-9.578778920021668,-7.043969818181819,0.3715500353067385,10.205963181818182,15.122812323232322,0.15642929233333333,-0.08626195557512428,-12.592595986641118,7.2868685311899135,22.97180059590793,normal,0.0,0.0,0.0,,
Oran,2020-10-23,False,33.989132354166664,25.446981484791667,34.50021836758245,46.08139826109564,-10.053501875,1.8733468045641566,12.108192229166667,17.940062430555557,-0.048307303562499994,0.42814006234896274,1.3356842490131964,7.2868685311899135,22.97180059590793,normal,0.0,0.0,0.0,,
Oran,2020-10-24,False,44.414588678723405,14.88975423361702,20.187061196489417,60.21590454797542,-7.218150638297873,1.0823949916754558,17.064313148936172,18.1284090070922,-0.006888124425531913,0.25107358925848017,2.9828960224506145,7.2868685311899135,22.97180059590793,normal,0.0,0.0,0.0,,
Oran,2020-10-25,False,40.731993942173915,14.31792616173913,19.411794654157415,55.22315825128012,-3.454817934782608,1.0492989513742452,13.042097652173913,17.993416956521738,-0.030245609304347828,0.2600898627048396,2.844824975492567,7.2868685311899135,22.97180059590793,normal,0.0,0.0,0.0,,
Oran,2020-10-26,False,34.618824825,26.756907844749996,36.27617538987306,46.935115538374916,-15.255346674999998,1.5626186242275655,10.798881375,19.76973525,-0.088908222375,0.4359525610671458,1.2938275613111472,7.2868685311899135,22.97180059590793,normal,0.0,0.0,0.0,,
Oran,2020-10-27,False,33.396018250000004,13.573669274583333,18.40275453897527,45.277272784646804,-8.812830125,0.9611549979886757,11.660904916666667,19.310524444444443,-0.0184402684375,0.288987855571299,2.4603530242580742,7.2868685311899135,22.97180059590793,normal,0.0,0.0,0.0,,
Oran,2020-10-28,False,39.8792278125,6.965072925,9.443027142619997,54.067004712684145,-4.198181354166667,0.583375349575747,10.175798708333334,19.162216666666666,-0.019351190041666667,0.14868559921579297,5.725600900653887,7.2868685311899135,22.97180059590793,normal,0.0,0.0,0.0,,
Oran,2020-10-29,False,41.930936112765956,6.456471529808511,8.75348134298752,56.84864639494265,0.3055461914893618,0.6468502792445218,11.797560212765957,19.02839113475177,-0.05059427061702128,0.13343288769468353,6.494404245287451,7.2868685311899135,22.97180059590793,normal,0.0,0.0,0.0,,
Oran,2020-10-30,False,33.38604727702128,12.323162470425533,16.70735668444482,45.26375445260774,0.47234852127659593,0.9145714423203912,14.065328212765957,18.822925319148936,-0.03478030304255319,0.26959911445666307,2.7092109965396265,7.2868685311899135,22.97180059590793,normal,0.0,0.0,0.0,,
Oran,2020-10-31,False,34.42572541531915,9.222120635191489,12.503061548437298,46.67331742276651,-1.7343324042553196,0.6500486364899635,14.552677893617021,18.633483829787234,-0.008688983914893617,0.2112846673927361,3.732951104971566,7.2868685311899135,22.97180059590793,normal,0.0,0.0,0.0,,
Oran,2020-11-01,True,41.6293775875,8.507089594479167,11.533644918063354,56.43980281644202,-3.2097958749999993,0.6138530682296405,14.293331770833333,18.220641180555557,-0.006867974270833334,0.1696786804622907,4.89349231898488,17.43303296,10.551727677355073,atm dry,0.0,0.0,0.0,,
Oran,2020-11-02,True,38.37410905625,8.031453054375,10.888791833739688,52.026411969265716,-2.107395354166667,0.5843005077542625,14.710634375,17.806087569444443,-0.003987908958333334,0.1730709141121711,4.777978380306456,17.43303296,10.551727677355073,atm dry,0.0,0.0,0.0,,
Oran,2020-11-03,True,37.57253129375,8.203595489166666,11.12217714092,50.939658011379755,1.8240944791666667,0.5831665513072922,13.798691812500001,17.476250902777778,-0.010067334625,0.1792112191595072,4.580007795772811,17.43303296,10.551727677355073,atm dry,0.0,0.0,0.0,,
Oran,2020-11-04,True,-8.89871134137931,22.42861754482759,30.408015325589712,-12.064593384136783,-8.345121313793104,1.0143858446871286,8.016096451724138,20.95678908045977,-0.10215099896551724,1.6577068020701693,-0.39675701471986186,17.43303296,10.551727677355073,normal,0.0,0.0,0.0,,
Oran,2020-11-05,True,-17.983804533333334,14.265931166666666,19.341301472673653,-24.38187742820212,-9.2046525,0.8022129241874582,8.872612866666666,28.456829222222222,-0.11810545080000003,-3.837121321713296,-1.260612035991996,17.43303296,10.551727677355073,normal,0.0,0.0,0.0,,
Oran,2020-11-06,True,7.596199583333334,20.243836416666667,27.445957682251038,10.298688846272974,4.68914994375,1.5611383076406826,10.751458041666666,28.16460236111111,-0.07599550770833334,0.7271483562976235,0.37523517909280346,17.43303296,10.551727677355073,atm dry,0.0,0.0,0.0,,
Oran,2020-11-07,True,-0.008839228571428492,22.353279362,30.305874183210133,-0.011983948512617408,-11.681594938857142,1.157644095457498,10.154336542857143,29.242050095238096,-0.06368414685714285,1.0003955896195496,-0.0003954331902841687,17.43303296,10.551727677355073,normal,0.0,0.0,0.0,,
Oran,2020-11-08,True,28.02017468958333,14.82425146,20.098254593049234,37.98887290683884,-9.624942875,1.1050629478213694,9.931458125,27.20935833333333,-0.03817497245833334,0.3460018675064963,1.890157811015932,17.43303296,10.551727677355073,normal,0.0,0.0,0.0,,
Oran,2020-11-09,True,34.004008769375,11.672942254229168,15.825808534649603,46.101567237660554,-3.331847083333333,0.9110365091004903,9.839029208333333,26.26155784722222,-0.031722776770833336,0.25555432209555795,2.91306236497959,17.43303296,10.551727677355073,normal,0.0,0.0,0.0,,
Oran,2020-11-10,True,36.50836983617021,8.912807281489362,12.083704217073246,49.4969013258055,-7.592948000000001,0.6576000926884712,9.539049978723405,25.848024468085107,-0.0394993365319149,0.19622581022947766,4.096169555016962,17.43303296,10.551727677355073,normal,0.0,0.0,0.0,,
Oran,2020-11-11,True,30.05358713043478,9.630398221739132,13.05659147884973,40.745709637460926,-4.47097897826087,0.8446183980793367,9.598212195652174,25.229118768115942,-0.018730931673913043,0.24267719424534995,3.1207003530335293,17.43303296,10.551727677355073,normal,0.0,0.0,0.0,,
Oran,2020-11-12,True,31.50899815319149,13.808530710638298,18.72117229845935,42.718910196816154,-2.6031050999999996,1.1192315218493523,10.479628106382979,24.74135957446809,-0.028226235319148935,0.30470617125064786,2.28185017026587,17.43303296,10.551727677355073,normal,0.0,0.0,0.0,,
Oran,2020-11-13,True,29.920619381041664,6.4299543615625,8.717530199016908,40.56543613851371,1.480406895833334,0.5664892833887034,10.525830541666666,24.231108194444445,-0.040204015895833334,0.17688728676175927,4.653317535176231,17.43303296,10.551727677355073,normal,0.0,0.0,0.0,,
Oran,2020-11-14,True,-0.527772823255814,9.790284900906977,13.273360817431401,-0.7155378197482172,0.039807525581395414,0.8469943896838219,8.896285860465117,23.938943178294572,0.02654557083720931,1.0569794477816918,-0.05390781050783525,17.43303296,10.551727677355073,normal,0.0,0.0,0.0,,
Oran,2020-11-15,True,32.5608481975,11.7096303625,15.875549119700672,44.14497545490119,-1.3592578041666663,0.9373612195151889,11.032790666666665,23.779458402777777,-0.04507326583333333,0.264502005475949,2.78068967076671,17.43303296,10.551727677355073,atm dry,0.0,0.0,0.0,,
Oran,2020-11-16,True,1.9059796875000001,3.876209325,5.255242875501083,2.5840674054887764,-2.6671759979166665,0.4181290570510167,10.610166479166667,23.45212104166667,-0.050785182208333335,0.6703705666868324,0.4917122703377221,17.43303296,10.551727677355073,atm dry,0.0,0.0,0.0,,
Oran,2020-11-17,True,39.32137212304348,11.655683618260868,15.802409817988897,53.31068148765447,-6.878763402173913,0.8709900116784168,9.9044045,23.094078623188405,-0.04975310526086957,0.2286456808610233,3.37357922631316,17.43303296,10.551727677355073,normal,0.0,0.0,0.0,,
Oran,2020-11-18,True,31.992981935416665,12.87251915,17.452157218776815,43.375080209873154,-7.7991024979166665,1.0480356056267084,10.912527020833332,22.358140000000002,0.026854008270833337,0.2869135268431039,2.485370700374267,17.43303296,10.551727677355073,atm dry,0.0,0.0,0.0,,
Oran,2020-11-19,True,36.79667728176087,10.985978764347825,14.894445008267219,49.88777950661536,-5.333039108695652,0.7593987114537066,10.173231108695653,21.905557173913042,-0.021889822239130434,0.22991561527569157,3.3494218467975783,17.43303296,10.551727677355073,normal,0.0,0.0,0.0,,
Oran,2020-11-20,True,32.48127550638298,9.880290495744681,13.395387576403216,44.03709329916206,-13.761649623404256,0.7979379166463678,11.139575127659574,21.391892269503547,-0.01617301821276596,0.23323713989346925,3.287481832682173,17.43303296,10.551727677355073,atm dry,0.0,0.0,0.0,,
Oran,2020-11-21,True,29.436374187499997,9.834029336875,13.332668149979485,39.90891171220309,-10.4843449375,0.7874815184909048,9.346217375,20.395106944444446,0.006568093270833335,0.25041834191418616,2.993317711298807,17.43303296,10.551727677355073,normal,0.0,0.0,0.0,,
Oran,2020-11-22,True,31.46703346808511,6.821220055957447,9.247995940285158,42.662015794595504,-10.688146765957447,0.5750823408954617,10.480268957446809,20.04665730496454,0.0015560264042553183,0.1781543796891692,4.613109269301868,17.43303296,10.551727677355073,normal,0.0,0.0,0.0,,
Oran,2020-11-23,True,25.28940955,12.456306474049999,16.88786914334387,34.28658728673445,-3.7441137999999996,0.853733268720261,10.400457175,19.57276483333333,-0.006213887025,0.33000583340671985,2.0302494646133646,17.43303296,10.551727677355073,normal,0.0,0.0,0.0,,
Oran,2020-11-24,True,13.804554644444446,7.067274788888889,9.581589220163375,18.715781672776934,-4.563161555555555,0.6874422340591144,9.57853791111111,19.571881185185184,-0.04735852286666667,0.33860351395944743,1.9533066219736994,17.43303296,10.551727677355073,normal,0.0,0.0,0.0,,
Oran,2020-11-25,True,19.214086666666667,8.894847887500001,12.059355434693979,26.049855309158346,-3.355410827083333,0.7623064753334077,9.534081416666668,19.431257430555558,-0.015790513020833334,0.316442014917335,2.160136621748009,17.43303296,10.551727677355073,normal,0.0,0.0,0.0,,
Oran,2020-11-26,True,5.068078583333334,7.648609235416667,10.369744206710306,6.871141786838905,0.7792373277083331,0.5624483022643624,10.274990645833332,19.854782222222223,-0.020502532770833335,0.6014623732556559,0.6626143952897661,17.43303296,10.551727677355073,normal,0.0,0.0,0.0,,
Oran,2020-11-27,True,-15.575554228000001,20.6177258364,27.952865216012473,-21.116847292213187,-3.18266924,0.858423709116889,6.73569576,22.4096828,0.18716879875,4.0890567473054515,-0.7554448221685929,17.43303296,10.551727677355073,normal,0.0,0.0,0.0,,
Oran,2020-11-28,True,4.749050317234042,12.129858538297873,16.445281283725787,6.438613282331021,-11.074400468085106,0.8696153578323516,7.390458276595745,25.773116170212766,0.051355289,0.7186399690950648,0.391517370317202,17.43303296,10.551727677355073,normal,0.0,0.0,0.0,,
Oran,2020-11-29,True,27.18725428652174,6.442715213043478,8.734830960716803,36.8596255811545,-8.038720239130436,0.594780525277562,7.943642782608697,24.54451420289855,0.013259928499999999,0.19157659994686502,4.219844178659378,17.43303296,10.551727677355073,normal,0.0,0.0,0.0,,
Oran,2020-11-30,True,17.281053726666666,7.066914027422222,9.581100111096115,23.42910995350243,0.006414953333333923,0.6336459067986245,8.288092622222223,24.44714259259259,-0.01838993228888889,0.2902465659063244,2.4453465345141927,17.43303296,10.551727677355073,normal,0.0,0.0,0.0,,
Oran,2020-12-01,True,24.414202470444444,10.914102374222223,14.796997255719875,33.10000901301792,-7.714697424444443,0.8615150006359076,8.479230844444444,23.51618859259259,-0.05578905339999999,0.3089336559512243,2.2369409442326478,17.43303296,10.551727677355073,normal,0.0,0.0,0.0,,
Oran,2020-12-02,True,8.794847625000001,13.011079842500001,17.64001345434921,11.923778219175217,-12.29948235,0.7599998612953005,9.11793395,22.46038375,-0.0184113997,0.5966762873027059,0.6759506306518925,17.43303296,10.551727677355073,normal,0.0,0.0,0.0,,
Oran,2020-12-03,True,55.96352000000001,21.15828516666667,28.685738580422314,75.87358295413067,16.75491475,0.36843014131175517,10.598532583333332,21.79775361111111,-0.007629268583333334,0.27434893569907814,2.64499318159141,17.43303296,10.551727677355073,atm dry,0.0,0.0,0.0,,
Oran,2020-12-04,True,-20.049111375384616,15.741458717948717,21.34177538967001,-27.181955586368577,-8.053010846153846,0.9244656385047985,8.490201717948718,21.642651794871792,0.03279516238461538,-3.6543008384800237,-1.2736501574993322,17.43303296,10.551727677355073,normal,0.0,0.0,0.0,,
Oran,2020-12-05,True,-2.8576162619047616,25.55400853095238,34.64532227572137,-3.874266388152563,-17.998165404761906,1.5513476136049642,7.370347880952382,21.89126619047619,-0.01293837811904762,1.1259061893198707,-0.11182653627290857,17.43303296,10.551727677355073,normal,0.0,0.0,0.0,,
Oran,2020-12-06,True,12.610330375000002,12.054715045833333,16.343404096426433,17.09668991133074,-10.3019613125,0.8783372179313058,7.687867770833333,21.76298076388889,-0.013509768145833332,0.4887367868234826,1.0460911209476254,17.43303296,10.551727677355073,normal,0.0,0.0,0.0,,
Oran,2020-12-07,True,0.24682710434782607,12.890840789130435,17.47699712174251,0.33464043678922784,2.7029995195652172,0.8646612518612627,8.773650869565218,21.56379623188406,-0.019119376130434785,0.9812122588004865,0.019147479081112487,17.43303296,10.551727677355073,normal,0.0,0.0,0.0,,
Oran,2020-12-08,True,6.6846566896551725,27.179681896551724,36.84935917263426,9.062847616848194,-6.214111310344827,1.1439980785139536,8.83272048275862,24.264038505747127,-0.018222840517241382,0.8026048353893478,0.2459431539742653,17.43303296,10.551727677355073,normal,0.0,0.0,0.0,,
Oran,2020-12-09,True,3.44030675,9.318047012500001,12.633115518348527,4.664259853271932,-11.6442845,0.6601957394515999,7.7308519166666665,23.52456104166667,-0.012883363729166666,0.7303486943502128,0.36920899254799744,17.43303296,10.551727677355073,normal,0.0,0.0,0.0,,
Oran,2020-12-10,True,-6.30977894375,7.835716310416667,10.623418103139931,-8.55460014150008,9.88499921875,0.6047031354397637,8.686628916666667,23.207445625000002,-0.027159952708333334,5.135018305196492,-0.8052587273178698,17.43303296,10.551727677355073,normal,0.0,0.0,0.0,,
Oran,2020-12-11,True,0.20854636363636334,11.74480073181818,15.923232001942363,0.2827406106897101,16.239392056818183,0.8431119457693848,10.004070431818182,24.706591666666668,-0.03475964204545454,0.9825533081260841,0.017756483775104238,17.43303296,10.551727677355073,normal,0.0,0.0,0.0,,
Oran,2020-12-12,True,0.3917357145833334,12.000385464583333,16.26974575631782,0.5311029798792902,-4.4560133025,0.8842900228745746,10.316900541666667,24.480662291666665,-0.024835673020833334,0.9683883244103593,0.03264359430282147,17.43303296,10.551727677355073,normal,0.0,0.0,0.0,,
Oran,2020-12-13,True,9.110585743750002,3.1475950020833334,4.267410457679876,12.351846045229749,-5.3810661458333335,0.45820830549597324,7.6968769375,22.88033701388889,-0.0319952118125,0.2567750522974814,2.894459337278105,17.43303296,10.551727677355073,normal,0.0,0.0,0.0,,
Oran,2020-12-14,True,0.5557010597916662,8.493960646458333,11.515845102634318,0.7534020457934264,-2.830314835416667,0.6801658725437604,9.127752083333332,22.807089375,-0.05073242716666667,0.9385942726005017,0.06542307916429696,17.43303296,10.551727677355073,normal,0.0,0.0,0.0,,
Oran,2020-12-15,True,29.934921204878048,13.68392717390244,18.552238736365574,40.58482610214082,-9.308376180487805,0.8846166293347137,8.602353097560975,22.57756861788618,-0.02295400175609756,0.3137159205826107,2.1875972317339576,17.43303296,10.551727677355073,normal,0.0,0.0,0.0,,
Oran,2020-12-16,True,20.903374082978722,6.716520810638298,9.106047991425664,28.340138138310657,-8.630401170212766,0.5559375651787403,8.096745191489362,21.771154609929077,-0.009667603468085106,0.24317691419566165,3.112232459679104,17.43303296,10.551727677355073,normal,0.0,0.0,0.0,,
Oran,2020-12-17,True,30.334113950000003,6.881623301136363,9.329888763213043,41.12603908984598,-7.4637394772727275,0.5555224261978016,8.835358204545456,21.641624242424243,0.003315988022727272,0.18491164785204509,4.407988147940461,17.43303296,10.551727677355073,normal,0.0,0.0,0.0,,
Oran,2020-12-18,True,19.799716308086957,8.966462300565217,12.156448006969905,26.843833586055514,-2.489466652173913,0.6361723858134943,8.825329108695653,21.36679963768116,-0.012565084326086957,0.3117015444612557,2.2081971288541347,17.43303296,10.551727677355073,normal,0.0,0.0,0.0,,
Oran,2020-12-19,True,21.56944296097561,5.540472304878048,7.511598359596183,29.243173406068326,-0.9029344878048781,0.526033185477236,10.148404951219513,21.13848300813008,0.05037358697560976,0.20437069797324525,3.8930693583622875,17.43303296,10.551727677355073,normal,0.0,0.0,0.0,,
Oran,2020-12-20,True,23.86403054074074,10.376566053703705,14.068222392992869,32.35410318816258,-6.480398592592592,0.5176087193411322,7.625524666666666,22.72981901234568,-0.06974144003846153,0.30304863482978295,2.299800378779737,17.43303296,10.551727677355073,normal,0.0,0.0,0.0,,
Oran,2020-12-21,True,20.38905099,6.9663008060000005,9.444691865119784,27.642835040500756,-6.740126155555556,0.5733402457992877,12.017946333333335,22.08844251851852,0.018042779333333335,0.25465952176197704,2.9268117409513996,17.43303296,10.551727677355073,atm dry,0.0,0.0,0.0,,
Oran,2020-12-22,True,19.54662420222222,3.9818957800000003,5.398529252243834,26.500699256953922,4.347182711111111,0.5885180018285417,8.100887533333333,22.46161274074074,-0.02856600006818182,0.16923698485959413,4.908873883741433,17.43303296,10.551727677355073,normal,0.0,0.0,0.0,,
Oran,2020-12-23,True,21.758968336170213,4.470233093829787,6.060601646733346,29.500125957958208,-3.2479359327659574,0.530098528390445,8.60081489361702,22.087949290780145,-0.0018635984680851058,0.1704296299588023,4.867524328027519,17.43303296,10.551727677355073,normal,0.0,0.0,0.0,,
Oran,2020-12-24,True,24.70829085,6.036781449583334,8.18447871204167,33.49872480255464,-2.1667475625000003,0.5501591468601352,8.515119625,21.91440861111111,0.009331658958333332,0.1963495610210403,4.0929576557232155,17.43303296,10.551727677355073,normal,0.0,0.0,0.0,,
Oran,2020-12-25,True,27.51470384,8.596326292733332,11.654629231193411,37.30357140263118,-5.19040912,0.378320775499591,11.034965966666668,21.420570333333334,-0.021252713766666667,0.23805264654970545,3.2007514492858187,17.43303296,10.551727677355073,atm dry,0.0,0.0,0.0,,
Oran,2020-12-26,True,123.60716666666667,1.9706443333333332,2.671737701600153,167.58271484367654,20.166003333333332,0.00856419557897201,669.8335233333333,20.51788111111111,0.014028539333333334,0.015692615738725792,62.72423926319869,17.43303296,10.551727677355073,atm dry,0.0,0.0,0.0,,
Oran,2020-12-27,True,74.194575,4.0858995005,5.539534230395583,100.59067480045876,14.974825,0.011892223360340338,12.28527,20.32019,0.0012380184999999998,0.052195640439991225,18.158688188713562,17.43303296,10.551727677355073,atm dry,0.0,0.0,0.0,,
Oran,2020-12-28,True,-17.574999487179486,18.899371076923078,25.623173795819508,-23.827632384619783,-6.709646230769231,1.0713802425453671,8.804183153846154,20.81120760683761,-0.017107379615384614,14.27044435510897,-0.929925097276877,17.43303296,10.551727677355073,normal,0.0,0.0,0.0,,
Oran,2020-12-29,True,-14.1403219625,11.966959996875,16.224428556882387,-19.171004458258874,-8.639318,0.5540897066063146,7.17141034375,20.948243020833335,0.002675157125,-5.506197396545318,-1.181613539795616,17.43303296,10.551727677355073,normal,0.0,0.0,0.0,,
Oran,2020-12-30,True,6.786135704545455,14.906597522954543,20.209896799231544,9.200429678419397,-11.398111477272728,0.9664564635134124,7.473807386363637,22.10540159090909,-0.007066503818181818,0.6871700936264393,0.4552437733758854,17.43303296,10.551727677355073,normal,0.0,0.0,0.0,,
Oran,2020-12-31,True,12.036200775000001,13.0492334325,17.691740893507127,16.3183030294473,-3.7990935750000006,0.8067235061240383,8.188886475,21.720400666666666,-0.013684356249999998,0.5201916508424862,0.9223684162950928,17.43303296,10.551727677355073,normal,0.0,0.0,0.0,,
Tarazona,2020-06-18,True,28.766254642857145,113.65903478571428,160.1260462841788,40.5267089505811,13.545975290873011,4.70063843,1392.0889009285713,0.18571428571428572,4.715447214285715,0.7980256543042948,0.2530925473464671,0.16060555555555556,1224.035170736434,atm dry,0.0,0.0,0.0,,
Tarazona,2020-06-19,True,17.88294129032258,107.68433270967742,151.7087178864375,25.193990870590785,6.062786527240226,4.933116804,1280.4434064516129,0.17964516129032257,3.807623870967742,0.8575827863371265,0.16606818132528087,0.16060555555555556,1224.035170736434,atm dry,0.0,0.0,0.0,,
Tarazona,2020-06-20,True,4.741445,151.05407046428573,212.8092247499708,6.679881128282422,7.821026634920634,6.2695491500000005,1877.874775,0.33267857142857143,4.762629107142857,0.9695662292597444,0.03138905813942325,0.16060555555555556,1224.035170736434,atm dry,13.65,0.0,13.65,0.0,0-1d (直後)
Tarazona,2020-06-21,True,-17.939608107142856,180.74205392857144,254.63449119930064,-25.273824676588237,7.435041075396785,7.50831594,2086.6632142857143,0.252,3.7217772142857144,1.1101924975182504,-0.09925530731344086,0.16060555555555556,1224.035170736434,atm dry,0.0,0.0,0.0,1.0,0-1d (直後)
Tarazona,2020-06-22,True,-10.757186071428572,152.22244392857144,214.45526216153374,-15.15502641746519,10.49228089722214,6.3135736,1874.50675,0.22142857142857145,3.65878,1.0760411866091646,-0.07066754279990574,0.16060555555555556,1224.035170736434,atm dry,0.0,0.0,0.0,2.0,2-3d (短期)
Tarazona,2020-06-23,True,3.692314285714286,151.64204285714285,213.6375768010855,5.201836258109173,8.672986041269727,6.2829776,1750.6398214285714,0.20410714285714285,5.223340714285714,0.9762298930279889,0.024348882514018212,0.16060555555555556,1224.035170736434,atm dry,0.0,0.0,0.0,3.0,2-3d (短期)
Tarazona,2020-06-24,True,-26.452073793103448,104.17642827586207,146.76668341651086,-37.266425854246066,-1.7199446716475044,4.4614907,1454.4007586206897,0.1865862068965517,4.91283718275862,1.3403318556858679,-0.25391611356705013,0.16060555555555556,1224.035170736434,atm dry,0.0,0.0,0.0,4.0,4-7d (中期)
Tarazona,2020-06-25,True,9.197700655172415,138.6723644827586,195.3655289732731,12.957979483064147,10.956218749042137,5.95790858,1859.3280344827585,0.19341379310344828,6.956004234482759,0.9377987651077794,0.06632684666104459,0.16060555555555556,1224.035170736434,atm dry,0.0,0.0,0.0,5.0,4-7d (中期)
Tarazona,2020-06-26,True,-9.599967857142857,139.92745357142857,197.13373379642712,-13.52470483598279,3.597339714285809,5.7983284,1736.233607142857,0.36064285714285715,5.053561214285714,1.0736603472746238,-0.06860675022748397,0.16060555555555556,1224.035170736434,atm dry,12.35052,0.0,12.35052,0.0,0-1d (直後)
Tarazona,2020-06-27,True,-8.083335035714287,167.14353132142855,235.47650992229006,-11.388029842938593,0.5316483249999805,6.928709659,1854.4291071428572,0.3528928571428572,5.028441321428572,1.050819345282301,-0.04836163847806634,0.16060555555555556,1224.035170736434,atm dry,12.48,0.0,12.48,0.0,0-1d (直後)
Tarazona,2020-06-28,True,-11.184432258064517,156.51877451612904,220.5080535811724,-15.756942866826106,11.944990047311872,7.1936123,2040.0527096774192,0.32906451612903226,5.426125193548387,1.0769565684496287,-0.07145744842841187,0.16060555555555556,1224.035170736434,atm dry,10.92,0.0,10.92,0.0,0-1d (直後)
Tarazona,2020-06-29,True,-22.860709655172414,169.8068279310345,239.2286371243403,-32.20681100481603,12.376507649808355,7.31223997,2067.620344827586,0.24320689655172414,4.219815172413793,1.1555720554132363,-0.1346277410261564,0.16060555555555556,1224.035170736434,atm dry,0.0,0.0,0.0,1.0,0-1d (直後)
Tarazona,2020-06-30,True,-22.850470357142857,163.5061582142857,230.35207634245828,-32.19238559364402,8.864779651587375,6.79268876,1888.918642857143,0.219,3.3549471428571427,1.1624567815583182,-0.13975296469993376,0.16060555555555556,1224.035170736434,atm dry,0.0,0.0,0.0,2.0,2-3d (短期)
Tarazona,2020-07-01,True,-22.395765107142857,196.82325339285714,277.29013748890804,-31.551784043187155,9.320107461111059,8.184851554,2254.692771428571,0.19960714285714287,3.7403861071428572,1.1283958470493958,-0.11378617475873719,0.16060555555555556,1224.035170736434,atm dry,0.0,0.0,0.0,3.0,2-3d (短期)
Tarazona,2020-07-02,True,-12.706284615384615,182.69167538461537,257.38117276399714,-17.90097128889884,5.169936341880334,7.0471503,2445.2369615384614,0.18115384615384617,3.166427692307692,1.0747492743810816,-0.06955043019138366,0.16060555555555556,1224.035170736434,atm dry,0.0,0.0,0.0,4.0,4-7d (中期)
Tarazona,2020-07-03,True,26.009079354838708,131.1275354516129,184.7361615417691,36.6423228248745,7.617486572043064,6.02749487,1734.303506451613,0.16545161290322583,4.563934193548387,0.8344811017669267,0.1983494867440429,0.16060555555555556,1224.035170736434,atm dry,0.0,0.0,0.0,5.0,4-7d (中期)
Tarazona,2020-07-04,True,22.129708322580647,114.4008710967742,161.17116615259945,31.176955758930223,8.245453081720479,5.26416181,1824.003258064516,0.15396774193548385,4.335035483870968,0.8379139060517053,0.19344003337055574,0.16060555555555556,1224.035170736434,compound,0.0,0.0,0.0,6.0,4-7d (中期)
Tarazona,2020-07-05,True,15.77795041935484,135.78777682580645,191.30164071715052,22.228420502446856,9.243911226236587,6.2544737393,2059.6356774193546,0.14419354838709678,4.699355806451613,0.8959002757012895,0.11619566052396141,0.16060555555555556,1224.035170736434,compound,0.0,0.0,0.0,7.0,4-7d (中期)
Tarazona,2020-07-06,True,0.3030182142857144,142.1558657142857,200.27318352517162,0.42690058645264833,9.574403228968436,5.92055743,2684.8038571428574,0.1365714285714286,4.047096428571429,0.9978729426629676,0.002131591354061602,0.16060555555555556,1224.035170736434,compound,0.0,0.0,0.0,8.0,8+d (長期)
Tarazona,2020-07-07,True,6.116319642857144,158.59116642857143,223.4276976192935,8.616843210638216,9.254675984722269,6.60935307,2623.049142857143,0.24314285714285713,4.044009535714285,0.9628655637412578,0.03856658463768787,0.16060555555555556,1224.035170736434,atm dry,2.60052,0.0,2.60052,0.0,0-1d (直後)
Tarazona,2020-07-08,True,-11.2830228125,84.4043715625,118.91125358300714,-15.895840014003918,-7.299677436458223,3.9890635,1228.704625,0.23915625000000001,2.53989363125,1.154305452585077,-0.1336781804499914,0.16060555555555556,1224.035170736434,atm dry,0.0,0.254,0.254,1.0,0-1d (直後)
Tarazona,2020-07-09,True,-11.715282499999999,97.96805396875,138.02015100468464,-16.504819624449365,-2.9505809843750583,4.634202202,1037.523809375,0.329625,3.55306903125,1.1358249978581214,-0.11958268053111436,0.16060555555555556,1224.035170736434,normal,0.0,0.0,0.0,2.0,2-3d (短期)
Tarazona,2020-07-10,True,8.330883413793103,121.88863331034483,171.72013624578764,11.736782963361925,10.475141973180099,5.23211486,1381.2638172413792,0.21979310344827585,4.346333572413792,0.936024310154356,0.06834832081988773,0.16060555555555556,1224.035170736434,atm dry,0.0,0.0,0.0,3.0,2-3d (短期)
Tarazona,2020-07-11,True,19.399649,127.86914,180.14564234652156,27.33077136830712,7.552673462963009,5.67657934,1134.64973,0.19556666666666667,4.661339333333333,0.8682704656449644,0.1517148625540142,0.16060555555555556,1224.035170736434,normal,0.0,0.0,0.0,4.0,4-7d (中期)
Tarazona,2020-07-12,True,8.545856178571428,98.87687057142857,139.30051740634116,12.039642643172074,-5.395510626984153,4.078596933,351.4156357142857,0.17532142857142857,9.864855725,0.920446478718979,0.08642927440141736,0.16060555555555556,1224.035170736434,normal,0.0,3.3020000000000005,3.3020000000000005,5.0,4-7d (中期)
Tarazona,2020-07-13,True,9.172934333333332,121.68575416666667,171.43431439966736,12.923087991995525,8.809516994074086,5.398509833,1112.5313666666666,0.18246666666666667,3.1696470333333333,0.9299019848167489,0.0753821546010196,0.16060555555555556,1224.035170736434,normal,0.0,0.0,0.0,6.0,4-7d (中期)
Tarazona,2020-07-14,True,16.1344232,93.1059676,131.1703069215639,22.730629386063125,-1.8046460191112295,3.4327264,748.289036,0.35128,2.2870768719999996,0.8523035016458399,0.17329096744170455,0.16060555555555556,1224.035170736434,normal,0.0,2.794,2.794,7.0,4-7d (中期)
Tarazona,2020-07-15,True,38.0280896875,106.73673759375001,150.37371922418663,53.57504276611088,12.423844250694428,5.04926468,1019.7265,0.23859375,3.3534810625,0.7373112626755753,0.35627929562770094,0.16060555555555556,1224.035170736434,normal,0.0,0.0,0.0,8.0,8+d (長期)
Tarazona,2020-07-16,True,22.354915833333333,122.08008234666666,171.98985503505,31.494234436848945,10.74013837629635,5.424896496,1414.3479166666666,0.21156666666666665,3.1341945333333334,0.845225076227897,0.183116814828588,0.16060555555555556,1224.035170736434,atm dry,0.0,0.0,0.0,9.0,8+d (長期)
Tarazona,2020-07-17,True,17.360031,138.389645,194.96722581095085,24.45730014020996,6.752952932948076,6.16368643,1418.3147933333335,0.19076666666666667,3.2323383333333333,0.8885388949380544,0.1254431355756422,0.16060555555555556,1224.035170736434,atm dry,0.0,0.0,0.0,10.0,8+d (長期)
Tarazona,2020-07-18,True,23.247516137931033,110.00407668965518,154.97683847716465,32.75175486148349,9.106210750957867,4.73262415,1558.5757727586208,0.19251724137931034,2.6480144827586205,0.8255366735614867,0.21133322361785925,0.16060555555555556,1224.035170736434,atm dry,0.0,0.0,0.0,11.0,8+d (長期)
Tarazona,2020-07-19,True,7.8526761290322575,111.07584,156.48676878549003,11.063071085046108,-3.072122170609388,5.10307311,1121.2482548387097,0.31761290322580643,2.9083981612903225,0.9339714613061139,0.07069652706684243,0.16060555555555556,1224.035170736434,normal,10.92,0.254,11.174,0.0,0-1d (直後)
Tarazona,2020-07-20,True,6.804965666666667,127.02213733333333,178.9523611572066,9.587027105740228,13.353497498518571,5.65461729,1434.9774346333334,0.21839999999999998,2.964325233333333,0.9491510649627777,0.05357306851804088,0.16060555555555556,1224.035170736434,atm dry,0.0,0.0,0.0,1.0,0-1d (直後)
Tarazona,2020-07-21,True,13.031061333333334,120.05731816666666,169.14012794279276,18.358525867541246,8.853318576296163,5.33944284,1487.3556366666667,0.19093333333333332,2.6693932,0.9020871590570885,0.10854033333680899,0.16060555555555556,1224.035170736434,atm dry,0.0,0.0,0.0,2.0,2-3d (短期)
Tarazona,2020-07-22,True,44.76074935483871,99.4410770967742,140.09538743459416,63.06020314548976,4.098965054659471,4.55248124,988.4954096774194,0.1866774193548387,2.7917229032258066,0.689596515825975,0.45012333596586435,0.16060555555555556,1224.035170736434,normal,0.0,0.0,0.0,3.0,2-3d (短期)
Tarazona,2020-07-23,True,5.90647213,163.3288913333333,230.1023377727304,8.321204129946269,15.257773220370378,7.2734407,1932.1546,0.32626666666666665,4.139494666666667,0.9650990667132068,0.036163057752872686,0.16060555555555556,1224.035170736434,atm dry,12.35052,0.0,12.35052,0.0,0-1d (直後)
Tarazona,2020-07-24,True,-10.44486724137931,163.54646068965516,230.4088556037686,-14.715022861829027,14.812280903448267,7.05305499,2239.697379310345,0.21462068965517242,3.0413974793103447,1.068221806227693,-0.06386483203203908,0.16060555555555556,1224.035170736434,atm dry,0.0,0.0,0.0,1.0,0-1d (直後)
Tarazona,2020-07-25,True,-4.842754666666666,138.37999333333335,194.95362827137734,-6.82260903728047,13.729631332222253,6.1565124,1867.9538,0.348,3.1313408333333332,1.0362651999923038,-0.03499606084675343,0.16060555555555556,1224.035170736434,atm dry,20.28,0.0,20.28,0.0,0-1d (直後)
Tarazona,2020-07-26,True,-10.571967258064515,139.78219645161292,196.9290914788625,-14.894084941608481,11.769539532293951,6.44199306,1961.509206451613,0.2563870967741936,2.862748064516129,1.0818198940134096,-0.07563171509988481,0.16060555555555556,1224.035170736434,atm dry,0.0,0.0,0.0,1.0,0-1d (直後)
Tarazona,2020-07-27,True,-23.764543571428568,159.46685035714287,224.66138577739815,-33.480157657640454,10.29300844166677,6.6373785,2216.8776039285717,0.21414285714285716,1.2871626071428572,1.1751226204942473,-0.14902497615150334,0.16060555555555556,1224.035170736434,atm dry,0.0,0.254,0.254,2.0,2-3d (短期)
Tarazona,2020-07-28,True,-4.604685,139.46485633333336,196.4820137910811,-6.487209792201564,10.48630127703685,6.22179992,2317.1399,0.1884,2.4245921333333333,1.0341441431853042,-0.03301681241469461,0.16060555555555556,1224.035170736434,atm dry,0.0,0.0,0.0,3.0,2-3d (短期)
Tarazona,2020-07-29,True,25.395640666666665,125.090075,176.23041737865415,35.77809314036297,5.658408386666595,5.56495415,1405.7500333333335,0.1866,3.005122966666667,0.8312421843218709,0.20301882996446094,0.16060555555555556,1224.035170736434,atm dry,0.0,0.0,0.0,4.0,4-7d (中期)
Tarazona,2020-07-30,True,-24.974534230769226,163.1236919230769,229.81324706976824,-35.18482654459953,2.8457447761967503,6.29215138,1811.8788076923079,0.33269230769230773,0.4481897692307691,1.1807794897048427,-0.15310182068798622,0.16060555555555556,1224.035170736434,atm dry,12.48,3.81,16.29,0.0,0-1d (直後)
Tarazona,2020-07-31,True,-16.327295506666665,181.30684953333332,255.4301911392105,-23.00235331863452,4.426278239629594,8.096462240000001,2122.61647,0.25083333333333335,2.469424478,1.098965569418545,-0.09005338490350243,0.16060555555555556,1224.035170736434,atm dry,0.0,2.286,2.286,1.0,0-1d (直後)
Tarazona,2020-08-01,True,-54.411074178571425,245.4377875,345.77966102920976,-76.65585229292216,3.9728929728175117,10.22628941,2605.0945464285714,0.319,1.7371909642857142,1.2848348968189456,-0.22168988211960405,0.16060555555555556,1224.035170736434,atm dry,11.31,0.0,11.31,0.0,0-1d (直後)
Tarazona,2020-08-02,True,-38.99229740740741,230.68361037037036,324.9935611437214,-54.93344573228549,12.994485483538964,9.266526,3013.356777777778,0.20974074074074076,1.7854232592592594,1.2034119168193145,-0.16902933565502964,0.16060555555555556,1224.035170736434,atm dry,0.0,0.0,0.0,1.0,0-1d (直後)
Tarazona,2020-08-03,True,12.454244482758622,106.61196326206895,150.19793363487994,17.545890058282822,7.658707229885102,4.5853315909,1395.718375862069,0.20075862068965517,2.8926906655172413,0.8954006790117186,0.11681845171675652,0.16060555555555556,1224.035170736434,atm dry,0.0,0.0,0.0,2.0,2-3d (短期)
Tarazona,2020-08-04,True,20.926962793103446,123.35128355172414,173.78075906112502,29.48249401478244,7.720101471264329,5.30183584,1247.0637241379309,0.3263793103448276,3.513570931034483,0.8549541367235111,0.16965338495507648,0.16060555555555556,1224.035170736434,atm dry,12.48,0.0,12.48,0.0,0-1d (直後)
Tarazona,2020-08-05,True,27.550509310344825,132.17133310344826,186.20669304350338,38.81393271813584,11.201099577011384,5.68941657,1413.4833689655172,0.22237931034482758,3.349320551724138,0.8275094445819787,0.20844542204005395,0.16060555555555556,1224.035170736434,atm dry,0.0,0.0,0.0,1.0,0-1d (直後)
Tarazona,2020-08-06,True,11.722158064516128,119.13163393548388,167.83599795148703,16.5145061132007,5.429541720430109,5.478694835,1633.3189467741934,0.19280645161290325,2.235827258064516,0.9104178955355292,0.09839668673447645,0.16060555555555556,1224.035170736434,atm dry,0.0,0.0,0.0,2.0,2-3d (短期)
Tarazona,2020-08-07,True,-10.686216551724138,122.97335172413793,173.24831806837486,-15.055042561202614,9.492141944406113,5.2998203,2382.679137931035,0.18651724137931033,1.5191814137931035,1.0951686632250057,-0.08689863618335926,0.16060555555555556,1224.035170736434,atm dry,0.0,0.0,0.0,3.0,2-3d (短期)
Tarazona,2020-08-08,True,-28.88235076923077,213.33370846153846,300.5505311521561,-40.69026844006793,10.644901361196673,8.2555506,2495.1626538461537,0.3307307692307692,3.2902906153846154,1.1565851893452084,-0.13538578116658911,0.16060555555555556,1224.035170736434,atm dry,12.35052,1.016,13.36652,0.0,0-1d (直後)
Tarazona,2020-08-09,True,-20.317884814814814,153.55523,216.33292868019493,-28.62440782105402,17.0246004658436,6.167008732,2288.9482222222223,0.21014814814814814,1.9215188148148148,1.1524939181771838,-0.1323164623882548,0.16060555555555556,1224.035170736434,atm dry,0.0,0.508,0.508,1.0,0-1d (直後)
Tarazona,2020-08-10,True,-18.029872666666666,124.18065456666666,174.94920028338092,-25.40099192786202,2.78240991629628,5.518146998,1602.0251333333333,0.17673333333333333,2.5661987,1.1698515295313774,-0.1451906718448427,0.16060555555555556,1224.035170736434,atm dry,0.0,0.0,0.0,2.0,2-3d (短期)
Tarazona,2020-08-11,True,25.10111857142857,102.14540142857142,143.90531564608398,35.363162125483925,5.4033504019841745,4.23142797,961.5415857142858,0.15767857142857142,0.007296250000000242,0.8027363060975767,0.2457390956457434,0.16060555555555556,1224.035170736434,soil dry,0.0,10.668,10.668,3.0,2-3d (短期)
Tarazona,2020-08-12,True,28.932349227272724,159.48959672727273,224.69343150366248,40.76070767458773,11.49730790151522,5.183259776,1069.6797045454546,0.24813636363636363,2.349466909090909,0.8464491538886223,0.1814058711098697,0.16060555555555556,1224.035170736434,normal,0.0,10.414,10.414,4.0,4-7d (中期)
Tarazona,2020-08-13,True,6.169233172413793,150.2117748275862,211.6225749569175,8.691389279930654,1.1401483333332885,6.45091366,1471.4446206896553,0.2003448275862069,1.6952278448275861,0.9605499846092961,0.04107023686721543,0.16060555555555556,1224.035170736434,atm dry,0.0,0.0,0.0,5.0,4-7d (中期)
Tarazona,2020-08-14,True,7.157899387096774,109.99374612903226,154.9622844926832,10.084250061745323,7.027463163799196,5.04949697,1351.0960903225805,0.16632258064516128,1.6432902258064517,0.9389005646863807,0.0650755123723119,0.16060555555555556,1224.035170736434,atm dry,0.0,0.0,0.0,6.0,4-7d (中期)
Tarazona,2020-08-15,True,29.55045416666667,87.65538,123.49136574492047,41.63151130511718,-12.63053212962935,1.55490193,835.4110000000001,0.14983333333333335,2.278721083333333,0.7478755697037578,0.3371208266585196,0.16060555555555556,1224.035170736434,soil dry,0.0,0.0,0.0,7.0,4-7d (中期)
Tarazona,2020-08-16,True,-40.06118,29.814160000000005,42.00302750313305,-56.439317604385415,-55.2574835555554,0.2177241,633.1265999999999,0.13740000000000002,-2.534104,-2.9095444334060057,-1.3436964180778528,0.16060555555555556,1224.035170736434,soil dry,0.0,0.0,0.0,8.0,8+d (長期)
Tarazona,2020-08-18,True,16.664512625,62.161915,87.57545493122794,23.477434283380205,-15.587114472222169,0.7331831,847.12595,0.12475,2.950625625,0.7885923144420818,0.26808235597310665,0.16060555555555556,1224.035170736434,soil dry,0.0,0.0,0.0,10.0,8+d (長期)
Tarazona,2020-08-26,True,-7.711553333333334,142.83233533333333,201.2262129586318,-10.864253319626556,-5.003419481481537,3.189866,3152.0266666666666,0.22946666666666668,1.890695466,1.057071556419303,-0.05399024888402604,0.16060555555555556,1224.035170736434,atm dry,6.36948,0.0,6.36948,0.0,0-1d (直後)
Tarazona,2020-08-27,True,-2.733004483870967,122.14488277419356,172.0811477006702,-3.850333616718302,2.661638695340503,5.63547349,2529.459841935484,0.17541935483870966,1.748323693548387,1.0228872078975786,-0.0223751042352172,0.16060555555555556,1224.035170736434,atm dry,0.0,0.0,0.0,1.0,0-1d (直後)
Tarazona,2020-08-28,True,23.432083548387098,105.47010516129032,148.5892518135011,33.01177862259458,2.259123992831618,4.85043836,2038.1644516129031,0.14090322580645162,1.605379019354839,0.818218109537593,0.2221680116138459,0.16060555555555556,1224.035170736434,compound,0.0,0.0,0.0,2.0,2-3d (短期)
Tarazona,2020-08-29,True,49.24502903225807,70.89305322580645,99.87612813591338,69.37778253133816,-8.934873437275966,3.2356816900000003,1393.2438387096774,0.1283225806451613,2.4102195806451614,0.5900964281544256,0.6946382867077858,0.16060555555555556,1224.035170736434,compound,0.0,0.0,0.0,3.0,2-3d (短期)
Tarazona,2020-08-30,True,57.502626516129034,64.84978851612904,91.36220677072,81.01131821454489,-3.373027051612871,2.958274014,1217.2309806451613,0.12225806451612903,3.0983787741935482,0.5300245892084063,0.8867049196594889,0.16060555555555556,1224.035170736434,soil dry,0.0,0.0,0.0,4.0,4-7d (中期)
Tarazona,2020-08-31,True,46.42051451612903,55.55310193548387,78.264773130636,65.39852700631359,4.488212811469432,2.53789087,1218.500829032258,0.11938709677419355,-1.4259231580645157,0.5447791680688715,0.8356061659714178,0.16060555555555556,1224.035170736434,soil dry,0.0,0.0,0.0,5.0,4-7d (中期)
Tarazona,2020-09-01,True,19.31397444375,32.69309605625,46.05895362516466,27.210070642796577,-2.081051105208387,1.54196508,846.69948125,0.11775000000000001,2.13574773125,0.6286279104347936,0.5907661486241439,0.16060555555555556,1224.035170736434,soil dry,0.0,0.0,0.0,6.0,4-7d (中期)
Tarazona,2020-09-02,True,51.7016309375,43.889697500000004,61.83304078319461,72.83871241801369,9.609103734722307,2.074984791,1028.446159375,0.1168125,2.27691959375,0.4591389011681763,1.1779901407955706,0.16060555555555556,1224.035170736434,soil dry,0.0,0.0,0.0,7.0,4-7d (中期)
Tarazona,2020-09-03,True,54.72687203125,47.00783230625,66.22595683467469,77.10075719352939,6.7627187292013335,2.2232970102,1145.872846875,0.114875,1.9955363312499999,0.46206289793012784,1.1642075234337854,0.16060555555555556,1224.035170736434,soil dry,0.0,0.0,0.0,8.0,8+d (長期)
Tarazona,2020-09-04,True,56.995952612903224,41.88027490322581,59.00210968878432,80.2975017631569,4.273761751612922,1.916814642,1124.2211548387097,0.11274193548387097,2.0117848741935482,0.42356262931243155,1.3609259429315053,0.16060555555555556,1224.035170736434,soil dry,0.0,0.0,0.0,9.0,8+d (長期)
Tarazona,2020-09-05,True,32.70221870967742,72.48744541935484,102.12235272035224,46.071805876001626,5.394877322222033,3.32266199,1248.0096741935483,0.30406451612903224,2.1254367612903224,0.6891118630290252,0.4511432085996179,0.16060555555555556,1224.035170736434,atm dry,12.74052,0.0,12.74052,0.0,0-1d (直後)
Tarazona,2020-09-06,True,32.25764875,72.314401625,101.87856375384997,45.44548320773267,6.046643732291688,3.4215634889,1306.1356465625,0.21784375,2.68011746875,0.6915270511162147,0.44607502828106266,0.16060555555555556,1224.035170736434,atm dry,0.0,0.0,0.0,1.0,0-1d (直後)
Tarazona,2020-09-07,True,46.2604475,60.19186921875,84.79999900249223,65.1730200901096,1.9726711836804292,2.840414751,762.722425,0.18075,3.2913475937500003,0.5654350330183853,0.7685497742540564,0.16060555555555556,1224.035170736434,normal,0.0,0.0,0.0,2.0,2-3d (短期)
Tarazona,2020-09-08,True,44.8112234375,50.55115284375,71.21788650799195,63.13131245335614,-2.4479725685416365,2.378261303,754.068628125,0.1555625,2.8218493156249997,0.5300953564187691,0.8864530464024883,0.16060555555555556,1224.035170736434,soil dry,0.0,0.0,0.0,3.0,2-3d (短期)
Tarazona,2020-09-09,True,41.47244765,61.27350046875,86.32383154186272,58.427551179211335,6.194230988194534,2.891676275,1094.707,0.14103125,3.329517625,0.5963592880366664,0.6768414948179972,0.16060555555555556,1224.035170736434,soil dry,0.0,0.0,0.0,4.0,4-7d (中期)
Tarazona,2020-09-10,True,35.10066336451613,47.744690935483874,67.26406400487942,49.450802191911,5.491825221505217,2.185352085,1018.9546741935484,0.133,2.3886398687096775,0.5763110235800376,0.7351741665255876,0.16060555555555556,1224.035170736434,soil dry,0.0,0.0,0.0,5.0,4-7d (中期)
Tarazona,2020-09-11,True,35.549409375,66.4329970625,93.59267551833572,50.0830081980596,7.091284023611049,3.146403459,1442.413375,0.1284375,2.7060145156249997,0.6514162528927332,0.5351167484067474,0.16060555555555556,1224.035170736434,compound,0.0,0.0,0.0,6.0,4-7d (中期)
Tarazona,2020-09-12,True,31.446890000000003,55.54297078125,78.25050007548624,44.30326346802994,6.980070561458353,2.62868279,1545.331,0.1254375,1.79519478125,0.6384993639767023,0.5661722727048609,0.16060555555555556,1224.035170736434,compound,0.0,0.0,0.0,7.0,4-7d (中期)
Tarazona,2020-09-13,True,23.46205375,71.41367403125,100.6095933755763,33.05400148591259,4.000982480208337,3.378349069,1219.41613125,0.30903125,2.09447571875,0.7527075227913378,0.32853727340415523,0.16060555555555556,1224.035170736434,normal,12.99948,0.0,12.99948,0.0,0-1d (直後)
Tarazona,2020-09-14,True,11.966202258064516,72.43308838709677,102.04577300383752,16.858322439858664,5.770693081648692,3.3136552200000002,1140.0228258064517,0.3255806451612903,1.6159238387096773,0.8582191607702742,0.1652035350766042,0.16060555555555556,1224.035170736434,normal,12.99948,0.0,12.99948,0.0,0-1d (直後)
Tarazona,2020-09-15,True,19.0688831875,65.799436125,92.70009704278172,26.86477918474288,7.850255853819379,3.109670029,942.8278125,0.327375,1.972779090625,0.7753121147917984,0.28980313982135963,0.16060555555555556,1224.035170736434,normal,12.99948,0.0,12.99948,0.0,0-1d (直後)
Tarazona,2020-09-16,True,9.996428125,82.32616103125,115.98341211098865,14.083249216730161,4.587585760069408,3.895418018,1116.185728125,0.29815625,2.07567778125,0.8917228360214022,0.12142468444757772,0.16060555555555556,1224.035170736434,normal,7.14948,0.0,7.14948,0.0,0-1d (直後)
Tarazona,2020-09-17,True,1.3191103333333334,55.52617333333333,78.2268353582235,1.8583997540318762,2.182076139259294,2.4533638,715.7753873333334,0.23090000000000002,1.6031993666666666,0.9767947268753477,0.023756550364356702,0.16060555555555556,1224.035170736434,normal,0.0,0.508,0.508,1.0,0-1d (直後)
Tarazona,2020-09-18,True,17.1477575,68.4684695,96.46030636133723,24.15824326057001,-3.3699096861666376,2.00827087,132.305915,0.22694999999999999,1.59700665,0.7997136979652233,0.25044750708207375,0.16060555555555556,1224.035170736434,normal,0.0,15.748,15.748,2.0,2-3d (短期)
Tarazona,2020-09-19,True,-1.0736633333333334,19.6414935,27.6714887048003,-1.5126071141734496,-11.284887679259421,0.172191688,22.194166666666664,0.25266666666666665,-3.008545,1.0578238449886725,-0.05466301904859389,0.16060555555555556,1224.035170736434,normal,0.0,0.0,0.0,3.0,2-3d (短期)
Tarazona,2020-09-20,True,19.169799,59.81668095,84.2714232126273,27.006952220908868,-27.223662516222372,1.75698924,346.29720499999996,0.2287,-0.31339305,0.7573027812844063,0.3204758053363708,0.16060555555555556,1224.035170736434,normal,0.0,0.0,0.0,4.0,4-7d (中期)
Tarazona,2020-09-21,True,3.0354737500000004,15.751912625000001,22.19173772512201,4.276460829561808,-34.71368040120831,0.370106031,106.5865,0.2099375,-0.816864324375,0.8384302270996435,0.19270509063022445,0.16060555555555556,1224.035170736434,normal,0.0,0.0,0.0,5.0,4-7d (中期)
Tarazona,2020-09-22,True,0.4831062499999999,9.926300566666667,13.984451539337854,0.6806136783892439,-20.381817596018504,0.1741644447,97.66586666666666,0.19566666666666666,-0.42643633333333336,0.9535894543744327,0.048669315094317246,0.16060555555555556,1224.035170736434,normal,0.0,0.0,0.0,6.0,4-7d (中期)
Tarazona,2020-09-29,True,32.4800356,58.960196720000006,83.06478413010109,45.758788059416744,15.03982782613332,2.17301397,1040.8814479999999,0.28912,2.16800816,0.6447949138368942,0.550880719653067,0.16060555555555556,1224.035170736434,normal,9.48948,0.0,9.48948,0.0,0-1d (直後)
Tarazona,2020-09-30,True,12.066732129032257,62.865742,88.5670262127414,16.999951750734585,-2.0092844250896835,2.87112735,956.7255870967742,0.23474193548387098,2.3224060967741935,0.8389652514575513,0.19194447953914642,0.16060555555555556,1224.035170736434,normal,0.0,0.0,0.0,1.0,0-1d (直後)
Tarazona,2020-10-01,True,2.2893524999999992,63.1392803125,88.95239468406838,3.2253042185950007,1.353990769895872,2.96963241,947.380625,0.20728125,1.115155671875,0.9650099291152753,0.036258767738072614,0.16060555555555556,1224.035170736434,normal,0.0,0.0,0.0,2.0,2-3d (短期)
Tarazona,2020-10-02,True,2.4925946153846144,61.95586,87.28515884936085,3.511637429468458,-16.755718247863175,2.34364097,234.2518423076923,0.2215769230769231,-0.5023570384615385,0.9613242143623161,0.040231781390567656,0.16060555555555556,1224.035170736434,normal,0.0,0.0,0.0,3.0,2-3d (短期)
Tarazona,2020-10-03,True,32.677316,79.1555644,111.51658636430537,46.03672223790874,11.82846283631305,2.883051,272.430908,0.24792000000000003,0.18978660000000003,0.7078022502584133,0.4128239909309521,0.16060555555555556,1224.035170736434,normal,0.0,0.0,0.0,4.0,4-7d (中期)
Tarazona,2020-10-04,True,11.804171428571427,29.475905,41.52648434149199,16.630048848130652,-3.011454257936561,0.60058565,150.0809092857143,0.2285,-0.09226157142857147,0.7140467642060533,0.40046849888311925,0.16060555555555556,1224.035170736434,normal,0.0,0.0,0.0,5.0,4-7d (中期)
Tarazona,2020-10-05,True,7.33836,19.82301,27.927214257415983,10.338488050909076,-26.21903088888892,0.14424615000000002,122.67460000000001,0.2122,0.5323072000000001,0.7298236429163919,0.37019403208695345,0.16060555555555556,1224.035170736434,normal,0.0,0.0,0.0,6.0,4-7d (中期)
Tarazona,2020-10-08,True,32.5378,81.10528,114.26340056165616,45.84016817148101,0.2221083346533197,0.23921738,1048.9892499999999,0.1645,1.968422,0.7136842824041728,0.4011797998847917,0.16060555555555556,1224.035170736434,normal,0.0,0.0,0.0,9.0,8+d (長期)
Tarazona,2020-10-09,True,16.2781,-35.7183,-50.320946062715066,22.93304530460526,-7.3203656666666665,-0.0520612,0.0,0.154,0.829098,1.8373422084134934,-0.4557355753213338,0.16060555555555556,1224.035170736434,soil dry,0.0,0.0,0.0,10.0,8+d (長期)
Tarazona,2020-10-10,True,121.86859999999999,114.84664000000001,161.7991779262746,171.6919127544871,60.69160081333341,0.84344,734.8022,0.42560000000000003,7.626130000000001,0.48516791736771997,1.0611420586618816,0.16060555555555556,1224.035170736434,normal,11.04948,0.0,11.04948,0.0,0-1d (直後)
Tarazona,2021-03-15,True,57.23848659574468,39.58332659574468,55.766104282883084,80.63919046247743,-7.0433876282506,2.72065234,844.2053489361703,0.2712659574468085,-0.5631117914893617,0.40882653702692745,1.44602517065602,0.16060555555555556,1224.035170736434,normal,,,,156.0,8+d (長期)
Tarazona,2021-03-16,True,48.09476378125,25.37715096875,35.75204433368459,67.75725648016012,2.4466939790798663,3.5537855720000002,466.1692269230769,0.26058333333333333,-0.3810201166666667,0.34539934143679035,1.895199498181454,0.16060555555555556,1224.035170736434,normal,,,,157.0,8+d (長期)
Tarazona,2021-03-17,True,44.7750473152174,30.105349728260872,42.41326378565018,63.08034651437973,4.07030392152778,4.04415744,409.7517652173913,0.2542608695652174,-0.2240469456521739,0.40204580794063655,1.4872787633882094,0.16060555555555556,1224.035170736434,normal,,,,158.0,8+d (長期)
Tarazona,2021-03-18,True,60.976739357142854,23.423360559523807,32.999489430441116,85.9057461377227,-7.565607750529098,2.854432919,254.45137777777776,0.24467261904761903,-0.3536519677380953,0.277527640164539,2.603244705309805,0.16060555555555556,1224.035170736434,normal,,,,159.0,8+d (長期)
Tarazona,2021-03-19,True,88.34564793103449,65.0170724137931,91.59788103269535,124.46383462855738,33.96927018623563,2.7339444999999998,295.4943793103448,0.23587931034482756,3.4704184482758613,0.4239431347305644,1.3588069202619513,0.16060555555555556,1224.035170736434,normal,,,,160.0,8+d (長期)
Tarazona,2021-03-20,True,80.6188159375,65.0646078125,91.66485023991964,113.57805630253655,13.358447974913194,6.03837262,352.535984375,0.23584375,1.387153584375,0.4466164106916797,1.239057894113853,0.16060555555555556,1224.035170736434,normal,,,,161.0,8+d (長期)
Tarazona,2021-03-21,True,80.54915409333333,31.503410000000002,44.382890434359936,113.47991473636627,14.086912312962962,3.43134228,384.9933911111111,0.23529333333333333,0.2472951746666667,0.28114849717994383,2.5568392149717547,0.16060555555555556,1224.035170736434,normal,,,,162.0,8+d (長期)
Tarazona,2021-03-22,True,76.20646310526315,24.222324736842108,34.12509264428039,107.36180948002097,21.459542574488307,2.682538674,371.3060970149254,0.23367105263157895,-0.03334645959210526,0.24118905801118087,3.1461250698762737,0.16060555555555556,1224.035170736434,normal,,,,163.0,8+d (長期)
Tarazona,2021-03-23,True,65.24343662765958,25.28685366553192,35.62483095217298,91.91678930650747,8.980952638859337,3.4748068503,568.8396085,0.23000531914893615,-0.008899088191489374,0.27931925970454624,2.580132644837179,0.16060555555555556,1224.035170736434,normal,,,,164.0,8+d (長期)
Tarazona,2021-03-24,True,54.0652591827957,16.115499065376344,22.703968532727984,76.16865839651307,9.089888185170254,2.1947482065,727.4868801408451,0.22746236559139785,-0.4138967709677419,0.22962845468823492,3.3548609921087245,0.16060555555555556,1224.035170736434,normal,,,,165.0,8+d (長期)
Tarazona,2021-03-25,True,60.076780995744684,22.34867524468085,31.48544251996093,84.63785947563052,9.864096912795507,3.0781720197,680.8616784931506,0.2248351063829787,-0.40897612021276597,0.27113802293665623,2.6881584853689886,0.16060555555555556,1224.035170736434,normal,,,,166.0,8+d (長期)
Tarazona,2021-03-26,True,53.345939775,28.63755317,40.3453906942857,75.15526097497981,14.82258982586458,3.3584699211999998,723.9246805970149,0.22174375,-0.80947252875,0.34930877108654035,1.8627967081658325,0.16060555555555556,1224.035170736434,normal,,,,167.0,8+d (長期)
Tarazona,2021-03-27,True,108.37224269841269,20.606438412698413,29.030930248921607,152.67786483461677,3.632731835295414,1.89163869,217.70188541666667,0.21537301587301588,0.8367596190476191,0.15976623605684576,5.259144764756141,0.16060555555555556,1224.035170736434,normal,,,,168.0,8+d (長期)
Tarazona,2021-03-28,True,100.75963734375,40.22629859375,56.67194132528045,141.9530122114875,22.002419059110245,3.76043305,419.7355140625,0.21238281250000002,0.707145359375,0.2853213572422046,2.5048200024897422,0.16060555555555556,1224.035170736434,normal,,,,169.0,8+d (長期)
Tarazona,2021-03-29,True,75.686866,26.5189279,37.360611801147584,106.62978645797652,2.869836401190477,2.7094735997,355.0649408955224,0.20819285714285715,-0.28099218571428575,0.2594659939332461,2.854069602112384,0.16060555555555556,1224.035170736434,normal,,,,170.0,8+d (長期)
Tarazona,2021-03-30,True,82.7525263442623,42.463871803278685,59.82429742252106,116.58408756080303,12.429853557830569,3.78595627,617.2435573770492,0.20459016393442625,0.008975344262295078,0.3391238881767228,1.948774872146088,0.16060555555555556,1224.035170736434,normal,,,,171.0,8+d (長期)
Tarazona,2021-03-31,True,81.43843366197183,42.199880140845075,59.45237854042622,114.73275681474435,20.46777367214006,4.38702002,735.5469577464789,0.20177464788732394,0.6376422816901408,0.3413171762286168,1.9298261841068105,0.16060555555555556,1224.035170736434,normal,,,,172.0,8+d (長期)
Tarazona,2021-04-01,True,32.0654521875,31.040097515625,43.73016276992974,45.17471128255701,-17.617766688281243,2.91165362,638.9496046875,0.19807812500000002,0.19432343749999997,0.4918758756028694,1.0330332297235487,0.16060555555555556,1224.035170736434,normal,,,,173.0,8+d (長期)
Tarazona,2021-04-02,True,73.3930656531915,33.58983995776596,47.32231166572799,103.39821598764652,8.41008715641253,4.6218418203,278.1854064516129,0.19447872340425532,1.1133918106382978,0.31397389859568,2.1849781286684293,0.16060555555555556,1224.035170736434,normal,,,,174.0,8+d (長期)
Tarazona,2021-04-03,True,56.959643150684926,36.05535592520548,50.79579993404666,80.24634797112724,11.05676287024353,3.85077550038,521.2212409090909,0.19085616438356165,2.477280479452055,0.38762948216328125,1.579783133159025,0.16060555555555556,1224.035170736434,normal,,,,175.0,8+d (長期)
Tarazona,2021-04-04,True,82.0290746056338,42.46106523943662,59.82034345641074,115.56486839531917,11.296999210446012,4.401064281,260.8450829787234,0.18713380281690142,3.844669464788733,0.3410797456913452,1.931865678429743,0.16060555555555556,1224.035170736434,normal,,,,176.0,8+d (長期)
Tarazona,2021-04-05,True,88.55186562666667,45.91491249333333,64.68622065023555,124.75435992060892,14.892801781888885,5.050942946,628.1705655737704,0.18736,3.6946541186666666,0.3414591554529419,1.9286079580250548,0.16060555555555556,1224.035170736434,normal,,,,177.0,8+d (長期)
Tarazona,2021-04-06,True,64.65216209574469,54.063988660638294,76.16686844914844,91.08378510897438,6.803495270330971,7.457976503,957.1856666666666,0.183531914893617,2.0114532765957445,0.4554055056214114,1.195845214114126,0.16060555555555556,1224.035170736434,normal,,,,178.0,8+d (長期)
Tarazona,2021-04-07,True,76.17695755555556,20.70169792222222,29.165134526300662,107.32024123138127,-11.12559008263508,2.715547722,241.61046431818184,0.17776111111111112,2.6066338444444446,0.21368688304072117,3.6797444268464305,0.16060555555555556,1224.035170736434,normal,,,,179.0,8+d (長期)
Tarazona,2021-04-08,True,70.3308952,28.071937400000003,39.54853528251103,99.08414409145077,-10.445277568888878,2.0475586,316.62145714285714,0.17626999999999998,2.456586224,0.28527570455324475,2.5053808790553944,0.16060555555555556,1224.035170736434,normal,,,,180.0,8+d (長期)
Tarazona,2021-04-09,True,59.22663493333334,44.44615881866667,62.616999146347744,83.44014978194322,0.528673005581478,4.85718813,209.93054814814812,0.17181333333333332,3.214110556,0.42871574315811506,1.3325478850707593,0.16060555555555556,1224.035170736434,normal,,,,181.0,8+d (長期)
Tarazona,2021-04-10,True,101.5816636,83.472208,117.59799532742973,143.1111059310344,48.666215516888904,3.0483809,221.879575,0.17257999999999998,-1.0691577916666668,0.4510697737814852,1.2169519176969654,0.16060555555555556,1224.035170736434,normal,,,,182.0,8+d (長期)
Tarazona,2021-04-11,True,69.8997265,102.89291,144.95842675451507,98.47670149489295,28.32132465895835,6.0083334,214.8873515151515,0.17333749999999998,5.957610871794872,0.5954704557100731,0.6793444417112899,0.16060555555555556,1224.035170736434,normal,,,,183.0,8+d (長期)
Tarazona,2021-04-12,True,83.378901,91.35703545312501,128.7063621025147,117.46654180040649,24.307529188020833,8.548831313,601.7911208333334,0.189609375,4.305527578125,0.5228291175103104,0.9126708259133632,0.16060555555555556,1224.035170736434,normal,,,,184.0,8+d (長期)
Tarazona,2021-04-13,True,40.49157241111111,42.423547301587305,59.767487129908645,57.04566654331376,2.5700002251146374,3.90706579,435.4907285714286,0.1892222222222222,2.4235350492063494,0.5116503171989047,0.9544598456903696,0.16060555555555556,1224.035170736434,normal,,,,185.0,8+d (長期)
Tarazona,2021-04-14,True,40.079933026315786,33.815660263157895,47.64045366597698,56.465737395521884,-14.865108898391815,1.87844668,434.25607368421055,0.18813157894736843,1.467811394736842,0.45761403025334235,1.1852476844872615,0.16060555555555556,1224.035170736434,normal,,,,186.0,8+d (長期)
Tarazona,2021-04-15,True,4.910928,10.617782,14.95863003915827,6.918653547505821,-26.17392283888895,0.07703009999999999,,0.1842,-0.8677538,0.6837517089313923,0.46251919657043256,0.16060555555555556,1224.035170736434,normal,,,,187.0,8+d (長期)
Tarazona,2021-04-16,True,58.63307575,63.29960237499999,89.17826091677615,82.60392690320751,-3.042939105541675,3.6975805868,311.7929419354839,0.182575,2.8729545675,0.5191356685375846,0.9262787371498081,0.16060555555555556,1224.035170736434,normal,,,,188.0,8+d (長期)
Tarazona,2021-04-17,True,91.5142761111111,86.93604722222223,122.47794948738026,128.9278871658404,11.082801937847226,9.12441604,443.27397916666666,0.18513888888888888,4.330399168055555,0.48717225947431575,1.0526620318633333,0.16060555555555556,1224.035170736434,normal,,,,189.0,8+d (長期)
Tarazona,2021-04-18,True,72.05226177777777,51.90121211111111,73.11988799110698,101.50925376113034,3.560111750447534,6.81791135,586.0025341515152,0.18529444444444446,3.698045789111111,0.4187152685824282,1.3882577852618723,0.16060555555555556,1224.035170736434,normal,,,,190.0,8+d (長期)
Tarazona,2021-04-19,True,60.447014715662654,67.23870078046988,94.7277735866786,85.15945515769239,20.435331779384203,8.17936458359,768.7612779411766,0.18658433734939758,3.687226771325301,0.5265953244590345,0.8989914143793223,0.16060555555555556,1224.035170736434,normal,,,,191.0,8+d (長期)
Tarazona,2021-04-20,True,70.5311626031746,98.14304758333333,138.26668693278782,99.36628644406187,24.615950795282195,9.0623196133,675.1435978,0.1871031746031746,4.810468031746032,0.5818497532895737,0.7186567397276565,0.16060555555555556,1224.035170736434,normal,,,,192.0,8+d (長期)
Tarazona,2021-04-21,True,42.6953824137931,82.37846517241378,116.05709965676658,60.15045608473741,8.408452539272021,3.4937006,542.6937608333334,0.18524137931034482,8.284293034482758,0.6586386104068206,0.518283295572865,0.16060555555555556,1224.035170736434,normal,,,,193.0,8+d (長期)
Tarazona,2021-04-22,True,56.451700375,117.43804583333333,165.45002337988726,79.53074389651597,3.655335724768515,8.2292178,317.6801717647059,0.28242708333333333,7.841174525,0.6753592341933348,0.4806934581925483,0.16060555555555556,1224.035170736434,normal,,,,194.0,8+d (長期)
Tarazona,2021-04-23,True,40.13349535135135,88.0977,124.11451860668771,56.54119750614048,10.785281269354355,4.7480666000000005,70.95125405405405,0.2609594594594595,8.21971918918919,0.6870223720414814,0.4555566757287801,0.16060555555555556,1224.035170736434,normal,,,,195.0,8+d (長期)
Tarazona,2021-04-24,True,24.550106260869562,69.5016652173913,97.91590155951508,34.58688047827418,-5.528665879649753,2.3263441,82.58258125,0.24456521739130435,7.365529973913043,0.7389724204552163,0.35323047561638027,0.16060555555555556,1224.035170736434,normal,,,,196.0,8+d (長期)
Tarazona,2021-04-25,True,53.49049711111111,128.88624666666666,181.57857083733333,75.35891741757133,21.937730474475295,8.45302,92.62328368421053,0.29300000000000004,9.54578664,0.7067032999761846,0.4150209855164099,0.16060555555555556,1224.035170736434,normal,,,,197.0,8+d (長期)
Tarazona,2021-04-26,True,43.406209512195126,157.71821146341463,222.1978541016335,61.15188930184472,24.12524628882115,9.4582677,331.6938768965517,0.3046219512195122,7.146700829268293,0.7841823021707595,0.2752136808390318,0.16060555555555556,1224.035170736434,normal,,,,198.0,8+d (長期)
Tarazona,2021-04-27,True,41.854776012,131.061158134,184.642647309026,58.96618613335104,25.13049382800001,9.57796174,366.5652117647059,0.28408,10.6913357,0.7579472579047556,0.3193530150954923,0.16060555555555556,1224.035170736434,normal,,,,199.0,8+d (長期)
Tarazona,2021-04-28,True,24.641720526315787,147.20047894736842,207.38017659060904,34.71594923322878,6.294384565592074,8.180634326,482.51227422222223,0.2838157894736842,8.764267986842105,0.8566026237921297,0.1674024480255016,0.16060555555555556,1224.035170736434,normal,,,,200.0,8+d (長期)
Tarazona,2021-04-29,True,4.025492518518519,103.09999055555555,145.25016766790534,5.6712271272774295,-13.883183892489706,8.14098209,345.28300133333335,0.2966481481481481,4.252234494444444,0.9624226430257027,0.03904454788819187,0.16060555555555556,1224.035170736434,normal,,,,201.0,8+d (長期)
Tarazona,2021-04-30,True,48.45592523809524,147.28023081111112,207.49253326026567,68.26607090273457,9.994500171737203,13.5479154602,477.1727572075472,0.2746349206349206,7.330630520634921,0.7524426441381946,0.329004951793161,0.16060555555555556,1224.035170736434,normal,,,,202.0,8+d (長期)
Tarazona,2021-05-01,True,65.96554359375,149.69429453125,210.89353415485098,92.9341139186012,13.213653152899301,14.00187487,552.7682031746032,0.2533515625,7.29889509375,0.694122261394283,0.4406683888675471,0.16060555555555556,1224.035170736434,normal,0.0,0.0,0.0,203.0,8+d (長期)
Tarazona,2021-05-02,True,67.318366,96.31446765432099,135.69053207717616,94.84000818953062,12.589280829149523,11.43123342,740.6604316981133,0.2405,5.523672098765432,0.5886011108124426,0.6989434468101935,0.16060555555555556,1224.035170736434,normal,0.0,0.0,0.0,204.0,8+d (長期)
Tarazona,2021-05-03,True,62.862179777777776,63.15926936507937,88.98055582378363,88.5620076538428,-3.401061966671079,5.8043936,275.8784,0.22816666666666668,6.66330380952381,0.5011787262776387,0.9952961839126997,0.16060555555555556,1224.035170736434,normal,0.0,0.0,0.0,205.0,8+d (長期)
Tarazona,2021-05-04,True,77.63716440677966,139.25183864406782,196.18190847666423,109.37742172991719,26.485218652777785,12.0637093,805.1475084745763,0.21873728813559323,7.2105475355932205,0.6420419508840731,0.557530623385324,0.16060555555555556,1224.035170736434,normal,0.0,0.0,0.0,206.0,8+d (長期)
Tarazona,2021-05-05,True,33.32707317777778,84.98683361111111,119.73184250610086,46.95211843248737,9.526079489320981,11.255489145,863.07064,0.2084777777777778,3.8150990111111107,0.7183165184694282,0.3921439564424556,0.16060555555555556,1224.035170736434,normal,0.0,0.0,0.0,207.0,8+d (長期)
Tarazona,2021-05-06,True,-20.04050456521739,51.299338517391305,72.2719515370723,-28.233626720641784,-34.413482530374395,3.477381495,795.7432121212121,0.201,-1.5675565652173913,1.6411149115760173,-0.39065814773466007,0.16060555555555556,1224.035170736434,normal,0.0,0.0,0.0,208.0,8+d (長期)
Tarazona,2021-05-07,True,-8.275824491803279,34.413088327868856,48.48212713365804,-11.65921440484371,-35.68315577724499,3.092350291,446.8395262295082,0.19353278688524592,0.10223281688524588,1.316629335943874,-0.24048479499880404,0.16060555555555556,1224.035170736434,normal,0.0,0.0,0.0,209.0,8+d (長期)
Tarazona,2021-05-08,True,-11.804155645833333,48.75747604166667,68.6909041596837,-16.63002661296514,-31.425766700636576,3.4482435099999997,746.65790625,0.18965625,-1.1570207291666665,1.3194342353918571,-0.24209939898746727,0.16060555555555556,1224.035170736434,normal,0.90948,0.0,0.90948,0.0,0-1d (直後)
Tarazona,2021-05-09,True,42.51929402380953,86.77946595238095,122.25735338862656,59.90237780624615,-25.28352828109128,5.35490215,538.5980525,0.1843452380952381,2.490596,0.6711546651210021,0.48996952858803494,0.16060555555555556,1224.035170736434,normal,0.0,1.016,1.016,1.0,0-1d (直後)
Tarazona,2021-05-10,True,52.71261530857143,105.76921248571429,149.01064262827396,74.26301564652493,-11.112318741031771,5.4156628730000005,592.8973074074074,0.178,7.248820371428571,0.6673901604858191,0.49837390361293515,0.16060555555555556,1224.035170736434,normal,0.0,0.254,0.254,2.0,2-3d (短期)
Tarazona,2021-05-11,True,89.31963866666666,101.5896968,143.12242332922835,125.83602018255439,2.9515431302592514,11.13238625,582.3441333333334,0.17232,6.9969488533333335,0.53213582537318,0.8792194629984039,0.16060555555555556,1224.035170736434,normal,0.0,0.0,0.0,3.0,2-3d (短期)
Tarazona,2021-05-12,True,39.90439911111111,75.13267377777778,105.84902486174096,56.21844027670067,-18.394135640870388,4.95515849,597.8916023255814,0.17054444444444442,3.9483588666666667,0.6531170507993221,0.5311191137578517,0.16060555555555556,1224.035170736434,normal,1.68948,0.0,1.68948,0.0,0-1d (直後)
Tarazona,2021-05-13,True,11.137264137931034,60.51153624137931,85.25035489859474,15.690491091990337,-21.965082151940077,5.1546412749999995,649.4003475,0.16838793103448274,1.5627689603448276,0.8445575630161272,0.18405191521670697,0.16060555555555556,1224.035170736434,normal,0.0,0.0,0.0,1.0,0-1d (直後)
Tarazona,2021-05-14,True,3.852767235714286,56.74470285714286,79.94353403770837,5.427886888809781,-30.970535533597882,3.50487411,720.1393095238095,0.16719047619047617,0.34649085714285704,0.9364203286076059,0.06789650913167679,0.16060555555555556,1224.035170736434,normal,2.21052,0.0,2.21052,0.0,0-1d (直後)
Tarazona,2021-05-15,True,-29.862195555555555,59.518855555555554,83.85183841687987,-42.070701345398874,-30.6783150717099,3.94762324,797.6969186046512,0.1654111111111111,-1.082459911111111,2.0069305024758535,-0.5017266423693555,0.16060555555555556,1224.035170736434,normal,7.14948,0.0,7.14948,0.0,0-1d (直後)
Tarazona,2021-05-16,True,-31.70947675,76.42911000000001,107.67548069004731,-44.67320306995762,-25.37930633715277,4.51106494,797.4080487179488,0.16496249999999998,0.09987815000000005,1.7090728265308393,-0.41488742640075227,0.16060555555555556,1224.035170736434,normal,4.94052,0.0,4.94052,0.0,0-1d (直後)
Tarazona,2021-05-17,True,-3.260498709677419,69.47132709677419,97.87316036155164,-4.593482324389163,-32.05663606690861,3.18485637,1002.8503714285715,0.16338709677419352,0.6410925806451612,1.0492441914578556,-0.046933013171542186,0.16060555555555556,1224.035170736434,normal,0.0,0.0,0.0,1.0,0-1d (直後)
Tarazona,2021-05-18,True,12.6152765625,22.66026803125,31.924423205113285,17.77275658325833,-15.067561442708321,1.064906808,341.8261,0.156875,1.410246125,0.6423789708200528,0.5567134751055329,0.16060555555555556,1224.035170736434,soil dry,0.0,0.0,0.0,2.0,2-3d (短期)
Tarazona,2021-05-19,True,22.88842103448276,82.39316698620691,116.0778119857102,32.24585157571665,-23.551722165900365,3.5339413592,1131.2518985000002,0.15763793103448273,1.432787344827586,0.7825980642504671,0.27779513607377687,0.16060555555555556,1224.035170736434,soil dry,0.0,0.0,0.0,3.0,2-3d (短期)
Tarazona,2021-05-20,True,32.795119540229884,88.58148985057471,124.79609536080139,46.202687180078584,-0.6883459678799505,11.38503724,1232.4572383333334,0.15546551724137933,3.8259177459770113,0.7298069232216136,0.37022542289084237,0.16060555555555556,1224.035170736434,compound,0.0,0.0,0.0,4.0,4-7d (中期)
Tarazona,2021-05-21,True,12.829760630434782,135.1058195652174,190.3408801398784,18.074927773204603,6.563934709127416,18.37234574,1336.4049520253163,0.15405434782608696,4.859907565217391,0.9132746793336209,0.09496082901330305,0.16060555555555556,1224.035170736434,compound,0.0,0.0,0.0,5.0,4-7d (中期)
Tarazona,2021-05-22,True,16.642901370786518,116.14278371314606,163.625221659564,23.44698774035816,-1.6006025846441934,15.21841787765,1035.4525361445783,0.15136516853932586,5.617548550561797,0.874663437099664,0.14329690436809053,0.16060555555555556,1224.035170736434,soil dry,1.95,0.0,1.95,0.0,0-1d (直後)
Tarazona,2021-05-23,True,6.961131,3.9314165,5.5386901853270745,9.807037221438136,-31.020022356944434,0.11466927000000002,522.98802,0.14735000000000004,-1.4597706499999998,0.3609271843891431,1.7706419556411792,0.16060555555555556,1224.035170736434,soil dry,0.26052,25.147,25.40752,1.0,0-1d (直後)
Tarazona,2021-05-24,True,51.51922006849315,185.13913771239726,260.8292265567824,72.58172685317585,6.49529476828766,19.82465991535,780.71185,0.293513698630137,4.082540452054795,0.7823055118290304,0.27827298271489853,0.16060555555555556,1224.035170736434,normal,0.0,0.0,0.0,2.0,2-3d (短期)
Tarazona,2021-05-25,True,41.87783338095238,117.48006626190475,165.50922294200734,58.998670003507264,0.9335551745701189,14.486092466,617.7322862745099,0.26111904761904764,5.700827321428572,0.7372089273590682,0.35646756691123954,0.16060555555555556,1224.035170736434,normal,0.0,0.0,0.0,3.0,2-3d (短期)
Tarazona,2021-05-26,True,32.39729193548387,105.37948870967743,148.46158880675085,45.64221645664877,7.839929022043004,14.4153223,860.0930475409837,0.23266129032258065,4.831101526881721,0.764856663192604,0.3074345143649259,0.16060555555555556,1224.035170736434,normal,0.0,0.0,0.0,4.0,4-7d (中期)
Tarazona,2021-05-27,True,10.942870903225806,96.65732946236558,136.17356543961438,15.416624433203145,2.615177614080039,13.2125259,759.8849653623189,0.20904301075268816,5.431339315053764,0.898300645667523,0.11321304824055287,0.16060555555555556,1224.035170736434,normal,0.0,0.0,0.0,5.0,4-7d (中期)
Tarazona,2021-05-28,True,5.6343981518987345,69.7526988607595,98.26956481974464,7.937898654122891,-8.493502897468352,8.0931614,608.6481658227848,0.19393670886075948,3.1892403037974684,0.925260444092274,0.08077677629572633,0.16060555555555556,1224.035170736434,normal,0.0,0.0,0.0,6.0,4-7d (中期)
Tarazona,2021-05-29,True,20.321815527472527,119.47174176483516,168.31515143125213,28.62994551964653,15.135160622649574,16.08075241585,1334.1541077922077,0.1856098901098901,4.44550265934066,0.8546298132682917,0.17009725670086423,0.16060555555555556,1224.035170736434,atm dry,12.48,0.0,12.48,0.0,0-1d (直後)
Tarazona,2021-05-30,True,10.528101,116.03932611111112,163.47946767878165,14.832284922961524,8.774671328348763,15.414019,979.7242666666666,0.18208333333333332,3.5600826555555556,0.9168182427319347,0.09072873268773579,0.16060555555555556,1224.035170736434,normal,0.0,0.0,0.0,1.0,0-1d (直後)
Tarazona,2021-05-31,True,-27.410907692307692,26.308453846153846,37.06409003188104,-38.61725803060831,-44.92066588247865,0.4995057,312.95853846153847,0.177,-2.767726923076923,-23.86354216817032,-1.0419049273135075,0.16060555555555556,1224.035170736434,normal,,,,2.0,2-3d (短期)
Tarazona,2021-06-01,True,13.307081600000002,166.99896196,235.27283653809292,18.747390985734153,11.729662217055559,12.319759246,1054.0183061224488,0.17583,8.682604183999999,0.9261972514217371,0.07968361865139825,0.16060555555555556,1224.035170736434,normal,0.0,1.778,1.778,3.0,2-3d (短期)
Tarazona,2021-06-02,True,27.994503660439563,120.77242926373627,170.14759657776386,39.4394444514285,8.236393534734434,16.215385095,851.6419985507246,0.1739230769230769,4.7045991318681315,0.8118230771437096,0.23179548371347808,0.16060555555555556,1224.035170736434,normal,0.0,0.0,0.0,4.0,4-7d (中期)
Tarazona,2021-06-03,True,48.36392485416667,105.3424396875,148.4093931018414,68.13645817319765,8.033852692968743,14.89741662,579.767718974359,0.17251562499999998,6.065455791666667,0.6853485865833734,0.4591114938826082,0.16060555555555556,1224.035170736434,normal,0.0,0.0,0.0,5.0,4-7d (中期)
Tarazona,2021-06-04,True,21.279745234042554,84.3373342893617,118.81680958635042,29.97950384398399,7.084513062009457,11.692856158,822.4087816129032,0.17044148936170211,5.482366755319149,0.798519848020158,0.2523170244038266,0.16060555555555556,1224.035170736434,normal,0.0,0.0,0.0,6.0,4-7d (中期)
Tarazona,2021-06-05,True,-3.03243,3.16252,4.455447161322282,-4.272172708918371,-42.793180277778156,0.00462196,,0.16899999999999998,-2.93446,24.310246752248442,-0.9588650822761595,0.16060555555555556,1224.035170736434,normal,,,,7.0,4-7d (中期)
Tarazona,2021-06-06,True,-4.101856710526316,152.18468199999998,214.40206209403706,-5.778811149673432,-11.074416676461968,8.5562507,1030.1784764705883,0.2892894736842105,3.3187303947368423,1.027699746425745,-0.026953150978272014,0.16060555555555556,1224.035170736434,normal,0.0,0.0,0.0,8.0,8+d (長期)
Tarazona,2021-06-07,True,-11.045464272527472,158.42119048351648,223.18823072520647,-15.56116085859353,11.856553511202682,21.333745065,1368.7138208955223,0.2676263736263736,4.118160593406594,1.0749476494976815,-0.06972213905738033,0.16060555555555556,1224.035170736434,atm dry,0.0,0.0,0.0,9.0,8+d (長期)
Tarazona,2021-06-08,True,-13.788044722222223,164.92721911111113,232.35410691896905,-19.42498536540786,13.535487765586428,22.00163382,1746.158523076923,0.23851111111111112,4.258009244444444,1.091227471487603,-0.08360078340333407,0.16060555555555556,1224.035170736434,atm dry,0.0,0.0,0.0,10.0,8+d (長期)
Tarazona,2021-06-09,True,-17.83188465909091,177.86357886363638,250.57921453480466,-25.122060851907005,11.024064494829542,23.22244016,1401.0884917375001,0.21177272727272725,4.565875965909091,1.1114272066400734,-0.10025596456013167,0.16060555555555556,1224.035170736434,atm dry,0.0,0.0,0.0,11.0,8+d (長期)
Tarazona,2021-06-10,True,-30.52660703703704,75.86548148148148,106.88142497407598,-43.006742935370355,-45.33611137355968,3.0321181,1324.7437037037037,0.18981481481481483,-1.5465887037037038,1.6732987400126689,-0.4023780834303211,0.16060555555555556,1224.035170736434,atm dry,0.0,0.0,0.0,12.0,8+d (長期)
Tarazona,2021-06-11,True,0.7621046052631579,168.98866842105264,238.07599098573644,1.0736744115927723,10.038751281871342,19.00079911,1227.7121052631578,0.18368421052631578,4.456811763157894,0.9955104498690853,0.004509797091035097,0.16060555555555556,1224.035170736434,atm dry,0.0,0.0,0.0,13.0,8+d (長期)
Tarazona,2021-06-12,True,-16.829782857142856,69.80860142857144,98.3483219302351,-23.71027163670982,-43.53347390109122,2.8846622,1095.2728928571428,0.17530357142857142,-0.4618344642857143,1.317670029475122,-0.2410846588061672,0.16060555555555556,1224.035170736434,normal,0.0,1.016,1.016,14.0,8+d (長期)
Tarazona,2021-06-13,True,14.140204057971015,169.92742202898552,239.39853348274693,19.92111734648469,18.36574675909823,17.33419544,1171.6267231884058,0.17279710144927535,4.726748091304347,0.9231792990512577,0.08321319707633201,0.16060555555555556,1224.035170736434,normal,0.0,0.0,0.0,15.0,8+d (長期)
Tarazona,2021-06-14,True,-27.408633823529414,103.0514055882353,145.18171979888635,-38.61405454029255,-26.772661687745156,5.19770723,1351.5710882352942,0.17160294117647057,-0.3820923696969696,1.3623430657563238,-0.26597049954899865,0.16060555555555556,1224.035170736434,atm dry,0.0,0.508,0.508,16.0,8+d (長期)
Tarazona,2021-06-15,True,-16.1074728,82.3895996,116.07278615164469,-22.692660904226965,-22.483361773766664,6.09513877,1034.55576,0.16856,0.12879199999999996,1.2430138195263825,-0.19550371501016495,0.16060555555555556,1224.035170736434,normal,0.0,0.0,0.0,17.0,8+d (長期)
Tarazona,2021-06-16,True,-11.452015102941177,116.5842268235294,164.24713913456583,-16.13392110779352,-3.096092993902792,11.68383125,667.8841931034483,0.16322794117647058,6.114342473529412,1.1089296507275754,-0.09822954112202331,0.16060555555555556,1224.035170736434,normal,0.0,1.27,1.27,18.0,8+d (長期)
Tarazona,2021-06-17,True,51.75407625,200.6519626875,282.68413087340673,72.91259884994226,-13.85880814050926,14.16119889,607.9402191489361,0.29463541666666665,9.015953145833333,0.7949570601881868,0.2579295789426341,0.16060555555555556,1224.035170736434,normal,0.0,17.018,17.018,19.0,8+d (長期)
Tarazona,2021-06-18,True,-4.3658588541666665,100.95323805208334,142.22576233682227,-6.1507447979872465,-3.867612558752162,14.248046976,477.1665054794521,0.2591614583333333,3.6518522958333333,1.0452011317671288,-0.04324634789737258,0.16060555555555556,1224.035170736434,normal,0.0,0.0,0.0,20.0,8+d (長期)
Tarazona,2021-06-19,True,3.784557783529412,95.0408974117647,133.8962904844141,5.331791493330086,-1.179343764303924,11.86088645,366.4270352941177,0.22755882352941179,4.405065781927711,0.9617046258370321,0.039820307747440706,0.16060555555555556,1224.035170736434,normal,0.0,0.0,0.0,21.0,8+d (長期)
Tarazona,2021-06-20,True,16.246591123595504,129.6746547191011,182.68930228541356,22.88865471294644,-3.429881817315858,16.94884897,563.551078,0.20325842696629212,4.019956528089888,0.8886619215058692,0.12528732896022415,0.16060555555555556,1224.035170736434,normal,0.0,0.0,0.0,22.0,8+d (長期)
Tarazona,2021-06-21,True,38.03398901086956,124.96369772826088,176.05237352229094,53.58335389886599,3.7119183578260855,16.897286788,756.9846759605264,0.18508152173913042,3.7769102641304344,0.7666593325846333,0.30436030385061247,0.16060555555555556,1224.035170736434,normal,0.0,0.0,0.0,23.0,8+d (長期)
Tarazona,2021-06-22,True,28.819786929545455,123.02896952272727,173.32667398797184,40.60212674233089,4.106414244722221,15.962892071,1118.0113358666667,0.1754431818181818,5.089286754545454,0.810207290445584,0.2342520386974512,0.16060555555555556,1224.035170736434,normal,0.0,0.0,0.0,24.0,8+d (長期)
Tarazona,2021-06-23,True,40.4697492967033,111.71682065934067,157.38980037394538,57.01492152568873,5.18462549816849,14.97225369,811.8398395061729,0.1703076923076923,4.932767010989011,0.7340780509844451,0.362252962963457,0.16060555555555556,1224.035170736434,normal,0.0,0.0,0.0,25.0,8+d (長期)
Tarazona,2021-06-24,True,34.56232542222222,109.40188333333333,154.1284515325789,48.69237655133784,9.456711040895069,14.5298945,949.8780888888889,0.16795555555555552,4.036483516666667,0.7599241803154878,0.3159207535478645,0.16060555555555556,1224.035170736434,normal,0.0,0.0,0.0,26.0,8+d (長期)
Tarazona,2021-06-25,True,26.2134347,110.80834633333333,156.1099161812941,36.9302243851808,8.472606557561727,14.74659637,1189.8987444444444,0.16487222222222223,3.6486678111111113,0.8086914758929966,0.2365655256793096,0.16060555555555556,1224.035170736434,normal,0.0,0.0,0.0,27.0,8+d (長期)
Tarazona,2021-06-26,True,-2.719672269662921,129.3203533820225,182.1901525925927,-3.8315508182071856,6.9008866938514375,17.051054775,1380.5943601511628,0.16356741573033706,3.0276058876404495,1.0214822878184138,-0.02103050446845591,0.16060555555555556,1224.035170736434,atm dry,7.02,0.0,7.02,0.0,0-1d (直後)
Tarazona,2021-06-27,True,5.499614011764706,145.79789055294117,205.40417059524634,7.748010965016917,5.388896011274509,18.358870596,1338.9595387499999,0.16223529411764706,2.9410229152941176,0.9636503323198389,0.037720806459594976,0.16060555555555556,1224.035170736434,atm dry,0.0,0.0,0.0,1.0,0-1d (直後)
Tarazona,2021-06-28,True,35.56203230681818,128.51640643181818,181.057529508109,50.10079173958247,1.555217284068801,16.707036454,1255.545125,0.15794318181818182,3.8562645602272725,0.783262002124084,0.2767120035034975,0.16060555555555556,1224.035170736434,compound,0.0,0.0,0.0,2.0,2-3d (短期)
Tarazona,2021-06-29,True,32.59697227272727,123.70672751136364,174.28151851276013,45.923531734257445,8.402118232165407,16.138868397,1547.655506818182,0.15460227272727273,4.018794067045454,0.7914510512690686,0.2635020174608768,0.16060555555555556,1224.035170736434,compound,0.0,0.0,0.0,3.0,2-3d (短期)
Tarazona,2021-06-30,True,33.66021152173913,101.09135311956521,142.4203427300998,47.4214531051314,12.222901070984296,13.799116489,1901.5496550724636,0.15366847826086957,3.492948793478261,0.7502054123724695,0.3329682557708739,0.16060555555555556,1224.035170736434,compound,0.0,0.0,0.0,4.0,4-7d (中期)
Tarazona,2021-07-01,True,14.543006311111112,133.4391676711111,187.99285405608816,20.48859649454613,10.725689219290102,17.8464140269,1718.8795320000002,0.15189444444444444,3.5947500555555556,0.901724606959361,0.10898603884397277,0.16060555555555556,1224.035170736434,compound,2.85948,0.0,2.85948,0.0,0-1d (直後)
Tarazona,2021-07-02,True,-10.232797822470587,164.92925732941177,232.3569784182613,-14.416253497372793,6.621666799392162,20.845341272,2146.464633625,0.1503588235294118,3.208976976470588,1.0661475889951537,-0.06204355726911879,0.16060555555555556,1224.035170736434,compound,10.26948,0.0,10.26948,0.0,0-1d (直後)
Tarazona,2021-07-03,True,-23.524199759036144,174.48343095180724,245.81716704779788,-33.14155453207439,3.8683565801539657,21.46494493,1846.1316626506023,0.1489397590361446,2.606478843373494,1.1558314756452115,-0.13482196923061188,0.16060555555555556,1224.035170736434,compound,18.45948,0.0,18.45948,0.0,0-1d (直後)
Tarazona,2021-07-04,True,-6.075387802325581,175.60275744186046,247.39410570200423,-8.559177281978778,4.504532026747418,22.356289099,1448.7438837209302,0.14751744186046514,3.026285819767442,1.035837209149435,-0.034597337142254464,0.16060555555555556,1224.035170736434,compound,0.0,0.0,0.0,1.0,0-1d (直後)
Tarazona,2021-07-05,True,-19.445191988235294,175.48340755294117,247.2259622202904,-27.394933611597626,13.136056308689529,22.16980489,1795.7994470588237,0.14724117647058824,2.8764714423529414,1.1246181386903376,-0.11080929108564821,0.16060555555555556,1224.035170736434,compound,0.0,0.0,0.0,2.0,2-3d (短期)
Tarazona,2021-07-06,True,32.77054818181818,139.52618411363636,196.56841409358083,46.16807035897224,1.040467964078281,18.166366026,1460.0426477272727,0.1456477272727273,2.7291404318181818,0.8098016848884677,0.23487023880140218,0.16060555555555556,1224.035170736434,compound,0.0,0.0,0.0,3.0,2-3d (短期)
Tarazona,2021-07-07,True,23.59989682758621,141.6504144827586,199.5610896080757,33.24819869217197,2.1836503776500704,18.19186244,1130.7864367816092,0.14270114942528736,4.876109586206897,0.8571869750776752,0.16660662034602614,0.16060555555555556,1224.035170736434,soil dry,5.97948,0.0,5.97948,0.0,0-1d (直後)
Tarazona,2021-07-08,True,17.2077461,123.78472255555556,174.39140012560117,24.242756888177645,8.098175057407417,16.501845606,1331.0928266666667,0.14182222222222224,4.665368655555556,0.877952728510354,0.13901348845595246,0.16060555555555556,1224.035170736434,compound,0.12948,0.0,0.12948,1.0,0-1d (直後)
Tarazona,2021-07-09,True,38.93820697849462,106.88816801505376,150.58705866258882,54.857241614065146,8.341431072371552,14.7138250191,1353.5686306666666,0.14158602150537636,4.090019666666667,0.7329824115821482,0.3642892164922379,0.16060555555555556,1224.035170736434,compound,0.0,0.0,0.0,2.0,2-3d (短期)
Tarazona,2021-07-10,True,-10.373620055172413,156.4289888505747,220.3815610091977,-14.614647821184949,10.88883245217114,20.21800326,1678.2804735632183,0.14128735632183909,3.4871133333333337,1.07102525665937,-0.06631520238925526,0.16060555555555556,1224.035170736434,compound,21.18948,0.0,21.18948,0.0,0-1d (直後)
Tarazona,2021-07-11,True,-53.98995784090909,164.29075555681817,231.45743915520487,-76.06257174727371,10.645346553724762,21.476325063,1662.035681818182,0.14198295454545456,2.9805008159090907,1.4894793053080695,-0.32862444181917,0.16060555555555556,1224.035170736434,compound,0.0,0.0,0.0,1.0,0-1d (直後)
Tarazona,2021-07-12,True,14.679420140845071,209.75255267605633,295.50529811689336,20.68078013621583,6.2948798739436524,22.05079305,1911.9248028169013,0.1412535211267606,0.5205554366197183,0.934593008488942,0.06998446480656706,0.16060555555555556,1224.035170736434,compound,0.0,0.0,0.0,2.0,2-3d (短期)
Tarazona,2021-07-13,True,37.52568264367816,138.54288931034483,195.18312070727234,52.86723758630987,-1.947999334195407,17.78156629,1299.4781494252875,0.13664942528735632,4.599868218390805,0.7868689327844535,0.2708596798469986,0.16060555555555556,1224.035170736434,compound,0.0,0.0,0.0,3.0,2-3d (短期)
Tarazona,2021-07-14,True,40.806846,123.59351866666667,174.12202670694018,57.48983284634263,4.08529991583643,16.44283037,1074.6707444444444,0.13527777777777777,5.120700218233333,0.7517837257676481,0.330169789162299,0.16060555555555556,1224.035170736434,soil dry,0.0,0.0,0.0,4.0,4-7d (中期)
Tarazona,2021-07-15,True,26.647955136842107,114.50421842105264,161.3167647709755,37.54238900291118,7.968568884035084,16.08561665,1138.9068526315789,0.1351105263157895,4.824790705263158,0.8112111598061065,0.2327246585698072,0.16060555555555556,1224.035170736434,soil dry,5.97948,0.0,5.97948,0.0,0-1d (直後)
Tarazona,2021-07-16,True,-4.366487188235294,162.00001188235294,228.23017501087907,-6.151630012702862,12.6004907696732,20.45154774,1608.629304871795,0.13592352941176472,3.8495350823529413,1.0277002445812737,-0.02695362264174591,0.16060555555555556,1224.035170736434,compound,5.19948,0.0,5.19948,0.0,0-1d (直後)
Tarazona,2021-07-17,True,-26.144138139534885,180.3798784883721,254.12424824844604,-36.83259744096742,14.277852653262283,23.07177171,1517.3266627906976,0.1365639534883721,3.7593583720930233,1.1695076516014011,-0.144939326706666,0.16060555555555556,1224.035170736434,compound,12.35052,0.0,12.35052,0.0,0-1d (直後)
Tarazona,2021-07-18,True,-24.062020235294117,190.44516210588236,268.3045030204442,-33.89925115193595,10.43290219421569,24.059582591,1669.6150505882351,0.1365529411764706,3.338099898823529,1.1446181383809269,-0.12634618789589566,0.16060555555555556,1224.035170736434,compound,0.0,0.0,0.0,1.0,0-1d (直後)
Tarazona,2021-07-19,True,-21.4611608045977,181.76240862068965,256.0719955997598,-30.235087204357868,10.147701545801414,23.48305759,1432.8532528735632,0.13617816091954024,3.2749906436781613,1.133880185569231,-0.11807260350177169,0.16060555555555556,1224.035170736434,compound,6.24,0.0,6.24,0.0,0-1d (直後)
Tarazona,2021-07-20,True,-23.376348390804598,179.92124586206896,253.47811369974684,-32.93325736434585,10.424753350686455,23.258938099999998,1440.3056666666666,0.13624137931034486,4.611714379310345,1.1493267986910631,-0.12992544754122787,0.16060555555555556,1224.035170736434,compound,6.36948,0.0,6.36948,0.0,0-1d (直後)
Tarazona,2021-07-21,True,-28.622292872093023,177.2269058139535,249.68225162804046,-40.32389155720812,8.849644806937986,22.64366376,1567.637046511628,0.13584302325581396,3.219685058139535,1.1926070281767842,-0.16150083273551977,0.16060555555555556,1224.035170736434,compound,6.36948,0.0,6.36948,0.0,0-1d (直後)
Tarazona,2021-07-22,True,-38.94154847058824,185.4364748470588,261.24812347840924,-54.86194920214778,10.874322525196078,23.44809563,1909.1538560526315,0.13540588235294118,2.4228625529411767,1.2658218235525383,-0.20999940007868353,0.16060555555555556,1224.035170736434,compound,6.36948,0.0,6.36948,0.0,0-1d (直後)
Tarazona,2021-07-23,True,-58.71106877011494,178.69617264367815,251.75219607921284,-82.71380566447196,1.1389015047254158,23.07797256,1718.3742988505749,0.13469540229885058,2.5752580919540233,1.4893196478121395,-0.3285524692640472,0.16060555555555556,1224.035170736434,compound,6.11052,0.0,6.11052,0.0,0-1d (直後)
Tarazona,2021-07-24,True,-20.56854020120482,209.6946551686747,295.4237304794045,-28.977538182209518,6.083975437510042,25.785391633,1636.2888674698795,0.13297590361445785,2.5447980192771085,1.108755685087396,-0.09808805181352785,0.16060555555555556,1224.035170736434,compound,11.18052,0.0,11.18052,0.0,0-1d (直後)
Tarazona,2021-07-25,True,-8.09964771764706,162.68813575058823,229.19962327851596,-11.411011608243136,7.264707251209149,20.474511952,1427.608988235294,0.13166470588235296,3.346082077647059,1.0523948957694775,-0.049786345391924336,0.16060555555555556,1224.035170736434,compound,0.0,0.0,0.0,1.0,0-1d (直後)
Tarazona,2021-07-26,True,16.166000139784945,111.22622423655915,156.698634329387,22.775115867327465,0.8128374393966525,15.260664714,676.9367921686747,0.13140322580645164,3.7129776630434783,0.8731005740819228,0.14534342283706972,0.16060555555555556,1224.035170736434,soil dry,0.0,0.762,0.762,2.0,2-3d (短期)
Tarazona,2021-07-27,True,13.186311505376345,119.4517634516129,168.28700542144534,18.57724667826302,10.72947964816308,16.478616799,1711.0230969696968,0.1317741935483871,3.1331826021505376,0.900584266549011,0.11039026234818046,0.16060555555555556,1224.035170736434,compound,0.0,0.0,0.0,3.0,2-3d (短期)
Tarazona,2021-07-28,True,16.275537489130436,121.68481,171.43298423110087,22.929435167189634,7.562200676147341,16.620533730000002,1201.8152893333333,0.1328695652173913,3.3521185760869563,0.8820274246524876,0.13375159552889498,0.16060555555555556,1224.035170736434,soil dry,0.0,0.0,0.0,4.0,4-7d (中期)
Tarazona,2021-07-29,True,16.699396888888888,86.89762875555556,122.42382447054167,23.52658021590192,6.359583340864194,11.626527319000001,2371.0746682539684,0.13290555555555555,2.0669468666666666,0.8388042824105499,0.19217321724467953,0.16060555555555556,1224.035170736434,compound,0.0,0.0,0.0,5.0,4-7d (中期)
Tarazona,2021-07-30,True,-10.448053647058824,165.2224028117647,232.76997002217334,-14.719511959807733,6.454154461006545,20.849791764,1657.777636470588,0.13265882352941177,3.1696618117647057,1.0675050724066708,-0.06323630130813512,0.16060555555555556,1224.035170736434,compound,11.82948,0.0,11.82948,0.0,0-1d (直後)
Tarazona,2021-07-31,True,8.659038314606741,146.9814553820225,207.07161002897993,12.199096821077962,-7.123130945411987,19.31564257,1460.9757415730337,0.13052247191011238,3.939673515505618,0.9443651320492163,0.05891245458211622,0.16060555555555556,1224.035170736434,compound,8.19,0.0,8.19,0.0,0-1d (直後)
Tarazona,2021-08-01,True,22.97811086021505,113.66611623655913,160.13602283138317,32.37220912585339,3.5284845804958165,15.60179557,1109.7555376344085,0.1282741935483871,5.1513686666666665,0.8318398709669492,0.2021544469100499,0.16060555555555556,1224.035170736434,soil dry,4.29,0.0,4.29,0.0,0-1d (直後)
Tarazona,2021-08-02,True,22.61645241304348,97.35330989130435,137.1540822510341,31.862694529323143,3.7911892597403347,13.23671087,978.7450869565217,0.12971195652173914,3.2248691815217394,0.8114820603239302,0.23231313283847158,0.16060555555555556,1224.035170736434,soil dry,0.0,0.0,0.0,1.0,0-1d (直後)
Tarazona,2021-08-03,True,10.1703472,105.67964933222223,148.8844635375535,14.328271303233501,5.338958767243128,14.08767357,1406.8070344444445,0.1300277777777778,3.377683481111111,0.9122110703113294,0.09623751842729679,0.16060555555555556,1224.035170736434,compound,0.0,0.0,0.0,2.0,2-3d (短期)
Tarazona,2021-08-04,True,3.651495539325843,145.29191691011238,204.6913406904092,5.144329659660746,7.739539728274034,19.136925655,1392.9429662921348,0.13055056179775282,2.9069709921348315,0.9754840077901035,0.025132131346198093,0.16060555555555556,1224.035170736434,compound,6.36948,0.0,6.36948,0.0,0-1d (直後)
Tarazona,2021-08-05,True,14.01109342857143,135.87693985714284,191.42725610451964,19.739222658939656,8.91217000289988,18.339000134,1587.0457912087911,0.13014285714285714,2.8687702967032966,0.9065229350106709,0.10311605076845486,0.16060555555555556,1224.035170736434,compound,0.0,0.0,0.0,1.0,0-1d (直後)
Tarazona,2021-08-06,True,-0.669560458823529,146.73688870588234,206.7270576141454,-0.9432956141301665,15.014954214019617,18.52355062,2310.869588235294,0.13055882352941175,1.4563786823529412,1.0045839166558248,-0.004563000243010381,0.16060555555555556,1224.035170736434,compound,0.0,0.0,0.0,2.0,2-3d (短期)
Tarazona,2021-08-07,True,30.182433329545457,138.07146847727273,194.51896977304924,42.521861332077684,0.6805010257260083,17.962186747,1501.8979431818182,0.12856818181818183,3.459188526136364,0.8206137688016316,0.21860007474689558,0.16060555555555556,1224.035170736434,compound,11.18052,0.0,11.18052,0.0,0-1d (直後)
Tarazona,2021-08-08,True,45.60778612903226,82.26021732258064,115.89050875872593,64.2535323864483,2.7724490207019077,11.309313403,935.2208709677419,0.12733870967741934,3.454867533333333,0.6433213556330306,0.5544330858035892,0.16060555555555556,1224.035170736434,soil dry,0.0,0.0,0.0,1.0,0-1d (直後)
Tarazona,2021-08-09,True,32.95440133333333,82.13750556250001,115.71762897832542,46.42708785198994,4.050443260271984,11.646300064,762.7541979166667,0.12866666666666668,4.205006802083333,0.7136688215344325,0.4012101549426492,0.16060555555555556,1224.035170736434,soil dry,0.0,0.0,0.0,2.0,2-3d (短期)
Tarazona,2021-08-10,True,10.130343368421052,94.51511768421054,133.15555721012268,14.271912779698335,7.700806912959065,13.28622422,1229.5389157894738,0.12903684210526314,2.941181368421053,0.9031936668201406,0.107182254189939,0.16060555555555556,1224.035170736434,compound,0.0,0.0,0.0,3.0,2-3d (短期)
Tarazona,2021-08-11,True,-33.08673455555556,123.27362577777777,173.67135260409586,-46.61352261897912,11.047173170339496,16.48194427,1795.9725666666666,0.13024444444444447,2.225079811111111,1.3668685560302685,-0.2684007576381356,0.16060555555555556,1224.035170736434,compound,6.36948,0.0,6.36948,0.0,0-1d (直後)
Tarazona,2021-08-12,True,-27.98908588888889,150.20152466666667,211.60813424180043,-39.43181174242551,12.384231550462973,20.12510589,2352.049388888889,0.1308777777777778,3.3783801,1.2290199440319018,-0.18634355377552528,0.16060555555555556,1224.035170736434,compound,6.36948,0.0,6.36948,0.0,0-1d (直後)
Tarazona,2021-08-13,True,-29.93427625882353,148.09068494117648,208.63432384283325,-42.172250668331664,14.239137319192789,18.77712325,2179.4078705882353,0.13068235294117647,1.2008582,1.2533444998256307,-0.2021347681031647,0.16060555555555556,1224.035170736434,compound,0.0,0.0,0.0,1.0,0-1d (直後)
Tarazona,2021-08-14,True,-46.59099298850575,176.3944459770115,248.50945878644006,-65.63870187503139,14.070595715549173,22.90688128,2960.9055862068963,0.13067816091954024,1.8788893908045978,1.3589349275063696,-0.2641295916685364,0.16060555555555556,1224.035170736434,compound,18.59052,0.0,18.59052,0.0,0-1d (直後)
Tarazona,2021-08-15,True,-59.591121987804875,198.63055731707317,279.8363181103096,-83.95364940002752,11.838797388109779,24.29040552,2810.615256097561,0.13044512195121952,1.5880684560975609,1.4285915132399905,-0.30000984134923314,0.16060555555555556,1224.035170736434,compound,0.0,0.0,0.0,1.0,0-1d (直後)
Tarazona,2021-08-16,True,-29.84823356521739,173.10169579347826,243.87053967820782,-42.05103130055534,3.332697367542263,23.71846633,2096.990815217391,0.1287554347826087,2.599154683695652,1.2083595963471867,-0.1724317802225826,0.16060555555555556,1224.035170736434,compound,6.36948,0.0,6.36948,0.0,0-1d (直後)
Tarazona,2021-08-17,True,21.234662910105264,91.48826965894737,128.89124854427624,29.915990597518444,3.0019864684841266,12.88224264,1011.6619789473683,0.12768947368421052,2.8842359578947367,0.8116207374475713,0.23210257434384163,0.16060555555555556,1224.035170736434,soil dry,0.0,0.0,0.0,1.0,0-1d (直後)
Tarazona,2021-08-18,True,21.628224673913042,98.27186953260869,138.4481749196511,30.470451484204496,-0.2718547010869507,13.363364501,837.6283576086956,0.1269728260869565,1.7861477777777777,0.8196146148420906,0.22008561327650675,0.16060555555555556,1224.035170736434,soil dry,0.0,1.27,1.27,2.0,2-3d (短期)
Tarazona,2021-08-19,True,19.146254315789474,97.67368568631579,137.6054366856116,26.97378180730515,4.114509559546778,13.7401228091,1108.5075636623376,0.12705789473684212,1.5643357789473684,0.8361045698581557,0.19602264603056632,0.16060555555555556,1224.035170736434,soil dry,8.70948,0.0,8.70948,0.0,0-1d (直後)
Tarazona,2021-08-20,True,10.7875534375,104.529840953125,147.26458114037868,15.197808817247571,8.536734309745375,14.8875226783,1435.6216721590908,0.1279010416666667,2.8424617687500002,0.9064533716313573,0.10320070650769986,0.16060555555555556,1224.035170736434,compound,0.0,0.0,0.0,1.0,0-1d (直後)
Tarazona,2021-08-21,True,0.7587582826086959,120.05860386956522,169.14193927721269,1.0689600180801015,6.737838824426328,16.410612473,1357.8379533563218,0.12836956521739132,2.6914127282608695,0.9937197910209874,0.006319899267136492,0.16060555555555556,1224.035170736434,compound,11.04948,0.0,11.04948,0.0,0-1d (直後)
Tarazona,2021-08-22,True,-43.79787978947368,112.44491894736842,158.41556572896508,-61.70368540908676,-1.0432652617076124,15.81263924,1341.9721684210526,0.12782631578947368,1.600359947368421,1.638015569597028,-0.38950519240423803,0.16060555555555556,1224.035170736434,compound,0.0,0.0,0.0,1.0,0-1d (直後)
Tarazona,2021-08-23,True,3.758626521276596,105.88180828723404,149.16927076161636,5.295258801428118,4.689759775561471,14.736765019,1195.9291808510638,0.12740425531914895,2.651136989361702,0.96571860985556,0.035498321969344056,0.16060555555555556,1224.035170736434,soil dry,0.0,0.0,0.0,2.0,2-3d (短期)
Tarazona,2021-08-24,True,15.348511162790698,71.55580573255814,100.80983251560616,21.623414394463644,-1.604342393414078,9.094579407,799.4168807228916,0.12615116279069769,0.5463802965116279,0.8233860904599992,0.21449707687110947,0.16060555555555556,1224.035170736434,soil dry,0.0,1.778,1.778,3.0,2-3d (短期)
Tarazona,2021-08-25,True,33.140320857142854,108.19674508333334,152.43061885643348,46.68901650843844,4.296422088746043,13.421797567,893.392027027027,0.12564285714285714,2.198404011904762,0.7655227902417344,0.3062968375954205,0.16060555555555556,1224.035170736434,soil dry,0.0,1.778,1.778,4.0,4-7d (中期)
Tarazona,2021-08-26,True,17.774536521276595,111.3235195744681,156.8357067390781,25.041267181722496,5.677081988888891,15.50828602,1121.6079879746835,0.12848404255319149,2.854169031914894,0.8623175510242057,0.15966559976920786,0.16060555555555556,1224.035170736434,soil dry,11.31,0.0,11.31,0.0,0-1d (直後)
Tarazona,2021-08-27,True,2.5785109585555563,131.9958432777778,185.9594580392585,3.6326787911964975,3.907534381712965,17.627562818,1440.5721075949368,0.13000555555555554,2.1056174333333333,0.9808395071023169,0.019534789085207976,0.16060555555555556,1224.035170736434,compound,0.12948,0.0,0.12948,1.0,0-1d (直後)
Tarazona,2021-08-28,True,-2.819755777777779,129.4532512888889,182.37738290319746,-3.9725512805364405,1.3154407460802466,17.23948021,1609.5151444444446,0.12955555555555556,1.7838088666666667,1.0222670610678228,-0.0217820390735895,0.16060555555555556,1224.035170736434,compound,0.0,0.0,0.0,2.0,2-3d (短期)
Tarazona,2021-08-29,True,36.40762653658537,87.53929112195122,123.32781646707764,51.29208868336359,6.321787663651766,10.630913629,1202.9510935135136,0.12809756097560976,2.3779226792682926,0.7062643652270132,0.4159004039210895,0.16060555555555556,1224.035170736434,soil dry,0.0,3.3020000000000005,3.3020000000000005,3.0,2-3d (短期)
Tarazona,2021-08-30,True,35.11937236956522,92.34691143478261,130.10092723808302,49.47715996464829,-2.905600568055557,12.567172441,971.95907,0.12706521739130433,1.3510204423913044,0.724481083770583,0.38029828852876446,0.16060555555555556,1224.035170736434,soil dry,0.0,0.0,0.0,4.0,4-7d (中期)
Tarazona,2021-08-31,True,37.35123701276596,64.72897772340426,91.19200512661887,52.62147367302146,0.07471316106974576,8.981130055,690.7588502790697,0.1273404255319149,1.9776023728723404,0.634099153207098,0.577040428050214,0.16060555555555556,1224.035170736434,soil dry,0.0,0.0,0.0,5.0,4-7d (中期)
Tarazona,2021-09-01,True,51.77604561643836,74.89819030136987,105.51867794240492,72.94354991154307,7.08039997123668,8.05743971,607.1590352238806,0.12745205479452054,4.298136342465754,0.5912661699413533,0.6912856693613781,0.16060555555555556,1224.035170736434,soil dry,0.0,43.943,43.943,6.0,4-7d (中期)
Tarazona,2021-09-02,True,68.31661264150944,142.0307391509434,200.09690170198962,96.2463661462274,19.467465433962243,11.102512255,1031.5997358490565,0.29058490566037737,0.7013933490566038,0.6752200013009121,0.4809987827276308,0.16060555555555556,1224.035170736434,normal,0.0,0.762,0.762,7.0,4-7d (中期)
Tarazona,2021-09-03,True,21.395441478260867,118.62070439130436,167.1161860333805,30.142499968238745,-3.1032025367632814,16.124770001999998,901.8758760869565,0.26309782608695653,0.4739498543478261,0.8471930408783555,0.18036852493879887,0.16060555555555556,1224.035170736434,normal,0.0,0.0,0.0,8.0,8+d (長期)
Tarazona,2021-09-04,True,22.728635189473685,91.97164636842105,129.57224325358206,32.0207407812979,3.7251060086257244,12.928890908,1110.068042105263,0.23357894736842105,1.2502748284210525,0.8018432485015178,0.24712654483129573,0.16060555555555556,1224.035170736434,normal,0.0,0.0,0.0,9.0,8+d (長期)
Tarazona,2021-09-05,True,16.39723397894737,95.8913026,135.0943652418533,23.100884606275475,3.4220300821345004,13.485995782,1113.408142105263,0.20774736842105263,0.40135054736842113,0.8539723245264768,0.1709981357469574,0.16060555555555556,1224.035170736434,normal,0.0,0.0,0.0,10.0,8+d (長期)
Tarazona,2021-09-06,True,-15.465643617021277,84.09269665957446,118.47215721002136,-21.788433891794995,-4.511894001879438,11.673107616,1069.3103085106382,0.18504255319148935,0.7819934585106384,1.2253578280190989,-0.1839118524124582,0.16060555555555556,1224.035170736434,normal,0.0,0.0,0.0,11.0,8+d (長期)
Tarazona,2021-09-07,True,-4.410621489361702,97.88814502340425,137.90757303404573,-6.213807657957468,3.118057633776603,13.6190023642,1406.7732872340428,0.17019148936170211,1.054517755319149,1.0471837648518303,-0.04505776964419092,0.16060555555555556,1224.035170736434,atm dry,0.0,0.0,0.0,12.0,8+d (長期)
Tarazona,2021-09-08,True,38.07196774193549,84.98572419354838,119.73027952742227,53.63685940381718,-3.067891205800478,11.6627040704,928.9837419354839,0.16176881720430109,0.3912890645161291,0.6906169200548985,0.44798074150935674,0.16060555555555556,1224.035170736434,normal,0.0,0.0,0.0,13.0,8+d (長期)
Tarazona,2021-09-09,True,32.18255674895833,72.96988961458334,102.80203367735083,45.339691483765996,-2.444213027199074,10.322221773,786.475375,0.15554166666666666,1.7309922999999998,0.6939438133688859,0.44103885751975314,0.16060555555555556,1224.035170736434,soil dry,0.0,0.0,0.0,14.0,8+d (長期)
Tarazona,2021-09-10,True,39.4456325,76.51114080208333,107.79104799216181,55.57211696643402,0.9021757309027723,10.834067295,916.4426562499999,0.15213541666666666,1.5263236322916667,0.6598246796912958,0.5155541021409777,0.16060555555555556,1224.035170736434,soil dry,0.0,0.0,0.0,15.0,8+d (長期)
Tarazona,2021-09-11,True,27.623208729166667,61.52070867708333,86.6721054215771,38.916353704950005,0.9655633396412102,8.734158752999999,1045.1178750000001,0.1493125,1.7479283645833332,0.6901279466631342,0.4490066730888684,0.16060555555555556,1224.035170736434,soil dry,0.0,0.0,0.0,16.0,8+d (長期)
Tarazona,2021-09-12,True,29.760625,67.89423753125,95.6513122063255,41.92760588879341,4.066290607407411,9.647694134,1234.4165729166666,0.14750520833333333,1.370816514583333,0.6952468701650523,0.4383380104431092,0.16060555555555556,1224.035170736434,compound,0.0,0.0,0.0,17.0,8+d (長期)
Tarazona,2021-09-13,True,2.4076127325581393,49.11152032093023,69.1896917022217,3.3919125617670542,-3.0798525194864443,6.2233597803,787.8276441860465,0.14456976744186048,-1.6900688360465117,0.9532676000184533,0.04902338019318186,0.16060555555555556,1224.035170736434,soil dry,0.0,0.254,0.254,18.0,8+d (長期)
Tarazona,2021-09-14,True,19.670735410958905,50.8050635369863,71.57560303702863,27.712685531752694,-7.695419347964236,5.4424105794,401.97353529411765,0.14197260273972603,0.013675840277777783,0.7208866631581134,0.3871806084178701,0.16060555555555556,1224.035170736434,soil dry,0.0,1.27,1.27,19.0,8+d (長期)
Tarazona,2021-09-15,True,38.31148951190476,64.4387563702381,90.78313311818277,53.97430441288733,-0.76424514968253,7.9706895996,857.1407094339623,0.14082142857142857,0.4768158674698796,0.6271396804651055,0.5945411064698859,0.16060555555555556,1224.035170736434,soil dry,0.0,3.81,3.81,20.0,8+d (長期)
Tarazona,2021-09-16,True,25.961669963529413,51.004891070588236,71.85712568900892,36.57553114041747,-8.604230273297377,6.378493453,548.5275405797101,0.14019411764705883,-0.40929586117647054,0.6626889701877007,0.5090035370843112,0.16060555555555556,1224.035170736434,soil dry,0.0,1.778,1.778,21.0,8+d (長期)
Tarazona,2021-09-17,True,46.80740122340425,70.50545608510639,99.3300703780909,65.94358388553735,-0.045094756767141274,9.772961137,897.8085910526315,0.1406808510638298,0.07949964468085109,0.6010036555472377,0.6638833903422104,0.16060555555555556,1224.035170736434,soil dry,0.0,0.254,0.254,22.0,8+d (長期)
Tarazona,2021-09-18,True,24.849362106382976,79.70474382340426,112.29028578851869,35.008480533736865,0.8428775693794415,11.049212373,1069.6959934210527,0.1420212765957447,1.4136280531914893,0.762330117163735,0.31176766795010125,0.16060555555555556,1224.035170736434,soil dry,10.92,0.0,10.92,0.0,0-1d (直後)
Tarazona,2021-09-19,True,36.903132322580646,62.60394317204302,88.19819665755803,51.990171176954604,-4.49033750585424,8.582751952,791.0910883908045,0.14270967741935486,1.9836344677419355,0.6291406200097347,0.5894697754287856,0.16060555555555556,1224.035170736434,soil dry,0.0,0.0,0.0,1.0,0-1d (直後)
Tarazona,2021-09-20,True,43.4672067816092,67.2431745862069,94.7340764100825,61.23782397130431,2.586024387292462,8.618513268000001,824.1282897435898,0.14280459770114945,2.4328997586206897,0.6073791252041946,0.6464181242050595,0.16060555555555556,1224.035170736434,soil dry,0.0,0.0,0.0,2.0,2-3d (短期)
Tarazona,2021-09-21,True,51.8253663125,96.518885,135.97852098555637,73.0130342959145,-14.385348244965291,11.30025,411.00450874999996,0.2651875,0.71997429375,0.6506412223327388,0.5369453481823789,0.16060555555555556,1224.035170736434,normal,0.0,14.478,14.478,3.0,2-3d (短期)
Tarazona,2021-09-22,True,42.514284604301075,62.151729043010754,87.56110466841439,59.89532039509025,-6.214717650119467,8.477070292,481.3390534722222,0.22511827956989247,0.8525530204301076,0.5938100332400212,0.684040255338351,0.16060555555555556,1224.035170736434,normal,0.0,0.0,0.0,4.0,4-7d (中期)
Tarazona,2021-09-23,True,54.42557687765957,48.04725567446808,67.69032572256766,76.67628410346684,0.9800354443291848,6.6288870908,275.3165002531645,0.1928563829787234,0.9834101531914893,0.4688779891980303,1.1327509992746763,0.16060555555555556,1224.035170736434,normal,0.0,0.0,0.0,5.0,4-7d (中期)
Tarazona,2021-09-24,True,18.138715700000002,29.399831944444447,41.41931048032175,25.554333055789975,-0.7930460826234528,3.884120639,492.0767833333333,0.1920611111111111,-0.4911390333333333,0.618441946614249,0.6169666457371569,0.16060555555555556,1224.035170736434,normal,0.0,8.128,8.128,6.0,4-7d (中期)
Tarazona,2021-09-25,True,22.136199951807228,70.28723752048192,99.02263792412892,31.186101348842676,-1.1387977077309215,8.5764018729,638.2383102564103,0.2341265060240964,-0.4666341951807229,0.7604914883365573,0.3149391089009106,0.16060555555555556,1224.035170736434,normal,0.0,1.016,1.016,7.0,4-7d (中期)
Tarazona,2021-09-26,True,33.79367367708333,74.70066845833334,105.24040361216946,47.60947834486816,-5.107349911727768,10.547046029,686.4910634177215,0.20156770833333335,0.5654994885416667,0.6885213273619013,0.4523878350022105,0.16060555555555556,1224.035170736434,normal,0.0,0.0,0.0,8.0,8+d (長期)
Tarazona,2021-09-27,True,29.013839695833337,64.41782208333333,90.75364030575342,40.8755137396318,-0.9246988110243063,9.118376807,902.1323754666666,0.17506249999999998,0.8169289729166667,0.6894645868077365,0.45040081700216333,0.16060555555555556,1224.035170736434,normal,0.0,0.0,0.0,9.0,8+d (長期)
Tarazona,2021-09-28,True,22.552950083333332,63.30234541666667,89.18212539105842,31.77323066043238,0.37943605390624996,8.96181853,896.2346875,0.16153125,1.0345953541666668,0.7373143968349241,0.3562735303863708,0.16060555555555556,1224.035170736434,normal,0.0,0.0,0.0,10.0,8+d (長期)
Tarazona,2021-09-29,True,42.81049255789474,56.66443307894737,79.83044771559783,60.312626494656406,1.8948567196198798,7.9408605646,884.4028155555555,0.15501578947368422,1.9314459694736843,0.5696353399228961,0.7555090597703376,0.16060555555555556,1224.035170736434,soil dry,0.0,0.0,0.0,11.0,8+d (長期)
Tarazona,2021-09-30,True,35.0267550625,38.4549321209375,54.176390396605235,49.346678096437806,2.7822462961805576,5.43686833808,521.5925281250001,0.15357812499999998,1.4924241010416666,0.5233267443212041,0.9108520840017045,0.16060555555555556,1224.035170736434,soil dry,0.0,0.0,0.0,12.0,8+d (長期)
Tarazona,2021-10-01,True,26.96706091427083,47.99305705208334,67.61396917833973,37.99195420098309,-2.4100198399276582,6.785403359,732.4811583333334,0.1513125,1.3613862708333333,0.6402478858641205,0.5618950442145303,0.16060555555555556,1224.035170736434,soil dry,0.0,0.0,0.0,13.0,8+d (長期)
Tarazona,2021-10-02,True,40.85328096842105,40.18124583473684,56.60846973071191,57.55525173641689,5.102286349824557,5.629608759,639.4777605882352,0.1498157894736842,1.4698034821052632,0.49585340249276305,1.0167250944992658,0.16060555555555556,1224.035170736434,soil dry,0.0,0.0,0.0,14.0,8+d (長期)
Tarazona,2021-10-03,True,30.16413937804878,42.77234303536586,60.258880373886534,42.4960882984636,-8.901636299457993,5.137857375,366.3014275,0.14631097560975612,1.8483665695121954,0.5864327647846515,0.7052253217250195,0.16060555555555556,1224.035170736434,soil dry,0.0,0.0,0.0,15.0,8+d (長期)
Tarazona,2021-10-04,True,27.003824270833334,52.0245471875,73.29364591706107,38.0437474521363,-17.076556641432294,7.291117958,365.79837604166664,0.14091145833333335,1.525444690625,0.6583021543716013,0.5190592851007374,0.16060555555555556,1224.035170736434,soil dry,0.0,0.0,0.0,16.0,8+d (長期)
Tarazona,2021-10-05,True,51.06354057291667,38.767645458333334,54.61694974529169,71.93975275813804,0.7414206892717617,5.4570810348,493.63168460416665,0.139921875,1.3346601437499999,0.4315611000042574,1.3171689941242037,0.16060555555555556,1224.035170736434,soil dry,0.0,0.0,0.0,17.0,8+d (長期)
Tarazona,2021-10-06,True,47.147052326315794,39.07720929578947,55.05307198984414,66.42209391624297,2.4698507583567295,5.469297296,795.9468066666666,0.14101052631578948,1.9912722021052631,0.4532043366987938,1.2065102185123497,0.16060555555555556,1224.035170736434,soil dry,0.0,0.0,0.0,18.0,8+d (長期)
Tarazona,2021-10-07,True,39.911320086021504,41.05673569892473,57.84188448545254,56.22819074089317,1.9714792162485018,5.62139215,696.7986374,0.14133870967741935,1.3660922768817205,0.5070732562477818,0.9721016395140926,0.16060555555555556,1224.035170736434,soil dry,0.0,0.0,0.0,19.0,8+d (長期)
Tarazona,2021-10-08,True,57.446232102197804,27.796341797802196,39.16026844357085,80.93186817740224,1.8872591241147831,3.718998408,572.5076611764706,0.1398846153846154,2.2822463099999997,0.3260852004587604,2.066683181552328,0.16060555555555556,1224.035170736434,soil dry,0.0,0.0,0.0,20.0,8+d (長期)
Tarazona,2021-10-09,True,36.80827579166667,34.37669881145833,48.430860559029846,51.856534627179876,3.405344858344908,4.85389823,542.2210468750001,0.13997395833333334,1.9683291760416666,0.4829207147030324,1.0707332892417771,0.16060555555555556,1224.035170736434,soil dry,2.85948,0.0,2.85948,0.0,0-1d (直後)
Tarazona,2021-10-10,True,28.579437620833332,29.495100651041668,41.55352771479661,40.26351587339498,-3.778992469126154,4.155765589,360.37771770833336,0.14060416666666667,1.7594037260416666,0.5078835153705543,0.9689554193748446,0.16060555555555556,1224.035170736434,soil dry,0.0,0.0,0.0,1.0,0-1d (直後)
Tarazona,2021-10-11,True,25.890887916666667,27.110455604166663,38.193972674872605,36.475811401169274,-0.9078764221904007,3.822784317,433.30980860215055,0.13898958333333336,1.7631183718749999,0.5115050638954145,0.9550148582780525,0.16060555555555556,1224.035170736434,soil dry,0.0,0.0,0.0,2.0,2-3d (短期)
Tarazona,2021-10-12,True,48.99084806315789,27.778813894736842,39.13557464054147,69.01968523005958,-3.6654591550964915,3.880202271,415.96464468085105,0.13763684210526317,2.182052890526316,0.36184624480921224,1.7636047474453191,0.16060555555555556,1224.035170736434,soil dry,0.0,0.0,0.0,3.0,2-3d (短期)
Tarazona,2021-10-13,True,39.11988159375,28.171611769791667,39.68895933925845,55.11318992390158,-2.1708057563289116,3.980333374,686.5648681609196,0.135375,1.6902363270833334,0.4186504171871293,1.3886277403445597,0.16060555555555556,1224.035170736434,soil dry,0.0,0.0,0.0,4.0,4-7d (中期)
Tarazona,2021-10-14,True,38.336520937500005,25.485445014583334,35.904612032575415,54.00956938958697,-1.4087547701678256,3.598577716,472.77203427083333,0.13522916666666668,1.7497974166666665,0.3993209020498908,1.5042515802868264,0.16060555555555556,1224.035170736434,soil dry,0.0,0.0,0.0,5.0,4-7d (中期)
Tarazona,2021-10-15,True,50.04711515625,47.817061875,67.36602222080514,70.50778403149495,3.145874476367179,4.49684716,797.200796875,0.134765625,2.25545026328125,0.4886063861726549,1.0466371875185398,0.16060555555555556,1224.035170736434,soil dry,0.0,0.0,0.0,6.0,4-7d (中期)
Tarazona,2021-10-16,True,14.229905655913978,30.705286929032255,43.258472194813926,20.04749148164306,-2.4991658968876957,4.194682249,607.3349731182797,0.13305376344086023,1.3857245669892473,0.6833238084155637,0.4634350328268521,0.16060555555555556,1224.035170736434,soil dry,10.79052,0.0,10.79052,0.0,0-1d (直後)
Tarazona,2021-10-17,True,21.6940234,32.88713989361702,46.332328043150625,30.5631505809257,0.0070467284870022575,4.544593962,565.4221329787234,0.136968085106383,-0.23508397968085093,0.6025364413122173,0.659650655854404,0.16060555555555556,1224.035170736434,soil dry,0.0,0.0,0.0,1.0,0-1d (直後)
Tarazona,2021-10-18,True,29.6663499375,20.8902251875,29.4307370423049,41.79478852808135,-1.3206738028964151,2.952209682,423.2637375,0.13784895833333335,1.7817160072916665,0.41320491223642786,1.420106756687876,0.16060555555555556,1224.035170736434,soil dry,0.0,0.0,0.0,2.0,2-3d (短期)
Tarazona,2021-10-19,True,31.690445458333333,30.987395541666668,43.655914746116856,44.64639125076516,-0.8371521621209449,4.368237795,478.3658770833333,0.13845833333333335,1.4395158260416665,0.49439155923808337,1.0226882545104936,0.16060555555555556,1224.035170736434,soil dry,0.0,0.0,0.0,3.0,2-3d (短期)
Tarazona,2021-10-20,True,35.41803824895833,32.61545217395833,45.949566739089484,49.897928859240544,-0.4360772647858817,4.6046326123,575.0622760416667,0.13718750000000002,1.8230450791666666,0.4794028936515069,1.0859281686500033,0.16060555555555556,1224.035170736434,soil dry,0.0,0.0,0.0,4.0,4-7d (中期)
Tarazona,2021-10-21,True,31.15127831979167,31.13126424375,43.85860102171363,43.88679741518666,-1.2166040469039314,4.3877536691,563.8998266666666,0.13651041666666666,1.4772176290625,0.4998393283637927,1.0006428931342126,0.16060555555555556,1224.035170736434,soil dry,0.0,0.0,0.0,5.0,4-7d (中期)
Tarazona,2021-10-22,True,13.195961421686746,18.20330694578313,25.645331020283702,18.59084175188538,-11.331755175495324,2.204108266,207.63171472972974,0.16710843373493978,1.1890306639759038,0.5797366592350933,0.72492110697192,0.16060555555555556,1224.035170736434,normal,0.0,0.0,0.0,6.0,4-7d (中期)
Tarazona,2021-10-23,True,36.50671060180851,43.45343636808511,61.21842382526693,51.43168110242521,-12.498679367618207,5.971868042,344.08536745679015,0.2018244680851064,0.48937340957446807,0.543438675574797,0.8401340297362834,0.16060555555555556,1224.035170736434,normal,0.0,0.0,0.0,7.0,4-7d (中期)
Tarazona,2021-10-24,True,44.09382616216216,43.66661989189189,61.51876277205166,62.12062298611346,-12.034563408213211,4.723969875,504.25909672131144,0.18800675675675677,1.4621414418918919,0.49756606598143804,1.0097833601805664,0.16060555555555556,1224.035170736434,normal,0.0,0.0,0.0,8.0,8+d (長期)
Tarazona,2021-10-25,True,27.323337774193547,34.511150268817204,48.62027955528133,38.493887065972864,-6.264914426771209,4.699443862,532.0288406578948,0.17601075268817204,0.8922966322580644,0.5581213876115864,0.7917249225645702,0.16060555555555556,1224.035170736434,normal,0.0,0.0,0.0,9.0,8+d (長期)
Tarazona,2021-10-26,True,26.617803958333337,23.772224979166666,33.49097944099729,37.49991117425004,5.6472408385648185,1.666831459,347.9610875,0.16772916666666662,0.7454033166666667,0.47176446373253617,1.119701836141146,0.16060555555555556,1224.035170736434,normal,0.0,0.0,0.0,10.0,8+d (長期)
Tarazona,2022-02-01,True,48.685357297297294,7.0958774810810805,9.996871855410685,68.5893012433769,8.884771396771766,0.382630722,550.650718918919,0.17925675675675673,0.21889958216216215,0.12720904277708003,6.861076368229505,0.16060555555555556,1224.035170736434,normal,,,,108.0,8+d (長期)
Tarazona,2022-02-02,True,37.44747822222222,6.469868895333333,9.114933345509348,52.75706099688791,4.691109642401236,0.426196489,531.1514888888888,0.1771,-0.01004832888888889,0.1473192102887076,5.787980997456192,0.16060555555555556,1224.035170736434,normal,,,,109.0,8+d (長期)
Tarazona,2022-02-03,True,-11.738096666666667,0.29134197222222213,0.41045076809365144,-16.536960864382372,-34.44062572754629,0.016749357,451.01739083333337,0.1759861111111111,-0.23623999027777776,-0.02545192764230561,-40.289754947197906,0.16060555555555556,1224.035170736434,normal,,,,110.0,8+d (長期)
Tarazona,2022-02-04,True,14.311184130434784,11.819801717391304,16.652069238816928,20.16199888351888,8.229443542210145,0.791241545,423.9118043478261,0.17553260869565215,0.9803295576086957,0.4523289624901246,1.210780389774029,0.16060555555555556,1224.035170736434,normal,,,,111.0,8+d (長期)
Tarazona,2022-02-05,True,15.321045976190476,19.41450430952381,27.35169994635514,21.584720666780296,1.177342908002645,1.18513395,260.84518333333335,0.17497619047619045,-0.5254527698095239,0.5589231824407983,0.7891546305755908,0.16060555555555556,1224.035170736434,normal,,,,112.0,8+d (長期)
Tarazona,2022-02-06,True,34.0005471875,8.800283795833334,12.398087429320952,47.90092756724105,-3.4259675167824053,0.615984383,306.66848708333333,0.17463541666666668,0.32840541166666665,0.20561011535640905,3.863573945603689,0.16060555555555556,1224.035170736434,normal,,,,113.0,8+d (長期)
Tarazona,2022-02-07,True,25.940963125,12.668061520833334,17.84712151779369,36.546358763659114,-1.709549176851848,0.884915569,596.0519085416666,0.17222916666666666,-0.16745855854166666,0.32811141014411677,2.0477452751818928,0.16060555555555556,1224.035170736434,normal,,,,114.0,8+d (長期)
Tarazona,2022-02-08,True,35.292585833333334,6.21304225,8.753108741110855,49.72118796619404,-1.4460703879629648,0.435520503,435.24262916666663,0.17200000000000001,0.13751240625,0.14969156080533713,5.680403321469982,0.16060555555555556,1224.035170736434,normal,,,,115.0,8+d (長期)
Tarazona,2022-02-09,True,43.745445555555555,8.619476416666666,12.143360906088136,61.62981458497604,0.05094721929012221,0.451371151,370.5166766666667,0.1713472222222222,0.24611632916666665,0.16460401528410565,5.075185944121748,0.16060555555555556,1224.035170736434,normal,,,,116.0,8+d (長期)
Tarazona,2022-02-10,True,14.047787863636364,2.494893627272727,3.5148763421048157,19.790918811547826,-44.67129507575759,0.07984424700000001,391.65608636363635,0.16943181818181816,-0.16859465954545455,0.15081555119366696,5.630615954954597,0.16060555555555556,1224.035170736434,normal,,,,117.0,8+d (長期)
Tarazona,2022-02-11,True,27.5262185,7.099097833333334,10.001408778276236,38.77971114104002,2.2177955470543966,0.497762005,537.7151770833333,0.16751041666666666,0.5357435820833333,0.20502622315392757,3.877424870911414,0.16060555555555556,1224.035170736434,normal,,,,118.0,8+d (長期)
Tarazona,2022-02-12,True,22.983380666666665,8.508379041666666,11.986843798188707,32.37963337746145,5.871362867881943,0.595132348,483.82589375,0.16753125,-0.039435475,0.27017794878624024,2.7012643129924023,0.16060555555555556,1224.035170736434,normal,,,,119.0,8+d (長期)
Tarazona,2022-02-13,True,35.50825809523809,12.05001811904762,16.97640458317822,50.025033117237996,8.101917139986783,0.737392968,314.6371849285714,0.16704761904761903,0.505338155,0.25337373593511353,2.9467389795132117,0.16060555555555556,1224.035170736434,normal,,,,120.0,8+d (長期)
Tarazona,2022-02-14,True,65.8502865625,61.883518125,87.18324158034328,92.77173656993455,-14.939654466753483,2.87710105,494.95148125000003,0.166125,-0.75501910625,0.4844725190516141,1.0641005643778594,0.16060555555555556,1224.035170736434,normal,,,,121.0,8+d (長期)
Tarazona,2022-02-15,True,41.41185877708333,18.62832870833333,26.244113638402954,58.34219187022853,-6.232716353153932,1.29859942,327.24939666666666,0.16315625,-0.19184099166666668,0.3102643327497607,2.2230581940803873,0.16060555555555556,1224.035170736434,normal,,,,122.0,8+d (長期)
Tarazona,2022-02-16,True,33.950896666666665,13.232631437499998,18.642503501964686,47.83097851645084,5.493504209971064,0.923102781,351.5234958333333,0.16424999999999998,-0.21369467041666668,0.2804502327228781,2.565695026497383,0.16060555555555556,1224.035170736434,normal,,,,123.0,8+d (長期)
Tarazona,2022-02-17,True,40.342338085106384,10.076859582978724,14.196563317868593,56.83542102576142,9.067206613947988,0.693876434,471.83976170212765,0.16706382978723402,-0.29553712765957446,0.19986156164792132,4.003463356108528,0.16060555555555556,1224.035170736434,normal,,,,124.0,8+d (長期)
Tarazona,2022-02-18,True,42.629296937499994,9.545503185416667,13.447973473956681,60.05735300625735,7.806777177025467,0.672182121,639.9962375,0.16714583333333333,-0.45738363541666666,0.18295236709922744,4.46590358930766,0.16060555555555556,1224.035170736434,normal,,,,125.0,8+d (長期)
Tarazona,2022-02-19,True,9.149836791666667,7.429832208333334,10.467356671805904,12.890547525389062,-4.9231504367476875,0.518021163,216.76935625,0.16515624999999998,0.23006064395833334,0.44812910368315156,1.231499788299952,0.16060555555555556,1224.035170736434,normal,,,,126.0,8+d (長期)
Tarazona,2022-02-20,True,51.11677458333333,14.013238454166666,19.74224463135383,72.0147503298836,-0.43155148246527864,0.980506783,540.8141541666666,0.16495833333333335,0.07762888541666667,0.2151579249047324,3.6477488590893405,0.16060555555555556,1224.035170736434,normal,,,,127.0,8+d (長期)
Tarazona,2022-02-21,True,42.15962864583333,14.59057525,20.555612954122548,59.395671101678296,5.042985231307873,1.023072328,707.9807525,0.163875,-0.43163050416666665,0.25710172384193425,2.8895110661132657,0.16060555555555556,1224.035170736434,normal,,,,128.0,8+d (長期)
Tarazona,2022-02-22,True,37.790240687499995,17.3474324375,24.439550930868247,53.239954402440986,0.38850286238426107,1.215611207,986.0713125000001,0.16297916666666665,0.032088855416666666,0.3146203213576398,2.1784342336338325,0.16060555555555556,1224.035170736434,normal,,,,129.0,8+d (長期)
Tarazona,2022-02-23,True,18.997343333333337,11.072029663958332,15.598586929524318,26.76399182524214,-0.7902592596064865,0.775509438,793.3770833333333,0.16060416666666666,-0.016595735416666663,0.36821618012971485,1.7157959208846307,0.16060555555555556,1224.035170736434,soil dry,,,,130.0,8+d (長期)
Tarazona,2022-02-24,True,22.407097412499997,12.251836312499998,17.260731732767976,31.56774931383674,9.878794256770833,0.858273233,654.9563333333333,0.15989583333333332,0.02973006666666667,0.35349720824396197,1.8288766549744906,0.16060555555555556,1224.035170736434,soil dry,,,,131.0,8+d (長期)
Tarazona,2022-02-25,True,14.587392,27.84929921052632,39.23487633670438,20.551128301953934,-4.708103933238302,1.53536417,89.4044794736842,0.17306578947368423,-1.0351687794736844,0.6562551984170333,0.5237974532043643,0.16060555555555556,1224.035170736434,normal,,,,132.0,8+d (長期)
Tarazona,2022-02-26,True,7.5227228536585375,24.63686536585366,34.70910914655778,10.59822362664811,-10.05518818061111,1.46356089,37.2713268292683,0.18232926829268292,-0.5370020658536585,0.7660814932607168,0.3053441556767576,0.16060555555555556,1224.035170736434,normal,,,,133.0,8+d (長期)
Tarazona,2022-02-27,True,43.03680347833333,28.523679458333334,40.18496220517117,60.63145968718779,6.823771687557872,1.99123824,174.00213875,0.18829166666666666,0.44202368120833335,0.3985954019284318,1.508809673071821,0.16060555555555556,1224.035170736434,normal,,,,134.0,8+d (長期)
Tarazona,2022-02-28,True,35.2320384375,19.303356829166667,27.195112248618727,49.635887091293306,3.0474891012673644,1.350827871,274.81496458333334,0.19008333333333335,-0.12798690208333333,0.35396015257205504,1.8251767684398645,0.16060555555555556,1224.035170736434,normal,,,,135.0,8+d (長期)
Tarazona,2022-03-01,True,50.602611249999995,24.72310036875,34.83059944507325,71.29038255862649,1.5531617179976813,1.733186462,474.67726208333335,0.18969791666666666,-0.501312265,0.3282159549169921,2.046774494106803,0.16060555555555556,1224.035170736434,normal,,,,136.0,8+d (長期)
Tarazona,2022-03-02,True,44.5521625375,19.827704020833334,27.933827326043872,62.76634016811696,-0.2365181364004655,1.389441728,350.11759458333336,0.18860416666666668,-0.20321345208333333,0.30797988689317707,2.2469652810374927,0.16060555555555556,1224.035170736434,normal,,,,137.0,8+d (長期)
Tarazona,2022-03-03,True,35.61890338709677,15.887808161290321,22.38319118040485,50.180913317687455,25.405197301792104,0.716752094,216.52455032258064,0.18598387096774194,-2.0032208709677417,0.30846093030739874,2.241901653487991,0.16060555555555556,1224.035170736434,normal,,,,138.0,8+d (長期)
Tarazona,2022-03-04,True,20.30680648717949,53.61342564102564,75.53210258941316,28.60880036136522,2.0774040801353206,3.03556366,229.80367256410258,0.24546153846153848,0.7031642966666667,0.7252875714464756,0.3787634579283528,0.16060555555555556,1224.035170736434,normal,,,,139.0,8+d (長期)
Tarazona,2022-03-05,True,40.7915740625,37.09661672916666,52.26275745311532,57.46831731107889,3.4893031249710695,2.587244261,302.693005625,0.23891666666666667,-0.4087501791666666,0.4762803751391754,1.0996036204678534,0.16060555555555556,1224.035170736434,normal,,,,140.0,8+d (長期)
Tarazona,2022-03-06,True,28.158971937500002,27.534688125000002,38.79164338705386,39.67115198787301,-10.878549649699073,1.91548906,110.896094375,0.23041666666666663,0.8010953937499999,0.49439537811126594,1.02267263059839,0.16060555555555556,1224.035170736434,normal,,,,141.0,8+d (長期)
Tarazona,2022-03-07,True,13.050297025,22.6984141,31.978164460102278,18.38562565120501,-6.969730229861108,1.315358902,85.29146486486486,0.2233,0.18053795500000003,0.6349435653954643,0.5749431201451206,0.16060555555555556,1224.035170736434,normal,,,,142.0,8+d (長期)
Tarazona,2022-03-08,True,29.672723065217394,38.93325445652174,54.85026436175829,41.80376716973332,-5.558069509057966,2.598633737,218.53449260869567,0.22326086956521737,0.3503992782608696,0.5674907036225084,0.7621434036128181,0.16060555555555556,1224.035170736434,normal,,,,143.0,8+d (長期)
Tarazona,2022-03-09,True,54.53880562790698,32.461600837209296,45.73281664688957,76.83580395278632,15.185486171382427,2.033934317,466.0217488372093,0.22352325581395346,-0.2334515318604651,0.373120105481635,1.6801021582827036,0.16060555555555556,1224.035170736434,normal,,,,144.0,8+d (長期)
Tarazona,2022-03-10,True,34.140269777777775,20.03591063888889,28.22715466796871,48.097772683865045,-7.732628768749998,1.053693455,435.61633333333333,0.22266666666666668,-0.12608374444444445,0.3698287787140689,1.7039539850768202,0.16060555555555556,1224.035170736434,normal,,,,145.0,8+d (長期)
Tarazona,2022-03-11,True,12.955550625,18.49701696875,26.05911796489738,18.2521442569607,3.6749581844617873,0.8608091510000001,168.36507096774196,0.221484375,1.32903171875,0.5880924319967308,0.7004129718261006,0.16060555555555556,1224.035170736434,normal,,,,146.0,8+d (長期)
Tarazona,2022-03-12,True,54.31164447826087,69.81800760869565,98.36157362146025,76.51577293342409,3.5396139608756116,4.6678064500000005,257.7099689130435,0.25507608695652173,-0.35706886178260866,0.5624603504067348,0.7779030989061981,0.16060555555555556,1224.035170736434,normal,,,,147.0,8+d (長期)
Tarazona,2022-03-13,True,52.47834226829268,60.26826463414634,84.90762701327655,73.93296519552881,8.908775546815715,3.59298786,395.7702031707317,0.2535731707317073,-0.12371007317073171,0.5345461499014084,0.8707458657862185,0.16060555555555556,1224.035170736434,normal,,,,148.0,8+d (長期)
Tarazona,2022-03-14,True,29.104889743589744,37.7812,53.227217627508885,41.00378760882932,2.4366248000427313,2.139716,198.42605641025642,0.28347435897435896,-1.2787606410256411,0.5648588539834756,0.7703537670478899,0.16060555555555556,1224.035170736434,normal,,,,149.0,8+d (長期)
Tarazona,2022-03-15,True,30.497248125,23.483156479166666,33.08373160454007,42.96538127400697,2.199677701875006,1.639750506,587.6939791666667,0.2751354166666667,-0.35307614583333335,0.4350311312293134,1.2986860668435252,0.16060555555555556,1224.035170736434,normal,,,,150.0,8+d (長期)
Tarazona,2022-03-16,True,4.600049576041667,15.752869004166667,22.193085099002104,6.480679276499946,-3.7283824648206036,1.098636838,787.9421666666667,0.26198958333333333,1.1038111416666667,0.7739857525635235,0.2920134468727534,0.16060555555555556,1224.035170736434,normal,,,,151.0,8+d (長期)
Tarazona,2022-03-17,True,2.511793892857143,19.487267357142855,27.45421057520917,3.5386859117909135,-5.232880991865103,0.792532276,715.6314642857143,0.2583392857142857,0.22079728571428583,0.8858226783264608,0.12889410540860008,0.16060555555555556,1224.035170736434,normal,,,,152.0,8+d (長期)
Tarazona,2022-04-07,True,43.355399523809524,68.55100952380951,96.57659106934781,61.0803067605424,-28.834447644841266,2.10571267,747.678380952381,0.29214285714285715,-0.8803710142857144,0.6125744727868027,0.6324545739731386,0.16060555555555556,1224.035170736434,normal,,,,173.0,8+d (長期)
Tarazona,2022-04-08,True,78.82436808510639,47.39943236170213,66.77765401143178,111.04998767685576,8.969727011524819,3.252352283,404.7067021276596,0.2804042553191489,-0.19398090425531914,0.3755189765631921,1.662981267024519,0.16060555555555556,1224.035170736434,normal,,,,174.0,8+d (長期)
Tarazona,2022-04-09,True,60.53662903729167,30.705547187500002,43.258838854266294,85.28570633552393,12.838983494565971,2.15104556,242.9657835416667,0.271375,-0.5600628124999999,0.33652800117186277,1.971520932932134,0.16060555555555556,1224.035170736434,normal,,,,175.0,8+d (長期)
Tarazona,2022-04-10,True,94.21513628947368,44.48269136578947,62.66846722666793,132.7329349804989,21.684772186476632,2.4746181369999998,415.354917631579,0.2655789473684211,0.9221662631578946,0.3207165686570974,2.1180178940776093,0.16060555555555556,1224.035170736434,normal,,,,176.0,8+d (長期)
Tarazona,2022-04-11,True,98.22994355555555,34.236118,48.23280635625851,138.38910842348758,0.061184361851843824,2.24724664,195.06861555555557,0.2556,0.7747970244444445,0.25845199591475404,2.8691904717572116,0.16060555555555556,1224.035170736434,normal,,,,177.0,8+d (長期)
Tarazona,2022-04-22,True,48.79245928571429,69.79761571428571,98.33284494683915,68.74018953823808,24.917391251984093,1.4228302499999999,455.9300714285714,0.2342142857142857,8.154125928571428,0.5885620336633205,0.6990562469274687,0.16060555555555556,1224.035170736434,normal,,,,188.0,8+d (長期)
Tarazona,2022-04-23,True,88.7812135135135,125.73385054054054,177.13738647438478,125.07747167686881,-7.548274499549542,6.7572472,317.85852081081083,0.2678378378378378,2.9258318216216215,0.5861306342050543,0.706104307883959,0.16060555555555556,1224.035170736434,normal,,,,189.0,8+d (長期)
Tarazona,2022-04-24,True,79.58857117391304,66.23048006521739,93.30736387424737,112.12661849111065,13.087909147946869,4.44882755,489.74028913043475,0.26171739130434785,2.677784652173913,0.4541963447327964,1.2016909902440975,0.16060555555555556,1224.035170736434,normal,,,,190.0,8+d (長期)
Tarazona,2022-04-25,True,66.67713391304348,59.1088232326087,83.27417334303877,93.93662238277551,15.100651549565207,3.99016375,887.9143391304348,0.25335869565217395,1.5206053739130434,0.46991591568655333,1.1280402868223496,0.16060555555555556,1224.035170736434,normal,,,,191.0,8+d (長期)
Tarazona,2022-04-26,True,51.12959212765958,62.08148570212766,87.46214387330815,72.03280804698372,6.528662776004721,4.27696587,872.9607538297872,0.24393617021276595,2.7294580898510636,0.5483693547681537,0.8235884104479037,0.16060555555555556,1224.035170736434,normal,,,,192.0,8+d (長期)
Tarazona,2022-04-27,True,10.9203575,28.659996075,40.37700889033634,15.384906917268344,-12.261523444861115,1.668784643,257.3430055,0.233,1.2996782,0.7240965147189189,0.38103136760460976,0.16060555555555556,1224.035170736434,normal,,,,193.0,8+d (長期)
Tarazona,2022-04-28,True,-3.084597625,10.759639968750001,15.158483537058089,-4.3456679268835305,-25.80707920894098,0.500802847,41.802065937500004,0.24634375,0.026138562499999865,1.4018997533625173,-0.28668223416014105,0.16060555555555556,1224.035170736434,normal,,,,194.0,8+d (長期)
Tarazona,2022-04-29,True,57.25833139130435,92.55835873913044,130.39882015004113,80.6671483688443,12.781265136495824,6.239659311,448.57957441860464,0.26257608695652174,4.052693947826087,0.617810730290106,0.6186186982062111,0.16060555555555556,1224.035170736434,normal,,,,195.0,8+d (長期)
Tarazona,2022-04-30,True,54.23492248888889,87.26074704444444,122.93539573315952,76.40768483603391,12.99178409839504,5.763677743,470.2759840909091,0.2550555555555556,4.307033375555555,0.6167025982649433,0.6215271393592982,0.16060555555555556,1224.035170736434,normal,,,,196.0,8+d (長期)
Tarazona,2022-05-01,True,50.38423959574468,89.30367665957446,125.81353245783234,70.98273442768499,9.754211447340431,6.1642125729999995,481.73872765957447,0.25167021276595747,2.3016211914893616,0.6393085318585952,0.564189980529126,0.16060555555555556,1224.035170736434,normal,0.0,0.254,0.254,197.0,8+d (長期)
Tarazona,2022-05-02,True,60.465711282051274,84.35486866666668,118.84151251047072,85.18579540649483,22.488848762108283,4.82683516,524.5546358974359,0.2506794871794872,3.8695628974358973,0.582478461946067,0.7168016765100444,0.16060555555555556,1224.035170736434,normal,0.0,8.382,8.382,198.0,8+d (長期)
Tarazona,2022-05-03,True,46.149706687234044,71.07038489361702,100.12595797918998,65.01700531711826,-8.457035072281327,4.87166312,158.30585531914895,0.2787127659574468,4.19222214893617,0.6062986637798106,0.6493521423348708,0.16060555555555556,1224.035170736434,normal,0.0,0.0,0.0,199.0,8+d (長期)
Tarazona,2022-05-04,True,14.45135840882353,69.05366832352942,97.28475092994178,20.359480351062974,2.282523383088241,3.423585004,219.40713235294118,0.28366176470588234,3.627401470588236,0.8269402576788286,0.20927720075805675,0.16060555555555556,1224.035170736434,normal,0.0,6.858,6.858,200.0,8+d (長期)
Tarazona,2022-05-05,True,48.890794444444445,118.57672866666667,167.05423179514514,68.87872687676004,17.94242954487654,7.82384099,636.298948888889,0.27855555555555556,4.416801560000001,0.7080580548623363,0.4123135710876482,0.16060555555555556,1224.035170736434,normal,0.0,0.0,0.0,201.0,8+d (長期)
Tarazona,2022-05-06,True,51.7319814,95.33056542222222,134.30438292807256,72.88147100356902,9.709541901814825,6.294819685,841.8571577777777,0.2627888888888889,3.4675958444444444,0.6482314326941676,0.5426589171151703,0.16060555555555556,1224.035170736434,normal,0.0,0.0,0.0,202.0,8+d (長期)
Tarazona,2022-05-07,True,59.34154253191489,89.52962825531915,126.13185942362446,83.60203484003442,11.870409969385344,6.183905245,958.9192597872341,0.24947872340425534,3.676519468085106,0.601389965443843,0.6628145753346104,0.16060555555555556,1224.035170736434,normal,0.0,0.0,0.0,203.0,8+d (長期)
Tarazona,2022-05-08,True,59.45071721276596,101.07801865957445,142.40155676766682,83.75584320231707,18.323343054078023,6.9913336059999995,1163.0783872340426,0.23745744680851066,4.159842478723404,0.6296568530880116,0.5881666261483903,0.16060555555555556,1224.035170736434,normal,0.0,0.0,0.0,204.0,8+d (長期)
Tarazona,2022-05-09,True,54.32357130434782,79.89473028260869,112.55794405798486,76.53257578160614,7.765882196014457,5.41115442,1189.2976586956522,0.2251413043478261,4.027412260869565,0.5952595833649929,0.6799393540999643,0.16060555555555556,1224.035170736434,normal,0.0,0.0,0.0,205.0,8+d (長期)
Tarazona,2022-05-10,True,57.132080217391305,89.18015602173914,125.63951310769127,80.48928216264655,10.147984404289803,6.046979078,1364.6454347826088,0.21433695652173915,3.8340680000000003,0.6095194654532139,0.6406366928026501,0.16060555555555556,1224.035170736434,atm dry,0.0,0.0,0.0,206.0,8+d (長期)
Tarazona,2022-05-11,True,50.921083191489366,84.61286829787234,119.20498965037103,71.73905479079248,11.656771603427893,5.8651697899999995,1347.4256276595745,0.20617021276595748,3.8056649574468087,0.6242927869222035,0.6018125164156598,0.16060555555555556,1224.035170736434,atm dry,0.0,0.0,0.0,207.0,8+d (長期)
Tarazona,2022-05-12,True,45.15055063829787,81.65380761702129,115.03618170269694,63.609366161650264,4.085956422517718,5.648070695,1121.3282276595746,0.19932978723404257,5.365129787234043,0.6439353405551901,0.5529509517800606,0.16060555555555556,1224.035170736434,normal,0.0,0.0,0.0,208.0,8+d (長期)
Tarazona,2022-05-13,True,40.3253652173913,98.59401771304348,138.90202634068348,56.81150917215081,17.165050594836956,6.707519685,1582.2040195652175,0.1955108695652174,4.423474180434782,0.7097211032272968,0.40900417847620046,0.16060555555555556,1224.035170736434,atm dry,0.0,0.0,0.0,209.0,8+d (長期)
Tarazona,2022-05-14,True,40.202243333333335,87.92862422222223,123.87631989358917,56.638051597551204,3.3730986383950556,5.83930043,1366.637088888889,0.19217777777777778,3.0311597777777775,0.6862407622745373,0.45721451562496995,0.16060555555555556,1224.035170736434,atm dry,0.0,0.0,0.0,210.0,8+d (長期)
Tarazona,2022-05-15,True,30.90761317777778,106.85383911111111,150.53869513678578,43.54351510699605,9.021597554259243,7.09865672,1403.345311111111,0.18838888888888888,5.638009644444444,0.7756439652438927,0.2892513122119903,0.16060555555555556,1224.035170736434,atm dry,0.0,0.0,0.0,211.0,8+d (長期)
Tarazona,2022-05-16,True,50.23949795652174,104.36345586956521,147.03017315300377,70.77881833368369,7.9566034794685825,7.088471121,1442.3736673913043,0.18527173913043476,5.452290491304348,0.6750417976293247,0.4813897502523461,0.16060555555555556,1224.035170736434,atm dry,0.0,0.0,0.0,212.0,8+d (長期)
Tarazona,2022-05-17,True,46.12269712391304,113.02331663043479,159.2304286595184,64.97895348433076,9.446674671394934,7.685351752,1509.3210826086956,0.1824673913043478,5.122037928260869,0.7101862871971999,0.40808125702704046,0.16060555555555556,1224.035170736434,atm dry,0.0,0.0,0.0,213.0,8+d (長期)
Tarazona,2022-05-18,True,42.453436,94.29867345652174,132.850624491961,59.809595169224906,9.73425729565219,6.427926407,1906.659347826087,0.18093478260869567,3.08676925,0.6895591872862669,0.4502018368219569,0.16060555555555556,1224.035170736434,atm dry,0.0,0.0,0.0,214.0,8+d (長期)
Tarazona,2022-05-19,True,36.321513555555555,108.54163002222222,152.91650246253096,51.17077029268709,8.327487799567898,7.2289713099999995,1737.5900000000001,0.1790222222222222,3.571328444444444,0.749270154861341,0.33463209966645313,0.16060555555555556,1224.035170736434,atm dry,0.0,0.0,0.0,215.0,8+d (長期)
Tarazona,2022-05-20,True,35.01451152173913,91.21668600434784,128.50863384999855,49.329429051711585,-1.1145011864432381,6.197385781,1204.1587917391305,0.17603260869565218,5.732482173913044,0.722616023550731,0.3838608159922645,0.16060555555555556,1224.035170736434,normal,0.0,0.0,0.0,216.0,8+d (長期)
Tarazona,2022-05-21,True,23.730127173913043,113.64995223913043,160.11325053699156,33.43167086843011,10.05487567958938,7.74587931,2099.5608260869562,0.17453260869565215,3.9346295434782603,0.8272666075365509,0.20880015087012593,0.16060555555555556,1224.035170736434,atm dry,0.0,0.0,0.0,217.0,8+d (長期)
Tarazona,2022-05-22,True,8.820276444444444,112.69507986666667,158.76799947096868,12.426253635226903,5.318443686543194,7.4979112,1751.2292666666665,0.17286666666666667,5.746210444444444,0.9274143062061865,0.07826673937211819,0.16060555555555556,1224.035170736434,atm dry,0.0,0.0,0.0,218.0,8+d (長期)
Tarazona,2022-05-23,True,64.19598353333333,100.03138733333334,140.92703310569723,90.44110791453713,0.4688130679012349,6.636718516,1277.4793933333333,0.1695222222222222,5.3211578444444445,0.6091030186103817,0.6417584044837235,0.16060555555555556,1224.035170736434,atm dry,0.0,0.0,0.0,219.0,8+d (長期)
Tarazona,2022-05-24,True,51.29093155555555,93.05777675555557,131.102414303942,72.26010757268742,-13.721408051666648,6.168841251,1193.4698222222223,0.16646666666666668,5.553037044444444,0.6446734289785988,0.5511729738642555,0.16060555555555556,1224.035170736434,normal,0.0,0.0,0.0,220.0,8+d (長期)
Tarazona,2022-05-25,True,65.07951111111112,68.86341612377777,97.01671827771548,91.68584642634414,-16.263439569493837,4.549740797,907.4370511111111,0.16216666666666668,6.335511886666667,0.5141250646479864,0.9450520287017806,0.16060555555555556,1224.035170736434,normal,0.0,0.0,0.0,221.0,8+d (長期)
Tarazona,2022-05-26,True,81.34341198,76.9497488,108.40897128094767,114.5988875955124,3.11050350574074,5.101230652,1355.2164755555555,0.16061111111111112,5.104639933333333,0.4861217529602987,1.0570978235604065,0.16060555555555556,1224.035170736434,atm dry,0.0,0.0,0.0,222.0,8+d (長期)
Tarazona,2022-05-27,True,56.535572260869564,89.78271328913044,126.4884127404312,79.64890496927198,11.314054867512061,6.109838647,1837.401013043478,0.16116304347826088,4.298614599913043,0.613612392679723,0.6296932916117836,0.16060555555555556,1224.035170736434,atm dry,0.0,0.0,0.0,223.0,8+d (長期)
Tarazona,2022-05-28,True,52.08604384090909,114.95926699772727,161.95785000971193,73.38028413274424,11.751067631944442,7.494897294,2108.3687045454544,0.1617840909090909,3.8495154136363636,0.6881921223683821,0.4530826022223926,0.16060555555555556,1224.035170736434,atm dry,0.0,0.0,0.0,224.0,8+d (長期)
Tarazona,2022-05-29,True,40.10960227272727,121.47721136363636,171.1405134308907,56.507536264684,-0.20278786174876406,7.90188615,2072.831045454546,0.1609659090909091,3.497306340909091,0.7517767609243767,0.3301821125335273,0.16060555555555556,1224.035170736434,atm dry,0.0,0.0,0.0,225.0,8+d (長期)
Tarazona,2022-05-30,True,68.21879666666666,75.28661950222222,106.065907929982,96.10856024857453,-8.586684832654312,4.985066457,1115.650111111111,0.15803333333333333,6.4388301777777786,0.5246256309491397,0.9061211290626892,0.16060555555555556,1224.035170736434,soil dry,0.0,0.0,0.0,226.0,8+d (長期)
Tarazona,2022-05-31,True,55.60174522222223,97.79760833333334,137.7800223976001,78.33330316169219,13.008802313518514,6.517051858,1874.1550222222222,0.15732222222222222,3.5362203355555555,0.6375359873854661,0.5685389057031872,0.16060555555555556,1224.035170736434,compound,0.0,0.0,0.0,227.0,8+d (長期)
Tarazona,2022-06-01,True,69.62106152173914,91.76182725,129.27664417577063,98.08411043259063,5.180097178381635,6.245173973,1738.7008847826087,0.15745652173913044,4.873626121739131,0.5685970052239456,0.7587148557107566,0.16060555555555556,1224.035170736434,compound,0.0,0.0,0.0,228.0,8+d (長期)
Tarazona,2022-06-02,True,53.578127782608696,80.45859223913044,113.35232864798346,75.48237397328282,-1.013187954190833,5.466148041,1582.8219782608696,0.1565217391304348,4.359176195652174,0.6002727627629282,0.6659093366109303,0.16060555555555556,1224.035170736434,compound,0.0,0.0,0.0,229.0,8+d (長期)
Tarazona,2022-06-03,True,73.41982260869565,77.22599426086957,108.79815365907001,103.43591193943392,2.3141333971739,5.25008113,1605.49115,0.15540217391304348,3.938318913043478,0.5126328487948305,0.9507138536887381,0.16060555555555556,1224.035170736434,compound,0.0,0.0,0.0,230.0,8+d (長期)
Tarazona,2022-06-04,True,58.328799999999994,108.03945684444444,152.2090267597932,82.1752546650567,0.6253794902469154,7.18124375,1731.245111111111,0.15446666666666667,4.6701561555555555,0.6493994641385353,0.5398842395513149,0.16060555555555556,1224.035170736434,compound,21.71052,0.0,21.71052,0.0,0-1d (直後)
Tarazona,2022-06-05,True,53.580638977777774,117.33840942222221,165.30965280039703,75.4859118156957,-4.381573982567887,7.794174494,1605.4632666666666,0.15623333333333334,6.332930404444444,0.6865145255642683,0.45663341817577396,0.16060555555555556,1224.035170736434,compound,0.0,0.0,0.0,1.0,0-1d (直後)
Tarazona,2022-06-06,True,23.17603434883721,143.81556104651162,202.61140900884467,32.65104930569117,8.929279675000007,9.156791609999999,1956.84588372093,0.15793023255813954,6.005986837209302,0.8612143665436067,0.16115108949400692,0.16060555555555556,1224.035170736434,compound,0.0,0.0,0.0,2.0,2-3d (短期)
Tarazona,2022-06-07,True,28.523646190476192,143.37677883333333,201.99324028069628,40.18491533647795,13.071873364682528,8.922793901,2161.840404761905,0.15805952380952382,4.384289404761905,0.8340687861212359,0.19894188182057826,0.16060555555555556,1224.035170736434,compound,0.0,0.0,0.0,3.0,2-3d (短期)
Tarazona,2022-06-08,True,14.000971933333332,106.52569797777778,150.0764006750834,19.724963211654927,-6.961690973746916,7.080034302,1525.20926,0.15711111111111112,5.408303466666666,0.8838350719914595,0.13143281104108853,0.16060555555555556,1224.035170736434,compound,0.0,0.0,0.0,4.0,4-7d (中期)
Tarazona,2022-06-09,True,42.57539086956522,111.02879604347825,156.42049193584413,59.981408620970285,11.535788083514495,7.577865502,2183.871652173913,0.15679347826086956,4.533667556521739,0.7228240211077874,0.38346260057519616,0.16060555555555556,1224.035170736434,compound,0.0,0.0,0.0,5.0,4-7d (中期)
Tarazona,2022-06-10,True,71.37133353571429,128.45338033785714,180.96873657354166,100.54994289411103,42.90825058630954,5.333401731,1755.3713714285714,0.15562499999999999,5.923807571428571,0.642830297853594,0.5556205165484469,0.16060555555555556,1224.035170736434,compound,0.0,0.0,0.0,6.0,4-7d (中期)
Tarazona,2022-06-13,True,-42.75025,31.884690000000003,44.92004842661578,-60.227755084020934,-88.32790501296303,0.56905723,2768.8733333333334,0.158625,-1.9681605,-2.9344727745279564,-1.340776717603339,0.16060555555555556,1224.035170736434,compound,0.0,0.0,0.0,9.0,8+d (長期)
Tarazona,2022-06-14,True,-3.9033397727272727,129.25784756818183,182.10209264329833,-5.49913490193709,13.614445661742405,8.473471017,3135.9189545454547,0.1569659090909091,-0.9238211363636364,1.0311384077156323,-0.03019808735920898,0.16060555555555556,1224.035170736434,compound,0.0,0.0,0.0,10.0,8+d (長期)
Tarazona,2022-06-15,True,-0.7601452173913045,106.39313221739131,149.88963830178537,-1.070913970826682,3.473913865217375,7.283861494,2856.804717391304,0.15656521739130436,2.2724321717391303,1.007196096967241,-0.007144683134604149,0.16060555555555556,1224.035170736434,compound,0.0,0.0,0.0,11.0,8+d (長期)
Tarazona,2022-06-16,True,28.24404808695652,98.72851989130434,139.09151679396885,39.79100966105525,6.596052439384032,6.758518896,2741.2485652173914,0.15589130434782608,2.2677840630434782,0.7775578730376452,0.2860779045209221,0.16060555555555556,1224.035170736434,compound,0.0,0.0,0.0,12.0,8+d (長期)
Tarazona,2022-06-17,True,8.834880906976744,149.73781839534882,210.95485179924498,12.446828812975083,0.1351499842377253,9.588906565,2813.156046511628,0.15533720930232559,3.0286192418604654,0.9442849812997591,0.05900233489211283,0.16060555555555556,1224.035170736434,compound,11.7,0.0,11.7,0.0,0-1d (直後)
Tarazona,2022-06-18,True,-9.736538295454546,172.21768136363636,242.62511527551408,-13.717109112223367,-1.4887800934343467,11.27135728,2683.4695454545454,0.15575,2.5486908636363634,1.0599241124945116,-0.05653622913953834,0.16060555555555556,1224.035170736434,compound,13.26,0.0,13.26,0.0,0-1d (直後)
Tarazona,2022-06-19,True,32.52376209302326,163.52346,230.3764515850011,45.82039117314094,-4.7479932770025846,10.40906971,1754.8617604651163,0.15545348837209302,3.5832164023255815,0.8341024078495184,0.19889355382416232,0.16060555555555556,1224.035170736434,compound,0.0,0.0,0.0,1.0,0-1d (直後)
Tarazona,2022-06-20,True,26.301772,134.4176162173913,189.37131989915764,37.05467645900923,-3.9085742264915426,9.148358232,1714.8528782608694,0.15421739130434783,4.315008021739131,0.836349725495322,0.19567206100026796,0.16060555555555556,1224.035170736434,compound,0.0,0.0,0.0,2.0,2-3d (短期)
Tarazona,2022-06-21,True,-11.569395238095238,81.7626628095238,115.1895399608046,-16.299289544978986,-25.002397567460314,5.05129758,667.3806142857143,0.15138095238095237,12.49184403809524,1.1648220069869555,-0.14149973643896074,0.16060555555555556,1224.035170736434,soil dry,0.0,0.762,0.762,3.0,2-3d (短期)
Tarazona,2022-06-22,True,79.89731822222222,117.3357351111111,165.30588515565535,112.56159002013047,-2.1482907525308694,7.77369964,768.7055022727272,0.1498888888888889,5.249176644444445,0.5949090840915396,0.680929114617669,0.16060555555555556,1224.035170736434,soil dry,0.0,0.0,0.0,4.0,4-7d (中期)
Tarazona,2022-06-23,True,95.78975311111111,105.19113960888889,148.19623729389215,134.9512994645606,-0.7527432593210083,6.976602529,791.4143057777777,0.14972222222222223,5.285396933333333,0.5233887569373957,0.9106256807110079,0.16060555555555556,1224.035170736434,soil dry,0.0,0.0,0.0,5.0,4-7d (中期)
Tarazona,2022-06-24,True,90.80832575555556,95.89291926666667,135.09664284734222,127.93332444127438,-1.5177029816666805,6.360960317,853.9439142857142,0.1487777777777778,4.930737315555556,0.5136169244894588,0.9469763403805502,0.16060555555555556,1224.035170736434,soil dry,0.0,0.0,0.0,6.0,4-7d (中期)
Tarazona,2022-06-25,True,50.70634075,137.71011477272728,194.00988450650536,71.43651959691253,1.2720550145075784,8.95796689,1259.5793204545455,0.1491818181818182,4.168532045454546,0.7308815697157425,0.36821072173009406,0.16060555555555556,1224.035170736434,compound,10.53,0.0,10.53,0.0,0-1d (直後)
Tarazona,2022-06-26,True,45.75523818181818,141.5257696590909,199.3854864733022,64.46126698734133,3.66313712929293,9.204676065,1191.871859090909,0.15043181818181817,4.351093863636364,0.7556867153305464,0.32329969511583645,0.16060555555555556,1224.035170736434,soil dry,0.0,0.0,0.0,1.0,0-1d (直後)
Tarazona,2022-06-27,True,51.40840142857143,132.818806,187.11887107841684,72.42560243509762,-2.621074921560863,8.239778561,1138.695638095238,0.14939285714285713,4.991783476190476,0.7209510899821706,0.38705664488936475,0.16060555555555556,1224.035170736434,soil dry,0.0,0.0,0.0,2.0,2-3d (短期)
Tarazona,2022-06-28,True,62.32408264444444,103.89774771777776,146.37407040491493,87.80392127170904,7.576127445246915,6.929455291,1724.3404944444444,0.1496222222222222,3.66194192,0.6250547686267746,0.5998598046007524,0.16060555555555556,1224.035170736434,compound,0.0,0.0,0.0,3.0,2-3d (短期)
Tarazona,2022-06-29,True,40.64188652173913,90.26798819565218,127.17208168314878,57.25743329182579,0.8566294897343028,6.157217833,1640.4403414634148,0.15015217391304347,2.284354456521739,0.6895430034634364,0.4502358735817786,0.16060555555555556,1224.035170736434,compound,0.0,0.0,0.0,4.0,4-7d (中期)
Tarazona,2022-06-30,True,65.31294445454546,103.20670947954545,145.4005162908232,92.01471388879894,-2.638066121148953,6.725986621,1725.8364722222223,0.14909090909090908,3.191470727272727,0.6124312925536284,0.632836225318179,0.16060555555555556,1224.035170736434,compound,0.0,0.0,0.0,5.0,4-7d (中期)
Tarazona,2022-07-01,True,73.18049204545454,96.96176595454546,136.6024641358711,103.09873630778247,-1.0877093167929286,6.308761207,683.0671891891892,0.14963636363636362,4.708267954545454,0.5698864414656203,0.7547355529782811,0.16060555555555556,1224.035170736434,soil dry,11.7,0.0,11.7,0.0,0-1d (直後)
Tarazona,2022-07-02,True,52.528950630434785,114.87064776086956,161.8330007353054,74.00426368010604,3.8468068997584566,7.822706142,903.4469631578949,0.15189130434782608,4.840433152173913,0.6862062326598544,0.45728784205854067,0.16060555555555556,1224.035170736434,soil dry,0.12948,0.0,0.12948,1.0,0-1d (直後)
Tarazona,2022-07-03,True,-0.36139750000000037,141.42127478571427,199.23827115546752,-0.5091469668125321,9.787966157804236,8.80713535,877.028780952381,0.15086904761904762,1.244448345238095,1.002562014847553,-0.0025554677013596445,0.16060555555555556,1224.035170736434,soil dry,0.0,0.254,0.254,2.0,2-3d (短期)
Tarazona,2022-07-04,True,29.971621181818183,120.19700120454546,169.33691733688417,42.22486324663831,12.43968849292927,7.852254157,2158.3929272727273,0.15182954545454544,2.786580452272727,0.8004135570698302,0.24935415094769228,0.16060555555555556,1224.035170736434,compound,0.0,0.0,0.0,3.0,2-3d (短期)
Tarazona,2022-07-05,True,18.491363255813955,122.2325546511628,172.20466230780957,26.051152855031884,7.123475786763593,7.79370544,1225.834465116279,0.1524186046511628,3.484095351162791,0.8685982913861354,0.15128018316058361,0.16060555555555556,1224.035170736434,compound,11.7,0.508,12.207999999999998,0.0,0-1d (直後)
Tarazona,2022-07-06,True,69.0666775,97.12005502272727,136.82546622898005,97.30307862379891,8.230860901041636,6.323192494000001,653.8356068181819,0.15304545454545454,3.848563255813954,0.5844031803769014,0.7111474296821348,0.16060555555555556,1224.035170736434,soil dry,0.12948,0.762,0.89148,1.0,0-1d (直後)
Tarazona,2022-07-07,True,44.95459993181818,128.43442181818182,180.94202727757823,63.333305292803885,11.487230246906556,8.36346624,1388.6400575,0.15329545454545454,4.330931931818181,0.7407298369983555,0.3500198723630193,0.16060555555555556,1224.035170736434,compound,11.82948,0.0,11.82948,0.0,0-1d (直後)
Tarazona,2022-07-08,True,17.06838585106383,132.55465078723404,186.7467217820119,24.046422248231075,8.392512227482282,9.241992675,1948.8851619148936,0.15454255319148935,3.9960578372340425,0.8859240780393641,0.12876489621220924,0.16060555555555556,1224.035170736434,compound,0.12948,0.0,0.12948,1.0,0-1d (直後)
Tarazona,2022-07-09,True,13.04920515909091,139.78299411363636,196.93021524756534,18.384087399789934,8.232771403958331,9.13027021,2212.9445227272727,0.15467045454545456,3.6354370363636366,0.914617435192405,0.09335330983454666,0.16060555555555556,1224.035170736434,compound,0.0,0.0,0.0,2.0,2-3d (短期)
Tarazona,2022-07-10,True,21.141189545454548,130.67510068181818,184.098758707711,29.784302691294204,13.287657121527797,8.5468904,2272.8142045454547,0.15429545454545454,2.8078819772727273,0.8607449206287041,0.1617843754100591,0.16060555555555556,1224.035170736434,compound,0.0,0.0,0.0,3.0,2-3d (短期)
Tarazona,2022-07-11,True,37.58782377777778,106.76601777777778,150.41496997131537,52.95478376452391,6.297509409259252,7.1359612,2399.9726444444445,0.15354444444444443,2.156171924444444,0.7396132768429869,0.352057935288107,0.16060555555555556,1224.035170736434,compound,0.0,0.0,0.0,4.0,4-7d (中期)
Tarazona,2022-07-12,True,10.126053333333335,137.00018033333333,193.0097088925258,14.265868857556006,6.10295825524692,9.161520804,2395.9230666666667,0.15308888888888889,3.7397920222222223,0.9311743862330141,0.07391270076211406,0.16060555555555556,1224.035170736434,compound,11.57052,0.0,11.57052,0.0,0-1d (直後)
Tarazona,2022-07-13,True,-2.7330058139534885,152.98168581395348,215.5249034928083,-3.8503354905759837,11.453545284496125,9.7931877,2903.8533023255814,0.15393023255813953,2.6786809860465115,1.0181898823600546,-0.017864921538890577,0.16060555555555556,1224.035170736434,compound,0.0,0.0,0.0,1.0,0-1d (直後)
Tarazona,2022-07-14,True,2.929671818181819,141.03137045454545,198.6889629627941,4.127404091017312,12.83807551502525,9.2506882,3067.7576136363637,0.15326136363636364,2.6149585909090907,0.9796495512123918,0.02077319257934925,0.16060555555555556,1224.035170736434,compound,0.0,0.0,0.0,2.0,2-3d (短期)
Tarazona,2022-07-15,True,26.48128204651163,110.55008069767442,155.74606428683538,37.30757526349396,10.918142393087871,7.07099381,2639.2238139534884,0.15243023255813953,1.9920296976744185,0.8067502101986126,0.2395410467309473,0.16060555555555556,1224.035170736434,compound,0.0,0.0,0.0,3.0,2-3d (短期)
Tarazona,2022-07-16,True,9.87461628888889,138.69939304444446,195.40360757149153,13.911637274539533,5.363038185246937,9.29299083,2815.405888888889,0.1518,2.9695454666666667,0.9335373910066955,0.07119437275204726,0.16060555555555556,1224.035170736434,compound,18.20052,0.0,18.20052,0.0,0-1d (直後)
Tarazona,2022-07-17,True,-0.6926047619047618,162.4024538095238,228.7971465215764,-0.9757610767194725,11.78762956666665,10.14755088,2683.579619047619,0.15270238095238095,3.5131515952380954,1.0042830091425092,-0.004264743208357517,0.16060555555555556,1224.035170736434,compound,0.0,0.0,0.0,1.0,0-1d (直後)
Tarazona,2022-07-18,True,11.26016090909091,138.70701022727272,195.41433887298828,15.863631521204992,10.74772543680558,9.07637007,2676.205090909091,0.15227272727272728,2.3979405227272728,0.9249158277523809,0.08117946519531372,0.16060555555555556,1224.035170736434,compound,0.0,0.0,0.0,2.0,2-3d (短期)
Tarazona,2022-07-19,True,2.3704539534883726,153.85019651162793,216.74848580138868,3.3395622282594104,12.61549410303617,9.83430263,2233.2802790697674,0.1525581395348837,3.82828788372093,0.9848262445046105,0.015407545828576277,0.16060555555555556,1224.035170736434,compound,10.65948,0.0,10.65948,0.0,0-1d (直後)
Tarazona,2022-07-20,True,16.89380409090909,138.0810775,194.532507234641,23.80046655223545,8.12707446085855,9.02569498,1819.3017863636364,0.15301136363636364,3.794489136363637,0.8909900500165951,0.1223469891514215,0.16060555555555556,1224.035170736434,compound,0.12948,0.0,0.12948,1.0,0-1d (直後)
Tarazona,2022-07-21,True,27.819861999999997,84.33251,118.81001299175433,39.193404366226176,5.578190665925941,5.645061819,1966.1014317777776,0.15217777777777777,1.3694810444444445,0.7519458438204053,0.32988300715821217,0.16060555555555556,1224.035170736434,compound,0.0,0.0,0.0,2.0,2-3d (短期)
Tarazona,2022-07-22,True,54.92805088235294,148.01527294117648,208.5280812953301,77.38418361962779,47.33964008496736,7.491936406,2567.511255882353,0.1514705882352941,3.4077172647058824,0.7293429029963263,0.3710971833574377,0.16060555555555556,1224.035170736434,compound,0.0,0.0,0.0,3.0,2-3d (短期)
Tarazona,2022-07-25,True,-62.058,73.19915833333333,103.1250338993683,-87.42905655532239,-80.56731985111112,1.3055665,3294.455,0.1515,-1.8721591666666668,6.570156903194536,-0.8477966333629291,0.16060555555555556,1224.035170736434,compound,0.0,0.0,0.0,6.0,4-7d (中期)
Tarazona,2022-07-26,True,52.73746296296296,133.81616744444443,188.52398194458127,74.29802172118194,36.607976789711905,5.364855202,1841.1554444444444,0.1482962962962963,3.572070740740741,0.7173066916586314,0.39410382145982187,0.16060555555555556,1224.035170736434,compound,2.73,0.0,2.73,0.0,0-1d (直後)
Tarazona,2022-07-28,True,-29.16285,5.468125855555555,7.703649564552311,-41.085443648915266,-73.90333656419755,0.072662668,957.2928888888889,0.15194444444444444,-1.9795356666666666,-0.23077398252123707,-5.33324410782734,0.16060555555555556,1224.035170736434,soil dry,,,,2.0,2-3d (短期)
Tarazona,2022-07-29,True,38.09036731914894,113.0014289574468,159.1995926899491,53.66278124591311,5.16648803666667,7.906329117,1807.812880851064,0.15157446808510638,2.7354494042553195,0.747899169525929,0.3370786340542004,0.16060555555555556,1224.035170736434,compound,0.0,0.0,0.0,3.0,2-3d (短期)
Tarazona,2022-07-30,True,41.11976536666667,117.17021886666666,165.0727012132731,57.930682454862975,4.633366383209883,7.819524735,978.8035911111111,0.15213333333333334,2.843766111111111,0.7402250965793735,0.3509404161262063,0.16060555555555556,1224.035170736434,soil dry,13.26,0.762,14.022,0.0,0-1d (直後)
Tarazona,2022-07-31,True,26.838864847826084,130.8396189130435,184.33053662098854,37.811347975462326,7.681943026062805,8.942186081,1457.9724717391305,0.15264130434782608,2.111694456521739,0.8297873989673246,0.20512796560240137,0.16060555555555556,1224.035170736434,compound,0.0,0.0,0.0,1.0,0-1d (直後)
Tarazona,2022-08-01,True,42.89727233333333,137.62446423333333,193.8892176166174,60.434884284057915,33.29749719629629,6.13289151,1178.67788,0.15271666666666667,4.5222097,0.7623705978615414,0.3116980151189093,0.16060555555555556,1224.035170736434,soil dry,0.0,11.684,11.684,2.0,2-3d (短期)
Tarazona,2022-08-03,True,-50.17459090909092,38.407281818181815,54.10925930932392,-70.68737545894281,-73.63524486969693,0.6249587,2037.6840000000002,0.16713636363636364,-2.423265990909091,-3.263896743211551,-1.3063822414357502,0.16060555555555556,1224.035170736434,atm dry,0.0,0.0,0.0,4.0,4-7d (中期)
Tarazona,2022-08-04,True,36.110431818181816,94.36241454545456,132.94042473156276,50.8733924017682,6.212344545454538,6.1647149599999995,2459.9050454545454,0.16412500000000002,0.9599286136363637,0.7232341224660672,0.38267812446434757,0.16060555555555556,1224.035170736434,atm dry,0.0,0.0,0.0,5.0,4-7d (中期)
Tarazona,2022-08-05,True,50.65958653846154,83.87506,118.16554456026714,71.37065094815176,40.944796529059836,3.23836142,1792.7925769230767,0.1611153846153846,1.5849027692307693,0.6234457974810327,0.6039886771879691,0.16060555555555556,1224.035170736434,atm dry,0.0,0.0,0.0,6.0,4-7d (中期)
Tarazona,2022-08-08,True,33.07188586206897,178.59084448275863,251.60380680244108,46.592603361790495,29.32175960651344,7.69869459,3302.9492758620686,0.16320689655172416,4.039617586206896,0.8437519642301206,0.18518242610842106,0.16060555555555556,1224.035170736434,atm dry,1.17,0.0,1.17,0.0,0-1d (直後)
Tarazona,2022-08-09,True,31.24764888888889,103.2081424888889,145.4025351547075,44.02256698455515,11.138427162716035,6.903221874,2152.0479644444445,0.16044444444444445,2.0074690222222222,0.767599085404265,0.30276340737605006,0.16060555555555556,1224.035170736434,compound,0.0,0.0,0.0,1.0,0-1d (直後)
Tarazona,2022-08-10,True,38.37334553191489,99.99558740425532,140.87659715829258,54.06144891434972,3.183629973522458,6.97879559,2086.3662170212765,0.15870212765957448,1.7543183191489362,0.7226736904185236,0.3837503886724697,0.16060555555555556,1224.035170736434,compound,0.0,0.0,0.0,2.0,2-3d (短期)
Tarazona,2022-08-11,True,47.07902872340426,80.65708723404255,113.63197398196328,66.32626035044889,4.4413897793617085,5.631892021,2314.579993617021,0.15624468085106383,1.6946481276595744,0.6314352572056608,0.5836936385614212,0.16060555555555556,1224.035170736434,compound,0.0,0.0,0.0,3.0,2-3d (短期)
Tarazona,2022-08-12,True,47.881148812499994,90.38333952083333,127.33459187575885,67.45630970159964,10.174672577546298,6.457164201,2773.4744166666665,0.15445833333333334,2.1622462270833336,0.6536988680920998,0.5297563584875442,0.16060555555555556,1224.035170736434,compound,0.0,0.0,0.0,4.0,4-7d (中期)
Tarazona,2022-08-13,True,-2.193637567567568,131.86097216216214,185.7694478166468,-3.0904583286078293,-30.665616105105123,7.1981208,736.8226216216217,0.15052702702702703,-1.5836027499999998,1.016917426230947,-0.01663598812899574,0.16060555555555556,1224.035170736434,soil dry,19.11,0.0,19.11,0.0,0-1d (直後)
Tarazona,2022-08-14,True,41.28750508888889,143.73941035555555,202.50412577273775,58.16699889530161,4.364588582469151,9.582749883,1314.7676000000001,0.15325555555555553,2.131584288888889,0.7768567616786234,0.287238586736648,0.16060555555555556,1224.035170736434,compound,0.0,0.0,0.0,1.0,0-1d (直後)
Tarazona,2022-08-15,True,31.483026023913045,125.84831686956522,177.29864985950803,44.354172915295045,-2.2088396195651967,8.563081298,1624.2085217391304,0.15454347826086956,2.7217220847826087,0.7998934894668208,0.2501664448682572,0.16060555555555556,1224.035170736434,compound,0.0,0.0,0.0,2.0,2-3d (短期)
Tarazona,2022-08-16,True,29.552431595744682,110.35138470212767,155.46613577750583,41.634297162842145,-4.121868176879438,7.66736457,1435.1469638297874,0.1538404255319149,3.2356123553191485,0.7887660795984012,0.2678029974477963,0.16060555555555556,1224.035170736434,compound,0.0,0.0,0.0,3.0,2-3d (短期)
Tarazona,2022-08-17,True,50.571639680851064,107.67447446808511,151.69482931829626,71.24674894054776,-1.1187414624113317,7.47366868,1431.0517148936171,0.1523723404255319,3.2077000574468086,0.6804241295097164,0.46967157193639775,0.16060555555555556,1224.035170736434,compound,0.0,0.0,0.0,4.0,4-7d (中期)
Tarazona,2022-08-18,True,62.36213170212766,90.57090444680851,127.59883862107579,87.8575258547775,-1.9169567290780063,6.283261583,1302.1864021276597,0.15064893617021277,3.069580136957447,0.592225896559097,0.6885448708172324,0.16060555555555556,1224.035170736434,compound,0.0,0.0,0.0,5.0,4-7d (中期)
Tarazona,2022-08-19,True,52.478695217391305,85.9434102173913,121.07949454467716,73.93346244015004,5.067909055314007,5.85152864,1583.2174239130434,0.14988043478260868,2.6794414760869567,0.6208792298559814,0.6106191863302609,0.16060555555555556,1224.035170736434,compound,0.0,0.0,0.0,6.0,4-7d (中期)
Tarazona,2022-08-20,True,20.89657608695652,108.59180757826087,152.98719401534782,29.439684368157515,13.42616649396138,7.416616659,1563.8191260869564,0.15033695652173912,3.0912248695652176,0.8386220022563331,0.19243234414250449,0.16060555555555556,1224.035170736434,compound,16.77,0.0,16.77,0.0,0-1d (直後)
Tarazona,2022-08-21,True,1.8329983913043484,160.33365012608695,225.88255768144202,2.582379709612989,2.2848482596618016,10.957243245,2065.708118604651,0.15206521739130435,2.9142634782608696,0.9886968226323813,0.011432399810413298,0.16060555555555556,1224.035170736434,compound,0.0,0.0,0.0,1.0,0-1d (直後)
Tarazona,2022-08-22,True,10.30651511111111,119.02915444444444,167.69162196099674,14.520108487827807,11.951289184938284,7.95059559,1673.7723577777776,0.1522111111111111,2.677666733333333,0.9203118896238908,0.08658815698738383,0.16060555555555556,1224.035170736434,compound,0.0,0.0,0.0,2.0,2-3d (短期)
Tarazona,2022-08-23,True,29.25865425531915,91.02081385106383,128.23268364910456,41.22041537949856,6.429375504255343,6.35134249,1566.7654021276596,0.1523723404255319,2.2799552978723403,0.7567443993895876,0.3214501498876367,0.16060555555555556,1224.035170736434,compound,0.0,0.0,0.0,3.0,2-3d (短期)
Tarazona,2022-08-24,True,30.981759583333332,86.74391927083333,122.20727422346847,43.64797464943522,6.422039883101834,6.184023248,1633.9381458333335,0.15157291666666667,2.3106907708333333,0.7368309116168941,0.3571634743249444,0.16060555555555556,1224.035170736434,compound,0.0,0.0,0.0,4.0,4-7d (中期)
Tarazona,2022-08-25,True,52.41298468085107,78.75376340425532,110.95051781583544,73.84088758734367,2.982015091725774,5.49370823,1249.4674723404255,0.15056382978723404,1.225623740425532,0.600409513493135,0.665529905051103,0.16060555555555556,1224.035170736434,compound,0.0,0.0,0.0,5.0,4-7d (中期)
Tarazona,2022-08-26,True,62.60895320454545,67.70191782272728,95.380366789568,88.20525493231713,-4.152048919191903,4.404425782,678.9698136363636,0.14771590909090906,3.5786954318181823,0.5195415953328864,0.9247737024006115,0.16060555555555556,1224.035170736434,soil dry,0.0,0.254,0.254,6.0,4-7d (中期)
Tarazona,2022-08-27,True,63.39542617021277,59.67277959574468,84.06869093573188,89.31326017571138,6.688527795035451,4.1506885559999995,960.4826851063831,0.14712765957446808,2.654005255319149,0.4848756770633857,1.0623843333541236,0.16060555555555556,1224.035170736434,soil dry,0.0,0.0,0.0,7.0,4-7d (中期)
Tarazona,2022-08-28,True,62.254372978723396,59.694072702127656,84.09868926313844,87.70571233318738,4.22386813711585,4.158775036,1048.6881404255319,0.14751063829787234,1.9379331489361702,0.4895025300966268,1.0428903601429844,0.16060555555555556,1224.035170736434,soil dry,0.0,0.0,0.0,8.0,8+d (長期)
Tarazona,2022-08-29,True,31.037866976744183,105.47534137209303,148.5966287346137,43.727020323992726,-7.122409787080127,6.7242058590000005,1553.4857209302324,0.1462325581395349,0.22621183720930224,0.772638359671161,0.294266570489207,0.16060555555555556,1224.035170736434,compound,0.0,6.096,6.096,9.0,8+d (長期)
Tarazona,2022-08-30,True,45.16225875609756,87.70184934878048,123.55683307101248,63.62586088744332,16.381533184552865,5.334499453,1326.4166241463415,0.1471341463414634,1.4583497073170733,0.6600868406052285,0.514952182781144,0.16060555555555556,1224.035170736434,compound,0.0,0.254,0.254,10.0,8+d (長期)
Tarazona,2022-08-31,True,62.24085231914894,88.34490352553192,124.46278588913967,87.68666404754165,-0.3027414973995235,6.144322173,1385.8575581395348,0.14751063829787234,1.8219494042553193,0.5866750346337789,0.7045211419712645,0.16060555555555556,1224.035170736434,compound,0.0,0.762,0.762,11.0,8+d (長期)
Tarazona,2022-09-01,True,25.91178342222222,60.71557888888889,85.53781592165079,36.505249577342674,-7.950301215061729,4.04144339,1539.587617777778,0.1456222222222222,0.8136450377777777,0.7008822301530623,0.42677322519878247,0.16060555555555556,1224.035170736434,compound,0.0,0.0,0.0,12.0,8+d (長期)
Tarazona,2022-09-02,True,58.194320000000005,67.626086875,95.27353401671854,81.98579545712927,1.9084538158564757,4.79638941,1578.3911458333332,0.14445833333333333,1.7000682916666667,0.5374810696820043,0.8605306426729427,0.16060555555555556,1224.035170736434,compound,0.0,0.0,0.0,13.0,8+d (長期)
Tarazona,2022-09-03,True,64.63091591489362,58.00960717021277,81.72556682517269,91.05385289157755,-4.739109456973992,4.028641884,1351.471340425532,0.1427872340425532,1.7424360170212765,0.4730052164728375,1.114141589086313,0.16060555555555556,1224.035170736434,compound,0.0,0.0,0.0,14.0,8+d (長期)
Tarazona,2022-09-04,True,73.00018630434782,55.881475478260874,78.72739501730204,102.84471650636335,2.562407435265698,3.805104315,1586.4439782608695,0.1418586956521739,1.4951015347826087,0.4335874840946652,1.3063396354440664,0.16060555555555556,1224.035170736434,compound,0.0,0.0,0.0,15.0,8+d (長期)
Tarazona,2022-09-05,True,80.99588364444445,53.306721200000005,75.1000087430082,114.10927989781244,-3.8142951955555575,3.55396981,1685.6351714285713,0.14121111111111112,1.9715050222222221,0.3969150208347957,1.5194309802052586,0.16060555555555556,1224.035170736434,compound,0.0,0.0,0.0,16.0,8+d (長期)
Tarazona,2022-09-06,True,54.12022436170213,72.38050763829787,101.97169576544022,76.2460948871377,-4.671986276359334,5.0289201939999995,1149.4606680851064,0.14093617021276597,2.1037141319148933,0.5721746150709853,0.747718220382667,0.16060555555555556,1224.035170736434,soil dry,11.82948,0.0,11.82948,0.0,0-1d (直後)
Tarazona,2022-09-07,True,37.07950170212766,82.52571276595745,116.26454620972613,52.23864532144916,-5.113939971111102,5.72746083,1138.6464893617022,0.14224468085106384,2.4390664042553194,0.6899842380030865,0.4493084695588751,0.16060555555555556,1224.035170736434,soil dry,0.0,0.0,0.0,1.0,0-1d (直後)
Tarazona,2022-09-08,True,51.73852042553191,81.38688268085106,114.66013034202707,72.89068336673003,0.8465447690307436,5.6495288740000005,1095.5754040425531,0.14224468085106384,2.5124808936170213,0.6113550140074565,0.6357108015602261,0.16060555555555556,1224.035170736434,soil dry,0.0,0.0,0.0,2.0,2-3d (短期)
Tarazona,2022-09-09,True,-10.661154999999999,-1.6860405714285716,-2.3753413979502507,-15.019735141964905,-44.76607125396824,-0.017253239,0.0,0.14035714285714287,-0.9629539542857143,0.13655251199957275,6.323190070667677,0.16060555555555556,1224.035170736434,soil dry,0.0,0.0,0.0,3.0,2-3d (短期)
Tarazona,2022-09-13,True,2.5288189473684204,47.61057989473684,67.07512459712918,3.5626712876284197,-11.23473664327487,1.328892104,327.8902157894737,0.15194736842105264,-3.7698951052631577,0.9495642347980285,0.053114642857941145,0.16060555555555556,1224.035170736434,soil dry,11.04948,14.732,25.78148,0.0,0-1d (直後)
Tarazona,2022-09-14,True,23.014541875000003,104.614993125,147.38454591608314,32.42353416455912,-13.509956500231484,7.39509726,633.97835625,0.16537499999999997,-1.514017,0.8196769903220285,0.2199927676475675,0.16060555555555556,1224.035170736434,normal,0.0,0.0,0.0,1.0,0-1d (直後)
Tarazona,2022-09-15,True,30.60466170212766,86.17172563829787,121.40115173386943,43.116708543811086,-3.936513660992894,5.967512556,729.3961263829788,0.1642978723404255,0.9288274255319149,0.737920804032846,0.3551589744249688,0.16060555555555556,1224.035170736434,normal,0.0,0.0,0.0,2.0,2-3d (短期)
Tarazona,2022-09-16,True,35.513252208333334,83.45102722291666,117.56815525270116,50.03206896428829,0.44329211782407246,5.9160277609,879.14024375,0.161,2.2527111666666664,0.701479701485885,0.42555799958542595,0.16060555555555556,1224.035170736434,normal,0.0,0.0,0.0,3.0,2-3d (短期)
Tarazona,2022-09-17,True,44.232171791666666,70.213750375,98.91910716583136,62.31552820165587,1.6768399161111187,4.978970872,673.3996187500001,0.15822916666666667,2.7484219229166666,0.6135102854319989,0.6299645234078791,0.16060555555555556,1224.035170736434,soil dry,0.0,0.0,0.0,4.0,4-7d (中期)
Tarazona,2022-09-18,True,45.03900547916667,52.94271564583334,74.58718747610162,63.45221820286727,-2.816382089814823,3.744875974,410.239435,0.15639583333333332,3.5922625604166663,0.5403325746675931,0.8507120371471026,0.16060555555555556,1224.035170736434,soil dry,0.0,0.0,0.0,5.0,4-7d (中期)
Tarazona,2022-09-19,True,38.913665208333335,54.989382666666664,77.4705895630904,54.82266647771852,0.9234550729629762,3.897330942,778.8163479166666,0.15414583333333334,3.04768455,0.5855974210748339,0.7076577935820678,0.16060555555555556,1224.035170736434,soil dry,0.0,0.0,0.0,6.0,4-7d (中期)
Tarazona,2022-09-20,True,36.611648333333335,52.52369765833333,73.99686314520414,51.57952033128001,2.242639057407399,3.7276809221,905.0485104166668,0.15323958333333335,1.9826244375,0.5892577974986917,0.6970500929217154,0.16060555555555556,1224.035170736434,soil dry,0.0,0.0,0.0,7.0,4-7d (中期)
Tarazona,2022-09-21,True,7.606188638297872,26.60488736595745,37.481713915470614,10.715812572564298,-12.701485324893628,1.8359873525,217.51135106382978,0.1502659574468085,0.9379466821276595,0.7776688275647401,0.28589441231878504,0.16060555555555556,1224.035170736434,soil dry,0.0,0.0,0.0,8.0,8+d (長期)
Tarazona,2022-09-22,True,56.08347697916667,50.694881333333335,71.4203752482735,79.01198041558999,3.816243555555548,3.593200342,687.5604383333333,0.14973958333333334,2.8455570270833337,0.4747673792190036,1.1062946692862694,0.16060555555555556,1224.035170736434,soil dry,0.0,0.0,0.0,9.0,8+d (長期)
Tarazona,2022-09-23,True,89.42753478260869,85.18509652173913,120.01116087321098,125.98802726661759,27.51446207739132,2.88785864,865.4662826086957,0.15082608695652172,5.557881521739131,0.4878518574825351,1.049802587941975,0.16060555555555556,1224.035170736434,soil dry,0.0,0.0,0.0,10.0,8+d (長期)
Tarazona,2022-09-24,True,37.44707833333334,113.74024833333334,160.24046221520857,52.756497622169384,17.9543862308642,3.01901003,1891.4605555555556,0.1493611111111111,5.582645833333333,0.752313377324969,0.3292333090709359,0.16060555555555556,1224.035170736434,compound,0.0,0.0,0.0,11.0,8+d (長期)
Tarazona,2022-09-25,True,77.75841411764705,122.75638823529412,172.9426538004873,109.54824173424768,10.578469158169938,3.0610166,560.9188570588236,0.14658823529411766,5.6392688,0.6122061154329214,0.6334368030493297,0.16060555555555556,1224.035170736434,soil dry,0.0,3.556,3.556,12.0,8+d (長期)
Tarazona,2022-09-26,True,72.54873510344827,79.65193727586207,112.21589043849843,102.20869935183993,-3.0586146145594113,3.394328698,761.3111620689656,0.1453793103448276,4.309025203448276,0.5233349894628303,0.9108219785312571,0.16060555555555556,1224.035170736434,soil dry,0.0,0.0,0.0,13.0,8+d (長期)
Tarazona,2022-09-27,True,47.628565277777774,63.06637577777778,88.8496847242023,67.10046291082047,-21.858835472222204,3.337386326,941.2205277777778,0.1433888888888889,1.8120148638888887,0.5697313280660771,0.7552132921923871,0.16060555555555556,1224.035170736434,soil dry,0.0,0.0,0.0,14.0,8+d (長期)
Tarazona,2022-09-28,True,34.03059145833333,63.46593145833333,89.41259000945631,47.94325478136091,-3.425159918379633,4.47405193,823.2941083333334,0.14329166666666668,2.4547893333333333,0.6509558449851556,0.5362025054445958,0.16060555555555556,1224.035170736434,soil dry,11.43948,0.0,11.43948,0.0,0-1d (直後)
Tarazona,2022-09-29,True,55.92194052631579,54.9746552631579,77.44984118263532,78.78440331558603,-2.1998479678362775,3.05498985,365.6276921052632,0.14356578947368423,9.298947342105263,0.49572897050439574,1.0172313088390157,0.16060555555555556,1224.035170736434,soil dry,0.12948,2.54,2.66948,1.0,0-1d (直後)
Tarazona,2022-09-30,True,76.14779964285715,108.44383539285715,152.7787266369876,107.27916274354176,2.7535350392857163,4.455375293,899.3271928571429,0.1430357142857143,4.3631483285714285,0.5874796838539066,0.702186522332027,0.16060555555555556,1224.035170736434,soil dry,0.0,0.0,0.0,2.0,2-3d (短期)
Tarazona,2022-10-01,True,51.72668265517241,67.05532379310344,94.46942692711168,72.87400598276263,-13.228448448275879,2.864090265,1215.3648620689655,0.14355172413793105,2.6595369862068967,0.5645242558038702,0.7714030703180712,0.16060555555555556,1224.035170736434,soil dry,9.87948,0.0,9.87948,0.0,0-1d (直後)
Tarazona,2022-10-02,True,21.617092258064517,87.26230606290322,122.93759212223111,30.454767823519038,-8.395302357706097,3.99353880995,1444.4205096774192,0.14506451612903226,2.0548636225806454,0.8014583787987232,0.24772542960853897,0.16060555555555556,1224.035170736434,compound,0.0,0.0,0.0,1.0,0-1d (直後)
Tarazona,2022-10-03,True,-8.780967777777779,88.03665185185184,124.02851225783594,-12.370874479580342,18.036807336625532,3.5084656,1621.0021111111112,0.14781481481481482,2.8410743703703703,1.1107929088034985,-0.09974218229646441,0.16060555555555556,1224.035170736434,compound,0.0,0.0,0.0,2.0,2-3d (短期)
Tarazona,2022-10-04,True,4.0010871875000005,98.7961886875,139.18685049807823,5.636844210234189,1.088227394791659,4.6726608800000005,1250.95771875,0.14765625,1.9536501999999998,0.9610778870019351,0.040498396149225444,0.16060555555555556,1224.035170736434,compound,0.0,0.0,0.0,3.0,2-3d (短期)
Tarazona,2022-10-05,True,55.89156717142857,74.87062925714287,105.47984916779976,78.74161247859145,17.108727380244456,3.862086472,710.9221294285713,0.14702857142857143,4.3093805142857144,0.5725709058278229,0.7465085805472427,0.16060555555555556,1224.035170736434,soil dry,0.0,0.0,0.0,4.0,4-7d (中期)
Tarazona,2022-10-06,True,81.277956,84.23655445,118.67482811296762,114.5066713691225,9.118367816333327,2.474585747,442.97950000000003,0.148525,6.64620655,0.5089375802821039,0.9648774992125759,0.16060555555555556,1224.035170736434,soil dry,0.0,0.0,0.0,5.0,4-7d (中期)
Tarazona,2022-10-07,True,93.63699444444444,108.26281666666667,152.5237023621209,131.91843248177094,28.51087464814816,2.866772,867.2642777777778,0.1478611111111111,7.710939444444445,0.536220495060724,0.8649044734605966,0.16060555555555556,1224.035170736434,soil dry,0.0,0.0,0.0,6.0,4-7d (中期)
Tarazona,2022-10-08,True,131.38775,116.6602875,164.35429555573285,185.10275911931674,49.74273819722222,2.7478675,961.1993125,0.14787499999999998,9.68876875,0.47031328558686947,1.1262422956055205,0.16060555555555556,1224.035170736434,soil dry,0.0,0.0,0.0,7.0,4-7d (中期)
Tarazona,2022-10-09,True,129.625456,110.7817,156.0723760771336,182.61998974561627,54.982340602222195,2.4486597,1157.8215333333333,0.148,8.639598666666666,0.46080866245096297,1.1700980938187446,0.16060555555555556,1224.035170736434,soil dry,0.0,0.0,0.0,8.0,8+d (長期)
Tarazona,2022-10-10,True,11.414397200000002,25.59655392,36.061145384850285,16.080923947657247,-17.225652926355554,0.9375345230000001,75.4324888,0.14472,4.17352144,0.6915940592017944,0.44593491903928917,0.16060555555555556,1224.035170736434,soil dry,0.0,0.0,0.0,9.0,8+d (長期)
Tarazona,2022-10-11,True,43.19518717647059,43.9257335,61.883809313956604,60.854595097640654,0.07637331137256688,2.191525841,241.77961176470586,0.1437205882352941,4.101784332352942,0.5041927146651856,0.9833686027456,0.16060555555555556,1224.035170736434,soil dry,0.0,0.0,0.0,10.0,8+d (長期)
Tarazona,2022-10-12,True,47.21907428568181,41.40260606818182,58.32915639358023,66.52356047911381,1.5284506969949563,2.681542563,522.5693068181819,0.142625,3.4421949772727274,0.46718371738001907,1.1404855580327828,0.16060555555555556,1224.035170736434,soil dry,0.0,0.0,0.0,11.0,8+d (長期)
Tarazona,2022-10-13,True,52.17855213157895,62.51591078947368,88.07417415998555,73.5106124155895,8.215063971929817,3.49665823,771.8138361111111,0.1423684210526316,3.1337473894736845,0.5450647677081423,0.8346443564949979,0.16060555555555556,1224.035170736434,soil dry,0.0,0.0,0.0,12.0,8+d (長期)
Tarazona,2022-10-14,True,33.624625641025645,54.738093769230765,77.11656669374806,47.371318715085465,-17.168759237037044,3.154213822,942.8210540540541,0.14194871794871797,1.9684629743589743,0.6194704524097888,0.6142819986165946,0.16060555555555556,1224.035170736434,soil dry,0.0,0.0,0.0,13.0,8+d (長期)
Tarazona,2022-10-15,True,17.61153857142857,91.02500271428572,128.2385850374756,24.81163108362613,14.86889279079364,3.76992742,1539.9732821428572,0.14375,2.8670774285714287,0.8378856841077975,0.19348023121414934,0.16060555555555556,1224.035170736434,compound,15.08052,0.0,15.08052,0.0,0-1d (直後)
Tarazona,2022-10-16,True,0.10289970370370412,69.29364185185185,97.6228323888912,0.14496799791544981,7.0190547172839555,2.75795534,1066.8670407407408,0.14455555555555555,2.4947742444444447,0.9985172214436461,0.0014849804535270396,0.16060555555555556,1224.035170736434,soil dry,0.0,0.0,0.0,1.0,0-1d (直後)
Tarazona,2022-10-17,True,16.377695692307693,90.44645088461539,127.42350494084931,23.07335851829948,7.615519959700871,3.469923917,1041.2411423076921,0.14544230769230768,2.326069615384615,0.8466854525206596,0.181076156467445,0.16060555555555556,1224.035170736434,soil dry,0.0,0.0,0.0,2.0,2-3d (短期)
Tarazona,2022-10-18,True,11.013594642857143,81.60776892857143,114.97132110299643,15.516262027583112,17.265778401468253,3.37461891,879.5977392857143,0.14691071428571428,1.2081172142857142,0.8810901263145021,0.13495767360699418,0.16060555555555556,1224.035170736434,soil dry,0.0,0.0,0.0,3.0,2-3d (短期)
Tarazona,2022-10-19,True,-12.142583396969696,72.80095063636364,102.56402769131891,-17.106813151267882,5.746846059494964,3.548509879,957.9407121212121,0.14718181818181816,1.6649527272727271,1.20017985893105,-0.16679154998430132,0.16060555555555556,1224.035170736434,soil dry,0.0,0.0,0.0,4.0,4-7d (中期)
Tarazona,2022-10-20,True,-24.23110722580645,41.51076083870968,58.48152787750185,-34.13746566185041,-9.549083951326155,1.885827313,86.49849322580646,0.14477419354838708,-5.307857541935484,2.4022912593405445,-0.5837307420106457,0.16060555555555556,1224.035170736434,soil dry,0.0,0.0,0.0,5.0,4-7d (中期)
Tarazona,2022-10-27,True,25.129666428571426,144.82752857142856,204.03709733215697,35.40338114989135,27.046242452380998,2.9983638,2683.2757142857145,0.14610714285714282,3.9940855714285712,0.8521412027977314,0.17351443248703605,0.16060555555555556,1224.035170736434,compound,0.0,0.0,0.0,12.0,8+d (長期)
Tarazona,2022-10-28,True,-5.968247307692307,59.25146238461538,83.47512739389111,-8.408234738476608,-2.4476624431623923,2.27322905,1102.566423076923,0.14484615384615382,1.7583766538461538,1.1120098946558716,-0.10072742625238498,0.16060555555555556,1224.035170736434,soil dry,0.0,0.0,0.0,13.0,8+d (長期)
Tarazona,2022-10-29,True,24.83072259259259,63.09951592592593,88.89637349739347,34.982220662240145,4.94856359444445,2.50713427,756.8941851851852,0.14407407407407405,2.436642296296296,0.7176088338784259,0.39351684760532846,0.16060555555555556,1224.035170736434,soil dry,9.36,0.0,9.36,0.0,0-1d (直後)
Tarazona,2022-10-30,True,15.442304,37.36902536,52.64653439712392,21.755552382617566,-2.2392869609333137,1.3702283020000001,182.637,0.14431999999999998,3.25000616,0.7075948629368113,0.4132380722064408,0.16060555555555556,1224.035170736434,soil dry,0.0,0.0,0.0,1.0,0-1d (直後)
Tarazona,2022-10-31,True,6.228120785714286,36.21100114285714,51.0150772961375,8.774351806497036,1.90105204761904,1.48592523,253.33909285714284,0.14432142857142854,2.0749586,0.8532457670496404,0.17199526633200587,0.16060555555555556,1224.035170736434,soil dry,0.0,0.0,0.0,2.0,2-3d (短期)
Tarazona,2022-11-01,False,28.18982804166667,42.610636899999996,60.03106422038104,39.71462293563582,-6.918712736574077,3.0060360697,373.30737857142856,0.14288541666666668,2.577094595,0.6018412016800653,0.6615678640951427,0.1404604899456522,280.00059464285715,atm dry,,,,3.0,2-3d (短期)
Tarazona,2022-11-02,False,-12.6821275,2.2514175499999998,3.1718603936413574,-17.866938065024804,-37.40512191666669,0.013081638,0.0,0.14100000000000001,-0.61947775,-0.2158450921166684,-5.632952226031995,0.1404604899456522,280.00059464285715,normal,,,,4.0,4-7d (中期)
Tarazona,2022-11-03,False,66.01068333333333,108.72508333333333,153.17495664913693,92.99770805384442,13.133065018518534,0.9551792,362.2178333333333,0.14341666666666666,6.399954999999999,0.6222256920115381,0.6071338950456848,0.1404604899456522,280.00059464285715,atm dry,,,,5.0,4-7d (中期)
Tarazona,2022-11-04,False,71.98905,203.34708333333333,286.48109267314214,101.4201992299773,-8.462918563888888,3.568612,847.2635,0.14112500000000003,5.5948825,0.7385412182248994,0.3540205682812433,0.1404604899456522,280.00059464285715,atm dry,,,,6.0,4-7d (中期)
Tarazona,2022-11-05,False,94.92868615384616,123.32183076923077,173.7392651524215,133.73820410691715,28.120886658974356,2.3472380999999998,960.5115384615384,0.13896153846153847,4.766593256923077,0.5650471417334417,0.7697638411765388,0.1404604899456522,280.00059464285715,compound,,,,7.0,4-7d (中期)
Tarazona,2022-11-06,False,92.41351583333334,133.07375,187.47804335909686,130.19476138884076,15.38741100740741,2.3429849,1488.1000000000001,0.13858333333333336,4.584486666666667,0.590160821313786,0.6944533826794038,0.1404604899456522,280.00059464285715,compound,,,,8.0,8+d (長期)
Tarazona,2022-11-07,False,20.96760904,49.772140932,70.12039260729163,29.539757591092993,-10.720580080133335,1.828876125,960.204856,0.13778,1.9297673428,0.7035950925992905,0.42127199367707524,0.1404604899456522,280.00059464285715,compound,,,,9.0,8+d (長期)
Tarazona,2022-11-08,False,31.336239090909093,29.017443315151517,40.88059061992399,44.147375353865655,10.809120239393934,1.4017839168000001,288.30857692307694,0.1345,2.790065293636364,0.48078993954207566,1.0799104094242105,0.1404604899456522,280.00059464285715,compound,,,,10.0,8+d (長期)
Tarazona,2022-11-09,False,33.4566525,141.20081416666667,198.9276800321484,47.134673427668766,0.12796931574076412,2.47468371,114.1667,0.13762500000000003,30.092110436363637,0.8084441899993206,0.23694376478955267,0.1404604899456522,280.00059464285715,soil dry,,,,11.0,8+d (長期)
Tarazona,2022-11-10,False,102.01549545454546,102.64566363636364,144.6100991205362,143.72230045465028,28.766783969696988,1.6529927,518.652909090909,0.13931818181818184,4.377054727272728,0.5015395402445129,0.9938607422905787,0.1404604899456522,280.00059464285715,compound,,,,12.0,8+d (長期)
Tarazona,2022-11-11,False,15.468524888888888,30.32901,42.72836266971121,21.792493108673796,10.958659654320968,0.39786931999999997,0.0,0.1402777777777778,3.5524844444444446,0.6622411025742401,0.5100240624039125,0.1404604899456522,280.00059464285715,soil dry,,,,13.0,8+d (長期)
Tarazona,2022-11-12,False,42.54170583333333,101.42283333333334,142.887341382272,59.933952194114994,41.53567475000002,1.7820432,132.354175,0.14395833333333335,5.403052249999999,0.7044987183678397,0.41944899817102327,0.1404604899456522,280.00059464285715,normal,,,,14.0,8+d (長期)
Tarazona,2022-11-13,False,99.09392545454547,87.27569090909091,122.95644907015607,139.60631043305222,44.50583021717173,1.4078335,460.32874545454547,0.14513636363636365,5.602087272727273,0.4682935588535116,1.1354126724446647,0.1404604899456522,280.00059464285715,atm dry,,,,15.0,8+d (長期)
Tarazona,2022-11-14,False,74.71705299999999,107.91457,152.03308265933958,105.26348661548907,45.94794689511112,1.578229,208.2796,0.14295000000000002,5.545823,0.5908865519965291,0.6923722440815917,0.1404604899456522,280.00059464285715,normal,,,,16.0,8+d (長期)
Tarazona,2022-11-15,False,61.30824090909091,96.70972727272728,136.24738494919393,86.37277485172321,13.107474191919197,1.5554857,85.6227,0.14368181818181822,0.8904604545454547,0.6120172812338114,0.6339407900117221,0.1404604899456522,280.00059464285715,normal,,,,17.0,8+d (長期)
Tarazona,2022-11-16,False,89.92484999999999,98.49426666666666,138.7614942598054,126.68865893807215,13.908012258518463,0.8614923,2.0996333333333332,0.14258333333333337,5.247643333333333,0.5227403058093805,0.9129957818187725,0.1404604899456522,280.00059464285715,normal,,,,18.0,8+d (長期)
Tarazona,2022-11-17,False,54.346900000000005,60.1792,84.78215025063741,76.56544190445149,50.08482175000001,0.3519557,2.43894,0.143625,2.4272625,0.5254627547781684,0.9030844544294375,0.1404604899456522,280.00059464285715,normal,,,,19.0,8+d (長期)
Tarazona,2022-11-18,False,31.85238818181818,115.59536363636363,162.8540008523751,44.874540716269685,-4.462293272727249,1.8478962,52.194463636363636,0.15122727272727274,17.085515454545455,0.7839750841294927,0.27555074165447024,0.1404604899456522,280.00059464285715,normal,,,,20.0,8+d (長期)
Tarazona,2022-11-19,False,90.17649,133.34992,187.86711942582286,127.04317645058595,1.6309865444444855,1.936919,166.70169,0.15385000000000001,2.44491453,0.596573442932314,0.6762395507998804,0.1404604899456522,280.00059464285715,normal,,,,21.0,8+d (長期)
Tarazona,2022-11-20,False,142.08478181818182,86.3316,121.62638723309597,200.1730385322192,25.137414178585843,1.3838182,108.46789,0.15190909090909094,2.9593727272727275,0.3779571294878468,1.6458027167130207,0.1404604899456522,280.00059464285715,normal,,,,22.0,8+d (長期)
Tarazona,2022-11-21,False,113.279,104.176,146.76608004942577,159.59064258484585,39.99429966666671,0.152044,0.0,0.152,2.05528,0.4790692327148146,1.0873809706650284,0.1404604899456522,280.00059464285715,normal,,,,23.0,8+d (長期)
Tarazona,2022-11-22,False,64.1094090909091,92.95571818181817,130.95863131359036,90.31913940406378,15.312464908787872,1.4837879,12.645545454545454,0.2333181818181818,1.010991609090909,0.591829133531406,0.6896768735142609,0.1404604899456522,280.00059464285715,normal,,,,24.0,8+d (長期)
Tarazona,2022-11-23,False,10.289016666666667,47.670999583333334,67.16024555448129,14.49545618693246,2.0833191827546234,1.66818573,3.2309250000000005,0.22460416666666663,-0.5871044441666666,0.8224807836097412,0.2158338771285991,0.1404604899456522,280.00059464285715,normal,,,,25.0,8+d (長期)
Tarazona,2022-11-24,False,-8.254724999999999,24.170695000000002,34.05235521828689,-11.629488847104863,7.056461133333334,0.70559925,19.12508,0.2191,-1.090591525,1.5186441668336896,-0.3415179000852065,0.1404604899456522,280.00059464285715,normal,,,,26.0,8+d (長期)
Tarazona,2022-11-25,False,22.6894037037037,74.76747925925926,105.33452854840104,31.96547036027027,-27.47043222255144,2.94390403,304.89766296296295,0.20388888888888893,-0.48419738814814817,0.7671852103834834,0.3034662118944425,0.1404604899456522,280.00059464285715,atm dry,,,,27.0,8+d (長期)
Tarazona,2022-11-26,False,73.72737428571428,52.99186071428572,74.65642443135538,103.86919939574487,29.2213381688889,1.08320379,626.3280714285714,0.19410714285714287,0.28754292857142855,0.41818324356429165,1.3912961970372675,0.1404604899456522,280.00059464285715,atm dry,,,,28.0,8+d (長期)
Tarazona,2022-11-27,False,63.81562973333333,61.645986666666666,86.8486005783082,89.9052547789022,36.244173609925916,1.35376479,909.0796000000001,0.18523333333333333,0.2902710866666666,0.4913533591829817,1.03519520384025,0.1404604899456522,280.00059464285715,atm dry,,,,29.0,8+d (長期)
Tarazona,2022-11-28,False,114.35296000000001,111.84309,157.56769217396646,161.10366765136675,12.293798205555547,1.6269246,409.96270000000004,0.17865,-0.40601667900000005,0.49445200303011483,1.0224409930018923,0.1404604899456522,280.00059464285715,atm dry,,,,30.0,8+d (長期)
Tarazona,2022-11-29,False,87.35246666666666,67.305925,94.82248095867232,123.06461291770462,26.52453659166667,1.1769129,558.9563333333333,0.17429166666666665,-0.362769775,0.43519090218566114,1.297842153817315,0.1404604899456522,280.00059464285715,atm dry,,,,31.0,8+d (長期)
Tarazona,2022-11-30,False,97.26965545454546,44.10411818181819,62.135122672996296,137.0362275267037,22.354393935353542,0.7068917,542.5657272727273,0.1722272727272727,0.5749545,0.31196817519535947,2.2054551698223195,0.1404604899456522,280.00059464285715,atm dry,,,,32.0,8+d (長期)
Tarazona,2022-12-01,False,82.71349285714287,29.14871464285714,41.06552936003917,116.52909608584545,-1.5582391642857287,0.593790128,70.29979999999999,0.17053571428571426,1.5847865714285714,0.26057696602185454,2.837637743913751,0.1404604899456522,280.00059464285715,normal,,,,33.0,8+d (長期)
Tarazona,2022-12-02,False,43.18857083333333,21.477774999999998,30.258493750322106,60.8452738072617,6.883681501851871,0.3740605,126.54936666666667,0.1684583333333333,0.7163802499999999,0.33213218905789677,2.010849393539756,0.1404604899456522,280.00059464285715,normal,,,,34.0,8+d (長期)
Tarazona,2022-12-03,False,92.07703857142857,47.678332142857144,67.17057587065814,129.72072275464933,44.127118507936494,0.97007286,269.8637142857143,0.16639285714285715,4.8429366428571425,0.34115563429995255,1.9312134974759794,0.1404604899456522,280.00059464285715,normal,,,,35.0,8+d (長期)
Tarazona,2022-12-04,False,45.05478333333334,59.71789166666667,84.13224609058646,63.47444648776622,23.605731882407422,1.0432173,140.96966666666665,0.16695833333333332,-0.526755825,0.5699758230537367,0.7544603815690636,0.1404604899456522,280.00059464285715,normal,,,,36.0,8+d (長期)
Tarazona,2022-12-05,False,56.72925714285714,35.83384285714286,50.48372609094199,79.9217736808193,15.741008523809523,0.364996,0.0,0.16792857142857143,0.9024668571428572,0.3871288111260627,1.5831195489977752,0.1404604899456522,280.00059464285715,normal,,,,37.0,8+d (長期)
Tarazona,2022-12-06,False,24.403205714285715,28.02889,39.48788889414596,34.379922854836636,44.72346941269841,0.2857512,9.61467,0.1702857142857143,-1.0906084285714286,0.5345750464130926,0.8706447424170458,0.1404604899456522,280.00059464285715,normal,,,,38.0,8+d (長期)
Tarazona,2022-12-07,False,72.52236746363636,34.57086611818182,48.70440892411932,102.17155187895413,14.959477101010101,0.5555456662,334.4798681818182,0.1717272727272727,-1.135176309090909,0.32281092802908057,2.097788560336206,0.1404604899456522,280.00059464285715,atm dry,,,,39.0,8+d (長期)
Tarazona,2022-12-10,False,13.998527,57.171862625,80.54532873786212,19.72151872078068,6.366179411111123,0.66483681,4.447175,0.30743750000000003,-4.10428625,0.803309675923388,0.24484993766634341,0.1404604899456522,280.00059464285715,normal,,,,42.0,8+d (長期)
Tarazona,2022-12-13,False,-12.91051525,267.94095,377.48274954134536,-18.188697153479037,32.032171277777856,1.5665702000000001,244.06275,0.31987499999999996,43.300415,1.0506234295630474,-0.04818418106676116,0.1404604899456522,280.00059464285715,normal,,,,45.0,8+d (長期)
Tarazona,2022-12-14,False,-4.8961,47.0601175,66.29961768680293,-6.897763443883367,-17.255210022963023,0.82263137,122.72408333333334,0.3019583333333334,6.415470999999999,1.1161203388647678,-0.10403926424535598,0.1404604899456522,280.00059464285715,normal,,,,46.0,8+d (長期)
Tarazona,2023-04-14,True,86.27305416666667,46.05969483333333,64.89019408463679,121.54390621576415,-0.11819221179627348,1.620331379,1249.4752083333333,0.13985691666666666,2.8534690833333336,0.3480596842534672,1.8730704682009964,0.16060555555555556,1224.035170736434,compound,,,,167.0,8+d (長期)
Tarazona,2023-04-15,True,74.14462,59.68216263829787,84.08191003009593,104.45702689827077,7.927968125418387,4.1145219829999995,1100.1548510638297,0.15079711702127657,3.594708340425532,0.44596575858514537,1.2423246196581625,0.16060555555555556,1224.035170736434,soil dry,,,,168.0,8+d (長期)
Tarazona,2023-04-16,True,66.59555382978722,62.64367659574467,88.2541742228671,93.82169006602668,1.2537881372010111,4.3174731600000005,1186.9908085106383,0.15076625531914892,4.373503880851064,0.4847109998216848,1.0630850143031194,0.16060555555555556,1224.035170736434,soil dry,,,,169.0,8+d (長期)
Tarazona,2023-04-17,True,-6.0763175,-2.958365,-4.167827852916406,-8.560487066221842,-71.92592737400066,-0.01713725,80.639175,0.1490165,-0.1767435,0.3274453750865069,2.0539444929885255,0.16060555555555556,1224.035170736434,soil dry,,,,170.0,8+d (長期)
Tarazona,2023-04-19,True,-36.50076666666667,6.433213333333334,9.063291958368849,-51.423307119350056,-71.7219538471109,0.02802947,468.7323333333334,0.14984433333333333,-1.6587833333333333,-0.2139586570950347,-5.673800133059476,0.16060555555555556,1224.035170736434,soil dry,,,,172.0,8+d (長期)
Tarazona,2023-04-20,True,54.05582239791667,82.94994777083333,116.86222042149643,76.15536358844821,10.400043345305578,5.864637468,1531.0318958333335,0.15006142708333334,4.79254799875,0.6054485710248837,0.6516679497768612,0.16060555555555556,1224.035170736434,compound,,,,173.0,8+d (長期)
Tarazona,2023-04-21,True,45.43789697368421,96.51073663157895,135.96704133485028,64.01418776414239,24.525093668900173,5.402115922,1534.6822368421053,0.15035215789473685,5.082039842105263,0.679899018260085,0.4708066538455643,0.16060555555555556,1224.035170736434,compound,,,,174.0,8+d (長期)
Tarazona,2023-04-22,True,17.79322318181818,91.79743352272727,129.32680729465935,25.067593474888895,-15.335502151403956,5.9109425909999995,580.6994418604652,0.1495249659090909,3.3756209545454543,0.8376392320579992,0.19383137958222899,0.16060555555555556,1224.035170736434,soil dry,,,,175.0,8+d (長期)
Tarazona,2023-04-23,True,53.897242978723405,101.43459274468086,142.9039083718585,75.93195244066455,5.097472212643071,6.999252169,1146.6129574468084,0.14965742553191488,4.5176620000000005,0.6530186955705787,0.5313497251809071,0.16060555555555556,1224.035170736434,soil dry,,,,176.0,8+d (長期)
Tarazona,2023-04-24,True,44.55784413043478,94.66062597826087,133.36055338901656,62.774344556109156,10.071386984048303,6.412225704,1435.4292173913045,0.1525416304347826,4.968741463043479,0.6799430126214864,0.47071148822391723,0.16060555555555556,1224.035170736434,compound,,,,177.0,8+d (長期)
Tarazona,2023-04-25,True,43.12222,94.05320869565219,132.5048068300898,60.751796886316896,9.590220489700467,6.381186493,1656.518760869565,0.15480321739130434,4.779374874263044,0.6856418061891082,0.4584874944515681,0.16060555555555556,1224.035170736434,compound,,,,178.0,8+d (長期)
Tarazona,2023-04-26,True,31.50234090909091,115.26343181818183,162.38636596719786,44.381384269005686,15.971316257575696,7.49163352,1876.8247045454546,0.15184597727272728,4.555985613636364,0.7853563516636125,0.273307330973653,0.16060555555555556,1224.035170736434,compound,,,,179.0,8+d (長期)
Tarazona,2023-04-27,True,10.8327745,117.47295247173912,165.49920083425795,15.261517522504013,11.247643524057967,8.00149199,1919.5792804347825,0.1559235108695652,5.8576117630434785,0.9155706081429549,0.09221505267441095,0.16060555555555556,1224.035170736434,compound,,,,180.0,8+d (長期)
Tarazona,2023-04-28,True,-16.429227209302326,112.22311372093023,158.1030802849203,-23.145957569408207,17.374408883628004,7.13727098,2032.6701162790698,0.15727668604651163,4.142994441860465,1.171506009491619,-0.14639789134845743,0.16060555555555556,1224.035170736434,compound,,,,181.0,8+d (長期)
Tarazona,2023-04-29,True,-7.405301707317075,101.24901704878049,142.64246410984288,-10.432797411747877,-4.058430510731523,6.116196545,1381.0279268292682,0.15703980487804878,5.192226024390244,1.0789110030476932,-0.0731394923443977,0.16060555555555556,1224.035170736434,compound,,,,182.0,8+d (長期)
Tarazona,2023-04-30,True,17.048488478260868,103.42067220434782,145.70195299789523,24.018390269564467,7.7699656765894165,7.00529208,1293.448956521739,0.15490180434782608,7.075001369565217,0.8584825495449638,0.16484604204249362,0.16060555555555556,1224.035170736434,compound,,,,183.0,8+d (長期)
Tarazona,2023-05-01,True,33.247758043478264,115.11012130434783,162.17037780153802,46.84037703955873,16.309442601072426,7.79767728,1639.9046739130436,0.15526990217391304,5.8107078478260865,0.7758948955752553,0.2888343584972181,0.16060555555555556,1224.035170736434,compound,0.0,0.0,0.0,184.0,8+d (長期)
Tarazona,2023-05-02,True,21.728393333333333,92.35095134888888,130.1066187827489,30.611571910088788,2.509,6.1301239089,1646.3493777777776,0.1575,4.740423911111111,0.8095326249124271,0.23528066593755517,0.16060555555555556,1224.035170736434,compound,,,,185.0,8+d (長期)
Tarazona,2023-05-03,True,13.387328260869564,103.23760065217391,145.44403664402174,18.860444739505475,-3.685544758589349,6.98979871,1620.3721956521738,0.15364383695652173,4.791687602173913,0.88521040582283,0.12967492634756095,0.16060555555555556,1224.035170736434,compound,11.7,0.0,11.7,0.0,0-1d (直後)
Tarazona,2023-05-04,True,30.74322373695652,99.79648734130434,140.59609938743452,43.311918637263545,1.3166297047439308,6.759423375,1325.6687173913044,0.1537065,7.2856004695652175,0.7644914066147624,0.30805917679060774,0.16060555555555556,1224.035170736434,compound,0.26052,0.0,0.26052,1.0,0-1d (直後)
Tarazona,2023-05-05,True,33.29187081818182,127.48315302272727,179.60185303224145,46.90252435778313,13.026189188282855,8.282668268,1794.4414090909092,0.1536696818181818,6.290929570454545,0.7929288391763825,0.2611472185053868,0.16060555555555556,1224.035170736434,compound,9.48948,0.0,9.48948,0.0,0-1d (直後)
Tarazona,2023-05-06,True,11.16866090909091,124.16312772727274,174.92450797888176,15.734723746626178,10.042314516606035,8.06197956,1528.0230000000001,0.15442042045454543,5.933955020454545,0.9174720069716873,0.08995151067411203,0.16060555555555556,1224.035170736434,compound,0.0,0.0,0.0,1.0,0-1d (直後)
Tarazona,2023-05-07,True,24.32715628888889,122.51540333333334,172.60314748989867,34.27278228449891,-0.15629685522982806,8.116496718,942.7538394222222,0.15321071111111112,9.077806111111112,0.834331706342666,0.19856406318722936,0.16060555555555556,1224.035170736434,soil dry,14.30052,0.0,14.30052,0.0,0-1d (直後)
Tarazona,2023-05-08,True,35.05256617647059,177.77147461470588,250.44945547733053,49.383041520059095,36.932537020078456,8.918112524,1356.3161094705883,0.15306910294117648,9.167403558823528,0.8352979012795634,0.19717767573477119,0.16060555555555556,1224.035170736434,compound,0.0,0.0,0.0,1.0,0-1d (直後)
Tarazona,2023-06-02,True,48.289169230769225,167.37271919230767,235.79939624355217,68.03114034752097,8.26975574218441,6.39110379,605.6356903846154,0.26278068007692307,7.892465810384615,0.7760885356988182,0.28851278430438837,0.16060555555555556,1224.035170736434,normal,0.0,0.0,0.0,26.0,8+d (長期)
Tarazona,2023-06-03,True,35.10095947916667,116.34208010416667,163.90599602293074,49.451219366562604,10.713266447046342,8.206372461,572.7295416666667,0.2734061770833333,6.3288643647916665,0.7682233559512522,0.3017047610609943,0.16060555555555556,1224.035170736434,normal,0.0,0.0,0.0,27.0,8+d (長期)
Tarazona,2023-06-04,True,24.585811304347825,117.19156554347828,165.10277501220682,34.637182748176066,8.383255421584398,7.9287692114,658.7901043478261,0.25644739130434785,4.3365026521739125,0.8265886148342516,0.20979164490490954,0.16060555555555556,1224.035170736434,normal,0.0,0.0,0.0,28.0,8+d (長期)
Tarazona,2023-06-05,True,24.74509335897436,119.66214605128204,168.58339834749404,34.8615837885285,14.368495116376035,6.869681243,507.3405378947368,0.24222901282051282,4.229740774358975,0.828643678391536,0.20679132186355473,0.16060555555555556,1224.035170736434,normal,0.0,3.81,3.81,29.0,8+d (長期)
Tarazona,2023-06-06,True,-10.086571666666666,5.824652666666666,8.205934567809296,-14.210245974641664,-43.293220792740556,0.05094937000000001,209.27016666666668,0.2453388333333333,-8.677105,-1.3666737135704983,-1.7317035442113347,0.16060555555555556,1224.035170736434,normal,,,,30.0,8+d (長期)
Tarazona,2023-06-10,True,29.111344875,209.42477374999999,295.04351394299437,41.01288177959118,8.558874327335063,7.42052184,1723.7704583333334,0.212157611125,7.356689916666666,0.8779583358578681,0.13900621380043393,0.16060555555555556,1224.035170736434,atm dry,0.0,0.0,0.0,34.0,8+d (長期)
Tarazona,2023-06-11,True,6.100115658536585,165.57360202439025,233.2647493547787,8.594014581588235,16.815529344607267,10.02169807,1069.4426573170733,0.2122259756097561,6.101544231707318,0.9644668051646484,0.036842320176364775,0.16060555555555556,1224.035170736434,normal,0.0,0.508,0.508,35.0,8+d (長期)
Tarazona,2023-06-12,True,-0.1975333863636368,130.61293134090909,184.0111727909501,-0.2782905927994893,0.4354037383333514,8.469864256,763.0302620454546,0.20283368181818184,4.283969068181818,1.001514647729193,-0.0015123570410349343,0.16060555555555556,1224.035170736434,normal,0.0,2.794,2.794,36.0,8+d (長期)
Tarazona,2023-06-13,True,-7.429798837209303,121.00128151162791,170.47001006391764,-10.467309657627391,-12.93354422076473,7.6469828490000005,704.9799604651163,0.19701737209302328,4.487399732558139,1.065419581238617,-0.06140264585954256,0.16060555555555556,1224.035170736434,normal,0.0,0.508,0.508,37.0,8+d (長期)
Tarazona,2023-06-14,True,14.346304090909092,138.45627227272726,195.06109218749214,20.211476872022043,11.976398239009983,8.97585011,1015.2760409090909,0.19244427272727274,6.759695372727273,0.9061121583659162,0.10361613710536816,0.16060555555555556,1224.035170736434,normal,0.0,0.0,0.0,38.0,8+d (長期)
Tarazona,2023-06-15,True,12.681424772727274,161.94702872727274,228.15553085118998,17.865948043070016,17.662196439727303,10.53800303,1536.4932886363638,0.1903545,6.319273636363636,0.9273805355395461,0.07830600457686356,0.16060555555555556,1224.035170736434,atm dry,0.0,0.0,0.0,39.0,8+d (長期)
Tarazona,2023-06-16,True,2.1610247555555557,141.87710748888887,199.88046109368042,3.0445124814031783,14.152189227427082,9.453760072,1795.2912444444444,0.18820181111111112,4.667956024444444,0.9849968565831712,0.015231666290664947,0.16060555555555556,1224.035170736434,atm dry,0.0,0.0,0.0,40.0,8+d (長期)
Tarazona,2023-06-17,True,-15.922355441860466,180.84070046511627,254.77346721564933,-22.431862361345253,16.377947390480642,11.52700703,1920.8041395348837,0.18704760465116277,3.8324303720930235,1.0965469028907318,-0.08804630484679994,0.16060555555555556,1224.035170736434,atm dry,10.01052,0.0,10.01052,0.0,0-1d (直後)
Tarazona,2023-06-18,True,-26.748339761904763,164.50480904761903,231.75900373596951,-37.68381368726917,-10.134334662825186,10.1848741,1044.0165714285715,0.18601307142857143,5.747752369047619,1.1941712059012437,-0.16259913565300058,0.16060555555555556,1224.035170736434,normal,0.0,4.318,4.318,1.0,0-1d (直後)
Tarazona,2023-06-19,True,-35.2765956097561,101.34180048780487,142.77318002943198,-49.698660489293935,-11.702156116477335,6.10684509,553.778012195122,0.18317193902439025,5.6422568536585365,1.5339663393896066,-0.3480952128337325,0.16060555555555556,1224.035170736434,normal,0.0,1.778,1.778,2.0,2-3d (短期)
Tarazona,2023-06-20,True,11.177234837837837,203.9983267027027,287.39858265625264,15.746802938693543,17.70123675418616,11.123677038,761.4970594594594,0.18413375675675675,9.37640740810811,0.9480552774775404,0.054790816270404996,0.16060555555555556,1224.035170736434,normal,0.0,3.3020000000000005,3.3020000000000005,3.0,2-3d (短期)
Tarazona,2023-06-21,True,-19.566366875,73.751699375,103.90346926597714,-27.56564820162689,-7.151118208486158,3.46381095,396.4417625,0.183868234375,1.833032437241379,1.3611007992799526,-0.2653005563371807,0.16060555555555556,1224.035170736434,normal,0.0,6.35,6.35,4.0,4-7d (中期)
Tarazona,2023-06-22,True,38.769560071428565,290.8288860714286,409.7279178874656,54.61964710609264,48.61869851014257,12.03336617,1657.2776428571428,0.19339044642857142,11.255032285714284,0.8823733530144594,0.13330711606792262,0.16060555555555556,1224.035170736434,atm dry,0.0,0.0,0.0,5.0,4-7d (中期)
Tarazona,2023-06-23,True,5.2321138289473685,183.4967397368421,258.5153700758909,7.371149180684584,22.856300127017708,10.31324364,1523.7019210526316,0.18541005263157895,4.943049289473684,0.9722770857232834,0.02851338850189324,0.16060555555555556,1224.035170736434,atm dry,0.0,0.0,0.0,6.0,4-7d (中期)
Tarazona,2023-06-24,True,-3.963675348837209,159.49569674418603,224.70202537912903,-5.584137359251435,13.02154192254266,10.16395263,1614.7626000000002,0.1837441511627907,4.083628818604652,1.0254846256949357,-0.02485129962593611,0.16060555555555556,1224.035170736434,atm dry,12.35052,0.0,12.35052,0.0,0-1d (直後)
Tarazona,2023-06-25,True,-29.219586390243904,202.48183348780486,285.26210434481715,-41.16537547190954,22.628830067046053,12.331528532,1981.6619097560977,0.18526741463414634,4.218092902439024,1.1686436998233716,-0.14430719974690345,0.16060555555555556,1224.035170736434,atm dry,0.0,0.0,0.0,1.0,0-1d (直後)
Tarazona,2023-06-26,True,-16.00388535294118,196.15494558823528,276.34860664926373,-22.54672399412146,22.375541633581776,9.890342799999999,1989.6176176470588,0.18560436764705884,3.0341436176470586,1.0888359209878566,-0.08158797783531915,0.16060555555555556,1224.035170736434,atm dry,0.0,0.254,0.254,2.0,2-3d (短期)
Tarazona,2023-06-27,True,22.521460314285715,179.87722622857143,253.4160976014743,31.728866987755556,35.66621813122528,9.347633590000001,1960.940735714286,0.18238472857142857,5.401999399999999,0.8887272407792187,0.12520462310035574,0.16060555555555556,1224.035170736434,atm dry,0.0,0.0,0.0,3.0,2-3d (短期)
Tarazona,2023-06-28,True,12.992303999999999,201.31220560000003,283.6142996661041,18.30392344580781,9.731625729732786,7.48625245,2959.71272,0.16688795333999998,4.7151416,0.9393745655457733,0.0645380838249581,0.16060555555555556,1224.035170736434,atm dry,0.0,0.0,0.0,4.0,4-7d (中期)
Tarazona,2023-06-29,True,23.572643906976744,164.09217744186046,231.177676719366,33.20980401078903,17.83257901601047,10.48201897,1783.8371186046513,0.17761702325581397,4.43191565116279,0.8743896499218723,0.1436548912596932,0.16060555555555556,1224.035170736434,atm dry,0.0,0.0,0.0,5.0,4-7d (中期)
Tarazona,2023-06-30,True,57.08172976190477,123.13235357142858,173.47232434474813,80.4183470242225,7.229432948730268,7.6451223,1351.7760238095238,0.17478845238095236,5.127357857142857,0.6832559991644858,0.4635802703859785,0.16060555555555556,1224.035170736434,atm dry,0.0,0.0,0.0,6.0,4-7d (中期)
Tarazona,2023-07-01,True,34.51900318181818,144.5973165909091,203.71276821641766,48.63134296007823,7.438256003212168,9.41478372,1583.6654545454546,0.1727045568181818,4.782517159090909,0.8072816411948515,0.23872506071103952,0.16060555555555556,1224.035170736434,atm dry,13.26,0.0,13.26,0.0,0-1d (直後)
Tarazona,2023-07-02,True,10.807096976744186,157.33695081395348,221.6607233709613,15.225342305240599,10.387028195534864,10.035803957,1454.1409627906976,0.1747790465116279,5.115892558139534,0.9357271511020323,0.0686875964027247,0.16060555555555556,1224.035170736434,atm dry,0.0,0.0,0.0,1.0,0-1d (直後)
Tarazona,2023-07-03,True,12.209077727272728,118.60129405454545,167.08884020479672,17.20049223478124,-2.626650510181828,7.7394836768,1120.452325,0.17271814772727273,2.6224664772727273,0.9066658280917009,0.10294219658056765,0.16060555555555556,1224.035170736434,normal,0.0,0.0,0.0,2.0,2-3d (短期)
Tarazona,2023-07-04,True,49.775176511627905,144.52466344186047,203.61041241576189,70.12466921728497,20.679310121467566,9.225963466,1811.0288813953487,0.1703367906976744,2.9483979209302325,0.7438228640664699,0.34440610568625557,0.16060555555555556,1224.035170736434,atm dry,0.0,0.0,0.0,3.0,2-3d (短期)
Tarazona,2023-07-05,True,33.284937121951224,159.75368353658536,225.0654844313577,46.89275597143676,10.029859695523072,9.7004895,992.6818121951219,0.16991257317073172,6.473687756097561,0.8275736896150513,0.20835160971001085,0.16060555555555556,1224.035170736434,normal,11.82948,0.0,11.82948,0.0,0-1d (直後)
Tarazona,2023-07-10,True,-48.086809759999994,324.507574,457.17540107442176,-67.74605063121706,58.63041984540474,12.0599884,2533.13752,0.17291533999999997,8.370244360000001,1.1739623645575663,-0.14818393656352685,0.16060555555555556,1224.035170736434,atm dry,12.74052,0.0,12.74052,0.0,0-1d (直後)
Tarazona,2023-07-11,True,-45.34131875,225.47496850000002,317.6554799187217,-63.878125645148884,14.8180047620112,13.4460572,2619.6521825,0.1716507875,2.3227632500000004,1.251709321456193,-0.2010924718235408,0.16060555555555556,1224.035170736434,atm dry,0.12948,0.0,0.12948,1.0,0-1d (直後)
Tarazona,2023-07-12,True,30.54896780952381,168.44650675238094,237.31217837185227,43.038245420825355,12.664074996761975,10.5213612816,2703.6462857142856,0.16932177380952382,3.120048139761905,0.8464841078583399,0.18135708717564133,0.16060555555555556,1224.035170736434,atm dry,0.0,0.0,0.0,2.0,2-3d (短期)
Tarazona,2023-07-13,True,10.235470177777778,171.3872962222222,241.45524532335006,14.420018386722887,5.662164935999915,11.460994851,1811.9226822222222,0.1666777222222222,4.573706466666668,0.9436443438195655,0.059721288586677856,0.16060555555555556,1224.035170736434,atm dry,11.57052,0.0,11.57052,0.0,0-1d (直後)
Tarazona,2023-07-14,True,1.2070827272727271,177.38226745454546,249.9011294787904,1.7005721104399105,15.379530493656723,11.610775208,1909.455977272727,0.16784200000000002,2.900615909090909,0.9932410150658826,0.0068049796893144545,0.16060555555555556,1224.035170736434,atm dry,0.12948,0.0,0.12948,1.0,0-1d (直後)
Tarazona,2023-07-15,True,35.21222357142857,168.3527669047619,237.1801150369241,49.607971350431605,8.721948744941715,10.49696371,1992.6260214285714,0.16570388095238095,2.490603238095238,0.8270222031349389,0.20915737958348093,0.16060555555555556,1224.035170736434,atm dry,0.0,0.0,0.0,2.0,2-3d (短期)
Tarazona,2023-07-16,True,18.78205769047619,156.31183447619046,220.2165106301371,26.460691353990953,9.876475798762076,9.74815559,1409.6455976190477,0.16410629761904763,5.010169738095238,0.8927315084606258,0.12015761796549759,0.16060555555555556,1224.035170736434,atm dry,11.04948,0.0,11.04948,0.0,0-1d (直後)
Tarazona,2023-07-17,True,-14.069501714285716,221.75718885714286,312.4177673489389,-19.821509895315526,33.87815405668551,11.556770704,2166.521737142857,0.16512474285714288,4.4970788371428565,1.0677435523879084,-0.06344552700543728,0.16060555555555556,1224.035170736434,atm dry,0.0,0.0,0.0,1.0,0-1d (直後)
Tarazona,2023-07-18,True,-44.601355909090906,242.30117590909092,341.36071436361186,-62.83564517419143,-6.586025562848563,7.957683149999999,4027.1,0.16825827272727273,3.7928470909090906,1.225601398671435,-0.18407403819544368,0.16060555555555556,1224.035170736434,atm dry,11.7,0.0,11.7,0.0,0-1d (直後)
Tarazona,2023-07-19,True,-12.535344186046512,196.46202325581396,276.7812263077382,-17.66014560221554,9.995213329167955,12.56880728,2725.8837674418605,0.16569918604651163,3.4793542651162794,1.0681540288197755,-0.06380543159592829,0.16060555555555556,1224.035170736434,atm dry,0.12948,0.0,0.12948,1.0,0-1d (直後)
Tarazona,2023-07-20,True,-35.56130719047619,234.6073594047619,330.5214491877562,-50.09977017527692,8.544720090603047,14.653254919,2405.956571428572,0.16444080952380954,4.895038128571429,1.1786586912670451,-0.1515779695943945,0.16060555555555556,1224.035170736434,atm dry,11.31,0.0,11.31,0.0,0-1d (直後)
Tarazona,2023-07-21,True,17.603100750000003,186.622056725,262.91840458733134,24.79974364337858,-3.120391244833432,11.07139391,2215.20635,0.1621274625,4.0270994,0.9138054245243764,0.09432486737588225,0.16060555555555556,1224.035170736434,atm dry,,,,1.0,0-1d (直後)
Tarazona,2023-07-22,True,2.6702409523809525,160.50197333333332,226.11969615200047,3.7619105875479755,6.348839658730158,10.00612385,1272.8851452380952,0.16139164285714286,3.170376666666667,0.9836354433009938,0.016636810731512627,0.16060555555555556,1224.035170736434,atm dry,,,,2.0,2-3d (短期)
Tarazona,2023-07-23,True,-14.63879590909091,161.29742845454547,227.24035570886141,-20.623547575457334,8.012043512878789,10.549147666,1818.5200454545454,0.16252270454545456,3.1946274999999997,1.0998154398074989,-0.09075653622845083,0.16060555555555556,1224.035170736434,atm dry,,,,3.0,2-3d (短期)
Tarazona,2023-07-24,True,-45.9707515,267.8703825,377.3833320617542,-64.76488821399612,9.05522131632236,15.8777755,2388.57725,0.16306162500000002,4.098954475,1.207169120979746,-0.171615656314673,0.16060555555555556,1224.035170736434,atm dry,10.01052,0.0,10.01052,0.0,0-1d (直後)
Tarazona,2023-07-25,True,-38.47243625,16.338065,23.017525683868854,-54.201050706150454,-73.84245887488935,0.19129762,560.976625,0.1602644375,-2.916518875,-0.738130973564474,-2.3547731172571535,0.16060555555555556,1224.035170736434,soil dry,,,,1.0,0-1d (直後)
Tarazona,2023-07-27,True,-58.928192857142854,173.93828499999998,245.04915009186217,-83.0196961876001,-37.03334408872987,3.61775305,2450.172857142857,0.15079753571428572,2.0954014285714284,1.5123741035173377,-0.3387879376707828,0.16060555555555556,1224.035170736434,compound,11.7,0.0,11.7,0.0,0-1d (直後)
Tarazona,2023-07-28,True,4.923425341463415,181.92409141463415,256.2997788692141,6.936260153803092,17.202999058840117,11.079418650000001,2057.9266341463413,0.15986539024390245,4.108515504878048,0.973650035992235,0.02706307506157686,0.16060555555555556,1224.035170736434,compound,0.12948,0.0,0.12948,1.0,0-1d (直後)
Tarazona,2023-07-29,True,20.012679285714285,175.56814267619046,247.3453394461563,28.194425683944743,15.061100376349245,10.9549029106,2182.5726309523807,0.16027413095238097,3.447644976190476,0.8976756561049101,0.11398810160351651,0.16060555555555556,1224.035170736434,compound,4.16052,0.0,4.16052,0.0,0-1d (直後)
Tarazona,2023-07-30,True,-22.790942452380953,220.45208004761903,310.57909333561736,-32.108521006450616,10.588627608010492,13.768930722,1942.8671547619049,0.16021264285714287,3.974654314285714,1.1153031027224545,-0.10338275078855218,0.16060555555555556,1224.035170736434,compound,21.71052,0.0,21.71052,0.0,0-1d (直後)
Tarazona,2023-07-31,True,-26.99383107142857,290.1640530907143,408.791282477515,-38.0296687516315,21.823469054991346,12.0786323785,2693.4085714285716,0.15746364892857143,5.818006071428571,1.1025717532337318,-0.0930295492632558,0.16060555555555556,1224.035170736434,compound,0.0,0.0,0.0,1.0,0-1d (直後)
Tarazona,2023-08-01,True,1.0845489411764693,262.4277762058823,369.71563517341156,1.5279430647963608,21.42293040389542,13.2492202,2586.1225,0.16105289705882353,5.6286680441176475,0.9958842572522131,0.004132752092238928,0.16060555555555556,1224.035170736434,atm dry,0.0,0.0,0.0,2.0,2-3d (短期)
Tarazona,2023-08-02,True,-35.280853880952385,242.4198253238095,341.5278709975622,-49.70465966157225,19.632450413915397,15.1211164971,1923.6007857142858,0.15992654761904762,3.0539287547619045,1.1703245586052609,-0.14553617400650454,0.16060555555555556,1224.035170736434,compound,11.7,0.0,11.7,0.0,0-1d (直後)
Tarazona,2023-08-03,True,51.092324210526314,366.8133263157895,516.776935313885,71.98030395670135,80.00769396107559,10.3335675,2555.9715789473685,0.1616911842105263,9.835707894736842,0.8777419636557199,0.13928699026201943,0.16060555555555556,1224.035170736434,atm dry,0.0,0.0,0.0,1.0,0-1d (直後)
Tarazona,2023-08-04,True,97.711517,315.432705,444.39047028333687,137.6587345048075,74.06416291775521,9.3209827,2483.7058,0.158084175,12.51485475,0.763492960092759,0.3097697716538303,0.16060555555555556,1224.035170736434,compound,0.0,0.0,0.0,2.0,2-3d (短期)
Tarazona,2023-08-05,True,57.83228586206897,235.78227379310346,332.17670163717406,81.47575157688611,37.75951583554051,10.1208958,2498.7255172413797,0.15651205172413796,6.650928206896551,0.8030333171148307,0.2452783448547799,0.16060555555555556,1224.035170736434,compound,15.33948,0.0,15.33948,0.0,0-1d (直後)
Tarazona,2023-08-06,True,-23.467768837209302,221.99886609302328,312.758249039034,-33.062053061581175,8.65807040427896,14.165161158,1722.0976851162789,0.15663869767441863,4.261249441860465,1.118207017246121,-0.10571121037787509,0.16060555555555556,1224.035170736434,compound,10.79052,0.0,10.79052,0.0,0-1d (直後)
Tarazona,2023-08-07,True,4.373628,157.61272833333334,222.0492464999462,6.161690189241379,9.597911706637147,10.50778222,1022.3694888888889,0.15766626666666667,3.367104575555556,0.9730000223537345,0.027749205576533546,0.16060555555555556,1224.035170736434,soil dry,0.0,0.0,0.0,1.0,0-1d (直後)
Tarazona,2023-08-08,True,1.4218001086956529,146.69698208695652,206.67083604653126,2.003071998993131,10.472388957681162,10.0102867,1173.4422826086957,0.15899963043478263,3.7561362391304347,0.9904009465402059,0.009692088333847675,0.16060555555555556,1224.035170736434,soil dry,0.0,0.0,0.0,2.0,2-3d (短期)
Tarazona,2023-08-09,True,-33.077418709677424,217.48848935483872,306.40390337967426,-46.60039819318163,16.523615885347844,10.02582643,1813.1199032258064,0.16012040322580645,6.2808788064516134,1.1793678578729367,-0.1520881349068118,0.16060555555555556,1224.035170736434,compound,11.57052,0.0,11.57052,0.0,0-1d (直後)
Tarazona,2023-08-10,True,-33.46726747619047,235.19239499999998,331.3456637957511,-47.14962810480451,7.660912683946821,14.7031876,2262.9921714285715,0.16037060714285714,3.6032497857142856,1.1659052983978921,-0.1422974049657961,0.16060555555555556,1224.035170736434,compound,0.0,0.0,0.0,1.0,0-1d (直後)
Tarazona,2023-08-11,True,-8.2678025,149.31997,210.36617522267946,-11.64791279707267,16.351931522646428,9.77409377,2145.707318181818,0.15892004545454544,1.713840681818182,1.0586152105744848,-0.05536970373085395,0.16060555555555556,1224.035170736434,compound,0.0,0.0,0.0,2.0,2-3d (短期)
Tarazona,2023-08-12,True,6.799140256410256,149.24483364102565,210.2603210060091,9.578820103858671,20.076625714849026,8.660826093999999,2020.3828102564103,0.15849826923076923,3.071159,0.9564280498208846,0.045556955577866334,0.16060555555555556,1224.035170736434,compound,14.55948,0.0,14.55948,0.0,0-1d (直後)
Tarazona,2023-08-13,True,-45.27059216,304.6162832,429.15199090471657,-63.77848403508934,30.714224168275386,11.31216537,2301.80428,0.16081731999999999,4.4221715999999995,1.1745569474413118,-0.14861514192357528,0.16060555555555556,1224.035170736434,atm dry,10.79052,0.0,10.79052,0.0,0-1d (直後)
Tarazona,2023-08-14,True,-22.39768259090909,178.119002,250.9390618362754,-31.55448544827017,18.789191169090767,11.635653564,1419.3028545454547,0.15908976136363637,2.336772340909091,1.1438318316072624,-0.1257456101786888,0.16060555555555556,1224.035170736434,compound,0.0,0.0,0.0,1.0,0-1d (直後)
Tarazona,2023-08-15,True,-28.347669375,205.1835021875,289.0682912270787,-39.936994247292134,28.776523196708304,9.75896325,1953.06265625,0.160934875,2.5366171875,1.160305006763291,-0.13815764460972813,0.16060555555555556,1224.035170736434,atm dry,3.24948,0.0,3.24948,0.0,0-1d (直後)
Tarazona,2023-08-16,True,-37.47156628571429,189.20377734285714,266.5556052368636,-52.79099693851278,7.0493946678221695,9.836378915000001,1514.1691142857144,0.15985807142857145,2.6750931714285717,1.246958546406487,-0.19804872192277573,0.16060555555555556,1224.035170736434,compound,10.40052,0.0,10.40052,0.0,0-1d (直後)
Tarazona,2023-08-17,True,-18.366181344444446,242.11614344444445,341.1000354210719,-25.874793055991816,41.358648310732534,9.708919692,1960.6455185185187,0.15890492592592592,4.019896296296296,1.0820835059459635,-0.07585690521565208,0.16060555555555556,1224.035170736434,compound,0.0,0.0,0.0,1.0,0-1d (直後)
Tarazona,2023-08-18,True,-1.6203204736842092,345.85261263157895,487.24689209404625,-2.282753075050491,66.84221136044457,9.7596911,3392.8963157894736,0.15917455263157895,6.7119688947368426,1.0047070554117015,-0.004685002843712103,0.16060555555555556,1224.035170736434,compound,0.0,0.0,0.0,2.0,2-3d (短期)
Tarazona,2023-08-19,True,7.230785416666667,276.10022625,388.9777675037635,10.186933951032104,56.03293017596311,9.85308104,3046.930291666667,0.1581798125,4.644547083333333,0.9744793717633227,0.02618898765450275,0.16060555555555556,1224.035170736434,compound,13.65,0.0,13.65,0.0,0-1d (直後)
Tarazona,2023-08-20,True,-36.08650259259259,284.67053703703704,401.0518624874328,-50.83968023545015,48.253239197415695,11.4350863,3139.0388148148145,0.15908642592592592,4.51467037037037,1.145168223185538,-0.126765849982914,0.16060555555555556,1224.035170736434,compound,0.0,0.0,0.0,1.0,0-1d (直後)
Tarazona,2023-08-21,True,-13.917508333333334,227.6934009090909,320.7808699177319,-19.607377343520106,32.48283455366983,11.1692725,2143.356903030303,0.15696612121212122,4.148636493939394,1.0651032638228901,-0.061123898530946234,0.16060555555555556,1224.035170736434,compound,0.0,0.0,0.0,2.0,2-3d (短期)
Tarazona,2023-08-22,True,80.13794366666667,328.69599999999997,463.07617347494676,112.90058991685584,126.61853434370347,7.337835,4030.8759999999997,0.15711113333333332,7.588879333333334,0.8039841238524821,0.24380565527620254,0.16060555555555556,1224.035170736434,compound,0.0,0.0,0.0,3.0,2-3d (短期)
Tarazona,2023-08-23,True,42.755620769230774,172.94507423076922,243.6498868137283,60.235321574833115,33.37539553328193,6.69431139,3417.3223076923077,0.15657430769230768,2.4667250384615382,0.8017826471572993,0.2472208067179746,0.16060555555555556,1224.035170736434,compound,0.0,0.0,0.0,4.0,4-7d (中期)
Tarazona,2023-08-24,True,-12.310123636363636,166.98723622727272,235.25631699589428,-17.342848554685087,0.17636799740396245,10.927983318,2412.650643181818,0.15377307954545455,2.4490882954545454,1.0795859415149642,-0.07371894951066396,0.16060555555555556,1224.035170736434,compound,11.7,0.0,11.7,0.0,0-1d (直後)
Tarazona,2023-08-25,True,-5.781710384615384,272.108515,383.35413237809456,-8.145436272568134,39.80101059999984,10.5325382,3552.502692307692,0.15549423076923075,3.7328970769230767,1.0217090817913166,-0.021247811317537727,0.16060555555555556,1224.035170736434,compound,0.0,0.0,0.0,1.0,0-1d (直後)
Tarazona,2023-08-26,True,-52.51727180499999,175.46076592499998,247.19406405776868,-73.98781022222087,-2.7676573464554126,10.406055871,1900.873375,0.15275075,5.066058996000001,1.42716592838772,-0.2993106266699434,0.16060555555555556,1224.035170736434,compound,12.60948,0.0,12.60948,0.0,0-1d (直後)
Tarazona,2023-08-27,True,43.33710083333333,194.04677083333334,273.37855073584683,61.05452705052062,-23.52995038207402,6.8521386,675.596775,0.15142008333333332,5.003815208333333,0.8174387310769491,0.223333274999745,0.16060555555555556,1224.035170736434,soil dry,0.0,0.0,0.0,1.0,0-1d (直後)
Tarazona,2023-08-28,True,58.78989319354839,179.0267907096774,252.21798011334963,82.82485573012511,7.482823639297543,8.183732512,740.2153999999999,0.14961391935483873,5.05607074516129,0.752793234567716,0.32838600837617793,0.16060555555555556,1224.035170736434,soil dry,0.0,0.0,0.0,2.0,2-3d (短期)
Tarazona,2023-08-29,True,47.24361422222221,125.72993711111111,177.13187312489057,66.55813303220374,-0.39357946058258175,8.34383257,771.3828285714286,0.1475444111111111,4.290678624444444,0.7268737685151636,0.37575469540298667,0.16060555555555556,1224.035170736434,soil dry,0.0,0.0,0.0,3.0,2-3d (短期)
Tarazona,2023-08-30,True,27.345198888888888,287.0733377777778,404.43699577973024,38.524685619472194,50.8821419828397,7.6334523999999995,1563.3256,0.14971116666666667,9.168926666666668,0.9130293042554322,0.09525509788044714,0.16060555555555556,1224.035170736434,compound,11.7,0.0,11.7,0.0,0-1d (直後)
Tarazona,2023-08-31,True,9.917399615384616,197.74314923076923,278.5861126289032,13.971911628721422,10.972556551282103,7.6162260999999996,1279.236583846154,0.15257432692307693,4.330390230769231,0.9522422546290582,0.0501529365440158,0.16060555555555556,1224.035170736434,compound,0.0,0.0,0.0,1.0,0-1d (直後)
Tarazona,2023-09-01,True,-8.232981621621622,126.06701308108109,177.60675523585041,-11.598856163841672,6.077643913021025,6.910278292,990.0833965517241,0.04017835135135135,2.2337783513513516,1.06986930277824,-0.06530639078698967,0.16060555555555556,1224.035170736434,soil dry,0.0,0.0,0.0,2.0,2-3d (短期)
Tarazona,2023-09-02,True,16.510621666666665,95.15563738888889,134.05793939267969,23.260628371177464,-7.204677777777771,5.045251557,708.7867727272727,0.0,-0.034061333333333374,0.8521431468528698,0.17351175526458693,0.16060555555555556,1224.035170736434,soil dry,0.0,2.286,2.286,3.0,2-3d (短期)
Tarazona,2023-09-04,True,7.88205848,120.6845404,170.02377627356162,11.104465767834581,8.166394688657224,4.44951585,434.5906,0.27652805999999996,-0.02432075999999988,0.9386927977510173,0.06531125240959199,0.16060555555555556,1224.035170736434,normal,0.0,0.0,0.0,5.0,4-7d (中期)
Tarazona,2023-09-05,True,45.76377958333333,215.4284041666667,303.50159740098536,64.47330035412934,44.47788932498145,7.6389157999999995,904.5411,0.24838608333333334,5.338820166666667,0.8247888626440057,0.21243150252335383,0.16060555555555556,1224.035170736434,normal,0.0,0.0,0.0,6.0,4-7d (中期)
Tarazona,2023-09-06,True,23.092095555555556,163.69362962962964,230.6161913473667,32.53279397189041,13.316754499094747,6.5280819,897.4491185185185,0.2039302037037037,3.9298244814814813,0.876371197356429,0.14106899338601833,0.16060555555555556,1224.035170736434,normal,0.0,0.0,0.0,7.0,4-7d (中期)
Tarazona,2023-09-07,True,23.210842083333333,94.8300474375,133.59923910788442,32.70008742145101,2.638069115370419,6.726978403,785.4837354166666,0.18762423958333332,1.9790830416666667,0.8033660862981146,0.2447625273901818,0.16060555555555556,1224.035170736434,normal,0.0,0.0,0.0,8.0,8+d (長期)
Tarazona,2023-09-08,True,39.474295625,84.48222141666666,119.02093064805534,55.61249838344194,4.972380640990644,5.995562825,753.3691120833333,0.17735896875,0.6677470833333333,0.6815472347312636,0.46724973566109973,0.16060555555555556,1224.035170736434,normal,0.0,0.0,0.0,9.0,8+d (長期)
Tarazona,2023-09-09,True,27.572777083333335,74.424993875,104.8520255023832,38.845304183280916,0.5752183877500411,5.277500657,943.7132708333334,0.17133639583333335,1.6898628958333335,0.7296727484897982,0.3704773846490738,0.16060555555555556,1224.035170736434,normal,0.0,0.0,0.0,10.0,8+d (長期)
Tarazona,2023-09-10,True,13.653552444444443,97.80339711111111,137.78817779061504,19.23550886020164,-1.099596995476611,6.499648317,872.9588155555555,0.16886587777777776,0.2069575777777779,0.8774993170108353,0.13960202659354568,0.16060555555555556,1224.035170736434,normal,18.84948,0.0,18.84948,0.0,0-1d (直後)
Tarazona,2023-09-11,True,21.760507479166666,97.16553877083334,136.88954501310963,30.656815222349707,-3.634500448648162,6.883678963,721.7318083333333,0.16931313541666668,2.5617260833333333,0.8170248808791399,0.22395293387390372,0.16060555555555556,1224.035170736434,normal,0.0,0.0,0.0,1.0,0-1d (直後)
Tarazona,2023-09-12,True,-23.6706325,3.3719216666666667,4.750458121356101,-33.347853097791614,-54.526933351814655,0.05924435,321.1104583333333,0.16797345833333333,-1.7995275,-0.16611506486064614,-7.019923604393735,0.16060555555555556,1224.035170736434,normal,0.0,0.0,0.0,2.0,2-3d (短期)
Tarazona,2023-09-13,True,29.826624545454546,105.00508375757576,147.93411657542066,42.020587905490224,17.64798779147484,5.112853429,675.2701515151515,0.16692166666666666,3.6994528454545454,0.7787862742314287,0.2840493381664738,0.16060555555555556,1224.035170736434,normal,0.0,0.0,0.0,3.0,2-3d (短期)
Tarazona,2023-09-15,True,-33.76662857142857,99.4076757142857,140.04833062711387,-47.57137643904078,-84.90913869841289,1.01899486,439.0556857142857,0.2881428571428572,28.30901714285714,1.5144133136380498,-0.33967828267587213,0.16060555555555556,1224.035170736434,normal,0.0,32.766,32.766,5.0,4-7d (中期)
Tarazona,2023-09-16,True,13.353624210526316,73.97480421052632,104.217785635873,18.81296152503509,13.35261639829257,2.0686394,582.436056,0.29841321052631575,-0.9859996315789473,0.8470873179333764,0.18051584391521983,0.16060555555555556,1224.035170736434,normal,0.0,0.0,0.0,6.0,4-7d (中期)
Tarazona,2023-09-17,True,26.170142394736843,106.43496394736842,149.94857202001631,36.86923296738998,0.5822116221520469,5.95697692,537.8513868421053,0.2762209078947368,-2.7886053421052632,0.8026460434546085,0.24587918691528712,0.16060555555555556,1224.035170736434,normal,0.0,0.0,0.0,7.0,4-7d (中期)
Tarazona,2023-09-18,True,2.4398489687500002,91.09553471875,128.33795250995726,3.4373278783603847,-35.95493229298612,4.286540584,522.6733025,0.24354529687499998,0.392363415625,0.9739152300171079,0.026783409047247308,0.16060555555555556,1224.035170736434,normal,0.0,0.0,0.0,8.0,8+d (長期)
Tarazona,2023-09-19,True,-7.726242,4.020265,5.663862452099377,-10.884947126528523,-40.23226126183306,0.04688895,0.0,0.22638324999999998,-2.255786625,-1.0848057071050363,-1.9218240588617912,0.16060555555555556,1224.035170736434,normal,,,,9.0,8+d (長期)
Tarazona,2023-11-07,False,41.148453888888895,39.64420527777778,55.851871883103605,57.97109965219218,-13.0453052141483,1.03916558,457.2245833333333,0.15447494444444446,0.9564815444444444,0.4906906851029126,1.0379437196576697,0.1404604899456522,280.00059464285715,atm dry,,,,58.0,8+d (長期)
Tarazona,2023-11-17,False,12.703527272727273,21.859996363636363,30.796977962156458,17.89708666697852,-22.485610582080657,0.70636932,455.4439318181818,0.15414388636363638,0.3428457409090909,0.6324585593072424,0.5811312619364987,0.1404604899456522,280.00059464285715,atm dry,,,,68.0,8+d (長期)
Tarazona,2023-11-18,False,25.25125315,15.456282300833331,21.775245406145633,35.57467594418306,-6.189615368074077,1.08888519826,378.7219479166667,0.150251,0.9500220875,0.379690937553846,1.633721011205817,0.1404604899456522,280.00059464285715,atm dry,,,,69.0,8+d (長期)
Tarazona,2023-11-19,False,27.52082366666667,15.666957854166666,22.072051053559406,38.77211074804303,-5.068395232074066,1.1035121270000001,471.78124375,0.14908397916666666,0.4967167545833333,0.36276366376006347,1.7566156699239115,0.1404604899456522,280.00059464285715,atm dry,,,,70.0,8+d (長期)
Tarazona,2023-11-20,False,16.369916958333334,17.27043463125,24.33107425489952,23.06239961900248,-1.763299447101862,1.214740244,347.12946875000006,0.148229125,0.4554479547916667,0.5133844866412679,0.9478578453788752,0.1404604899456522,280.00059464285715,atm dry,,,,71.0,8+d (長期)
Tarazona,2023-11-21,False,22.418107619047618,20.45042788095238,28.811138222055618,31.58326080262042,-8.350688687915614,1.253646105,360.6513039952381,0.14719202380952381,1.1979530833333334,0.4770498371924178,1.0962170449219766,0.1404604899456522,280.00059464285715,atm dry,,,,72.0,8+d (長期)
Tarazona,2023-11-22,False,11.150344166666668,20.2296258125,28.500066055207583,15.708918604512055,-11.625243838101875,1.416603246,418.2222052083334,0.14429301041666667,0.883277605,0.6446668312917622,0.5511888489690603,0.1404604899456522,280.00059464285715,atm dry,,,,73.0,8+d (長期)
Tarazona,2023-11-23,False,29.05184125,13.592856175208333,19.14999824826215,40.92905139840952,-13.503521941240635,0.94980091836,372.28340762500005,0.14205341666666668,0.7627967125,0.3187466905832297,2.1372874747977484,0.1404604899456522,280.00059464285715,atm dry,,,,74.0,8+d (長期)
Tarazona,2023-11-24,False,19.621611472916666,11.616234522916665,16.365278047374545,27.64347834561529,-6.911054056398169,0.8117392176,368.16776595833335,0.14052113541666666,0.588711325625,0.37186413315649547,1.6891542120819687,0.1404604899456522,280.00059464285715,atm dry,,,,75.0,8+d (長期)
Tarazona,2023-11-25,False,16.651647708333332,9.97346661875,14.050900400646391,23.459309826793955,-5.258820100277723,0.6995987815,385.293050625,0.14110446875000002,0.7153927541666666,0.3745886870654633,1.669594770290646,0.1404604899456522,280.00059464285715,atm dry,,,,76.0,8+d (長期)
Tarazona,2023-11-26,False,46.23940233333334,15.300285333333333,21.55547248897112,65.14337106715179,19.167530298459248,0.669671202,539.1175333333333,0.1416783166666667,0.8844829300000001,0.24862468292345305,3.0221267986810525,0.1404604899456522,280.00059464285715,atm dry,,,,77.0,8+d (長期)
Tarazona,2023-11-27,False,21.548528958333335,10.0466954375,14.154067220975328,30.358173917659723,0.9057925513703774,0.703421141,281.46664375,0.14196804166666668,0.6225281395833333,0.3179814554133986,2.144837483368106,0.1404604899456522,280.00059464285715,atm dry,,,,78.0,8+d (長期)
Tarazona,2023-11-28,False,7.13992,1.6332482352941176,2.30096606936108,10.058920195308863,6.012615665725512,0.08117927000000001,51.83356617647058,0.14151325,-0.2802115235294118,0.1861640164067096,4.371607356253615,0.1404604899456522,280.00059464285715,normal,,,,79.0,8+d (長期)
Tarazona,2023-11-29,False,20.09137625,9.168596124999999,12.916976202029305,28.3052961815642,9.55327309049983,0.32128329,138.47057125,0.13354097208333335,-0.034673950000000044,0.31334944570329587,2.191325255915338,0.1404604899456522,280.00059464285715,soil dry,,,,80.0,8+d (長期)
Tarazona,2023-11-30,False,8.880612500000002,14.086868749999999,19.845977063894317,12.51125676799773,17.701205741437423,0.16493252000000003,165.8385,0.12656039625,-0.007268999999999914,0.6133397300585582,0.6304177782589195,0.1404604899456522,280.00059464285715,soil dry,,,,81.0,8+d (長期)
Tarazona,2023-12-01,False,-13.823260000000001,31.221801,43.986151751394196,-19.474597639610135,-32.85593063886671,0.90531186,66.9969395,0.141666625,0.009358584999999999,1.7945068497410215,-0.4427438378714924,0.1404604899456522,280.00059464285715,normal,,,,82.0,8+d (長期)
Tarazona,2023-12-02,False,37.64477857142857,26.476660642857144,37.3010644999909,53.035023280383136,-15.944275819594822,1.075569207,130.28210714285714,0.1348238155357143,0.8632672464285714,0.41291432268660566,1.4218099132370894,0.1404604899456522,280.00059464285715,soil dry,,,,83.0,8+d (長期)
Tarazona,2023-12-03,False,27.56182305652174,14.003698608695652,19.728804628627113,38.8298718420901,-10.712210571092022,0.467489004,156.65288636363636,0.13902030434782608,0.005627771818181859,0.33690660065537303,1.9681816801889123,0.1404604899456522,280.00059464285715,soil dry,,,,84.0,8+d (長期)
Tarazona,2023-12-04,False,0.6970802307692309,10.787655307692308,15.197952334840865,0.982066243184122,4.011164471041069,0.203321428,0.0,0.1279179103846154,-0.4207526153846154,0.9393037629438866,0.06461832630786475,0.1404604899456522,280.00059464285715,soil dry,,,,85.0,8+d (長期)
Tarazona,2023-12-05,False,27.367489999999997,27.860021200000002,39.2499817771646,38.55608996402107,-2.6925165899556878,1.01000274,184.5216568,0.12933932,-0.7423187279999999,0.5044591109512102,0.9823212194827761,0.1404604899456522,280.00059464285715,soil dry,,,,86.0,8+d (長期)
Tarazona,2023-12-06,False,17.67247808888889,12.798931725555557,18.031495144563255,24.89748439050827,-3.2583943488394342,0.8369715610999999,107.91646955555557,0.14054368888888888,0.38776092888888886,0.42003083557651616,1.380777588929735,0.1404604899456522,280.00059464285715,normal,,,,87.0,8+d (長期)
Tarazona,2023-12-07,False,35.48240761904762,15.015370476190478,21.154076421444056,49.988614239013756,32.97781572871973,0.459261168,120.17534285714285,0.12915795238095237,-0.8195154666666666,0.2973471515493553,2.363072404727625,0.1404604899456522,280.00059464285715,soil dry,,,,88.0,8+d (長期)
Tarazona,2023-12-08,False,2.0875193548387085,37.59787787096774,52.96894825390671,2.9409560046170276,-15.692106552665456,1.694563816,215.0273612903226,0.1340832956451613,-0.5228037996774193,0.9473983001112246,0.055522265432184,0.1404604899456522,280.00059464285715,soil dry,,,,89.0,8+d (長期)
Tarazona,2023-12-09,False,0.4656777142857142,13.53717657142857,19.071555255773852,0.6560598668799986,9.018916242590379,0.68915483,34.85050314285714,0.1377681,0.18842829714285725,0.9667440862566998,0.03439991432693349,0.1404604899456522,280.00059464285715,soil dry,,,,90.0,8+d (長期)
Tarazona,2023-12-11,False,40.68617907142857,17.005544385714284,23.957889423646577,57.31983388210871,-0.8610892901120002,0.695258809,279.0232285714286,0.13755234535714286,-0.035945565,0.2947657543693785,2.392524352563949,0.1404604899456522,280.00059464285715,soil dry,,,,92.0,8+d (長期)
Tarazona,2023-12-12,False,14.367862431914894,15.691027425531916,22.105960942955694,20.241848869428264,2.8167699892008367,1.0784004999999999,316.69040425531915,0.14560561702127658,-0.4027646829787234,0.5220095452608543,0.9156737823640528,0.1404604899456522,280.00059464285715,atm dry,,,,93.0,8+d (長期)
Tarazona,2023-12-13,False,5.332175097560976,24.81485007317073,34.95985901026604,7.512118311378713,-16.59810737065583,1.479123599,196.19121048780485,0.14614957317073168,1.7342511487804877,0.8231276529819026,0.21487839264948877,0.1404604899456522,280.00059464285715,normal,,,,94.0,8+d (長期)
Tarazona,2023-12-14,False,15.51267458333333,9.780005875,13.778347461354864,21.854692440467986,-15.10084765509263,0.682699352,230.82630208333333,0.14130377083333334,-0.048192049583333334,0.386673365486564,1.5861620924980615,0.1404604899456522,280.00059464285715,normal,,,,95.0,8+d (長期)
Tarazona,2023-12-15,False,29.24172254318182,4.83725421590909,6.814859847484411,41.196561507023894,-5.520437315626226,0.3102581149,292.18656050000004,0.14009048863636364,0.34055019999999997,0.14194247233725127,6.04510766604113,0.1404604899456522,280.00059464285715,compound,,,,96.0,8+d (長期)
Tarazona,2023-12-16,False,28.451667826086958,6.697626782608697,9.435805065634367,40.08351019143709,-11.00501919370045,0.224640755,367.24383,0.14036952173913045,0.17814851739130433,0.19054797136531315,4.248022284544969,0.1404604899456522,280.00059464285715,compound,,,,97.0,8+d (長期)
Tarazona,2023-12-17,False,27.044814186046516,3.5737053395348837,5.034736637375567,38.10149519804128,-8.25688067939015,0.22430637949999999,209.2068558139535,0.13705887209302325,0.5478247432558139,0.11671711744746827,7.567723585617829,0.1404604899456522,280.00059464285715,soil dry,,,,98.0,8+d (長期)
Tarazona,2023-12-18,False,26.272672533333335,3.317103055555555,4.673228119565557,37.01368031158376,-9.964115749066673,0.218060601,295.05338555555556,0.1356781111111111,0.2982729802222222,0.11210301496173376,7.920366685421876,0.1404604899456522,280.00059464285715,compound,,,,99.0,8+d (長期)
Tarazona,2023-12-19,False,16.446405111111112,2.626125311111111,3.6997592308243408,23.17015828081918,-0.43085154242970686,0.17454194,267.11821599999996,0.13528774444444444,-0.10413436822222223,0.13769149939597422,6.262612466178415,0.1404604899456522,280.00059464285715,soil dry,,,,100.0,8+d (長期)
Tarazona,2023-12-20,False,-10.191463913043478,5.70768379347826,8.041145528052915,-14.358021122740103,-7.230246336028976,0.3825595426,215.48563695652174,0.13604453260869565,-0.20847584565217392,-1.2729624649907505,-1.7855691173166415,0.1404604899456522,280.00059464285715,soil dry,,,,101.0,8+d (長期)
Tarazona,2023-12-21,False,17.27943175,1.6065419791666666,2.2633415442821563,24.34374964895071,-0.644852738092682,0.11381302000000001,222.41984166666666,0.13582184375,-0.09511560291666667,0.08506535073092863,10.755667747296,0.1404604899456522,280.00059464285715,soil dry,,,,102.0,8+d (長期)
Tarazona,2023-12-22,False,18.51745152173913,4.581125239130435,6.4540181381763775,26.08790673812516,-3.4102469899902017,0.30795313,261.9655586956522,0.13661988043478263,-0.2431492515217391,0.1983293294022837,4.042118596446408,0.1404604899456522,280.00059464285715,soil dry,,,,103.0,8+d (長期)
Tarazona,2023-12-23,False,28.582621153846155,5.25295081025641,7.400504906252768,40.26800092428002,-0.919448779099582,0.29939622930000004,326.51405153846156,0.13576875641025643,0.8246449205128206,0.15524935756456146,5.4412504868765295,0.1404604899456522,280.00059464285715,compound,,,,104.0,8+d (長期)
Tarazona,2023-12-24,False,24.83792080851064,4.724611255319148,6.656165275116996,34.9923617113651,-7.038616756766015,0.324137382,241.39731531914893,0.13442576595744682,0.034700779574468085,0.15981754354187352,5.257135342203478,0.1404604899456522,280.00059464285715,soil dry,,,,105.0,8+d (長期)
Tarazona,2023-12-25,False,27.881123078041668,2.7498402916666667,3.8740523764579784,39.279710696703226,-8.486132494601799,0.193219337,206.43641666666667,0.13347947916666666,-0.14855919333333334,0.08977322255512368,10.139179050701534,0.1404604899456522,280.00059464285715,soil dry,,,,106.0,8+d (長期)
Tarazona,2023-12-26,False,44.109319370370365,1.9071152222222223,2.686797586470445,62.14245025377692,4.5479205580742414,0.07573490999999999,265.3642666666667,0.1339055185185185,0.04935216814814814,0.04144421963819893,23.128817208523458,0.1404604899456522,280.00059464285715,soil dry,,,,107.0,8+d (長期)
Tarazona,2023-12-27,False,20.2760625,1.896444875,2.6717649010671676,28.56548736716864,-7.5766379349908135,0.1340545528,311.49925021276596,0.13135413541666666,0.5628201729166666,0.08553136742388838,10.691617123856554,0.1404604899456522,280.00059464285715,compound,,,,108.0,8+d (長期)
Tarazona,2023-12-28,False,17.8369376875,4.332195213541667,6.103318513864953,25.129179700509184,2.3210827598425614,0.3021717932,242.76564583333334,0.13172776041666667,0.12463013020833334,0.19541563636609838,4.1172977689797845,0.1404604899456522,280.00059464285715,soil dry,,,,109.0,8+d (長期)
Tarazona,2023-12-29,False,-1.2155827208333332,4.449099333333334,6.268016327214011,-1.7125471405364365,2.363858723305684,0.30991781900000004,262.38093729166667,0.13353055208333334,-0.23751879166666667,1.3759321093741044,-0.2732199552673508,0.1404604899456522,280.00059464285715,soil dry,,,,110.0,8+d (長期)
Tarazona,2023-12-30,False,27.045643333333334,2.226904076923077,3.1373251230233925,38.10266332406906,-2.8110645120278352,0.126794382,215.96667102564103,0.12841064961538462,-0.0982724058974359,0.07607483030816861,12.144952094525067,0.1404604899456522,280.00059464285715,soil dry,,,,111.0,8+d (長期)
Tarazona,2023-12-31,False,11.954920717391305,2.028421923913043,2.8576978810765628,16.842428687924194,3.5562472887826324,0.135958846,81.41092173913043,0.13328115217391306,-0.3115026108695652,0.1450598741620934,5.8937051391798105,0.1404604899456522,280.00059464285715,soil dry,,,,112.0,8+d (長期)
Tarazona,2024-01-01,True,-17.388284375,-6.258968625,-8.817811110463008,-24.497104289888547,-27.038439484833148,-0.289613468,133.4120453125,0.13516759375,0.32530288749999997,0.26468057938907325,2.778138926203676,0.16060555555555556,1224.035170736434,soil dry,,,,113.0,8+d (長期)
Tarazona,2024-01-02,True,-8.704483666666667,-1.1748182833333334,-1.6551170539781614,-12.263121511777367,-21.126704137999997,-0.06139157,101.7536808888889,0.13378422222222222,-0.28336151555555555,0.11891713496350148,7.409217059483682,0.16060555555555556,1224.035170736434,soil dry,,,,114.0,8+d (長期)
Tarazona,2024-01-03,True,-33.811566666666664,-4.209505222222223,-5.930469401907759,-47.63468649205667,0.34903630587702383,-0.110053238,126.36616666666666,0.13661294444444447,-1.2452413555555557,0.11071505912626285,8.032194968704026,0.16060555555555556,1224.035170736434,soil dry,,,,115.0,8+d (長期)
Tarazona,2024-01-05,True,-53.15938461538462,16.92528153846154,23.84481286604318,-74.89243681692281,-32.55493935082051,0.63574526,95.85840869565217,0.1644306923076923,-1.1031705384615385,-0.46710916239681904,-3.1408271995111905,0.16060555555555556,1224.035170736434,normal,,,,117.0,8+d (長期)
Tarazona,2024-01-06,True,8.7991375,27.98032872222222,39.41947439962097,12.396472495497084,-11.663336639913622,2.919493598,96.9342,0.155666625,-0.60623485,0.760759510569418,0.314475844346019,0.16060555555555556,1224.035170736434,soil dry,,,,118.0,8+d (長期)
Tarazona,2024-01-07,True,16.171896739130435,18.33083365217391,25.824994232526343,22.783423162400794,-9.52379673639609,2.443243902,115.53119294117649,0.16337027173913043,-0.5721007782608696,0.5312864647023354,0.8822237463931466,0.16060555555555556,1224.035170736434,normal,,,,119.0,8+d (長期)
Tarazona,2024-01-08,True,26.21864756097561,14.586283002439023,20.549565914985646,36.937568410399976,-6.5694168637236166,1.7314360818,180.8425110447761,0.1618897804878049,-0.44272229756097564,0.35746373786301616,1.797486553400307,0.16060555555555556,1224.035170736434,normal,,,,120.0,8+d (長期)
Tarazona,2024-01-09,True,45.5027935,11.019858099999999,15.525086162243827,64.10561581644035,18.849606039966467,0.638759682,205.230109375,0.164889225,0.285801515,0.19496357279883877,4.12916328750186,0.16060555555555556,1224.035170736434,normal,,,,121.0,8+d (長期)
Tarazona,2024-01-10,True,26.065295666666668,23.49449772222222,33.099709466870664,36.72152194676269,10.522273090493847,1.223992308,169.71543363636363,0.16521669444444445,-0.8551914888888889,0.47406367370953567,1.109421277051301,0.16060555555555556,1224.035170736434,normal,,,,122.0,8+d (長期)
Tarazona,2024-01-11,True,34.66510576923077,24.027344346153846,33.85039878362323,48.83717639618275,-3.128485617888991,1.812568886,270.68827142857145,0.1643845576923077,0.055182473461538456,0.40937708851680293,1.4427356294487763,0.16060555555555556,1224.035170736434,normal,,,,123.0,8+d (長期)
Tarazona,2024-01-12,True,16.001604999999998,7.892935356818182,11.119789417943865,22.54351136873456,-6.032613092808055,1.006631174,443.0095140909091,0.16000109090909093,-0.0027225031818181793,0.3303237994517845,2.027332579909866,0.16060555555555556,1224.035170736434,soil dry,,,,124.0,8+d (長期)
Tarazona,2024-01-13,True,41.5186395,22.559257565000003,31.782116818080976,58.49262755721328,19.858605040731533,1.3117388074,471.65300749999994,0.15379169175000001,-0.35897575000000004,0.3520598926977286,1.8404257932856312,0.16060555555555556,1224.035170736434,soil dry,,,,125.0,8+d (長期)
Tarazona,2024-01-14,True,0.5507955172413793,20.41800348275862,28.765457817539605,0.7759762226838532,15.300057423226095,1.726432676,160.20626320754718,0.16213275862068965,-0.8015884586206897,0.9737326149560889,0.02697597332209694,0.16060555555555556,1224.035170736434,normal,,,,126.0,8+d (長期)
Tarazona,2024-01-15,True,-19.39656666666667,14.816923333333335,20.874498502785716,-27.32642889037805,2.0773333333333333,0.5175713,12.420074999999999,0.1635,-10.6283935,-3.235388054237121,-1.3090819349136134,0.16060555555555556,1224.035170736434,normal,,,,127.0,8+d (長期)
Tarazona,2024-01-16,True,34.80719346153846,100.99451538461538,142.2839150043333,49.03735353509449,40.8990297918458,3.83729,164.80161538461536,0.23988847438461539,-2.203282307692308,0.7436910495657266,0.34464439310375344,0.16060555555555556,1224.035170736434,normal,,,,128.0,8+d (長期)
Tarazona,2024-01-17,True,-0.5188521739130431,63.63821335217391,89.65530558907611,-0.7309735417979217,4.176669520937339,4.2683623446,407.63207260869564,0.2947195217391304,-1.5884934782608695,1.0082201746695076,-0.008153154316915137,0.16060555555555556,1224.035170736434,normal,,,,129.0,8+d (長期)
Tarazona,2024-01-18,True,-8.198286,36.939184499999996,52.040962498920166,-11.549975995854002,11.879061056300142,2.1521181,679.1442049999999,0.292181625,-3.9463266000000004,1.2852480760126548,-0.2219400918285026,0.16060555555555556,1224.035170736434,normal,,,,130.0,8+d (長期)
Tarazona,2024-01-19,True,-18.3255,46.5767,65.61856551065591,-25.81748003326824,15.71022466666587,0.1353232,138.952,0.312,-49.1782,1.6486627116724244,-0.39344779685980324,0.16060555555555556,1224.035170736434,normal,,,,131.0,8+d (長期)
Tarazona,2024-01-20,True,12.787075,3.9422175,5.553906938039924,18.01479105598229,-4.270739572222007,0.0457216,64.751475,0.308025,-2.9214214999999997,0.2356475923892179,3.243624939516909,0.16060555555555556,1224.035170736434,normal,,,,132.0,8+d (長期)
Tarazona,2024-01-21,True,34.0260692,31.94810172,45.009384641997364,47.936883696576,-7.2960089761550195,2.321948598,172.4577152,0.26805998008,-1.22663364,0.484251659012739,1.0650419701994114,0.16060555555555556,1224.035170736434,normal,,,,133.0,8+d (長期)
Tarazona,2024-01-22,True,39.76927126666667,36.80368002333333,51.85005997943857,56.028068367291205,8.276754214251595,3.2117063338,512.6398222222222,0.28151715,-0.9865262333333333,0.4806355168935442,1.0805786606516838,0.16060555555555556,1224.035170736434,normal,,,,134.0,8+d (長期)
Tarazona,2024-01-23,True,28.56312904761905,13.45757338095238,18.959408041198344,40.24053989656865,6.2302845536985085,1.653525084,92.87363497058824,0.2774177976190476,-1.1128454523809523,0.3202605526128016,2.1224576109721838,0.16060555555555556,1224.035170736434,normal,,,,135.0,8+d (長期)
Tarazona,2024-01-24,True,45.81683675,25.76549657142857,36.29915654580221,64.54804878342394,18.907093542206344,2.11073786,210.84757142857143,0.27496126785714287,-0.4967627,0.3599421166635194,1.7782244802844749,0.16060555555555556,1224.035170736434,normal,,,,136.0,8+d (長期)
Tarazona,2024-01-25,True,25.441038361702127,16.28686643829787,22.945395709544727,35.84205069050536,0.3882469543877173,2.243638258,188.76457393258428,0.2693325638297872,-0.22686195872340423,0.39031114829177505,1.5620585124882347,0.16060555555555556,1224.035170736434,normal,,,,137.0,8+d (長期)
Tarazona,2024-01-26,True,19.591400645833335,14.753115520833333,20.784604261145088,27.600916482363953,0.95022317449543,2.075842352,206.18029215686275,0.2651589583333333,-0.45973053124999996,0.4295624794724021,1.3279500603223577,0.16060555555555556,1224.035170736434,normal,,,,138.0,8+d (長期)
Tarazona,2024-01-27,True,10.87806125,22.112410354166666,31.15258589430748,15.325318770158736,0.9482914965832768,3.105333636,379.59567627118645,0.2613981875,-0.6442689645833334,0.6702665733148807,0.4919437128639499,0.16060555555555556,1224.035170736434,normal,,,,139.0,8+d (長期)
Tarazona,2024-01-28,True,20.003439583333336,15.622694333333333,22.009691359945766,28.18140853124858,-1.6222504155555322,2.191844006,462.444324,0.25598255208333337,-0.41851870208333336,0.43851781307161997,1.280409073910704,0.16060555555555556,1224.035170736434,normal,,,,140.0,8+d (長期)
Tarazona,2024-01-29,True,46.907238148148146,11.619807777777778,16.370312149365244,66.08423695427535,7.546241241053386,0.9129849,223.32451976744187,0.25123887037037035,0.32229676759259257,0.19853740427091182,4.0368342613942,0.16060555555555556,1224.035170736434,normal,,,,141.0,8+d (長期)
Tarazona,2024-02-09,True,-8.172156371428573,48.98029785714285,69.00482180296946,-11.51316383990085,-14.11305524968281,0.99665667,524.7148142857143,0.2931904285714286,-1.5726330071428571,1.2002579895555743,-0.16684578757082463,0.16060555555555556,1224.035170736434,normal,,,,152.0,8+d (長期)
Tarazona,2024-02-10,True,19.18203882352941,65.01474529411765,91.5946025210173,27.02419602869481,-14.082417422719105,3.20765141,886.9899705882353,0.31052157352941173,-5.4527229,0.7721761107083781,0.29504135926015773,0.16060555555555556,1224.035170736434,normal,,,,153.0,8+d (長期)
Tarazona,2024-02-11,True,9.153731487804878,32.10769143902439,45.23421912861039,12.896034482895486,-5.133348093040959,1.904942433,736.0601060975611,0.3028580975609756,-0.3694437317073171,0.7781527916757112,0.2850946635384453,0.16060555555555556,1224.035170736434,normal,,,,154.0,8+d (長期)
Tarazona,2024-02-12,True,7.100716296296298,47.06123677777778,66.30119455682991,10.003688914437918,12.645292903308514,1.852766388,266.1614,0.31246355555555555,-1.4087888925925927,0.8688984445116839,0.15088248381201155,0.16060555555555556,1224.035170736434,normal,,,,155.0,8+d (長期)
Tarazona,2024-02-13,True,28.898677791666668,29.31867975,41.304980985370705,40.713270408676784,11.869900397694478,2.057558879,3.3936076470588237,0.3014020416666667,-1.2208195291666668,0.5036071884406015,0.9856745951074644,0.16060555555555556,1224.035170736434,normal,,,,156.0,8+d (長期)
Tarazona,2024-02-14,True,11.239205543478262,17.701060891304348,24.937752646799012,15.834109012498851,5.4000299520869275,1.192916628,155.64413199999998,0.2930147826086957,-0.8309150217391305,0.6116412553144248,0.6349453070917079,0.16060555555555556,1224.035170736434,normal,,,,157.0,8+d (長期)
Tarazona,2024-02-15,True,4.529706315789475,33.955888252631574,47.838010803208824,6.381577712175044,8.311855377859724,1.8835190605,277.8367666666667,0.2877924868421053,5.003351384210526,0.882301251504991,0.1333997297343097,0.16060555555555556,1224.035170736434,normal,,,,158.0,8+d (長期)
Tarazona,2024-02-16,True,33.21933840909091,47.833583318181816,67.38929809483135,46.800338658977125,-4.142536074959541,3.0668351609999998,214.4756311904762,0.28505032954545456,-0.6245463454545455,0.5901524867805814,0.6944773128979457,0.16060555555555556,1224.035170736434,normal,,,,159.0,8+d (長期)
Tarazona,2024-02-17,True,43.83613347826087,27.559271260869565,38.826276800574234,61.7575782822123,-4.211172418463698,1.8484781289999999,146.4025638888889,0.27605791304347826,-0.2737298208695652,0.38600903463699904,1.5906129397732753,0.16060555555555556,1224.035170736434,normal,,,,160.0,8+d (長期)
Tarazona,2024-02-18,True,39.7872198125,28.290738102083335,39.85678786810496,56.05335478368793,2.9833091000971916,1.9846165823,69.42738227272729,0.27084646875,-0.33203798520833333,0.41556384722319983,1.4063690975093386,0.16060555555555556,1224.035170736434,normal,,,,161.0,8+d (長期)
Tarazona,2024-02-19,True,40.4823511875,25.239853025000002,35.55861512731235,57.03267542402849,5.981304325379747,1.77234484448,70.84923,0.2667732291666667,-0.5901452583333333,0.3840384437410503,1.6039059794604331,0.16060555555555556,1224.035170736434,normal,,,,162.0,8+d (長期)
Tarazona,2024-02-20,True,39.331442708333334,31.93878889583333,44.99626447327202,55.4112431749218,-1.9803442195926182,2.241374336,262.0223957446808,0.26130689583333333,-0.56882995625,0.44813645440666844,1.2314631853014448,0.16060555555555556,1224.035170736434,normal,,,,163.0,8+d (長期)
Tarazona,2024-02-21,True,35.3643216875,25.543138460416667,35.98589218241321,49.822251456009724,0.24038172176381112,1.7912641347,445.50708749999995,0.2545446979166667,-0.6280830104166667,0.4193761880463237,1.3844939901297912,0.16060555555555556,1224.035170736434,normal,,,,164.0,8+d (長期)
Tarazona,2024-02-22,True,41.66584695652174,27.165888956521737,38.27206874142491,58.70001756400699,3.717898541400943,1.824388359,454.04661086956514,0.2508289347826087,-0.6599614421956521,0.39467098419311925,1.5337560653070024,0.16060555555555556,1224.035170736434,normal,,,,165.0,8+d (長期)
Tarazona,2024-02-23,True,61.852134,33.80627645652174,47.62723349515136,87.1390267419733,-19.570584263410623,2.25459082,878.5664217391304,0.24324451086956522,0.10431190869565218,0.3534062116983141,1.829605046256663,0.16060555555555556,1224.035170736434,normal,,,,166.0,8+d (長期)
Tarazona,2024-02-24,True,41.4527926875,19.276544604166666,27.15733843161046,58.39986071500035,-14.455333601481627,1.34111095,1028.85375,0.23657739583333334,-1.2353996122916666,0.3174173383711831,2.1504265177556716,0.16060555555555556,1224.035170736434,normal,,,,167.0,8+d (長期)
Tarazona,2024-02-25,True,23.15351081081081,29.96542962972973,42.216140413841465,32.61931751156413,3.433282204384501,1.6111225075,678.3877027027028,0.233595027027027,-0.06013878378378366,0.5641194907355498,0.772674081330021,0.16060555555555556,1224.035170736434,normal,,,,168.0,8+d (長期)
Tarazona,2024-02-26,True,38.4303775,72.71149722222222,102.43800320448344,54.141797155723495,-16.614445879147937,3.8010264,401.6149083333333,0.2514013611111111,-2.6678717,0.6542223388254935,0.5285323362624258,0.16060555555555556,1224.035170736434,normal,,,,169.0,8+d (長期)
Tarazona,2024-02-27,True,13.211225208333333,38.76620625,54.61492214809601,18.61234580399748,-12.033428245611127,2.6942528,526.0961975,0.24969126041666667,-0.9067661770833334,0.7458276633210734,0.34079231594485293,0.16060555555555556,1224.035170736434,normal,,,,170.0,8+d (長期)
Tarazona,2024-02-28,True,43.624058723404254,25.83999191489362,36.40410768178651,61.45880140032253,0.08284087235938402,1.76597077,670.837785106383,0.24562087234042554,-0.20619500638297872,0.37199085969580875,1.688238094929909,0.16060555555555556,1224.035170736434,normal,,,,171.0,8+d (長期)
Tarazona,2024-02-29,True,56.92036687499999,23.617790079166667,33.27340720846941,80.19101444880714,2.565146198518485,1.6501685695,809.1162535416667,0.24331415625,-0.3002770979166667,0.29324969644645926,2.410063205922456,0.16060555555555556,1224.035170736434,normal,,,,172.0,8+d (長期)
Tarazona,2024-03-01,True,61.08789875,20.447450270833333,28.806943281137478,86.0623506181243,-7.381933907638977,1.424308777,964.1870333333333,0.23877495833333331,-0.14220460625,0.25078018940728086,2.9875558048006132,0.16060555555555556,1224.035170736434,normal,,,,173.0,8+d (長期)
Tarazona,2024-03-02,True,45.4111618,14.177627849999999,19.973841037706077,63.97652249919584,-15.223333333333334,0.823587293,1061.9724175,0.2365,-1.601284505,0.23792441385827007,3.2030155030483467,0.16060555555555556,1224.035170736434,normal,,,,174.0,8+d (長期)
Tarazona,2024-03-03,True,25.03680191489362,57.4483154893617,80.93480331186,35.27255101004928,-15.223333333333333,3.90801479,1367.4127446808511,0.2365,-0.6635029255319149,0.6964688576220419,0.4358143785700721,0.16060555555555556,1224.035170736434,atm dry,,,,175.0,8+d (長期)
Tarazona,2024-03-04,True,14.363670434782609,26.26206633913043,36.99873800675921,20.23594306591609,-15.223333333333334,1.7568702869,1352.1167347826088,0.2365,-0.5659563782608696,0.6464391399294958,0.5469360350133897,0.16060555555555556,1224.035170736434,atm dry,,,,176.0,8+d (長期)
Tarazona,2024-03-05,True,74.35151755263159,38.877390461842104,54.77156159418197,104.74850999199252,-15.223333333333334,2.14871903193,653.1941394736842,0.23650000000000002,-0.7300890368421052,0.34335216283170844,1.91246163051008,0.16060555555555556,1224.035170736434,normal,,,,177.0,8+d (長期)
Tarazona,2024-03-06,True,19.056196363636364,9.96495110909091,14.038903511033736,26.84690563030862,-15.223333333333334,0.317930048,1924.2693636363636,0.23649999999999996,0.08493352727272727,0.3433686114050283,1.9123221132767643,0.16060555555555556,1224.035170736434,atm dry,,,,178.0,8+d (長期)
Tarazona,2024-03-15,True,82.56535347826087,28.878792391304348,40.68525529712143,116.32039316060869,-2.748854932019295,0.972798252,345.0386608695652,0.26888912326086956,-0.7119119130434782,0.2591324305639547,2.859030681044752,0.16060555555555556,1224.035170736434,normal,,,,187.0,8+d (長期)
Tarazona,2024-03-16,True,72.05112302380952,20.18910669857143,28.442981587399522,101.50764945249821,18.010350856941844,1.2430325998,783.6184016666666,0.2670130357142857,0.14090941904761908,0.21887528640524181,3.568811839946729,0.16060555555555556,1224.035170736434,normal,,,,188.0,8+d (長期)
Tarazona,2024-03-17,True,49.70325333333333,21.314191541666666,30.028032771396905,70.02334181996706,19.877616153277696,1.504542832,890.8723437499999,0.26367877083333335,-1.6154748931249998,0.3001261391364113,2.3319323764248567,0.16060555555555556,1224.035170736434,normal,,,,189.0,8+d (長期)
Tarazona,2024-03-18,True,34.14697956875,18.582107418958334,26.178995785381158,48.10722562618327,7.162803314611075,1.3082734777,403.4067708333334,0.2580152291666667,-0.9823759145833333,0.35240715287351754,1.8376268524802333,0.16060555555555556,1224.035170736434,normal,,,,190.0,8+d (長期)
Tarazona,2024-03-19,True,40.66713333333333,34.556999874999995,48.68487377056372,57.29300171038119,12.371730348833337,2.4421474290000003,962.8892140833333,0.25260791666666665,-1.9006501166666665,0.45938714613426446,1.1768131921299587,0.16060555555555556,1224.035170736434,normal,,,,191.0,8+d (長期)
Tarazona,2024-03-20,True,24.32374658333333,38.84676354166667,54.728413527274654,34.267978595371744,-0.7267564391294888,2.733423984,948.9049875000001,0.2455058333333333,-1.5988617083333334,0.614950923536913,0.6261460251957391,0.16060555555555556,1224.035170736434,normal,,,,192.0,8+d (長期)
Tarazona,2024-03-21,True,37.40668127659574,29.722820212765956,41.87434544080689,52.699585111966364,-3.209917402468149,2.03956183,692.0287310638298,0.23822725531914893,-0.09490822765957448,0.44276837386430257,1.2585172271280494,0.16060555555555556,1224.035170736434,normal,,,,193.0,8+d (長期)
Tarazona,2024-03-22,True,37.448739374999995,40.695179895833334,57.3325144967906,52.7588377444069,12.125471596333362,2.869883413,722.2186979166667,0.23382598958333334,0.05213241666666668,0.5207721890015634,0.9202254289293428,0.16060555555555556,1224.035170736434,normal,,,,194.0,8+d (長期)
Tarazona,2024-03-23,True,8.93139225,33.151973125,46.70543255126096,12.582796708611589,0.2165372559166784,2.33231307,797.65686875,0.22654613541666668,-0.3006924583333333,0.7877690586193999,0.26940756184629056,0.16060555555555556,1224.035170736434,normal,,,,195.0,8+d (長期)
Tarazona,2024-03-24,True,29.837210833333334,24.043383333333335,33.87299496005826,42.035502165725255,-8.753016122305615,1.68275963,558.0637590909091,0.2197235625,1.31876925,0.44623456190852134,1.2409738854002108,0.16060555555555556,1224.035170736434,normal,,,,196.0,8+d (長期)
Tarazona,2024-03-25,True,-20.118489399999998,17.410853,24.528899603812636,-28.34349395017973,-27.216018260977865,0.25321044,411.73848,0.26433055,0.22326459999999967,-6.4302773444765435,-1.1555142875538607,0.16060555555555556,1224.035170736434,normal,,,,197.0,8+d (長期)
Tarazona,2024-03-27,True,73.16430375,106.44607500000001,149.96422558360064,103.07592978164838,-7.349333333333334,1.2416745,60.14212,0.30200000000000005,-1.291497175,0.592649911106543,0.6873367923617663,0.16060555555555556,1224.035170736434,normal,,,,199.0,8+d (長期)
Tarazona,2024-03-28,True,-16.976507777777776,64.72221851851852,91.18248256858888,-23.916981833368844,-7.349333333333334,2.5443151,43.356117647058824,0.30200000000000005,-1.0667579259259259,1.35556089781468,-0.2622979892588263,0.16060555555555556,1224.035170736434,normal,,,,200.0,8+d (長期)
Tarazona,2024-03-29,True,-16.1158265,59.418057,83.70983057559653,-22.704429831838976,-7.349333333333334,3.46380651,488.18121625000003,0.30200000000000005,0.37363081249999996,1.3721708169282412,-0.2712277599383635,0.16060555555555556,1224.035170736434,normal,,,,201.0,8+d (長期)
Tarazona,2024-03-30,True,28.191291741935483,56.16715903225806,79.12987404658669,39.71668503775936,-7.349333333333334,2.53070832,310.5688866666667,0.30200000000000005,-0.9520989741935485,0.665815440146044,0.5019177082776181,0.16060555555555556,1224.035170736434,normal,,,,202.0,8+d (長期)
Tarazona,2024-03-31,True,-20.839852535714282,61.79751142857143,87.06207292640356,-29.35977063311004,-7.349333333333334,2.50619943,286.778525,0.30200000000000005,0.39968692857142846,1.5088145440692822,-0.33722802187272544,0.16060555555555556,1224.035170736434,normal,,,,203.0,8+d (長期)
Tarazona,2024-04-01,True,55.48321047619048,75.66395647619048,106.59751087621754,78.16630807621439,-7.349333333333334,4.61952926,625.0689571428571,0.30200000000000005,0.5243785666666667,0.5769393135550063,0.7332845526475956,0.16060555555555556,1224.035170736434,normal,,,,204.0,8+d (長期)
Tarazona,2024-04-02,True,53.38125131914894,59.97825978723404,84.49906002494285,75.20500887195446,-7.349333333333334,4.12052144,1082.1614468085106,0.30200000000000005,1.500061719361702,0.5290977281204667,0.8900100054338483,0.16060555555555556,1224.035170736434,normal,,,,205.0,8+d (長期)
Tarazona,2024-04-03,True,67.42618810416667,67.33050495833334,94.85710989559026,94.99191100372222,-7.349333333333334,4.727966634,749.2145125000001,0.30200000000000005,1.7729570625,0.4996449781318507,1.001421096513275,0.16060555555555556,1224.035170736434,normal,,,,206.0,8+d (長期)
Tarazona,2024-04-04,True,54.73099354166666,56.28242335191666,79.29226166336845,77.10656369337327,-7.349333333333334,3.9660321096230002,699.8977229166667,0.30200000000000005,1.9953971041666667,0.5069875779597758,0.9724349145282997,0.16060555555555556,1224.035170736434,normal,,,,207.0,8+d (長期)
Tarazona,2024-04-05,True,23.180996249999996,72.99413770833333,102.83619507410593,32.65803977166467,17.71669364044506,5.14920801,1038.9738625,0.2727534618125,1.55884381875,0.7589710011733088,0.3175733966832456,0.16060555555555556,1224.035170736434,normal,,,,208.0,8+d (長期)
Tarazona,2024-04-06,True,-2.588250208333333,61.080760416666664,86.05229393326964,-3.646399720321311,7.064066636416669,4.3011349,1190.0876458333335,0.25858046875,1.5532773125,1.044249258565152,-0.042374230292442396,0.16060555555555556,1224.035170736434,normal,,,,209.0,8+d (長期)
Tarazona,2024-04-07,True,14.621844999999999,53.82199270833333,75.82593774238654,20.599666657774304,-0.0776666666666667,3.79099853,1221.3362291666667,0.254,2.1095555416666665,0.7863672539475424,0.2716704503907392,0.16060555555555556,1224.035170736434,normal,,,,210.0,8+d (長期)
Tarazona,2024-04-08,True,67.8050746875,74.42618951875001,104.8537099589406,95.52569708323335,-0.0776666666666667,5.232158903,1395.7174791666666,0.254,2.6851540000000003,0.5232758770309764,0.9110378366262865,0.16060555555555556,1224.035170736434,atm dry,,,,211.0,8+d (長期)
Tarazona,2024-04-09,True,76.40319608695653,65.14068891304348,91.77203543509525,107.63897244019962,-4.3689547135097815,4.37369037,1174.3246086956522,0.22804638765217392,3.3078542347826088,0.46021549368270825,1.1728951191926662,0.16060555555555556,1224.035170736434,normal,,,,212.0,8+d (長期)
Tarazona,2024-04-10,True,65.37831597777777,63.90902651111111,90.03683478738488,92.10681113011813,10.832526285748159,4.209849524,1249.8968,0.21810291111111113,2.6825005777777777,0.49431773660753775,1.0229903277655346,0.16060555555555556,1224.035170736434,atm dry,,,,213.0,8+d (長期)
Tarazona,2024-04-17,True,51.832093636363645,97.14166772727272,136.8559148152706,73.02251193906349,-16.99666287321225,3.14636751,260.19658136363637,0.19201061363636365,3.7445208636363634,0.6520723303089295,0.5335722028355878,0.16060555555555556,1224.035170736434,normal,,,,220.0,8+d (長期)
Tarazona,2024-04-18,True,46.178702468085106,89.7228011957447,126.40400689749443,65.05785538904925,3.721338073569818,6.1915416022,815.6975063829788,0.18805421276595743,5.161643208510639,0.6602046245028003,0.5146819075269269,0.16060555555555556,1224.035170736434,normal,,,,221.0,8+d (長期)
Tarazona,2024-04-19,True,-36.3712,8.94865,12.607109912401071,-51.24076995367143,-14.156920744001297,0.0129956,425.139,0.186533,-2.29249,-0.3263245030093846,-4.064434300145832,0.16060555555555556,1224.035170736434,normal,,,,222.0,8+d (長期)
Tarazona,2024-04-23,True,133.31405533333333,93.83545699999999,132.19803211427248,187.81659227428176,30.168430334296197,4.11441461,1024.145025925926,0.17349553333333334,8.785629233333333,0.41309997118681907,1.4207215438118805,0.16060555555555556,1224.035170736434,normal,,,,226.0,8+d (長期)
Tarazona,2024-04-24,True,79.90430777777777,63.882918644444445,90.00005329021548,112.57143710266557,-0.8629974033580554,4.202022206,1440.3267906666667,0.17016806666666667,5.113706148222223,0.4442878566755035,1.2507930049737424,0.16060555555555556,1224.035170736434,atm dry,,,,227.0,8+d (長期)
Tarazona,2024-04-25,True,29.24864043181818,65.55629613636364,92.35755458544585,41.20630762318671,-0.8496418080707351,4.2191219,1185.2407613636365,0.16785261363636364,6.102604484090909,0.6914861030387046,0.44616066122738374,0.16060555555555556,1224.035170736434,normal,,,,228.0,8+d (長期)
Tarazona,2024-04-26,True,55.001748666666664,76.71287057777778,108.07525057632633,77.48801113183839,8.190932634202417,5.054285631,1186.1317266666667,0.16785554444444445,7.413504488888889,0.5824172822867074,0.7169820168690129,0.16060555555555556,1224.035170736434,normal,,,,229.0,8+d (長期)
Tarazona,2024-04-27,True,25.413631619047617,57.19528807142857,80.57833116592356,35.8034393002972,-9.810718613841093,3.50367135,2080.1611190476187,0.16558726190476192,5.922284740476191,0.6923621357806292,0.4443308614393148,0.16060555555555556,1224.035170736434,atm dry,,,,230.0,8+d (長期)
Tarazona,2024-04-28,True,27.61652060869565,53.91568969565217,75.9579406945178,38.90693129264363,-4.207021429082156,3.623060607,1964.6825000000001,0.16278436956521738,5.406400387608696,0.6612808544548564,0.5122167733471966,0.16060555555555556,1224.035170736434,atm dry,,,,231.0,8+d (長期)
Tarazona,2024-04-29,True,7.289755242857144,53.170488142857145,74.90807977885132,10.270012301431162,-7.753285968338396,1.623686888,843.7818428571429,0.1607125238095238,3.238533333333333,0.8794289464507913,0.13710152939110154,0.16060555555555556,1224.035170736434,normal,,,,232.0,8+d (長期)
Tarazona,2024-04-30,True,41.092722422222224,111.86167822222222,157.59387978445875,57.89258359380952,4.1688991097679,7.352329549999999,636.2521355555556,0.1605437,7.665597755555556,0.7313400448167179,0.367352994120008,0.16060555555555556,1224.035170736434,soil dry,0.0,0.0,0.0,233.0,8+d (長期)
Tarazona,2024-05-01,True,56.63041446808511,80.69147970212767,113.68042705871875,79.78252133941731,-11.36446540947501,5.520736712,999.6587189361702,0.16018225531914895,6.566527168085106,0.5876082629774189,0.7018140536911219,0.16060555555555556,1224.035170736434,soil dry,0.0,0.0,0.0,234.0,8+d (長期)
Tarazona,2024-05-02,True,83.09780166666667,85.77599166666667,120.84363057968127,117.07052115018149,3.6565139635237607,5.25272585,618.1099009523809,0.15983170238095237,6.171677404761904,0.5079295607303426,0.9687769275765685,0.16060555555555556,1224.035170736434,soil dry,0.0,0.0,0.0,235.0,8+d (長期)
Tarazona,2024-05-03,True,74.20462456521739,83.25293599347826,117.28907875488166,104.54156301812588,9.740614020782525,5.6024976565,1274.2765,0.16099815217391306,5.753855043478261,0.5287325403624805,0.8913154074353644,0.16060555555555556,1224.035170736434,atm dry,0.0,0.0,0.0,236.0,8+d (長期)
Tarazona,2024-05-04,True,57.06727895833333,92.71781956041667,130.6234730418938,80.39798832554197,18.815347851027763,6.5409832198,1863.955,0.16326871875,5.014493379166667,0.6190056319174522,0.6154941868660665,0.16060555555555556,1224.035170736434,atm dry,13.0,0.0,13.0,0.0,0-1d (直後)
Tarazona,2024-05-05,True,26.698389782608693,81.05133267391305,114.1873980507234,37.613442750970655,4.86033829984535,5.479257733,1972.9870217391306,0.16501082608695652,5.721854569565217,0.7522184821090208,0.3294009968968933,0.16060555555555556,1224.035170736434,atm dry,0.0,0.0,0.0,1.0,0-1d (直後)
Tarazona,2024-05-06,True,38.75469041666667,88.69913264166667,124.96183383506263,54.59869831806955,3.253091920148146,6.2456409554,1401.9162083333333,0.16412635416666665,6.20638075,0.6959315186730073,0.43692299194436024,0.16060555555555556,1224.035170736434,atm dry,0.0,0.0,0.0,2.0,2-3d (短期)
Tarazona,2024-05-07,True,50.00107166666667,99.37987791666666,140.00916830766838,70.44291666782247,10.719837607250106,7.00672116,591.7532741935485,0.16298953125,5.999022979166667,0.6652781241106439,0.5031307415027639,0.16060555555555556,1224.035170736434,normal,0.0,0.0,0.0,3.0,2-3d (短期)
Tarazona,2024-05-08,True,42.88903370212766,89.55372985106384,126.16581442986758,60.4232774686011,-24.777363606855758,6.18795479,496.89054468085106,0.15931131914893618,5.901106076595744,0.6761692934253625,0.47891956899457017,0.16060555555555556,1224.035170736434,soil dry,,,,4.0,4-7d (中期)
Tarazona,2024-05-09,True,25.20401152173913,100.20606304347827,141.17312116108255,35.50812060902909,-16.993333333333332,6.78343803,288.12773095238094,0.159,4.763435934782609,0.7990272184342558,0.2515218216965914,0.16060555555555556,1224.035170736434,soil dry,,,,5.0,4-7d (中期)
Tarazona,2024-05-10,True,24.135516136363638,114.36430113636362,161.11964536338678,34.002794245351645,1.392476810878825,7.41551058,637.8383325581395,0.1619329318181818,3.7092243931818185,0.8257361156741664,0.21104064726968746,0.16060555555555556,1224.035170736434,normal,2.8,0.0,2.8,0.0,0-1d (直後)
Tarazona,2024-05-11,True,3.712933181818181,106.66027772727271,150.26600041290598,5.230884739103981,4.187153482444324,6.9041391,238.739443902439,0.1613185340909091,4.616655,0.9663601960001296,0.03481083361991655,0.16060555555555556,1224.035170736434,normal,12.6,0.0,12.6,0.0,0-1d (直後)
Tarazona,2024-05-12,True,18.241203333333335,123.62895866666666,174.1719555761322,25.698720517373022,17.12131701042466,8.2039289,1012.8086952380952,0.16186515555555556,5.428496066666667,0.8714232571798054,0.14754798171936392,0.16060555555555556,1224.035170736434,normal,0.0,0.0,0.0,1.0,0-1d (直後)
Tarazona,2024-05-13,True,1.6580650000000003,120.1773845652174,169.3092808634361,2.335928625759784,7.962522819033836,8.14807816,1646.2082608695653,0.16253222826086958,4.719612739130435,0.9863909477420818,0.013796813818162341,0.16060555555555556,1224.035170736434,atm dry,0.0,0.0,0.0,2.0,2-3d (短期)
Tarazona,2024-05-14,True,68.23656756097562,122.11744146341464,172.0424876099157,96.13359638450504,2.4798101271545616,7.341397,1320.7657078947368,0.1612825,5.283786853658536,0.6415280775503267,0.5587782280995358,0.16060555555555556,1224.035170736434,atm dry,0.0,0.0,0.0,3.0,2-3d (短期)
Tarazona,2024-05-15,True,79.42775456521738,90.73256108695651,127.8265850443257,111.90005552780717,-4.281632132328589,6.10851033,1473.2818799999998,0.15769740217391304,5.987735847826087,0.5332181051686792,0.8754051865580562,0.16060555555555556,1224.035170736434,compound,0.0,0.0,0.0,4.0,4-7d (中期)
Tarazona,2024-05-16,True,79.41148955555556,87.53276955555556,123.31862870083903,111.87714092453929,-13.470807640108521,5.76190079,1426.559648888889,0.15338034444444443,6.058361711111112,0.5243233281672621,0.9072201183484139,0.16060555555555556,1224.035170736434,compound,0.0,0.0,0.0,5.0,4-7d (中期)
Tarazona,2024-05-17,True,60.57128926086956,97.14506913043478,136.8607068077522,85.3345366337516,-2.228333333333333,6.55688652,1565.6879860869565,0.153,5.748510369565217,0.6159479594970844,0.623513779989612,0.16060555555555556,1224.035170736434,compound,,,,6.0,4-7d (中期)
Tarazona,2024-05-18,True,68.71695215555556,97.16343364444444,136.88657925182002,96.810375718158,-2.228333333333333,6.427977558,1181.1943488372092,0.153,5.650360878,0.5857439574657924,0.7072305864263229,0.16060555555555556,1224.035170736434,soil dry,,,,7.0,4-7d (中期)
Tarazona,2024-05-19,True,35.68121386046512,83.63532753488371,117.82780271794547,50.26869806582806,-4.942153101085318,5.292694119,863.3380790697674,0.15581432558139535,4.695728162790698,0.7009533343559016,0.42662849434747213,0.16060555555555556,1224.035170736434,soil dry,0.0,0.0,0.0,8.0,8+d (長期)
Tarazona,2024-05-20,True,56.467313499999996,83.15376795652175,117.1493680340793,79.55274010632988,-1.2267668394975881,5.610988014,1243.1988369565217,0.15576228260869565,6.027468671739131,0.5955674249838552,0.679071013709503,0.16060555555555556,1224.035170736434,compound,0.0,0.0,0.0,9.0,8+d (長期)
Tarazona,2024-05-21,True,44.93277511363636,73.25529279545455,103.20411770908659,63.302557874854095,-2.31267894285844,4.729854657,1716.0722727272725,0.15451321590909092,5.393841545454546,0.6198197000039106,0.6133724049004745,0.16060555555555556,1224.035170736434,compound,0.12948,0.0,0.12948,10.0,8+d (長期)
Tarazona,2024-05-22,True,57.06710788636363,106.3433335393182,149.81948052290699,80.39774731453753,9.944705469131248,6.87413559409,1261.775440909091,0.15462420454545456,6.402542590909092,0.6507744095880346,0.5366307975032989,0.16060555555555556,1224.035170736434,compound,11.04948,0.0,11.04948,0.0,0-1d (直後)
Tarazona,2024-05-23,True,30.228824222222222,111.03351899044445,156.42714575642188,42.58721812700322,10.253762939634726,7.3598770779,1219.7830866666666,0.15536623333333333,6.882361422222222,0.7860093246739258,0.27224953777087546,0.16060555555555556,1224.035170736434,soil dry,0.0,0.0,0.0,1.0,0-1d (直後)
Tarazona,2024-05-24,True,36.65805772727273,110.14675383863637,155.1778460592238,51.644903191304905,14.292083795969846,7.149539503,1426.2560740909091,0.15628364772727274,4.5713147727272725,0.7502938947555216,0.3328110584264365,0.16060555555555556,1224.035170736434,compound,0.0,0.0,0.0,2.0,2-3d (短期)
Tarazona,2024-05-25,True,25.464313999999998,141.62388807142855,199.5237184534077,35.87484206465705,19.788974088200927,8.796875476,1174.0802857142858,0.15676027380952381,4.9548773809523805,0.8475995690640429,0.17980239313269644,0.16060555555555556,1224.035170736434,soil dry,17.03052,0.0,17.03052,0.0,0-1d (直後)
Tarazona,2024-05-26,True,10.073416666666667,157.46163312820514,221.8363793235243,14.191712840493201,22.91416369091763,9.093264210000001,1010.0403333333335,0.15898498717948717,5.832331333333333,0.9398727807763184,0.06397378502015726,0.16060555555555556,1224.035170736434,soil dry,0.0,0.0,0.0,1.0,0-1d (直後)
Tarazona,2024-05-27,True,30.456123,64.468049,90.82440139921195,42.90744304074986,17.42209200611091,1.90049112,1069.724925,0.15702164999999998,5.408103,0.6791531349886307,0.4724219744884787,0.16060555555555556,1224.035170736434,soil dry,0.0,0.0,0.0,2.0,2-3d (短期)
Tarazona,2024-05-29,True,-18.999194736842103,218.02567894736842,307.16071119278797,-26.76660013459911,12.530526026712964,6.1507879,229.6493588235294,0.16258681578947368,3.9210702105263153,1.0954606358656527,-0.0871420046875695,0.16060555555555556,1224.035170736434,normal,11.04948,0.0,11.04948,0.0,0-1d (直後)
Tarazona,2024-05-30,True,-17.394998604651164,179.05236813953488,252.25401431621705,-24.506563485542564,15.26331397391221,11.41377744,869.9078238095237,0.16153522093023256,4.087373139534884,1.1076041176143072,-0.0971503409052669,0.16060555555555556,1224.035170736434,normal,1.68948,0.0,1.68948,0.0,0-1d (直後)
Tarazona,2024-05-31,True,36.02862195555556,132.04485384444445,186.028505504612,50.758136365377496,0.9975827355359003,8.76242122,1451.7699066666667,0.16094662222222222,5.942541413333333,0.7856376695723957,0.27285139031619593,0.16060555555555556,1224.035170736434,atm dry,9.75,0.0,9.75,0.0,0-1d (直後)
Tarazona,2024-06-01,True,52.64809452173913,109.50427499999999,154.2727037936217,74.17211694658367,-0.26751435461847983,7.41041993,2398.033086956522,0.15942459782608695,6.404724239130435,0.6753171435174075,0.48078574577786237,0.16060555555555556,1224.035170736434,compound,15.08052,0.0,15.08052,0.0,0-1d (直後)
Tarazona,2024-06-02,True,46.298642173913045,120.2665987173913,169.43496827127956,65.22682982141993,4.258661867806723,8.149732118,2185.894195652174,0.15920578260869564,5.528751326086956,0.72203899249228,0.3849667544245431,0.16060555555555556,1224.035170736434,compound,0.0,0.0,0.0,1.0,0-1d (直後)
Tarazona,2024-06-03,True,41.443391463414635,115.20840763414634,162.30884634848715,58.3866160059822,20.307014722233077,6.949482463,2296.708243902439,0.15896136585365853,4.734499146341463,0.7354426077315322,0.3597254081926164,0.16060555555555556,1224.035170736434,compound,0.0,3.048,3.048,2.0,2-3d (短期)
Tarazona,2024-06-04,True,18.375894285714285,143.9394703452381,202.78597591538514,25.888476920950396,10.253333333333334,8.925749378299999,1275.700335,0.1615,3.2261190238095234,0.8867889412225727,0.12766403990260486,0.16060555555555556,1224.035170736434,atm dry,,,,3.0,2-3d (短期)
Tarazona,2024-06-05,True,-10.172664142857142,160.32905357142857,225.87608192590383,-14.331535477523564,10.253333333333334,9.968329,942.399080952381,0.1615,4.180294785714286,1.0677471280547555,-0.06344866333490266,0.16060555555555556,1224.035170736434,normal,,,,4.0,4-7d (中期)
Tarazona,2024-06-06,True,-23.2126,174.16279951219514,245.36545245391378,-32.70256402391434,-1.579972957365908,10.56870021,1205.848187804878,0.1630735487804878,3.907540731707317,1.1537765440192391,-0.13328104546444558,0.16060555555555556,1224.035170736434,normal,10.65948,0.0,10.65948,0.0,0-1d (直後)
Tarazona,2024-06-07,True,-19.91413046511628,170.31530697674418,239.94499671125172,-28.05558733257146,5.501415895069661,10.815932,1948.045139534884,0.1633487558139535,5.02813511627907,1.132406746589357,-0.11692507748487614,0.16060555555555556,1224.035170736434,atm dry,0.0,0.0,0.0,1.0,0-1d (直後)
Tarazona,2024-06-08,True,29.926831433333334,137.53889236666666,193.76866156308128,42.1617621887025,19.211538245288995,6.07827907,2557.636266666667,0.16129775000000002,8.639425133333333,0.8212957806871919,0.21758813756876139,0.16060555555555556,1224.035170736434,atm dry,0.0,10.922,10.922,2.0,2-3d (短期)
Tarazona,2024-06-09,True,23.202568837209302,146.3037941860465,206.1169018684151,32.68843183952323,-2.4646086903254973,9.23696226,2387.4698139534885,0.28016047674418604,2.0717518488372093,0.8631168268649243,0.15859170957455737,0.16060555555555556,1224.035170736434,atm dry,0.0,1.27,1.27,3.0,2-3d (短期)
Tarazona,2024-06-10,True,18.56843619047619,100.89120830952382,142.1383730901442,26.159735374021686,-2.619451375947182,6.224054351,1937.2208928571429,0.25310628571428573,3.7584445238095237,0.8445631052378011,0.18404414518963977,0.16060555555555556,1224.035170736434,atm dry,0.0,4.318,4.318,4.0,4-7d (中期)
Tarazona,2024-06-11,True,24.34021793023256,133.2743318604651,187.76062872798687,34.29118389234546,3.6437795269148614,8.43187876,1361.0624860465116,0.23173367441860468,6.305011093023256,0.8455712498461921,0.1826324513539198,0.16060555555555556,1224.035170736434,atm dry,0.0,0.0,0.0,5.0,4-7d (中期)
Tarazona,2024-06-12,True,34.1125794047619,75.56866633333333,106.46326344173654,48.05876170722315,-17.48171710148162,4.646964355,2311.508357142857,0.247871,4.544747023809524,0.6889843913131842,0.4514116903200507,0.16060555555555556,1224.035170736434,atm dry,0.0,5.334,5.334,6.0,4-7d (中期)
Tarazona,2024-06-13,True,19.851416,152.1968891966667,214.41925993618074,27.967233429489053,20.329140690291272,10.09999094047,1872.4402888888887,0.25462256666666666,4.293369311111111,0.8846171952853121,0.13043246878947887,0.16060555555555556,1224.035170736434,atm dry,0.0,0.0,0.0,7.0,4-7d (中期)
Tarazona,2024-06-14,True,14.13146175,166.31250567499998,234.3057376086395,19.908800937028666,22.099954835666633,9.845812108,1475.2808475,0.203432425,3.725785465,0.9216850418905047,0.084969327427578,0.16060555555555556,1224.035170736434,atm dry,0.0,0.0,0.0,8.0,8+d (長期)
Tarazona,2024-06-15,True,12.292609756097562,181.50546902439024,255.71001186686212,17.318174507369903,12.597796947902408,10.99428097,1119.5442073170732,0.1880654024390244,3.2641389512195125,0.9365700122857192,0.06772583670437894,0.16060555555555556,1224.035170736434,normal,11.43948,0.0,11.43948,0.0,0-1d (直後)
Tarazona,2024-06-16,True,22.716587,166.96072725,235.21897040281678,32.00376695296176,19.62972092194459,9.87439988,1826.1943999999999,0.18606245,4.16137485,0.8802356144179747,0.136059463648509,0.16060555555555556,1224.035170736434,atm dry,0.0,0.0,0.0,1.0,0-1d (直後)
Tarazona,2024-06-17,True,16.94927,137.50711533333333,193.72389318439585,23.87860848563326,19.219465423682763,8.553396187,2558.6840476190473,0.1847042976190476,3.446243023809524,0.8902650093525,0.12326103968447731,0.16060555555555556,1224.035170736434,atm dry,0.0,0.0,0.0,2.0,2-3d (短期)
Tarazona,2024-06-18,True,24.944616976744186,146.23725688372093,206.0231622447073,35.14267827533311,9.46672051936959,9.3053976969,2643.081651162791,0.18142162790697675,2.385429534883721,0.8542800331939513,0.17057634633135005,0.16060555555555556,1224.035170736434,atm dry,0.0,0.0,0.0,3.0,2-3d (短期)
Tarazona,2024-06-19,True,50.358518000000004,133.42229266666666,187.96908007500687,70.94649711985916,-5.406010316513619,8.841865219999999,1669.60572,0.1779133,5.988616577777778,0.7259859839701218,0.377437060880166,0.16060555555555556,1224.035170736434,atm dry,11.82948,0.0,11.82948,0.0,0-1d (直後)
Tarazona,2024-06-20,True,44.93252914285714,148.6920426190476,209.4815334601038,63.30221134429934,-6.138012696349196,9.1689714,1717.993669047619,0.17531069047619047,6.097823714285714,0.7679399430868231,0.3021851630485385,0.16060555555555556,1224.035170736434,atm dry,1.17,0.508,1.678,0.0,0-1d (直後)
Tarazona,2024-06-21,True,40.439641933333334,140.78209913333333,198.33778251160533,56.97250542502798,9.333930514716174,9.342232715,2610.4359555555557,0.17377884444444444,5.163941759999999,0.7768499425327966,0.2872498860457631,0.16060555555555556,1224.035170736434,atm dry,0.0,0.0,0.0,1.0,0-1d (直後)
Tarazona,2024-06-22,True,13.224329545454545,144.45248895454546,203.5087309672248,18.63080756285678,13.163963047090975,9.402723308,2630.0760454545457,0.1730355568181818,4.51204175,0.916130159960993,0.09154795214096874,0.16060555555555556,1224.035170736434,atm dry,0.0,0.0,0.0,2.0,2-3d (短期)
Tarazona,2024-06-23,True,19.628906341463416,157.4514051219512,221.82196982052355,27.653755561683123,17.739666561593477,9.5426117,2001.2682926829268,0.17197598780487805,5.158505609756097,0.8891525196717377,0.1246664412188649,0.16060555555555556,1224.035170736434,atm dry,10.65948,0.0,10.65948,0.0,0-1d (直後)
Tarazona,2024-06-24,True,16.87219393023256,140.01788441860467,197.26113531842435,23.77002154981903,12.707450371917394,8.8988505,1562.6293334883721,0.1723015348837209,4.078957279069767,0.8924585027440799,0.12050027752019579,0.16060555555555556,1224.035170736434,atm dry,0.0,0.0,0.0,1.0,0-1d (直後)
Tarazona,2024-06-25,True,23.587265227272727,135.34831954545456,190.68252093537322,33.23040293822901,-0.1120000000000001,8.82188008,1898.5593181818183,0.173,3.453071136363637,0.8515922959543532,0.17427083916879604,0.16060555555555556,1224.035170736434,atm dry,,,,2.0,2-3d (短期)
Tarazona,2024-06-26,True,-7.881074999999999,134.14398022727275,188.98581381685318,-11.103080213537938,-0.1120000000000001,8.71758436,1309.4941977272729,0.173,4.768924636363637,1.0624179760937236,-0.05875086594752542,0.16060555555555556,1224.035170736434,atm dry,,,,3.0,2-3d (短期)
Tarazona,2024-06-27,True,1.9413748837209297,167.49959720930232,235.97814556392103,2.7350635615701377,-0.1120000000000001,10.6301602,2009.8478837209302,0.173,6.121957090697674,0.9885424708100995,0.011590325684754025,0.16060555555555556,1224.035170736434,atm dry,,,,4.0,4-7d (中期)
Tarazona,2024-06-28,True,11.285344186046512,90.07104767674419,126.89462633870261,15.89911043037383,-0.1120000000000001,5.7078888639,2907.938813953488,0.173,1.0472852380952378,0.8886568081337797,0.12529380391519884,0.16060555555555556,1224.035170736434,atm dry,,,,5.0,4-7d (中期)
Tarazona,2024-06-29,True,27.363107234042552,105.34569512765958,148.4139794575381,38.54991540002026,-0.1120000000000001,7.2729346669999995,2685.2508085106383,0.17300000000000001,6.054439638297873,0.7938109096978848,0.2597458510372304,0.16060555555555556,1224.035170736434,atm dry,,,,6.0,4-7d (中期)
Tarazona,2024-06-30,True,13.00294534883721,150.1851280744186,211.58503426128266,18.318915277470342,-0.1120000000000001,9.5412958812,2920.1643255813956,0.173,5.590861913953488,0.9203192667449913,0.08657944708342952,0.16060555555555556,1224.035170736434,atm dry,,,,7.0,4-7d (中期)
Tarazona,2024-07-01,True,22.171658333333333,179.8167129166667,253.33084474497116,31.23605611444592,-1.0606605834074863,9.552010606,2047.7062500000002,0.16022126388888888,6.004449717142857,0.8902329961070303,0.12330143274061767,0.16060555555555556,1224.035170736434,compound,0.0,4.318,4.318,8.0,8+d (長期)
Tarazona,2024-07-02,True,22.251385511627905,169.2757381395349,238.4804228825508,31.34837800654867,18.003011476299815,10.76346733,1925.5612767441862,0.16615073255813953,3.79178823255814,0.8838212307090488,0.13145053010069271,0.16060555555555556,1224.035170736434,atm dry,0.0,0.0,0.0,9.0,8+d (長期)
Tarazona,2024-07-03,True,24.70467157142857,147.58933673809523,207.9280103876607,34.80463643686702,7.547565661894156,9.190854765,1711.5557402380953,0.1675959880952381,2.6527842,0.8566132867078757,0.16738791648117685,0.16060555555555556,1224.035170736434,atm dry,0.0,0.0,0.0,10.0,8+d (長期)
Tarazona,2024-07-04,True,18.30355404651163,131.93737720930233,185.87708939690282,25.786561956490136,20.709833384475562,8.43179944,2038.7791306976744,0.16740731395348837,2.0347178372093024,0.8781719875301736,0.13872910340998595,0.16060555555555556,1224.035170736434,atm dry,0.0,0.0,0.0,11.0,8+d (長期)
Tarazona,2024-07-05,True,39.46976022222222,122.52551622222222,172.6173948123165,55.60610878039384,9.264079218874064,8.17894279,2185.7350533333333,0.16699002222222223,3.070702,0.756352400585222,0.32213502492523,0.16060555555555556,1224.035170736434,atm dry,0.0,0.0,0.0,12.0,8+d (長期)
Tarazona,2024-07-06,True,30.073611395348834,157.33639527906976,221.65994071778576,42.36854992920721,7.716965190966277,10.01661029,1978.7191395348837,0.16555772093023255,4.738284813953489,0.8395303861890643,0.19114211522392419,0.16060555555555556,1224.035170736434,atm dry,20.67,0.0,20.67,0.0,0-1d (直後)
Tarazona,2024-07-07,True,27.232074755555555,120.87201506666666,170.2878958590251,38.365313157404906,1.6558903122271096,8.042930452,2399.7699555555555,0.1679321888888889,4.232408466666667,0.8161288132674542,0.22529677146968857,0.16060555555555556,1224.035170736434,atm dry,0.0,0.0,0.0,1.0,0-1d (直後)
Tarazona,2024-07-08,True,24.779079733333337,145.04897244444444,204.34907369133282,34.909464749016124,13.147688975012441,9.666936969,2602.1385999999998,0.16866664444444443,4.087509888888889,0.8540931288112853,0.1708325079160697,0.16060555555555556,1224.035170736434,atm dry,0.0,0.0,0.0,2.0,2-3d (短期)
Tarazona,2024-07-09,True,21.404488139534884,136.09937876744186,191.7406343002178,30.15524515919176,12.050630878645974,8.683377445,2410.5746976744185,0.16736196511627907,3.9321222093023254,0.8641018245464629,0.1572710201426381,0.16060555555555556,1224.035170736434,atm dry,0.0,0.0,0.0,3.0,2-3d (短期)
Tarazona,2024-07-10,True,1.1846597500000002,200.3828807975,282.30504073549025,1.668981989132168,15.260593168988795,11.8886737216,1982.0971000000002,0.1668987,4.4086816475,0.994122765268742,0.005911980830324403,0.16060555555555556,1224.035170736434,atm dry,11.57052,0.0,11.57052,0.0,0-1d (直後)
Tarazona,2024-07-11,True,-18.202130414634148,202.6819776585366,285.54407308409526,-25.6436734900964,21.655871605344046,12.357731599,1899.7613414634145,0.16831662195121952,2.706664902439025,1.0986673107473302,-0.08980635883324432,0.16060555555555556,1224.035170736434,atm dry,0.39,0.0,0.39,1.0,0-1d (直後)
Tarazona,2024-07-12,True,13.85965275,179.95772675,253.5295090011441,19.525868769810167,14.662728489955402,10.67649972,1927.2484205128205,0.1672516125,2.4192166750000004,0.9284911766645776,0.07701615818504998,0.16060555555555556,1224.035170736434,atm dry,0.0,0.0,0.0,2.0,2-3d (短期)
Tarazona,2024-07-13,True,15.644110909090909,148.13686820454544,208.69938812374784,22.03986363448137,7.267136704616178,9.668127105,682.8193897674419,0.16546586363636362,3.0355130227272724,0.9044815155352287,0.10560578942096793,0.16060555555555556,1224.035170736434,normal,14.30052,0.0,14.30052,0.0,0-1d (直後)
Tarazona,2024-07-14,True,-6.617104232558138,197.7429718139535,278.5858626791012,-9.322362631422035,5.817644216961377,12.60649922,1416.5625372093025,0.16660423255813953,4.182570480232558,1.034621709328488,-0.03346315761241741,0.16060555555555556,1224.035170736434,atm dry,0.0,0.0,0.0,1.0,0-1d (直後)
Tarazona,2024-07-15,True,-0.6697457380952384,195.02568466666668,274.7576720884087,-0.943556640781442,14.487505595290955,12.13329164,1512.9179047619048,0.1661420238095238,3.095431976190476,1.003445975161795,-0.0034341411965298427,0.16060555555555556,1224.035170736434,atm dry,0.0,0.0,0.0,2.0,2-3d (短期)
Tarazona,2024-07-16,True,19.016437340909093,151.874405,213.96493512602626,26.790892000371993,13.412158287353469,9.91529127,1788.5650090909091,0.165966625,3.1551573636363632,0.8887217297286574,0.12521160060451983,0.16060555555555556,1224.035170736434,atm dry,0.0,0.0,0.0,3.0,2-3d (短期)
Tarazona,2024-07-17,True,6.152849977272728,164.3687166727273,231.5672729689264,8.668308173634202,7.226754281555503,10.720549477,2806.9388636363637,0.16607911363636363,3.8874060227272724,0.963917467460866,0.03743321783988615,0.16060555555555556,1224.035170736434,atm dry,11.57052,0.0,11.57052,0.0,0-1d (直後)
Tarazona,2024-07-18,True,-14.5071796,131.62478818888889,185.43670518947914,-20.438122815859668,-23.01794859253328,8.7886270018,1786.41536,0.16467924444444446,3.3351389333333334,1.1238684752428962,-0.11021616672371311,0.16060555555555556,1224.035170736434,atm dry,,,,1.0,0-1d (直後)
Tarazona,2024-07-19,True,-2.7324861707317076,171.3666452195122,241.4261516096651,-3.849603402583692,-14.516666666666666,10.462250156,1525.5614390243902,0.1645,2.360634056097561,1.0162036338672125,-0.01594526266900731,0.16060555555555556,1224.035170736434,atm dry,,,,2.0,2-3d (短期)
Tarazona,2024-07-20,True,-11.440337560975609,203.23948341463415,286.32950288008885,-16.117469458095904,-14.516666666666666,12.38776657,1728.0501146341464,0.1645,2.6968922609756096,1.059647489617626,-0.05628993623072679,0.16060555555555556,1224.035170736434,atm dry,,,,3.0,2-3d (短期)
Tarazona,2024-07-21,True,-0.4092304761904765,187.50819423809523,264.16682004945056,-0.57653540956877,-14.516666666666666,11.66558934,1071.4064357142856,0.1645,3.2912385714285715,1.0021872407412755,-0.0021824671601863013,0.16060555555555556,1224.035170736434,normal,,,,4.0,4-7d (中期)
Tarazona,2024-07-22,True,33.70158064444444,127.51330191111111,179.64432763451015,47.47973508922124,-14.516666666666667,8.50737159,1858.420871111111,0.1645,4.23882564,0.7909524225666281,0.2642985487736617,0.16060555555555556,1224.035170736434,atm dry,,,,5.0,4-7d (中期)
Tarazona,2024-07-23,True,21.459985333333332,132.9784782222222,187.3438217978564,30.23343116736583,27.316035474123392,8.9082469,557.8588466666666,0.16473480000000001,1.8019909577777777,0.8610450736217431,0.16137938725296017,0.16060555555555556,1224.035170736434,normal,0.0,0.0,0.0,6.0,4-7d (中期)
Tarazona,2024-07-24,True,-34.20676693181818,207.3173290681818,292.0744865770803,-48.191455745539066,12.217726339828346,13.583243962000001,1042.0965272727271,0.163806375,3.112042840909091,1.1976006923533218,-0.16499714271626748,0.16060555555555556,1224.035170736434,normal,11.43948,0.0,11.43948,0.0,0-1d (直後)
Tarazona,2024-07-25,True,-21.02302238095238,175.89945904761905,247.81210727263044,-29.617825465018115,9.521417873523738,10.99130511,1544.7467690476192,0.1646547142857143,2.3416507380952383,1.1357406125387508,-0.11951726568562718,0.16060555555555556,1224.035170736434,atm dry,0.26052,0.0,0.26052,1.0,0-1d (直後)
Tarazona,2024-07-26,True,30.24353866666667,125.89116163777778,177.35901077450941,42.60794825036385,6.839899485757972,8.4100670518,1387.1764253333333,0.16345622222222222,2.748224377777778,0.8062984166383559,0.24023559933210675,0.16060555555555556,1224.035170736434,atm dry,0.0,0.0,0.0,2.0,2-3d (短期)
Tarazona,2024-07-27,True,-6.934145813953489,160.58304441860466,226.23391137806618,-9.769019732040856,6.7191716322066615,10.2506663,948.9958,0.16277903488372095,3.091516581395349,1.0451298113876852,-0.0431810583680161,0.16060555555555556,1224.035170736434,normal,13.13052,0.0,13.13052,0.0,0-1d (直後)
Tarazona,2024-07-28,True,-11.662659977272726,191.94524249999998,270.4178584881493,-16.43068353376635,4.046188976808318,12.51104089,963.8807136363637,0.163942,3.7852801818181816,1.0646909968454799,-0.06076034928176314,0.16060555555555556,1224.035170736434,normal,0.0,0.0,0.0,1.0,0-1d (直後)
Tarazona,2024-07-29,True,-43.009423727272726,167.6386409090909,236.17403424052162,-60.5928863234966,6.740417661100886,10.94637084,957.7499509772729,0.16499960227272728,2.769941181818182,1.345099044187427,-0.25656032221471176,0.16060555555555556,1224.035170736434,normal,0.0,0.0,0.0,2.0,2-3d (短期)
Tarazona,2024-07-30,True,-11.123309534883722,172.4877234883721,243.0055582191449,-15.670831454570008,13.383741815472932,11.0203375,1150.9491088372092,0.16540732558139534,1.0990543023255814,1.0689328536717513,-0.06448754328671731,0.16060555555555556,1224.035170736434,normal,0.0,0.0,0.0,3.0,2-3d (短期)
Tarazona,2024-07-31,True,-30.02679234883721,203.66165093023255,286.92426435479115,-42.302589939111954,15.27242654067162,13.03234201,762.0110234883721,0.1645921976744186,3.4019519734883716,1.172930669533511,-0.14743468989713407,0.16060555555555556,1224.035170736434,normal,11.31,0.0,11.31,0.0,0-1d (直後)
Tarazona,2024-08-01,True,-15.365533999999998,185.21159302272727,260.9313036366846,-21.647396646503736,10.037330607626195,12.139170317,1127.5208613636364,0.16445561363636363,2.5427748113636364,1.0904674155432945,-0.08296205301854133,0.16060555555555556,1224.035170736434,normal,0.0,0.0,0.0,1.0,0-1d (直後)
Tarazona,2024-08-02,True,22.96109142857143,149.45194952380953,210.55211168939266,32.34823167167004,10.600988697545144,9.32488911,1137.3641666666667,0.16236939285714286,2.431763880952381,0.8668250887419061,0.15363527542953492,0.16060555555555556,1224.035170736434,normal,0.0,0.0,0.0,2.0,2-3d (短期)
Tarazona,2024-08-03,True,-1.8159635555555553,143.18086534177777,201.71723184128217,-2.5583805536928526,8.477849679022189,9.5749396973,1018.2160733333333,0.1619666111111111,3.1016691688888893,1.012845929453562,-0.012683004472844796,0.16060555555555556,1224.035170736434,normal,24.83052,0.0,24.83052,0.0,0-1d (直後)
Tarazona,2024-08-04,True,-14.25613852173913,166.39401434782607,234.42056932036502,-20.084449081144097,8.233792976908028,11.36973226,1807.6299695652174,0.16444201086956522,3.0168122391304344,1.0937053869349125,-0.08567699131255067,0.16060555555555556,1224.035170736434,atm dry,10.01052,0.0,10.01052,0.0,0-1d (直後)
Tarazona,2024-08-05,True,-38.03983931818182,178.92495477272726,252.0745107799683,-53.59159597642035,9.701338384828285,11.70015748,1500.0247272727274,0.16552154545454545,2.086888181818182,1.2700060911009072,-0.21260220166885327,0.16060555555555556,1224.035170736434,atm dry,0.0,0.0,0.0,1.0,0-1d (直後)
Tarazona,2024-08-06,True,-18.647385681818182,168.80027613636364,237.8105786341837,-26.270961638863493,9.06206669004064,11.0489165,1496.4372954545454,0.16519388636363638,2.140949159090909,1.1241893221327175,-0.11047011360783601,0.16060555555555556,1224.035170736434,atm dry,0.0,0.0,0.0,2.0,2-3d (短期)
Tarazona,2024-08-07,True,-12.105165681818182,143.52002727272728,202.19505271276358,-17.054098021322464,6.560791410474809,9.37971923,1712.0441136363638,0.16420526136363636,2.0455484090909093,1.0921141302838429,-0.08434478387336884,0.16060555555555556,1224.035170736434,atm dry,0.0,0.0,0.0,3.0,2-3d (短期)
Tarazona,2024-08-08,True,9.766297441860464,135.00632395348836,190.20070792251943,13.759034635027216,12.141588265633048,8.63011463,1411.4091246511628,0.16316427906976744,1.5986478837209304,0.9325404392921062,0.0723395553324235,0.16060555555555556,1224.035170736434,atm dry,0.0,0.0,0.0,4.0,4-7d (中期)
Tarazona,2024-08-09,True,-18.476440909090908,168.28336636363636,237.08234160183056,-26.030129833091323,19.95984094415152,11.01182473,1343.9844779545454,0.1630321590909091,1.9286306136363636,1.1233350250866543,-0.10979362552782522,0.16060555555555556,1224.035170736434,atm dry,11.04948,0.0,11.04948,0.0,0-1d (直後)
Tarazona,2024-08-10,True,-28.22342830232558,193.779482127907,273.0019868868133,-39.76195992827854,5.445333333333333,12.38110798,1376.781534883721,0.1655,2.167732139534884,1.1704765706245925,-0.14564714484940308,0.16060555555555556,1224.035170736434,atm dry,,,,1.0,0-1d (直後)
Tarazona,2024-08-11,True,-24.733401023255812,187.22676069767442,263.770328558877,-34.845111296975425,1.0323218345633054,11.952827217,1042.9543953488371,0.16544301162790698,2.292397744186047,1.1522117646703418,-0.1321039841264691,0.16060555555555556,1224.035170736434,normal,,,,2.0,2-3d (短期)
Tarazona,2024-08-12,True,-23.805514418604652,186.11626046511628,262.20582458457835,-33.537878539958236,12.550319126759756,11.88871816,1032.825388372093,0.16479027906976743,2.3268277906976746,1.146666286727454,-0.12790668778275022,0.16060555555555556,1224.035170736434,normal,0.0,0.0,0.0,3.0,2-3d (短期)
Tarazona,2024-08-13,True,-12.272262046511628,179.41404620930234,252.76355655761253,-17.289508081572105,1.098972215844968,11.434646497,1750.6081325581395,0.16448912790697676,2.3957259744186046,1.0734242613717635,-0.06840190222450561,0.16060555555555556,1224.035170736434,atm dry,0.0,0.0,0.0,4.0,4-7d (中期)
Tarazona,2024-08-14,True,23.899834375,132.6373953125,186.86329459742845,33.67075914845327,-0.32987124074982543,6.2592945,1255.61225,0.216747359375,0.8270094387096774,0.8473217238946162,0.18018926200028926,0.16060555555555556,1224.035170736434,atm dry,11.57052,11.43,23.00052,0.0,0-1d (直後)
Tarazona,2024-08-15,True,5.881408866666666,149.32580711111112,210.37439870905436,8.285894299345362,-4.110675060197607,9.92061606,947.6626311111111,0.24438815555555557,0.25728740000000005,0.9621060861789522,0.03938641940364934,0.16060555555555556,1224.035170736434,normal,0.0,0.0,0.0,1.0,0-1d (直後)
Tarazona,2024-08-16,True,5.385252173913043,150.0486652173913,211.3927815485826,7.586894789998328,2.2907607622028014,10.213263659999999,531.8744,0.21598471739130434,1.4132580869565217,0.9653534295197895,0.035890037183008996,0.16060555555555556,1224.035170736434,normal,0.0,0.0,0.0,2.0,2-3d (短期)
Tarazona,2024-08-17,True,-8.216602931818182,158.61829425,223.46591605743043,-11.57578140479164,7.599660064181695,10.34807677,361.214064,0.19641961363636362,2.383677070909091,1.0546310540779462,-0.05180110510372723,0.16060555555555556,1224.035170736434,normal,0.0,0.0,0.0,3.0,2-3d (短期)
Tarazona,2024-08-18,True,-14.996418,173.45199357142857,244.36404904427863,-21.127375639712117,14.012849323947329,10.81177248,550.1636554761905,0.1868939880952381,1.9960799047619049,1.0946411506563865,-0.08645860846692652,0.16060555555555556,1224.035170736434,normal,10.65948,0.0,10.65948,0.0,0-1d (直後)
Tarazona,2024-08-19,True,-23.834704583333334,235.41490624999997,331.65914390565547,-33.57900246536549,11.048576848154902,8.39185707,1037.791143478261,0.1788693680625,2.797286125,1.1126509210010285,-0.10124551993331278,0.16060555555555556,1224.035170736434,normal,0.0,0.0,0.0,1.0,0-1d (直後)
Tarazona,2024-08-20,True,0.061878045454545116,137.88349368181818,194.25414559207704,0.08717553152821834,12.73939643071708,9.007530146,875.0082657894737,0.18322876136363633,2.533388331818182,0.9995514307969905,0.0004487705076383911,0.16060555555555556,1224.035170736434,normal,0.0,0.0,0.0,2.0,2-3d (短期)
Tarazona,2024-08-21,True,17.025309655172414,150.53725862068967,212.0811256829332,23.98573529140393,5.16662781911109,6.46464,818.7148068965517,0.17461698275862067,2.5398124827586206,0.8983943142531495,0.11309698217682619,0.16060555555555556,1224.035170736434,normal,0.0,0.0,0.0,3.0,2-3d (短期)
Tarazona,2024-08-22,True,3.4012295454545454,136.83545545454547,192.77763984834755,4.791747885642123,16.430662923414307,8.93628302,755.0936627272728,0.17662575,1.6493551590909092,0.9757465063763128,0.024856346874106608,0.16060555555555556,1224.035170736434,normal,0.0,0.0,0.0,4.0,4-7d (中期)
Tarazona,2024-08-23,True,-6.775175957446808,105.62446702127659,148.8067211452025,-9.54505852518414,-1.921,7.34427184,817.7754468085105,0.17600000000000002,1.5653919361702127,1.0685404607815738,-0.06414400137121677,0.16060555555555556,1224.035170736434,normal,,,,5.0,4-7d (中期)
Tarazona,2024-08-24,True,21.131260638297874,102.29774265957447,144.1199382588184,29.77031456751752,-1.921,7.1337158789999995,740.6282808510638,0.17600000000000002,2.8280680787234043,0.8287982558904603,0.20656624563670278,0.16060555555555556,1224.035170736434,normal,,,,6.0,4-7d (中期)
Tarazona,2024-08-25,True,21.331507911764707,107.57858911764707,151.55974333862764,30.052428560829924,-4.98797297532038,5.40852141,976.3455357142857,0.16522989220588236,2.4649851470588233,0.8345241497499007,0.19828767124317595,0.16060555555555556,1224.035170736434,normal,0.0,0.508,0.508,7.0,4-7d (中期)
Tarazona,2024-08-26,True,38.86455867916667,91.78677047916666,129.31178489886005,54.753483817694864,12.804330711601859,6.522207876,791.0097916666667,0.16696735416666666,3.4501695395833334,0.7025322365295832,0.4234222260602138,0.16060555555555556,1224.035170736434,normal,0.0,0.0,0.0,8.0,8+d (長期)
Tarazona,2024-08-27,True,29.798376341463413,92.42370292682926,130.20911325279693,41.98079104087443,-4.200229377615306,5.62463905,1102.816,0.16418249999999998,2.0800907129268293,0.7561948175005903,0.3224105440252099,0.16060555555555556,1224.035170736434,normal,0.0,0.0,0.0,9.0,8+d (長期)
Tarazona,2024-08-28,True,42.4439355106383,81.49314085106383,114.80982984205926,59.79621061249238,6.9736313903168385,5.683755692,1018.6649978723405,0.16539317021276595,1.418357404255319,0.6575364147951297,0.5208283184005446,0.16060555555555556,1224.035170736434,normal,0.0,0.0,0.0,10.0,8+d (長期)
Tarazona,2024-08-29,True,34.25210735833333,68.72576972916667,96.82279816396557,48.255332614178656,-2.7792773434352234,4.8807478,1288.132825,0.16339788541666667,2.5041099881249997,0.6673838272153405,0.4983881227276675,0.16060555555555556,1224.035170736434,atm dry,0.0,0.0,0.0,11.0,8+d (長期)
Tarazona,2024-08-30,True,63.11765063829787,80.55354706382978,113.48610367680875,88.92192219044804,2.0876842818723245,5.596267586,1466.3486595744682,0.16153294680851066,3.206203191489362,0.5606798603491898,0.7835489924271629,0.16060555555555556,1224.035170736434,atm dry,0.0,0.0,0.0,12.0,8+d (長期)
Tarazona,2024-08-31,True,41.86198640425532,78.33386127659574,110.3589478834037,58.976344336842544,1.5654115043025572,5.4423914700000005,879.0132826086956,0.16205036170212767,2.6800722127659573,0.6517185309478496,0.5344047353473518,0.16060555555555556,1224.035170736434,normal,18.72,0.0,18.72,0.0,0-1d (直後)
Tarazona,2024-09-01,True,31.186515531914893,94.49244957446808,133.12362173929418,43.93644059111198,3.5195471739668025,6.57511302,1011.962255319149,0.16780532978723406,3.0756871276595747,0.7518557261709103,0.33004240732840007,0.16060555555555556,1224.035170736434,normal,0.0,0.0,0.0,1.0,0-1d (直後)
Tarazona,2024-09-02,True,35.46225787234042,74.7171940425532,105.26368532020659,49.9602267088897,-3.1877612529360877,5.18865997,861.3631968085106,0.16861773404255317,2.410222002173913,0.6781409123387846,0.4746197756321501,0.16060555555555556,1224.035170736434,normal,0.0,0.0,0.0,2.0,2-3d (短期)
Tarazona,2024-09-03,True,52.286180148936175,73.13361929787234,103.03270066210798,73.66224179482283,1.759226477276525,5.0873379651,830.0378787234042,0.1673407765957447,-0.9554965957446809,0.5831106381962352,0.7149404152415212,0.16060555555555556,1224.035170736434,normal,0.0,0.0,0.0,3.0,2-3d (短期)
Tarazona,2024-09-04,True,39.09526423404255,72.56356361702127,102.22959017899846,55.07850829487542,-3.379259710694931,5.03239871,1067.450744680851,0.16575740425531915,2.202832127659575,0.6498685774653681,0.5387726606204323,0.16060555555555556,1224.035170736434,normal,0.0,0.0,0.0,4.0,4-7d (中期)
Tarazona,2024-09-05,True,43.71189940425532,51.356585319148934,72.3526024421688,61.58255382312032,-0.3970886393382491,3.55792054,918.5959478260869,0.16267123404255318,1.9678043404255317,0.54020620470146,0.8511449725991965,0.16060555555555556,1224.035170736434,normal,0.0,0.0,0.0,5.0,4-7d (中期)
Tarazona,2024-09-06,True,25.605006666666668,103.2260819375,145.4278087546816,36.07305385219322,-2.2827662097869257,7.326552897,530.43525,0.16335310416666668,1.9856905708333334,0.8012513365827559,0.24804784010081538,0.16060555555555556,1224.035170736434,normal,11.7,0.0,11.7,0.0,0-1d (直後)
Tarazona,2024-09-07,True,31.97027869565217,98.3719147826087,138.58912148287166,45.04062818930021,2.4688104318453763,6.67419509,522.5270068181818,0.1633148152173913,2.691213043478261,0.7547204182889223,0.32499396566899236,0.16060555555555556,1224.035170736434,normal,0.0,0.0,0.0,1.0,0-1d (直後)
Tarazona,2024-09-08,True,28.653031166666665,101.03936645833333,142.34710245898302,40.36719653150141,-6.665680266249929,7.14736423,395.01846500000005,0.16291570833333333,1.7901144999999998,0.7790693079056518,0.28358284667672196,0.16060555555555556,1224.035170736434,normal,7.14948,0.762,7.911479999999999,0.0,0-1d (直後)
Tarazona,2024-09-09,True,26.562906666666667,96.66297770833334,136.1815228474611,37.42257032507896,-1.892269398129712,6.84969491,751.0546531914893,0.162333625,2.391779916875,0.7844372811654517,0.27479917644184754,0.16060555555555556,1224.035170736434,normal,0.0,0.0,0.0,1.0,0-1d (直後)
Tarazona,2024-09-10,True,27.617206170212768,83.09646442553192,117.06863720724428,38.90789713099891,5.06796840348936,5.781028318,443.62115069767447,0.16157440425531916,2.6103969340425532,0.7505528809440969,0.33235115791192676,0.16060555555555556,1224.035170736434,normal,0.0,0.0,0.0,2.0,2-3d (短期)
Tarazona,2024-09-11,True,40.647666191489364,65.59023261702127,92.40536525428315,57.26557585319522,4.8935094161323605,4.55997233,592.012085106383,0.16159572340425532,2.4138683617021277,0.6173901531622432,0.6197213299856619,0.16060555555555556,1224.035170736434,normal,0.0,0.0,0.0,3.0,2-3d (短期)
Tarazona,2024-09-12,True,39.96296395833333,78.24143758333334,110.22873878376642,56.300948081334155,-0.25490249236111734,5.542701391,432.70570833333335,0.16038605208333334,2.460266125,0.6619164478046401,0.5107646944212855,0.16060555555555556,1224.035170736434,soil dry,0.0,0.0,0.0,4.0,4-7d (中期)
Tarazona,2024-09-13,True,52.110082340425535,58.956597234042555,83.0597130730038,73.41415024724564,-8.119820201796617,4.07690488,305.67041217391306,0.158162085106383,3.198906978723404,0.5308216420975589,0.8838719462312569,0.16060555555555556,1224.035170736434,soil dry,0.0,0.0,0.0,5.0,4-7d (中期)
Tarazona,2024-09-14,True,50.39071630625,49.437389770833335,69.64878575238815,70.99185899968315,-20.48120173146296,3.4932213979999998,615.5388541666667,0.15504269791666667,2.536427125,0.49522515966254765,1.019283512738755,0.16060555555555556,1224.035170736434,soil dry,,,,6.0,4-7d (中期)
Tarazona,2024-09-15,True,21.407663829787232,90.1895349574468,127.06155455368918,30.159719160975172,-16.930000000000003,6.268061546,1455.953212195122,0.155,3.169728525531915,0.8081702402709762,0.23736305814070097,0.16060555555555556,1224.035170736434,compound,,,,7.0,4-7d (中期)
Tarazona,2024-09-16,True,15.15878179375,84.90817750000001,119.62102956358329,21.35611832085404,-16.930000000000003,6.0194679099999995,1458.53211875,0.155,2.916657575,0.8485136162751696,0.17853147058479732,0.16060555555555556,1224.035170736434,compound,,,,8.0,8+d (長期)
Tarazona,2024-09-17,True,31.419125652173914,64.98634217391304,91.55458740608103,44.26414827359395,8.39625358964258,4.39881052,984.3784130434782,0.15776955434782608,2.573616239130435,0.6740939454922492,0.483472751368152,0.16060555555555556,1224.035170736434,soil dry,0.0,0.0,0.0,9.0,8+d (長期)
Tarazona,2024-09-18,True,43.24582397727273,44.95355836363637,63.33183790224225,60.92593364740233,-3.633117050565639,2.903007023,405.7419840909091,0.156886,-0.07237358139534893,0.5096811017324525,0.9620111410858845,0.16060555555555556,1224.035170736434,soil dry,0.0,2.032,2.032,10.0,8+d (長期)
Tarazona,2024-09-19,True,-4.035742021875,28.1223428125,39.619547845921986,-5.685666916001168,-23.27593683461129,1.31465489,223.965284375,0.155547375,-3.171089564516129,1.1675513310058176,-0.14350660785207295,0.16060555555555556,1224.035170736434,soil dry,0.0,8.128,8.128,11.0,8+d (長期)
Tarazona,2024-09-20,True,22.756611347826087,54.24948388695652,76.42819934335255,32.06015438036318,2.5434058411593834,3.66463339,292.7797233333333,0.16279025,-3.132559326086956,0.7044829856851742,0.4194806976458181,0.16060555555555556,1224.035170736434,normal,0.0,0.0,0.0,12.0,8+d (長期)
Tarazona,2024-09-21,True,14.4536794375,67.30893233333333,94.82671777449109,20.362750281570268,1.3070272022870575,4.756519015,500.53458936170216,0.17360661458333335,-2.709488089583333,0.8232238534892794,0.21473642407401725,0.16060555555555556,1224.035170736434,normal,0.0,4.826,4.826,13.0,8+d (長期)
Tarazona,2024-09-22,True,41.83294525121951,88.78757551219512,125.08643463962203,58.935430343301036,0.5279319947316107,5.351140406,753.2108073170732,0.17002965853658536,0.023108990243902484,0.6797368054672734,0.47115764801431803,0.16060555555555556,1224.035170736434,normal,0.0,0.0,0.0,14.0,8+d (長期)
Tarazona,2024-09-23,True,26.622381814583335,70.70489441666668,99.61104471128375,37.506360586944346,-6.715781078898135,4.98789925,621.9007479166667,0.16421070833333332,1.26049425,0.7264653564194229,0.37652813195217594,0.16060555555555556,1224.035170736434,normal,0.0,0.0,0.0,15.0,8+d (長期)
Tarazona,2024-09-24,True,2.158649375,66.171527625,93.22431001769638,3.0411659784393037,-11.396160560185157,4.656261821,640.2831741666666,0.159835375,1.5746597916666667,0.9684085499295574,0.0326220272143823,0.16060555555555556,1224.035170736434,soil dry,0.0,0.0,0.0,16.0,8+d (長期)
Tarazona,2024-09-25,True,26.971586875,51.50092514583333,72.55595245135981,37.99833050180744,-17.847345395166656,3.62644189,496.2787916666667,0.1575006875,1.6968738333333333,0.6562925516155336,0.5237107255573665,0.16060555555555556,1224.035170736434,soil dry,,,,17.0,8+d (長期)
Tarazona,2024-09-26,True,34.933650487804876,69.24178609756098,97.54977654315631,49.21550975187982,-15.773333333333333,4.180116996,586.4948219512195,0.1575,1.400871975609756,0.664665187563877,0.5045168886686966,0.16060555555555556,1224.035170736434,soil dry,,,,18.0,8+d (長期)
Tarazona,2024-09-27,True,51.49355333333333,84.924718,119.64433228539116,72.54556683448564,-13.38878547103224,5.60102734,787.934711111111,0.15125626666666667,-0.28411397777777775,0.6225318439381876,0.6063435304351948,0.16060555555555556,1224.035170736434,soil dry,0.0,3.556,3.556,19.0,8+d (長期)
Tarazona,2024-09-28,True,46.256610540425534,61.35577155319149,86.43973736052433,65.16761447349874,-11.951475117626332,4.234436761,863.846659574468,0.15628791489361704,2.091780978723404,0.5701553144675792,0.7539080573752387,0.16060555555555556,1224.035170736434,soil dry,16.89948,0.0,16.89948,0.0,0-1d (直後)
Tarazona,2024-09-29,True,40.865692872340425,55.826058064468086,78.64932140544478,57.57273797589812,-0.71015125484629,3.86530100874,737.3051468085106,0.1579343829787234,2.1922888191489363,0.5773611246418777,0.7320182418244291,0.16060555555555556,1224.035170736434,soil dry,0.0,0.0,0.0,1.0,0-1d (直後)
Tarazona,2024-09-30,True,25.74783352173913,59.36226802173913,83.63123349326172,36.274272344406135,4.3284106329563805,4.033934286,960.0557826086956,0.15951991304347826,2.4193854999999997,0.6974761743341839,0.4337407309355159,0.16060555555555556,1224.035170736434,soil dry,0.0,0.0,0.0,2.0,2-3d (短期)
Tarazona,2024-10-01,True,2.6357552083333324,71.11279654583333,100.18570870818905,3.713326100991982,2.559588751490828,5.0299608178,1032.7135979166667,0.160957625,2.04900625,0.9642602444978262,0.03706442913737116,0.16060555555555556,1224.035170736434,normal,0.0,0.0,0.0,3.0,2-3d (短期)
Tarazona,2024-10-02,True,3.0534647826086965,69.28081304347826,97.60475880268423,4.301807102523138,8.942728183255953,4.6875263,867.0733043478261,0.16148689130434785,1.3329578260869566,0.9577867523617207,0.04407374348641732,0.16060555555555556,1224.035170736434,normal,0.0,0.0,0.0,4.0,4-7d (中期)
Tarazona,2024-10-03,True,39.10459622727273,94.04025363636364,132.48655537804146,55.0916554695168,-11.137911583808041,6.07993652,872.5336363636364,0.16067343181818183,1.2967309090909092,0.7063003468228573,0.4158282726297508,0.16060555555555556,1224.035170736434,normal,0.0,0.0,0.0,5.0,4-7d (中期)
Tarazona,2024-10-04,True,34.18444025,57.32413283333333,80.75985129186104,48.160001287977195,-4.61001245585184,4.040521473,767.9788749999999,0.15804198958333335,2.4199001864583334,0.6264345612856455,0.5963359332340765,0.16060555555555556,1224.035170736434,soil dry,0.0,0.0,0.0,6.0,4-7d (中期)
Tarazona,2024-10-05,True,39.00793234042553,53.28260670212766,75.0660355598846,54.95547266584893,7.497999080104083,3.685895419,741.0458782978724,0.15834963829787235,1.988882014680851,0.5773355238239555,0.7320950447956948,0.16060555555555556,1224.035170736434,soil dry,0.0,0.0,0.0,7.0,4-7d (中期)
Tarazona,2024-10-06,True,20.672109583333334,61.20499329166666,86.22731670316885,29.123449641932897,1.9528877446018942,4.329875018,638.1695479166666,0.15909407291666666,1.7367160000000001,0.747522703448692,0.33775201125866194,0.16060555555555556,1224.035170736434,soil dry,0.0,0.0,0.0,8.0,8+d (長期)
Tarazona,2024-10-07,True,-17.284709093023256,57.00018306744186,80.30346174654524,-24.35118451829297,2.929337004981869,3.6101196686,840.3411690476191,0.15706963953488373,0.22126881860465122,1.4352134662715246,-0.30323953648661467,0.16060555555555556,1224.035170736434,soil dry,0.0,0.0,0.0,9.0,8+d (長期)
Tarazona,2024-10-08,True,31.270604791666667,56.388957291666664,79.44234967528415,44.05490790630958,12.355666666666666,3.96112787,406.964225,0.158,1.4976485000000002,0.6432721764918315,0.5545519245891062,0.16060555555555556,1224.035170736434,soil dry,,,,10.0,8+d (長期)
Tarazona,2024-10-09,True,8.41447238095238,44.988101666666665,63.380503479512605,11.854545452278254,4.475790524909994,2.76805952,426.2060952380952,0.1541412857142857,0.6178600000000001,0.8424332060576482,0.18703772929336496,0.16060555555555556,1224.035170736434,soil dry,0.0,0.0,0.0,11.0,8+d (長期)
Tarazona,2024-10-10,True,28.746292738095242,51.206686380952384,72.14142060026012,40.498586057474974,-18.067471751212594,3.145328182,332.0812512195122,0.14873009916666668,1.7654182835714285,0.6404600171896927,0.5613777178284308,0.16060555555555556,1224.035170736434,soil dry,0.0,0.0,0.0,12.0,8+d (長期)
Tarazona,2024-10-11,True,34.204109244444446,37.76151391111111,53.19948331156541,48.187711520786344,0.9825839334418971,2.492003694,579.0478744186047,0.15029777777777778,2.3532753222222222,0.524715999880785,0.9057928483735946,0.16060555555555556,1224.035170736434,soil dry,0.0,0.0,0.0,13.0,8+d (長期)
Tarazona,2024-10-12,True,-6.189971317073171,20.82188287804878,29.334454473770116,-8.720605761645778,-10.646156160693746,1.247640864,386.9762951219512,0.15197641463414635,-1.6231881975609757,1.4230459766844328,-0.2972820159121572,0.16060555555555556,1224.035170736434,soil dry,14.30052,0.0,14.30052,0.0,0-1d (直後)
Tarazona,2024-10-13,True,11.86275,53.349871750000005,75.16080045199566,16.71257598781222,8.618897595907477,3.7672646050000003,536.5451041666666,0.15508994791666667,0.08859641666666666,0.8180911964331506,0.2223576104473016,0.16060555555555556,1224.035170736434,soil dry,0.0,0.0,0.0,1.0,0-1d (直後)
Tarazona,2024-10-14,True,16.951163631914895,41.76992680851063,58.84664818803302,23.881276287556986,5.774286830250686,2.88688752,282.19210638297875,0.15994398936170212,0.8011804914893617,0.7113275059305582,0.40582220097309557,0.16060555555555556,1224.035170736434,soil dry,0.0,0.0,0.0,2.0,2-3d (短期)
Tarazona,2024-10-15,True,11.711614542857143,52.04381597142857,73.32079232203454,16.49965210321946,2.056932480622184,2.6733444,293.57012857142854,0.16135667142857144,1.5228911485714285,0.8163040473825534,0.22503373982581673,0.16060555555555556,1224.035170736434,normal,0.0,0.0,0.0,3.0,2-3d (短期)
