date,LE_Wm2,H_Wm2,G_Wm2,Rn_Wm2,Ta_30min_mean,VPD_30min_mean_kPa,SWC_30min_mean,n_LE_ok,n_H_ok,n_total,EBR,qc_frac
2018-01-01,,,,4.187606145833335,6.57294969375,0.5124524729166666,14.905544999999998,17,18,48,,0.3541666666666667
2018-01-02,,,,2.6232904166666664,7.835366625,0.4393803,14.500921875000001,8,9,48,,0.16666666666666666
2018-01-03,,,,11.668451770833334,8.736805208333333,0.34122809374999996,14.572797083333334,17,19,48,,0.3541666666666667
2018-01-04,,,,42.55300341666666,10.048655916666666,0.37534866250000004,14.709615625,8,7,48,,0.16666666666666666
2018-01-05,,,,15.633855583333334,8.525510520833334,0.47495951666666664,14.18256625,5,6,48,,0.10416666666666667
2018-01-06,,,,-0.4551537187500004,4.9852023333333335,0.29885928125,14.207360208333334,17,19,48,,0.3541666666666667
2018-01-07,,,,28.094102708333335,3.0215943939583334,0.3282149125,15.359618333333332,22,22,48,,0.4583333333333333
2018-01-08,,,,26.863009479166667,1.8603376181249998,0.26835154375000003,14.601343125,10,11,48,,0.20833333333333334
2018-01-09,,,,6.949224770833332,1.79163758125,0.28025808333333335,13.940622500000002,13,15,48,,0.2708333333333333
2018-01-10,,,,25.18478142875,6.315222895833333,0.33040342826086955,15.600166041666666,11,13,48,,0.22916666666666666
2018-01-11,,,,14.20997319375,4.9346530625,0.35392885416666664,18.159041041666665,8,9,48,,0.16666666666666666
2018-01-12,,,,17.570455604166664,3.6987081920416665,0.35919097291666663,16.382618958333335,19,21,48,,0.3958333333333333
2018-01-13,,,,5.8454889375,3.914365016666667,0.39919848333333335,15.658551875,9,12,48,,0.1875
2018-01-14,,,,15.750579979166668,4.524049041666667,0.28582849791666665,15.896470833333334,20,23,48,,0.4166666666666667
2018-01-15,,,,28.581695333333332,3.5401175937500002,0.2979996020833333,15.716131666666667,22,27,48,,0.4583333333333333
2018-01-16,,,,25.99012689583333,5.53970456875,0.44095507708333337,15.251118750000002,18,21,48,,0.375
2018-01-17,,,,33.54625700208334,7.286165854166666,0.4131837583333334,15.026845416666667,20,21,48,,0.4166666666666667
2018-01-18,,,,30.749713645833335,6.170767008333333,0.37556910416666667,14.708328125,17,19,48,,0.3541666666666667
2018-01-19,,,,11.843739229166667,6.556365245833334,0.4323402458333333,14.530355416666666,13,16,48,,0.2708333333333333
2018-01-20,,,,10.582062229166667,9.030260645833334,0.6694803916666667,14.326106875,17,23,48,,0.3541666666666667
2018-01-21,,,,26.0623848125,10.1192860625,0.595096275,14.246690000000001,22,24,48,,0.4583333333333333
2018-01-22,,,,20.0480475625,10.5155705,0.5924196645833334,14.059928124999999,20,25,48,,0.4166666666666667
2018-01-23,,,,30.045572916666668,6.311632402083333,0.4438338062500001,13.585630625,7,12,48,,0.14583333333333334
2018-01-24,,,,24.386339354166665,9.246763125,0.6480987270833334,13.486590208333332,20,21,48,,0.4166666666666667
2018-01-25,,,,32.53658472916667,7.28351640625,0.4767636666666667,13.263877916666667,12,15,48,,0.25
2018-01-26,,,,35.81802002083333,4.081027704166667,0.3169166297916667,16.10315625,8,6,48,,0.16666666666666666
2018-01-27,,,,31.154714520833334,3.8213381360416663,0.41233905416666666,15.847175208333333,20,21,48,,0.4166666666666667
2018-01-28,,,,27.195770395833335,6.3777391875000005,0.37737536875,20.111433958333333,17,25,48,,0.3541666666666667
2018-01-29,,,,28.26387766666667,7.910263937500001,0.3645205395833333,19.47017375,18,23,48,,0.375
2018-01-30,,,,38.3955079625,5.462213041666666,0.28474845625,17.992008541666667,21,22,48,,0.4375
2018-01-31,19.325116557142856,36.00088689655173,-0.8592741875,39.15796395833333,6.7453245,0.3731990208333334,17.470188958333335,28,29,48,1.3909489605780012,0.5833333333333334
2018-02-01,,,,33.120953725,5.486026507708334,0.36933802708333335,17.521336666666667,8,8,48,,0.16666666666666666
2018-02-02,,,,33.04569427083333,1.9713792810416668,0.35994044375,20.143,13,15,48,,0.2708333333333333
2018-02-03,,,,40.00317270833333,2.716543343333333,0.4469443541666666,17.752473124999998,19,19,48,,0.3958333333333333
2018-02-04,,,,19.916562062500002,3.3236548604166667,0.32501307916666666,18.14014125,14,16,48,,0.2916666666666667
2018-02-05,,,,47.957549943749996,1.297725879375,0.27347271249999994,20.921086041666666,10,10,48,,0.20833333333333334
2018-02-06,,,,-4.2956700833333334,-0.4319184516666667,0.19955168958333333,19.187284791666666,8,9,48,,0.16666666666666666
2018-02-07,,,,45.31369039583333,-0.06310594166666669,0.30199247083333336,17.944033333333334,17,21,48,,0.3541666666666667
2018-02-08,22.797208189583333,78.44117939130435,-8.8252889375,49.75473970833334,-0.67535987125,0.30507705416666664,17.22382083333333,24,23,48,1.8573727686069987,0.5
2018-02-09,,,,54.16195199999999,1.4134457729166667,0.38502306875,16.690781666666666,21,29,48,,0.4375
2018-02-10,,,,32.04353329166667,2.5970169000000003,0.38551141875,16.539830833333333,13,16,48,,0.2708333333333333
2018-02-11,12.231367675,30.67997708333333,7.705286379166666,59.11819333333333,6.694094535416667,0.5806573541666666,16.23034541666667,24,24,48,0.8561938091054654,0.5
2018-02-12,,,,-6.594133145833333,6.149541895833334,0.3472024957446808,18.323136875,13,16,48,,0.2708333333333333
2018-02-13,,,,29.304251333333337,3.5012829733333333,0.4466279888888889,18.648957333333332,18,19,48,,0.375
2018-02-14,,,,41.18294916666667,7.158987354166666,0.47287540833333336,17.844857708333333,9,11,48,,0.1875
2018-02-15,,,,75.56965364583333,9.511164958333334,0.4965146020833333,17.720546458333335,23,25,48,,0.4791666666666667
2018-02-16,,,,51.63748714583334,7.648564291666666,0.3296648083333333,17.24000625,9,13,48,,0.1875
2018-02-17,,,,68.92429202083333,7.925640291666666,0.46343024166666663,17.079150000000002,19,25,48,,0.3958333333333333
2018-02-18,,,,30.121676041666664,6.9717246875,0.38578694166666666,16.648388125,15,17,48,,0.3125
2018-02-19,,,,70.4909223125,6.491120979166666,0.49320658958333335,16.285805416666665,18,19,48,,0.375
2018-02-20,17.540780341666668,56.31478629629629,-1.882914895833333,53.79813979166667,8.330259541666667,0.5673436041666666,15.982613125,24,27,48,1.3378278881173915,0.5
2018-02-21,,,,42.475617104166666,4.995973125,0.4954821083333333,15.470853333333332,22,27,48,,0.4583333333333333
2018-02-22,,,,65.2735328125,2.538092838125,0.5617001354166666,15.284516250000001,15,15,48,,0.3125
2018-02-23,,,,56.91285219166667,0.7323240645833334,0.5280852729166667,14.574031249999999,14,18,48,,0.2916666666666667
2018-02-24,,,,60.695613,3.4691401606250003,0.5248111770833334,14.424945208333334,22,26,48,,0.4583333333333333
2018-02-25,19.527655115384615,80.90692518518519,-2.666661479166667,63.89826229166667,5.348746314583334,0.6689232041666667,14.356672083333335,26,27,48,1.5300559876751705,0.5416666666666666
2018-02-26,,,,69.98088979166667,6.8739501291666665,0.8487738541666667,14.235222499999999,13,18,48,,0.2708333333333333
2018-02-27,,,,8.567790791666667,5.0336476875,0.3357055854166667,19.189283958333334,5,5,48,,0.10416666666666667
2018-02-28,,,,46.949739658333336,9.017905895833334,0.4950323104166666,21.07119416666667,19,24,48,,0.3958333333333333
2018-03-01,,,,25.2574526,9.765530199999999,0.48886640000000003,19.44369,7,11,48,,0.14583333333333334
2018-03-02,,,,,,,,0,0,48,,0.0
2018-03-03,,,,,,,,0,0,48,,0.0
2018-03-04,,,,,,,,0,0,48,,0.0
2018-03-05,,,,106.27951479310344,7.133301965517242,0.44377633793103444,22.395013793103452,12,12,48,,0.25
2018-03-06,,,,61.1997228125,7.0218853333333335,0.4715195875,20.905797291666666,12,10,48,,0.25
2018-03-07,,,,85.92445225,6.287589083333334,0.4996393270833333,21.032426458333333,22,23,48,,0.4583333333333333
2018-03-08,,,,92.22788831666666,9.81205575,0.4631054875,22.020181875000002,18,20,48,,0.375
2018-03-09,,,,108.642747359375,12.742765895833335,0.6812029708333334,23.309452708333335,18,21,48,,0.375
2018-03-10,,,,55.63587464583333,13.5106725625,0.8408771229166666,21.39211625,22,21,48,,0.4583333333333333
2018-03-11,,,,68.10052566666667,7.492158270833333,0.49028200833333335,21.518330416666668,11,11,48,,0.22916666666666666
2018-03-12,,,,80.75509529166666,8.197952270833333,0.6007242708333334,21.053104791666666,9,9,48,,0.1875
2018-03-13,,,,97.94006640625001,10.7926206875,0.6623694479166666,20.330060416666665,20,25,48,,0.4166666666666667
2018-03-14,,,,32.3425636673913,10.993408086956522,0.6709991195652174,19.72275608695652,14,15,48,,0.2916666666666667
2018-03-15,,,,85.6583460375,8.784561354166668,0.56656808125,19.538524374999998,22,24,48,,0.4583333333333333
2018-03-16,,,,-39.1332915,5.1677504,0.36985646,18.3877545,8,9,48,,0.16666666666666666
2018-03-17,,,,,,,,0,0,48,,0.0
2018-03-18,,,,,,,,0,0,48,,0.0
2018-03-19,,,,,,,,0,0,48,,0.0
2018-03-20,,,,,,,,0,0,48,,0.0
2018-03-21,,,,,,,,0,0,48,,0.0
2018-03-22,,,,,,,,0,0,48,,0.0
2018-03-23,,,,179.6647382962963,10.01392348148148,0.7087190814814814,19.830993703703705,5,5,48,,0.10416666666666667
2018-03-24,,,,65.13238779166666,7.118553062499999,0.6054671291666666,19.4026375,6,5,48,,0.125
2018-03-25,,,,61.554241875,6.289891895833333,0.5439524375,19.173653333333334,14,18,48,,0.2916666666666667
2018-03-26,28.626723832142858,50.62301361111111,0.8520743750000004,80.73963375,7.2372804791666665,0.6367378625,19.182593125,28,36,48,0.992100262261271,0.5833333333333334
2018-03-27,29.11207,98.53469923076923,14.4343979375,124.30349341666665,11.290008916666666,0.9384802583333334,19.111436041666668,24,26,48,1.1430182954875745,0.5
2018-03-28,30.29165525,51.97647007692308,20.03873264583333,113.9411275,15.405874458333335,1.29314615625,18.84314125,36,39,48,0.8978922731193477,0.75
2018-03-29,,,,96.40379374999999,12.178742395833334,0.9925232604166666,18.4339725,23,31,48,,0.4791666666666667
2018-03-30,34.956899375,70.87983814285714,-10.15037925,82.86636770833333,8.252244124999999,0.6741926708333333,17.75122479166667,24,28,48,1.1547067998038314,0.5
2018-03-31,,,,106.87963764583333,7.309251124999999,0.6832843875000001,18.049195,15,15,48,,0.3125
2018-04-01,33.5982724,80.85919461538461,6.636919833333333,106.53788066666665,9.632655839583334,0.8766472208333334,18.293395,25,26,48,1.1366322109184372,0.5208333333333334
2018-04-02,,,,92.57882341666668,12.375151458333333,1.111481675,18.119303541666667,23,23,48,,0.4791666666666667
2018-04-03,,,,144.99646997916668,12.621468625,0.9377452875000001,18.143153541666667,21,21,48,,0.4375
2018-04-04,,,,104.5815211875,10.700711791666668,0.8584252104166668,17.668386875,17,19,48,,0.3541666666666667
2018-04-05,43.398392041666675,93.89456333333334,15.093674666666667,125.492208125,11.818016041666667,0.9743238958333335,17.25671125,24,27,48,1.214311488486024,0.5
2018-04-06,,,,73.49272433333333,13.4146171875,1.0437569520833334,17.622332500000002,12,13,48,,0.25
2018-04-07,,,,21.770647135416667,8.729896145833333,0.5393657429787234,20.609705416666667,12,12,48,,0.25
2018-04-08,47.27923062878788,57.448343470588235,-6.371797145833334,109.91380470833333,8.481042333333333,0.5846596104166667,24.16693020833333,33,34,48,0.8948446213334087,0.6875
2018-04-09,50.48801761538462,93.134764,-8.312532416666665,109.92187479166667,6.9252278333333335,0.5957889291666667,22.168485833333335,26,27,48,1.2309674435154012,0.5416666666666666
2018-04-10,,,,30.132486125,6.819000375000001,0.54130676875,21.476052499999998,19,18,48,,0.3958333333333333
2018-04-11,,,,35.37719445833333,4.8738345625,0.38968428722916665,23.736542916666668,4,3,48,,0.08333333333333333
2018-04-12,,,,92.05633227083332,7.785862874999999,0.5543524604166666,23.675537708333334,20,21,48,,0.4166666666666667
2018-04-13,,,,96.16768225,7.388957185416667,0.5400376916666667,23.471479791666667,17,18,48,,0.3541666666666667
2018-04-14,,,,153.22299979166667,9.458553666666667,0.7407392854166667,22.570744791666666,23,25,48,,0.4791666666666667
2018-04-15,62.85741384,141.97079634615386,11.893662291666665,146.81939772916667,11.647578645833335,0.74517603125,21.766543541666667,25,26,48,1.4761119840417873,0.5208333333333334
2018-04-16,52.295940384615385,113.41752956,0.42177445833333405,137.24009625,10.929100937500001,0.7482950791666667,21.776958125000004,26,25,48,1.2105445051591381,0.5416666666666666
2018-04-17,,,,147.76321020833333,12.552377104166666,0.9295982666666666,20.517006458333334,22,22,48,,0.4583333333333333
2018-04-18,67.59484403888888,83.45738583333333,14.381188875,151.45057183333333,15.078981375,1.1424000291666667,20.371488125,36,36,48,1.0923261414243886,0.75
2018-04-19,,,,128.26732208333334,13.146657312499999,0.9197550395833334,19.592849166666667,23,23,48,,0.4791666666666667
2018-04-20,41.66198696551724,58.98867334375,-0.4945338541666664,83.96886804166667,12.611319625,0.7283732729166666,19.510715625,29,32,48,1.1927769039997245,0.6041666666666666
2018-04-21,57.18885314814815,79.02891003571428,5.614257500000001,96.24989766666666,12.861923729166667,0.82211015625,19.032792291666667,27,28,48,1.473581002392918,0.5625
2018-04-22,50.750649875,47.63395928125,8.175324010416666,101.805356,15.067967000000001,1.1204241666666666,18.87128125,32,32,48,1.0467026230591117,0.6666666666666666
2018-04-23,,,,107.42893348125,15.741456249999999,1.2666602437499999,18.632971041666668,14,14,48,,0.2916666666666667
2018-04-24,,,,137.73528079166667,15.932363333333333,1.30854620625,18.188932916666666,10,10,48,,0.20833333333333334
2018-04-25,,,,117.429096,14.215800229166668,1.1100428666666666,17.72914875,13,13,48,,0.2708333333333333
2018-04-26,,,,131.36361114583335,15.481927791666665,1.1449823625,17.393598333333333,16,18,48,,0.3333333333333333
2018-04-27,,,,164.02745895833334,17.74675854166667,1.28915009375,16.989920208333334,19,21,48,,0.3958333333333333
2018-04-28,,,,101.24587270833332,15.3279496875,1.1764806770833334,16.720446666666668,11,12,48,,0.22916666666666666
2018-04-29,,,,145.93615770833333,9.3591583125,0.8543660833333332,16.660359375,12,13,48,,0.25
2018-04-30,42.602988653846154,66.90782603333334,-9.500966937500001,87.47770035416666,8.353445708333334,0.7553582451063829,16.381705,26,30,48,1.1432610521855804,0.5416666666666666
2018-05-01,,,,166.51400008333334,7.81362122375,0.9063777680851064,15.840893541666667,14,16,48,,0.2916666666666667
2018-05-02,44.10046629166666,130.88151,3.0283737708333334,130.34799127083332,11.4092996875,1.1062420708333334,15.779131249999999,24,27,48,1.3656547241501802,0.5
2018-05-03,47.21694875000001,125.81697035714285,6.3013351250000005,149.51893979166667,13.492542520833332,1.2608337395833333,15.731962916666667,28,28,48,1.1994149669735552,0.5833333333333334
2018-05-04,,,,147.57827791666668,12.036750833333334,1.0988998166666666,15.251271875,23,25,48,,0.4791666666666667
2018-05-05,,,,83.840604,14.845323333333333,1.1508708166666666,15.141476041666666,22,24,48,,0.4583333333333333
2018-05-06,,,,146.65990102083333,14.388572312500001,1.108915875,15.020628958333333,14,17,48,,0.2916666666666667
2018-05-07,,,,152.97655239583335,15.761929104166667,1.2935627625000001,14.710401666666668,15,16,48,,0.3125
2018-05-08,,,,137.578841125,15.73459125,1.2051106958333333,14.430174375,22,24,48,,0.4583333333333333
2018-05-09,,,,133.45296041666666,16.053061625,1.0379136662500001,14.582783124999999,13,13,48,,0.2708333333333333
2018-05-10,,,,120.83187610416667,16.236020416666666,0.6585509104166667,16.708161875,12,15,48,,0.25
2018-05-11,,,,149.11545104166666,16.867950416666666,1.0155841458333332,19.168838125,21,23,48,,0.4375
2018-05-12,73.76013932400001,63.650772800000006,-3.511518416666666,164.73991179166669,16.062372916666668,1.1662198541666666,17.416498333333333,25,25,48,0.8127926757461492,0.5208333333333334
2018-05-13,57.10576734482758,115.93429258064516,-7.133803727083333,173.16852641666665,11.086500208333334,1.1386531208333333,16.199897083333333,29,31,48,0.9580624125610259,0.6041666666666666
2018-05-14,63.513027517241376,135.74364233333333,3.1241481249999996,165.31461713958333,12.532557229166665,1.1484647479166665,15.432671041666666,29,30,48,1.2242161127512066,0.6041666666666666
2018-05-15,,,,171.29854947916667,12.782650291666668,1.0997827958333333,14.959430625000001,23,24,48,,0.4791666666666667
2018-05-16,56.888775587096774,106.02340600000001,8.1447355,174.2033079375,14.902451166666667,1.3097401625000002,14.520544375,31,35,48,0.9819383977970608,0.6458333333333334
2018-05-17,48.61698225,137.170473125,6.3597862291666685,171.05162045833333,14.196992854166666,1.18834914375,14.1340475,32,32,48,1.1233289757168483,0.6666666666666666
2018-05-18,,,,152.44342938125,15.080315479166666,1.16203198125,13.888939583333332,21,24,48,,0.4375
2018-05-19,,,,158.86334133333332,15.045241604166668,1.184100760416667,14.192749375,15,16,48,,0.3125
2018-05-20,,,,134.48984927708332,14.9380788125,1.1493520479166668,13.868509375,20,22,48,,0.4166666666666667
2018-05-21,,,,109.26361335416668,14.628827791666666,1.0694045479166667,13.607895,14,14,48,,0.2916666666666667
2018-05-22,,,,143.81477166666667,15.6635400625,1.1946286666666666,13.424623958333333,16,16,48,,0.3333333333333333
2018-05-23,42.84765790322581,95.67493857142858,2.8378145208333336,139.79083664583334,17.873216666666668,1.4612695729166667,13.1657825,31,35,48,1.011228020285986,0.6458333333333334
2018-05-24,,,,105.12082945833333,17.134729333333333,1.3838853916666667,13.110385208333334,23,23,48,,0.4791666666666667
2018-05-25,,,,97.37311964999999,15.666521212765957,0.897717415319149,13.539114680851064,14,15,48,,0.2916666666666667
2018-05-26,,,,171.42274235416667,16.947783041666668,1.102574975,16.445240000000002,22,22,48,,0.4583333333333333
2018-05-27,,,,58.522186049999995,14.215559958333335,0.7403535790243903,19.5803475,17,18,48,,0.3541666666666667
2018-05-28,,,,157.9142766875,15.139650416666667,0.763238996,23.452608333333334,14,14,48,,0.2916666666666667
2018-05-29,,,,106.41578033125,14.204907958333335,0.273689029375,26.640314583333335,5,5,48,,0.10416666666666667
2018-05-30,98.85253003846154,56.92287203571429,-1.8599823125000003,149.38320108333332,14.886125416666665,0.9239093229166666,24.758312291666666,26,28,48,1.0303395471878676,0.5416666666666666
2018-05-31,,,,118.59055985416666,16.916899354166667,1.1664436895833332,22.194424375,16,16,48,,0.3333333333333333
2018-06-01,104.76407918518518,64.99359961538461,5.4008751875,193.22232520833333,17.842223333333333,1.4316805916666666,20.362304375,27,26,48,0.9065130222359808,0.5625
2018-06-02,,,,59.84819754166666,13.677370083333335,0.7693177153846154,22.261452083333335,17,16,48,,0.3541666666666667
2018-06-03,,,,180.64625527083334,15.662783333333332,1.1564980612903226,28.378437708333333,22,23,48,,0.4583333333333333
2018-06-04,101.40422225,78.15395806451613,5.812772229166668,171.28494141666667,16.792135,1.1690649208333332,23.645775625,32,31,48,1.0822373000832022,0.6666666666666666
2018-06-05,92.29965883999999,87.47926988461539,0.35731206250000086,149.25850538958335,15.040975208333334,1.0501989020833333,22.148785833333335,25,26,48,1.2068742100621823,0.5208333333333334
2018-06-06,,,,76.51906583333333,13.044856041666668,0.74824354375,21.713185208333332,22,25,48,,0.4583333333333333
2018-06-07,85.1849655,59.90157172413792,15.301516458125,155.37723520833333,16.40039979166667,1.1442776791666667,21.356695000000002,26,29,48,1.0322493733860756,0.5416666666666666
2018-06-08,,,,112.52811376041666,17.846303958333333,1.2371182020833333,20.294612708333332,12,11,48,,0.25
2018-06-09,,,,130.11004210416667,16.135707083333333,0.9762243583333333,19.675943541666665,22,20,48,,0.4583333333333333
2018-06-10,113.44788832142856,105.50722325925926,9.452904708333334,178.70188875,16.743109583333332,1.1892354312499998,18.775085208333333,28,27,48,1.2781511034198354,0.5833333333333334
2018-06-11,79.12464278787878,70.80334575757576,4.580155833333333,159.25587494166666,16.69946125,1.2210152458333332,17.656130625,33,33,48,0.970188035043493,0.6875
2018-06-12,102.62352533333333,90.84648033333333,10.663367379166667,186.134802,17.866249375,1.4245633145833332,16.791981458333336,30,30,48,1.0966964310405172,0.625
2018-06-13,107.06301792307691,106.4254423076923,8.0298984375,200.68721743749998,18.21643,1.5588131708333335,15.865114166666666,26,26,48,1.1037990435900915,0.5416666666666666
2018-06-14,149.26349625,141.32418791666666,9.422027833333333,196.74842856249998,17.736558708333334,1.5970008916666667,15.054892916666667,24,24,48,1.5248391775830505,0.5
2018-06-15,,,,194.49665716666667,19.961536916666667,1.8167303291666665,14.302792708333333,22,22,48,,0.4583333333333333
2018-06-16,123.82465679310344,99.90641285714285,13.892136270833333,190.28513135416665,21.7051975,1.858179970833333,13.57130375,29,28,48,1.2487744272504686,0.6041666666666666
2018-06-17,110.29421666666667,72.58934640000001,17.124833541666668,191.01793,22.222086875000002,2.0915352416666666,12.864933333333333,24,25,48,1.0470660875046303,0.5
2018-06-18,,,,179.4499463829787,21.615359787234045,1.9008039489361699,12.165185319148936,14,14,48,,0.2916666666666667
2018-06-19,71.56730365517241,112.41397862068966,7.297872533333333,194.58910743750002,20.89458541666667,1.7322587020833335,11.5478575,29,29,48,0.9829900415707096,0.6041666666666666
2018-06-20,70.90671931846154,96.02384384615385,11.382848479166666,188.82497222916666,21.2996275,1.9231883875000002,10.994426666666667,39,39,48,0.944331724446768,0.8125
2018-06-21,73.12288690909091,100.11320484848486,12.987013916666667,186.0211839791667,21.943966666666668,2.0681114729166667,10.337410625,33,33,48,1.0010854768836346,0.6875
2018-06-22,72.9371046875,103.35681483870968,13.8512585,183.56740402083335,23.389689166666667,2.354875752083333,9.657217041666668,32,31,48,1.0358330175254304,0.6666666666666666
2018-06-23,57.908362129032255,108.86064677419354,10.388606291666667,180.4517096666667,23.740033333333333,2.38026711875,9.038571333333334,31,31,48,0.9817452853294705,0.6458333333333334
2018-06-24,68.47452653846155,143.11536703703703,15.479604354166668,173.11372708333332,24.4075275,2.3257712645833335,8.560503083333334,26,27,48,1.3116781768574526,0.5416666666666666
2018-06-25,57.35728051851852,144.09440925925927,13.321102806250002,169.22244033333334,24.44043895833333,2.1433380041666665,8.128152520833334,27,27,48,1.2691744201358262,0.5625
2018-06-26,48.30038856,169.16012192307693,9.116625395833335,161.09247029166667,23.820779791666666,2.1575219375,7.75333775,25,26,48,1.4065035781540878,0.5208333333333334
2018-06-27,,,,168.43217533333333,24.595494791666667,2.3722548958333336,7.393811875,20,22,48,,0.4166666666666667
2018-06-28,47.109918962962965,123.72573285714286,8.02124234375,150.26214920833334,24.118434583333336,2.241941977083333,7.145338229166666,27,28,48,1.1902990547265289,0.5625
2018-06-29,39.43820534615384,180.38845068965517,6.675562062499999,176.988556625,22.53503541666667,1.7609928812499998,7.365022979166667,26,29,48,1.2797562871718178,0.5416666666666666
2018-06-30,28.481948742307694,144.72999384615383,10.75657675,178.5214703125,22.316663333333334,1.8159276708333334,7.0101676875,26,39,48,1.0305120107762191,0.5416666666666666
2018-07-01,,,,156.42049166666666,22.410569374999998,1.9383849416666667,6.770549208333333,20,23,48,,0.4166666666666667
2018-07-02,34.78726446153846,188.3884723076923,11.066942252083335,174.08327520833333,22.840156041666663,2.3036392083333337,6.4802653958333325,26,26,48,1.345578308662824,0.5416666666666666
2018-07-03,24.819189013793103,117.28180210526317,14.0394289375,168.37781708333333,24.775589583333332,2.7264342708333333,6.244549729166667,29,38,48,0.9273217978546393,0.6041666666666666
2018-07-04,,,,172.61238583333332,23.663535208333332,2.5563709833333332,6.045012770833334,12,15,48,,0.25
2018-07-05,,,,172.609729375,22.37323875,2.3144007916666665,5.801468729166667,20,27,48,,0.4166666666666667
2018-07-06,,,,92.207617375,18.649548333333332,1.7107931333333333,5.752824708333333,5,8,48,,0.10416666666666667
2018-07-07,,,,,,,,0,0,48,,0.0
2018-07-08,,,,,,,,0,0,48,,0.0
2018-07-09,,,,,,,,0,0,48,,0.0
2018-07-10,,,,275.6398015625,30.9710596875,4.093666499999999,5.44176625,13,23,48,,0.2708333333333333
2018-07-11,,,,117.395516875,25.331295208333334,2.6101714166666667,5.6212086875,9,15,48,,0.1875
2018-07-12,,,,155.87138583333333,23.529606458333333,2.2373480437500004,6.514462604166667,6,11,48,,0.125
2018-07-13,,,,159.12996666666666,24.186958333333333,1.9769047270833333,5.954880083333333,11,29,48,,0.22916666666666666
2018-07-14,,,,151.85826278333334,25.31823291666667,2.55432188125,5.553738125,7,22,48,,0.14583333333333334
2018-07-15,,,,137.21068610416665,24.603373125,2.6127932708333335,5.2586040625,11,21,48,,0.22916666666666666
2018-07-16,,,,164.24335604166666,22.662954166666665,2.3585699375,5.080846833333333,13,31,48,,0.2708333333333333
2018-07-17,,,,-54.940531875,15.3669025,1.3544136875,4.951625,0,0,48,,0.0
2018-07-18,,,,,,,,0,0,48,,0.0
2018-07-19,,,,,,,,0,0,48,,0.0
2018-07-20,,,,,,,,0,0,48,,0.0
2018-07-21,,,,,,,,0,0,48,,0.0
2018-07-22,,,,,,,,0,0,48,,0.0
2018-07-23,,,,,,,,0,0,48,,0.0
2018-07-24,,,,,,,,0,0,48,,0.0
2018-07-25,,,,,,,,0,0,48,,0.0
2018-07-26,,,,,,,,0,0,48,,0.0
2018-07-27,,,,,,,,0,0,48,,0.0
2018-07-28,,,,,,,,0,0,48,,0.0
2018-07-29,,,,,,,,0,0,48,,0.0
2018-07-30,,,,,,,,0,0,48,,0.0
2018-07-31,,,,,,,,0,0,48,,0.0
2018-08-01,,,,,,,,0,0,48,,0.0
2018-08-02,,,,,,,,0,0,48,,0.0
2018-08-03,,,,,,,,0,0,48,,0.0
2018-08-04,,,,,,,,0,0,48,,0.0
2018-08-05,,,,,,,,0,0,48,,0.0
2018-08-06,,,,,,,,0,0,48,,0.0
2018-08-07,,,,,,,,0,0,48,,0.0
2018-08-08,,,,,,,,0,0,48,,0.0
2018-08-09,,,,133.0700205263158,27.684428421052633,3.649352210526316,4.752410526315789,5,7,48,,0.10416666666666667
2018-08-10,,,,129.96899991666666,23.629645208333333,2.0165975416666666,4.513937958333334,7,23,48,,0.14583333333333334
2018-08-11,,,,141.59078068333335,24.366334791666663,2.089882666666667,4.5854179375,14,32,48,,0.2916666666666667
2018-08-12,,,,64.75322420833334,25.054805208333335,2.503895291666667,4.346664708333333,8,25,48,,0.16666666666666666
2018-08-13,,,,131.205995875,26.049613750000002,2.9118422083333333,4.572098895833333,14,28,48,,0.2916666666666667
2018-08-14,,,,130.66648360416667,25.603717916666668,2.9356911666666665,4.349420708333334,17,19,48,,0.3541666666666667
2018-08-15,,,,129.40163735416667,24.06989354166667,2.001522123913044,4.469413270833333,10,24,48,,0.20833333333333334
2018-08-16,,,,105.30434020833333,21.908578541666667,1.4908532604166667,6.750231604166667,18,20,48,,0.375
2018-08-17,,,,156.41593427083333,21.631599166666664,1.5745178872291667,7.533561708333333,3,6,48,,0.0625
2018-08-18,,,,123.15411885416667,21.27303291666667,1.4828999020833336,7.797658125000001,17,22,48,,0.3541666666666667
2018-08-19,,,,111.93894291666668,22.025946875000002,1.6533206500000002,7.239602520833333,22,39,48,,0.4583333333333333
2018-08-20,,,,137.36222216666667,22.443092708333335,2.1332505510638295,6.339003916666667,13,23,48,,0.2708333333333333
2018-08-21,11.924914577857143,78.24630153846154,8.9178630625,133.18356604166667,23.460045625000003,2.3997550416666664,5.6388665,28,39,48,0.7440037995965547,0.5833333333333334
2018-08-22,,,,125.91181229166666,24.251900833333334,2.51451275,5.1709935625000005,10,15,48,,0.20833333333333334
2018-08-23,,,,129.53727376875,23.194151041666668,2.1351954375,5.073907270833334,11,20,48,,0.22916666666666666
2018-08-24,,,,127.210959375,23.694297708333334,2.40698595,5.707259645833333,18,23,48,,0.375
2018-08-25,,,,98.95928833333333,25.082204583333333,2.4741954145833334,5.1595349375,14,18,48,,0.2916666666666667
2018-08-26,,,,128.49543172916665,24.157717916666666,1.9788607187500002,4.9576029791666665,13,36,48,,0.2708333333333333
2018-08-27,,,,135.10174552083333,24.256001458333333,1.9566679624999999,4.844023458333333,11,29,48,,0.22916666666666666
2018-08-28,,,,112.81747456250001,24.088814375,1.9901212458333333,4.912907354166667,14,27,48,,0.2916666666666667
2018-08-29,,,,104.24940120833334,23.767909166666666,2.2064347708333334,7.014131791666666,13,18,48,,0.2708333333333333
2018-08-30,,,,137.97648270833335,22.910926041666666,1.7502992458333335,6.490891208333333,19,33,48,,0.3958333333333333
2018-08-31,,,,134.07940166666666,24.228732500000003,1.9984090791666667,5.7086439375,17,29,48,,0.3541666666666667
2018-09-01,,,,130.20852583333334,23.45552875,1.9318358749999998,5.1287427291666665,8,29,48,,0.16666666666666666
2018-09-02,,,,120.283973125,24.304124583333333,2.2018735604166664,5.009299520833333,8,22,48,,0.16666666666666666
2018-09-03,,,,57.80995785416667,22.879546458333333,1.7200674958333333,15.2446,12,13,48,,0.25
2018-09-04,,,,101.27639604166666,22.134362499999998,1.5453226858333333,15.339570208333333,16,18,48,,0.3333333333333333
2018-09-05,,,,122.12723770833333,22.10449708333333,1.88950464375,16.80988,21,23,48,,0.4375
2018-09-06,39.543078888888886,78.17406518518519,0.4174872916666681,118.39346645833332,21.456318125,1.9569536458333334,14.117501249999998,27,27,48,0.9978137721587562,0.5625
2018-09-07,33.385393892857145,112.59433334285715,-0.6042015208333339,125.23280520833333,21.372275416666668,1.7030193666666666,12.635137083333333,28,35,48,1.1608422048283504,0.5833333333333334
2018-09-08,,,,15.356247541666669,17.157820833333332,0.8874452002083333,11.939715416666667,10,13,48,,0.20833333333333334
2018-09-09,,,,62.85939675,17.654983958333332,1.0240523083333335,12.086349375,18,17,48,,0.375
2018-09-10,,,,119.11590554166668,18.019908125,1.08372898778125,25.79759208333333,8,9,48,,0.16666666666666666
2018-09-11,,,,49.48520097916667,18.704367083333334,0.9409582643478259,22.297551458333334,13,16,48,,0.2708333333333333
2018-09-12,52.81890235714286,63.96060885714286,5.855954604166667,96.58430281250001,21.000327083333335,1.3925723104166665,21.06154625,28,35,48,1.2697246058350262,0.5833333333333334
2018-09-13,,,,127.04880625,21.90355375,1.8500991708333334,19.458694166666668,13,15,48,,0.2708333333333333
2018-09-14,53.764486960000006,93.3772332413793,0.4187139583333333,108.18706677083333,21.674849374999997,1.6098458125000001,18.178491458333333,25,29,48,1.3639378399294415,0.5208333333333334
2018-09-15,,,,41.84966775,18.209311458333335,0.8637883565217391,18.470623749999998,8,12,48,,0.16666666666666666
2018-09-16,,,,133.30097260869564,19.714704130434782,1.335031347826087,18.68385239130435,16,17,46,,0.34782608695652173
2018-09-17,,,,89.19023333333332,19.850758125000002,1.10138005625,17.497160833333336,19,21,48,,0.3958333333333333
2018-09-18,,,,98.50353033333333,20.921503125,1.297353444680851,16.731368749999998,23,28,48,,0.4791666666666667
2018-09-19,,,,130.33338216666667,20.27757791666667,1.4114939906976744,19.435741458333332,15,16,48,,0.3125
2018-09-20,,,,102.67258833333334,22.162135208333336,1.7010345812499998,17.342938333333333,17,19,48,,0.3541666666666667
2018-09-21,,,,113.29491363125,22.559340416666668,1.9335260041666669,15.982329791666666,17,19,48,,0.3541666666666667
2018-09-22,48.57646684615384,50.82621290322581,5.6752845729166665,105.41781156249999,24.236242708333332,2.207385777083333,14.853484166666666,26,31,48,0.9967761876748675,0.5416666666666666
2018-09-23,38.0667225,45.08090249999999,5.036707104166667,105.67345729166668,24.507669375000003,2.4244835291666664,13.932013541666668,26,28,48,0.8344984101425893,0.5416666666666666
2018-09-24,,,,103.14331833333334,23.845244166666664,2.3473766041666666,13.151633124999998,15,15,48,,0.3125
2018-09-25,42.92212076923077,124.28520432142857,1.3709014999999998,115.9703178125,21.141721458333333,1.4382270020833334,12.621458958333333,26,28,48,1.4536325308965303,0.5416666666666666
2018-09-26,,,,59.31673863191667,18.684108541666667,1.1817004395833335,12.374247916666667,11,13,48,,0.22916666666666666
2018-09-27,,,,77.50404435416667,18.6955525,1.3557386541666667,12.215359166666666,12,13,48,,0.25
2018-09-28,,,,107.78282166666666,16.675166916666665,1.6748973020833333,11.967729375,14,15,48,,0.2916666666666667
2018-09-29,,,,90.00720687500001,17.975200520833333,1.7864818854166669,11.662117291666666,21,23,48,,0.4375
2018-09-30,,,,84.657355625,19.37833675,1.9054485687500002,11.319789375,15,21,48,,0.3125
2018-10-01,,,,89.16603189583333,17.930484166666666,1.8227207229166666,11.002647916666668,14,17,48,,0.2916666666666667
2018-10-02,,,,82.66573125000001,13.666951145833332,1.5088347791666665,10.741930208333335,16,17,48,,0.3333333333333333
2018-10-03,,,,86.89132458333334,16.609866125,1.8088015083333335,10.530968125,21,21,48,,0.4375
2018-10-04,24.187540625,76.00067655172414,3.875618583333333,80.3589625,18.446489437500002,1.7641323562500002,10.260512229166666,24,29,48,1.2949872985238886,0.5
2018-10-05,,,,79.88638541666667,17.662490000000002,1.4518649083333335,10.106200625,17,26,48,,0.3541666666666667
2018-10-06,,,,78.70475872916667,19.504297291666667,1.865783375,9.9868730625,17,25,48,,0.3541666666666667
2018-10-07,20.875710333333334,71.10628,-6.116374708333333,71.871363875,17.077888729166666,1.738209841666667,9.77668675,33,33,48,1.194712483463359,0.6875
2018-10-08,,,,90.43727341666666,13.187064208333332,1.2403029333333335,9.627320458333333,16,19,48,,0.3333333333333333
2018-10-09,,,,19.277302980833333,12.437767291666667,0.6421219068181818,11.0153360625,14,18,48,,0.2916666666666667
2018-10-10,,,,75.21821072499999,15.060216666666667,1.0184417145833335,12.130368541666668,21,25,48,,0.4375
2018-10-11,,,,51.06339379166667,17.138257291666665,1.111107886111111,11.65619125,17,20,48,,0.3541666666666667
2018-10-12,,,,77.45413125,16.965465416666667,1.1543321874999999,11.274015416666666,13,13,48,,0.2708333333333333
2018-10-13,,,,83.03007143541667,18.751082708333332,1.2929790958333334,10.904237083333333,22,26,48,,0.4583333333333333
2018-10-14,,,,38.36742375,14.765431458333333,0.7888861637777779,11.497642916666665,11,10,48,,0.22916666666666666
2018-10-15,,,,59.030748125,11.9185088125,1.0651879604166665,11.932015,16,18,48,,0.3333333333333333
2018-10-16,,,,80.53536889583334,13.221342895833333,0.9598392208333333,11.484840624999999,13,15,48,,0.2708333333333333
2018-10-17,,,,66.80317895208333,12.237219125000001,0.9473094354166667,11.159531458333333,10,10,48,,0.20833333333333334
2018-10-18,,,,53.921038687499994,12.165747854166668,0.7307964066666667,11.150415,1,3,48,,0.020833333333333332
2018-10-19,,,,29.0669600625,12.409269395833334,0.6185588125,14.812120833333333,6,6,48,,0.125
2018-10-20,,,,44.88610825,14.581701562500001,0.8975620916666667,16.192170625,13,15,48,,0.2708333333333333
2018-10-21,19.97305884848485,35.94139082857143,4.769656760208334,62.4511716,17.196210833333335,1.0782413520833332,15.105865,33,35,48,0.9717048516871157,0.6875
2018-10-22,,,,72.31662390416666,15.010379645833334,1.0174614583333335,14.183824583333333,13,19,48,,0.2708333333333333
2018-10-23,,,,50.79251633333333,15.19969625,1.0577022270833334,13.569513958333333,16,24,48,,0.3333333333333333
2018-10-24,,,,67.78467604166666,13.272073979166668,1.2577495872340425,13.021124166666667,12,14,48,,0.25
2018-10-25,,,,62.447035354166665,14.8217234375,1.5251074333333334,12.455092083333334,10,12,48,,0.20833333333333334
2018-10-26,,,,45.554770789375,13.881785416666666,1.2427706208333333,12.163145416666666,12,14,48,,0.25
2018-10-27,,,,42.02939919791667,10.788032625,0.5654486332352942,15.46771125,12,13,48,,0.25
2018-10-28,40.72529164074074,53.60293272413793,-30.58146045416667,55.63998866666666,4.590369895833333,0.6533256020833333,18.387974375,27,29,48,1.145700519326346,0.5625
2018-10-29,,,,36.256317708333334,4.64714155,0.7568924958333334,16.267299791666666,11,11,48,,0.22916666666666666
2018-10-30,,,,-3.7263410208333334,6.608518687499999,0.5896913787804878,16.999357916666668,8,7,48,,0.16666666666666666
2018-10-31,,,,21.413190520833336,6.276058541666667,0.6285354848484849,22.173568958333334,10,12,48,,0.20833333333333334
2018-11-01,27.999716035714282,40.11185486666667,-5.301901497916666,50.017608208333336,6.6943976166666666,0.673012175,20.404507916666667,28,30,48,1.2557511575293536,0.5833333333333334
2018-11-02,,,,17.916931416666667,10.364137125000001,0.7781346124999999,19.800027916666668,20,23,48,,0.4166666666666667
2018-11-03,,,,46.15752058333334,7.485573541666667,0.7453213604166666,18.843305,23,28,48,,0.4791666666666667
2018-11-04,,,,51.938525,7.907938915208334,0.8701901187500001,18.06764625,13,12,48,,0.2708333333333333
2018-11-05,,,,0.00960328333333275,7.150027020833334,0.5461545181818181,18.762865625,8,10,48,,0.16666666666666666
2018-11-06,,,,33.65833039583333,7.469292895833334,0.7202403416666667,20.106428541666666,17,17,48,,0.3541666666666667
2018-11-07,,,,48.5339756125,9.254991620833334,0.7702544104166666,19.439501458333332,13,12,48,,0.2708333333333333
2018-11-08,,,,48.31387846875,11.050555645833334,0.7261017045,20.95982875,9,8,48,,0.1875
2018-11-09,,,,31.471789625,7.7760282499999995,0.6951116560975611,25.775834791666668,14,12,48,,0.2916666666666667
2018-11-10,,,,45.46321239583333,10.093992104166666,0.7646131604166666,23.129667708333333,14,14,48,,0.2916666666666667
2018-11-11,,,,50.2290454975,13.029739166666667,0.8995501041666666,22.423684583333337,13,17,48,,0.2708333333333333
2018-11-12,,,,20.751896456249998,11.662044375,0.8185991666666667,22.181315416666667,7,7,48,,0.14583333333333334
2018-11-13,,,,16.605789206249998,11.230976354166666,0.7066410595744681,21.950596458333333,11,11,48,,0.22916666666666666
2018-11-14,,,,20.781063670833333,12.212877916666665,0.71332951875,21.545163125000002,16,16,48,,0.3333333333333333
2018-11-15,,,,24.647101854166667,11.858667124999998,0.3976041617647059,27.484972499999998,8,10,48,,0.16666666666666666
2018-11-16,,,,31.958582916666668,12.2104678125,0.49118549589743593,29.080095416666666,11,12,48,,0.22916666666666666
2018-11-17,,,,38.77610575,11.470043062499998,0.67296821875,26.608228333333333,16,21,48,,0.3333333333333333
2018-11-18,,,,14.819039018749999,10.211991,0.5872415717391305,25.657777916666664,7,10,48,,0.14583333333333334
2018-11-19,,,,22.428266068750002,9.193742,0.5342171289473685,27.28792270833333,12,15,48,,0.25
2018-11-20,,,,2.164508062499999,9.3186163125,0.6576826825000001,26.5598375,22,24,48,,0.4583333333333333
2018-11-21,,,,2.823319916666666,9.254571,0.7484794833333333,25.953925416666667,19,22,48,,0.3958333333333333
2018-11-22,,,,12.4808199375,8.445510375,0.65516125625,24.76188625,15,18,48,,0.3125
2018-11-23,,,,-0.07368681250000038,8.414249645833333,0.6131881895833333,24.011332083333333,18,21,48,,0.375
2018-11-24,,,,23.665839416666667,5.093101158333334,0.6099536020833334,22.608367291666667,14,14,48,,0.2916666666666667
2018-11-25,,,,41.95706766666667,9.524382354166667,0.7705480875,22.480095416666668,12,12,48,,0.25
2018-11-26,,,,1.2929348541666663,8.722369791666667,0.7653072008333333,21.278232083333332,9,11,48,,0.1875
2018-11-27,,,,14.431950083333335,6.552335395833333,0.7065939083333334,20.65774083333333,23,24,48,,0.4791666666666667
2018-11-28,,,,20.967976916666668,5.317251339583334,0.6747323333333333,20.200656875,10,10,48,,0.20833333333333334
2018-11-29,,,,24.699591458333334,5.896869702083333,0.8802850958333333,19.68488770833333,8,9,48,,0.16666666666666666
2018-11-30,,,,30.60087333125,7.536324520833333,0.5892802155555557,20.072876875000002,17,22,48,,0.3541666666666667
2018-12-01,,,,18.583934,6.343190395833333,0.7103473708333333,19.59617666666667,17,21,48,,0.3541666666666667
2018-12-02,,,,15.253331041666668,7.235700770833334,0.6891540520833334,19.64592625,11,19,48,,0.22916666666666666
2018-12-03,,,,18.8592696875,5.269307770833334,0.5666727326086958,19.279761458333333,6,8,48,,0.125
2018-12-04,,,,29.77231185416667,9.071152166666666,0.9209509170212765,19.639846875,7,7,48,,0.14583333333333334
2018-12-05,,,,26.80861479166667,10.565449895833334,0.9694510375000001,19.518038333333333,7,7,48,,0.14583333333333334
2018-12-06,,,,25.214157229166663,9.595749666666666,0.8385009854166666,19.103785,9,9,48,,0.1875
2018-12-07,,,,22.033534875,8.22606950625,1.1534597872340424,18.64968875,7,10,48,,0.14583333333333334
2018-12-08,,,,7.440685541666666,8.710947145833334,0.7780397125,18.557973333333333,19,24,48,,0.3958333333333333
2018-12-09,,,,22.004608750000003,10.438131666666667,1.0002069125,18.434982291666667,14,15,48,,0.2916666666666667
2018-12-10,,,,19.202952854166664,7.047902676875,0.8987134750000001,17.773496666666666,9,9,48,,0.1875
2018-12-11,,,,14.855683645833333,7.497442395833333,0.8574555187499999,17.467388333333332,15,17,48,,0.3125
2018-12-12,,,,23.599882624999996,7.050403500000001,0.6514255608695652,17.5167525,15,20,48,,0.3125
2018-12-13,,,,11.379839062499999,7.054823208333333,-0.0015177814814814712,21.785652916666667,5,4,48,,0.10416666666666667
2018-12-14,,,,12.288970358333332,4.910836020833334,0.6438814895833332,23.888323749999998,15,16,48,,0.3125
2018-12-15,,,,22.27320875,6.562821125,0.6579637333333334,22.547978333333333,16,19,48,,0.3333333333333333
2018-12-16,,,,30.49734054166667,7.4410884374999995,0.6763570630434783,22.261403125,8,9,48,,0.16666666666666666
2018-12-17,,,,17.470115133333334,5.513896374791667,0.6415928895833333,21.58997875,18,18,48,,0.375
2018-12-18,,,,13.983295720833333,5.4159034791666665,0.6161094110256411,21.177758541666666,14,18,48,,0.2916666666666667
2018-12-19,,,,16.157145133333334,8.078616041666667,0.6942696,21.15843729166667,16,19,48,,0.3333333333333333
2018-12-20,,,,17.494366501875,5.207851645833333,0.5544728520833334,20.74635041666667,15,19,48,,0.3125
2018-12-21,,,,6.659229395833333,3.024647248125,0.5869214853658538,20.38105416666667,7,14,48,,0.14583333333333334
2018-12-22,,,,27.220039933333336,4.308966770833334,0.4104669019354839,20.662065208333335,4,5,48,,0.08333333333333333
2018-12-23,,,,40.505054625,2.7650250708333335,0.9109224136363636,20.810386458333333,5,5,48,,0.10416666666666667
2018-12-24,,,,36.15947833333333,4.6921717845833335,0.6788419341463415,20.464175625,6,7,48,,0.125
2018-12-25,,,,10.3734886275,5.644431273125,0.7344192770833333,20.150751875,11,13,48,,0.22916666666666666
2018-12-26,,,,16.273848958333332,6.8546639375,0.6651216541666667,20.045625416666667,22,26,48,,0.4583333333333333
2018-12-27,,,,18.629611937499998,4.145160295833334,0.5847403395833333,19.607737916666668,7,7,48,,0.14583333333333334
2018-12-28,,,,19.240536583333334,1.1468110177083333,0.4627649260869566,19.20899125,7,7,48,,0.14583333333333334
2018-12-29,,,,14.834198412500001,4.7002413125,0.5655479395833333,19.461429791666667,5,7,48,,0.10416666666666667
2018-12-30,,,,18.900597708333336,2.1296814020833335,1.1782087046511627,19.014658125,10,10,48,,0.20833333333333334
2018-12-31,,,,18.143296604166665,3.571143500625,0.77638746875,18.43379416666667,5,6,48,,0.10416666666666667
2019-01-01,,,,21.101633520833335,4.099335352083333,0.8194880791666668,18.099977916666667,9,9,48,,0.1875
2019-01-02,,,,21.382806666666667,3.8589181479166665,0.7473904958333333,17.831440833333335,10,10,48,,0.20833333333333334
2019-01-03,,,,18.946037770833332,2.6318529145833334,0.6069255250000001,17.319708125000002,12,12,48,,0.25
2019-01-04,,,,40.360705875,2.20828943125,0.7031234185714286,17.723066666666668,9,10,48,,0.1875
2019-01-05,,,,18.158418958333332,2.9984543604166665,0.7960993479166667,16.838653333333333,15,15,48,,0.3125
2019-01-06,,,,16.798774375,4.6055957633333335,0.864111475,17.25817041666667,23,23,48,,0.4791666666666667
2019-01-07,,,,24.413490291666665,2.04942494375,0.7411341234042552,16.430510833333333,9,9,48,,0.1875
2019-01-08,,,,22.914557083333335,2.493336541666667,0.7579209395833334,15.991733125000001,13,13,48,,0.2708333333333333
2019-01-09,16.824410423076923,-10.329469724137931,0.7479271812499997,15.988843750000001,6.434722874999999,0.9020776375,16.773959166666668,26,29,48,0.4529951004236308,0.5416666666666666
2019-01-10,,,,14.601035833333333,1.52266574,0.8292770263157895,16.246950208333335,23,25,48,,0.4791666666666667
2019-01-11,,,,18.177521875,-0.845237470625,359.552607222,14.460010833333333,1,4,48,,0.020833333333333332
2019-01-12,,,,27.088404458333333,0.9039953647916666,574.2262724878788,14.342192500000001,14,14,48,,0.2916666666666667
2019-01-13,,,,17.70015025,5.652794322916667,0.8537989604166667,15.492782708333335,22,31,48,,0.4583333333333333
2019-01-14,,,,21.364169875,8.833446562499999,1.0487621458333334,15.76115375,18,19,48,,0.375
2019-01-15,,,,23.346553895833335,5.2089646145833335,0.80298090625,15.251179583333332,13,15,48,,0.2708333333333333
2019-01-16,,,,27.83756807083333,3.85696736875,0.6703009824999999,15.115665,15,22,48,,0.3125
2019-01-17,,,,25.385978291666664,3.8344374770833336,0.682854623255814,15.085133333333333,18,20,48,,0.375
2019-01-18,,,,23.34443657916667,2.782629128125,0.7000731444444445,14.914356458333332,13,15,48,,0.2708333333333333
2019-01-19,16.251847233333333,22.29216332142857,1.803266835416667,33.43797100416667,4.394765933541667,0.7064576333333334,14.879498750000002,24,28,48,1.2066305513917377,0.5
2019-01-20,,,,12.9822981875,6.417254875,0.5849173882352942,18.155736041666668,11,12,48,,0.22916666666666666
2019-01-21,20.477757075757573,12.448828285714287,-10.740751572916666,22.552484588125,3.0580366302499997,0.6279114541666666,18.312185,33,35,48,0.9837423323298548,0.6875
2019-01-22,,,,24.60142270833333,2.9378645035416664,0.6787816871794872,17.524260833333333,18,17,48,,0.375
2019-01-23,,,,-39.036015750000004,4.2882019499999995,0.48520914500000006,18.474507,2,4,48,,0.041666666666666664
2019-01-24,,,,,,,,0,0,48,,0.0
2019-01-25,,,,,,,,0,0,48,,0.0
2019-01-26,,,,,,,,0,0,48,,0.0
2019-01-27,,,,,,,,0,0,48,,0.0
2019-01-28,,,,,,,,0,0,48,,0.0
2019-01-29,,,,,,,,0,0,48,,0.0
2019-01-30,,,,,,,,0,0,48,,0.0
2019-01-31,,,,,,,,0,0,48,,0.0
2019-02-01,,,,,,,,0,0,48,,0.0
2019-02-02,,,,,,,,0,0,48,,0.0
2019-02-03,,,,,,,,0,0,48,,0.0
2019-02-04,,,,,,,,0,0,48,,0.0
2019-02-05,,,,,,,,0,0,48,,0.0
2019-02-06,,,,,,,,0,0,48,,0.0
2019-02-07,,,,,,,,0,0,48,,0.0
2019-02-08,,,,,,,,0,0,48,,0.0
2019-02-09,,,,,,,,0,0,48,,0.0
2019-02-10,,,,,,,,0,0,48,,0.0
2019-02-11,,,,,,,,0,0,48,,0.0
2019-02-12,,,,,,,,0,0,48,,0.0
2019-02-13,,,,,,,,0,0,48,,0.0
2019-02-14,,,,,,,,0,0,48,,0.0
2019-02-15,,,,,,,,0,0,48,,0.0
2019-02-16,,,,,,,,0,0,48,,0.0
2019-02-17,,,,,,,,0,0,48,,0.0
2019-02-18,,,,,,,,0,0,48,,0.0
2019-02-19,,,,,,,,0,0,48,,0.0
2019-02-20,,,,,,,,0,0,48,,0.0
2019-02-21,,,,,,,,0,0,48,,0.0
2019-02-22,,,,,,,,0,0,48,,0.0
2019-02-23,,,,,,,,0,0,48,,0.0
2019-02-24,,,,,,,,0,0,48,,0.0
2019-02-25,,,,,,,,0,0,48,,0.0
2019-02-26,,,,,,,,0,0,48,,0.0
2019-02-27,,,,126.82763954545455,13.819034863636364,1.686769968181818,13.456249545454545,5,5,48,,0.10416666666666667
2019-02-28,,,,76.44213597916666,11.606293729166666,1.4226288791666666,12.784447916666666,20,19,48,,0.4166666666666667
2019-03-01,,,,78.17278041666667,11.129726625000002,1.3300820770833333,12.819482916666667,15,15,48,,0.3125
2019-03-02,33.98490097142857,27.83849382352941,3.2918741458333334,75.63672860416666,12.940364354166666,1.3895275458333332,12.849369583333333,35,34,48,0.8608948343279388,0.7291666666666666
2019-03-03,,,,81.22320802083333,13.078915875,1.5277438666666667,12.591420833333332,9,8,48,,0.1875
2019-03-04,30.104497729166667,23.78138583333333,2.584081458333333,64.42209670833334,13.005734250000001,1.3056919791666668,12.539385625,24,24,48,0.8765620479025582,0.5
2019-03-05,,,,51.92586283333333,10.769021395833333,0.8368114904761905,13.605081875000002,6,7,48,,0.125
2019-03-06,,,,49.74650760416667,10.542148333333333,0.9054241113636363,14.2418475,20,20,48,,0.4166666666666667
2019-03-07,,,,83.70724300166667,7.146618958333334,0.8550524062500001,14.105993958333334,21,20,48,,0.4375
2019-03-08,,,,73.81043920833334,7.050732171145833,0.8407663479166667,13.444556874999998,13,14,48,,0.2708333333333333
2019-03-09,,,,99.59679308541666,7.942445391666666,0.9990168708333333,13.205779999999999,11,11,48,,0.22916666666666666
2019-03-10,,,,101.70783897916668,12.705384979166666,1.3040998604166667,13.068004166666666,23,23,48,,0.4791666666666667
2019-03-11,,,,93.26390039583333,12.2430855625,1.1203417312500001,13.042995833333334,22,22,48,,0.4583333333333333
2019-03-12,,,,87.70922979166666,13.3537659375,1.3822439255319148,12.75902875,19,20,48,,0.3958333333333333
2019-03-13,38.15352428148148,37.89924466666666,-5.887225,67.68338854166667,11.803859895833334,1.1835335541666665,12.720326458333332,27,30,48,1.0366730369144184,0.5625
2019-03-14,35.82684878787879,54.164651666666664,-1.3901917083333333,94.76214191666666,9.03620225,1.1965972458333334,12.011107916666667,33,33,48,0.934986345328999,0.6875
2019-03-15,,,,98.85836862500001,12.699714041666667,1.5176080562499998,11.892272916666668,19,19,48,,0.3958333333333333
2019-03-16,51.409437153846156,54.75256653846154,5.901650520833333,99.61997114583333,14.260157833333333,1.735272285416667,11.834480833333332,26,26,48,1.124911530531277,0.5416666666666666
2019-03-17,33.95835594444444,25.495538378378377,4.248388354166667,95.28357745833334,15.509607458333333,1.7723527708333333,11.806162708333334,36,37,48,0.6685546909156085,0.75
2019-03-18,,,,80.18514708333333,8.749208770833333,0.9495501333333334,11.432371875000001,17,19,48,,0.3541666666666667
2019-03-19,,,,75.2627388125,7.6773799375,0.9347849854166667,11.323644999999999,18,20,48,,0.375
2019-03-20,,,,53.732207916666674,5.820935427083334,0.8197801124999999,11.094706041666667,10,12,48,,0.20833333333333334
2019-03-21,,,,110.08454229166666,5.037365079166666,0.9301508181818182,10.871661875000001,11,13,48,,0.22916666666666666
2019-03-22,,,,108.19137820833333,5.899364291666667,0.9644803113636364,10.766044458333333,9,9,48,,0.1875
2019-03-23,,,,53.18250195833334,8.056292604166666,0.9185426187500001,10.774835833333334,9,12,48,,0.1875
2019-03-24,,,,106.39892347916667,9.112789460416666,1.1637091113636364,10.703262500000001,20,22,48,,0.4166666666666667
2019-03-25,,,,108.89907854166667,10.1085985975,1.3258142895833331,10.6485283125,16,16,48,,0.3333333333333333
2019-03-26,,,,115.67921729166666,9.252777316666666,1.1085031625,10.507806416666666,18,21,48,,0.375
2019-03-27,,,,114.90246854166666,7.435399711666666,1.1432950613636363,10.3303329375,13,19,48,,0.2708333333333333
2019-03-28,,,,114.70906458333333,7.494548729166667,1.1987997162790698,10.1029491875,17,19,48,,0.3541666666666667
2019-03-29,,,,110.293119375,7.3546173249999995,1.0265088047619046,10.062631583333333,20,27,48,,0.4166666666666667
2019-03-30,,,,121.68089541666667,9.04827475,0.9948986249999999,10.078297229166667,23,33,48,,0.4791666666666667
2019-03-31,,,,21.208057008333334,7.466230437499999,0.31940729565217396,19.822795833333334,2,4,48,,0.041666666666666664
2019-04-01,,,,105.08669337708334,9.976602208333334,0.3820584203333333,26.052782708333336,2,6,48,,0.041666666666666664
2019-04-02,,,,135.403187375,11.188783979166667,0.7915301002564102,26.607078333333334,20,20,48,,0.4166666666666667
2019-04-03,,,,124.96619575,12.186198500000001,1.1384631791666666,23.324161875,23,25,48,,0.4791666666666667
2019-04-04,48.98527852,64.57930538461538,-4.465692145833333,131.48959552083332,7.826844250000001,0.9408914895833332,20.33199,25,26,48,0.829715015295612,0.5208333333333334
2019-04-05,,,,28.598219479166662,6.8930191249999995,0.6605712836111112,20.010369583333333,11,14,48,,0.22916666666666666
2019-04-06,,,,86.74618229166667,5.658348895833334,0.6652730459459459,20.521438333333332,10,10,48,,0.20833333333333334
2019-04-07,,,,123.00429119375,7.561931104166667,0.7000083230769231,22.445455416666665,8,9,48,,0.16666666666666666
2019-04-08,,,,94.46866043749999,10.607271145833334,0.6620302018181817,22.890779374999997,16,19,48,,0.3333333333333333
2019-04-09,,,,102.38201166666666,8.599668729166668,0.7779138709090909,22.396810416666668,20,22,48,,0.4166666666666667
2019-04-10,,,,49.17951295833333,7.438892729166667,0.4112557741935484,23.2012625,5,6,48,,0.10416666666666667
2019-04-11,57.90200886388888,58.771741621621615,6.017244020833334,136.98935925,8.382496291666667,0.8873948979166666,23.492470208333334,36,37,48,0.8956242673012125,0.75
2019-04-12,57.76863472,88.34371692307693,3.2045661666666674,149.64115731249998,9.192460791666667,1.0248599666666667,21.116393541666667,25,26,48,0.9978332197599937,0.5208333333333334
2019-04-13,,,,154.86000260416668,11.066120083333333,1.2684644145833333,19.165427083333334,21,21,48,,0.4375
2019-04-14,75.90057875,60.4146403125,16.2654417,148.8894625,16.101580229166668,1.51395928125,17.692111666666666,32,32,48,1.024791534609106,0.6666666666666666
2019-04-15,,,,130.36183117708333,16.797365208333336,1.457195565957447,16.110902916666667,19,20,48,,0.3958333333333333
2019-04-16,63.993711083103456,61.75400903225806,8.516038843749998,150.20530541666668,14.23914775,1.2693898979166667,14.986430208333333,29,31,48,0.8938682863875307,0.6041666666666666
2019-04-17,,,,127.5697144375,12.969438124999998,1.0591345604166666,14.0469125,8,6,48,,0.16666666666666666
2019-04-18,,,,7.650606541666666,8.969221770833334,0.487238709,19.319745,7,7,48,,0.14583333333333334
2019-04-19,,,,14.800751704166666,7.8708656875,0.2780740415789474,30.893216666666664,1,0,48,,0.020833333333333332
2019-04-20,,,,16.78982584583333,8.926384041666667,0.34986008461538465,31.784564791666668,8,8,48,,0.16666666666666666
2019-04-21,,,,7.791392208333334,7.569927375,0.8665901730769232,29.229681041666666,6,5,48,,0.125
2019-04-22,,,,77.22855008333333,9.481098479166667,0.9339924321428571,29.813428958333333,11,11,48,,0.22916666666666666
2019-04-23,,,,48.9782501875,9.83444725,0.9142424814285715,28.62487,14,13,48,,0.2916666666666667
2019-04-24,73.49992270294118,93.97148969696968,16.042153375,178.61376756250002,10.384490083333334,1.1416823979166666,25.640906458333333,34,33,48,1.027432365820828,0.7083333333333334
2019-04-25,,,,71.60428312500001,10.204423020833334,0.7397872299999999,27.936395833333336,20,22,48,,0.4166666666666667
2019-04-26,,,,169.27051704166666,10.034812125,0.9991622520833333,26.787657291666665,23,23,48,,0.4791666666666667
2019-04-27,,,,177.79248979166667,11.827453,1.2160033812499997,24.415728541666667,18,18,48,,0.375
2019-04-28,81.77728809090908,65.18481666666666,15.353569145833333,169.7572900625,15.046057541666668,1.4147015416666666,22.78480375,33,33,48,0.9561632012601571,0.6875
2019-04-29,84.05996969696969,75.62616393939395,10.917610937500001,168.97400510416668,14.793705541666666,1.3729432833333335,21.085381458333334,33,33,48,1.009644912356148,0.6875
2019-04-30,,,,182.43440035416666,15.275919479166667,1.28775254375,19.553774999999998,20,21,48,,0.4166666666666667
2019-05-01,,,,122.73475277083334,13.821280833333333,0.9819805395833333,18.503,19,19,48,,0.3958333333333333
2019-05-02,,,,184.34075085416666,15.043458125,1.2649728464583334,18.082506875,23,24,48,,0.4791666666666667
2019-05-03,,,,113.49018610416665,12.322041770833332,1.096998991111111,20.932100833333333,20,19,48,,0.4166666666666667
2019-05-04,112.6862268,112.827364,3.074689770833333,189.90179435416667,11.556167729166667,1.246530395744681,23.883443125,25,25,48,1.2037183816415995,0.5208333333333334
2019-05-05,,,,164.4385975,14.279193291666667,1.376606252083333,21.398725833333334,19,19,48,,0.3958333333333333
2019-05-06,,,,167.32591425,15.701654562499998,1.3955622229166667,19.565721666666665,23,24,48,,0.4791666666666667
2019-05-07,104.05434492307693,49.14838551724138,9.629174354166667,156.10919770833334,17.998720000000002,1.6640676187500003,18.095996875,26,29,48,1.0430641319335456,0.5416666666666666
2019-05-08,,,,158.12166158124998,17.229068958333333,1.4234992499999999,16.899332291666667,14,14,48,,0.2916666666666667
2019-05-09,,,,116.35057570833334,16.23722520833333,1.2033087714285715,17.702257708333335,14,14,48,,0.2916666666666667
2019-05-10,113.15253976923077,109.19247308,15.192662916666668,193.88150879166668,18.3415025,1.5191465708333332,17.16324375,26,25,48,1.2251693173129834,0.5416666666666666
2019-05-11,122.40321606896552,108.05936185185185,11.228787166666669,190.61529458333334,18.924663541666668,1.7500526583333333,15.643732083333333,29,27,48,1.2679536844920973,0.6041666666666666
2019-05-12,,,,189.7420508125,17.3633871875,1.6047913145833335,14.528034583333332,16,17,48,,0.3333333333333333
2019-05-13,,,,189.64579949791667,15.800700166666667,1.4962775875,13.68370375,14,14,48,,0.2916666666666667
2019-05-14,,,,190.1092681875,15.989006729166666,1.5385541520833335,12.955799999999998,23,26,48,,0.4791666666666667
2019-05-15,91.59040621428572,71.13398535714286,12.871436666666668,182.49910291666666,19.7443964375,2.2514195,12.266897291666666,28,28,48,0.9621736514413245,0.5833333333333334
2019-05-16,,,,190.07304264583334,17.294517708333334,1.4142211979166668,11.680537708333333,17,18,48,,0.3541666666666667
2019-05-17,,,,153.717868125,14.088770895833333,1.4123337,11.215269791666666,11,8,48,,0.22916666666666666
2019-05-18,54.030060416666664,121.87149583333333,-5.573972804166666,120.78406702083333,12.329942208333334,1.3304428604166667,11.008536666666666,24,24,48,1.410182548468537,0.5
2019-05-19,,,,165.25734,11.460949333333334,1.3157233645833335,10.815854166666666,21,20,48,,0.4375
2019-05-20,,,,23.521458636363636,9.337804,0.9726681181818181,10.606573181818181,5,5,48,,0.10416666666666667
2019-05-21,,,,,,,,0,0,48,,0.0
2019-05-22,60.64904360333333,102.292429,11.634265125,162.2609454125,17.206894375,1.570184525,10.578615625,30,30,48,1.0758949868344885,0.625
2019-05-23,55.38843125,68.29337045833334,8.864188416666666,109.19297310416665,19.458151458333333,2.0015534374999997,10.285327291666666,24,24,48,1.2138692294654831,0.5
2019-05-24,,,,86.64434443541667,16.829528958333334,1.458292508888889,10.30826375,11,13,48,,0.22916666666666666
2019-05-25,,,,162.10510250000002,14.591122416666666,1.3295034645833332,11.082149791666666,22,24,48,,0.4583333333333333
2019-05-26,59.968110241666665,148.0212532142857,12.1511646875,197.56824520833334,16.32623275,1.5659099875,10.773587916666665,24,28,48,1.1142505614265938,0.5
2019-05-27,,,,189.90066608333333,17.910884499999998,1.8244845916666665,10.1420835,19,20,48,,0.3958333333333333
2019-05-28,,,,188.86268735416664,18.937910416666668,1.9364759604166668,9.607441333333332,23,24,48,,0.4791666666666667
2019-05-29,44.07301119230769,166.49906466666664,7.450536125,191.60389916666668,15.760081041666666,1.6672907062499998,9.123077604166667,26,30,48,1.137881916454776,0.5416666666666666
2019-05-30,32.07340105263158,113.46572820512822,10.257461895833334,187.83604125,16.7219105,1.768635247916667,8.674743520833333,38,39,48,0.8294286342323195,0.7916666666666666
2019-05-31,43.752883812,163.81249793103447,11.0760224375,189.48367770833332,18.065002770833335,1.8695847125,8.2936505,25,29,48,1.1538798846678646,0.5208333333333334
2019-06-01,29.12423870588235,97.32505888888889,11.521757875,187.5123599375,19.14363270833333,2.151183452083333,7.919345458333333,34,36,48,0.7357971256708548,0.7083333333333334
2019-06-02,42.623761125,156.7853696875,12.654011542291665,182.53850456249998,20.492978958333335,2.4679082708333335,7.5500627499999995,32,32,48,1.1617447116872959,0.6666666666666666
2019-06-03,,,,125.76887097916666,22.164450000000002,2.6109020625,7.2301334375,23,23,48,,0.4791666666666667
2019-06-04,,,,172.94809202916667,23.506538541666668,2.8361271041666667,7.006764729166666,23,25,48,,0.4791666666666667
2019-06-05,,,,164.691767875,17.95985,1.9078133541666666,6.730644895833334,23,27,48,,0.4791666666666667
2019-06-06,,,,175.438954375,17.555306708333333,2.0022596770833334,6.519677208333333,23,27,48,,0.4791666666666667
2019-06-07,,,,172.11528270833332,17.154222270833333,1.7890302333333334,6.382819729166666,20,26,48,,0.4166666666666667
2019-06-08,,,,177.64711291666666,17.10875233333333,1.6829586250000002,6.253985749999999,23,27,48,,0.4791666666666667
2019-06-09,,,,123.5489416875,19.6659675,2.0825764166666665,6.2412269375,23,29,48,,0.4791666666666667
2019-06-10,19.587917964285715,112.333405,13.0555210625,171.6526895833333,20.450410416666667,2.34702375,6.0341138333333335,28,35,48,0.8445940717777269,0.5833333333333334
2019-06-11,21.768936076923076,145.2692319090909,6.654268820833334,150.77723541666668,18.766621666666666,2.0379921249999997,5.8541000625,26,33,48,1.1519805116923347,0.5416666666666666
2019-06-12,,,,162.48675385416666,14.9386054375,1.4826226541666665,5.819536437499999,16,21,48,,0.3333333333333333
2019-06-13,,,,154.98388445833334,17.98164854166667,1.5992050604166665,5.825651729166666,17,23,48,,0.3541666666666667
2019-06-14,,,,202.5144405625,19.691163125,2.113567847727273,11.686257625000001,23,24,48,,0.4791666666666667
2019-06-15,40.92360282758621,132.86094535714287,1.485455232291666,189.69802645833332,17.734549583333333,1.8832561250000002,12.074761458333334,29,28,48,0.9239421552733884,0.6041666666666666
2019-06-16,,,,127.77172120833335,18.499242291666665,1.8217884583333332,10.773165208333333,18,18,48,,0.375
2019-06-17,,,,179.320244875,21.596314791666668,2.366371125,9.725891125,18,18,48,,0.375
2019-06-18,,,,178.91895183333335,22.747574583333332,2.594633375,8.470982604166666,19,19,48,,0.3958333333333333
2019-06-19,,,,181.83906083333332,22.789752916666668,2.5565689375000002,7.504769270833333,18,21,48,,0.375
2019-06-20,19.075352859310343,74.11747470588236,13.466051395833334,161.07570729166667,23.110918333333334,2.477074395833333,6.828241062499999,29,34,48,0.6621661376156135,0.6041666666666666
2019-06-21,,,,131.76231312500002,22.24606625,2.2249478125,6.4318435208333335,16,22,48,,0.3333333333333333
2019-06-22,,,,161.256214,21.981759583333332,2.160455708333333,6.1613479375,22,28,48,,0.4583333333333333
2019-06-23,32.88415119230769,161.2403734375,14.280456854166665,175.326436875,23.552672291666667,2.74860475,5.907399083333334,26,32,48,1.188668321780576,0.5416666666666666
2019-06-24,,,,166.29109416666668,23.314239583333332,2.6507633124999996,5.5417415000000005,15,20,48,,0.3125
2019-06-25,,,,174.2178854583333,25.105226666666667,2.7104446458333333,5.5165589375,13,32,48,,0.2708333333333333
2019-06-26,,,,179.8433949375,23.41911125,2.2351041416666666,5.380208770833334,15,23,48,,0.3125
2019-06-27,,,,151.54409208333334,25.99239354166667,3.0797518333333334,5.217310854166667,17,26,48,,0.3541666666666667
2019-06-28,25.219993362962963,118.22177264705883,15.691448333333334,163.78781520833334,26.331173333333336,3.3345061041666666,5.105377520833334,27,34,48,0.9715815193025336,0.5625
2019-06-29,,,,158.68102525,27.403695625,3.7598350851063826,4.925701083333333,22,30,48,,0.4583333333333333
2019-06-30,,,,154.66915833333334,27.18864541666667,3.7187885416666666,4.728875270833333,23,26,48,,0.4791666666666667
2019-07-01,,,,121.19884166666667,25.615112291666666,2.9571618749999997,4.5592772083333335,12,17,48,,0.25
2019-07-02,,,,174.73219500000002,23.636413958333335,2.0973942083333332,4.724898270833333,18,32,48,,0.375
2019-07-03,25.022359493333333,118.03851111111112,13.043894979166668,169.222040625,23.864511041666663,2.6263231666666664,4.6261706875,27,36,48,0.922484831213819,0.5625
2019-07-04,,,,155.85937854166667,23.2387075,2.456479520833333,4.493580125,17,30,48,,0.3541666666666667
2019-07-05,,,,163.96661187499998,24.70214916666667,2.5396408374999995,4.51952525,13,21,48,,0.2708333333333333
2019-07-06,,,,106.34056395833333,26.955028125,3.250240208333333,4.48195825,12,16,48,,0.25
2019-07-07,,,,110.82896102083333,25.068335,2.57999742,5.127298354166666,8,10,48,,0.16666666666666666
2019-07-08,,,,148.51510185416666,22.051462708333332,1.8026546687499998,9.732340354166666,8,7,48,,0.16666666666666666
2019-07-09,71.31820034482759,127.38320714285715,-0.8938511875000009,183.2534045,22.603107499999997,2.420690083333333,11.755935833333332,29,28,48,1.0794209081129773,0.6041666666666666
2019-07-10,,,,180.198705,23.314365,2.6105161666666663,10.379453645833333,22,24,48,,0.4583333333333333
2019-07-11,,,,167.75855020833333,26.04913875,3.113764729166667,9.017952729166668,20,21,48,,0.4166666666666667
2019-07-12,,,,126.85579091666666,28.194833333333335,3.6215033541666664,7.594230020833333,18,19,48,,0.375
2019-07-13,41.5407308,124.80532035714285,11.711178758333334,145.13593416666666,29.631735833333334,3.952007125,6.5655046666666665,25,28,48,1.2268307703246284,0.5208333333333334
2019-07-14,29.978062483870968,146.7918113030303,6.179731833333332,163.27091,25.031682291666666,2.7902171874999997,5.9399399375,31,33,48,1.120527873705332,0.6458333333333334
2019-07-15,,,,181.668070625,26.209427291666668,3.1350568541666664,5.6200618125,19,22,48,,0.3958333333333333
2019-07-16,,,,178.74926666666667,24.297871875,2.275559708333333,5.309578833333333,14,23,48,,0.2916666666666667
2019-07-17,,,,152.45691979166665,24.362684375,2.5639369375000003,5.097227416666667,22,25,48,,0.4583333333333333
2019-07-18,30.528641474074075,85.06894193548388,12.890941541666665,163.455936875,25.022822291666667,2.8658843333333333,4.8997130625,27,31,48,0.7860743843735938,0.5625
2019-07-19,,,,163.80050104166665,25.046368541666666,3.070515395833333,4.692292354166667,22,27,48,,0.4583333333333333
2019-07-20,,,,149.69903010208336,26.370133749999997,3.1854654583333333,4.548852208333334,19,21,48,,0.3958333333333333
2019-07-21,,,,157.43206170208336,26.362674375,3.2176277499999997,4.470415729166667,19,30,48,,0.3958333333333333
2019-07-22,,,,157.0938744375,26.095479375,3.1915596041666663,4.387456583333333,23,25,48,,0.4791666666666667
2019-07-23,37.81581355555556,116.860845,11.600294258333333,133.96416808333333,26.768448958333334,3.5432634999999997,4.260801645833333,27,30,48,1.241204683258699,0.5625
2019-07-24,,,,155.70331537500002,27.21490916666667,3.6509739583333336,4.21898775,20,21,48,,0.4166666666666667
2019-07-25,34.70764166923077,131.39336931034484,15.064247625,154.23213020833333,26.959862291666667,3.5035189791666665,4.173686666666667,26,29,48,1.174627221707057,0.5416666666666666
2019-07-26,,,,153.24261311083333,25.85149291666667,3.1687164374999996,4.1153669375,21,28,48,,0.4375
2019-07-27,,,,137.25049416666667,22.781216458333333,2.607458875,3.9580886250000002,20,22,48,,0.4166666666666667
2019-07-28,,,,152.09881916666666,22.820830416666666,2.374337645833333,4.124212104166666,11,20,48,,0.22916666666666666
2019-07-29,,,,150.07116349999998,25.541839166666666,2.9113266666666666,4.1582543124999995,16,20,48,,0.3333333333333333
2019-07-30,,,,152.951532875,25.50994,3.0903219791666667,4.1052106041666665,18,21,48,,0.375
2019-07-31,,,,142.52984529166667,23.1349575,2.061813125,4.110185166666667,18,34,48,,0.375
2019-08-01,,,,143.61397518750002,25.052377708333335,2.7245086041666666,4.2079774375,16,18,48,,0.3333333333333333
2019-08-02,,,,153.82542084791666,25.624027291666664,2.807589645833333,4.19043,20,28,48,,0.4166666666666667
2019-08-03,,,,152.57402079166667,25.732549583333334,2.6400488125,4.2050340833333335,23,29,48,,0.4791666666666667
2019-08-04,,,,145.812413125,26.703765625,3.2146518333333334,4.137375895833333,10,22,48,,0.20833333333333334
2019-08-05,,,,134.38315764583334,26.890469166666666,3.0760353124999997,4.085008125,11,19,48,,0.22916666666666666
2019-08-06,,,,137.5767628125,27.546597708333334,3.408434727272727,4.0698838749999995,11,18,48,,0.22916666666666666
2019-08-07,27.63782028,86.87612633333333,5.7944031874999995,99.52489327083333,27.385843750000003,3.606445020833333,3.8514803124999997,25,30,48,1.208826715075622,0.5208333333333334
2019-08-08,,,,150.524983125,26.908922708333336,3.3791508749999997,3.965439875,22,24,48,,0.4583333333333333
2019-08-09,,,,146.53827458333333,27.96565729166667,3.7744835,3.93902025,23,30,48,,0.4791666666666667
2019-08-10,,,,146.61664922916665,26.2501175,2.8819663125000003,3.9307500625,9,15,48,,0.1875
2019-08-11,,,,134.19095604166668,25.876127083333333,3.155885854166667,3.9006594375,23,27,48,,0.4791666666666667
2019-08-12,18.994187088235293,79.882285,6.089912041666666,138.58120604166666,22.931448333333336,2.80741,3.7909815208333337,34,36,48,0.7574359260399431,0.7083333333333334
2019-08-13,,,,137.46220575,22.541300208333336,2.0799967708333336,3.8950158333333333,21,24,48,,0.4375
2019-08-14,,,,141.18234041666668,24.127213958333332,2.5815873333333332,3.9809676666666665,13,19,48,,0.2708333333333333
2019-08-15,,,,127.09782083333334,25.66408208333333,2.800647520833333,3.9790845208333336,12,16,48,,0.25
2019-08-16,,,,140.31205,24.984379166666667,2.796076041666667,3.9751293125,23,28,48,,0.4791666666666667
2019-08-17,,,,108.141686875,27.265061041666666,3.2559902291666667,3.9632398541666665,18,24,48,,0.375
2019-08-18,,,,118.68044247916667,28.35102625,3.7397220624999994,3.9378731666666664,12,16,48,,0.25
2019-08-19,,,,133.64654645833335,26.298583124999997,3.2897257083333336,3.8535864791666667,11,19,48,,0.22916666666666666
2019-08-20,,,,87.49327341666667,22.73875375,1.9668526875,3.7432513333333333,8,12,48,,0.16666666666666666
2019-08-21,,,,27.92286900625,19.936735208333335,1.4194296328145835,4.3199595,11,16,48,,0.22916666666666666
2019-08-22,,,,150.192371875,21.06374375,2.1653193125000003,4.558652458333333,9,15,48,,0.1875
2019-08-23,,,,138.82706822916666,21.671046041666667,2.427471708333333,4.2469731458333335,15,26,48,,0.3125
2019-08-24,,,,131.96775704166666,22.58002541666667,2.5168358541666667,4.102158291666666,16,24,48,,0.3333333333333333
2019-08-25,,,,137.52565458333333,22.283830624999997,2.336196375,4.056170145833334,21,27,48,,0.4375
2019-08-26,,,,48.615946625,20.98267291666667,1.8486078833333335,4.052327375,16,25,48,,0.3333333333333333
2019-08-27,,,,-8.865125,16.36169,1.199357,12.56105,0,0,48,,0.0
2019-08-28,,,,,,,,0,0,48,,0.0
2019-08-29,,,,,,,,0,0,48,,0.0
2019-08-30,,,,,,,,0,0,48,,0.0
2019-08-31,,,,,,,,0,0,48,,0.0
2019-09-01,,,,,,,,0,0,48,,0.0
2019-09-02,,,,,,,,0,0,48,,0.0
2019-09-03,,,,,,,,0,0,48,,0.0
2019-09-04,,,,,,,,0,0,48,,0.0
2019-09-05,,,,,,,,0,0,48,,0.0
2019-09-06,,,,230.48661652173914,23.77735347826087,2.0648231739130436,10.118791,15,15,48,,0.3125
2019-09-07,,,,123.26684772916667,20.287755833333332,1.6103203541666666,14.118598749999999,23,22,48,,0.4791666666666667
2019-09-08,50.41596496153846,84.00897417857142,-8.118409416666667,86.17035141666668,19.121336875,1.5774221625,12.775247083333333,26,28,48,1.4657771222575469,0.5416666666666666
2019-09-09,35.9065325862069,67.16596351612904,1.131195479166667,116.52543687500001,21.770409791666665,2.2102877375000003,11.88707,29,31,48,0.8942570341382605,0.6041666666666666
2019-09-10,,,,106.53335854166666,17.918776041666668,1.9158509791666667,11.051321666666666,12,14,48,,0.25
2019-09-11,,,,41.383662125,13.808599583333333,1.3064377291666667,10.521374375,11,12,48,,0.22916666666666666
2019-09-12,,,,41.51523923125,15.391067916666666,0.6019761068965517,24.7798525,3,3,48,,0.0625
2019-09-13,,,,52.065447746249994,15.602098750000001,0.26079647658536587,28.432830624999998,4,10,48,,0.08333333333333333
2019-09-14,,,,46.759460625,17.052843333333332,1.0294899804347826,26.238290208333336,6,6,48,,0.125
2019-09-15,,,,107.68547273749999,19.557885625,1.1664645979166666,23.867760833333335,7,11,48,,0.14583333333333334
2019-09-16,,,,103.91064077083333,20.8659325,1.5164802291666668,22.625619375,15,17,48,,0.3125
2019-09-17,,,,110.23383693749999,20.513536041666665,1.5358935639130435,22.855748958333333,20,25,48,,0.4166666666666667
2019-09-18,,,,134.0129830625,20.034174375,1.5952988395833332,23.989196458333335,16,19,48,,0.3333333333333333
2019-09-19,,,,112.73615958333333,20.63241770833333,1.6033736937499998,22.310821875000002,22,27,48,,0.4583333333333333
2019-09-20,,,,79.32909,19.2985825,1.2969941083333334,21.513862916666668,20,22,48,,0.4166666666666667
2019-09-21,,,,72.598331375,19.598953958333333,1.3048236583333335,21.053518125,14,16,48,,0.2916666666666667
2019-09-22,,,,92.31257575000001,19.089820833333334,1.3363418675,20.720777916666666,21,22,48,,0.4375
2019-09-23,,,,109.21147639583334,17.116325833333335,1.49863931875,20.18262041666667,21,21,48,,0.4375
2019-09-24,,,,123.94196354166667,19.095450104166666,1.9259695729166666,19.28198375,20,20,48,,0.4166666666666667
2019-09-25,58.26049382758621,70.50772193548387,-0.9820083875000002,109.34075758333334,19.56046375,1.6993255,18.420163958333333,29,31,48,1.1686969269275336,0.6041666666666666
2019-09-26,,,,118.59644447916666,18.972100416666667,1.6822318270833332,17.62634291666667,17,20,48,,0.3541666666666667
2019-09-27,,,,112.531748125,20.517361458333333,2.0102921770833335,16.955099583333332,16,23,48,,0.3333333333333333
2019-09-28,,,,110.263038125,20.17912958333333,1.9342701875,16.205650833333333,20,20,48,,0.4166666666666667
2019-09-29,,,,113.0664125,21.07725125,2.380269,15.477073333333335,13,13,48,,0.2708333333333333
2019-09-30,,,,107.58596854166666,20.530167916666667,2.2269547166666666,14.781311875,21,22,48,,0.4375
2019-10-01,,,,90.46136088125,20.496324791666666,2.14620440625,14.210745416666667,20,25,48,,0.4166666666666667
2019-10-02,32.10045028125,59.9181840625,-6.788010750000001,94.68292104166666,18.078846875,1.8337618958333333,13.680725416666666,32,32,48,0.9001689286312043,0.6666666666666666
2019-10-03,48.61539758333333,126.70333583333333,-6.070841208333333,102.79554166666667,16.997995416666665,1.815697558333333,13.243260208333332,24,24,48,1.6464516793651476,0.5
2019-10-04,,,,100.35568666666667,17.887410979166667,1.9235578,12.857141458333333,13,13,48,,0.2708333333333333
2019-10-05,,,,99.14533583333333,19.17298975,1.9797900645833333,12.501760833333334,15,15,48,,0.3125
2019-10-06,,,,92.19778722916668,18.637824583333334,1.90731619375,12.201086666666667,14,16,48,,0.2916666666666667
2019-10-07,24.113108714285715,42.131906216216215,1.9455586041666664,85.20793770833333,21.127292916666665,2.3356077083333333,11.931159166666667,35,37,48,0.8002842853453963,0.7291666666666666
2019-10-08,,,,99.09104835416667,18.237389375,1.50487916,11.666692708333334,16,17,48,,0.3333333333333333
2019-10-09,,,,88.48859281249999,20.513727499999998,1.7994874729166668,11.515996666666666,13,24,48,,0.2708333333333333
2019-10-10,,,,86.32008595833334,18.471305208333334,1.3398193250000001,11.358283125,10,11,48,,0.20833333333333334
2019-10-11,,,,93.12129027083334,18.88398875,1.5576373125000003,11.259973125,15,18,48,,0.3125
2019-10-12,,,,45.043874241666664,17.651398333333333,1.3758328666666666,11.172522083333334,13,23,48,,0.2708333333333333
2019-10-13,,,,85.77493635416666,20.104113333333334,1.7916647208333334,11.182640833333332,17,24,48,,0.3541666666666667
2019-10-14,,,,22.60489266666666,17.215996875,1.3748517913043479,11.222518749999999,9,7,48,,0.1875
2019-10-15,,,,89.23760814583333,11.120384958333332,1.084799555319149,11.428167916666666,21,22,48,,0.4375
2019-10-16,,,,83.3994366875,11.706129604166668,1.30573936875,11.407842500000001,16,16,48,,0.3333333333333333
2019-10-17,,,,74.92322877083333,13.312160083333334,1.4816776958333333,11.305459166666667,16,16,48,,0.3333333333333333
2019-10-18,,,,68.67550145833333,15.443586666666667,1.50671286875,11.223651875,13,13,48,,0.2708333333333333
2019-10-19,,,,54.4032105625,15.705930312500001,1.3959968166666668,11.182369791666666,9,12,48,,0.1875
2019-10-20,,,,29.43371196041667,12.234115625000001,0.9816109444444445,12.029622708333333,14,17,48,,0.2916666666666667
2019-10-21,,,,60.103529583333334,8.76275025,0.9197984833333332,12.282163958333333,15,16,48,,0.3125
2019-10-22,,,,8.796758375,7.7171228125,0.5504450411333334,22.474825416666665,3,2,48,,0.0625
2019-10-23,,,,44.056869206250006,8.311189395833333,0.6683383931034482,27.276205,7,7,48,,0.14583333333333334
2019-10-24,,,,55.79163225,10.359363083333333,0.82822290625,25.927860624999997,12,16,48,,0.25
2019-10-25,,,,80.808505,11.281559333333334,1.0534793434782608,23.907275833333333,15,16,48,,0.3125
2019-10-26,,,,71.56868291666667,13.784797604166668,1.2100997729166667,23.432284166666665,10,13,48,,0.20833333333333334
2019-10-27,,,,72.29256931249999,14.1374225,1.1445094193548386,22.934974791666665,15,19,48,,0.3125
2019-10-28,,,,45.703264104166664,14.478192916666666,1.1457393708333332,22.50500083333333,12,15,48,,0.25
2019-10-29,,,,67.46004735416666,14.233291874999999,1.1255035083333333,22.061835000000002,23,23,48,,0.4791666666666667
2019-10-30,,,,73.66112729166666,14.514744229166666,1.1849089270833333,21.611925416666665,18,18,48,,0.375
2019-10-31,19.28673296,20.241017208333332,0.9832104729166667,44.889510145833334,16.701536458333333,1.2838114437500001,21.153132083333333,25,24,48,0.9024594055413242,0.5208333333333334
2019-11-01,,,,35.31963572916667,17.326710416666668,1.2592186479166665,20.658394583333333,12,12,48,,0.25
2019-11-02,,,,47.79778041666666,16.386660000000003,1.26849825,20.1133375,6,8,48,,0.125
2019-11-03,,,,65.8985124375,14.783843958333334,1.2636200625,19.466380833333336,0,0,48,,0.0
2019-11-04,,,,53.747215958333335,14.250088125,1.17550769375,18.584203958333333,5,6,48,,0.10416666666666667
2019-11-05,,,,42.65928420833333,10.587610604166667,0.9089745926829268,19.283864583333333,5,7,48,,0.10416666666666667
2019-11-06,24.4659812875,38.9207928,-14.616928999999999,33.916761666666666,9.054648229166666,0.9547896395833334,18.90523895833333,24,25,48,1.43792752288114,0.5
2019-11-07,,,,26.44151340625,10.345747458333333,0.9835215326086957,18.355540208333334,13,15,48,,0.2708333333333333
2019-11-08,,,,45.794796312500004,6.680924083333333,0.8504317111111112,18.123041041666667,9,9,48,,0.1875
2019-11-09,,,,48.02840522916667,7.412578583333333,0.8576851333333334,17.706549166666665,20,19,48,,0.4166666666666667
2019-11-10,,,,30.477438135416666,6.963473625,0.7616045787234043,18.579253541666667,2,2,48,,0.041666666666666664
2019-11-11,,,,13.783066666666665,6.174624125,0.7707137854166667,17.999323125,14,16,48,,0.2916666666666667
2019-11-12,,,,40.069441250000004,6.777935562500001,0.8729684416666667,17.631156666666666,22,27,48,,0.4583333333333333
2019-11-13,,,,47.01259177083333,11.235251041666666,0.8313462325581396,18.473699375,1,8,48,,0.020833333333333332
2019-11-14,,,,-0.6942491666666667,7.818417354166667,0.9037105775000001,19.233197083333334,1,6,48,,0.020833333333333332
2019-11-15,,,,7.290122187499999,4.7244496875,0.7431949479166666,19.70415375,11,14,48,,0.22916666666666666
2019-11-16,,,,26.99257379166667,4.187771539583333,0.7596225958333334,18.934355625,18,21,48,,0.375
2019-11-17,,,,41.04989960416667,5.9475176125,0.7988993533333333,18.660215833333336,13,17,48,,0.2708333333333333
2019-11-18,,,,42.628562583333334,5.506017708333334,0.7183228235294117,24.54997625,17,22,48,,0.3541666666666667
2019-11-19,,,,22.033991874999998,4.4331657770833335,0.7585017583333333,22.667023333333333,22,26,48,,0.4583333333333333
2019-11-20,,,,41.568252729166666,5.044001033333333,0.786903754054054,22.489106666666668,9,12,48,,0.1875
2019-11-21,,,,51.28479639291667,7.46787475,0.6753379272727272,24.58518020833333,14,15,48,,0.2916666666666667
2019-11-22,,,,34.199286775,8.8902998125,0.50427881,26.790245625,2,3,48,,0.041666666666666664
2019-11-23,,,,33.328427166666664,8.260038,0.8224424512195123,26.389137291666668,3,3,48,,0.0625
2019-11-24,,,,2.1790812500000016,6.3177782916666665,0.7768049520833333,24.044573333333332,17,20,48,,0.3541666666666667
2019-11-25,,,,45.35542211458334,11.066518416666668,0.8607250642857143,24.708798958333333,6,6,48,,0.125
2019-11-26,,,,28.1473594,11.69491,0.89854419375,24.547338333333332,19,20,48,,0.3958333333333333
2019-11-27,,,,35.98577591666667,11.515863020833335,0.9235783729166667,24.86750625,15,17,48,,0.3125
2019-11-28,,,,18.543122812500002,9.385552041666667,0.8505345104166666,23.064205,15,17,48,,0.3125
2019-11-29,,,,12.487689804166665,11.1447145,0.9149103562500001,23.081738333333334,10,11,48,,0.20833333333333334
2019-11-30,,,,41.413841749999996,11.4762604375,0.9456511333333333,23.64312,20,23,48,,0.4166666666666667
2019-12-01,,,,21.969715625000003,8.635717625,0.870609325,21.806932083333333,15,18,48,,0.3125
2019-12-02,,,,23.938888604166667,7.510064520833333,0.4928029670967741,27.42586208333333,2,2,48,,0.041666666666666664
2019-12-03,,,,7.6653905770833335,6.469056770833333,0.2652042154285714,25.809481875,0,0,48,,0.0
2019-12-04,,,,21.078930366666665,6.21638125,-0.011399335277777787,26.6327275,0,2,48,,0.0
2019-12-05,,,,27.093744139583336,7.336693520833333,0.5487304461538461,27.732159999999997,7,10,48,,0.14583333333333334
2019-12-06,,,,29.001359467916668,7.687251520833333,0.7072418,26.09790729166667,16,17,48,,0.3333333333333333
2019-12-07,,,,26.258072645833334,4.803608270833333,0.7553825534883721,24.909790625,9,11,48,,0.1875
2019-12-08,,,,49.16362589583333,4.28604648875,0.6295636564102565,23.93146,8,12,48,,0.16666666666666666
2019-12-09,,,,32.77643764583333,8.8445801875,0.7289002155555555,24.438122083333337,15,24,48,,0.3125
2019-12-10,17.324149666666667,28.518092692307693,-15.631540014583335,15.477038679041668,5.9845476458333335,0.8333494270833333,23.331335208333332,24,26,48,1.951969170000269,0.5
2019-12-11,,,,4.211598958333335,4.155153668625,0.7382566291666667,22.784845,13,12,48,,0.2708333333333333
2019-12-12,,,,8.583588125,5.452912333333334,0.7142914541666666,22.62468125,13,16,48,,0.2708333333333333
2019-12-13,,,,11.478259125000001,10.642429708333333,0.9113509000000001,22.879382708333335,1,1,48,,0.020833333333333332
2019-12-14,,,,-7.2005122083333335,9.325945479166666,0.8820769395833332,22.475842916666664,4,4,48,,0.08333333333333333
2019-12-15,,,,35.434816972916664,8.064475729166666,0.86375871875,22.508523541666666,16,16,48,,0.3333333333333333
2019-12-16,,,,-10.39387806875,7.762737958333333,0.8180444511627908,21.754407291666666,7,9,48,,0.14583333333333334
2019-12-17,,,,18.500651083333334,7.4631089374999995,0.9671928979166667,22.198071458333335,16,20,48,,0.3333333333333333
2019-12-18,,,,23.386667666666664,5.761907416666666,0.7922801479166666,21.606168125,20,26,48,,0.4166666666666667
2019-12-19,,,,-10.2369169375,6.8967524000000004,0.7893859354166668,21.354716874999998,14,15,48,,0.2916666666666667
2019-12-20,,,,-4.1682726627083335,14.266303125,1.1246444913043478,23.082272916666668,6,8,48,,0.125
2019-12-21,,,,31.11426002083333,15.013113333333335,1.0654102542857145,26.41672145833333,0,1,48,,0.0
2019-12-22,,,,6.162051666666666,11.152309166666667,1.0431233833333333,24.016161666666665,1,1,48,,0.020833333333333332
2019-12-23,,,,13.1535025,9.839525458333332,0.9717390729166666,23.143191041666668,15,14,48,,0.3125
2019-12-24,,,,21.737203735416667,7.190423335416667,0.8873615022727271,22.37885833333333,3,4,48,,0.0625
2019-12-25,,,,-47.58672,2.995611,,21.76702,0,0,48,,0.0
2019-12-26,,,,,,,,0,0,48,,0.0
2019-12-27,,,,,,,,0,0,48,,0.0
2019-12-28,,,,,,,,0,0,48,,0.0
2019-12-29,,,,,,,,0,0,48,,0.0
2019-12-30,,,,,,,,0,0,48,,0.0
2019-12-31,,,,,,,,0,0,48,,0.0
2020-01-01,,,,,,,,0,0,48,,0.0
2020-01-02,,,,,,,,0,0,48,,0.0
2020-01-03,,,,,,,,0,0,48,,0.0
2020-01-04,,,,,,,,0,0,48,,0.0
2020-01-05,,,,,,,,0,0,48,,0.0
2020-01-06,,,,,,,,0,0,48,,0.0
2020-01-07,,,,,,,,0,0,48,,0.0
2020-01-08,,,,,,,,0,0,48,,0.0
2020-01-09,,,,,,,,0,0,48,,0.0
2020-01-10,,,,,,,,0,0,48,,0.0
2020-01-11,,,,,,,,0,0,48,,0.0
2020-01-12,,,,,,,,0,0,48,,0.0
2020-01-13,,,,,,,,0,0,48,,0.0
2020-01-14,,,,,,,,0,0,48,,0.0
2020-01-15,,,,,,,,0,0,48,,0.0
2020-01-16,,,,,,,,0,0,48,,0.0
2020-01-17,,,,,,,,0,0,48,,0.0
2020-01-18,,,,,,,,0,0,48,,0.0
2020-01-19,,,,,,,,0,0,48,,0.0
2020-01-20,,,,,,,,0,0,48,,0.0
2020-01-21,,,,,,,,0,0,48,,0.0
2020-01-22,,,,,,,,0,0,48,,0.0
2020-01-23,,,,,,,,0,0,48,,0.0
2020-01-24,,,,,,,,0,0,48,,0.0
2020-01-25,,,,,,,,0,0,48,,0.0
2020-01-26,,,,,,,,0,0,48,,0.0
2020-01-27,,,,,,,,0,0,48,,0.0
2020-01-28,,,,,,,,0,0,48,,0.0
2020-01-29,,,,,,,,0,0,48,,0.0
2020-01-30,,,,,,,,0,0,48,,0.0
2020-01-31,,,,,,,,0,0,48,,0.0
2020-02-01,,,,,,,,0,0,48,,0.0
2020-02-02,,,,,,,,0,0,48,,0.0
2020-02-03,,,,,,,,0,0,48,,0.0
2020-02-04,,,,,,,,0,0,48,,0.0
2020-02-05,,,,,,,,0,0,48,,0.0
2020-02-06,,,,,,,,0,0,48,,0.0
2020-02-07,,,,,,,,0,0,48,,0.0
2020-02-08,,,,,,,,0,0,48,,0.0
2020-02-09,,,,,,,,0,0,48,,0.0
2020-02-10,,,,,,,,0,0,48,,0.0
2020-02-11,,,,,,,,0,0,48,,0.0
2020-02-12,,,,,,,,0,0,48,,0.0
2020-02-13,,,,,,,,0,0,48,,0.0
2020-02-14,,,,,,,,0,0,48,,0.0
2020-02-15,,,,,,,,0,0,48,,0.0
2020-02-16,,,,,,,,0,0,48,,0.0
2020-02-17,,,,,,,,0,0,48,,0.0
2020-02-18,,,,,,,,0,0,48,,0.0
2020-02-19,,,,,,,,0,0,48,,0.0
2020-02-20,,,,,,,,0,0,48,,0.0
2020-02-21,,,,,,,,0,0,48,,0.0
2020-02-22,,,,,,,,0,0,48,,0.0
2020-02-23,,,,,,,,0,0,48,,0.0
2020-02-24,,,,,,,,0,0,48,,0.0
2020-02-25,,,,,,,,0,0,48,,0.0
2020-02-26,,,,,,,,0,0,48,,0.0
2020-02-27,,,,,,,,0,0,48,,0.0
2020-02-28,,,,,,,,0,0,48,,0.0
2020-02-29,,,,,,,,0,0,48,,0.0
2020-03-01,,,,,,,,0,0,48,,0.0
2020-03-02,,,,,,,,0,0,48,,0.0
2020-03-03,,,,,,,,0,0,48,,0.0
2020-03-04,,,,,,,,0,0,48,,0.0
2020-03-05,,,,,,,,0,0,48,,0.0
2020-03-06,,,,,,,,0,0,48,,0.0
2020-03-07,,,,,,,,0,0,48,,0.0
2020-03-08,,,,,,,,0,0,48,,0.0
2020-03-09,,,,-65.510833,10.849608100000001,1.2824620999999998,16.286586,8,8,48,,0.16666666666666666
2020-03-10,39.49082790909091,48.27768636363636,3.2020169574468085,95.18725634042553,13.116495212765958,1.5022189957446808,15.69064914893617,33,33,48,0.9557007390236057,0.6875
2020-03-11,,,,113.56466658333333,15.268201145833332,1.62885464375,15.639201666666667,14,15,48,,0.2916666666666667
2020-03-12,54.3784684516129,28.76431322580645,7.012421729166667,95.97758625,16.986433166666668,1.7743231791666667,15.684771666666668,31,31,48,0.9393360150957746,0.6458333333333334
2020-03-13,,,,90.14232541666667,13.999427020833332,1.37434624375,15.303856875000001,19,19,48,,0.3958333333333333
2020-03-14,29.51793381259259,25.41856862068965,3.697558160416667,94.51226175,12.558806500000001,1.1547755562500002,14.990619166666667,27,29,48,0.6203857521555812,0.5625
2020-03-15,,,,129.19393226666668,12.236318666666667,1.234724665909091,14.810336249999999,15,15,48,,0.3125
2020-03-16,,,,39.497650408333335,5.7965033395833325,0.6084658620689656,18.071777291666667,8,8,48,,0.16666666666666666
2020-03-17,,,,63.87586352083333,6.768159140833333,0.79706113125,18.352396666666667,8,8,48,,0.16666666666666666
2020-03-18,,,,64.07212102083334,9.8263538125,0.9553430229166666,18.532723125,11,10,48,,0.22916666666666666
2020-03-19,,,,40.22056191666667,8.382569833333333,0.8937980874999999,17.208354583333335,17,17,48,,0.3541666666666667
2020-03-20,,,,54.90025241666667,8.818100416666667,0.9103686125000001,17.162053333333333,23,29,48,,0.4791666666666667
2020-03-21,,,,41.28878356145833,7.031537395833333,0.7262353666666665,19.672757083333334,7,8,48,,0.14583333333333334
2020-03-22,,,,45.456415916666664,5.847281041666666,0.5268952609756098,24.233996875,10,15,48,,0.20833333333333334
2020-03-23,,,,71.36758675,8.667730729166667,0.24451372613636368,24.595423333333333,10,10,48,,0.20833333333333334
2020-03-24,,,,15.767637395833333,7.761744270833333,-0.10903743076923081,28.307113125,1,1,48,,0.020833333333333332
2020-03-25,,,,113.49701134375,6.5209625625,0.8049300638297872,26.920495208333335,13,14,48,,0.2708333333333333
2020-03-26,,,,161.80171516666667,7.6019722708333335,0.8648065293023256,25.483017916666668,20,22,48,,0.4166666666666667
2020-03-27,,,,12.973028291666667,3.0067826875,-0.47757418095238097,26.997525624999998,1,1,48,,0.020833333333333332
2020-03-28,,,,124.63137739583334,5.978177230208334,0.7266615542857143,29.10074416666667,11,11,48,,0.22916666666666666
2020-03-29,,,,149.65503875,7.566427116479166,0.9190689104166667,26.495187708333333,16,16,48,,0.3333333333333333
2020-03-30,,,,31.193629041666668,8.8996076875,0.11697129999999997,26.510400625,14,15,48,,0.2916666666666667
2020-03-31,,,,119.21043858333333,8.5132068125,0.35813601384615384,30.578911666666666,13,13,48,,0.2708333333333333
2020-04-01,,,,118.84799077083333,10.024933541666668,1.0155415733333333,31.451009374999998,15,15,48,,0.3125
2020-04-02,,,,141.47925943750002,8.033042494583333,0.7946728477272728,28.79777354166667,18,18,48,,0.375
2020-04-03,,,,169.79216865208335,9.413731854166667,0.8161748581395349,30.068034166666667,16,16,48,,0.3333333333333333
2020-04-04,,,,153.1880175,9.277862,0.8816014958333334,28.220242916666667,17,16,48,,0.3541666666666667
2020-04-05,,,,163.6712320625,10.650693041666667,0.9248882208333333,26.558262708333334,14,14,48,,0.2916666666666667
2020-04-06,,,,108.1593304375,11.686343687499999,0.8703366086956523,25.801096458333333,21,22,48,,0.4375
2020-04-07,102.76186885185186,82.25434722222222,4.293183608333333,154.60880054166668,12.120637166666667,0.9683818354166667,25.155550208333334,27,27,48,1.2244412932457165,0.5625
2020-04-08,,,,160.412116875,11.989314833333333,1.1736312916666667,24.024810833333333,23,25,48,,0.4791666666666667
2020-04-09,,,,74.96833483333334,11.182418499999999,1.1343181020833333,22.86090833333333,21,21,48,,0.4375
2020-04-10,80.92899923076924,20.538750724137934,0.5342789166666665,99.71979872916667,11.9935890625,1.175113164347826,22.508334583333333,26,29,48,1.022886429490352,0.5416666666666666
2020-04-11,,,,165.85264520833334,12.399959270833333,1.3857410625,21.780715,21,22,48,,0.4375
2020-04-12,,,,144.52336429166667,11.014768791666667,1.13888996875,20.79261125,22,22,48,,0.4583333333333333
2020-04-13,,,,113.57686274999999,11.617920208333333,0.9278977885714286,22.925010416666666,7,9,48,,0.14583333333333334
2020-04-14,,,,92.3510144625,11.561906479166666,0.7381250151282052,31.088761041666668,15,17,48,,0.3125
2020-04-15,,,,87.92091227708333,12.040103958333333,0.7298071824999999,29.804528333333334,16,13,48,,0.3333333333333333
2020-04-16,,,,143.519000125,12.567769020833333,0.9430201731707317,30.106689166666666,10,9,48,,0.20833333333333334
2020-04-17,,,,76.3513648125,13.4729625,1.0062841749999998,28.10151625,19,20,48,,0.3958333333333333
2020-04-18,,,,121.34550064583334,12.922614270833334,0.9572785854166665,27.093079375000002,13,14,48,,0.2708333333333333
2020-04-19,,,,93.86445366666668,13.503880208333333,0.9978592795652175,26.394029166666666,14,15,48,,0.2916666666666667
2020-04-20,,,,99.59110508333333,11.397581770833334,1.0412018229166669,26.215270625,23,24,48,,0.4791666666666667
2020-04-21,,,,84.17337683333334,9.2937540625,0.9308451128205129,25.904969583333337,8,10,48,,0.16666666666666666
2020-04-22,,,,130.053789031875,12.285053291666665,0.8298377878787878,26.410443541666666,6,5,48,,0.125
2020-04-23,,,,179.23248541458335,12.783824395833333,1.0716850145833334,26.68312979166667,23,25,48,,0.4791666666666667
2020-04-24,108.01411175862069,51.15041172413793,1.4057579166666667,157.99710041666665,12.366727645833334,1.1002334833333334,25.411619375,29,29,48,1.0162862544690547,0.6041666666666666
2020-04-25,78.27525175000001,13.295947600000002,-0.14469956666666672,99.841175,12.385528875,1.1256493083333332,24.289185208333333,24,25,48,0.9157193891531559,0.5
2020-04-26,,,,103.9167141875,13.666124375,1.1338131567567569,24.12531854166667,21,21,48,,0.4375
2020-04-27,,,,124.01535864583333,11.822956541666665,1.0693851774193548,27.5192125,19,18,48,,0.3958333333333333
2020-04-28,72.26856875,8.12619125,-2.9480236895833336,69.0084066875,11.685461729166667,1.0523770645833332,26.306636875,24,24,48,1.122279734136293,0.5
2020-04-29,107.03075914285715,51.82620085714286,3.0499172291666667,177.25650916666666,12.764451625,1.2340080166666667,24.897712291666664,35,35,48,0.9134044103110066,0.7291666666666666
2020-04-30,,,,180.84305868750002,13.803434041666668,1.2060782,23.171638125,16,16,48,,0.3333333333333333
2020-05-01,,,,179.49984068749998,16.0226233125,1.3796250125,21.64362,20,20,48,,0.4166666666666667
2020-05-02,,,,185.22658875000002,17.389659249999998,1.5572801645833332,20.321770416666666,18,18,48,,0.375
2020-05-03,,,,185.59939979166666,18.764998583333334,1.8534937770833335,19.090665208333334,16,16,48,,0.3333333333333333
2020-05-04,,,,149.06500545833333,19.819219166666667,2.040657416666667,17.964481666666668,10,9,48,,0.20833333333333334
2020-05-05,,,,171.88800335416667,17.75635702083333,1.5360296020833333,17.19869458333333,14,14,48,,0.2916666666666667
2020-05-06,105.04179607692308,34.18947961538461,6.5749586041666666,173.68770479166665,18.975683958333335,1.8891460833333333,16.658447291666665,26,26,48,0.839473550942277,0.5416666666666666
2020-05-07,,,,107.16714233333333,17.303876666666667,1.5509602979166668,16.23273125,20,19,48,,0.4166666666666667
2020-05-08,,,,168.56279982499998,16.902022104166665,1.5557294812499998,15.903381458333333,19,20,48,,0.3958333333333333
2020-05-09,,,,110.38235371458335,16.079872708333333,1.0855016451282054,18.558286875,8,12,48,,0.16666666666666666
2020-05-10,,,,149.34727225,13.059558333333333,1.0907841829268292,28.703995208333335,17,17,48,,0.3541666666666667
2020-05-11,,,,140.360713125,13.925262541666667,1.0963639645833332,26.1156075,15,15,48,,0.3125
2020-05-12,,,,45.74073270833333,10.346260395833333,0.5711474518518519,27.687227083333337,6,6,48,,0.125
2020-05-13,,,,161.1262895625,12.230014291666668,1.0233004708333335,29.08627375,17,17,48,,0.3541666666666667
2020-05-14,,,,71.6311888125,10.653236666666666,0.9016463979999999,30.958363541666667,9,9,48,,0.1875
2020-05-15,,,,63.1719658125,9.311232,1.0793055666666667,30.93364,5,7,48,,0.10416666666666667
2020-05-16,,,,108.29924922708334,11.431585770833335,0.9697596681818181,31.14842125,7,7,48,,0.14583333333333334
2020-05-17,,,,130.84244677083333,13.565500125,1.161238625,29.132599374999998,23,25,48,,0.4791666666666667
2020-05-18,,,,219.4214479375,15.849031583333334,1.6598876125,27.067873958333333,21,21,48,,0.4375
2020-05-19,,,,216.84295445833334,16.924461833333336,1.7284981145833331,24.877833541666664,15,15,48,,0.3125
2020-05-20,,,,215.88290270833332,18.6979611875,1.96838510625,22.793847291666665,12,12,48,,0.25
2020-05-21,,,,210.02505770833332,20.796697291666668,2.14591083125,20.870271875,8,8,48,,0.16666666666666666
2020-05-22,,,,208.792765,22.02252291666667,2.3061497687499997,19.1767075,15,15,48,,0.3125
2020-05-23,,,,187.573344375,22.231242708333337,2.3395156041666665,17.742546458333333,20,18,48,,0.4166666666666667
2020-05-24,120.9460672,52.66055384615384,1.0827434999999999,199.0335311875,19.305854791666665,1.9150719583333333,16.78537,25,26,48,0.8776881136756164,0.5208333333333334
2020-05-25,,,,88.28400564583335,16.337356458333335,1.5410922239130433,16.15067875,11,11,48,,0.22916666666666666
2020-05-26,,,,161.84469136041668,17.124910833333335,1.5103833925,18.874704166666668,21,21,48,,0.4375
2020-05-27,,,,208.18986195833335,17.260030041666667,1.7226511770833333,18.886646666666667,20,21,48,,0.4166666666666667
2020-05-28,99.9329488972973,60.54428850000001,1.804793145833333,203.82411787499998,17.456535625,1.77713885,17.226679583333333,37,40,48,0.7961865957523927,0.7708333333333334
2020-05-29,118.1144035483871,76.38727548387097,0.7840158020833338,205.31438083333333,17.8593960625,2.0307047125,15.971759583333332,31,31,48,0.9511544882619165,0.6458333333333334
2020-05-30,62.596003153846155,15.411113461538463,1.003867879166666,200.29363987500003,18.631283541666665,2.092519627906977,15.134888958333333,26,26,48,0.3944757534181352,0.5416666666666666
2020-05-31,,,,169.52376458333333,18.739013958333334,2.1836409375,14.404475416666665,18,18,48,,0.375
2020-06-01,90.14883466666667,97.22920655172415,6.919312333333333,190.16575954583334,20.501568541666668,2.2858912291666664,13.859265833333334,30,29,48,1.0217262772002602,0.625
2020-06-02,84.01978041666666,81.37373913043479,6.359646772916666,168.869571875,21.133445625,2.3515422708333333,13.367184375,24,23,48,1.0170758675645404,0.5
2020-06-03,76.1857834,112.55969520000001,6.810021083333333,194.43151791666665,21.630436250000002,2.3864486875,12.950911458333332,25,25,48,1.0057808619647173,0.5208333333333334
2020-06-04,,,,69.11142469583334,16.72515625,1.475027961,12.658958333333333,10,10,48,,0.20833333333333334
2020-06-05,92.26979750000001,172.8491032,3.9236104937499996,211.46455083333333,17.95153625,1.9722128333333333,13.067159583333334,26,25,48,1.272281855911618,0.5416666666666666
2020-06-06,53.7632930625,71.23451967741936,8.825985697916666,185.66943147916666,22.08384,2.5801811458333335,12.808214583333333,32,31,48,0.720763764781883,0.6666666666666666
2020-06-07,37.22110703703704,73.31697666666666,-0.22604426250000018,160.28309529166668,19.940729791666666,2.1815579375,12.353295416666667,27,27,48,0.6882325253356831,0.5625
2020-06-08,,,,100.11724339583334,16.324325625,1.6717817458333333,12.0902975,15,15,48,,0.3125
2020-06-09,49.05706626923077,177.0953526551724,2.9990133354166666,199.56254679166668,15.79950075,1.7936321124999999,12.022663541666667,26,29,48,1.1482687305000296,0.5416666666666666
2020-06-10,,,,176.75023333333334,16.9988549375,1.9605595708333332,11.71541125,19,20,48,,0.3958333333333333
2020-06-11,,,,199.68468097916664,20.449328333333334,2.3780280416666666,11.392153958333333,22,23,48,,0.4583333333333333
2020-06-12,,,,204.67624097916666,16.536425833333332,1.849091165116279,11.078623958333333,18,18,48,,0.375
2020-06-13,33.73021203571428,180.79230933333335,3.355783854166667,196.75821183333335,17.243659520833333,1.9998757083333334,10.782205208333332,28,30,48,1.1073403401722872,0.5833333333333334
2020-06-14,26.12500775,142.24647911764706,6.808926270833333,189.917045,19.385829791666666,2.3131343749999997,10.455902083333333,32,34,48,0.922404901247702,0.6666666666666666
2020-06-15,29.642359774193547,173.9118829032258,8.672657562500001,197.95486629166666,21.575718124999998,2.708235541666667,10.109565395833334,31,31,48,1.072097413999534,0.6458333333333334
2020-06-16,18.108918857142857,74.15315000000001,2.0911151958333334,111.24359341666667,21.420500208333333,2.528330145833333,9.778891604166667,28,30,48,0.8481673519802002,0.5833333333333334
2020-06-17,22.990895639999998,159.19818032258064,7.142832270833334,172.77778750000002,20.769708958333336,2.416983645833333,9.570595270833334,25,31,48,1.0958116258631565,0.5208333333333334
2020-06-18,,,,139.40371135416666,20.00348895833333,2.102611104166667,9.3431545625,13,20,48,,0.2708333333333333
2020-06-19,,,,155.7302755625,21.214013541666667,2.1139313541666667,9.211039020833333,16,22,48,,0.3333333333333333
2020-06-20,,,,190.63189175,23.599953958333334,2.9131787916666667,9.007726166666666,22,26,48,,0.4583333333333333
2020-06-21,,,,183.60851085416667,26.381075208333332,3.64008425,8.595669854166667,22,28,48,,0.4583333333333333
2020-06-22,,,,193.05154816666666,23.292874166666667,2.7458382916666664,8.238519979166666,14,19,48,,0.2916666666666667
2020-06-23,,,,191.76627277083333,22.653853124999998,2.59763375,8.013023541666668,5,8,48,,0.10416666666666667
2020-06-24,,,,91.145591375,23.420494166666668,2.7861441875,7.858468520833333,16,23,48,,0.3333333333333333
2020-06-25,,,,66.93464265217392,19.314192173913046,2.0964290869565216,7.786593652173913,3,9,48,,0.0625
2020-06-26,,,,,,,,0,0,48,,0.0
2020-06-27,,,,,,,,0,0,48,,0.0
2020-06-28,,,,,,,,0,0,48,,0.0
2020-06-29,,,,,,,,0,0,48,,0.0
2020-06-30,,,,,,,,0,0,48,,0.0
2020-07-01,,,,,,,,0,0,48,,0.0
2020-07-02,,,,,,,,0,0,48,,0.0
2020-07-03,,,,,,,,0,0,48,,0.0
2020-07-04,,,,,,,,0,0,48,,0.0
2020-07-05,,,,,,,,0,0,48,,0.0
2020-07-06,,,,,,,,0,0,48,,0.0
2020-07-07,,,,,,,,0,0,48,,0.0
2020-07-08,,,,,,,,0,0,48,,0.0
2020-07-09,,,,,,,,0,0,48,,0.0
2020-07-10,,,,,,,,0,0,48,,0.0
2020-07-11,,,,,,,,0,0,48,,0.0
2020-07-12,,,,,,,,0,0,48,,0.0
2020-07-13,,,,,,,,0,0,48,,0.0
2020-07-14,,,,,,,,0,0,48,,0.0
2020-07-15,,,,,,,,0,0,48,,0.0
2020-07-16,,,,,,,,0,0,48,,0.0
2020-07-17,,,,,,,,0,0,48,,0.0
2020-07-18,,,,-78.813412,21.98186,2.2140054,5.5547826,1,1,48,,0.020833333333333332
2020-07-19,,,,168.52738579166666,23.571502916666663,2.698166565909091,5.949547208333333,15,23,48,,0.3125
2020-07-20,,,,178.99521252083332,25.738619791666665,3.214163166666667,7.768334374999999,22,27,48,,0.4583333333333333
2020-07-21,20.815853166666667,124.246436875,0.9635610833333336,161.30561970833335,24.81341958333333,6.805241458333333,7.310640500000001,24,32,48,0.9052744187650644,0.5
2020-07-22,,,,155.60747264583333,23.409164166666667,2.787619958333333,6.615326562500001,7,20,48,,0.14583333333333334
2020-07-23,,,,174.5252075,24.87210333333333,3.268801416666667,6.223096583333334,13,18,48,,0.2708333333333333
2020-07-24,,,,143.66912166666665,27.325519375,3.6187223541666667,5.826507708333334,10,19,48,,0.20833333333333334
2020-07-25,,,,166.03126,26.31542416666667,3.4044866249999997,5.638727416666666,23,32,48,,0.4791666666666667
2020-07-26,,,,159.34776841666667,28.319321041666665,4.0981895,5.4233888125,18,25,48,,0.375
2020-07-27,,,,155.317863125,28.003287291666666,4.089163770833333,5.225093791666667,17,21,48,,0.3541666666666667
2020-07-28,,,,156.61688287500002,28.66036354166667,4.190862979166666,5.062543166666667,10,17,48,,0.20833333333333334
2020-07-29,,,,164.51764952083332,26.42774083333333,3.3887023125,5.056676854166667,4,25,48,,0.08333333333333333
2020-07-30,,,,136.3060357916667,26.524287083333334,3.5397279787234046,5.064359270833333,5,22,48,,0.10416666666666667
2020-07-31,,,,153.220063125,29.804988541666663,4.232382977777777,4.9754785,8,19,48,,0.16666666666666666
2020-08-01,,,,144.12989697916666,30.320301875,4.14852815625,4.855739270833333,9,15,48,,0.1875
2020-08-02,,,,137.05846354166667,30.744881875,4.836956,4.648892979166667,14,17,48,,0.2916666666666667
2020-08-03,,,,136.28522895833333,25.027441874999997,3.100428659090909,4.702750541666666,6,22,48,,0.125
2020-08-04,,,,140.72395958333334,24.818493750000002,2.841081,4.850597708333333,17,26,48,,0.3541666666666667
2020-08-05,,,,156.13758310416668,25.2384725,2.963469895833333,4.9063173749999995,4,14,48,,0.08333333333333333
2020-08-06,,,,161.5484661875,24.957968958333336,3.1017841458333333,4.903698645833333,14,27,48,,0.2916666666666667
2020-08-07,,,,145.68913999999998,26.438842708333336,3.690916958333333,4.7996419375,15,27,48,,0.3125
2020-08-08,,,,120.91148454166667,28.587712291666666,4.205686826086956,4.663047041666666,15,21,48,,0.3125
2020-08-09,,,,135.20387360416666,29.237774791666666,4.193659302325582,4.5716710208333335,18,23,48,,0.375
2020-08-10,,,,93.05676197916667,25.212491458333332,3.4159257500000004,4.589575729166667,17,25,48,,0.3541666666666667
2020-08-11,,,,110.29859379166668,23.431407500000002,3.118672956521739,4.800190583333333,8,21,48,,0.16666666666666666
2020-08-12,,,,176.18981914583333,21.807241041666668,2.5760074808510636,6.459657208333333,22,22,48,,0.4583333333333333
2020-08-13,,,,155.38299118749998,23.41601375,3.0016410625,6.799269333333334,15,16,48,,0.3125
2020-08-14,,,,154.498753375,24.29889354166667,3.1404285208333333,6.220742916666667,14,23,48,,0.2916666666666667
2020-08-15,,,,145.6474545,24.026807708333333,2.75521209375,5.757713645833333,7,11,48,,0.14583333333333334
2020-08-16,,,,145.87685854166668,22.894977916666665,6.047018153846154,5.3744099375,10,11,48,,0.20833333333333334
2020-08-17,,,,144.01029083333333,23.824460416666668,913.4380905909093,5.149782854166667,11,13,48,,0.22916666666666666
2020-08-18,,,,117.47834625,23.791515208333333,3.1107046041666666,5.061620125,20,24,48,,0.4166666666666667
2020-08-19,,,,141.92001729166665,25.637398958333335,3.5431123191489364,4.99473375,21,32,48,,0.4375
2020-08-20,,,,133.67499395833332,26.328989583333335,3.783963829787234,4.868211416666667,15,28,48,,0.3125
2020-08-21,,,,133.165581575,26.400196041666664,2.6317346315789476,4.820938020833333,2,4,48,,0.041666666666666664
2020-08-22,,,,140.282829375,26.311965625,3.6959158000000003,4.691466020833333,13,16,48,,0.2708333333333333
2020-08-23,,,,132.4838468125,24.507582916666667,2.7649036041666664,4.87238225,9,24,48,,0.1875
2020-08-24,,,,145.16136550000002,24.44539479166667,2.801523125,4.998793875,8,25,48,,0.16666666666666666
2020-08-25,,,,134.567810625,26.068786875,3.336225375,4.997500666666666,7,17,48,,0.14583333333333334
2020-08-26,11.135058824,118.17204517241379,9.263343937499998,130.27448716666666,27.535803958333332,3.8603365625,4.844660270833333,25,29,48,1.063680625022409,0.5208333333333334
2020-08-27,,,,118.40373312500002,28.162640208333332,3.997888866666666,4.719259125,14,19,48,,0.2916666666666667
2020-08-28,,,,108.66452404375,27.058723541666666,3.8394931914893617,4.645547666666666,21,30,48,,0.4375
2020-08-29,,,,118.345413125,20.610035208333333,2.9239949166666666,4.653381270833333,2,12,48,,0.041666666666666664
2020-08-30,,,,128.17982520833334,16.653244145833334,8.246055,4.6871189583333335,0,0,48,,0.0
2020-08-31,,,,124.40304247916667,17.867407166666666,2.2941210294117647,4.7098781875,5,13,48,,0.10416666666666667
2020-09-01,,,,61.175924875,19.326532708333335,2.2471317234042556,4.881098479166667,9,19,48,,0.1875
2020-09-02,,,,94.6786418125,19.853277708333334,2.2814541458333335,4.9700414375,14,26,48,,0.2916666666666667
2020-09-03,,,,123.00504145833334,21.08706375,2.5130466250000003,5.0216893958333335,14,28,48,,0.2916666666666667
2020-09-04,,,,129.33189914583332,20.331757291666666,2.3930847291666666,5.016675333333334,14,32,48,,0.2916666666666667
2020-09-05,,,,125.07050333333332,21.444680416666667,2.58417355319149,5.029257354166667,21,33,48,,0.4375
2020-09-06,,,,130.5099891875,20.78038104166667,2.7491867095238094,5.0293228333333335,10,23,48,,0.20833333333333334
2020-09-07,,,,111.55282666666666,19.766381041666666,2.62120735483871,5.059907583333334,10,18,48,,0.20833333333333334
2020-09-08,,,,123.95884739583333,17.550321041666667,2.359059851851852,5.029851979166667,7,20,48,,0.14583333333333334
2020-09-09,,,,122.02277375,18.486377229166667,2.5060880333333335,5.013437458333333,6,8,48,,0.125
2020-09-10,,,,117.957278125,20.031744375,2.8633478275862068,5.021149895833333,9,16,48,,0.1875
2020-09-11,,,,103.77477708333333,22.54769041666667,3.0576468846153846,5.017048458333334,13,14,48,,0.2708333333333333
2020-09-12,,,,113.81937587499999,22.3158825,2.998854794871795,4.9154900625,14,28,48,,0.2916666666666667
2020-09-13,,,,93.37005814583334,21.81261041666667,2.859660729166667,4.940320604166667,11,35,48,,0.22916666666666666
2020-09-14,,,,91.15238895833333,21.354073958333334,2.7468543541666666,4.9978223125,12,32,48,,0.25
2020-09-15,,,,97.47703558333335,22.365872083333333,3.162574225,5.030379395833333,9,23,48,,0.1875
2020-09-16,,,,91.39857395833333,22.813861250000002,3.8986367096774197,4.989898041666667,8,15,48,,0.16666666666666666
2020-09-17,,,,101.3634819,20.793493958333332,2.4787138275,5.507644375000001,18,26,48,,0.375
2020-09-18,,,,64.26017593750001,17.699453958333333,1.3625586404761905,8.8469020625,13,14,48,,0.2708333333333333
2020-09-19,,,,98.87909604166667,17.351650208333332,1.6947455625,9.5388140625,22,24,48,,0.4583333333333333
2020-09-20,,,,50.11657056666667,17.28737375,1.6606910833333335,9.505992270833334,23,26,48,,0.4791666666666667
2020-09-21,,,,107.86252125,17.738573125,1.8296209791666667,9.365666625000001,14,20,48,,0.2916666666666667
2020-09-22,,,,104.91976514583332,18.951648958333333,2.1601404583333332,9.055427354166666,19,21,48,,0.3958333333333333
2020-09-23,,,,98.4716326875,20.487953125,2.235445125,8.68043275,22,24,48,,0.4583333333333333
2020-09-24,,,,32.33554208333333,19.16631875,1.8835782083333332,8.3028291875,10,11,48,,0.20833333333333334
2020-09-25,,,,91.289805,15.758167708333334,1.583542564102564,8.101386395833334,6,10,48,,0.125
2020-09-26,9.88781011111111,84.08898029411765,-5.603666729166666,92.55913375,13.600491666666665,1.6806930416666668,7.765349895833334,27,34,48,0.9547747488082136,0.5625
2020-09-27,,,,97.6936625,16.033456041666668,1.8298711621621622,7.499339875,17,25,48,,0.3541666666666667
2020-09-28,,,,93.24058541666666,14.656695791666666,1.8480003888888887,7.218125041666667,11,11,48,,0.22916666666666666
2020-09-29,,,,87.28713166666667,17.088514520833332,1.9773515813953488,6.994387333333333,11,24,48,,0.22916666666666666
2020-09-30,,,,54.22712420833333,18.19181370833333,2.040618739583333,6.962948229166667,18,22,48,,0.375
2020-10-01,,,,76.24335466666666,19.852998333333336,2.368726625,6.808925291666667,18,25,48,,0.375
2020-10-02,,,,37.15186079166667,13.968166312500001,1.0889948695652174,10.3221520625,7,9,48,,0.14583333333333334
2020-10-03,,,,84.44116541666666,10.370119770833334,1.2286423645833333,18.343018125,21,20,48,,0.4375
2020-10-04,,,,61.271752916666664,12.477797041666667,1.331385125,17.911704166666667,20,24,48,,0.4166666666666667
2020-10-05,18.529987603333332,70.17051035714286,-8.856795270833333,76.03108964583333,12.57657925,1.3760686874999999,17.349313541666668,30,28,48,1.050145447889401,0.625
2020-10-06,,,,95.29525749999999,14.493734229166668,1.59580618125,16.77921125,16,16,48,,0.3333333333333333
2020-10-07,,,,84.39782408333333,16.6009980625,1.7119494083333333,16.294200416666666,14,16,48,,0.2916666666666667
2020-10-08,,,,76.65099908333333,17.65274833333333,1.7065520416666669,15.807614375,22,26,48,,0.4583333333333333
2020-10-09,,,,73.24066541666666,18.76836104166667,1.8103120270833333,15.471652291666667,16,22,48,,0.3333333333333333
2020-10-10,,,,80.18981395833333,17.187459854166665,1.4984026479166666,15.090136874999999,11,19,48,,0.22916666666666666
2020-10-11,,,,90.95597339583333,14.505150958333333,1.40885286875,14.800881875,10,17,48,,0.20833333333333334
2020-10-12,15.276373612903226,86.60678966666666,-12.750263375000001,68.86010935416667,10.862279979166667,1.3909250866666667,14.360098541666666,31,30,48,1.2944054364789725,0.6458333333333334
2020-10-13,11.79544004,63.238914074074074,-4.438206020833333,63.76817181249999,14.018672979166666,1.6279989104166668,14.035393541666666,25,27,48,1.1070749887705313,0.5208333333333334
2020-10-14,,,,73.43681314583334,13.8561211875,1.5878004523809524,13.746896041666666,20,22,48,,0.4166666666666667
2020-10-15,,,,67.50634795833334,10.408347833333334,1.4929426666666665,13.438457708333333,18,18,48,,0.375
2020-10-16,,,,69.64222691666667,8.340684714583334,1.020269311764706,13.031651875,5,4,48,,0.10416666666666667
2020-10-17,,,,66.0881854375,9.311060289583333,1.9358285857142856,12.660825,12,12,48,,0.25
2020-10-18,,,,63.36565789583333,11.526794354166666,1.8540632625,12.52328,14,19,48,,0.2916666666666667
2020-10-19,,,,56.985299375000004,12.987629145833333,1.3541392520833333,12.701761249999999,6,6,48,,0.125
2020-10-20,,,,26.219834702083332,15.085558958333332,1.4520291041666666,12.609485,7,8,48,,0.14583333333333334
2020-10-21,,,,42.7088319375,16.919677916666668,1.6624456729166668,12.507286875,16,22,48,,0.3333333333333333
2020-10-22,,,,23.970036775,13.871046875,0.8625558625,13.324750416666667,4,8,48,,0.08333333333333333
2020-10-23,,,,87.04994088541667,12.424433666666665,1.2108192229166668,15.708873958333333,21,25,48,,0.4375
2020-10-24,,,,59.3290615,10.927072875,1.7064313148936172,15.759687708333333,15,18,48,,0.3125
2020-10-25,,,,60.4654425,11.920195666666666,1.3042097652173914,15.699145416666667,16,19,48,,0.3333333333333333
2020-10-26,,,,62.908917270833335,9.510544791666666,1.0404683731707318,17.389701666666667,13,15,48,,0.2708333333333333
2020-10-27,16.7423269,41.73096984615385,-8.812830125,54.3605225,9.534902729166667,1.1660904916666666,17.061484375000003,34,39,48,0.9135391702895028,0.7083333333333334
2020-10-28,,,,57.059233437500005,9.8632258125,1.0175798708333335,17.039909375,17,22,48,,0.3541666666666667
2020-10-29,,,,62.6994811875,12.119567375,1.1797560212765956,16.952125625,11,12,48,,0.22916666666666666
2020-10-30,,,,57.27772375,13.432374791666668,1.3935750166666667,16.818780416666666,11,11,48,,0.22916666666666666
2020-10-31,,,,46.9838675,13.659407395833334,1.4443777083333331,16.747213958333333,11,14,48,,0.22916666666666666
2020-11-01,,,,54.61403395833333,13.2338383125,1.4293331770833333,16.404207708333335,10,13,48,,0.20833333333333334
2020-11-02,,,,51.52737645833333,13.278631500000001,1.4710634375,16.055546875,8,9,48,,0.16666666666666666
2020-11-03,,,,53.5015510625,13.187026916666667,1.3798691812500001,15.793583333333332,9,11,48,,0.1875
2020-11-04,,,,16.03256475,10.8951119375,0.4713478137837838,19.899187708333333,3,2,48,,0.0625
2020-11-05,,,,6.3840025625,12.116047083333333,0.4568439940909091,27.01035895833333,4,5,48,,0.08333333333333333
2020-11-06,,,,43.38562452083334,14.655709791666666,1.0751458041666666,26.56731458333333,9,10,48,,0.1875
2020-11-07,,,,35.541900641666665,12.4567554375,0.946509794736842,27.716409791666667,11,12,48,,0.22916666666666666
2020-11-08,,,,41.65629997916667,10.333608145833333,0.9931458125000001,25.72067854166667,14,16,48,,0.2916666666666667
2020-11-09,,,,48.45828358333333,11.232788833333332,0.9839029208333333,24.934454583333334,9,12,48,,0.1875
2020-11-10,,,,50.18221215,9.762196458333333,0.9539049978723405,24.698556874999998,9,11,48,,0.1875
2020-11-11,,,,43.75514475,10.754121541666668,0.9517515520833333,24.083180833333333,18,19,48,,0.375
2020-11-12,,,,52.59648510416667,10.869086416666667,1.0479628106382979,23.72140770833333,16,25,48,,0.3333333333333333
2020-11-13,,,,53.3414004375,12.395111,1.0525830541666665,23.285259791666665,12,14,48,,0.25
2020-11-14,,,,22.307749583333333,13.010488541666668,0.7958875329777778,23.019445,9,10,48,,0.1875
2020-11-15,,,,46.49402735416666,13.674345791666667,1.1032790666666665,22.80692,19,20,48,,0.3958333333333333
2020-11-16,,,,6.708032041666666,13.9182339375,1.0610166479166667,22.54203520833333,12,14,48,,0.25
2020-11-17,,,,46.83869625,11.138741770833333,0.99044045,22.148010208333332,14,14,48,,0.2916666666666667
2020-11-18,,,,46.428434687499994,10.9745239375,1.0912527020833331,21.495884166666666,9,11,48,,0.1875
2020-11-19,,,,38.583031041666665,10.40375325,1.0173231108695653,21.095880416666667,11,11,48,,0.22916666666666666
2020-11-20,,,,36.781841875,8.782461854166668,1.1139575127659573,20.763931875,10,14,48,,0.20833333333333334
2020-11-21,,,,33.04660313958333,7.8987949791666665,0.9346217375,19.87304479166667,17,20,48,,0.3541666666666667
2020-11-22,,,,31.76159529166667,6.229064489833333,1.0480268957446808,19.608995833333335,14,17,48,,0.2916666666666667
2020-11-23,,,,31.55993689583333,6.1985194479166665,1.0400457175,19.136539791666667,18,22,48,,0.375
2020-11-24,,,,21.3012425,7.846871958333334,0.9676569913043478,19.276067916666666,16,23,48,,0.3333333333333333
2020-11-25,,,,30.435459702083335,8.1677215,0.9534081416666668,19.187566666666665,22,22,48,,0.4583333333333333
2020-11-26,,,,17.906081041666667,10.964330520833334,1.0274990645833333,19.651731458333334,9,15,48,,0.1875
2020-11-27,,,,3.0536549125000003,8.919691520833334,0.6227966703703703,24.138281666666668,3,3,48,,0.0625
2020-11-28,,,,17.12224766875,6.752416833333334,0.7266365312499999,24.935740208333332,16,15,48,,0.3333333333333333
2020-11-29,,,,42.887189825,5.5956887689583334,0.7943642782608696,23.740167083333333,6,9,48,,0.125
2020-11-30,,,,28.191635458333334,9.1140045,0.8067513152173914,23.684328958333335,11,13,48,,0.22916666666666666
2020-12-01,,,,38.32714223958333,6.952518729166667,0.8435578347826087,22.820337291666664,11,13,48,,0.22916666666666666
2020-12-02,,,,9.4778928125,6.27440975,0.9117933949999999,21.778796458333332,17,22,48,,0.3541666666666667
2020-12-03,,,,16.911564895833333,3.4988014854166667,1.0598532583333333,21.082106041666666,8,7,48,,0.16666666666666666
2020-12-04,,,,11.521033875,5.714464534583333,0.7957045023809524,20.95722125,2,2,48,,0.041666666666666664
2020-12-05,,,,13.875493770833332,2.1177857825,0.6976538279069768,21.11211666666667,5,4,48,,0.10416666666666667
2020-12-06,,,,17.524310625000002,3.489352029166667,0.7687867770833333,21.023294791666668,10,11,48,,0.20833333333333334
2020-12-07,,,,16.705525520833334,7.647183500000001,0.8775985510638298,20.873552291666666,2,3,48,,0.041666666666666664
2020-12-08,,,,22.554823879166666,5.878704435416666,0.7594504288571429,22.819801041666665,8,7,48,,0.16666666666666666
2020-12-09,,,,7.491240229166664,4.1075471875,0.7730851916666667,22.849248125,12,15,48,,0.25
2020-12-10,,,,10.905313083333333,9.362382208333333,0.8686628916666667,22.66190895833333,1,3,48,,0.020833333333333332
2020-12-11,,,,23.979152770833334,13.484569375,0.9648652382608697,24.149952291666665,4,6,48,,0.08333333333333333
2020-12-12,,,,13.774523125,11.635673020833332,1.0316900541666667,23.98450875,7,8,48,,0.14583333333333334
2020-12-13,,,,13.115415208333332,7.987023416666666,0.76968769375,22.42752833333333,15,18,48,,0.3125
2020-12-14,,,,11.184822685416668,9.522793479166667,0.9127752083333333,22.373936458333333,8,12,48,,0.16666666666666666
2020-12-15,,,,40.62834118958334,8.23760875,0.8161059093023256,22.080251041666667,8,9,48,,0.16666666666666666
2020-12-16,,,,20.089380000000002,5.667306043541667,0.8096745191489362,21.42490041666667,9,9,48,,0.1875
2020-12-17,,,,32.955086378333334,5.009776633333334,0.8810580488888891,21.279075,7,8,48,,0.14583333333333334
2020-12-18,,,,20.3091271875,6.54303042375,0.8825329108695653,21.03899625,10,13,48,,0.20833333333333334
2020-12-19,,,,24.233653739583332,7.290177064583333,0.9989441452380952,20.76281875,11,14,48,,0.22916666666666666
2020-12-20,,,,39.08450301152083,7.699952895833333,0.71696172940625,22.103182083333333,9,12,48,,0.1875
2020-12-21,,,,22.015720708333333,5.706373745833333,1.2017946333333334,21.709823333333333,11,13,48,,0.22916666666666666
2020-12-22,,,,41.470752770833336,7.7831745833333335,0.7905655552173914,22.180699583333332,6,12,48,,0.125
2020-12-23,,,,27.328918354166664,8.336608958333334,0.860081489361702,21.909683541666666,11,14,48,,0.22916666666666666
2020-12-24,,,,30.061289791666667,8.585431208333334,0.8515119625,21.792303750000002,10,13,48,,0.20833333333333334
2020-12-25,,,,21.235914145833334,5.006931310416666,1.1034965966666668,20.98330916666667,11,16,48,,0.22916666666666666
2020-12-26,,,,3.0091525208333323,1.0363105708333333,66.98335233333333,20.093428125,2,3,48,,0.041666666666666664
2020-12-27,,,,10.162017729166665,3.920541649375,1.2285270000000001,19.80082416666667,1,1,48,,0.020833333333333332
2020-12-28,,,,-2.2677209583333333,5.554944833333334,0.6959773860465117,20.52599125,7,8,48,,0.14583333333333334
2020-12-29,,,,-5.492874125000001,3.3632046041666666,0.6458814823529412,20.993864791666667,2,4,48,,0.041666666666666664
2020-12-30,,,,19.677592708333332,1.8958874558333332,0.7416611022222223,21.880989375,23,27,48,,0.4791666666666667
2020-12-31,,,,20.809328750000002,3.0163123202083333,0.8188886475,21.261824375,21,25,48,,0.4375
